# .PCD v0.7 - Point Cloud Data file format
VERSION 0.7
FIELDS x y z
SIZE 4 4 4
TYPE F F F
COUNT 1 1 1
WIDTH 19200
HEIGHT 1
VIEWPOINT 0 0 0 1 0 0 0
POINTS 19200
DATA ascii
-0 -0 0
-0 -0 0
-0 -0 0
-0 -0 0
-0 -0 0
-0 -0 0
-0 -0 0
-0 -0 0
-0 -0 0
-0 -0 0
-0 -0 0
-0 -0 0
-0 -0 0
-0 -0 0
-0 -0 0
-0 -0 0
-0 -0 0
-0 -0 0
-0 -0 0
-0 -0 0
-0 -0 0
-0 -0 0
-0 -0 0
-0 -0 0
-0 -0 0
-0 -0 0
-0 -0 0
-0 -0 0
-0 -0 0
-0 -0 0
-0 -0 0
-0 -0 0
-0 -0 0
-0 -0 0
-0 -0 0
-0 -0 0
-0 -0 0
-0 -0 0
-0 -0 0
-0 -0 0
-0 -0 0
-0 -0 0
-0 -0 0
-0 -0 0
-0 -0 0
-0 -0 0
-0 -0 0
-0 -0 0
-0 -0 0
-0 -0 0
-0 -0 0
-0 -0 0
-0 -0 0
-0 -0 0
-0 -0 0
-0 -0 0
-0 -0 0
-0 -0 0
-0 -0 0
-0 -0 0
-0 -0 0
-0 -0 0
-0 -0 0
-0 -0 0
-0 -0 0
-0.042849112 -0.16711436 0.31500003
-0.040348068 -0.1681754 0.317
-0.037782401 -0.16910382 0.31875002
-0 -0 0
-0.03218032 -0.16897118 0.31850001
-0 -0 0
-0 -0 0
-0.023690768 -0.16804278 0.31675002
-0.020936364 -0.1681754 0.317
-0.018292183 -0.16936907 0.31925002
-0 -0 0
-0 -0 0
-0 -0 0
-0 -0 0
-0 -0 0
-0 -0 0
0 -0 0
0 -0 0
0 -0 0
0 -0 0
0 -0 0
0 -0 0
0 -0 0
0 -0 0
0 -0 0
0 -0 0
0 -0 0
0 -0 0
0 -0 0
0 -0 0
0 -0 0
0 -0 0
0 -0 0
0 -0 0
0 -0 0
0 -0 0
0 -0 0
0 -0 0
0 -0 0
0 -0 0
0 -0 0
0 -0 0
0 -0 0
0 -0 0
0 -0 0
0 -0 0
0 -0 0
0 -0 0
0 -0 0
0 -0 0
0 -0 0
0 -0 0
0 -0 0
0 -0 0
0 -0 0
0 -0 0
0 -0 0
0 -0 0
0 -0 0
0 -0 0
0 -0 0
0 -0 0
0 -0 0
0 -0 0
0 -0 0
0 -0 0
0 -0 0
0 -0 0
0.17447074 -0.20173089 0.38025001
0 -0 0
0 -0 0
0 -0 0
0 -0 0
0 -0 0
0 -0 0
0 -0 0
0 -0 0
0 -0 0
0 -0 0
0 -0 0
0 -0 0
0 -0 0
0 -0 0
0 -0 0
0 -0 0
0 -0 0
0 -0 0
0 -0 0
0 -0 0
0 -0 0
0 -0 0
0 -0 0
0 -0 0
0 -0 0
0 -0 0
-0 -0 0
-0 -0 0
-0 -0 0
-0 -0 0
-0 -0 0
-0 -0 0
-0 -0 0
-0 -0 0
-0 -0 0
-0 -0 0
-0 -0 0
-0 -0 0
-0 -0 0
-0 -0 0
-0 -0 0
-0 -0 0
-0 -0 0
-0 -0 0
-0 -0 0
-0 -0 0
-0 -0 0
-0 -0 0
-0 -0 0
-0 -0 0
-0 -0 0
-0 -0 0
-0 -0 0
-0 -0 0
-0 -0 0
-0 -0 0
-0 -0 0
-0 -0 0
-0 -0 0
-0 -0 0
-0 -0 0
-0 -0 0
-0 -0 0
-0 -0 0
-0 -0 0
-0 -0 0
-0 -0 0
-0 -0 0
-0 -0 0
-0 -0 0
-0 -0 0
-0 -0 0
-0 -0 0
-0 -0 0
-0 -0 0
-0 -0 0
-0 -0 0
-0 -0 0
-0 -0 0
-0 -0 0
-0 -0 0
-0 -0 0
-0 -0 0
-0 -0 0
-0 -0 0
-0 -0 0
-0 -0 0
-0 -0 0
-0 -0 0
-0 -0 0
-0 -0 0
-0.043903332 -0.16840465 0.32275
-0.040952653 -0.16788287 0.32175002
-0.037930567 -0.16696978 0.32000002
-0.035295896 -0.16775243 0.3215
-0.032559209 -0.16814376 0.32225001
-0.02962482 -0.16749154 0.32100001
-0.026900273 -0.16801333 0.32200003
-0 -0 0
-0 -0 0
-0 -0 0
-0 -0 0
-0 -0 0
-0 -0 0
-0 -0 0
-0 -0 0
-0 -0 0
0 -0 0
0 -0 0
0 -0 0
0 -0 0
0 -0 0
0 -0 0
0 -0 0
0 -0 0
0 -0 0
0 -0 0
0 -0 0
0 -0 0
0 -0 0
0 -0 0
0 -0 0
0 -0 0
0 -0 0
0 -0 0
0 -0 0
0 -0 0
0 -0 0
0 -0 0
0 -0 0
0 -0 0
0 -0 0
0 -0 0
0 -0 0
0 -0 0
0 -0 0
0 -0 0
0 -0 0
0 -0 0
0 -0 0
0 -0 0
0 -0 0
0 -0 0
0 -0 0
0 -0 0
0 -0 0
0 -0 0
0 -0 0
0 -0 0
0 -0 0
0 -0 0
0 -0 0
0 -0 0
0 -0 0
0 -0 0
0 -0 0
0 -0 0
0 -0 0
0 -0 0
0 -0 0
0 -0 0
0 -0 0
0 -0 0
0 -0 0
0 -0 0
0 -0 0
0 -0 0
0 -0 0
0 -0 0
0 -0 0
0 -0 0
0 -0 0
0 -0 0
0 -0 0
0 -0 0
0 -0 0
0 -0 0
0 -0 0
0 -0 0
0 -0 0
0 -0 0
0 -0 0
0 -0 0
0 -0 0
0 -0 0
0 -0 0
-0 -0 0
-0 -0 0
-0 -0 0
-0 -0 0
-0 -0 0
-0 -0 0
-0 -0 0
-0 -0 0
-0 -0 0
-0 -0 0
-0 -0 0
-0 -0 0
-0 -0 0
-0 -0 0
-0 -0 0
-0 -0 0
-0 -0 0
-0 -0 0
-0 -0 0
-0 -0 0
-0 -0 0
-0 -0 0
-0 -0 0
-0 -0 0
-0 -0 0
-0 -0 0
-0 -0 0
-0 -0 0
-0 -0 0
-0 -0 0
-0 -0 0
-0 -0 0
-0 -0 0
-0 -0 0
-0 -0 0
-0 -0 0
-0 -0 0
-0 -0 0
-0 -0 0
-0 -0 0
-0 -0 0
-0 -0 0
-0 -0 0
-0 -0 0
-0 -0 0
-0 -0 0
-0 -0 0
-0 -0 0
-0 -0 0
-0 -0 0
-0 -0 0
-0 -0 0
-0 -0 0
-0 -0 0
-0 -0 0
-0 -0 0
-0 -0 0
-0 -0 0
-0 -0 0
-0 -0 0
-0 -0 0
-0 -0 0
-0 -0 0
-0 -0 0
-0.047667783 -0.16891819 0.32925001
-0.04383532 -0.16532692 0.32225001
-0.041016292 -0.16532692 0.32225001
-0.03834543 -0.16596821 0.32350001
-0 -0 0
-0 -0 0
-0.029740181 -0.16532692 0.32225001
-0.026900273 -0.16519867 0.32200003
-0.02412083 -0.16545518 0.32250002
-0.021398682 -0.16622473 0.324
-0.018592995 -0.16648126 0.32450002
-0 -0 0
-0 -0 0
-0 -0 0
-0 -0 0
-0 -0 0
-0 -0 0
0 -0 0
0 -0 0
0 -0 0
0 -0 0
0 -0 0
0 -0 0
0 -0 0
0 -0 0
0 -0 0
0 -0 0
0 -0 0
0 -0 0
0 -0 0
0 -0 0
0 -0 0
0 -0 0
0 -0 0
0 -0 0
0 -0 0
0 -0 0
0 -0 0
0 -0 0
0 -0 0
0 -0 0
0 -0 0
0 -0 0
0 -0 0
0 -0 0
0 -0 0
0 -0 0
0 -0 0
0 -0 0
0 -0 0
0 -0 0
0 -0 0
0 -0 0
0 -0 0
0 -0 0
0 -0 0
0 -0 0
0 -0 0
0 -0 0
0 -0 0
0 -0 0
0 -0 0
0 -0 0
0 -0 0
0 -0 0
0 -0 0
0 -0 0
0 -0 0
0 -0 0
0 -0 0
0 -0 0
0 -0 0
0 -0 0
0 -0 0
0 -0 0
0 -0 0
0 -0 0
0 -0 0
0 -0 0
0 -0 0
0 -0 0
0 -0 0
0 -0 0
0 -0 0
0 -0 0
0 -0 0
0 -0 0
0 -0 0
0 -0 0
0 -0 0
0 -0 0
0 -0 0
0 -0 0
0 -0 0
0 -0 0
0 -0 0
-0 -0 0
-0 -0 0
-0 -0 0
-0 -0 0
-0 -0 0
-0 -0 0
-0 -0 0
-0 -0 0
-0 -0 0
-0 -0 0
-0 -0 0
-0 -0 0
-0 -0 0
-0 -0 0
-0 -0 0
-0 -0 0
-0 -0 0
-0 -0 0
-0 -0 0
-0 -0 0
-0 -0 0
-0 -0 0
-0 -0 0
-0 -0 0
-0 -0 0
-0 -0 0
-0 -0 0
-0 -0 0
-0 -0 0
-0 -0 0
-0 -0 0
-0 -0 0
-0 -0 0
-0 -0 0
-0 -0 0
-0 -0 0
-0 -0 0
-0 -0 0
-0 -0 0
-0 -0 0
-0 -0 0
-0 -0 0
-0 -0 0
-0 -0 0
-0 -0 0
-0 -0 0
-0 -0 0
-0 -0 0
-0 -0 0
-0 -0 0
-0 -0 0
-0 -0 0
-0 -0 0
-0.083628491 -0.17499141 0.347
-0.080592953 -0.17499141 0.347
-0.077445664 -0.17473927 0.34650001
-0.074682951 -0.17536965 0.34775001
-0.071846865 -0.17587395 0.34875003
-0 -0 0
-0 -0 0
-0 -0 0
-0 -0 0
-0 -0 0
-0 -0 0
-0 -0 0
-0 -0 0
-0 -0 0
-0 -0 0
-0 -0 0
-0 -0 0
-0.029947834 -0.16364472 0.32450002
-0.027359748 -0.16515762 0.32750002
-0.024569588 -0.1656619 0.3285
-0.021695886 -0.1656619 0.3285
-0 -0 0
-0 -0 0
-0 -0 0
-0 -0 0
-0 -0 0
-0 -0 0
-0 -0 0
0 -0 0
0 -0 0
0 -0 0
0 -0 0
0 -0 0
0 -0 0
0 -0 0
0 -0 0
0 -0 0
0 -0 0
0 -0 0
0 -0 0
0 -0 0
0 -0 0
0 -0 0
0 -0 0
0 -0 0
0 -0 0
0 -0 0
0 -0 0
0 -0 0
0 -0 0
0 -0 0
0 -0 0
0 -0 0
0 -0 0
0 -0 0
0 -0 0
0 -0 0
0 -0 0
0 -0 0
0 -0 0
0 -0 0
0 -0 0
0 -0 0
0 -0 0
0 -0 0
0 -0 0
0 -0 0
0 -0 0
0 -0 0
0 -0 0
0 -0 0
0 -0 0
0 -0 0
0 -0 0
0 -0 0
0 -0 0
0 -0 0
0 -0 0
0 -0 0
0 -0 0
0 -0 0
0 -0 0
0 -0 0
0 -0 0
0 -0 0
0 -0 0
0 -0 0
0 -0 0
0 -0 0
0 -0 0
0 -0 0
0 -0 0
0 -0 0
0 -0 0
0 -0 0
0 -0 0
0 -0 0
0 -0 0
0 -0 0
0 -0 0
0 -0 0
0 -0 0
0 -0 0
0 -0 0
0 -0 0
0 -0 0
0 -0 0
-0 -0 0
-0 -0 0
-0 -0 0
-0 -0 0
-0 -0 0
-0 -0 0
-0 -0 0
-0 -0 0
-0 -0 0
-0 -0 0
-0 -0 0
-0 -0 0
-0 -0 0
-0 -0 0
-0 -0 0
-0 -0 0
-0 -0 0
-0 -0 0
-0 -0 0
-0 -0 0
-0 -0 0
-0 -0 0
-0 -0 0
-0 -0 0
-0 -0 0
-0 -0 0
-0 -0 0
-0 -0 0
-0 -0 0
-0 -0 0
-0 -0 0
-0 -0 0
-0 -0 0
-0 -0 0
-0 -0 0
-0 -0 0
-0 -0 0
-0 -0 0
-0 -0 0
-0 -0 0
-0 -0 0
-0 -0 0
-0 -0 0
-0 -0 0
-0 -0 0
-0 -0 0
-0 -0 0
-0 -0 0
-0 -0 0
-0.094045676 -0.168861 0.34075001
-0.092200622 -0.17096712 0.34500003
-0.089441076 -0.17146267 0.34600002
-0.086351842 -0.17133878 0.34575
-0.083628491 -0.17195822 0.347
-0.080651022 -0.17208211 0.34725001
-0.077669173 -0.17220601 0.34750003
-0.074897714 -0.17282546 0.34875003
-0.07210438 -0.1734449 0.35000002
-0 -0 0
-0 -0 0
-0 -0 0
-0 -0 0
-0 -0 0
-0 -0 0
-0 -0 0
-0 -0 0
-0 -0 0
-0 -0 0
-0 -0 0
-0 -0 0
-0.030293917 -0.16266654 0.32825002
-0.02744329 -0.16279042 0.3285
-0.024606986 -0.16303821 0.32900003
-0.021811467 -0.16365765 0.33025002
-0 -0 0
-0 -0 0
-0 -0 0
-0 -0 0
-0 -0 0
-0 -0 0
-0 -0 0
0 -0 0
0 -0 0
0 -0 0
0 -0 0
0 -0 0
0 -0 0
0 -0 0
0 -0 0
0 -0 0
0 -0 0
0 -0 0
0 -0 0
0 -0 0
0 -0 0
0 -0 0
0 -0 0
0 -0 0
0 -0 0
0 -0 0
0 -0 0
0 -0 0
0 -0 0
0 -0 0
0 -0 0
0 -0 0
0 -0 0
0 -0 0
0 -0 0
0 -0 0
0 -0 0
0 -0 0
0 -0 0
0 -0 0
0 -0 0
0 -0 0
0 -0 0
0 -0 0
0 -0 0
0 -0 0
0 -0 0
0 -0 0
0 -0 0
0 -0 0
0 -0 0
0 -0 0
0 -0 0
0 -0 0
0 -0 0
0 -0 0
0 -0 0
0 -0 0
0 -0 0
0 -0 0
0 -0 0
0 -0 0
0 -0 0
0 -0 0
0 -0 0
0 -0 0
0 -0 0
0 -0 0
0 -0 0
0 -0 0
0 -0 0
0 -0 0
0 -0 0
0 -0 0
0 -0 0
0 -0 0
0 -0 0
0 -0 0
0 -0 0
0 -0 0
0 -0 0
0 -0 0
0 -0 0
0 -0 0
0 -0 0
0 -0 0
-0 -0 0
-0 -0 0
-0 -0 0
-0 -0 0
-0 -0 0
-0 -0 0
-0 -0 0
-0 -0 0
-0 -0 0
-0 -0 0
-0 -0 0
-0 -0 0
-0 -0 0
-0 -0 0
-0 -0 0
-0 -0 0
-0 -0 0
-0 -0 0
-0 -0 0
-0 -0 0
-0 -0 0
-0 -0 0
-0 -0 0
-0 -0 0
-0 -0 0
-0 -0 0
-0 -0 0
-0 -0 0
-0 -0 0
-0 -0 0
-0 -0 0
-0 -0 0
-0 -0 0
-0 -0 0
-0 -0 0
-0 -0 0
-0 -0 0
-0 -0 0
-0 -0 0
-0 -0 0
-0 -0 0
-0 -0 0
-0 -0 0
-0 -0 0
-0 -0 0
-0.10488068 -0.16417858 0.33725002
-0.10329051 -0.16636924 0.34175003
-0.10081451 -0.16722117 0.34350002
-0.097951956 -0.16746457 0.34400001
-0.095356666 -0.1681948 0.34550002
-0.092601486 -0.16868161 0.34650001
-0.089699574 -0.16892502 0.347
-0.086788915 -0.16916843 0.34750003
-0.083869502 -0.16941184 0.34800002
-0.081347786 -0.17050716 0.35025001
-0.078395575 -0.17075059 0.35075003
-0.075380921 -0.17087229 0.35100001
-0.072413392 -0.17111568 0.3515
-0.069437131 -0.17135911 0.35200003
-0.066452108 -0.17160252 0.35250002
-0 -0 0
-0 -0 0
-0 -0 0
-0 -0 0
-0 -0 0
-0 -0 0
-0.042002719 -0.16064915 0.33000001
-0.039204795 -0.16101427 0.33075002
-0.036366303 -0.16125767 0.33125001
-0 -0 0
-0 -0 0
-0 -0 0
-0 -0 0
-0 -0 0
-0 -0 0
-0 -0 0
-0 -0 0
-0 -0 0
-0 -0 0
-0 -0 0
-0 -0 0
0 -0 0
0 -0 0
0 -0 0
0 -0 0
0 -0 0
0 -0 0
0 -0 0
0 -0 0
0 -0 0
0 -0 0
0 -0 0
0 -0 0
0 -0 0
0 -0 0
0 -0 0
0 -0 0
0 -0 0
0 -0 0
0 -0 0
0 -0 0
0 -0 0
0 -0 0
0 -0 0
0 -0 0
0 -0 0
0 -0 0
0 -0 0
0 -0 0
0 -0 0
0 -0 0
0 -0 0
0 -0 0
0 -0 0
0 -0 0
0 -0 0
0 -0 0
0 -0 0
0 -0 0
0 -0 0
0 -0 0
0 -0 0
0 -0 0
0 -0 0
0 -0 0
0 -0 0
0 -0 0
0 -0 0
0 -0 0
0 -0 0
0 -0 0
0 -0 0
0 -0 0
0 -0 0
0 -0 0
0 -0 0
0 -0 0
0 -0 0
0 -0 0
0 -0 0
0 -0 0
0 -0 0
0 -0 0
0 -0 0
0 -0 0
0 -0 0
0 -0 0
0 -0 0
0 -0 0
0 -0 0
0 -0 0
0 -0 0
0 -0 0
0 -0 0
0 -0 0
0 -0 0
0 -0 0
0 -0 0
0 -0 0
0 -0 0
-0 -0 0
-0 -0 0
-0 -0 0
-0 -0 0
-0 -0 0
-0 -0 0
-0 -0 0
-0 -0 0
-0 -0 0
-0 -0 0
-0 -0 0
-0 -0 0
-0 -0 0
-0 -0 0
-0 -0 0
-0 -0 0
-0 -0 0
-0 -0 0
-0 -0 0
-0 -0 0
-0 -0 0
-0 -0 0
-0 -0 0
-0 -0 0
-0 -0 0
-0 -0 0
-0 -0 0
-0 -0 0
-0 -0 0
-0 -0 0
-0 -0 0
-0 -0 0
-0 -0 0
-0 -0 0
-0 -0 0
-0 -0 0
-0 -0 0
-0 -0 0
-0 -0 0
-0 -0 0
-0 -0 0
-0.11573021 -0.15991588 0.33450001
-0.11474311 -0.16266482 0.34025002
-0.11234146 -0.16350144 0.34200001
-0.10950954 -0.16374049 0.34250003
-0.10674659 -0.16409904 0.34325001
-0.10412166 -0.16469662 0.34450001
-0.10110799 -0.16469662 0.34450001
-0.098307885 -0.16505519 0.34525001
-0.096115649 -0.16648941 0.34825
-0.093603671 -0.16744556 0.35025001
-0.090475082 -0.16732605 0.35000002
-0.087475725 -0.16744556 0.35025001
-0.084411755 -0.16744556 0.35025001
-0.08152198 -0.16780411 0.35100001
-0.078451455 -0.16780411 0.35100001
-0.07543461 -0.16792363 0.35125002
-0.072567903 -0.1684017 0.35225001
-0.069437131 -0.1682822 0.35200003
-0 -0 0
-0 -0 0
-0 -0 0
-0 -0 0
-0.051469199 -0.16027445 0.33525002
-0.04846406 -0.1600354 0.33475003
-0 -0 0
-0.042257283 -0.1587207 0.33200002
-0.039264061 -0.15836214 0.33125001
-0.036421195 -0.15860118 0.33175001
-0 -0 0
-0 -0 0
-0 -0 0
-0 -0 0
-0 -0 0
-0 -0 0
-0 -0 0
-0 -0 0
-0 -0 0
-0 -0 0
-0 -0 0
-0 -0 0
0 -0 0
0 -0 0
0 -0 0
0 -0 0
0 -0 0
0 -0 0
0 -0 0
0 -0 0
0 -0 0
0 -0 0
0 -0 0
0 -0 0
0 -0 0
0 -0 0
0 -0 0
0 -0 0
0 -0 0
0 -0 0
0 -0 0
0 -0 0
0 -0 0
0 -0 0
0 -0 0
0 -0 0
0 -0 0
0 -0 0
0 -0 0
0 -0 0
0 -0 0
0 -0 0
0 -0 0
0 -0 0
0 -0 0
0 -0 0
0 -0 0
0 -0 0
0 -0 0
0 -0 0
0 -0 0
0 -0 0
0 -0 0
0 -0 0
0 -0 0
0 -0 0
0 -0 0
0 -0 0
0 -0 0
0 -0 0
0 -0 0
0 -0 0
0 -0 0
0 -0 0
0 -0 0
0 -0 0
0 -0 0
0 -0 0
0 -0 0
0 -0 0
0 -0 0
0 -0 0
0 -0 0
0 -0 0
0 -0 0
0 -0 0
0 -0 0
0 -0 0
0 -0 0
0 -0 0
0 -0 0
0 -0 0
0 -0 0
0 -0 0
0 -0 0
0 -0 0
0 -0 0
0 -0 0
0 -0 0
0 -0 0
0 -0 0
-0 -0 0
-0 -0 0
-0 -0 0
-0 -0 0
-0 -0 0
-0 -0 0
-0 -0 0
-0 -0 0
-0 -0 0
-0 -0 0
-0 -0 0
-0 -0 0
-0 -0 0
-0 -0 0
-0 -0 0
-0 -0 0
-0 -0 0
-0 -0 0
-0 -0 0
-0 -0 0
-0 -0 0
-0 -0 0
-0 -0 0
-0 -0 0
-0 -0 0
-0 -0 0
-0 -0 0
-0 -0 0
-0 -0 0
-0 -0 0
-0 -0 0
-0 -0 0
-0 -0 0
-0 -0 0
-0 -0 0
-0 -0 0
-0 -0 0
-0.12667303 -0.15605327 0.33250001
-0.12655601 -0.15957327 0.34
-0.12349084 -0.15945594 0.33975002
-0.12060741 -0.15957327 0.34
-0.11789259 -0.15992527 0.34075001
-0.11516465 -0.16027728 0.34150001
-0.11266994 -0.16098128 0.34300002
-0.10990921 -0.16133328 0.34375003
-0.10705759 -0.16156794 0.34425002
-0.10472615 -0.16262394 0.34650001
-0.10198847 -0.16309328 0.34750003
-0.099304497 -0.16367994 0.34875003
-0.096460655 -0.16403195 0.34950003
-0.09367048 -0.16450128 0.35050002
-0.090668961 -0.16461861 0.35075003
-0.087600611 -0.16461861 0.35075003
-0.084532268 -0.16461861 0.35075003
-0.08158005 -0.16485327 0.35125002
-0.078451455 -0.16473594 0.35100001
-0.075488299 -0.16497061 0.3515
-0.072825424 -0.16590928 0.35350001
-0.069733024 -0.16590928 0.35350001
-0 -0 0
-0 -0 0
-0 -0 0
-0 -0 0
-0.051699486 -0.15804794 0.33675003
-0.04846406 -0.15710928 0.33475003
-0.045501675 -0.15699194 0.33450001
-0.042702764 -0.15746127 0.3355
-0.039797459 -0.1575786 0.33575001
-0 -0 0
-0 -0 0
-0 -0 0
-0 -0 0
-0 -0 0
-0 -0 0
-0 -0 0
-0 -0 0
-0 -0 0
-0 -0 0
-0 -0 0
-0 -0 0
-0 -0 0
0 -0 0
0 -0 0
0 -0 0
0 -0 0
0 -0 0
0 -0 0
0 -0 0
0 -0 0
0 -0 0
0 -0 0
0 -0 0
0 -0 0
0 -0 0
0 -0 0
0 -0 0
0 -0 0
0 -0 0
0 -0 0
0 -0 0
0 -0 0
0 -0 0
0 -0 0
0 -0 0
0 -0 0
0 -0 0
0 -0 0
0 -0 0
0 -0 0
0 -0 0
0 -0 0
0 -0 0
0 -0 0
0 -0 0
0 -0 0
0 -0 0
0 -0 0
0 -0 0
0 -0 0
0 -0 0
0 -0 0
0 -0 0
0 -0 0
0 -0 0
0 -0 0
0 -0 0
0 -0 0
0 -0 0
0 -0 0
0 -0 0
0 -0 0
0 -0 0
0 -0 0
0 -0 0
0 -0 0
0 -0 0
0 -0 0
0 -0 0
0 -0 0
0 -0 0
0 -0 0
0 -0 0
0 -0 0
0 -0 0
0 -0 0
0 -0 0
0 -0 0
0 -0 0
0 -0 0
0 -0 0
0 -0 0
0 -0 0
0 -0 0
0 -0 0
0 -0 0
0 -0 0
0 -0 0
0 -0 0
0 -0 0
0 -0 0
-0 -0 0
-0 -0 0
-0 -0 0
-0 -0 0
-0 -0 0
-0 -0 0
-0 -0 0
-0 -0 0
-0 -0 0
-0 -0 0
-0 -0 0
-0 -0 0
-0 -0 0
-0 -0 0
-0 -0 0
-0 -0 0
-0 -0 0
-0 -0 0
-0 -0 0
-0 -0 0
-0 -0 0
-0 -0 0
-0 -0 0
-0 -0 0
-0 -0 0
-0 -0 0
-0 -0 0
-0 -0 0
-0 -0 0
-0 -0 0
-0 -0 0
-0 -0 0
-0 -0 0
-0 -0 0
-0.13743518 -0.15544978 0.33750001
-0.13508046 -0.15614067 0.33900002
-0.13221234 -0.15625583 0.33925003
-0.12943508 -0.15648611 0.33975002
-0.12720741 -0.1574073 0.34175003
-0.12439953 -0.1576376 0.34225002
-0.1211395 -0.15729214 0.34150001
-0.11815207 -0.15729214 0.34150001
-0 -0 0
-0 -0 0
-0.11054868 -0.15924965 0.34575
-0.10767957 -0.15947996 0.34625003
-0.10480171 -0.15971026 0.34675002
-0.10198847 -0.1600557 0.34750003
-0.099233307 -0.16051629 0.34850001
-0.096529648 -0.16109203 0.34975001
-0.093737297 -0.16155262 0.35075003
-0.090798207 -0.16178292 0.35125002
-0.087663047 -0.16166776 0.35100001
-0.084592514 -0.16166776 0.35100001
-0.08158005 -0.16178292 0.35125002
-0.078451455 -0.16166776 0.35100001
-0.075380921 -0.16166776 0.35100001
-0.07272242 -0.16258895 0.35300002
-0.069634393 -0.16258895 0.35300002
-0 -0 0
-0 -0 0
-0 -0 0
-0.056836031 -0.16132233 0.35025001
-0.051853009 -0.15556492 0.33775002
-0.048608836 -0.15464374 0.33575001
-0.045637701 -0.15452859 0.3355
-0.042798225 -0.15487403 0.33625001
-0.039886359 -0.15498918 0.33650002
-0.036942676 -0.15498918 0.33650002
-0.034125283 -0.15556492 0.33775002
-0.031170664 -0.15556492 0.33775002
-0.028341359 -0.15625583 0.33925003
-0 -0 0
-0 -0 0
-0 -0 0
-0 -0 0
-0 -0 0
-0 -0 0
-0 -0 0
-0 -0 0
-0 -0 0
0 -0 0
0 -0 0
0 -0 0
0 -0 0
0 -0 0
0 -0 0
0 -0 0
0 -0 0
0 -0 0
0 -0 0
0 -0 0
0 -0 0
0 -0 0
0 -0 0
0 -0 0
0 -0 0
0 -0 0
0 -0 0
0 -0 0
0 -0 0
0 -0 0
0 -0 0
0 -0 0
0 -0 0
0 -0 0
0 -0 0
0 -0 0
0 -0 0
0 -0 0
0 -0 0
0 -0 0
0 -0 0
0 -0 0
0 -0 0
0 -0 0
0 -0 0
0 -0 0
0 -0 0
0 -0 0
0 -0 0
0 -0 0
0 -0 0
0 -0 0
0 -0 0
0 -0 0
0 -0 0
0 -0 0
0 -0 0
0 -0 0
0 -0 0
0 -0 0
0 -0 0
0 -0 0
0 -0 0
0 -0 0
0 -0 0
0 -0 0
0 -0 0
0 -0 0
0 -0 0
0 -0 0
0 -0 0
0 -0 0
0 -0 0
0 -0 0
0 -0 0
0 -0 0
0 -0 0
0 -0 0
0 -0 0
0 -0 0
0 -0 0
0 -0 0
0 -0 0
0 -0 0
0 -0 0
0 -0 0
0 -0 0
0 -0 0
-0 -0 0
-0 -0 0
-0 -0 0
-0 -0 0
-0 -0 0
-0 -0 0
-0 -0 0
-0 -0 0
-0 -0 0
-0 -0 0
-0 -0 0
-0 -0 0
-0 -0 0
-0 -0 0
-0 -0 0
-0 -0 0
-0 -0 0
-0 -0 0
-0 -0 0
-0 -0 0
-0 -0 0
-0 -0 0
-0 -0 0
-0 -0 0
-0 -0 0
-0 -0 0
-0 -0 0
-0 -0 0
-0 -0 0
-0 -0 0
-0.1481394 -0.15136999 0.33500001
-0.14542556 -0.15159591 0.3355
-0.14302152 -0.15216073 0.33675003
-0.1404916 -0.15261258 0.33775002
-0.1378424 -0.15295146 0.33850002
-0.13547891 -0.15362923 0.34
-0.13230976 -0.15340331 0.33950001
-0.12962556 -0.15374219 0.34025002
-0 -0 0
-0 -0 0
-0.12202632 -0.15543664 0.34400001
-0.11875753 -0.15509775 0.34325001
-0.11583912 -0.15521072 0.34350002
-0.1136554 -0.15634035 0.34600002
-0.11078848 -0.15656626 0.34650001
-0.10799055 -0.15690516 0.34725001
-0.10517951 -0.15724404 0.34800002
-0.10228197 -0.15746997 0.34850001
-0.09937568 -0.15769589 0.34900001
-0.096598648 -0.15814775 0.35000002
-0.093804106 -0.1585996 0.35100001
-0.090862826 -0.15882552 0.3515
-0.087725483 -0.15871257 0.35125002
-0.084652767 -0.15871257 0.35125002
-0.081638113 -0.15882552 0.3515
-0.078451455 -0.1585996 0.35100001
-0.075541995 -0.15893848 0.35175002
-0.07272242 -0.1595033 0.35300002
-0.069683708 -0.15961626 0.35325003
-0.066593498 -0.15961626 0.35325003
-0.06372799 -0.16018108 0.35450003
-0.060626842 -0.16018108 0.35450003
-0.056430351 -0.15713108 0.34775001
-0.051929772 -0.1528385 0.33825001
-0.048826002 -0.15238665 0.33725002
-0.045875754 -0.15238665 0.33725002
-0.043020971 -0.15272555 0.33800003
-0.040093791 -0.1528385 0.33825001
-0.037107352 -0.15272555 0.33800003
-0.034201063 -0.15295146 0.33850002
-0.031309098 -0.15329036 0.33925003
-0.028445786 -0.15385517 0.34050003
-0.025841074 -0.15611441 0.34550002
-0 -0 0
-0 -0 0
-0 -0 0
-0 -0 0
-0 -0 0
-0 -0 0
-0 -0 0
-0 -0 0
0 -0 0
0 -0 0
0 -0 0
0 -0 0
0 -0 0
0 -0 0
0 -0 0
0 -0 0
0 -0 0
0 -0 0
0 -0 0
0 -0 0
0 -0 0
0 -0 0
0 -0 0
0 -0 0
0 -0 0
0 -0 0
0 -0 0
0 -0 0
0 -0 0
0 -0 0
0 -0 0
0 -0 0
0 -0 0
0 -0 0
0 -0 0
0 -0 0
0 -0 0
0 -0 0
0 -0 0
0 -0 0
0 -0 0
0 -0 0
0 -0 0
0 -0 0
0 -0 0
0 -0 0
0 -0 0
0 -0 0
0 -0 0
0 -0 0
0 -0 0
0 -0 0
0 -0 0
0 -0 0
0 -0 0
0 -0 0
0 -0 0
0 -0 0
0 -0 0
0 -0 0
0 -0 0
0 -0 0
0 -0 0
0 -0 0
0 -0 0
0 -0 0
0 -0 0
0 -0 0
0 -0 0
0 -0 0
0 -0 0
0 -0 0
0 -0 0
0 -0 0
0 -0 0
0 -0 0
0 -0 0
0 -0 0
0 -0 0
0 -0 0
0 -0 0
0 -0 0
0 -0 0
0 -0 0
0 -0 0
0 -0 0
0 -0 0
-0 -0 0
-0 -0 0
-0 -0 0
-0 -0 0
-0 -0 0
-0 -0 0
-0 -0 0
-0 -0 0
-0 -0 0
-0 -0 0
-0 -0 0
-0 -0 0
-0 -0 0
-0 -0 0
-0 -0 0
-0 -0 0
-0 -0 0
-0 -0 0
-0 -0 0
-0 -0 0
-0 -0 0
-0 -0 0
-0 -0 0
-0 -0 0
-0 -0 0
-0 -0 0
-0 -0 0
-0.15704821 -0.14855245 0.33525002
-0.1543453 -0.148774 0.33575001
-0.15039353 -0.14777702 0.33350003
-0.14802885 -0.1483309 0.33475003
-0.14542556 -0.14866322 0.3355
-0.14323388 -0.14943868 0.33725002
-0.1404916 -0.14966023 0.33775002
-0 -0 0
-0 -0 0
-0 -0 0
-0 -0 0
-0.12823102 -0.15265121 0.34450001
-0.12539908 -0.15287277 0.34500003
-0.12246972 -0.15298355 0.34525001
-0.1192765 -0.152762 0.34475002
-0.11642927 -0.15298355 0.34525001
-0.11390176 -0.15364821 0.34675002
-0.11118814 -0.15409131 0.34775001
-0.10837928 -0.15442365 0.34850001
-0.10540619 -0.15453443 0.34875003
-0.1024287 -0.1546452 0.34900001
-0.099446863 -0.15475598 0.34925002
-0.096598648 -0.15508832 0.35000002
-0.093603671 -0.1551991 0.35025001
-0.09073358 -0.15553142 0.35100001
-0.087663047 -0.15553142 0.35100001
-0.084652767 -0.15564221 0.35125002
-0.081754245 -0.15597454 0.35200003
-0.078730837 -0.15608531 0.35225001
-0.075756751 -0.15630686 0.35275
-0.072825424 -0.15663919 0.35350001
-0.069733024 -0.15663919 0.35350001
-0.066593498 -0.15652843 0.35325003
-0.06350328 -0.15652843 0.35325003
-0.060498577 -0.15674998 0.35375002
-0.056146376 -0.15331587 0.34600002
-0.052044917 -0.15021411 0.33900002
-0.049079359 -0.15021411 0.33900002
-0.046079796 -0.15010333 0.33875
-0.043148249 -0.15021411 0.33900002
-0.040271591 -0.15054645 0.33975002
-0.037326921 -0.15065722 0.34
-0.034428395 -0.15098955 0.34075001
-0.03144753 -0.15098955 0.34075001
-0.028529326 -0.15132189 0.34150001
-0.026121549 -0.15475598 0.34925002
-0 -0 0
-0 -0 0
-0 -0 0
-0 -0 0
-0 -0 0
-0 -0 0
-0 -0 0
-0 -0 0
0 -0 0
0 -0 0
0 -0 0
0 -0 0
0 -0 0
0 -0 0
0 -0 0
0 -0 0
0 -0 0
0 -0 0
0 -0 0
0 -0 0
0 -0 0
0 -0 0
0 -0 0
0 -0 0
0 -0 0
0 -0 0
0 -0 0
0 -0 0
0 -0 0
0 -0 0
0 -0 0
0 -0 0
0 -0 0
0 -0 0
0 -0 0
0 -0 0
0 -0 0
0 -0 0
0 -0 0
0 -0 0
0 -0 0
0 -0 0
0 -0 0
0 -0 0
0 -0 0
0 -0 0
0 -0 0
0 -0 0
0 -0 0
0 -0 0
0 -0 0
0 -0 0
0 -0 0
0.15913782 -0.17735456 0.40025002
0.16243601 -0.17713301 0.39975002
0.16572547 -0.17691146 0.39925003
0 -0 0
0 -0 0
0 -0 0
0 -0 0
0 -0 0
0 -0 0
0 -0 0
0 -0 0
0 -0 0
0 -0 0
0 -0 0
0 -0 0
0 -0 0
0 -0 0
0 -0 0
0 -0 0
0 -0 0
0 -0 0
0 -0 0
0 -0 0
0 -0 0
0 -0 0
0 -0 0
0 -0 0
0 -0 0
0 -0 0
0 -0 0
0 -0 0
0 -0 0
0 -0 0
0 -0 0
-0 -0 0
-0 -0 0
-0 -0 0
-0 -0 0
-0 -0 0
-0 -0 0
-0 -0 0
-0 -0 0
-0 -0 0
-0 -0 0
-0 -0 0
-0 -0 0
-0 -0 0
-0 -0 0
-0 -0 0
-0 -0 0
-0 -0 0
-0 -0 0
-0 -0 0
-0 -0 0
-0 -0 0
-0 -0 0
-0 -0 0
-0 -0 0
-0 -0 0
-0 -0 0
-0 -0 0
-0 -0 0
-0 -0 0
-0 -0 0
-0 -0 0
-0 -0 0
-0 -0 0
-0 -0 0
-0 -0 0
-0 -0 0
-0.13328406 -0.14855394 0.34200001
-0.1303875 -0.14866254 0.34225002
-0.1280449 -0.14942268 0.34400001
-0.12539908 -0.14985704 0.34500003
-0.12255841 -0.15007423 0.34550002
-0.11970898 -0.15029141 0.34600002
-0.1167665 -0.15040001 0.34625003
-0.11414813 -0.15094297 0.34750003
-0.11142795 -0.15137734 0.34850001
-0.10830154 -0.15126874 0.34825
-0.10533063 -0.15137734 0.34850001
-0.1024287 -0.15159452 0.34900001
-0.099518053 -0.1518117 0.34950003
-0.096598648 -0.15202889 0.35000002
-0.093603671 -0.15213747 0.35025001
-0.090668961 -0.15235467 0.35075003
-0.087663047 -0.15246326 0.35100001
-0.084773265 -0.15278903 0.35175002
-0.081986494 -0.153332 0.35300002
-0.078898467 -0.153332 0.35300002
-0.075917825 -0.15354916 0.35350001
-0.073082939 -0.15409213 0.35475001
-0.070127554 -0.1544179 0.35550001
-0.066970527 -0.15430932 0.35525003
-0.063593164 -0.15365776 0.35375002
-0.060370311 -0.153332 0.35300002
-0.056430351 -0.15105155 0.34775001
-0.052275203 -0.14790238 0.34050003
-0.049332719 -0.14801097 0.34075001
-0.046317849 -0.14790238 0.34050003
-0.043402813 -0.14811957 0.34100002
-0.040449388 -0.14822815 0.34125
-0.037491597 -0.14833675 0.34150001
-0.034529433 -0.14844535 0.34175003
-0.031562891 -0.14855394 0.34200001
-0.028696408 -0.14920549 0.34350002
-0 -0 0
-0 -0 0
-0 -0 0
-0 -0 0
-0 -0 0
-0 -0 0
-0 -0 0
-0 -0 0
-0 -0 0
0 -0 0
0 -0 0
0 -0 0
0 -0 0
0 -0 0
0 -0 0
0 -0 0
0 -0 0
0 -0 0
0 -0 0
0 -0 0
0 -0 0
0 -0 0
0 -0 0
0 -0 0
0 -0 0
0 -0 0
0 -0 0
0 -0 0
0 -0 0
0 -0 0
0 -0 0
0 -0 0
0 -0 0
0 -0 0
0 -0 0
0 -0 0
0 -0 0
0 -0 0
0 -0 0
0 -0 0
0 -0 0
0 -0 0
0 -0 0
0 -0 0
0 -0 0
0 -0 0
0 -0 0
0 -0 0
0 -0 0
0 -0 0
0 -0 0
0 -0 0
0.15327539 -0.17515899 0.40325001
0.15612251 -0.17439885 0.40150002
0.15913782 -0.17385589 0.40025002
0.16243601 -0.1736387 0.39975002
0 -0 0
0 -0 0
0 -0 0
0 -0 0
0 -0 0
0 -0 0
0 -0 0
0 -0 0
0 -0 0
0 -0 0
0 -0 0
0 -0 0
0 -0 0
0 -0 0
0 -0 0
0 -0 0
0 -0 0
0 -0 0
0 -0 0
0 -0 0
0 -0 0
0 -0 0
0 -0 0
0 -0 0
0 -0 0
0 -0 0
0 -0 0
0 -0 0
0 -0 0
0 -0 0
0 -0 0
0 -0 0
-0 -0 0
-0 -0 0
-0 -0 0
-0 -0 0
-0 -0 0
-0 -0 0
-0 -0 0
-0 -0 0
-0 -0 0
-0 -0 0
-0 -0 0
-0 -0 0
-0 -0 0
-0 -0 0
-0 -0 0
-0 -0 0
-0 -0 0
-0 -0 0
-0 -0 0
-0 -0 0
-0 -0 0
-0 -0 0
-0 -0 0
-0 -0 0
-0 -0 0
-0 -0 0
-0 -0 0
-0 -0 0
-0 -0 0
-0 -0 0
-0 -0 0
-0 -0 0
-0 -0 0
-0 -0 0
-0.13855503 -0.14481959 0.34025002
-0.13617624 -0.14545804 0.34175003
-0.13347892 -0.14577726 0.34250003
-0.13076846 -0.14609647 0.34325001
-0.12823102 -0.1466285 0.34450001
-0.12539908 -0.14684132 0.34500003
-0.12246972 -0.14694773 0.34525001
-0.11979548 -0.14737336 0.34625003
-0.11693512 -0.14758617 0.34675002
-0.114066 -0.14779899 0.34725001
-0.11142795 -0.14833102 0.34850001
-0.10822379 -0.1481182 0.34800002
-0 -0 0
-0.10250209 -0.14865023 0.34925002
-0.099660426 -0.14896946 0.35000002
-0.096529648 -0.14886305 0.34975001
-0.093336426 -0.14865023 0.34925002
-0.090668961 -0.14928868 0.35075003
-0.087850362 -0.14971431 0.35175002
-0.085074522 -0.15024634 0.35300002
-0.082102619 -0.15045914 0.35350001
-0.079010226 -0.15045914 0.35350001
-0.076078892 -0.15077837 0.35425001
-0.073237449 -0.1513104 0.35550001
-0.070226185 -0.15152322 0.35600001
-0.067111909 -0.15152322 0.35600001
-0.063683048 -0.15077837 0.35425001
-0.060370311 -0.15024634 0.35300002
-0.056186944 -0.14737336 0.34625003
-0.052505489 -0.14556444 0.34200001
-0.049549885 -0.14567085 0.34225002
-0.046623912 -0.14588366 0.34275001
-0.043657374 -0.14599007 0.34300002
-0.040656824 -0.14599007 0.34300002
-0.037683722 -0.14609647 0.34325001
-0.034731507 -0.14630929 0.34375003
-0.031701326 -0.14620288 0.34350002
-0.028926147 -0.14737336 0.34625003
-0 -0 0
-0 -0 0
-0 -0 0
-0 -0 0
-0 -0 0
-0 -0 0
-0 -0 0
-0 -0 0
-0 -0 0
0 -0 0
0 -0 0
0 -0 0
0 -0 0
0 -0 0
0 -0 0
0 -0 0
0 -0 0
0 -0 0
0 -0 0
0 -0 0
0 -0 0
0 -0 0
0 -0 0
0 -0 0
0 -0 0
0 -0 0
0 -0 0
0 -0 0
0 -0 0
0 -0 0
0 -0 0
0 -0 0
0 -0 0
0 -0 0
0 -0 0
0 -0 0
0 -0 0
0 -0 0
0 -0 0
0 -0 0
0 -0 0
0 -0 0
0 -0 0
0 -0 0
0 -0 0
0 -0 0
0 -0 0
0.13319871 -0.1685483 0.39600003
0.13649035 -0.16833548 0.3955
0.13977323 -0.16812266 0.39500001
0.14558561 -0.17088924 0.40150002
0.14937642 -0.17120847 0.40225002
0.15289529 -0.17120847 0.40225002
0.15583086 -0.17057002 0.40075001
0.15814383 -0.16929315 0.39775002
0.16152173 -0.16918673 0.39750001
0 -0 0
0 -0 0
0 -0 0
0 -0 0
0 -0 0
0 -0 0
0 -0 0
0 -0 0
0 -0 0
0 -0 0
0 -0 0
0 -0 0
0 -0 0
0 -0 0
0 -0 0
0 -0 0
0 -0 0
0 -0 0
0 -0 0
0 -0 0
0 -0 0
0 -0 0
0 -0 0
0 -0 0
0 -0 0
0 -0 0
0 -0 0
0 -0 0
0 -0 0
0 -0 0
0 -0 0
0 -0 0
-0 -0 0
-0 -0 0
-0 -0 0
-0 -0 0
-0 -0 0
-0 -0 0
-0 -0 0
-0 -0 0
-0 -0 0
-0 -0 0
-0 -0 0
-0 -0 0
-0 -0 0
-0 -0 0
-0 -0 0
-0 -0 0
-0 -0 0
-0 -0 0
-0 -0 0
-0 -0 0
-0 -0 0
-0 -0 0
-0 -0 0
-0 -0 0
-0 -0 0
-0 -0 0
-0 -0 0
-0 -0 0
-0 -0 0
-0 -0 0
-0 -0 0
-0 -0 0
-0 -0 0
-0 -0 0
-0.13875863 -0.14205383 0.34075001
-0.135977 -0.14226227 0.34125
-0.13338149 -0.14267915 0.34225002
-0.13086371 -0.14320026 0.34350002
-0.12851019 -0.14392981 0.34525001
-0.12558082 -0.14403404 0.34550002
-0.12246972 -0.14392981 0.34525001
-0.11970898 -0.14424248 0.34600002
-0.11701942 -0.14465936 0.347
-0.11431237 -0.14507626 0.34800002
-0.11150789 -0.14538892 0.34875003
-0.10814604 -0.14497203 0.34775001
-0.10517951 -0.14507626 0.34800002
-0.10228197 -0.1452847 0.34850001
-0.099518053 -0.14570159 0.34950003
-0.096736647 -0.14611846 0.35050002
-0.093336426 -0.14559735 0.34925002
-0.090604328 -0.14611846 0.35050002
-0.087912798 -0.1467438 0.35200003
-0.085134774 -0.14726491 0.35325003
-0.082276814 -0.14768179 0.35425001
-0.079233736 -0.14778601 0.35450003
-0.076239966 -0.14799446 0.35500002
-0.073237449 -0.1482029 0.35550001
-0.070028923 -0.14799446 0.35500002
-0.066923395 -0.14799446 0.35500002
-0.063817874 -0.14799446 0.35500002
-0.060584087 -0.14768179 0.35425001
-0.056024671 -0.14392981 0.34525001
-0.052697394 -0.14309604 0.34325001
-0.049803242 -0.1434087 0.34400001
-0.046861961 -0.14361715 0.34450001
-0.043880116 -0.14372137 0.34475002
-0.04089389 -0.14382561 0.34500003
-0.037903294 -0.14392981 0.34525001
-0.034908324 -0.14403404 0.34550002
-0.031839762 -0.14382561 0.34500003
-0.029093228 -0.14518046 0.34825
-0 -0 0
-0 -0 0
-0 -0 0
-0 -0 0
-0 -0 0
-0 -0 0
-0 -0 0
-0 -0 0
-0 -0 0
0 -0 0
0 -0 0
0 -0 0
0 -0 0
0 -0 0
0 -0 0
0 -0 0
0 -0 0
0 -0 0
0 -0 0
0 -0 0
0 -0 0
0 -0 0
0 -0 0
0 -0 0
0 -0 0
0 -0 0
0 -0 0
0 -0 0
0 -0 0
0 -0 0
0 -0 0
0 -0 0
0 -0 0
0 -0 0
0 -0 0
0 -0 0
0 -0 0
0 -0 0
0 -0 0
0 -0 0
0 -0 0
0 -0 0
0 -0 0
0 -0 0
0 -0 0
0.12706749 -0.16612899 0.39850003
0.13038976 -0.16592054 0.39800003
0.13370325 -0.16571209 0.39750001
0.13692175 -0.16539945 0.39675003
0.13995016 -0.16487832 0.3955
0.14522301 -0.16696276 0.40050003
0.14891222 -0.1671712 0.40100002
0.15223011 -0.16696276 0.40050003
0.15534481 -0.16654587 0.39950001
0 -0 0
0 -0 0
0 -0 0
0 -0 0
0 -0 0
0 -0 0
0 -0 0
0 -0 0
0 -0 0
0 -0 0
0 -0 0
0 -0 0
0 -0 0
0 -0 0
0 -0 0
0 -0 0
0 -0 0
0 -0 0
0 -0 0
0 -0 0
0 -0 0
0 -0 0
0 -0 0
0 -0 0
0 -0 0
0 -0 0
0 -0 0
0 -0 0
0 -0 0
0 -0 0
0 -0 0
0 -0 0
0 -0 0
0 -0 0
-0 -0 0
-0 -0 0
-0 -0 0
-0 -0 0
-0 -0 0
-0 -0 0
-0 -0 0
-0 -0 0
-0 -0 0
-0 -0 0
-0 -0 0
-0 -0 0
-0 -0 0
-0 -0 0
-0 -0 0
-0 -0 0
-0 -0 0
-0 -0 0
-0 -0 0
-0 -0 0
-0 -0 0
-0 -0 0
-0 -0 0
-0 -0 0
-0 -0 0
-0 -0 0
-0 -0 0
-0 -0 0
-0 -0 0
-0 -0 0
-0 -0 0
-0 -0 0
-0 -0 0
-0 -0 0
-0.1401839 -0.14050376 0.34425002
-0.13687356 -0.14019765 0.34350002
-0.13338149 -0.13968748 0.34225002
-0.13048275 -0.13978952 0.34250003
-0.12869629 -0.14111598 0.34575
-0.12585343 -0.14132005 0.34625003
-0.12273578 -0.14121802 0.34600002
-0.11979548 -0.14132005 0.34625003
-0.11693512 -0.14152412 0.34675002
-0.11431237 -0.14203431 0.34800002
-0.11142795 -0.14223838 0.34850001
-0.10830154 -0.14213634 0.34825
-0.10540619 -0.14234042 0.34875003
-0.10250209 -0.14254449 0.34925002
-0.0998028 -0.14305466 0.35050002
-0.097150639 -0.14366689 0.35200003
-0.094004542 -0.14356485 0.35175002
-0.090992086 -0.14366689 0.35200003
-0.088100106 -0.14397299 0.35275
-0.08525528 -0.14438114 0.35375002
-0.082334884 -0.14468725 0.35450003
-0.079457238 -0.14509539 0.35550001
-0.076401033 -0.14519742 0.35575002
-0.073443465 -0.14550354 0.35650003
-0.070127554 -0.14509539 0.35550001
-0.067017652 -0.14509539 0.35550001
-0.064042583 -0.14540149 0.35625002
-0.060584087 -0.14458521 0.35425001
-0.055984102 -0.14080988 0.34500003
-0.052966066 -0.14080988 0.34500003
-0.050020412 -0.14101395 0.34550002
-0.047031999 -0.14111598 0.34575
-0.044007394 -0.14111598 0.34575
-0.041042056 -0.14132005 0.34625003
-0.038040522 -0.14142208 0.34650001
-0.035085138 -0.14172819 0.34725001
-0.032070484 -0.14183024 0.34750003
-0.029218541 -0.14274855 0.34975001
-0 -0 0
-0 -0 0
-0 -0 0
-0 -0 0
-0 -0 0
-0 -0 0
-0 -0 0
-0 -0 0
-0 -0 0
0 -0 0
0 -0 0
0 -0 0
0 -0 0
0 -0 0
0 -0 0
0 -0 0
0 -0 0
0 -0 0
0 -0 0
0 -0 0
0 -0 0
0 -0 0
0 -0 0
0 -0 0
0 -0 0
0 -0 0
0 -0 0
0 -0 0
0 -0 0
0 -0 0
0 -0 0
0 -0 0
0 -0 0
0 -0 0
0 -0 0
0 -0 0
0 -0 0
0 -0 0
0 -0 0
0 -0 0
0 -0 0
0 -0 0
0 -0 0
0 -0 0
0 -0 0
0.12730664 -0.16295172 0.39925003
0.13079928 -0.16295172 0.39925003
0.1341237 -0.16274764 0.39875001
0.13804333 -0.16325782 0.40000001
0.14189637 -0.16366597 0.40100002
0.14522301 -0.16346189 0.40050003
0.14844804 -0.16315579 0.39975002
0.15185 -0.16305375 0.39950001
0 -0 0
0 -0 0
0 -0 0
0 -0 0
0 -0 0
0 -0 0
0 -0 0
0 -0 0
0 -0 0
0 -0 0
0 -0 0
0 -0 0
0 -0 0
0 -0 0
0 -0 0
0 -0 0
0 -0 0
0 -0 0
0 -0 0
0 -0 0
0 -0 0
0 -0 0
0 -0 0
0 -0 0
0 -0 0
0 -0 0
0 -0 0
0 -0 0
0 -0 0
0 -0 0
0 -0 0
0 -0 0
0 -0 0
0 -0 0
0 -0 0
-0 -0 0
-0 -0 0
-0 -0 0
-0 -0 0
-0 -0 0
-0 -0 0
-0 -0 0
-0 -0 0
-0 -0 0
-0 -0 0
-0 -0 0
-0 -0 0
-0 -0 0
-0 -0 0
-0 -0 0
-0 -0 0
-0 -0 0
-0 -0 0
-0 -0 0
-0 -0 0
-0 -0 0
-0 -0 0
-0 -0 0
-0 -0 0
-0 -0 0
-0 -0 0
-0 -0 0
-0 -0 0
-0 -0 0
-0 -0 0
-0 -0 0
-0 -0 0
-0 -0 0
-0 -0 0
-0 -0 0
-0 -0 0
-0 -0 0
-0 -0 0
-0 -0 0
-0 -0 0
-0.12291314 -0.13839325 0.34650001
-0.11988197 -0.13839325 0.34650001
-0.11685081 -0.13839325 0.34650001
-0.1136554 -0.13819355 0.34600002
-0.11174769 -0.13959147 0.34950003
-0.10907901 -0.14009072 0.35075003
-0.10601068 -0.14009072 0.35075003
-0.10286894 -0.13999087 0.35050002
-0.0998028 -0.13999087 0.35050002
-0.097150639 -0.14058997 0.35200003
-0.094138168 -0.14068982 0.35225001
-0.091250584 -0.14098938 0.35300002
-0.088349864 -0.14128892 0.35375002
-0.085315526 -0.14138877 0.354
-0.082392946 -0.14168833 0.35475001
-0.079513118 -0.14208773 0.35575002
-0.076562107 -0.14238729 0.35650003
-0.073546469 -0.14258699 0.35700002
-0.070472762 -0.14268683 0.35725001
-0.067394689 -0.14278668 0.35750002
-0.064222351 -0.14268683 0.35725001
-0.060498577 -0.14128892 0.35375002
-0.056186944 -0.1382934 0.34625003
-0.053196352 -0.13839325 0.34650001
-0.050237574 -0.13859294 0.347
-0.047202036 -0.13859294 0.347
-0.044166494 -0.13859294 0.347
-0.041190222 -0.13879266 0.34750003
-0.038177755 -0.1388925 0.34775001
-0.035211433 -0.13919206 0.34850001
-0.032370426 -0.14009072 0.35075003
-0 -0 0
-0 -0 0
-0 -0 0
-0 -0 0
-0 -0 0
-0 -0 0
-0 -0 0
-0 -0 0
-0 -0 0
-0 -0 0
0 -0 0
0 -0 0
0 -0 0
0 -0 0
0 -0 0
0 -0 0
0 -0 0
0 -0 0
0 -0 0
0 -0 0
0 -0 0
0 -0 0
0 -0 0
0 -0 0
0 -0 0
0 -0 0
0 -0 0
0 -0 0
0 -0 0
0 -0 0
0 -0 0
0 -0 0
0 -0 0
0 -0 0
0 -0 0
0 -0 0
0 -0 0
0 -0 0
0 -0 0
0 -0 0
0 -0 0
0 -0 0
0 -0 0
0 -0 0
0 -0 0
0 -0 0
0.12738636 -0.15956162 0.39950001
0.13079928 -0.15946178 0.39925003
0 -0 0
0.13847472 -0.16026057 0.40125
0.14225022 -0.16056013 0.40200001
0.1446791 -0.15936193 0.39900002
0.14705546 -0.15816373 0.39600003
0.14776394 -0.15526804 0.38875002
0 -0 0
0 -0 0
0 -0 0
0 -0 0
0 -0 0
0 -0 0
0 -0 0
0 -0 0
0 -0 0
0 -0 0
0 -0 0
0 -0 0
0 -0 0
0 -0 0
0 -0 0
0 -0 0
0 -0 0
0 -0 0
0 -0 0
0 -0 0
0 -0 0
0 -0 0
0 -0 0
0 -0 0
0 -0 0
0 -0 0
0 -0 0
0 -0 0
0 -0 0
0 -0 0
0 -0 0
0 -0 0
0 -0 0
0 -0 0
0 -0 0
-0 -0 0
-0 -0 0
-0 -0 0
-0 -0 0
-0 -0 0
-0 -0 0
-0 -0 0
-0 -0 0
-0 -0 0
-0 -0 0
-0 -0 0
-0 -0 0
-0 -0 0
-0 -0 0
-0 -0 0
-0 -0 0
-0 -0 0
-0 -0 0
-0 -0 0
-0 -0 0
-0 -0 0
-0 -0 0
-0 -0 0
-0 -0 0
-0 -0 0
-0 -0 0
-0 -0 0
-0 -0 0
-0 -0 0
-0 -0 0
-0 -0 0
-0 -0 0
-0 -0 0
-0 -0 0
-0 -0 0
-0 -0 0
-0 -0 0
-0 -0 0
-0.12832408 -0.13468076 0.34475002
-0 -0 0
-0 -0 0
-0 -0 0
-0 -0 0
-0.11398388 -0.13555974 0.347
-0.11150789 -0.1362434 0.34875003
-0.1092345 -0.13722007 0.35125002
-0.10616179 -0.13722007 0.35125002
-0.10308906 -0.13722007 0.35125002
-0.099873982 -0.13702473 0.35075003
-0.096943647 -0.13722007 0.35125002
-0.094271787 -0.13780604 0.35275
-0.091444455 -0.13819672 0.35375002
-0.088474736 -0.13839205 0.35425001
-0.085496277 -0.13858737 0.35475001
-0.082567133 -0.13888037 0.35550001
-0.079680756 -0.13927104 0.35650003
-0.076669484 -0.13946638 0.35700002
-0.073700979 -0.13975936 0.35775003
-0.070719346 -0.14005235 0.3585
-0.067630336 -0.14015003 0.35875002
-0.06449201 -0.14015003 0.35875002
-0.060370311 -0.13790372 0.35300002
-0.056470919 -0.13595042 0.34800002
-0.053426638 -0.13595042 0.34800002
-0.050418545 -0.13604806 0.34825
-0.047406077 -0.13614574 0.34850001
-0.044357419 -0.13614574 0.34850001
-0.041338388 -0.1362434 0.34875003
-0.038342435 -0.13643874 0.34925002
-0.035337731 -0.13663407 0.34975001
-0.03267036 -0.13829437 0.354
-0 -0 0
-0.027411733 -0.14317766 0.36650002
-0.024222121 -0.14327534 0.36675003
-0.020999484 -0.14317766 0.36650002
-0.017841909 -0.14356832 0.36750001
-0 -0 0
-0 -0 0
-0 -0 0
-0 -0 0
-0 -0 0
0 -0 0
0 -0 0
0 -0 0
0 -0 0
0 -0 0
0 -0 0
0 -0 0
0 -0 0
0 -0 0
0 -0 0
0 -0 0
0 -0 0
0 -0 0
0 -0 0
0 -0 0
0 -0 0
0 -0 0
0 -0 0
0 -0 0
0 -0 0
0 -0 0
0 -0 0
0 -0 0
0 -0 0
0 -0 0
0 -0 0
0 -0 0
0 -0 0
0 -0 0
0 -0 0
0 -0 0
0 -0 0
0 -0 0
0 -0 0
0 -0 0
0 -0 0
0 -0 0
0 -0 0
0 -0 0
0.13812962 -0.1563625 0.40025002
0.14225022 -0.15704615 0.40200001
0 -0 0
0 -0 0
0 -0 0
0 -0 0
0 -0 0
0 -0 0
0 -0 0
0 -0 0
0 -0 0
0 -0 0
0 -0 0
0 -0 0
0 -0 0
0 -0 0
0 -0 0
0 -0 0
0 -0 0
0 -0 0
0 -0 0
0 -0 0
0 -0 0
0 -0 0
0 -0 0
0 -0 0
0 -0 0
0 -0 0
0 -0 0
0 -0 0
0 -0 0
0 -0 0
0 -0 0
0 -0 0
0 -0 0
0 -0 0
0 -0 0
0 -0 0
0 -0 0
0 -0 0
-0 -0 0
-0 -0 0
-0 -0 0
-0 -0 0
-0 -0 0
-0 -0 0
-0 -0 0
-0 -0 0
-0 -0 0
-0 -0 0
-0 -0 0
-0 -0 0
-0 -0 0
-0 -0 0
-0 -0 0
-0 -0 0
-0 -0 0
-0 -0 0
-0 -0 0
-0 -0 0
-0 -0 0
-0 -0 0
-0 -0 0
-0 -0 0
-0 -0 0
-0 -0 0
-0 -0 0
-0 -0 0
-0 -0 0
-0 -0 0
-0 -0 0
-0 -0 0
-0 -0 0
-0 -0 0
-0 -0 0
-0 -0 0
-0 -0 0
-0 -0 0
-0.12869629 -0.13204913 0.34575
-0.12612604 -0.13252653 0.347
-0 -0 0
-0.12031444 -0.13281298 0.34775001
-0.11744096 -0.13300394 0.34825
-0.11431237 -0.13290846 0.34800002
-0.11158781 -0.13329038 0.34900001
-0.10876802 -0.13357683 0.34975001
-0.10601068 -0.13395874 0.35075003
-0.10308906 -0.1341497 0.35125002
-0.10001636 -0.1341497 0.35125002
-0.097012639 -0.13424517 0.3515
-0.094472222 -0.13500902 0.35350001
-0.091509081 -0.13519998 0.354
-0.088474736 -0.13529547 0.35425001
-0.08561679 -0.1356774 0.35525003
-0.082683265 -0.13596383 0.35600001
-0.079792507 -0.13634574 0.35700002
-0.076884247 -0.13672766 0.35800001
-0.073906988 -0.13701411 0.35875002
-0.070768662 -0.13701411 0.35875002
-0.067630336 -0.13701411 0.35875002
-0.06449201 -0.13701411 0.35875002
-0.060156535 -0.13434066 0.35175002
-0.056673761 -0.13338587 0.34925002
-0.053618547 -0.13338587 0.34925002
-0.050599519 -0.13348135 0.34950003
-0.047610123 -0.13367231 0.35000002
-0.044516519 -0.13357683 0.34975001
-0.041545819 -0.13386326 0.35050002
-0.038534556 -0.13405421 0.35100001
-0.035489287 -0.1341497 0.35125002
-0.033362534 -0.1380644 0.36150002
-0.030492544 -0.13940111 0.36500001
-0.027430432 -0.14006948 0.36675003
-0.024238631 -0.14016496 0.36700001
-0 -0 0
-0 -0 0
-0 -0 0
-0 -0 0
-0 -0 0
-0 -0 0
-0 -0 0
0 -0 0
0 -0 0
0 -0 0
0 -0 0
0 -0 0
0 -0 0
0 -0 0
0 -0 0
0 -0 0
0 -0 0
0 -0 0
0 -0 0
0 -0 0
0 -0 0
0 -0 0
0 -0 0
0 -0 0
0 -0 0
0 -0 0
0 -0 0
0 -0 0
0 -0 0
0 -0 0
0 -0 0
0 -0 0
0 -0 0
0 -0 0
0 -0 0
0 -0 0
0 -0 0
0 -0 0
0 -0 0
0 -0 0
0 -0 0
0 -0 0
0 -0 0
0 -0 0
0 -0 0
0 -0 0
0 -0 0
0 -0 0
0 -0 0
0 -0 0
0 -0 0
0 -0 0
0 -0 0
0 -0 0
0 -0 0
0 -0 0
0 -0 0
0 -0 0
0 -0 0
0 -0 0
0 -0 0
0 -0 0
0 -0 0
0 -0 0
0 -0 0
0 -0 0
0 -0 0
0 -0 0
0 -0 0
0 -0 0
0 -0 0
0 -0 0
0 -0 0
0 -0 0
0 -0 0
0 -0 0
0 -0 0
0 -0 0
0 -0 0
0 -0 0
0 -0 0
0 -0 0
0 -0 0
0 -0 0
0 -0 0
0 -0 0
-0 -0 0
-0 -0 0
-0 -0 0
-0 -0 0
-0 -0 0
-0 -0 0
-0 -0 0
-0 -0 0
-0 -0 0
-0 -0 0
-0 -0 0
-0 -0 0
-0 -0 0
-0 -0 0
-0 -0 0
-0 -0 0
-0 -0 0
-0 -0 0
-0 -0 0
-0 -0 0
-0 -0 0
-0 -0 0
-0 -0 0
-0 -0 0
-0 -0 0
-0 -0 0
-0 -0 0
-0 -0 0
-0 -0 0
-0 -0 0
-0 -0 0
-0 -0 0
-0 -0 0
-0 -0 0
-0 -0 0
-0 -0 0
-0 -0 0
-0 -0 0
-0 -0 0
-0.12630777 -0.12967993 0.34750003
-0.12326787 -0.12967993 0.34750003
-0.12022795 -0.12967993 0.34750003
-0.1177782 -0.13033299 0.34925002
-0.11480509 -0.13042629 0.34950003
-0.11214736 -0.13089275 0.35075003
-0.10915675 -0.13098605 0.35100001
-0.10616179 -0.13107935 0.35125002
-0.10330919 -0.13135923 0.35200003
-0.10037228 -0.13154583 0.35250002
-0.097357631 -0.13163911 0.35275
-0.094672665 -0.13219889 0.35425001
-0.091638334 -0.13229218 0.35450003
-0.088662058 -0.13247877 0.35500002
-0.085677035 -0.13266535 0.35550001
-0.082741328 -0.13294524 0.35625002
-0.079904258 -0.13341172 0.35750002
-0.076991625 -0.13378489 0.3585
-0.074009992 -0.13406478 0.35925001
-0.070867293 -0.13406478 0.35925001
-0.067724593 -0.13406478 0.35925001
-0.064536951 -0.1339715 0.35900003
-0.060113776 -0.13117264 0.3515
-0.056836031 -0.13070616 0.35025001
-0.053810451 -0.13079946 0.35050002
-0.05078049 -0.13089275 0.35075003
-0.047814164 -0.13117264 0.3515
-0.044771083 -0.13126594 0.35175002
-0.041753255 -0.13145252 0.35225001
-0.038699236 -0.13154583 0.35250002
-0.035716619 -0.131919 0.35350001
-0.033524036 -0.1355575 0.36325002
-0 -0 0
-0 -0 0
-0 -0 0
-0 -0 0
-0 -0 0
-0 -0 0
-0 -0 0
-0 -0 0
-0 -0 0
-0 -0 0
0 -0 0
0 -0 0
0 -0 0
0 -0 0
0 -0 0
0 -0 0
0 -0 0
0 -0 0
0 -0 0
0 -0 0
0 -0 0
0 -0 0
0 -0 0
0 -0 0
0 -0 0
0 -0 0
0 -0 0
0 -0 0
0 -0 0
0 -0 0
0 -0 0
0 -0 0
0 -0 0
0 -0 0
0 -0 0
0 -0 0
0 -0 0
0 -0 0
0 -0 0
0 -0 0
0 -0 0
0 -0 0
0 -0 0
0 -0 0
0 -0 0
0 -0 0
0 -0 0
0 -0 0
0 -0 0
0 -0 0
0 -0 0
0 -0 0
0 -0 0
0 -0 0
0 -0 0
0 -0 0
0 -0 0
0 -0 0
0 -0 0
0 -0 0
0 -0 0
0 -0 0
0 -0 0
0 -0 0
0 -0 0
0 -0 0
0 -0 0
0 -0 0
0 -0 0
0 -0 0
0 -0 0
0 -0 0
0 -0 0
0 -0 0
0 -0 0
0 -0 0
0 -0 0
0 -0 0
0 -0 0
0 -0 0
0 -0 0
0 -0 0
0 -0 0
0 -0 0
0 -0 0
0 -0 0
0 -0 0
0 -0 0
0 -0 0
-0 -0 0
-0 -0 0
-0 -0 0
-0 -0 0
-0 -0 0
-0 -0 0
-0 -0 0
-0 -0 0
-0 -0 0
-0 -0 0
-0 -0 0
-0 -0 0
-0 -0 0
-0 -0 0
-0 -0 0
-0 -0 0
-0 -0 0
-0 -0 0
-0 -0 0
-0 -0 0
-0 -0 0
-0 -0 0
-0 -0 0
-0 -0 0
-0 -0 0
-0 -0 0
-0 -0 0
-0 -0 0
-0 -0 0
-0 -0 0
-0 -0 0
-0 -0 0
-0 -0 0
-0 -0 0
-0.13987848 -0.1251846 0.34350002
-0 -0 0
-0 -0 0
-0 -0 0
-0 -0 0
-0.12639864 -0.12673345 0.34775001
-0.12317918 -0.12655124 0.34725001
-0.12014145 -0.12655124 0.34725001
-0.11752527 -0.12700678 0.34850001
-0.11505145 -0.12764455 0.35025001
-0.11222729 -0.12791787 0.35100001
-0.10946774 -0.12828232 0.35200003
-0.10646403 -0.12837343 0.35225001
-0.10345593 -0.12846453 0.35250002
-0.10051466 -0.12864676 0.35300002
-0.09763363 -0.12892009 0.35375002
-0.094873101 -0.12937564 0.35500002
-0.091832213 -0.12946674 0.35525003
-0.08878693 -0.12955785 0.35550001
-0.085797533 -0.12974007 0.35600001
-0.082915522 -0.13010451 0.35700002
-0.080071889 -0.13056006 0.35825002
-0.077045314 -0.13074228 0.35875002
-0.074061498 -0.13101561 0.35950002
-0.071015239 -0.13119783 0.36000001
-0.06796024 -0.13138004 0.36050001
-0.064626835 -0.13101561 0.35950002
-0.060242042 -0.12837343 0.35225001
-0.057120014 -0.12828232 0.35200003
-0.054079119 -0.12837343 0.35225001
-0.051070038 -0.12855564 0.35275
-0.04801821 -0.12864676 0.35300002
-0.044962004 -0.12873787 0.35325003
-0.041901421 -0.12882897 0.35350001
-0.03880902 -0.12882897 0.35350001
-0.036171287 -0.13046895 0.35800001
-0.033662472 -0.13292891 0.36475003
-0 -0 0
-0 -0 0
-0 -0 0
-0 -0 0
-0 -0 0
-0 -0 0
-0 -0 0
-0 -0 0
-0 -0 0
-0 -0 0
0 -0 0
0 -0 0
0 -0 0
0 -0 0
0 -0 0
0 -0 0
0 -0 0
0 -0 0
0 -0 0
0 -0 0
0 -0 0
0 -0 0
0 -0 0
0 -0 0
0 -0 0
0 -0 0
0 -0 0
0 -0 0
0 -0 0
0 -0 0
0 -0 0
0 -0 0
0 -0 0
0 -0 0
0 -0 0
0 -0 0
0 -0 0
0 -0 0
0 -0 0
0 -0 0
0 -0 0
0 -0 0
0 -0 0
0 -0 0
0 -0 0
0 -0 0
0 -0 0
0 -0 0
0 -0 0
0 -0 0
0 -0 0
0 -0 0
0 -0 0
0 -0 0
0 -0 0
0 -0 0
0 -0 0
0 -0 0
0 -0 0
0 -0 0
0 -0 0
0 -0 0
0 -0 0
0 -0 0
0 -0 0
0 -0 0
0 -0 0
0 -0 0
0 -0 0
0 -0 0
0 -0 0
0 -0 0
0 -0 0
0 -0 0
0 -0 0
0 -0 0
0 -0 0
0 -0 0
0 -0 0
0 -0 0
0 -0 0
0 -0 0
0 -0 0
0 -0 0
0 -0 0
0 -0 0
0 -0 0
0 -0 0
0 -0 0
-0 -0 0
-0 -0 0
-0 -0 0
-0 -0 0
-0 -0 0
-0 -0 0
-0 -0 0
-0 -0 0
-0 -0 0
-0 -0 0
-0 -0 0
-0 -0 0
-0 -0 0
-0 -0 0
-0 -0 0
-0 -0 0
-0 -0 0
-0 -0 0
-0 -0 0
-0 -0 0
-0 -0 0
-0 -0 0
-0 -0 0
-0 -0 0
-0 -0 0
-0 -0 0
-0 -0 0
-0 -0 0
-0 -0 0
-0 -0 0
-0 -0 0
-0 -0 0
-0 -0 0
-0 -0 0
-0 -0 0
-0 -0 0
-0.13533008 -0.12351584 0.34725001
-0.13210188 -0.123338 0.34675002
-0.12962686 -0.12387154 0.34825
-0.12639864 -0.12369369 0.34775001
-0.12326787 -0.12360477 0.34750003
-0.12022795 -0.12360477 0.34750003
-0.11752527 -0.12396047 0.34850001
-0.11505145 -0.12458293 0.35025001
-0.11206742 -0.12467186 0.35050002
-0.10954548 -0.12529433 0.35225001
-0.10661515 -0.12547217 0.35275
-0.10360268 -0.1255611 0.35300002
-0.10065702 -0.12573895 0.35350001
-0.09784063 -0.12609465 0.35450003
-0.095006719 -0.12645034 0.35550001
-0.092026077 -0.12662819 0.35600001
-0.088974245 -0.12671712 0.35625002
-0.086038545 -0.1269839 0.35700002
-0.083147779 -0.12733959 0.35800001
-0.08018364 -0.12760636 0.35875002
-0.077152692 -0.12778421 0.35925001
-0.074164502 -0.12805098 0.36000001
-0.071163192 -0.12831776 0.36075002
-0.068148755 -0.12858453 0.36150002
-0.064536951 -0.12769529 0.35900003
-0.060413066 -0.12565003 0.35325003
-0.057363421 -0.12573895 0.35350001
-0.054347787 -0.12591679 0.354
-0.051287208 -0.12600572 0.35425001
-0.048222255 -0.12609465 0.35450003
-0.045121107 -0.12609465 0.35450003
-0.042138487 -0.12645034 0.35550001
-0.039056037 -0.12653928 0.35575002
-0.036398619 -0.12813991 0.36025003
-0.033893194 -0.13062979 0.36725003
-0.03082671 -0.13125226 0.36900002
-0.027523924 -0.13089657 0.36800003
-0 -0 0
-0 -0 0
-0 -0 0
-0 -0 0
-0 -0 0
-0 -0 0
-0 -0 0
-0 -0 0
0 -0 0
0 -0 0
0 -0 0
0 -0 0
0 -0 0
0 -0 0
0 -0 0
0 -0 0
0 -0 0
0 -0 0
0 -0 0
0 -0 0
0 -0 0
0 -0 0
0 -0 0
0 -0 0
0 -0 0
0 -0 0
0 -0 0
0 -0 0
0 -0 0
0 -0 0
0 -0 0
0 -0 0
0 -0 0
0 -0 0
0 -0 0
0 -0 0
0 -0 0
0 -0 0
0 -0 0
0 -0 0
0 -0 0
0 -0 0
0 -0 0
0 -0 0
0 -0 0
0 -0 0
0 -0 0
0 -0 0
0 -0 0
0 -0 0
0 -0 0
0 -0 0
0 -0 0
0 -0 0
0 -0 0
0 -0 0
0 -0 0
0 -0 0
0 -0 0
0 -0 0
0 -0 0
0 -0 0
0 -0 0
0 -0 0
0 -0 0
0 -0 0
0 -0 0
0 -0 0
0 -0 0
0 -0 0
0 -0 0
0 -0 0
0 -0 0
0 -0 0
0 -0 0
0 -0 0
0 -0 0
0 -0 0
0 -0 0
0 -0 0
0 -0 0
0 -0 0
0 -0 0
0 -0 0
0 -0 0
0 -0 0
0 -0 0
-0 -0 0
-0 -0 0
-0 -0 0
-0 -0 0
-0 -0 0
-0 -0 0
-0 -0 0
-0 -0 0
-0 -0 0
-0 -0 0
-0 -0 0
-0 -0 0
-0 -0 0
-0 -0 0
-0 -0 0
-0 -0 0
-0 -0 0
-0 -0 0
-0 -0 0
-0 -0 0
-0 -0 0
-0 -0 0
-0 -0 0
-0 -0 0
-0 -0 0
-0 -0 0
-0 -0 0
-0 -0 0
-0 -0 0
-0 -0 0
-0 -0 0
-0 -0 0
-0 -0 0
-0 -0 0
-0 -0 0
-0 -0 0
-0 -0 0
-0.13276857 -0.12091415 0.34850001
-0.12990603 -0.12108762 0.34900001
-0.12630777 -0.1205672 0.34750003
-0.1230905 -0.12039371 0.347
-0.1210929 -0.12143458 0.35000002
-0.11811543 -0.12152132 0.35025001
-0.11496934 -0.12143458 0.35000002
-0.11238716 -0.12195501 0.3515
-0.10985648 -0.12256219 0.35325003
-0.10684182 -0.12264892 0.35350001
-0.10389616 -0.1228224 0.354
-0.10094178 -0.12299588 0.35450003
-0.098047629 -0.1232561 0.35525003
-0.095140345 -0.12351631 0.35600001
-0.092155337 -0.1236898 0.35650003
-0.089099117 -0.12377653 0.35675001
-0.086159043 -0.12403675 0.35750002
-0.083321974 -0.12447044 0.35875002
-0.080351278 -0.12473066 0.35950002
-0.077260077 -0.12481739 0.35975
-0.074267507 -0.12507762 0.36050001
-0.071311139 -0.12542458 0.36150002
-0.068195879 -0.1255113 0.36175001
-0.06449201 -0.12447044 0.35875002
-0.060584087 -0.12290914 0.35425001
-0.057566259 -0.12308262 0.35475001
-0.054578073 -0.12334283 0.35550001
-0.051504374 -0.12342958 0.35575002
-0.048426297 -0.12351631 0.35600001
-0.045375668 -0.1236898 0.35650003
-0.042316288 -0.12386327 0.35700002
-0.039248161 -0.12403675 0.35750002
-0.036701731 -0.12603174 0.36325002
-0.033985484 -0.12776652 0.36825001
-0.03091025 -0.1283737 0.37
-0.02756132 -0.12785326 0.36850002
-0 -0 0
-0 -0 0
-0 -0 0
-0 -0 0
-0 -0 0
-0 -0 0
-0 -0 0
-0 -0 0
0 -0 0
0 -0 0
0 -0 0
0 -0 0
0 -0 0
0 -0 0
0 -0 0
0 -0 0
0 -0 0
0 -0 0
0 -0 0
0 -0 0
0 -0 0
0 -0 0
0 -0 0
0 -0 0
0 -0 0
0 -0 0
0 -0 0
0 -0 0
0 -0 0
0 -0 0
0 -0 0
0 -0 0
0 -0 0
0 -0 0
0 -0 0
0 -0 0
0 -0 0
0 -0 0
0 -0 0
0 -0 0
0 -0 0
0 -0 0
0 -0 0
0 -0 0
0 -0 0
0 -0 0
0 -0 0
0 -0 0
0 -0 0
0 -0 0
0 -0 0
0 -0 0
0 -0 0
0 -0 0
0 -0 0
0 -0 0
0 -0 0
0 -0 0
0 -0 0
0 -0 0
0 -0 0
0 -0 0
0 -0 0
0 -0 0
0 -0 0
0 -0 0
0 -0 0
0 -0 0
0 -0 0
0 -0 0
0 -0 0
0 -0 0
0 -0 0
0 -0 0
0 -0 0
0 -0 0
0 -0 0
0 -0 0
0 -0 0
0 -0 0
0 -0 0
0 -0 0
0 -0 0
0 -0 0
0 -0 0
0 -0 0
0 -0 0
-0 -0 0
-0 -0 0
-0 -0 0
-0 -0 0
-0 -0 0
-0 -0 0
-0 -0 0
-0 -0 0
-0 -0 0
-0 -0 0
-0 -0 0
-0 -0 0
-0 -0 0
-0 -0 0
-0 -0 0
-0 -0 0
-0 -0 0
-0 -0 0
-0 -0 0
-0 -0 0
-0 -0 0
-0 -0 0
-0 -0 0
-0 -0 0
-0 -0 0
-0 -0 0
-0 -0 0
-0 -0 0
-0 -0 0
-0 -0 0
-0 -0 0
-0 -0 0
-0 -0 0
-0 -0 0
-0 -0 0
-0 -0 0
-0 -0 0
-0.13276857 -0.11786783 0.34850001
-0.1295338 -0.11769872 0.34800002
-0.12612604 -0.1173605 0.347
-0.12388864 -0.11812149 0.34925002
-0.12117939 -0.1184597 0.35025001
-0.11811543 -0.1184597 0.35025001
-0.11505145 -0.1184597 0.35025001
-0.11262695 -0.11913613 0.35225001
-0.10985648 -0.11947435 0.35325003
-0.10684182 -0.1195589 0.35350001
-0.10396954 -0.11981256 0.35425001
-0.10115533 -0.12015078 0.35525003
-0.098254621 -0.12040444 0.35600001
-0.095207162 -0.12048899 0.35625002
-0.092155337 -0.12057355 0.35650003
-0.089223996 -0.1208272 0.35725001
-0.086400047 -0.12124997 0.3585
-0.083554223 -0.12167273 0.35975
-0.080518909 -0.12184186 0.36025003
-0.077313766 -0.1217573 0.36000001
-0.074319012 -0.12201096 0.36075002
-0.071409769 -0.12243373 0.36200002
-0.068243012 -0.12243373 0.36200002
-0.06444706 -0.12124997 0.3585
-0.060883369 -0.12040444 0.35600001
-0.057890806 -0.1206581 0.35675001
-0.054808363 -0.12074266 0.35700002
-0.051721536 -0.1208272 0.35725001
-0.048698355 -0.12108087 0.35800001
-0.045566589 -0.12108087 0.35800001
-0.042464454 -0.12116542 0.35825002
-0.03938539 -0.12133453 0.35875002
-0.036625952 -0.12260283 0.36250001
-0.0340547 -0.12480123 0.36900002
-0.03086848 -0.12497033 0.36950001
-0.027598716 -0.12480123 0.36900002
-0 -0 0
-0 -0 0
-0 -0 0
-0 -0 0
-0 -0 0
-0 -0 0
-0 -0 0
-0 -0 0
0 -0 0
0 -0 0
0 -0 0
0 -0 0
0 -0 0
0 -0 0
0 -0 0
0 -0 0
0 -0 0
0 -0 0
0 -0 0
0 -0 0
0 -0 0
0 -0 0
0 -0 0
0 -0 0
0 -0 0
0 -0 0
0 -0 0
0 -0 0
0 -0 0
0 -0 0
0 -0 0
0 -0 0
0 -0 0
0 -0 0
0 -0 0
0 -0 0
0 -0 0
0 -0 0
0 -0 0
0 -0 0
0 -0 0
0 -0 0
0 -0 0
0 -0 0
0 -0 0
0 -0 0
0 -0 0
0 -0 0
0 -0 0
0 -0 0
0 -0 0
0 -0 0
0 -0 0
0 -0 0
0 -0 0
0 -0 0
0 -0 0
0 -0 0
0 -0 0
0 -0 0
0 -0 0
0 -0 0
0 -0 0
0 -0 0
0 -0 0
0 -0 0
0 -0 0
0 -0 0
0 -0 0
0 -0 0
0 -0 0
0 -0 0
0 -0 0
0 -0 0
0 -0 0
0 -0 0
0 -0 0
0 -0 0
0 -0 0
0 -0 0
0 -0 0
0 -0 0
0 -0 0
0 -0 0
0 -0 0
0 -0 0
0 -0 0
-0 -0 0
-0 -0 0
-0 -0 0
-0 -0 0
-0 -0 0
-0 -0 0
-0 -0 0
-0 -0 0
-0 -0 0
-0 -0 0
-0 -0 0
-0 -0 0
-0 -0 0
-0 -0 0
-0 -0 0
-0 -0 0
-0 -0 0
-0 -0 0
-0 -0 0
-0 -0 0
-0 -0 0
-0 -0 0
-0 -0 0
-0 -0 0
-0 -0 0
-0 -0 0
-0 -0 0
-0 -0 0
-0 -0 0
-0 -0 0
-0 -0 0
-0 -0 0
-0 -0 0
-0 -0 0
-0 -0 0
-0 -0 0
-0.13552494 -0.1145744 0.34775001
-0.13257809 -0.11465678 0.34800002
-0.12962686 -0.11473913 0.34825
-0.12703472 -0.11515099 0.34950003
-0.124066 -0.11523335 0.34975001
-0.1210929 -0.11531572 0.35000002
-0.11819974 -0.11548045 0.35050002
-0.11579055 -0.1161394 0.35250002
-0.11302663 -0.11646888 0.35350001
-0.10993422 -0.11646888 0.35350001
-0.10714407 -0.11679835 0.35450003
-0.10426304 -0.11704546 0.35525003
-0.10129771 -0.11721019 0.35575002
-0.098392628 -0.1174573 0.35650003
-0.095340781 -0.11753966 0.35675001
-0.092349201 -0.1177044 0.35725001
-0.089473747 -0.11803388 0.35825002
-0.086580798 -0.11836334 0.35925001
-0.08378648 -0.11885756 0.36075002
-0.080686539 -0.11893993 0.36100003
-0.07747484 -0.11885756 0.36075002
-0.074473523 -0.11910467 0.36150002
-0.071459092 -0.11935177 0.36225003
-0.068290144 -0.11935177 0.36225003
-0.06449201 -0.11819861 0.35875002
-0.061097145 -0.1177044 0.35725001
-0.058012512 -0.11778677 0.35750002
-0.055000268 -0.11803388 0.35825002
-0.051938701 -0.11819861 0.35875002
-0.048834383 -0.11828098 0.35900003
-0.04575751 -0.11844572 0.35950002
-0.042642251 -0.11852808 0.35975
-0.03963241 -0.11893993 0.36100003
-0.03700484 -0.12066966 0.36625001
-0.0340547 -0.12157571 0.36900002
-0.030847596 -0.12165809 0.36925003
-0.027636113 -0.12174045 0.36950001
-0.024436766 -0.12190519 0.37
-0 -0 0
-0 -0 0
-0 -0 0
-0 -0 0
-0 -0 0
-0 -0 0
-0 -0 0
0 -0 0
0 -0 0
0 -0 0
0 -0 0
0 -0 0
0 -0 0
0 -0 0
0 -0 0
0 -0 0
0 -0 0
0 -0 0
0 -0 0
0 -0 0
0 -0 0
0 -0 0
0 -0 0
0 -0 0
0 -0 0
0 -0 0
0 -0 0
0 -0 0
0 -0 0
0 -0 0
0 -0 0
0 -0 0
0 -0 0
0 -0 0
0 -0 0
0 -0 0
0 -0 0
0 -0 0
0 -0 0
0 -0 0
0 -0 0
0 -0 0
0 -0 0
0 -0 0
0 -0 0
0 -0 0
0 -0 0
0 -0 0
0 -0 0
0 -0 0
0 -0 0
0 -0 0
0 -0 0
0 -0 0
0 -0 0
0 -0 0
0 -0 0
0 -0 0
0 -0 0
0 -0 0
0 -0 0
0 -0 0
0 -0 0
0 -0 0
0 -0 0
0 -0 0
0 -0 0
0 -0 0
0 -0 0
0 -0 0
0 -0 0
0 -0 0
0 -0 0
0 -0 0
0 -0 0
0 -0 0
0 -0 0
0 -0 0
0 -0 0
0 -0 0
0 -0 0
0 -0 0
0 -0 0
0 -0 0
0 -0 0
0 -0 0
-0 -0 0
-0 -0 0
-0 -0 0
-0 -0 0
-0 -0 0
-0 -0 0
-0 -0 0
-0 -0 0
-0 -0 0
-0 -0 0
-0 -0 0
-0 -0 0
-0 -0 0
-0 -0 0
-0 -0 0
-0 -0 0
-0 -0 0
-0 -0 0
-0 -0 0
-0 -0 0
-0 -0 0
-0 -0 0
-0 -0 0
-0 -0 0
-0.16584647 -0.10752549 0.33525002
-0.16352114 -0.10792641 0.33650002
-0.16069676 -0.10800659 0.33675003
-0.15810221 -0.10824713 0.33750001
-0.15514979 -0.10824713 0.33750001
-0.15208462 -0.10816696 0.33725002
-0.15012933 -0.1088886 0.33950001
-0.1474845 -0.10912915 0.34025002
-0.14461419 -0.10920934 0.34050003
-0.1418435 -0.1093697 0.34100002
-0.13896224 -0.10944988 0.34125
-0.13587739 -0.1093697 0.34100002
-0.13533008 -0.11137427 0.34725001
-0.13229236 -0.11137427 0.34725001
-0.12999909 -0.11201574 0.34925002
-0.12739821 -0.11241665 0.35050002
-0.12433205 -0.11241665 0.35050002
-0.12135239 -0.11249684 0.35075003
-0.11862127 -0.11281757 0.35175002
-0.11587266 -0.1131383 0.35275
-0.1129467 -0.11329867 0.35325003
-0.11008971 -0.11353921 0.354
-0.10737076 -0.11394013 0.35525003
-0.1043364 -0.11402031 0.35550001
-0.10129771 -0.1141005 0.35575002
-0.098461621 -0.11442123 0.35675001
-0.095608033 -0.11474197 0.35775003
-0.092607707 -0.11490233 0.35825002
-0.089598626 -0.11506269 0.35875002
-0.086701296 -0.11538342 0.35975
-0.084192932 -0.11626544 0.36250001
-0.081133552 -0.1164258 0.36300001
-0.077689596 -0.11602489 0.36175001
-0.074628033 -0.11618526 0.36225003
-0.0715084 -0.11626544 0.36250001
-0.068243012 -0.11610507 0.36200002
-0.064536951 -0.11514288 0.35900003
-0.061310921 -0.11498251 0.3585
-0.058215354 -0.11506269 0.35875002
-0.055192176 -0.11530325 0.35950002
-0.052119672 -0.11546361 0.36000001
-0.049004421 -0.1155438 0.36025003
-0.045916609 -0.11570416 0.36075002
-0.04279042 -0.11578435 0.36100003
-0.039934315 -0.11666635 0.36375001
-0.037131138 -0.1178691 0.36750001
-0.0340547 -0.1183502 0.36900002
-0.03091025 -0.11867093 0.37
-0.027710907 -0.1188313 0.37050003
-0.024552347 -0.11923221 0.37175003
-0.021357592 -0.11955295 0.37275001
-0.018084658 -0.11947277 0.37250003
-0 -0 0
-0 -0 0
-0 -0 0
-0 -0 0
-0 -0 0
0 -0 0
0 -0 0
0 -0 0
0 -0 0
0 -0 0
0 -0 0
0 -0 0
0 -0 0
0 -0 0
0 -0 0
0 -0 0
0 -0 0
0 -0 0
0 -0 0
0 -0 0
0 -0 0
0 -0 0
0 -0 0
0 -0 0
0 -0 0
0 -0 0
0 -0 0
0 -0 0
0 -0 0
0 -0 0
0 -0 0
0 -0 0
0 -0 0
0 -0 0
0 -0 0
0 -0 0
0 -0 0
0 -0 0
0 -0 0
0 -0 0
0 -0 0
0 -0 0
0 -0 0
0 -0 0
0 -0 0
0 -0 0
0 -0 0
0 -0 0
0 -0 0
0 -0 0
0 -0 0
0 -0 0
0 -0 0
0 -0 0
0 -0 0
0 -0 0
0 -0 0
0 -0 0
0 -0 0
0 -0 0
0 -0 0
0 -0 0
0 -0 0
0 -0 0
0 -0 0
0 -0 0
0 -0 0
0 -0 0
0 -0 0
0 -0 0
0 -0 0
0 -0 0
0 -0 0
0 -0 0
0 -0 0
0 -0 0
0 -0 0
0 -0 0
0 -0 0
0 -0 0
0 -0 0
0 -0 0
0 -0 0
0 -0 0
-0 -0 0
-0 -0 0
-0 -0 0
-0 -0 0
-0 -0 0
-0 -0 0
-0 -0 0
-0 -0 0
-0 -0 0
-0 -0 0
-0 -0 0
-0 -0 0
-0 -0 0
-0 -0 0
-0 -0 0
-0 -0 0
-0 -0 0
-0 -0 0
-0 -0 0
-0 -0 0
-0 -0 0
-0 -0 0
-0 -0 0
-0.16726889 -0.10365902 0.33225003
-0.16547544 -0.104361 0.33450001
-0.16352114 -0.10498498 0.33650002
-0.16081606 -0.10514098 0.33700001
-0.15798511 -0.10521898 0.33725002
-0.15503487 -0.10521898 0.33725002
-0.15174639 -0.10498498 0.33650002
-0.14935547 -0.10537497 0.33775002
-0.14737612 -0.10607694 0.34
-0.14450802 -0.10615494 0.34025002
-0.1417395 -0.10631094 0.34075001
-0.13886045 -0.10638894 0.34100002
-0.13627586 -0.10670093 0.34200001
-0.13552494 -0.10849488 0.34775001
-0.13276857 -0.10872887 0.34850001
-0.13046436 -0.10935285 0.35050002
-0.12748908 -0.10943086 0.35075003
-0.1245981 -0.10958685 0.35125002
-0.12152538 -0.10958685 0.35125002
-0.1189585 -0.11005483 0.35275
-0.11603691 -0.11021083 0.35325003
-0.11302663 -0.11028882 0.35350001
-0.11024521 -0.11060082 0.35450003
-0.10729519 -0.11075681 0.35500002
-0.10426304 -0.11083481 0.35525003
-0.10122652 -0.11091281 0.35550001
-0.098461621 -0.11130279 0.35675001
-0.095674843 -0.11169279 0.35800001
-0.092672326 -0.11184878 0.3585
-0.089785941 -0.11216077 0.35950002
-0.086882055 -0.11247276 0.36050001
-0.084889695 -0.11403272 0.3655
-0.081748202 -0.11411072 0.36575001
-0.07785067 -0.11309674 0.36250001
-0.074782543 -0.11325274 0.36300001
-0.071607031 -0.11325274 0.36300001
-0.068148755 -0.11278476 0.36150002
-0.064626835 -0.11216077 0.35950002
-0.06143919 -0.11208277 0.35925001
-0.058377624 -0.11223876 0.35975
-0.055345699 -0.11247276 0.36050001
-0.052264452 -0.11262877 0.36100003
-0.049174458 -0.11278476 0.36150002
-0.046043891 -0.11286275 0.36175001
-0.042938586 -0.11301875 0.36225003
-0.040126439 -0.11403272 0.3655
-0.037232175 -0.11496869 0.36850002
-0.034077775 -0.11520269 0.36925003
-0.030952021 -0.11559267 0.37050003
-0.027785698 -0.11590467 0.37150002
-0.024634903 -0.11637265 0.37300003
-0.021414891 -0.11660665 0.37375003
-0 -0 0
-0 -0 0
-0 -0 0
-0 -0 0
-0 -0 0
-0 -0 0
0 -0 0
0 -0 0
0 -0 0
0 -0 0
0 -0 0
0 -0 0
0 -0 0
0 -0 0
0 -0 0
0 -0 0
0 -0 0
0 -0 0
0 -0 0
0 -0 0
0 -0 0
0 -0 0
0 -0 0
0 -0 0
0 -0 0
0 -0 0
0 -0 0
0 -0 0
0 -0 0
0 -0 0
0 -0 0
0 -0 0
0 -0 0
0 -0 0
0 -0 0
0 -0 0
0 -0 0
0 -0 0
0 -0 0
0 -0 0
0 -0 0
0 -0 0
0 -0 0
0 -0 0
0 -0 0
0 -0 0
0 -0 0
0 -0 0
0 -0 0
0 -0 0
0 -0 0
0 -0 0
0 -0 0
0 -0 0
0 -0 0
0 -0 0
0 -0 0
0 -0 0
0 -0 0
0 -0 0
0 -0 0
0 -0 0
0 -0 0
0 -0 0
0 -0 0
0 -0 0
0 -0 0
0 -0 0
0 -0 0
0 -0 0
0 -0 0
0 -0 0
0 -0 0
0 -0 0
0 -0 0
0 -0 0
0 -0 0
0 -0 0
0 -0 0
0 -0 0
0 -0 0
0 -0 0
0 -0 0
0 -0 0
0 -0 0
-0 -0 0
-0 -0 0
-0 -0 0
-0 -0 0
-0 -0 0
-0 -0 0
-0 -0 0
-0 -0 0
-0 -0 0
-0 -0 0
-0 -0 0
-0 -0 0
-0 -0 0
-0 -0 0
-0 -0 0
-0 -0 0
-0 -0 0
-0 -0 0
-0 -0 0
-0 -0 0
-0 -0 0
-0 -0 0
-0 -0 0
-0.16739474 -0.10083055 0.33250001
-0.16535176 -0.10136124 0.33425
-0.16364263 -0.10211937 0.33675003
-0.16069676 -0.10211937 0.33675003
-0.157868 -0.10219518 0.33700001
-0 -0 0
-0 -0 0
-0.14990823 -0.10280168 0.33900002
-0.1471594 -0.1029533 0.33950001
-0.14461419 -0.10325655 0.34050003
-0.14225945 -0.10371143 0.34200001
-0.13916586 -0.10363562 0.34175003
-0.13587739 -0.10340818 0.34100002
-0.13591467 -0.10575837 0.34875003
-0.13314955 -0.10598581 0.34950003
-0.1303713 -0.10621323 0.35025001
-0.12757994 -0.10644068 0.35100001
-0.1245981 -0.10651649 0.35125002
-0.12152538 -0.10651649 0.35125002
-0.11904281 -0.10704718 0.35300002
-0.11603691 -0.10712299 0.35325003
-0.11318649 -0.10735042 0.354
-0.11047846 -0.10772949 0.35525003
-0.10744631 -0.1078053 0.35550001
-0.10440978 -0.10788111 0.35575002
-0.10151126 -0.10810856 0.35650003
-0.098599613 -0.10833599 0.35725001
-0.095741659 -0.10863924 0.35825002
-0.092866205 -0.10894249 0.35925001
-0.089910813 -0.10916992 0.36000001
-0.087123059 -0.1096248 0.36150002
-0.085005835 -0.11098943 0.36600003
-0.082139343 -0.11144429 0.36750001
-0.078280188 -0.11053455 0.36450002
-0.074885547 -0.1102313 0.36350003
-0.071705669 -0.1102313 0.36350003
-0.068148755 -0.1096248 0.36150002
-0.06467177 -0.10909411 0.35975
-0.061524697 -0.10909411 0.35975
-0.058418192 -0.10916992 0.36000001
-0.055384081 -0.10939736 0.36075002
-0.052300643 -0.10954899 0.36125001
-0.04924247 -0.10977642 0.36200002
-0.046139352 -0.10992805 0.36250001
-0.043027483 -0.11007967 0.36300001
-0.040373456 -0.11152011 0.36775002
-0.037358474 -0.11212661 0.36975002
-0.034123916 -0.11212661 0.36975002
-0.031014675 -0.11258148 0.37125
-0.027860492 -0.11296055 0.37250003
-0.024667926 -0.1132638 0.37350002
-0.021400565 -0.1132638 0.37350002
-0.017914735 -0.11189917 0.36900002
-0.014636989 -0.11152011 0.36775002
-0.01141993 -0.11152011 0.36775002
-0.0082753645 -0.11250567 0.37100002
-0 -0 0
-0 -0 0
0 -0 0
0 -0 0
0 -0 0
0 -0 0
0 -0 0
0 -0 0
0 -0 0
0 -0 0
0 -0 0
0 -0 0
0 -0 0
0 -0 0
0 -0 0
0 -0 0
0 -0 0
0 -0 0
0 -0 0
0 -0 0
0 -0 0
0 -0 0
0 -0 0
0 -0 0
0 -0 0
0 -0 0
0 -0 0
0 -0 0
0 -0 0
0 -0 0
0 -0 0
0 -0 0
0 -0 0
0 -0 0
0 -0 0
0 -0 0
0 -0 0
0 -0 0
0 -0 0
0 -0 0
0 -0 0
0 -0 0
0 -0 0
0 -0 0
0 -0 0
0 -0 0
0 -0 0
0 -0 0
0 -0 0
0 -0 0
0 -0 0
0 -0 0
0 -0 0
0 -0 0
0 -0 0
0 -0 0
0 -0 0
0 -0 0
0 -0 0
0 -0 0
0 -0 0
0 -0 0
0 -0 0
0 -0 0
0 -0 0
0 -0 0
0 -0 0
0 -0 0
0 -0 0
0 -0 0
0 -0 0
0 -0 0
0 -0 0
0 -0 0
0 -0 0
0 -0 0
0 -0 0
0 -0 0
0 -0 0
0 -0 0
0 -0 0
-0 -0 0
-0 -0 0
-0 -0 0
-0 -0 0
-0 -0 0
-0 -0 0
-0 -0 0
-0 -0 0
-0 -0 0
-0 -0 0
-0 -0 0
-0 -0 0
-0 -0 0
-0.19825444 -0.098807625 0.3355
-0 -0 0
-0 -0 0
-0 -0 0
-0 -0 0
-0 -0 0
-0 -0 0
-0 -0 0
-0 -0 0
-0 -0 0
-0.16764647 -0.098071359 0.333
-0.1652281 -0.098365873 0.33400002
-0.16364263 -0.099175774 0.33675003
-0.16081606 -0.099249393 0.33700001
-0 -0 0
-0 -0 0
-0 -0 0
-0 -0 0
-0.14824304 -0.10072193 0.34200001
-0.14546362 -0.10086919 0.34250003
-0.14277941 -0.10109007 0.34325001
-0.13957307 -0.10094282 0.34275001
-0.13607661 -0.10057468 0.34150001
-0.13571981 -0.10256261 0.34825
-0.13343526 -0.10315163 0.35025001
-0.13065048 -0.10337251 0.35100001
-0.12776168 -0.10351977 0.3515
-0.12486415 -0.10366703 0.35200003
-0.12195785 -0.10381428 0.35250002
-0.11904281 -0.10396153 0.35300002
-0.11611902 -0.10410878 0.35350001
-0.1136661 -0.1046978 0.35550001
-0.11078944 -0.10491869 0.35625002
-0.10767299 -0.10491869 0.35625002
-0.1046299 -0.10499232 0.35650003
-0.10172482 -0.10521319 0.35725001
-0.098806612 -0.10543407 0.35800001
-0.095875278 -0.10565495 0.35875002
-0.092930831 -0.10587584 0.35950002
-0.090098128 -0.10624398 0.36075002
-0.087364063 -0.10675936 0.36250001
-0.085470349 -0.10837916 0.36800003
-0.082474604 -0.10867367 0.36900002
-0.078656018 -0.10786377 0.36625001
-0.075040057 -0.10727475 0.36425
-0.071754985 -0.1071275 0.36375001
-0.068148755 -0.10646486 0.36150002
-0.064716719 -0.10602309 0.36000001
-0.061567456 -0.10602309 0.36000001
-0.058337059 -0.10587584 0.35950002
-0.055192176 -0.10587584 0.35950002
-0.052300643 -0.10639123 0.36125001
-0.049310483 -0.10675936 0.36250001
-0.046234813 -0.10698024 0.36325002
-0.043146018 -0.10720113 0.36400002
-0.04064792 -0.1090418 0.37025002
-0.03743425 -0.10911544 0.37050003
-0.034239281 -0.10926269 0.37100002
-0.031035563 -0.10940994 0.37150002
-0.027897889 -0.1098517 0.37300003
-0.024667926 -0.10999896 0.37350002
-0.021371916 -0.1098517 0.37300003
-0.017951148 -0.10889455 0.36975002
-0.014627039 -0.1082319 0.36750001
-0.01144322 -0.10852642 0.36850002
-0.0082586352 -0.1090418 0.37025002
-0.0050332644 -0.10933631 0.37125
-0.0017855876 -0.10933631 0.37125
0.0014601196 -0.10918906 0.37075001
0.0046970788 -0.1090418 0.37025002
0.0079895929 -0.10977808 0.37275001
0 -0 0
0 -0 0
0 -0 0
0 -0 0
0 -0 0
0 -0 0
0 -0 0
0 -0 0
0 -0 0
0 -0 0
0 -0 0
0 -0 0
0 -0 0
0 -0 0
0 -0 0
0 -0 0
0 -0 0
0 -0 0
0 -0 0
0 -0 0
0 -0 0
0 -0 0
0 -0 0
0 -0 0
0 -0 0
0 -0 0
0 -0 0
0 -0 0
0 -0 0
0 -0 0
0 -0 0
0 -0 0
0 -0 0
0 -0 0
0 -0 0
0 -0 0
0 -0 0
0 -0 0
0 -0 0
0 -0 0
0 -0 0
0 -0 0
0 -0 0
0 -0 0
0 -0 0
0 -0 0
0 -0 0
0 -0 0
0 -0 0
0 -0 0
0 -0 0
0 -0 0
0 -0 0
0 -0 0
0 -0 0
0 -0 0
0 -0 0
0 -0 0
0 -0 0
0 -0 0
0 -0 0
0 -0 0
0 -0 0
0 -0 0
0 -0 0
0 -0 0
0 -0 0
0 -0 0
0 -0 0
0 -0 0
0 -0 0
0 -0 0
0 -0 0
0 -0 0
0 -0 0
0 -0 0
-0 -0 0
-0 -0 0
-0 -0 0
-0 -0 0
-0 -0 0
-0 -0 0
-0 -0 0
-0 -0 0
-0 -0 0
-0 -0 0
-0 -0 0
-0 -0 0
-0 -0 0
-0.19884536 -0.096160717 0.33650002
-0 -0 0
-0 -0 0
-0 -0 0
-0 -0 0
-0 -0 0
-0 -0 0
-0 -0 0
-0 -0 0
-0 -0 0
-0 -0 0
-0.16646484 -0.096160717 0.33650002
-0.16388561 -0.096375048 0.33725002
-0.16129327 -0.096589372 0.33800003
-0 -0 0
-0 -0 0
-0 -0 0
-0.14990823 -0.096875139 0.33900002
-0.14835142 -0.097803883 0.34225002
-0.14556979 -0.097946763 0.34275001
-0.14288341 -0.098161086 0.34350002
-0.13998029 -0.098232538 0.34375003
-0.1364751 -0.097875327 0.34250003
-0.13640182 -0.10001858 0.35000002
-0.13419721 -0.10066155 0.35225001
-0.13074353 -0.10037579 0.35125002
-0.12785254 -0.10051867 0.35175002
-0.12513018 -0.10080443 0.35275
-0.12239032 -0.10109021 0.35375002
-0.11946435 -0.10123309 0.35425001
-0.11661175 -0.10144741 0.35500002
-0.11382597 -0.10173318 0.35600001
-0.11078944 -0.10180462 0.35625002
-0.10774855 -0.10187607 0.35650003
-0.10492339 -0.10216183 0.35750002
-0.10193837 -0.10230471 0.35800001
-0.098944612 -0.10244759 0.3585
-0.096008904 -0.10266192 0.35925001
-0.09312471 -0.1029477 0.36025003
-0.090285443 -0.1033049 0.36150002
-0.087725572 -0.10401932 0.36400002
-0.086921945 -0.10694844 0.37425002
-0.084095046 -0.10751997 0.37625003
-0.078978159 -0.10509095 0.36775002
-0.075246073 -0.10437653 0.36525002
-0.0718043 -0.10401932 0.36400002
-0.068101622 -0.10323346 0.36125001
-0.064806603 -0.10301913 0.36050001
-0.061567456 -0.10287625 0.36000001
-0.058255922 -0.10259049 0.35900003
-0.054846741 -0.10209039 0.35725001
-0.052011091 -0.10266192 0.35925001
-0.049344491 -0.10366211 0.36275002
-0.046330273 -0.10401932 0.36400002
-0.043383084 -0.10459086 0.36600003
-0.040620472 -0.10573392 0.37
-0.037459508 -0.10594825 0.37075001
-0.034331568 -0.10630546 0.37200001
-0.031098219 -0.1063769 0.37225002
-0.027841793 -0.1063769 0.37225002
-0.024651414 -0.10666266 0.37325001
-0.021400565 -0.10673411 0.37350002
-0.017963283 -0.10573392 0.37
-0.014636989 -0.10509095 0.36775002
-0.011450984 -0.10537671 0.36875001
-0.00823633 -0.1055196 0.36925003
-0.0050197067 -0.10580537 0.37025002
-0.0017843853 -0.10601969 0.37100002
0.0014601196 -0.10594825 0.37075001
0.0047002509 -0.10587681 0.37050003
0.0079574417 -0.10609113 0.37125
0.011227754 -0.10630546 0.37200001
0 -0 0
0 -0 0
0 -0 0
0 -0 0
0 -0 0
0 -0 0
0 -0 0
0 -0 0
0 -0 0
0 -0 0
0 -0 0
0 -0 0
0 -0 0
0 -0 0
0 -0 0
0 -0 0
0 -0 0
0 -0 0
0 -0 0
0 -0 0
0 -0 0
0 -0 0
0 -0 0
0 -0 0
0 -0 0
0 -0 0
0 -0 0
0 -0 0
0 -0 0
0 -0 0
0 -0 0
0 -0 0
0 -0 0
0 -0 0
0 -0 0
0 -0 0
0 -0 0
0 -0 0
0 -0 0
0 -0 0
0 -0 0
0 -0 0
0 -0 0
0 -0 0
0 -0 0
0 -0 0
0 -0 0
0 -0 0
0 -0 0
0 -0 0
0 -0 0
0 -0 0
0 -0 0
0 -0 0
0 -0 0
0 -0 0
0 -0 0
0 -0 0
0 -0 0
0 -0 0
0 -0 0
0 -0 0
0 -0 0
0 -0 0
0 -0 0
0 -0 0
0 -0 0
0 -0 0
0 -0 0
0 -0 0
0 -0 0
0 -0 0
0 -0 0
0 -0 0
0 -0 0
-0 -0 0
-0 -0 0
-0 -0 0
-0 -0 0
-0 -0 0
-0 -0 0
-0 -0 0
-0 -0 0
-0 -0 0
-0 -0 0
-0 -0 0
-0 -0 0
-0 -0 0
-0 -0 0
-0 -0 0
-0 -0 0
-0 -0 0
-0 -0 0
-0 -0 0
-0 -0 0
-0 -0 0
-0 -0 0
-0 -0 0
-0 -0 0
-0 -0 0
-0.16425006 -0.093634836 0.33800003
-0.16153187 -0.09377335 0.33850002
-0.15845355 -0.09370409 0.33825001
-0.15583934 -0.093911856 0.33900002
-0 -0 0
-0.14957657 -0.09370409 0.33825001
-0.14759287 -0.094327398 0.34050003
-0.14578214 -0.09508922 0.34325001
-0.14319538 -0.095366247 0.34425002
-0.14028569 -0.0954355 0.34450001
-0.13667433 -0.095019966 0.34300002
-0.13659668 -0.097097658 0.35050002
-0.13400672 -0.097443938 0.35175002
-0.13092965 -0.097443938 0.35175002
-0.12812516 -0.097651713 0.35250002
-0.12530756 -0.097859479 0.35325003
-0.12247681 -0.098067246 0.354
-0.11980159 -0.098413534 0.35525003
-0.11685812 -0.098552048 0.35575002
-0.11398584 -0.098759823 0.35650003
-0.11102268 -0.098898329 0.35700002
-0.10827747 -0.099244609 0.35825002
-0.10529026 -0.099383123 0.35875002
-0.10208075 -0.099313863 0.3585
-0.099151611 -0.099521637 0.35925001
-0.09620934 -0.099729404 0.36000001
-0.093318589 -0.10000644 0.36100003
-0.090472758 -0.10035272 0.36225003
-0.088087074 -0.10125305 0.3655
-0.08808323 -0.10506216 0.37925002
-0.08526846 -0.10568547 0.38150001
-0.079192922 -0.10215338 0.36875001
-0.075349078 -0.10132231 0.36575001
-0.071902931 -0.10097603 0.36450002
-0.068148755 -0.10014495 0.36150002
-0.064896487 -0.10000644 0.36100003
-0.061610211 -0.099798664 0.36025003
-0.058134217 -0.099244609 0.35825002
-0.054885123 -0.099036843 0.35750002
-0.052445423 -0.10035272 0.36225003
-0.049344491 -0.10049123 0.36275002
-0.046362091 -0.10090677 0.36425
-0.043649781 -0.10201487 0.36825001
-0.040702812 -0.10270744 0.37075001
-0.037510026 -0.10284594 0.37125
-0.034516145 -0.10360777 0.37400001
-0.031327959 -0.1038848 0.37500003
-0.028028777 -0.10381554 0.37475002
-0.024700949 -0.10360777 0.37400001
-0.021443538 -0.10367703 0.37425002
-0.017951148 -0.10243041 0.36975002
-0.01466684 -0.10208413 0.36850002
-0.011458747 -0.10222264 0.36900002
-0.0082419058 -0.10236115 0.36950001
-0.0050332644 -0.10284594 0.37125
-0.0018192554 -0.10478514 0.37825003
0.0014650425 -0.10305372 0.37200001
0.0047097653 -0.10284594 0.37125
0.0079628006 -0.10291521 0.37150002
0.011227754 -0.10305372 0.37200001
0 -0 0
0 -0 0
0 -0 0
0 -0 0
0 -0 0
0 -0 0
0 -0 0
0 -0 0
0 -0 0
0 -0 0
0 -0 0
0 -0 0
0 -0 0
0 -0 0
0 -0 0
0 -0 0
0 -0 0
0 -0 0
0 -0 0
0 -0 0
0 -0 0
0 -0 0
0 -0 0
0 -0 0
0 -0 0
0 -0 0
0 -0 0
0 -0 0
0 -0 0
0 -0 0
0 -0 0
0 -0 0
0 -0 0
0 -0 0
0 -0 0
0 -0 0
0 -0 0
0 -0 0
0 -0 0
0 -0 0
0 -0 0
0 -0 0
0 -0 0
0 -0 0
0 -0 0
0 -0 0
0 -0 0
0 -0 0
0 -0 0
0 -0 0
0 -0 0
0 -0 0
0 -0 0
0 -0 0
0 -0 0
0 -0 0
0 -0 0
0 -0 0
0 -0 0
0 -0 0
0 -0 0
0 -0 0
0 -0 0
0 -0 0
0 -0 0
0 -0 0
0 -0 0
0 -0 0
0 -0 0
0 -0 0
0 -0 0
0 -0 0
0 -0 0
0 -0 0
0 -0 0
-0 -0 0
-0 -0 0
-0 -0 0
-0 -0 0
-0 -0 0
-0 -0 0
-0 -0 0
-0 -0 0
-0 -0 0
-0 -0 0
-0 -0 0
-0 -0 0
-0 -0 0
-0 -0 0
-0 -0 0
-0 -0 0
-0 -0 0
-0 -0 0
-0 -0 0
-0 -0 0
-0 -0 0
-0 -0 0
-0 -0 0
-0 -0 0
-0.16770157 -0.090948582 0.33900002
-0.16485749 -0.091015652 0.33925003
-0.16177045 -0.090948582 0.33900002
-0.15880489 -0.090948582 0.33900002
-0.15618412 -0.0911498 0.33975002
-0.15343748 -0.09128394 0.34025002
-0.15068209 -0.09141808 0.34075001
-0.14921834 -0.092357077 0.34425002
-0.14631303 -0.092424147 0.34450001
-0.14329936 -0.092424147 0.34450001
-0.14028569 -0.092424147 0.34450001
-0 -0 0
-0.13581723 -0.093497284 0.34850001
-0.13400672 -0.09436921 0.35175002
-0.13120881 -0.094570428 0.35250002
-0.12839776 -0.094771646 0.35325003
-0.12548491 -0.094905786 0.35375002
-0.12247681 -0.094972849 0.354
-0.11971728 -0.095241137 0.35500002
-0.11694023 -0.095509425 0.35600001
-0.11406577 -0.095710635 0.35675001
-0.11117817 -0.095911853 0.35750002
-0.10842859 -0.096247211 0.35875002
-0.10529026 -0.096247211 0.35875002
-0.1022943 -0.096381351 0.35925001
-0.099289604 -0.096515492 0.35975
-0.096276157 -0.096649639 0.36025003
-0.093383208 -0.09691792 0.36125001
-0.090722509 -0.097454488 0.36325002
-0.088930592 -0.098997131 0.36900002
-0.088954188 -0.10275312 0.38300002
-0.086777143 -0.10416161 0.38825002
-0.079729818 -0.099600762 0.37125
-0.075709596 -0.098594695 0.36750001
-0.072050884 -0.097991064 0.36525002
-0.068290144 -0.097186208 0.36225003
-0.064986371 -0.09698499 0.36150002
-0.061781231 -0.09691792 0.36125001
-0.058458764 -0.096649639 0.36025003
-0.055000268 -0.096113063 0.35825002
-0.052155871 -0.096649639 0.36025003
-0.049344491 -0.097320348 0.36275002
-0.046393912 -0.097789846 0.36450002
-0.043857213 -0.099265411 0.37
-0.040840041 -0.09980198 0.37200001
-0.037560549 -0.099734917 0.37175003
-0.034400783 -0.1000032 0.37275001
-0.0312653 -0.10040563 0.37425002
-0.028084872 -0.10074098 0.37550002
-0.024800017 -0.10074098 0.37550002
-0.021457862 -0.10047269 0.37450001
-0.017951148 -0.099198341 0.36975002
-0.014706641 -0.099131271 0.36950001
-0.011482038 -0.099198341 0.36975002
-0.0082753645 -0.099533699 0.37100002
-0.0051383357 -0.10167997 0.37900001
-0.001824065 -0.10174705 0.37925002
0.0014827647 -0.10100926 0.37650001
0.0047319662 -0.10007027 0.37300003
0.0079681594 -0.099734917 0.37175003
0.011250391 -0.1000032 0.37275001
0 -0 0
0 -0 0
0 -0 0
0 -0 0
0 -0 0
0 -0 0
0 -0 0
0 -0 0
0 -0 0
0 -0 0
0 -0 0
0 -0 0
0 -0 0
0 -0 0
0 -0 0
0 -0 0
0 -0 0
0 -0 0
0 -0 0
0 -0 0
0 -0 0
0 -0 0
0 -0 0
0 -0 0
0 -0 0
0 -0 0
0 -0 0
0 -0 0
0 -0 0
0 -0 0
0 -0 0
0 -0 0
0 -0 0
0 -0 0
0 -0 0
0 -0 0
0 -0 0
0 -0 0
0 -0 0
0 -0 0
0 -0 0
0 -0 0
0 -0 0
0 -0 0
0 -0 0
0 -0 0
0 -0 0
0 -0 0
0 -0 0
0 -0 0
0 -0 0
0 -0 0
0 -0 0
0 -0 0
0 -0 0
0 -0 0
0 -0 0
0 -0 0
0 -0 0
0 -0 0
0 -0 0
0 -0 0
0 -0 0
0 -0 0
0 -0 0
0 -0 0
0 -0 0
0 -0 0
0 -0 0
0 -0 0
0 -0 0
0 -0 0
0 -0 0
0 -0 0
0 -0 0
-0 -0 0
-0 -0 0
-0 -0 0
-0 -0 0
-0 -0 0
-0 -0 0
-0 -0 0
-0 -0 0
-0 -0 0
-0 -0 0
-0 -0 0
-0 -0 0
-0 -0 0
-0 -0 0
-0 -0 0
-0 -0 0
-0 -0 0
-0 -0 0
-0 -0 0
-0 -0 0
-0 -0 0
-0 -0 0
-0 -0 0
-0 -0 0
-0 -0 0
-0.16485749 -0.088050194 0.33925003
-0.16224764 -0.088244848 0.34
-0.1597418 -0.088504389 0.34100002
-0.15687367 -0.088569276 0.34125
-0.15433939 -0.088828824 0.34225002
-0.15245092 -0.089477681 0.34475002
-0.15019362 -0.089931883 0.34650001
-0.14641921 -0.089477681 0.34475002
-0.14329936 -0.089412794 0.34450001
-0.14028569 -0.089412794 0.34450001
-0 -0 0
-0.13630438 -0.0907754 0.34975001
-0.13410197 -0.091359377 0.35200003
-0.13148798 -0.091683805 0.35325003
-0.12867036 -0.091878459 0.354
-0.12583964 -0.092073113 0.35475001
-0.1227363 -0.092073113 0.35475001
-0.11980159 -0.092202894 0.35525003
-0.11702236 -0.092462435 0.35625002
-0.11406577 -0.092592202 0.35675001
-0.11117817 -0.092786863 0.35750002
-0.10842859 -0.093111292 0.35875002
-0.105437 -0.093241058 0.35925001
-0.10250787 -0.09343572 0.36000001
-0.099427611 -0.093500607 0.36025003
-0.096409775 -0.093630381 0.36075002
-0.093577087 -0.093954809 0.36200002
-0.091097139 -0.09466856 0.36475003
-0.089472845 -0.096355587 0.37125
-0.089941271 -0.10050828 0.38725001
-0.088285819 -0.10251975 0.39500001
-0.081018381 -0.097912848 0.37725002
-0.075864106 -0.095576957 0.36825001
-0.072100192 -0.094863206 0.3655
-0.068525791 -0.094344124 0.36350003
-0.065256022 -0.09421435 0.36300001
-0.062037762 -0.09414947 0.36275002
-0.058823876 -0.094084576 0.36250001
-0.055652749 -0.094084576 0.36250001
-0.052373033 -0.093889922 0.36175001
-0.049548533 -0.094538778 0.36425
-0.046521194 -0.094863206 0.3655
-0.043975748 -0.0962907 0.37100002
-0.040867489 -0.096615128 0.37225002
-0.037611064 -0.096615128 0.37225002
-0.034400783 -0.096744902 0.37275001
-0.031286184 -0.097199105 0.37450001
-0.028066173 -0.097393759 0.37525001
-0.024800017 -0.097458646 0.37550002
-0.021500835 -0.097393759 0.37525001
-0.017963283 -0.096031152 0.37
-0.014736492 -0.096096046 0.37025002
-0.011497564 -0.096096046 0.37025002
-0.0082865171 -0.096420474 0.37150002
-0.0051518935 -0.098626599 0.38000003
-0.0018264698 -0.098561704 0.37975001
0.0014847339 -0.097847961 0.377
0.0047319662 -0.09680979 0.37300003
0.0079895929 -0.096744902 0.37275001
0.011280574 -0.097004451 0.37375003
0 -0 0
0 -0 0
0 -0 0
0 -0 0
0 -0 0
0 -0 0
0 -0 0
0 -0 0
0 -0 0
0 -0 0
0 -0 0
0 -0 0
0 -0 0
0 -0 0
0 -0 0
0 -0 0
0 -0 0
0 -0 0
0 -0 0
0 -0 0
0 -0 0
0 -0 0
0 -0 0
0 -0 0
0 -0 0
0 -0 0
0 -0 0
0 -0 0
0 -0 0
0 -0 0
0 -0 0
0 -0 0
0 -0 0
0 -0 0
0 -0 0
0 -0 0
0 -0 0
0 -0 0
0 -0 0
0 -0 0
0 -0 0
0 -0 0
0 -0 0
0 -0 0
0 -0 0
0 -0 0
0 -0 0
0 -0 0
0 -0 0
0 -0 0
0 -0 0
0 -0 0
0 -0 0
0 -0 0
0 -0 0
0 -0 0
0 -0 0
0 -0 0
0 -0 0
0 -0 0
0 -0 0
0 -0 0
0 -0 0
0 -0 0
0 -0 0
0 -0 0
0 -0 0
0 -0 0
0 -0 0
0 -0 0
0 -0 0
0 -0 0
0 -0 0
0 -0 0
0 -0 0
-0 -0 0
-0 -0 0
-0 -0 0
-0 -0 0
-0 -0 0
-0 -0 0
-0 -0 0
-0 -0 0
-0 -0 0
-0 -0 0
-0 -0 0
-0 -0 0
-0 -0 0
-0 -0 0
-0 -0 0
-0 -0 0
-0 -0 0
-0 -0 0
-0 -0 0
-0 -0 0
-0 -0 0
-0 -0 0
-0 -0 0
-0 -0 0
-0 -0 0
-0.16510047 -0.08521013 0.33975002
-0.16260555 -0.085460931 0.34075001
-0.16009314 -0.085711733 0.34175003
-0.15733337 -0.085837133 0.34225002
-0.15445213 -0.085899837 0.34250003
-0.15256149 -0.086526848 0.34500003
-0.14997689 -0.086777642 0.34600002
-0.1465254 -0.086526848 0.34500003
-0.14350735 -0.086526848 0.34500003
-0.14038751 -0.086464144 0.34475002
-0.13687356 -0.086150639 0.34350002
-0.13630438 -0.087718152 0.34975001
-0.13429245 -0.088407859 0.35250002
-0.1316741 -0.088721365 0.35375002
-0.12876123 -0.088846765 0.35425001
-0.126017 -0.089097567 0.35525003
-0.12316877 -0.089285664 0.35600001
-0.12013882 -0.089348368 0.35625002
-0.11726872 -0.089536473 0.35700002
-0.11430557 -0.089661874 0.35750002
-0.11133367 -0.089787275 0.35800001
-0.1085797 -0.090100773 0.35925001
-0.10565712 -0.090288877 0.36000001
-0.10265023 -0.090414278 0.36050001
-0.099565603 -0.090476982 0.36075002
-0.09667702 -0.090727776 0.36175001
-0.093835577 -0.091041282 0.36300001
-0.091097139 -0.091480196 0.36475003
-0.090135612 -0.093800113 0.37400001
-0.092321903 -0.099693969 0.39750001
-0.08951512 -0.10044638 0.40050003
-0.082038499 -0.095806532 0.38200003
-0.076430641 -0.093047708 0.37100002
-0.072494723 -0.092169896 0.36750001
-0.068761438 -0.091480196 0.36475003
-0.065480731 -0.091354787 0.36425
-0.062208783 -0.091229387 0.36375001
-0.059026714 -0.091229387 0.36375001
-0.055883035 -0.091292091 0.36400002
-0.052843556 -0.091542892 0.36500001
-0.049752578 -0.09173099 0.36575001
-0.046712115 -0.092044495 0.36700001
-0.043975748 -0.093047708 0.37100002
-0.040894937 -0.09342391 0.37250003
-0.037636325 -0.09342391 0.37250003
-0.034423858 -0.093549311 0.37300003
-0.031348843 -0.094113611 0.37525001
-0.028178364 -0.09448982 0.37675002
-0.024866061 -0.094427116 0.37650001
-0.021529483 -0.094239011 0.37575001
-0.017975422 -0.092859603 0.37025002
-0.014736492 -0.092859603 0.37025002
-0.011513091 -0.092985004 0.37075001
-0.0082865171 -0.093173109 0.37150002
-0.0051552826 -0.095367625 0.38025001
-0.0018276724 -0.095304929 0.38000003
0.0014817802 -0.09436442 0.37625003
0.0047509954 -0.093925513 0.37450001
0.0080378205 -0.094050921 0.37500003
0.011356029 -0.09436442 0.37625003
0 -0 0
0 -0 0
0 -0 0
0 -0 0
0 -0 0
0 -0 0
0 -0 0
0 -0 0
0 -0 0
0 -0 0
0 -0 0
0 -0 0
0 -0 0
0 -0 0
0 -0 0
0 -0 0
0 -0 0
0 -0 0
0 -0 0
0 -0 0
0 -0 0
0 -0 0
0 -0 0
0 -0 0
0 -0 0
0 -0 0
0 -0 0
0 -0 0
0 -0 0
0 -0 0
0 -0 0
0 -0 0
0 -0 0
0 -0 0
0 -0 0
0 -0 0
0 -0 0
0 -0 0
0 -0 0
0 -0 0
0 -0 0
0 -0 0
0 -0 0
0 -0 0
0 -0 0
0 -0 0
0 -0 0
0 -0 0
0 -0 0
0 -0 0
0 -0 0
0 -0 0
0 -0 0
0 -0 0
0 -0 0
0 -0 0
0 -0 0
0 -0 0
0 -0 0
0 -0 0
0 -0 0
0 -0 0
0 -0 0
0 -0 0
0 -0 0
0 -0 0
0 -0 0
0 -0 0
0 -0 0
0 -0 0
0 -0 0
0 -0 0
0 -0 0
0 -0 0
0 -0 0
-0 -0 0
-0 -0 0
-0 -0 0
-0 -0 0
-0 -0 0
-0 -0 0
-0 -0 0
-0 -0 0
-0 -0 0
-0 -0 0
-0 -0 0
-0 -0 0
-0 -0 0
-0 -0 0
-0 -0 0
-0 -0 0
-0 -0 0
-0 -0 0
-0 -0 0
-0 -0 0
-0 -0 0
-0 -0 0
-0 -0 0
-0 -0 0
-0 -0 0
-0.16582938 -0.08260338 0.34125
-0.16308276 -0.082724415 0.34175003
-0.15927334 -0.082300805 0.34
-0.1506677 -0.079335563 0.32775003
-0.14734958 -0.079093494 0.32675001
-0.1449334 -0.079335563 0.32775003
-0.14542556 -0.08121153 0.3355
-0.14684393 -0.083692655 0.34575
-0.14381932 -0.083692655 0.34575
-0.14028569 -0.083390079 0.34450001
-0.13727202 -0.083390079 0.34450001
-0.13679153 -0.084963478 0.35100001
-0.13476868 -0.08562915 0.35375002
-0.13176714 -0.085689656 0.354
-0.12876123 -0.085750178 0.35425001
-0.12610568 -0.086052753 0.35550001
-0.12334177 -0.086294822 0.35650003
-0.12047604 -0.086476356 0.35725001
-0.1175972 -0.086657904 0.35800001
-0.11454538 -0.086718425 0.35825002
-0.11164466 -0.086899973 0.35900003
-0.10873082 -0.087081514 0.35975
-0.1057305 -0.087202549 0.36025003
-0.10272142 -0.087323576 0.36075002
-0.099772602 -0.087505125 0.36150002
-0.096877456 -0.087747179 0.36250001
-0.093964837 -0.087989248 0.36350003
-0.091596648 -0.088775948 0.36675003
-0.090677872 -0.091075525 0.37625003
-0.092612222 -0.096521899 0.39875001
-0.089403361 -0.096824475 0.40000001
-0.082414329 -0.092890985 0.38375002
-0.076894172 -0.090349339 0.37325001
-0.072839938 -0.089381099 0.36925003
-0.069468372 -0.08919955 0.36850002
-0.066334635 -0.089320578 0.36900002
-0.062892869 -0.089018002 0.36775002
-0.05931069 -0.088473365 0.3655
-0.05599818 -0.088291824 0.36475003
-0.053024527 -0.088654913 0.36625001
-0.049820591 -0.088654913 0.36625001
-0.04690304 -0.08919955 0.36850002
-0.044094279 -0.090046763 0.37200001
-0.040977273 -0.090349339 0.37325001
-0.037737362 -0.09040986 0.37350002
-0.034493074 -0.090470374 0.37375003
-0.031348843 -0.090833463 0.37525001
-0.028197061 -0.091257066 0.377
-0.024915596 -0.091317587 0.37725002
-0.021500835 -0.090833463 0.37525001
-0.018011833 -0.089804702 0.37100002
-0.014756393 -0.089744188 0.37075001
-0.011528617 -0.089865215 0.37125
-0.0083088232 -0.090167798 0.37250003
-0.0051518935 -0.091983259 0.38000003
-0.0018288746 -0.092043765 0.38025001
0.0014807957 -0.091015011 0.37600002
0.0047605103 -0.090833463 0.37525001
0.0080806883 -0.091257066 0.377
0.011416393 -0.091559649 0.37825003
0 -0 0
0 -0 0
0 -0 0
0 -0 0
0 -0 0
0 -0 0
0 -0 0
0 -0 0
0 -0 0
0 -0 0
0 -0 0
0 -0 0
0 -0 0
0 -0 0
0 -0 0
0 -0 0
0 -0 0
0 -0 0
0 -0 0
0 -0 0
0 -0 0
0 -0 0
0 -0 0
0 -0 0
0 -0 0
0 -0 0
0 -0 0
0 -0 0
0 -0 0
0 -0 0
0 -0 0
0 -0 0
0 -0 0
0 -0 0
0 -0 0
0 -0 0
0 -0 0
0 -0 0
0 -0 0
0 -0 0
0 -0 0
0 -0 0
0 -0 0
0 -0 0
0 -0 0
0 -0 0
0 -0 0
0 -0 0
0 -0 0
0 -0 0
0 -0 0
0 -0 0
0 -0 0
0 -0 0
0 -0 0
0 -0 0
0 -0 0
0 -0 0
0 -0 0
0 -0 0
0 -0 0
0 -0 0
0 -0 0
0 -0 0
0 -0 0
0 -0 0
0 -0 0
0 -0 0
0 -0 0
0 -0 0
0 -0 0
0 -0 0
0 -0 0
0 -0 0
0 -0 0
-0 -0 0
-0 -0 0
-0 -0 0
-0 -0 0
-0 -0 0
-0 -0 0
-0 -0 0
-0 -0 0
-0 -0 0
-0 -0 0
-0 -0 0
-0 -0 0
-0 -0 0
-0 -0 0
-0 -0 0
-0 -0 0
-0 -0 0
-0 -0 0
-0 -0 0
-0 -0 0
-0 -0 0
-0 -0 0
-0 -0 0
-0 -0 0
-0 -0 0
-0.16619384 -0.079795428 0.34200001
-0.16296345 -0.079678766 0.34150001
-0.15868777 -0.079037137 0.33875
-0.14974828 -0.076003984 0.32575002
-0.14701137 -0.076062307 0.32600001
-0.14482285 -0.07641229 0.32750002
-0 -0 0
-0.14578214 -0.080087073 0.34325001
-0.14257142 -0.079970419 0.34275001
-0.13438107 -0.076995589 0.33000001
-0.13747126 -0.080495387 0.34500003
-0.13757098 -0.082361944 0.35300002
-0.13505441 -0.082711928 0.35450003
-0.13204631 -0.082770258 0.35475001
-0.12903385 -0.082828589 0.35500002
-0.12619437 -0.083003581 0.35575002
-0.12325527 -0.083120234 0.35625002
-0.12056036 -0.083411887 0.35750002
-0.11767933 -0.083586879 0.35825002
-0.11478518 -0.083761871 0.35900003
-0.1118779 -0.083936855 0.35975
-0.10888195 -0.084053516 0.36025003
-0.1057305 -0.084053516 0.36025003
-0.10272142 -0.084170178 0.36075002
-0.099841595 -0.084403493 0.36175001
-0.097077899 -0.084753476 0.36325002
-0.094223335 -0.085045129 0.36450002
-0.091908835 -0.08586175 0.36800003
-0.091400884 -0.088486597 0.37925002
-0.092554159 -0.092978008 0.39850003
-0.08929161 -0.093211323 0.39950001
-0.084025033 -0.091286436 0.39125001
-0.077306196 -0.087553315 0.37525001
-0.073037207 -0.086386718 0.37025002
-0.069609761 -0.086153403 0.36925003
-0.066379577 -0.086153403 0.36925003
-0.06323491 -0.086270057 0.36975002
-0.060081489 -0.086386718 0.37025002
-0.056996088 -0.086620033 0.37125
-0.054001775 -0.087028347 0.37300003
-0.050432723 -0.086503372 0.37075001
-0.047316704 -0.086736701 0.37175003
-0.044242445 -0.087086678 0.37325001
-0.041032169 -0.087203339 0.37375003
-0.037863657 -0.087436654 0.37475002
-0.034769941 -0.087903298 0.37675002
-0.031453267 -0.087844968 0.37650001
-0.028159665 -0.087844968 0.37650001
-0.024932107 -0.08807829 0.37750003
-0.021515161 -0.087611645 0.37550002
-0.018036108 -0.086678363 0.37150002
-0.014786244 -0.086678363 0.37150002
-0.011567434 -0.086911693 0.37250003
-0.0083311284 -0.087145008 0.37350002
-0.0051010526 -0.087786637 0.37625003
-0.0018132433 -0.087961622 0.377
0.0014778419 -0.087553315 0.37525001
0.0047700247 -0.087728307 0.37600002
0.0080538951 -0.087669976 0.37575001
0.011340938 -0.087669976 0.37575001
0 -0 0
0 -0 0
0 -0 0
0 -0 0
0 -0 0
0 -0 0
0 -0 0
0 -0 0
0 -0 0
0 -0 0
0 -0 0
0 -0 0
0 -0 0
0 -0 0
0 -0 0
0 -0 0
0 -0 0
0 -0 0
0 -0 0
0 -0 0
0 -0 0
0 -0 0
0 -0 0
0 -0 0
0 -0 0
0 -0 0
0 -0 0
0 -0 0
0 -0 0
0 -0 0
0 -0 0
0 -0 0
0 -0 0
0 -0 0
0 -0 0
0 -0 0
0 -0 0
0 -0 0
0 -0 0
0 -0 0
0 -0 0
0 -0 0
0 -0 0
0 -0 0
0 -0 0
0 -0 0
0 -0 0
0 -0 0
0 -0 0
0 -0 0
0 -0 0
0 -0 0
0 -0 0
0 -0 0
0 -0 0
0 -0 0
0 -0 0
0 -0 0
0 -0 0
0 -0 0
0 -0 0
0 -0 0
0 -0 0
0 -0 0
0 -0 0
0 -0 0
0 -0 0
0 -0 0
0 -0 0
0 -0 0
0 -0 0
0 -0 0
0 -0 0
0 -0 0
0 -0 0
-0 -0 0
-0 -0 0
-0 -0 0
-0 -0 0
-0 -0 0
-0 -0 0
-0 -0 0
-0 -0 0
-0 -0 0
-0 -0 0
-0 -0 0
-0 -0 0
-0 -0 0
-0 -0 0
-0 -0 0
-0 -0 0
-0 -0 0
-0 -0 0
-0 -0 0
-0 -0 0
-0 -0 0
-0.16240264 -0.070012428 0.31175002
-0.15903525 -0.069731705 0.31050003
-0 -0 0
-0.15446848 -0.070124716 0.31225002
-0 -0 0
-0.16165115 -0.076076046 0.33875
-0 -0 0
-0.14515124 -0.070910737 0.31575
-0.14351645 -0.071472183 0.31825
-0.14006913 -0.07113532 0.31675002
-0.13664801 -0.070798449 0.31525001
-0.13420877 -0.070966884 0.31600001
-0.13310826 -0.071865201 0.32000002
-0.13102154 -0.072258212 0.32175002
-0.13727202 -0.077367373 0.34450001
-0.13698639 -0.07893943 0.3515
-0.13524489 -0.079725459 0.35500002
-0.13223243 -0.079781607 0.35525003
-0.12930645 -0.079893894 0.35575002
-0.12654909 -0.08011847 0.35675001
-0.12351476 -0.080174617 0.35700002
-0.12064467 -0.080343053 0.35775003
-0.11776144 -0.080511481 0.3585
-0.11478518 -0.080623776 0.35900003
-0.11195564 -0.080848351 0.36000001
-0.10903307 -0.081016786 0.36075002
-0.10595062 -0.081072934 0.36100003
-0.1028638 -0.081129074 0.36125001
-0.10004859 -0.081409797 0.36250001
-0.097211517 -0.08169052 0.36375001
-0.094352581 -0.081971243 0.36500001
-0.091908835 -0.082644984 0.36800003
-0.091882899 -0.085620649 0.38125002
-0.092844486 -0.089775354 0.39975002
-0.089179859 -0.089606918 0.39900002
-0.085098833 -0.088989325 0.39625001
-0.078027241 -0.085059203 0.37875003
-0.07343173 -0.083599441 0.37225002
-0.069751143 -0.083094135 0.37
-0.066514403 -0.083094135 0.37
-0.063363172 -0.08320643 0.37050003
-0.060243759 -0.083374858 0.37125
-0.057149615 -0.083599441 0.37225002
-0.054074161 -0.083880164 0.37350002
-0.050874814 -0.083992451 0.37400001
-0.047571264 -0.083936311 0.37375003
-0.044420246 -0.084160887 0.37475002
-0.041169401 -0.084217034 0.37500003
-0.037989955 -0.08444161 0.37600002
-0.034816086 -0.084722333 0.37725002
-0.031495038 -0.084666185 0.377
-0.028197061 -0.084666185 0.377
-0.024948617 -0.08483462 0.37775001
-0.021486511 -0.084217034 0.37500003
-0.018048245 -0.083487153 0.37175003
-0.014796196 -0.083487153 0.37175003
-0.011575198 -0.083711728 0.37275001
-0.0083478577 -0.084048599 0.37425002
-0.0050773267 -0.084104739 0.37450001
-0.0018024215 -0.084160887 0.37475002
0.0014807957 -0.08444161 0.37600002
0.0047922255 -0.08483462 0.37775001
0.0080538951 -0.084385462 0.37575001
0.011416393 -0.084946916 0.37825003
0 -0 0
0 -0 0
0 -0 0
0 -0 0
0 -0 0
0 -0 0
0 -0 0
0 -0 0
0 -0 0
0 -0 0
0 -0 0
0 -0 0
0 -0 0
0 -0 0
0 -0 0
0 -0 0
0 -0 0
0 -0 0
0 -0 0
0 -0 0
0 -0 0
0 -0 0
0 -0 0
0 -0 0
0 -0 0
0 -0 0
0 -0 0
0 -0 0
0 -0 0
0 -0 0
0 -0 0
0 -0 0
0 -0 0
0 -0 0
0 -0 0
0 -0 0
0 -0 0
0 -0 0
0 -0 0
0 -0 0
0 -0 0
0 -0 0
0 -0 0
0 -0 0
0 -0 0
0 -0 0
0 -0 0
0 -0 0
0 -0 0
0 -0 0
0 -0 0
0 -0 0
0 -0 0
0 -0 0
0 -0 0
0 -0 0
0 -0 0
0 -0 0
0 -0 0
0 -0 0
0 -0 0
0 -0 0
0 -0 0
0 -0 0
0 -0 0
0 -0 0
0 -0 0
0 -0 0
0 -0 0
0 -0 0
0 -0 0
0 -0 0
0 -0 0
0 -0 0
0 -0 0
-0 -0 0
-0 -0 0
-0 -0 0
-0 -0 0
-0 -0 0
-0 -0 0
-0 -0 0
-0 -0 0
-0 -0 0
-0 -0 0
-0 -0 0
-0 -0 0
-0 -0 0
-0 -0 0
-0 -0 0
-0 -0 0
-0 -0 0
-0 -0 0
-0 -0 0
-0 -0 0
-0 -0 0
-0 -0 0
-0.1586511 -0.066855669 0.30975002
-0.15644486 -0.067071505 0.31075001
-0.15422113 -0.067287348 0.31175002
-0.15137246 -0.067233384 0.31150001
-0.14876679 -0.067287348 0.31175002
-0.14627384 -0.067395262 0.31225002
-0.14377214 -0.067503184 0.31275001
-0.14148717 -0.067719027 0.31375003
-0.13918471 -0.067934856 0.31475002
-0.13675639 -0.068096742 0.31550002
-0.13431494 -0.068258621 0.31625003
-0.13186036 -0.068420492 0.317
-0.13000351 -0.068906128 0.31925002
-0.13697317 -0.074194148 0.34375003
-0.13688897 -0.075812928 0.35125002
-0.13505441 -0.076514401 0.35450003
-0.13232549 -0.076730236 0.35550001
-0.12948819 -0.076892115 0.35625002
-0.12690383 -0.077215873 0.35775003
-0.12377425 -0.077215873 0.35775003
-0.12064467 -0.077215873 0.35775003
-0.11784357 -0.077431709 0.35875002
-0.11486511 -0.07753963 0.35925001
-0.11195564 -0.077701509 0.36000001
-0.10903307 -0.077863388 0.36075002
-0.10595062 -0.077917345 0.36100003
-0.1028638 -0.077971302 0.36125001
-0.099979602 -0.078187145 0.36225003
-0.097211517 -0.078510895 0.36375001
-0.094352581 -0.078780696 0.36500001
-0.091783956 -0.079320289 0.36750001
-0.092485406 -0.08282765 0.38375002
-0.093076736 -0.086496882 0.40075001
-0.08884459 -0.08579541 0.39750001
-0.086011566 -0.086442925 0.40050003
-0.078593768 -0.082342014 0.38150001
-0.073678315 -0.080615312 0.37350002
-0.069892533 -0.080021761 0.37075001
-0.06669417 -0.080075718 0.37100002
-0.063534193 -0.08018364 0.37150002
-0.0603249 -0.080237597 0.37175003
-0.057149615 -0.080345519 0.37225002
-0.054074161 -0.080615312 0.37350002
-0.050874814 -0.080723234 0.37400001
-0.047634903 -0.080777191 0.37425002
-0.044538777 -0.081100948 0.37575001
-0.041279182 -0.081154905 0.37600002
-0.038090989 -0.081370741 0.377
-0.034839161 -0.081478663 0.37750003
-0.03153681 -0.081478663 0.37750003
-0.028253157 -0.08153262 0.37775001
-0.02496513 -0.081586584 0.37800002
-0.021515161 -0.081046991 0.37550002
-0.018084658 -0.080399476 0.37250003
-0.014826046 -0.080399476 0.37250003
-0.011606252 -0.080669276 0.37375003
-0.0083645871 -0.080939069 0.37500003
-0.0050874949 -0.080993026 0.37525001
-0.001803624 -0.080939069 0.37500003
0.0014817802 -0.08120887 0.37625003
0.0047922255 -0.08153262 0.37775001
0.0080860471 -0.081424706 0.37725002
0.011423938 -0.081694499 0.37850001
0 -0 0
0 -0 0
0 -0 0
0 -0 0
0 -0 0
0 -0 0
0 -0 0
0 -0 0
0 -0 0
0 -0 0
0 -0 0
0 -0 0
0 -0 0
0 -0 0
0 -0 0
0 -0 0
0 -0 0
0 -0 0
0 -0 0
0 -0 0
0 -0 0
0 -0 0
0 -0 0
0 -0 0
0 -0 0
0 -0 0
0 -0 0
0 -0 0
0 -0 0
0 -0 0
0 -0 0
0 -0 0
0 -0 0
0 -0 0
0 -0 0
0 -0 0
0 -0 0
0 -0 0
0 -0 0
0 -0 0
0 -0 0
0 -0 0
0 -0 0
0 -0 0
0 -0 0
0 -0 0
0 -0 0
0 -0 0
0 -0 0
0 -0 0
0 -0 0
0 -0 0
0 -0 0
0 -0 0
0 -0 0
0 -0 0
0 -0 0
0 -0 0
0 -0 0
0 -0 0
0 -0 0
0 -0 0
0 -0 0
0 -0 0
0 -0 0
0 -0 0
0 -0 0
0 -0 0
0 -0 0
0 -0 0
0 -0 0
0 -0 0
0 -0 0
0 -0 0
0 -0 0
-0 -0 0
-0 -0 0
-0 -0 0
-0 -0 0
-0 -0 0
-0 -0 0
-0 -0 0
-0 -0 0
-0 -0 0
-0 -0 0
-0 -0 0
-0 -0 0
-0 -0 0
-0 -0 0
-0 -0 0
-0 -0 0
-0 -0 0
-0 -0 0
-0 -0 0
-0 -0 0
-0 -0 0
-0.16552827 -0.065804847 0.31775001
-0.15903525 -0.064303398 0.31050003
-0.15644486 -0.064355172 0.31075001
-0.1543448 -0.064614043 0.31200001
-0.15149395 -0.064562269 0.31175002
-0.14984047 -0.065028235 0.31400001
-0.1479134 -0.065390654 0.31575
-0.14515124 -0.065390654 0.31575
-0.14272729 -0.065545976 0.31650001
-0.14029023 -0.065701298 0.31725001
-0.13979059 -0.066788554 0.32250002
-0.1406856 -0.068600647 0.33125001
-0.13757987 -0.068497099 0.33075002
-0.13621354 -0.06927371 0.33450001
-0.13826819 -0.071862407 0.347
-0.13698639 -0.072794341 0.3515
-0.13486391 -0.073312081 0.354
-0.13232549 -0.073622733 0.35550001
-0.12912472 -0.073570959 0.35525003
-0.12663779 -0.073933378 0.35700002
-0.12368774 -0.074036926 0.35750002
-0.12072897 -0.074140467 0.35800001
-0.11784357 -0.074295796 0.35875002
-0.11494505 -0.074451119 0.35950002
-0.1118779 -0.074502885 0.35975
-0.10888195 -0.074606441 0.36025003
-0.10580386 -0.074658208 0.36050001
-0.10186719 -0.0740887 0.35775003
-0.096184649 -0.072173059 0.34850001
-0.093069173 -0.072121277 0.34825
-0.090216577 -0.0722766 0.34900001
-0.08878693 -0.073622733 0.35550001
-0.093750678 -0.080560461 0.38900003
-0.093308993 -0.083200939 0.40175003
-0.088174067 -0.081699483 0.39450002
-0.08654847 -0.083459809 0.40300003
-0.07931482 -0.079732068 0.38500002
-0.073826261 -0.07750579 0.37425002
-0.070033923 -0.076936267 0.37150002
-0.066784054 -0.076936267 0.37150002
-0.063576952 -0.076988049 0.37175003
-0.060365465 -0.077039815 0.37200001
-0.05726476 -0.077246919 0.37300003
-0.054074161 -0.077350467 0.37350002
-0.050908826 -0.07750579 0.37425002
-0.047698542 -0.077609338 0.37475002
-0.044538777 -0.077816427 0.37575001
-0.041361522 -0.078023531 0.37675002
-0.038141511 -0.078178853 0.37750003
-0.034839161 -0.078178853 0.37750003
-0.031557694 -0.078230619 0.37775001
-0.028290555 -0.078334175 0.37825003
-0.025031175 -0.07848949 0.37900001
-0.021529483 -0.077816427 0.37575001
-0.018108932 -0.077246919 0.37300003
-0.014875798 -0.077402242 0.37375003
-0.011637305 -0.077609338 0.37475002
-0.0083813155 -0.077816427 0.37575001
-0.0051010526 -0.077919982 0.37625003
-0.0018096361 -0.077919982 0.37625003
0.0014827647 -0.077971749 0.37650001
0.0047858828 -0.078127071 0.37725002
0.0080806883 -0.078075297 0.377
0 -0 0
0 -0 0
0 -0 0
0 -0 0
0 -0 0
0 -0 0
0 -0 0
0 -0 0
0 -0 0
0 -0 0
0 -0 0
0 -0 0
0 -0 0
0 -0 0
0 -0 0
0 -0 0
0 -0 0
0 -0 0
0 -0 0
0 -0 0
0 -0 0
0 -0 0
0 -0 0
0 -0 0
0 -0 0
0 -0 0
0 -0 0
0 -0 0
0 -0 0
0 -0 0
0 -0 0
0 -0 0
0 -0 0
0 -0 0
0 -0 0
0 -0 0
0 -0 0
0 -0 0
0 -0 0
0 -0 0
0 -0 0
0 -0 0
0 -0 0
0 -0 0
0 -0 0
0 -0 0
0 -0 0
0 -0 0
0 -0 0
0 -0 0
0 -0 0
0 -0 0
0 -0 0
0 -0 0
0 -0 0
0 -0 0
0 -0 0
0 -0 0
0 -0 0
0 -0 0
0 -0 0
0 -0 0
0 -0 0
0.25373873 -0.090397529 0.43650001
0 -0 0
0 -0 0
0 -0 0
0 -0 0
0 -0 0
0 -0 0
0 -0 0
0 -0 0
0 -0 0
0 -0 0
0 -0 0
0 -0 0
-0 -0 0
-0 -0 0
-0 -0 0
-0 -0 0
-0 -0 0
-0 -0 0
-0 -0 0
-0 -0 0
-0 -0 0
-0 -0 0
-0 -0 0
-0 -0 0
-0 -0 0
-0 -0 0
-0 -0 0
-0 -0 0
-0 -0 0
-0 -0 0
-0 -0 0
-0 -0 0
-0 -0 0
-0.16214217 -0.06173801 0.31125
-0.15967548 -0.061837193 0.31175002
-0.15732588 -0.061985955 0.3125
-0.15558153 -0.062382665 0.3145
-0.15343773 -0.062630609 0.31575
-0.15055628 -0.062581025 0.31550002
-0.14756207 -0.062481847 0.31500003
-0.14515124 -0.062630609 0.31575
-0.14284003 -0.062828965 0.31675002
-0.14040078 -0.062977731 0.31750003
-0.13718984 -0.062779374 0.31650001
-0.13484584 -0.062977731 0.31750003
-0.13206835 -0.062977731 0.31750003
-0.12990171 -0.063275263 0.31900001
-0.12731035 -0.063374445 0.31950003
-0.1246128 -0.063424028 0.31975001
-0.12219661 -0.063622385 0.32075003
-0.11939072 -0.063622385 0.32075003
-0.11667567 -0.063671976 0.32100001
-0.11422232 -0.063870333 0.32200003
-0.11114598 -0.063721567 0.32125002
-0.10850433 -0.063820742 0.32175002
-0.10626451 -0.064167857 0.32350001
-0.10375429 -0.064366221 0.32450002
-0.10091558 -0.064366221 0.32450002
-0.098152429 -0.064415805 0.32475001
-0.095605023 -0.064614162 0.32575002
-0.092968941 -0.064762928 0.32650003
-0.09031973 -0.064911693 0.32725
-0.087791018 -0.065159634 0.3285
-0.085240446 -0.065407574 0.32975
-0.083167501 -0.066052236 0.333
-0.091702141 -0.075474098 0.38050002
-0.093657374 -0.079986677 0.40325001
-0.087280035 -0.077457651 0.39050001
-0.086602151 -0.079986677 0.40325001
-0.079520829 -0.07656505 0.38600001
-0.073826261 -0.074234381 0.37425002
-0.070175312 -0.073837668 0.37225002
-0.066873938 -0.073788077 0.37200001
-0.063662462 -0.073837668 0.37225002
-0.060527742 -0.073986441 0.37300003
-0.057379905 -0.074135207 0.37375003
-0.054218937 -0.074283965 0.37450001
-0.051010847 -0.074383147 0.37500003
-0.047730368 -0.074383147 0.37500003
-0.044538777 -0.074531913 0.37575001
-0.041361522 -0.07473027 0.37675002
-0.038166769 -0.074928619 0.37775001
-0.034885302 -0.07497821 0.37800002
-0.03162035 -0.075077392 0.37850001
-0.028365348 -0.075226158 0.37925002
-0.025080709 -0.075325333 0.37975001
-0.021515161 -0.074482329 0.37550002
-0.018133206 -0.074085616 0.37350002
-0.014885748 -0.07418479 0.37400001
-0.011652831 -0.074432738 0.37525001
-0.0084036216 -0.07473027 0.37675002
-0.0051112203 -0.074779853 0.377
-0.0018120409 -0.07473027 0.37675002
0.0014847339 -0.074779853 0.377
0.0047858828 -0.074829444 0.37725002
0.0080806883 -0.074779853 0.377
0 -0 0
0 -0 0
0 -0 0
0 -0 0
0 -0 0
0 -0 0
0 -0 0
0 -0 0
0 -0 0
0 -0 0
0 -0 0
0 -0 0
0 -0 0
0 -0 0
0 -0 0
0 -0 0
0 -0 0
0 -0 0
0 -0 0
0 -0 0
0 -0 0
0 -0 0
0 -0 0
0 -0 0
0 -0 0
0 -0 0
0 -0 0
0 -0 0
0 -0 0
0 -0 0
0 -0 0
0 -0 0
0 -0 0
0 -0 0
0 -0 0
0 -0 0
0 -0 0
0 -0 0
0 -0 0
0 -0 0
0 -0 0
0 -0 0
0 -0 0
0 -0 0
0 -0 0
0 -0 0
0 -0 0
0 -0 0
0 -0 0
0 -0 0
0 -0 0
0 -0 0
0 -0 0
0 -0 0
0 -0 0
0 -0 0
0 -0 0
0 -0 0
0 -0 0
0 -0 0
0 -0 0
0 -0 0
0 -0 0
0.25432006 -0.086780339 0.43750003
0.25829479 -0.086829923 0.43775001
0.26481882 -0.087722525 0.44225001
0 -0 0
0 -0 0
0 -0 0
0 -0 0
0 -0 0
0 -0 0
0 -0 0
0 -0 0
0 -0 0
0 -0 0
-0 -0 0
-0 -0 0
-0 -0 0
-0 -0 0
-0 -0 0
-0 -0 0
-0 -0 0
-0 -0 0
-0 -0 0
-0.1916862 -0.058069233 0.30625001
-0.18869856 -0.057974428 0.30575001
-0 -0 0
-0 -0 0
-0 -0 0
-0 -0 0
-0 -0 0
-0.17448564 -0.058590673 0.30900002
-0.17192152 -0.058638077 0.30925003
-0.16948982 -0.058732886 0.30975002
-0.16664553 -0.058685478 0.30950001
-0.16420285 -0.058780283 0.31
-0.16214217 -0.059017301 0.31125
-0.15967548 -0.059112113 0.31175002
-0.15732588 -0.059254318 0.3125
-0.15508685 -0.059443936 0.31350002
-0.15295179 -0.059680954 0.31475002
-0.15019839 -0.059680954 0.31475002
-0.14721073 -0.059586149 0.31425002
-0.14480647 -0.059728358 0.31500003
-0.14250182 -0.059917968 0.31600001
-0.14006913 -0.060060181 0.31675002
-0.13729821 -0.060060181 0.31675002
-0.13463347 -0.060107581 0.317
-0.13206835 -0.060202394 0.31750003
-0.1296981 -0.060392004 0.31850001
-0.12721072 -0.060534216 0.31925002
-0.12451538 -0.060581621 0.31950003
-0.12210137 -0.060771231 0.32050002
-0.11939072 -0.060818639 0.32075003
-0.11676654 -0.060913444 0.32125002
-0.11413363 -0.061008248 0.32175002
-0.11149196 -0.061103053 0.32225001
-0.10875725 -0.061150461 0.32250002
-0.1061824 -0.061292671 0.32325003
-0.10367435 -0.061482284 0.32425001
-0.10107107 -0.061624493 0.32500002
-0.098454669 -0.061766706 0.32575002
-0.09575177 -0.061861511 0.32625002
-0.093111314 -0.062003724 0.32700002
-0.090457737 -0.062145934 0.32775003
-0.087924652 -0.062382951 0.32900003
-0.085498951 -0.06271477 0.33075002
-0.083105065 -0.063094005 0.33275002
-0.088930592 -0.069967501 0.36900002
-0.093134806 -0.076035149 0.40100002
-0.087335914 -0.074091606 0.39075002
-0.086441092 -0.076319568 0.40250003
-0.079417825 -0.073096126 0.38550001
-0.073875576 -0.071010374 0.37450001
-0.070269562 -0.070678554 0.37275001
-0.066918887 -0.070583746 0.37225002
-0.063705213 -0.070631154 0.37250003
-0.060568307 -0.070773363 0.37325001
-0.057379905 -0.070868172 0.37375003
-0.054218937 -0.071010374 0.37450001
-0.051044852 -0.07115259 0.37525001
-0.047794007 -0.071199991 0.37550002
-0.044568412 -0.071294799 0.37600002
-0.041388966 -0.071484409 0.377
-0.038217288 -0.071721435 0.37825003
-0.034977593 -0.071863636 0.37900001
-0.031703893 -0.071958452 0.37950003
-0.028421443 -0.072053254 0.38000003
-0.025113732 -0.072100654 0.38025001
-0.021500835 -0.07115259 0.37525001
-0.018133206 -0.070820764 0.37350002
-0.014895699 -0.070962973 0.37425002
-0.011660595 -0.071199991 0.37550002
-0.0084036216 -0.071437009 0.37675002
-0.0051112203 -0.071484409 0.377
-0.0018132433 -0.071484409 0.377
0.0014867031 -0.071579225 0.37750003
0.0047922255 -0.071626619 0.37775001
0.0080860471 -0.071531817 0.37725002
0 -0 0
0 -0 0
0 -0 0
0 -0 0
0 -0 0
0 -0 0
0 -0 0
0 -0 0
0 -0 0
0 -0 0
0 -0 0
0 -0 0
0 -0 0
0 -0 0
0 -0 0
0 -0 0
0 -0 0
0 -0 0
0 -0 0
0 -0 0
0 -0 0
0 -0 0
0 -0 0
0 -0 0
0 -0 0
0 -0 0
0 -0 0
0 -0 0
0 -0 0
0 -0 0
0 -0 0
0 -0 0
0 -0 0
0 -0 0
0 -0 0
0 -0 0
0 -0 0
0 -0 0
0 -0 0
0 -0 0
0 -0 0
0 -0 0
0 -0 0
0 -0 0
0 -0 0
0 -0 0
0 -0 0
0 -0 0
0 -0 0
0 -0 0
0 -0 0
0 -0 0
0 -0 0
0 -0 0
0 -0 0
0 -0 0
0 -0 0
0 -0 0
0 -0 0
0 -0 0
0 -0 0
0 -0 0
0 -0 0
0 -0 0
0.26095003 -0.083856717 0.44225001
0 -0 0
0 -0 0
0 -0 0
0 -0 0
0 -0 0
0 -0 0
0 -0 0
0 -0 0
0 -0 0
0 -0 0
0 -0 0
-0 -0 0
-0 -0 0
-0 -0 0
-0 -0 0
-0 -0 0
-0 -0 0
-0 -0 0
-0 -0 0
-0 -0 0
-0.19152974 -0.055347018 0.30600002
-0 -0 0
-0 -0 0
-0 -0 0
-0 -0 0
-0.17974633 -0.055844411 0.30875
-0 -0 0
-0.17420331 -0.055799197 0.30850002
-0.17192152 -0.055934854 0.30925003
-0.16962659 -0.056070503 0.31
-0.16691473 -0.056070503 0.31
-0.16433528 -0.056115724 0.31025001
-0.16227241 -0.056341816 0.31150001
-0.16005962 -0.056522682 0.3125
-0.15732588 -0.056522682 0.3125
-0.15471582 -0.056567904 0.31275001
-0.15210138 -0.056613125 0.31300002
-0.14984047 -0.056793995 0.31400001
-0.14744496 -0.056929652 0.31475002
-0.14515124 -0.057110522 0.31575
-0.14295277 -0.05733661 0.317
-0.14040078 -0.057427052 0.31750003
-0.13751493 -0.057381831 0.31725001
-0.13473965 -0.057381831 0.31725001
-0.13227634 -0.057517488 0.31800002
-0.1297999 -0.057653144 0.31875002
-0.12721072 -0.057743579 0.31925002
-0.12471023 -0.057879232 0.32000002
-0.12229186 -0.058060102 0.32100001
-0.11957683 -0.058105323 0.32125002
-0.11694828 -0.058195759 0.32175002
-0.11448835 -0.058376629 0.32275
-0.11183795 -0.058467068 0.32325003
-0.10909448 -0.058512285 0.32350001
-0.10642875 -0.05860272 0.324
-0.10383422 -0.058738373 0.32475001
-0.10122656 -0.05887403 0.32550001
-0.098530225 -0.058964465 0.32600001
-0.095898509 -0.059100121 0.32675001
-0.09325368 -0.059235774 0.32750002
-0.09059573 -0.05937143 0.32825002
-0.088058271 -0.059597522 0.32950002
-0.085498951 -0.059823614 0.33075002
-0.082980193 -0.060094923 0.33225003
-0.087846071 -0.065928064 0.36450002
-0.09319286 -0.07257513 0.40125
-0.087447666 -0.070766404 0.39125001
-0.0869243 -0.073208183 0.40475002
-0.079469331 -0.069771603 0.38575003
-0.073924892 -0.067782007 0.37475002
-0.07036382 -0.067510694 0.37325001
-0.067008771 -0.067420259 0.37275001
-0.063790724 -0.067465484 0.37300003
-0.060608875 -0.067555919 0.37350002
-0.057456665 -0.067691572 0.37425002
-0.054327521 -0.067872442 0.37525001
-0.051112864 -0.067962877 0.37575001
-0.047889467 -0.06805332 0.37625003
-0.044686943 -0.068188965 0.377
-0.041498754 -0.068369843 0.37800002
-0.038267806 -0.068505496 0.37875003
-0.035023738 -0.068641156 0.37950003
-0.031724777 -0.068686366 0.37975001
-0.028421443 -0.068731591 0.38000003
-0.025130244 -0.068822026 0.38050002
-0.021515161 -0.06791766 0.37550002
-0.018157482 -0.067646354 0.37400001
-0.014915599 -0.067782007 0.37475002
-0.011668358 -0.067962877 0.37575001
-0.0084036216 -0.068143755 0.37675002
-0.0051179994 -0.068279408 0.37750003
-0.0018168505 -0.068324625 0.37775001
0.0014896569 -0.068415061 0.37825003
0.004804912 -0.068505496 0.37875003
0.0081289159 -0.068595931 0.37925002
0 -0 0
0 -0 0
0 -0 0
0 -0 0
0 -0 0
0 -0 0
0 -0 0
0 -0 0
0 -0 0
0 -0 0
0 -0 0
0 -0 0
0 -0 0
0 -0 0
0 -0 0
0 -0 0
0 -0 0
0 -0 0
0 -0 0
0 -0 0
0 -0 0
0 -0 0
0 -0 0
0 -0 0
0 -0 0
0 -0 0
0 -0 0
0 -0 0
0 -0 0
0 -0 0
0 -0 0
0 -0 0
0 -0 0
0 -0 0
0 -0 0
0 -0 0
0 -0 0
0 -0 0
0 -0 0
0 -0 0
0 -0 0
0 -0 0
0 -0 0
0 -0 0
0 -0 0
0 -0 0
0 -0 0
0 -0 0
0 -0 0
0 -0 0
0 -0 0
0 -0 0
0 -0 0
0 -0 0
0 -0 0
0 -0 0
0 -0 0
0 -0 0
0 -0 0
0 -0 0
0 -0 0
0 -0 0
0 -0 0
0 -0 0
0 -0 0
0 -0 0
0 -0 0
0 -0 0
0 -0 0
0 -0 0
0 -0 0
0 -0 0
0 -0 0
0 -0 0
0 -0 0
0 -0 0
-0 -0 0
-0 -0 0
-0 -0 0
-0 -0 0
-0 -0 0
-0.20008928 -0.052112773 0.30275002
-0 -0 0
-0 -0 0
-0 -0 0
-0 -0 0
-0.18916143 -0.052758265 0.30650002
-0 -0 0
-0.18319926 -0.052586131 0.3055
-0 -0 0
-0 -0 0
-0 -0 0
-0.17462683 -0.053231627 0.30925003
-0.17192152 -0.053231627 0.30925003
-0.16962659 -0.053360723 0.31
-0.16718397 -0.053446792 0.31050003
-0.16486496 -0.053575885 0.31125
-0.16240264 -0.053661957 0.31175002
-0.16031572 -0.053877119 0.31300002
-0.15770347 -0.05392015 0.31325001
-0.15508685 -0.053963184 0.31350002
-0.15222287 -0.05392015 0.31325001
-0.14995979 -0.054092284 0.31425002
-0.14767918 -0.054264411 0.31525001
-0.14549603 -0.054479577 0.31650001
-0.14317825 -0.054651711 0.31750003
-0.14051133 -0.054694742 0.31775001
-0.13762331 -0.054651711 0.31750003
-0.13495201 -0.054694742 0.31775001
-0.13248432 -0.054823842 0.31850001
-0.12990171 -0.054909904 0.31900001
-0.12740995 -0.055039003 0.31975001
-0.12500253 -0.055211138 0.32075003
-0.1223871 -0.055297203 0.32125002
-0.11966988 -0.055340234 0.3215
-0.11713001 -0.05546933 0.32225001
-0.11457704 -0.05559843 0.32300001
-0.11192443 -0.055684496 0.32350001
-0.10926309 -0.055770561 0.324
-0.10667511 -0.055899661 0.32475001
-0.10399409 -0.05598573 0.32525003
-0.10138205 -0.056114823 0.32600001
-0.098681353 -0.056200895 0.32650003
-0.096045256 -0.056329988 0.32725
-0.093396053 -0.056459088 0.32800001
-0.090664722 -0.056545153 0.3285
-0.088058271 -0.056717288 0.32950002
-0.085434325 -0.056889415 0.33050001
-0.082855314 -0.05710458 0.33175001
-0.086761549 -0.061967291 0.36000001
-0.094005764 -0.069670171 0.40475002
-0.087727048 -0.067561559 0.39250001
-0.087139055 -0.069842301 0.40575001
-0.079675339 -0.066571802 0.38675001
-0.074122153 -0.064678356 0.37575001
-0.070552342 -0.064420164 0.37425002
-0.067098647 -0.064248033 0.37325001
-0.063833475 -0.064248033 0.37325001
-0.06073058 -0.064420164 0.37425002
-0.057610188 -0.064592294 0.37525001
-0.054436103 -0.064721391 0.37600002
-0.051146876 -0.064721391 0.37600002
-0.047984924 -0.064893521 0.377
-0.044805478 -0.06506566 0.37800002
-0.041581094 -0.065194756 0.37875003
-0.038343586 -0.065323859 0.37950003
-0.035046808 -0.065366887 0.37975001
-0.031745665 -0.065409921 0.38000003
-0.028440138 -0.065452948 0.38025001
-0.025146754 -0.065539017 0.38075003
-0.021500835 -0.064592294 0.37525001
-0.018193893 -0.064506233 0.37475002
-0.0149554 -0.064678356 0.37575001
-0.011691649 -0.06480746 0.37650001
-0.0084872674 -0.065495983 0.38050002
-0.0051790089 -0.065754183 0.38200003
-0.0018276724 -0.065409921 0.38000003
0.0014935951 -0.065280825 0.37925002
0.0048207701 -0.065409921 0.38000003
0.0081557082 -0.065495983 0.38050002
0 -0 0
0 -0 0
0 -0 0
0 -0 0
0 -0 0
0 -0 0
0 -0 0
0 -0 0
0 -0 0
0 -0 0
0 -0 0
0 -0 0
0 -0 0
0 -0 0
0 -0 0
0 -0 0
0 -0 0
0 -0 0
0 -0 0
0 -0 0
0 -0 0
0 -0 0
0 -0 0
0 -0 0
0 -0 0
0 -0 0
0 -0 0
0 -0 0
0 -0 0
0 -0 0
0 -0 0
0 -0 0
0 -0 0
0 -0 0
0 -0 0
0 -0 0
0 -0 0
0 -0 0
0 -0 0
0 -0 0
0 -0 0
0 -0 0
0 -0 0
0 -0 0
0 -0 0
0 -0 0
0 -0 0
0 -0 0
0 -0 0
0 -0 0
0 -0 0
0 -0 0
0 -0 0
0 -0 0
0 -0 0
0 -0 0
0 -0 0
0 -0 0
0 -0 0
0 -0 0
0 -0 0
0 -0 0
0 -0 0
0 -0 0
0 -0 0
0 -0 0
0 -0 0
0 -0 0
0 -0 0
0 -0 0
0 -0 0
0 -0 0
0 -0 0
0 -0 0
0 -0 0
0 -0 0
-0 -0 0
-0 -0 0
-0 -0 0
-0 -0 0
-0 -0 0
-0 -0 0
-0 -0 0
-0 -0 0
-0 -0 0
-0 -0 0
-0 -0 0
-0.18617597 -0.049997382 0.30600002
-0 -0 0
-0 -0 0
-0.17916417 -0.050283317 0.30775002
-0 -0 0
-0.17448564 -0.050487552 0.30900002
-0 -0 0
-0.16948982 -0.050610095 0.30975002
-0.16691473 -0.050650939 0.31
-0.16526224 -0.050977722 0.31200001
-0.16292359 -0.051100265 0.31275001
-0.16044375 -0.051181961 0.31325001
-0.15782933 -0.051222809 0.31350002
-0.15582889 -0.051467896 0.31500003
-0.15319476 -0.05150874 0.31525001
-0.15055628 -0.051549591 0.31550002
-0.1479134 -0.051590435 0.31575
-0.14549603 -0.051712979 0.31650001
-0.14317825 -0.05187637 0.31750003
-0.14062189 -0.051958065 0.31800002
-0.13784003 -0.051958065 0.31800002
-0.13537672 -0.052080609 0.31875002
-0.13279629 -0.052162301 0.31925002
-0.13010532 -0.052203152 0.31950003
-0.12750958 -0.052284844 0.32000002
-0.12500253 -0.052407388 0.32075003
-0.12248234 -0.052529927 0.3215
-0.11985599 -0.052611627 0.32200003
-0.11740262 -0.052775014 0.32300001
-0.1147544 -0.05285671 0.32350001
-0.11209742 -0.052938402 0.324
-0.10943171 -0.053020101 0.32450002
-0.10683936 -0.053142644 0.32525003
-0.10423389 -0.053265184 0.32600001
-0.10153756 -0.053346884 0.32650003
-0.098908029 -0.053469419 0.32725
-0.09619201 -0.053551119 0.32775003
-0.093467243 -0.053632814 0.32825002
-0.090664722 -0.053673659 0.3285
-0.087991454 -0.053796202 0.32925001
-0.085434325 -0.054000437 0.33050001
-0.082792878 -0.054163832 0.33150002
-0.086279541 -0.058493666 0.35800001
-0.094934791 -0.066785723 0.40875003
-0.088676967 -0.064825043 0.39675003
-0.086494774 -0.065805376 0.40275002
-0.079520829 -0.063068591 0.38600001
-0.074516684 -0.061720625 0.37775001
-0.070693731 -0.061271302 0.37500003
-0.067278422 -0.061148759 0.37425002
-0.064004503 -0.061148759 0.37425002
-0.06089285 -0.061312146 0.37525001
-0.057725333 -0.06143469 0.37600002
-0.054508492 -0.061516386 0.37650001
-0.051248897 -0.061557233 0.37675002
-0.048112206 -0.061761472 0.37800002
-0.04492401 -0.06192486 0.37900001
-0.041663434 -0.062006559 0.37950003
-0.038368843 -0.062047403 0.37975001
-0.035046808 -0.062047403 0.37975001
-0.031745665 -0.062088255 0.38000003
-0.028477538 -0.062210798 0.38075003
-0.025130244 -0.062169947 0.38050002
-0.021515161 -0.061352998 0.37550002
-0.018242443 -0.061393842 0.37575001
-0.014985251 -0.061516386 0.37650001
-0.011753756 -0.061843168 0.37850001
-0.0085318787 -0.062496729 0.38250002
-0.0052298498 -0.063027747 0.38575003
-0.0018421012 -0.062578425 0.38300002
0.0015004871 -0.062251642 0.38100001
0.0048397989 -0.062333334 0.38150001
0.0082092937 -0.062578425 0.38300002
0 -0 0
0 -0 0
0 -0 0
0 -0 0
0 -0 0
0 -0 0
0 -0 0
0 -0 0
0 -0 0
0 -0 0
0 -0 0
0 -0 0
0 -0 0
0 -0 0
0 -0 0
0 -0 0
0 -0 0
0 -0 0
0 -0 0
0 -0 0
0 -0 0
0 -0 0
0 -0 0
0 -0 0
0 -0 0
0 -0 0
0 -0 0
0 -0 0
0 -0 0
0 -0 0
0 -0 0
0 -0 0
0 -0 0
0 -0 0
0 -0 0
0 -0 0
0 -0 0
0 -0 0
0 -0 0
0 -0 0
0 -0 0
0 -0 0
0 -0 0
0 -0 0
0 -0 0
0 -0 0
0 -0 0
0 -0 0
0 -0 0
0 -0 0
0 -0 0
0 -0 0
0 -0 0
0 -0 0
0.22351864 -0.072667763 0.44475001
0.22561967 -0.072095901 0.44125003
0.2293497 -0.072055049 0.44100001
0 -0 0
0 -0 0
0 -0 0
0 -0 0
0 -0 0
0 -0 0
0 -0 0
0 -0 0
0 -0 0
0 -0 0
0 -0 0
0 -0 0
0 -0 0
0 -0 0
0 -0 0
0 -0 0
0 -0 0
0 -0 0
0 -0 0
-0 -0 0
-0 -0 0
-0 -0 0
-0 -0 0
-0 -0 0
-0 -0 0
-0 -0 0
-0 -0 0
-0 -0 0
-0.19137324 -0.047283903 0.30575001
-0 -0 0
-0.18632807 -0.047361225 0.30625001
-0 -0 0
-0 -0 0
-0 -0 0
-0.17690204 -0.047709189 0.30850002
-0.17420331 -0.047709189 0.30850002
-0.17206049 -0.047863837 0.30950001
-0.16948982 -0.047902498 0.30975002
-0.16785701 -0.048211798 0.31175002
-0.1656595 -0.048366446 0.31275001
-0.16292359 -0.048366446 0.31275001
-0.16005962 -0.048327781 0.3125
-0.15858451 -0.048714407 0.31500003
-0.15644726 -0.04890772 0.31625003
-0.15368071 -0.04890772 0.31625003
-0.15139137 -0.049062364 0.31725001
-0.14861609 -0.049062364 0.31725001
-0.14584079 -0.049062364 0.31725001
-0.14396742 -0.049371663 0.31925002
-0.14161685 -0.049526311 0.32025
-0.13903205 -0.049603637 0.32075003
-0.13707556 -0.049912933 0.32275
-0.13456413 -0.05002892 0.32350001
-0.13163237 -0.049990259 0.32325003
-0.12930268 -0.050183572 0.32450002
-0.12695113 -0.050376881 0.32575002
-0.12391099 -0.050299559 0.32525003
-0.12190322 -0.050647516 0.32750002
-0.11976521 -0.050956815 0.32950002
-0.11723749 -0.051111463 0.33050001
-0.11443279 -0.051150128 0.33075002
-0.11196095 -0.051343437 0.33200002
-0.1093851 -0.051498085 0.333
-0.10703158 -0.051768724 0.33475003
-0.10433644 -0.051884707 0.3355
-0.10185487 -0.052116681 0.33700001
-0.098980181 -0.052155346 0.33725002
-0.096314676 -0.052309994 0.33825001
-0.093976684 -0.052657954 0.34050003
-0.091198429 -0.052773938 0.34125
-0.088342458 -0.052851267 0.34175003
-0.085540153 -0.052967254 0.34250003
-0.087665319 -0.056253538 0.36375001
-0.095167041 -0.063367389 0.40975001
-0.08929161 -0.061782237 0.39950001
-0.08654847 -0.062323511 0.40300003
-0.079469331 -0.059655815 0.38575003
-0.074911214 -0.05872792 0.37975001
-0.070835114 -0.058109324 0.37575001
-0.06745819 -0.058032002 0.37525001
-0.064218275 -0.058070667 0.37550002
-0.061055128 -0.058186654 0.37625003
-0.057878856 -0.058302637 0.377
-0.054653272 -0.058379963 0.37750003
-0.051384926 -0.058418624 0.37775001
-0.048239488 -0.058611933 0.37900001
-0.04501291 -0.05872792 0.37975001
-0.041690879 -0.05872792 0.37975001
-0.038419362 -0.058805246 0.38025001
-0.035069883 -0.058766585 0.38000003
-0.031829204 -0.058921233 0.38100001
-0.028645821 -0.059230532 0.38300002
-0.025163265 -0.058921233 0.38100001
-0.021558134 -0.058186654 0.37625003
-0.018278854 -0.058225311 0.37650001
-0.015005152 -0.058302637 0.377
-0.011769282 -0.058611933 0.37900001
-0.0085095726 -0.058998555 0.38150001
-0.0052230712 -0.059578493 0.38525003
-0.0018372916 -0.059075885 0.38200003
0.0015024561 -0.058998555 0.38150001
0.0048651714 -0.059307855 0.38350001
0 -0 0
0 -0 0
0 -0 0
0 -0 0
0 -0 0
0 -0 0
0 -0 0
0 -0 0
0 -0 0
0 -0 0
0 -0 0
0 -0 0
0 -0 0
0 -0 0
0 -0 0
0 -0 0
0 -0 0
0 -0 0
0 -0 0
0 -0 0
0 -0 0
0 -0 0
0 -0 0
0 -0 0
0 -0 0
0 -0 0
0 -0 0
0 -0 0
0 -0 0
0 -0 0
0 -0 0
0 -0 0
0 -0 0
0 -0 0
0 -0 0
0 -0 0
0 -0 0
0 -0 0
0 -0 0
0 -0 0
0 -0 0
0 -0 0
0 -0 0
0 -0 0
0 -0 0
0 -0 0
0 -0 0
0 -0 0
0 -0 0
0 -0 0
0 -0 0
0 -0 0
0 -0 0
0 -0 0
0.22024527 -0.068973415 0.44600001
0.22351864 -0.068780102 0.44475001
0.22625881 -0.068432145 0.44250003
0.22960973 -0.068277493 0.44150001
0.23254652 -0.068006858 0.43975002
0.23518392 -0.067658901 0.43750003
0.23887455 -0.067620233 0.43725002
0.24186702 -0.067388259 0.43575001
0.24497418 -0.067194946 0.43450001
0.24791634 -0.06696298 0.43300003
0.24937898 -0.06634438 0.42900002
0.25254181 -0.066189736 0.42800003
0 -0 0
0 -0 0
0 -0 0
0 -0 0
0 -0 0
0 -0 0
0 -0 0
0 -0 0
0 -0 0
0 -0 0
0 -0 0
-0 -0 0
-0 -0 0
-0 -0 0
-0 -0 0
-0 -0 0
-0 -0 0
-0 -0 0
-0 -0 0
-0 -0 0
-0 -0 0
-0 -0 0
-0 -0 0
-0 -0 0
-0 -0 0
-0 -0 0
-0 -0 0
-0 -0 0
-0 -0 0
-0.17838152 -0.0475659 0.32600001
-0 -0 0
-0.17201574 -0.047383517 0.32475001
-0.16943532 -0.047456473 0.32525003
-0.16748638 -0.047711812 0.32700002
-0.16273791 -0.04716466 0.32325003
-0.16114686 -0.047529425 0.32575002
-0.15829721 -0.047529425 0.32575002
-0.15616336 -0.047748286 0.32725
-0.15400328 -0.047967147 0.32875001
-0.15158708 -0.048113056 0.32975
-0.14915341 -0.048258964 0.33075002
-0.14703389 -0.048514303 0.33250001
-0.14412519 -0.048514303 0.33250001
-0.14142884 -0.048587255 0.333
-0.13893175 -0.048733164 0.33400002
-0.13611174 -0.048769638 0.33425
-0.13348658 -0.048879072 0.33500001
-0.13084832 -0.048988502 0.33575001
-0.12800643 -0.049024981 0.33600003
-0.12543935 -0.049170885 0.33700001
-0.12276389 -0.049280319 0.33775002
-0.12007532 -0.04938975 0.33850002
-0.11720062 -0.049426224 0.33875
-0.11432157 -0.049462702 0.33900002
-0.11152025 -0.049535654 0.33950001
-0.10895 -0.049718041 0.34075001
-0.10612462 -0.049790993 0.34125
-0.10306383 -0.049754519 0.34100002
-0.10015414 -0.049790993 0.34125
-0.097453661 -0.049936902 0.34225002
-0.094666675 -0.050046336 0.34300002
-0.091799743 -0.050119288 0.34350002
-0.088988706 -0.050228719 0.34425002
-0.08622697 -0.050374623 0.34525001
-0.087364063 -0.052891534 0.36250001
-0.094644472 -0.05945738 0.40750003
-0.089235738 -0.058253642 0.39925003
-0.086977988 -0.059092611 0.40500003
-0.079520829 -0.056320362 0.38600001
-0.074615322 -0.05518958 0.37825003
-0.070976503 -0.054934241 0.37650001
-0.067637958 -0.054897767 0.37625003
-0.064389296 -0.054934241 0.37650001
-0.061217397 -0.055043671 0.37725002
-0.057994001 -0.055116624 0.37775001
-0.054798044 -0.055226054 0.37850001
-0.051486947 -0.055226054 0.37850001
-0.048334949 -0.055408441 0.37975001
-0.04510181 -0.055517871 0.38050002
-0.041745771 -0.055481393 0.38025001
-0.038419362 -0.055481393 0.38025001
-0.035162169 -0.055590823 0.38100001
-0.03189186 -0.055700257 0.38175002
-0.028683217 -0.055955593 0.38350001
-0.025179777 -0.055627301 0.38125002
-0.021615431 -0.055043671 0.37725002
-0.018327406 -0.055080149 0.37750003
-0.015044954 -0.055153102 0.37800002
-0.011769282 -0.055299006 0.37900001
-0.0084649622 -0.055371966 0.37950003
-0.0051044417 -0.054934241 0.37650001
-0.0018288746 -0.055481393 0.38025001
0.0015014716 -0.055627301 0.38125002
0.0048778579 -0.056101505 0.38450003
0.0082628792 -0.056247409 0.38550001
0 -0 0
0 -0 0
0 -0 0
0 -0 0
0 -0 0
0 -0 0
0 -0 0
0 -0 0
0 -0 0
0 -0 0
0 -0 0
0 -0 0
0 -0 0
0 -0 0
0 -0 0
0 -0 0
0 -0 0
0 -0 0
0 -0 0
0 -0 0
0 -0 0
0 -0 0
0 -0 0
0 -0 0
0 -0 0
0 -0 0
0 -0 0
0 -0 0
0 -0 0
0 -0 0
0 -0 0
0 -0 0
0 -0 0
0 -0 0
0 -0 0
0 -0 0
0 -0 0
0 -0 0
0 -0 0
0 -0 0
0 -0 0
0 -0 0
0 -0 0
0 -0 0
0 -0 0
0 -0 0
0 -0 0
0 -0 0
0 -0 0
0 -0 0
0 -0 0
0 -0 0
0.2167075 -0.06518425 0.44675002
0.22110948 -0.065330163 0.44775003
0.22414686 -0.065074824 0.44600001
0.22664231 -0.06467358 0.44325003
0.23012981 -0.064564146 0.44250003
0.23307535 -0.064308807 0.44075003
0.23478074 -0.063725181 0.43675002
0.2386014 -0.063725181 0.43675002
0.24172826 -0.063542791 0.43550003
0.24483323 -0.063360408 0.43425003
0.24777319 -0.063141547 0.43275002
0.24937898 -0.062594391 0.42900002
0.25165674 -0.062229626 0.42650002
0 -0 0
0 -0 0
0 -0 0
0 -0 0
0 -0 0
0 -0 0
0 -0 0
0 -0 0
0 -0 0
0 -0 0
0 -0 0
-0 -0 0
-0 -0 0
-0 -0 0
-0 -0 0
-0 -0 0
-0 -0 0
-0 -0 0
-0 -0 0
-0 -0 0
-0 -0 0
-0 -0 0
-0 -0 0
-0 -0 0
-0 -0 0
-0.18833341 -0.044373345 0.32350001
-0.1859335 -0.044476219 0.32425001
-0 -0 0
-0.18109438 -0.04468197 0.32575002
-0.17810793 -0.044647679 0.32550001
-0.17512588 -0.044613387 0.32525003
-0.17214817 -0.044579096 0.32500002
-0.17034696 -0.04485343 0.32700002
-0.16799857 -0.044990595 0.32800001
-0.16512924 -0.044990595 0.32800001
-0.16213626 -0.044956304 0.32775003
-0.15926911 -0.044956304 0.32775003
-0.15687917 -0.045093469 0.32875001
-0.15412039 -0.045127764 0.32900003
-0.15227665 -0.045436386 0.33125001
-0.15005532 -0.045642138 0.33275002
-0.14736554 -0.04571072 0.33325002
-0.14466701 -0.045779299 0.33375001
-0.14195974 -0.045847882 0.33425
-0.13924372 -0.045916468 0.33475003
-0.13631535 -0.045916468 0.33475003
-0.13348658 -0.045950759 0.33500001
-0.13065346 -0.04598505 0.33525002
-0.12781593 -0.046019342 0.3355
-0.12525323 -0.046156511 0.33650002
-0.12267301 -0.046293676 0.33750001
-0.11989796 -0.046362262 0.33800003
-0.11720062 -0.046465132 0.33875
-0.11440589 -0.046533719 0.33925003
-0.11152025 -0.046568006 0.33950001
-0.10887007 -0.046705175 0.34050003
-0.10596912 -0.046739466 0.34075001
-0.10298827 -0.046739466 0.34075001
-0.10015414 -0.046808049 0.34125
-0.097524844 -0.046979509 0.34250003
-0.094666675 -0.047048092 0.34300002
-0.091732934 -0.047082383 0.34325001
-0.088988706 -0.047219552 0.34425002
-0.08622697 -0.047356714 0.34525001
-0.087183312 -0.049619962 0.36175001
-0.094354153 -0.055723872 0.40625003
-0.090465032 -0.055518121 0.40475002
-0.086655848 -0.05534666 0.40350002
-0.079108804 -0.052671913 0.384
-0.074566007 -0.051848918 0.37800002
-0.07107076 -0.051711749 0.377
-0.067772783 -0.051711749 0.377
-0.064560317 -0.051780336 0.37750003
-0.061339103 -0.051848918 0.37800002
-0.058185905 -0.051986083 0.37900001
-0.054942824 -0.05205467 0.37950003
-0.051622979 -0.05205467 0.37950003
-0.048334949 -0.052088957 0.37975001
-0.045072176 -0.05215754 0.38025001
-0.041773215 -0.052191835 0.38050002
-0.038520399 -0.052294709 0.38125002
-0.03534675 -0.052534748 0.38300002
-0.032058943 -0.052637625 0.38375002
-0.028720614 -0.052671913 0.384
-0.025163265 -0.052260414 0.38100001
-0.021644078 -0.051814623 0.37775001
-0.01835168 -0.051848918 0.37800002
-0.015074805 -0.051951792 0.37875003
-0.011769282 -0.051986083 0.37900001
-0 -0 0
-0 -0 0
-0.0018336844 -0.052294709 0.38125002
0.0015044254 -0.052397583 0.38200003
0.0048715146 -0.052671913 0.384
0 -0 0
0 -0 0
0 -0 0
0 -0 0
0 -0 0
0 -0 0
0 -0 0
0 -0 0
0 -0 0
0 -0 0
0 -0 0
0 -0 0
0 -0 0
0 -0 0
0 -0 0
0 -0 0
0 -0 0
0 -0 0
0 -0 0
0 -0 0
0 -0 0
0 -0 0
0 -0 0
0 -0 0
0 -0 0
0 -0 0
0 -0 0
0 -0 0
0 -0 0
0 -0 0
0 -0 0
0 -0 0
0 -0 0
0 -0 0
0 -0 0
0 -0 0
0 -0 0
0 -0 0
0 -0 0
0 -0 0
0 -0 0
0 -0 0
0 -0 0
0 -0 0
0 -0 0
0 -0 0
0 -0 0
0 -0 0
0 -0 0
0 -0 0
0 -0 0
0 -0 0
0 -0 0
0.21755639 -0.06151915 0.44850001
0.22172675 -0.061587736 0.44900003
0.22402121 -0.061141945 0.44575003
0.22664231 -0.060799029 0.44325003
0.23012981 -0.060696155 0.44250003
0.23360416 -0.060593277 0.44175002
0.23437756 -0.05980457 0.43600002
0.23832825 -0.059838865 0.43625003
0.24172826 -0.059735987 0.43550003
0.24511513 -0.059633113 0.43475002
0.24720064 -0.059221614 0.43175003
0.24836169 -0.058604367 0.42725003
0.25106668 -0.058364321 0.42550001
0 -0 0
0 -0 0
0 -0 0
0 -0 0
0 -0 0
0 -0 0
0 -0 0
0 -0 0
0 -0 0
0 -0 0
0 -0 0
-0 -0 0
-0 -0 0
-0 -0 0
-0 -0 0
-0 -0 0
-0 -0 0
-0 -0 0
-0 -0 0
-0 -0 0
-0 -0 0
-0 -0 0
-0 -0 0
-0 -0 0
-0 -0 0
-0.18847896 -0.041577663 0.32375002
-0.18579014 -0.041609768 0.324
-0 -0 0
-0 -0 0
-0.17824472 -0.041834515 0.32575002
-0.17579892 -0.041930836 0.32650003
-0.17386965 -0.042155579 0.32825002
-0.17164931 -0.042316109 0.32950002
-0.16863881 -0.042284001 0.32925001
-0.16538097 -0.042187683 0.3285
-0.16225992 -0.04212347 0.32800001
-0.15963356 -0.042187683 0.3285
-0.15759496 -0.04241243 0.33025002
-0.15435462 -0.042316109 0.32950002
-0.15193187 -0.042444535 0.33050001
-0.14960435 -0.042605065 0.33175001
-0.14681278 -0.042637173 0.33200002
-0.14455865 -0.042829812 0.33350003
-0.14195974 -0.042926125 0.33425
-0.13851579 -0.042765595 0.333
-0.1350937 -0.042605065 0.33175001
-0.13259004 -0.04273349 0.33275002
-0.12967916 -0.04273349 0.33275002
-0.12686351 -0.042765595 0.333
-0.12376434 -0.042701382 0.33250001
-0.12140086 -0.042894024 0.33400002
-0.11856772 -0.042926125 0.33425
-0.11573021 -0.042958234 0.33450001
-0.1125511 -0.042861916 0.33375001
-0.10946723 -0.042797703 0.33325002
-0.10679178 -0.042894024 0.33400002
-0.10379221 -0.042861916 0.33375001
-0.10087259 -0.042861916 0.33375001
-0.097952954 -0.042861916 0.33375001
-0.095104523 -0.042894024 0.33400002
-0.092320703 -0.042958234 0.33450001
-0.08939451 -0.042958234 0.33450001
-0.086597577 -0.043022446 0.33500001
-0.083979197 -0.043182977 0.33625001
-0.08435151 -0.044948827 0.35000002
-0.093831569 -0.051883787 0.40400001
-0.091191433 -0.05239749 0.40800002
-0.086655848 -0.051819574 0.40350002
-0.079211816 -0.049379498 0.38450003
-0.074713953 -0.048641052 0.37875003
-0.071165025 -0.048480522 0.37750003
-0.067907609 -0.048512623 0.37775001
-0.064731337 -0.048608944 0.37850001
-0.06142024 -0.048608944 0.37850001
-0.058109146 -0.048608944 0.37850001
-0.054979015 -0.048769474 0.37975001
-0.051690992 -0.048801582 0.38000003
-0.04836677 -0.048801582 0.38000003
-0.045131445 -0.048897903 0.38075003
-0.041910447 -0.049026325 0.38175002
-0.038621437 -0.049090538 0.38225001
-0.035369821 -0.049218964 0.38325003
-0.032058943 -0.049283177 0.38375002
-0.028720614 -0.049315281 0.384
-0.025179777 -0.048962116 0.38125002
-0.021687051 -0.048608944 0.37850001
-0.018388093 -0.048641052 0.37875003
-0.015094706 -0.048705265 0.37925002
-0.011792572 -0.048769474 0.37975001
-0.00849842 -0.048930008 0.38100001
-0.0051925662 -0.049186859 0.38300002
-0.001844506 -0.049251068 0.38350001
0.0015103328 -0.049251068 0.38350001
0.0048683435 -0.049283177 0.38375002
0 -0 0
0 -0 0
0 -0 0
0 -0 0
0 -0 0
0 -0 0
0 -0 0
0 -0 0
0 -0 0
0 -0 0
0 -0 0
0 -0 0
0 -0 0
0 -0 0
0 -0 0
0 -0 0
0 -0 0
0 -0 0
0 -0 0
0 -0 0
0 -0 0
0 -0 0
0 -0 0
0 -0 0
0 -0 0
0 -0 0
0 -0 0
0 -0 0
0 -0 0
0 -0 0
0 -0 0
0 -0 0
0 -0 0
0 -0 0
0 -0 0
0 -0 0
0 -0 0
0 -0 0
0 -0 0
0 -0 0
0 -0 0
0 -0 0
0 -0 0
0 -0 0
0 -0 0
0 -0 0
0 -0 0
0 -0 0
0 -0 0
0 -0 0
0 -0 0
0 -0 0
0 -0 0
0.21719259 -0.057502393 0.44775003
0 -0 0
0 -0 0
0 -0 0
0.23051986 -0.056924477 0.44325003
0 -0 0
0.23478074 -0.056089714 0.43675002
0.23778193 -0.055897076 0.43525001
0 -0 0
0 -0 0
0.24276334 -0.054452293 0.42400002
0 -0 0
0.24988659 -0.05438808 0.42350003
0 -0 0
0 -0 0
0 -0 0
0 -0 0
0 -0 0
0 -0 0
0 -0 0
0 -0 0
0 -0 0
0 -0 0
0 -0 0
-0 -0 0
-0 -0 0
-0 -0 0
-0 -0 0
-0 -0 0
-0 -0 0
-0 -0 0
-0 -0 0
-0 -0 0
-0 -0 0
-0 -0 0
-0 -0 0
-0 -0 0
-0 -0 0
-0 -0 0
-0 -0 0
-0 -0 0
-0 -0 0
-0 -0 0
-0 -0 0
-0.16698371 -0.037730377 0.31525001
-0.16435617 -0.037760299 0.31550002
-0.16172424 -0.037790217 0.31575
-0.15908794 -0.037820138 0.31600001
-0.15743664 -0.038089428 0.31825
-0.15453112 -0.038059507 0.31800002
-0.15234578 -0.038209114 0.31925002
-0.14931877 -0.038149271 0.31875002
-0.14733484 -0.038358718 0.32050002
-0.14520755 -0.038538244 0.32200003
-0.14239071 -0.038538244 0.32200003
-0.1394655 -0.038508322 0.32175002
-0.13718174 -0.038657926 0.32300001
-0.13425216 -0.038628004 0.32275
-0.13122515 -0.038568165 0.32225001
-0.12840612 -0.038568165 0.32225001
-0.12568453 -0.038598087 0.32250002
-0.12353001 -0.038807534 0.32425001
-0.12097266 -0.038897295 0.32500002
-0.11849304 -0.039016977 0.32600001
-0.11572991 -0.039046902 0.32625002
-0.11296238 -0.039076824 0.32650003
-0.11027479 -0.039136663 0.32700002
-0.10774269 -0.039256345 0.32800001
-0.10503323 -0.039316189 0.3285
-0.10231502 -0.039376032 0.32900003
-0.099588074 -0.039435875 0.32950002
-0.096925735 -0.039525639 0.33025002
-0.094250292 -0.0396154 0.33100003
-0.09149272 -0.039675243 0.33150002
-0.088860013 -0.039794926 0.33250001
-0.086209834 -0.039914612 0.33350003
-0.083604574 -0.040064216 0.33475003
-0.082543984 -0.040991768 0.34250003
-0.091973521 -0.047394861 0.39600003
-0.091414936 -0.04895075 0.40900001
-0.086602151 -0.048262566 0.40325001
-0.0790058 -0.045898806 0.38350001
-0.075059168 -0.045539755 0.38050002
-0.071542054 -0.045420073 0.37950003
-0.068177268 -0.045390151 0.37925002
-0.064859606 -0.045390151 0.37925002
-0.061501373 -0.04536023 0.37900001
-0.058262672 -0.045420073 0.37950003
-0.0550876 -0.045539755 0.38050002
-0.051793013 -0.045569681 0.38075003
-0.04852587 -0.04562952 0.38125002
-0.045220342 -0.045659438 0.38150001
-0.041992787 -0.045779124 0.38250002
-0.038747732 -0.045898806 0.38350001
-0.035462111 -0.045988571 0.38425002
-0.032100715 -0.045988571 0.38425002
-0.028739313 -0.045988571 0.38425002
-0.025245821 -0.045749202 0.38225001
-0.02174435 -0.045420073 0.37950003
-0.018448777 -0.045479916 0.38000003
-0.015154408 -0.045569681 0.38075003
-0.011846916 -0.045659438 0.38150001
-0.0085263019 -0.045749202 0.38225001
-0.0051959557 -0.045868888 0.38325003
-0.0018469108 -0.045958649 0.384
0.0015152557 -0.046048414 0.38475001
0.0048842011 -0.046078335 0.38500002
0 -0 0
0 -0 0
0 -0 0
0 -0 0
0 -0 0
0 -0 0
0 -0 0
0 -0 0
0 -0 0
0 -0 0
0 -0 0
0 -0 0
0 -0 0
0 -0 0
0 -0 0
0 -0 0
0 -0 0
0 -0 0
0 -0 0
0 -0 0
0 -0 0
0 -0 0
0 -0 0
0 -0 0
0 -0 0
0 -0 0
0 -0 0
0 -0 0
0 -0 0
0 -0 0
0 -0 0
0 -0 0
0 -0 0
0 -0 0
0 -0 0
0 -0 0
0 -0 0
0 -0 0
0 -0 0
0 -0 0
0 -0 0
0 -0 0
0 -0 0
0 -0 0
0 -0 0
0 -0 0
0 -0 0
0 -0 0
0 -0 0
0 -0 0
0 -0 0
0 -0 0
0 -0 0
0.21658625 -0.053438902 0.44650003
0.22086255 -0.053528663 0.44725001
0.225152 -0.053618424 0.44800001
0.22855976 -0.053498741 0.44700003
0.23129995 -0.053229451 0.44475001
0.23479401 -0.05313969 0.44400004
0.2354527 -0.052421585 0.43800002
0.23901114 -0.052361745 0.43750003
0.24228331 -0.052242059 0.43650001
0.24539703 -0.052092455 0.43525001
0.24533984 -0.051284589 0.42850003
0.24618182 -0.050686169 0.42350003
0 -0 0
0 -0 0
0 -0 0
0 -0 0
0 -0 0
0 -0 0
0 -0 0
0 -0 0
0 -0 0
0 -0 0
0 -0 0
0 -0 0
-0 -0 0
-0 -0 0
-0 -0 0
-0 -0 0
-0 -0 0
-0 -0 0
-0 -0 0
-0 -0 0
-0 -0 0
-0 -0 0
-0.19286442 -0.034669612 0.3125
-0.19028279 -0.03469735 0.31275001
-0.18709712 -0.034614142 0.31200001
-0.18289046 -0.034336783 0.30950001
-0 -0 0
-0.17991254 -0.034808293 0.31375003
-0.17688552 -0.03475282 0.31325001
-0.17400625 -0.034725085 0.31300002
-0.17181534 -0.034836028 0.31400001
-0.16947231 -0.034919236 0.31475002
-0.16671887 -0.034919236 0.31475002
-0.1640957 -0.034946971 0.31500003
-0.16172424 -0.035030175 0.31575
-0.15908794 -0.035057914 0.31600001
-0.15657093 -0.035113383 0.31650001
-0.15404516 -0.035168856 0.317
-0.15162997 -0.035252061 0.31775001
-0.14896743 -0.035279799 0.31800002
-0.14653036 -0.035363007 0.31875002
-0.14430565 -0.035501685 0.32000002
-0.14194851 -0.035612628 0.32100001
-0.13935713 -0.035668097 0.3215
-0.13665086 -0.035695836 0.32175002
-0.13394019 -0.035723571 0.32200003
-0.13122515 -0.035751306 0.32225001
-0.12870498 -0.035834514 0.32300001
-0.1262691 -0.035945453 0.324
-0.1237205 -0.036028661 0.32475001
-0.12106572 -0.036084134 0.32525003
-0.11849304 -0.036167338 0.32600001
-0.11572991 -0.036195077 0.32625002
-0.11313537 -0.036278285 0.32700002
-0.11044341 -0.036333755 0.32750002
-0.10774269 -0.036389224 0.32800001
-0.10511316 -0.036472432 0.32875001
-0.10247052 -0.03655564 0.32950002
-0.099739186 -0.03661111 0.33000001
-0.097072482 -0.036694318 0.33075002
-0.094392657 -0.036777526 0.33150002
-0.091699719 -0.036860734 0.33225003
-0.088993639 -0.036943939 0.333
-0.086339079 -0.037054885 0.33400002
-0.083729446 -0.037193563 0.33525002
-0.082182474 -0.037831482 0.34100002
-0.090463854 -0.043212205 0.38950002
-0.091303185 -0.04532012 0.40850002
-0.084884077 -0.043850128 0.39525002
-0.07869678 -0.042380136 0.38200003
-0.075059168 -0.042213723 0.38050002
-0.071730569 -0.042213723 0.38050002
-0.068312094 -0.04215825 0.38000003
-0.064945117 -0.042130515 0.37975001
-0.061623078 -0.042130515 0.37975001
-0.058454577 -0.042241458 0.38075003
-0.055196185 -0.042296931 0.38125002
-0.051929042 -0.042352401 0.38175002
-0.048653152 -0.04240787 0.38225001
-0.045368508 -0.04246334 0.38275
-0.042075127 -0.042518817 0.38325003
-0.038848769 -0.042657495 0.38450003
-0.035554402 -0.042740703 0.38525003
-0.032184254 -0.042740703 0.38525003
-0.028814107 -0.042740703 0.38525003
-0.025460469 -0.042768434 0.38550001
-0.02204516 -0.042685226 0.38475001
-0.018752212 -0.042851642 0.38625002
-0.015313613 -0.042685226 0.38475001
-0.011885732 -0.04246334 0.38275
-0.00857649 -0.042657495 0.38450003
-0.0052061239 -0.042602021 0.384
-0.0018505182 -0.042685226 0.38475001
0.001521163 -0.042851642 0.38625002
0.004906402 -0.042907115 0.38675001
0 -0 0
0 -0 0
0 -0 0
0 -0 0
0 -0 0
0 -0 0
0 -0 0
0 -0 0
0 -0 0
0 -0 0
0 -0 0
0 -0 0
0 -0 0
0 -0 0
0 -0 0
0 -0 0
0 -0 0
0 -0 0
0 -0 0
0 -0 0
0 -0 0
0 -0 0
0 -0 0
0 -0 0
0 -0 0
0 -0 0
0 -0 0
0 -0 0
0 -0 0
0 -0 0
0 -0 0
0 -0 0
0 -0 0
0 -0 0
0 -0 0
0 -0 0
0 -0 0
0 -0 0
0 -0 0
0 -0 0
0 -0 0
0 -0 0
0 -0 0
0 -0 0
0 -0 0
0 -0 0
0 -0 0
0 -0 0
0 -0 0
0 -0 0
0 -0 0
0 -0 0
0 -0 0
0 -0 0
0.22123292 -0.049702358 0.44800001
0.22540328 -0.049757827 0.44850001
0.22894324 -0.049674623 0.44775003
0.23208006 -0.04950821 0.44625002
0.2353228 -0.049369529 0.44500002
0.23639342 -0.04878708 0.43975002
0.23969403 -0.048676137 0.43875003
0.24256085 -0.048481986 0.43700001
0.245538 -0.048315573 0.43550003
0.24720064 -0.047899541 0.43175003
0.25083223 -0.047871802 0.43150002
0.25150922 -0.047289353 0.42625001
0 -0 0
0 -0 0
0 -0 0
0 -0 0
0 -0 0
0 -0 0
0 -0 0
0 -0 0
0 -0 0
0 -0 0
0 -0 0
-0 -0 0
-0 -0 0
-0 -0 0
-0 -0 0
-0 -0 0
-0 -0 0
-0 -0 0
-0 -0 0
-0 -0 0
-0 -0 0
-0 -0 0
-0 -0 0
-0 -0 0
-0.18377684 -0.031784676 0.31100002
-0.18178396 -0.031912427 0.31225002
-0.17962581 -0.032014631 0.31325001
-0.17730904 -0.032091282 0.31400001
-0.17456219 -0.032091282 0.31400001
-0.17181534 -0.032091282 0.31400001
-0.16974153 -0.032219034 0.31525001
-0.16711614 -0.032244585 0.31550002
-0.16396546 -0.032167934 0.31475002
-0.1613401 -0.032193486 0.31500003
-0.15933965 -0.032346785 0.31650001
-0.15694195 -0.032423437 0.31725001
-0.15428816 -0.032448988 0.31750003
-0.15162997 -0.032474536 0.31775001
-0.14885031 -0.032474536 0.31775001
-0.14676021 -0.03262784 0.31925002
-0.14441837 -0.032730039 0.32025
-0.14205906 -0.032832243 0.32125002
-0.1394655 -0.032883342 0.32175002
-0.13665086 -0.032883342 0.32175002
-0.13404417 -0.032934442 0.32225001
-0.13153057 -0.033011094 0.32300001
-0.12900382 -0.033087745 0.32375002
-0.12646398 -0.033164397 0.32450002
-0.12391099 -0.033241048 0.32525003
-0.12106572 -0.033241048 0.32525003
-0.11858392 -0.033343252 0.32625002
-0.11590727 -0.033394352 0.32675001
-0.11330836 -0.033471003 0.32750002
-0.11069633 -0.033547655 0.32825002
-0.10790692 -0.033573203 0.3285
-0.10511316 -0.033598755 0.32875001
-0.10247052 -0.033675406 0.32950002
-0.09981475 -0.033752058 0.33025002
-0.097219221 -0.033854257 0.33125001
-0.09453503 -0.033930909 0.33200002
-0.091837712 -0.03400756 0.33275002
-0.089127265 -0.034084212 0.33350003
-0.086403698 -0.03416086 0.33425
-0.083791882 -0.034288611 0.3355
-0.081579961 -0.034595221 0.33850002
-0.087967098 -0.038708832 0.37875003
-0.090409152 -0.041340519 0.40450001
-0.083863959 -0.039909698 0.39050001
-0.07869678 -0.039040986 0.38200003
-0.075108483 -0.038913235 0.38075003
-0.071871959 -0.038964335 0.38125002
-0.068536803 -0.038964335 0.38125002
-0.065116137 -0.038913235 0.38075003
-0.06182592 -0.038938783 0.38100001
-0.058569718 -0.038989883 0.38150001
-0.055304766 -0.039040986 0.38200003
-0.05196305 -0.039040986 0.38200003
-0.048716791 -0.039117634 0.38275
-0.045457408 -0.039194286 0.38350001
-0.04213002 -0.039219838 0.38375002
-0.038924549 -0.039373141 0.38525003
-0.035600543 -0.039424241 0.38575003
-0.03224691 -0.039449792 0.38600001
-0.028926296 -0.039526444 0.38675001
-0.02559256 -0.039603096 0.38750002
-0.022217054 -0.039628647 0.38775003
-0.018837173 -0.039654195 0.38800001
-0.01547282 -0.039730847 0.38875002
-0.012072054 -0.039730847 0.38875002
-0.008682441 -0.039781947 0.38925001
-0.0052908594 -0.03988415 0.39025003
-0 -0 0
0 -0 0
0 -0 0
0 -0 0
0 -0 0
0 -0 0
0 -0 0
0 -0 0
0 -0 0
0 -0 0
0 -0 0
0 -0 0
0 -0 0
0 -0 0
0 -0 0
0 -0 0
0 -0 0
0 -0 0
0 -0 0
0 -0 0
0 -0 0
0 -0 0
0 -0 0
0 -0 0
0 -0 0
0 -0 0
0 -0 0
0 -0 0
0 -0 0
0 -0 0
0 -0 0
0 -0 0
0 -0 0
0 -0 0
0 -0 0
0 -0 0
0 -0 0
0 -0 0
0 -0 0
0 -0 0
0 -0 0
0 -0 0
0 -0 0
0 -0 0
0 -0 0
0 -0 0
0 -0 0
0 -0 0
0 -0 0
0 -0 0
0 -0 0
0 -0 0
0 -0 0
0 -0 0
0 -0 0
0 -0 0
0 -0 0
0 -0 0
0.22552893 -0.045862939 0.44875002
0.22907107 -0.045786288 0.44800001
0.23273014 -0.045735188 0.44750002
0.23545502 -0.045505233 0.44525003
0.23706537 -0.045070875 0.44100001
0.24037692 -0.044968676 0.44000003
0.24325469 -0.044789825 0.43825004
0.24666561 -0.044713173 0.43750003
0.24834575 -0.044329915 0.43375003
0.2518495 -0.044278812 0.43325001
0 -0 0
0 -0 0
0 -0 0
0 -0 0
0 -0 0
0 -0 0
0 -0 0
0 -0 0
0 -0 0
0 -0 0
0 -0 0
0 -0 0
-0 -0 0
-0 -0 0
-0 -0 0
-0 -0 0
-0 -0 0
-0 -0 0
-0 -0 0
-0 -0 0
-0 -0 0
-0 -0 0
-0 -0 0
-0 -0 0
-0 -0 0
-0.18451549 -0.02918298 0.31225002
-0.18178396 -0.02918298 0.31225002
-0 -0 0
-0.17759137 -0.029393265 0.3145
-0.17470117 -0.029369902 0.31425002
-0.17181534 -0.029346535 0.31400001
-0.16933769 -0.029393265 0.3145
-0.16738099 -0.029533455 0.31600001
-0.16448639 -0.02951009 0.31575
-0.16172424 -0.02951009 0.31575
-0.15959138 -0.029626915 0.317
-0.15718929 -0.02969701 0.31775001
-0.15489559 -0.029790472 0.31875002
-0.15258437 -0.029883932 0.31975001
-0.14943586 -0.029813835 0.31900001
-0.14733484 -0.029954027 0.32050002
-0.14464386 -0.029977394 0.32075003
-0.14216961 -0.030047486 0.3215
-0.13957387 -0.030094219 0.32200003
-0.13696939 -0.030140948 0.32250002
-0.13435616 -0.030187678 0.32300001
-0.13173418 -0.030234408 0.32350001
-0.12920305 -0.030304503 0.32425001
-0.12685369 -0.030421328 0.32550001
-0.12410147 -0.030444695 0.32575002
-0.12125183 -0.030444695 0.32575002
-0.11885653 -0.03056152 0.32700002
-0.11617331 -0.03060825 0.32750002
-0.11339486 -0.030631615 0.32775003
-0.11069633 -0.030678345 0.32825002
-0.10798905 -0.030725075 0.32875001
-0.10535297 -0.03079517 0.32950002
-0.10270376 -0.030865267 0.33025002
-0.10004143 -0.030935362 0.33100003
-0.097439349 -0.03102882 0.33200002
-0.094748594 -0.031098917 0.33275002
-0.091975711 -0.031145645 0.33325002
-0.089260891 -0.031215742 0.33400002
-0.086468324 -0.031262472 0.33450001
-0.083791882 -0.031355932 0.3355
-0.081579961 -0.031636313 0.33850002
-0.08703807 -0.035024248 0.37475002
-0.090576783 -0.037874788 0.40525001
-0.08343444 -0.036309328 0.38850001
-0.07869678 -0.035701837 0.38200003
-0.075157799 -0.035608374 0.38100001
-0.072060473 -0.035725199 0.38225001
-0.068851396 -0.035795297 0.38300002
-0.065372668 -0.035725199 0.38225001
-0.061988197 -0.035701837 0.38200003
-0.058684863 -0.035725199 0.38225001
-0.055340957 -0.035725199 0.38225001
-0.052031063 -0.035748567 0.38250002
-0.048780434 -0.035818662 0.38325003
-0.045546312 -0.035912123 0.38425002
-0.042157464 -0.035888754 0.384
-0.038975067 -0.036052313 0.38575003
-0.035623614 -0.036075678 0.38600001
-0.032288682 -0.036122408 0.38650003
-0.029001091 -0.036239233 0.38775003
-0.025658606 -0.036309328 0.38850001
-0.022260025 -0.036309328 0.38850001
-0.018885722 -0.036356058 0.38900003
-0.015502671 -0.036402788 0.38950002
-0.012118635 -0.036472883 0.39025003
-0.0086991703 -0.036449518 0.39000002
-0.0052942485 -0.036496248 0.39050001
-0 -0 0
0 -0 0
0 -0 0
0 -0 0
0 -0 0
0 -0 0
0 -0 0
0 -0 0
0 -0 0
0 -0 0
0 -0 0
0 -0 0
0 -0 0
0 -0 0
0 -0 0
0 -0 0
0 -0 0
0 -0 0
0 -0 0
0 -0 0
0 -0 0
0 -0 0
0 -0 0
0 -0 0
0 -0 0
0 -0 0
0 -0 0
0 -0 0
0 -0 0
0 -0 0
0 -0 0
0 -0 0
0 -0 0
0 -0 0
0 -0 0
0 -0 0
0 -0 0
0 -0 0
0 -0 0
0 -0 0
0 -0 0
0 -0 0
0 -0 0
0 -0 0
0 -0 0
0 -0 0
0 -0 0
0 -0 0
0 -0 0
0 -0 0
0 -0 0
0 -0 0
0 -0 0
0 -0 0
0 -0 0
0 -0 0
0 -0 0
0 -0 0
0 -0 0
0 -0 0
0 -0 0
0 -0 0
0 -0 0
0 -0 0
0 -0 0
0.24694751 -0.040935613 0.43800002
0 -0 0
0 -0 0
0 -0 0
0 -0 0
0 -0 0
0 -0 0
0 -0 0
0 -0 0
0 -0 0
0 -0 0
0 -0 0
0 -0 0
0 -0 0
0 -0 0
-0 -0 0
-0 -0 0
-0 -0 0
-0 -0 0
-0 -0 0
-0 -0 0
-0 -0 0
-0 -0 0
-0 -0 0
-0 -0 0
-0 -0 0
-0.19028279 -0.026495891 0.31275001
-0.18724704 -0.02645353 0.31225002
-0 -0 0
-0 -0 0
-0.17890903 -0.02643235 0.31200001
-0.17773254 -0.026665328 0.31475002
-0.17525709 -0.026707686 0.31525001
-0.17181534 -0.02660179 0.31400001
-0.16933769 -0.026644148 0.3145
-0.16777825 -0.026834767 0.31675002
-0.16461663 -0.026771227 0.31600001
-0.16185229 -0.026771227 0.31600001
-0.15933965 -0.026813585 0.31650001
-0.15706563 -0.026898306 0.31750003
-0.15501706 -0.027025383 0.31900001
-0.15258437 -0.027088923 0.31975001
-0.15013856 -0.027152464 0.32050002
-0.14779453 -0.027237181 0.3215
-0.14498207 -0.027237181 0.3215
-0.14261182 -0.027321901 0.32250002
-0.14022405 -0.02740662 0.32350001
-0.1373941 -0.02740662 0.32350001
-0.13477211 -0.027448978 0.324
-0.13203959 -0.027470158 0.32425001
-0.12950191 -0.027533699 0.32500002
-0.12724341 -0.027660778 0.32650003
-0.12448244 -0.027681956 0.32675001
-0.12171711 -0.027703138 0.32700002
-0.11976521 -0.027914936 0.32950002
-0.11732618 -0.028020835 0.33075002
-0.11495176 -0.028147914 0.33225003
-0.11288834 -0.028359711 0.33475003
-0.11028843 -0.028444428 0.33575001
-0.10839046 -0.028719766 0.33900002
-0.10596912 -0.028868023 0.34075001
-0.10374387 -0.029079821 0.34325001
-0.1019151 -0.029418698 0.34725001
-0.099162117 -0.029503416 0.34825
-0.096943647 -0.029757574 0.35125002
-0.093804106 -0.029736394 0.35100001
-0.092284583 -0.03024471 0.35700002
-0.089598626 -0.030392967 0.35875002
-0.087484561 -0.030753022 0.36300001
-0.088315479 -0.032214426 0.38025001
-0.090688534 -0.034374762 0.40575001
-0.083649203 -0.032998078 0.38950002
-0.07869678 -0.032362688 0.38200003
-0.075207114 -0.032299146 0.38125002
-0.072390378 -0.032532122 0.384
-0.06916599 -0.032595664 0.38475001
-0.06558644 -0.032489765 0.38350001
-0.062150467 -0.032447405 0.38300002
-0.058800008 -0.032447405 0.38300002
-0.055485737 -0.032468587 0.38325003
-0.052269112 -0.032553304 0.38425002
-0.048971351 -0.032595664 0.38475001
-0.045664847 -0.032638025 0.38525003
-0.042294696 -0.032638025 0.38525003
-0.039025586 -0.032722741 0.38625002
-0.035646688 -0.032722741 0.38625002
-0.032288682 -0.032743923 0.38650003
-0.029001091 -0.032849822 0.38775003
-0.025675116 -0.032934539 0.38875002
-0.022317324 -0.032998078 0.38950002
-0.018922133 -0.033019256 0.38975
-0.01551262 -0.033019256 0.38975
-0.012118635 -0.03306162 0.39025003
-0 -0 0
-0.0053315321 -0.033315774 0.39325002
-0 -0 0
0 -0 0
0 -0 0
0 -0 0
0 -0 0
0 -0 0
0 -0 0
0 -0 0
0 -0 0
0 -0 0
0 -0 0
0 -0 0
0 -0 0
0 -0 0
0 -0 0
0 -0 0
0 -0 0
0 -0 0
0 -0 0
0 -0 0
0 -0 0
0 -0 0
0 -0 0
0 -0 0
0 -0 0
0 -0 0
0 -0 0
0 -0 0
0 -0 0
0 -0 0
0 -0 0
0 -0 0
0 -0 0
0 -0 0
0 -0 0
0 -0 0
0 -0 0
0 -0 0
0 -0 0
0 -0 0
0 -0 0
0 -0 0
0 -0 0
0 -0 0
0 -0 0
0 -0 0
0 -0 0
0 -0 0
0 -0 0
0 -0 0
0 -0 0
0 -0 0
0 -0 0
0 -0 0
0 -0 0
0 -0 0
0 -0 0
0 -0 0
0 -0 0
0 -0 0
0 -0 0
0 -0 0
0 -0 0
0 -0 0
0 -0 0
0 -0 0
0 -0 0
0 -0 0
0 -0 0
0 -0 0
0 -0 0
0 -0 0
0 -0 0
0 -0 0
0 -0 0
0 -0 0
0 -0 0
0 -0 0
0 -0 0
0 -0 0
-0 -0 0
-0 -0 0
-0 -0 0
-0 -0 0
-0 -0 0
-0 -0 0
-0 -0 0
-0 -0 0
-0 -0 0
-0 -0 0
-0 -0 0
-0 -0 0
-0 -0 0
-0 -0 0
-0 -0 0
-0 -0 0
-0.17787372 -0.023933021 0.31500003
-0.17525709 -0.023952015 0.31525001
-0.17195213 -0.023876037 0.31425002
-0.17135681 -0.024179947 0.31825
-0.16897003 -0.024236931 0.31900001
-0.16474688 -0.024027994 0.31625003
-0.16210838 -0.024046987 0.31650001
-0.15946552 -0.024065983 0.31675002
-0.15731297 -0.024160955 0.31800002
-0.15501706 -0.024236931 0.31900001
-0.15258437 -0.024293914 0.31975001
-0.15025567 -0.024369894 0.32075003
-0.14790946 -0.024445871 0.32175002
-0.14712411 -0.024787771 0.32625002
-0.14670223 -0.025205649 0.33175001
-0.14325826 -0.025110677 0.33050001
-0.14015472 -0.025072688 0.33000001
-0.14038761 -0.025642522 0.33750001
-0.13936946 -0.026003417 0.34225002
-0.1383678 -0.026383305 0.34725001
-0.13835041 -0.026972134 0.35500002
-0.13476868 -0.026877163 0.35375002
-0.13195325 -0.026934147 0.35450003
-0.13066949 -0.027314035 0.35950002
-0.12805669 -0.027428003 0.36100003
-0.12550414 -0.027560962 0.36275002
-0.1230896 -0.027731912 0.36500001
-0.12022508 -0.027807891 0.36600003
-0.11758287 -0.027940853 0.36775002
-0.11452129 -0.027978841 0.36825001
-0.11160211 -0.02805482 0.36925003
-0.10859204 -0.028111801 0.37
-0.10578242 -0.028225768 0.37150002
-0.10287756 -0.028320741 0.37275001
-0.099750377 -0.02835873 0.37325001
-0.096549839 -0.028377725 0.37350002
-0.09353222 -0.028453702 0.37450001
-0.090617619 -0.028567668 0.37600002
-0.088489674 -0.028947558 0.38100001
-0.088676967 -0.030144211 0.39675003
-0.082790159 -0.029289458 0.38550001
-0.078593768 -0.028985547 0.38150001
-0.075453699 -0.029061526 0.38250002
-0.072814539 -0.029346442 0.38625002
-0.069525525 -0.02938443 0.38675001
-0.065928482 -0.029289458 0.38550001
-0.062434442 -0.029232474 0.38475001
-0.058991913 -0.029194485 0.38425002
-0.055739097 -0.029251469 0.38500002
-0.052439149 -0.029289458 0.38550001
-0.049066816 -0.029289458 0.38550001
-0.045783378 -0.029346442 0.38625002
-0.04240448 -0.029346442 0.38625002
-0.039025586 -0.029346442 0.38625002
-0.035669763 -0.029365437 0.38650003
-0.032288682 -0.029365437 0.38650003
-0.029019788 -0.029479403 0.38800001
-0.025774186 -0.029650355 0.39025003
-0.022388944 -0.029688342 0.39075002
-0.018970685 -0.029688342 0.39075002
-0.015542472 -0.029669346 0.39050001
-0.012157451 -0.029745325 0.39150003
-0.00876051 -0.029840298 0.39275002
-0.0053315321 -0.029878287 0.39325002
-0 -0 0
0 -0 0
0 -0 0
0 -0 0
0 -0 0
0 -0 0
0 -0 0
0 -0 0
0 -0 0
0 -0 0
0 -0 0
0 -0 0
0 -0 0
0 -0 0
0 -0 0
0 -0 0
0 -0 0
0 -0 0
0 -0 0
0 -0 0
0 -0 0
0 -0 0
0 -0 0
0 -0 0
0 -0 0
0 -0 0
0 -0 0
0 -0 0
0 -0 0
0 -0 0
0 -0 0
0 -0 0
0 -0 0
0 -0 0
0 -0 0
0 -0 0
0 -0 0
0 -0 0
0 -0 0
0 -0 0
0 -0 0
0 -0 0
0 -0 0
0 -0 0
0 -0 0
0 -0 0
0 -0 0
0 -0 0
0 -0 0
0 -0 0
0 -0 0
0 -0 0
0 -0 0
0 -0 0
0 -0 0
0 -0 0
0 -0 0
0 -0 0
0 -0 0
0 -0 0
0 -0 0
0 -0 0
0 -0 0
0 -0 0
0 -0 0
0 -0 0
0 -0 0
0 -0 0
0 -0 0
0 -0 0
0 -0 0
0 -0 0
0 -0 0
0 -0 0
0 -0 0
0 -0 0
0 -0 0
0 -0 0
0 -0 0
0 -0 0
-0 -0 0
-0 -0 0
-0 -0 0
-0 -0 0
-0 -0 0
-0 -0 0
-0 -0 0
-0 -0 0
-0 -0 0
-0 -0 0
-0 -0 0
-0 -0 0
-0 -0 0
-0 -0 0
-0 -0 0
-0 -0 0
-0 -0 0
-0 -0 0
-0 -0 0
-0 -0 0
-0 -0 0
-0 -0 0
-0 -0 0
-0 -0 0
-0 -0 0
-0 -0 0
-0 -0 0
-0 -0 0
-0.15687367 -0.022944493 0.34125
-0.15704511 -0.02341515 0.34825
-0.15421976 -0.023448769 0.34875003
-0 -0 0
-0.15056016 -0.02383538 0.35450003
-0.14933084 -0.024137944 0.35900003
-0.14690295 -0.024255609 0.36075002
-0.14414558 -0.024322843 0.36175001
-0.1412733 -0.024373272 0.36250001
-0.13857839 -0.024457317 0.36375001
-0.13576855 -0.024524555 0.36475003
-0.13303207 -0.024608601 0.36600003
-0.1300077 -0.024642218 0.36650002
-0.12706105 -0.024692647 0.36725003
-0.1241013 -0.024743075 0.36800003
-0.1211284 -0.0247935 0.36875001
-0.11806247 -0.024827121 0.36925003
-0.11498778 -0.024860738 0.36975002
-0.11182878 -0.024877546 0.37
-0.10888553 -0.024944784 0.37100002
-0.10606717 -0.025045639 0.37250003
-0.10308456 -0.025112875 0.37350002
-0.099950813 -0.025146494 0.37400001
-0.09674371 -0.025163302 0.37425002
-0.093719535 -0.025230538 0.37525001
-0.090798378 -0.025331395 0.37675002
-0.088489674 -0.025617149 0.38100001
-0.087559417 -0.026339943 0.39175001
-0.082468018 -0.025818858 0.384
-0.078645274 -0.025667576 0.38175002
-0.07565096 -0.025785241 0.38350001
-0.073050186 -0.026054187 0.38750002
-0.06993001 -0.026155043 0.38900003
-0.066227771 -0.026037378 0.38725001
-0.062718421 -0.025986951 0.38650003
-0.059298962 -0.025970142 0.38625002
-0.055992454 -0.026003759 0.38675001
-0.052575178 -0.025986951 0.38650003
-0.049130455 -0.025953332 0.38600001
-0.045901909 -0.026037378 0.38725001
-0.042514265 -0.026037378 0.38725001
-0.039101362 -0.02602057 0.38700002
-0.035762049 -0.026054187 0.38750002
-0.032413993 -0.026087806 0.38800001
-0.029188074 -0.02623909 0.39025003
-0.025873253 -0.026339943 0.39175001
-0.022460567 -0.026356753 0.39200002
-0.019055646 -0.02639037 0.39250001
-0.015622075 -0.02639037 0.39250001
-0.012204031 -0.026423989 0.39300001
-0.0087883919 -0.026491227 0.39400002
-0 -0 0
-0 -0 0
0 -0 0
0 -0 0
0 -0 0
0 -0 0
0 -0 0
0 -0 0
0 -0 0
0 -0 0
0 -0 0
0 -0 0
0 -0 0
0 -0 0
0 -0 0
0 -0 0
0 -0 0
0 -0 0
0 -0 0
0 -0 0
0 -0 0
0 -0 0
0 -0 0
0 -0 0
0 -0 0
0 -0 0
0 -0 0
0 -0 0
0 -0 0
0 -0 0
0 -0 0
0 -0 0
0 -0 0
0 -0 0
0 -0 0
0 -0 0
0 -0 0
0 -0 0
0 -0 0
0 -0 0
0 -0 0
0 -0 0
0 -0 0
0 -0 0
0 -0 0
0 -0 0
0 -0 0
0 -0 0
0 -0 0
0 -0 0
0 -0 0
0 -0 0
0 -0 0
0 -0 0
0 -0 0
0 -0 0
0 -0 0
0 -0 0
0 -0 0
0 -0 0
0 -0 0
0 -0 0
0 -0 0
0 -0 0
0 -0 0
0 -0 0
0 -0 0
0 -0 0
0 -0 0
0 -0 0
0 -0 0
0 -0 0
0 -0 0
0 -0 0
0 -0 0
0 -0 0
0 -0 0
0 -0 0
0 -0 0
0 -0 0
0 -0 0
-0 -0 0
-0 -0 0
-0 -0 0
-0 -0 0
-0 -0 0
-0 -0 0
-0 -0 0
-0 -0 0
-0 -0 0
-0 -0 0
-0 -0 0
-0 -0 0
-0 -0 0
-0 -0 0
-0 -0 0
-0 -0 0
-0 -0 0
-0 -0 0
-0 -0 0
-0 -0 0
-0 -0 0
-0 -0 0
-0 -0 0
-0 -0 0
-0 -0 0
-0 -0 0
-0 -0 0
-0 -0 0
-0 -0 0
-0 -0 0
-0 -0 0
-0 -0 0
-0.15300225 -0.021072961 0.36025003
-0.14995477 -0.021087585 0.36050001
-0.14710656 -0.021131456 0.36125001
-0.14434482 -0.021189952 0.36225003
-0.14156561 -0.021248449 0.36325002
-0.13867363 -0.02129232 0.36400002
-0.13576855 -0.021336192 0.36475003
-0.13312294 -0.021423934 0.36625001
-0.13018505 -0.021467805 0.36700001
-0.12723404 -0.021511678 0.36775002
-0.12443852 -0.021584796 0.36900002
-0.12129265 -0.021599421 0.36925003
-0.11830227 -0.02164329 0.37
-0.11529876 -0.021687163 0.37075001
-0.11213103 -0.021701787 0.37100002
-0.1092524 -0.021774907 0.37225002
-0.1064231 -0.02186265 0.37375003
-0.10336055 -0.021906519 0.37450001
-0.10015125 -0.021921145 0.37475002
-0.096937589 -0.021935768 0.37500003
-0.09390685 -0.021994263 0.37600002
-0.090979129 -0.022082008 0.37750003
-0.088489674 -0.022286741 0.38100001
-0.087447666 -0.022886319 0.39125001
-0.082414329 -0.022447603 0.38375002
-0.078799784 -0.022374485 0.38250002
-0.075749591 -0.022462226 0.384
-0.07338009 -0.022769326 0.38925001
-0.070514262 -0.022944815 0.39225003
-0.066740833 -0.022827823 0.39025003
-0.0630024 -0.022710832 0.38825002
-0.059606012 -0.022710832 0.38825002
-0.05620962 -0.022710832 0.38825002
-0.052677199 -0.022652335 0.38725001
-0.049162276 -0.022593841 0.38625002
-0.045842644 -0.022623088 0.38675001
-0.04256916 -0.022681585 0.38775003
-0.039227661 -0.022710832 0.38825002
-0.035831269 -0.022710832 0.38825002
-0.032539304 -0.022783952 0.38950002
-0.029225469 -0.022857072 0.39075002
-0.025856743 -0.022900943 0.39150003
-0.022489214 -0.022959437 0.39250001
-0.019104196 -0.023017934 0.39350003
-0.015661877 -0.023017934 0.39350003
-0.012235085 -0.023047181 0.39400002
-0.0087995455 -0.023076428 0.39450002
-0 -0 0
-0 -0 0
0 -0 0
0 -0 0
0 -0 0
0 -0 0
0 -0 0
0 -0 0
0 -0 0
0 -0 0
0 -0 0
0 -0 0
0 -0 0
0 -0 0
0 -0 0
0 -0 0
0 -0 0
0 -0 0
0 -0 0
0 -0 0
0 -0 0
0 -0 0
0 -0 0
0 -0 0
0 -0 0
0 -0 0
0 -0 0
0 -0 0
0 -0 0
0 -0 0
0 -0 0
0 -0 0
0 -0 0
0 -0 0
0 -0 0
0 -0 0
0 -0 0
0 -0 0
0 -0 0
0 -0 0
0 -0 0
0 -0 0
0 -0 0
0 -0 0
0 -0 0
0 -0 0
0 -0 0
0 -0 0
0 -0 0
0 -0 0
0 -0 0
0 -0 0
0 -0 0
0 -0 0
0 -0 0
0 -0 0
0 -0 0
0 -0 0
0 -0 0
0 -0 0
0 -0 0
0 -0 0
0 -0 0
0 -0 0
0 -0 0
0 -0 0
0 -0 0
0 -0 0
0 -0 0
0 -0 0
0 -0 0
0 -0 0
0 -0 0
0 -0 0
0 -0 0
0.29492524 -0.02684938 0.45900002
0 -0 0
0 -0 0
0 -0 0
0 -0 0
0 -0 0
-0 -0 0
-0 -0 0
-0 -0 0
-0 -0 0
-0 -0 0
-0 -0 0
-0 -0 0
-0 -0 0
-0 -0 0
-0 -0 0
-0 -0 0
-0 -0 0
-0 -0 0
-0 -0 0
-0 -0 0
-0 -0 0
-0 -0 0
-0 -0 0
-0 -0 0
-0 -0 0
-0 -0 0
-0 -0 0
-0 -0 0
-0 -0 0
-0 -0 0
-0 -0 0
-0 -0 0
-0 -0 0
-0 -0 0
-0 -0 0
-0 -0 0
-0 -0 0
-0.15310842 -0.017936373 0.36050001
-0.15016276 -0.017961251 0.36100003
-0.14741197 -0.018011004 0.36200002
-0.14444444 -0.018035881 0.36250001
-0.14146817 -0.018060759 0.36300001
-0.13848315 -0.018085636 0.36350003
-0.13558243 -0.018122951 0.36425
-0.13285033 -0.018185144 0.3655
-0.13036242 -0.018284652 0.36750001
-0.12749353 -0.018334407 0.36850002
-0.12469145 -0.018396599 0.36975002
-0.121539 -0.018409038 0.37
-0.11854207 -0.018446352 0.37075001
-0.11545426 -0.01847123 0.37125
-0.11235771 -0.018496107 0.37175003
-0.10954589 -0.018570738 0.37325001
-0.10663665 -0.018632932 0.37450001
-0.10349856 -0.018657809 0.37500003
-0.10035169 -0.018682687 0.37550002
-0.097196087 -0.018707562 0.37600002
-0.094094165 -0.018744878 0.37675002
-0.091039374 -0.018794632 0.37775001
-0.088315479 -0.018919017 0.38025001
-0.086777143 -0.019317051 0.38825002
-0.082575403 -0.019130474 0.38450003
-0.078902788 -0.019055841 0.38300002
-0.075848229 -0.019130474 0.38450003
-0.07352148 -0.019404121 0.39000002
-0.070694022 -0.019565823 0.39325002
-0.066997364 -0.01949119 0.39175001
-0.063245803 -0.019391682 0.38975
-0.059759535 -0.019366805 0.38925001
-0.056354396 -0.019366805 0.38925001
-0.052813228 -0.019317051 0.38825002
-0.049257737 -0.01925486 0.38700002
-0.045931544 -0.019279735 0.38750002
-0.042651497 -0.019329488 0.38850001
-0.039303437 -0.019354368 0.38900003
-0.03594663 -0.019379243 0.38950002
-0.03260196 -0.019416559 0.39025003
-0.02924417 -0.019453876 0.39100003
-0.025856743 -0.019478753 0.39150003
-0.022489214 -0.019528506 0.39250001
-0.01907992 -0.019553382 0.39300001
-0.015641976 -0.019553382 0.39300001
-0.012219558 -0.019578261 0.39350003
-0.0087939687 -0.019615576 0.39425001
-0 -0 0
-0 -0 0
0 -0 0
0 -0 0
0 -0 0
0 -0 0
0 -0 0
0 -0 0
0 -0 0
0 -0 0
0 -0 0
0 -0 0
0 -0 0
0 -0 0
0 -0 0
0 -0 0
0 -0 0
0 -0 0
0 -0 0
0 -0 0
0 -0 0
0 -0 0
0 -0 0
0 -0 0
0 -0 0
0 -0 0
0 -0 0
0 -0 0
0 -0 0
0 -0 0
0 -0 0
0 -0 0
0 -0 0
0 -0 0
0 -0 0
0 -0 0
0 -0 0
0 -0 0
0 -0 0
0 -0 0
0 -0 0
0 -0 0
0 -0 0
0 -0 0
0 -0 0
0 -0 0
0 -0 0
0 -0 0
0 -0 0
0 -0 0
0 -0 0
0 -0 0
0 -0 0
0 -0 0
0 -0 0
0 -0 0
0 -0 0
0 -0 0
0 -0 0
0 -0 0
0 -0 0
0 -0 0
0 -0 0
0 -0 0
0 -0 0
0 -0 0
0 -0 0
0 -0 0
0 -0 0
0 -0 0
0 -0 0
0 -0 0
0 -0 0
0 -0 0
0 -0 0
0 -0 0
0 -0 0
0 -0 0
0 -0 0
0 -0 0
0 -0 0
-0 -0 0
-0 -0 0
-0 -0 0
-0 -0 0
-0 -0 0
-0 -0 0
-0 -0 0
-0 -0 0
-0 -0 0
-0 -0 0
-0 -0 0
-0 -0 0
-0 -0 0
-0 -0 0
-0 -0 0
-0 -0 0
-0 -0 0
-0 -0 0
-0 -0 0
-0 -0 0
-0 -0 0
-0 -0 0
-0 -0 0
-0 -0 0
-0 -0 0
-0 -0 0
-0 -0 0
-0 -0 0
-0 -0 0
-0 -0 0
-0 -0 0
-0 -0 0
-0 -0 0
-0.1507867 -0.014867186 0.36250001
-0.14812459 -0.014918451 0.36375001
-0.14494252 -0.014918451 0.36375001
-0.14195532 -0.014938958 0.36425
-0.13886411 -0.014949212 0.36450002
-0.13586161 -0.014969718 0.36500001
-0.13275947 -0.014979972 0.36525002
-0.1304511 -0.015082504 0.36775002
-0.127753 -0.015144023 0.36925003
-0.12494437 -0.01519529 0.37050003
-0.12170325 -0.01519529 0.37050003
-0.11862201 -0.015215795 0.37100002
-0.115532 -0.015236302 0.37150002
-0.11250883 -0.015267062 0.37225002
-0.10969264 -0.015328581 0.37375003
-0.10677903 -0.015379848 0.37500003
-0.10363655 -0.015400354 0.37550002
-0.10048531 -0.015420861 0.37600002
-0.097325332 -0.015441366 0.37650001
-0.09428148 -0.01548238 0.37750003
-0.091280386 -0.015533646 0.37875003
-0.088199355 -0.015574658 0.37975001
-0.086162493 -0.015810482 0.38550001
-0.082468018 -0.015748963 0.384
-0.079057299 -0.015738711 0.38375002
-0.076094806 -0.015820736 0.38575003
-0.073615737 -0.016015546 0.39050001
-0.070738971 -0.016138587 0.39350003
-0.067125626 -0.016097574 0.39250001
-0.063448653 -0.016036054 0.39100003
-0.059951443 -0.016015546 0.39050001
-0.056535367 -0.016015546 0.39050001
-0.053051278 -0.015995041 0.39000002
-0.049448654 -0.015933521 0.38850001
-0.04607971 -0.015943775 0.38875002
-0.042733833 -0.015964281 0.38925001
-0.039404474 -0.015995041 0.39000002
-0.036061991 -0.0160258 0.39075002
-0.032664619 -0.016036054 0.39100003
-0.029281564 -0.01605656 0.39150003
-0.025922786 -0.016097574 0.39250001
-0.022532187 -0.016128333 0.39325002
-0.019104196 -0.016138587 0.39350003
-0.015641976 -0.016118079 0.39300001
-0 -0 0
-0 -0 0
-0 -0 0
-0 -0 0
0 -0 0
0 -0 0
0 -0 0
0 -0 0
0 -0 0
0 -0 0
0 -0 0
0 -0 0
0 -0 0
0 -0 0
0 -0 0
0 -0 0
0 -0 0
0 -0 0
0 -0 0
0 -0 0
0 -0 0
0 -0 0
0 -0 0
0 -0 0
0 -0 0
0 -0 0
0 -0 0
0 -0 0
0 -0 0
0 -0 0
0 -0 0
0 -0 0
0 -0 0
0 -0 0
0 -0 0
0 -0 0
0 -0 0
0 -0 0
0 -0 0
0 -0 0
0 -0 0
0 -0 0
0 -0 0
0 -0 0
0 -0 0
0 -0 0
0 -0 0
0 -0 0
0 -0 0
0 -0 0
0 -0 0
0 -0 0
0 -0 0
0 -0 0
0 -0 0
0 -0 0
0 -0 0
0 -0 0
0 -0 0
0 -0 0
0 -0 0
0 -0 0
0 -0 0
0 -0 0
0 -0 0
0 -0 0
0 -0 0
0 -0 0
0 -0 0
0 -0 0
0 -0 0
0 -0 0
0 -0 0
0 -0 0
0 -0 0
0 -0 0
0 -0 0
0 -0 0
0 -0 0
0 -0 0
0 -0 0
0 -0 0
0 -0 0
-0 -0 0
-0 -0 0
-0 -0 0
-0 -0 0
-0 -0 0
-0 -0 0
-0 -0 0
-0 -0 0
-0 -0 0
-0 -0 0
-0 -0 0
-0 -0 0
-0 -0 0
-0 -0 0
-0 -0 0
-0 -0 0
-0 -0 0
-0 -0 0
-0 -0 0
-0 -0 0
-0 -0 0
-0 -0 0
-0 -0 0
-0 -0 0
-0 -0 0
-0 -0 0
-0 -0 0
-0 -0 0
-0 -0 0
-0 -0 0
-0 -0 0
-0 -0 0
-0.15374549 -0.011682354 0.36200002
-0.15130666 -0.011738829 0.36375001
-0.1483282 -0.011754964 0.36425
-0.14494252 -0.011738829 0.36375001
-0.14205275 -0.011763033 0.36450002
-0.13953081 -0.011819508 0.36625001
-0.13641994 -0.011827577 0.36650002
-0.13330469 -0.011835645 0.36675003
-0.13080582 -0.011900187 0.36875001
-0.12783951 -0.011924392 0.36950001
-0.12494437 -0.011956664 0.37050003
-0.12194961 -0.011980867 0.37125
-0.11886181 -0.011997003 0.37175003
-0.11576525 -0.012013139 0.37225002
-0.11281107 -0.01204541 0.37325001
-0.10991275 -0.01208575 0.37450001
-0.10685021 -0.012109954 0.37525001
-0.10377455 -0.012134158 0.37600002
-0.10068575 -0.012158361 0.37675002
-0.097519211 -0.012174497 0.37725002
-0.094406359 -0.012198702 0.37800002
-0.091461137 -0.012247109 0.37950003
-0.088373549 -0.01227938 0.38050002
-0.08549197 -0.012343924 0.38250002
-0.082306951 -0.012368128 0.38325003
-0.07916031 -0.012400399 0.38425002
-0.076144122 -0.012456874 0.38600001
-0.073757119 -0.012626301 0.39125001
-0.070963681 -0.012739252 0.39475003
-0.067424916 -0.012723115 0.39425001
-0.063692056 -0.012666641 0.39250001
-0.060066588 -0.012626301 0.39125001
-0.056643952 -0.012626301 0.39125001
-0.053255323 -0.01263437 0.39150003
-0.049766861 -0.012618233 0.39100003
-0.046227876 -0.012585961 0.39000002
-0.042788725 -0.012577893 0.38975
-0.03948025 -0.012610165 0.39075002
-0.036154278 -0.012642437 0.39175001
-0.032706387 -0.01263437 0.39150003
-0.029300261 -0.012642437 0.39175001
-0.025939299 -0.012674709 0.39275002
-0.022546513 -0.012698913 0.39350003
-0.019152744 -0.012731184 0.39450002
-0.015661877 -0.012698913 0.39350003
-0 -0 0
-0 -0 0
-0 -0 0
-0 -0 0
0 -0 0
0 -0 0
0 -0 0
0 -0 0
0 -0 0
0 -0 0
0 -0 0
0 -0 0
0 -0 0
0 -0 0
0 -0 0
0 -0 0
0 -0 0
0 -0 0
0 -0 0
0 -0 0
0 -0 0
0 -0 0
0 -0 0
0 -0 0
0 -0 0
0 -0 0
0 -0 0
0 -0 0
0 -0 0
0 -0 0
0 -0 0
0 -0 0
0 -0 0
0 -0 0
0 -0 0
0 -0 0
0 -0 0
0 -0 0
0 -0 0
0 -0 0
0 -0 0
0 -0 0
0 -0 0
0 -0 0
0 -0 0
0 -0 0
0 -0 0
0 -0 0
0 -0 0
0 -0 0
0 -0 0
0 -0 0
0 -0 0
0 -0 0
0 -0 0
0 -0 0
0 -0 0
0 -0 0
0 -0 0
0 -0 0
0 -0 0
0 -0 0
0 -0 0
0 -0 0
0 -0 0
0 -0 0
0 -0 0
0 -0 0
0 -0 0
0 -0 0
0 -0 0
0 -0 0
0 -0 0
0 -0 0
0 -0 0
0 -0 0
0 -0 0
0 -0 0
0 -0 0
0 -0 0
0 -0 0
0 -0 0
0 -0 0
-0 -0 0
-0 -0 0
-0 -0 0
-0 -0 0
-0 -0 0
-0 -0 0
-0 -0 0
-0 -0 0
-0 -0 0
-0 -0 0
-0 -0 0
-0 -0 0
-0 -0 0
-0 -0 0
-0 -0 0
-0 -0 0
-0 -0 0
-0 -0 0
-0 -0 0
-0 -0 0
-0 -0 0
-0 -0 0
-0 -0 0
-0 -0 0
-0 -0 0
-0 -0 0
-0 -0 0
-0 -0 0
-0 -0 0
-0 -0 0
-0 -0 0
-0 -0 0
-0 -0 0
-0.15182661 -0.0085886205 0.36500001
-0.14863361 -0.0085886205 0.36500001
-0.14514175 -0.0085709728 0.36425
-0.1422476 -0.0085886205 0.36500001
-0.13981654 -0.0086356811 0.36700001
-0.13707133 -0.0086650942 0.36825001
-0.13394077 -0.0086709773 0.36850002
-0.1309832 -0.0086886259 0.36925003
-0.12783951 -0.0086945072 0.36950001
-0.12469145 -0.0087003903 0.36975002
-0.12203173 -0.0087415688 0.37150002
-0.11910161 -0.0087650996 0.37250003
-0.11599849 -0.008776865 0.37300003
-0.11318886 -0.0088121602 0.37450001
-0.11020625 -0.008835691 0.37550002
-0.10706377 -0.0088474555 0.37600002
-0.10398155 -0.0088651041 0.37675002
-0.10081937 -0.0088768685 0.37725002
-0.097648457 -0.0088886339 0.37775001
-0.094593674 -0.0089121647 0.37875003
-0.09152139 -0.0089356946 0.37975001
-0.088431612 -0.0089592254 0.38075003
-0.085380219 -0.0089886393 0.38200003
-0.082306951 -0.0090180524 0.38325003
-0.07931482 -0.0090592299 0.38500002
-0.076489337 -0.0091239391 0.38775003
-0.074039899 -0.0092415912 0.39275002
-0.0714131 -0.0093474789 0.39725003
-0.067937978 -0.0093474789 0.39725003
-0.064057171 -0.0092886519 0.39475003
-0.060220115 -0.0092298258 0.39225003
-0.056752533 -0.0092239436 0.39200002
-0.053357348 -0.0092298258 0.39225003
-0.049862318 -0.0092180604 0.39175001
-0.046346411 -0.0092004128 0.39100003
-0.042898513 -0.0091945305 0.39075002
-0.03963181 -0.0092298258 0.39225003
-0.036246568 -0.0092415912 0.39275002
-0.032789927 -0.009235708 0.39250001
-0.029375056 -0.0092415912 0.39275002
-0.025955809 -0.0092474734 0.39300001
-0.022589484 -0.0092768865 0.39425001
-0.019298391 -0.0093533602 0.39750001
-0 -0 0
-0 -0 0
-0 -0 0
-0 -0 0
-0 -0 0
0 -0 0
0 -0 0
0 -0 0
0 -0 0
0 -0 0
0 -0 0
0 -0 0
0 -0 0
0 -0 0
0 -0 0
0 -0 0
0 -0 0
0 -0 0
0 -0 0
0 -0 0
0 -0 0
0 -0 0
0 -0 0
0 -0 0
0 -0 0
0 -0 0
0 -0 0
0 -0 0
0 -0 0
0 -0 0
0 -0 0
0 -0 0
0 -0 0
0 -0 0
0 -0 0
0 -0 0
0 -0 0
0 -0 0
0 -0 0
0 -0 0
0 -0 0
0 -0 0
0 -0 0
0 -0 0
0 -0 0
0 -0 0
0 -0 0
0 -0 0
0 -0 0
0 -0 0
0 -0 0
0 -0 0
0 -0 0
0 -0 0
0 -0 0
0 -0 0
0 -0 0
0 -0 0
0 -0 0
0 -0 0
0 -0 0
0 -0 0
0 -0 0
0 -0 0
0 -0 0
0 -0 0
0 -0 0
0 -0 0
0 -0 0
0 -0 0
0 -0 0
0 -0 0
0 -0 0
0 -0 0
0 -0 0
0 -0 0
0 -0 0
0 -0 0
0 -0 0
0 -0 0
0 -0 0
0 -0 0
0 -0 0
0 -0 0
-0 -0 0
-0 -0 0
-0 -0 0
-0 -0 0
-0 -0 0
-0 -0 0
-0 -0 0
-0 -0 0
-0 -0 0
-0 -0 0
-0 -0 0
-0 -0 0
-0 -0 0
-0 -0 0
-0 -0 0
-0 -0 0
-0 -0 0
-0 -0 0
-0 -0 0
-0 -0 0
-0 -0 0
-0 -0 0
-0 -0 0
-0 -0 0
-0 -0 0
-0 -0 0
-0 -0 0
-0 -0 0
-0 -0 0
-0 -0 0
-0.15941568 -0.0053315205 0.36050001
-0 -0 0
-0 -0 0
-0.15151463 -0.0053869798 0.36425
-0.14893903 -0.0054091639 0.36575001
-0.14573945 -0.0054091639 0.36575001
-0.1432219 -0.0054350449 0.36750001
-0.13991179 -0.005431348 0.36725003
-0.13716438 -0.0054498343 0.36850002
-0.13412251 -0.005457229 0.36900002
-0.13089451 -0.005457229 0.36900002
-0.12792599 -0.005468321 0.36975002
-0.12502867 -0.00548311 0.37075001
-0.12236022 -0.0055089914 0.37250003
-0.11942135 -0.0055237804 0.37350002
-0.11623173 -0.0055274782 0.37375003
-0.11341555 -0.0055496618 0.37525001
-0.11042637 -0.0055644512 0.37625003
-0.10749089 -0.0055829375 0.37750003
-0.10425754 -0.0055866349 0.37775001
-0.10095299 -0.0055866349 0.37775001
-0.097777717 -0.0055940296 0.37825003
-0.094843425 -0.0056162132 0.37975001
-0.091702141 -0.0056273052 0.38050002
-0.088547736 -0.0056383973 0.38125002
-0.085436091 -0.0056531862 0.38225001
-0.082360633 -0.005671673 0.38350001
-0.079469331 -0.0057049487 0.38575003
-0.076834545 -0.0057604085 0.38950002
-0.074275546 -0.0058269599 0.39400002
-0.071592867 -0.0058898139 0.39825001
-0.068151757 -0.0058935117 0.39850003
-0.064422287 -0.0058713276 0.39700001
-0.060412019 -0.0058195656 0.39350003
-0.05707828 -0.0058306572 0.39425001
-0.05366341 -0.0058343546 0.39450002
-0.050021421 -0.0058121704 0.39300001
-0.046405677 -0.0057899868 0.39150003
-0.042953406 -0.0057862895 0.39125001
-0.039657068 -0.0058047757 0.39250001
-0.036154278 -0.0057936842 0.39175001
-0.032664619 -0.0057825926 0.39100003
-0.029431151 -0.0058195656 0.39350003
-0.026021855 -0.0058269599 0.39400002
-0.022632457 -0.0058417493 0.39500001
-0.019286256 -0.0058750249 0.39725003
-0 -0 0
-0 -0 0
-0 -0 0
-0 -0 0
-0 -0 0
0 -0 0
0 -0 0
0 -0 0
0 -0 0
0 -0 0
0 -0 0
0 -0 0
0 -0 0
0 -0 0
0 -0 0
0 -0 0
0 -0 0
0 -0 0
0 -0 0
0 -0 0
0 -0 0
0 -0 0
0 -0 0
0 -0 0
0 -0 0
0 -0 0
0 -0 0
0 -0 0
0 -0 0
0 -0 0
0 -0 0
0 -0 0
0 -0 0
0 -0 0
0 -0 0
0 -0 0
0 -0 0
0 -0 0
0 -0 0
0 -0 0
0 -0 0
0 -0 0
0 -0 0
0 -0 0
0 -0 0
0 -0 0
0 -0 0
0 -0 0
0 -0 0
0 -0 0
0 -0 0
0 -0 0
0 -0 0
0 -0 0
0 -0 0
0 -0 0
0 -0 0
0 -0 0
0 -0 0
0 -0 0
0 -0 0
0 -0 0
0 -0 0
0 -0 0
0 -0 0
0 -0 0
0 -0 0
0 -0 0
0 -0 0
0 -0 0
0 -0 0
0 -0 0
0 -0 0
0 -0 0
0 -0 0
0 -0 0
0 -0 0
0 -0 0
0 -0 0
0 -0 0
0 -0 0
0 -0 0
0 -0 0
0 -0 0
-0 -0 0
-0 -0 0
-0 -0 0
-0 -0 0
-0 -0 0
-0 -0 0
-0 -0 0
-0 -0 0
-0 -0 0
-0 -0 0
-0 -0 0
-0 -0 0
-0 -0 0
-0 -0 0
-0 -0 0
-0 -0 0
-0 -0 0
-0 -0 0
-0 -0 0
-0 -0 0
-0 -0 0
-0 -0 0
-0 -0 0
-0 -0 0
-0 -0 0
-0 -0 0
-0 -0 0
-0 -0 0
-0 -0 0
-0 -0 0
-0.15941568 -0.0021803069 0.36050001
-0 -0 0
-0 -0 0
-0 -0 0
-0 -0 0
-0.14573945 -0.0022120592 0.36575001
-0 -0 0
-0.14010227 -0.0022241552 0.36775002
-0.13744356 -0.0022332272 0.36925003
-0.13430424 -0.0022347393 0.36950001
-0.13116056 -0.0022362513 0.36975002
-0.12844495 -0.002245323 0.37125
-0.12553453 -0.0022513713 0.37225002
-0.12260658 -0.0022574191 0.37325001
-0.11942135 -0.0022589313 0.37350002
-0.11630947 -0.0022619553 0.37400001
-0.11341555 -0.0022695153 0.37525001
-0.11042637 -0.0022755633 0.37625003
-0.1074197 -0.0022816113 0.37725002
-0.10425754 -0.0022846351 0.37775001
-0.10108662 -0.0022876593 0.37825003
-0.098230086 -0.0022982433 0.38000003
-0.095155612 -0.0023042914 0.38100001
-0.091882899 -0.0023058034 0.38125002
-0.088721931 -0.0023103394 0.38200003
-0.08549197 -0.0023133634 0.38250002
-0.082414329 -0.0023209234 0.38375002
-0.079520829 -0.0023345312 0.38600001
-0.07688386 -0.0023572112 0.38975
-0.074369803 -0.0023859395 0.39450002
-0.071682751 -0.0024116433 0.39875001
-0.068280019 -0.0024146675 0.39925003
-0.064543992 -0.0024055955 0.39775002
-0.060719065 -0.0023919872 0.3955
-0.057186864 -0.0023889632 0.39500001
-0.053629402 -0.0023844272 0.39425001
-0.049957782 -0.0023738435 0.39250001
-0.046346411 -0.0023647714 0.39100003
-0.042953406 -0.0023662834 0.39125001
-0.03963181 -0.0023723315 0.39225003
-0.036223497 -0.0023738435 0.39250001
-0.032831699 -0.0023768672 0.39300001
-0 -0 0
-0 -0 0
-0 -0 0
-0 -0 0
-0 -0 0
-0 -0 0
-0 -0 0
-0 -0 0
-0 -0 0
0 -0 0
0 -0 0
0 -0 0
0 -0 0
0 -0 0
0 -0 0
0 -0 0
0 -0 0
0 -0 0
0 -0 0
0 -0 0
0 -0 0
0 -0 0
0 -0 0
0 -0 0
0 -0 0
0 -0 0
0 -0 0
0 -0 0
0 -0 0
0 -0 0
0 -0 0
0 -0 0
0 -0 0
0 -0 0
0 -0 0
0 -0 0
0 -0 0
0 -0 0
0 -0 0
0 -0 0
0 -0 0
0 -0 0
0 -0 0
0 -0 0
0 -0 0
0 -0 0
0 -0 0
0 -0 0
0 -0 0
0 -0 0
0 -0 0
0 -0 0
0 -0 0
0 -0 0
0 -0 0
0 -0 0
0 -0 0
0 -0 0
0 -0 0
0 -0 0
0 -0 0
0 -0 0
0 -0 0
0 -0 0
0 -0 0
0 -0 0
0 -0 0
0 -0 0
0 -0 0
0 -0 0
0 -0 0
0 -0 0
0 -0 0
0 -0 0
0 -0 0
0 -0 0
0 -0 0
0 -0 0
0 -0 0
0 -0 0
0 -0 0
0 -0 0
0 -0 0
0 -0 0
0 -0 0
0 -0 0
0 -0 0
0 -0 0
-0 0 0
-0 0 0
-0 0 0
-0 0 0
-0 0 0
-0 0 0
-0 0 0
-0 0 0
-0 0 0
-0 0 0
-0 0 0
-0 0 0
-0 0 0
-0 0 0
-0 0 0
-0 0 0
-0 0 0
-0 0 0
-0 0 0
-0 0 0
-0 0 0
-0 0 0
-0 0 0
-0 0 0
-0 0 0
-0 0 0
-0 0 0
-0 0 0
-0 0 0
-0 0 0
-0 0 0
-0 0 0
-0.15459491 0.00098033238 0.36400002
-0 0 0
-0 0 0
-0 0 0
-0 0 0
-0 0 0
-0 0 0
-0.13466771 0.00099783833 0.37050003
-0.13169265 0.00099985814 0.37125
-0.12861796 0.0010012048 0.37175003
-0.12561885 0.0010032248 0.37250003
-0.12260658 0.0010052446 0.37325001
-0.11942135 0.0010059179 0.37350002
-0.11638723 0.0010079378 0.37425002
-0.11356667 0.0010119777 0.37575001
-0.11049974 0.0010139976 0.37650001
-0.1074197 0.0010160175 0.37725002
-0.10432654 0.0010180374 0.37800002
-0.10135387 0.0010214039 0.37925002
-0.098359339 0.0010247704 0.38050002
-0.095280483 0.0010274636 0.38150001
-0.091943145 0.0010274636 0.38150001
-0.088838063 0.0010301569 0.38250002
-0.085715473 0.0010328501 0.38350001
-0.082521707 0.00103487 0.38425002
-0.079572335 0.0010402565 0.38625002
-0.076982498 0.0010510294 0.39025003
-0.074322671 0.0010618021 0.39425001
-0.071862526 0.0010766149 0.39975002
-0.068493798 0.0010786349 0.40050003
-0.06486854 0.0010766149 0.39975002
-0.060949355 0.0010692086 0.39700001
-0.05707828 0.0010618021 0.39425001
-0.053357348 0.0010564158 0.39225003
-0.049798679 0.0010537226 0.39125001
-0.046316776 0.001052376 0.39075002
-0.042898513 0.001052376 0.39075002
-0.039581288 0.0010550692 0.39175001
-0.036200427 0.0010564158 0.39225003
-0.032789927 0.0010570891 0.39250001
-0 0 0
-0 0 0
-0 0 0
-0 0 0
-0 0 0
-0 0 0
-0 0 0
-0 0 0
-0 0 0
0 0 0
0 0 0
0 0 0
0 0 0
0 0 0
0 0 0
0 0 0
0 0 0
0 0 0
0 0 0
0 0 0
0 0 0
0 0 0
0 0 0
0 0 0
0 0 0
0 0 0
0 0 0
0 0 0
0 0 0
0 0 0
0 0 0
0 0 0
0 0 0
0 0 0
0 0 0
0 0 0
0 0 0
0 0 0
0 0 0
0 0 0
0 0 0
0 0 0
0 0 0
0 0 0
0 0 0
0 0 0
0 0 0
0 0 0
0 0 0
0 0 0
0 0 0
0 0 0
0 0 0
0 0 0
0 0 0
0 0 0
0 0 0
0 0 0
0 0 0
0 0 0
0 0 0
0 0 0
0 0 0
0 0 0
0 0 0
0 0 0
0 0 0
0 0 0
0 0 0
0 0 0
0 0 0
0 0 0
0 0 0
0 0 0
0 0 0
0 0 0
0 0 0
0 0 0
0 0 0
0 0 0
0 0 0
0 0 0
0 0 0
0 0 0
0 0 0
0 0 0
0 0 0
0 0 0
-0 0 0
-0 0 0
-0 0 0
-0 0 0
-0 0 0
-0 0 0
-0 0 0
-0 0 0
-0 0 0
-0 0 0
-0 0 0
-0 0 0
-0 0 0
-0 0 0
-0 0 0
-0 0 0
-0 0 0
-0 0 0
-0 0 0
-0 0 0
-0 0 0
-0 0 0
-0 0 0
-0 0 0
-0 0 0
-0 0 0
-0 0 0
-0 0 0
-0 0 0
-0 0 0
-0 0 0
-0 0 0
-0 0 0
-0 0 0
-0 0 0
-0 0 0
-0 0 0
-0 0 0
-0 0 0
-0 0 0
-0.13178132 0.0042478978 0.37150002
-0.12922342 0.0042707669 0.37350002
-0.12612468 0.0042764843 0.37400001
-0.12277082 0.0042736256 0.37375003
-0.11950129 0.0042736256 0.37375003
-0.11654272 0.0042850599 0.37475002
-0.11364223 0.0042993529 0.37600002
-0.11049974 0.0043050703 0.37650001
-0.10749089 0.0043165046 0.37750003
-0.10453354 0.0043307976 0.37875003
-0.1015543 0.0043450911 0.38000003
-0.098423965 0.0043536667 0.38075003
-0.095280483 0.0043622423 0.38150001
-0.092123896 0.0043708184 0.38225001
-0.08901225 0.0043822527 0.38325003
-0.085827224 0.0043908283 0.384
-0.082790159 0.00440798 0.38550001
-0.079829849 0.0044308491 0.38750002
-0.077130444 0.0044708699 0.39100003
-0.074511193 0.0045194663 0.39525002
-0.071997352 0.004579497 0.40050003
-0.068579309 0.0045852144 0.40100002
-0.064787403 0.004565204 0.39925003
-0.060603924 0.0045137489 0.39475003
-0.056933504 0.0044965972 0.39325002
-0.053357348 0.0044851629 0.39225003
-0.0498305 0.0044765868 0.39150003
-0.046346411 0.0044708699 0.39100003
-0.042925961 0.0044708699 0.39100003
-0.039454993 0.0044651525 0.39050001
-0 0 0
-0.032748159 0.0044823042 0.39200002
-0 0 0
-0 0 0
-0 0 0
-0 0 0
-0 0 0
-0 0 0
-0 0 0
-0 0 0
-0 0 0
0 0 0
0 0 0
0 0 0
0 0 0
0 0 0
0 0 0
0 0 0
0 0 0
0 0 0
0 0 0
0 0 0
0 0 0
0 0 0
0 0 0
0 0 0
0 0 0
0 0 0
0 0 0
0 0 0
0 0 0
0 0 0
0 0 0
0 0 0
0 0 0
0 0 0
0 0 0
0 0 0
0 0 0
0 0 0
0 0 0
0 0 0
0 0 0
0 0 0
0 0 0
0 0 0
0 0 0
0 0 0
0 0 0
0 0 0
0 0 0
0 0 0
0 0 0
0 0 0
0 0 0
0 0 0
0 0 0
0 0 0
0 0 0
0 0 0
0 0 0
0 0 0
0 0 0
0 0 0
0 0 0
0 0 0
0 0 0
0 0 0
0 0 0
0 0 0
0 0 0
0 0 0
0 0 0
0 0 0
0.25518847 0.0052569881 0.45975003
0.25906935 0.0052541294 0.45950001
0.26308903 0.0052541294 0.45950001
0 0 0
0 0 0
0 0 0
0 0 0
0 0 0
0 0 0
0 0 0
0 0 0
0 0 0
0 0 0
0 0 0
0 0 0
0 0 0
-0 0 0
-0 0 0
-0 0 0
-0 0 0
-0 0 0
-0 0 0
-0 0 0
-0 0 0
-0 0 0
-0 0 0
-0 0 0
-0 0 0
-0 0 0
-0 0 0
-0 0 0
-0 0 0
-0 0 0
-0 0 0
-0 0 0
-0 0 0
-0 0 0
-0 0 0
-0 0 0
-0 0 0
-0 0 0
-0 0 0
-0 0 0
-0 0 0
-0 0 0
-0 0 0
-0 0 0
-0 0 0
-0 0 0
-0 0 0
-0 0 0
-0 0 0
-0 0 0
-0 0 0
-0 0 0
-0 0 0
-0.13195869 0.0075053526 0.37200001
-0.12913692 0.0075305724 0.37325001
-0.12620899 0.0075507481 0.37425002
-0.12301718 0.0075557916 0.37450001
-0.11982102 0.0075608362 0.37475002
-0.1168537 0.0075810114 0.37575001
-0.11356667 0.0075810114 0.37575001
-0.11049974 0.0075961431 0.37650001
-0.10756207 0.0076213628 0.37775001
-0.10453354 0.007641539 0.37875003
-0.1015543 0.0076667583 0.38000003
-0.098423965 0.0076818904 0.38075003
-0.09540537 0.0077071097 0.38200003
-0.092184149 0.0077171978 0.38250002
-0.089070313 0.007737373 0.38350001
-0.085883111 0.0077525047 0.38425002
-0.082843848 0.0077827685 0.38575003
-0.079984359 0.007833208 0.38825002
-0.077229075 0.0078987787 0.39150003
-0.074793965 0.0080047008 0.39675003
-0.071682751 0.0080450522 0.39875001
-0.068151757 0.0080400081 0.39850003
-0.06409774 0.0079693934 0.39500001
-0.060373638 0.007934086 0.39325002
-0.056788731 0.0079139108 0.39225003
-0.053323336 0.0079088667 0.39200002
-0.049925964 0.0079139108 0.39225003
-0.046376042 0.0078937346 0.39125001
-0.043008298 0.0079038227 0.39175001
-0 0 0
-0 0 0
-0 0 0
-0 0 0
-0 0 0
-0 0 0
-0 0 0
-0 0 0
-0 0 0
-0 0 0
-0 0 0
-0 0 0
0 0 0
0 0 0
0 0 0
0 0 0
0 0 0
0 0 0
0 0 0
0 0 0
0 0 0
0 0 0
0 0 0
0 0 0
0 0 0
0 0 0
0 0 0
0 0 0
0 0 0
0 0 0
0 0 0
0 0 0
0 0 0
0 0 0
0 0 0
0 0 0
0 0 0
0 0 0
0 0 0
0 0 0
0 0 0
0 0 0
0 0 0
0 0 0
0 0 0
0 0 0
0 0 0
0 0 0
0 0 0
0 0 0
0 0 0
0 0 0
0 0 0
0 0 0
0 0 0
0 0 0
0 0 0
0 0 0
0 0 0
0 0 0
0 0 0
0 0 0
0 0 0
0 0 0
0 0 0
0 0 0
0 0 0
0 0 0
0 0 0
0 0 0
0 0 0
0 0 0
0 0 0
0 0 0
0 0 0
0.2546334 0.0092555927 0.45875001
0.25864649 0.0092555927 0.45875001
0.26294589 0.0092656808 0.45925003
0 0 0
0 0 0
0 0 0
0 0 0
0 0 0
0 0 0
0 0 0
0 0 0
0 0 0
0 0 0
0 0 0
0 0 0
0 0 0
-0 0 0
-0 0 0
-0 0 0
-0 0 0
-0 0 0
-0 0 0
-0 0 0
-0 0 0
-0 0 0
-0 0 0
-0 0 0
-0 0 0
-0 0 0
-0 0 0
-0 0 0
-0 0 0
-0 0 0
-0 0 0
-0 0 0
-0 0 0
-0 0 0
-0 0 0
-0 0 0
-0 0 0
-0 0 0
-0 0 0
-0 0 0
-0 0 0
-0 0 0
-0 0 0
-0 0 0
-0 0 0
-0 0 0
-0 0 0
-0 0 0
-0 0 0
-0 0 0
-0 0 0
-0 0 0
-0.13475858 0.010720943 0.37075001
-0.13187002 0.010749861 0.37175003
-0.12905043 0.010786007 0.37300003
-0.12612468 0.010814924 0.37400001
-0.12293506 0.010822153 0.37425002
-0.12022068 0.010872757 0.37600002
-0.11724243 0.010901674 0.377
-0.11386891 0.010894445 0.37675002
-0.11064648 0.010901674 0.377
-0.107918 0.010959508 0.37900001
-0.10467153 0.010966738 0.37925002
-0.10162111 0.010995653 0.38025001
-0.098488584 0.011017342 0.38100001
-0.095467798 0.011053488 0.38225001
-0.092304654 0.011075175 0.38300002
-0.089128383 0.011096863 0.38375002
-0.085994862 0.01112578 0.38475001
-0.082897536 0.011161926 0.38600001
-0.080035858 0.011234218 0.38850001
-0.077229075 0.01132097 0.39150003
-0.074416935 0.01141495 0.39475003
-0.07118839 0.011451095 0.39600003
-0.067553177 0.011422179 0.39500001
-0.063894898 0.011386032 0.39375001
-0.060258493 0.011349887 0.39250001
-0.056788731 0.011342658 0.39225003
-0.053357348 0.011342658 0.39225003
-0.050148703 0.011393262 0.39400002
-0.046376042 0.01131374 0.39125001
-0.043090638 0.011349887 0.39250001
-0.039707582 0.011364345 0.39300001
-0 0 0
-0 0 0
-0 0 0
-0 0 0
-0 0 0
-0 0 0
-0 0 0
-0 0 0
-0 0 0
-0 0 0
-0 0 0
0 0 0
0 0 0
0 0 0
0 0 0
0 0 0
0 0 0
0 0 0
0 0 0
0 0 0
0 0 0
0 0 0
0 0 0
0 0 0
0 0 0
0 0 0
0 0 0
0 0 0
0 0 0
0 0 0
0 0 0
0 0 0
0 0 0
0 0 0
0 0 0
0 0 0
0 0 0
0 0 0
0 0 0
0 0 0
0 0 0
0 0 0
0 0 0
0 0 0
0 0 0
0 0 0
0 0 0
0 0 0
0 0 0
0 0 0
0 0 0
0 0 0
0 0 0
0 0 0
0 0 0
0 0 0
0 0 0
0 0 0
0 0 0
0 0 0
0 0 0
0 0 0
0 0 0
0 0 0
0 0 0
0 0 0
0 0 0
0 0 0
0 0 0
0 0 0
0 0 0
0 0 0
0 0 0
0 0 0
0.25407833 0.013236715 0.45775002
0 0 0
0 0 0
0 0 0
0 0 0
0 0 0
0 0 0
0 0 0
0 0 0
0 0 0
0 0 0
0 0 0
0 0 0
0 0 0
0 0 0
0 0 0
-0 0 0
-0 0 0
-0 0 0
-0 0 0
-0 0 0
-0 0 0
-0 0 0
-0 0 0
-0 0 0
-0 0 0
-0 0 0
-0 0 0
-0 0 0
-0 0 0
-0 0 0
-0 0 0
-0 0 0
-0 0 0
-0 0 0
-0 0 0
-0 0 0
-0 0 0
-0 0 0
-0 0 0
-0 0 0
-0 0 0
-0 0 0
-0 0 0
-0 0 0
-0 0 0
-0 0 0
-0 0 0
-0 0 0
-0 0 0
-0 0 0
-0 0 0
-0 0 0
-0 0 0
-0 0 0
-0 0 0
-0 0 0
-0 0 0
-0.1262933 0.014102972 0.37450001
-0.12301718 0.014102972 0.37450001
-0.11998089 0.014131216 0.37525001
-0.11716469 0.014187704 0.37675002
-0.11432227 0.014244191 0.37825003
-0.1111601 0.01426302 0.37875003
-0.10798918 0.014281849 0.37925002
-0.10508553 0.014338337 0.38075003
-0.10188837 0.014357165 0.38125002
-0.098617837 0.014366579 0.38150001
-0.095530242 0.014404238 0.38250002
-0.092485406 0.014451311 0.38375002
-0.089360632 0.014488968 0.38475001
-0.086274244 0.014536041 0.38600001
-0.083219677 0.014592528 0.38750002
-0.080241874 0.014667845 0.38950002
-0.077081129 0.014714917 0.39075002
-0.073851377 0.014752575 0.39175001
-0.070783906 0.014827891 0.39375001
-0.067424916 0.014846721 0.39425001
-0.063935466 0.014837307 0.39400002
-0.060412019 0.014818477 0.39350003
-0.057042088 0.014837307 0.39400002
-0.05366341 0.014856135 0.39450002
-0.050180521 0.014846721 0.39425001
-0.046316776 0.014714917 0.39075002
-0 0 0
-0 0 0
-0 0 0
-0 0 0
-0 0 0
-0 0 0
-0 0 0
-0 0 0
-0 0 0
-0 0 0
-0 0 0
-0 0 0
-0 0 0
0 0 0
0 0 0
0 0 0
0 0 0
0 0 0
0 0 0
0 0 0
0 0 0
0 0 0
0 0 0
0 0 0
0 0 0
0 0 0
0 0 0
0 0 0
0 0 0
0 0 0
0 0 0
0 0 0
0 0 0
0 0 0
0 0 0
0 0 0
0 0 0
0 0 0
0 0 0
0 0 0
0 0 0
0 0 0
0 0 0
0 0 0
0 0 0
0 0 0
0 0 0
0 0 0
0 0 0
0 0 0
0 0 0
0 0 0
0 0 0
0 0 0
0 0 0
0 0 0
0 0 0
0 0 0
0 0 0
0 0 0
0 0 0
0 0 0
0 0 0
0 0 0
0 0 0
0 0 0
0 0 0
0 0 0
0 0 0
0 0 0
0 0 0
0 0 0
0 0 0
0 0 0
0 0 0
0 0 0
0 0 0
0 0 0
0 0 0
0 0 0
0 0 0
0 0 0
0 0 0
0 0 0
0 0 0
0 0 0
0 0 0
0 0 0
0 0 0
0 0 0
0 0 0
0 0 0
-0 0 0
-0 0 0
-0 0 0
-0 0 0
-0 0 0
-0 0 0
-0 0 0
-0 0 0
-0 0 0
-0 0 0
-0 0 0
-0 0 0
-0 0 0
-0 0 0
-0 0 0
-0 0 0
-0 0 0
-0 0 0
-0 0 0
-0 0 0
-0 0 0
-0 0 0
-0 0 0
-0 0 0
-0 0 0
-0 0 0
-0 0 0
-0 0 0
-0 0 0
-0 0 0
-0 0 0
-0 0 0
-0 0 0
-0 0 0
-0 0 0
-0 0 0
-0 0 0
-0 0 0
-0 0 0
-0 0 0
-0 0 0
-0.13000187 0.017434562 0.37575001
-0.12671484 0.017434562 0.37575001
-0 0 0
-0.11966115 0.017364964 0.37425002
-0.11732019 0.017504161 0.37725002
-0.11454894 0.01758536 0.37900001
-0.11130685 0.01759696 0.37925002
-0.10798918 0.01759696 0.37925002
-0.10508553 0.01766656 0.38075003
-0.1020888 0.017724559 0.38200003
-0.098811708 0.017736157 0.38225001
-0.095592678 0.017759359 0.38275
-0.092545651 0.017817358 0.384
-0.089592896 0.017898556 0.38575003
-0.086497754 0.017956555 0.38700002
-0.083327055 0.018002955 0.38800001
-0.080241874 0.018072555 0.38950002
-0.076982498 0.018107355 0.39025003
-0.073757119 0.018153753 0.39125001
-0.070604146 0.018223353 0.39275002
-0.067382157 0.018281352 0.39400002
-0.064057171 0.018316152 0.39475003
-0.060603924 0.018316152 0.39475003
-0.057186864 0.01832775 0.39500001
-0.053629402 0.01829295 0.39425001
-0.049925964 0.018200153 0.39225003
-0.046346411 0.018142154 0.39100003
-0 0 0
-0 0 0
-0.036454219 0.01832775 0.39500001
-0 0 0
-0 0 0
-0 0 0
-0 0 0
-0 0 0
-0 0 0
-0 0 0
-0 0 0
-0 0 0
-0 0 0
0 0 0
0 0 0
0 0 0
0 0 0
0 0 0
0 0 0
0 0 0
0 0 0
0 0 0
0 0 0
0 0 0
0 0 0
0 0 0
0 0 0
0 0 0
0 0 0
0 0 0
0 0 0
0 0 0
0 0 0
0 0 0
0 0 0
0 0 0
0 0 0
0 0 0
0 0 0
0 0 0
0 0 0
0 0 0
0 0 0
0 0 0
0 0 0
0 0 0
0 0 0
0 0 0
0 0 0
0 0 0
0 0 0
0 0 0
0 0 0
0 0 0
0 0 0
0 0 0
0 0 0
0 0 0
0 0 0
0 0 0
0 0 0
0 0 0
0 0 0
0 0 0
0 0 0
0 0 0
0 0 0
0 0 0
0 0 0
0 0 0
0 0 0
0 0 0
0 0 0
0 0 0
0 0 0
0 0 0
0 0 0
0 0 0
0 0 0
0 0 0
0 0 0
0 0 0
0 0 0
0 0 0
0 0 0
0 0 0
0 0 0
0 0 0
0 0 0
0 0 0
0 0 0
0 0 0
-0 0 0
-0 0 0
-0 0 0
-0 0 0
-0 0 0
-0 0 0
-0 0 0
-0 0 0
-0 0 0
-0 0 0
-0 0 0
-0 0 0
-0 0 0
-0 0 0
-0 0 0
-0 0 0
-0 0 0
-0 0 0
-0 0 0
-0 0 0
-0 0 0
-0 0 0
-0 0 0
-0 0 0
-0 0 0
-0 0 0
-0 0 0
-0 0 0
-0 0 0
-0 0 0
-0 0 0
-0 0 0
-0 0 0
-0 0 0
-0 0 0
-0 0 0
-0 0 0
-0 0 0
-0 0 0
-0 0 0
-0 0 0
-0 0 0
-0 0 0
-0.12326355 0.020691508 0.37525001
-0 0 0
-0.11801992 0.020925857 0.37950003
-0.11485119 0.020953426 0.38000003
-0.11145359 0.020939641 0.37975001
-0.10806037 0.020925857 0.37950003
-0.10494753 0.02096721 0.38025001
-0.10215561 0.021077491 0.38225001
-0.099005587 0.021118848 0.38300002
-0.095842436 0.021160204 0.38375002
-0.092726409 0.021215344 0.38475001
-0.089709021 0.021298055 0.38625002
-0.086441875 0.021325625 0.38675001
-0.083165988 0.021353194 0.38725001
-0.080241874 0.021477262 0.38950002
-0.076982498 0.021518618 0.39025003
-0.073851377 0.021601327 0.39175001
-0.070694022 0.021684039 0.39325002
-0.067382157 0.021725394 0.39400002
-0.064016603 0.021752965 0.39450002
-0.060680687 0.021794321 0.39525002
-0.057114474 0.021752965 0.39450002
-0.053493373 0.021684039 0.39325002
-0.049957782 0.021642683 0.39250001
-0.046435308 0.021601327 0.39175001
-0 0 0
-0 0 0
-0 0 0
-0 0 0
-0 0 0
-0 0 0
-0 0 0
-0 0 0
-0 0 0
-0 0 0
-0 0 0
-0 0 0
-0 0 0
0 0 0
0 0 0
0 0 0
0 0 0
0 0 0
0 0 0
0 0 0
0 0 0
0 0 0
0 0 0
0 0 0
0 0 0
0 0 0
0 0 0
0 0 0
0 0 0
0 0 0
0 0 0
0 0 0
0 0 0
0 0 0
0 0 0
0 0 0
0 0 0
0 0 0
0 0 0
0 0 0
0 0 0
0 0 0
0 0 0
0 0 0
0 0 0
0 0 0
0 0 0
0 0 0
0 0 0
0 0 0
0 0 0
0 0 0
0 0 0
0 0 0
0 0 0
0 0 0
0 0 0
0 0 0
0 0 0
0 0 0
0 0 0
0 0 0
0 0 0
0 0 0
0 0 0
0 0 0
0 0 0
0 0 0
0 0 0
0 0 0
0 0 0
0 0 0
0 0 0
0 0 0
0 0 0
0 0 0
0 0 0
0 0 0
0 0 0
0 0 0
0 0 0
0 0 0
0 0 0
0 0 0
0 0 0
0 0 0
0 0 0
0 0 0
0 0 0
0 0 0
0 0 0
0 0 0
-0 0 0
-0 0 0
-0 0 0
-0 0 0
-0 0 0
-0 0 0
-0 0 0
-0 0 0
-0 0 0
-0 0 0
-0 0 0
-0 0 0
-0 0 0
-0 0 0
-0 0 0
-0 0 0
-0 0 0
-0 0 0
-0 0 0
-0 0 0
-0 0 0
-0 0 0
-0 0 0
-0 0 0
-0 0 0
-0 0 0
-0 0 0
-0 0 0
-0 0 0
-0 0 0
-0 0 0
-0 0 0
-0 0 0
-0 0 0
-0 0 0
-0 0 0
-0 0 0
-0 0 0
-0 0 0
-0 0 0
-0 0 0
-0 0 0
-0 0 0
-0 0 0
-0.1209401 0.024163302 0.37825003
-0.1181754 0.024275094 0.38000003
-0.11485119 0.024275094 0.38000003
-0.11160033 0.024291063 0.38025001
-0.10834512 0.024307035 0.38050002
-0.10529252 0.024370916 0.38150001
-0.10228923 0.024450768 0.38275
-0.099134833 0.024498679 0.38350001
-0.096029751 0.024562562 0.38450003
-0.092907161 0.024626443 0.38550001
-0.089767091 0.024690326 0.38650003
-0.086553633 0.024738235 0.38725001
-0.08343444 0.024818089 0.38850001
-0.080293372 0.02489794 0.38975
-0.077081129 0.024961824 0.39075002
-0.073945642 0.025057647 0.39225003
-0.070783906 0.025153467 0.39375001
-0.067339405 0.025153467 0.39375001
-0.063894898 0.025153467 0.39375001
-0.060527161 0.025185408 0.39425001
-0.057150673 0.025217351 0.39475003
-0 0 0
-0.049957782 0.025073616 0.39250001
-0 0 0
-0 0 0
-0 0 0
-0 0 0
-0 0 0
-0 0 0
-0 0 0
-0 0 0
-0 0 0
-0 0 0
-0 0 0
-0 0 0
-0 0 0
-0 0 0
0 0 0
0 0 0
0 0 0
0 0 0
0 0 0
0 0 0
0 0 0
0 0 0
0 0 0
0 0 0
0 0 0
0 0 0
0 0 0
0 0 0
0 0 0
0 0 0
0 0 0
0 0 0
0 0 0
0 0 0
0 0 0
0 0 0
0 0 0
0 0 0
0 0 0
0 0 0
0 0 0
0 0 0
0 0 0
0 0 0
0 0 0
0 0 0
0 0 0
0 0 0
0 0 0
0 0 0
0 0 0
0 0 0
0 0 0
0 0 0
0 0 0
0 0 0
0 0 0
0 0 0
0 0 0
0 0 0
0 0 0
0 0 0
0 0 0
0 0 0
0 0 0
0 0 0
0 0 0
0 0 0
0 0 0
0 0 0
0 0 0
0 0 0
0 0 0
0 0 0
0 0 0
0 0 0
0 0 0
0 0 0
0 0 0
0 0 0
0 0 0
0 0 0
0 0 0
0 0 0
0 0 0
0 0 0
0 0 0
0 0 0
0 0 0
0 0 0
0 0 0
0 0 0
0 0 0
-0 0 0
-0 0 0
-0 0 0
-0 0 0
-0 0 0
-0 0 0
-0 0 0
-0 0 0
-0 0 0
-0 0 0
-0 0 0
-0 0 0
-0 0 0
-0 0 0
-0 0 0
-0 0 0
-0 0 0
-0 0 0
-0 0 0
-0 0 0
-0 0 0
-0 0 0
-0 0 0
-0 0 0
-0 0 0
-0 0 0
-0 0 0
-0 0 0
-0 0 0
-0 0 0
-0 0 0
-0 0 0
-0 0 0
-0 0 0
-0 0 0
-0 0 0
-0 0 0
-0 0 0
-0 0 0
-0 0 0
-0 0 0
-0 0 0
-0 0 0
-0 0 0
-0 0 0
-0.11794216 0.027542293 0.37925002
-0.11462451 0.027542293 0.37925002
-0.11138022 0.02756045 0.37950003
-0.10813156 0.027578605 0.37975001
-0.10543053 0.027742008 0.38200003
-0.10255648 0.027869098 0.38375002
-0.099264085 0.027887251 0.384
-0.096092179 0.027941721 0.38475001
-0.093027666 0.028032498 0.38600001
-0.089883216 0.028105123 0.38700002
-0.086777143 0.028195901 0.38825002
-0.083488129 0.028232213 0.38875002
-0.080190368 0.028268524 0.38925001
-0.077081129 0.028377458 0.39075002
-0.073851377 0.028450081 0.39175001
-0.07064908 0.028540859 0.39300001
-0.067296654 0.028577173 0.39350003
-0.063935466 0.028613484 0.39400002
-0.060565542 0.028649796 0.39450002
-0 0 0
-0 0 0
-0 0 0
-0 0 0
-0 0 0
-0 0 0
-0 0 0
-0 0 0
-0 0 0
-0 0 0
-0 0 0
-0 0 0
-0 0 0
-0 0 0
-0 0 0
-0 0 0
-0 0 0
0 0 0
0 0 0
0 0 0
0 0 0
0 0 0
0 0 0
0 0 0
0 0 0
0 0 0
0 0 0
0 0 0
0 0 0
0 0 0
0 0 0
0 0 0
0 0 0
0 0 0
0 0 0
0 0 0
0 0 0
0 0 0
0 0 0
0 0 0
0 0 0
0 0 0
0 0 0
0 0 0
0 0 0
0 0 0
0 0 0
0 0 0
0 0 0
0 0 0
0 0 0
0 0 0
0 0 0
0 0 0
0 0 0
0 0 0
0 0 0
0 0 0
0 0 0
0 0 0
0 0 0
0 0 0
0 0 0
0 0 0
0 0 0
0 0 0
0 0 0
0 0 0
0 0 0
0 0 0
0 0 0
0 0 0
0 0 0
0 0 0
0 0 0
0 0 0
0 0 0
0 0 0
0 0 0
0 0 0
0 0 0
0 0 0
0 0 0
0 0 0
0 0 0
0 0 0
0 0 0
0 0 0
0 0 0
0 0 0
0 0 0
0 0 0
0 0 0
0 0 0
0 0 0
0 0 0
-0 0 0
-0 0 0
-0 0 0
-0 0 0
-0 0 0
-0 0 0
-0 0 0
-0 0 0
-0 0 0
-0 0 0
-0 0 0
-0 0 0
-0 0 0
-0 0 0
-0 0 0
-0 0 0
-0 0 0
-0 0 0
-0 0 0
-0 0 0
-0 0 0
-0 0 0
-0 0 0
-0 0 0
-0 0 0
-0 0 0
-0 0 0
-0 0 0
-0 0 0
-0 0 0
-0 0 0
-0 0 0
-0 0 0
-0 0 0
-0 0 0
-0 0 0
-0 0 0
-0 0 0
-0 0 0
-0 0 0
-0 0 0
-0 0 0
-0 0 0
-0 0 0
-0.1209401 0.030776042 0.37825003
-0.11763118 0.030776042 0.37825003
-0 0 0
-0 0 0
-0.10806037 0.030877747 0.37950003
-0.10618951 0.031304907 0.38475001
-0.10295736 0.031345591 0.38525003
-0.099457964 0.031304907 0.38475001
-0.096092179 0.031304907 0.38475001
-0.092846915 0.031345591 0.38525003
-0.089767091 0.031447299 0.38650003
-0.087112404 0.031711727 0.38975
-0.08381027 0.031752411 0.39025003
-0.080344878 0.031732071 0.39000002
-0.077278391 0.031874459 0.39175001
-0.074039899 0.031955823 0.39275002
-0.07064908 0.031976163 0.39300001
-0.067211136 0.031976163 0.39300001
-0.063935466 0.032057527 0.39400002
-0.060642306 0.032138892 0.39500001
-0 0 0
-0 0 0
-0 0 0
-0 0 0
-0 0 0
-0 0 0
-0 0 0
-0 0 0
-0 0 0
-0 0 0
-0 0 0
-0 0 0
-0 0 0
-0 0 0
-0 0 0
-0 0 0
-0 0 0
0 0 0
0 0 0
0 0 0
0 0 0
0 0 0
0 0 0
0 0 0
0 0 0
0 0 0
0 0 0
0 0 0
0 0 0
0 0 0
0 0 0
0 0 0
0 0 0
0 0 0
0 0 0
0 0 0
0 0 0
0 0 0
0 0 0
0 0 0
0 0 0
0 0 0
0 0 0
0 0 0
0 0 0
0 0 0
0 0 0
0 0 0
0 0 0
0 0 0
0 0 0
0 0 0
0 0 0
0 0 0
0 0 0
0 0 0
0 0 0
0 0 0
0 0 0
0 0 0
0 0 0
0 0 0
0 0 0
0 0 0
0 0 0
0 0 0
0 0 0
0 0 0
0 0 0
0 0 0
0 0 0
0 0 0
0 0 0
0 0 0
0 0 0
0 0 0
0 0 0
0 0 0
0 0 0
0 0 0
0 0 0
0 0 0
0 0 0
0 0 0
0 0 0
0 0 0
0 0 0
0 0 0
0 0 0
0 0 0
0 0 0
0 0 0
0 0 0
0 0 0
0 0 0
0 0 0
-0 0 0
-0 0 0
-0 0 0
-0 0 0
-0 0 0
-0 0 0
-0 0 0
-0 0 0
-0 0 0
-0 0 0
-0 0 0
-0 0 0
-0 0 0
-0 0 0
-0 0 0
-0 0 0
-0 0 0
-0 0 0
-0 0 0
-0 0 0
-0 0 0
-0 0 0
-0 0 0
-0 0 0
-0 0 0
-0 0 0
-0 0 0
-0 0 0
-0 0 0
-0 0 0
-0 0 0
-0 0 0
-0 0 0
-0 0 0
-0 0 0
-0 0 0
-0 0 0
-0 0 0
-0 0 0
-0 0 0
-0 0 0
-0 0 0
-0 0 0
-0 0 0
-0 0 0
-0 0 0
-0 0 0
-0 0 0
-0.10912817 0.034532938 0.38325003
-0 0 0
-0.10295736 0.034713153 0.38525003
-0.099716462 0.034758203 0.38575003
-0.096217066 0.034713153 0.38525003
-0.092726409 0.034668095 0.38475001
-0.08999934 0.034915887 0.38750002
-0.087335914 0.035208732 0.39075002
-0.084078722 0.035276309 0.39150003
-0.080705397 0.035298835 0.39175001
-0.077623606 0.03545652 0.39350003
-0.074369803 0.035546627 0.39450002
-0.070828855 0.035501573 0.39400002
-0.067253895 0.035433993 0.39325002
-0 0 0
-0 0 0
-0 0 0
-0 0 0
-0 0 0
-0 0 0
-0 0 0
-0 0 0
-0 0 0
-0 0 0
-0 0 0
-0 0 0
-0 0 0
-0 0 0
-0 0 0
-0 0 0
-0 0 0
-0 0 0
-0 0 0
0 0 0
0 0 0
0 0 0
0 0 0
0 0 0
0 0 0
0 0 0
0 0 0
0 0 0
0 0 0
0 0 0
0 0 0
0 0 0
0 0 0
0 0 0
0 0 0
0 0 0
0 0 0
0 0 0
0 0 0
0 0 0
0 0 0
0 0 0
0 0 0
0 0 0
0 0 0
0 0 0
0 0 0
0 0 0
0 0 0
0 0 0
0 0 0
0 0 0
0 0 0
0 0 0
0 0 0
0 0 0
0 0 0
0 0 0
0 0 0
0 0 0
0 0 0
0 0 0
0 0 0
0 0 0
0 0 0
0 0 0
0 0 0
0 0 0
0 0 0
0 0 0
0 0 0
0 0 0
0 0 0
0 0 0
0 0 0
0 0 0
0 0 0
0 0 0
0 0 0
0 0 0
0 0 0
0 0 0
0 0 0
0 0 0
0 0 0
0 0 0
0 0 0
0 0 0
0 0 0
0 0 0
0 0 0
0 0 0
0 0 0
0 0 0
0 0 0
0 0 0
0 0 0
0 0 0
-0 0 0
-0 0 0
-0 0 0
-0 0 0
-0 0 0
-0 0 0
-0 0 0
-0 0 0
-0 0 0
-0 0 0
-0 0 0
-0 0 0
-0 0 0
-0 0 0
-0 0 0
-0 0 0
-0 0 0
-0 0 0
-0 0 0
-0 0 0
-0 0 0
-0 0 0
-0 0 0
-0 0 0
-0 0 0
-0 0 0
-0 0 0
-0 0 0
-0 0 0
-0 0 0
-0 0 0
-0 0 0
-0 0 0
-0 0 0
-0 0 0
-0 0 0
-0 0 0
-0 0 0
-0 0 0
-0 0 0
-0 0 0
-0 0 0
-0 0 0
-0 0 0
-0 0 0
-0 0 0
-0.11583347 0.037883017 0.38325003
-0 0 0
-0.10884342 0.037784167 0.38225001
-0 0 0
-0.10295736 0.038080711 0.38525003
-0.099910341 0.038204268 0.38650003
-0.09646681 0.038179554 0.38625002
-0.092907161 0.038105421 0.38550001
-0.090463854 0.038500808 0.38950002
-0.087559417 0.038723212 0.39175001
-0.084347174 0.038822059 0.39275002
-0.081117429 0.038920905 0.39375001
-0.077771552 0.038970329 0.39425001
-0.074275546 0.038945619 0.39400002
-0.071053565 0.039069176 0.39525002
-0.067638688 0.039093886 0.3955
-0.064422287 0.039242156 0.39700001
-0.061102882 0.039341006 0.39800003
-0 0 0
-0 0 0
-0 0 0
-0 0 0
-0 0 0
-0 0 0
-0 0 0
-0 0 0
-0 0 0
-0 0 0
-0 0 0
-0 0 0
-0 0 0
-0 0 0
-0 0 0
-0 0 0
-0 0 0
0 0 0
0 0 0
0 0 0
0 0 0
0 0 0
0 0 0
0 0 0
0 0 0
0 0 0
0 0 0
0 0 0
0 0 0
0 0 0
0 0 0
0 0 0
0 0 0
0 0 0
0 0 0
0 0 0
0 0 0
0 0 0
0 0 0
0 0 0
0 0 0
0 0 0
0 0 0
0 0 0
0 0 0
0 0 0
0 0 0
0 0 0
0 0 0
0 0 0
0 0 0
0 0 0
0 0 0
0 0 0
0 0 0
0 0 0
0 0 0
0 0 0
0 0 0
0 0 0
0 0 0
0 0 0
0 0 0
0 0 0
0 0 0
0 0 0
0 0 0
0 0 0
0 0 0
0 0 0
0 0 0
0 0 0
0 0 0
0 0 0
0 0 0
0 0 0
0 0 0
0 0 0
0 0 0
0 0 0
0 0 0
0 0 0
0 0 0
0 0 0
0 0 0
0 0 0
0 0 0
0 0 0
0 0 0
0 0 0
0 0 0
0 0 0
0 0 0
0 0 0
0 0 0
0 0 0
-0 0 0
-0 0 0
-0 0 0
-0 0 0
-0 0 0
-0 0 0
-0 0 0
-0 0 0
-0 0 0
-0 0 0
-0 0 0
-0 0 0
-0 0 0
-0 0 0
-0 0 0
-0 0 0
-0 0 0
-0 0 0
-0 0 0
-0 0 0
-0 0 0
-0 0 0
-0 0 0
-0 0 0
-0 0 0
-0 0 0
-0 0 0
-0 0 0
-0 0 0
-0 0 0
-0 0 0
-0 0 0
-0 0 0
-0 0 0
-0 0 0
-0 0 0
-0 0 0
-0 0 0
-0 0 0
-0 0 0
-0 0 0
-0 0 0
-0 0 0
-0 0 0
-0 0 0
-0 0 0
-0 0 0
-0 0 0
-0.10877224 0.04109861 0.38200003
-0 0 0
-0.10289054 0.041421372 0.38500002
-0.099910341 0.041582756 0.38650003
-0.096591689 0.041609649 0.38675001
-0.093027666 0.041528959 0.38600001
-0.090579979 0.041959312 0.39000002
-0.087782934 0.042255178 0.39275002
-0.084561929 0.042362764 0.39375001
-0.081323445 0.042470355 0.39475003
-0.07787019 0.042470355 0.39475003
-0.074416935 0.042470355 0.39475003
-0.071143448 0.042577941 0.39575002
-0.067766957 0.042631734 0.39625001
-0.064381719 0.042685531 0.39675003
-0.061026115 0.042766221 0.39750001
-0 0 0
-0 0 0
-0 0 0
-0 0 0
-0 0 0
-0 0 0
-0 0 0
-0 0 0
-0 0 0
-0 0 0
-0 0 0
-0 0 0
-0 0 0
-0 0 0
-0 0 0
-0 0 0
-0 0 0
0 0 0
0 0 0
0 0 0
0 0 0
0 0 0
0 0 0
0 0 0
0 0 0
0 0 0
0 0 0
0 0 0
0 0 0
0 0 0
0 0 0
0 0 0
0 0 0
0 0 0
0 0 0
0 0 0
0 0 0
0 0 0
0 0 0
0 0 0
0 0 0
0 0 0
0 0 0
0 0 0
0 0 0
0 0 0
0 0 0
0 0 0
0 0 0
0 0 0
0 0 0
0 0 0
0 0 0
0 0 0
0 0 0
0 0 0
0 0 0
0 0 0
0 0 0
0 0 0
0 0 0
0 0 0
0 0 0
0 0 0
0 0 0
0 0 0
0 0 0
0 0 0
0 0 0
0 0 0
0 0 0
0 0 0
0 0 0
0 0 0
0 0 0
0 0 0
0 0 0
0 0 0
0 0 0
0 0 0
0 0 0
0 0 0
0 0 0
0 0 0
0 0 0
0 0 0
0 0 0
0 0 0
0 0 0
0 0 0
0 0 0
0 0 0
0 0 0
0 0 0
0 0 0
0 0 0
-0 0 0
-0 0 0
-0 0 0
-0 0 0
-0 0 0
-0 0 0
-0 0 0
-0 0 0
-0 0 0
-0 0 0
-0 0 0
-0 0 0
-0 0 0
-0 0 0
-0 0 0
-0 0 0
-0 0 0
-0 0 0
-0 0 0
-0 0 0
-0 0 0
-0 0 0
-0 0 0
-0 0 0
-0 0 0
-0 0 0
-0 0 0
-0 0 0
-0 0 0
-0 0 0
-0 0 0
-0 0 0
-0 0 0
-0 0 0
-0 0 0
-0 0 0
-0 0 0
-0 0 0
-0 0 0
-0 0 0
-0 0 0
-0 0 0
-0 0 0
-0 0 0
-0 0 0
-0 0 0
-0 0 0
-0 0 0
-0 0 0
-0 0 0
-0 0 0
-0 0 0
-0.096966319 0.045164812 0.38825002
-0.093449429 0.045106649 0.38775003
-0.090986431 0.045571961 0.39175001
-0.087950565 0.04577554 0.39350003
-0.084669307 0.045862786 0.39425001
-0.081323445 0.045920953 0.39475003
-0.07787019 0.045920953 0.39475003
-0.074511193 0.045979116 0.39525002
-0.07118839 0.046066362 0.39600003
-0.067852467 0.046153612 0.39675003
-0.064543992 0.046269938 0.39775002
-0.061179642 0.046357185 0.39850003
-0 0 0
-0 0 0
-0 0 0
-0 0 0
-0 0 0
-0 0 0
-0 0 0
-0 0 0
-0 0 0
-0 0 0
-0 0 0
-0 0 0
-0 0 0
-0 0 0
-0 0 0
-0 0 0
-0 0 0
0 0 0
0 0 0
0 0 0
0 0 0
0 0 0
0 0 0
0 0 0
0 0 0
0 0 0
0 0 0
0 0 0
0 0 0
0 0 0
0 0 0
0 0 0
0 0 0
0 0 0
0 0 0
0 0 0
0 0 0
0 0 0
0 0 0
0 0 0
0 0 0
0 0 0
0 0 0
0 0 0
0 0 0
0 0 0
0 0 0
0 0 0
0 0 0
0 0 0
0 0 0
0 0 0
0 0 0
0 0 0
0 0 0
0 0 0
0 0 0
0 0 0
0 0 0
0 0 0
0 0 0
0 0 0
0 0 0
0 0 0
0 0 0
0 0 0
0 0 0
0 0 0
0 0 0
0 0 0
0 0 0
0 0 0
0 0 0
0 0 0
0 0 0
0 0 0
0 0 0
0 0 0
0 0 0
0 0 0
0 0 0
0 0 0
0 0 0
0 0 0
0 0 0
0 0 0
0 0 0
0 0 0
0 0 0
0 0 0
0 0 0
0 0 0
0 0 0
0 0 0
0 0 0
0 0 0
-0 0 0
-0 0 0
-0 0 0
-0 0 0
-0 0 0
-0 0 0
-0 0 0
-0 0 0
-0 0 0
-0 0 0
-0 0 0
-0 0 0
-0 0 0
-0 0 0
-0 0 0
-0 0 0
-0 0 0
-0 0 0
-0 0 0
-0 0 0
-0 0 0
-0 0 0
-0 0 0
-0 0 0
-0 0 0
-0 0 0
-0 0 0
-0 0 0
-0 0 0
-0 0 0
-0 0 0
-0 0 0
-0 0 0
-0 0 0
-0 0 0
-0 0 0
-0 0 0
-0 0 0
-0 0 0
-0 0 0
-0 0 0
-0 0 0
-0 0 0
-0 0 0
-0 0 0
-0 0 0
-0 0 0
-0 0 0
-0 0 0
-0 0 0
-0 0 0
-0 0 0
-0.097028755 0.048589859 0.38850001
-0.093750678 0.048652399 0.38900003
-0.091102563 0.049058877 0.39225003
-0.087894686 0.049183946 0.39325002
-0.084723003 0.049340285 0.39450002
-0.081374943 0.049402818 0.39500001
-0.07787019 0.049371552 0.39475003
-0.074511193 0.049434088 0.39525002
-0.071143448 0.049496621 0.39575002
-0.067937978 0.04968423 0.39725003
-0.064584561 0.049778033 0.39800003
-0.061179642 0.049840566 0.39850003
-0.057693586 0.049840566 0.39850003
-0 0 0
-0 0 0
-0 0 0
-0 0 0
-0 0 0
-0 0 0
-0 0 0
-0 0 0
-0 0 0
-0 0 0
-0 0 0
-0 0 0
-0 0 0
-0 0 0
-0 0 0
-0 0 0
0 0 0
0 0 0
0 0 0
0 0 0
0 0 0
0 0 0
0 0 0
0 0 0
0 0 0
0 0 0
0 0 0
0 0 0
0 0 0
0 0 0
0 0 0
0 0 0
0 0 0
0 0 0
0 0 0
0 0 0
0 0 0
0 0 0
0 0 0
0 0 0
0 0 0
0 0 0
0 0 0
0 0 0
0 0 0
0 0 0
0 0 0
0 0 0
0 0 0
0 0 0
0 0 0
0 0 0
0 0 0
0 0 0
0 0 0
0 0 0
0 0 0
0 0 0
0 0 0
0 0 0
0 0 0
0 0 0
0 0 0
0 0 0
0 0 0
0 0 0
0 0 0
0 0 0
0 0 0
0 0 0
0 0 0
0 0 0
0 0 0
0 0 0
0 0 0
0 0 0
0 0 0
0 0 0
0 0 0
0 0 0
0 0 0
0 0 0
0 0 0
0 0 0
0 0 0
0 0 0
0 0 0
0 0 0
0 0 0
0 0 0
0 0 0
0 0 0
0 0 0
0 0 0
0 0 0
-0 0 0
-0 0 0
-0 0 0
-0 0 0
-0 0 0
-0 0 0
-0 0 0
-0 0 0
-0 0 0
-0 0 0
-0 0 0
-0 0 0
-0 0 0
-0 0 0
-0 0 0
-0 0 0
-0 0 0
-0 0 0
-0 0 0
-0 0 0
-0 0 0
-0 0 0
-0 0 0
-0 0 0
-0 0 0
-0 0 0
-0 0 0
-0 0 0
-0 0 0
-0 0 0
-0 0 0
-0 0 0
-0 0 0
-0 0 0
-0 0 0
-0 0 0
-0 0 0
-0 0 0
-0 0 0
-0 0 0
-0 0 0
-0 0 0
-0 0 0
-0 0 0
-0 0 0
-0 0 0
-0 0 0
-0 0 0
-0 0 0
-0 0 0
-0 0 0
-0 0 0
-0 0 0
-0.093871184 0.052119642 0.38950002
-0.091102563 0.052487627 0.39225003
-0.087838806 0.052587979 0.39300001
-0.084615625 0.052721795 0.39400002
-0.081323445 0.052822154 0.39475003
-0.077919498 0.052855603 0.39500001
-0.074511193 0.05288906 0.39525002
-0.07118839 0.05298942 0.39600003
-0.067937978 0.053156681 0.39725003
-0.064543992 0.053223588 0.39775002
-0.061179642 0.053323947 0.39850003
-0.057729777 0.053357396 0.39875001
-0 0 0
-0 0 0
-0 0 0
-0 0 0
-0 0 0
-0 0 0
-0 0 0
-0 0 0
-0 0 0
-0 0 0
-0 0 0
-0 0 0
-0 0 0
-0 0 0
-0 0 0
-0 0 0
0 0 0
0 0 0
0 0 0
0 0 0
0 0 0
0 0 0
0 0 0
0 0 0
0 0 0
0 0 0
0 0 0
0 0 0
0 0 0
0 0 0
0 0 0
0 0 0
0 0 0
0 0 0
0 0 0
0 0 0
0 0 0
0 0 0
0 0 0
0 0 0
0 0 0
0 0 0
0 0 0
0 0 0
0 0 0
0 0 0
0 0 0
0 0 0
0 0 0
0 0 0
0 0 0
0 0 0
0 0 0
0 0 0
0 0 0
0 0 0
0 0 0
0 0 0
0 0 0
0 0 0
0 0 0
0 0 0
0 0 0
0 0 0
0 0 0
0 0 0
0 0 0
0 0 0
0 0 0
0 0 0
0 0 0
0 0 0
0 0 0
0 0 0
0 0 0
0 0 0
0 0 0
0 0 0
0 0 0
0 0 0
0 0 0
0 0 0
0 0 0
0 0 0
0 0 0
0 0 0
0 0 0
0 0 0
0 0 0
0 0 0
0 0 0
0 0 0
0 0 0
0 0 0
0 0 0
-0 0 0
-0 0 0
-0 0 0
-0 0 0
-0 0 0
-0 0 0
-0 0 0
-0 0 0
-0 0 0
-0 0 0
-0 0 0
-0 0 0
-0 0 0
-0 0 0
-0 0 0
-0 0 0
-0 0 0
-0 0 0
-0 0 0
-0 0 0
-0 0 0
-0 0 0
-0 0 0
-0 0 0
-0 0 0
-0 0 0
-0 0 0
-0 0 0
-0 0 0
-0 0 0
-0 0 0
-0 0 0
-0 0 0
-0 0 0
-0 0 0
-0 0 0
-0 0 0
-0 0 0
-0 0 0
-0 0 0
-0 0 0
-0 0 0
-0 0 0
-0 0 0
-0 0 0
-0 0 0
-0 0 0
-0 0 0
-0 0 0
-0 0 0
-0 0 0
-0 0 0
-0 0 0
-0.09447369 0.055880733 0.39200002
-0.091102563 0.055916373 0.39225003
-0.087838806 0.056023285 0.39300001
-0.084615625 0.05616584 0.39400002
-0.081323445 0.056272756 0.39475003
-0.077919498 0.056308389 0.39500001
-0.074416935 0.056272756 0.39475003
-0.070963681 0.056272756 0.39475003
-0.067510426 0.056272756 0.39475003
-0 0 0
-0 0 0
-0 0 0
-0 0 0
-0 0 0
-0 0 0
-0 0 0
-0 0 0
-0 0 0
-0 0 0
-0 0 0
-0 0 0
-0 0 0
-0 0 0
-0 0 0
-0 0 0
-0 0 0
-0 0 0
-0 0 0
0 0 0
0 0 0
0 0 0
0 0 0
0 0 0
0 0 0
0 0 0
0 0 0
0 0 0
0 0 0
0 0 0
0 0 0
0 0 0
0 0 0
0 0 0
0 0 0
0 0 0
0 0 0
0 0 0
0 0 0
0 0 0
0 0 0
0 0 0
0 0 0
0 0 0
0 0 0
0 0 0
0 0 0
0 0 0
0 0 0
0 0 0
0 0 0
0 0 0
0 0 0
0 0 0
0 0 0
0 0 0
0 0 0
0 0 0
0 0 0
0 0 0
0 0 0
0 0 0
0 0 0
0 0 0
0 0 0
0 0 0
0 0 0
0 0 0
0 0 0
0 0 0
0 0 0
0 0 0
0 0 0
0 0 0
0 0 0
0 0 0
0 0 0
0 0 0
0 0 0
0 0 0
0 0 0
0 0 0
0 0 0
0 0 0
0 0 0
0 0 0
0 0 0
0 0 0
0 0 0
0 0 0
0 0 0
0 0 0
0 0 0
0 0 0
0 0 0
0 0 0
0 0 0
0 0 0
-0 0 0
-0 0 0
-0 0 0
-0 0 0
-0 0 0
-0 0 0
-0 0 0
-0 0 0
-0 0 0
-0 0 0
-0 0 0
-0 0 0
-0 0 0
-0 0 0
-0 0 0
-0 0 0
-0 0 0
-0 0 0
-0 0 0
-0 0 0
-0 0 0
-0 0 0
-0 0 0
-0 0 0
-0 0 0
-0 0 0
-0 0 0
-0 0 0
-0 0 0
-0 0 0
-0 0 0
-0 0 0
-0 0 0
-0 0 0
-0 0 0
-0 0 0
-0 0 0
-0 0 0
-0 0 0
-0 0 0
-0 0 0
-0 0 0
-0 0 0
-0 0 0
-0 0 0
-0 0 0
-0 0 0
-0 0 0
-0 0 0
-0 0 0
-0 0 0
-0 0 0
-0 0 0
-0.094232693 0.059156004 0.39100003
-0.091044493 0.059307296 0.39200002
-0.087838806 0.059458587 0.39300001
-0.084561929 0.05957206 0.39375001
-0.081220433 0.059647705 0.39425001
-0.077722237 0.059609883 0.39400002
-0.074228413 0.05957206 0.39375001
-0.070738971 0.059534237 0.39350003
-0.067467667 0.059685528 0.39450002
-0 0 0
-0 0 0
-0 0 0
-0 0 0
-0 0 0
-0 0 0
-0 0 0
-0 0 0
-0 0 0
-0 0 0
-0 0 0
-0 0 0
-0 0 0
-0 0 0
-0 0 0
-0 0 0
-0 0 0
-0 0 0
-0 0 0
0 0 0
0 0 0
0 0 0
0 0 0
0 0 0
0 0 0
0 0 0
0 0 0
0 0 0
0 0 0
0 0 0
0 0 0
0 0 0
0 0 0
0 0 0
0 0 0
0 0 0
0 0 0
0 0 0
0 0 0
0 0 0
0 0 0
0 0 0
0 0 0
0 0 0
0 0 0
0 0 0
0 0 0
0 0 0
0 0 0
0 0 0
0 0 0
0 0 0
0 0 0
0 0 0
0 0 0
0 0 0
0 0 0
0 0 0
0 0 0
0 0 0
0 0 0
0 0 0
0 0 0
0 0 0
0 0 0
0 0 0
0 0 0
0 0 0
0 0 0
0 0 0
0 0 0
0 0 0
0 0 0
0 0 0
0 0 0
0 0 0
0 0 0
0 0 0
0 0 0
0 0 0
0 0 0
0 0 0
0 0 0
0 0 0
0 0 0
0 0 0
0 0 0
0 0 0
0 0 0
0 0 0
0 0 0
0 0 0
0 0 0
0 0 0
0 0 0
0 0 0
0 0 0
0 0 0
-0 0 0
-0 0 0
-0 0 0
-0 0 0
-0 0 0
-0 0 0
-0 0 0
-0 0 0
-0 0 0
-0 0 0
-0 0 0
-0 0 0
-0 0 0
-0 0 0
-0 0 0
-0 0 0
-0 0 0
-0 0 0
-0 0 0
-0 0 0
-0 0 0
-0 0 0
-0 0 0
-0 0 0
-0 0 0
-0 0 0
-0 0 0
-0 0 0
-0 0 0
-0 0 0
-0 0 0
-0 0 0
-0 0 0
-0 0 0
-0 0 0
-0 0 0
-0 0 0
-0 0 0
-0 0 0
-0 0 0
-0 0 0
-0 0 0
-0 0 0
-0 0 0
-0 0 0
-0 0 0
-0 0 0
-0 0 0
-0 0 0
-0 0 0
-0 0 0
-0 0 0
-0 0 0
-0.094292939 0.06261383 0.39125001
-0.090986431 0.062693849 0.39175001
-0.087782934 0.062853888 0.39275002
-0.084454551 0.062933899 0.39325002
-0.081014417 0.062933899 0.39325002
-0.07757429 0.062933899 0.39325002
-0.074181288 0.062973909 0.39350003
-0.070604146 0.062853888 0.39275002
-0.067082874 0.062773868 0.39225003
-0 0 0
-0 0 0
-0 0 0
-0 0 0
-0 0 0
-0 0 0
-0 0 0
-0 0 0
-0 0 0
-0 0 0
-0 0 0
-0 0 0
-0 0 0
-0 0 0
-0 0 0
-0 0 0
-0 0 0
-0 0 0
-0 0 0
0 0 0
0 0 0
0 0 0
0 0 0
0 0 0
0 0 0
0 0 0
0 0 0
0 0 0
0 0 0
0 0 0
0 0 0
0 0 0
0 0 0
0 0 0
0 0 0
0 0 0
0 0 0
0 0 0
0 0 0
0 0 0
0 0 0
0 0 0
0 0 0
0 0 0
0 0 0
0 0 0
0 0 0
0 0 0
0 0 0
0 0 0
0 0 0
0 0 0
0 0 0
0 0 0
0 0 0
0 0 0
0 0 0
0 0 0
0 0 0
0 0 0
0 0 0
0 0 0
0 0 0
0 0 0
0 0 0
0 0 0
0 0 0
0 0 0
0 0 0
0 0 0
0 0 0
0 0 0
0 0 0
0 0 0
0 0 0
0 0 0
0 0 0
0 0 0
0 0 0
0 0 0
0 0 0
0 0 0
0 0 0
0 0 0
0 0 0
0 0 0
0 0 0
0 0 0
0 0 0
0 0 0
0 0 0
0 0 0
0 0 0
0 0 0
0 0 0
0 0 0
0 0 0
0 0 0
-0 0 0
-0 0 0
-0 0 0
-0 0 0
-0 0 0
-0 0 0
-0 0 0
-0 0 0
-0 0 0
-0 0 0
-0 0 0
-0 0 0
-0 0 0
-0 0 0
-0 0 0
-0 0 0
-0 0 0
-0 0 0
-0 0 0
-0 0 0
-0 0 0
-0 0 0
-0 0 0
-0 0 0
-0 0 0
-0 0 0
-0 0 0
-0 0 0
-0 0 0
-0 0 0
-0 0 0
-0 0 0
-0 0 0
-0 0 0
-0 0 0
-0 0 0
-0 0 0
-0 0 0
-0 0 0
-0 0 0
-0 0 0
-0 0 0
-0 0 0
-0 0 0
-0 0 0
-0 0 0
-0 0 0
-0 0 0
-0 0 0
-0 0 0
-0 0 0
-0 0 0
-0 0 0
-0.093328916 0.065358728 0.38725001
-0.090463854 0.065738477 0.38950002
-0.087447666 0.066033833 0.39125001
-0.084025033 0.066033833 0.39125001
-0.080756903 0.066160418 0.39200002
-0.077278391 0.066118225 0.39175001
-0.073757119 0.066033833 0.39125001
-0.07042437 0.066118225 0.39175001
-0.067082874 0.066202618 0.39225003
-0 0 0
-0 0 0
-0 0 0
-0 0 0
-0 0 0
-0 0 0
-0 0 0
-0 0 0
-0 0 0
-0 0 0
-0 0 0
-0 0 0
-0 0 0
-0 0 0
-0 0 0
-0 0 0
-0 0 0
-0 0 0
-0 0 0
0 0 0
0 0 0
0 0 0
0 0 0
0 0 0
0 0 0
0 0 0
0 0 0
0 0 0
0 0 0
0 0 0
0 0 0
0 0 0
0 0 0
0 0 0
0 0 0
0 0 0
0 0 0
0 0 0
0 0 0
0 0 0
0 0 0
0 0 0
0 0 0
0 0 0
0 0 0
0 0 0
0 0 0
0 0 0
0 0 0
0 0 0
0 0 0
0 0 0
0 0 0
0 0 0
0 0 0
0 0 0
0 0 0
0 0 0
0 0 0
0 0 0
0 0 0
0 0 0
0 0 0
0 0 0
0 0 0
0 0 0
0 0 0
0 0 0
0 0 0
0 0 0
0 0 0
0 0 0
0 0 0
0 0 0
0 0 0
0 0 0
0 0 0
0 0 0
0 0 0
0 0 0
0 0 0
0 0 0
0 0 0
0 0 0
0 0 0
0 0 0
0 0 0
0 0 0
0 0 0
0 0 0
0 0 0
0 0 0
0 0 0
0 0 0
0 0 0
0 0 0
0 0 0
0 0 0
-0 0 0
-0 0 0
-0 0 0
-0 0 0
-0 0 0
-0 0 0
-0 0 0
-0 0 0
-0 0 0
-0 0 0
-0 0 0
-0 0 0
-0 0 0
-0 0 0
-0 0 0
-0 0 0
-0 0 0
-0 0 0
-0 0 0
-0 0 0
-0 0 0
-0 0 0
-0 0 0
-0 0 0
-0 0 0
-0 0 0
-0 0 0
-0 0 0
-0 0 0
-0 0 0
-0 0 0
-0 0 0
-0 0 0
-0 0 0
-0 0 0
-0 0 0
-0 0 0
-0 0 0
-0 0 0
-0 0 0
-0 0 0
-0 0 0
-0 0 0
-0 0 0
-0 0 0
-0 0 0
-0 0 0
-0 0 0
-0 0 0
-0 0 0
-0 0 0
-0 0 0
-0 0 0
-0 0 0
-0.089883216 0.068699397 0.38700002
-0 0 0
-0 0 0
-0 0 0
-0 0 0
-0 0 0
-0 0 0
-0 0 0
-0 0 0
-0 0 0
-0 0 0
-0 0 0
-0 0 0
-0 0 0
-0 0 0
-0 0 0
-0 0 0
-0 0 0
-0 0 0
-0 0 0
-0 0 0
-0 0 0
-0 0 0
-0 0 0
-0 0 0
-0 0 0
-0 0 0
0 0 0
0 0 0
0 0 0
0 0 0
0 0 0
0 0 0
0 0 0
0 0 0
0 0 0
0 0 0
0 0 0
0 0 0
0 0 0
0 0 0
0 0 0
0 0 0
0 0 0
0 0 0
0 0 0
0 0 0
0 0 0
0 0 0
0 0 0
0 0 0
0 0 0
0 0 0
0 0 0
0 0 0
0 0 0
0 0 0
0 0 0
0 0 0
0 0 0
0 0 0
0 0 0
0 0 0
0 0 0
0 0 0
0 0 0
0 0 0
0 0 0
0 0 0
0 0 0
0 0 0
0 0 0
0 0 0
0 0 0
0 0 0
0 0 0
0 0 0
0 0 0
0 0 0
0 0 0
0 0 0
0 0 0
0 0 0
0 0 0
0 0 0
0 0 0
0 0 0
0 0 0
0 0 0
0 0 0
0 0 0
0 0 0
0 0 0
0 0 0
0 0 0
0 0 0
0 0 0
0 0 0
0 0 0
0 0 0
0 0 0
0 0 0
0 0 0
0 0 0
0 0 0
0 0 0
-0 0 0
-0 0 0
-0 0 0
-0 0 0
-0 0 0
-0 0 0
-0 0 0
-0 0 0
-0 0 0
-0 0 0
-0 0 0
-0 0 0
-0 0 0
-0 0 0
-0 0 0
-0 0 0
-0 0 0
-0 0 0
-0 0 0
-0 0 0
-0 0 0
-0 0 0
-0 0 0
-0 0 0
-0 0 0
-0 0 0
-0 0 0
-0 0 0
-0 0 0
-0 0 0
-0 0 0
-0 0 0
-0 0 0
-0 0 0
-0 0 0
-0 0 0
-0 0 0
-0 0 0
-0 0 0
-0 0 0
-0 0 0
-0 0 0
-0 0 0
-0 0 0
-0 0 0
-0 0 0
-0 0 0
-0 0 0
-0 0 0
-0 0 0
-0 0 0
-0 0 0
-0 0 0
-0 0 0
-0 0 0
-0 0 0
-0 0 0
-0 0 0
-0 0 0
-0 0 0
-0 0 0
-0 0 0
-0 0 0
-0 0 0
-0 0 0
-0 0 0
-0 0 0
-0 0 0
-0 0 0
-0 0 0
-0 0 0
-0 0 0
-0 0 0
-0 0 0
-0 0 0
-0 0 0
-0 0 0
-0 0 0
-0 0 0
-0 0 0
-0 0 0
0 0 0
0 0 0
0 0 0
0 0 0
0 0 0
0 0 0
0 0 0
0 0 0
0 0 0
0 0 0
0 0 0
0 0 0
0 0 0
0 0 0
0 0 0
0 0 0
0 0 0
0 0 0
0 0 0
0 0 0
0 0 0
0 0 0
0 0 0
0 0 0
0 0 0
0 0 0
0 0 0
0 0 0
0 0 0
0 0 0
0 0 0
0 0 0
0 0 0
0 0 0
0 0 0
0 0 0
0 0 0
0 0 0
0 0 0
0 0 0
0 0 0
0 0 0
0 0 0
0 0 0
0 0 0
0 0 0
0 0 0
0 0 0
0 0 0
0 0 0
0 0 0
0 0 0
0 0 0
0 0 0
0 0 0
0 0 0
0 0 0
0 0 0
0 0 0
0 0 0
0 0 0
0.2530579 0.087681442 0.47075003
0 0 0
0 0 0
0 0 0
0 0 0
0 0 0
0 0 0
0 0 0
0 0 0
0 0 0
0 0 0
0 0 0
0 0 0
0 0 0
0 0 0
0 0 0
0 0 0
0 0 0
-0 0 0
-0 0 0
-0 0 0
-0 0 0
-0 0 0
-0 0 0
-0 0 0
-0 0 0
-0 0 0
-0 0 0
-0 0 0
-0 0 0
-0 0 0
-0 0 0
-0 0 0
-0 0 0
-0 0 0
-0 0 0
-0 0 0
-0 0 0
-0 0 0
-0 0 0
-0 0 0
-0 0 0
-0 0 0
-0 0 0
-0 0 0
-0 0 0
-0 0 0
-0 0 0
-0 0 0
-0 0 0
-0 0 0
-0 0 0
-0 0 0
-0 0 0
-0 0 0
-0 0 0
-0 0 0
-0 0 0
-0 0 0
-0 0 0
-0 0 0
-0 0 0
-0 0 0
-0 0 0
-0 0 0
-0 0 0
-0 0 0
-0 0 0
-0 0 0
-0 0 0
-0 0 0
-0 0 0
-0 0 0
-0 0 0
-0 0 0
-0 0 0
-0 0 0
-0 0 0
-0 0 0
-0 0 0
-0 0 0
-0 0 0
-0 0 0
-0 0 0
-0 0 0
-0 0 0
-0 0 0
-0 0 0
-0 0 0
-0 0 0
-0 0 0
-0 0 0
-0 0 0
-0 0 0
-0 0 0
-0 0 0
-0 0 0
-0 0 0
-0 0 0
0 0 0
0 0 0
0 0 0
0 0 0
0 0 0
0 0 0
0 0 0
0 0 0
0 0 0
0 0 0
0 0 0
0 0 0
0 0 0
0 0 0
0 0 0
0 0 0
0 0 0
0 0 0
0 0 0
0 0 0
0 0 0
0 0 0
0 0 0
0 0 0
0 0 0
0 0 0
0 0 0
0 0 0
0 0 0
0 0 0
0 0 0
0 0 0
0 0 0
0 0 0
0 0 0
0 0 0
0 0 0
0 0 0
0 0 0
0 0 0
0 0 0
0 0 0
0 0 0
0 0 0
0 0 0
0 0 0
0 0 0
0 0 0
0 0 0
0 0 0
0 0 0
0 0 0
0 0 0
0 0 0
0 0 0
0 0 0
0 0 0
0 0 0
0 0 0
0 0 0
0 0 0
0 0 0
0 0 0
0 0 0
0 0 0
0 0 0
0 0 0
0 0 0
0 0 0
0 0 0
0 0 0
0 0 0
0 0 0
0 0 0
0 0 0
0 0 0
0 0 0
0 0 0
0 0 0
-0 0 0
-0 0 0
-0 0 0
-0 0 0
-0 0 0
-0 0 0
-0 0 0
-0 0 0
-0 0 0
-0 0 0
-0 0 0
-0 0 0
-0 0 0
-0 0 0
-0 0 0
-0 0 0
-0 0 0
-0 0 0
-0 0 0
-0 0 0
-0 0 0
-0 0 0
-0 0 0
-0 0 0
-0 0 0
-0 0 0
-0 0 0
-0 0 0
-0 0 0
-0 0 0
-0 0 0
-0 0 0
-0 0 0
-0 0 0
-0 0 0
-0 0 0
-0 0 0
-0 0 0
-0 0 0
-0 0 0
-0 0 0
-0 0 0
-0 0 0
-0 0 0
-0 0 0
-0 0 0
-0 0 0
-0 0 0
-0 0 0
-0 0 0
-0 0 0
-0 0 0
-0 0 0
-0 0 0
-0 0 0
-0 0 0
-0 0 0
-0 0 0
-0 0 0
-0 0 0
-0 0 0
-0 0 0
-0 0 0
-0 0 0
-0 0 0
-0 0 0
-0 0 0
-0 0 0
-0 0 0
-0 0 0
-0 0 0
-0 0 0
-0 0 0
-0 0 0
-0 0 0
-0 0 0
-0 0 0
-0 0 0
-0 0 0
-0 0 0
-0 0 0
0 0 0
0 0 0
0 0 0
0 0 0
0 0 0
0 0 0
0 0 0
0 0 0
0 0 0
0 0 0
0 0 0
0 0 0
0 0 0
0 0 0
0 0 0
0 0 0
0 0 0
0 0 0
0 0 0
0 0 0
0 0 0
0 0 0
0 0 0
0 0 0
0 0 0
0 0 0
0 0 0
0 0 0
0 0 0
0 0 0
0 0 0
0 0 0
0 0 0
0 0 0
0 0 0
0 0 0
0 0 0
0 0 0
0 0 0
0 0 0
0 0 0
0 0 0
0 0 0
0 0 0
0 0 0
0 0 0
0 0 0
0 0 0
0 0 0
0 0 0
0 0 0
0 0 0
0 0 0
0 0 0
0 0 0
0 0 0
0 0 0
0 0 0
0 0 0
0 0 0
0 0 0
0 0 0
0 0 0
0 0 0
0 0 0
0 0 0
0 0 0
0 0 0
0 0 0
0 0 0
0 0 0
0 0 0
0 0 0
0 0 0
0 0 0
0 0 0
0 0 0
0 0 0
0 0 0
-0 0 0
-0 0 0
-0 0 0
-0 0 0
-0 0 0
-0 0 0
-0 0 0
-0 0 0
-0 0 0
-0 0 0
-0 0 0
-0 0 0
-0 0 0
-0 0 0
-0 0 0
-0 0 0
-0 0 0
-0 0 0
-0 0 0
-0 0 0
-0 0 0
-0 0 0
-0 0 0
-0 0 0
-0 0 0
-0 0 0
-0 0 0
-0 0 0
-0 0 0
-0 0 0
-0 0 0
-0 0 0
-0 0 0
-0 0 0
-0 0 0
-0 0 0
-0 0 0
-0 0 0
-0 0 0
-0 0 0
-0 0 0
-0 0 0
-0 0 0
-0 0 0
-0 0 0
-0 0 0
-0 0 0
-0 0 0
-0 0 0
-0 0 0
-0 0 0
-0 0 0
-0 0 0
-0 0 0
-0 0 0
-0 0 0
-0 0 0
-0 0 0
-0 0 0
-0 0 0
-0 0 0
-0 0 0
-0 0 0
-0 0 0
-0 0 0
-0 0 0
-0 0 0
-0 0 0
-0 0 0
-0 0 0
-0 0 0
-0 0 0
-0 0 0
-0 0 0
-0 0 0
-0 0 0
-0 0 0
-0 0 0
-0 0 0
-0 0 0
-0 0 0
0 0 0
0 0 0
0 0 0
0 0 0
0 0 0
0 0 0
0 0 0
0 0 0
0 0 0
0 0 0
0 0 0
0 0 0
0 0 0
0 0 0
0 0 0
0 0 0
0 0 0
0 0 0
0 0 0
0 0 0
0 0 0
0 0 0
0 0 0
0 0 0
0 0 0
0 0 0
0 0 0
0 0 0
0 0 0
0 0 0
0 0 0
0 0 0
0 0 0
0 0 0
0 0 0
0 0 0
0 0 0
0 0 0
0 0 0
0 0 0
0 0 0
0 0 0
0 0 0
0 0 0
0 0 0
0 0 0
0 0 0
0 0 0
0 0 0
0 0 0
0 0 0
0 0 0
0 0 0
0 0 0
0 0 0
0 0 0
0 0 0
0 0 0
0 0 0
0 0 0
0 0 0
0 0 0
0 0 0
0 0 0
0 0 0
0 0 0
0 0 0
0 0 0
0 0 0
0 0 0
0 0 0
0 0 0
0 0 0
0 0 0
0 0 0
0 0 0
0 0 0
0 0 0
0 0 0
-0 0 0
-0 0 0
-0 0 0
-0 0 0
-0 0 0
-0 0 0
-0 0 0
-0 0 0
-0 0 0
-0 0 0
-0 0 0
-0 0 0
-0 0 0
-0 0 0
-0 0 0
-0 0 0
-0 0 0
-0 0 0
-0 0 0
-0 0 0
-0 0 0
-0 0 0
-0 0 0
-0 0 0
-0 0 0
-0 0 0
-0 0 0
-0 0 0
-0 0 0
-0 0 0
-0 0 0
-0 0 0
-0 0 0
-0 0 0
-0 0 0
-0 0 0
-0 0 0
-0 0 0
-0 0 0
-0 0 0
-0 0 0
-0 0 0
-0 0 0
-0 0 0
-0 0 0
-0 0 0
-0 0 0
-0 0 0
-0 0 0
-0 0 0
-0 0 0
-0 0 0
-0 0 0
-0 0 0
-0 0 0
-0 0 0
-0 0 0
-0 0 0
-0 0 0
-0 0 0
-0 0 0
-0 0 0
-0 0 0
-0 0 0
-0 0 0
-0 0 0
-0 0 0
-0 0 0
-0 0 0
-0 0 0
-0 0 0
-0 0 0
-0 0 0
-0 0 0
-0 0 0
-0 0 0
-0 0 0
-0 0 0
-0 0 0
-0 0 0
-0 0 0
0 0 0
0 0 0
0 0 0
0 0 0
0 0 0
0 0 0
0 0 0
0 0 0
0 0 0
0 0 0
0 0 0
0 0 0
0 0 0
0 0 0
0 0 0
0 0 0
0 0 0
0 0 0
0 0 0
0 0 0
0 0 0
0 0 0
0 0 0
0 0 0
0 0 0
0 0 0
0 0 0
0 0 0
0 0 0
0 0 0
0 0 0
0 0 0
0 0 0
0 0 0
0 0 0
0 0 0
0 0 0
0 0 0
0 0 0
0 0 0
0 0 0
0 0 0
0 0 0
0 0 0
0 0 0
0 0 0
0 0 0
0 0 0
0 0 0
0 0 0
0 0 0
0 0 0
0 0 0
0 0 0
0 0 0
0 0 0
0 0 0
0 0 0
0 0 0
0 0 0
0 0 0
0 0 0
0 0 0
0 0 0
0 0 0
0 0 0
0 0 0
0 0 0
0 0 0
0 0 0
0 0 0
0 0 0
0 0 0
0 0 0
0 0 0
0 0 0
0 0 0
0 0 0
0 0 0
-0 0 0
-0 0 0
-0 0 0
-0 0 0
-0 0 0
-0 0 0
-0 0 0
-0 0 0
-0 0 0
-0 0 0
-0 0 0
-0 0 0
-0 0 0
-0 0 0
-0 0 0
-0 0 0
-0 0 0
-0 0 0
-0 0 0
-0 0 0
-0 0 0
-0 0 0
-0 0 0
-0 0 0
-0 0 0
-0 0 0
-0 0 0
-0 0 0
-0 0 0
-0 0 0
-0 0 0
-0 0 0
-0 0 0
-0 0 0
-0 0 0
-0 0 0
-0 0 0
-0 0 0
-0 0 0
-0 0 0
-0 0 0
-0 0 0
-0 0 0
-0 0 0
-0 0 0
-0 0 0
-0 0 0
-0 0 0
-0 0 0
-0 0 0
-0 0 0
-0 0 0
-0 0 0
-0 0 0
-0 0 0
-0 0 0
-0 0 0
-0 0 0
-0 0 0
-0 0 0
-0 0 0
-0 0 0
-0 0 0
-0 0 0
-0 0 0
-0 0 0
-0 0 0
-0 0 0
-0 0 0
-0 0 0
-0 0 0
-0 0 0
-0 0 0
-0 0 0
-0 0 0
-0 0 0
-0 0 0
-0 0 0
-0 0 0
-0 0 0
-0 0 0
0 0 0
0 0 0
0 0 0
0 0 0
0 0 0
0 0 0
0 0 0
0 0 0
0 0 0
0 0 0
0 0 0
0 0 0
0 0 0
0 0 0
0 0 0
0 0 0
0 0 0
0 0 0
0 0 0
0 0 0
0 0 0
0 0 0
0 0 0
0 0 0
0 0 0
0 0 0
0 0 0
0 0 0
0 0 0
0 0 0
0 0 0
0 0 0
0 0 0
0 0 0
0 0 0
0 0 0
0 0 0
0 0 0
0 0 0
0 0 0
0 0 0
0 0 0
0 0 0
0 0 0
0 0 0
0 0 0
0 0 0
0 0 0
0 0 0
0 0 0
0 0 0
0 0 0
0 0 0
0 0 0
0 0 0
0 0 0
0 0 0
0 0 0
0 0 0
0 0 0
0 0 0
0 0 0
0 0 0
0 0 0
0 0 0
0 0 0
0 0 0
0 0 0
0 0 0
0 0 0
0 0 0
0 0 0
0 0 0
0 0 0
0 0 0
0 0 0
0 0 0
0 0 0
0 0 0
-0 0 0
-0 0 0
-0 0 0
-0 0 0
-0 0 0
-0 0 0
-0 0 0
-0 0 0
-0 0 0
-0 0 0
-0 0 0
-0 0 0
-0 0 0
-0 0 0
-0 0 0
-0 0 0
-0 0 0
-0 0 0
-0 0 0
-0 0 0
-0 0 0
-0 0 0
-0 0 0
-0 0 0
-0 0 0
-0 0 0
-0 0 0
-0 0 0
-0 0 0
-0 0 0
-0 0 0
-0 0 0
-0 0 0
-0 0 0
-0 0 0
-0 0 0
-0 0 0
-0 0 0
-0 0 0
-0 0 0
-0 0 0
-0 0 0
-0 0 0
-0 0 0
-0 0 0
-0 0 0
-0 0 0
-0 0 0
-0 0 0
-0 0 0
-0 0 0
-0 0 0
-0 0 0
-0 0 0
-0 0 0
-0 0 0
-0 0 0
-0 0 0
-0 0 0
-0 0 0
-0 0 0
-0 0 0
-0 0 0
-0 0 0
-0 0 0
-0 0 0
-0 0 0
-0 0 0
-0 0 0
-0 0 0
-0 0 0
-0 0 0
-0 0 0
-0 0 0
-0 0 0
-0 0 0
-0 0 0
-0 0 0
-0 0 0
-0 0 0
-0 0 0
0 0 0
0 0 0
0 0 0
0 0 0
0 0 0
0 0 0
0 0 0
0 0 0
0 0 0
0 0 0
0 0 0
0 0 0
0 0 0
0 0 0
0 0 0
0 0 0
0 0 0
0 0 0
0 0 0
0 0 0
0 0 0
0 0 0
0 0 0
0 0 0
0 0 0
0 0 0
0 0 0
0 0 0
0 0 0
0 0 0
0 0 0
0 0 0
0 0 0
0 0 0
0 0 0
0 0 0
0 0 0
0 0 0
0 0 0
0 0 0
0 0 0
0 0 0
0 0 0
0 0 0
0 0 0
0 0 0
0 0 0
0 0 0
0 0 0
0 0 0
0 0 0
0 0 0
0 0 0
0 0 0
0 0 0
0 0 0
0 0 0
0 0 0
0 0 0
0 0 0
0 0 0
0 0 0
0 0 0
0 0 0
0 0 0
0 0 0
0 0 0
0 0 0
0 0 0
0 0 0
0 0 0
0 0 0
0 0 0
0 0 0
0 0 0
0 0 0
0 0 0
0 0 0
0 0 0
-0 0 0
-0 0 0
-0 0 0
-0 0 0
-0 0 0
-0 0 0
-0 0 0
-0 0 0
-0 0 0
-0 0 0
-0 0 0
-0 0 0
-0 0 0
-0 0 0
-0 0 0
-0 0 0
-0 0 0
-0 0 0
-0 0 0
-0 0 0
-0 0 0
-0 0 0
-0 0 0
-0 0 0
-0 0 0
-0 0 0
-0 0 0
-0 0 0
-0 0 0
-0 0 0
-0 0 0
-0 0 0
-0 0 0
-0 0 0
-0 0 0
-0 0 0
-0 0 0
-0 0 0
-0 0 0
-0 0 0
-0 0 0
-0 0 0
-0 0 0
-0 0 0
-0 0 0
-0 0 0
-0 0 0
-0 0 0
-0 0 0
-0 0 0
-0 0 0
-0 0 0
-0 0 0
-0 0 0
-0 0 0
-0 0 0
-0 0 0
-0 0 0
-0 0 0
-0 0 0
-0 0 0
-0 0 0
-0 0 0
-0 0 0
-0 0 0
-0 0 0
-0 0 0
-0 0 0
-0 0 0
-0 0 0
-0 0 0
-0 0 0
-0 0 0
-0 0 0
-0 0 0
-0 0 0
-0 0 0
-0 0 0
-0 0 0
-0 0 0
-0 0 0
0 0 0
0 0 0
0 0 0
0 0 0
0 0 0
0 0 0
0 0 0
0 0 0
0 0 0
0 0 0
0 0 0
0 0 0
0 0 0
0 0 0
0 0 0
0 0 0
0 0 0
0 0 0
0 0 0
0 0 0
0 0 0
0 0 0
0 0 0
0 0 0
0 0 0
0 0 0
0 0 0
0 0 0
0 0 0
0 0 0
0 0 0
0 0 0
0 0 0
0 0 0
0 0 0
0 0 0
0 0 0
0 0 0
0 0 0
0 0 0
0 0 0
0 0 0
0 0 0
0 0 0
0 0 0
0 0 0
0 0 0
0 0 0
0 0 0
0 0 0
0 0 0
0 0 0
0 0 0
0 0 0
0 0 0
0 0 0
0 0 0
0 0 0
0 0 0
0 0 0
0 0 0
0 0 0
0 0 0
0 0 0
0 0 0
0 0 0
0 0 0
0 0 0
0 0 0
0 0 0
0 0 0
0 0 0
0 0 0
0 0 0
0 0 0
0 0 0
0 0 0
0 0 0
0 0 0
-0 0 0
-0 0 0
-0 0 0
-0 0 0
-0 0 0
-0 0 0
-0 0 0
-0 0 0
-0 0 0
-0 0 0
-0 0 0
-0 0 0
-0 0 0
-0 0 0
-0 0 0
-0 0 0
-0 0 0
-0 0 0
-0 0 0
-0 0 0
-0 0 0
-0 0 0
-0 0 0
-0 0 0
-0 0 0
-0 0 0
-0 0 0
-0 0 0
-0 0 0
-0 0 0
-0 0 0
-0 0 0
-0 0 0
-0 0 0
-0 0 0
-0 0 0
-0 0 0
-0 0 0
-0 0 0
-0 0 0
-0 0 0
-0 0 0
-0 0 0
-0 0 0
-0 0 0
-0 0 0
-0 0 0
-0 0 0
-0 0 0
-0 0 0
-0 0 0
-0 0 0
-0 0 0
-0 0 0
-0 0 0
-0 0 0
-0 0 0
-0 0 0
-0 0 0
-0 0 0
-0 0 0
-0 0 0
-0 0 0
-0 0 0
-0 0 0
-0 0 0
-0 0 0
-0 0 0
-0 0 0
-0 0 0
-0 0 0
-0 0 0
-0 0 0
-0 0 0
-0 0 0
-0 0 0
-0 0 0
-0 0 0
-0 0 0
-0 0 0
-0 0 0
0 0 0
0 0 0
0 0 0
0 0 0
0 0 0
0 0 0
0 0 0
0 0 0
0 0 0
0 0 0
0 0 0
0 0 0
0 0 0
0 0 0
0 0 0
0 0 0
0 0 0
0 0 0
0 0 0
0 0 0
0 0 0
0 0 0
0 0 0
0 0 0
0 0 0
0 0 0
0 0 0
0 0 0
0 0 0
0 0 0
0 0 0
0 0 0
0 0 0
0 0 0
0 0 0
0 0 0
0 0 0
0 0 0
0 0 0
0 0 0
0 0 0
0 0 0
0 0 0
0 0 0
0 0 0
0 0 0
0 0 0
0 0 0
0 0 0
0 0 0
0 0 0
0 0 0
0 0 0
0 0 0
0 0 0
0 0 0
0 0 0
0 0 0
0 0 0
0 0 0
0 0 0
0 0 0
0 0 0
0 0 0
0 0 0
0 0 0
0 0 0
0 0 0
0 0 0
0 0 0
0 0 0
0 0 0
0 0 0
0 0 0
0 0 0
0 0 0
0 0 0
0 0 0
0 0 0
-0 0 0
-0 0 0
-0 0 0
-0 0 0
-0 0 0
-0 0 0
-0 0 0
-0 0 0
-0 0 0
-0 0 0
-0 0 0
-0 0 0
-0 0 0
-0 0 0
-0 0 0
-0 0 0
-0 0 0
-0 0 0
-0 0 0
-0 0 0
-0 0 0
-0 0 0
-0 0 0
-0 0 0
-0 0 0
-0 0 0
-0 0 0
-0 0 0
-0 0 0
-0 0 0
-0 0 0
-0 0 0
-0 0 0
-0 0 0
-0 0 0
-0 0 0
-0 0 0
-0 0 0
-0 0 0
-0 0 0
-0 0 0
-0 0 0
-0 0 0
-0 0 0
-0 0 0
-0 0 0
-0 0 0
-0 0 0
-0 0 0
-0 0 0
-0 0 0
-0 0 0
-0 0 0
-0 0 0
-0 0 0
-0 0 0
-0 0 0
-0 0 0
-0 0 0
-0 0 0
-0 0 0
-0 0 0
-0 0 0
-0 0 0
-0 0 0
-0 0 0
-0 0 0
-0 0 0
-0 0 0
-0 0 0
-0 0 0
-0 0 0
-0 0 0
-0 0 0
-0 0 0
-0 0 0
-0 0 0
-0 0 0
-0 0 0
-0 0 0
-0 0 0
0 0 0
0 0 0
0 0 0
0 0 0
0 0 0
0 0 0
0 0 0
0 0 0
0 0 0
0 0 0
0 0 0
0 0 0
0 0 0
0 0 0
0 0 0
0 0 0
0 0 0
0 0 0
0 0 0
0 0 0
0 0 0
0 0 0
0 0 0
0 0 0
0 0 0
0 0 0
0 0 0
0 0 0
0 0 0
0 0 0
0 0 0
0 0 0
0 0 0
0 0 0
0 0 0
0 0 0
0 0 0
0 0 0
0 0 0
0 0 0
0 0 0
0 0 0
0 0 0
0 0 0
0 0 0
0 0 0
0 0 0
0 0 0
0 0 0
0 0 0
0 0 0
0 0 0
0 0 0
0 0 0
0 0 0
0 0 0
0 0 0
0 0 0
0 0 0
0 0 0
0 0 0
0 0 0
0 0 0
0 0 0
0 0 0
0 0 0
0 0 0
0 0 0
0 0 0
0 0 0
0 0 0
0 0 0
0 0 0
0 0 0
0 0 0
0 0 0
0 0 0
0 0 0
0 0 0
-0 0 0
-0 0 0
-0 0 0
-0 0 0
-0 0 0
-0 0 0
-0 0 0
-0 0 0
-0 0 0
-0 0 0
-0 0 0
-0 0 0
-0 0 0
-0 0 0
-0 0 0
-0 0 0
-0 0 0
-0 0 0
-0 0 0
-0 0 0
-0 0 0
-0 0 0
-0 0 0
-0 0 0
-0 0 0
-0 0 0
-0 0 0
-0 0 0
-0 0 0
-0 0 0
-0 0 0
-0 0 0
-0 0 0
-0 0 0
-0 0 0
-0 0 0
-0 0 0
-0 0 0
-0 0 0
-0 0 0
-0 0 0
-0 0 0
-0 0 0
-0 0 0
-0 0 0
-0 0 0
-0 0 0
-0 0 0
-0 0 0
-0 0 0
-0 0 0
-0 0 0
-0 0 0
-0 0 0
-0 0 0
-0 0 0
-0 0 0
-0 0 0
-0 0 0
-0 0 0
-0 0 0
-0 0 0
-0 0 0
-0 0 0
-0 0 0
-0 0 0
-0 0 0
-0 0 0
-0 0 0
-0 0 0
-0 0 0
-0 0 0
-0 0 0
-0 0 0
-0 0 0
-0 0 0
-0 0 0
-0 0 0
-0 0 0
-0 0 0
-0 0 0
0 0 0
0 0 0
0 0 0
0 0 0
0 0 0
0 0 0
0 0 0
0 0 0
0 0 0
0 0 0
0 0 0
0 0 0
0 0 0
0 0 0
0 0 0
0 0 0
0 0 0
0 0 0
0 0 0
0 0 0
0 0 0
0 0 0
0 0 0
0 0 0
0 0 0
0 0 0
0 0 0
0 0 0
0 0 0
0 0 0
0 0 0
0 0 0
0 0 0
0 0 0
0 0 0
0 0 0
0 0 0
0 0 0
0 0 0
0 0 0
0 0 0
0 0 0
0 0 0
0 0 0
0 0 0
0 0 0
0 0 0
0 0 0
0 0 0
0 0 0
0 0 0
0 0 0
0 0 0
0 0 0
0 0 0
0 0 0
0 0 0
0 0 0
0 0 0
0 0 0
0 0 0
0 0 0
0 0 0
0 0 0
0 0 0
0 0 0
0 0 0
0 0 0
0 0 0
0 0 0
0 0 0
0 0 0
0 0 0
0 0 0
0 0 0
0 0 0
0 0 0
0 0 0
0 0 0
-0 0 0
-0 0 0
-0 0 0
-0 0 0
-0 0 0
-0 0 0
-0 0 0
-0 0 0
-0 0 0
-0 0 0
-0 0 0
-0 0 0
-0 0 0
-0 0 0
-0 0 0
-0 0 0
-0 0 0
-0 0 0
-0 0 0
-0 0 0
-0 0 0
-0 0 0
-0 0 0
-0 0 0
-0 0 0
-0 0 0
-0 0 0
-0 0 0
-0 0 0
-0 0 0
-0 0 0
-0 0 0
-0 0 0
-0 0 0
-0 0 0
-0 0 0
-0 0 0
-0 0 0
-0 0 0
-0 0 0
-0 0 0
-0 0 0
-0 0 0
-0 0 0
-0 0 0
-0 0 0
-0 0 0
-0 0 0
-0 0 0
-0 0 0
-0 0 0
-0 0 0
-0 0 0
-0 0 0
-0 0 0
-0 0 0
-0 0 0
-0 0 0
-0 0 0
-0 0 0
-0 0 0
-0 0 0
-0 0 0
-0 0 0
-0 0 0
-0 0 0
-0 0 0
-0 0 0
-0 0 0
-0 0 0
-0 0 0
-0 0 0
-0 0 0
-0 0 0
-0 0 0
-0 0 0
-0 0 0
-0 0 0
-0 0 0
-0 0 0
-0 0 0
0 0 0
0 0 0
0 0 0
0 0 0
0 0 0
0 0 0
0 0 0
0 0 0
0 0 0
0 0 0
0 0 0
0 0 0
0 0 0
0 0 0
0 0 0
0 0 0
0 0 0
0 0 0
0 0 0
0 0 0
0 0 0
0 0 0
0 0 0
0 0 0
0 0 0
0 0 0
0 0 0
0 0 0
0 0 0
0 0 0
0 0 0
0 0 0
0 0 0
0 0 0
0 0 0
0 0 0
0 0 0
0 0 0
0 0 0
0 0 0
0 0 0
0 0 0
0 0 0
0 0 0
0 0 0
0 0 0
0 0 0
0 0 0
0 0 0
0 0 0
0 0 0
0 0 0
0 0 0
0 0 0
0 0 0
0 0 0
0 0 0
0 0 0
0 0 0
0.24651194 0.13386357 0.47400004
0 0 0
0 0 0
0 0 0
0 0 0
0 0 0
0 0 0
0 0 0
0 0 0
0 0 0
0 0 0
0 0 0
0 0 0
0 0 0
0 0 0
0 0 0
0 0 0
0 0 0
0 0 0
0 0 0
-0 0 0
-0 0 0
-0 0 0
-0 0 0
-0 0 0
-0 0 0
-0 0 0
-0 0 0
-0 0 0
-0 0 0
-0 0 0
-0 0 0
-0 0 0
-0 0 0
-0 0 0
-0 0 0
-0 0 0
-0 0 0
-0 0 0
-0 0 0
-0 0 0
-0 0 0
-0 0 0
-0 0 0
-0 0 0
-0 0 0
-0 0 0
-0 0 0
-0 0 0
-0 0 0
-0 0 0
-0 0 0
-0 0 0
-0 0 0
-0 0 0
-0 0 0
-0 0 0
-0 0 0
-0 0 0
-0 0 0
-0 0 0
-0 0 0
-0 0 0
-0 0 0
-0 0 0
-0 0 0
-0 0 0
-0 0 0
-0 0 0
-0 0 0
-0 0 0
-0 0 0
-0 0 0
-0 0 0
-0 0 0
-0 0 0
-0 0 0
-0 0 0
-0 0 0
-0 0 0
-0 0 0
-0 0 0
-0 0 0
-0 0 0
-0 0 0
-0 0 0
-0 0 0
-0 0 0
-0 0 0
-0 0 0
-0 0 0
-0 0 0
-0 0 0
-0 0 0
-0 0 0
-0 0 0
-0 0 0
-0 0 0
-0 0 0
-0 0 0
-0 0 0
0 0 0
0 0 0
0 0 0
0 0 0
0 0 0
0 0 0
0 0 0
0 0 0
0 0 0
0 0 0
0 0 0
0 0 0
0 0 0
0 0 0
0 0 0
0 0 0
0 0 0
0 0 0
0 0 0
0 0 0
0 0 0
0 0 0
0 0 0
0 0 0
0 0 0
0 0 0
0 0 0
0 0 0
0 0 0
0 0 0
0 0 0
0 0 0
0 0 0
0 0 0
0 0 0
0 0 0
0 0 0
0 0 0
0 0 0
0 0 0
0 0 0
0 0 0
0 0 0
0 0 0
0 0 0
0 0 0
0 0 0
0 0 0
0 0 0
0 0 0
0 0 0
0 0 0
0 0 0
0 0 0
0 0 0
0 0 0
0 0 0
0 0 0
0 0 0
0 0 0
0 0 0
0 0 0
0 0 0
0 0 0
0 0 0
0 0 0
0 0 0
0 0 0
0 0 0
0 0 0
0 0 0
0 0 0
0 0 0
0 0 0
0 0 0
0 0 0
0 0 0
0 0 0
0 0 0
-0 0 0
-0 0 0
-0 0 0
-0 0 0
-0 0 0
-0 0 0
-0 0 0
-0 0 0
-0 0 0
-0 0 0
-0 0 0
-0 0 0
-0 0 0
-0 0 0
-0 0 0
-0 0 0
-0 0 0
-0 0 0
-0 0 0
-0 0 0
-0 0 0
-0 0 0
-0 0 0
-0 0 0
-0 0 0
-0 0 0
-0 0 0
-0 0 0
-0 0 0
-0 0 0
-0 0 0
-0 0 0
-0 0 0
-0 0 0
-0 0 0
-0 0 0
-0 0 0
-0 0 0
-0 0 0
-0 0 0
-0 0 0
-0 0 0
-0 0 0
-0 0 0
-0 0 0
-0 0 0
-0 0 0
-0 0 0
-0 0 0
-0 0 0
-0 0 0
-0 0 0
-0 0 0
-0 0 0
-0 0 0
-0 0 0
-0 0 0
-0 0 0
-0 0 0
-0 0 0
-0 0 0
-0 0 0
-0 0 0
-0 0 0
-0 0 0
-0 0 0
-0 0 0
-0 0 0
-0 0 0
-0 0 0
-0 0 0
-0 0 0
-0 0 0
-0 0 0
-0 0 0
-0 0 0
-0 0 0
-0 0 0
-0 0 0
-0 0 0
-0 0 0
0 0 0
0 0 0
0 0 0
0 0 0
0 0 0
0 0 0
0 0 0
0 0 0
0 0 0
0 0 0
0 0 0
0 0 0
0 0 0
0 0 0
0 0 0
0 0 0
0 0 0
0 0 0
0 0 0
0 0 0
0 0 0
0 0 0
0 0 0
0 0 0
0 0 0
0 0 0
0 0 0
0 0 0
0 0 0
0 0 0
0 0 0
0 0 0
0 0 0
0 0 0
0 0 0
0 0 0
0 0 0
0 0 0
0 0 0
0 0 0
0 0 0
0 0 0
0 0 0
0 0 0
0 0 0
0 0 0
0 0 0
0 0 0
0 0 0
0 0 0
0 0 0
0 0 0
0 0 0
0 0 0
0 0 0
0 0 0
0 0 0
0 0 0
0 0 0
0 0 0
0 0 0
0 0 0
0 0 0
0 0 0
0 0 0
0 0 0
0 0 0
0 0 0
0 0 0
0 0 0
0 0 0
0 0 0
0 0 0
0 0 0
0 0 0
0 0 0
0 0 0
0 0 0
0 0 0
-0 0 0
-0 0 0
-0 0 0
-0 0 0
-0 0 0
-0 0 0
-0 0 0
-0 0 0
-0 0 0
-0 0 0
-0 0 0
-0 0 0
-0 0 0
-0 0 0
-0 0 0
-0 0 0
-0 0 0
-0 0 0
-0 0 0
-0 0 0
-0 0 0
-0 0 0
-0 0 0
-0 0 0
-0 0 0
-0 0 0
-0 0 0
-0 0 0
-0 0 0
-0 0 0
-0 0 0
-0 0 0
-0 0 0
-0 0 0
-0 0 0
-0 0 0
-0 0 0
-0 0 0
-0 0 0
-0 0 0
-0 0 0
-0 0 0
-0 0 0
-0 0 0
-0 0 0
-0 0 0
-0 0 0
-0 0 0
-0 0 0
-0 0 0
-0 0 0
-0 0 0
-0 0 0
-0 0 0
-0 0 0
-0 0 0
-0 0 0
-0 0 0
-0 0 0
-0 0 0
-0 0 0
-0 0 0
-0 0 0
-0 0 0
-0 0 0
-0 0 0
-0 0 0
-0 0 0
-0 0 0
-0 0 0
-0 0 0
-0 0 0
-0 0 0
-0 0 0
-0 0 0
-0 0 0
-0 0 0
-0.011528617 0.1145812 0.37125
-0.0082697878 0.11442688 0.37075001
-0 0 0
-0 0 0
0 0 0
0 0 0
0 0 0
0 0 0
0 0 0
0 0 0
0 0 0
0 0 0
0 0 0
0 0 0
0 0 0
0 0 0
0 0 0
0 0 0
0 0 0
0 0 0
0 0 0
0 0 0
0 0 0
0 0 0
0 0 0
0 0 0
0 0 0
0 0 0
0 0 0
0 0 0
0 0 0
0 0 0
0 0 0
0 0 0
0 0 0
0 0 0
0 0 0
0 0 0
0 0 0
0 0 0
0 0 0
0 0 0
0 0 0
0 0 0
0 0 0
0 0 0
0 0 0
0 0 0
0 0 0
0 0 0
0 0 0
0 0 0
0 0 0
0 0 0
0 0 0
0 0 0
0 0 0
0 0 0
0 0 0
0 0 0
0 0 0
0 0 0
0 0 0
0 0 0
0 0 0
0 0 0
0 0 0
0 0 0
0 0 0
0 0 0
0 0 0
0 0 0
0 0 0
0 0 0
0 0 0
0 0 0
0 0 0
0 0 0
0 0 0
0 0 0
0 0 0
0 0 0
0 0 0
-0 0 0
-0 0 0
-0 0 0
-0 0 0
-0 0 0
-0 0 0
-0 0 0
-0 0 0
-0 0 0
-0 0 0
-0 0 0
-0 0 0
-0 0 0
-0 0 0
-0 0 0
-0 0 0
-0 0 0
-0 0 0
-0 0 0
-0 0 0
-0 0 0
-0 0 0
-0 0 0
-0 0 0
-0 0 0
-0 0 0
-0 0 0
-0 0 0
-0 0 0
-0 0 0
-0 0 0
-0 0 0
-0 0 0
-0 0 0
-0 0 0
-0 0 0
-0 0 0
-0 0 0
-0 0 0
-0 0 0
-0 0 0
-0 0 0
-0 0 0
-0 0 0
-0 0 0
-0 0 0
-0 0 0
-0 0 0
-0 0 0
-0 0 0
-0 0 0
-0 0 0
-0 0 0
-0 0 0
-0 0 0
-0 0 0
-0 0 0
-0 0 0
-0 0 0
-0 0 0
-0 0 0
-0 0 0
-0 0 0
-0 0 0
-0 0 0
-0 0 0
-0 0 0
-0 0 0
-0 0 0
-0 0 0
-0 0 0
-0 0 0
-0 0 0
-0 0 0
-0 0 0
-0 0 0
-0 0 0
-0.011505327 0.11758836 0.37050003
-0 0 0
-0 0 0
-0 0 0
0 0 0
0 0 0
0 0 0
0 0 0
0 0 0
0 0 0
0 0 0
0 0 0
0 0 0
0 0 0
0 0 0
0 0 0
0 0 0
0 0 0
0 0 0
0 0 0
0 0 0
0 0 0
0 0 0
0 0 0
0 0 0
0 0 0
0 0 0
0 0 0
0 0 0
0 0 0
0 0 0
0 0 0
0 0 0
0 0 0
0 0 0
0 0 0
0 0 0
0 0 0
0 0 0
0 0 0
0 0 0
0 0 0
0 0 0
0 0 0
0 0 0
0 0 0
0 0 0
0 0 0
0 0 0
0 0 0
0 0 0
0 0 0
0 0 0
0 0 0
0 0 0
0 0 0
0 0 0
0 0 0
0 0 0
0 0 0
0 0 0
0 0 0
0 0 0
0 0 0
0 0 0
0 0 0
0 0 0
0 0 0
0 0 0
0 0 0
0 0 0
0 0 0
0 0 0
0 0 0
0 0 0
0 0 0
0 0 0
0 0 0
0 0 0
0 0 0
0 0 0
0 0 0
0 0 0
-0 0 0
-0 0 0
-0 0 0
-0 0 0
-0 0 0
-0 0 0
-0 0 0
-0 0 0
-0 0 0
-0 0 0
-0 0 0
-0 0 0
-0 0 0
-0 0 0
-0 0 0
-0 0 0
-0 0 0
-0 0 0
-0 0 0
-0 0 0
-0 0 0
-0 0 0
-0 0 0
-0 0 0
-0 0 0
-0 0 0
-0 0 0
-0 0 0
-0 0 0
-0 0 0
-0 0 0
-0 0 0
-0 0 0
-0 0 0
-0 0 0
-0 0 0
-0 0 0
-0 0 0
-0 0 0
-0 0 0
-0 0 0
-0 0 0
-0 0 0
-0 0 0
-0 0 0
-0 0 0
-0 0 0
-0 0 0
-0 0 0
-0 0 0
-0 0 0
-0 0 0
-0 0 0
-0 0 0
-0 0 0
-0 0 0
-0 0 0
-0 0 0
-0 0 0
-0 0 0
-0 0 0
-0 0 0
-0 0 0
-0 0 0
-0 0 0
-0 0 0
-0 0 0
-0 0 0
-0 0 0
-0 0 0
-0 0 0
-0 0 0
-0 0 0
-0 0 0
-0 0 0
-0 0 0
-0 0 0
-0 0 0
-0 0 0
-0.0049315821 0.11862567 0.36375001
-0.0017495152 0.11862567 0.36375001
0 0 0
0 0 0
0 0 0
0 0 0
0 0 0
0 0 0
0 0 0
0 0 0
0 0 0
0 0 0
0 0 0
0 0 0
0 0 0
0 0 0
0 0 0
0 0 0
0 0 0
0 0 0
0 0 0
0 0 0
0 0 0
0 0 0
0 0 0
0 0 0
0 0 0
0 0 0
0 0 0
0 0 0
0 0 0
0 0 0
0 0 0
0 0 0
0 0 0
0 0 0
0 0 0
0 0 0
0 0 0
0 0 0
0 0 0
0 0 0
0 0 0
0 0 0
0 0 0
0 0 0
0 0 0
0 0 0
0 0 0
0 0 0
0 0 0
0 0 0
0 0 0
0 0 0
0 0 0
0 0 0
0 0 0
0 0 0
0 0 0
0 0 0
0 0 0
0 0 0
0 0 0
0 0 0
0 0 0
0 0 0
0 0 0
0 0 0
0 0 0
0 0 0
0 0 0
0 0 0
0 0 0
0 0 0
0 0 0
0 0 0
0 0 0
0 0 0
0 0 0
0 0 0
0 0 0
-0 0 0
-0 0 0
-0 0 0
-0 0 0
-0 0 0
-0 0 0
-0 0 0
-0 0 0
-0 0 0
-0 0 0
-0 0 0
-0 0 0
-0 0 0
-0 0 0
-0 0 0
-0 0 0
-0 0 0
-0 0 0
-0 0 0
-0 0 0
-0 0 0
-0 0 0
-0 0 0
-0 0 0
-0 0 0
-0 0 0
-0 0 0
-0 0 0
-0 0 0
-0 0 0
-0 0 0
-0 0 0
-0 0 0
-0 0 0
-0 0 0
-0 0 0
-0 0 0
-0 0 0
-0 0 0
-0 0 0
-0 0 0
-0 0 0
-0 0 0
-0 0 0
-0 0 0
-0 0 0
-0 0 0
-0 0 0
-0 0 0
-0 0 0
-0 0 0
-0 0 0
-0 0 0
-0 0 0
-0 0 0
-0 0 0
-0 0 0
-0 0 0
-0 0 0
-0 0 0
-0 0 0
-0 0 0
-0 0 0
-0 0 0
-0 0 0
-0 0 0
-0 0 0
-0 0 0
-0 0 0
-0 0 0
-0 0 0
-0 0 0
-0 0 0
-0 0 0
-0 0 0
-0 0 0
-0 0 0
-0 0 0
-0 0 0
-0.0049315821 0.1218053 0.36375001
-0 0 0
0 0 0
0 0 0
0 0 0
0 0 0
0 0 0
0 0 0
0 0 0
0 0 0
0 0 0
0 0 0
0 0 0
0 0 0
0 0 0
0 0 0
0 0 0
0 0 0
0 0 0
0 0 0
0 0 0
0 0 0
0 0 0
0 0 0
0 0 0
0 0 0
0 0 0
0 0 0
0 0 0
0 0 0
0 0 0
0 0 0
0 0 0
0 0 0
0 0 0
0 0 0
0 0 0
0 0 0
0 0 0
0 0 0
0 0 0
0 0 0
0 0 0
0 0 0
0 0 0
0 0 0
0 0 0
0 0 0
0 0 0
0 0 0
0 0 0
0 0 0
0 0 0
0 0 0
0 0 0
0 0 0
0 0 0
0 0 0
0 0 0
0 0 0
0 0 0
0 0 0
0 0 0
0 0 0
0 0 0
0 0 0
0 0 0
0 0 0
0 0 0
0 0 0
0 0 0
0 0 0
0 0 0
0 0 0
0 0 0
0 0 0
0 0 0
0 0 0
0 0 0
0 0 0
0 0 0
-0 0 0
-0 0 0
-0 0 0
-0 0 0
-0 0 0
-0 0 0
-0 0 0
-0 0 0
-0 0 0
-0 0 0
-0 0 0
-0 0 0
-0 0 0
-0 0 0
-0 0 0
-0 0 0
-0 0 0
-0 0 0
-0 0 0
-0 0 0
-0 0 0
-0 0 0
-0 0 0
-0 0 0
-0 0 0
-0 0 0
-0 0 0
-0 0 0
-0 0 0
-0 0 0
-0 0 0
-0 0 0
-0 0 0
-0 0 0
-0 0 0
-0 0 0
-0 0 0
-0 0 0
-0 0 0
-0 0 0
-0 0 0
-0 0 0
-0 0 0
-0 0 0
-0 0 0
-0 0 0
-0 0 0
-0 0 0
-0 0 0
-0 0 0
-0 0 0
-0 0 0
-0 0 0
-0 0 0
-0 0 0
-0 0 0
-0 0 0
-0 0 0
-0 0 0
-0 0 0
-0 0 0
-0 0 0
-0 0 0
-0 0 0
-0 0 0
-0 0 0
-0 0 0
-0 0 0
-0 0 0
-0 0 0
-0 0 0
-0 0 0
-0 0 0
-0 0 0
-0 0 0
-0 0 0
-0 0 0
-0 0 0
-0 0 0
-0 0 0
-0 0 0
0 0 0
0 0 0
0 0 0
0 0 0
0 0 0
0 0 0
0 0 0
0 0 0
0 0 0
0 0 0
0 0 0
0 0 0
0 0 0
0 0 0
0 0 0
0 0 0
0 0 0
0 0 0
0 0 0
0 0 0
0 0 0
0 0 0
0 0 0
0 0 0
0 0 0
0 0 0
0 0 0
0 0 0
0 0 0
0 0 0
0 0 0
0 0 0
0 0 0
0 0 0
0 0 0
0 0 0
0 0 0
0 0 0
0 0 0
0 0 0
0 0 0
0 0 0
0 0 0
0 0 0
0 0 0
0 0 0
0 0 0
0 0 0
0 0 0
0 0 0
0 0 0
0 0 0
0 0 0
0 0 0
0 0 0
0 0 0
0 0 0
0 0 0
0 0 0
0 0 0
0 0 0
0 0 0
0 0 0
0 0 0
0 0 0
0 0 0
0 0 0
0 0 0
0 0 0
0 0 0
0 0 0
0 0 0
0 0 0
0 0 0
0 0 0
0 0 0
0 0 0
0 0 0
0 0 0
-0 0 0
-0 0 0
-0 0 0
-0 0 0
-0 0 0
-0 0 0
-0 0 0
-0 0 0
-0 0 0
-0 0 0
-0 0 0
-0 0 0
-0 0 0
-0 0 0
-0 0 0
-0 0 0
-0 0 0
-0 0 0
-0 0 0
-0 0 0
-0 0 0
-0 0 0
-0 0 0
-0 0 0
-0 0 0
-0 0 0
-0 0 0
-0 0 0
-0 0 0
-0 0 0
-0 0 0
-0 0 0
-0 0 0
-0 0 0
-0 0 0
-0 0 0
-0 0 0
-0 0 0
-0 0 0
-0 0 0
-0 0 0
-0 0 0
-0 0 0
-0 0 0
-0 0 0
-0 0 0
-0 0 0
-0 0 0
-0 0 0
-0 0 0
-0 0 0
-0 0 0
-0 0 0
-0 0 0
-0 0 0
-0 0 0
-0 0 0
-0 0 0
-0 0 0
-0 0 0
-0 0 0
-0 0 0
-0 0 0
-0 0 0
-0 0 0
-0 0 0
-0 0 0
-0 0 0
-0 0 0
-0 0 0
-0 0 0
-0 0 0
-0 0 0
-0 0 0
-0 0 0
-0 0 0
-0 0 0
-0 0 0
-0 0 0
-0 0 0
-0 0 0
0 0 0
0 0 0
0 0 0
0 0 0
0 0 0
0 0 0
0 0 0
0 0 0
0 0 0
0 0 0
0 0 0
0 0 0
0 0 0
0 0 0
0 0 0
0 0 0
0 0 0
0 0 0
0 0 0
0 0 0
0 0 0
0 0 0
0 0 0
0 0 0
0 0 0
0 0 0
0 0 0
0 0 0
0 0 0
0 0 0
0 0 0
0 0 0
0 0 0
0 0 0
0 0 0
0 0 0
0 0 0
0 0 0
0 0 0
0 0 0
0 0 0
0 0 0
0 0 0
0 0 0
0 0 0
0 0 0
0 0 0
0 0 0
0 0 0
0 0 0
0 0 0
0 0 0
0 0 0
0 0 0
0 0 0
0 0 0
0 0 0
0 0 0
0 0 0
0 0 0
0 0 0
0 0 0
0 0 0
0 0 0
0 0 0
0 0 0
0 0 0
0 0 0
0 0 0
0 0 0
0 0 0
0 0 0
0 0 0
0 0 0
0 0 0
0 0 0
0 0 0
0 0 0
0 0 0
-0 0 0
-0 0 0
-0 0 0
-0 0 0
-0 0 0
-0 0 0
-0 0 0
-0 0 0
-0 0 0
-0 0 0
-0 0 0
-0 0 0
-0 0 0
-0 0 0
-0 0 0
-0 0 0
-0 0 0
-0 0 0
-0 0 0
-0 0 0
-0 0 0
-0 0 0
-0 0 0
-0 0 0
-0 0 0
-0 0 0
-0 0 0
-0 0 0
-0 0 0
-0 0 0
-0 0 0
-0 0 0
-0 0 0
-0 0 0
-0 0 0
-0 0 0
-0 0 0
-0 0 0
-0 0 0
-0 0 0
-0 0 0
-0 0 0
-0 0 0
-0 0 0
-0 0 0
-0 0 0
-0 0 0
-0 0 0
-0 0 0
-0 0 0
-0 0 0
-0 0 0
-0 0 0
-0 0 0
-0 0 0
-0 0 0
-0 0 0
-0 0 0
-0 0 0
-0 0 0
-0 0 0
-0 0 0
-0 0 0
-0 0 0
-0 0 0
-0 0 0
-0 0 0
-0 0 0
-0 0 0
-0 0 0
-0 0 0
-0 0 0
-0 0 0
-0 0 0
-0 0 0
-0 0 0
-0 0 0
-0 0 0
-0 0 0
-0 0 0
-0 0 0
0 0 0
0 0 0
0 0 0
0 0 0
0 0 0
0 0 0
0 0 0
0 0 0
0 0 0
0 0 0
0 0 0
0 0 0
0 0 0
0 0 0
0 0 0
0 0 0
0 0 0
0 0 0
0 0 0
0 0 0
0 0 0
0 0 0
0 0 0
0 0 0
0 0 0
0 0 0
0 0 0
0 0 0
0 0 0
0 0 0
0 0 0
0 0 0
0 0 0
0 0 0
0 0 0
0 0 0
0 0 0
0 0 0
0 0 0
0 0 0
0 0 0
0 0 0
0 0 0
0 0 0
0 0 0
0 0 0
0 0 0
0 0 0
0 0 0
0 0 0
0 0 0
0 0 0
0 0 0
0 0 0
0 0 0
0 0 0
0 0 0
0 0 0
0 0 0
0 0 0
0 0 0
0 0 0
0 0 0
0 0 0
0 0 0
0 0 0
0 0 0
0 0 0
0 0 0
0 0 0
0 0 0
0 0 0
0 0 0
0 0 0
0 0 0
0 0 0
0 0 0
0 0 0
0 0 0
-0 0 0
-0 0 0
-0 0 0
-0 0 0
-0 0 0
-0 0 0
-0 0 0
-0 0 0
-0 0 0
-0 0 0
-0 0 0
-0 0 0
-0 0 0
-0 0 0
-0 0 0
-0 0 0
-0 0 0
-0 0 0
-0 0 0
-0 0 0
-0 0 0
-0 0 0
-0 0 0
-0 0 0
-0 0 0
-0 0 0
-0 0 0
-0 0 0
-0 0 0
-0 0 0
-0 0 0
-0 0 0
-0 0 0
-0 0 0
-0 0 0
-0 0 0
-0 0 0
-0 0 0
-0 0 0
-0 0 0
-0 0 0
-0 0 0
-0 0 0
-0 0 0
-0 0 0
-0 0 0
-0 0 0
-0 0 0
-0 0 0
-0 0 0
-0 0 0
-0 0 0
-0 0 0
-0 0 0
-0 0 0
-0 0 0
-0 0 0
-0 0 0
-0 0 0
-0 0 0
-0 0 0
-0 0 0
-0 0 0
-0 0 0
-0 0 0
-0 0 0
-0 0 0
-0 0 0
-0 0 0
-0 0 0
-0 0 0
-0 0 0
-0 0 0
-0 0 0
-0 0 0
-0 0 0
-0 0 0
-0 0 0
-0 0 0
-0 0 0
-0 0 0
0 0 0
0 0 0
0.0078609884 0.13563326 0.36675003
0 0 0
0 0 0
0 0 0
0 0 0
0 0 0
0 0 0
0 0 0
0 0 0
0 0 0
0 0 0
0 0 0
0 0 0
0 0 0
0 0 0
0 0 0
0 0 0
0 0 0
0 0 0
0 0 0
0 0 0
0 0 0
0 0 0
0 0 0
0 0 0
0 0 0
0 0 0
0 0 0
0 0 0
0 0 0
0 0 0
0 0 0
0 0 0
0 0 0
0 0 0
0 0 0
0 0 0
0 0 0
0 0 0
0 0 0
0 0 0
0 0 0
0 0 0
0 0 0
0 0 0
0 0 0
0 0 0
0 0 0
0 0 0
0 0 0
0 0 0
0 0 0
0 0 0
0 0 0
0 0 0
0 0 0
0 0 0
0 0 0
0 0 0
0 0 0
0 0 0
0 0 0
0 0 0
0 0 0
0 0 0
0 0 0
0 0 0
0 0 0
0 0 0
0 0 0
0 0 0
0 0 0
0 0 0
0 0 0
0 0 0
0 0 0
0 0 0
-0 0 0
-0 0 0
-0 0 0
-0 0 0
-0 0 0
-0 0 0
-0 0 0
-0 0 0
-0 0 0
-0 0 0
-0 0 0
-0 0 0
-0 0 0
-0 0 0
-0 0 0
-0 0 0
-0 0 0
-0 0 0
-0 0 0
-0 0 0
-0 0 0
-0 0 0
-0 0 0
-0 0 0
-0 0 0
-0 0 0
-0 0 0
-0 0 0
-0 0 0
-0 0 0
-0 0 0
-0 0 0
-0 0 0
-0 0 0
-0 0 0
-0 0 0
-0 0 0
-0 0 0
-0 0 0
-0 0 0
-0 0 0
-0 0 0
-0 0 0
-0 0 0
-0 0 0
-0 0 0
-0 0 0
-0 0 0
-0 0 0
-0 0 0
-0 0 0
-0 0 0
-0 0 0
-0 0 0
-0 0 0
-0 0 0
-0 0 0
-0 0 0
-0 0 0
-0 0 0
-0 0 0
-0 0 0
-0 0 0
-0 0 0
-0 0 0
-0 0 0
-0 0 0
-0 0 0
-0 0 0
-0 0 0
-0 0 0
-0 0 0
-0 0 0
-0 0 0
-0 0 0
-0 0 0
-0 0 0
-0 0 0
-0 0 0
-0 0 0
-0 0 0
0 0 0
0.0046526776 0.13883911 0.36675003
0 0 0
0 0 0
0 0 0
0 0 0
0 0 0
0 0 0
0 0 0
0 0 0
0 0 0
0 0 0
0 0 0
0 0 0
0 0 0
0 0 0
0 0 0
0 0 0
0 0 0
0 0 0
0 0 0
0 0 0
0 0 0
0 0 0
0 0 0
0 0 0
0 0 0
0 0 0
0 0 0
0 0 0
0 0 0
0 0 0
0 0 0
0 0 0
0 0 0
0 0 0
0 0 0
0 0 0
0 0 0
0 0 0
0 0 0
0 0 0
0 0 0
0 0 0
0 0 0
0 0 0
0 0 0
0 0 0
0 0 0
0 0 0
0 0 0
0 0 0
0 0 0
0 0 0
0 0 0
0 0 0
0 0 0
0 0 0
0 0 0
0 0 0
0 0 0
0 0 0
0 0 0
0 0 0
0 0 0
0 0 0
0 0 0
0 0 0
0 0 0
0 0 0
0 0 0
0 0 0
0 0 0
0 0 0
0 0 0
0 0 0
0 0 0
0 0 0
0 0 0
-0 0 0
-0 0 0
-0 0 0
-0 0 0
-0 0 0
-0 0 0
-0 0 0
-0 0 0
-0 0 0
-0 0 0
-0 0 0
-0 0 0
-0 0 0
-0 0 0
-0 0 0
-0 0 0
-0 0 0
-0 0 0
-0 0 0
-0 0 0
-0 0 0
-0 0 0
-0 0 0
-0 0 0
-0 0 0
-0 0 0
-0 0 0
-0 0 0
-0 0 0
-0 0 0
-0 0 0
-0 0 0
-0 0 0
-0 0 0
-0 0 0
-0 0 0
-0 0 0
-0 0 0
-0 0 0
-0 0 0
-0 0 0
-0 0 0
-0 0 0
-0 0 0
-0 0 0
-0 0 0
-0 0 0
-0 0 0
-0 0 0
-0 0 0
-0 0 0
-0 0 0
-0 0 0
-0 0 0
-0 0 0
-0 0 0
-0 0 0
-0 0 0
-0 0 0
-0 0 0
-0 0 0
-0 0 0
-0 0 0
-0 0 0
-0 0 0
-0 0 0
-0 0 0
-0 0 0
-0 0 0
-0 0 0
-0 0 0
-0 0 0
-0 0 0
-0 0 0
-0 0 0
-0 0 0
-0 0 0
-0 0 0
-0 0 0
-0 0 0
-0 0 0
0 0 0
0 0 0
0 0 0
0 0 0
0 0 0
0 0 0
0 0 0
0 0 0
0 0 0
0 0 0
0 0 0
0 0 0
0 0 0
0 0 0
0 0 0
0 0 0
0 0 0
0 0 0
0 0 0
0 0 0
0 0 0
0 0 0
0 0 0
0 0 0
0 0 0
0 0 0
0 0 0
0 0 0
0 0 0
0 0 0
0 0 0
0 0 0
0 0 0
0 0 0
0 0 0
0 0 0
0 0 0
0 0 0
0 0 0
0 0 0
0 0 0
0 0 0
0 0 0
0 0 0
0 0 0
0 0 0
0 0 0
0 0 0
0 0 0
0 0 0
0 0 0
0 0 0
0 0 0
0 0 0
0 0 0
0 0 0
0 0 0
0 0 0
0 0 0
0 0 0
0 0 0
0 0 0
0 0 0
0 0 0
0 0 0
0 0 0
0 0 0
0 0 0
0 0 0
0 0 0
0 0 0
0 0 0
0 0 0
0 0 0
0 0 0
0 0 0
0 0 0
0 0 0
0 0 0
-0 0 0
-0 0 0
-0 0 0
-0 0 0
-0 0 0
-0 0 0
-0 0 0
-0 0 0
-0 0 0
-0 0 0
-0 0 0
-0 0 0
-0 0 0
-0 0 0
-0 0 0
-0 0 0
-0 0 0
-0 0 0
-0 0 0
-0 0 0
-0 0 0
-0 0 0
-0 0 0
-0 0 0
-0 0 0
-0 0 0
-0 0 0
-0 0 0
-0 0 0
-0 0 0
-0 0 0
-0 0 0
-0 0 0
-0 0 0
-0 0 0
-0 0 0
-0 0 0
-0 0 0
-0 0 0
-0 0 0
-0 0 0
-0 0 0
-0 0 0
-0 0 0
-0 0 0
-0 0 0
-0 0 0
-0 0 0
-0 0 0
-0 0 0
-0 0 0
-0 0 0
-0 0 0
-0 0 0
-0 0 0
-0 0 0
-0 0 0
-0 0 0
-0 0 0
-0 0 0
-0 0 0
-0 0 0
-0 0 0
-0 0 0
-0 0 0
-0 0 0
-0 0 0
-0 0 0
-0 0 0
-0 0 0
-0 0 0
-0 0 0
-0 0 0
-0 0 0
-0 0 0
-0 0 0
-0 0 0
-0 0 0
-0 0 0
-0 0 0
-0 0 0
0 0 0
0 0 0
0 0 0
0 0 0
0 0 0
0 0 0
0 0 0
0 0 0
0 0 0
0 0 0
0 0 0
0 0 0
0 0 0
0 0 0
0 0 0
0 0 0
0 0 0
0 0 0
0 0 0
0 0 0
0 0 0
0 0 0
0 0 0
0 0 0
0 0 0
0 0 0
0 0 0
0 0 0
0 0 0
0 0 0
0 0 0
0 0 0
0 0 0
0 0 0
0 0 0
0 0 0
0 0 0
0 0 0
0 0 0
0 0 0
0 0 0
0 0 0
0 0 0
0 0 0
0 0 0
0 0 0
0 0 0
0 0 0
0 0 0
0 0 0
0 0 0
0 0 0
0 0 0
0 0 0
0 0 0
0 0 0
0 0 0
0 0 0
0 0 0
0 0 0
0 0 0
0 0 0
0 0 0
0 0 0
0 0 0
0 0 0
0 0 0
0 0 0
0 0 0
0 0 0
0 0 0
0 0 0
0 0 0
0 0 0
0 0 0
0 0 0
0 0 0
0 0 0
0 0 0
-0 0 0
-0 0 0
-0 0 0
-0 0 0
-0 0 0
-0 0 0
-0 0 0
-0 0 0
-0 0 0
-0 0 0
-0 0 0
-0 0 0
-0 0 0
-0 0 0
-0 0 0
-0 0 0
-0 0 0
-0 0 0
-0 0 0
-0 0 0
-0 0 0
-0 0 0
-0 0 0
-0 0 0
-0 0 0
-0 0 0
-0 0 0
-0 0 0
-0 0 0
-0 0 0
-0 0 0
-0 0 0
-0 0 0
-0 0 0
-0 0 0
-0 0 0
-0 0 0
-0 0 0
-0 0 0
-0 0 0
-0 0 0
-0 0 0
-0 0 0
-0 0 0
-0 0 0
-0 0 0
-0 0 0
-0 0 0
-0 0 0
-0 0 0
-0 0 0
-0 0 0
-0 0 0
-0 0 0
-0 0 0
-0 0 0
-0 0 0
-0 0 0
-0 0 0
-0 0 0
-0 0 0
-0 0 0
-0 0 0
-0 0 0
-0 0 0
-0 0 0
-0 0 0
-0 0 0
-0 0 0
-0 0 0
-0 0 0
-0 0 0
-0 0 0
-0 0 0
-0 0 0
-0 0 0
-0 0 0
-0 0 0
-0 0 0
-0 0 0
-0 0 0
0 0 0
0 0 0
0 0 0
0 0 0
0 0 0
0 0 0
0 0 0
0 0 0
0 0 0
0 0 0
0 0 0
0 0 0
0 0 0
0 0 0
0 0 0
0 0 0
0 0 0
0 0 0
0 0 0
0 0 0
0 0 0
0 0 0
0 0 0
0 0 0
0 0 0
0 0 0
0 0 0
0 0 0
0 0 0
0 0 0
0 0 0
0 0 0
0 0 0
0 0 0
0 0 0
0 0 0
0 0 0
0 0 0
0 0 0
0 0 0
0 0 0
0 0 0
0 0 0
0 0 0
0 0 0
0 0 0
0 0 0
0 0 0
0 0 0
0 0 0
0 0 0
0 0 0
0 0 0
0 0 0
0 0 0
0 0 0
0 0 0
0 0 0
0 0 0
0 0 0
0 0 0
0 0 0
0 0 0
0 0 0
0 0 0
0 0 0
0 0 0
0 0 0
0 0 0
0 0 0
0 0 0
0 0 0
0 0 0
0 0 0
0 0 0
0 0 0
0 0 0
0 0 0
0 0 0
-0 0 0
-0 0 0
-0 0 0
-0 0 0
-0 0 0
-0 0 0
-0 0 0
-0 0 0
-0 0 0
-0 0 0
-0 0 0
-0 0 0
-0 0 0
-0 0 0
-0 0 0
-0 0 0
-0 0 0
-0 0 0
-0 0 0
-0 0 0
-0 0 0
-0 0 0
-0 0 0
-0 0 0
-0 0 0
-0 0 0
-0 0 0
-0 0 0
-0 0 0
-0 0 0
-0 0 0
-0 0 0
-0 0 0
-0 0 0
-0 0 0
-0 0 0
-0 0 0
-0 0 0
-0 0 0
-0 0 0
-0 0 0
-0 0 0
-0 0 0
-0 0 0
-0 0 0
-0 0 0
-0 0 0
-0 0 0
-0 0 0
-0 0 0
-0 0 0
-0 0 0
-0 0 0
-0 0 0
-0 0 0
-0 0 0
-0 0 0
-0 0 0
-0 0 0
-0 0 0
-0 0 0
-0 0 0
-0 0 0
-0 0 0
-0 0 0
-0 0 0
-0 0 0
-0 0 0
-0 0 0
-0 0 0
-0 0 0
-0 0 0
-0 0 0
-0 0 0
-0 0 0
-0 0 0
-0 0 0
-0 0 0
-0 0 0
-0 0 0
-0 0 0
0 0 0
0 0 0
0 0 0
0 0 0
0 0 0
0 0 0
0 0 0
0 0 0
0 0 0
0 0 0
0 0 0
0 0 0
0 0 0
0 0 0
0 0 0
0 0 0
0 0 0
0 0 0
0 0 0
0 0 0
0 0 0
0 0 0
0 0 0
0 0 0
0 0 0
0 0 0
0 0 0
0 0 0
0 0 0
0 0 0
0 0 0
0 0 0
0 0 0
0 0 0
0 0 0
0 0 0
0 0 0
0 0 0
0 0 0
0 0 0
0 0 0
0 0 0
0 0 0
0 0 0
0 0 0
0 0 0
0 0 0
0 0 0
0 0 0
0 0 0
0 0 0
0 0 0
0 0 0
0 0 0
0 0 0
0 0 0
0 0 0
0 0 0
0 0 0
0 0 0
0 0 0
0 0 0
0 0 0
0 0 0
0 0 0
0 0 0
0 0 0
0 0 0
0 0 0
0 0 0
0 0 0
0 0 0
0 0 0
0 0 0
0 0 0
0 0 0
0 0 0
0 0 0
0 0 0
-0 0 0
-0 0 0
-0 0 0
-0 0 0
-0 0 0
-0 0 0
-0 0 0
-0 0 0
-0 0 0
-0 0 0
-0 0 0
-0 0 0
-0 0 0
-0 0 0
-0 0 0
-0 0 0
-0 0 0
-0 0 0
-0 0 0
-0 0 0
-0 0 0
-0 0 0
-0 0 0
-0 0 0
-0 0 0
-0 0 0
-0 0 0
-0 0 0
-0 0 0
-0 0 0
-0 0 0
-0 0 0
-0 0 0
-0 0 0
-0 0 0
-0 0 0
-0 0 0
-0 0 0
-0 0 0
-0 0 0
-0 0 0
-0 0 0
-0 0 0
-0 0 0
-0 0 0
-0 0 0
-0 0 0
-0 0 0
-0 0 0
-0 0 0
-0 0 0
-0 0 0
-0 0 0
-0 0 0
-0 0 0
-0 0 0
-0 0 0
-0 0 0
-0 0 0
-0 0 0
-0 0 0
-0 0 0
-0 0 0
-0 0 0
-0 0 0
-0 0 0
-0 0 0
-0 0 0
-0 0 0
-0 0 0
-0 0 0
-0 0 0
-0 0 0
-0 0 0
-0 0 0
-0 0 0
-0 0 0
-0 0 0
-0 0 0
-0 0 0
-0 0 0
0 0 0
0 0 0
0 0 0
0 0 0
0 0 0
0 0 0
0 0 0
0 0 0
0 0 0
0 0 0
0 0 0
0 0 0
0 0 0
0 0 0
0 0 0
0 0 0
0 0 0
0 0 0
0 0 0
0 0 0
0 0 0
0 0 0
0 0 0
0 0 0
0 0 0
0 0 0
0 0 0
0 0 0
0 0 0
0 0 0
0 0 0
0 0 0
0 0 0
0 0 0
0 0 0
0 0 0
0 0 0
0 0 0
0 0 0
0 0 0
0 0 0
0 0 0
0 0 0
0 0 0
0 0 0
0 0 0
0 0 0
0 0 0
0 0 0
0 0 0
0 0 0
0 0 0
0 0 0
0 0 0
0 0 0
0 0 0
0 0 0
0 0 0
0 0 0
0 0 0
0 0 0
0 0 0
0 0 0
0 0 0
0 0 0
0 0 0
0 0 0
0 0 0
0 0 0
0 0 0
0 0 0
0 0 0
0 0 0
0 0 0
0 0 0
0 0 0
0 0 0
0 0 0
0 0 0
-0 0 0
-0 0 0
-0 0 0
-0 0 0
-0 0 0
-0 0 0
-0 0 0
-0 0 0
-0 0 0
-0 0 0
-0 0 0
-0 0 0
-0 0 0
-0 0 0
-0 0 0
-0 0 0
-0 0 0
-0 0 0
-0 0 0
-0 0 0
-0 0 0
-0 0 0
-0 0 0
-0 0 0
-0 0 0
-0 0 0
-0 0 0
-0 0 0
-0 0 0
-0 0 0
-0 0 0
-0 0 0
-0 0 0
-0 0 0
-0 0 0
-0 0 0
-0 0 0
-0 0 0
-0 0 0
-0 0 0
-0 0 0
-0 0 0
-0 0 0
-0 0 0
-0 0 0
-0 0 0
-0 0 0
-0 0 0
-0 0 0
-0 0 0
-0 0 0
-0 0 0
-0 0 0
-0 0 0
-0 0 0
-0 0 0
-0 0 0
-0 0 0
-0 0 0
-0 0 0
-0 0 0
-0 0 0
-0 0 0
-0 0 0
-0 0 0
-0 0 0
-0 0 0
-0 0 0
-0 0 0
-0 0 0
-0 0 0
-0 0 0
-0 0 0
-0 0 0
-0 0 0
-0 0 0
-0 0 0
-0 0 0
-0 0 0
-0 0 0
-0 0 0
0 0 0
0 0 0
0 0 0
0 0 0
0 0 0
0 0 0
0 0 0
0 0 0
0 0 0
0 0 0
0 0 0
0 0 0
0 0 0
0 0 0
0 0 0
0 0 0
0 0 0
0 0 0
0 0 0
0 0 0
0 0 0
0 0 0
0 0 0
0 0 0
0 0 0
0 0 0
0 0 0
0 0 0
0 0 0
0 0 0
0 0 0
0 0 0
0 0 0
0 0 0
0 0 0
0 0 0
0 0 0
0 0 0
0 0 0
0 0 0
0 0 0
0 0 0
0 0 0
0 0 0
0 0 0
0 0 0
0 0 0
0 0 0
0 0 0
0 0 0
0 0 0
0 0 0
0 0 0
0 0 0
0 0 0
0 0 0
0 0 0
0 0 0
0 0 0
0 0 0
0 0 0
0 0 0
0 0 0
0 0 0
0 0 0
0 0 0
0 0 0
0 0 0
0 0 0
0 0 0
0 0 0
0 0 0
0 0 0
0 0 0
0 0 0
0 0 0
0 0 0
0 0 0
0 0 0
-0 0 0
-0 0 0
-0 0 0
-0 0 0
-0 0 0
-0 0 0
-0 0 0
-0 0 0
-0 0 0
-0 0 0
-0 0 0
-0 0 0
-0 0 0
-0 0 0
-0 0 0
-0 0 0
-0 0 0
-0 0 0
-0 0 0
-0 0 0
-0 0 0
-0 0 0
-0 0 0
-0 0 0
-0 0 0
-0 0 0
-0 0 0
-0 0 0
-0 0 0
-0 0 0
-0 0 0
-0 0 0
-0 0 0
-0 0 0
-0 0 0
-0 0 0
-0 0 0
-0 0 0
-0 0 0
-0 0 0
-0 0 0
-0 0 0
-0 0 0
-0 0 0
-0 0 0
-0 0 0
-0 0 0
-0 0 0
-0 0 0
-0 0 0
-0 0 0
-0 0 0
-0 0 0
-0 0 0
-0 0 0
-0 0 0
-0 0 0
-0 0 0
-0 0 0
-0 0 0
-0 0 0
-0 0 0
-0 0 0
-0 0 0
-0 0 0
-0 0 0
-0 0 0
-0 0 0
-0 0 0
-0 0 0
-0 0 0
-0 0 0
-0 0 0
-0 0 0
-0 0 0
-0 0 0
-0 0 0
-0 0 0
-0 0 0
-0 0 0
-0 0 0
0 0 0
0 0 0
0 0 0
0 0 0
0 0 0
0 0 0
0 0 0
0 0 0
0 0 0
0 0 0
0 0 0
0 0 0
0 0 0
0 0 0
0 0 0
0 0 0
0 0 0
0 0 0
0 0 0
0 0 0
0 0 0
0 0 0
0 0 0
0 0 0
0 0 0
0 0 0
0 0 0
0 0 0
0 0 0
0 0 0
0 0 0
0 0 0
0 0 0
0 0 0
0 0 0
0 0 0
0 0 0
0 0 0
0 0 0
0 0 0
0 0 0
0 0 0
0 0 0
0 0 0
0 0 0
0 0 0
0 0 0
0 0 0
0 0 0
0 0 0
0 0 0
0 0 0
0 0 0
0 0 0
0 0 0
0 0 0
0 0 0
0 0 0
0 0 0
0 0 0
0 0 0
0 0 0
0 0 0
0 0 0
0 0 0
0 0 0
0 0 0
0 0 0
0 0 0
0 0 0
0 0 0
0 0 0
0 0 0
0 0 0
0 0 0
0 0 0
0 0 0
0 0 0
0 0 0
-0 0 0
-0 0 0
-0 0 0
-0 0 0
-0 0 0
-0 0 0
-0 0 0
-0 0 0
-0 0 0
-0 0 0
-0 0 0
-0 0 0
-0 0 0
-0 0 0
-0 0 0
-0 0 0
-0 0 0
-0 0 0
-0 0 0
-0 0 0
-0 0 0
-0 0 0
-0 0 0
-0 0 0
-0 0 0
-0 0 0
-0 0 0
-0 0 0
-0 0 0
-0 0 0
-0 0 0
-0 0 0
-0 0 0
-0 0 0
-0 0 0
-0 0 0
-0 0 0
-0 0 0
-0 0 0
-0 0 0
-0 0 0
-0 0 0
-0 0 0
-0 0 0
-0 0 0
-0 0 0
-0 0 0
-0 0 0
-0 0 0
-0 0 0
-0 0 0
-0 0 0
-0 0 0
-0 0 0
-0 0 0
-0 0 0
-0 0 0
-0 0 0
-0 0 0
-0 0 0
-0 0 0
-0 0 0
-0 0 0
-0 0 0
-0 0 0
-0 0 0
-0 0 0
-0 0 0
-0 0 0
-0 0 0
-0 0 0
-0 0 0
-0 0 0
-0 0 0
-0 0 0
-0 0 0
-0 0 0
-0 0 0
-0 0 0
-0 0 0
-0 0 0
0 0 0
0 0 0
0 0 0
0 0 0
0 0 0
0 0 0
0 0 0
0 0 0
0 0 0
0 0 0
0 0 0
0 0 0
0 0 0
0 0 0
0 0 0
0 0 0
0 0 0
0 0 0
0 0 0
0 0 0
0 0 0
0 0 0
0 0 0
0 0 0
0 0 0
0 0 0
0 0 0
0 0 0
0 0 0
0 0 0
0 0 0
0 0 0
0 0 0
0 0 0
0 0 0
0 0 0
0 0 0
0 0 0
0 0 0
0 0 0
0 0 0
0 0 0
0 0 0
0 0 0
0 0 0
0 0 0
0 0 0
0 0 0
0 0 0
0 0 0
0 0 0
0 0 0
0 0 0
0 0 0
0 0 0
0 0 0
0 0 0
0 0 0
0 0 0
0 0 0
0 0 0
0 0 0
0 0 0
0 0 0
0 0 0
0 0 0
0 0 0
0 0 0
0 0 0
0 0 0
0 0 0
0 0 0
0 0 0
0 0 0
0 0 0
0 0 0
0 0 0
0 0 0
0 0 0
-0 0 0
-0 0 0
-0 0 0
-0 0 0
-0 0 0
-0 0 0
-0 0 0
-0 0 0
-0 0 0
-0 0 0
-0 0 0
-0 0 0
-0 0 0
-0 0 0
-0 0 0
-0 0 0
-0 0 0
-0 0 0
-0 0 0
-0 0 0
-0 0 0
-0 0 0
-0 0 0
-0 0 0
-0 0 0
-0 0 0
-0 0 0
-0 0 0
-0 0 0
-0 0 0
-0 0 0
-0 0 0
-0 0 0
-0 0 0
-0 0 0
-0 0 0
-0 0 0
-0 0 0
-0 0 0
-0 0 0
-0 0 0
-0 0 0
-0 0 0
-0 0 0
-0 0 0
-0 0 0
-0 0 0
-0 0 0
-0 0 0
-0 0 0
-0 0 0
-0 0 0
-0 0 0
-0 0 0
-0 0 0
-0 0 0
-0 0 0
-0 0 0
-0 0 0
-0 0 0
-0 0 0
-0 0 0
-0 0 0
-0 0 0
-0 0 0
-0 0 0
-0 0 0
-0 0 0
-0 0 0
-0 0 0
-0 0 0
-0 0 0
-0 0 0
-0 0 0
-0 0 0
-0 0 0
-0 0 0
-0 0 0
-0 0 0
-0 0 0
-0 0 0
0 0 0
0 0 0
0 0 0
0 0 0
0 0 0
0 0 0
0 0 0
0 0 0
0 0 0
0 0 0
0 0 0
0 0 0
0 0 0
0 0 0
0 0 0
0 0 0
0 0 0
0 0 0
0 0 0
0 0 0
0 0 0
0 0 0
0 0 0
0 0 0
0 0 0
0 0 0
0 0 0
0 0 0
0 0 0
0 0 0
0 0 0
0 0 0
0 0 0
0 0 0
0 0 0
0 0 0
0 0 0
0 0 0
0 0 0
0 0 0
0 0 0
0 0 0
0 0 0
0 0 0
0 0 0
0 0 0
0 0 0
0 0 0
0 0 0
0 0 0
0 0 0
0 0 0
0 0 0
0 0 0
0 0 0
0 0 0
0 0 0
0 0 0
0 0 0
0 0 0
0 0 0
0 0 0
0 0 0
0 0 0
0 0 0
0 0 0
0 0 0
0 0 0
0 0 0
0 0 0
0 0 0
0 0 0
0 0 0
0 0 0
0 0 0
0 0 0
0 0 0
0 0 0
0 0 0
-0 0 0
-0 0 0
-0 0 0
-0 0 0
-0 0 0
-0 0 0
-0 0 0
-0 0 0
-0 0 0
-0 0 0
-0 0 0
-0 0 0
-0 0 0
-0 0 0
-0 0 0
-0 0 0
-0 0 0
-0 0 0
-0 0 0
-0 0 0
-0 0 0
-0 0 0
-0 0 0
-0 0 0
-0 0 0
-0 0 0
-0 0 0
-0 0 0
-0 0 0
-0 0 0
-0 0 0
-0 0 0
-0 0 0
-0 0 0
-0 0 0
-0 0 0
-0 0 0
-0 0 0
-0 0 0
-0 0 0
-0 0 0
-0 0 0
-0 0 0
-0 0 0
-0 0 0
-0 0 0
-0 0 0
-0 0 0
-0 0 0
-0 0 0
-0 0 0
-0 0 0
-0 0 0
-0 0 0
-0 0 0
-0 0 0
-0 0 0
-0 0 0
-0 0 0
-0 0 0
-0 0 0
-0 0 0
-0 0 0
-0 0 0
-0 0 0
-0 0 0
-0 0 0
-0 0 0
-0 0 0
-0 0 0
-0 0 0
-0 0 0
-0 0 0
-0 0 0
-0 0 0
-0 0 0
-0 0 0
-0 0 0
-0 0 0
-0 0 0
-0 0 0
0 0 0
0 0 0
0 0 0
0 0 0
0 0 0
0 0 0
0 0 0
0 0 0
0 0 0
0 0 0
0 0 0
0 0 0
0 0 0
0 0 0
0 0 0
0 0 0
0 0 0
0 0 0
0 0 0
0 0 0
0 0 0
0 0 0
0 0 0
0 0 0
0 0 0
0 0 0
0 0 0
0 0 0
0 0 0
0 0 0
0 0 0
0 0 0
0 0 0
0 0 0
0 0 0
0 0 0
0 0 0
0 0 0
0 0 0
0 0 0
0 0 0
0 0 0
0 0 0
0 0 0
0 0 0
0 0 0
0 0 0
0 0 0
0 0 0
0 0 0
0 0 0
0 0 0
0 0 0
0 0 0
0 0 0
0 0 0
0 0 0
0 0 0
0 0 0
0 0 0
0 0 0
0 0 0
0 0 0
0 0 0
0 0 0
0 0 0
0 0 0
0 0 0
0 0 0
0 0 0
0 0 0
0 0 0
0 0 0
0 0 0
0 0 0
0 0 0
0 0 0
0 0 0
0 0 0
-0 0 0
-0 0 0
-0 0 0
-0 0 0
-0 0 0
-0 0 0
-0 0 0
-0 0 0
-0 0 0
-0 0 0
-0 0 0
-0 0 0
-0 0 0
-0 0 0
-0 0 0
-0 0 0
-0 0 0
-0 0 0
-0 0 0
-0 0 0
-0 0 0
-0 0 0
-0 0 0
-0 0 0
-0 0 0
-0 0 0
-0 0 0
-0 0 0
-0 0 0
-0 0 0
-0 0 0
-0 0 0
-0 0 0
-0 0 0
-0 0 0
-0 0 0
-0 0 0
-0 0 0
-0 0 0
-0 0 0
-0 0 0
-0 0 0
-0 0 0
-0 0 0
-0 0 0
-0 0 0
-0 0 0
-0 0 0
-0 0 0
-0 0 0
-0 0 0
-0 0 0
-0 0 0
-0 0 0
-0 0 0
-0 0 0
-0 0 0
-0 0 0
-0 0 0
-0 0 0
-0 0 0
-0 0 0
-0 0 0
-0 0 0
-0 0 0
-0 0 0
-0 0 0
-0 0 0
-0 0 0
-0 0 0
-0 0 0
-0 0 0
-0 0 0
-0 0 0
-0 0 0
-0 0 0
-0 0 0
-0 0 0
-0 0 0
-0 0 0
-0 0 0
0.00085263897 0.1027768 0.21650001
0.0027433988 0.10265812 0.21625002
0 0 0
0 0 0
0 0 0
0 0 0
0 0 0
0 0 0
0 0 0
0 0 0
0 0 0
0 0 0
0 0 0
0 0 0
0 0 0
0 0 0
0 0 0
0 0 0
0 0 0
0 0 0
0 0 0
0 0 0
0 0 0
0 0 0
0 0 0
0 0 0
0 0 0
0 0 0
0 0 0
0 0 0
0 0 0
0 0 0
0 0 0
0 0 0
0 0 0
0 0 0
0 0 0
0 0 0
0 0 0
0 0 0
0 0 0
0 0 0
0 0 0
0 0 0
0 0 0
0 0 0
0 0 0
0 0 0
0 0 0
0 0 0
0 0 0
0 0 0
0 0 0
0 0 0
0 0 0
0 0 0
0 0 0
0 0 0
0 0 0
0 0 0
0 0 0
0 0 0
0 0 0
0 0 0
0 0 0
0 0 0
0 0 0
0 0 0
0 0 0
0 0 0
0 0 0
0 0 0
0 0 0
0 0 0
0 0 0
0 0 0
0 0 0
0 0 0
0 0 0
-0 0 0
-0 0 0
-0 0 0
-0 0 0
-0 0 0
-0 0 0
-0 0 0
-0 0 0
-0 0 0
-0 0 0
-0 0 0
-0 0 0
-0 0 0
-0 0 0
-0 0 0
-0 0 0
-0 0 0
-0 0 0
-0 0 0
-0 0 0
-0 0 0
-0 0 0
-0 0 0
-0 0 0
-0 0 0
-0 0 0
-0 0 0
-0 0 0
-0 0 0
-0 0 0
-0 0 0
-0 0 0
-0 0 0
-0 0 0
-0 0 0
-0 0 0
-0 0 0
-0 0 0
-0 0 0
-0 0 0
-0 0 0
-0 0 0
-0 0 0
-0 0 0
-0 0 0
-0 0 0
-0 0 0
-0 0 0
-0 0 0
-0 0 0
-0 0 0
-0 0 0
-0 0 0
-0 0 0
-0 0 0
-0 0 0
-0 0 0
-0 0 0
-0 0 0
-0 0 0
-0 0 0
-0 0 0
-0 0 0
-0 0 0
-0 0 0
-0 0 0
-0 0 0
-0 0 0
-0 0 0
-0 0 0
-0 0 0
-0 0 0
-0 0 0
-0 0 0
-0 0 0
-0 0 0
-0 0 0
-0 0 0
-0 0 0
-0 0 0
-0.0010990081 0.1104708 0.22850001
0.0008565773 0.10515273 0.21750002
0.0027497418 0.10479014 0.21675001
0 0 0
0 0 0
0 0 0
0 0 0
0 0 0
0 0 0
0 0 0
0 0 0
0 0 0
0 0 0
0 0 0
0 0 0
0 0 0
0 0 0
0 0 0
0 0 0
0 0 0
0 0 0
0 0 0
0 0 0
0 0 0
0 0 0
0 0 0
0 0 0
0 0 0
0 0 0
0 0 0
0 0 0
0 0 0
0 0 0
0 0 0
0 0 0
0 0 0
0 0 0
0 0 0
0 0 0
0 0 0
0 0 0
0 0 0
0 0 0
0 0 0
0 0 0
0 0 0
0 0 0
0 0 0
0 0 0
0 0 0
0 0 0
0 0 0
0 0 0
0 0 0
0 0 0
0 0 0
0 0 0
0 0 0
0 0 0
0 0 0
0 0 0
0 0 0
0 0 0
0 0 0
0 0 0
0 0 0
0 0 0
0 0 0
0 0 0
0 0 0
0 0 0
0 0 0
0 0 0
0 0 0
0 0 0
0 0 0
0 0 0
0 0 0
0 0 0
0 0 0
-0 0 0
-0 0 0
-0 0 0
-0 0 0
-0 0 0
-0 0 0
-0 0 0
-0 0 0
-0 0 0
-0 0 0
-0 0 0
-0 0 0
-0 0 0
-0 0 0
-0 0 0
-0 0 0
-0 0 0
-0 0 0
-0 0 0
-0 0 0
-0 0 0
-0 0 0
-0 0 0
-0 0 0
-0 0 0
-0 0 0
-0 0 0
-0 0 0
-0 0 0
-0 0 0
-0 0 0
-0 0 0
-0 0 0
-0 0 0
-0 0 0
-0 0 0
-0 0 0
-0 0 0
-0 0 0
-0 0 0
-0 0 0
-0 0 0
-0 0 0
-0 0 0
-0 0 0
-0 0 0
-0 0 0
-0 0 0
-0 0 0
-0 0 0
-0 0 0
-0 0 0
-0 0 0
-0 0 0
-0 0 0
-0 0 0
-0 0 0
-0 0 0
-0 0 0
-0 0 0
-0 0 0
-0 0 0
-0 0 0
-0 0 0
-0 0 0
-0 0 0
-0 0 0
-0 0 0
-0 0 0
-0 0 0
-0 0 0
-0 0 0
-0 0 0
-0 0 0
-0 0 0
-0 0 0
-0 0 0
-0 0 0
-0 0 0
-0 0 0
-0 0 0
0 0 0
0 0 0
0 0 0
0 0 0
0 0 0
0 0 0
0 0 0
0 0 0
0 0 0
0 0 0
0 0 0
0 0 0
0 0 0
0 0 0
0 0 0
0 0 0
0 0 0
0 0 0
0 0 0
0 0 0
0 0 0
0 0 0
0 0 0
0 0 0
0 0 0
0 0 0
0 0 0
0 0 0
0 0 0
0 0 0
0 0 0
0 0 0
0 0 0
0 0 0
0 0 0
0 0 0
0 0 0
0 0 0
0 0 0
0 0 0
0 0 0
0 0 0
0 0 0
0 0 0
0 0 0
0 0 0
0 0 0
0 0 0
0 0 0
0 0 0
0 0 0
0 0 0
0 0 0
0 0 0
0 0 0
0 0 0
0 0 0
0 0 0
0 0 0
0 0 0
0 0 0
0 0 0
0 0 0
0 0 0
0 0 0
0 0 0
0 0 0
0 0 0
0 0 0
0 0 0
0 0 0
0 0 0
0 0 0
0 0 0
0 0 0
0 0 0
0 0 0
0 0 0
0 0 0
-0 0 0
-0 0 0
-0 0 0
-0 0 0
-0 0 0
-0 0 0
-0 0 0
-0 0 0
-0 0 0
-0 0 0
-0 0 0
-0 0 0
-0 0 0
-0 0 0
-0 0 0
-0 0 0
-0 0 0
-0 0 0
-0 0 0
-0 0 0
-0 0 0
-0 0 0
-0 0 0
-0 0 0
-0 0 0
-0 0 0
-0 0 0
-0 0 0
-0 0 0
-0 0 0
-0 0 0
-0 0 0
-0 0 0
-0 0 0
-0 0 0
-0 0 0
-0 0 0
-0 0 0
-0 0 0
-0 0 0
-0 0 0
-0 0 0
-0 0 0
-0 0 0
-0 0 0
-0 0 0
-0 0 0
-0 0 0
-0 0 0
-0 0 0
-0 0 0
-0 0 0
-0 0 0
-0 0 0
-0 0 0
-0 0 0
-0 0 0
-0 0 0
-0 0 0
-0 0 0
-0 0 0
-0 0 0
-0 0 0
-0 0 0
-0 0 0
-0 0 0
-0 0 0
-0 0 0
-0 0 0
-0 0 0
-0 0 0
-0 0 0
-0 0 0
-0 0 0
-0 0 0
-0 0 0
-0.01466684 0.1845976 0.36850002
-0.011427694 0.18434712 0.36800003
-0.0082084481 0.18434712 0.36800003
-0 0 0
-0 0 0
0 0 0
0 0 0
0 0 0
0 0 0
0 0 0
0 0 0
0 0 0
0 0 0
0 0 0
0 0 0
0 0 0
0 0 0
0 0 0
0 0 0
0 0 0
0 0 0
0 0 0
0 0 0
0 0 0
0 0 0
0 0 0
0 0 0
0 0 0
0 0 0
0 0 0
0 0 0
0 0 0
0 0 0
0 0 0
0 0 0
0 0 0
0 0 0
0 0 0
0 0 0
0 0 0
0 0 0
0 0 0
0 0 0
0 0 0
0 0 0
0 0 0
0 0 0
0 0 0
0 0 0
0 0 0
0 0 0
0 0 0
0 0 0
0 0 0
0 0 0
0 0 0
0 0 0
0 0 0
0 0 0
0 0 0
0 0 0
0 0 0
0 0 0
0 0 0
0 0 0
0 0 0
0 0 0
0 0 0
0 0 0
0 0 0
0 0 0
0 0 0
0 0 0
0 0 0
0 0 0
0 0 0
0 0 0
0 0 0
0 0 0
0 0 0
0 0 0
0 0 0
0 0 0
0 0 0
-0 0 0
-0 0 0
-0 0 0
-0 0 0
-0 0 0
-0 0 0
-0 0 0
-0 0 0
-0 0 0
-0 0 0
-0 0 0
-0 0 0
-0 0 0
-0 0 0
-0 0 0
-0 0 0
-0 0 0
-0 0 0
-0 0 0
-0 0 0
-0 0 0
-0 0 0
-0 0 0
-0 0 0
-0 0 0
-0 0 0
-0 0 0
-0 0 0
-0 0 0
-0 0 0
-0 0 0
-0 0 0
-0 0 0
-0 0 0
-0 0 0
-0 0 0
-0 0 0
-0 0 0
-0 0 0
-0 0 0
-0 0 0
-0 0 0
-0 0 0
-0 0 0
-0 0 0
-0 0 0
-0 0 0
-0 0 0
-0 0 0
-0 0 0
-0 0 0
-0 0 0
-0 0 0
-0 0 0
-0 0 0
-0 0 0
-0 0 0
-0 0 0
-0 0 0
-0 0 0
-0 0 0
-0 0 0
-0 0 0
-0 0 0
-0 0 0
-0 0 0
-0 0 0
-0 0 0
-0 0 0
-0 0 0
-0 0 0
-0 0 0
-0 0 0
-0 0 0
-0 0 0
-0.017939009 0.18832843 0.36950001
-0.014686741 0.18807359 0.36900002
-0.011427694 0.18756391 0.36800003
-0.0082028713 0.18743649 0.36775002
-0 0 0
-0 0 0
0 0 0
0 0 0
0 0 0
0 0 0
0 0 0
0 0 0
0 0 0
0 0 0
0 0 0
0 0 0
0 0 0
0 0 0
0 0 0
0 0 0
0 0 0
0 0 0
0 0 0
0 0 0
0 0 0
0 0 0
0 0 0
0 0 0
0 0 0
0 0 0
0 0 0
0 0 0
0 0 0
0 0 0
0 0 0
0 0 0
0 0 0
0 0 0
0 0 0
0 0 0
0 0 0
0 0 0
0 0 0
0 0 0
0 0 0
0 0 0
0 0 0
0 0 0
0 0 0
0 0 0
0 0 0
0 0 0
0 0 0
0 0 0
0 0 0
0 0 0
0 0 0
0 0 0
0 0 0
0 0 0
0 0 0
0 0 0
0 0 0
0 0 0
0 0 0
0 0 0
0 0 0
0 0 0
0 0 0
0 0 0
0 0 0
0 0 0
0 0 0
0 0 0
0 0 0
0 0 0
0 0 0
0 0 0
0 0 0
0 0 0
0 0 0
0 0 0
0 0 0
0 0 0
0 0 0
