# .PCD v0.7 - Point Cloud Data file format
VERSION 0.7
FIELDS x y z
SIZE 4 4 4
TYPE F F F
COUNT 1 1 1
WIDTH 4800
HEIGHT 1
VIEWPOINT 0 0 0 1 0 0 0
POINTS 4800
DATA ascii
-0 -0 0
-0 -0 0
-0 -0 0
-0 -0 0
-0 -0 0
-0 -0 0
-0 -0 0
-0 -0 0
-0 -0 0
-0 -0 0
-0 -0 0
-0 -0 0
-0 -0 0
-0 -0 0
-0 -0 0
-0 -0 0
-0 -0 0
-0 -0 0
-0 -0 0
-0 -0 0
-0 -0 0
-0 -0 0
-0 -0 0
-0 -0 0
-0 -0 0
-0 -0 0
-0 -0 0
-0 -0 0
-0 -0 0
-0 -0 0
-0 -0 0
-0 -0 0
-0 -0 0
-0 -0 0
-0 -0 0
-0 -0 0
-0 -0 0
-0 -0 0
-0 -0 0
-0 -0 0
-0 -0 0
0 -0 0
0 -0 0
0 -0 0
0 -0 0
0 -0 0
0 -0 0
0 -0 0
0 -0 0
0 -0 0
0 -0 0
0.10122097 -0.28097045 0.53250003
0 -0 0
0.11447766 -0.268307 0.50850004
0 -0 0
0 -0 0
0 -0 0
0 -0 0
0 -0 0
0 -0 0
0 -0 0
0 -0 0
0 -0 0
0 -0 0
0 -0 0
0 -0 0
0 -0 0
0 -0 0
0 -0 0
0 -0 0
0 -0 0
0 -0 0
0 -0 0
0 -0 0
0 -0 0
0 -0 0
0 -0 0
0 -0 0
0 -0 0
0 -0 0
-0 -0 0
-0 -0 0
-0 -0 0
-0 -0 0
-0 -0 0
-0 -0 0
-0 -0 0
-0 -0 0
-0 -0 0
-0 -0 0
-0 -0 0
-0 -0 0
-0 -0 0
-0 -0 0
-0 -0 0
-0 -0 0
-0 -0 0
-0 -0 0
-0 -0 0
-0 -0 0
-0 -0 0
-0 -0 0
-0 -0 0
-0 -0 0
-0 -0 0
-0 -0 0
-0 -0 0
-0 -0 0
-0 -0 0
-0 -0 0
-0 -0 0
-0 -0 0
-0 -0 0
-0 -0 0
-0 -0 0
-0 -0 0
-0 -0 0
-0 -0 0
-0 -0 0
-0 -0 0
-0 -0 0
0 -0 0
0 -0 0
0 -0 0
0 -0 0
0 -0 0
0 -0 0
0 -0 0
0 -0 0
0 -0 0
0.092322513 -0.27296844 0.53500003
0.10145857 -0.27233064 0.53375
0.11132938 -0.27360624 0.53625005
0.12033097 -0.27271333 0.5345
0 -0 0
0 -0 0
0 -0 0
0 -0 0
0 -0 0
0 -0 0
0 -0 0
0 -0 0
0 -0 0
0 -0 0
0 -0 0
0 -0 0
0 -0 0
0 -0 0
0 -0 0
0 -0 0
0 -0 0
0 -0 0
0 -0 0
0 -0 0
0 -0 0
0 -0 0
0 -0 0
0 -0 0
0 -0 0
0 -0 0
-0 -0 0
-0 -0 0
-0 -0 0
-0 -0 0
-0 -0 0
-0 -0 0
-0 -0 0
-0 -0 0
-0 -0 0
-0 -0 0
-0 -0 0
-0 -0 0
-0 -0 0
-0 -0 0
-0 -0 0
-0 -0 0
-0 -0 0
-0 -0 0
-0 -0 0
-0 -0 0
-0 -0 0
-0 -0 0
-0 -0 0
-0 -0 0
-0 -0 0
-0 -0 0
-0 -0 0
-0 -0 0
-0 -0 0
-0 -0 0
-0 -0 0
-0 -0 0
-0 -0 0
-0 -0 0
-0 -0 0
-0 -0 0
-0 -0 0
-0 -0 0
-0 -0 0
-0 -0 0
-0 -0 0
0 -0 0
0 -0 0
0 -0 0
0 -0 0
0 -0 0
0 -0 0
0 -0 0
0 -0 0
0 -0 0
0.093746178 -0.26771289 0.54325002
0 -0 0
0.11143317 -0.26450971 0.53675002
0.12072496 -0.26426333 0.53625005
0.12981722 -0.26364732 0.53500003
0.13899577 -0.26327771 0.53425002
0 -0 0
0 -0 0
0 -0 0
0 -0 0
0 -0 0
0 -0 0
0 -0 0
0 -0 0
0 -0 0
0 -0 0
0 -0 0
0 -0 0
0 -0 0
0 -0 0
0 -0 0
0 -0 0
0 -0 0
0 -0 0
0 -0 0
0 -0 0
0 -0 0
0 -0 0
0 -0 0
0 -0 0
-0 -0 0
-0 -0 0
-0 -0 0
-0 -0 0
-0 -0 0
-0 -0 0
-0 -0 0
-0 -0 0
-0 -0 0
-0 -0 0
-0 -0 0
-0 -0 0
-0 -0 0
-0 -0 0
-0 -0 0
-0 -0 0
-0 -0 0
-0 -0 0
-0 -0 0
-0 -0 0
-0 -0 0
-0 -0 0
-0 -0 0
-0 -0 0
-0 -0 0
-0 -0 0
-0 -0 0
-0 -0 0
-0 -0 0
-0 -0 0
-0 -0 0
-0 -0 0
-0 -0 0
-0 -0 0
-0 -0 0
-0 -0 0
-0 -0 0
-0 -0 0
-0 -0 0
-0 -0 0
-0 -0 0
0 -0 0
0 -0 0
0 -0 0
0 -0 0
0 -0 0
0 -0 0
0 -0 0
0.16774446 -0.57983989 1.21975
0 -0 0
0.093789309 -0.25836685 0.54350001
0.10316935 -0.25801033 0.54275
0.11273073 -0.25812918 0.54300004
0.12235713 -0.25836685 0.54350001
0.13157643 -0.25777265 0.54225004
0.1391909 -0.25432616 0.53500003
0.14807862 -0.25349426 0.53325003
0.15749545 -0.25361311 0.53350002
0 -0 0
0 -0 0
0 -0 0
0 -0 0
0 -0 0
0 -0 0
0 -0 0
0 -0 0
0 -0 0
0 -0 0
0 -0 0
0 -0 0
0 -0 0
0 -0 0
0 -0 0
0 -0 0
0 -0 0
0 -0 0
0 -0 0
0 -0 0
0 -0 0
0 -0 0
-0 -0 0
-0 -0 0
-0 -0 0
-0 -0 0
-0 -0 0
-0 -0 0
-0 -0 0
-0 -0 0
-0 -0 0
-0 -0 0
-0 -0 0
-0 -0 0
-0 -0 0
-0 -0 0
-0 -0 0
-0 -0 0
-0 -0 0
-0 -0 0
-0 -0 0
-0 -0 0
-0 -0 0
-0 -0 0
-0 -0 0
-0 -0 0
-0 -0 0
-0 -0 0
-0 -0 0
-0 -0 0
-0 -0 0
-0 -0 0
-0 -0 0
-0 -0 0
-0 -0 0
-0 -0 0
-0 -0 0
-0 -0 0
-0 -0 0
-0 -0 0
-0 -0 0
-0.011029945 -0.2505005 0.54700005
-0 -0 0
0 -0 0
0 -0 0
0 -0 0
0 -0 0
0 -0 0
0 -0 0
0.14781338 -0.56408405 1.23175
0.16836332 -0.56064939 1.2242501
0 -0 0
0 -0 0
0.10312183 -0.2484397 0.54250002
0.11283452 -0.24889764 0.54350001
0.12258227 -0.24935561 0.54450005
0.13187973 -0.24889764 0.54350001
0.1410121 -0.24821073 0.54200006
0 -0 0
0.15764306 -0.2445471 0.53400004
0.16707741 -0.24466158 0.53425002
0 -0 0
0 -0 0
0 -0 0
0 -0 0
0 -0 0
0 -0 0
0 -0 0
0 -0 0
0 -0 0
0 -0 0
0 -0 0
0 -0 0
0 -0 0
0 -0 0
0 -0 0
0 -0 0
0 -0 0
0 -0 0
0 -0 0
0 -0 0
0 -0 0
-0 -0 0
-0 -0 0
-0 -0 0
-0 -0 0
-0 -0 0
-0 -0 0
-0 -0 0
-0 -0 0
-0 -0 0
-0 -0 0
-0 -0 0
-0 -0 0
-0 -0 0
-0 -0 0
-0 -0 0
-0 -0 0
-0 -0 0
-0 -0 0
-0 -0 0
-0 -0 0
-0 -0 0
-0 -0 0
-0 -0 0
-0 -0 0
-0 -0 0
-0 -0 0
-0 -0 0
-0 -0 0
-0 -0 0
-0 -0 0
-0 -0 0
-0 -0 0
-0 -0 0
-0 -0 0
-0 -0 0
-0 -0 0
-0 -0 0
-0 -0 0
-0 -0 0
-0.011024903 -0.24086016 0.54675001
-0 -0 0
0 -0 0
0 -0 0
0 -0 0
0 -0 0
0 -0 0
0 -0 0
0.14787339 -0.542844 1.2322501
0 -0 0
0 -0 0
0 -0 0
0 -0 0
0 -0 0
0.12263855 -0.2399791 0.54475003
0.13181908 -0.23931831 0.54325002
0.1412072 -0.23909803 0.54275
0.15050843 -0.23876765 0.54200006
0 -0 0
0.16965744 -0.23898791 0.54250002
0.17883228 -0.23854738 0.54150003
0 -0 0
0 -0 0
0 -0 0
0 -0 0
0 -0 0
0 -0 0
0 -0 0
0 -0 0
0 -0 0
0 -0 0
0 -0 0
0 -0 0
0 -0 0
0 -0 0
0 -0 0
0 -0 0
0 -0 0
0 -0 0
0 -0 0
0 -0 0
-0 -0 0
-0 -0 0
-0 -0 0
-0 -0 0
-0 -0 0
-0 -0 0
-0 -0 0
-0 -0 0
-0 -0 0
-0 -0 0
-0 -0 0
-0 -0 0
-0 -0 0
-0 -0 0
-0 -0 0
-0 -0 0
-0 -0 0
-0 -0 0
-0 -0 0
-0.17686042 -0.2019283 0.47725001
-0.16832204 -0.20171675 0.47675002
-0.15996897 -0.20171675 0.47675002
-0.15169539 -0.20182253 0.47700003
-0.14423941 -0.20309186 0.48000002
-0.13625386 -0.20372652 0.48150003
-0.12768482 -0.20351496 0.48100004
-0.11820353 -0.20171675 0.47675002
-0.11054169 -0.20298609 0.47975004
-0.10282794 -0.20436117 0.48300001
-0.094463035 -0.20457274 0.48350003
-0 -0 0
-0 -0 0
-0 -0 0
-0 -0 0
-0 -0 0
-0 -0 0
-0 -0 0
-0 -0 0
-0 -0 0
-0 -0 0
-0 -0 0
0 -0 0
0 -0 0
0 -0 0
0 -0 0
0 -0 0
0 -0 0
0 -0 0
0 -0 0
0 -0 0
0 -0 0
0 -0 0
0 -0 0
0 -0 0
0 -0 0
0 -0 0
0 -0 0
0 -0 0
0 -0 0
0 -0 0
0 -0 0
0 -0 0
0 -0 0
0 -0 0
0 -0 0
0 -0 0
0 -0 0
0 -0 0
0 -0 0
0 -0 0
0 -0 0
0 -0 0
0 -0 0
0 -0 0
0 -0 0
0 -0 0
0 -0 0
0 -0 0
0 -0 0
0 -0 0
-0 -0 0
-0 -0 0
-0 -0 0
-0.3200883 -0.19949578 0.49175003
-0.310839 -0.19909008 0.49075001
-0.30147076 -0.19858298 0.48950002
-0.29379183 -0.19919151 0.49100003
-0.28213969 -0.19706166 0.48575002
-0.27320641 -0.19675739 0.48500001
-0.26457235 -0.19665597 0.48475003
-0.25581497 -0.19645312 0.48425001
-0.24605359 -0.19543892 0.48175001
-0.23724298 -0.19513465 0.48100004
-0.22857755 -0.19493181 0.48050001
-0.22015879 -0.19493181 0.48050001
-0.21096882 -0.19422187 0.47875002
-0.20268647 -0.19432329 0.47900003
-0.19398975 -0.19401902 0.47825003
-0.18551336 -0.1939176 0.47800002
-0.17686042 -0.19361334 0.47725001
-0.16841032 -0.19351192 0.47700003
-0.15996897 -0.19341049 0.47675002
-0.15201341 -0.1939176 0.47800002
-0.14378865 -0.19412044 0.47850001
-0.13590014 -0.19483039 0.48025003
-0.12728663 -0.19452614 0.47950003
-0.11900932 -0.19472897 0.48000002
-0.11094492 -0.1953375 0.48150003
-0.10256182 -0.19543892 0.48175001
-0.094365351 -0.19594602 0.48300001
-0.086125076 -0.19645312 0.48425001
-0.078161649 -0.19777161 0.48750001
-0.069584519 -0.19767019 0.48725003
-0.06145465 -0.19898868 0.49050003
-0.053183958 -0.20020573 0.49350002
-0.044672769 -0.20081426 0.49500003
-0.036199924 -0.20192988 0.49775001
-0.027547905 -0.20243698 0.49900001
-0 -0 0
-0 -0 0
-0 -0 0
0.0077994578 -0.21268055 0.52425003
0.016976688 -0.21257913 0.52400005
0.026145158 -0.2124777 0.52375001
0 -0 0
0 -0 0
0 -0 0
0 -0 0
0 -0 0
0 -0 0
0 -0 0
0 -0 0
0 -0 0
0 -0 0
0 -0 0
0 -0 0
0 -0 0
0 -0 0
0 -0 0
0 -0 0
0 -0 0
0 -0 0
0 -0 0
0 -0 0
0 -0 0
0 -0 0
0 -0 0
0 -0 0
0 -0 0
0 -0 0
0 -0 0
0 -0 0
0 -0 0
0 -0 0
0 -0 0
0 -0 0
0 -0 0
0 -0 0
0 -0 0
0 -0 0
-0 -0 0
-0 -0 0
-0.32786867 -0.19044285 0.49050003
-0.31992558 -0.19083111 0.49150002
-0.31052229 -0.19034578 0.49025002
-0.30054697 -0.1894722 0.48800004
-0.29109922 -0.18888979 0.48650002
-0.28199449 -0.18850154 0.48550004
-0.27376974 -0.18869567 0.48600003
-0.26416302 -0.18791914 0.48400003
-0.25436223 -0.18694848 0.48150003
-0.24567054 -0.18675435 0.48100004
-0.23687306 -0.18646315 0.48025003
-0.22798292 -0.18607488 0.47925001
-0.21935695 -0.18588075 0.47875002
-0.21052817 -0.1854925 0.47775003
-0.20194596 -0.18529835 0.47725001
-0.19327992 -0.18500717 0.47650003
-0.1845431 -0.18461891 0.47550002
-0.17630456 -0.18471597 0.47575003
-0.16796899 -0.18471597 0.47575003
-0.15963343 -0.18471597 0.47575003
-0.15121835 -0.18461891 0.47550002
-0.14318767 -0.18500717 0.47650003
-0.13469747 -0.18481304 0.47600001
-0.1262248 -0.18461891 0.47550002
-0.11826551 -0.1852013 0.47700003
-0.11013846 -0.18558955 0.47800002
-0.10192315 -0.18588075 0.47875002
-0.093828075 -0.18646315 0.48025003
-0.085635982 -0.18694848 0.48150003
-0.077319913 -0.18723968 0.48225003
-0.069191791 -0.18811327 0.48450002
-0.060984813 -0.18898687 0.48675004
-0.052618172 -0.18956925 0.48825002
-0.044356897 -0.19083111 0.49150002
-0.035927195 -0.19180176 0.49400002
-0.027478898 -0.19325775 0.49775001
-0.018682502 -0.19248122 0.49575001
-0.010011639 -0.19277242 0.49650002
-0.001315158 -0.19316068 0.49750003
0.0077659832 -0.20267311 0.52200001
0.016968587 -0.20335257 0.52375001
0.02615764 -0.20344965 0.52400005
0.035220563 -0.20277017 0.52225
0.044562016 -0.20364377 0.52450001
0 -0 0
0 -0 0
0 -0 0
0 -0 0
0 -0 0
0 -0 0
0 -0 0
0 -0 0
0 -0 0
0 -0 0
0 -0 0
0 -0 0
0 -0 0
0 -0 0
0 -0 0
0 -0 0
0 -0 0
0 -0 0
0 -0 0
0 -0 0
0 -0 0
0 -0 0
0 -0 0
0 -0 0
0 -0 0
0 -0 0
0 -0 0
0 -0 0
0 -0 0
0 -0 0
0 -0 0
0 -0 0
0 -0 0
0 -0 0
-0 -0 0
-0.35258263 -0.19061175 0.514
-0.34407824 -0.19088988 0.51475
-0.3212274 -0.18300954 0.49350002
-0.30973056 -0.18134075 0.48900002
-0.29993108 -0.18059908 0.48700002
-0.29050088 -0.18004283 0.48550004
-0.28170404 -0.1798574 0.48500001
-0.27278394 -0.17957926 0.48425001
-0.26266208 -0.17846675 0.48125002
-0.2537019 -0.17809591 0.48025003
-0.24477671 -0.17772506 0.47925001
-0.2361332 -0.17753965 0.47875002
-0.22691259 -0.17689069 0.47700003
-0.21821149 -0.17661256 0.47625002
-0.20975699 -0.17651984 0.47600001
-0.20120546 -0.17633443 0.47550002
-0.19226587 -0.17577817 0.47400004
-0.18396096 -0.17577817 0.47400004
-0.17574868 -0.17587087 0.47425002
-0.16726287 -0.17568545 0.47375003
-0.15929788 -0.17605628 0.47475001
-0.15082082 -0.17587087 0.47425002
-0.14228617 -0.17559274 0.47350001
-0.13399003 -0.17559274 0.47350001
-0.12576024 -0.17568545 0.47375003
-0.11739773 -0.17559274 0.47350001
-0.10938961 -0.17605628 0.47475001
-0.10133769 -0.17651984 0.47600001
-0.093193114 -0.17689069 0.47700003
-0.084880106 -0.17698339 0.47725001
-0.076678589 -0.17735423 0.47825003
-0.068549141 -0.17800319 0.48000002
-0.060452331 -0.1789303 0.48250002
-0.052214038 -0.17967197 0.48450002
-0.04401847 -0.18087721 0.48775002
-0.035545379 -0.18124804 0.48875001
-0.027078653 -0.18189703 0.49050003
-0.018578868 -0.18282412 0.49300003
-0.0099511463 -0.18300954 0.49350002
-0.0013118536 -0.18402936 0.49625003
0.0074647171 -0.18606898 0.50175005
0.016596008 -0.18996279 0.51225001
0.026020359 -0.19330035 0.52125001
0.035186846 -0.19348577 0.52175003
0.044222172 -0.19302221 0.5205
0.053367425 -0.19311494 0.52075005
0.062401429 -0.19283681 0.52000004
0 -0 0
0 -0 0
0 -0 0
0 -0 0
0.11184839 -0.19979006 0.53875005
0.12134406 -0.19988276 0.53900003
0 -0 0
0 -0 0
0 -0 0
0 -0 0
0 -0 0
0 -0 0
0 -0 0
0 -0 0
0 -0 0
0 -0 0
0 -0 0
0 -0 0
0 -0 0
0 -0 0
0 -0 0
0 -0 0
0 -0 0
0 -0 0
0 -0 0
0 -0 0
0 -0 0
0 -0 0
0 -0 0
0 -0 0
0 -0 0
0 -0 0
-0 -0 0
-0.35292563 -0.18183322 0.51450002
-0.34708625 -0.18351196 0.51925004
-0.32415652 -0.17600185 0.49800003
-0.30909717 -0.17246768 0.48800004
-0.29808345 -0.17105401 0.48400003
-0.2888554 -0.17061223 0.48275003
-0.28025198 -0.17052387 0.48250002
-0.27095318 -0.16999376 0.48100004
-0.26184341 -0.16955198 0.47975004
-0.25330567 -0.16946362 0.47950003
-0.24439365 -0.16911019 0.47850001
-0.23539336 -0.16866843 0.47725001
-0.22643687 -0.16822666 0.47600001
-0.21775331 -0.1679616 0.47525004
-0.20920615 -0.16778488 0.47475001
-0.20057076 -0.16751984 0.47400004
-0.19196165 -0.16725476 0.47325003
-0.18347581 -0.16707805 0.47275001
-0.17510016 -0.1669897 0.47250003
-0.16673326 -0.16690134 0.47225001
-0.15829127 -0.16672464 0.47175002
-0.14994627 -0.16663627 0.47150001
-0.14168516 -0.16663627 0.47150001
-0.13335334 -0.16654792 0.47125003
-0.12516296 -0.16663627 0.47150001
-0.11690186 -0.16663627 0.47150001
-0.10875598 -0.166813 0.47200003
-0.10032644 -0.16654792 0.47125003
-0.092411615 -0.16716641 0.47300002
-0.08430209 -0.16751984 0.47400004
-0.076237671 -0.16804995 0.47550002
-0.067942195 -0.16813831 0.47575003
-0.059888527 -0.1689335 0.47800002
-0.051648252 -0.16937527 0.47925001
-0.043319046 -0.16964033 0.48000002
-0.035127196 -0.17070058 0.48300001
-0.026775017 -0.17140742 0.48500001
-0.018343335 -0.1720259 0.48675004
-0.0098553654 -0.17273273 0.48875001
-0.001298636 -0.17361628 0.49125004
0.0073345401 -0.17423476 0.49300003
0.01601284 -0.17467652 0.49425003
0.024909658 -0.17635526 0.49900001
0.034445003 -0.1805079 0.51075
0.044137213 -0.18360031 0.51950002
0.053418662 -0.18421879 0.52125001
0.062431429 -0.18386538 0.52025002
0.071512297 -0.18377703 0.52000004
0.080661915 -0.18386538 0.52025002
0 -0 0
0.10335945 -0.19217069 0.54375005
0.11247121 -0.19146384 0.54175001
0.12162547 -0.19093372 0.54025
0 -0 0
0 -0 0
0 -0 0
0 -0 0
0 -0 0
0 -0 0
0 -0 0
0 -0 0
0 -0 0
0 -0 0
0 -0 0
0 -0 0
0 -0 0
0 -0 0
0 -0 0
0 -0 0
0 -0 0
0 -0 0
0 -0 0
0 -0 0
0 -0 0
0 -0 0
0 -0 0
0 -0 0
0 -0 0
0 -0 0
-0 -0 0
-0 -0 0
-0.34775469 -0.17480123 0.52025002
-0.33554757 -0.17320526 0.51550001
-0.31004724 -0.16446939 0.48950002
-0.29777554 -0.16245343 0.48350003
-0.2888554 -0.16220143 0.48275003
-0.27938074 -0.16161345 0.48100004
-0.26996738 -0.16102545 0.47925001
-0.26102471 -0.16068946 0.47825003
-0.25238121 -0.16052146 0.47775003
-0.24388291 -0.16043746 0.47750002
-0.23477682 -0.15993346 0.47600001
-0.22596118 -0.15959747 0.47500002
-0.21683693 -0.15900949 0.47325003
-0.20832482 -0.15884148 0.47275001
-0.19993603 -0.15875749 0.47250003
-0.1911504 -0.15833749 0.47125003
-0.18221448 -0.1577495 0.46950004
-0.17426635 -0.1580015 0.47025001
-0.16593888 -0.1579175 0.47000003
-0.15778795 -0.1580015 0.47025001
-0.14915122 -0.15758149 0.46900001
-0.14108418 -0.1577495 0.46950004
-0.13307035 -0.1580015 0.47025001
-0.12463206 -0.1577495 0.46950004
-0.11622004 -0.15749751 0.46875003
-0.10835274 -0.1580015 0.47025001
-0.099900648 -0.15766551 0.46925002
-0.091727808 -0.1577495 0.46950004
-0.083635136 -0.1580015 0.47025001
-0.075596347 -0.15842149 0.47150001
-0.067513764 -0.15884148 0.47275001
-0.059356045 -0.15917748 0.47375003
-0.051136348 -0.15942948 0.47450003
-0.04291293 -0.15976547 0.47550002
-0.034872655 -0.16110945 0.47950003
-0.026540391 -0.16152944 0.48075002
-0.018136064 -0.16169743 0.48125002
-0.0097595844 -0.16262142 0.48400003
-0.0012880617 -0.16371341 0.48725003
0.0073010656 -0.16488938 0.49075001
0.015931845 -0.16522539 0.49175003
0.024522787 -0.16505739 0.49125004
0.033264805 -0.16572937 0.49325001
0.04262916 -0.16858535 0.50175005
0.052573185 -0.17236526 0.51300001
0.062461425 -0.17488523 0.5205
0.071512297 -0.17471723 0.52000004
0.080468118 -0.17438124 0.51900005
0.089777172 -0.17480123 0.52025002
0.098702326 -0.17446524 0.51925004
0.11158888 -0.18059714 0.53750002
0 -0 0
0 -0 0
0 -0 0
0 -0 0
0 -0 0
0 -0 0
0 -0 0
0 -0 0
0 -0 0
0 -0 0
0 -0 0
0 -0 0
0 -0 0
0 -0 0
0 -0 0
0 -0 0
0 -0 0
0 -0 0
0 -0 0
0 -0 0
0 -0 0
0 -0 0
0 -0 0
0 -0 0
0 -0 0
0 -0 0
0 -0 0
-0 -0 0
-0 -0 0
-0.34792176 -0.16581672 0.5205
-0.33863944 -0.16573708 0.52025002
-0.32002324 -0.16095851 0.50525004
-0.29777554 -0.15402956 0.48350003
-0.28915459 -0.15394992 0.48325002
-0.27850947 -0.15275528 0.47950003
-0.26898158 -0.15211813 0.47750002
-0.26020601 -0.15187921 0.47675002
-0.25132468 -0.15156063 0.47575003
-0.24273373 -0.15140134 0.47525004
-0.23354375 -0.15084384 0.47350001
-0.22465298 -0.15044563 0.47225001
-0.21569146 -0.14996777 0.47075003
-0.20777398 -0.1502067 0.47150001
-0.19898395 -0.14980848 0.47025001
-0.19003493 -0.14925098 0.46850002
-0.18202043 -0.14941026 0.46900001
-0.17380312 -0.14941026 0.46900001
-0.16532104 -0.14917134 0.46825004
-0.1569491 -0.14901204 0.46775001
-0.1486742 -0.14893241 0.46750003
-0.1405583 -0.14901204 0.46775001
-0.13215066 -0.14877312 0.46700001
-0.12390205 -0.14869349 0.46675003
-0.11572417 -0.14869349 0.46675003
-0.10748868 -0.14861384 0.46650001
-0.099528089 -0.14893241 0.46750003
-0.091288216 -0.14885277 0.46725002
-0.083190508 -0.14901204 0.46775001
-0.075075276 -0.14917134 0.46825004
-0.067085333 -0.14964919 0.46975002
-0.059011497 -0.15004741 0.47100002
-0.0507861 -0.15012705 0.47125003
-0.042574503 -0.15028635 0.47175002
-0.034436289 -0.15084384 0.47350001
-0.026305767 -0.15179956 0.47650003
-0.017994745 -0.15211813 0.47750002
-0.0096638035 -0.15267563 0.47925001
-0.0012748442 -0.15363134 0.48225003
0.0072006439 -0.15418886 0.48400003
0.015786052 -0.1552242 0.48725003
0.024373028 -0.15554278 0.48825002
0.033028767 -0.15602064 0.48975003
0.041694585 -0.15633921 0.49075001
0.050574791 -0.15721528 0.49350002
0.060361382 -0.16024171 0.50300002
0.070480868 -0.16326816 0.51250005
0.080506876 -0.16541852 0.51925004
0.089690879 -0.16557778 0.51975
0.098749846 -0.16549815 0.51950002
0.10785195 -0.16549815 0.51950002
0.11667266 -0.16509995 0.51825005
0 -0 0
0 -0 0
0 -0 0
0 -0 0
0 -0 0
0 -0 0
0 -0 0
0 -0 0
0 -0 0
0 -0 0
0 -0 0
0 -0 0
0 -0 0
0 -0 0
0 -0 0
0 -0 0
0 -0 0
0 -0 0
0 -0 0
0 -0 0
0 -0 0
0 -0 0
0 -0 0
0 -0 0
0 -0 0
0 -0 0
-0 -0 0
-0 -0 0
-0 -0 0
-0.33977851 -0.15719995 0.52200001
-0.3288908 -0.15637179 0.51925004
-0.30070093 -0.14703615 0.48825002
-0.28795788 -0.14492811 0.48125002
-0.27821907 -0.14425053 0.47900003
-0.26827744 -0.14342237 0.47625002
-0.25993314 -0.14342237 0.47625002
-0.25079638 -0.14297064 0.47475001
-0.2419676 -0.1426695 0.47375003
-0.232434 -0.14191662 0.47125003
-0.22393942 -0.14176604 0.47075003
-0.21534783 -0.14154018 0.47000003
-0.20722316 -0.14161547 0.47025001
-0.19834924 -0.14116375 0.46875003
-0.18942648 -0.14063673 0.46700001
-0.18143828 -0.14078732 0.46750003
-0.17306195 -0.14063673 0.46700001
-0.16452664 -0.14033559 0.46600002
-0.15636191 -0.14033559 0.46600002
-0.14827667 -0.14041087 0.46625003
-0.13958168 -0.13988386 0.46450001
-0.13144323 -0.13988386 0.46450001
-0.12330477 -0.13988386 0.46450001
-0.1152283 -0.13995914 0.46475002
-0.10697025 -0.13980858 0.46425003
-0.098836184 -0.13980858 0.46425003
-0.090897471 -0.14010972 0.46525002
-0.082879268 -0.14033559 0.46600002
-0.074754611 -0.14041087 0.46625003
-0.066549793 -0.14033559 0.46600002
-0.058666952 -0.14101318 0.46825004
-0.050570562 -0.14131431 0.46925002
-0.042213507 -0.1408626 0.46775001
-0.03421811 -0.14169076 0.47050002
-0.026043536 -0.14206719 0.47175002
-0.01782516 -0.14244363 0.47300002
-0.0095730638 -0.14297064 0.47475001
-0.0012622873 -0.1437988 0.47750002
0.0071002212 -0.14372352 0.47725001
0.015567363 -0.14470224 0.48050001
0.024098473 -0.14537984 0.48275003
0.032725286 -0.14613271 0.48525003
0.041439705 -0.14688559 0.48775002
0.050241724 -0.14763846 0.49025002
0.058981348 -0.14801489 0.49150002
0.067764774 -0.14839132 0.49275002
0.077871114 -0.15125224 0.50225002
0.088482931 -0.15441431 0.51275003
0.098797366 -0.15652235 0.51975
0.10764434 -0.15614593 0.51850003
0.11672893 -0.15614593 0.51850003
0.1259955 -0.15637179 0.51925004
0 -0 0
0 -0 0
0 -0 0
0 -0 0
0 -0 0
0 -0 0
0 -0 0
0 -0 0
0 -0 0
0 -0 0
0 -0 0
0 -0 0
0 -0 0
0 -0 0
0 -0 0
0 -0 0
0 -0 0
0 -0 0
0 -0 0
0 -0 0
0 -0 0
0 -0 0
0 -0 0
0 -0 0
0 -0 0
-0 -0 0
-0 -0 0
-0 -0 0
-0.33815125 -0.14739601 0.51950002
-0.3296825 -0.14767973 0.5205
-0.30978507 -0.14271452 0.50300002
-0.28676116 -0.135976 0.47925001
-0.27778342 -0.13569228 0.47825003
-0.26785496 -0.13491203 0.47550002
-0.25884154 -0.13455738 0.47425002
-0.24960779 -0.13406086 0.47250003
-0.24069072 -0.1337062 0.47125003
-0.23181747 -0.13335153 0.47000003
-0.22322585 -0.13313875 0.46925002
-0.21466054 -0.13292594 0.46850002
-0.20568083 -0.13242942 0.46675003
-0.19707979 -0.1321457 0.46575001
-0.18881805 -0.13207477 0.46550003
-0.18075909 -0.1321457 0.46575001
-0.17241344 -0.13200383 0.46525002
-0.16390878 -0.13172011 0.46425003
-0.15569083 -0.13164918 0.46400002
-0.14740212 -0.13150731 0.46350002
-0.1390558 -0.13129452 0.46275002
-0.13087729 -0.13122359 0.46250004
-0.12297294 -0.13143638 0.46325001
-0.11485638 -0.13143638 0.46325001
-0.10656703 -0.13122359 0.46250004
-0.098463617 -0.13122359 0.46250004
-0.090457886 -0.13136545 0.46300003
-0.082434639 -0.13150731 0.46350002
-0.0743137 -0.13150731 0.46350002
-0.066192761 -0.13150731 0.46350002
-0.058259759 -0.13193291 0.46500003
-0.050166428 -0.13207477 0.46550003
-0.041987889 -0.13200383 0.46525002
-0.033945382 -0.13242942 0.46675003
-0.025877917 -0.13299689 0.46875003
-0.017693263 -0.13320968 0.46950004
-0.0094672004 -0.13320968 0.46950004
-0.001247087 -0.13384806 0.47175002
0.0070444313 -0.13434458 0.47350001
0.015429671 -0.13512483 0.47625002
0.023861356 -0.13562135 0.47800002
0.032371223 -0.13618881 0.48000002
0.041142337 -0.13739464 0.48425001
0.049703695 -0.13760744 0.48500001
0.058471337 -0.13824582 0.48725003
0.06707716 -0.13838768 0.48775002
0.075933062 -0.13895515 0.48975003
0.084988482 -0.13973539 0.49250004
0.09494812 -0.14172147 0.49950004
0.10608729 -0.14498433 0.51100004
0.11667266 -0.14704135 0.51825005
0.12581351 -0.14711228 0.51850003
0.1348981 -0.14711228 0.51850003
0.14398269 -0.14711228 0.51850003
0 -0 0
0 -0 0
0 -0 0
0 -0 0
0 -0 0
0 -0 0
0 -0 0
0 -0 0
0 -0 0
0 -0 0
0 -0 0
0 -0 0
0 -0 0
0.26920569 -0.14604831 0.51475
0 -0 0
0 -0 0
0 -0 0
0 -0 0
0 -0 0
0 -0 0
0 -0 0
0 -0 0
0 -0 0
-0 -0 0
-0 -0 0
-0 -0 0
-0 -0 0
-0.33015755 -0.13881096 0.52125001
-0.3176375 -0.1373463 0.51575005
-0.2888554 -0.12855826 0.48275003
-0.27618614 -0.12662755 0.47550002
-0.26686916 -0.12616152 0.47375003
-0.25788641 -0.12582864 0.47250003
-0.24868332 -0.1253626 0.47075003
-0.24005228 -0.12516288 0.47000003
-0.23107761 -0.12476342 0.46850002
-0.22251229 -0.12456369 0.46775001
-0.21397325 -0.12436397 0.46700001
-0.20524016 -0.12403108 0.46575001
-0.19644509 -0.12363163 0.46425003
-0.18841243 -0.1236982 0.46450001
-0.18017694 -0.12363163 0.46425003
-0.17167227 -0.12336533 0.46325001
-0.16346745 -0.12329876 0.46300003
-0.15510364 -0.12309902 0.46225002
-0.14636855 -0.12256642 0.46025002
-0.13860506 -0.12283272 0.46125001
-0.13038206 -0.12269957 0.46075001
-0.12237567 -0.12276614 0.46100003
-0.11429854 -0.12276614 0.46100003
-0.1061062 -0.122633 0.46050003
-0.098091051 -0.12269957 0.46075001
-0.089822918 -0.12243327 0.45975003
-0.081901081 -0.122633 0.46050003
-0.073912866 -0.12276614 0.46100003
-0.065907143 -0.12289929 0.46150002
-0.057821244 -0.12289929 0.46150002
-0.04981618 -0.12309902 0.46225002
-0.04173971 -0.1231656 0.46250004
-0.033745382 -0.12356506 0.46400002
-0.025670893 -0.12383136 0.46500003
-0.017570784 -0.12416424 0.46625003
-0.0094117485 -0.1242974 0.46675003
-0.0012351911 -0.12443054 0.46725002
0.0069997991 -0.12529603 0.47050002
0.015291979 -0.1256955 0.47200003
0.023574321 -0.12576206 0.47225001
0.032017164 -0.12642781 0.47475001
0.040568855 -0.12716016 0.47750002
0.049293771 -0.12809223 0.48100004
0.057901323 -0.12849168 0.48250002
0.06676773 -0.1292906 0.48550004
0.075545453 -0.12975663 0.48725003
0.084341355 -0.13015607 0.48875001
0.093094781 -0.13042238 0.48975003
0.10229845 -0.13122129 0.49275002
0.1127892 -0.13341831 0.50100005
0.12429696 -0.13641421 0.51225001
0.13483305 -0.13801205 0.51825005
0.1440521 -0.13814519 0.51875001
0.15328869 -0.13827835 0.51925004
0.16207369 -0.13801205 0.51825005
0 -0 0
0 -0 0
0 -0 0
0 -0 0
0 -0 0
0 -0 0
0 -0 0
0 -0 0
0 -0 0
0 -0 0
0 -0 0
0 -0 0
0 -0 0
0 -0 0
0 -0 0
0.30972919 -0.13907726 0.52225
0 -0 0
0 -0 0
0 -0 0
0 -0 0
0 -0 0
-0 -0 0
-0 -0 0
-0 -0 0
-0 -0 0
-0.32999924 -0.12966716 0.52100003
-0.3194851 -0.12910718 0.51875001
-0.29812989 -0.12400512 0.49825004
-0.27589571 -0.11821863 0.47500002
-0.26644668 -0.11772086 0.47300002
-0.25693128 -0.11716089 0.47075003
-0.24775884 -0.11672534 0.46900001
-0.23954153 -0.11672534 0.46900001
-0.23033777 -0.11622757 0.46700001
-0.22156087 -0.11591648 0.46575001
-0.21328598 -0.11585426 0.46550003
-0.2047995 -0.1156676 0.46475002
-0.19602194 -0.11529427 0.46325001
-0.18749978 -0.11504539 0.46225002
-0.17901263 -0.1147965 0.46125001
-0.17102376 -0.11485873 0.46150002
-0.16293786 -0.11485873 0.46150002
-0.1546842 -0.11473429 0.46100003
-0.14620955 -0.11442319 0.45975003
-0.13807918 -0.11436097 0.45950001
-0.13016982 -0.11448541 0.46000001
-0.12197749 -0.11436097 0.45950001
-0.11386465 -0.11429875 0.45925003
-0.10576057 -0.11423653 0.45900002
-0.097452365 -0.11392543 0.45775002
-0.089432172 -0.11392543 0.45775002
-0.081545375 -0.11411209 0.45850003
-0.073552117 -0.11417431 0.45875001
-0.065550119 -0.11423653 0.45900002
-0.057539344 -0.11429875 0.45925003
-0.049627587 -0.11460985 0.46050003
-0.041604336 -0.11473429 0.46100003
-0.033563565 -0.11485873 0.46150002
-0.025519077 -0.11504539 0.46225002
-0.017448308 -0.11523205 0.46300003
-0.0093562957 -0.11548093 0.46400002
-0.0012285822 -0.1156676 0.46475002
0.0069254125 -0.11585426 0.46550003
0.015154285 -0.11641423 0.46775001
0.023424564 -0.11678756 0.46925002
0.031814843 -0.11740977 0.47175002
0.04020777 -0.11778308 0.47325003
0.048704498 -0.11828085 0.47525004
0.057301309 -0.11884083 0.47750002
0.06597697 -0.11940081 0.47975004
0.074770227 -0.12002302 0.48225003
0.083478533 -0.12039634 0.48375002
0.092429474 -0.12101854 0.48625001
0.10120852 -0.12132964 0.48750001
0.11008766 -0.12170297 0.48900002
0.1195653 -0.12263627 0.49275002
0.13047521 -0.12481398 0.50150001
0.14252482 -0.12773834 0.51325005
0.15328869 -0.12923163 0.51925004
0.16199549 -0.12892053 0.51800001
0.17107131 -0.12892053 0.51800001
0.18006019 -0.1288583 0.51775002
0 -0 0
0 -0 0
0 -0 0
0 -0 0
0 -0 0
0 -0 0
0.24179621 -0.12792499 0.514
0 -0 0
0 -0 0
0 -0 0
0 -0 0
0 -0 0
0 -0 0
0 -0 0
0 -0 0
0 -0 0
0 -0 0
0 -0 0
0 -0 0
-0 -0 0
-0 -0 0
-0 -0 0
-0 -0 0
-0 -0 0
-0.31902319 -0.11989558 0.51800001
-0.30635726 -0.11850683 0.51200002
-0.27850947 -0.11098442 0.47950003
-0.26616502 -0.10936421 0.47250003
-0.25720417 -0.10907489 0.47125003
-0.24709849 -0.10826478 0.46775001
-0.23852003 -0.10809118 0.46700001
-0.22972123 -0.10780186 0.46575001
-0.22096623 -0.10751254 0.46450001
-0.21248417 -0.10733895 0.46375003
-0.20380801 -0.10704963 0.46250004
-0.19538723 -0.10687603 0.46175003
-0.18689133 -0.10664457 0.46075001
-0.17833345 -0.10635524 0.45950001
-0.17028259 -0.10635524 0.45950001
-0.16214348 -0.10629739 0.45925003
-0.15409702 -0.10629739 0.45925003
-0.14581202 -0.10612379 0.45850003
-0.13770355 -0.10606592 0.45825002
-0.12953313 -0.10595019 0.45775002
-0.12144657 -0.10589233 0.45750001
-0.11330679 -0.1057766 0.45700002
-0.10529974 -0.1057766 0.45700002
-0.097399138 -0.10589233 0.45750001
-0.089236803 -0.10571874 0.45675004
-0.081234135 -0.10571874 0.45675004
-0.073231459 -0.10571874 0.45675004
-0.06522879 -0.10571874 0.45675004
-0.057288762 -0.10583447 0.45725003
-0.049331222 -0.10595019 0.45775002
-0.041333593 -0.10600806 0.45800003
-0.033418112 -0.10635524 0.45950001
-0.025408665 -0.10652884 0.46025002
-0.017363515 -0.10664457 0.46075001
-0.0092907613 -0.10664457 0.46075001
-0.0012226343 -0.10704963 0.46250004
0.0068882192 -0.10716535 0.46300003
0.014992294 -0.10710749 0.46275002
0.023249846 -0.10780186 0.46575001
0.031511363 -0.10814905 0.46725002
0.039825447 -0.10849624 0.46875003
0.04821771 -0.10890129 0.47050002
0.056641296 -0.10924848 0.47200003
0.065289348 -0.10988499 0.47475001
0.073839962 -0.11023218 0.47625002
0.082615703 -0.11081082 0.47875002
0.091526568 -0.11144734 0.48150003
0.1005857 -0.11214171 0.48450002
0.10924342 -0.1123153 0.48525003
0.11804875 -0.11260463 0.48650002
0.12689787 -0.11289395 0.48775002
0.13648504 -0.11376192 0.49150002
0.14893432 -0.11677089 0.50450003
0.16066638 -0.11891188 0.51375002
0.17123644 -0.12001131 0.51850003
0.18023409 -0.11995345 0.51825005
0.18931431 -0.11995345 0.51825005
0.1987773 -0.12018491 0.51925004
0 -0 0
0 -0 0
0 -0 0
0 -0 0
0 -0 0
0 -0 0
0 -0 0
0 -0 0
0 -0 0
0 -0 0
0 -0 0
0 -0 0
0 -0 0
0 -0 0
0 -0 0
0 -0 0
0 -0 0
-0 -0 0
-0 -0 0
-0 -0 0
-0 -0 0
-0 -0 0
-0 -0 0
-0.30815232 -0.11022854 0.51500005
-0.28707677 -0.10578728 0.49425003
-0.26489756 -0.10065041 0.47025001
-0.25488454 -0.099954799 0.46700001
-0.24617402 -0.099740766 0.46600002
-0.23788159 -0.099687256 0.46575001
-0.22935133 -0.099526733 0.46500003
-0.2203716 -0.09915217 0.46325001
-0.21168232 -0.09888462 0.46200001
-0.20325716 -0.098724097 0.46125001
-0.19464672 -0.098456547 0.46000001
-0.18638431 -0.098349534 0.45950001
-0.17804237 -0.098189004 0.45875001
-0.16972673 -0.098028481 0.45800003
-0.16161388 -0.097974971 0.45775002
-0.1535937 -0.097974971 0.45775002
-0.1454145 -0.097867958 0.45725003
-0.13702744 -0.097600408 0.45600003
-0.12889643 -0.097493395 0.45550004
-0.12078293 -0.097386368 0.45500001
-0.11274894 -0.097332865 0.45475003
-0.1046661 -0.097225845 0.45425001
-0.096813686 -0.097332865 0.45475003
-0.08869952 -0.097172335 0.45400003
-0.080833964 -0.097279355 0.45450002
-0.072910793 -0.097332865 0.45475003
-0.064978868 -0.097386368 0.45500001
-0.057069506 -0.097493395 0.45550004
-0.049088743 -0.097493395 0.45550004
-0.041153096 -0.097600408 0.45600003
-0.033218112 -0.097760938 0.45675004
-0.025215443 -0.097760938 0.45675004
-0.017231617 -0.097867958 0.45725003
-0.0092605148 -0.098296024 0.45925003
-0.0012147037 -0.098349534 0.45950001
0.0068398677 -0.098403044 0.45975003
0.014935598 -0.098670587 0.46100003
0.02307513 -0.098938137 0.46225002
0.031309046 -0.099366203 0.46425003
0.0394856 -0.099473223 0.46475002
0.04778216 -0.099794276 0.46625003
0.056221284 -0.10027586 0.46850002
0.064739257 -0.10075744 0.47075003
0.07337483 -0.10129253 0.47325003
0.08179602 -0.10145306 0.47400004
0.090718701 -0.10214867 0.47725001
0.099703372 -0.10279078 0.48025003
0.10862432 -0.10327236 0.48250002
0.11738146 -0.10353991 0.48375002
0.12624745 -0.10386096 0.48525003
0.13544369 -0.10439605 0.48775002
0.14421092 -0.10455658 0.48850003
0.15370809 -0.10519868 0.49150002
0.16628264 -0.10776712 0.50350004
0.1794516 -0.11044257 0.51600003
0.18940562 -0.11097766 0.51850003
0.19810738 -0.11076362 0.51750004
0.20717445 -0.11076362 0.51750004
0.21707723 -0.11119169 0.51950002
0 -0 0
0 -0 0
0 -0 0
0 -0 0
0 -0 0
0.26057649 -0.10664343 0.49825004
0 -0 0
0 -0 0
0 -0 0
0 -0 0
0 -0 0
0 -0 0
0 -0 0
0 -0 0
0 -0 0
-0 -0 0
-0 -0 0
-0 -0 0
-0 -0 0
-0 -0 0
-0 -0 0
-0.30785313 -0.10115755 0.51450002
-0.29462758 -0.099732094 0.50725001
-0.26672831 -0.093096398 0.47350001
-0.25474811 -0.091769263 0.46675003
-0.24617402 -0.091621801 0.46600002
-0.23762622 -0.091474339 0.46525002
-0.22824155 -0.09098281 0.46275002
-0.21953912 -0.090737037 0.46150002
-0.21122414 -0.090638734 0.46100003
-0.20292668 -0.090540431 0.46050003
-0.19422358 -0.090245508 0.45900002
-0.18597868 -0.090147205 0.45850003
-0.17736319 -0.089852281 0.45700002
-0.1692635 -0.089803129 0.45675004
-0.16099602 -0.089655668 0.45600003
-0.15300651 -0.089655668 0.45600003
-0.14469895 -0.089459054 0.45500001
-0.13657668 -0.089360744 0.45450002
-0.12854271 -0.089311592 0.45425001
-0.12038475 -0.089164138 0.45350003
-0.11237703 -0.089114979 0.45325002
-0.10443568 -0.089114979 0.45325002
-0.096441112 -0.089065827 0.45300001
-0.088455305 -0.089016676 0.45275003
-0.080433801 -0.088918373 0.45225003
-0.072550051 -0.088967517 0.45250002
-0.064621843 -0.088967517 0.45250002
-0.056693636 -0.088967517 0.45250002
-0.048738491 -0.088918373 0.45225003
-0.040904913 -0.089114979 0.45325002
-0.032963566 -0.089114979 0.45325002
-0.025063626 -0.089262441 0.45400003
-0.017109139 -0.089262441 0.45400003
-0.0091798576 -0.089508206 0.45525002
-0.0012087558 -0.089901432 0.45725003
0.0068175513 -0.090098046 0.45825002
0.014846502 -0.090098046 0.45825002
0.022925373 -0.090294667 0.45925003
0.031056143 -0.090540431 0.46050003
0.039251957 -0.090835348 0.46200001
0.047474716 -0.091081113 0.46325001
0.055711277 -0.091277726 0.46425003
0.06408602 -0.091621801 0.46600002
0.072560839 -0.092015028 0.46800002
0.081105754 -0.092408255 0.47000003
0.089910835 -0.092998095 0.47300002
0.098613426 -0.093391322 0.47500002
0.10721727 -0.093637086 0.47625002
0.11647153 -0.094374388 0.48000002
0.12546694 -0.094816767 0.48225003
0.13433293 -0.095111683 0.48375002
0.1434729 -0.095554069 0.48600003
0.15230079 -0.095750682 0.48700002
0.16099858 -0.095848985 0.48750001
0.17180055 -0.097126976 0.49400002
0.18584399 -0.10002702 0.50875002
0.19753316 -0.10145247 0.51600003
0.20717445 -0.10174739 0.51750004
0.21634598 -0.10179654 0.51775002
0.22585279 -0.10199315 0.51875001
0.23664014 -0.10273045 0.52250004
0 -0 0
0 -0 0
0 -0 0
0 -0 0
0 -0 0
0 -0 0
0 -0 0
0 -0 0
0 -0 0
0 -0 0
0 -0 0
0 -0 0
0 -0 0
-0 -0 0
-0 -0 0
-0 -0 0
-0 -0 0
-0 -0 0
-0 -0 0
-0.30665645 -0.091835208 0.51250005
-0.29622489 -0.091387235 0.51000005
-0.27658629 -0.08798261 0.49100003
-0.25529391 -0.083816424 0.46775001
-0.2459099 -0.083413243 0.46550003
-0.23647705 -0.08296527 0.46300003
-0.22762501 -0.082696483 0.46150002
-0.21894449 -0.082472496 0.46025002
-0.21019322 -0.082203709 0.45875001
-0.20226566 -0.082248509 0.45900002
-0.19390622 -0.082114115 0.45825002
-0.18506603 -0.081755728 0.45625001
-0.17668401 -0.081576541 0.45525002
-0.16870762 -0.081576541 0.45525002
-0.16055471 -0.081486948 0.45475003
-0.1524193 -0.081397347 0.45425001
-0.14406291 -0.08117336 0.45300001
-0.13605082 -0.081128567 0.45275003
-0.1280475 -0.081083767 0.45250002
-0.11998656 -0.080994174 0.45200002
-0.1121291 -0.081038974 0.45225003
-0.10409006 -0.080949374 0.45175001
-0.096068554 -0.08085978 0.45125002
-0.088064559 -0.08077018 0.45075002
-0.080122553 -0.080725387 0.45050001
-0.072229385 -0.080725387 0.45050001
-0.064264819 -0.080635786 0.45000002
-0.05638041 -0.080635786 0.45000002
-0.048522953 -0.080680586 0.45025003
-0.040701855 -0.08081498 0.45100003
-0.032854475 -0.080949374 0.45175001
-0.024953213 -0.080994174 0.45200002
-0.01704319 -0.081038974 0.45225003
-0.0091496101 -0.081307754 0.45375001
-0.001202147 -0.081486948 0.45475003
0.0067729196 -0.081576541 0.45525002
0.014765507 -0.081666134 0.45575002
0.022788094 -0.081800528 0.45650002
0.030853823 -0.081979714 0.45750001
0.038954597 -0.082158908 0.45850003
0.047167271 -0.082472496 0.46025002
0.055351265 -0.082651682 0.46125001
0.063673444 -0.08296527 0.46300003
0.072056949 -0.08327885 0.46475002
0.080588058 -0.08368203 0.46700001
0.089007929 -0.083906025 0.46825004
0.097575396 -0.084219605 0.47000003
0.10637304 -0.084667578 0.47250003
0.11531895 -0.085160352 0.47525004
0.12429617 -0.085608333 0.47775003
0.13349986 -0.0861459 0.48075002
0.14251345 -0.086504288 0.48275003
0.15144077 -0.086773068 0.48425001
0.16050321 -0.087086655 0.48600003
0.16919225 -0.087176248 0.48650002
0.17853808 -0.087579422 0.48875001
0.18978111 -0.088833757 0.49575001
0.20417193 -0.091387235 0.51000005
0.21592812 -0.092596769 0.51675004
0.22552624 -0.092820749 0.51800001
0.23482853 -0.092910349 0.51850003
0.24179621 -0.092103988 0.514
0 -0 0
0 -0 0
0 -0 0
0 -0 0
0 -0 0
0 -0 0
0 -0 0
0 -0 0
0 -0 0
0 -0 0
0 -0 0
0 -0 0
-0 -0 0
-0 -0 0
-0 -0 0
-0 -0 0
-0 -0 0
-0 -0 0
-0.30695561 -0.082986966 0.51300001
-0.29651529 -0.082582548 0.51050001
-0.28292355 -0.081247963 0.50225002
-0.25856864 -0.076637574 0.47375003
-0.24498543 -0.075019896 0.46375003
-0.23571092 -0.074655913 0.46150002
-0.2273784 -0.074575037 0.46100003
-0.21870664 -0.074372821 0.45975003
-0.20962048 -0.074008845 0.45750001
-0.20149451 -0.073968403 0.45725003
-0.1932715 -0.07388752 0.45675004
-0.1846604 -0.073644869 0.45525002
-0.17619888 -0.07344266 0.45400003
-0.16805911 -0.073361777 0.45350003
-0.16020164 -0.073402211 0.45375001
-0.151916 -0.073240452 0.45275003
-0.14358589 -0.073038235 0.45150003
-0.13560006 -0.072997794 0.45125002
-0.12755229 -0.07291691 0.45075002
-0.11958837 -0.072876468 0.45050001
-0.11181918 -0.072957352 0.45100003
-0.10368683 -0.072795585 0.45000002
-0.095589541 -0.072633818 0.44900003
-0.087820344 -0.072714701 0.44950002
-0.0799447 -0.072714701 0.44950002
-0.071948804 -0.072593376 0.44875002
-0.063979194 -0.072472051 0.44800001
-0.056129832 -0.072472051 0.44800001
-0.048415184 -0.07267426 0.44925001
-0.040589046 -0.072755143 0.44975004
-0.032709021 -0.072755143 0.44975004
-0.024842801 -0.072795585 0.45000002
-0.016939556 -0.072714701 0.44950002
-0.0090941591 -0.072957352 0.45100003
-0.0011922338 -0.072957352 0.45100003
0.0067245681 -0.073119119 0.45200002
0.014644013 -0.073119119 0.45200002
0.022663297 -0.07344266 0.45400003
0.030702084 -0.073644869 0.45525002
0.038699713 -0.073685311 0.45550004
0.046808586 -0.07388752 0.45675004
0.054991256 -0.07413017 0.45825002
0.063295253 -0.074453704 0.46025002
0.071746856 -0.074858129 0.46275002
0.079940937 -0.074939013 0.46325001
0.088390142 -0.075222105 0.46500003
0.096952565 -0.075545639 0.46700001
0.10552881 -0.075828739 0.46875003
0.11440901 -0.076273598 0.47150001
0.12319045 -0.076597132 0.47350001
0.1321114 -0.076961115 0.47575003
0.14148021 -0.0775273 0.47925001
0.15065894 -0.077931717 0.48175001
0.15934731 -0.078053042 0.48250002
0.16832282 -0.0782957 0.48400003
0.17753352 -0.078619234 0.48600003
0.18604867 -0.078619234 0.48600003
0.19556467 -0.079023652 0.48850003
0.20830221 -0.080641329 0.49850002
0.22215207 -0.082542107 0.51025003
0.23426239 -0.083674476 0.51725
0.24273707 -0.083472274 0.51600003
0.25202182 -0.08355315 0.5165
0.26132411 -0.083634041 0.51700002
0 -0 0
0 -0 0
0 -0 0
0 -0 0
0 -0 0
0 -0 0
0 -0 0
0 -0 0
0 -0 0
0 -0 0
-0 -0 0
-0 -0 0
-0 -0 0
-0 -0 0
-0 -0 0
-0 -0 0
-0 -0 0
-0.29520842 -0.07336349 0.50825
-0.28559929 -0.07318306 0.50700003
-0.26661909 -0.070512675 0.48850003
-0.24472128 -0.066867955 0.46325001
-0.23532785 -0.066507094 0.46075001
-0.22676186 -0.066362746 0.45975003
-0.21775521 -0.066074058 0.45775002
-0.20916229 -0.065893628 0.45650002
-0.20105384 -0.065857537 0.45625001
-0.19284835 -0.065785363 0.45575002
-0.18425478 -0.065568849 0.45425001
-0.17571376 -0.065352328 0.45275003
-0.16750322 -0.065244071 0.45200002
-0.1594955 -0.065207981 0.45175001
-0.1513288 -0.065099731 0.45100003
-0.14326786 -0.06502755 0.45050001
-0.13529958 -0.064991467 0.45025003
-0.12712781 -0.064847119 0.44925001
-0.11912382 -0.064774945 0.44875002
-0.11119933 -0.064738862 0.44850001
-0.10316841 -0.064630605 0.44775003
-0.095216975 -0.064558432 0.44725001
-0.087380752 -0.064558432 0.44725001
-0.079544529 -0.064558432 0.44725001
-0.071588062 -0.064450175 0.44650003
-0.063729279 -0.064414084 0.44625002
-0.055973221 -0.064486258 0.44675002
-0.048172705 -0.064522348 0.44700003
-0.040385988 -0.064594515 0.44750002
-0.032563567 -0.064630605 0.44775003
-0.024718586 -0.064630605 0.44775003
-0.016873606 -0.064630605 0.44775003
-0.0090387063 -0.064702779 0.44825003
-0.0011876074 -0.064847119 0.44925001
0.006691094 -0.064919293 0.44975004
0.014587317 -0.064991467 0.45025003
0.0225385 -0.065171897 0.45150003
0.030516623 -0.065316245 0.45250002
0.038551029 -0.065496676 0.45375001
0.046577998 -0.065604933 0.45450002
0.054811254 -0.065929711 0.45675004
0.062917069 -0.066037968 0.45750001
0.071165442 -0.066254489 0.45900002
0.079380102 -0.066398829 0.46000001
0.087724842 -0.066615351 0.46150002
0.09643355 -0.067048386 0.46450001
0.10468458 -0.06712056 0.46500003
0.11343842 -0.067481421 0.46750003
0.12221481 -0.067806199 0.46975002
0.13107006 -0.068130977 0.47200003
0.13970895 -0.068311408 0.47325003
0.1490171 -0.068780534 0.47650003
0.15769604 -0.068924874 0.47750002
0.16719255 -0.069394 0.48075002
0.17616367 -0.069610521 0.48225003
0.18499592 -0.069754861 0.48325002
0.19406341 -0.069971383 0.48475003
0.20307899 -0.070151813 0.48600003
0.21279141 -0.070548758 0.48875001
0.22599699 -0.072028302 0.49900001
0.24097298 -0.073940873 0.51225001
0.25214383 -0.07459043 0.51675004
0.26145047 -0.074662596 0.51725
0.2703824 -0.074626513 0.51700002
0.27876508 -0.07444609 0.51575005
0 -0 0
0 -0 0
0 -0 0
0 -0 0
0 -0 0
0 -0 0
0 -0 0
0 -0 0
-0 -0 0
-0 -0 0
-0 -0 0
-0 -0 0
-0 -0 0
-0 -0 0
-0 -0 0
-0 -0 0
-0.285036 -0.06422285 0.50600004
-0.27221343 -0.063302658 0.49875003
-0.24802299 -0.059590176 0.46950004
-0.23520017 -0.058447871 0.46050003
-0.22589873 -0.058130566 0.45800003
-0.2168038 -0.057844989 0.45575002
-0.20870411 -0.057813261 0.45550004
-0.20061317 -0.057781529 0.45525002
-0.19231942 -0.057686333 0.45450002
-0.18384916 -0.05752768 0.45325002
-0.17542268 -0.057369027 0.45200002
-0.16713265 -0.057242107 0.45100003
-0.15905418 -0.057178643 0.45050001
-0.15099326 -0.057115182 0.45000002
-0.14294985 -0.057051722 0.44950002
-0.13484882 -0.05695653 0.44875002
-0.12698632 -0.05695653 0.44875002
-0.11905745 -0.056924798 0.44850001
-0.11082743 -0.056734417 0.44700003
-0.10282278 -0.056639224 0.44625002
-0.094897635 -0.056575764 0.44575003
-0.087038845 -0.056544032 0.44550002
-0.079188831 -0.056512304 0.44525003
-0.071267396 -0.056417108 0.44450003
-0.063550763 -0.056480572 0.44500002
-0.055847932 -0.056575764 0.44575003
-0.04801105 -0.056544032 0.44550002
-0.04020549 -0.056544032 0.44550002
-0.032418113 -0.056575764 0.44575003
-0.024635777 -0.056639224 0.44625002
-0.016807657 -0.056607492 0.44600001
-0.0089983772 -0.056639224 0.44625002
-0.0011823204 -0.056766145 0.44725001
0.0066613392 -0.056829609 0.44775003
0.014538718 -0.05695653 0.44875002
0.022451142 -0.057083454 0.44975004
0.030364884 -0.057146914 0.45025003
0.03831739 -0.057242107 0.45100003
0.046373036 -0.057432488 0.45250002
0.054421246 -0.057559412 0.45350003
0.062642023 -0.057813261 0.45550004
0.070777826 -0.057940181 0.45650002
0.078948684 -0.058067102 0.45750001
0.087249622 -0.058257487 0.45900002
0.095551223 -0.058416139 0.46025002
0.10389663 -0.058574792 0.46150002
0.11252848 -0.058860369 0.46375003
0.12149934 -0.059272867 0.46700001
0.13030641 -0.059558444 0.46925002
0.1386757 -0.059621904 0.46975002
0.14776616 -0.059970941 0.47250003
0.15654016 -0.060161326 0.47400004
0.1657145 -0.060478635 0.47650003
0.17497645 -0.06079594 0.47900003
0.18403888 -0.061018053 0.48075002
0.19346289 -0.061335359 0.48325002
0.20234773 -0.061462279 0.48425001
0.21126761 -0.061589208 0.48525003
0.21988285 -0.06162094 0.48550004
0.23015332 -0.062096898 0.48925003
0.2447027 -0.063651696 0.50150001
0.2599341 -0.065269962 0.51425004
0.27064392 -0.065682463 0.51750004
0.27957579 -0.065650724 0.51725
0.28808048 -0.065523803 0.51625001
0.29741344 -0.065587267 0.51675004
0 -0 0
0 -0 0
0 -0 0
0 -0 0
0 -0 0
0 -0 0
-0 -0 0
-0 -0 0
-0 -0 0
-0 -0 0
-0 -0 0
-0 -0 0
-0 -0 0
-0 -0 0
-0.28165609 -0.054749973 0.5
-0.27248633 -0.054667849 0.49925002
-0.25713566 -0.053299103 0.48675004
-0.2348171 -0.050342605 0.45975003
-0.22577541 -0.050123602 0.45775002
-0.2168038 -0.049904604 0.45575002
-0.20858957 -0.049849853 0.45525002
-0.19984202 -0.049658228 0.45350003
-0.19179049 -0.049630854 0.45325002
-0.18354493 -0.049548727 0.45250002
-0.17503458 -0.049384478 0.45100003
-0.16666943 -0.049247604 0.44975004
-0.15843633 -0.049138103 0.44875002
-0.15032218 -0.049055979 0.44800001
-0.14231381 -0.049001228 0.44750002
-0.13409758 -0.048864353 0.44625002
-0.12620814 -0.048836976 0.44600001
-0.11839382 -0.048836976 0.44600001
-0.11039355 -0.048754856 0.44525003
-0.10236195 -0.048645355 0.44425002
-0.094525069 -0.048617981 0.44400004
-0.086648099 -0.048563227 0.44350001
-0.078877583 -0.048563227 0.44350001
-0.071026899 -0.048508476 0.44300002
-0.063372254 -0.048590604 0.44375002
-0.055628676 -0.048617981 0.44400004
-0.047795512 -0.048563227 0.44350001
-0.04007012 -0.048617981 0.44400004
-0.032272659 -0.048590604 0.44375002
-0.02447016 -0.048535854 0.44325003
-0.016732287 -0.048617981 0.44400004
-0.0089580482 -0.048645355 0.44425002
-0.0011757115 -0.048700102 0.44475001
0.0066353036 -0.048836976 0.44600001
0.014473922 -0.048919104 0.44675002
0.022351302 -0.049028605 0.44775003
0.030230002 -0.049083352 0.44825003
0.038083747 -0.049083352 0.44825003
0.046193693 -0.049357105 0.45075002
0.054151237 -0.049411852 0.45125002
0.062229447 -0.049548727 0.45250002
0.070273936 -0.049630854 0.45325002
0.078474134 -0.049795102 0.45475003
0.086631842 -0.049904604 0.45575002
0.094928406 -0.050068855 0.45725003
0.10372778 -0.050452102 0.46075001
0.11204319 -0.050561603 0.46175003
0.12032858 -0.050643731 0.46250004
0.12912624 -0.05091748 0.46500003
0.13793768 -0.051163852 0.46725002
0.14643705 -0.051273353 0.46825004
0.15546684 -0.051547103 0.47075003
0.16467118 -0.051848225 0.47350001
0.17333263 -0.051957726 0.47450003
0.18241191 -0.052176729 0.47650003
0.1915613 -0.052395724 0.47850001
0.20036291 -0.052505229 0.47950003
0.20974377 -0.052751601 0.48175001
0.21897705 -0.052943226 0.48350003
0.22815403 -0.053107474 0.48500001
0.23726159 -0.053244349 0.48625001
0.24742389 -0.053600226 0.48950002
0.26149169 -0.054749973 0.5
0.27862993 -0.056447223 0.51550001
0.28919655 -0.056748353 0.51825005
0.29813284 -0.056720972 0.51800001
0.30780178 -0.056830477 0.51900005
0.31597924 -0.056666225 0.51750004
0 -0 0
0 -0 0
0 -0 0
0 -0 0
-0 -0 0
-0 -0 0
-0 -0 0
-0 -0 0
-0 -0 0
-0 -0 0
-0 -0 0
-0 -0 0
-0.28109279 -0.045946565 0.49900001
-0.27112186 -0.04573939 0.49675003
-0.26136181 -0.045555234 0.49475002
-0.23647705 -0.042631783 0.46300003
-0.22540548 -0.042079318 0.45700002
-0.21656595 -0.041918185 0.45525002
-0.20767319 -0.041734029 0.45325002
-0.19929118 -0.041641951 0.45225003
-0.19126156 -0.041618932 0.45200002
-0.1829365 -0.041526854 0.45100003
-0.17445242 -0.041388739 0.44950002
-0.16620618 -0.041296661 0.44850001
-0.15790673 -0.041181564 0.44725001
-0.14981887 -0.041112509 0.44650003
-0.14183678 -0.041066468 0.44600001
-0.13379708 -0.040997412 0.44525003
-0.12592517 -0.04097439 0.44500002
-0.11792926 -0.04090533 0.44425002
-0.11002164 -0.040859293 0.44375002
-0.10213154 -0.040813256 0.44325003
-0.094258949 -0.040767215 0.44275001
-0.086403884 -0.040721178 0.44225001
-0.078655265 -0.040721178 0.44225001
-0.070786402 -0.040652119 0.44150001
-0.063122332 -0.040698159 0.44200003
-0.055378094 -0.040698159 0.44200003
-0.047579974 -0.040652119 0.44150001
-0.039844498 -0.040652119 0.44150001
-0.032109022 -0.040652119 0.44150001
-0.024387348 -0.040675141 0.44175002
-0.016666336 -0.040721178 0.44225001
-0.0089227613 -0.040744197 0.44250003
-0.0011710854 -0.040790237 0.44300002
0.0065981103 -0.040836275 0.44350001
0.014384828 -0.040882315 0.44400004
0.022201544 -0.040951371 0.44475001
0.030078262 -0.041066468 0.44600001
0.037913825 -0.041089486 0.44625002
0.045783766 -0.041135523 0.44675002
0.053881235 -0.041342702 0.44900003
0.06188564 -0.041434776 0.45000002
0.069925085 -0.041526854 0.45100003
0.078085862 -0.041664969 0.45250002
0.086346716 -0.041826103 0.45425001
0.094565094 -0.041941203 0.45550004
0.10282727 -0.0420563 0.45675004
0.11149722 -0.042309511 0.45950001
0.11987329 -0.042424608 0.46075001
0.12829316 -0.042539705 0.46200001
0.13675682 -0.042654801 0.46325001
0.14557704 -0.042861976 0.46550003
0.15414582 -0.042977072 0.46675003
0.16301925 -0.043161228 0.46875003
0.1716888 -0.043276325 0.47000003
0.18097635 -0.043529533 0.47275001
0.19016011 -0.043736707 0.47500002
0.1989004 -0.043828785 0.47600001
0.20832878 -0.044058979 0.47850001
0.21795802 -0.04431219 0.48125002
0.22697797 -0.044427287 0.48250002
0.2362857 -0.044588424 0.48425001
0.24527568 -0.044680502 0.48525003
0.25443143 -0.044795599 0.48650002
0.26714423 -0.045509197 0.49425003
0.28612739 -0.047212627 0.51275003
0.29813284 -0.047696032 0.51800001
0.30795002 -0.047811128 0.51925004
0.31704774 -0.047811128 0.51925004
0.3250463 -0.047649994 0.51750004
0.3336291 -0.047580935 0.51675004
0 -0 0
0 -0 0
-0 -0 0
-0 -0 0
-0 -0 0
-0 -0 0
-0 -0 0
-0 -0 0
-0 -0 0
-0 -0 0
-0 -0 0
-0 -0 0
-0 -0 0
-0 -0 0
-0.22454233 -0.033986513 0.45525002
-0.21609023 -0.033911858 0.45425001
-0.20710047 -0.033743884 0.45200002
-0.19863018 -0.033650566 0.45075002
-0.19073263 -0.033650566 0.45075002
-0.18253088 -0.033594575 0.45000002
-0.17406431 -0.033482593 0.44850001
-0.1658356 -0.033407938 0.44750002
-0.15764195 -0.033333287 0.44650003
-0.14956722 -0.033277296 0.44575003
-0.14159827 -0.033239968 0.44525003
-0.1335717 -0.033183977 0.44450003
-0.12550069 -0.033109318 0.44350001
-0.11766382 -0.033090658 0.44325003
-0.1097737 -0.033053327 0.44275001
-0.10184351 -0.03299734 0.44200003
-0.094046056 -0.032978676 0.44175002
-0.086257353 -0.032960009 0.44150001
-0.078432955 -0.032922685 0.44100001
-0.070585988 -0.032866694 0.44025001
-0.06287241 -0.032866694 0.44025001
-0.055158835 -0.032866694 0.44025001
-0.047445264 -0.032866694 0.44025001
-0.039709128 -0.03284803 0.44000003
-0.032018114 -0.032866694 0.44025001
-0.024332143 -0.032904021 0.44075003
-0.01661923 -0.032922685 0.44100001
-0.0088975551 -0.032941349 0.44125003
-0.0011664593 -0.032941349 0.44125003
0.0065720752 -0.032978676 0.44175002
0.01432813 -0.033016004 0.44225001
0.022114186 -0.033071995 0.44300002
0.029926524 -0.033127986 0.44375002
0.037786379 -0.033202637 0.44475001
0.045630045 -0.033239968 0.44525003
0.053491224 -0.033277296 0.44575003
0.061473068 -0.033370614 0.44700003
0.069576234 -0.033501256 0.44875002
0.077654444 -0.033594575 0.45000002
0.085728936 -0.03366923 0.45100003
0.094097972 -0.033837203 0.45325002
0.10232073 -0.033930521 0.45450002
0.11052663 -0.034005176 0.45550004
0.1192879 -0.034229141 0.45850003
0.12759893 -0.034303796 0.45950001
0.13587119 -0.034359787 0.46025002
0.14448246 -0.034490429 0.46200001
0.15315506 -0.034621079 0.46375003
0.16214982 -0.034807716 0.46625003
0.17077556 -0.03490103 0.46750003
0.17944509 -0.034994349 0.46875003
0.18865885 -0.035180986 0.47125003
0.1980647 -0.035386287 0.47400004
0.20691381 -0.035479605 0.47525004
0.21591997 -0.035591587 0.47675002
0.22556672 -0.035796888 0.47950003
0.23506585 -0.035964858 0.48175001
0.24388565 -0.036020849 0.48250002
0.25299323 -0.036114167 0.48375002
0.26227969 -0.03622615 0.48525003
0.27106071 -0.036263477 0.48575002
0.28417587 -0.036860716 0.49375004
0.30320549 -0.038167171 0.51125002
0.3165898 -0.038708419 0.51850003
0.32520333 -0.038652427 0.51775002
0.33346769 -0.038559105 0.5165
0.34367776 -0.038689755 0.51825005
0 -0 0
-0 -0 0
-0 -0 0
-0 -0 0
-0 -0 0
-0 -0 0
-0 -0 0
-0 -0 0
-0 -0 0
-0 -0 0
-0 -0 0
-0 -0 0
-0 -0 0
-0.2239258 -0.025983302 0.45400003
-0.21561453 -0.025940377 0.45325002
-0.20710047 -0.025868839 0.45200002
-0.19796917 -0.025711451 0.44925001
-0.19009791 -0.025711451 0.44925001
-0.18202384 -0.025682835 0.44875002
-0.17367621 -0.025611294 0.44750002
-0.16555767 -0.02556837 0.44675002
-0.15737714 -0.025511138 0.44575003
-0.14923167 -0.025453907 0.44475001
-0.14120074 -0.025410984 0.44400004
-0.13319609 -0.025368059 0.44325003
-0.12528846 -0.025339441 0.44275001
-0.11733199 -0.025296519 0.44200003
-0.1094018 -0.025253596 0.44125003
-0.1015555 -0.02522498 0.44075003
-0.093779936 -0.025210671 0.44050002
-0.086061984 -0.025210671 0.44050002
-0.07829956 -0.025196362 0.44025001
-0.070425652 -0.025139131 0.43925002
-0.062729605 -0.025139131 0.43925002
-0.055002224 -0.025124822 0.43900001
-0.047283612 -0.025110515 0.43875003
-0.039573755 -0.025096206 0.43850002
-0.031890839 -0.025096206 0.43850002
-0.024235532 -0.025124822 0.43900001
-0.016562702 -0.025153439 0.43950003
-0.0088673085 -0.025167746 0.43975002
-0.001162494 -0.025167746 0.43975002
0.0065386011 -0.025153439 0.43950003
0.014263333 -0.025196362 0.44025001
0.022039307 -0.025267903 0.44150001
0.029808503 -0.025296519 0.44200003
0.037573978 -0.025310826 0.44225001
0.04542508 -0.025368059 0.44325003
0.053251218 -0.025396675 0.44375002
0.061129261 -0.0254396 0.44450003
0.069188625 -0.025539754 0.44625002
0.077309318 -0.02563991 0.44800001
0.085396282 -0.025711451 0.44925001
0.093527049 -0.025782989 0.45050001
0.10158907 -0.025825914 0.45125002
0.10998067 -0.025940377 0.45325002
0.11844235 -0.026054842 0.45525002
0.12697412 -0.026169306 0.45725003
0.13542837 -0.026255153 0.45875001
0.143857 -0.026326694 0.46000001
0.15257712 -0.026441157 0.46200001
0.1609326 -0.026484082 0.46275002
0.16949703 -0.026555622 0.46400002
0.17858374 -0.026698701 0.46650001
0.18735775 -0.02678455 0.46800002
0.19628879 -0.026884705 0.46975002
0.20549883 -0.027013477 0.47200003
0.2146745 -0.027127942 0.47400004
0.22427306 -0.027285328 0.47675002
0.23335807 -0.027371177 0.47825003
0.24274836 -0.027485641 0.48025003
0.25194725 -0.027571488 0.48175001
0.2607933 -0.027614413 0.48250002
0.27008417 -0.02770026 0.48400003
0.27913982 -0.027757492 0.48500001
0.290158 -0.028000729 0.48925003
0.30361483 -0.028458584 0.49725002
0.32379007 -0.029503066 0.51550001
0.33475897 -0.029674763 0.51850003
0.34384355 -0.029674763 0.51850003
0.35173696 -0.029574607 0.51675004
-0 -0 0
-0 -0 0
-0 -0 0
-0 -0 0
-0 -0 0
-0 -0 0
-0 -0 0
-0 -0 0
-0 -0 0
-0 -0 0
-0 -0 0
-0 -0 0
-0 -0 0
-0.22025268 -0.018431691 0.46300003
-0.20813137 -0.01808336 0.45425001
-0.19829968 -0.01791417 0.45000002
-0.19009791 -0.017884314 0.44925001
-0.18192244 -0.017854458 0.44850001
-0.17357919 -0.017804695 0.44725001
-0.16537237 -0.017764887 0.44625002
-0.15728888 -0.017735029 0.44550002
-0.14914779 -0.01769522 0.44450003
-0.14104173 -0.017655412 0.44350001
-0.13312095 -0.017635506 0.44300002
-0.12514697 -0.017605649 0.44225001
-0.11713289 -0.017565841 0.44125003
-0.10921584 -0.017535983 0.44050002
-0.10132508 -0.017506126 0.43975002
-0.093567051 -0.017496174 0.43950003
-0.085720077 -0.017466318 0.43875003
-0.077899396 -0.01743646 0.43800002
-0.070225239 -0.01743646 0.43800002
-0.062586792 -0.017446414 0.43825004
-0.054876935 -0.01743646 0.43800002
-0.047148902 -0.017416555 0.43750003
-0.039483506 -0.017416555 0.43750003
-0.031818114 -0.017416555 0.43750003
-0.024166524 -0.017426508 0.43775001
-0.016496753 -0.017426508 0.43775001
-0.0088219391 -0.017416555 0.43750003
-0.0011558851 -0.017406603 0.43725002
0.0065162848 -0.01743646 0.43800002
0.014206637 -0.017456364 0.43850002
0.02192699 -0.017486222 0.43925002
0.029724203 -0.017545937 0.44075003
0.037425298 -0.017535983 0.44050002
0.045220114 -0.017565841 0.44125003
0.053011212 -0.017585745 0.44175002
0.060854211 -0.017615601 0.44250003
0.068878531 -0.017685268 0.44425002
0.076964185 -0.017754935 0.44600001
0.085111156 -0.017824601 0.44775003
0.093111835 -0.017854458 0.44850001
0.10102624 -0.01786441 0.44875002
0.10937405 -0.017944029 0.45075002
0.11779193 -0.018023647 0.45275003
0.12593278 -0.018053504 0.45350003
0.13491175 -0.018192837 0.45700002
0.14315335 -0.018222693 0.45775002
0.15191661 -0.018312264 0.46000001
0.16023706 -0.018342121 0.46075001
0.16849245 -0.018362025 0.46125001
0.1773396 -0.018441644 0.46325001
0.18675725 -0.018571025 0.46650001
0.19576646 -0.018650644 0.46850002
0.20397499 -0.018650644 0.46850002
0.21365547 -0.018780023 0.47175002
0.22239137 -0.018819831 0.47275001
0.23128432 -0.018869594 0.47400004
0.24072652 -0.018959165 0.47625002
0.24998605 -0.019028831 0.47800002
0.25944203 -0.01910845 0.48000002
0.2688286 -0.019178115 0.48175001
0.27870816 -0.019277638 0.48425001
0.28808227 -0.019337352 0.48575002
0.2961351 -0.019307496 0.48500001
0.30730224 -0.019476686 0.48925003
0.3247517 -0.020024063 0.50300002
0.34351197 -0.020621201 0.51800001
0.35275799 -0.020631155 0.51825005
-0 -0 0
-0 -0 0
-0 -0 0
-0 -0 0
-0 -0 0
-0 -0 0
-0 -0 0
-0 -0 0
-0 -0 0
-0 -0 0
-0 -0 0
-0 -0 0
-0 -0 0
-0.23012361 -0.010829518 0.48375002
-0.21637873 -0.010572072 0.47225001
-0.20094368 -0.01020829 0.45600003
-0.19052106 -0.010079567 0.45025003
-0.18222666 -0.01005718 0.44925001
-0.17387027 -0.010029197 0.44800001
-0.16565032 -0.010006811 0.44700003
-0.15755367 -0.0099900207 0.44625002
-0.14939944 -0.0099676345 0.44525003
-0.14112122 -0.0099340538 0.44375002
-0.13312095 -0.0099172639 0.44300002
-0.12514697 -0.009900474 0.44225001
-0.11713289 -0.0098780878 0.44125003
-0.10915386 -0.0098557007 0.44025001
-0.10138269 -0.0098501043 0.44000003
-0.093513824 -0.0098333145 0.43925002
-0.085671231 -0.0098165246 0.43850002
-0.077810474 -0.0097941374 0.43750003
-0.070104994 -0.0097885411 0.43725002
-0.06240828 -0.0097829439 0.43700001
-0.054720324 -0.0097773476 0.43675002
-0.047014188 -0.0097661549 0.43625003
-0.039370697 -0.0097661549 0.43625003
-0.031727206 -0.0097661549 0.43625003
-0.024083715 -0.0097661549 0.43625003
-0.016449645 -0.0097717512 0.43650001
-0.0087916916 -0.0097605577 0.43600002
-0.0011512589 -0.009749365 0.43550003
0.0064902497 -0.0097661549 0.43625003
0.014166139 -0.0097885411 0.43725002
0.021839632 -0.0097941374 0.43750003
0.029555604 -0.0098109283 0.43825004
0.037297856 -0.0098277172 0.43900001
0.045040771 -0.0098389108 0.43950003
0.052831206 -0.0098557007 0.44025001
0.060613547 -0.0098668942 0.44075003
0.068452157 -0.0098836841 0.44150001
0.076532774 -0.0099284574 0.44350001
0.084588416 -0.0099620372 0.44500002
0.092696629 -0.009995617 0.44650003
0.10063227 -0.010006811 0.44700003
0.10870676 -0.010029197 0.44800001
0.1171415 -0.010079567 0.45025003
0.12544683 -0.010113146 0.45175001
0.13395232 -0.010157919 0.45375001
0.14213698 -0.010174709 0.45450002
0.15076073 -0.010219483 0.45650002
0.15945457 -0.010264256 0.45850003
0.16776188 -0.010281047 0.45925003
0.17647827 -0.010320223 0.46100003
0.18495573 -0.010342609 0.46200001
0.19430397 -0.01040977 0.46500003
0.2027777 -0.010426559 0.46575001
0.21161743 -0.010460139 0.46725002
0.22062729 -0.010499315 0.46900001
0.2288446 -0.010499315 0.46900001
0.23946285 -0.010605652 0.47375003
0.2489401 -0.010656022 0.47600001
0.25809076 -0.010689601 0.47750002
0.26771256 -0.010739972 0.47975004
0.27654988 -0.010756761 0.48050001
0.28630307 -0.010807131 0.48275003
0.29537186 -0.010829518 0.48375002
0.30478978 -0.010863098 0.48525003
0.3139374 -0.010885485 0.48625001
0.32461217 -0.01095824 0.48950002
0.34833363 -0.011456343 0.51175004
-0 -0 0
-0 -0 0
-0 -0 0
-0 -0 0
-0 -0 0
-0 -0 0
-0 -0 0
-0 -0 0
-0 -0 0
-0 -0 0
-0 -0 0
-0 -0 0
-0 -0 0
-0.23036146 -0.0024037831 0.48425001
-0.22187698 -0.0024037831 0.48425001
-0.21085866 -0.0023752404 0.47850001
-0.19676246 -0.0023082276 0.46500003
-0.1829365 -0.0022387325 0.45100003
-0.17416134 -0.0022275636 0.44875002
-0.16592826 -0.0022225997 0.44775003
-0.15781847 -0.0022188767 0.44700003
-0.14973499 -0.0022151538 0.44625002
-0.14143924 -0.0022077078 0.44475001
-0.13334633 -0.0022027439 0.44375002
-0.12542996 -0.0022002619 0.44325003
-0.11739835 -0.002195298 0.44225001
-0.10946377 -0.002191575 0.44150001
-0.1015555 -0.0021878523 0.44075003
-0.09362027 -0.0021828881 0.43975002
-0.085671231 -0.0021766834 0.43850002
-0.077943861 -0.0021754424 0.43825004
-0.070145078 -0.0021717194 0.43750003
-0.062372576 -0.0021679965 0.43675002
-0.054626353 -0.0021642735 0.43600002
-0.046933364 -0.0021617915 0.43550003
-0.039303012 -0.0021617915 0.43550003
-0.03167266 -0.0021617915 0.43550003
-0.02404231 -0.0021617915 0.43550003
-0.01641196 -0.0021617915 0.43550003
-0.0087715276 -0.0021593096 0.43500003
-0.0011486154 -0.0021568276 0.43450001
0.0064753722 -0.0021605506 0.43525001
0.014125641 -0.0021642735 0.43600002
0.021764752 -0.0021642735 0.43600002
0.029437581 -0.0021667555 0.43650001
0.037149176 -0.0021704785 0.43725002
0.044861428 -0.0021729602 0.43775001
0.052621204 -0.0021766834 0.43850002
0.060407259 -0.0021804064 0.43925002
0.068219595 -0.0021841293 0.44000003
0.076144502 -0.002190334 0.44125003
0.084160723 -0.0021977799 0.44275001
0.092125706 -0.0022027439 0.44375002
0.10029458 -0.0022114308 0.44550002
0.10840344 -0.0022176357 0.44675002
0.1166862 -0.0022263224 0.44850001
0.12489145 -0.0022325276 0.44975004
0.13314049 -0.0022387325 0.45100003
0.14166787 -0.0022486602 0.45300001
0.1499351 -0.0022536241 0.45400003
0.15875901 -0.002266034 0.45650002
0.16721393 -0.002272239 0.45775002
0.17542551 -0.0022747209 0.45825002
0.18435523 -0.0022858898 0.46050003
0.19315486 -0.0022945767 0.46225002
0.20212464 -0.0023045046 0.46425003
0.21071161 -0.0023094683 0.46525002
0.21933365 -0.0023144325 0.46625003
0.2281127 -0.0023206372 0.46750003
0.23832555 -0.002340493 0.47150001
0.24684817 -0.002342975 0.47200003
0.25606388 -0.0023516619 0.47375003
0.26520145 -0.0023591078 0.47525004
0.27539879 -0.0023752404 0.47850001
0.28437561 -0.0023802044 0.47950003
0.29445601 -0.0023938552 0.48225003
0.30400464 -0.0024025422 0.48400003
0.31329176 -0.0024087471 0.48525003
0.32229117 -0.0024124701 0.48600003
0.33063614 -0.0024112291 0.48575002
-0 0 0
-0 0 0
-0 0 0
-0 0 0
-0 0 0
-0 0 0
-0 0 0
-0 0 0
-0 0 0
-0 0 0
-0 0 0
-0 0 0
-0 0 0
-0.23024255 0.0060300305 0.48400003
-0.22199152 0.0060362597 0.48450002
-0.21350265 0.0060362597 0.48450002
-0.20459063 0.0060238009 0.48350003
-0.18902086 0.0058057732 0.46600002
-0.17435539 0.005597089 0.44925001
-0.16620618 0.005587745 0.44850001
-0.157995 0.0055752862 0.44750002
-0.14990275 0.0055659423 0.44675002
-0.14183678 0.0055565983 0.44600001
-0.13372195 0.0055441395 0.44500002
-0.12578368 0.0055379104 0.44450003
-0.11766382 0.0055223368 0.44325003
-0.10964973 0.005509878 0.44225001
-0.10184351 0.0055067632 0.44200003
-0.093886383 0.0054943045 0.44100001
-0.085866608 0.0054756165 0.43950003
-0.078077249 0.0054693869 0.43900001
-0.070305407 0.0054631578 0.43850002
-0.062479686 0.005450699 0.43750003
-0.054720324 0.0054413551 0.43675002
-0.046960302 0.0054288958 0.43575001
-0.039348133 0.0054320106 0.43600002
-0.03169084 0.0054288958 0.43575001
-0.024028508 0.0054226667 0.43525001
-0.016383696 0.0054164375 0.43475002
-0.0087513626 0.0054070931 0.43400002
-0.0011459718 0.0054008639 0.43350002
0.0064604948 0.0054102079 0.43425003
0.014093243 0.0054195523 0.43500003
0.021727312 0.0054226667 0.43525001
0.029370142 0.0054257815 0.43550003
0.037000492 0.0054257815 0.43550003
0.044733327 0.0054382402 0.43650001
0.052501202 0.005450699 0.43750003
0.060269739 0.005460043 0.43825004
0.06802579 0.0054662726 0.43875003
0.075885653 0.0054787309 0.43975002
0.083780549 0.0054911901 0.44075003
0.091762394 0.0055067632 0.44200003
0.09978804 0.0055223368 0.44325003
0.10785749 0.0055379104 0.44450003
0.11571056 0.0055410247 0.44475001
0.12433606 0.005578401 0.44775003
0.13255006 0.0055939746 0.44900003
0.14080787 0.0056095482 0.45025003
0.14919202 0.0056282356 0.45175001
0.15788957 0.005656268 0.45400003
0.16602671 0.0056624976 0.45450002
0.17437278 0.0056749564 0.45550004
0.18315421 0.0056998734 0.45750001
0.19221467 0.0057310206 0.46000001
0.20070966 0.0057434794 0.46100003
0.20957936 0.0057652821 0.46275002
0.21827519 0.0057808557 0.46400002
0.22738078 0.0058057732 0.46600002
0.23693554 0.0058400347 0.46875003
0.24593294 0.0058587226 0.47025001
0.25457749 0.0058680666 0.47100002
0.26338789 0.0058805258 0.47200003
0.27338436 0.0059179016 0.47500002
0.28259641 0.00593659 0.47650003
0.29323483 0.0059833103 0.48025003
0.30259138 0.0060019982 0.48175001
0.31200051 0.0060206861 0.48325002
0.32113063 0.0060331449 0.48425001
0.32910463 0.0060238009 0.48350003
-0 0 0
-0 0 0
-0 0 0
-0 0 0
-0 0 0
-0 0 0
-0 0 0
-0 0 0
-0 0 0
-0 0 0
-0 0 0
-0 0 0
-0 0 0
-0 0 0
-0 0 0
-0 0 0
-0 0 0
-0 0 0
-0 0 0
-0.16648412 0.013424224 0.44925001
-0.15825979 0.013394343 0.44825003
-0.15023829 0.013379402 0.44775003
-0.1422343 0.013364461 0.44725001
-0.13417271 0.013342051 0.44650003
-0.1259959 0.013304699 0.44525003
-0.11779654 0.013259877 0.44375002
-0.1097737 0.013229995 0.44275001
-0.10195872 0.013222525 0.44250003
-0.094046056 0.013200114 0.44175002
-0.086110823 0.013170233 0.44075003
-0.078255102 0.013147822 0.44000003
-0.070425652 0.01312541 0.43925002
-0.062622495 0.013102999 0.43850002
-0.054876935 0.013088059 0.43800002
-0.047121957 0.013065647 0.43725002
-0.039415821 0.013050707 0.43675002
-0.031727206 0.013035766 0.43625003
-0.024056111 0.013020825 0.43575001
-0.016402539 0.013005884 0.43525001
-0.0087614451 0.012983473 0.43450001
-0.0011466327 0.012961063 0.43375003
0.0064530564 0.012961063 0.43375003
0.014060845 0.012968533 0.43400002
0.021677393 0.012976003 0.43425003
0.029285843 0.012976003 0.43425003
0.036894292 0.012976003 0.43425003
0.044579603 0.012998414 0.43500003
0.052291196 0.013020825 0.43575001
0.060029071 0.013043236 0.43650001
0.067754462 0.013058176 0.43700001
0.07554052 0.013080588 0.43775001
0.083352856 0.013102999 0.43850002
0.091502883 0.013170233 0.44075003
0.099337786 0.013185173 0.44125003
0.10737219 0.013222525 0.44250003
0.1154504 0.013259877 0.44375002
0.12378068 0.013319639 0.44575003
0.13218105 0.013379402 0.44775003
0.14041695 0.013416754 0.44900003
0.1487792 0.013461576 0.45050001
0.15728098 0.013513869 0.45225003
0.1655701 0.01354375 0.45325002
0.17379855 0.013566162 0.45400003
0.18245363 0.013618453 0.45575002
0.19137897 0.013685687 0.45800003
0.19983891 0.013715568 0.45900002
0.20844711 0.01375292 0.46025002
0.21733434 0.013805212 0.46200001
0.22652689 0.013872446 0.46425003
0.23504007 0.013894857 0.46500003
0.24462548 0.01397703 0.46775001
0.25390187 0.014036793 0.46975002
0.26269034 0.014066675 0.47075003
0.27208939 0.014126437 0.47275001
0.28141028 0.014178731 0.47450003
0.29079247 0.014231022 0.47625002
0.2997649 0.014260903 0.47725001
0.31022501 0.014358018 0.48050001
0.31930697 0.0143879 0.48150003
0.32723278 0.014365489 0.48075002
-0 0 0
-0 0 0
-0 0 0
-0 0 0
-0 0 0
-0 0 0
-0 0 0
-0 0 0
-0 0 0
-0 0 0
-0 0 0
-0 0 0
-0 0 0
-0 0 0
-0 0 0
-0 0 0
-0 0 0
-0 0 0
-0 0 0
-0 0 0
-0.15967205 0.021393271 0.45225003
-0.15065773 0.021239532 0.44900003
-0.14461945 0.021511531 0.45475003
-0.13552494 0.021334141 0.45100003
-0.12684484 0.021204054 0.44825003
-0.11806199 0.021038489 0.44475001
-0.11002164 0.020991186 0.44375002
-0.10218914 0.02097936 0.44350001
-0.09420573 0.020932056 0.44250003
-0.086355045 0.020908404 0.44200003
-0.078566343 0.020896578 0.44175002
-0.070585988 0.020825621 0.44025001
-0.062836714 0.020813797 0.44000003
-0.055033546 0.020778317 0.43925002
-0.047283612 0.020754665 0.43875003
-0.039506067 0.020707361 0.43775001
-0.031763569 0.020660058 0.43675002
-0.024111317 0.020660058 0.43675002
-0.016449645 0.020648232 0.43650001
-0.0087967329 0.020636406 0.43625003
-0.0011486154 0.020553622 0.43450001
0.0064604948 0.020541798 0.43425003
0.014060845 0.020529971 0.43400002
0.021664914 0.020529971 0.43400002
0.029235262 0.020506319 0.43350002
0.036830571 0.020506319 0.43350002
0.04447712 0.020529971 0.43400002
0.052171193 0.02056545 0.43475002
0.059857164 0.0205891 0.43525001
0.06756065 0.020612752 0.43575001
0.075281672 0.020636406 0.43625003
0.08311525 0.02068371 0.43725002
0.091035768 0.020742839 0.43850002
0.098943815 0.020790145 0.43950003
0.10706888 0.020872926 0.44125003
0.11519022 0.020943882 0.44275001
0.12329473 0.021003013 0.44400004
0.13166443 0.021097619 0.44600001
0.13986966 0.021156751 0.44725001
0.14820126 0.021227706 0.44875002
0.15649848 0.021286836 0.45000002
0.16474819 0.021334141 0.45100003
0.17322432 0.021405097 0.45250002
0.18175304 0.021476053 0.45400003
0.19033432 0.02154701 0.45550004
0.19896814 0.021617966 0.45700002
0.20776777 0.021700747 0.45875001
0.21662873 0.021783531 0.46050003
0.22494107 0.021807181 0.46100003
0.23377641 0.021878138 0.46250004
0.24305654 0.021984572 0.46475002
0.25228035 0.022079181 0.46675003
0.26199281 0.022209266 0.46950004
0.27021888 0.022209266 0.46950004
0.27977934 0.0223157 0.47175002
0.28941867 0.022422135 0.47400004
0.29835168 0.022469439 0.47500002
0.30748111 0.022528568 0.47625002
0.31665438 0.022587698 0.47750002
0.32587144 0.022646829 0.47875002
-0 0 0
-0 0 0
-0 0 0
-0 0 0
-0 0 0
-0 0 0
-0 0 0
-0 0 0
-0 0 0
-0 0 0
-0 0 0
-0 0 0
-0 0 0
-0 0 0
-0 0 0
-0 0 0
-0 0 0
-0 0 0
-0 0 0
-0 0 0
-0 0 0
-0 0 0
-0 0 0
-0 0 0
-0 0 0
-0.12629117 0.030793753 0.47575003
-0.11423655 0.029822851 0.46075001
-0.10495412 0.029483035 0.45550004
-0.09590888 0.029159401 0.45050001
-0.088601835 0.029353581 0.45350003
-0.080967352 0.029466853 0.45525002
-0.071227312 0.028754858 0.44425002
-0.063015223 0.028560679 0.44125003
-0.055284128 0.028560679 0.44125003
-0.04749915 0.028528316 0.44075003
-0.039664004 0.028447408 0.43950003
-0.03187266 0.028366499 0.43825004
-0.024180327 0.028350318 0.43800002
-0.016506175 0.028350318 0.43800002
-0.0088168979 0.028301772 0.43725002
-0.0011525807 0.028220864 0.43600002
0.006471653 0.028156137 0.43500003
0.014085143 0.028139954 0.43475002
0.021677393 0.028107591 0.43425003
0.029252123 0.028075229 0.43375003
0.036809329 0.028042864 0.43325001
0.04440026 0.028042864 0.43325001
0.05205119 0.028075229 0.43375003
0.05968526 0.02809141 0.43400002
0.067328088 0.028107591 0.43425003
0.07506597 0.028156137 0.43500003
0.082877636 0.028220864 0.43600002
0.090776257 0.028301772 0.43725002
0.098662406 0.028366499 0.43825004
0.10658358 0.028431226 0.43925002
0.11460485 0.028512133 0.44050002
0.12266991 0.028593043 0.44175002
0.13100021 0.028722497 0.44375002
0.1392442 0.028819587 0.44525003
0.14754075 0.028916676 0.44675002
0.15588988 0.029013766 0.44825003
0.16410892 0.029078493 0.44925001
0.17245869 0.029159401 0.45050001
0.18125261 0.029305037 0.45275003
0.18981199 0.029402126 0.45425001
0.1978797 0.029418308 0.45450002
0.20708843 0.029596306 0.45725003
0.21592309 0.029709579 0.45900002
0.22408718 0.02972576 0.45925003
0.23251274 0.029774304 0.46000001
0.24201056 0.029952304 0.46275002
0.25133449 0.030097939 0.46500003
0.26017922 0.030178849 0.46625003
0.26921165 0.030275937 0.46775001
0.27814838 0.030356845 0.46900001
0.28697631 0.030421574 0.47000003
0.29631031 0.030534845 0.47175002
0.30602846 0.030680481 0.47400004
0.31499651 0.030745206 0.47500002
0.32382944 0.030793753 0.47575003
-0 0 0
-0 0 0
-0 0 0
-0 0 0
-0 0 0
-0 0 0
-0 0 0
-0 0 0
-0 0 0
-0 0 0
-0 0 0
-0 0 0
-0 0 0
-0 0 0
-0 0 0
-0 0 0
-0 0 0
-0 0 0
-0 0 0
-0 0 0
-0 0 0
-0 0 0
-0 0 0
-0 0 0
-0 0 0
-0 0 0
-0 0 0
-0 0 0
-0 0 0
-0 0 0
-0.10066452 0.046496574 0.56600004
-0.089505114 0.045859914 0.55825001
-0.075832486 0.043621343 0.53100002
-0.063521929 0.041649755 0.50700003
-0.051405773 0.039185274 0.47700003
-0.040589046 0.036946703 0.44975004
-0.032054476 0.036207359 0.44075003
-0.024235532 0.036063593 0.43900001
-0.016534438 0.036043059 0.43875003
-0.0088320207 0.035981447 0.43800002
-0.0011552242 0.035899296 0.43700001
0.0064902497 0.035837684 0.43625003
0.014125641 0.035817146 0.43600002
0.021714834 0.035735 0.43500003
0.029302701 0.035693921 0.43450001
0.036851812 0.035632312 0.43375003
0.044425882 0.035611775 0.43350002
0.05208119 0.035652846 0.43400002
0.059616499 0.035611775 0.43350002
0.067250565 0.035632312 0.43375003
0.074979678 0.035693921 0.43450001
0.082687557 0.035735 0.43500003
0.090568654 0.035837684 0.43625003
0.098437272 0.035919834 0.43725002
0.10628027 0.035981447 0.43800002
0.11421458 0.036063593 0.43900001
0.12232281 0.036186818 0.44050002
0.13070498 0.036371656 0.44275001
0.13885328 0.036474343 0.44400004
0.14696281 0.036556493 0.44500002
0.15510738 0.03663864 0.44600001
0.16319567 0.036700252 0.44675002
0.17198017 0.036905628 0.44925001
0.18045194 0.037028853 0.45075002
0.18928966 0.037213687 0.45300001
0.19744432 0.037254762 0.45350003
0.20584294 0.037336912 0.45450002
0.21474704 0.037501212 0.45650002
0.22372122 0.037665509 0.45850003
0.23213366 0.037727121 0.45925003
0.24057235 0.037788734 0.46000001
0.24944271 0.037911955 0.46150002
0.25864467 0.038076255 0.46350002
0.26820445 0.038281631 0.46600002
0.27755535 0.038445927 0.46800002
0.28606042 0.038487002 0.46850002
0.29442599 0.03850754 0.46875003
0.30376872 0.038651302 0.47050002
0.31367019 0.038856674 0.47300002
0.32110673 0.03875399 0.47175002
-0 0 0
-0 0 0
-0 0 0
-0 0 0
-0 0 0
-0 0 0
-0 0 0
-0 0 0
-0 0 0
-0 0 0
-0 0 0
-0 0 0
-0 0 0
-0 0 0
-0 0 0
-0 0 0
-0 0 0
-0 0 0
-0 0 0
-0 0 0
-0 0 0
-0 0 0
-0 0 0
-0 0 0
-0 0 0
-0 0 0
-0 0 0
-0 0 0
-0 0 0
-0 0 0
-0.10075344 0.056407589 0.56650001
-0.090747692 0.056357808 0.56600004
-0.080902264 0.056407589 0.56650001
-0.071101964 0.056507166 0.56750005
-0.061212741 0.056556951 0.56800002
-0.050629139 0.055859949 0.56100005
-0.03872719 0.053022142 0.53250003
-0.026940638 0.048591185 0.48800004
-0.017052611 0.045056373 0.45250002
-0.0088471444 0.043687258 0.43875003
-0.0011565459 0.043562792 0.43750003
0.0064939689 0.043463219 0.43650001
0.01414994 0.043488115 0.43675002
0.021789711 0.043463219 0.43650001
0.029403862 0.043413434 0.43600002
0.037000492 0.043363649 0.43550003
0.044579603 0.043313865 0.43500003
0.05214119 0.043264076 0.43450001
0.059719644 0.043239184 0.43425003
0.067250565 0.043189399 0.43375003
0.074807115 0.043164503 0.43350002
0.082497463 0.043214291 0.43400002
0.090309143 0.043313865 0.43500003
0.098155864 0.043413434 0.43600002
0.10591629 0.043463219 0.43650001
0.11395442 0.043612577 0.43800002
0.12183685 0.043687258 0.43875003
0.12974556 0.043761939 0.43950003
0.13799328 0.043936189 0.44125003
0.1463023 0.04411044 0.44300002
0.15449877 0.044234905 0.44425002
0.16273905 0.044359367 0.44550002
0.17102313 0.044483833 0.44675002
0.17945111 0.044633191 0.44825003
0.18866289 0.044956803 0.45150003
0.1969001 0.04503148 0.45225003
0.20539005 0.045155946 0.45350003
0.21404141 0.045305304 0.45500001
0.22298931 0.045504447 0.45700002
0.23099636 0.045504447 0.45700002
0.24031086 0.045753378 0.45950001
0.24903733 0.045877844 0.46075001
0.25780761 0.046002306 0.46200001
0.26690948 0.04617656 0.46375003
0.27666572 0.046450384 0.46650001
0.28544983 0.046549957 0.46750003
0.29364085 0.046549957 0.46750003
0.30263889 0.046674423 0.46875003
0.31201231 0.046848673 0.47050002
0.32025591 0.046848673 0.47050002
-0 0 0
-0 0 0
-0 0 0
-0 0 0
-0 0 0
-0 0 0
-0 0 0
-0 0 0
-0 0 0
-0 0 0
-0 0 0
-0 0 0
-0 0 0
-0 0 0
-0 0 0
-0 0 0
-0 0 0
-0 0 0
-0 0 0
-0 0 0
-0 0 0
-0 0 0
-0 0 0
-0 0 0
-0 0 0
-0 0 0
-0 0 0
-0 0 0
-0 0 0
-0 0 0
-0 0 0
-0.090667516 0.066160537 0.56550002
-0.081116483 0.066453025 0.56800002
-0.071509153 0.066774763 0.57075
-0.061536051 0.066804014 0.57100004
-0.051554177 0.066833258 0.57125002
-0.041563544 0.066862509 0.5715
-0.03157796 0.066921003 0.57200003
-0.021263948 0.066014297 0.56425005
-0.0098150373 0.056947205 0.48675004
-0.0011545633 0.051097464 0.43675002
0.0064679333 0.050863475 0.43475002
0.014125641 0.051009718 0.43600002
0.021864591 0.051243708 0.43800002
0.029521883 0.051214457 0.43775001
0.037127934 0.051126711 0.43700001
0.044707708 0.051038969 0.43625003
0.052261196 0.05095122 0.43550003
0.059857164 0.050921973 0.43525001
0.067405611 0.050863475 0.43475002
0.074850261 0.050746482 0.43375003
0.082354903 0.05068798 0.43325001
0.090153433 0.050804976 0.43425003
0.097874455 0.050863475 0.43475002
0.10555232 0.050892726 0.43500003
0.11343408 0.051009718 0.43600002
0.12148973 0.051185213 0.43750003
0.12922892 0.051214457 0.43775001
0.13744599 0.051419202 0.43950003
0.14588948 0.051682439 0.44175002
0.15406406 0.051828682 0.44300002
0.16228244 0.051974926 0.44425002
0.1701618 0.052004173 0.44450003
0.17885059 0.05226741 0.44675002
0.1877227 0.052559897 0.44925001
0.19624703 0.052735392 0.45075002
0.20471069 0.052881636 0.45200002
0.21298297 0.052969381 0.45275003
0.22201341 0.053232618 0.45500001
0.23011181 0.053261869 0.45525002
0.23926491 0.053525105 0.45750001
0.24822658 0.053729847 0.45925003
0.25724959 0.053934589 0.46100003
0.26619005 0.05411008 0.46250004
0.27488655 0.054227073 0.46350002
0.28422865 0.054461066 0.46550003
0.29316977 0.054607309 0.46675003
0.30231607 0.0547828 0.46825004
0.31035444 0.054753549 0.46800002
0.31940508 0.054899793 0.46925002
-0 0 0
-0 0 0
-0 0 0
-0 0 0
-0 0 0
-0 0 0
-0 0 0
-0 0 0
-0 0 0
-0 0 0
-0 0 0
-0 0 0
-0 0 0
-0 0 0
-0 0 0
-0 0 0
-0 0 0
-0 0 0
-0 0 0
-0 0 0
-0 0 0
-0 0 0
-0 0 0
-0 0 0
-0 0 0
-0 0 0
-0 0 0
-0 0 0
-0.12119009 0.076517127 0.56925005
-0.11106978 0.076416314 0.56850004
-0 0 0
-0.090988189 0.076281898 0.56750005
-0.081259288 0.076483518 0.56900001
-0.071540482 0.076752357 0.57100004
-0.06158993 0.076819561 0.5715
-0.051599305 0.076853171 0.57175004
-0.04161809 0.076920375 0.57225001
-0.031564157 0.076853171 0.57175004
-0.015121237 0.053934995 0.40125
-0.006361878 0.042408701 0.31550002
-0.00083932193 0.042677537 0.31750003
0.0049727582 0.044929028 0.33425
0.011339391 0.047046103 0.35000002
0.018420169 0.049600035 0.36900002
0.028206801 0.056220092 0.41825002
0.036809329 0.058236353 0.43325001
0.044784565 0.058740418 0.43700001
0.052411199 0.058706816 0.43675002
0.05999469 0.058639608 0.43625003
0.06756065 0.058572397 0.43575001
0.075022824 0.058437981 0.43475002
0.08254499 0.058370773 0.43425003
0.090101533 0.058337167 0.43400002
0.097761892 0.058370773 0.43425003
0.105431 0.058404375 0.43450001
0.11317391 0.058471587 0.43500003
0.12100377 0.058572397 0.43575001
0.12915513 0.05880763 0.43750003
0.13713326 0.058942046 0.43850002
0.1453941 0.059177276 0.44025001
0.1535424 0.059345298 0.44150001
0.16164318 0.059479717 0.44250003
0.17006609 0.059714947 0.44425002
0.17855033 0.059950177 0.44600001
0.18699145 0.060151804 0.44750002
0.19537626 0.060319822 0.44875002
0.20414457 0.060588658 0.45075002
0.21298297 0.060857493 0.45275003
0.22164746 0.061059117 0.45425001
0.22998543 0.061159931 0.45500001
0.23848043 0.061294351 0.45600003
0.24755095 0.061563186 0.45800003
0.25641257 0.06176481 0.45950001
0.26532674 0.061966438 0.46100003
0.27414522 0.06213446 0.46225002
0.28300747 0.062302481 0.46350002
0.29175651 0.062436897 0.46450001
0.3005406 0.062571317 0.46550003
0.30919394 0.062672131 0.46625003
0.31787354 0.062772937 0.46700001
-0 0 0
-0 0 0
-0 0 0
-0 0 0
-0 0 0
-0 0 0
-0 0 0
-0 0 0
-0 0 0
-0 0 0
-0 0 0
-0 0 0
-0 0 0
-0 0 0
-0 0 0
-0 0 0
-0 0 0
-0 0 0
-0 0 0
-0 0 0
-0 0 0
-0 0 0
-0 0 0
-0 0 0
-0 0 0
-0 0 0
-0 0 0
-0 0 0
-0 0 0
-0 0 0
-0 0 0
-0.090908021 0.086093344 0.56700003
-0.081437811 0.086586826 0.57025003
-0.071415193 0.086548865 0.57000005
-0.061562993 0.086738661 0.57125002
-0.037768792 0.063545085 0.41850001
-0.022399953 0.046766758 0.30800003
-0.016920708 0.046538994 0.30650002
-0.011522289 0.046425115 0.30575001
-0.0060039596 0.045210395 0.29775003
-0.00078579033 0.045134474 0.29725
0.0044446122 0.045362234 0.29875001
0.0096465824 0.045210395 0.29775003
0.014838469 0.045134474 0.29725
0.020771537 0.046766758 0.30800003
0.031478032 0.056256764 0.37050003
0.04483581 0.066430047 0.43750003
0.05208119 0.065898605 0.43400002
0.059719644 0.065936573 0.43425003
0.067676939 0.066278212 0.43650001
0.075281672 0.066240251 0.43625003
0.082687557 0.066050448 0.43500003
0.090257242 0.066012487 0.43475002
0.097761892 0.065936573 0.43425003
0.10537034 0.065936573 0.43425003
0.11310887 0.066012487 0.43475002
0.1207955 0.066050448 0.43500003
0.12871231 0.06620229 0.43600002
0.13682052 0.066430047 0.43750003
0.14498128 0.066657811 0.43900001
0.15319462 0.066885568 0.44050002
0.16127788 0.067037411 0.44150001
0.16958757 0.067265168 0.44300002
0.17784975 0.067454971 0.44425002
0.18646912 0.06775865 0.44625002
0.19472319 0.067910485 0.44725001
0.203352 0.06817621 0.44900003
0.21204212 0.068441927 0.45075002
0.22067159 0.068669692 0.45225003
0.22947997 0.068935409 0.45400003
0.23821895 0.069163173 0.45550004
0.24674019 0.069315009 0.45650002
0.255436 0.069504812 0.45775002
0.26446339 0.06977053 0.45950001
0.27325559 0.069960333 0.46075001
0.28178629 0.070074208 0.46150002
0.29097137 0.070339933 0.46325001
0.30005637 0.07056769 0.46475002
0.30853078 0.070643611 0.46525002
0.31702271 0.070719533 0.46575001
-0 0 0
-0 0 0
-0 0 0
-0 0 0
-0 0 0
-0 0 0
-0 0 0
-0 0 0
-0 0 0
-0.80913568 0.25093207 1.4825001
-0 0 0
-0 0 0
-0 0 0
-0 0 0
-0 0 0
-0 0 0
-0 0 0
-0 0 0
-0 0 0
-0 0 0
-0 0 0
-0 0 0
-0 0 0
-0 0 0
-0 0 0
-0 0 0
-0 0 0
-0 0 0
-0 0 0
-0 0 0
-0 0 0
-0 0 0
-0.044271316 0.052471459 0.31
-0.03871455 0.052302197 0.30900002
-0.03278869 0.051498197 0.30425
-0.027209777 0.051032729 0.30150002
-0.021599954 0.050271045 0.29700002
-0.016244432 0.04980557 0.29425001
-0.010909903 0.049001575 0.28950003
-0.0057922327 0.048620731 0.28725001
-0.00075935503 0.048620731 0.28725001
0.0042772419 0.04866305 0.28750002
0.0093711969 0.048959259 0.28925002
0.014439116 0.048959259 0.28925002
0.019675635 0.049382415 0.29175001
0.025318362 0.050440308 0.29800001
0.031897474 0.052683037 0.31125
0.037800867 0.053317778 0.31500003
0.048924036 0.060215235 0.35575002
0.066979237 0.073121518 0.43200001
0.075454235 0.074010149 0.43725002
0.082972683 0.073883198 0.43650001
0.090516746 0.073798567 0.43600002
0.097987019 0.073671624 0.43525001
0.10537034 0.073502362 0.43425003
0.11310887 0.073586993 0.43475002
0.1207955 0.073629312 0.43500003
0.1284909 0.073671624 0.43525001
0.13635142 0.073798567 0.43600002
0.14440334 0.074010149 0.43725002
0.15258603 0.074264042 0.43875003
0.16082126 0.074517936 0.44025001
0.16910905 0.074771829 0.44175002
0.1775495 0.075068042 0.44350001
0.18594681 0.075321935 0.44500002
0.19439667 0.075575829 0.44650003
0.20301233 0.075872041 0.44825003
0.21168931 0.076168247 0.45000002
0.2196957 0.076210566 0.45025003
0.22821632 0.076422147 0.45150003
0.23691148 0.076676033 0.45300001
0.2461997 0.077099197 0.45550004
0.25473848 0.077268459 0.45650002
0.26331231 0.077437721 0.45750001
0.27266255 0.077818565 0.45975003
0.28163365 0.078072451 0.46125001
0.29018626 0.078199401 0.46200001
0.29908791 0.078410976 0.46325001
0.30786765 0.078580245 0.46425003
0.31668237 0.078749508 0.46525002
-0 0 0
-0 0 0
-0 0 0
-0 0 0
-0 0 0
-0 0 0
-0 0 0
-0 0 0
-0 0 0
-0 0 0
-0 0 0
-0 0 0
-0 0 0
-0 0 0
-0 0 0
-0 0 0
-0 0 0
-0 0 0
-0 0 0
-0 0 0
-0 0 0
-0 0 0
-0 0 0
-0 0 0
-0 0 0
-0 0 0
-0 0 0
-0 0 0
-0 0 0
-0 0 0
-0.054956425 0.057685804 0.30900002
-0.049702793 0.057872489 0.31
-0.042736102 0.055865619 0.29925001
-0.036897849 0.054978866 0.29450002
-0.031441581 0.05446548 0.29175001
-0.025810933 0.053392038 0.28600001
-0.020509047 0.052645296 0.28200001
-0.015361131 0.051945224 0.27825001
-0.010448257 0.051758543 0.27725002
-0.0055704238 0.051571853 0.27625
-0.00072961533 0.051525187 0.27600002
0.0041135908 0.051618528 0.27650002
0.0089905169 0.051805209 0.2775
0.013914964 0.052038569 0.27875
0.018933794 0.05241194 0.28075001
0.024256352 0.053298697 0.28550002
0.029719736 0.054138783 0.29000002
0.035430811 0.055118881 0.29525003
0.042288519 0.057405774 0.3075
0.055002045 0.066226661 0.35475001
0.074418843 0.080508098 0.43125001
0.08316277 0.081674889 0.43750003
0.090724349 0.08158154 0.43700001
0.098212145 0.081441529 0.43625003
0.10567365 0.081301518 0.43550003
0.113304 0.081301518 0.43550003
0.12093435 0.081301518 0.43550003
0.1284909 0.08125484 0.43525001
0.13619506 0.081301518 0.43550003
0.14415565 0.0814882 0.43650001
0.15232518 0.08176823 0.43800002
0.16045597 0.082001582 0.43925002
0.16853482 0.082188271 0.44025001
0.17714916 0.082608312 0.44250003
0.18542449 0.082841672 0.44375002
0.1937436 0.083075024 0.44500002
0.2019933 0.083261706 0.44600001
0.21063086 0.083588414 0.44775003
0.21945174 0.083961785 0.44975004
0.2275845 0.084055126 0.45025003
0.23678073 0.084521838 0.45275003
0.24579431 0.084895208 0.45475003
0.25404096 0.084988549 0.45525002
0.26288065 0.085268579 0.45675004
0.27206945 0.08564195 0.45875001
0.2811757 0.085968651 0.46050003
0.28955814 0.086061992 0.46100003
0.29876509 0.086388692 0.46275002
0.30770183 0.086622052 0.46400002
0.31600171 0.086668722 0.46425003
-0 0 0
-0 0 0
-0 0 0
-0 0 0
-0 0 0
-0 0 0
-0 0 0
-0 0 0
-0 0 0
-0 0 0
-0 0 0
-0 0 0
-0 0 0
-0 0 0
-0 0 0
-0 0 0
-0 0 0
-0 0 0
-0 0 0
-0 0 0
-0 0 0
-0 0 0
-0 0 0
-0 0 0
-0 0 0
-0 0 0
-0 0 0
-0 0 0
-0 0 0
-0 0 0
-0.053533606 0.061436545 0.30100003
-0.047377989 0.060313947 0.29550001
-0.041522216 0.059344437 0.29075003
-0.035644948 0.058068756 0.2845
-0.0299867 0.056793083 0.27825001
-0.024931014 0.056384865 0.27625
-0.019963594 0.056027677 0.27450001
-0.015154108 0.056027677 0.27450001
-0.010344623 0.056027677 0.27450001
-0.0055250544 0.055925623 0.27400002
-0.00072300649 0.055823572 0.27350003
0.0040763975 0.055925623 0.27400002
0.0088852225 0.055976648 0.27425
0.013727767 0.056129731 0.27500001
0.018596593 0.056282811 0.27575001
0.023470461 0.056384865 0.27625
0.028566813 0.056895133 0.27875
0.034230784 0.058221839 0.28525001
0.040019378 0.059395459 0.29100001
0.046397075 0.061079353 0.29925001
0.061088163 0.07225427 0.354
0.08254499 0.088633947 0.43425003
0.090931959 0.089399353 0.43800002
0.098437272 0.089246273 0.43725002
0.10603762 0.089195244 0.43700001
0.11356416 0.089093193 0.43650001
0.12100377 0.088940106 0.43575001
0.1285647 0.088889085 0.43550003
0.13611688 0.088838056 0.43525001
0.14399053 0.088991135 0.43600002
0.15180352 0.089093193 0.43650001
0.16009067 0.089450382 0.43825004
0.16805629 0.089603461 0.43900001
0.17674883 0.090113729 0.44150001
0.18490216 0.090317838 0.44250003
0.19319938 0.090572976 0.44375002
0.20142718 0.090777084 0.44475001
0.21039565 0.091287352 0.44725001
0.21896379 0.091593519 0.44875002
0.22745812 0.091848649 0.45000002
0.23625775 0.092205837 0.45175001
0.24484842 0.092460975 0.45300001
0.25306442 0.092563033 0.45350003
0.26230511 0.093022272 0.45575002
0.27192122 0.093583569 0.45850003
0.28071776 0.093838707 0.45975003
0.28940111 0.094042815 0.46075001
0.29811949 0.094246924 0.46175003
0.30703869 0.094502062 0.46300003
0.31481054 0.094400004 0.46250004
-0 0 0
-0 0 0
-0 0 0
-0 0 0
-0 0 0
-0 0 0
-0 0 0
-0 0 0
-0 0 0
-0 0 0
-0 0 0
-0 0 0
-0 0 0
-0 0 0
-0 0 0
-0 0 0
-0 0 0
-0 0 0
-0 0 0
-0 0 0
-0 0 0
-0 0 0
-0 0 0
-0 0 0
-0 0 0
-0 0 0
-0 0 0
-0 0 0
-0 0 0
-0.058709703 0.066569999 0.30050001
-0.052288633 0.065130048 0.294
-0.045935001 0.063468568 0.28650001
-0.040022701 0.062084004 0.28025001
-0.03451734 0.061031729 0.2755
-0.029528683 0.060699437 0.27400002
-0.024682833 0.060588673 0.27350003
-0.019872684 0.060533289 0.27325001
-0.015057498 0.060422525 0.27275002
-0.010250409 0.060256377 0.27200001
-0.0054897666 0.060311761 0.27225003
-0.00071838027 0.060200989 0.27175
0.0040466427 0.060256377 0.27200001
0.0088285254 0.060367141 0.27250001
0.01362793 0.060477905 0.273
0.018461714 0.060644053 0.27375001
0.02325806 0.060644053 0.27375001
0.028131267 0.060810201 0.27450001
0.033180758 0.061253265 0.27650002
0.038437858 0.061917856 0.27950001
0.044691585 0.063856244 0.28825
0.051467642 0.066071562 0.29825002
0.065912433 0.076815806 0.34675002
0.086831719 0.092655256 0.41825002
0.09871868 0.097141251 0.43850002
0.10652292 0.097252011 0.43900001
0.11395442 0.097030483 0.43800002
0.12142031 0.096864335 0.43725002
0.12893371 0.096753575 0.43675002
0.13642961 0.096642807 0.43625003
0.14415565 0.096698187 0.43650001
0.15180352 0.096698187 0.43650001
0.1598167 0.096919723 0.43750003
0.16786489 0.097141251 0.43850002
0.17654866 0.097695075 0.44100001
0.1844843 0.097805843 0.44150001
0.19265515 0.098027378 0.44250003
0.2010875 0.098359674 0.44400004
0.20992523 0.098858118 0.44625002
0.21847585 0.099190414 0.44775003
0.22695266 0.09946733 0.44900003
0.23560402 0.099799618 0.45050001
0.24417278 0.10007653 0.45175001
0.25292489 0.10040883 0.45325002
0.2614418 0.10063036 0.45425001
0.27103159 0.10123957 0.45700002
0.28025982 0.10168263 0.45900002
0.28893003 0.10190416 0.46000001
0.29763526 0.1021257 0.46100003
0.30654132 0.10240261 0.46225002
0.31464037 0.10240261 0.46225002
-0 0 0
-0 0 0
-0 0 0
-0 0 0
-0 0 0
-0 0 0
-0 0 0
-0 0 0
-0 0 0
-0 0 0
-0 0 0
-0 0 0
-0 0 0
-0 0 0
-0 0 0
-0 0 0
-0 0 0
-0 0 0
-0 0 0
-0 0 0
-0 0 0
-0 0 0
-0 0 0
-0 0 0
-0 0 0
-0 0 0
-0 0 0
-0 0 0
-0.063974738 0.071805507 0.30050001
-0.05748862 0.070312053 0.29425001
-0.050776891 0.068221211 0.28550002
-0.044532102 0.066369325 0.27775002
-0.039237242 0.065652467 0.27475002
-0.034329407 0.065473251 0.27400002
-0.029420912 0.065234289 0.273
-0.02454746 0.064995341 0.27200001
-0.01972723 0.064816125 0.27125001
-0.014919482 0.06457717 0.27025002
-0.010165617 0.064457692 0.26975
-0.0054343143 0.064397953 0.26950002
-0.0007111106 0.064278483 0.26900002
0.0040094494 0.064397953 0.26950002
0.0087313307 0.064397953 0.26950002
0.013515612 0.064696647 0.27075002
0.018326834 0.064935595 0.27175
0.02313062 0.06505508 0.27225003
0.028003165 0.065294035 0.27325001
0.032880753 0.065473251 0.27400002
0.03775024 0.065592721 0.27450001
0.043102384 0.066429064 0.27800003
0.049483139 0.068519905 0.28675002
0.056883331 0.071506821 0.29925001
0.069029398 0.079452023 0.33250001
0.09337189 0.099105939 0.41475001
0.10597696 0.10436292 0.43675002
0.11369424 0.10442266 0.43700001
0.121698 0.10472135 0.43825004
0.12930273 0.10466161 0.43800002
0.13682052 0.10454214 0.43750003
0.14440334 0.1044824 0.43725002
0.1519774 0.10442266 0.43700001
0.1598167 0.10454214 0.43750003
0.16757779 0.10460187 0.43775001
0.17584807 0.10496031 0.43925002
0.18417092 0.10531874 0.44075003
0.19243747 0.10561743 0.44200003
0.20074783 0.10591612 0.44325003
0.2095724 0.10645376 0.44550002
0.21786593 0.10669272 0.44650003
0.22632083 0.10699141 0.44775003
0.23521179 0.10746932 0.44975004
0.24444304 0.1080667 0.45225003
0.25292489 0.10830566 0.45325002
0.26115403 0.10842513 0.45375001
0.27073506 0.10908225 0.45650002
0.27949661 0.10938095 0.45775002
0.28861597 0.10979911 0.45950001
0.29731244 0.11003806 0.46050003
0.30604395 0.11027702 0.46150002
0.3144702 0.11039649 0.46200001
-0 0 0
-0 0 0
-0 0 0
-0 0 0
-0 0 0
-0 0 0
-0 0 0
-0 0 0
-0 0 0
-0 0 0
-0 0 0
-0 0 0
-0 0 0
-0 0 0
-0 0 0
-0 0 0
-0 0 0
-0 0 0
-0 0 0
-0 0 0
-0 0 0
-0 0 0
-0 0 0
-0 0 0
-0 0 0
-0 0 0
-0 0 0
-0.069239765 0.077041022 0.30050001
-0.062910266 0.075759143 0.29550001
-0.056414071 0.074028611 0.28875002
-0.04917622 0.070887998 0.27650002
-0.043890774 0.070182964 0.27375001
-0.039023027 0.070054777 0.27325001
-0.03414147 0.069862492 0.27250001
-0.029232318 0.069542028 0.27125001
-0.024299277 0.069029272 0.26925001
-0.019545414 0.068901084 0.26875001
-0.014781467 0.06864471 0.26775002
-0.010061983 0.068452425 0.26700002
-0.0054091089 0.068772897 0.26825002
-0.0007111106 0.068965182 0.26900002
0.0039982912 0.068901084 0.26875001
0.0086908331 0.068772897 0.26825002
0.013353375 0.068580613 0.26750001
0.018090794 0.068772897 0.26825002
0.022854496 0.068965182 0.26900002
0.027746961 0.069413841 0.27075002
0.032700747 0.069862492 0.27250001
0.037543952 0.06999068 0.273
0.042443439 0.070182964 0.27375001
0.047886908 0.071144372 0.2775
0.055220079 0.074477263 0.29050002
0.062178362 0.076784655 0.29950002
0.069733441 0.079412505 0.30975002
0.084199205 0.08896251 0.347
0.10907623 0.10748569 0.41925001
0.12211453 0.1127414 0.43975002
0.12989315 0.1128055 0.44000003
0.13713326 0.11242093 0.43850002
0.14473359 0.11235684 0.43825004
0.15232518 0.11229274 0.43800002
0.15999934 0.11229274 0.43800002
0.16757779 0.11222865 0.43775001
0.17574798 0.11254912 0.43900001
0.18396197 0.11286959 0.44025001
0.19232862 0.11325415 0.44175002
0.20052136 0.11351053 0.44275001
0.20921959 0.11402328 0.44475001
0.21737798 0.11421557 0.44550002
0.22695266 0.11511289 0.44900003
0.23521179 0.11530517 0.44975004
0.24376743 0.11562563 0.45100003
0.25264588 0.11607429 0.45275003
0.2614418 0.11645886 0.45425001
0.27088335 0.1170998 0.45675004
0.27919132 0.11722799 0.45725003
0.28783083 0.11748436 0.45825002
0.29715103 0.11799711 0.46025002
0.3057124 0.11818939 0.46100003
0.31412986 0.11831758 0.46150002
-0 0 0
-0 0 0
-0 0 0
-0 0 0
-0 0 0
-0 0 0
-0 0 0
-0 0 0
-0 0 0
-0 0 0
-0 0 0
-0 0 0
-0 0 0
-0 0 0
-0 0 0
-0 0 0
-0 0 0
-0 0 0
-0 0 0
-0 0 0
-0 0 0
-0 0 0
-0 0 0
-0 0 0
-0 0 0
-0 0 0
-0 0 0
-0.069009349 0.082002744 0.29950002
-0.06237803 0.080223054 0.29300001
-0.054606862 0.076526769 0.27950001
-0.048598196 0.074815527 0.27325001
-0.043650281 0.074541725 0.27225003
-0.038773108 0.07433638 0.27150002
-0.033828247 0.073925674 0.27000001
-0.028909011 0.073446535 0.26825002
-0.024163907 0.07330963 0.26775002
-0.019690868 0.074131027 0.27075002
-0.015209313 0.07543157 0.2755
-0.010485942 0.076184519 0.27825001
-0.0056460407 0.076663665 0.28
-0.00074217207 0.076869011 0.28075001
0.0041731005 0.07680057 0.28050002
0.0090553137 0.076526769 0.27950001
0.013840087 0.075910725 0.27725002
0.018377414 0.074610174 0.27250001
0.022769533 0.073378079 0.26800001
0.027465135 0.073378079 0.26800001
0.032370739 0.073857225 0.26975
0.037268911 0.074199483 0.27100003
0.042249635 0.074610174 0.27250001
0.047153506 0.074815527 0.27325001
0.052939042 0.076252967 0.27850002
0.0604137 0.079675451 0.29100001
0.067650996 0.082276538 0.30050001
0.074432589 0.083987787 0.30675003
0.10387284 0.10931417 0.39925003
0.12266991 0.12095062 0.44175002
0.13018836 0.12074527 0.44100001
0.13760236 0.12047148 0.44000003
0.14514641 0.12033458 0.43950003
0.15284686 0.12033458 0.43950003
0.16063862 0.12040302 0.43975002
0.16786489 0.12006078 0.43850002
0.17574798 0.12019768 0.43900001
0.18375306 0.12040302 0.43975002
0.19221976 0.12088217 0.44150001
0.20097427 0.12149822 0.44375002
0.20898439 0.12163512 0.44425002
0.21713401 0.12184047 0.44500002
0.22568901 0.12225117 0.44650003
0.2346888 0.12286721 0.44875002
0.24309179 0.12314102 0.44975004
0.25222737 0.12375706 0.45200002
0.26158568 0.12444156 0.45450002
0.27088335 0.12505761 0.45675004
0.27949661 0.1253314 0.45775002
0.28783083 0.1254683 0.45825002
0.29650542 0.12574211 0.45925003
0.30554661 0.1261528 0.46075001
0.31464037 0.1265635 0.46225002
-0 0 0
-0 0 0
-0 0 0
-0 0 0
-0 0 0
-0 0 0
-0 0 0
-0 0 0
-0 0 0
-0 0 0
-0 0 0
-0 0 0
-0 0 0
-0 0 0
-0 0 0
-0 0 0
-0 0 0
-0 0 0
-0 0 0
-0 0 0
-0 0 0
-0 0 0
-0 0 0
-0 0 0
-0 0 0
-0 0 0
-0.07425686 0.087220833 0.29950002
-0.067799672 0.085691921 0.29425001
-0.060515206 0.082779706 0.28425002
-0.05353231 0.07979469 0.27400002
-0.048420347 0.079285055 0.27225003
-0.043449868 0.078921027 0.27100003
-0.038487487 0.078484192 0.26950002
-0.033483699 0.077828936 0.26725
-0.028909011 0.078120165 0.26825002
-0.024885889 0.080304325 0.27575001
-0.020345412 0.081469215 0.27975002
-0.015457742 0.081542015 0.28
-0.010542471 0.081469215 0.27975002
-0.0056157941 0.081105188 0.27850002
-0.00073424145 0.080886766 0.27775002
0.0041545038 0.081323601 0.27925003
0.0090391142 0.081250794 0.27900001
0.013939925 0.081323601 0.27925003
0.018832635 0.081323601 0.27925003
0.023597904 0.080886766 0.27775002
0.027823823 0.079066634 0.27150002
0.032160737 0.078047357 0.26800001
0.036993861 0.078338586 0.26900002
0.04205583 0.078993827 0.27125001
0.047153506 0.079576269 0.27325001
0.052226219 0.080013104 0.27475002
0.058493335 0.082051657 0.28175002
0.065512285 0.084745452 0.29100001
0.073461995 0.08816731 0.30275002
0.0808478 0.090497077 0.31075001
0.12315587 0.12915672 0.44350001
0.13048358 0.1287199 0.44200003
0.13822782 0.1287199 0.44200003
0.14580691 0.12857428 0.44150001
0.15345545 0.12850147 0.44125003
0.16109523 0.12842867 0.44100001
0.16843912 0.12813745 0.44000003
0.17604823 0.12806465 0.43975002
0.18375306 0.12806465 0.43975002
0.1917844 0.12828307 0.44050002
0.20052136 0.1289383 0.44275001
0.20863158 0.12915672 0.44350001
0.21689004 0.12944795 0.44450003
0.22493081 0.12959357 0.44500002
0.23403507 0.13032161 0.44750002
0.24295665 0.13090406 0.44950002
0.25180885 0.1314137 0.45125002
0.26115403 0.13214174 0.45375001
0.27014202 0.13265139 0.45550004
0.27934393 0.13323383 0.45750001
0.28767383 0.13337944 0.45800003
0.29634398 0.13367066 0.45900002
0.30455187 0.13374346 0.45925003
0.31310886 0.13396187 0.46000001
-0 0 0
-0 0 0
-0 0 0
-0 0 0
-0 0 0
-0 0 0
-0 0 0
-0 0 0
-0 0 0
-0 0 0
-0 0 0
-0 0 0
-0 0 0
-0 0 0
-0 0 0
-0 0 0
-0 0 0
-0 0 0
-0 0 0
-0 0 0
-0 0 0
-0 0 0
-0 0 0
-0 0 0
-0 0 0
-0 0 0
-0.072955191 0.090818532 0.29425001
-0.06647478 0.089043833 0.28850001
-0.058812048 0.085262939 0.27625
-0.053239249 0.084105521 0.27250001
-0.048198033 0.083642565 0.27100003
-0.043169282 0.083102427 0.26925001
-0.038094755 0.082330823 0.26675001
-0.033765603 0.083179593 0.26950002
-0.029905872 0.085648745 0.2775
-0.025224321 0.086266033 0.27950001
-0.020345412 0.086343199 0.27975002
-0.015402536 0.086111709 0.27900001
-0.010476522 0.085803069 0.27800003
-0.005565383 0.085185781 0.27600002
-0.00072895439 0.085108615 0.27575001
0.0041210293 0.085494421 0.27700001
0.0089905169 0.085648745 0.2775
0.013890005 0.085880227 0.27825001
0.018782055 0.085957393 0.27850002
0.023704104 0.086111709 0.27900001
0.028566813 0.086034551 0.27875
0.032880753 0.084568493 0.27400002
0.036821958 0.082639471 0.26775002
0.041745741 0.083102427 0.26925001
0.046851519 0.083796881 0.27150002
0.051941089 0.084337011 0.27325001
0.057299595 0.085185781 0.27600002
0.06427408 0.088117898 0.28550002
0.072612718 0.092361756 0.29925001
0.081433184 0.096605614 0.31300002
0 0 0
0.13314049 0.13919851 0.45100003
0.13900965 0.13719232 0.44450003
0.14613718 0.13657503 0.44250003
0.15389018 0.13657503 0.44250003
0.16146053 0.13642071 0.44200003
0.16891764 0.13618922 0.44125003
0.17634849 0.13595773 0.44050002
0.18406644 0.13595773 0.44050002
0.19189323 0.13603491 0.44075003
0.20029493 0.13649787 0.44225001
0.20863158 0.13688368 0.44350001
0.21676804 0.13711515 0.44425002
0.22556263 0.13773245 0.44625002
0.23455805 0.13842689 0.44850001
0.24268641 0.13858122 0.44900003
0.25208786 0.13942999 0.45175001
0.26101014 0.13997012 0.45350003
0.26910412 0.14004727 0.45375001
0.27812278 0.1405874 0.45550004
0.28735974 0.14120468 0.45750001
0.29602119 0.14151333 0.45850003
0.30405453 0.14151333 0.45850003
0.31395969 0.1423621 0.46125001
-0 0 0
-0 0 0
-0 0 0
-0 0 0
-0 0 0
-0 0 0
-0 0 0
-0 0 0
-0 0 0
-0 0 0
-0 0 0
-0 0 0
-0 0 0
-0.27198592 0.1864287 0.57175004
-0.26460293 0.18830359 0.57750005
-0.25525576 0.1888742 0.57925004
-0.24404891 0.18805903 0.57675004
-0.23587047 0.18960786 0.58150005
-0.22878687 0.19221638 0.58950001
-0 0 0
-0 0 0
-0 0 0
-0 0 0
-0 0 0
-0 0 0
-0.078641631 0.096597292 0.29625002
-0.072645269 0.095537573 0.29300001
-0.06474667 0.091624774 0.28100002
-0.058279812 0.089260787 0.27375001
-0.053092718 0.088608652 0.27175
-0.04793125 0.087875009 0.26950002
-0.042848617 0.08714135 0.26725
-0.038308974 0.087467425 0.26825002
-0.034767918 0.090483539 0.2775
-0.030094471 0.091054156 0.27925003
-0.02520176 0.091054156 0.27925003
-0.020254502 0.090809606 0.27850002
-0.015347331 0.09064658 0.27800003
-0.010448257 0.090402022 0.27725002
-0.005575465 0.090157472 0.27650002
-0.00073027617 0.090075955 0.27625
0.0041098716 0.090075955 0.27625
0.0089743175 0.090320505 0.27700001
0.013827606 0.090320505 0.27700001
0.018697755 0.090402022 0.27725002
0.023619145 0.09064658 0.27800003
0.028541194 0.090809606 0.27850002
0.033450764 0.090891115 0.27875
0.037647095 0.089260787 0.27375001
0.041551933 0.0873859 0.26800001
0.046549525 0.087956518 0.26975
0.051703483 0.088690169 0.27200001
0.056988183 0.089505337 0.27450001
0.063261002 0.091624774 0.28100002
0.070974842 0.095374539 0.29250002
0.077985927 0.097738519 0.29975
0 0 0
0 0 0
0.14221516 0.14827888 0.45475003
0.14712793 0.14526276 0.44550002
0.15441184 0.14477366 0.44400004
0.16173449 0.14436607 0.44275001
0.16920476 0.14412153 0.44200003
0.1768489 0.14404002 0.44175002
0.18469323 0.14412153 0.44200003
0.19232862 0.14404002 0.44175002
0.20006847 0.14404002 0.44175002
0.20839636 0.14444759 0.44300002
0.21664608 0.14477366 0.44400004
0.22518353 0.14526276 0.44550002
0.23403507 0.1459149 0.44750002
0.24241614 0.14624096 0.44850001
0.25111133 0.14673007 0.45000002
0.26000291 0.14730068 0.45175001
0.26895589 0.1478713 0.45350003
0.27797014 0.14844191 0.45525002
0.28720275 0.14909405 0.45725003
0.29569837 0.1493386 0.45800003
0.30388871 0.14942011 0.45825002
0.31361935 0.15023528 0.46075001
-0 0 0
-0 0 0
-0 0 0
-0 0 0
-0 0 0
-0 0 0
-0 0 0
-0 0 0
-0 0 0
-0 0 0
-0 0 0
-0 0 0
-0.28385308 0.19767819 0.57550001
-0 0 0
-0 0 0
-0 0 0
-0.24309683 0.19733471 0.57450002
-0.23374093 0.1979358 0.57625002
-0.22529393 0.19939564 0.58050001
-0 0 0
-0 0 0
-0 0 0
-0 0 0
-0 0 0
-0 0 0
-0.077911623 0.10081416 0.29350001
-0.071963444 0.099697821 0.29025
-0.063652195 0.09488897 0.27625
-0.057960477 0.093515016 0.27225003
-0.052848503 0.092913903 0.2705
-0.047753394 0.092226923 0.2685
-0.042688288 0.091454074 0.26625001
-0.039451458 0.09488897 0.27625
-0.034955855 0.09583357 0.27900001
-0.030040583 0.095747687 0.27875
-0.025088949 0.095490083 0.27800003
-0.020145411 0.095146589 0.27700001
-0.015250719 0.09488897 0.27625
-0.010372887 0.094545484 0.27525002
-0.0055502597 0.094545484 0.27525002
-0.00072697172 0.094459608 0.27500001
0.004083836 0.094287865 0.27450001
0.0089176213 0.094545484 0.27525002
0.013765207 0.094717227 0.27575001
0.018647173 0.094974846 0.27650002
0.023534182 0.095146589 0.27700001
0.028489955 0.095490083 0.27800003
0.033450764 0.095747687 0.27875
0.038334712 0.095747687 0.27875
0.04205583 0.093171522 0.27125001
0.046204399 0.091969311 0.26775002
0.051418349 0.092913903 0.2705
0.056572966 0.093600884 0.27250001
0.062191643 0.09488897 0.27625
0.070307553 0.099526078 0.28975001
0.077920891 0.1028751 0.29950002
0 0 0
0 0 0
0 0 0
0.14828382 0.15422678 0.44900003
0.1549335 0.15302457 0.44550002
0.16228244 0.15259521 0.44425002
0.16968328 0.15225172 0.44325003
0.17744942 0.15225172 0.44325003
0.18511109 0.15216585 0.44300002
0.19265515 0.15199409 0.44250003
0.20029493 0.15190822 0.44225001
0.20827875 0.15207997 0.44275001
0.21676804 0.15259521 0.44425002
0.22493081 0.15285282 0.44500002
0.23364283 0.15345393 0.44675002
0.24241614 0.15405503 0.44850001
0.25097182 0.15448441 0.44975004
0.25971514 0.15499963 0.45125002
0.26925239 0.15594423 0.45400003
0.27812278 0.15645947 0.45550004
0.28704572 0.15697469 0.45700002
0.29569837 0.15731819 0.45800003
0.30438608 0.15766168 0.45900002
0.31293869 0.15791929 0.45975003
-0 0 0
-0 0 0
-0 0 0
-0 0 0
-0 0 0
-0 0 0
-0 0 0
-0 0 0
-0 0 0
-0 0 0
-0 0 0
-0 0 0
-0 0 0
-0 0 0
-0 0 0
-0 0 0
-0 0 0
-0.23353812 0.20779519 0.57575005
-0.22393559 0.20824632 0.57700002
-0 0 0
-0 0 0
-0 0 0
-0 0 0
-0 0 0
-0 0 0
-0.077845268 0.10583749 0.29325002
-0.070723765 0.10295019 0.28525001
-0.063306578 0.099160619 0.27475002
-0.057960477 0.098258339 0.27225003
-0.052457754 0.096904911 0.2685
-0.047219839 0.095822178 0.26550001
-0.043489944 0.097897425 0.27125001
-0.039808482 0.10060426 0.27875
-0.034893211 0.10051404 0.27850002
-0.029905872 0.10015312 0.2775
-0.024976136 0.099882439 0.27675
-0.02001814 0.099341072 0.27525002
-0.015112704 0.098799706 0.27375001
-0.010259831 0.098258339 0.27225003
-0.0054948074 0.098348565 0.27250001
-0.00071838027 0.098077878 0.27175
0.0040503624 0.098258339 0.27225003
0.0088447239 0.098529018 0.273
0.013677849 0.098889932 0.27400002
0.018562874 0.099341072 0.27525002
0.023470461 0.099701978 0.27625
0.028438712 0.10015312 0.2775
0.033420764 0.10051404 0.27850002
0.038369097 0.10069449 0.27900001
0.043024857 0.10015312 0.2775
0.046031829 0.096273318 0.26675001
0.051180743 0.097175598 0.26925001
0.05641726 0.098077878 0.27175
0.061853956 0.099160619 0.27475002
0.069700927 0.10367202 0.28725001
0.077790804 0.10791274 0.29900002
0 0 0
0 0 0
0 0 0
0 0 0
0.15606377 0.16195934 0.44875002
0.16283038 0.1608766 0.44575003
0.1701618 0.16042545 0.44450003
0.17794985 0.16042545 0.44450003
0.18542449 0.16015477 0.44375002
0.19330822 0.160245 0.44400004
0.2010875 0.160245 0.44400004
0.20874918 0.16015477 0.44375002
0.21689004 0.16042545 0.44450003
0.22505718 0.16069615 0.44525003
0.23377357 0.16132773 0.44700003
0.24228103 0.16177888 0.44825003
0.25083232 0.16223001 0.44950002
0.25957128 0.16277139 0.45100003
0.26910412 0.1637639 0.45375001
0.27812278 0.1643955 0.45550004
0.28673166 0.1647564 0.45650002
0.29585975 0.165388 0.45825002
0.30455187 0.16574891 0.45925003
0.31259835 0.16574891 0.45925003
-0 0 0
-0 0 0
-0 0 0
-0 0 0
-0 0 0
-0 0 0
-0 0 0
-0 0 0
-0 0 0
-0 0 0
-0 0 0
-0 0 0
-0 0 0
-0 0 0
-0.27330846 0.22567673 0.59650004
-0 0 0
-0 0 0
-0 0 0
-0.2236445 0.21801545 0.57625002
-0 0 0
-0 0 0
-0 0 0
-0 0 0
-0 0 0
-0 0 0
-0.077314347 0.11019003 0.29125002
-0.069917969 0.10669042 0.28200001
-0.062903345 0.10328541 0.273
-0.05774758 0.10262332 0.27125001
-0.052360069 0.10139374 0.26800001
-0.047175381 0.10035332 0.26525003
-0.044371769 0.10470416 0.27675
-0.039772782 0.10536625 0.27850002
-0.034799244 0.1050825 0.27775002
-0.029878933 0.10489333 0.27725002
-0.024931014 0.10451499 0.27625
-0.019909048 0.10356916 0.27375001
-0.014974688 0.10262332 0.27125001
-0.010156197 0.10196124 0.26950002
-0.005419191 0.10167748 0.26875001
-0.00071044965 0.10167748 0.26875001
0.0040020109 0.10177208 0.26900002
0.0087313307 0.10196124 0.26950002
0.013540572 0.10262332 0.27125001
0.018411133 0.10328541 0.273
0.023343021 0.1039475 0.27475002
0.028336231 0.10460959 0.27650002
0.033360764 0.10517709 0.27800003
0.038334712 0.10546083 0.27875
0.043257426 0.10555542 0.27900001
0.046722092 0.10243416 0.27075002
0.050895616 0.10129916 0.26775002
0.056313459 0.10262332 0.27125001
0.061685108 0.10366375 0.27400002
0.068245031 0.10640667 0.28125
0.076815166 0.11170337 0.29525003
0.084279165 0.11482463 0.30350003
0 0 0
0 0 0
0 0 0
0 0 0
0.16319567 0.16902108 0.44675002
0.17064032 0.16864276 0.44575003
0.17855033 0.16873734 0.44600001
0.18646912 0.16883191 0.44625002
0.19407013 0.16864276 0.44575003
0.20176685 0.16854817 0.44550002
0.20886679 0.16798067 0.44400004
0.21689004 0.16816984 0.44450003
0.22543627 0.16873734 0.44600001
0.23403507 0.16930483 0.44750002
0.24255128 0.16977775 0.44875002
0.25069278 0.16996692 0.44925001
0.25971514 0.17072359 0.45125002
0.26880759 0.17148027 0.45325002
0.27766484 0.17204776 0.45475003
0.28704572 0.17289902 0.45700002
0.29650542 0.17375028 0.45925003
0.30521503 0.17412861 0.46025002
0.31361935 0.17431778 0.46075001
-0 0 0
-0 0 0
-0 0 0
-0 0 0
-0 0 0
-0 0 0
-0 0 0
-0 0 0
-0 0 0
-0 0 0
-0 0 0
-0 0 0
-0.28471622 0.228451 0.57725
-0.27947828 0.23250753 0.58750004
-0 0 0
-0 0 0
-0 0 0
-0 0 0
-0.2236445 0.22805525 0.57625002
-0 0 0
-0 0 0
-0 0 0
-0 0 0
-0 0 0
-0 0 0
-0.077115253 0.11496755 0.29050002
-0.069608055 0.11110891 0.28075001
-0.062730536 0.10774498 0.27225003
-0.057587907 0.10705239 0.2705
-0.052164696 0.10566725 0.26700002
-0.04762001 0.10596407 0.26775002
-0.044572186 0.11002059 0.27800003
-0.03970138 0.11002059 0.27800003
-0.034799244 0.10992164 0.27775002
-0.029798105 0.10942695 0.27650002
-0.024795644 0.10873438 0.27475002
-0.019781776 0.10764603 0.27200001
-0.014836673 0.10635982 0.26875001
-0.010033719 0.10537043 0.26625001
-0.0053385329 0.10477679 0.26475
-0.00069458841 0.10398527 0.26275
0.0039015883 0.1037874 0.26225001
0.0086017372 0.10507361 0.26550001
0.013365855 0.10596407 0.26775002
0.018208813 0.10685452 0.27000001
0.023151858 0.10784391 0.27250001
0.028156888 0.10873438 0.27475002
0.033270761 0.10972377 0.27725002
0.038265955 0.11011952 0.27825001
0.043257426 0.11041634 0.27900001
0.047412354 0.10873438 0.27475002
0.050705526 0.1055683 0.26675001
0.055898242 0.1065577 0.26925001
0.061459977 0.10804179 0.273
0.067941718 0.11081209 0.28
0.076685078 0.11664952 0.29475001
0.085459344 0.12179437 0.30775002
0 0 0
0 0 0
0 0 0
0 0 0
0 0 0
0.17169306 0.17749722 0.44850001
0.17915085 0.17710148 0.44750002
0.18667805 0.17680465 0.44675002
0.19450551 0.17680465 0.44675002
0.20244621 0.17690361 0.44700003
0.20980762 0.17650783 0.44600001
0.21713401 0.17611209 0.44500002
0.22543627 0.17650783 0.44600001
0.23416582 0.17720042 0.44775003
0.24295665 0.177893 0.44950002
0.25125083 0.17818981 0.45025003
0.26000291 0.17878345 0.45175001
0.26865932 0.17927814 0.45300001
0.27812278 0.18026754 0.45550004
0.28704572 0.18086118 0.45700002
0.29553697 0.18115799 0.45775002
0.30488345 0.18194951 0.45975003
0.31293869 0.18194951 0.45975003
-0 0 0
-0 0 0
-0 0 0
-0 0 0
-0 0 0
-0 0 0
-0 0 0
-0 0 0
-0 0 0
-0 0 0
-0 0 0
-0 0 0
-0.27953735 0.23416987 0.56675005
-0.27388874 0.23788849 0.57575005
-0 0 0
-0 0 0
-0 0 0
-0 0 0
-0.22354749 0.23799178 0.57600003
-0 0 0
-0 0 0
-0 0 0
-0 0 0
-0 0 0
-0 0 0
-0.076717064 0.11940906 0.289
-0.068926238 0.11486409 0.27800003
-0.062557727 0.11217842 0.27150002
-0.057215344 0.11104217 0.26875001
-0.051920481 0.10980263 0.26575002
-0.048109099 0.11176523 0.2705
-0.044492017 0.11465749 0.2775
-0.03962997 0.11465749 0.2775
-0.034642629 0.11424432 0.27650002
-0.029609511 0.11352126 0.27475002
-0.024592584 0.11259159 0.27250001
-0.019599959 0.11135206 0.26950002
-0.014671055 0.10980263 0.26575002
-0.0097981859 0.10742684 0.26000002
-0.0051318477 0.10515435 0.2545
-0.00066815311 0.10443129 0.25275001
0.003767692 0.10463787 0.25325
0.0083020544 0.10587742 0.25625002
0.01307882 0.10825321 0.26200002
0.017939053 0.10990592 0.266
0.022960696 0.11166194 0.27025002
0.028080028 0.11321136 0.27400002
0.033240762 0.1144509 0.27700001
0.038265955 0.11496738 0.27825001
0.043218661 0.11517397 0.27875
0.047800627 0.1144509 0.27700001
0.05065801 0.11011252 0.26650003
0.055638734 0.11073228 0.26800001
0.061066002 0.11207512 0.27125001
0.067699075 0.11527727 0.27900001
0.077595674 0.12323099 0.29825002
0 0 0
0 0 0
0 0 0
0 0 0
0 0 0
0 0 0
0.17389424 0.18768708 0.45425001
0.17985143 0.18562119 0.44925001
0.18751377 0.1854146 0.44875002
0.19515859 0.18520801 0.44825003
0.20244621 0.18469153 0.44700003
0.21027805 0.18469153 0.44700003
0.21823187 0.18479483 0.44725001
0.22619447 0.18489812 0.44750002
0.23403507 0.18489812 0.44750002
0.24228103 0.18520801 0.44825003
0.25180885 0.18644755 0.45125002
0.2604346 0.18696402 0.45250002
0.26984546 0.18799697 0.45500001
0.27827543 0.18830685 0.45575002
0.28720275 0.18892664 0.45725003
0.29618257 0.18954639 0.45875001
0.30488345 0.18995959 0.45975003
0.31259835 0.189753 0.45925003
-0 0 0
-0 0 0
-0 0 0
-0 0 0
-0 0 0
-0 0 0
-0 0 0
-0 0 0
-0 0 0
-0 0 0
-0 0 0
-0 0 0
-0.27941403 0.24393649 0.56650001
-0 0 0
-0 0 0
-0 0 0
-0 0 0
-0 0 0
-0 0 0
-0 0 0
-0 0 0
-0.21340381 0.2738634 0.63600004
-0 0 0
-0 0 0
-0 0 0
-0.077115253 0.12509012 0.29050002
-0.06880226 0.11949228 0.2775
-0.062615328 0.11701632 0.27175
-0.057321791 0.11593981 0.26925001
-0.05177395 0.11410975 0.26500002
-0.048242491 0.11680102 0.27125001
-0.044411853 0.11927699 0.27700001
-0.03952286 0.11916933 0.27675
-0.034548663 0.11873873 0.27575001
-0.029474799 0.11776988 0.27350003
-0.02443465 0.11658572 0.27075002
-0.019381778 0.11475566 0.26650003
-0.014367419 0.11206438 0.26025
-0.0094684381 0.10818896 0.25125
-0.0051066419 0.10905016 0.25325
-0.00066220522 0.10786602 0.25050002
0.0037304987 0.10797366 0.25075001
0.0081562623 0.10840427 0.25175002
0.012716905 0.10969608 0.25475001
0.017703013 0.11303325 0.26250002
0.022769533 0.11540156 0.26800001
0.027977543 0.11755457 0.273
0.033120759 0.11884639 0.27600002
0.038197193 0.11959994 0.27775002
0.043141142 0.11981524 0.27825001
0.047843769 0.11938464 0.27725002
0.050610486 0.11464801 0.26625001
0.055742536 0.11561686 0.2685
0.061347414 0.11733927 0.27250001
0.067517087 0.11981524 0.27825001
0.077335499 0.12799668 0.29725
0 0 0
0 0 0
0 0 0
0 0 0
0 0 0
0 0 0
0 0 0
0.18035185 0.19398658 0.45050001
0.1880361 0.19377127 0.45000002
0.1959205 0.19377127 0.45000002
0.20323877 0.19323303 0.44875002
0.21063086 0.19280243 0.44775003
0.21823187 0.19258711 0.44725001
0.22657356 0.19301772 0.44825003
0.23455805 0.19312537 0.44850001
0.24268641 0.19334067 0.44900003
0.25111133 0.19377127 0.45000002
0.26014683 0.19463249 0.45200002
0.26999372 0.19603194 0.45525002
0.27766484 0.19581665 0.45475003
0.28735974 0.1970008 0.45750001
0.29650542 0.19775435 0.45925003
0.30455187 0.19775435 0.45925003
0.31276852 0.197862 0.45950001
-0 0 0
-0 0 0
-0 0 0
-0 0 0
-0 0 0
-0 0 0
-0 0 0
-0 0 0
-0 0 0
-0 0 0
-0 0 0
-0 0 0
-0.27867416 0.2531344 0.565
-0 0 0
-0 0 0
-0 0 0
-0 0 0
-0 0 0
-0 0 0
-0 0 0
-0 0 0
-0.2066091 0.27587169 0.61575001
-0 0 0
-0 0 0
-0 0 0
-0.077579804 0.13093546 0.29225001
-0.06917417 0.12499912 0.27900001
-0.062615328 0.12175093 0.27175
-0.057321791 0.12063087 0.26925001
-0.051822796 0.11883877 0.26525003
-0.048331417 0.12175093 0.27175
-0.044411853 0.12410307 0.27700001
-0.039558567 0.12410307 0.27700001
-0.034579989 0.12365504 0.27600002
-0.029474799 0.12253498 0.27350003
-0.024276717 0.12051887 0.26900002
-0.01910905 0.1177187 0.26275
-0.013967175 0.11335046 0.25300002
-0.0095249666 0.11323845 0.25275001
-0.0052175466 0.11592661 0.25875002
-0.00065361365 0.11077431 0.24725001
0.0036821475 0.11088632 0.24750002
0 0 0
0.012155315 0.10909421 0.24350001
0.017264653 0.11469454 0.25600001
0.022769533 0.12007084 0.26800001
0.027951924 0.12219896 0.27275002
0.033000752 0.12320701 0.27500001
0.038025286 0.12387906 0.27650002
0.043024857 0.12432708 0.2775
0.047714345 0.12387906 0.27650002
0.050705526 0.11951081 0.26675001
0.055742536 0.12029485 0.2685
0.061403699 0.12219896 0.27275002
0.067456432 0.1245511 0.27800003
0.07570944 0.13037543 0.29100001
0 0 0
0 0 0
0 0 0
0 0 0
0 0 0
0 0 0
0 0 0
0 0 0
0.18970753 0.20340359 0.45400003
0.1969001 0.20261954 0.45225003
0.2042578 0.20205951 0.45100003
0.21215974 0.20205951 0.45100003
0.21932974 0.20138747 0.44950002
0.22733176 0.20149948 0.44975004
0.23508103 0.20138747 0.44950002
0.2432269 0.20161147 0.45000002
0.25180885 0.20217152 0.45125002
0.26115403 0.20329158 0.45375001
0.26969722 0.20373961 0.45475003
0.27766484 0.20373961 0.45475003
0.28704572 0.20474766 0.45700002
0.29618257 0.2055317 0.45875001
0.30438608 0.20564371 0.45900002
0.3134492 0.20631576 0.46050003
-0 0 0
-0 0 0
-0 0 0
-0 0 0
-0 0 0
-0 0 0
-0 0 0
-0 0 0
-0 0 0
-0 0 0
-0 0 0
-0 0 0
-0 0 0
-0 0 0
-0 0 0
-0 0 0
-0 0 0
-0 0 0
-0 0 0
-0 0 0
-0 0 0
-0 0 0
-0 0 0
-0 0 0
-0 0 0
-0.07704889 0.13509633 0.29025
-0.069546074 0.13055822 0.28050002
-0.062672935 0.1266019 0.27200001
-0.057321791 0.12532192 0.26925001
-0.051822796 0.12346014 0.26525003
-0.048242491 0.12625282 0.27125001
-0.044411853 0.12892915 0.27700001
-0.03952286 0.12881278 0.27675
-0.03451734 0.12823097 0.2755
-0.02950174 0.12741645 0.27375001
-0.024276717 0.12520556 0.26900002
-0.018981777 0.12148198 0.26100001
-0.013870562 0.11694385 0.25125
-0 0 0
-0.0044210516 0.10204951 0.21925001
-0.00060140388 0.10588946 0.22750001
0 0 0
0 0 0
0.012292593 0.11461662 0.24625002
0.016893733 0.11659478 0.25050002
0.022727054 0.12450739 0.26750001
0.027849441 0.12648554 0.27175
0.032940753 0.12776552 0.27450001
0.037956528 0.1284637 0.27600002
0.042908572 0.12881278 0.27675
0.047584921 0.12834734 0.27575001
0.05065801 0.12404195 0.26650003
0.056157753 0.12590373 0.2705
0.061572544 0.12730008 0.27350003
0.068366364 0.13114004 0.28175002
0.075449273 0.13497998 0.29000002
0 0 0
0 0 0
0 0 0
0 0 0
0 0 0
0 0 0
0 0 0
0 0 0
0 0 0
0.19755316 0.21119711 0.45375001
0.20471069 0.21038258 0.45200002
0.21227732 0.21003349 0.45125002
0.2204276 0.21026622 0.45175001
0.22897451 0.21084802 0.45300001
0.23625775 0.21026622 0.45175001
0.24457817 0.21061531 0.45250002
0.25278538 0.21084802 0.45300001
0.26115403 0.21119711 0.45375001
0.26940066 0.21142983 0.45425001
0.27781749 0.21177892 0.45500001
0.28720275 0.21282619 0.45725003
0.29634398 0.21364072 0.45900002
0.30521503 0.21422254 0.46025002
0.31327903 0.21422254 0.46025002
-0 0 0
-0 0 0
-0 0 0
-0 0 0
-0 0 0
-0 0 0
-0 0 0
-0 0 0
-0 0 0
-0 0 0
-0 0 0
-0 0 0
-0 0 0
-0 0 0
-0 0 0
-0 0 0
-0 0 0
-0.24023092 0.28598025 0.59225005
-0.22966011 0.28573883 0.59175003
-0 0 0
-0 0 0
-0 0 0
-0 0 0
-0 0 0
-0 0 0
-0.07631889 0.13882537 0.28750002
-0.07004194 0.13641101 0.2825
-0.062730536 0.13146159 0.27225003
-0.057587907 0.13061656 0.2705
-0.05196932 0.12844364 0.266
-0.047753394 0.12965082 0.2685
-0.044371769 0.13363449 0.27675
-0.039451458 0.13339306 0.27625
-0.034423374 0.13266876 0.27475002
-0.029340088 0.13146159 0.27225003
-0.024254154 0.12977153 0.26875001
-0.018963598 0.12590858 0.26075003
-0.014063786 0.12301135 0.25475001
-0 0 0
-0 0 0
-0 0 0
0 0 0
0 0 0
0 0 0
0.016961172 0.12144201 0.25150001
0.022705812 0.12904723 0.26725
0.027849441 0.13122015 0.27175
0.032820754 0.13206518 0.27350003
0.037853383 0.13291021 0.27525002
0.042831052 0.13339306 0.27625
0.047412354 0.13266876 0.27475002
0.05065801 0.12868509 0.26650003
0.056053948 0.13037513 0.27000001
0.061853956 0.13266876 0.27475002
0.069336951 0.13798034 0.28575
0.076359868 0.14172259 0.29350001
0 0 0
0 0 0
0 0 0
0 0 0
0 0 0
0 0 0
0 0 0
0 0 0
0 0 0
0.19820623 0.21982695 0.45525002
0.20606939 0.21970622 0.45500001
0.21310057 0.21874048 0.45300001
0.22103754 0.21874048 0.45300001
0.22910087 0.21886121 0.45325002
0.23691148 0.21874048 0.45300001
0.24484842 0.21874048 0.45300001
0.25222737 0.21825762 0.45200002
0.26115403 0.21910264 0.45375001
0.26895589 0.21898194 0.45350003
0.27781749 0.21970622 0.45500001
0.28845897 0.22175844 0.45925003
0.29715103 0.2222413 0.46025002
0.30554661 0.22248274 0.46075001
0.31327903 0.2222413 0.46025002
-0 0 0
-0 0 0
-0 0 0
-0 0 0
-0 0 0
-0 0 0
-0 0 0
-0 0 0
-0 0 0
-0 0 0
-0 0 0
-0 0 0
-0 0 0
-0 0 0
-0 0 0
-0 0 0
-0.24753986 0.29267171 0.58500004
-0.23810138 0.29367229 0.58700001
-0.22849579 0.2945478 0.58875
-0.2176245 0.29379737 0.58725005
-0 0 0
-0 0 0
-0 0 0
-0 0 0
-0 0 0
-0 0 0
-0.069112182 0.13945681 0.27875
-0.062903345 0.13658012 0.273
-0.057534687 0.13520433 0.27025002
-0.052213538 0.13370344 0.26725
-0.046997525 0.13220257 0.26425001
-0.04421144 0.13795593 0.27575001
-0.039415758 0.13808101 0.27600002
-0.034392051 0.13733058 0.27450001
-0.029340088 0.13620491 0.27225003
-0.024457214 0.13557956 0.27100003
-0.01952723 0.1343288 0.2685
-0.014436427 0.13082676 0.2615
-0 0 0
-0 0 0
-0 0 0
0 0 0
0 0 0
0 0 0
0.017736733 0.13157719 0.26300001
0.023151858 0.13632998 0.27250001
0.027823823 0.13582969 0.27150002
0.03285075 0.13695535 0.27375001
0.037784621 0.13745564 0.27475002
0.042637244 0.13758071 0.27500001
0.046722092 0.13545448 0.27075002
0.050800569 0.13370344 0.26725
0.056105852 0.13520433 0.27025002
0.061910234 0.13758071 0.27500001
0.069458283 0.14320903 0.28625003
0.075774483 0.14571048 0.29125002
0 0 0
0 0 0
0 0 0
0 0 0
0 0 0
0 0 0
0 0 0
0 0 0
0 0 0
0 0 0
0.20606939 0.22763355 0.45500001
0.21404141 0.22763355 0.45500001
0.22152548 0.22713326 0.45400003
0.22960633 0.22725832 0.45425001
0.23704222 0.22675803 0.45325002
0.24484842 0.22663295 0.45300001
0.25306442 0.22688311 0.45350003
0.26158568 0.2273834 0.45450002
0.26940066 0.22725832 0.45425001
0.27735952 0.22725832 0.45425001
0.28783083 0.22925951 0.45825002
0 0 0
0.30703869 0.2316359 0.46300003
0 0 0
