# .PCD v0.7 - Point Cloud Data file format
VERSION 0.7
FIELDS x y z
SIZE 4 4 4
TYPE F F F
COUNT 1 1 1
WIDTH 4800
HEIGHT 1
VIEWPOINT 0 0 0 1 0 0 0
POINTS 4800
DATA ascii
-0 -0 0
-0 -0 0
-0 -0 0
-0 -0 0
-0 -0 0
-0 -0 0
-0 -0 0
-0 -0 0
-0 -0 0
-0 -0 0
-0 -0 0
-0 -0 0
-0 -0 0
-0 -0 0
-0 -0 0
-0 -0 0
-0 -0 0
-0 -0 0
-0 -0 0
-0 -0 0
-0 -0 0
-0 -0 0
-0 -0 0
-0 -0 0
-0 -0 0
-0 -0 0
-0 -0 0
-0 -0 0
-0 -0 0
-0 -0 0
-0 -0 0
-0 -0 0
-0.062443983 -0.23071237 0.43725002
-0.054751642 -0.23058045 0.43700001
-0.047068074 -0.23044854 0.43675002
-0.039483506 -0.23084429 0.43750003
-0.031727206 -0.23018473 0.43625003
-0.024069913 -0.23005281 0.43600002
-0 -0 0
-0 -0 0
-0 -0 0
0 -0 0
0 -0 0
0 -0 0
0.028931782 -0.22635931 0.42900002
0 -0 0
0.043913472 -0.22609548 0.42850003
0.051481176 -0.22635931 0.42900002
0 -0 0
0 -0 0
0 -0 0
0 -0 0
0 -0 0
0 -0 0
0 -0 0
0 -0 0
0 -0 0
0 -0 0
0 -0 0
0 -0 0
0 -0 0
0 -0 0
0 -0 0
0 -0 0
0 -0 0
0 -0 0
0 -0 0
0 -0 0
0 -0 0
0 -0 0
0 -0 0
0 -0 0
0 -0 0
0 -0 0
0 -0 0
0 -0 0
0 -0 0
0 -0 0
0 -0 0
0 -0 0
-0 -0 0
-0 -0 0
-0 -0 0
-0 -0 0
-0 -0 0
-0 -0 0
-0 -0 0
-0 -0 0
-0 -0 0
-0 -0 0
-0 -0 0
-0 -0 0
-0 -0 0
-0 -0 0
-0 -0 0
-0 -0 0
-0 -0 0
-0 -0 0
-0 -0 0
-0 -0 0
-0 -0 0
-0 -0 0
-0 -0 0
-0 -0 0
-0 -0 0
-0 -0 0
-0 -0 0
-0 -0 0
-0 -0 0
-0 -0 0
-0 -0 0
-0 -0 0
-0 -0 0
-0 -0 0
-0 -0 0
-0 -0 0
-0 -0 0
-0 -0 0
-0 -0 0
-0 -0 0
-0.0012054513 -0.23266095 0.45600003
0.0068510259 -0.23495695 0.46050003
0.014951796 -0.23546717 0.46150002
0.022900412 -0.23406406 0.45875001
0.030533483 -0.23100273 0.45275003
0.03846607 -0.23100273 0.45275003
0.047064789 -0.23431918 0.45925003
0.055141259 -0.23444672 0.45950001
0.063260876 -0.23470183 0.46000001
0.071514286 -0.23533961 0.46125001
0.07920754 -0.23419161 0.45900002
0.087107062 -0.23380895 0.45825002
0.095499322 -0.23470183 0.46000001
0.10254586 -0.23240586 0.45550004
0.11076928 -0.23291606 0.45650002
0.11876756 -0.23291606 0.45650002
0 -0 0
0 -0 0
0 -0 0
0 -0 0
0 -0 0
0 -0 0
0 -0 0
0 -0 0
0 -0 0
0 -0 0
0 -0 0
0 -0 0
0 -0 0
0 -0 0
0 -0 0
0 -0 0
0 -0 0
0 -0 0
0 -0 0
0 -0 0
0 -0 0
0 -0 0
0 -0 0
0 -0 0
-0 -0 0
-0 -0 0
-0 -0 0
-0 -0 0
-0 -0 0
-0 -0 0
-0 -0 0
-0 -0 0
-0 -0 0
-0 -0 0
-0 -0 0
-0 -0 0
-0 -0 0
-0 -0 0
-0 -0 0
-0 -0 0
-0 -0 0
-0 -0 0
-0 -0 0
-0 -0 0
-0 -0 0
-0 -0 0
-0 -0 0
-0 -0 0
-0 -0 0
-0 -0 0
-0 -0 0
-0 -0 0
-0 -0 0
-0 -0 0
-0 -0 0
-0 -0 0
-0 -0 0
-0 -0 0
-0 -0 0
-0 -0 0
-0 -0 0
-0.025933122 -0.23149219 0.46975002
-0.017674418 -0.23112258 0.46900001
-0.0094369538 -0.2306298 0.46800002
-0.0012391565 -0.2309994 0.46875003
0.0069737639 -0.2309994 0.46875003
0.015154285 -0.2305066 0.46775001
0.023349686 -0.2305066 0.46775001
0.031578805 -0.230753 0.46825004
0.039698005 -0.23026019 0.46725002
0.04778216 -0.2297674 0.46625003
0.055891275 -0.22952099 0.46575001
0.063982874 -0.2292746 0.46525002
0.071901903 -0.22853541 0.46375003
0.080027223 -0.22853541 0.46375003
0.087914929 -0.22791941 0.46250004
0.095966436 -0.22779621 0.46225002
0.10361522 -0.2268106 0.46025002
0.11107258 -0.22557861 0.45775002
0 -0 0
0 -0 0
0 -0 0
0 -0 0
0 -0 0
0.15945457 -0.22594821 0.45850003
0 -0 0
0 -0 0
0 -0 0
0.18908074 -0.22299141 0.45250002
0.19450551 -0.22015782 0.44675002
0.20267265 -0.22052743 0.44750002
0.21039565 -0.22040422 0.44725001
0.21713401 -0.21929543 0.44500002
0 -0 0
0 -0 0
0 -0 0
0 -0 0
0 -0 0
0 -0 0
0 -0 0
0 -0 0
0 -0 0
0 -0 0
0 -0 0
-0 -0 0
-0 -0 0
-0 -0 0
-0 -0 0
-0 -0 0
-0 -0 0
-0 -0 0
-0 -0 0
-0 -0 0
-0 -0 0
-0 -0 0
-0 -0 0
-0 -0 0
-0 -0 0
-0 -0 0
-0 -0 0
-0 -0 0
-0 -0 0
-0 -0 0
-0 -0 0
-0 -0 0
-0 -0 0
-0 -0 0
-0 -0 0
-0 -0 0
-0 -0 0
-0 -0 0
-0 -0 0
-0 -0 0
-0 -0 0
-0 -0 0
-0 -0 0
-0 -0 0
-0 -0 0
-0 -0 0
-0 -0 0
-0.034345381 -0.22449633 0.47225001
-0.026112543 -0.22485286 0.47300002
-0.01782516 -0.22485286 0.47300002
-0.0095075294 -0.22413979 0.47150001
-0.0012503914 -0.22485286 0.47300002
0.0070332731 -0.22473401 0.47275001
0.015283879 -0.22425865 0.47175002
0.023524404 -0.22402096 0.47125003
0.031814843 -0.22425865 0.47175002
0.040016606 -0.22390211 0.47100002
0.048140846 -0.22330789 0.46975002
0.056251287 -0.22283252 0.46875003
0.06456735 -0.22318906 0.46950004
0.072677128 -0.22283252 0.46875003
0.080631204 -0.22211945 0.46725002
0.088485189 -0.22128755 0.46550003
0.096485458 -0.22093101 0.46475002
0.10423432 -0.22009911 0.46300003
0 -0 0
0 -0 0
0 -0 0
0 -0 0
0 -0 0
0 -0 0
0.1595415 -0.21807875 0.45875001
0 -0 0
0 -0 0
0.18375473 -0.2181976 0.45900002
0.19012539 -0.21629609 0.45500001
0.19646472 -0.21451344 0.45125002
0 -0 0
0.21215974 -0.2143946 0.45100003
0.21993966 -0.21427575 0.45075002
0 -0 0
0 -0 0
0 -0 0
0 -0 0
0 -0 0
0 -0 0
0 -0 0
0 -0 0
0.27374697 -0.20155944 0.42400002
0.27868903 -0.19977678 0.42025003
0 -0 0
-0 -0 0
-0 -0 0
-0 -0 0
-0 -0 0
-0 -0 0
-0 -0 0
-0 -0 0
-0 -0 0
-0 -0 0
-0 -0 0
-0 -0 0
-0 -0 0
-0 -0 0
-0 -0 0
-0 -0 0
-0 -0 0
-0 -0 0
-0 -0 0
-0 -0 0
-0 -0 0
-0 -0 0
-0 -0 0
-0 -0 0
-0 -0 0
-0 -0 0
-0 -0 0
-0 -0 0
-0 -0 0
-0 -0 0
-0 -0 0
-0 -0 0
-0 -0 0
-0 -0 0
-0 -0 0
-0 -0 0
-0.043048304 -0.21844375 0.47700003
-0.034781743 -0.21901619 0.47825003
-0.026374774 -0.21878722 0.47775003
-0.018013587 -0.21890169 0.47800002
-0.0096335569 -0.21878722 0.47775003
-0.0012609656 -0.21844375 0.47700003
0.0071150986 -0.21901619 0.47825003
0.015478268 -0.21878722 0.47775003
0.02378648 -0.21821478 0.47650003
0.032118324 -0.21810028 0.47625002
0.040483892 -0.21821478 0.47650003
0.048678879 -0.21752785 0.47500002
0.056911301 -0.21718438 0.47425002
0.065117441 -0.21684091 0.47350001
0.073336065 -0.21661194 0.47300002
0.081450887 -0.21615399 0.47200003
0.089388095 -0.21535257 0.47025001
0.097471595 -0.21500911 0.46950004
0.10519112 -0.21397871 0.46725002
0.11386305 -0.21489461 0.46925002
0.12201969 -0.21478012 0.46900001
0 -0 0
0 -0 0
0 -0 0
0 -0 0
0 -0 0
0 -0 0
0 -0 0
0.1845554 -0.21111649 0.46100003
0.19064771 -0.20894122 0.45625001
0.20081849 -0.21123098 0.46125001
0 -0 0
0.21462943 -0.20894122 0.45625001
0.22115952 -0.20756736 0.45325002
0 -0 0
0 -0 0
0 -0 0
0 -0 0
0 -0 0
0 -0 0
0.27186427 -0.20390373 0.44525003
0.27040082 -0.19714892 0.43050003
0.27293992 -0.19359979 0.42275003
0 -0 0
0 -0 0
-0 -0 0
-0 -0 0
-0 -0 0
-0 -0 0
-0 -0 0
-0 -0 0
-0 -0 0
-0 -0 0
-0 -0 0
-0 -0 0
-0 -0 0
-0 -0 0
-0 -0 0
-0 -0 0
-0 -0 0
-0 -0 0
-0 -0 0
-0 -0 0
-0 -0 0
-0 -0 0
-0 -0 0
-0 -0 0
-0 -0 0
-0 -0 0
-0 -0 0
-0 -0 0
-0 -0 0
-0 -0 0
-0 -0 0
-0 -0 0
-0 -0 0
-0 -0 0
-0 -0 0
-0 -0 0
-0 -0 0
-0 -0 0
-0.034799926 -0.21079394 0.47850001
-0.026678408 -0.21288647 0.48325002
-0.018154906 -0.21222566 0.48175001
-0.0097444616 -0.21288647 0.48325002
-0.0012774876 -0.21288647 0.48325002
0.0071820472 -0.2126662 0.48275003
0.01562406 -0.21244594 0.48225003
0.024011115 -0.21189527 0.48100004
0.032404944 -0.211675 0.48050001
0.040887456 -0.21200541 0.48125002
0.049345009 -0.21211554 0.48150003
0.057541318 -0.21123448 0.47950003
0.065701924 -0.21046355 0.47775003
0.073801197 -0.20969261 0.47600001
0.082054868 -0.20947234 0.47550002
0.090291008 -0.20925209 0.47500002
0.098094411 -0.20815076 0.47250003
0.10626048 -0.20793051 0.47200003
0.11410569 -0.20715956 0.47025001
0.12338558 -0.20892169 0.47425002
0 -0 0
0 -0 0
0 -0 0
0 -0 0
0 -0 0
0 -0 0
0.17944509 -0.20649877 0.46875003
0.18625683 -0.2049569 0.46525002
0.19231914 -0.20275426 0.46025002
0.20081849 -0.20319478 0.46125001
0.20901324 -0.20330492 0.46150002
0.21545267 -0.20176306 0.45800003
0 -0 0
0 -0 0
0 -0 0
0 -0 0
0 -0 0
0 -0 0
0 -0 0
0.26881129 -0.19394363 0.44025001
0.26820245 -0.18810661 0.42700002
0.27310133 -0.18634449 0.42300001
0.28001532 -0.1860141 0.42225003
0 -0 0
-0 -0 0
-0 -0 0
-0 -0 0
-0 -0 0
-0 -0 0
-0 -0 0
-0 -0 0
-0 -0 0
-0 -0 0
-0 -0 0
-0 -0 0
-0 -0 0
-0 -0 0
-0 -0 0
-0 -0 0
-0 -0 0
-0 -0 0
-0 -0 0
-0 -0 0
-0 -0 0
-0 -0 0
-0 -0 0
-0 -0 0
-0 -0 0
-0 -0 0
-0 -0 0
-0 -0 0
-0 -0 0
-0 -0 0
-0 -0 0
-0 -0 0
-0 -0 0
-0 -0 0
-0 -0 0
-0 -0 0
-0 -0 0
-0 -0 0
-0.026802622 -0.20541896 0.48550004
-0.018267963 -0.20510162 0.48475003
-0.0097646257 -0.20489006 0.48425001
-0.0012867401 -0.20594785 0.48675004
0.0072489954 -0.2061594 0.48725003
0.015753653 -0.20573628 0.48625001
0.024260711 -0.20563051 0.48600003
0.032708425 -0.20520739 0.48500001
0.041269779 -0.20552473 0.48575002
0.049678076 -0.20510162 0.48475003
0.058051325 -0.20467851 0.48375002
0.066561446 -0.20478429 0.48400003
0.07461518 -0.20362073 0.48125002
0.082745127 -0.20288031 0.47950003
0.091098875 -0.20277452 0.47925001
0.098613426 -0.20097631 0.47500002
0.10811778 -0.20319763 0.48025003
0.11610755 -0.20245719 0.47850001
0.12436121 -0.20224564 0.47800002
0.13176429 -0.20076476 0.47450003
0.1409636 -0.20203409 0.47750002
0 -0 0
0 -0 0
0 -0 0
0 -0 0
0.18049783 -0.19949543 0.47150001
0.18825851 -0.19896655 0.47025001
0.19305038 -0.19547591 0.46200001
0.20212464 -0.19642791 0.46425003
0.20437102 -0.19092749 0.45125002
0.21592309 -0.19420658 0.45900002
0 -0 0
0 -0 0
0 -0 0
0 -0 0
0 -0 0
0 -0 0
0.26391479 -0.18828307 0.44500002
0.26346865 -0.18257111 0.43150002
0.26726028 -0.18003246 0.42550001
0.27390835 -0.17950357 0.42425001
0 -0 0
0 -0 0
-0 -0 0
-0 -0 0
-0 -0 0
-0 -0 0
-0 -0 0
-0 -0 0
-0 -0 0
-0 -0 0
-0 -0 0
-0 -0 0
-0 -0 0
-0 -0 0
-0 -0 0
-0 -0 0
-0 -0 0
-0 -0 0
-0 -0 0
-0 -0 0
-0 -0 0
-0 -0 0
-0 -0 0
-0 -0 0
-0 -0 0
-0 -0 0
-0 -0 0
-0 -0 0
-0 -0 0
-0 -0 0
-0 -0 0
-0 -0 0
-0 -0 0
-0 -0 0
-0 -0 0
-0 -0 0
-0 -0 0
-0 -0 0
-0 -0 0
-0 -0 0
-0.01845639 -0.19868441 0.48975003
-0.0099057769 -0.19929294 0.49125004
-0.0013111926 -0.20121993 0.49600002
0.0073791719 -0.20121993 0.49600002
0.016020939 -0.2006114 0.49450001
0.024572706 -0.19969861 0.49225003
0.033197366 -0.19969861 0.49225003
0.041906986 -0.2001043 0.49325001
0.050369829 -0.19939435 0.49150002
0.058891345 -0.19909008 0.49075001
0.067420967 -0.19888724 0.49025002
0.07581678 -0.19838014 0.48900002
0.08356481 -0.19645312 0.48425001
0.091859221 -0.19604744 0.48325002
0.10001478 -0.19543892 0.48175001
0.1080615 -0.19472897 0.48000002
0.11671418 -0.19513465 0.48100004
0.12488155 -0.19472897 0.48000002
0.1323891 -0.19341049 0.47675002
0 -0 0
0 -0 0
0 -0 0
0 -0 0
0.17251071 -0.1915849 0.47225001
0.18088065 -0.19168633 0.47250003
0.18865885 -0.19117923 0.47125003
0.19252807 -0.18691953 0.46075001
0.19254631 -0.17941435 0.44225001
0.20074783 -0.17982003 0.44325003
0 -0 0
0 -0 0
0.22467808 -0.18032715 0.44450003
0 -0 0
0 -0 0
0 -0 0
0 -0 0
0.2621356 -0.17931293 0.44200003
0.26117897 -0.1735319 0.42775002
0.26773137 -0.17292337 0.42625001
0.27552244 -0.17312624 0.42675003
0.29394147 -0.17982003 0.44325003
0.30170763 -0.17982003 0.44325003
-0 -0 0
-0 -0 0
-0 -0 0
-0 -0 0
-0 -0 0
-0 -0 0
-0 -0 0
-0 -0 0
-0 -0 0
-0 -0 0
-0 -0 0
-0 -0 0
-0 -0 0
-0 -0 0
-0 -0 0
-0 -0 0
-0 -0 0
-0 -0 0
-0 -0 0
-0 -0 0
-0 -0 0
-0 -0 0
-0 -0 0
-0 -0 0
-0 -0 0
-0 -0 0
-0 -0 0
-0 -0 0
-0 -0 0
-0 -0 0
-0 -0 0
-0 -0 0
-0 -0 0
-0 -0 0
-0 -0 0
-0 -0 0
-0 -0 0
-0 -0 0
-0.018654238 -0.19219004 0.49500003
-0.010067092 -0.19384015 0.49925002
-0.0013277148 -0.19500493 0.50225002
0.00744612 -0.19432548 0.50050002
0.01617483 -0.19384015 0.49925002
0.024909658 -0.19374306 0.49900001
0.033618864 -0.19354895 0.49850002
0.042416755 -0.19384015 0.49925002
0.051087201 -0.19354895 0.49850002
0.059611365 -0.19286948 0.49675003
0.068314873 -0.19286948 0.49675003
0.07655324 -0.19170471 0.49375004
0.084384501 -0.18986045 0.48900002
0.091811694 -0.18753088 0.48300001
0.10001478 -0.18704554 0.48175001
0 -0 0
0.1173208 -0.18772501 0.48350003
0.12592223 -0.18791914 0.48400003
0.12704355 -0.17763017 0.45750001
0.13321428 -0.17520353 0.45125002
0.14033876 -0.17423287 0.44875002
0.14778844 -0.17374755 0.44750002
0.1563246 -0.17452407 0.44950002
0 -0 0
0.17915797 -0.18170694 0.46800002
0 -0 0
0.18897629 -0.1755918 0.45225003
0.19276398 -0.1719033 0.44275001
0.19995524 -0.17141797 0.44150001
0.20745552 -0.17122383 0.44100001
0.21481627 -0.17093264 0.44025001
0.22556263 -0.17326222 0.44625002
0 -0 0
0 -0 0
0 -0 0
0.25827628 -0.17423287 0.44875002
0.25783587 -0.16879719 0.43475002
0.26163691 -0.16637056 0.42850003
0.26851648 -0.16598229 0.42750001
0.27584526 -0.16588522 0.42725003
0.29775459 -0.17432995 0.44900003
0 -0 0
-0 -0 0
-0 -0 0
-0 -0 0
-0 -0 0
-0 -0 0
-0 -0 0
-0 -0 0
-0 -0 0
-0 -0 0
-0 -0 0
-0 -0 0
-0 -0 0
-0 -0 0
-0 -0 0
-0 -0 0
-0 -0 0
-0 -0 0
-0 -0 0
-0 -0 0
-0 -0 0
-0 -0 0
-0 -0 0
-0 -0 0
-0 -0 0
-0 -0 0
-0 -0 0
-0 -0 0
-0 -0 0
-0 -0 0
-0 -0 0
-0 -0 0
-0 -0 0
-0 -0 0
-0 -0 0
-0 -0 0
-0 -0 0
-0 -0 0
-0 -0 0
-0.018993406 -0.18690336 0.50400001
-0.010188079 -0.18736692 0.50525004
-0.0013422542 -0.18829401 0.50775003
0.0075800163 -0.18894298 0.50950003
0.016409718 -0.18783045 0.50650001
0.025146775 -0.18681066 0.50375003
0.033956066 -0.18671794 0.50350004
0.04277784 -0.18671794 0.50350004
0.051983915 -0.18810858 0.50725001
0.060571384 -0.18718149 0.50475001
0.069140017 -0.18643981 0.50275004
0.077095896 -0.18440019 0.49725002
0.085333608 -0.18338038 0.49450001
0.093760081 -0.18291682 0.49325001
0 -0 0
0.10924342 -0.17995012 0.48525003
0.11835206 -0.18087721 0.48775002
0 -0 0
0.1247526 -0.16659987 0.44925001
0.13284527 -0.166878 0.45000002
0.14018241 -0.16622902 0.44825003
0.14803614 -0.16622902 0.44825003
0.15554209 -0.16585818 0.44725001
0.16420025 -0.16669258 0.44950002
0.17159736 -0.16622902 0.44825003
0.17935102 -0.16613632 0.44800001
0 -0 0
0 -0 0
0 -0 0
0 -0 0
0 -0 0
0 -0 0
0 -0 0
0 -0 0
0 -0 0
0.25770074 -0.16604361 0.44775003
0.25798413 -0.16131541 0.43500003
0.26194221 -0.15909036 0.42900002
0.26961571 -0.15918307 0.42925003
0 -0 0
0 -0 0
0 -0 0
-0 -0 0
-0 -0 0
-0 -0 0
-0 -0 0
-0 -0 0
-0 -0 0
-0 -0 0
-0 -0 0
-0 -0 0
-0 -0 0
-0 -0 0
-0 -0 0
-0 -0 0
-0 -0 0
-0 -0 0
-0 -0 0
-0 -0 0
-0 -0 0
-0 -0 0
-0 -0 0
-0 -0 0
-0 -0 0
-0 -0 0
-0 -0 0
-0 -0 0
-0.13704216 -0.18245171 0.51625001
-0 -0 0
-0 -0 0
-0 -0 0
-0 -0 0
-0 -0 0
-0 -0 0
-0 -0 0
-0 -0 0
-0 -0 0
-0 -0 0
-0 -0 0
-0 -0 0
-0 -0 0
-0.010334271 -0.1811264 0.51250005
-0.0013574546 -0.18147981 0.51350003
0.0076023326 -0.18059628 0.51100004
0.016539311 -0.18041955 0.51050001
0.025483729 -0.18041955 0.51050001
0.034276403 -0.17962436 0.50825
0.043330085 -0.18024287 0.51000005
0.052598812 -0.18139146 0.51325005
0.061261401 -0.18041955 0.51050001
0.069965154 -0.17980108 0.50875002
0.078181207 -0.17821071 0.50425005
0.085376747 -0.17485324 0.49475002
0 -0 0
0 -0 0
0 -0 0
0 -0 0
0 -0 0
0.12891796 -0.164074 0.46425003
0.13631402 -0.16319047 0.46175003
0.14362246 -0.16230692 0.45925003
0.15208174 -0.16274869 0.46050003
0.15936762 -0.16195349 0.45825002
0.16703129 -0.16160008 0.45725003
0.17427707 -0.16089325 0.45525002
0.17975135 -0.15868439 0.44900003
0.18897629 -0.159833 0.45225003
0 -0 0
0 -0 0
0 -0 0
0 -0 0
0 -0 0
0 -0 0
0 -0 0
0 -0 0
0.256118 -0.15727073 0.44500002
0.2608012 -0.15541528 0.43975002
0.2639266 -0.15276465 0.43225002
0 -0 0
0 -0 0
0 -0 0
0 -0 0
-0 -0 0
-0 -0 0
-0 -0 0
-0 -0 0
-0 -0 0
-0 -0 0
-0 -0 0
-0 -0 0
-0 -0 0
-0 -0 0
-0 -0 0
-0 -0 0
-0 -0 0
-0 -0 0
-0 -0 0
-0 -0 0
-0 -0 0
-0 -0 0
-0 -0 0
-0 -0 0
-0 -0 0
-0 -0 0
-0 -0 0
-0 -0 0
-0 -0 0
-0 -0 0
-0 -0 0
-0 -0 0
-0 -0 0
-0.099005476 -0.17026532 0.50675005
-0.0899489 -0.1699293 0.50575
-0.080807127 -0.16934131 0.50400001
-0.07172668 -0.16875333 0.50225002
-0.062770195 -0.16833334 0.50100005
-0.05393834 -0.16816534 0.50050002
-0.044875827 -0.16707335 0.49725002
-0.036127195 -0.16690536 0.49675003
-0 -0 0
-0 -0 0
-0.01023849 -0.17060129 0.50775003
-0.0013462196 -0.1711053 0.50925004
0.0075651393 -0.1708533 0.50850004
0.016442118 -0.17051731 0.50750005
0.025333973 -0.17051731 0.50750005
0.034107804 -0.1699293 0.50575
0.043011479 -0.17009731 0.50625002
0.05203516 -0.17060129 0.50775003
0.061081395 -0.17102128 0.509
0.070033915 -0.1711053 0.50925004
0.078685105 -0.17051731 0.50750005
0 -0 0
0 -0 0
0 -0 0
0 -0 0
0 -0 0
0 -0 0
0.12877911 -0.15581754 0.46375003
0.13712583 -0.15606952 0.46450001
0.1457334 -0.15657352 0.46600002
0.15365043 -0.15632153 0.46525002
0.16171511 -0.15623753 0.46500003
0.17077556 -0.15707752 0.46750003
0 -0 0
0.18615675 -0.15623753 0.46500003
0 -0 0
0 -0 0
0 -0 0
0 -0 0
0 -0 0
0 -0 0
0 -0 0
0 -0 0
0 -0 0
0 -0 0
0 -0 0
0 -0 0
0 -0 0
0 -0 0
0 -0 0
0 -0 0
-0 -0 0
-0 -0 0
-0 -0 0
-0 -0 0
-0 -0 0
-0 -0 0
-0 -0 0
-0 -0 0
-0 -0 0
-0 -0 0
-0 -0 0
-0 -0 0
-0 -0 0
-0 -0 0
-0 -0 0
-0 -0 0
-0 -0 0
-0 -0 0
-0 -0 0
-0 -0 0
-0 -0 0
-0 -0 0
-0 -0 0
-0 -0 0
-0 -0 0
-0 -0 0
-0 -0 0
-0 -0 0
-0.1072455 -0.16048065 0.50375003
-0.098077446 -0.15992315 0.50200003
-0.089148566 -0.15968421 0.50125003
-0.080406293 -0.15976386 0.50150001
-0.07108403 -0.15856922 0.49775001
-0.062582262 -0.15912671 0.49950004
-0.05366892 -0.15864886 0.49800003
-0.044627644 -0.15753385 0.49450001
-0.036018103 -0.15777278 0.49525002
-0.02716146 -0.15673742 0.49200001
-0.018644817 -0.1576135 0.49475002
-0.0099662701 -0.15745421 0.49425003
-0.0013032621 -0.157056 0.49300003
0.0073271012 -0.15689671 0.49250004
0.015956143 -0.15689671 0.49250004
0.024622623 -0.15713564 0.49325001
0.033062484 -0.15617992 0.49025002
0.041843269 -0.15689671 0.49250004
0.050395448 -0.15665779 0.49175003
0.058861349 -0.15625957 0.49050003
0.06724906 -0.1557817 0.48900002
0.075855538 -0.15586135 0.48925003
0.083953083 -0.15498528 0.48650002
0.092572041 -0.15514456 0.48700002
0 -0 0
0 -0 0
0 -0 0
0 -0 0
0.12877911 -0.14773777 0.46375003
0.13675682 -0.14757848 0.46325001
0.14487338 -0.14757848 0.46325001
0.15241198 -0.14702098 0.46150002
0.15997621 -0.14654312 0.46000001
0.16858378 -0.14702098 0.46150002
0.17628686 -0.14670241 0.46050003
0 -0 0
0 -0 0
0 -0 0
0 -0 0
0 -0 0
0 -0 0
0 -0 0
0 -0 0
0 -0 0
0.2552965 -0.14574669 0.45750001
0.26475117 -0.14654312 0.46000001
0 -0 0
0 -0 0
0 -0 0
0 -0 0
0 -0 0
0.33097649 -0.15490563 0.48625001
-0 -0 0
-0 -0 0
-0 -0 0
-0 -0 0
-0 -0 0
-0 -0 0
-0 -0 0
-0 -0 0
-0 -0 0
-0 -0 0
-0 -0 0
-0 -0 0
-0 -0 0
-0 -0 0
-0 -0 0
-0 -0 0
-0 -0 0
-0 -0 0
-0 -0 0
-0 -0 0
-0 -0 0
-0 -0 0
-0 -0 0
-0 -0 0
-0 -0 0
-0 -0 0
-0 -0 0
-0 -0 0
-0.10740518 -0.15192984 0.50450003
-0.098126285 -0.15125224 0.50225002
-0.088970721 -0.15064995 0.50025004
-0.080125719 -0.15049937 0.49975002
-0.071298249 -0.1503488 0.49925002
-0.062425647 -0.15004766 0.49825004
-0.053372554 -0.1491442 0.49525002
-0.044627644 -0.14891833 0.49450001
-0.035927195 -0.14876777 0.49400002
-0.027189065 -0.14831604 0.49250004
-0.018541181 -0.14816546 0.49200001
-0.0099108182 -0.14801489 0.49150002
-0.0012973141 -0.14778903 0.49075001
0.0072973468 -0.14771375 0.49050003
0.015875146 -0.14756316 0.49000001
0.024447907 -0.14748788 0.48975003
0.032978185 -0.14726202 0.48900002
0.041524664 -0.14718673 0.48875001
0.049959898 -0.14681029 0.48750001
0.058501337 -0.14681029 0.48750001
0.067042775 -0.14681029 0.48750001
0.075506687 -0.14665972 0.48700002
0.083823659 -0.14628328 0.48575002
0.092334434 -0.14628328 0.48575002
0.10094901 -0.14643386 0.48625001
0.10924342 -0.14613271 0.48525003
0.11786676 -0.14628328 0.48575002
0.12533686 -0.14507869 0.48175001
0.13218082 -0.14334707 0.47600001
0.14029936 -0.14312121 0.47525004
0.14870436 -0.14319651 0.47550002
0.1562099 -0.14244363 0.47300002
0.1643234 -0.14229305 0.47250003
0.17424586 -0.14364822 0.47700003
0.18260331 -0.14364822 0.47700003
0 -0 0
0 -0 0
0 -0 0
0.20822068 -0.13845341 0.45975003
0 -0 0
0 -0 0
0 -0 0
0.24122608 -0.13890512 0.46125001
0.24944271 -0.13898042 0.46150002
0.25459898 -0.13739938 0.45625001
0.26403174 -0.13815224 0.45875001
0 -0 0
0 -0 0
0 -0 0
0 -0 0
0 -0 0
0 -0 0
-0 -0 0
-0 -0 0
-0 -0 0
-0 -0 0
-0 -0 0
-0 -0 0
-0 -0 0
-0 -0 0
-0 -0 0
-0 -0 0
-0 -0 0
-0 -0 0
-0 -0 0
-0 -0 0
-0 -0 0
-0 -0 0
-0 -0 0
-0 -0 0
-0 -0 0
-0 -0 0
-0 -0 0
-0 -0 0
-0 -0 0
-0 -0 0
-0 -0 0
-0 -0 0
-0 -0 0
-0.11618686 -0.14306918 0.50425005
-0.10756485 -0.14335291 0.50525004
-0.098223977 -0.14264359 0.50275004
-0.089415349 -0.14264359 0.50275004
-0.080566622 -0.14257264 0.5025
-0.071655281 -0.14235987 0.50175005
-0.062676229 -0.14193428 0.50025004
-0.053992227 -0.14214706 0.50100005
-0.045101445 -0.1417924 0.49975002
-0.036236286 -0.14136682 0.49825004
-0.0274927 -0.14129588 0.49800003
-0.018691923 -0.14072843 0.49600002
-0.0099864341 -0.14051564 0.49525002
-0.0013085492 -0.14044471 0.49500003
0.0073419786 -0.14001912 0.49350002
0.015972342 -0.13987726 0.49300003
0.024622623 -0.13994817 0.49325001
0.033180505 -0.13959353 0.49200001
0.041779548 -0.1395226 0.49175003
0.050523553 -0.13987726 0.49300003
0.058771346 -0.13895515 0.48975003
0.06724906 -0.13874234 0.48900002
0.075700492 -0.13852955 0.48825002
0.084039368 -0.13817489 0.48700002
0.092381954 -0.13789117 0.48600003
0.10094901 -0.13796209 0.48625001
0.10935599 -0.13782023 0.48575002
0.11750278 -0.13739464 0.48425001
0.12585719 -0.13725278 0.48375002
0.13440235 -0.13732371 0.48400003
0.14295627 -0.13739464 0.48425001
0.1512844 -0.13725278 0.48375002
0.15976013 -0.13725278 0.48375002
0.16771421 -0.13682719 0.48225003
0.17634632 -0.13696906 0.48275003
0.18432599 -0.1366144 0.48150003
0.19256215 -0.13647254 0.48100004
0.20057184 -0.13618881 0.48000002
0.20876417 -0.13604695 0.47950003
0.21739189 -0.13618881 0.48000002
0.22591953 -0.13625973 0.48025003
0.23384599 -0.135976 0.47925001
0.24110562 -0.13533762 0.47700003
0.24776338 -0.13441551 0.47375003
0.25309113 -0.13285501 0.46825004
0.2615743 -0.13299689 0.46875003
0.27338436 -0.13477017 0.47500002
0.28244814 -0.13512483 0.47625002
0 -0 0
0 -0 0
0 -0 0
0 -0 0
0 -0 0
-0 -0 0
-0 -0 0
-0 -0 0
-0 -0 0
-0 -0 0
-0 -0 0
-0 -0 0
-0 -0 0
-0 -0 0
-0 -0 0
-0 -0 0
-0 -0 0
-0 -0 0
-0 -0 0
-0 -0 0
-0 -0 0
-0 -0 0
-0 -0 0
-0 -0 0
-0 -0 0
-0 -0 0
-0 -0 0
-0 -0 0
-0 -0 0
-0.14099374 -0.13268597 0.49825004
-0.13252941 -0.13295227 0.49925002
-0.1237201 -0.13288569 0.49900001
-0.11480437 -0.13268597 0.49825004
-0.10570202 -0.13221994 0.49650002
-0.097295955 -0.1326194 0.49800003
-0.088437155 -0.13241966 0.49725002
-0.079965383 -0.13281912 0.49875003
-0.07097692 -0.13235308 0.49700001
-0.062175065 -0.13215336 0.49625003
-0.053453382 -0.13208678 0.49600002
-0.044943511 -0.1326194 0.49800003
-0.036090832 -0.13215336 0.49625003
-0.027396088 -0.13215336 0.49625003
-0.018691923 -0.13208678 0.49600002
-0.0099914754 -0.13195363 0.49550003
-0.0013085492 -0.13182048 0.49500003
0.0073568556 -0.13168733 0.49450001
0.01601284 -0.13162075 0.49425003
0.024647584 -0.13148761 0.49375004
0.033247944 -0.13128787 0.49300003
0.041864507 -0.13122129 0.49275002
0.050549168 -0.13135445 0.49325001
0.059071351 -0.13108814 0.49225003
0.067592867 -0.13088842 0.49150002
0.076126866 -0.13075526 0.49100003
0.084600203 -0.13055554 0.49025002
0.093142301 -0.13048896 0.49000001
0.10167564 -0.13042238 0.48975003
0.11020022 -0.13035581 0.48950002
0.11853404 -0.13008951 0.48850003
0.127093 -0.13008951 0.48850003
0.13530485 -0.12975663 0.48725003
0.1433253 -0.1292906 0.48550004
0.15190987 -0.12935716 0.48575002
0.16050321 -0.12942375 0.48600003
0.16858365 -0.12909086 0.48475003
0.17680293 -0.12889114 0.48400003
0.18490021 -0.12862483 0.48300001
0.19276232 -0.12822537 0.48150003
0.20224327 -0.12889114 0.48400003
0.20996146 -0.12842511 0.48225003
0.21773157 -0.12802565 0.48075002
0.22650756 -0.12822537 0.48150003
0.23433395 -0.12789249 0.48025003
0.24211654 -0.12755962 0.47900003
0.25037831 -0.12749304 0.47875002
0.25903666 -0.1276262 0.47925001
0.26645702 -0.12716016 0.47750002
0.27381605 -0.12669413 0.47575003
0.28304121 -0.12709358 0.47725001
0.29002923 -0.12649439 0.47500002
0.2933268 -0.12436397 0.46700001
0.30457577 -0.12562892 0.47175002
0.31367019 -0.1259618 0.47300002
0.3222979 -0.12609494 0.47350001
-0 -0 0
-0 -0 0
-0 -0 0
-0 -0 0
-0 -0 0
-0 -0 0
-0 -0 0
-0 -0 0
-0 -0 0
-0 -0 0
-0 -0 0
-0 -0 0
-0 -0 0
-0 -0 0
-0 -0 0
-0 -0 0
-0 -0 0
-0 -0 0
-0 -0 0
-0 -0 0
-0 -0 0
-0 -0 0
-0.15853281 -0.12406734 0.49850002
-0.14949813 -0.12381846 0.49750003
-0.14049852 -0.12356958 0.49650002
-0.13193212 -0.12369401 0.49700001
-0.12316225 -0.1236318 0.49675003
-0.11388271 -0.12300959 0.49425003
-0.1049569 -0.12269849 0.49300003
-0.096172556 -0.12251183 0.49225003
-0.087547898 -0.12251183 0.49225003
-0.078843065 -0.12238739 0.49175003
-0.070120059 -0.12220073 0.49100003
-0.061329357 -0.12182741 0.48950002
-0.052725941 -0.12176519 0.48925003
-0.044131279 -0.12170297 0.48900002
-0.035563562 -0.12170297 0.48900002
-0.026982041 -0.12164074 0.48875001
-0.018399863 -0.1215163 0.48825002
-0.0098604066 -0.12170297 0.48900002
-0.0012880617 -0.12126742 0.48725003
0.0072415564 -0.12114298 0.48675004
0.015769852 -0.12114298 0.48675004
0.024273189 -0.12101854 0.48625001
0.032826446 -0.12114298 0.48675004
0.0413335 -0.12108076 0.48650002
0.049985521 -0.12139186 0.48775002
0.058471337 -0.12126742 0.48725003
0.06707716 -0.12139186 0.48775002
0.075661734 -0.12145409 0.48800004
0.084082514 -0.12126742 0.48725003
0.092619568 -0.12126742 0.48725003
0.10146803 -0.12164074 0.48875001
0.10986253 -0.12145409 0.48800004
0.11829139 -0.12132964 0.48750001
0.12702796 -0.1215163 0.48825002
0.13551311 -0.12145409 0.48800004
0.14428473 -0.12164074 0.48875001
0.15276989 -0.12157853 0.48850003
0.16124627 -0.1215163 0.48825002
0.16962697 -0.12139186 0.48775002
0.17762484 -0.12101854 0.48625001
0.18604867 -0.12095632 0.48600003
0.19486408 -0.12114298 0.48675004
0.20318344 -0.12101854 0.48625001
0.21148528 -0.1208941 0.48575002
0.21976961 -0.12076966 0.48525003
0.22827163 -0.12076966 0.48525003
0.23652969 -0.12064523 0.48475003
0.24464385 -0.12045856 0.48400003
0.25194725 -0.11989857 0.48175001
0.26038793 -0.11989857 0.48175001
0.26896814 -0.1199608 0.48200002
0.27669376 -0.11964969 0.48075002
0.28467214 -0.11946303 0.48000002
0.29063982 -0.11846751 0.47600001
0.29159951 -0.11554316 0.46425003
0.30457577 -0.11740977 0.47175002
0.31582543 -0.11852973 0.47625002
0.32433996 -0.11859195 0.47650003
-0 -0 0
-0 -0 0
-0 -0 0
-0 -0 0
-0 -0 0
-0 -0 0
-0 -0 0
-0 -0 0
-0 -0 0
-0 -0 0
-0 -0 0
-0 -0 0
-0 -0 0
-0 -0 0
-0 -0 0
-0 -0 0
-0 -0 0
-0 -0 0
-0 -0 0
-0 -0 0
-0.17582461 -0.11526641 0.49800003
-0.1671831 -0.11532427 0.49825004
-0.15853281 -0.11538213 0.49850002
-0.14949813 -0.11515068 0.49750003
-0.14028628 -0.11474562 0.49575001
-0.13160029 -0.11474562 0.49575001
-0.12266637 -0.11451416 0.49475002
-0.11353709 -0.11405125 0.49275002
-0.10474399 -0.11387765 0.49200001
-0.096074872 -0.11381979 0.49175003
-0.087370045 -0.11370406 0.49125004
-0.078442238 -0.11324114 0.48925003
-0.069834433 -0.11318327 0.48900002
-0.061204068 -0.11306755 0.48850003
-0.052537344 -0.11283609 0.48750001
-0.043815412 -0.11237317 0.48550004
-0.035254471 -0.11219958 0.48475003
-0.02678882 -0.1123153 0.48525003
-0.018277384 -0.11225744 0.48500001
-0.0097595844 -0.11202598 0.48400003
-0.0012761658 -0.11173666 0.48275003
0.0071820472 -0.11173666 0.48275003
0.015599762 -0.11144734 0.48150003
0.024011115 -0.11133161 0.48100004
0.032438666 -0.11133161 0.48100004
0.040866219 -0.11133161 0.48100004
0.049268149 -0.11127374 0.48075002
0.057691321 -0.11127374 0.48075002
0.06597697 -0.11104229 0.47975004
0.074266329 -0.11086869 0.47900003
0.08265885 -0.11086869 0.47900003
0.091051355 -0.11086869 0.47900003
0.099859074 -0.11133161 0.48100004
0.10817406 -0.11121587 0.48050001
0.11671418 -0.11133161 0.48100004
0.12520677 -0.11138947 0.48125002
0.13370813 -0.11144734 0.48150003
0.14214444 -0.11144734 0.48150003
0.15058076 -0.11144734 0.48150003
0.15926476 -0.11162093 0.48225003
0.16754031 -0.1115052 0.48175001
0.17616367 -0.11162093 0.48225003
0.18461311 -0.11162093 0.48225003
0.19276232 -0.11144734 0.48150003
0.20182541 -0.11179452 0.48300001
0.21039684 -0.11185239 0.48325002
0.21875058 -0.11179452 0.48300001
0.2278012 -0.11208384 0.48425001
0.23591976 -0.11191025 0.48350003
0.24464385 -0.11202598 0.48400003
0.25260097 -0.11179452 0.48300001
0.26052305 -0.11156306 0.48200002
0.26924714 -0.11167879 0.48250002
0.27683765 -0.11133161 0.48100004
0.28482041 -0.11115801 0.48025003
0.29033452 -0.11005858 0.47550002
0.29756653 -0.10965353 0.47375003
0.30683547 -0.11000072 0.47525004
0.31682017 -0.11057937 0.47775003
0.32604161 -0.11086869 0.47900003
-0 -0 0
-0 -0 0
-0 -0 0
-0 -0 0
-0 -0 0
-0 -0 0
-0 -0 0
-0 -0 0
-0 -0 0
-0 -0 0
-0 -0 0
-0 -0 0
-0 -0 0
-0 -0 0
-0 -0 0
-0 -0 0
-0 -0 0
-0 -0 0
-0 -0 0
-0.18519853 -0.10696448 0.49975002
-0.17617767 -0.10680395 0.49900001
-0.16735087 -0.10675045 0.49875003
-0.15853281 -0.10669693 0.49850002
-0.14934789 -0.10637588 0.49700001
-0.14028628 -0.10610834 0.49575001
-0.13146757 -0.10600132 0.49525002
-0.12260439 -0.10584079 0.49450001
-0.1137099 -0.10562675 0.49350002
-0.1049569 -0.10551974 0.49300003
-0.096074872 -0.1052522 0.49175003
-0.087414503 -0.10519868 0.49150002
-0.078522399 -0.10482413 0.48975003
-0.069870144 -0.10471711 0.48925003
-0.061204068 -0.10455658 0.48850003
-0.052537344 -0.10434254 0.48750001
-0.043928221 -0.10418202 0.48675004
-0.035309017 -0.10391447 0.48550004
-0.02678882 -0.10386096 0.48525003
-0.018267963 -0.10375395 0.48475003
-0.0097495029 -0.1034864 0.48350003
-0.0012748442 -0.10321885 0.48225003
0.0071522924 -0.1028978 0.48075002
0.015583563 -0.10295131 0.48100004
0.023986155 -0.10284429 0.48050001
0.032354366 -0.10268377 0.47975004
0.040760018 -0.10268377 0.47975004
0.049063183 -0.10246973 0.47875002
0.057391312 -0.10236271 0.47825003
0.065633155 -0.10214867 0.47725001
0.074033767 -0.10220218 0.47750002
0.08227057 -0.10204165 0.47675002
0.090481088 -0.10188112 0.47600001
0.098717235 -0.10177411 0.47550002
0.1071047 -0.10182762 0.47575003
0.11537961 -0.10177411 0.47550002
0.12384087 -0.10188112 0.47600001
0.13218082 -0.10188112 0.47600001
0.14066839 -0.10198815 0.47650003
0.14909528 -0.10204165 0.47675002
0.15695298 -0.1017206 0.47525004
0.16475813 -0.10139955 0.47375003
0.17296733 -0.10134604 0.47350001
0.18116777 -0.10129253 0.47325003
0.18975979 -0.10145306 0.47400004
0.1989004 -0.10188112 0.47600001
0.20636959 -0.10145306 0.47400004
0.21512739 -0.10166709 0.47500002
0.22392024 -0.10188112 0.47600001
0.23152828 -0.10156008 0.47450003
0.23933649 -0.10134604 0.47350001
0.24815562 -0.10156008 0.47450003
0.25633413 -0.10150656 0.47425002
0.26408541 -0.10129253 0.47325003
0.27223328 -0.10123902 0.47300002
0.28126201 -0.10150656 0.47425002
0.28819749 -0.10102499 0.47200003
0.29678139 -0.10113201 0.47250003
0.30570561 -0.10134604 0.47350001
0.31499651 -0.10166709 0.47500002
0.32297859 -0.10156008 0.47450003
-0 -0 0
-0 -0 0
-0 -0 0
-0 -0 0
-0 -0 0
-0 -0 0
-0 -0 0
-0 -0 0
-0 -0 0
-0 -0 0
-0 -0 0
-0 -0 0
-0 -0 0
-0 -0 0
-0 -0 0
-0 -0 0
-0 -0 0
-0.20342052 -0.098601572 0.50150001
-0.19424568 -0.098404959 0.50050002
-0.18547647 -0.098404959 0.50050002
-0.17644246 -0.098257497 0.49975002
-0.16735087 -0.098060891 0.49875003
-0.15853281 -0.098011732 0.49850002
-0.14934789 -0.097716808 0.49700001
-0.14042778 -0.097569354 0.49625003
-0.13146757 -0.097372741 0.49525002
-0.12254241 -0.097176127 0.49425003
-0.11394031 -0.097225279 0.49450001
-0.10511656 -0.097077824 0.49375004
-0.096074872 -0.096684597 0.49175003
-0.087458968 -0.096684597 0.49175003
-0.078722812 -0.096537136 0.49100003
-0.069941543 -0.096291371 0.48975003
-0.061204068 -0.096045598 0.48850003
-0.052564286 -0.095898136 0.48775002
-0.04401847 -0.095898136 0.48775002
-0.035418104 -0.095750682 0.48700002
-0.026830224 -0.095554069 0.48600003
-0.018286806 -0.095406607 0.48525003
-0.0097696669 -0.095259145 0.48450002
-0.0012794703 -0.095160842 0.48400003
0.007185766 -0.094964221 0.48300001
0.01562406 -0.094816767 0.48225003
0.024011115 -0.094571002 0.48100004
0.032404944 -0.094472691 0.48050001
0.040844977 -0.09452185 0.48075002
0.049191285 -0.094374388 0.48000002
0.057541318 -0.094276078 0.47950003
0.065839447 -0.094128616 0.47875002
0.074150048 -0.094030313 0.47825003
0.082399994 -0.093882851 0.47750002
0.090481088 -0.093587935 0.47600001
0.098665334 -0.093440473 0.47525004
0.10704842 -0.093489625 0.47550002
0.11531895 -0.093440473 0.47525004
0.12345062 -0.093293019 0.47450003
0.13155602 -0.093145557 0.47375003
0.13963515 -0.092998095 0.47300002
0.14776616 -0.092899784 0.47250003
0.15587966 -0.092801481 0.47200003
0.16406257 -0.09275233 0.47175002
0.17214541 -0.09265402 0.47125003
0.1800193 -0.092457406 0.47025001
0.18815844 -0.092408255 0.47000003
0.19628879 -0.092359096 0.46975002
0.20419268 -0.092211641 0.46900001
0.21218355 -0.092113331 0.46850002
0.22003926 -0.091965869 0.46775001
0.22860064 -0.092113331 0.46850002
0.23680918 -0.092113331 0.46850002
0.24527921 -0.092211641 0.46900001
0.25295597 -0.092015028 0.46800002
0.26059774 -0.091818415 0.46700001
0.26935557 -0.092015028 0.46800002
0.27755535 -0.092015028 0.46800002
0.28514454 -0.091818415 0.46700001
0.29411194 -0.092064187 0.46825004
0.30199325 -0.091965869 0.46775001
0.30952552 -0.091769263 0.46675003
0.31702271 -0.091572642 0.46575001
-0 -0 0
-0 -0 0
-0 -0 0
-0 -0 0
-0 -0 0
-0 -0 0
-0 -0 0
-0 -0 0
-0 -0 0
-0 -0 0
-0 -0 0
-0 -0 0
-0 -0 0
-0 -0 0
-0 -0 0
-0.22209564 -0.090312079 0.50400001
-0.21241882 -0.089953706 0.50200003
-0.20413035 -0.090177685 0.50325
-0.19482784 -0.089953706 0.50200003
-0.18556911 -0.089729711 0.50075001
-0.17653072 -0.089595318 0.5
-0.16735087 -0.089371338 0.49875003
-0.1583738 -0.089236937 0.49800003
-0.14934789 -0.089057751 0.49700001
-0.14042778 -0.088923357 0.49625003
-0.13166666 -0.088878557 0.49600002
-0.12254241 -0.088564977 0.49425003
-0.1137099 -0.088430583 0.49350002
-0.10490367 -0.08829619 0.49275002
-0.096074872 -0.088117003 0.49175003
-0.087370045 -0.08802741 0.49125004
-0.078762904 -0.08802741 0.49125004
-0.069941543 -0.087758616 0.48975003
-0.061235391 -0.087579422 0.48875001
-0.052510403 -0.087310642 0.48725003
-0.043995906 -0.087355435 0.48750001
-0.035381742 -0.087176248 0.48650002
-0.026816422 -0.087041855 0.48575002
-0.018296229 -0.086997062 0.48550004
-0.0097847907 -0.086952262 0.48525003
-0.0012814529 -0.086862668 0.48475003
0.0072006439 -0.086728275 0.48400003
0.015648359 -0.086549081 0.48300001
0.024061034 -0.086369887 0.48200002
0.032489244 -0.086325094 0.48175001
0.040866219 -0.086190701 0.48100004
0.049242526 -0.0861011 0.48050001
0.057661317 -0.0861011 0.48050001
0.066045731 -0.086056307 0.48025003
0.074382618 -0.085966714 0.47975004
0.082615703 -0.08578752 0.47875002
0.090861261 -0.085653126 0.47800002
0.099184349 -0.085608333 0.47775003
0.10749868 -0.085563533 0.47750002
0.11568291 -0.085429139 0.47675002
0.12390592 -0.085339546 0.47625002
0.13204198 -0.085205153 0.47550002
0.14000416 -0.084981166 0.47425002
0.14807889 -0.084846765 0.47350001
0.15604478 -0.084667578 0.47250003
0.16423646 -0.084622778 0.47225001
0.17232805 -0.084533185 0.47175002
0.18021072 -0.084353998 0.47075003
0.18815844 -0.084219605 0.47000003
0.19639327 -0.084219605 0.47000003
0.20430154 -0.084085211 0.46925002
0.21218355 -0.083950818 0.46850002
0.21968645 -0.08368203 0.46700001
0.22786872 -0.08368203 0.46700001
0.23605098 -0.08368203 0.46700001
0.24410251 -0.08363723 0.46675003
0.25201011 -0.083547637 0.46625003
0.25990021 -0.083458044 0.46575001
0.26762891 -0.08332365 0.46500003
0.27547958 -0.083234049 0.46450001
0.28392336 -0.08332365 0.46500003
0.29128546 -0.083099663 0.46375003
0.2989265 -0.08296527 0.46300003
0.3068729 -0.082920469 0.46275002
0.31395969 -0.082651682 0.46125001
-0 -0 0
-0 -0 0
-0 -0 0
-0 -0 0
-0 -0 0
-0 -0 0
-0 -0 0
-0 -0 0
-0 -0 0
-0 -0 0
-0 -0 0
-0 -0 0
-0 -0 0
-0 -0 0
-0.23195709 -0.081895031 0.50625002
-0.22264647 -0.081733264 0.50525004
-0.2133709 -0.081571504 0.50425005
-0.20423178 -0.081450172 0.50350004
-0.19492486 -0.081247963 0.50225002
-0.18556911 -0.081005305 0.50075001
-0.17644246 -0.080843538 0.49975002
-0.16726698 -0.080641329 0.49850002
-0.1584533 -0.080600895 0.49825004
-0.14934789 -0.080398679 0.49700001
-0.14049852 -0.080317795 0.49650002
-0.13160029 -0.08019647 0.49575001
-0.12241844 -0.079872936 0.49375004
-0.11353709 -0.079711162 0.49275002
-0.10479722 -0.079630286 0.49225003
-0.09612371 -0.079589836 0.49200001
-0.08732558 -0.079428069 0.49100003
-0.078642651 -0.079347186 0.49050003
-0.069941543 -0.079225861 0.48975003
-0.061266713 -0.079104535 0.48900002
-0.052591231 -0.078942768 0.48800004
-0.043973345 -0.078821443 0.48725003
-0.035381742 -0.078700118 0.48650002
-0.026816422 -0.078578793 0.48575002
-0.018286806 -0.078497909 0.48525003
-0.0097847907 -0.078497909 0.48525003
-0.0012821138 -0.07845746 0.48500001
0.0072043627 -0.078336135 0.48425001
0.015656458 -0.078174368 0.48325002
0.024110952 -0.078133926 0.48300001
0.032522965 -0.078012601 0.48225003
0.040951177 -0.077972159 0.48200002
0.049319386 -0.077850834 0.48125002
0.057721321 -0.077810392 0.48100004
0.066080108 -0.077729508 0.48050001
0.074421376 -0.077648625 0.48000002
0.082745127 -0.077567741 0.47950003
0.091051355 -0.077486858 0.47900003
0.099391952 -0.077446416 0.47875002
0.1077238 -0.077405967 0.47850001
0.11598623 -0.077325091 0.47800002
0.12423113 -0.077244207 0.47750002
0.13245852 -0.077163324 0.47700003
0.14059459 -0.077041991 0.47625002
0.14878255 -0.076961115 0.47575003
0.15695298 -0.076880231 0.47525004
0.16510589 -0.076799341 0.47475001
0.17305866 -0.076637574 0.47375003
0.18097635 -0.076475807 0.47275001
0.18885902 -0.07631404 0.47175002
0.19712451 -0.07631404 0.47175002
0.20549883 -0.076354481 0.47200003
0.21354224 -0.076273598 0.47150001
0.22074491 -0.075909622 0.46925002
0.22872262 -0.075828739 0.46875003
0.23718828 -0.075909622 0.46925002
0.24475624 -0.075707406 0.46800002
0.25268573 -0.07562653 0.46750003
0.26087677 -0.07562653 0.46750003
0.26820445 -0.075383872 0.46600002
0.27592438 -0.075262547 0.46525002
0.28453395 -0.075383872 0.46600002
0.29238462 -0.075302988 0.46550003
0.29941073 -0.075019896 0.46375003
0.30703869 -0.074898571 0.46300003
0.31430003 -0.074696362 0.46175003
-0 -0 0
-0 -0 0
-0 -0 0
-0 -0 0
-0 -0 0
-0 -0 0
-0 -0 0
-0 -0 0
-0 -0 0
-0 -0 0
-0 -0 0
-0 -0 0
-0.25203985 -0.073760442 0.51100004
-0.24237309 -0.073543929 0.50950003
-0.23241527 -0.07321915 0.50725001
-0.2231973 -0.073110886 0.50650001
-0.2140056 -0.073002629 0.50575
-0.20453599 -0.072786115 0.50425005
-0.19521594 -0.072605677 0.50300002
-0.18593971 -0.072425254 0.50175005
-0.1768838 -0.072316997 0.50100005
-0.16760252 -0.072100475 0.49950004
-0.15877132 -0.072064385 0.49925002
-0.14919764 -0.071667433 0.49650002
-0.14049852 -0.071667433 0.49650002
-0.13160029 -0.071559176 0.49575001
-0.12248042 -0.071306571 0.49400002
-0.11347949 -0.071090057 0.49250004
-0.10479722 -0.071053967 0.49225003
-0.09612371 -0.071017884 0.49200001
-0.087370045 -0.070909627 0.49125004
-0.078602567 -0.070765279 0.49025002
-0.069941543 -0.070693105 0.48975003
-0.061266713 -0.070584849 0.48900002
-0.052591231 -0.070440501 0.48800004
-0.043950781 -0.070296153 0.48700002
-0.035381742 -0.070223987 0.48650002
-0.026816422 -0.070115723 0.48575002
-0.018305648 -0.070115723 0.48575002
-0.0097847907 -0.070043549 0.48525003
-0.0012814529 -0.069971383 0.48475003
0.0071969242 -0.069827035 0.48375002
0.015664559 -0.069790952 0.48350003
0.024098473 -0.069682688 0.48275003
0.032506105 -0.069574431 0.48200002
0.040929936 -0.06953834 0.48175001
0.049345009 -0.069502257 0.48150003
0.05775132 -0.069466174 0.48125002
0.066217639 -0.069502257 0.48150003
0.074498899 -0.069357909 0.48050001
0.082788274 -0.069249652 0.47975004
0.091146395 -0.069213569 0.47950003
0.09944386 -0.069141395 0.47900003
0.10778009 -0.069105305 0.47875002
0.11610755 -0.069069222 0.47850001
0.12442626 -0.069033138 0.47825003
0.13273621 -0.068997048 0.47800002
0.14088979 -0.068888791 0.47725001
0.14909528 -0.068816617 0.47675002
0.1573658 -0.068780534 0.47650003
0.16536672 -0.068636186 0.47550002
0.17342395 -0.068527922 0.47475001
0.18145488 -0.068419673 0.47400004
0.18945953 -0.068311408 0.47325003
0.19754235 -0.068239234 0.47275001
0.20571652 -0.068203151 0.47250003
0.21399514 -0.068203151 0.47250003
0.22180335 -0.068058804 0.47150001
0.22994247 -0.068022721 0.47125003
0.2378201 -0.067914456 0.47050002
0.24540997 -0.067734025 0.46925002
0.2534965 -0.067697942 0.46900001
0.26199281 -0.067770116 0.46950004
0.26993111 -0.067697942 0.46900001
0.27785188 -0.067625768 0.46850002
0.28575513 -0.067553595 0.46800002
0.29379788 -0.067517512 0.46775001
0.30167043 -0.067445338 0.46725002
0.30952552 -0.067373164 0.46675003
0.31685254 -0.067192733 0.46550003
-0 -0 0
-0 -0 0
-0 -0 0
-0 -0 0
-0 -0 0
-0 -0 0
-0 -0 0
-0 -0 0
-0 -0 0
-0 -0 0
-0.27205929 -0.065365158 0.51500005
-0.26290831 -0.065333419 0.51475
-0.25302628 -0.065111309 0.51300001
-0.24320558 -0.064889193 0.51125002
-0.23333167 -0.064635351 0.50925004
-0.22374815 -0.064444967 0.50775003
-0.21453454 -0.064349771 0.50700003
-0.20494162 -0.064127661 0.50525004
-0.19550702 -0.063937277 0.50375003
-0.18621762 -0.063778616 0.5025
-0.17723686 -0.06371516 0.50200003
-0.16810584 -0.063588239 0.50100005
-0.15885083 -0.063397855 0.49950004
-0.14957325 -0.063175738 0.49775001
-0.14064001 -0.063080542 0.49700001
-0.13179938 -0.063017085 0.49650002
-0.12272836 -0.062826701 0.49500003
-0.1137099 -0.062636316 0.49350002
-0.10501011 -0.062604584 0.49325001
-0.096270241 -0.062541127 0.49275002
-0.087503433 -0.062445931 0.49200001
-0.078722812 -0.06231901 0.49100003
-0.070048653 -0.06225555 0.49050003
-0.061329357 -0.062128626 0.48950002
-0.052591231 -0.061938245 0.48800004
-0.043928221 -0.061779592 0.48675004
-0.035381742 -0.06174786 0.48650002
-0.026857827 -0.06174786 0.48650002
-0.018333912 -0.06174786 0.48650002
-0.0097847907 -0.061589208 0.48525003
-0.0012807921 -0.061494011 0.48450002
0.0072006439 -0.061430551 0.48400003
0.015664559 -0.061367091 0.48350003
0.024110952 -0.061303627 0.48300001
0.032539826 -0.061240166 0.48250002
0.040929936 -0.061144974 0.48175001
0.049345009 -0.061113246 0.48150003
0.057781324 -0.061113246 0.48150003
0.066217639 -0.061113246 0.48150003
0.074537657 -0.061018053 0.48075002
0.082831413 -0.060922861 0.48000002
0.091193922 -0.060891133 0.47975004
0.099547662 -0.060859401 0.47950003
0.10794894 -0.060859401 0.47950003
0.11628954 -0.060827669 0.47925001
0.1244913 -0.060732476 0.47850001
0.13280563 -0.060700748 0.47825003
0.1410374 -0.060637288 0.47775003
0.14917347 -0.060542095 0.47700003
0.15753092 -0.060542095 0.47700003
0.16554061 -0.060415171 0.47600001
0.1736066 -0.060319982 0.47525004
0.18164629 -0.060224786 0.47450003
0.18995996 -0.060224786 0.47450003
0.19816916 -0.060193054 0.47425002
0.20604305 -0.060066134 0.47325003
0.21456127 -0.060129594 0.47375003
0.22227377 -0.059970941 0.47250003
0.23043041 -0.059939209 0.47225001
0.23845193 -0.059875749 0.47175002
0.24606369 -0.059717096 0.47050002
0.25444236 -0.059748828 0.47075003
0.26227182 -0.059653636 0.47000003
0.27021888 -0.059590176 0.46950004
0.27903801 -0.059717096 0.47050002
0.2872816 -0.059717096 0.47050002
0.29489708 -0.059590176 0.46950004
0.30280027 -0.059526712 0.46900001
0.31002286 -0.059336331 0.46750003
0.31821391 -0.059336331 0.46750003
-0 -0 0
-0 -0 0
-0 -0 0
-0 -0 0
-0 -0 0
-0 -0 0
-0 -0 0
-0 -0 0
-0.29123241 -0.056611475 0.51700002
-0.28340217 -0.05685785 0.51925004
-0.27390823 -0.056775726 0.51850003
-0.26367444 -0.056529351 0.51625001
-0.25376612 -0.056337725 0.51450002
-0.244157 -0.056200854 0.51325005
-0.23424803 -0.055981848 0.51125002
-0.2241888 -0.055708099 0.50875002
-0.21495768 -0.055625975 0.50800002
-0.20555006 -0.055489104 0.50675005
-0.19638026 -0.055406976 0.50600004
-0.18705145 -0.055270098 0.50475001
-0.17758991 -0.055078477 0.50300002
-0.16844137 -0.054968975 0.50200003
-0.15900983 -0.054749973 0.5
-0.14994888 -0.054640476 0.49900001
-0.14092299 -0.054530974 0.49800003
-0.13193212 -0.054421473 0.49700001
-0.12291431 -0.054284599 0.49575001
-0.11405552 -0.054202478 0.49500003
-0.10522301 -0.054120351 0.49425003
-0.096416771 -0.054038227 0.49350002
-0.087725744 -0.054010849 0.49325001
-0.078843065 -0.053846601 0.49175003
-0.070048653 -0.053709727 0.49050003
-0.061360683 -0.053627603 0.48975003
-0.052672055 -0.053518102 0.48875001
-0.04401847 -0.0534086 0.48775002
-0.035436288 -0.053353854 0.48725003
-0.026899233 -0.053353854 0.48725003
-0.018343335 -0.053299103 0.48675004
-0.0097847907 -0.053134851 0.48525003
-0.0012807921 -0.053052727 0.48450002
0.0072006439 -0.052997977 0.48400003
0.015664559 -0.052943226 0.48350003
0.024123432 -0.052915853 0.48325002
0.032539826 -0.052833725 0.48250002
0.040929936 -0.052751601 0.48175001
0.049370628 -0.052751601 0.48175001
0.05781132 -0.052751601 0.48175001
0.066252016 -0.052751601 0.48175001
0.074537657 -0.052642103 0.48075002
0.082831413 -0.052559976 0.48000002
0.091241434 -0.052559976 0.48000002
0.099703372 -0.052587353 0.48025003
0.10811778 -0.052587353 0.48025003
0.11641087 -0.052532602 0.47975004
0.12468643 -0.052477852 0.47925001
0.13280563 -0.052368354 0.47825003
0.1410374 -0.052313603 0.47775003
0.14925164 -0.052258849 0.47725001
0.15777861 -0.052313603 0.47775003
0.1658884 -0.052231476 0.47700003
0.17388056 -0.052121975 0.47600001
0.1819334 -0.052039854 0.47525004
0.19036028 -0.052067228 0.47550002
0.19879594 -0.052094601 0.47575003
0.20680496 -0.052012477 0.47500002
0.21490094 -0.051957726 0.47450003
0.22309701 -0.051930353 0.47425002
0.23116232 -0.051875602 0.47375003
0.23921013 -0.051820852 0.47325003
0.24684817 -0.051683977 0.47200003
0.25498289 -0.0516566 0.47175002
0.26324835 -0.0516566 0.47175002
0.27079442 -0.051519725 0.47050002
0.27933455 -0.051574476 0.47100002
0.28758687 -0.051574476 0.47100002
0.29536813 -0.051492352 0.47025001
0.3032845 -0.051437601 0.46975002
0.31101757 -0.051355477 0.46900001
0.31940508 -0.051382851 0.46925002
-0 -0 0
-0 -0 0
-0 -0 0
-0 -0 0
-0 -0 0
-0 -0 0
-0.31847394 -0.049008135 0.53225005
-0.30827719 -0.04887002 0.53075004
-0.29630223 -0.048432652 0.52600002
-0.28585821 -0.048225474 0.52375001
-0.27549306 -0.048018306 0.52150005
-0.26558977 -0.047880188 0.52000004
-0.25549242 -0.047696032 0.51800001
-0.24570303 -0.047557913 0.5165
-0.23573713 -0.04737376 0.51450002
-0.22562097 -0.047143567 0.51200002
-0.21590976 -0.046982434 0.51025003
-0.20656411 -0.046890359 0.50925004
-0.19696242 -0.046729222 0.50750005
-0.18732938 -0.046545066 0.50550002
-0.17803125 -0.046429973 0.50425005
-0.16894469 -0.046360914 0.50350004
-0.15948686 -0.046176754 0.50150001
-0.15024938 -0.046038639 0.5
-0.14127672 -0.045969583 0.49925002
-0.13219757 -0.045854487 0.49800003
-0.12322423 -0.045762409 0.49700001
-0.11434354 -0.045693353 0.49625003
-0.10538268 -0.045578256 0.49500003
-0.096563302 -0.045509197 0.49425003
-0.087770209 -0.045440137 0.49350002
-0.078923233 -0.045325041 0.49225003
-0.070120059 -0.045209944 0.49100003
-0.061423328 -0.045140889 0.49025002
-0.052779827 -0.045094848 0.48975003
-0.044108715 -0.04500277 0.48875001
-0.035509016 -0.044956733 0.48825002
-0.026913034 -0.044887673 0.48750001
-0.018352754 -0.044841636 0.48700002
-0.0097999135 -0.044749558 0.48600003
-0.0012821138 -0.04465748 0.48500001
0.0072080824 -0.044611443 0.48450002
0.015680758 -0.044565406 0.48400003
0.024173351 -0.044588424 0.48425001
0.032573543 -0.044473328 0.48300001
0.040972419 -0.044404272 0.48225003
0.049447492 -0.044427287 0.48250002
0.057931326 -0.044450309 0.48275003
0.066355154 -0.044427287 0.48250002
0.074692704 -0.044358231 0.48175001
0.082960837 -0.044266153 0.48075002
0.091384001 -0.044266153 0.48075002
0.099807173 -0.044266153 0.48075002
0.10828663 -0.044289175 0.48100004
0.11653219 -0.044220116 0.48025003
0.12481651 -0.044174079 0.47975004
0.13308331 -0.044128038 0.47925001
0.14155401 -0.044151057 0.47950003
0.14972074 -0.044081997 0.47875002
0.15819143 -0.044105019 0.47900003
0.16641004 -0.044058979 0.47850001
0.17470248 -0.04403596 0.47825003
0.18269902 -0.043943882 0.47725001
0.19076063 -0.043874826 0.47650003
0.19910935 -0.043874826 0.47650003
0.20745803 -0.043874826 0.47650003
0.21546707 -0.043805767 0.47575003
0.22356744 -0.04375973 0.47525004
0.23177226 -0.043736707 0.47500002
0.23946285 -0.043621611 0.47375003
0.24724039 -0.043529533 0.47275001
0.25579363 -0.043575574 0.47325003
0.26422492 -0.043598592 0.47350001
0.27252105 -0.043598592 0.47350001
0.28007588 -0.043483496 0.47225001
0.28835011 -0.043483496 0.47225001
0.29599625 -0.043391421 0.47125003
0.30409154 -0.043368399 0.47100002
0.31267548 -0.043414436 0.47150001
0.31991556 -0.043276325 0.47000003
-0 -0 0
-0 -0 0
-0 -0 0
-0 -0 0
-0.34472567 -0.040630773 0.54425001
-0.33349627 -0.040425472 0.54150003
-0.31967062 -0.039884228 0.53425002
-0.30914843 -0.039734919 0.53225005
-0.29883713 -0.039604273 0.53050005
-0.28749558 -0.039324317 0.52675003
-0.27707785 -0.039156344 0.52450001
-0.26686665 -0.039007038 0.52250004
-0.25709543 -0.038913716 0.52125001
-0.24665447 -0.038708419 0.51850003
-0.23642442 -0.038521782 0.51600003
-0.22661248 -0.038391136 0.51425004
-0.21686184 -0.03826049 0.51250005
-0.20727396 -0.038148507 0.51100004
-0.19783564 -0.038055189 0.50975001
-0.18834847 -0.037943203 0.50825
-0.17891391 -0.037831228 0.50675005
-0.16953188 -0.037719242 0.50525004
-0.15996389 -0.037551269 0.50300002
-0.15085039 -0.037476618 0.50200003
-0.14170118 -0.037383296 0.50075001
-0.13272849 -0.037327304 0.5
-0.12353416 -0.037196662 0.49825004
-0.11457396 -0.037122007 0.49725002
-0.1056488 -0.037047353 0.49625003
-0.096758671 -0.036972698 0.49525002
-0.087903604 -0.036898043 0.49425003
-0.079083562 -0.036823388 0.49325001
-0.070262864 -0.03673007 0.49200001
-0.061517294 -0.036655415 0.49100003
-0.052860651 -0.036618087 0.49050003
-0.044198968 -0.036562096 0.48975003
-0.035563562 -0.036506105 0.48900002
-0.026926836 -0.036412787 0.48775002
-0.018352754 -0.036356796 0.48700002
-0.0098200776 -0.036356796 0.48700002
-0.0012847574 -0.036282141 0.48600003
0.0072192405 -0.03622615 0.48525003
0.015705056 -0.036188826 0.48475003
0.024198312 -0.036188826 0.48475003
0.032640986 -0.036132831 0.48400003
0.041057378 -0.03607684 0.48325002
0.049473111 -0.036039516 0.48275003
0.058021329 -0.036095507 0.48350003
0.066492684 -0.036095507 0.48350003
0.07484775 -0.036039516 0.48275003
0.083176538 -0.035983521 0.48200002
0.091574088 -0.035964858 0.48175001
0.099962875 -0.035946198 0.48150003
0.10834291 -0.03592753 0.48125002
0.11671418 -0.03590887 0.48100004
0.12488155 -0.035834216 0.48000002
0.13343044 -0.035871539 0.48050001
0.14184922 -0.035871539 0.48050001
0.15011166 -0.035834216 0.48000002
0.15843911 -0.035815552 0.47975004
0.16684477 -0.035815552 0.47975004
0.17506777 -0.035778221 0.47925001
0.18327324 -0.035740897 0.47875002
0.19126105 -0.035666242 0.47775003
0.19942272 -0.035628911 0.47725001
0.20789342 -0.035647579 0.47750002
0.21603319 -0.035610251 0.47700003
0.22403786 -0.03555426 0.47625002
0.23238218 -0.03555426 0.47625002
0.24047378 -0.035516933 0.47575003
0.24815562 -0.035423614 0.47450003
0.25646928 -0.035423614 0.47450003
0.26464343 -0.03540495 0.47425002
0.27266493 -0.035367623 0.47375003
0.28111374 -0.035386287 0.47400004
0.28926599 -0.035367623 0.47375003
0.29725248 -0.035330296 0.47325003
0.30554423 -0.035330296 0.47325003
0.3135044 -0.035292968 0.47275001
0.32110673 -0.035218313 0.47175002
-0 -0 0
-0.38413674 -0.032049887 0.56
-0.37131712 -0.031792346 0.55550003
-0.3570278 -0.031391717 0.5485
-0.34630916 -0.031291563 0.54675001
-0.33411214 -0.03104833 0.54250002
-0.32191446 -0.030790787 0.53800005
-0.31103614 -0.030647706 0.53550005
-0.3002454 -0.030504627 0.53300005
-0.28913298 -0.030318623 0.52975005
-0.27932298 -0.030261388 0.52875
-0.26801583 -0.030032463 0.52475005
-0.25795856 -0.029932305 0.523
-0.24784373 -0.029817842 0.52100003
-0.23734078 -0.029646145 0.51800001
-0.22738363 -0.029531684 0.51600003
-0.21802549 -0.029488759 0.51525003
-0.20808519 -0.029359985 0.51300001
-0.19861186 -0.029288448 0.51175004
-0.1891823 -0.029216906 0.51050001
-0.17953175 -0.029102445 0.50850004
-0.17011908 -0.029016595 0.50700003
-0.16091797 -0.028959364 0.50600004
-0.15175188 -0.02890213 0.505
-0.14240862 -0.028801974 0.50325
-0.13332577 -0.028744742 0.50225002
-0.12390605 -0.028601663 0.49975002
-0.11486197 -0.028530123 0.49850002
-0.10591491 -0.028472893 0.49750003
-0.097051732 -0.028429968 0.49675003
-0.088170379 -0.028372735 0.49575001
-0.079364143 -0.028329812 0.49500003
-0.070512787 -0.028258273 0.49375004
-0.061673906 -0.028172424 0.49225003
-0.052995365 -0.028143808 0.49175003
-0.044311777 -0.028100884 0.49100003
-0.035636287 -0.028043652 0.49000001
-0.026995843 -0.02798642 0.48900002
-0.018390441 -0.027929189 0.48800004
-0.0098352013 -0.02791488 0.48775002
-0.0012880617 -0.027886264 0.48725003
0.0072378372 -0.027843341 0.48650002
0.015745554 -0.027814725 0.48600003
0.024235751 -0.02778611 0.48550004
0.032691564 -0.027743185 0.48475003
0.041163579 -0.027728876 0.48450002
0.049601216 -0.02770026 0.48400003
0.058111329 -0.027714567 0.48425001
0.066561446 -0.02770026 0.48400003
0.075002789 -0.027685951 0.48375002
0.083349101 -0.027643029 0.48300001
0.091716655 -0.027614413 0.48250002
0.10006668 -0.027585797 0.48200002
0.10856804 -0.027600106 0.48225003
0.11707815 -0.027614413 0.48250002
0.1254019 -0.027585797 0.48200002
0.13391639 -0.027600106 0.48225003
0.14229205 -0.027585797 0.48200002
0.15042439 -0.027528565 0.48100004
0.15909962 -0.027571488 0.48175001
0.16736643 -0.027542872 0.48125002
0.17543307 -0.027485641 0.48025003
0.18375176 -0.027471332 0.48000002
0.19176146 -0.027414102 0.47900003
0.19994505 -0.027385484 0.47850001
0.20821995 -0.027371177 0.47825003
0.2164861 -0.027356869 0.47800002
0.22462587 -0.027328253 0.47750002
0.23299211 -0.027328253 0.47750002
0.24135834 -0.027328253 0.47750002
0.24972457 -0.027328253 0.47750002
0.25728002 -0.027242403 0.47600001
0.26534095 -0.02721379 0.47550002
0.27381605 -0.027228097 0.47575003
0.28200334 -0.02721379 0.47550002
0.29002923 -0.027185174 0.47500002
0.2985087 -0.027199483 0.47525004
0.30618984 -0.027142249 0.47425002
0.31416756 -0.027113633 0.47375003
0.3222979 -0.027099324 0.47350001
-0.39676237 -0.022452427 0.56400001
-0.38516566 -0.022352904 0.56150001
-0.37282109 -0.022203621 0.55775005
-0.36044514 -0.022044383 0.55375004
-0.34884274 -0.021924956 0.55075002
-0.33657563 -0.021755766 0.54650003
-0.32580379 -0.021676149 0.54450005
-0.31350467 -0.021487053 0.53975004
-0.30235782 -0.021367624 0.53675002
-0.29158902 -0.021268101 0.53425002
-0.28064367 -0.021148674 0.53125
-0.27005881 -0.021049151 0.52875
-0.25931495 -0.020929724 0.52575004
-0.24962765 -0.020889916 0.52475005
-0.23986082 -0.020840153 0.52350003
-0.22958696 -0.02074063 0.52100003
-0.21918912 -0.020621201 0.51800001
-0.20879503 -0.020491822 0.51475
-0.19948506 -0.020461963 0.514
-0.19001611 -0.020412203 0.51275003
-0.1806792 -0.020372394 0.51175004
-0.17137735 -0.020332584 0.51075
-0.16163349 -0.020233061 0.50825
-0.15227775 -0.020173348 0.50675005
-0.14297459 -0.020113634 0.50525004
-0.13372396 -0.020053919 0.50375003
-0.12440193 -0.019974303 0.50175005
-0.11538041 -0.01993449 0.50075001
-0.10623425 -0.019864826 0.49900001
-0.097295955 -0.019825017 0.49800003
-0.08848162 -0.019805113 0.49750003
-0.079644725 -0.019775255 0.49675003
-0.070762709 -0.019725494 0.49550003
-0.061955806 -0.019685684 0.49450001
-0.053183958 -0.019645875 0.49350002
-0.044424586 -0.019596113 0.49225003
-0.035709016 -0.019546352 0.49100003
-0.027064851 -0.019516494 0.49025002
-0.01845639 -0.01949659 0.48975003
-0.0098604066 -0.019466734 0.48900002
-0.0012907053 -0.019436875 0.48825002
0.0072564338 -0.019416971 0.48775002
0.015802251 -0.019416971 0.48775002
0.02431063 -0.019387115 0.48700002
0.032792725 -0.019357257 0.48625001
0.041269779 -0.019337352 0.48575002
0.049780555 -0.019337352 0.48575002
0.058261335 -0.0193274 0.48550004
0.066698968 -0.019307496 0.48500001
0.075080313 -0.019277638 0.48425001
0.083478533 -0.019257734 0.48375002
0.091859221 -0.019237829 0.48325002
0.10032619 -0.019237829 0.48325002
0.10890573 -0.019257734 0.48375002
0.11738146 -0.019257734 0.48375002
0.12579215 -0.019247781 0.48350003
0.13426352 -0.019247781 0.48350003
0.14266106 -0.019237829 0.48325002
0.15104985 -0.019227877 0.48300001
0.15951243 -0.019227877 0.48300001
0.16771421 -0.019198021 0.48225003
0.1758897 -0.019168165 0.48150003
0.18384747 -0.019118402 0.48025003
0.19236197 -0.019128354 0.48050001
0.20078076 -0.019128354 0.48050001
0.20898186 -0.01910845 0.48000002
0.21716544 -0.019088546 0.47950003
0.22556672 -0.019088546 0.47950003
0.23372403 -0.01906864 0.47900003
0.24224289 -0.019078592 0.47925001
0.2506398 -0.019078592 0.47925001
0.25863126 -0.019048735 0.47850001
0.26701504 -0.019048735 0.47850001
0.27511102 -0.019028831 0.47800002
0.28289294 -0.018989023 0.47700003
0.29079247 -0.018959165 0.47625002
0.29929385 -0.018969117 0.47650003
0.30780393 -0.018979069 0.47675002
0.3163228 -0.018989023 0.47700003
0.32331893 -0.018909404 0.47500002
-0.39746583 -0.012648429 0.565
-0.38859546 -0.012682009 0.56650001
-0.37683171 -0.012620446 0.56375003
-0.36402515 -0.012519706 0.55925
-0.35153466 -0.012424563 0.55500001
-0.33934706 -0.012335016 0.551
-0.327898 -0.012267857 0.54800004
-0.31611842 -0.012183907 0.54425001
-0.30531523 -0.012133538 0.54200006
-0.29472733 -0.012088764 0.54000002
-0.2838133 -0.012027201 0.53725004
-0.2723572 -0.011937655 0.53325003
-0.2617811 -0.011881689 0.53075004
-0.25105476 -0.011814528 0.52775002
-0.24134994 -0.011792142 0.52675003
-0.23090898 -0.011730579 0.52400005
-0.22045857 -0.011663419 0.52100003
-0.21051896 -0.011618646 0.51900005
-0.20113453 -0.011601856 0.51825005
-0.19131313 -0.011557083 0.51625001
-0.18138532 -0.011501116 0.51375002
-0.17196456 -0.011473133 0.51250005
-0.16219003 -0.011417166 0.51000005
-0.15280363 -0.011383587 0.50850004
-0.1434698 -0.011350007 0.50700003
-0.1341885 -0.011316426 0.50550002
-0.12502177 -0.011288444 0.50425005
-0.11578362 -0.011249267 0.5025
-0.10676649 -0.011226879 0.50150001
-0.097686693 -0.0111933 0.5
-0.088703938 -0.011165317 0.49875003
-0.079845138 -0.011148527 0.49800003
-0.071048327 -0.011137334 0.49750003
-0.062143743 -0.011103754 0.49600002
-0.053318668 -0.01107577 0.49475002
-0.044559959 -0.011053384 0.49375004
-0.035818107 -0.011025401 0.49250004
-0.027133858 -0.011003014 0.49150002
-0.018512918 -0.010997417 0.49125004
-0.0098906532 -0.010980627 0.49050003
-0.0012946706 -0.010963838 0.48975003
0.0072750305 -0.010947048 0.48900002
0.015834648 -0.01094145 0.48875001
0.024397988 -0.01094145 0.48875001
0.032893885 -0.010919064 0.48775002
0.041418463 -0.010913467 0.48750001
0.049934279 -0.010907872 0.48725003
0.058441337 -0.010902274 0.48700002
0.066870868 -0.010885485 0.48625001
0.075274125 -0.010868695 0.48550004
0.083737381 -0.010863098 0.48525003
0.092191868 -0.010857501 0.48500001
0.1005857 -0.010846308 0.48450002
0.10907458 -0.010846308 0.48450002
0.11768477 -0.010857501 0.48500001
0.12631249 -0.010868695 0.48550004
0.1348189 -0.010868695 0.48550004
0.14325149 -0.010863098 0.48525003
0.15151896 -0.010846308 0.48450002
0.15976013 -0.010829518 0.48375002
0.16823587 -0.010829518 0.48375002
0.17662029 -0.010823921 0.48350003
0.18480451 -0.010807131 0.48275003
0.19316265 -0.010801534 0.48250002
0.20130308 -0.010784744 0.48175001
0.20974377 -0.010784744 0.48175001
0.21829769 -0.010790342 0.48200002
0.22638994 -0.010773552 0.48125002
0.2346999 -0.010767955 0.48100004
0.24325383 -0.010773552 0.48125002
0.25168577 -0.010773552 0.48125002
0.25971228 -0.010756761 0.48050001
0.26799157 -0.010751165 0.48025003
0.2762621 -0.010745568 0.48000002
0.28437561 -0.010734375 0.47950003
0.29247159 -0.010723182 0.47900003
0.30007896 -0.010695199 0.47775003
0.30941799 -0.010728778 0.47925001
0.31748331 -0.010717585 0.47875002
0.32536092 -0.010700795 0.47800002
-0.40995261 -0.0028927303 0.58275002
-0.39185378 -0.0028356449 0.57125002
-0.37933838 -0.0028170303 0.56750005
-0.36793068 -0.0028058614 0.56525004
-0.35501835 -0.0027822827 0.56050003
-0.34304234 -0.0027649091 0.55700004
-0.33133855 -0.0027487762 0.55375004
-0.31829655 -0.0027202338 0.54800004
-0.30770931 -0.0027115468 0.54625005
-0.29636472 -0.002695414 0.54300004
-0.28513399 -0.0026792814 0.53975004
-0.27478325 -0.0026705945 0.53800005
-0.26424724 -0.0026594256 0.53575003
-0.25367114 -0.0026470157 0.53325003
-0.24329722 -0.0026358468 0.53100002
-0.23256145 -0.002619714 0.52775002
-0.2218338 -0.0026023404 0.52425003
-0.21183722 -0.0025924123 0.52225
-0.20200774 -0.0025837254 0.5205
-0.1922396 -0.0025750387 0.51875001
-0.18279757 -0.0025700748 0.51775002
-0.17313895 -0.0025613878 0.51600003
-0.16354162 -0.0025527012 0.51425004
-0.15378025 -0.0025402913 0.51175004
-0.14424798 -0.0025303632 0.50975001
-0.13458669 -0.0025167125 0.50700003
-0.12551764 -0.0025129896 0.50625002
-0.11624447 -0.0025043027 0.50450003
-0.10697938 -0.0024943748 0.5025
-0.098028608 -0.002490652 0.50175005
-0.089148566 -0.0024881701 0.50125003
-0.080205888 -0.0024832061 0.50025004
-0.071262546 -0.0024770009 0.49900001
-0.06233168 -0.0024695552 0.49750003
-0.053453382 -0.0024621093 0.49600002
-0.044672769 -0.0024571454 0.49500003
-0.035945378 -0.0024534224 0.49425003
-0.027216669 -0.0024472175 0.49300003
-0.018569445 -0.0024459765 0.49275002
-0.0099208998 -0.0024422535 0.49200001
-0.0012979751 -0.0024372896 0.49100003
0.0072899074 -0.0024323256 0.49000001
0.015867047 -0.0024310846 0.48975003
0.024447907 -0.0024310846 0.48975003
0.032978185 -0.0024273617 0.48900002
0.041524664 -0.0024261207 0.48875001
0.050062384 -0.0024248799 0.48850003
0.05853134 -0.002421157 0.48775002
0.067008398 -0.002418675 0.48725003
0.075467929 -0.002416193 0.48675004
0.083909944 -0.0024137108 0.48625001
0.092381954 -0.0024124701 0.48600003
0.1008452 -0.0024112291 0.48575002
0.10935599 -0.0024112291 0.48575002
0.11804875 -0.002414952 0.48650002
0.12657265 -0.002414952 0.48650002
0.13502716 -0.0024137108 0.48625001
0.1434729 -0.0024124701 0.48600003
0.15198806 -0.0024124701 0.48600003
0.16025551 -0.0024087471 0.48525003
0.16901836 -0.0024124701 0.48600003
0.17716822 -0.0024075061 0.48500001
0.18537873 -0.0024037831 0.48425001
0.19406341 -0.0024062651 0.48475003
0.2024522 -0.0024050241 0.48450002
0.21072337 -0.0024025422 0.48400003
0.21909027 -0.0024013012 0.48375002
0.22768362 -0.0024025422 0.48400003
0.23591976 -0.0024000602 0.48350003
0.24439111 -0.0024000602 0.48350003
0.25286248 -0.0024000602 0.48350003
0.26092842 -0.0023963372 0.48275003
0.2688286 -0.0023913733 0.48175001
0.2775571 -0.0023938552 0.48225003
0.28541347 -0.0023888913 0.48125002
0.29399806 -0.0023901323 0.48150003
0.3019633 -0.0023864093 0.48075002
0.30990222 -0.0023826864 0.48000002
0.31847805 -0.0023839273 0.48025003
0.32706261 -0.0023851683 0.48050001
-0 0 0
-0.39185378 0.0071170554 0.57125002
-0.38151076 0.0071108257 0.57075
-0.37151071 0.0071108257 0.57075
-0.35850206 0.0070516472 0.56600004
-0.34581375 0.0069955825 0.56150001
-0.33403111 0.0069550918 0.55825001
-0.32366925 0.0069426331 0.55725002
-0.3108075 0.0068741096 0.55175
-0.29909366 0.0068273898 0.54800004
-0.28711498 0.0067713251 0.54350001
-0.27644321 0.0067432937 0.54125005
-0.26597354 0.0067183757 0.53925002
-0.25497934 0.0066778846 0.53600001
-0.24478632 0.0066560819 0.53425002
-0.23388346 0.0066124764 0.53075004
-0.22331479 0.0065751001 0.52775002
-0.21315549 0.0065470678 0.5255
-0.20356016 0.006534609 0.52450001
-0.19362929 0.0065096919 0.52250004
-0.18394502 0.0064910036 0.52100003
-0.17372614 0.0064505129 0.51775002
-0.16425715 0.0064349389 0.5165
-0.15445636 0.0064037922 0.514
-0.14495543 0.0063819895 0.51225001
-0.13551579 0.0063601867 0.51050001
-0.12607551 0.0063352697 0.50850004
-0.11682051 0.0063165813 0.50700003
-0.10756485 0.0062947785 0.50525004
-0.098565876 0.0062854346 0.50450003
-0.089370877 0.0062605166 0.5025
-0.080366217 0.0062449435 0.50125003
-0.071405351 0.0062293699 0.5
-0.062550932 0.0062200259 0.49925002
-0.053641975 0.006201338 0.49775001
-0.044830702 0.0061888793 0.49675003
-0.036072649 0.0061795353 0.49600002
-0.027354684 0.0061733061 0.49550003
-0.018635394 0.0061608469 0.49450001
-0.0099612288 0.0061546178 0.49400002
-0.0013012794 0.006132815 0.49225003
0.0073122238 0.0061234711 0.49150002
0.015923744 0.0061234711 0.49150002
0.024522787 0.0061203563 0.49125004
0.033096205 0.0061141266 0.49075001
0.041630864 0.0061047827 0.49000001
0.050216105 0.0061047827 0.49000001
0.058681343 0.0060923239 0.48900002
0.067180298 0.0060860948 0.48850003
0.075778015 0.0060892091 0.48875001
0.084255077 0.00608298 0.48825002
0.092762128 0.0060798656 0.48800004
0.10126042 0.0060767508 0.48775002
0.10986253 0.0060798656 0.48800004
0.11847338 0.00608298 0.48825002
0.12696292 0.0060798656 0.48800004
0.13530485 0.0060705212 0.48725003
0.14362051 0.0060611772 0.48650002
0.15237898 0.0060705212 0.48725003
0.1607509 0.006064292 0.48675004
0.16954002 0.006073636 0.48750001
0.17771617 0.0060611772 0.48650002
0.18604867 0.0060549481 0.48600003
0.19506425 0.0060705212 0.48725003
0.20370577 0.006073636 0.48750001
0.21192066 0.006064292 0.48675004
0.22033574 0.0060611772 0.48650002
0.22897728 0.006064292 0.48675004
0.23738359 0.0060611772 0.48650002
0.24502295 0.0060393745 0.48475003
0.2535162 0.0060393745 0.48475003
0.26254994 0.0060518333 0.48575002
0.27064219 0.0060424889 0.48500001
0.2785643 0.0060300305 0.48400003
0.28734094 0.0060362597 0.48450002
0.2961351 0.0060424889 0.48500001
0.3043187 0.0060362597 0.48450002
0.31200051 0.0060206861 0.48325002
0.32030168 0.0060175713 0.48300001
0.32859415 0.006014457 0.48275003
-0 0 0
-0 0 0
-0 0 0
-0.37216166 0.017084697 0.57175004
-0.36119398 0.017039875 0.57025003
-0.34889314 0.01692782 0.56650001
-0.33657411 0.016808294 0.5625
-0.32570216 0.016756002 0.56075001
-0.31432819 0.016673828 0.55800003
-0.30223197 0.016546832 0.55375004
-0.29054874 0.016434776 0.55000001
-0.27835849 0.016285369 0.54500002
-0.26831639 0.016255489 0.54400003
-0.25723895 0.016158374 0.54075003
-0.24661908 0.016083671 0.53825003
-0.23597662 0.016001496 0.53550005
-0.2249016 0.015881971 0.53150004
-0.21437237 0.015792325 0.52850002
-0.20472448 0.015762445 0.52750003
-0.19464839 0.015695211 0.52525002
-0.18465114 0.015627978 0.523
-0.17490052 0.015575686 0.52125001
-0.16521122 0.015523393 0.51950002
-0.15550812 0.015463631 0.51750004
-0.14573362 0.015388927 0.51500005
-0.13591398 0.015299283 0.51200002
-0.12657137 0.01525446 0.51050001
-0.11722372 0.015202168 0.50875002
-0.10809708 0.015172287 0.50775003
-0.099005476 0.015142406 0.50675005
-0.089815512 0.015090112 0.505
-0.080726966 0.015045292 0.50350004
-0.071690977 0.015000469 0.50200003
-0.062864162 0.014992999 0.50175005
-0.053911399 0.014948177 0.50025004
-0.04503376 0.014910824 0.49900001
-0.036199924 0.014873472 0.49775001
-0.027423691 0.014843591 0.49675003
-0.018682502 0.014813709 0.49575001
-0.0099864341 0.014798769 0.49525002
-0.0013052447 0.014753947 0.49375004
0.0073382589 0.014739006 0.49325001
0.01598854 0.014746477 0.49350002
0.024610145 0.014731537 0.49300003
0.033231083 0.014724066 0.49275002
0.041822027 0.014709125 0.49225003
0.050395448 0.014694184 0.49175003
0.059041351 0.014701654 0.49200001
0.067524105 0.014671774 0.49100003
0.076010585 0.014649362 0.49025002
0.084643349 0.014656832 0.49050003
0.093189821 0.014649362 0.49025002
0.10172754 0.014641891 0.49000001
0.11031277 0.014641891 0.49000001
0.11877669 0.014626951 0.48950002
0.12722309 0.014612011 0.48900002
0.13579081 0.014612011 0.48900002
0.14443234 0.014619481 0.48925003
0.15284806 0.01460454 0.48875001
0.16149396 0.014612011 0.48900002
0.17023557 0.014626951 0.48950002
0.17881206 0.014626951 0.48950002
0.18757993 0.014641891 0.49000001
0.19596501 0.014626951 0.48950002
0.20454149 0.014626951 0.48950002
0.21300912 0.014619481 0.48925003
0.22135475 0.01460454 0.48875001
0.22968289 0.014589599 0.48825002
0.23835947 0.014597069 0.48850003
0.24653932 0.014574658 0.48775002
0.2549544 0.014567188 0.48750001
0.2639012 0.014589599 0.48825002
0.27259529 0.014597069 0.48850003
0.28072259 0.014574658 0.48775002
0.28956494 0.014589599 0.48825002
0.2979669 0.014582129 0.48800004
0.30526087 0.014522366 0.48600003
0.31409881 0.014537307 0.48650002
0.3229543 0.014552248 0.48700002
0.33080631 0.014522366 0.48600003
-0 0 0
-0 0 0
-0 0 0
-0 0 0
-0.36214408 0.027046109 0.57175004
-0.3524344 0.02706976 0.57225001
-0.3419593 0.027034281 0.5715
-0.32962281 0.026845068 0.56750005
-0.31644064 0.026573069 0.56175005
-0.30386931 0.026336545 0.55675
-0.29266182 0.02620646 0.55400002
-0.28116763 0.026040897 0.55050004
-0.26979607 0.025875334 0.54700005
-0.25902286 0.025757074 0.54450005
-0.24822272 0.025626985 0.54175001
-0.23751895 0.0254969 0.53900003
-0.22701733 0.025378641 0.53650004
-0.21660331 0.02526038 0.53400004
-0.20695607 0.025224902 0.53325003
-0.19603808 0.025023859 0.52900004
-0.18553379 0.024858294 0.5255
-0.17607492 0.024822818 0.52475005
-0.1664833 0.024763687 0.52350003
-0.15640961 0.024621774 0.5205
-0.14672405 0.024527166 0.51850003
-0.13684307 0.024385253 0.51550001
-0.12712923 0.024255168 0.51275003
-0.11791497 0.024207864 0.51175004
-0.10868254 0.024148732 0.51050001
-0.099445052 0.024077777 0.509
-0.09012676 0.023971343 0.50675005
-0.08100754 0.023900388 0.50525004
-0.071940891 0.02382943 0.50375003
-0.063052088 0.023805778 0.50325
-0.054153875 0.023770299 0.5025
-0.045259379 0.023722997 0.50150001
-0.03638174 0.023663867 0.50025004
-0.027547905 0.023604736 0.49900001
-0.018776715 0.02356926 0.49825004
-0.010031804 0.02353378 0.49750003
-0.0013118536 0.02347465 0.49625003
0.0073717334 0.023439173 0.49550003
0.016037138 0.023415521 0.49500003
0.024685023 0.023391867 0.49450001
0.033332247 0.023380043 0.49425003
0.04194947 0.023356391 0.49375004
0.050549168 0.023332737 0.49325001
0.059191354 0.023332737 0.49325001
0.067730397 0.023297261 0.49250004
0.076204389 0.023249956 0.49150002
0.084945336 0.023285434 0.49225003
0.093665041 0.023309086 0.49275002
0.10219465 0.023285434 0.49225003
0.11070675 0.023261782 0.49175003
0.11926199 0.023249956 0.49150002
0.12780847 0.02323813 0.49125004
0.13648504 0.023249956 0.49150002
0.14494896 0.023226304 0.49100003
0.15347353 0.023214478 0.49075001
0.1620719 0.023214478 0.49075001
0.17067029 0.023214478 0.49075001
0.17926867 0.023214478 0.49075001
0.18805845 0.02323813 0.49125004
0.1966656 0.02323813 0.49125004
0.20558614 0.023273608 0.49200001
0.2142064 0.023273608 0.49200001
0.22305314 0.023297261 0.49250004
0.23121177 0.023249956 0.49150002
0.23970132 0.02323813 0.49125004
0.24830845 0.02323813 0.49125004
0.25730783 0.023273608 0.49200001
0.26552272 0.02323813 0.49125004
0.27468789 0.023285434 0.49225003
0.28288087 0.023249956 0.49150002
0.29134417 0.02323813 0.49125004
0.29979864 0.023226304 0.49100003
0.30777329 0.023178998 0.49000001
0.31684273 0.023214478 0.49075001
0.32477796 0.023167174 0.48975003
0.33267814 0.023119869 0.48875001
-0 0 0
-0 0 0
-0 0 0
-0 0 0
-0 0 0
-0 0 0
-0.34330562 0.037136972 0.57375002
-0.33223653 0.037023701 0.57200003
-0.32038382 0.036813341 0.56875002
-0.30714411 0.03642498 0.56275004
-0.29490697 0.036133707 0.55825001
-0.28372139 0.035955708 0.55550003
-0.2725088 0.035761528 0.55250001
-0.26128247 0.035551168 0.54925001
-0.25120094 0.035486441 0.54825002
-0.23939177 0.035162807 0.54325002
-0.22818096 0.034903899 0.53925002
-0.21792158 0.034774449 0.53725004
-0.20792633 0.034677356 0.53575003
-0.19752041 0.034499358 0.53300005
-0.18765217 0.03440227 0.53150004
-0.17741707 0.034224268 0.52875
-0.16743736 0.034078635 0.52650005
-0.15716085 0.033852089 0.523
-0.14764372 0.033771183 0.52175003
-0.13783854 0.033609364 0.51925004
-0.12830693 0.033496093 0.51750004
-0.11872143 0.03335046 0.51525003
-0.10937445 0.033253368 0.51375002
-0.099884644 0.033091553 0.51125002
-0.090749241 0.033026826 0.51025003
-0.081488535 0.032897368 0.50825
-0.07236933 0.032800283 0.50675005
-0.06339664 0.032751735 0.50600004
-0.054369416 0.032654647 0.50450003
-0.045462437 0.032606103 0.50375003
-0.036545373 0.032525189 0.5025
-0.02768592 0.032460466 0.50150001
-0.018880351 0.032428104 0.50100005
-0.010062051 0.032298647 0.49900001
-0.0013164798 0.032233924 0.49800003
0.0073940493 0.032169193 0.49700001
0.016101934 0.032169193 0.49700001
0.024784861 0.032136831 0.49650002
0.033450264 0.03210447 0.49600002
0.042076908 0.032055922 0.49525002
0.050677273 0.032007378 0.49450001
0.059341356 0.032007378 0.49450001
0.067971058 0.031991199 0.49425003
0.076514475 0.031942651 0.49350002
0.085161045 0.031942651 0.49350002
0.093997687 0.032007378 0.49450001
0.10266177 0.032007378 0.49450001
0.11115701 0.031958833 0.49375004
0.11968663 0.031926468 0.49325001
0.12826377 0.031910289 0.49300003
0.13690157 0.031910289 0.49300003
0.14546557 0.031894106 0.49275002
0.154099 0.031894106 0.49275002
0.16273241 0.031894106 0.49275002
0.17162667 0.031942651 0.49350002
0.18054721 0.031991199 0.49425003
0.18891978 0.031942651 0.49350002
0.19776651 0.031975016 0.49400002
0.20642185 0.031975016 0.49400002
0.21540369 0.03202356 0.49475002
0.22418539 0.032039743 0.49500003
0.23250543 0.031991199 0.49425003
0.24104314 0.031975016 0.49400002
0.25020394 0.032039743 0.49500003
0.25913829 0.032072105 0.49550003
0.26727933 0.032007378 0.49450001
0.27552491 0.031958833 0.49375004
0.2848953 0.032039743 0.49500003
0.29341987 0.03202356 0.49475002
0.30132511 0.031942651 0.49350002
0.31059977 0.032007378 0.49450001
0.31990948 0.032072105 0.49550003
0.32809371 0.03202356 0.49475002
0.33591136 0.031942651 0.49350002
-0 0 0
-0 0 0
-0 0 0
-0 0 0
-0 0 0
-0 0 0
-0 0 0
-0.33383381 0.047215376 0.57475001
-0.32291874 0.047092158 0.57325006
-0.31123751 0.046845708 0.57025003
-0.29847279 0.04641442 0.565
-0.28767967 0.046270657 0.56325001
-0.27620801 0.046003673 0.56
-0.26413673 0.045613468 0.55525005
-0.25291917 0.04534648 0.55200005
-0.2415951 0.045038421 0.54825002
-0.22997932 0.044648208 0.54350001
-0.21974689 0.044504449 0.54175001
-0.20879957 0.04419639 0.53800005
-0.19872481 0.044052631 0.53625005
-0.18862309 0.043888327 0.53425002
-0.17859147 0.04372403 0.53225005
-0.1681529 0.043436505 0.52875
-0.15813747 0.04323113 0.52625
-0.14877564 0.043190058 0.52575004
-0.13863491 0.042902533 0.52225
-0.12874082 0.042656086 0.51925004
-0.11912465 0.042471249 0.51700002
-0.1099599 0.042430174 0.5165
-0.10042192 0.042224798 0.514
-0.09110494 0.042081039 0.51225001
-0.082049698 0.042039968 0.51175004
-0.072869167 0.041916743 0.51025003
-0.063741185 0.041793518 0.50875002
-0.054719668 0.041711368 0.50775003
-0.04559781 0.041505996 0.50525004
-0.036745377 0.041505996 0.50525004
-0.027796334 0.041362233 0.50350004
-0.018918036 0.041239008 0.50200003
-0.010092298 0.041115783 0.50050002
-0.0013217668 0.041074708 0.5
0.0074238041 0.040992558 0.49900001
0.016150532 0.040951487 0.49850002
0.024859739 0.040910412 0.49800003
0.033585146 0.040910412 0.49800003
0.042289313 0.040889874 0.49775001
0.050984718 0.040869337 0.49750003
0.059581362 0.040787186 0.49650002
0.068211727 0.040746111 0.49600002
0.076902092 0.040746111 0.49600002
0.085549317 0.040725574 0.49575001
0.094235294 0.040725574 0.49575001
0.10292128 0.040725574 0.49575001
0.11166355 0.040746111 0.49600002
0.12023259 0.040705036 0.49550003
0.12871906 0.040643424 0.49475002
0.13745695 0.040663965 0.49500003
0.14627741 0.040705036 0.49550003
0.15488082 0.040684499 0.49525002
0.16347548 0.040663965 0.49500003
0.17258304 0.040766649 0.49625003
0.18136911 0.040787186 0.49650002
0.18978111 0.040725574 0.49575001
0.1985672 0.040746111 0.49600002
0.2071531 0.040725574 0.49575001
0.21583907 0.040725574 0.49575001
0.22520441 0.040848799 0.49725002
0.23368147 0.040807724 0.49675003
0.24275094 0.040869337 0.49750003
0.25134122 0.040848799 0.49725002
0.26070723 0.040951487 0.49850002
0.26957649 0.040972024 0.49875003
0.27789652 0.040910412 0.49800003
0.28662193 0.040910412 0.49800003
0.29534733 0.040910412 0.49800003
0.30437806 0.040951487 0.49850002
0.31405437 0.041074708 0.5
0.32087791 0.040828262 0.49700001
0.3299174 0.040869337 0.49750003
0.33863404 0.040869337 0.49750003
-0 0 0
-0 0 0
-0 0 0
-0 0 0
-0 0 0
-0 0 0
-0 0 0
-0 0 0
-0.32320037 0.057129491 0.57375002
-0.31301135 0.057104599 0.57350004
-0.30269897 0.05705481 0.57300001
-0.2902334 0.05658184 0.56825
-0.27805763 0.056133769 0.56375003
-0.26675311 0.055835053 0.56075001
-0.25532463 0.055486552 0.55725002
-0.24335778 0.05498869 0.55225003
-0.23230663 0.054665081 0.54900002
-0.22167361 0.05441615 0.54650003
-0.2108371 0.054092541 0.54325002
-0.20029977 0.053818721 0.54050004
-0.18994707 0.05356979 0.53800005
-0.17976587 0.053345751 0.53575003
-0.16918646 0.052972354 0.53200001
-0.1594146 0.052823 0.53050005
-0.14948307 0.052598961 0.52825004
-0.13943128 0.052300245 0.52525002
-0.12979454 0.052125994 0.52350003
-0.11998872 0.05185217 0.52075005
-0.11049215 0.05167792 0.51900005
-0.1013011 0.051628131 0.51850003
-0.091860816 0.051428985 0.5165
-0.082570776 0.051279631 0.51500005
-0.073119082 0.050980914 0.51200002
-0.064085729 0.050931126 0.5115
-0.054908261 0.050731983 0.50950003
-0.045913678 0.050657306 0.50875002
-0.036872648 0.050483055 0.50700003
-0.027906746 0.050333694 0.50550002
-0.019021669 0.050259016 0.50475001
-0.010147749 0.050109655 0.50325
-0.0013263931 0.049960304 0.50175005
0.0074572782 0.049910516 0.50125003
0.016215328 0.049835835 0.50050002
0.02493462 0.049736265 0.49950004
0.033703167 0.049761154 0.49975002
0.042459235 0.049761154 0.49975002
0.051164061 0.049711369 0.49925002
0.059791368 0.049611799 0.49825004
0.068555534 0.049636688 0.49850002
0.077328458 0.049661584 0.49875003
0.085937589 0.049586903 0.49800003
0.094662994 0.049586903 0.49800003
0.1033884 0.049586903 0.49800003
0.11222637 0.049636688 0.49850002
0.12077855 0.049562011 0.49775001
0.12930444 0.04948733 0.49700001
0.13808176 0.049512226 0.49725002
0.14679402 0.049512226 0.49725002
0.1555063 0.049512226 0.49725002
0.16438368 0.049562011 0.49775001
0.17319165 0.049586903 0.49800003
0.18200839 0.049611799 0.49825004
0.19054675 0.049562011 0.49775001
0.19966812 0.049661584 0.49875003
0.20819776 0.049611799 0.49825004
0.2173629 0.049711369 0.49925002
0.22633666 0.049761154 0.49975002
0.23521033 0.049786046 0.5
0.2447027 0.049935404 0.50150001
0.25285763 0.049810942 0.50025004
0.2617532 0.049835835 0.50050002
0.27133313 0.049985193 0.50200003
0.27943107 0.049860727 0.50075001
0.28806081 0.049835835 0.50050002
0.29697827 0.049860727 0.50075001
0.30727834 0.050109655 0.50325
0.31593871 0.050084766 0.50300002
0.32410607 0.049985193 0.50200003
0.33339894 0.050059874 0.50275004
0.34084621 0.049860727 0.50075001
-0 0 0
-0 0 0
-0 0 0
-0 0 0
-0 0 0
-0 0 0
-0 0 0
-0 0 0
-0 0 0
-0 0 0
-0.30322722 0.067154996 0.574
-0.29265949 0.067038 0.57300001
-0.28126362 0.066716269 0.57025003
-0.26901272 0.066160537 0.56550002
-0.2577301 0.065809555 0.5625
-0.24611194 0.065341577 0.55850005
-0.23473972 0.064902849 0.55475003
-0.22329611 0.06440562 0.55050004
-0.21277761 0.064142384 0.54825002
-0.20178211 0.063703656 0.54450005
-0.19135931 0.063411169 0.54200006
-0.18127578 0.063206419 0.54025
-0.17101507 0.062913932 0.53775001
-0.16099222 0.062679946 0.53575003
-0.15075646 0.062328961 0.53275001
-0.14036037 0.061860979 0.52875
-0.13060033 0.061626993 0.52675003
-0.12096798 0.061422255 0.52500004
-0.11134371 0.061188262 0.523
-0.1017407 0.060925025 0.52075005
-0.092394374 0.060778782 0.51950002
-0.083011687 0.06057404 0.51775002
-0.073654629 0.060340054 0.51575005
-0.064430282 0.06016456 0.51425004
-0.055258512 0.059989069 0.51275003
-0.046116736 0.059784327 0.51100004
-0.037127193 0.059725828 0.51050001
-0.028072365 0.059491839 0.50850004
-0.019040514 0.059111606 0.50525004
-0.010157832 0.058936115 0.50375003
-0.0013197842 0.058409639 0.49925002
0.0074089267 0.058263395 0.49800003
0.016166732 0.058380388 0.49900001
0.025046939 0.058702126 0.50175005
0.033871766 0.058760621 0.50225002
0.04262916 0.058702126 0.50175005
0.051394645 0.058672875 0.50150001
0.060061373 0.058555882 0.50050002
0.068796203 0.058526635 0.50025004
0.077561028 0.058526635 0.50025004
0.086325862 0.058526635 0.50025004
0.09499564 0.058468133 0.49975002
0.10369981 0.058438886 0.49950004
0.11250778 0.058468133 0.49975002
0.12138517 0.058526635 0.50025004
0.12988983 0.058409639 0.49925002
0.13863714 0.058409639 0.49925002
0.14753206 0.058468133 0.49975002
0.15652268 0.058555882 0.50050002
0.16562213 0.058672875 0.50150001
0.17458275 0.058731373 0.50200003
0.18365222 0.058819119 0.50275004
0.19226943 0.058760621 0.50225002
0.2010693 0.058760621 0.50225002
0.20997363 0.058789868 0.5025
0.21877787 0.058789868 0.5025
0.22769538 0.058819119 0.50275004
0.236504 0.058819119 0.50275004
0.24555659 0.058877613 0.50325
0.25500584 0.059023861 0.50450003
0.26345289 0.058936115 0.50375003
0.27336001 0.059170101 0.50575
0.28236073 0.059199356 0.50600004
0.29065076 0.059082355 0.505
0.29964709 0.059111606 0.50525004
0.3094154 0.059287101 0.50675005
0.31798005 0.059228599 0.50625002
0.32652715 0.059170101 0.50575
0.33605155 0.059287101 0.50675005
0.34407941 0.059140854 0.50550002
-0 0 0
-0 0 0
-0 0 0
-0 0 0
-0 0 0
-0 0 0
-0 0 0
-0 0 0
-0 0 0
-0 0 0
-0 0 0
-0.29253182 0.076987587 0.57275003
-0.28249669 0.076987587 0.57275003
-0.27246159 0.076987587 0.57275003
-0.25944832 0.076113872 0.56625003
-0.24842542 0.075777829 0.56375003
-0.23706701 0.075307369 0.56025004
-0.22613546 0.074937716 0.5575
-0.21510622 0.074500859 0.55425
-0.20363502 0.073862381 0.54950005
-0.19285983 0.073425524 0.54625005
-0.18261796 0.073156685 0.54425001
-0.17212816 0.072753437 0.54125005
-0.16204396 0.072484598 0.53925002
-0.15181765 0.072114959 0.53650004
-0.14148858 0.0716445 0.53300005
-0.13171604 0.071409263 0.53125
-0.12217765 0.071274847 0.53025001
-0.11219529 0.070837989 0.52700001
-0.10252219 0.070535555 0.52475005
-0.093061328 0.070333928 0.52325004
-0.08365301 0.0701323 0.52175003
-0.074190162 0.069829859 0.51950002
-0.064743511 0.069460213 0.51675004
-0.055554874 0.069292188 0.51550001
-0.046410043 0.06912417 0.51425004
-0.037127193 0.068620101 0.51050001
-0.027975755 0.068116039 0.50675005
-0.015592305 0.055615213 0.41375002
-0.00650807 0.043383226 0.32275
-0.00088690547 0.045097049 0.3355
0.0053967633 0.048759926 0.36275002
0.010440338 0.043316018 0.32225001
0.01536262 0.041366965 0.30775002
0.029471301 0.058740418 0.43700001
0.042565439 0.067343138 0.50100005
0.051548369 0.06761197 0.50300002
0.060361382 0.06761197 0.50300002
0.068933725 0.06737674 0.50125003
0.077832356 0.067477554 0.50200003
0.086714126 0.067544758 0.5025
0.095470861 0.067511156 0.50225002
0.10427073 0.067511156 0.50225002
0.11295804 0.067443952 0.50175005
0.12174915 0.067443952 0.50175005
0.13054025 0.067443952 0.50175005
0.13967848 0.06761197 0.50300002
0.14834388 0.067544758 0.5025
0.15730451 0.06761197 0.50300002
0.16628264 0.067679182 0.50350004
0.17536525 0.067779996 0.50425005
0.18420017 0.067779996 0.50425005
0.19322647 0.0678472 0.50475001
0.20176989 0.067746386 0.50400001
0.21133167 0.067981616 0.50575
0.22062825 0.068116039 0.50675005
0.22939372 0.068082429 0.50650001
0.23826806 0.068082429 0.50650001
0.24824028 0.068384871 0.50875002
0.2566486 0.068250455 0.50775003
0.26554483 0.068250455 0.50775003
0.27511665 0.068418473 0.509
0.28417432 0.068452083 0.50925004
0.2935285 0.068552896 0.51000005
0.30290893 0.068653703 0.51075
0.31124714 0.068519287 0.50975001
0.32096359 0.068687312 0.51100004
0.32927111 0.068552896 0.51000005
0.33953306 0.068821728 0.51200002
0.34765291 0.068653703 0.51075
-0 0 0
-0 0 0
-0 0 0
-0 0 0
-0 0 0
-0 0 0
-0 0 0
-0 0 0
-0 0 0
-0 0 0
-0 0 0
-0 0 0
-0 0 0
-0.27317518 0.087194189 0.57425004
-0.26265562 0.087042347 0.57325006
-0.25173041 0.086738661 0.57125002
-0.23981747 0.086055391 0.56675005
-0.22796078 0.085334145 0.56200004
-0.21617353 0.084574945 0.55700004
-0.2056732 0.08427126 0.55500001
-0.19444859 0.083625942 0.55075002
-0.18471509 0.083587982 0.55050004
-0.17379776 0.082980625 0.54650003
-0.16302058 0.082373261 0.54250002
-0.15323253 0.082221419 0.54150003
-0.14321403 0.08191774 0.5395
-0.13283175 0.081348345 0.53575003
-0.12309931 0.08112058 0.53425002
-0.11336622 0.080854863 0.53250003
-0.10359674 0.080513217 0.53025001
-0.093906119 0.080171578 0.528
-0.084374502 0.079905853 0.52625
-0.07472571 0.079450339 0.52325004
-0.064774826 0.078501336 0.51700002
-0.05232181 0.073718376 0.48550004
-0.037520614 0.063127525 0.41575003
-0.022927223 0.047867596 0.31525001
-0.017086325 0.046994515 0.30950001
-0.011663609 0.046994515 0.30950001
-0.0060694939 0.045703877 0.30100003
-0.00078843394 0.045286313 0.29825002
0.0044706473 0.045627952 0.30050001
0.0096789794 0.045362234 0.29875001
0.014888389 0.045286313 0.29825002
0.020805256 0.046842676 0.30850002
0.029481448 0.052688517 0.347
0.051650848 0.076527417 0.50400001
0.060451385 0.076489456 0.50375003
0.068933725 0.076109856 0.50125003
0.078219965 0.076603338 0.50450003
0.087145545 0.076679252 0.505
0.095993593 0.076679252 0.505
0.10504926 0.076831102 0.50600004
0.11385854 0.076793134 0.50575
0.12265907 0.076755174 0.50550002
0.13125572 0.076603338 0.50450003
0.14037271 0.076755174 0.50550002
0.14959854 0.076944977 0.50675005
0.15839906 0.076907016 0.50650001
0.16743852 0.076982938 0.50700003
0.17684329 0.077210702 0.50850004
0.1854787 0.07709682 0.50775003
0.19494915 0.077324584 0.50925004
0.2036715 0.077248655 0.50875002
0.21237631 0.077172734 0.50825
0.2217167 0.077324584 0.50925004
0.23063922 0.077324584 0.50925004
0.24003215 0.07747642 0.51025003
0.25055802 0.077969901 0.51350003
0.25879678 0.077742137 0.51200002
0.26737526 0.077628255 0.51125002
0.27660304 0.077704184 0.51175004
0.28626689 0.077893972 0.51300001
0.29597455 0.078083783 0.51425004
0.30542949 0.078197658 0.51500005
0.31475803 0.078273579 0.51550001
0.32410413 0.078349501 0.51600003
0.33346769 0.078425415 0.5165
0.34334618 0.078615218 0.51775002
0.35224748 0.078577258 0.51750004
-0 0 0
-0 0 0
-0 0 0
-0 0 0
-0 0 0
-0 0 0
-0 0 0
-0 0 0
-0 0 0
-0 0 0
-0 0 0
-0 0 0
-0 0 0
-0 0 0
-0.26334289 0.097283773 0.57475001
-0.25305244 0.097199149 0.57425004
-0.2417216 0.096691363 0.57125002
-0.23039453 0.096141256 0.56800002
-0.21947239 0.095718101 0.56550002
-0.20771141 0.094871782 0.56050003
-0.19665523 0.094279371 0.55700004
-0.18622501 0.093940839 0.55500001
-0.17554687 0.093433052 0.55200005
-0.16519921 0.093052208 0.54975003
-0.15450592 0.092417471 0.546
-0.14460769 0.092205897 0.54475003
-0.13450532 0.091825053 0.54250002
-0.12476983 0.091655791 0.54150003
-0.11485647 0.091317259 0.5395
-0.10486667 0.090851791 0.53675002
-0.094573066 0.09000548 0.53175002
-0.08481542 0.089540012 0.52900004
-0.05426807 0.064319856 0.38000003
-0.038495295 0.052005988 0.30725002
-0.0329234 0.051709775 0.3055
-0.027390273 0.051371254 0.30350003
-0.021763589 0.050651886 0.29925001
-0.016327241 0.050059468 0.29575002
-0.01095701 0.049213152 0.29075003
-0.0058174385 0.048832309 0.28850001
-0.00075737236 0.048493784 0.28650001
0.0042772419 0.04866305 0.28750002
0.0094035948 0.049128518 0.29025
0.014439116 0.048959259 0.28925002
0.019709354 0.049467046 0.29225001
0.025488285 0.050778832 0.30000001
0.031436309 0.05192136 0.30675003
0.036810845 0.05192136 0.30675003
0.046070419 0.056703027 0.33500001
0.078219965 0.085393071 0.50450003
0.088051513 0.086366333 0.51025003
0.097229153 0.086577907 0.5115
0.10608729 0.086493284 0.51100004
0.11470278 0.086239383 0.50950003
0.12362967 0.086239383 0.50950003
0.13255657 0.086239383 0.50950003
0.14113635 0.086027801 0.50825
0.15018895 0.08611244 0.50875002
0.15949364 0.086324021 0.51000005
0.1681816 0.086197071 0.50925004
0.17762576 0.086450957 0.51075
0.18657456 0.086450957 0.51075
0.19571477 0.086535595 0.51125002
0.20487252 0.086620227 0.51175004
0.21415223 0.086747177 0.51250005
0.22378473 0.087001063 0.514
0.23290372 0.087043382 0.51425004
0.24226665 0.087170333 0.51500005
0.25214383 0.087466538 0.51675004
0.26094499 0.087381907 0.51625001
0.26920569 0.087128013 0.51475
0.27984607 0.0876358 0.51775002
0.28933606 0.087762751 0.51850003
0.29870841 0.087847382 0.51900005
0.30765349 0.087805063 0.51875001
0.3165898 0.087762751 0.51850003
0.32693061 0.088101268 0.5205
0.33653444 0.088228218 0.52125001
0.34649616 0.0884398 0.52250004
0.35599115 0.088524431 0.523
-0 0 0
-0 0 0
-0 0 0
-0 0 0
-0 0 0
-0 0 0
-0 0 0
-0 0 0
-0 0 0
-0 0 0
-0 0 0
-0 0 0
-0 0 0
-0 0 0
-0 0 0
-0 0 0
-0.24161583 0.10659739 0.57100004
-0.23201703 0.10678408 0.57200003
-0.22121887 0.10641071 0.57000005
-0.21002756 0.10580398 0.56675005
-0.19974451 0.10561729 0.56575
-0.18882546 0.10505724 0.56275004
-0.177773 0.10435717 0.55900002
-0.16700219 0.10375044 0.55575001
-0.15691124 0.10351709 0.55450004
-0.14686407 0.10328373 0.55325001
-0.13661277 0.10286368 0.551
-0.12655553 0.10253698 0.54925001
-0.11650641 0.10216361 0.54725003
-0.10633197 0.10160355 0.54425001
-0.095640182 0.1003901 0.53775001
-0.049943294 0.058152519 0.31150001
-0.043021727 0.05623899 0.30125001
-0.037085779 0.055258892 0.296
-0.031495463 0.054558821 0.29225001
-0.025923742 0.053625397 0.28725001
-0.020490866 0.052598629 0.28175002
-0.015361131 0.051945224 0.27825001
-0.0104671 0.051851884 0.27775002
-0.0055805058 0.051665194 0.27675
-0.00072961533 0.051525187 0.27600002
0.004124749 0.051758543 0.27725002
0.0089824172 0.051758543 0.27725002
0.013877526 0.051898558 0.27800003
0.018950654 0.052458614 0.28100002
0.024341311 0.053485382 0.28650001
0.029847838 0.054372139 0.29125002
0.035670813 0.055492248 0.29725
0.042185381 0.057265766 0.30675003
0.047986284 0.057779144 0.30950001
0.088698633 0.095956318 0.514
0.098654807 0.096889757 0.51900005
0.10774815 0.096889757 0.51900005
0.11627867 0.09642303 0.5165
0.12520689 0.096329696 0.51600003
0.13444281 0.096469708 0.51675004
0.143705 0.096609727 0.51750004
0.15232925 0.096329696 0.51600003
0.16066638 0.095909648 0.51375002
0.16991542 0.096049666 0.51450002
0.1794516 0.096329696 0.51600003
0.18803576 0.096096329 0.51475
0.19715035 0.096143015 0.51500005
0.20647386 0.096283026 0.51575005
0.21655491 0.096749738 0.51825005
0.22607048 0.09693642 0.51925004
0.23528142 0.09698309 0.51950002
0.24391313 0.096796408 0.51850003
0.25409558 0.09721645 0.52075005
0.2638514 0.097449802 0.52200001
0.27208212 0.097123109 0.52025002
0.28173783 0.097309791 0.52125001
0.29198667 0.097683169 0.52325004
0.30216169 0.098009862 0.52500004
0.31195322 0.098196544 0.52600002
0.3208639 0.098103203 0.5255
0.33007115 0.098103203 0.5255
0.3408924 0.098569915 0.528
0.35047504 0.098663263 0.52850002
0.35905418 0.098476574 0.52750003
-0 0 0
-0 0 0
-0 0 0
-0 0 0
-0 0 0
-0 0 0
-0 0 0
-0 0 0
-0 0 0
-0 0 0
-0 0 0
-0 0 0
-0 0 0
-0 0 0
-0 0 0
-0 0 0
-0 0 0
-0 0 0
-0.22092779 0.11618855 0.56925005
-0.21095401 0.11618855 0.56925005
-0.2008037 0.11608649 0.56875002
-0.18999985 0.11557622 0.56625003
-0.17984012 0.11542314 0.56550002
-0.17023255 0.11562724 0.56650001
-0.15945804 0.11501493 0.56350005
-0.14898774 0.11455568 0.56125003
-0.13834834 0.11389232 0.55800003
-0.12811086 0.11348411 0.55600005
-0.11842246 0.11353514 0.55625004
-0.10701578 0.11180022 0.54775006
-0.056201391 0.064498164 0.31600001
-0.047658566 0.060671136 0.29725
-0.041522216 0.059344437 0.29075003
-0.035707597 0.058170814 0.28500003
-0.0299867 0.056793083 0.27825001
-0.024908453 0.05633384 0.27600002
-0.019981775 0.056078706 0.27475002
-0.015140306 0.055976648 0.27425
-0.010335201 0.055976648 0.27425
-0.0055300952 0.055976648 0.27425
-0.00072366733 0.055874594 0.27375001
0.0040763975 0.055925623 0.27400002
0.0088771228 0.055925623 0.27400002
0.013702809 0.056027677 0.27450001
0.018546013 0.056129731 0.27500001
0.02340674 0.056231782 0.2755
0.028515574 0.056793083 0.27825001
0.034080777 0.057966702 0.28400001
0.040156905 0.059599571 0.29200003
0.046319555 0.060977299 0.29875001
0.05258932 0.062201951 0.30475003
0.09903498 0.10634033 0.52100003
0.10920139 0.10736087 0.52600002
0.11841739 0.10736087 0.52600002
0.12714809 0.10695266 0.52400005
0.13645911 0.1070547 0.52450001
0.14550999 0.10695266 0.52400005
0.15461713 0.10690162 0.52375001
0.16324642 0.10654444 0.52200001
0.17255746 0.10664649 0.52250004
0.18127741 0.10639135 0.52125001
0.19077547 0.10659546 0.52225
0.19944723 0.10634033 0.52100003
0.20887588 0.10649341 0.52175003
0.21801741 0.10649341 0.52175003
0.22737661 0.10659546 0.52225
0.23652689 0.10659546 0.52225
0.24567719 0.10659546 0.52225
0.25580338 0.10700368 0.52425003
0.26536781 0.10715676 0.52500004
0.27548149 0.10751395 0.52675003
0.28417012 0.10730984 0.52575004
0.29547432 0.10807525 0.52950001
0.30503941 0.1081773 0.53000003
0.31491855 0.10838141 0.53100002
0.32529068 0.10873859 0.53275001
0.33415386 0.10858551 0.53200001
0.34315217 0.10848346 0.53150004
0.3541224 0.10899374 0.53400004
0.36211717 0.10858551 0.53200001
-0 0 0
-0 0 0
-0 0 0
-0 0 0
-0 0 0
-0 0 0
-0 0 0
-0 0 0
-0 0 0
-0 0 0
-0 0 0
-0 0 0
-0 0 0
-0 0 0
-0 0 0
-0 0 0
-0 0 0
-0 0 0
-0 0 0
-0 0 0
-0 0 0
-0 0 0
-0 0 0
-0.17218579 0.12693714 0.57300001
-0.16073143 0.12582949 0.56800002
-0.15051411 0.12560795 0.56700003
-0.14057976 0.12560795 0.56700003
-0 0 0
-0.065198876 0.067843802 0.30625001
-0.059246983 0.06717921 0.30325001
-0.052422024 0.065296195 0.29475001
-0.046015166 0.063579336 0.287
-0.040022701 0.062084004 0.28025001
-0.03451734 0.061031729 0.2755
-0.029582568 0.060810201 0.27450001
-0.024727957 0.060699437 0.27400002
-0.019890867 0.060588673 0.27350003
-0.015071298 0.060477905 0.273
-0.010269252 0.060367141 0.27250001
-0.0054948074 0.060367141 0.27250001
-0.00071970205 0.060311761 0.27225003
0.0040466427 0.060256377 0.27200001
0.0088204267 0.060311761 0.27225003
0.013615451 0.060422525 0.27275002
0.018444855 0.060588673 0.27350003
0.02325806 0.060644053 0.27375001
0.028156888 0.060865588 0.27475002
0.033090755 0.061087117 0.27575001
0.038369097 0.061807092 0.27900001
0.044846632 0.06407778 0.28925002
0.051381361 0.065960795 0.29775003
0.058451544 0.068120718 0.3075
0.066122897 0.070557557 0.31850001
0.11898021 0.11707902 0.52850002
0.12842199 0.11724517 0.52925003
0.13736971 0.11696825 0.528
0.14724556 0.1174667 0.53025001
0.15712644 0.11790977 0.53225005
0.16629557 0.117799 0.53175002
0.17528205 0.11757747 0.53075004
0.1842335 0.11735594 0.52975005
0.19378917 0.11752209 0.53050005
0.20241405 0.1171344 0.52875
0.21197848 0.11730055 0.52950001
0.22094241 0.1171344 0.52875
0.23064196 0.11735594 0.52975005
0.23901786 0.11691287 0.52775002
0.24838211 0.11696825 0.528
0.25873101 0.1174667 0.53025001
0.26915878 0.11796515 0.53250003
0.27822715 0.11785438 0.53200001
0.28862926 0.11829744 0.53400004
0.29840395 0.1184636 0.53475004
0.30777326 0.1184636 0.53475004
0.31758738 0.11862975 0.53550005
0.3283436 0.11912818 0.53775001
0.33839363 0.11934972 0.53875005
0.34767154 0.11929433 0.53850001
0.35859865 0.11979277 0.54075003
0.3679029 0.11973739 0.54050004
-0 0 0
-0 0 0
-0 0 0
-0 0 0
-0 0 0
-0 0 0
-0 0 0
-0 0 0
-0 0 0
-0 0 0
-0 0 0
-0 0 0
-0 0 0
-0 0 0
-0 0 0
-0 0 0
-0 0 0
-0 0 0
-0 0 0
-0 0 0
-0 0 0
-0 0 0
-0 0 0
-0 0 0
-0 0 0
-0 0 0
-0 0 0
-0 0 0
-0.064719871 0.07264185 0.30400002
-0.057635151 0.070491269 0.29500002
-0.050910283 0.068400428 0.28625003
-0.044492017 0.066309579 0.2775
-0.039165836 0.065532982 0.27425
-0.034298085 0.065413505 0.27375001
-0.029447855 0.065294035 0.27325001
-0.024592584 0.065114811 0.27250001
-0.019781776 0.064995341 0.27200001
-0.014960887 0.064756386 0.27100003
-0.01018446 0.06457717 0.27025002
-0.005439355 0.064457692 0.26975
-0.0007111106 0.064278483 0.26900002
0.0040020109 0.064278483 0.26900002
0.0087394295 0.064457692 0.26975
0.013503131 0.064636908 0.2705
0.018293114 0.064816125 0.27125001
0.02313062 0.06505508 0.27225003
0.028003165 0.065294035 0.27325001
0.032880753 0.065473251 0.27400002
0.037784621 0.065652467 0.27475002
0.043102384 0.066429064 0.27800003
0.049526278 0.068579637 0.287
0.057168465 0.071865253 0.30075002
0.064098723 0.073776878 0.30875
0.070014849 0.074314527 0.31100002
0 0 0
0 0 0
0 0 0
0 0 0
0.16746832 0.12795958 0.53550005
0.17660306 0.12778036 0.53475004
0.18727651 0.12867643 0.53850001
0.19671153 0.12867643 0.53850001
0.20547658 0.12825826 0.53675002
0.21528126 0.12849721 0.53775001
0.22491206 0.12861669 0.53825003
0.23379844 0.128318 0.537
0.24230137 0.1278401 0.53500003
0.25155747 0.12778036 0.53475004
0.26080477 0.12772061 0.5345
0.27092788 0.12807904 0.53600001
0.28123432 0.12849721 0.53775001
0.29227766 0.12921408 0.54075003
0.30175209 0.12921408 0.54075003
0.3116582 0.12939329 0.54150003
0.32218364 0.12981147 0.54325002
0.33215979 0.12999068 0.54400003
0.34263334 0.13034911 0.54550004
0.35170674 0.1301699 0.54475003
0.36141703 0.13022962 0.54500002
0.37317809 0.13100623 0.54825002
-0 0 0
-0 0 0
-0 0 0
-0 0 0
-0 0 0
-0 0 0
-0 0 0
-0 0 0
-0 0 0
-0 0 0
-0 0 0
-0 0 0
-0 0 0
-0 0 0
-0 0 0
-0 0 0
-0 0 0
-0 0 0
-0 0 0
-0 0 0
-0 0 0
-0 0 0
-0 0 0
-0 0 0
-0 0 0
-0 0 0
-0 0 0
-0.070161425 0.078066528 0.30450001
-0.063602172 0.076592371 0.29875001
-0.056316379 0.073900416 0.28825
-0.049131755 0.0708239 0.27625
-0.043930858 0.070247062 0.27400002
-0.038987324 0.06999068 0.273
-0.03414147 0.069862492 0.27250001
-0.029232318 0.069542028 0.27125001
-0.024389528 0.069285654 0.27025002
-0.019509049 0.068772897 0.26825002
-0.014767664 0.068580613 0.26750001
-0.010109089 0.068772897 0.26825002
-0.0054242322 0.068965182 0.26900002
-0.00071243232 0.069093369 0.26950002
0.0040094494 0.069093369 0.26950002
0.0087070316 0.068901084 0.26875001
0.013378333 0.0687088 0.26800001
0.018073933 0.0687088 0.26800001
0.022875736 0.069029272 0.26925001
0.0277982 0.069542028 0.27125001
0.032700747 0.069862492 0.27250001
0.037578337 0.070054777 0.27325001
0.042482205 0.070247062 0.27400002
0.047800627 0.071016185 0.27700001
0.055125035 0.074349083 0.29000002
0.062178362 0.076784655 0.29950002
0.068101257 0.077553779 0.30250001
0.07461457 0.078835659 0.3075
0.079546951 0.078387 0.30575001
0 0 0
0 0 0
0 0 0
0 0 0
0 0 0
0.19671153 0.13805854 0.53850001
0.2081563 0.13940452 0.54375005
0.21788345 0.1395327 0.54425001
0.2283594 0.14010955 0.54650003
0.23717265 0.13966089 0.54475003
0.24637748 0.13946861 0.54400003
0.25649688 0.13978907 0.54525
0.26556221 0.1395327 0.54425001
0.27471885 0.13934042 0.54350001
0.28489521 0.13966089 0.54475003
0.2945748 0.13972498 0.54500002
0.3042632 0.13978907 0.54525
0.315687 0.1406223 0.5485
0.32559377 0.1407505 0.54900002
0.33597597 0.14107098 0.55025005
0.34640199 0.14139144 0.55150002
0.35703319 0.141776 0.55300003
0.36771697 0.14216056 0.55450004
0.37641129 0.141776 0.55300003
-0 0 0
-0 0 0
-0 0 0
-0 0 0
-0 0 0
-0 0 0
-0 0 0
-0 0 0
-0 0 0
-0 0 0
-0 0 0
-0 0 0
-0 0 0
-0 0 0
-0 0 0
-0 0 0
-0 0 0
-0 0 0
-0 0 0
-0 0 0
-0 0 0
-0 0 0
-0 0 0
-0 0 0
-0 0 0
-0 0 0
-0 0 0
-0.069124557 0.082139641 0.30000001
-0.062218357 0.080017701 0.29225001
-0.054264963 0.076047622 0.27775002
-0.048731588 0.075020872 0.27400002
-0.04381061 0.074815527 0.27325001
-0.038880218 0.074541725 0.27225003
-0.033828247 0.073925674 0.27000001
-0.02880124 0.073172726 0.26725
-0.024096221 0.073104285 0.26700002
-0.019709051 0.074199483 0.27100003
-0.015209313 0.07543157 0.2755
-0.010523628 0.07645832 0.27925003
-0.0056409999 0.076595217 0.27975002
-0.00074085029 0.076732114 0.28025001
0.0041731005 0.07680057 0.28050002
0.0090634134 0.076595217 0.27975002
0.013852566 0.075979166 0.2775
0.018377414 0.074610174 0.27250001
0.022769533 0.073378079 0.26800001
0.027541997 0.073583432 0.26875001
0.032400742 0.073925674 0.27000001
0.037303288 0.074267924 0.27125001
0.042327154 0.074747071 0.273
0.047239788 0.074952424 0.27375001
0.053224169 0.076663665 0.28
0.060257994 0.079470098 0.29025
0.067257024 0.081797391 0.29875001
0.073401324 0.082824141 0.30250001
0.078571312 0.082687236 0.30200002
0 0 0
0 0 0
0 0 0
0 0 0
0 0 0
0 0 0
0 0 0
0 0 0
0.22992638 0.1506578 0.55025005
0.24054682 0.15127383 0.55250001
0.25034037 0.1513423 0.55275005
0.26061305 0.15168454 0.55400002
0.27019766 0.1516161 0.55375004
0.27977347 0.15154763 0.5535
0.28920981 0.15141074 0.55300003
0.29835835 0.15113695 0.55200005
0.30858791 0.15141074 0.55300003
0.31842086 0.15147918 0.55325001
0.32930043 0.15202679 0.55525005
0.33963951 0.15230058 0.55625004
0.34891441 0.15209524 0.55550003
0.3599385 0.15264283 0.5575
0.37318796 0.15408029 0.56275004
0.37998483 0.15284818 0.55825001
-0 0 0
-0 0 0
-0 0 0
-0 0 0
-0 0 0
-0 0 0
-0 0 0
-0 0 0
-0 0 0
-0 0 0
-0 0 0
-0 0 0
-0 0 0
-0 0 0
-0 0 0
-0 0 0
-0 0 0
-0 0 0
-0 0 0
-0 0 0
-0 0 0
-0 0 0
-0 0 0
-0 0 0
-0 0 0
-0 0 0
-0.074008919 0.086929612 0.2985
-0.067742065 0.085619114 0.294
-0.060089417 0.082197264 0.28225002
-0.053629998 0.079940297 0.27450001
-0.048553731 0.079503462 0.273
-0.043570112 0.079139434 0.27175
-0.038523186 0.078556992 0.26975
-0.033483699 0.077828936 0.26725
-0.02901678 0.078411385 0.26925001
-0.024953576 0.080522738 0.27650002
-0.020363592 0.081542015 0.28
-0.015485346 0.081687629 0.28050002
-0.010551891 0.081542015 0.28
-0.0056208349 0.081177987 0.27875
-0.00073490239 0.080959573 0.27800003
0.0041545038 0.081323601 0.27925003
0.0090391142 0.081250794 0.27900001
0.013939925 0.081323601 0.27925003
0.018815774 0.081250794 0.27900001
0.023597904 0.080886766 0.27775002
0.027875062 0.079212241 0.27200001
0.032130737 0.077974558 0.26775002
0.036925096 0.078192964 0.2685
0.042094592 0.079066634 0.27150002
0.047110364 0.079503462 0.273
0.052083656 0.07979469 0.27400002
0.058752846 0.082415685 0.28300002
0.065512285 0.084745452 0.29100001
0.072794706 0.087366447 0.30000001
0.078636356 0.088021696 0.30225003
0 0 0
0 0 0
0 0 0
0 0 0
0 0 0
0 0 0
0 0 0
0 0 0
0 0 0
0 0 0
0.25351065 0.16301122 0.55975002
0.26519966 0.16417611 0.56375003
0.2747111 0.1639577 0.56300002
0.28470173 0.16403049 0.56325001
0.2923477 0.1627928 0.55900002
0.30119598 0.16228317 0.55725002
0.31165707 0.1626472 0.55850005
0.32173023 0.1627928 0.55900002
0.33315539 0.16359368 0.56175005
0.34208187 0.16315684 0.56025004
0.35189795 0.16315684 0.56025004
0.36720183 0.16563222 0.56875002
0.37650371 0.165341 0.56775004
0 0 0
-0 0 0
-0 0 0
-0 0 0
-0 0 0
-0 0 0
-0 0 0
-0 0 0
-0 0 0
-0 0 0
-0 0 0
-0 0 0
-0 0 0
-0 0 0
-0 0 0
-0 0 0
-0 0 0
-0 0 0
-0 0 0
-0 0 0
-0 0 0
-0 0 0
-0 0 0
-0 0 0
-0 0 0
-0 0 0
-0 0 0
-0.073513053 0.091512986 0.29650003
-0.06635958 0.088889509 0.28800002
-0.058812048 0.085262939 0.27625
-0.053385779 0.084337011 0.27325001
-0.048375882 0.083951205 0.27200001
-0.043289531 0.083333917 0.27000001
-0.038130462 0.082407989 0.26700002
-0.03385957 0.083411083 0.27025002
-0.029959759 0.085803069 0.27800003
-0.025224321 0.086266033 0.27950001
-0.020345412 0.086343199 0.27975002
-0.015416338 0.086188875 0.27925003
-0.010495365 0.085957393 0.27850002
-0.005565383 0.085185781 0.27600002
-0.00072565 0.084722817 0.27450001
0.00411731 0.085417256 0.27675
0.0089905169 0.085648745 0.2775
0.013890005 0.085880227 0.27825001
0.018782055 0.085957393 0.27850002
0.023682864 0.086034551 0.27875
0.028566813 0.086034551 0.27875
0.032970756 0.084799975 0.27475002
0.036787573 0.082562305 0.26750001
0.041668218 0.082948111 0.26875001
0.046808373 0.083719723 0.27125001
0.051846046 0.084182687 0.27275002
0.057247691 0.085108615 0.27575001
0.064217798 0.088040739 0.28525001
0.071824104 0.091358662 0.296
0.078181051 0.092747562 0.30050001
0 0 0
0 0 0
0 0 0
0 0 0
0 0 0
0 0 0
0 0 0
0 0 0
0 0 0
0 0 0
0 0 0
0.26719895 0.17530987 0.56800002
0.27727279 0.17538702 0.56825
0.28811362 0.17592716 0.57000005
0.29888499 0.17639011 0.5715
0.30768204 0.17569567 0.56925005
0 0 0
0 0 0
0 0 0
0 0 0
0 0 0
0 0 0
0 0 0
0 0 0
-0 0 0
-0 0 0
-0 0 0
-0 0 0
-0 0 0
-0 0 0
-0 0 0
-0 0 0
-0 0 0
-0 0 0
-0 0 0
-0 0 0
-0 0 0
-0 0 0
-0.73470265 0.52284813 1.6035001
-0 0 0
-0 0 0
-0 0 0
-0 0 0
-0 0 0
-0 0 0
-0 0 0
-0 0 0
-0 0 0
-0 0 0
-0.078907087 0.096923351 0.29725
-0.072831228 0.095782124 0.29375002
-0.065034688 0.092032358 0.28225002
-0.05817337 0.089097753 0.27325001
-0.053141564 0.088690169 0.27200001
-0.048109099 0.088201068 0.2705
-0.042888705 0.087222874 0.26750001
-0.038451783 0.087793484 0.26925001
-0.034861889 0.090728089 0.27825001
-0.030067528 0.09097264 0.27900001
-0.025179196 0.09097264 0.27900001
-0.020254502 0.090809606 0.27850002
-0.015361131 0.090728089 0.27825001
-0.0104671 0.090565056 0.27775002
-0.0055855475 0.090320505 0.27700001
-0.00073027617 0.090075955 0.27625
0.0041135908 0.090157472 0.27650002
0.0089824172 0.090402022 0.27725002
0.013852566 0.090483539 0.2775
0.018731475 0.090565056 0.27775002
0.023640383 0.090728089 0.27825001
0.028566813 0.090891115 0.27875
0.033510767 0.091054156 0.27925003
0.037784621 0.089586861 0.27475002
0.04139689 0.087059841 0.26700002
0.046549525 0.087956518 0.26975
0.05160844 0.088527143 0.27150002
0.056832474 0.089260787 0.27375001
0.063261002 0.091624774 0.28100002
0.070732184 0.095048472 0.2915
0.076880209 0.096352741 0.29550001
0 0 0
0 0 0
0 0 0
0 0 0
0 0 0
0 0 0
0 0 0
0 0 0
0 0 0
0 0 0
0 0 0
0 0 0
0 0 0
0 0 0
0 0 0
0 0 0
0 0 0
0 0 0
0 0 0
0 0 0
0 0 0
0 0 0
0 0 0
0 0 0
-0 0 0
-0 0 0
-0 0 0
-0 0 0
-0 0 0
-0 0 0
-0 0 0
-0 0 0
-0 0 0
-0 0 0
-0 0 0
-0 0 0
-0 0 0
-0.75839704 0.54760814 1.5942501
-0.73172444 0.54855275 1.5970001
-0 0 0
-0 0 0
-0 0 0
-0 0 0
-0 0 0
-0 0 0
-0 0 0
-0 0 0
-0 0 0
-0 0 0
-0.078840725 0.10201638 0.29700002
-0.071839482 0.099526078 0.28975001
-0.063882612 0.095232464 0.27725002
-0.057960477 0.093515016 0.27225003
-0.052946191 0.093085654 0.27100003
-0.047797859 0.092312798 0.26875001
-0.042768452 0.091625817 0.26675001
-0.039558567 0.095146589 0.27700001
-0.034955855 0.09583357 0.27900001
-0.030040583 0.095747687 0.27875
-0.025111509 0.095575951 0.27825001
-0.020181775 0.095318332 0.2775
-0.015250719 0.09488897 0.27625
-0.010391729 0.094717227 0.27575001
-0.0055704238 0.09488897 0.27625
-0.00072763267 0.094545484 0.27525002
0.0040875557 0.09437374 0.27475002
0.0089176213 0.094545484 0.27525002
0.013777688 0.094803102 0.27600002
0.018680895 0.095146589 0.27700001
0.023597904 0.095404208 0.27775002
0.028515574 0.095575951 0.27825001
0.033510767 0.095919445 0.27925003
0.038403478 0.095919445 0.27925003
0.042017072 0.093085654 0.27100003
0.046247538 0.092055179 0.26800001
0.051370833 0.092828035 0.27025002
0.056728672 0.093858503 0.27325001
0.062304206 0.095060706 0.27675
0.070125565 0.099268459 0.289
0.07740055 0.10218813 0.29750001
0 0 0
0 0 0
0 0 0
0 0 0
0 0 0
0 0 0
0 0 0
0 0 0
0 0 0
0 0 0
0 0 0
0 0 0
0 0 0
0 0 0
0 0 0
0 0 0
0 0 0
0 0 0
0 0 0
0 0 0
0 0 0
0 0 0
0 0 0
0 0 0
-0 0 0
-0 0 0
-0 0 0
-0 0 0
-0 0 0
-0 0 0
-0 0 0
-0 0 0
-0 0 0
-0 0 0
-0 0 0
-0 0 0
-0 0 0
-0 0 0
-0 0 0
-0 0 0
-0 0 0
-0 0 0
-0 0 0
-0 0 0
-0 0 0
-0 0 0
-0 0 0
-0 0 0
-0 0 0
-0.078641631 0.10692023 0.29625002
-0.070413843 0.10249905 0.28400001
-0.063133761 0.098889932 0.27400002
-0.05774758 0.097897425 0.27125001
-0.052555446 0.097085372 0.26900002
-0.047442153 0.096273318 0.26675001
-0.043530032 0.097987652 0.27150002
-0.039808482 0.10060426 0.27875
-0.034924533 0.10060426 0.27875
-0.030013643 0.10051404 0.27850002
-0.025043823 0.10015312 0.2775
-0.020054502 0.099521525 0.27575001
-0.015126506 0.098889932 0.27400002
-0.010288094 0.098529018 0.273
-0.0054948074 0.098348565 0.27250001
-0.00072036288 0.098348565 0.27250001
0.0040429235 0.098077878 0.27175
0.0088285254 0.098348565 0.27250001
0.013690328 0.098980159 0.27425
0.018579733 0.099431299 0.2755
0.023512941 0.099882439 0.27675
0.028464334 0.10024335 0.27775002
0.033480767 0.10069449 0.27900001
0.038403478 0.10078473 0.27925003
0.043024857 0.10015312 0.2775
0.04611811 0.096453771 0.26725
0.051085699 0.096995145 0.26875001
0.056572966 0.098348565 0.27250001
0.061966516 0.099341072 0.27525002
0.06915497 0.10285997 0.28500003
0.076815166 0.10655932 0.29525003
0 0 0
0 0 0
0 0 0
0 0 0
0 0 0
0 0 0
0 0 0
0 0 0
0 0 0
0 0 0
0 0 0
0 0 0
0 0 0
0 0 0
0 0 0
0 0 0
0 0 0
0 0 0
0 0 0
0 0 0
0 0 0
0 0 0
0 0 0
0 0 0
-0 0 0
-0 0 0
-0 0 0
-0 0 0
-0 0 0
-0 0 0
-0 0 0
-0 0 0
-0 0 0
-0 0 0
-0 0 0
-0 0 0
-0 0 0
-0 0 0
-0 0 0
-0 0 0
-0 0 0
-0 0 0
-0 0 0
-0 0 0
-0 0 0
-0 0 0
-0 0 0
-0 0 0
-0 0 0
-0.077911623 0.11104127 0.29350001
-0.069794007 0.10650126 0.28150001
-0.062903345 0.10328541 0.273
-0.057694357 0.10252874 0.27100003
-0.052408915 0.10148832 0.26825002
-0.047442153 0.10092082 0.26675001
-0.044331688 0.10460959 0.27650002
-0.039808482 0.10546083 0.27875
-0.034861889 0.10527167 0.27825001
-0.029905872 0.10498791 0.2775
-0.024931014 0.10451499 0.27625
-0.01992723 0.10366375 0.27400002
-0.01498849 0.10271791 0.27150002
-0.01018446 0.102245 0.27025002
-0.0054343143 0.10196124 0.26950002
-0.00070912793 0.10148832 0.26825002
0.003994572 0.1015829 0.2685
0.0087151323 0.10177208 0.26900002
0.013553051 0.10271791 0.27150002
0.018461714 0.10356916 0.27375001
0.02340674 0.10423125 0.2755
0.028413093 0.10489333 0.27725002
0.033420764 0.10536625 0.27850002
0.038369097 0.10555542 0.27900001
0.043296188 0.10565001 0.27925003
0.046765238 0.10252874 0.27100003
0.05075305 0.1010154 0.26700002
0.056209654 0.10243416 0.27075002
0.061459977 0.10328541 0.273
0.068063051 0.10612293 0.28050002
0.075969614 0.11047377 0.29200003
0.083168402 0.11331128 0.29950002
0 0 0
0 0 0
0 0 0
0 0 0
0 0 0
0 0 0
0 0 0
0 0 0
0 0 0
0 0 0
0 0 0
0 0 0
0 0 0
0 0 0
0 0 0
0 0 0
0 0 0
0 0 0
0 0 0
0 0 0
0 0 0
0 0 0
0 0 0
-0 0 0
-0 0 0
-0 0 0
-0 0 0
-0 0 0
-0 0 0
-0 0 0
-0 0 0
-0 0 0
-0 0 0
-0 0 0
-0 0 0
-0 0 0
-0 0 0
-0 0 0
-0 0 0
-0 0 0
-0 0 0
-0 0 0
-0 0 0
-0 0 0
-0 0 0
-0 0 0
-0 0 0
-0 0 0
-0.076849803 0.11457179 0.28950003
-0.069422103 0.11081209 0.28
-0.062903345 0.10804179 0.273
-0.05748146 0.10685452 0.27000001
-0.052067012 0.10546938 0.26650003
-0.047886785 0.1065577 0.26925001
-0.044572186 0.11002059 0.27800003
-0.039737079 0.11011952 0.27825001
-0.034767918 0.1098227 0.2775
-0.029744221 0.10922907 0.27600002
-0.024727957 0.10843755 0.27400002
-0.019781776 0.10764603 0.27200001
-0.014836673 0.10635982 0.26875001
-0.010043141 0.10546938 0.26650003
-0.0053234096 0.10447997 0.264
-0.00069326669 0.1037874 0.26225001
0.0039053077 0.10388634 0.26250002
0.0085855387 0.10487574 0.26500002
0.013365855 0.10596407 0.26775002
0.018259395 0.10715134 0.27075002
0.02323682 0.10823968 0.27350003
0.028284991 0.10922907 0.27600002
0.033330761 0.10992164 0.27775002
0.038300335 0.11021847 0.27850002
0.043257426 0.11041634 0.27900001
0.047584921 0.10913013 0.27575001
0.050515443 0.10517255 0.26575002
0.056002043 0.10675558 0.26975
0.061347414 0.10784391 0.27250001
0.067638412 0.11031739 0.27875
0.076359868 0.11615482 0.29350001
0.083307244 0.11872724 0.30000001
0 0 0
0 0 0
0 0 0
0 0 0
0 0 0
0 0 0
0 0 0
0 0 0
0 0 0
0 0 0
0 0 0
0 0 0
0 0 0
0 0 0
0 0 0
0 0 0
0 0 0
0 0 0
0 0 0
0 0 0
0 0 0
0 0 0
0 0 0
-0 0 0
-0 0 0
-0 0 0
-0 0 0
-0 0 0
-0 0 0
-0 0 0
-0 0 0
-0 0 0
-0 0 0
-0 0 0
-0 0 0
-0 0 0
-0 0 0
-0 0 0
-0 0 0
-0 0 0
-0 0 0
-0 0 0
-0 0 0
-0 0 0
-0 0 0
-0 0 0
-0 0 0
-0 0 0
-0.077447079 0.12054531 0.29175001
-0.068740278 0.1145542 0.27725002
-0.062557727 0.11217842 0.27150002
-0.057268567 0.11114547 0.26900002
-0.051822796 0.10959604 0.26525003
-0.048153568 0.11186853 0.27075002
-0.04465235 0.11507068 0.27850002
-0.039665673 0.11476079 0.27775002
-0.034611307 0.11414102 0.27625
-0.029555622 0.11331465 0.27425
-0.02454746 0.112385 0.27200001
-0.019581776 0.11124875 0.26925001
-0.014615847 0.10938945 0.26475
-0.0097416574 0.10680707 0.25850001
-0.0051318477 0.10515435 0.2545
-0.00066815311 0.10443129 0.25275001
0.003767692 0.10463787 0.25325
0.0082696555 0.10546423 0.25525001
0.013091299 0.1083565 0.26225001
0.018040214 0.11052569 0.26750001
0.023066899 0.11217842 0.27150002
0.028131267 0.11341795 0.27450001
0.033210758 0.11434761 0.27675
0.038300335 0.11507068 0.27850002
0.043257426 0.11527727 0.27900001
0.047800627 0.1144509 0.27700001
0.050610486 0.11000922 0.26625001
0.055950146 0.11135206 0.26950002
0.061516259 0.11290148 0.27325001
0.067456432 0.11486409 0.27800003
0.07603465 0.1207519 0.29225001
0 0 0
0 0 0
0 0 0
0 0 0
0 0 0
0 0 0
0 0 0
0 0 0
0 0 0
0 0 0
0 0 0
0 0 0
0 0 0
0 0 0
0 0 0
0 0 0
0 0 0
0 0 0
0 0 0
0 0 0
0 0 0
0 0 0
0 0 0
0 0 0
-0 0 0
-0 0 0
-0 0 0
-0 0 0
-0 0 0
-0 0 0
-0 0 0
-0 0 0
-0 0 0
-0 0 0
-0 0 0
-0 0 0
-0 0 0
-0 0 0
-0 0 0
-0 0 0
-0 0 0
-0 0 0
-0 0 0
-0 0 0
-0 0 0
-0 0 0
-0 0 0
-0 0 0
-0 0 0
-0.077712528 0.12605898 0.29275
-0.068864249 0.11959994 0.27775002
-0.062672935 0.11712398 0.27200001
-0.057375014 0.11604746 0.26950002
-0.05177395 0.11410975 0.26500002
-0.048509274 0.11744693 0.27275002
-0.044612266 0.11981524 0.27825001
-0.039665673 0.11959994 0.27775002
-0.034611307 0.11895403 0.27625
-0.02950174 0.11787753 0.27375001
-0.024479775 0.11680102 0.27125001
-0.019363595 0.11464801 0.26625001
-0.014270809 0.11131083 0.25850001
-0.0094684381 0.10818896 0.25125
-0.0051016011 0.10894252 0.25300002
-0.00066154427 0.10775836 0.25025001
0.0037081826 0.10732776 0.24925001
0.0081481617 0.10829661 0.25150001
0.012729386 0.10980373 0.25500003
0.017669294 0.11281795 0.26200002
0.022833254 0.11572451 0.26875001
0.028080028 0.11798518 0.27400002
0.033150759 0.11895403 0.27625
0.038197193 0.11959994 0.27775002
0.043102384 0.11970759 0.27800003
0.047886908 0.11949228 0.2775
0.05075305 0.11497096 0.26700002
0.055950146 0.11604746 0.26950002
0.061516259 0.11766223 0.27325001
0.067517087 0.11981524 0.27825001
0.075644404 0.12519778 0.29075003
0 0 0
0 0 0
0 0 0
0 0 0
0 0 0
0 0 0
0 0 0
0 0 0
0 0 0
0 0 0
0 0 0
0 0 0
0 0 0
0 0 0
0 0 0
0 0 0
0 0 0
0 0 0
0 0 0
0 0 0
0 0 0
0 0 0
0 0 0
0 0 0
-0 0 0
-0 0 0
-0 0 0
-0 0 0
-0 0 0
-0 0 0
-0 0 0
-0 0 0
-0 0 0
-0 0 0
-0 0 0
-0 0 0
-0 0 0
-0 0 0
-0 0 0
-0 0 0
-0 0 0
-0 0 0
-0 0 0
-0 0 0
-0 0 0
-0 0 0
-0 0 0
-0 0 0
-0 0 0
-0.077115253 0.13015141 0.29050002
-0.069236152 0.12511113 0.27925003
-0.062615328 0.12175093 0.27175
-0.05748146 0.12096689 0.27000001
-0.051578574 0.11827873 0.264
-0.048420347 0.12197495 0.27225003
-0.044411853 0.12410307 0.27700001
-0.039487161 0.12387906 0.27650002
-0.034548663 0.12354303 0.27575001
-0.02950174 0.12264698 0.27375001
-0.024299277 0.12063087 0.26925001
-0.019163596 0.11805472 0.26350001
-0.013884365 0.11267842 0.25150001
-0.0094684381 0.1125664 0.25125
-0.0052276286 0.11615062 0.25925002
-0.00063114363 0.10696609 0.23875001
0.0037379372 0.1125664 0.25125
0 0 0
0.012267632 0.11010227 0.24575001
0.017247792 0.11458252 0.25575
0.022769533 0.12007084 0.26800001
0.027926303 0.12208695 0.27250001
0.033000752 0.12320701 0.27500001
0.038025286 0.12387906 0.27650002
0.042986099 0.12421508 0.27725002
0.047843769 0.12421508 0.27725002
0.050705526 0.11951081 0.26675001
0.055950146 0.12074288 0.26950002
0.061347414 0.12208695 0.27250001
0.067456432 0.1245511 0.27800003
0.075059019 0.12925535 0.28850001
0 0 0
0 0 0
0 0 0
0 0 0
0 0 0
0 0 0
0 0 0
0 0 0
0 0 0
0 0 0
0 0 0
0 0 0
0 0 0
0 0 0
0 0 0
0 0 0
0 0 0
0 0 0
0 0 0
0 0 0
0 0 0
0 0 0
0 0 0
0 0 0
-0 0 0
-0 0 0
-0 0 0
-0 0 0
-0 0 0
-0 0 0
-0 0 0
-0 0 0
-0 0 0
-0 0 0
-0 0 0
-0 0 0
-0 0 0
-0 0 0
-0 0 0
-0 0 0
-0 0 0
-0 0 0
-0 0 0
-0 0 0
-0 0 0
-0 0 0
-0 0 0
-0 0 0
-0 0 0
-0.076783434 0.13463089 0.28925002
-0.069360122 0.13020913 0.27975002
-0.062730536 0.12671828 0.27225003
-0.057215344 0.1250892 0.26875001
-0.051676266 0.12311105 0.26450002
-0.048153568 0.1260201 0.27075002
-0.044451937 0.12904552 0.27725002
-0.039487161 0.12869643 0.27650002
-0.034486018 0.12811461 0.27525002
-0.029447855 0.12718372 0.27325001
-0.024276717 0.12520556 0.26900002
-0.01899996 0.12159834 0.26125002
-0.013787755 0.11624569 0.24975002
-0 0 0
-0.0045672436 0.10542401 0.2265
-0.00058950798 0.10379495 0.223
0 0 0
0 0 0
0.012230193 0.1140348 0.245
0.016944312 0.11694385 0.25125
0.022684574 0.12427467 0.26700002
0.027849441 0.12648554 0.27175
0.033000752 0.12799825 0.27500001
0.037956528 0.1284637 0.27600002
0.042908572 0.12881278 0.27675
0.047714345 0.12869643 0.27650002
0.050515443 0.12369286 0.26575002
0.055950146 0.12543829 0.26950002
0.061459977 0.12706736 0.273
0.067881063 0.13020913 0.27975002
0.075189099 0.13451453 0.289
0 0 0
0 0 0
0 0 0
0 0 0
0 0 0
0 0 0
0 0 0
0 0 0
0 0 0
0 0 0
0 0 0
0 0 0
0 0 0
0 0 0
0 0 0
0 0 0
0 0 0
0 0 0
0 0 0
0 0 0
0 0 0
0 0 0
0 0 0
0 0 0
-0 0 0
-0 0 0
-0 0 0
-0 0 0
-0 0 0
-0 0 0
-0 0 0
-0 0 0
-0 0 0
-0 0 0
-0 0 0
-0 0 0
-0 0 0
-0 0 0
-0 0 0
-0 0 0
-0 0 0
-0 0 0
-0 0 0
-0 0 0
-0 0 0
-0 0 0
-0 0 0
-0 0 0
-0 0 0
-0.076650709 0.13942896 0.28875002
-0.069917969 0.13616957 0.28200001
-0.062557727 0.13109943 0.27150002
-0.057268567 0.12989226 0.26900002
-0.052018166 0.12856436 0.26625001
-0.047886785 0.13001297 0.26925001
-0.044371769 0.13363449 0.27675
-0.03952286 0.13363449 0.27675
-0.034423374 0.13266876 0.27475002
-0.029340088 0.13146159 0.27225003
-0.024254154 0.12977153 0.26875001
-0.018981777 0.12602928 0.26100001
-0.013773953 0.12047628 0.24950001
-0 0 0
-0 0 0
-0.0005855427 0.10695589 0.22150001
0 0 0
0 0 0
0 0 0
0.016927453 0.12120058 0.25100002
0.022705812 0.12904723 0.26725
0.027721338 0.13061656 0.2705
0.032970756 0.13266876 0.27475002
0.037956528 0.13327235 0.27600002
0.042831052 0.13339306 0.27625
0.047239788 0.13218589 0.27375001
0.05046792 0.1282022 0.26550001
0.056053948 0.13037513 0.27000001
0.061459977 0.13182373 0.273
0.068669677 0.13665245 0.28300002
0.07603465 0.141119 0.29225001
0 0 0
0 0 0
0 0 0
0 0 0
0 0 0
0 0 0
0 0 0
0 0 0
0 0 0
0 0 0
0 0 0
0 0 0
0 0 0
0 0 0
0 0 0
0 0 0
0 0 0
0 0 0
0 0 0
0 0 0
0 0 0
0 0 0
0 0 0
0 0 0
-0 0 0
-0 0 0
-0 0 0
-0 0 0
-0 0 0
-0 0 0
-0 0 0
-0 0 0
-0 0 0
-0 0 0
-0 0 0
-0 0 0
-0 0 0
-0 0 0
-0 0 0
-0 0 0
-0 0 0
-0 0 0
-0 0 0
-0 0 0
-0 0 0
-0 0 0
-0 0 0
-0 0 0
-0 0 0
-0 0 0
-0.069236152 0.13970697 0.27925003
-0.063133761 0.13708043 0.27400002
-0.057321791 0.13470402 0.26925001
-0.052213538 0.13370344 0.26725
-0.04753108 0.13370344 0.26725
-0.044171352 0.13783085 0.2755
-0.039451458 0.13820608 0.27625
-0.034360725 0.1372055 0.27425
-0.029313145 0.13607983 0.27200001
-0.02454746 0.13607983 0.27200001
-0.019709051 0.13557956 0.27100003
-0.014146595 0.12820022 0.25625002
-0 0 0
-0 0 0
-0 0 0
0 0 0
0 0 0
0 0 0
0.017517554 0.12995124 0.25975001
0.023321781 0.13733058 0.27450001
0.027875062 0.13607983 0.27200001
0.033000752 0.13758071 0.27500001
0.037956528 0.13808101 0.27600002
0.042792294 0.13808101 0.27600002
0.046937801 0.13607983 0.27200001
0.050705526 0.13345329 0.26675001
0.055950146 0.1348291 0.26950002
0.061853956 0.13745564 0.27475002
0.069033645 0.14233351 0.2845
0.075384229 0.14496005 0.28975001
0 0 0
0 0 0
0 0 0
0 0 0
0 0 0
0 0 0
0 0 0
0 0 0
0 0 0
0 0 0
0 0 0
0 0 0
0 0 0
0 0 0
0 0 0
0 0 0
0 0 0
0 0 0
0 0 0
0 0 0
0 0 0
0 0 0
0 0 0
0 0 0
