# .PCD v0.7 - Point Cloud Data file format
VERSION 0.7
FIELDS x y z
SIZE 4 4 4
TYPE F F F
COUNT 1 1 1
WIDTH 4800
HEIGHT 1
VIEWPOINT 0 0 0 1 0 0 0
POINTS 4800
DATA ascii
-0 -0 0
-0 -0 0
-0 -0 0
-0 -0 0
-0 -0 0
-0 -0 0
-0 -0 0
-0 -0 0
-0 -0 0
-0 -0 0
-0 -0 0
-0 -0 0
-0 -0 0
-0 -0 0
-0 -0 0
-0 -0 0
-0 -0 0
-0 -0 0
-0 -0 0
-0 -0 0
-0 -0 0
-0 -0 0
-0 -0 0
-0 -0 0
-0 -0 0
-0 -0 0
-0 -0 0
-0 -0 0
-0 -0 0
-0 -0 0
-0 -0 0
-0 -0 0
-0 -0 0
-0 -0 0
-0 -0 0
-0 -0 0
-0 -0 0
-0 -0 0
-0 -0 0
-0 -0 0
-0 -0 0
0 -0 0
0 -0 0
0 -0 0
0 -0 0
0 -0 0
0 -0 0
0 -0 0
0 -0 0
0 -0 0
0 -0 0
0 -0 0
0 -0 0
0 -0 0
0 -0 0
0 -0 0
0 -0 0
0 -0 0
0 -0 0
0 -0 0
0 -0 0
0 -0 0
0 -0 0
0 -0 0
0 -0 0
0 -0 0
0 -0 0
0 -0 0
0 -0 0
0 -0 0
0 -0 0
0 -0 0
0 -0 0
0 -0 0
0 -0 0
0 -0 0
0 -0 0
0 -0 0
0 -0 0
0 -0 0
-0 -0 0
-0 -0 0
-0 -0 0
-0 -0 0
-0 -0 0
-0 -0 0
-0 -0 0
-0 -0 0
-0 -0 0
-0 -0 0
-0 -0 0
-0 -0 0
-0 -0 0
-0 -0 0
-0 -0 0
-0 -0 0
-0 -0 0
-0 -0 0
-0 -0 0
-0 -0 0
-0 -0 0
-0 -0 0
-0 -0 0
-0 -0 0
-0 -0 0
-0 -0 0
-0 -0 0
-0 -0 0
-0 -0 0
-0 -0 0
-0 -0 0
-0 -0 0
-0 -0 0
-0 -0 0
-0 -0 0
-0 -0 0
-0 -0 0
-0 -0 0
-0 -0 0
-0 -0 0
-0 -0 0
0 -0 0
0 -0 0
0 -0 0
0 -0 0
0 -0 0
0 -0 0
0 -0 0
0 -0 0
0 -0 0
0 -0 0
0 -0 0
0 -0 0
0 -0 0
0 -0 0
0 -0 0
0 -0 0
0 -0 0
0 -0 0
0 -0 0
0 -0 0
0 -0 0
0 -0 0
0 -0 0
0 -0 0
0 -0 0
0 -0 0
0 -0 0
0 -0 0
0 -0 0
0 -0 0
0 -0 0
0 -0 0
0 -0 0
0 -0 0
0 -0 0
0 -0 0
0 -0 0
0 -0 0
0 -0 0
-0 -0 0
-0 -0 0
-0 -0 0
-0 -0 0
-0 -0 0
-0 -0 0
-0 -0 0
-0 -0 0
-0 -0 0
-0 -0 0
-0 -0 0
-0 -0 0
-0 -0 0
-0 -0 0
-0 -0 0
-0 -0 0
-0 -0 0
-0 -0 0
-0 -0 0
-0 -0 0
-0 -0 0
-0 -0 0
-0 -0 0
-0 -0 0
-0 -0 0
-0 -0 0
-0 -0 0
-0 -0 0
-0 -0 0
-0 -0 0
-0 -0 0
-0 -0 0
-0 -0 0
-0 -0 0
-0 -0 0
-0 -0 0
-0 -0 0
-0 -0 0
-0 -0 0
-0 -0 0
-0 -0 0
0 -0 0
0 -0 0
0 -0 0
0 -0 0
0 -0 0
0 -0 0
0 -0 0
0 -0 0
0 -0 0
0 -0 0
0 -0 0
0 -0 0
0 -0 0
0 -0 0
0 -0 0
0 -0 0
0 -0 0
0 -0 0
0 -0 0
0 -0 0
0 -0 0
0 -0 0
0 -0 0
0 -0 0
0 -0 0
0 -0 0
0 -0 0
0 -0 0
0 -0 0
0 -0 0
0 -0 0
0 -0 0
0 -0 0
0 -0 0
0 -0 0
0 -0 0
0 -0 0
0 -0 0
0 -0 0
-0 -0 0
-0 -0 0
-0 -0 0
-0 -0 0
-0 -0 0
-0 -0 0
-0 -0 0
-0 -0 0
-0 -0 0
-0 -0 0
-0 -0 0
-0 -0 0
-0 -0 0
-0 -0 0
-0 -0 0
-0 -0 0
-0 -0 0
-0 -0 0
-0 -0 0
-0 -0 0
-0 -0 0
-0 -0 0
-0 -0 0
-0 -0 0
-0 -0 0
-0 -0 0
-0 -0 0
-0 -0 0
-0 -0 0
-0 -0 0
-0 -0 0
-0 -0 0
-0 -0 0
-0 -0 0
-0 -0 0
-0 -0 0
-0 -0 0
-0 -0 0
-0 -0 0
-0 -0 0
-0 -0 0
0 -0 0
0 -0 0
0 -0 0
0 -0 0
0 -0 0
0 -0 0
0 -0 0
0 -0 0
0 -0 0
0 -0 0
0 -0 0
0 -0 0
0 -0 0
0 -0 0
0 -0 0
0 -0 0
0 -0 0
0 -0 0
0 -0 0
0 -0 0
0 -0 0
0 -0 0
0 -0 0
0 -0 0
0 -0 0
0 -0 0
0 -0 0
0 -0 0
0 -0 0
0 -0 0
0 -0 0
0 -0 0
0 -0 0
0 -0 0
0 -0 0
0 -0 0
0 -0 0
0 -0 0
0 -0 0
-0 -0 0
-0 -0 0
-0 -0 0
-0 -0 0
-0 -0 0
-0 -0 0
-0 -0 0
-0 -0 0
-0 -0 0
-0 -0 0
-0 -0 0
-0 -0 0
-0 -0 0
-0 -0 0
-0 -0 0
-0 -0 0
-0 -0 0
-0 -0 0
-0 -0 0
-0 -0 0
-0 -0 0
-0 -0 0
-0 -0 0
-0 -0 0
-0 -0 0
-0 -0 0
-0 -0 0
-0 -0 0
-0 -0 0
-0 -0 0
-0 -0 0
-0 -0 0
-0 -0 0
-0 -0 0
-0 -0 0
-0 -0 0
-0 -0 0
-0 -0 0
-0 -0 0
-0 -0 0
-0 -0 0
0 -0 0
0 -0 0
0 -0 0
0 -0 0
0 -0 0
0 -0 0
0 -0 0
0 -0 0
0 -0 0
0 -0 0
0 -0 0
0 -0 0
0 -0 0
0 -0 0
0 -0 0
0 -0 0
0 -0 0
0 -0 0
0 -0 0
0 -0 0
0 -0 0
0 -0 0
0 -0 0
0 -0 0
0 -0 0
0 -0 0
0 -0 0
0 -0 0
0 -0 0
0 -0 0
0 -0 0
0 -0 0
0 -0 0
0 -0 0
0 -0 0
0 -0 0
0 -0 0
0 -0 0
0 -0 0
-0.3714371 -0.2326002 0.528
-0.36767372 -0.23612446 0.53600001
-0.36145765 -0.23821698 0.54075003
-0 -0 0
-0 -0 0
-0 -0 0
-0 -0 0
-0 -0 0
-0 -0 0
-0 -0 0
-0 -0 0
-0 -0 0
-0 -0 0
-0 -0 0
-0 -0 0
-0 -0 0
-0 -0 0
-0 -0 0
-0 -0 0
-0 -0 0
-0 -0 0
-0 -0 0
-0 -0 0
-0 -0 0
-0 -0 0
-0 -0 0
-0 -0 0
-0 -0 0
-0 -0 0
-0 -0 0
-0 -0 0
-0 -0 0
-0 -0 0
-0 -0 0
-0 -0 0
-0 -0 0
-0 -0 0
-0 -0 0
-0 -0 0
-0 -0 0
-0 -0 0
0 -0 0
0 -0 0
0 -0 0
0 -0 0
0 -0 0
0 -0 0
0 -0 0
0 -0 0
0 -0 0
0 -0 0
0 -0 0
0 -0 0
0 -0 0
0 -0 0
0 -0 0
0 -0 0
0 -0 0
0 -0 0
0 -0 0
0 -0 0
0 -0 0
0 -0 0
0 -0 0
0 -0 0
0 -0 0
0 -0 0
0 -0 0
0 -0 0
0 -0 0
0 -0 0
0 -0 0
0 -0 0
0 -0 0
0 -0 0
0 -0 0
0 -0 0
0 -0 0
0 -0 0
0 -0 0
-0.37513039 -0.22562236 0.53325003
-0.37093204 -0.22879566 0.54075003
-0.36363009 -0.23017077 0.54400003
-0.35474962 -0.23059388 0.54500002
-0 -0 0
-0 -0 0
-0 -0 0
-0 -0 0
-0 -0 0
-0 -0 0
-0 -0 0
-0 -0 0
-0 -0 0
-0 -0 0
-0 -0 0
-0 -0 0
-0 -0 0
-0 -0 0
-0 -0 0
-0 -0 0
-0 -0 0
-0 -0 0
-0 -0 0
-0 -0 0
-0 -0 0
-0 -0 0
-0 -0 0
-0 -0 0
-0 -0 0
-0 -0 0
-0 -0 0
-0 -0 0
-0 -0 0
-0 -0 0
-0 -0 0
-0 -0 0
-0 -0 0
-0 -0 0
-0 -0 0
-0 -0 0
-0 -0 0
0 -0 0
0 -0 0
0 -0 0
0 -0 0
0 -0 0
0 -0 0
0 -0 0
0 -0 0
0 -0 0
0 -0 0
0 -0 0
0 -0 0
0 -0 0
0 -0 0
0 -0 0
0 -0 0
0 -0 0
0 -0 0
0 -0 0
0 -0 0
0 -0 0
0 -0 0
0 -0 0
0 -0 0
0 -0 0
0 -0 0
0 -0 0
0 -0 0
0 -0 0
0 -0 0
0 -0 0
0 -0 0
0 -0 0
0 -0 0
0 -0 0
0 -0 0
0 -0 0
0 -0 0
0 -0 0
-0.37759256 -0.21775161 0.53675002
-0.37213248 -0.22008431 0.54250002
-0.36496693 -0.2215042 0.546
-0.35686508 -0.222417 0.54825002
-0 -0 0
-0 -0 0
-0 -0 0
-0 -0 0
-0 -0 0
-0 -0 0
-0 -0 0
-0 -0 0
-0 -0 0
-0 -0 0
-0 -0 0
-0 -0 0
-0 -0 0
-0 -0 0
-0 -0 0
-0 -0 0
-0 -0 0
-0 -0 0
-0 -0 0
-0 -0 0
-0 -0 0
-0 -0 0
-0 -0 0
-0 -0 0
-0 -0 0
-0 -0 0
-0 -0 0
-0 -0 0
-0 -0 0
-0 -0 0
-0 -0 0
-0 -0 0
-0 -0 0
-0 -0 0
-0 -0 0
-0 -0 0
-0 -0 0
0 -0 0
0 -0 0
0 -0 0
0 -0 0
0 -0 0
0 -0 0
0 -0 0
0 -0 0
0 -0 0
0 -0 0
0 -0 0
0 -0 0
0 -0 0
0 -0 0
0 -0 0
0 -0 0
0 -0 0
0 -0 0
0 -0 0
0 -0 0
0 -0 0
0 -0 0
0 -0 0
0 -0 0
0 -0 0
0 -0 0
0 -0 0
0 -0 0
0 -0 0
0 -0 0
0 -0 0
0 -0 0
0 -0 0
0 -0 0
0 -0 0
0 -0 0
0 -0 0
0 -0 0
0 -0 0
-0.37987888 -0.20966184 0.54000002
-0.37316141 -0.2112149 0.54400003
-0.3673065 -0.21335036 0.54950005
-0.35784146 -0.21344741 0.54975003
-0 -0 0
-0 -0 0
-0 -0 0
-0.28504384 -0.19053991 0.49075001
-0.27658629 -0.19063698 0.49100003
-0 -0 0
-0.28354916 -0.2084 0.53675002
-0 -0 0
-0 -0 0
-0 -0 0
-0 -0 0
-0 -0 0
-0 -0 0
-0 -0 0
-0 -0 0
-0 -0 0
-0 -0 0
-0 -0 0
-0 -0 0
-0 -0 0
-0 -0 0
-0 -0 0
-0 -0 0
-0 -0 0
-0 -0 0
-0 -0 0
-0 -0 0
-0 -0 0
-0 -0 0
-0 -0 0
-0 -0 0
-0 -0 0
-0 -0 0
-0 -0 0
-0 -0 0
-0 -0 0
-0 -0 0
0 -0 0
0 -0 0
0 -0 0
0 -0 0
0 -0 0
0 -0 0
0 -0 0
0 -0 0
0 -0 0
0 -0 0
0 -0 0
0 -0 0
0 -0 0
0 -0 0
0 -0 0
0 -0 0
0 -0 0
0 -0 0
0 -0 0
0 -0 0
0 -0 0
0 -0 0
0 -0 0
0 -0 0
0 -0 0
0 -0 0
0 -0 0
0 -0 0
0 -0 0
0 -0 0
0 -0 0
0 -0 0
0 -0 0
0 -0 0
0 -0 0
0 -0 0
0 -0 0
0 -0 0
0 -0 0
-0.38093409 -0.20080987 0.54150003
-0.37539077 -0.20294219 0.54725003
-0.36864334 -0.20451826 0.55150002
-0.35898057 -0.20451826 0.55150002
-0 -0 0
-0 -0 0
-0.29663399 -0.18384393 0.49575001
-0.28533426 -0.18217516 0.49125004
-0.27602297 -0.1817116 0.49000001
-0.26457235 -0.17976469 0.48475003
-0 -0 0
-0 -0 0
-0 -0 0
-0 -0 0
-0 -0 0
-0 -0 0
-0 -0 0
-0 -0 0
-0 -0 0
-0 -0 0
-0 -0 0
-0 -0 0
-0 -0 0
-0 -0 0
-0 -0 0
-0 -0 0
-0 -0 0
-0 -0 0
-0 -0 0
-0 -0 0
-0 -0 0
-0 -0 0
-0 -0 0
-0 -0 0
-0 -0 0
-0 -0 0
-0 -0 0
-0 -0 0
-0 -0 0
-0 -0 0
-0 -0 0
0 -0 0
0 -0 0
0 -0 0
0 -0 0
0 -0 0
0 -0 0
0 -0 0
0 -0 0
0 -0 0
0 -0 0
0 -0 0
0 -0 0
0 -0 0
0 -0 0
0 -0 0
0 -0 0
0 -0 0
0 -0 0
0 -0 0
0 -0 0
0 -0 0
0 -0 0
0 -0 0
0 -0 0
0 -0 0
0 -0 0
0 -0 0
0 -0 0
0 -0 0
0 -0 0
0 -0 0
0 -0 0
0 -0 0
0 -0 0
0 -0 0
0 -0 0
0 -0 0
0 -0 0
0 -0 0
-0.38181341 -0.19181725 0.54275
-0.37641972 -0.19393778 0.54875004
-0.36764067 -0.19437954 0.55000001
-0.35735327 -0.19402613 0.54900002
-0 -0 0
-0 -0 0
-0.29453975 -0.17396969 0.49225003
-0.28547946 -0.17370462 0.49150002
-0.27630463 -0.17335121 0.49050003
-0.26470879 -0.17140742 0.48500001
-0.25515461 -0.17070058 0.48300001
-0 -0 0
-0 -0 0
-0 -0 0
-0 -0 0
-0 -0 0
-0 -0 0
-0 -0 0
-0 -0 0
-0 -0 0
-0 -0 0
-0 -0 0
-0 -0 0
-0 -0 0
-0 -0 0
-0 -0 0
-0 -0 0
-0 -0 0
-0 -0 0
-0 -0 0
-0 -0 0
-0 -0 0
-0 -0 0
-0 -0 0
-0 -0 0
-0 -0 0
-0 -0 0
-0 -0 0
-0 -0 0
-0 -0 0
-0 -0 0
0 -0 0
0 -0 0
0 -0 0
0 -0 0
0 -0 0
0 -0 0
0 -0 0
0 -0 0
0 -0 0
0 -0 0
0 -0 0
0 -0 0
0 -0 0
0 -0 0
0 -0 0
0 -0 0
0 -0 0
0 -0 0
0 -0 0
0 -0 0
0 -0 0
0 -0 0
0 -0 0
0 -0 0
0 -0 0
0 -0 0
0 -0 0
0 -0 0
0 -0 0
0 -0 0
0 -0 0
0 -0 0
0 -0 0
0 -0 0
0 -0 0
0 -0 0
0 -0 0
0 -0 0
0 -0 0
-0.38533086 -0.1840411 0.54775006
-0.37847757 -0.18538505 0.55175
-0.37031445 -0.18614104 0.55400002
-0.35784146 -0.18471308 0.54975003
-0 -0 0
-0 -0 0
-0.29618526 -0.16631737 0.49500003
-0.28518906 -0.16497339 0.49100003
-0.27616382 -0.16472138 0.49025002
-0.26429945 -0.16270542 0.48425001
-0.25462636 -0.16194944 0.48200002
-0.24490441 -0.16110945 0.47950003
-0.23490013 -0.16001746 0.47625002
-0 -0 0
-0 -0 0
-0 -0 0
-0 -0 0
-0 -0 0
-0 -0 0
-0 -0 0
-0 -0 0
-0 -0 0
-0 -0 0
-0 -0 0
-0 -0 0
-0 -0 0
-0 -0 0
-0 -0 0
-0 -0 0
-0 -0 0
-0 -0 0
-0.085136078 -0.17841317 0.53100002
-0.07522554 -0.1769852 0.52675003
-0 -0 0
-0 -0 0
-0 -0 0
-0 -0 0
-0 -0 0
-0 -0 0
-0 -0 0
-0 -0 0
0 -0 0
0 -0 0
0 -0 0
0 -0 0
0 -0 0
0 -0 0
0 -0 0
0 -0 0
0 -0 0
0 -0 0
0 -0 0
0 -0 0
0 -0 0
0 -0 0
0 -0 0
0 -0 0
0 -0 0
0 -0 0
0 -0 0
0 -0 0
0 -0 0
0 -0 0
0 -0 0
0 -0 0
0 -0 0
0 -0 0
0 -0 0
0 -0 0
0 -0 0
0 -0 0
0 -0 0
0 -0 0
0 -0 0
0 -0 0
0 -0 0
0 -0 0
0 -0 0
0 -0 0
0 -0 0
-0.38867235 -0.17601103 0.55250001
-0.38087845 -0.17688711 0.55525005
-0.37198552 -0.17728531 0.55650002
-0 -0 0
-0 -0 0
-0 -0 0
-0.29588604 -0.15753385 0.49450001
-0.28547946 -0.15657814 0.49150002
-0.27672714 -0.15649851 0.49125004
-0.26511815 -0.15474635 0.48575002
-0.25436223 -0.15339242 0.48150003
-0.24426597 -0.15235706 0.47825003
-0.23416029 -0.15124205 0.47475001
-0.22465298 -0.15044563 0.47225001
-0.2179824 -0.15156063 0.47575003
-0 -0 0
-0 -0 0
-0 -0 0
-0 -0 0
-0 -0 0
-0 -0 0
-0 -0 0
-0 -0 0
-0 -0 0
-0 -0 0
-0 -0 0
-0 -0 0
-0 -0 0
-0.11341944 -0.16971923 0.53275001
-0 -0 0
-0.095017701 -0.17019708 0.53425002
-0.085536905 -0.16995816 0.53350002
-0.076332323 -0.17027673 0.5345
-0.066873431 -0.17003779 0.53375
-0.057360005 -0.16955996 0.53225005
-0.048057068 -0.16963959 0.53250003
-0.038709011 -0.16955996 0.53225005
-0.029438719 -0.16987853 0.53325003
-0 -0 0
-0 -0 0
-0 -0 0
0 -0 0
0 -0 0
0 -0 0
0 -0 0
0 -0 0
0 -0 0
0 -0 0
0 -0 0
0 -0 0
0 -0 0
0 -0 0
0 -0 0
0 -0 0
0 -0 0
0 -0 0
0 -0 0
0 -0 0
0 -0 0
0 -0 0
0 -0 0
0 -0 0
0 -0 0
0 -0 0
0 -0 0
0 -0 0
0 -0 0
0 -0 0
0 -0 0
0 -0 0
0 -0 0
0 -0 0
0 -0 0
0 -0 0
0 -0 0
0 -0 0
0 -0 0
0 -0 0
0 -0 0
0 -0 0
-0.38955173 -0.16676144 0.55375004
-0.38242185 -0.16789074 0.5575
-0 -0 0
-0 -0 0
-0 -0 0
-0 -0 0
-0.29708275 -0.14952064 0.49650002
-0.2862055 -0.14839132 0.49275002
-0.27672714 -0.14793961 0.49125004
-0.26593685 -0.14673501 0.48725003
-0.25383395 -0.14470224 0.48050001
-0.24362753 -0.14364822 0.47700003
-0.23440692 -0.14312121 0.47525004
-0.22465298 -0.14221777 0.47225001
-0.21569146 -0.14176604 0.47075003
-0.20733333 -0.14169076 0.47050002
-0 -0 0
-0 -0 0
-0 -0 0
-0 -0 0
-0 -0 0
-0 -0 0
-0 -0 0
-0 -0 0
-0 -0 0
-0 -0 0
-0 -0 0
-0.12356015 -0.16149133 0.53625005
-0.11427101 -0.1616419 0.53675002
-0.10472014 -0.16141604 0.53600001
-0.095151089 -0.16111489 0.53500003
-0.085817486 -0.16119017 0.53525001
-0.076796457 -0.16194305 0.53775001
-0.067092694 -0.16126546 0.53550005
-0.05765637 -0.16111489 0.53500003
-0.048260126 -0.16103961 0.53475004
-0.038909007 -0.16111489 0.53500003
-0.029480124 -0.16081375 0.53400004
-0.020076858 -0.1604373 0.53275001
-0.0107426 -0.1604373 0.53275001
-0.0014043772 -0.15998557 0.53125
0.0078217741 -0.15832926 0.52575004
0 -0 0
0 -0 0
0 -0 0
0 -0 0
0 -0 0
0 -0 0
0 -0 0
0 -0 0
0 -0 0
0 -0 0
0 -0 0
0 -0 0
0 -0 0
0 -0 0
0 -0 0
0 -0 0
0 -0 0
0 -0 0
0 -0 0
0 -0 0
0 -0 0
0 -0 0
0 -0 0
0 -0 0
0 -0 0
0 -0 0
0 -0 0
0 -0 0
0 -0 0
0 -0 0
0 -0 0
0 -0 0
0 -0 0
0 -0 0
0 -0 0
0 -0 0
0 -0 0
0 -0 0
-0.39025518 -0.15739737 0.55475003
-0.38053545 -0.15739737 0.55475003
-0 -0 0
-0 -0 0
-0 -0 0
-0 -0 0
-0.29648441 -0.14058657 0.49550003
-0.28693154 -0.14016098 0.49400002
-0.27700877 -0.1395226 0.49175003
-0.26593685 -0.13824582 0.48725003
-0.25423014 -0.13654347 0.48125002
-0.24413827 -0.13562135 0.47800002
-0.23453021 -0.13491203 0.47550002
-0.22465298 -0.13398992 0.47225001
-0.21569146 -0.13356434 0.47075003
-0.20689267 -0.13320968 0.46950004
-0.19845502 -0.1330678 0.46900001
-0.1895279 -0.13257129 0.46725002
-0 -0 0
-0 -0 0
-0 -0 0
-0 -0 0
-0.17260517 -0.15399265 0.54275
-0.16287035 -0.15377986 0.54200006
-0 -0 0
-0.14274949 -0.15257402 0.53775001
-0.13413341 -0.15349613 0.54100001
-0.1244818 -0.15328333 0.54025
-0.11464358 -0.15278681 0.53850001
-0.10511089 -0.15264496 0.53800005
-0.095640182 -0.15257402 0.53775001
-0.086338565 -0.15278681 0.53850001
-0.076974973 -0.15292868 0.53900003
-0.067468554 -0.15278681 0.53850001
-0.057979677 -0.15264496 0.53800005
-0.048530869 -0.15257402 0.53775001
-0.039109007 -0.15257402 0.53775001
-0.029645741 -0.15236121 0.537
-0.020161651 -0.15179378 0.53500003
-0.010772848 -0.15158097 0.53425002
-0.0014063598 -0.15094258 0.53200001
0.0079184771 -0.15101352 0.53225005
0.017235873 -0.15094258 0.53200001
0.026619392 -0.15129726 0.53325003
0.035827525 -0.15072979 0.53125
0.045008063 -0.15030421 0.52975005
0 -0 0
0 -0 0
0 -0 0
0 -0 0
0 -0 0
0 -0 0
0 -0 0
0 -0 0
0 -0 0
0 -0 0
0 -0 0
0 -0 0
0 -0 0
0 -0 0
0 -0 0
0 -0 0
0 -0 0
0 -0 0
0 -0 0
0 -0 0
0 -0 0
0 -0 0
0 -0 0
0 -0 0
0 -0 0
0 -0 0
0 -0 0
0 -0 0
0 -0 0
0 -0 0
0 -0 0
0 -0 0
0 -0 0
0 -0 0
-0.39183801 -0.14833133 0.55700004
-0 -0 0
-0 -0 0
-0 -0 0
-0 -0 0
-0 -0 0
-0.29708275 -0.13221994 0.49650002
-0.28751239 -0.13182048 0.49500003
-0.27658629 -0.13075526 0.49100003
-0.26648262 -0.13002293 0.48825002
-0.25502256 -0.12855826 0.48275003
-0.24477671 -0.1276262 0.47925001
-0.23453021 -0.12662755 0.47550002
-0.2251287 -0.12602837 0.47325003
-0.2160351 -0.12556233 0.47150001
-0.20689267 -0.12502973 0.46950004
-0.19803189 -0.12463027 0.46800002
-0.18912227 -0.12416424 0.46625003
-0.18085612 -0.12409766 0.46600002
-0.17241344 -0.12389793 0.46525002
-0 -0 0
-0.18362458 -0.14573486 0.54725003
-0.17379776 -0.14553514 0.54650003
-0.16362159 -0.14500253 0.54450005
-0.15393998 -0.14486937 0.54400003
-0.14394405 -0.14440335 0.54225004
-0.13438137 -0.14433677 0.54200006
-0.12482743 -0.14427018 0.54175001
-0.11554838 -0.1445365 0.54275
-0.10589238 -0.14433677 0.54200006
-0.096307136 -0.14420362 0.54150003
-0.08665923 -0.14393732 0.54050004
-0.077153482 -0.14387073 0.54025
-0.067719139 -0.14393732 0.54050004
-0.058195211 -0.14380416 0.54000002
-0.048666243 -0.14360443 0.53925002
-0.039254464 -0.14373758 0.53975004
-0.02981136 -0.14380416 0.54000002
-0.020255864 -0.14313839 0.53750002
-0.010818218 -0.1428721 0.53650004
-0.001417595 -0.14280553 0.53625005
0.0079742661 -0.14273894 0.53600001
0.017349269 -0.1426058 0.53550005
0.02670675 -0.14247264 0.53500003
0.036029845 -0.1422729 0.53425002
0.045305427 -0.14200661 0.53325003
0.054571584 -0.14180689 0.53250003
0.063751452 -0.14147399 0.53125
0.073300108 -0.14194004 0.53300005
0.082251132 -0.14127427 0.53050005
0 -0 0
0 -0 0
0 -0 0
0 -0 0
0 -0 0
0 -0 0
0 -0 0
0 -0 0
0 -0 0
0 -0 0
0 -0 0
0 -0 0
0 -0 0
0 -0 0
0 -0 0
0 -0 0
0 -0 0
0 -0 0
0 -0 0
0 -0 0
0 -0 0
0 -0 0
0 -0 0
0 -0 0
0 -0 0
0 -0 0
0 -0 0
0 -0 0
0 -0 0
0 -0 0
-0.39535543 -0.1398713 0.56200004
-0 -0 0
-0 -0 0
-0 -0 0
-0 -0 0
-0.30978507 -0.12518731 0.50300002
-0.29753152 -0.12375624 0.49725002
-0.28780282 -0.1233207 0.49550003
-0.27686796 -0.12232517 0.49150002
-0.26607329 -0.12132964 0.48750001
-0.2548905 -0.12008524 0.48250002
-0.24490441 -0.11933859 0.47950003
-0.23514675 -0.11865417 0.47675002
-0.22572333 -0.11809419 0.47450003
-0.2160351 -0.11734754 0.47150001
-0.20689267 -0.11684979 0.46950004
-0.19813767 -0.11653868 0.46825004
-0.18902086 -0.1159787 0.46600002
-0.18066207 -0.11585426 0.46550003
-0.17222816 -0.1156676 0.46475002
-0.16390878 -0.11554316 0.46425003
-0.1564458 -0.11604092 0.46625003
-0.16370063 -0.12811166 0.51475
-0.16422258 -0.13601364 0.54650003
-0.15478891 -0.1361381 0.54700005
-0.14513861 -0.13607585 0.54675001
-0.13506319 -0.1355781 0.54475003
-0.12523066 -0.13526699 0.54350001
-0.11576128 -0.13532923 0.54375005
-0.10628313 -0.13539144 0.54400003
-0.096529439 -0.13508034 0.54275
-0.086979888 -0.13501811 0.54250002
-0.077403411 -0.13489369 0.54200006
-0.067781784 -0.13464479 0.54100001
-0.05830298 -0.13464479 0.54100001
-0.048779055 -0.13452035 0.54050004
-0.039327189 -0.13458258 0.54075003
-0.029838964 -0.13452035 0.54050004
-0.020312393 -0.13414703 0.53900003
-0.010853505 -0.13396037 0.53825003
-0.0014222212 -0.13389815 0.53800005
0.0080003012 -0.13383593 0.53775001
0.017414063 -0.13377371 0.53750002
0.02676915 -0.13346262 0.53625005
0.036131009 -0.13333817 0.53575003
0.045475345 -0.13321373 0.53525001
0.054827787 -0.1331515 0.53500003
0.064171471 -0.13308929 0.53475004
0.073437624 -0.13290262 0.53400004
0.082483687 -0.13240486 0.53200001
0.091589108 -0.13209376 0.53075004
0.10046063 -0.13153377 0.52850002
0.10961661 -0.13140933 0.528
0 -0 0
0 -0 0
0 -0 0
0 -0 0
0 -0 0
0 -0 0
0 -0 0
0 -0 0
0 -0 0
0 -0 0
0 -0 0
0 -0 0
0 -0 0
0 -0 0
0 -0 0
0 -0 0
0 -0 0
0 -0 0
0 -0 0
0 -0 0
0 -0 0
0 -0 0
0 -0 0
0 -0 0
0 -0 0
0 -0 0
0 -0 0
-0.39517957 -0.1300219 0.56175005
-0 -0 0
-0 -0 0
-0 -0 0
-0 -0 0
-0.30809143 -0.11578719 0.50025004
-0.29827946 -0.11538213 0.49850002
-0.28852886 -0.11497708 0.49675003
-0.27714959 -0.11387765 0.49200001
-0.26675552 -0.11312541 0.48875001
-0.25568289 -0.11202598 0.48400003
-0.24554284 -0.11127374 0.48075002
-0.23514675 -0.1103479 0.47675002
-0.22596118 -0.10994285 0.47500002
-0.21672238 -0.10947994 0.47300002
-0.20700283 -0.1087277 0.46975002
-0.19824345 -0.10843837 0.46850002
-0.18902086 -0.10785973 0.46600002
-0.18066207 -0.107744 0.46550003
-0.1723208 -0.10762827 0.46500003
-0.16390878 -0.10745468 0.46425003
-0.15552306 -0.10728108 0.46350002
-0.14724311 -0.10716535 0.46300003
-0.13973193 -0.10762827 0.46500003
-0.13781023 -0.11272036 0.48700002
-0.14347951 -0.1251034 0.54050004
-0.13518715 -0.12620282 0.54525
-0.1259795 -0.12655 0.54675001
-0.11608061 -0.12620282 0.54525
-0.1064785 -0.12614496 0.54500002
-0.096929617 -0.12614496 0.54500002
-0.08726047 -0.12597136 0.54425001
-0.077689029 -0.1259135 0.54400003
-0.067969717 -0.12556632 0.54250002
-0.058464635 -0.12556632 0.54250002
-0.04895955 -0.12556632 0.54250002
-0.039436281 -0.12550846 0.54225004
-0.029907972 -0.12539272 0.54175001
-0.020397184 -0.125277 0.54125005
-0.010903916 -0.12516126 0.54075003
-0.0014275082 -0.12498767 0.54000002
0.0080263373 -0.12487193 0.5395
0.017478859 -0.12487193 0.5395
0.026881466 -0.12464048 0.53850001
0.03623217 -0.12435116 0.53725004
0.045624029 -0.12429329 0.537
0.055032749 -0.12429329 0.537
0.064411469 -0.12423543 0.53675002
0.073643915 -0.12394611 0.53550005
0.082948826 -0.12383038 0.53500003
0.092020519 -0.12342533 0.53325003
0.10122097 -0.12325173 0.53250003
0.11029133 -0.1229624 0.53125
0.11971188 -0.12307814 0.53175002
0.12908927 -0.12313599 0.53200001
0.13769493 -0.12249949 0.52925003
0 -0 0
0 -0 0
0 -0 0
0 -0 0
0 -0 0
0 -0 0
0 -0 0
0 -0 0
0 -0 0
0 -0 0
0 -0 0
0 -0 0
0 -0 0
0 -0 0
0 -0 0
0 -0 0
0 -0 0
0 -0 0
0 -0 0
0 -0 0
0 -0 0
0 -0 0
0 -0 0
0 -0 0
-0 -0 0
-0 -0 0
-0 -0 0
-0 -0 0
-0 -0 0
-0.30901524 -0.10739256 0.50175005
-0.2993266 -0.1070715 0.50025004
-0.28881925 -0.10642939 0.49725002
-0.2775721 -0.10546623 0.49275002
-0.26702842 -0.10471711 0.48925003
-0.25634325 -0.10386096 0.48525003
-0.24528748 -0.10279078 0.48025003
-0.2358866 -0.10236271 0.47825003
-0.2260801 -0.1017206 0.47525004
-0.21718058 -0.10145306 0.47400004
-0.20744351 -0.10075744 0.47075003
-0.19877239 -0.1005434 0.46975002
-0.1896293 -0.10006183 0.46750003
-0.18095315 -0.099794276 0.46625003
-0.17250609 -0.099633753 0.46550003
-0.16408531 -0.099473223 0.46475002
-0.15569083 -0.099312693 0.46400002
-0.14732261 -0.09915217 0.46325001
-0.13890556 -0.098938137 0.46225002
-0.1305943 -0.098777607 0.46150002
-0.12403478 -0.10000831 0.46725002
-0.12198455 -0.1053057 0.49200001
-0.1199311 -0.11140572 0.5205
-0.11538871 -0.11600751 0.54200006
-0.10662503 -0.11681014 0.54575002
-0.097063005 -0.11681014 0.54575002
-0.087500967 -0.11681014 0.54575002
-0.077974647 -0.11686365 0.546
-0.068314262 -0.11670312 0.54525
-0.058814883 -0.11681014 0.54575002
-0.049388226 -0.1171312 0.54725003
-0.039781734 -0.11707769 0.54700005
-0.030142596 -0.11686365 0.546
-0.020547925 -0.11670312 0.54525
-0.010974491 -0.11648908 0.54425001
-0.0014354389 -0.11622154 0.54300004
0.008070969 -0.11611452 0.54250002
0.017543657 -0.11590049 0.54150003
0.026993785 -0.11573996 0.54075003
0.036417626 -0.11557943 0.54000002
0.045793951 -0.11536539 0.53900003
0.055186473 -0.11525837 0.53850001
0.064561479 -0.11515136 0.53800005
0.073987722 -0.11515136 0.53800005
0.083142638 -0.11477681 0.53625005
0.092365645 -0.11456276 0.53525001
0.10164867 -0.11445574 0.53475004
0.11075845 -0.11418819 0.53350002
0.119937 -0.11402766 0.53275001
0.12921061 -0.11397416 0.53250003
0.1382803 -0.11376013 0.53150004
0.14731498 -0.1135461 0.53050005
0.15660982 -0.1135461 0.53050005
0.16543557 -0.11322504 0.52900004
0 -0 0
0 -0 0
0 -0 0
0 -0 0
0 -0 0
0 -0 0
0 -0 0
0 -0 0
0 -0 0
0 -0 0
0 -0 0
0 -0 0
0 -0 0
0 -0 0
0 -0 0
0 -0 0
0 -0 0
0 -0 0
0 -0 0
0 -0 0
0 -0 0
-0 -0 0
-0 -0 0
-0 -0 0
-0 -0 0
-0 -0 0
-0.30947712 -0.098798178 0.5025
-0.29992494 -0.098552421 0.50125003
-0.2895453 -0.098011732 0.49850002
-0.27743128 -0.096832059 0.49250004
-0.26702842 -0.09619306 0.48925003
-0.25687149 -0.09560322 0.48625001
-0.24605359 -0.094718456 0.48175001
-0.23563999 -0.09393201 0.47775003
-0.22619903 -0.093489625 0.47550002
-0.21729511 -0.09324386 0.47425002
-0.20821467 -0.092899784 0.47250003
-0.19908975 -0.092506558 0.47050002
-0.19023773 -0.092211641 0.46900001
-0.18143828 -0.091916725 0.46750003
-0.17315461 -0.091867566 0.46725002
-0.16443837 -0.091572642 0.46575001
-0.15594248 -0.091376036 0.46475002
-0.14756113 -0.091228575 0.46400002
-0.13920605 -0.091081113 0.46325001
-0.13094802 -0.09098281 0.46275002
-0.1225084 -0.090737037 0.46150002
-0.11429854 -0.090638734 0.46100003
-0.10581818 -0.090294667 0.45925003
-0.099581309 -0.091965869 0.46775001
-0.09597718 -0.096586287 0.49125004
-0.092038676 -0.10174739 0.51750004
-0.086418733 -0.10597458 0.53900003
-0.07811746 -0.10754748 0.54700005
-0.068502195 -0.10749833 0.54675001
-0.058976538 -0.10759664 0.54725003
-0.04954616 -0.1079407 0.54900002
-0.040218096 -0.10872716 0.55300003
-0.031025898 -0.11049668 0.56200004
-0.021339318 -0.11133228 0.56625003
-0.011402986 -0.11118482 0.56550002
-0.0014797179 -0.1100543 0.55975002
0.0082829716 -0.10946445 0.55675
0.017956734 -0.10897292 0.55425
0.027368177 -0.10779324 0.54825002
0.036737967 -0.1071051 0.54475003
0.046091314 -0.10666272 0.54250002
0.055442676 -0.1063678 0.54100001
0.064801484 -0.10617118 0.54000002
0.074228391 -0.10612203 0.53975004
0.083491482 -0.10587626 0.53850001
0.092710786 -0.1056305 0.53725004
0.10202884 -0.10553219 0.53675002
0.11112176 -0.10523727 0.53525001
0.12049983 -0.10523727 0.53525001
0.12987788 -0.10523727 0.53525001
0.13906081 -0.10508981 0.5345
0.14787036 -0.10469659 0.53250003
0.15683122 -0.10445081 0.53125
0.16567011 -0.10415591 0.52975005
0.17437384 -0.10381182 0.528
0 -0 0
0 -0 0
0 -0 0
0 -0 0
0 -0 0
0 -0 0
0 -0 0
0 -0 0
0 -0 0
0 -0 0
0 -0 0
0 -0 0
0 -0 0
0 -0 0
0 -0 0
0 -0 0
0 -0 0
0 -0 0
0 -0 0
0 -0 0
-0 -0 0
-0 -0 0
-0 -0 0
-0 -0 0
-0 -0 0
-0.31009305 -0.090222493 0.50350004
-0.29977536 -0.089774519 0.50100005
-0.2894001 -0.089281738 0.49825004
-0.27898037 -0.088744164 0.49525002
-0.26757422 -0.087848216 0.49025002
-0.25739977 -0.087310642 0.48725003
-0.24694741 -0.086638682 0.48350003
-0.23551667 -0.085563533 0.47750002
-0.22643687 -0.085294746 0.47600001
-0.21763876 -0.085115559 0.47500002
-0.20865533 -0.084846765 0.47350001
-0.19951288 -0.084488384 0.47150001
-0.19074476 -0.084264398 0.47025001
-0.1819234 -0.083995618 0.46875003
-0.17333989 -0.083816424 0.46775001
-0.16479144 -0.08363723 0.46675003
-0.15627801 -0.083458044 0.46575001
-0.14779964 -0.08327885 0.46475002
-0.13958168 -0.083234049 0.46450001
-0.13116026 -0.083054863 0.46350002
-0.12270749 -0.082830876 0.46225002
-0.1144225 -0.082696483 0.46150002
-0.10599098 -0.082427695 0.46000001
-0.097718485 -0.082248509 0.45900002
-0.090067133 -0.082606889 0.46100003
-0.082078934 -0.082696483 0.46150002
-0.075195521 -0.084040411 0.46900001
-0.069048978 -0.086638682 0.48350003
-0.063490614 -0.09080486 0.50675005
-0.05695587 -0.094702251 0.52850002
-0.049365666 -0.09801729 0.54700005
-0.039909005 -0.09833087 0.54875004
-0.030349622 -0.098510057 0.54975003
-0.020953044 -0.099630006 0.55600005
-0.011443315 -0.10169069 0.56750005
-0.001507475 -0.10218347 0.57025003
0.0084912544 -0.10227305 0.57075
0.018539904 -0.10254184 0.57225001
0.028067045 -0.10074994 0.56225002
0.037344929 -0.099226825 0.55375004
0.047323249 -0.099809192 0.55700004
0.056416258 -0.09864445 0.55050004
0.065431491 -0.097703695 0.54525
0.074537821 -0.097121336 0.54200006
0.083840333 -0.096897341 0.54075003
0.093012773 -0.096583761 0.53900003
0.10240901 -0.096538961 0.53875005
0.11164078 -0.096359767 0.53775001
0.12100637 -0.096314974 0.53750002
0.13030252 -0.096225373 0.537
0.13951612 -0.096090987 0.53625005
0.14870344 -0.095956594 0.53550005
0.15764306 -0.095687807 0.53400004
0.16653012 -0.095419019 0.53250003
0.17519949 -0.095060639 0.53050005
0.18501598 -0.095329419 0.53200001
0.19269328 -0.094523065 0.52750003
0 -0 0
0 -0 0
0 -0 0
0 -0 0
0 -0 0
0 -0 0
0 -0 0
0 -0 0
0 -0 0
0 -0 0
0 -0 0
0 -0 0
0 -0 0
0 -0 0
0 -0 0
0 -0 0
0 -0 0
0 -0 0
-0 -0 0
-0 -0 0
-0 -0 0
-0 -0 0
-0 -0 0
-0.31086287 -0.081652381 0.50475001
-0.30097207 -0.081369288 0.50300002
-0.29027134 -0.080843538 0.49975002
-0.27841705 -0.07995382 0.49425003
-0.26743776 -0.079266302 0.49000001
-0.25739977 -0.078821443 0.48725003
-0.24707508 -0.078255251 0.48375002
-0.23687306 -0.077689067 0.48025003
-0.22726938 -0.077284649 0.47775003
-0.2179824 -0.076961115 0.47575003
-0.20876549 -0.076637574 0.47375003
-0.19983025 -0.076394923 0.47225001
-0.19084617 -0.076111831 0.47050002
-0.18202043 -0.075869173 0.46900001
-0.17361784 -0.075788289 0.46850002
-0.16514449 -0.075666964 0.46775001
-0.15661357 -0.075505197 0.46675003
-0.14803816 -0.075302988 0.46550003
-0.13988218 -0.075302988 0.46550003
-0.13151397 -0.075181663 0.46475002
-0.12303931 -0.074979454 0.46350002
-0.11467044 -0.074817687 0.46250004
-0.1061062 -0.074494153 0.46050003
-0.097931378 -0.074413262 0.46000001
-0.090213664 -0.074696362 0.46175003
-0.082256787 -0.074817687 0.46250004
-0.07411328 -0.074777246 0.46225002
-0.06587144 -0.074615471 0.46125001
-0.057727277 -0.074534588 0.46075001
-0.049708411 -0.074615471 0.46125001
-0.042145822 -0.075545639 0.46700001
-0.03565447 -0.079306744 0.49025002
-0.028141372 -0.082461216 0.50975001
-0.020039173 -0.086020119 0.53175002
-0.011065232 -0.088770173 0.54875004
-0.0014638568 -0.089579016 0.55375004
0.0082643749 -0.089862108 0.55550003
0.018321216 -0.091479786 0.56550002
0.028266722 -0.091601111 0.56625003
0.038204789 -0.091641553 0.56650001
0.048725106 -0.092773929 0.57350004
0.058619615 -0.092531279 0.57200003
0.067771547 -0.09135846 0.56475002
0.076497525 -0.089983433 0.55625004
0.084925644 -0.088608406 0.54775006
0.093616746 -0.087759122 0.54250002
0.10269413 -0.087395139 0.54025
0.1121079 -0.087354705 0.54000002
0.12128779 -0.087152496 0.53875005
0.13054517 -0.087031171 0.53800005
0.13984132 -0.08695028 0.53750002
0.14898112 -0.086788513 0.53650004
0.15815967 -0.086667188 0.53575003
0.16699922 -0.086384095 0.53400004
0.17602512 -0.086222328 0.53300005
0.18527681 -0.086181879 0.53275001
0.19442843 -0.086101003 0.53225005
0 -0 0
0 -0 0
0 -0 0
0 -0 0
0 -0 0
0 -0 0
0 -0 0
0 -0 0
0 -0 0
0 -0 0
0 -0 0
0 -0 0
0 -0 0
0 -0 0
0 -0 0
0 -0 0
0 -0 0
0 -0 0
-0 -0 0
-0 -0 0
-0 -0 0
-0 -0 0
-0 -0 0
-0.31132478 -0.072966546 0.50550002
-0.30127126 -0.072677858 0.50350004
-0.29085216 -0.072280899 0.50075001
-0.27898037 -0.071487002 0.49525002
-0.26798356 -0.070873536 0.49100003
-0.25739977 -0.070332244 0.48725003
-0.24707508 -0.069827035 0.48375002
-0.23724298 -0.069430083 0.48100004
-0.22786401 -0.069141395 0.47900003
-0.21821149 -0.068744443 0.47625002
-0.20898582 -0.068455756 0.47425002
-0.20004182 -0.068239234 0.47275001
-0.1911504 -0.068022721 0.47125003
-0.18231151 -0.067806199 0.46975002
-0.17389578 -0.067734025 0.46925002
-0.16549756 -0.067661859 0.46875003
-0.15686522 -0.067481421 0.46750003
-0.14835617 -0.067337073 0.46650001
-0.14018267 -0.067337073 0.46650001
-0.13186769 -0.067264907 0.46600002
-0.12317204 -0.066976212 0.46400002
-0.11479441 -0.066831872 0.46300003
-0.10645182 -0.066687524 0.46200001
-0.09819749 -0.06657926 0.46125001
-0.090506725 -0.066867955 0.46325001
-0.082523562 -0.066976212 0.46400002
-0.074273609 -0.066867955 0.46325001
-0.065978549 -0.066687524 0.46200001
-0.057789922 -0.06657926 0.46125001
-0.049600642 -0.06643492 0.46025002
-0.041514087 -0.066398829 0.46000001
-0.033454474 -0.066398829 0.46000001
-0.025394863 -0.066398829 0.46000001
-0.017429465 -0.066759698 0.46250004
-0.0094924066 -0.067950547 0.47075003
-0.0013032621 -0.071162231 0.49300003
0.0076544033 -0.074265651 0.51450002
0.017316869 -0.077152558 0.5345
0.027592815 -0.079786859 0.55275005
0.037547246 -0.080364235 0.55675
0.04753565 -0.080761194 0.55950004
0.057184871 -0.080544673 0.55800003
0.067951553 -0.081735522 0.56625003
0.078216575 -0.082096383 0.56875002
0.08767768 -0.081627257 0.56550002
0.096377805 -0.080616847 0.55850005
0.10416731 -0.07910122 0.54800004
0.11267881 -0.078343406 0.54275
0.12179431 -0.078090802 0.54100001
0.13109112 -0.077982537 0.54025
0.14029662 -0.077838197 0.53925002
0.14953649 -0.07772994 0.53850001
0.15860251 -0.07754951 0.53725004
0.16770288 -0.07740517 0.53625005
0.17685075 -0.077296905 0.53550005
0.18536377 -0.076936044 0.53300005
0.1943371 -0.076791689 0.53200001
0.20337109 -0.076683432 0.53125
0 -0 0
0 -0 0
0.23281886 -0.077188648 0.53475004
0 -0 0
0 -0 0
0 -0 0
0 -0 0
0 -0 0
0 -0 0
0 -0 0
0 -0 0
0 -0 0
0 -0 0
0 -0 0
0 -0 0
0 -0 0
0 -0 0
-0 -0 0
-0 -0 0
-0 -0 0
-0 -0 0
-0 -0 0
-0.31224859 -0.064349771 0.50700003
-0.30112165 -0.063873813 0.50325
-0.29099739 -0.063588239 0.50100005
-0.27855787 -0.062763236 0.49450001
-0.26798356 -0.06231901 0.49100003
-0.25713566 -0.061779592 0.48675004
-0.24720278 -0.061430551 0.48400003
-0.2374896 -0.061113246 0.48150003
-0.22833972 -0.060922861 0.48000002
-0.21866967 -0.060573824 0.47725001
-0.20931633 -0.06028825 0.47500002
-0.20046496 -0.060129594 0.47375003
-0.19175883 -0.06000267 0.47275001
-0.18289366 -0.059812289 0.47125003
-0.17417371 -0.059653636 0.47000003
-0.16558582 -0.059526712 0.46900001
-0.157033 -0.059399791 0.46800002
-0.1486742 -0.059336331 0.46750003
-0.14040805 -0.059304599 0.46725002
-0.13222142 -0.059304599 0.46725002
-0.12337113 -0.05898729 0.46475002
-0.11498036 -0.058860369 0.46375003
-0.10679744 -0.058828637 0.46350002
-0.098570064 -0.058765177 0.46300003
-0.090799786 -0.05898729 0.46475002
-0.082612485 -0.058955558 0.46450001
-0.074353784 -0.058860369 0.46375003
-0.066121362 -0.058765177 0.46300003
-0.057883888 -0.058638252 0.46200001
-0.04968147 -0.058511332 0.46100003
-0.041626897 -0.05854306 0.46125001
-0.033527203 -0.058511332 0.46100003
-0.025422467 -0.058447871 0.46050003
-0.017363515 -0.0584796 0.46075001
-0.0093058851 -0.058574792 0.46150002
-0.0012213126 -0.058638252 0.46200001
0.0068807807 -0.058701716 0.46250004
0.01508139 -0.059082486 0.46550003
0.023511922 -0.059780557 0.47100002
0.033011906 -0.062128626 0.48950002
0.043181401 -0.064508423 0.50825
0.053879831 -0.066729575 0.52575004
0.065311491 -0.069077641 0.54425001
0.075638004 -0.069807447 0.55000001
0.085429534 -0.069934368 0.551
0.095169842 -0.069997832 0.55150002
0.10445244 -0.069743983 0.54950005
0.11371686 -0.069521874 0.54775006
0.12258227 -0.069109373 0.54450005
0.13157643 -0.068823799 0.54225004
0.14075191 -0.068665139 0.54100001
0.15016131 -0.068633415 0.54075003
0.15934053 -0.068506487 0.53975004
0.16864106 -0.068443023 0.53925002
0.17751126 -0.068220913 0.53750002
0.18597236 -0.067871876 0.53475004
0.1950677 -0.067776687 0.53400004
0.20461524 -0.067840144 0.5345
0.212579 -0.067395918 0.53100002
0 -0 0
0.23281886 -0.067871876 0.53475004
0 -0 0
0 -0 0
0 -0 0
0 -0 0
0 -0 0
0 -0 0
0 -0 0
0 -0 0
0 -0 0
0 -0 0
0 -0 0
0 -0 0
0 -0 0
0 -0 0
-0 -0 0
-0 -0 0
-0 -0 0
-0 -0 0
-0.32208177 -0.055680726 0.50850004
-0.31286445 -0.055625975 0.50800002
-0.3018696 -0.055242725 0.50450003
-0.29186863 -0.055023722 0.5025
-0.27898037 -0.054229852 0.49525002
-0.26866579 -0.053901352 0.49225003
-0.25819218 -0.053518102 0.48875001
-0.24758585 -0.053080104 0.48475003
-0.2374896 -0.052724227 0.48150003
-0.22857755 -0.052614726 0.48050001
-0.21935695 -0.052423101 0.47875002
-0.20964684 -0.052094601 0.47575003
-0.2009939 -0.052012477 0.47500002
-0.19236726 -0.051930353 0.47425002
-0.18357284 -0.051793478 0.47300002
-0.17463695 -0.051601853 0.47125003
-0.16593888 -0.051464979 0.47000003
-0.15736853 -0.051355477 0.46900001
-0.14907172 -0.051328104 0.46875003
-0.14070855 -0.051273353 0.46825004
-0.1323629 -0.051218603 0.46775001
-0.12383568 -0.051081728 0.46650001
-0.11535226 -0.05094485 0.46525002
-0.10720067 -0.05094485 0.46525002
-0.099049069 -0.05094485 0.46525002
-0.091044001 -0.051026978 0.46600002
-0.082834803 -0.0509996 0.46575001
-0.074514113 -0.050890103 0.46475002
-0.066264167 -0.050807975 0.46400002
-0.058103148 -0.050780606 0.46375003
-0.049870063 -0.050671101 0.46275002
-0.041717146 -0.050616354 0.46225002
-0.033618111 -0.050616354 0.46225002
-0.025477672 -0.050534226 0.46150002
-0.017410621 -0.050588977 0.46200001
-0.0093310904 -0.050671101 0.46275002
-0.0012239561 -0.050698478 0.46300003
0.0068956576 -0.050753228 0.46350002
0.015048991 -0.050862726 0.46450001
0.023187447 -0.050862726 0.46450001
0.031342763 -0.050890103 0.46475002
0.039570563 -0.0509996 0.46575001
0.047807779 -0.051081728 0.46650001
0.05634129 -0.051410228 0.46950004
0.066080108 -0.052614726 0.48050001
0.077599786 -0.054804727 0.50050002
0.089216329 -0.056611475 0.51700002
0.10065071 -0.057980221 0.52950001
0.11314593 -0.059677474 0.54500002
0.12258227 -0.059622727 0.54450005
0.13187973 -0.059513222 0.54350001
0.1412072 -0.059431095 0.54275
0.15071668 -0.059431095 0.54275
0.15993094 -0.059321597 0.54175001
0.16903199 -0.059184726 0.54050004
0.17800663 -0.059020475 0.53900003
0.18745041 -0.059020475 0.53900003
0.19616356 -0.058801472 0.537
0.20480666 -0.058582474 0.53500003
0.21287924 -0.0582266 0.53175002
0 -0 0
0 -0 0
0 -0 0
0 -0 0
0 -0 0
0 -0 0
0 -0 0
0 -0 0
0 -0 0
0 -0 0
0 -0 0
0 -0 0
0 -0 0
0 -0 0
0 -0 0
0 -0 0
-0 -0 0
-0 -0 0
-0 -0 0
-0 -0 0
-0.32144839 -0.046729222 0.50750005
-0.31301841 -0.046798278 0.50825
-0.30366468 -0.046729222 0.50750005
-0.29230425 -0.046337891 0.50325
-0.2795437 -0.045693353 0.49625003
-0.26975739 -0.045509197 0.49425003
-0.25911665 -0.045163907 0.49050003
-0.24822429 -0.044749558 0.48600003
-0.23822942 -0.044473328 0.48300001
-0.22881542 -0.044289175 0.48100004
-0.2197006 -0.044151057 0.47950003
-0.21041799 -0.043966901 0.47750002
-0.20131126 -0.043805767 0.47575003
-0.19267148 -0.043736707 0.47500002
-0.18347581 -0.043529533 0.47275001
-0.17510016 -0.043506514 0.47250003
-0.16655675 -0.043437459 0.47175002
-0.15795574 -0.043345381 0.47075003
-0.14954875 -0.04329934 0.47025001
-0.14100905 -0.043207265 0.46925002
-0.13264589 -0.043161228 0.46875003
-0.12423387 -0.043092169 0.46800002
-0.11566218 -0.04295405 0.46650001
-0.10748868 -0.04295405 0.46650001
-0.099368416 -0.042977072 0.46675003
-0.09123937 -0.043000091 0.46700001
-0.083146051 -0.043046132 0.46750003
-0.074874856 -0.043000091 0.46700001
-0.066549793 -0.042908013 0.46600002
-0.058291081 -0.042838953 0.46525002
-0.050004777 -0.042723857 0.46400002
-0.04178483 -0.042631783 0.46300003
-0.033709019 -0.04267782 0.46350002
-0.025574282 -0.042654801 0.46325001
-0.01746715 -0.04267782 0.46350002
-0.0093562957 -0.042723857 0.46400002
-0.0012272606 -0.042746879 0.46425003
0.006917974 -0.042815939 0.46500003
0.015089489 -0.042884994 0.46575001
0.023249846 -0.042884994 0.46575001
0.031427063 -0.042908013 0.46600002
0.039676763 -0.043000091 0.46700001
0.047884643 -0.043023109 0.46725002
0.056101285 -0.043046132 0.46750003
0.06439545 -0.043115187 0.46825004
0.072715886 -0.043184243 0.46900001
0.081062615 -0.043253303 0.46975002
0.089910835 -0.043552555 0.47300002
0.098924845 -0.043874826 0.47650003
0.1102565 -0.045094848 0.48975003
0.12338703 -0.0468213 0.50850004
0.13580869 -0.04806434 0.52200001
0.14807862 -0.049100213 0.53325003
0.15970953 -0.049813807 0.54100001
0.16942289 -0.049882866 0.54175001
0.17850202 -0.049767774 0.54050004
0.18797207 -0.049767774 0.54050004
0.1969855 -0.049652673 0.53925002
0.20605081 -0.049560599 0.53825003
0.21538137 -0.04953758 0.53800005
0.22428527 -0.04942248 0.53675002
0.23303653 -0.049284365 0.53525001
0 -0 0
0 -0 0
0 -0 0
0 -0 0
0 -0 0
0 -0 0
0 -0 0
0 -0 0
0 -0 0
0 -0 0
0 -0 0
0 -0 0
0 -0 0
0 -0 0
-0 -0 0
-0 -0 0
-0 -0 0
-0 -0 0
-0.32398194 -0.038185831 0.5115
-0.31394222 -0.038055189 0.50975001
-0.30366468 -0.037887219 0.50750005
-0.29215905 -0.037551269 0.50300002
-0.27968451 -0.037066016 0.49650002
-0.26962093 -0.036879379 0.49400002
-0.2589846 -0.036599424 0.49025002
-0.24847965 -0.036319468 0.48650002
-0.23896928 -0.036170159 0.48450002
-0.22929113 -0.035983521 0.48200002
-0.21981515 -0.035815552 0.47975004
-0.21074849 -0.03570357 0.47825003
-0.20194596 -0.035628911 0.47725001
-0.1929757 -0.035516933 0.47575003
-0.18396096 -0.035386287 0.47400004
-0.1753781 -0.035330296 0.47325003
-0.16682154 -0.035274304 0.47250003
-0.15829127 -0.035218313 0.47175002
-0.14978726 -0.035162322 0.47100002
-0.14130954 -0.035106331 0.47025001
-0.13307035 -0.035106331 0.47025001
-0.12476479 -0.035087667 0.47000003
-0.11615805 -0.034975685 0.46850002
-0.10760389 -0.034863703 0.46700001
-0.099474862 -0.034882367 0.46725002
-0.091385901 -0.034919694 0.46775001
-0.083234973 -0.034938358 0.46800002
-0.074955024 -0.03490103 0.46750003
-0.066728301 -0.034882367 0.46725002
-0.058447693 -0.034826376 0.46650001
-0.050166428 -0.034751721 0.46550003
-0.041920204 -0.034677066 0.46450001
-0.033781745 -0.034677066 0.46450001
-0.025657091 -0.03469573 0.46475002
-0.017542521 -0.034751721 0.46550003
-0.0093865432 -0.034751721 0.46550003
-0.0012292431 -0.034714397 0.46500003
0.0069216928 -0.034733057 0.46525002
0.015121887 -0.034845039 0.46675003
0.023362165 -0.034938358 0.46800002
0.031545084 -0.034919694 0.46775001
0.039761726 -0.034938358 0.46800002
0.047987126 -0.034957025 0.46825004
0.056221284 -0.034975685 0.46850002
0.064498588 -0.035013013 0.46900001
0.072832167 -0.035069004 0.46975002
0.081192039 -0.035124995 0.47050002
0.089673229 -0.035218313 0.47175002
0.098094411 -0.035274304 0.47250003
0.10637304 -0.035274304 0.47250003
0.11477298 -0.035311632 0.47300002
0.12332054 -0.035386287 0.47400004
0.13280563 -0.03570357 0.47825003
0.14258726 -0.036058176 0.48300001
0.15527174 -0.037066016 0.49650002
0.16958517 -0.038335145 0.51350003
0.18145129 -0.038951043 0.52175003
0.19406313 -0.03966026 0.53125
0.20595512 -0.040164184 0.53800005
0.21568161 -0.040220175 0.53875005
0.22449422 -0.040108193 0.53725004
0.23347193 -0.040033538 0.53625005
0.24320717 -0.040089525 0.537
0.25285113 -0.040126853 0.53750002
0 -0 0
0 -0 0
0 -0 0
0 -0 0
0 -0 0
0 -0 0
0 -0 0
0 -0 0
0 -0 0
0 -0 0
0 -0 0
0 -0 0
-0 -0 0
-0 -0 0
-0 -0 0
-0 -0 0
-0.32461536 -0.029331373 0.51250005
-0.31501999 -0.029274138 0.5115
-0.30396384 -0.029073827 0.50800002
-0.29201385 -0.02877336 0.50275004
-0.28024784 -0.028472893 0.49750003
-0.26989383 -0.028301194 0.49450001
-0.2589846 -0.028057961 0.49025002
-0.24911809 -0.02791488 0.48775002
-0.2393392 -0.027771801 0.48525003
-0.2296479 -0.027628722 0.48275003
-0.21981515 -0.027457025 0.47975004
-0.21063831 -0.027356869 0.47800002
-0.20215756 -0.027342562 0.47775003
-0.19348273 -0.027299637 0.47700003
-0.18434905 -0.027185174 0.47500002
-0.17574868 -0.027142249 0.47425002
-0.16726287 -0.027113633 0.47375003
-0.15871069 -0.027070709 0.47300002
-0.15026429 -0.027042093 0.47250003
-0.14168516 -0.026984861 0.47150001
-0.13328259 -0.026956245 0.47100002
-0.12489751 -0.026927629 0.47050002
-0.11640599 -0.026870398 0.46950004
-0.10794952 -0.026813164 0.46850002
-0.099794202 -0.026827473 0.46875003
-0.091581278 -0.026827473 0.46875003
-0.083323896 -0.026813164 0.46850002
-0.075035192 -0.02678455 0.46800002
-0.066764005 -0.026755935 0.46750003
-0.058479015 -0.02671301 0.46675003
-0.050220314 -0.026670085 0.46600002
-0.042055573 -0.026670085 0.46600002
-0.033872653 -0.026655776 0.46575001
-0.025712298 -0.026655776 0.46575001
-0.017570784 -0.026684394 0.46625003
-0.009401666 -0.026684394 0.46625003
-0.0012305649 -0.026641469 0.46550003
0.0069402899 -0.026698701 0.46650001
0.015154285 -0.026770242 0.46775001
0.023387125 -0.026813164 0.46850002
0.031578805 -0.026798857 0.46825004
0.039825447 -0.026827473 0.46875003
0.048089609 -0.026856089 0.46925002
0.05634129 -0.026870398 0.46950004
0.064670488 -0.026913321 0.47025001
0.072948456 -0.026927629 0.47050002
0.081407748 -0.02699917 0.47175002
0.089910835 -0.027070709 0.47300002
0.098302014 -0.027099324 0.47350001
0.10676701 -0.027142249 0.47425002
0.1150763 -0.027142249 0.47425002
0.12358071 -0.027185174 0.47500002
0.13204198 -0.02721379 0.47550002
0.14066839 -0.027271021 0.47650003
0.14925164 -0.027313944 0.47725001
0.15810886 -0.027399793 0.47875002
0.16675782 -0.027442716 0.47950003
0.17579837 -0.027542872 0.48125002
0.18700571 -0.027957805 0.48850003
0.20026864 -0.028630281 0.50025004
0.21018258 -0.028787667 0.50300002
0.22694123 -0.029832149 0.52125001
0.24105592 -0.030461702 0.53225005
0.25049901 -0.030476009 0.53250003
0.26056081 -0.030561859 0.53400004
0.26928514 -0.030490316 0.53275001
0.27822715 -0.030447392 0.53200001
0 -0 0
0 -0 0
0 -0 0
0 -0 0
0 -0 0
0 -0 0
0 -0 0
0 -0 0
0 -0 0
-0 -0 0
-0 -0 0
-0 -0 0
-0 -0 0
-0.32524875 -0.020442061 0.51350003
-0.3154819 -0.020392297 0.51225001
-0.30486137 -0.020282824 0.50950003
-0.29244947 -0.020043967 0.50350004
-0.28067032 -0.019834969 0.49825004
-0.26962093 -0.01966578 0.49400002
-0.25951287 -0.019556304 0.49125004
-0.24950115 -0.019446829 0.48850003
-0.23970912 -0.019347306 0.48600003
-0.23024255 -0.019267688 0.48400003
-0.22027333 -0.019138306 0.48075002
-0.21151966 -0.01910845 0.48000002
-0.20236912 -0.019038783 0.47825003
-0.19378695 -0.019018879 0.47775003
-0.18502823 -0.018979069 0.47675002
-0.17621191 -0.018929308 0.47550002
-0.16770419 -0.018909404 0.47500002
-0.15904623 -0.018869594 0.47400004
-0.15058231 -0.01884969 0.47350001
-0.14213592 -0.018829785 0.47300002
-0.13349482 -0.018780023 0.47175002
-0.12516296 -0.018770071 0.47150001
-0.11665393 -0.018730262 0.47050002
-0.10829514 -0.018710356 0.47000003
-0.10011354 -0.018720308 0.47025001
-0.091874339 -0.018720308 0.47025001
-0.083501756 -0.018690452 0.46950004
-0.075195521 -0.018670548 0.46900001
-0.066835411 -0.018630739 0.46800002
-0.058604304 -0.018620785 0.46775001
-0.050355025 -0.018600881 0.46725002
-0.042168386 -0.018600881 0.46725002
-0.033981744 -0.018600881 0.46725002
-0.025795108 -0.018600881 0.46725002
-0.017608469 -0.018600881 0.46725002
-0.0094117485 -0.018580977 0.46675003
-0.001235852 -0.018610833 0.46750003
0.0069663255 -0.018640691 0.46825004
0.015178584 -0.018650644 0.46850002
0.023412084 -0.018670548 0.46900001
0.031646244 -0.0186805 0.46925002
0.039931647 -0.018710356 0.47000003
0.048243329 -0.018740214 0.47075003
0.056521293 -0.018750167 0.47100002
0.064842395 -0.018770071 0.47150001
0.073064737 -0.018760119 0.47125003
0.081580311 -0.018819831 0.47275001
0.090053402 -0.018859642 0.47375003
0.098561525 -0.01889945 0.47475001
0.10704842 -0.018929308 0.47550002
0.1155616 -0.018959165 0.47625002
0.12390592 -0.018959165 0.47625002
0.1323891 -0.018979069 0.47675002
0.14125881 -0.019048735 0.47850001
0.14995529 -0.019088546 0.47950003
0.1586868 -0.019128354 0.48050001
0.16719255 -0.019138306 0.48075002
0.17570704 -0.019148258 0.48100004
0.18432599 -0.019168165 0.48150003
0.19346289 -0.019237829 0.48325002
0.2024522 -0.019287592 0.48450002
0.21094106 -0.019287592 0.48450002
0.22090186 -0.019416971 0.48775002
0.23015332 -0.019476686 0.48925003
0.24128711 -0.019685684 0.49450001
0.25083578 -0.01975535 0.49625003
0.2626684 -0.019994205 0.50225002
0.27160338 -0.020004157 0.5025
0.29226565 -0.020850105 0.52375001
0 -0 0
0.31654948 -0.021248197 0.53375
0.32666451 -0.02129796 0.53500003
0 -0 0
0 -0 0
0 -0 0
0 -0 0
-0 -0 0
-0 -0 0
-0 -0 0
-0 -0 0
-0.32635719 -0.011534696 0.51525003
-0.31609783 -0.011489923 0.51325005
-0.30426303 -0.011383587 0.50850004
-0.29303029 -0.01129404 0.50450003
-0.28109279 -0.011170913 0.49900001
-0.27003026 -0.01107577 0.49475002
-0.25977701 -0.011008611 0.49175003
-0.24975653 -0.010947048 0.48900002
-0.23995574 -0.010891081 0.48650002
-0.23036146 -0.010840711 0.48425001
-0.22118971 -0.010807131 0.48275003
-0.21173999 -0.010756761 0.48050001
-0.20279226 -0.010728778 0.47925001
-0.19398975 -0.010706392 0.47825003
-0.18551336 -0.010700795 0.47800002
-0.17667514 -0.010672811 0.47675002
-0.16788071 -0.010644828 0.47550002
-0.159214 -0.010622442 0.47450003
-0.15074132 -0.010611249 0.47400004
-0.1423613 -0.010605652 0.47375003
-0.13370706 -0.010577668 0.47250003
-0.12542842 -0.010577668 0.47250003
-0.11702583 -0.010566476 0.47200003
-0.10858316 -0.010549686 0.47125003
-0.10032644 -0.010549686 0.47125003
-0.092118554 -0.010555282 0.47150001
-0.083768532 -0.010544089 0.47100002
-0.075476103 -0.010538492 0.47075003
-0.067085333 -0.010516105 0.46975002
-0.058823563 -0.010510509 0.46950004
-0.05051668 -0.010493719 0.46875003
-0.042281196 -0.010488122 0.46850002
-0.034090836 -0.010493719 0.46875003
-0.025877917 -0.010493719 0.46875003
-0.017655576 -0.010488122 0.46850002
-0.0094419951 -0.010482526 0.46825004
-0.0012398172 -0.010499315 0.46900001
0.0069774832 -0.010499315 0.46900001
0.015202883 -0.010504913 0.46925002
0.023462005 -0.010521702 0.47000003
0.031747404 -0.010538492 0.47075003
0.040037848 -0.010549686 0.47125003
0.048320189 -0.010555282 0.47150001
0.056641296 -0.010566476 0.47200003
0.065083064 -0.010594459 0.47325003
0.073413588 -0.010600055 0.47350001
0.081839159 -0.010616845 0.47425002
0.090291008 -0.010633635 0.47500002
0.098924845 -0.010667215 0.47650003
0.10744239 -0.010684005 0.47725001
0.1158649 -0.010689601 0.47750002
0.12423113 -0.010689601 0.47750002
0.13294448 -0.010717585 0.47875002
0.14162782 -0.010739972 0.47975004
0.1503462 -0.010762358 0.48075002
0.15918219 -0.010790342 0.48200002
0.16780114 -0.010801534 0.48250002
0.17616367 -0.010795938 0.48225003
0.18490021 -0.010812728 0.48300001
0.19406341 -0.010851905 0.48475003
0.20297451 -0.010874291 0.48575002
0.21181183 -0.010891081 0.48650002
0.22135475 -0.01094145 0.48875001
0.23038854 -0.010963838 0.48975003
0.23933536 -0.010980627 0.49050003
0.24805571 -0.010986224 0.49075001
0.25756934 -0.011025401 0.49250004
0.26714423 -0.011064577 0.49425003
0.27678049 -0.011103754 0.49600002
0.28532696 -0.011098157 0.49575001
0.3008332 -0.011355603 0.50725001
0.31506336 -0.011551486 0.51600003
0.31421143 -0.011198897 0.50025004
0.32878691 -0.011400376 0.50925004
0 -0 0
0.33897439 -0.011148527 0.49800003
-0 -0 0
-0 -0 0
-0 -0 0
-0 -0 0
-0.32667392 -0.0025601471 0.51575005
-0.31686765 -0.0025539419 0.51450002
-0.30501094 -0.0025303632 0.50975001
-0.29419196 -0.0025142306 0.50650001
-0.28109279 -0.0024770009 0.49900001
-0.27084896 -0.0024633503 0.49625003
-0.26030526 -0.0024459765 0.49275002
-0.25039497 -0.0024335666 0.49025002
-0.24057227 -0.002421157 0.48775002
-0.23071824 -0.0024075061 0.48500001
-0.2214188 -0.0023988192 0.48325002
-0.21229082 -0.0023913733 0.48175001
-0.20353277 -0.0023876503 0.48100004
-0.19419257 -0.0023764814 0.47875002
-0.18580444 -0.0023764814 0.47875002
-0.17686042 -0.0023690355 0.47725001
-0.16832204 -0.0023665535 0.47675002
-0.15971731 -0.0023628306 0.47600001
-0.15113886 -0.0023591078 0.47525004
-0.14266178 -0.0023566256 0.47475001
-0.13427301 -0.0023553849 0.47450003
-0.12576024 -0.0023516619 0.47375003
-0.11733575 -0.0023491799 0.47325003
-0.10887118 -0.002345457 0.47250003
-0.10048611 -0.002342975 0.47200003
-0.092265084 -0.002344216 0.47225001
-0.083990842 -0.002344216 0.47225001
-0.075596347 -0.002340493 0.47150001
-0.067228146 -0.0023367701 0.47075003
-0.058980178 -0.0023367701 0.47075003
-0.050732218 -0.0023367701 0.47075003
-0.04246169 -0.0023355291 0.47050002
-0.034181744 -0.0023330471 0.47000003
-0.025960727 -0.0023342881 0.47025001
-0.017721526 -0.0023342881 0.47025001
-0.0094772829 -0.0023330471 0.47000003
-0.0012431217 -0.0023342881 0.47025001
0.0069997991 -0.0023355291 0.47050002
0.015251481 -0.0023367701 0.47075003
0.023511922 -0.0023380111 0.47100002
0.031814843 -0.002341734 0.47175002
0.040144049 -0.002345457 0.47250003
0.048448291 -0.0023466977 0.47275001
0.056791302 -0.0023491799 0.47325003
0.065151826 -0.0023516619 0.47375003
0.073646151 -0.0023578668 0.47500002
0.082054868 -0.0023603486 0.47550002
0.090576135 -0.0023653128 0.47650003
0.099184349 -0.0023715177 0.47775003
0.10766753 -0.0023739995 0.47825003
0.11610755 -0.0023752404 0.47850001
0.12462138 -0.0023777224 0.47900003
0.13343044 -0.0023851683 0.48050001
0.14207064 -0.0023888913 0.48125002
0.15073712 -0.0023926143 0.48200002
0.15942988 -0.0023963372 0.48275003
0.16806199 -0.0023988192 0.48325002
0.17652896 -0.0023988192 0.48325002
0.18537873 -0.0024037831 0.48425001
0.19446374 -0.0024112291 0.48575002
0.20339239 -0.002416193 0.48675004
0.21224719 -0.0024199157 0.48750001
0.22158122 -0.0024286029 0.48925003
0.23062374 -0.0024335666 0.49025002
0.23982328 -0.0024397715 0.49150002
0.24894029 -0.0024447355 0.49250004
0.25874603 -0.0024559044 0.49475002
0.26795498 -0.0024608683 0.49575001
0.27678049 -0.0024621093 0.49600002
0.28561473 -0.0024633503 0.49625003
0.29579216 -0.0024757602 0.49875003
0.30559921 -0.0024844469 0.50050002
0.31436843 -0.0024844469 0.50050002
0.32329902 -0.0024856878 0.50075001
0.33174106 -0.0024832061 0.50025004
0.33965504 -0.0024770009 0.49900001
-0 0 0
-0 0 0
-0 0 0
-0 0 0
-0.32809901 0.0064536273 0.51800001
-0.31732956 0.0064193662 0.51525003
-0.30471179 0.0063446136 0.50925004
-0.29317549 0.0062885489 0.50475001
-0.28179693 0.0062324852 0.50025004
-0.27084896 0.0061826501 0.49625003
-0.26083353 0.0061515034 0.49375004
-0.25065035 0.0061141266 0.49075001
-0.24118881 0.0060923239 0.48900002
-0.23166966 0.0060674064 0.48700002
-0.22176243 0.0060300305 0.48400003
-0.21262132 0.0060113422 0.48250002
-0.20395592 0.006005113 0.48200002
-0.1946996 0.0059801955 0.48000002
-0.18599848 0.0059708511 0.47925001
-0.17723101 0.0059583928 0.47825003
-0.16858685 0.0059490483 0.47750002
-0.16005285 0.0059428192 0.47700003
-0.15153638 0.00593659 0.47650003
-0.14303741 0.0059303604 0.47600001
-0.13455598 0.0059241308 0.47550002
-0.12609208 0.0059179016 0.47500002
-0.11764567 0.0059116725 0.47450003
-0.10915919 0.0059023281 0.47375003
-0.10080545 0.0058992133 0.47350001
-0.0925093 0.0058992133 0.47350001
-0.084168702 0.0058960989 0.47325003
-0.0757166 0.0058836401 0.47225001
-0.067442358 0.0058836401 0.47225001
-0.059136789 0.0058805258 0.47200003
-0.050866928 0.0058805258 0.47200003
-0.042597063 0.0058805258 0.47200003
-0.034290835 0.0058742957 0.47150001
-0.026015934 0.0058711814 0.47125003
-0.017768633 0.0058742957 0.47150001
-0.0095024882 0.0058711814 0.47125003
-0.0012457652 0.0058711814 0.47125003
0.0070146765 0.0058742957 0.47150001
0.015300077 0.0058836401 0.47225001
0.023586802 0.005886755 0.47250003
0.031899143 0.0058929841 0.47300002
0.04020777 0.0058960989 0.47325003
0.048499536 0.0058960989 0.47325003
0.056881301 0.0059054433 0.47400004
0.06535811 0.0059210164 0.47525004
0.073839962 0.0059334752 0.47625002
0.082227431 0.00593659 0.47650003
0.090766221 0.0059490483 0.47750002
0.099288151 0.0059583928 0.47825003
0.10783637 0.0059677367 0.47900003
0.11628954 0.0059708511 0.47925001
0.12488155 0.0059801955 0.48000002
0.13370813 0.0059988834 0.48150003
0.14243965 0.0060113422 0.48250002
0.15089349 0.0060113422 0.48250002
0.15951243 0.0060175713 0.48300001
0.16823587 0.0060269157 0.48375002
0.17689425 0.0060331449 0.48425001
0.18604867 0.0060549481 0.48600003
0.19496416 0.0060674064 0.48700002
0.2039147 0.0060798656 0.48800004
0.21311796 0.0060985535 0.48950002
0.22260024 0.0061234711 0.49150002
0.23156458 0.006132815 0.49225003
0.24031124 0.0061359298 0.49250004
0.24957211 0.0061515034 0.49375004
0.25939977 0.0061795353 0.49600002
0.269036 0.006201338 0.49775001
0.27859405 0.0062200259 0.49925002
0.28791693 0.0062324852 0.50025004
0.29712656 0.0062418291 0.50100005
0.3062098 0.0062480583 0.50150001
0.31468251 0.0062418291 0.50100005
0.32378325 0.0062480583 0.50150001
0.33207262 0.0062387139 0.50075001
0.33999538 0.0062231408 0.49950004
-0 0 0
-0 0 0
-0 0 0
-0 0 0
-0.32904911 0.015523393 0.51950002
-0.31732956 0.015396398 0.51525003
-0.30575889 0.015269401 0.51100004
-0.29390156 0.015119995 0.50600004
-0.28221944 0.014970588 0.50100005
-0.27153119 0.014866003 0.49750003
-0.26096559 0.014761417 0.49400002
-0.2511611 0.014694184 0.49175003
-0.24131212 0.014619481 0.48925003
-0.23190752 0.014567188 0.48750001
-0.22244972 0.014507426 0.48550004
-0.21339248 0.014470073 0.48425001
-0.20427327 0.014425252 0.48275003
-0.19520663 0.014380429 0.48125002
-0.1863866 0.014350548 0.48025003
-0.17778689 0.014335608 0.47975004
-0.16911644 0.014313197 0.47900003
-0.1603884 0.014283314 0.47800002
-0.1518544 0.014268374 0.47750002
-0.14341304 0.014260903 0.47725001
-0.1349097 0.014245963 0.47675002
-0.12629117 0.014216082 0.47575003
-0.11789361 0.014208611 0.47550002
-0.10944722 0.014193671 0.47500002
-0.10112479 0.014193671 0.47500002
-0.092753515 0.0141862 0.47475001
-0.084346548 0.014171259 0.47425002
-0.075876929 0.014141378 0.47325003
-0.067549467 0.014133908 0.47300002
-0.0592934 0.014141378 0.47325003
-0.051001638 0.014141378 0.47325003
-0.042664748 0.014126437 0.47275001
-0.034363564 0.014118968 0.47250003
-0.026084941 0.014118968 0.47250003
-0.017806318 0.014118968 0.47250003
-0.0095176119 0.014104026 0.47200003
-0.0012490697 0.014118968 0.47250003
0.0070407121 0.014141378 0.47325003
0.015348676 0.014156319 0.47375003
0.02368664 0.014178731 0.47450003
0.032017164 0.0141862 0.47475001
0.040335208 0.0141862 0.47475001
0.048627637 0.014178731 0.47450003
0.057121307 0.014223551 0.47600001
0.065598778 0.014253434 0.47700003
0.074033767 0.014268374 0.47750002
0.082529418 0.014290785 0.47825003
0.091003828 0.014305726 0.47875002
0.099495761 0.014320666 0.47925001
0.10811778 0.014350548 0.48025003
0.11671418 0.01437296 0.48100004
0.12514172 0.01437296 0.48100004
0.13391639 0.014410311 0.48225003
0.14273487 0.014447663 0.48350003
0.1512844 0.014455133 0.48375002
0.15992525 0.014470073 0.48425001
0.16875753 0.014499955 0.48525003
0.17762484 0.014529836 0.48625001
0.18691 0.014589599 0.48825002
0.19556467 0.014597069 0.48850003
0.20443703 0.014619481 0.48925003
0.21409756 0.014694184 0.49175003
0.2232796 0.014731537 0.49300003
0.23227021 0.014753947 0.49375004
0.24128711 0.014776357 0.49450001
0.25070938 0.01482118 0.49600002
0.259792 0.014843591 0.49675003
0.26890087 0.014866003 0.49750003
0.27859405 0.014918295 0.49925002
0.28849247 0.014978058 0.50125003
0.29771963 0.015000469 0.50200003
0.30697307 0.01502288 0.50275004
0.31562465 0.015015408 0.5025
0.32394469 0.014992999 0.50175005
0.33223844 0.014970588 0.50100005
0.34067604 0.014955646 0.50050002
-0 0 0
-0 0 0
-0 0 0
-0.33717486 0.024503512 0.51800001
-0.32999924 0.024645427 0.52100003
-0.3194851 0.024538992 0.51875001
-0.30620769 0.024207864 0.51175004
-0.29317549 0.023876734 0.50475001
-0.28236026 0.023711171 0.50125003
-0.27221343 0.023592912 0.49875003
-0.261758 0.023439173 0.49550003
-0.25179952 0.023320911 0.49300003
-0.24180534 0.023190826 0.49025002
-0.23202644 0.023072565 0.48775002
-0.2229079 0.023013435 0.48650002
-0.21361282 0.022930654 0.48475003
-0.20469642 0.022883348 0.48375002
-0.19581507 0.022836046 0.48275003
-0.18696874 0.022788741 0.48175001
-0.17815746 0.022741437 0.48075002
-0.16946949 0.022705959 0.48000002
-0.16089171 0.022682307 0.47950003
-0.15233143 0.022658655 0.47900003
-0.14371353 0.022623178 0.47825003
-0.13512194 0.022587698 0.47750002
-0.1264239 0.022528568 0.47625002
-0.11807956 0.022528568 0.47625002
-0.10973524 0.022528568 0.47625002
-0.10128447 0.022504916 0.47575003
-0.092900045 0.02249309 0.47550002
-0.084479943 0.022469439 0.47500002
-0.076077342 0.022445787 0.47450003
-0.06769228 0.022422135 0.47400004
-0.059387367 0.022422135 0.47400004
-0.051136348 0.022445787 0.47450003
-0.042800121 0.022433961 0.47425002
-0.034472656 0.022422135 0.47400004
-0.026153948 0.022410309 0.47375003
-0.017862847 0.022422135 0.47400004
-0.0095528997 0.022410309 0.47375003
-0.0012517131 0.022398481 0.47350001
0.0070555895 0.022433961 0.47425002
0.015381073 0.022457613 0.47475001
0.023736559 0.02249309 0.47550002
0.032101464 0.022516742 0.47600001
0.04046265 0.022528568 0.47625002
0.04880698 0.022528568 0.47625002
0.05718131 0.022540396 0.47650003
0.06566754 0.022587698 0.47750002
0.074227571 0.022646829 0.47875002
0.082745127 0.022682307 0.47950003
0.091241434 0.022705959 0.48000002
0.099703372 0.022717785 0.48025003
0.10834291 0.022765089 0.48125002
0.11689616 0.022788741 0.48175001
0.1254019 0.022800567 0.48200002
0.13426352 0.022871524 0.48350003
0.14303008 0.022918828 0.48450002
0.15183169 0.022966132 0.48550004
0.16050321 0.022989783 0.48600003
0.16927919 0.023025261 0.48675004
0.17799014 0.023048913 0.48725003
0.18748423 0.023167174 0.48975003
0.1960651 0.023167174 0.48975003
0.20495935 0.023202652 0.49050003
0.2142064 0.023273608 0.49200001
0.22384572 0.023380043 0.49425003
0.23285824 0.023415521 0.49500003
0.24201903 0.023462825 0.49600002
0.25134122 0.023521954 0.49725002
0.26096871 0.023604736 0.49900001
0.27025211 0.023652039 0.5
0.27971011 0.023711171 0.50125003
0.28878024 0.023734825 0.50175005
0.29786786 0.023758475 0.50225002
0.30712569 0.023793953 0.50300002
0.31593871 0.023793953 0.50300002
0.32442886 0.023770299 0.5025
0.33323312 0.023770299 0.5025
0.3415269 0.023734825 0.50175005
-0 0 0
-0 0 0
-0 0 0
-0.34059218 0.033868272 0.52325004
-0.33079094 0.033803545 0.52225
-0.31871527 0.033496093 0.51750004
-0.30665645 0.033172462 0.51250005
-0.29346594 0.032703191 0.50525004
-0.28306437 0.032525189 0.5025
-0.27275923 0.032347195 0.49975002
-0.26241836 0.032153014 0.49675003
-0.2521826 0.031958833 0.49375004
-0.24192865 0.031748474 0.49050003
-0.23262107 0.031651381 0.48900002
-0.22336608 0.031554289 0.48750001
-0.21405348 0.031441018 0.48575002
-0.20522535 0.031392474 0.48500001
-0.1962207 0.031311564 0.48375002
-0.18735686 0.031246839 0.48275003
-0.1786207 0.031198293 0.48200002
-0.16982256 0.031133568 0.48100004
-0.16122724 0.031101203 0.48050001
-0.15256995 0.03105266 0.47975004
-0.14386378 0.030987931 0.47875002
-0.13554642 0.031004114 0.47900003
-0.12722026 0.031020295 0.47925001
-0.11832749 0.030890841 0.47725001
-0.10990804 0.03087466 0.47700003
-0.10155058 0.03087466 0.47700003
-0.093095422 0.030842297 0.47650003
-0.084657788 0.030809933 0.47600001
-0.076277763 0.030793753 0.47575003
-0.067870788 0.030761389 0.47525004
-0.059512656 0.030745206 0.47500002
-0.051190235 0.030745206 0.47500002
-0.042867806 0.030745206 0.47500002
-0.034527197 0.030729024 0.47475001
-0.026222955 0.030745206 0.47500002
-0.017909953 0.030761389 0.47525004
-0.0095781051 0.030745206 0.47500002
-0.0012543567 0.030712843 0.47450003
0.0070667472 0.030745206 0.47500002
0.015413471 0.030793753 0.47575003
0.023773998 0.030826114 0.47625002
0.032152046 0.030858478 0.47675002
0.040547613 0.030890841 0.47725001
0.048935082 0.030907024 0.47750002
0.057331312 0.030923206 0.47775003
0.065839447 0.030987931 0.47875002
0.074382618 0.03105266 0.47975004
0.08291769 0.031101203 0.48050001
0.091431528 0.031133568 0.48100004
0.099962875 0.031165931 0.48150003
0.10862432 0.031230656 0.48250002
0.11701749 0.031214476 0.48225003
0.12566206 0.03126302 0.48300001
0.1345412 0.031360112 0.48450002
0.14339909 0.031441018 0.48575002
0.15214442 0.031489566 0.48650002
0.1607509 0.031505745 0.48675004
0.16945308 0.03153811 0.48725003
0.17853808 0.031635199 0.48875001
0.18767564 0.031732291 0.49025002
0.19636534 0.031748474 0.49050003
0.20537721 0.031813197 0.49150002
0.21464178 0.031910289 0.49300003
0.22395894 0.032007378 0.49450001
0.23332866 0.03210447 0.49600002
0.24250697 0.032169193 0.49700001
0.25222579 0.032298647 0.49900001
0.26136094 0.032347195 0.49975002
0.27065748 0.032411918 0.50075001
0.27998912 0.032476649 0.50175005
0.28921187 0.032525189 0.5025
0.29846093 0.032573737 0.50325
0.30743101 0.03258992 0.50350004
0.31625277 0.03258992 0.50350004
0.32507452 0.03258992 0.50350004
0.3335647 0.032557555 0.50300002
0.34135672 0.032460466 0.50150001
-0 0 0
-0 0 0
-0 0 0
-0.34124309 0.043066833 0.52425003
-0.33094934 0.042923074 0.52250004
-0.3194851 0.042615011 0.51875001
-0.30695561 0.042142652 0.51300001
-0.29549885 0.041793518 0.50875002
-0.28334603 0.041321158 0.50300002
-0.27316856 0.041115783 0.50050002
-0.26255041 0.040828262 0.49700001
-0.25243798 0.040602352 0.49425003
-0.24254519 0.040396977 0.49175003
-0.23285893 0.040212139 0.48950002
-0.22348064 0.040068381 0.48775002
-0.21449415 0.03998623 0.48675004
-0.2055427 0.03990408 0.48575002
-0.1965249 0.039801393 0.48450002
-0.18774495 0.03973978 0.48375002
-0.17889863 0.039657634 0.48275003
-0.17017563 0.039596021 0.48200002
-0.16164666 0.039575484 0.48175001
-0.15296747 0.039513871 0.48100004
-0.14438966 0.039472796 0.48050001
-0.13590014 0.039452258 0.48025003
-0.12728663 0.039390646 0.47950003
-0.11863741 0.039308496 0.47850001
-0.11013846 0.039267421 0.47800002
-0.10171025 0.039246887 0.47775003
-0.093241952 0.039205808 0.47725001
-0.084835649 0.039185274 0.47700003
-0.076357923 0.039123662 0.47625002
-0.068049304 0.039144199 0.47650003
-0.059637945 0.039103124 0.47600001
-0.051271062 0.039082587 0.47575003
-0.042958055 0.039103124 0.47600001
-0.034618106 0.039103124 0.47600001
-0.026278162 0.039103124 0.47600001
-0.017938215 0.039103124 0.47600001
-0.0095932279 0.039082587 0.47575003
-0.0012576611 0.039082587 0.47575003
0.0070779053 0.039082587 0.47575003
0.015445869 0.039164737 0.47675002
0.023848878 0.039246887 0.47775003
0.032236345 0.039267421 0.47800002
0.040653814 0.039308496 0.47850001
0.049037561 0.039308496 0.47850001
0.057511315 0.039370108 0.47925001
0.066011347 0.039431721 0.48000002
0.074537657 0.039493334 0.48075002
0.083003975 0.039513871 0.48100004
0.091621608 0.039596021 0.48200002
0.10027429 0.039678168 0.48300001
0.10890573 0.03973978 0.48375002
0.11738146 0.03973978 0.48375002
0.12592223 0.039760321 0.48400003
0.13474947 0.039863005 0.48525003
0.14362051 0.039965693 0.48650002
0.15237898 0.040027305 0.48725003
0.16108115 0.040068381 0.48775002
0.1698878 0.040129993 0.48850003
0.1789947 0.040253215 0.49000001
0.18805845 0.040355902 0.49125004
0.19706593 0.040438052 0.49225003
0.20663077 0.040622886 0.49450001
0.21562138 0.040684499 0.49525002
0.22486474 0.040787186 0.49650002
0.23438711 0.040930949 0.49825004
0.24360484 0.041013099 0.49925002
0.25247851 0.041033637 0.49950004
0.26214543 0.041177396 0.50125003
0.27146825 0.041259546 0.50225002
0.28040761 0.04128008 0.5025
0.28949967 0.041321158 0.50300002
0.29890573 0.041403305 0.50400001
0.30804157 0.041444384 0.50450003
0.31719491 0.041485455 0.505
0.32588154 0.041464917 0.50475001
0.33406207 0.041382771 0.50375003
0.34220758 0.041300621 0.50275004
-0 0 0
-0 0 0
-0 0 0
-0.34270766 0.05242471 0.52650005
-0.33126599 0.052076206 0.523
-0.32025495 0.051777493 0.52000004
-0.30785313 0.051229842 0.51450002
-0.294918 0.050557733 0.50775003
-0.28390935 0.050184336 0.50400001
-0.273305 0.049860727 0.50075001
-0.26307869 0.049586903 0.49800003
-0.25282103 0.049288191 0.49500003
-0.24328502 0.049113937 0.49325001
-0.23345357 0.048865005 0.49075001
-0.22382428 0.04864097 0.48850003
-0.21493481 0.048566289 0.48775002
-0.20596586 0.04846672 0.48675004
-0.19713335 0.048392039 0.48600003
-0.18823008 0.048292466 0.48500001
-0.17936186 0.048192896 0.48400003
-0.17070521 0.048143111 0.48350003
-0.1620661 0.048093323 0.48300001
-0.15344448 0.048043538 0.48250002
-0.14469016 0.047943965 0.48150003
-0.13604163 0.047869287 0.48075002
-0.12748572 0.047819499 0.48025003
-0.11900932 0.047794607 0.48000002
-0.11054169 0.047769714 0.47975004
-0.10197637 0.047695037 0.47900003
-0.093437329 0.047620356 0.47825003
-0.085013494 0.04759546 0.47800002
-0.076558337 0.047545675 0.47750002
-0.068156406 0.047520783 0.47725001
-0.059825882 0.047545675 0.47750002
-0.051405773 0.04749589 0.47700003
-0.043025739 0.047470998 0.47675002
-0.034690835 0.04749589 0.47700003
-0.026333369 0.04749589 0.47700003
-0.017966481 0.047470998 0.47675002
-0.0096133919 0.047470998 0.47675002
-0.0012609656 0.04749589 0.47700003
0.0070890635 0.047446106 0.47650003
0.015462069 0.047520783 0.47725001
0.023873838 0.047620356 0.47825003
0.032286923 0.047670141 0.47875002
0.040717535 0.047719926 0.47925001
0.049140047 0.047744822 0.47950003
0.057601318 0.047794607 0.48000002
0.066148877 0.04789418 0.48100004
0.074576423 0.04789418 0.48100004
0.083090261 0.047943965 0.48150003
0.091716655 0.048043538 0.48250002
0.1003781 0.048143111 0.48350003
0.10896201 0.048192896 0.48400003
0.11756345 0.048242681 0.48450002
0.12631249 0.048342254 0.48550004
0.13502716 0.048416931 0.48625001
0.14369431 0.04846672 0.48675004
0.15237898 0.048516504 0.48725003
0.16132884 0.04864097 0.48850003
0.17032252 0.048765436 0.48975003
0.17954265 0.048939686 0.49150002
0.18872838 0.049089044 0.49300003
0.19806677 0.049263295 0.49475002
0.2071531 0.049362864 0.49575001
0.2161656 0.049437545 0.49650002
0.2255441 0.049586903 0.49800003
0.23509273 0.049761154 0.49975002
0.24421476 0.049835835 0.50050002
0.25285763 0.049810942 0.50025004
0.26279914 0.050034977 0.5025
0.27227902 0.050159443 0.50375003
0.28110516 0.050159443 0.50375003
0.28993133 0.050159443 0.50375003
0.2994988 0.050283905 0.505
0.30834687 0.050283905 0.505
0.31766599 0.050358586 0.50575
0.32636577 0.050333694 0.50550002
0.33455944 0.050234124 0.50450003
0 0 0
-0 0 0
-0 0 0
-0 0 0
-0.34238219 0.061539248 0.52600002
-0.33189943 0.061305262 0.52400005
-0.32040891 0.060866527 0.52025002
-0.30710521 0.060047567 0.51325005
-0.29535365 0.059491839 0.50850004
-0.28433183 0.059053108 0.50475001
-0.27385083 0.058702126 0.50175005
-0.26321074 0.058292642 0.49825004
-0.25345945 0.058058653 0.49625003
-0.24328502 0.057707667 0.49325001
-0.23416713 0.057590675 0.49225003
-0.22462611 0.057356685 0.49025002
-0.21526532 0.057151943 0.48850003
-0.206389 0.057064198 0.48775002
-0.19753897 0.056976452 0.48700002
-0.1887152 0.056888703 0.48625001
-0.17954715 0.056683965 0.48450002
-0.17105827 0.056683965 0.48450002
-0.16231775 0.056596216 0.48375002
-0.15368301 0.056537721 0.48325002
-0.14491554 0.056420729 0.48225003
-0.13625386 0.056332979 0.48150003
-0.12768482 0.056274485 0.48100004
-0.11919528 0.056245234 0.48075002
-0.1107145 0.056215983 0.48050001
-0.10213605 0.056128241 0.47975004
-0.093632698 0.056069739 0.47925001
-0.085191354 0.056040496 0.47900003
-0.076718666 0.055981994 0.47850001
-0.068299219 0.055952746 0.47825003
-0.059888527 0.055923499 0.47800002
-0.051513541 0.055923499 0.47800002
-0.043115992 0.055894252 0.47775003
-0.034763563 0.055923499 0.47800002
-0.026374774 0.055894252 0.47775003
-0.017985323 0.05583575 0.47725001
-0.0096234744 0.05583575 0.47725001
-0.0012596438 0.055748008 0.47650003
0.0070667472 0.055572513 0.47500002
0.015445869 0.055777255 0.47675002
0.023861356 0.055923499 0.47800002
0.032303784 0.056040496 0.47900003
0.040802497 0.056186739 0.48025003
0.049242526 0.056215983 0.48050001
0.05775132 0.056303732 0.48125002
0.066252016 0.056362227 0.48175001
0.074731462 0.056391478 0.48200002
0.083349101 0.05650847 0.48300001
0.091906741 0.056566972 0.48350003
0.10053379 0.056654714 0.48425001
0.10913086 0.056713216 0.48475003
0.11786676 0.056830209 0.48575002
0.12663771 0.056947205 0.48675004
0.13523543 0.056976452 0.48700002
0.14398952 0.057064198 0.48775002
0.15276989 0.057151943 0.48850003
0.16182421 0.057327434 0.49000001
0.17058335 0.057385933 0.49050003
0.17963398 0.057532176 0.49175003
0.18891978 0.057736918 0.49350002
0.19836703 0.057970908 0.49550003
0.20725757 0.058029406 0.49600002
0.21638329 0.058146399 0.49700001
0.22611022 0.058409639 0.49925002
0.23556314 0.058585126 0.50075001
0.24458072 0.058643628 0.50125003
0.25361583 0.058702126 0.50175005
0.26345289 0.058936115 0.50375003
0.27254927 0.058994614 0.50425005
0.28180268 0.059082355 0.505
0.29079464 0.059111606 0.50525004
0.30009189 0.059199356 0.50600004
0.30880481 0.059170101 0.50575
0.31782305 0.059199356 0.50600004
0.32668859 0.059199356 0.50600004
0.33505681 0.059111606 0.50525004
0 0 0
-0 0 0
-0 0 0
-0.38084233 0.076584332 0.56975001
-0.34579951 0.071409263 0.53125
-0.3328495 0.070636362 0.5255
-0.32117879 0.070098698 0.52150005
-0.30800271 0.069191374 0.51475
-0.29607967 0.068519287 0.50975001
-0.28475431 0.067948014 0.50550002
-0.2746695 0.067645572 0.50325
-0.2638711 0.067141511 0.49950004
-0.25409791 0.066872679 0.49750003
-0.24402487 0.066503026 0.49475002
-0.2348807 0.06636861 0.49375004
-0.2250843 0.066032566 0.49125004
-0.21559583 0.065763734 0.48925003
-0.20691793 0.065730125 0.48900002
-0.19774178 0.065528497 0.48750001
-0.18900628 0.065461293 0.48700002
-0.18019567 0.065360479 0.48625001
-0.17132308 0.065226063 0.48525003
-0.16231775 0.065024436 0.48375002
-0.15384202 0.065024436 0.48375002
-0.14536628 0.065024436 0.48375002
-0.13660757 0.06489002 0.48275003
-0.12781754 0.064721994 0.48150003
-0.11925726 0.06465479 0.48100004
-0.11082971 0.06465479 0.48100004
-0.10224249 0.064553976 0.48025003
-0.093779229 0.064520366 0.48000002
-0.085280277 0.064453162 0.47950003
-0.076838918 0.064419553 0.47925001
-0.068442032 0.064419553 0.47925001
-0.059951168 0.064318739 0.47850001
-0.0514866 0.064217933 0.47775003
-0.043138552 0.064251535 0.47800002
-0.034545381 0.063848279 0.47500002
-0.026071139 0.063478634 0.47225001
-0.015922051 0.056791365 0.42250001
-0.0073146475 0.048759926 0.36275002
-0.0009245759 0.047012497 0.34975001
0.0052665863 0.04758377 0.354
0.011258395 0.046710059 0.34750003
0.016648039 0.044828217 0.33350003
0.030246861 0.060286216 0.44850001
0.040696297 0.064385951 0.47900003
0.049319386 0.064688392 0.48125002
0.057841323 0.064789206 0.48200002
0.066389538 0.06489002 0.48275003
0.074886508 0.064923622 0.48300001
0.083435394 0.064990833 0.48350003
0.092096828 0.065125249 0.48450002
0.1006895 0.065192454 0.48500001
0.1092997 0.065259665 0.48550004
0.11810941 0.065427691 0.48675004
0.12676778 0.065494895 0.48725003
0.13544369 0.065562107 0.48775002
0.14428473 0.065696523 0.48875001
0.1531608 0.065830939 0.48975003
0.1620719 0.065965354 0.49075001
0.17084418 0.066032566 0.49125004
0.17981662 0.066166982 0.49225003
0.18911119 0.066402212 0.49400002
0.19846711 0.066637442 0.49575001
0.2074665 0.066738255 0.49650002
0.21681868 0.066939883 0.49800003
0.22644988 0.067208715 0.5
0.23579837 0.06737674 0.50125003
0.24494669 0.067477554 0.50200003
0.25412127 0.067578368 0.50275004
0.2637144 0.067779996 0.50425005
0.27349517 0.068015225 0.50600004
0.2822212 0.067981616 0.50575
0.29151407 0.068082429 0.50650001
0.30068496 0.068149641 0.50700003
0.30895746 0.068015225 0.50600004
0.31782305 0.068015225 0.50600004
0.32701138 0.068082429 0.50650001
0.33605155 0.068116039 0.50675005
0 0 0
-0 0 0
-0 0 0
-0.37950549 0.086207226 0.56775004
-0.34921682 0.081462219 0.53650004
-0.33300787 0.079829939 0.52575004
-0.32179466 0.079336464 0.52250004
-0.30890024 0.078387454 0.51625001
-0.29709613 0.077666216 0.5115
-0.28559929 0.076982938 0.50700003
-0.27548817 0.076641299 0.50475001
-0.2645314 0.076033935 0.50075001
-0.25435328 0.075616375 0.49800003
-0.24464141 0.075312696 0.49600002
-0.23535641 0.075122893 0.49475002
-0.22565703 0.074781254 0.49250004
-0.21603648 0.074439615 0.49025002
-0.20712949 0.074325733 0.48950002
-0.1979446 0.074097976 0.48800004
-0.18910332 0.073984094 0.48725003
-0.18028831 0.073870212 0.48650002
-0.1714996 0.073756337 0.48575002
-0.1625694 0.073566534 0.48450002
-0.15392153 0.073490612 0.48400003
-0.14551653 0.073528573 0.48425001
-0.1369613 0.073490612 0.48400003
-0.12808299 0.073262855 0.48250002
-0.11956718 0.073224895 0.48225003
-0.11111773 0.073224895 0.48225003
-0.10240216 0.073035099 0.48100004
-0.093974605 0.073035099 0.48100004
-0.085502595 0.072997138 0.48075002
-0.07695917 0.072883256 0.48000002
-0.068442032 0.072769374 0.47925001
-0.059575301 0.07219997 0.47550002
-0.050355025 0.070947289 0.46725002
-0.038445655 0.064683892 0.42600003
-0.025109038 0.052422799 0.34525001
-0.017458968 0.048019439 0.31625003
-0.011494025 0.046311233 0.30500001
-0.0060090004 0.045248352 0.29800001
-0.00078645127 0.045172434 0.29750001
0.0044260155 0.045172434 0.29750001
0.0096060839 0.045020595 0.29650003
0.014763591 0.044906713 0.29575002
0.020366896 0.045855716 0.30200002
0.032752447 0.058534361 0.38550001
0.049191285 0.072883256 0.48000002
0.057691321 0.072997138 0.48075002
0.065461256 0.072275892 0.47600001
0.074925274 0.073376738 0.48325002
0.083521672 0.073490612 0.48400003
0.092191868 0.073642455 0.48500001
0.1008452 0.073756337 0.48575002
0.10969368 0.073984094 0.48725003
0.11835206 0.074060015 0.48775002
0.127093 0.074173898 0.48850003
0.13599907 0.074363694 0.48975003
0.14480135 0.074477576 0.49050003
0.1536299 0.074591458 0.49125004
0.16248472 0.074705333 0.49200001
0.17153972 0.074895136 0.49325001
0.18027323 0.074933097 0.49350002
0.18949401 0.075160861 0.49500003
0.19846711 0.075274736 0.49575001
0.20788436 0.075540461 0.49750003
0.2173629 0.075806178 0.49925002
0.2269028 0.076071903 0.50100005
0.23626879 0.076261692 0.50225002
0.24543461 0.076375574 0.50300002
0.25500584 0.076603338 0.50450003
0.26476035 0.076869056 0.50625002
0.27376539 0.076907016 0.50650001
0.28236073 0.076831102 0.50600004
0.29208964 0.077058859 0.50750005
0.30068496 0.076982938 0.50700003
0.30911011 0.076869056 0.50625002
0.31782305 0.076831102 0.50600004
0.32701138 0.076907016 0.50650001
0.33621731 0.076982938 0.50700003
0 0 0
-0 0 0
-0 0 0
-0.37850282 0.095845044 0.56625003
-0.34758955 0.090386324 0.53400004
-0.3337996 0.08920148 0.52700001
-0.32117879 0.088270545 0.52150005
-0.3083019 0.087212645 0.51525003
-0.29695094 0.086535595 0.51125002
-0.28602177 0.085943177 0.50775003
-0.27535173 0.085393071 0.50450003
-0.26479557 0.084842965 0.50125003
-0.25486401 0.084462121 0.49900001
-0.24538125 0.084208235 0.49750003
-0.23571318 0.083869703 0.49550003
-0.22600067 0.083488859 0.49325001
-0.21658732 0.083192654 0.49150002
-0.20744686 0.082981072 0.49025002
-0.19835022 0.082769498 0.48900002
-0.1893944 0.082600236 0.48800004
-0.18065889 0.082515597 0.48750001
-0.17185266 0.082388654 0.48675004
-0.16307272 0.082261711 0.48600003
-0.15416004 0.08205013 0.48475003
-0.14559165 0.08200781 0.48450002
-0.1369613 0.081923187 0.48400003
-0.12821572 0.081753917 0.48300001
-0.11975312 0.081753917 0.48300001
-0.11129054 0.081753917 0.48300001
-0.10261505 0.081584655 0.48200002
-0.094169974 0.081584655 0.48200002
-0.085591517 0.081457712 0.48125002
-0.076518252 0.080780655 0.47725001
-0.064764656 0.076760672 0.45350003
-0.040593896 0.054841138 0.324
-0.033408362 0.052471459 0.31
-0.027457958 0.051498197 0.30425
-0.021599954 0.050271045 0.29700002
-0.01614782 0.049509361 0.29250002
-0.010938167 0.049128518 0.29025
-0.0057720686 0.048451472 0.28625003
-0.00075538969 0.048366837 0.28575
0.0042698029 0.048578415 0.287
0.0093792966 0.049001575 0.28950003
0.014376718 0.048747681 0.28800002
0.019591335 0.049170837 0.29050002
0.025275882 0.050355677 0.29750001
0.030770175 0.050821152 0.30025002
0.036510833 0.051498197 0.30425
0.048958417 0.060257547 0.35600001
0.074382618 0.081203818 0.47975004
0.08378052 0.08217708 0.48550004
0.092524521 0.082388654 0.48675004
0.10136423 0.082642548 0.48825002
0.11003137 0.082727179 0.48875001
0.11865537 0.082769498 0.48900002
0.12748325 0.082938761 0.49000001
0.13627677 0.083065704 0.49075001
0.14517036 0.083234973 0.49175003
0.154099 0.083404228 0.49275002
0.16289753 0.083488859 0.49325001
0.1718875 0.083658129 0.49425003
0.18109514 0.083912015 0.49575001
0.19016394 0.084081285 0.49675003
0.1991677 0.084208235 0.49750003
0.2086156 0.08450444 0.49925002
0.21779829 0.084673703 0.50025004
0.22758213 0.085054539 0.5025
0.23685682 0.085223809 0.50350004
0.24592255 0.085308433 0.50400001
0.2558904 0.085689276 0.50625002
0.26515257 0.085816227 0.50700003
0.27417076 0.085858539 0.50725001
0.28277925 0.085773915 0.50675005
0.29180184 0.085816227 0.50700003
0.30127802 0.085985489 0.50800002
0.30987337 0.085900865 0.50750005
0.31907925 0.085985489 0.50800002
0.32797983 0.085985489 0.50800002
0 0 0
0 0 0
-0 0 0
-0 0 0
-0.37716594 0.10533727 0.56425005
-0.34726408 0.099596687 0.53350002
-0.33506641 0.098756604 0.52900004
-0.32087085 0.09726312 0.52100003
-0.30800271 0.096096329 0.51475
-0.29709613 0.095489606 0.5115
-0.28559929 0.094649523 0.50700003
-0.27507883 0.094089463 0.50400001
-0.26519176 0.0937161 0.50200003
-0.25499171 0.09320271 0.49925002
-0.24538125 0.092876017 0.49750003
-0.23606996 0.092642657 0.49625003
-0.22657339 0.092315957 0.49450001
-0.21724832 0.092035927 0.49300003
-0.20787001 0.091709234 0.49125004
-0.19865444 0.091429204 0.48975003
-0.18949142 0.091149174 0.48825002
-0.18112212 0.091242515 0.48875001
-0.17229399 0.091102503 0.48800004
-0.16340826 0.090915814 0.48700002
-0.15455757 0.090729132 0.48600003
-0.14574189 0.090542443 0.48500001
-0.13710278 0.090449102 0.48450002
-0.12821572 0.090169072 0.48300001
-0.11975312 0.090169072 0.48300001
-0.11134814 0.090215743 0.48325002
-0.1027215 0.090075731 0.48250002
-0.094121128 0.089935713 0.48175001
-0.081056282 0.085081898 0.45575002
-0.05735863 0.066786721 0.35775003
-0.043343052 0.056659035 0.30350003
-0.03705446 0.055212222 0.29575002
-0.031360753 0.054325465 0.29100001
-0.025788369 0.053345367 0.28575
-0.020418137 0.05241194 0.28075001
-0.015319726 0.051805209 0.2775
-0.010419994 0.051618528 0.27650002
-0.0055603418 0.051478513 0.27575001
-0.00072895439 0.051478513 0.27575001
0.00411731 0.051665194 0.27675
0.0089743175 0.051711868 0.27700001
0.013877526 0.051898558 0.27800003
0.018883213 0.052271925 0.28
0.024320073 0.053438712 0.28625003
0.029642874 0.053998768 0.28925002
0.035400812 0.055072207 0.29500002
0.041566525 0.056425679 0.30225003
0.055893552 0.067300104 0.36050001
0.083607957 0.090449102 0.48450002
0.092762128 0.091102503 0.48800004
0.10162373 0.091382526 0.48950002
0.11031277 0.091475867 0.49000001
0.11908 0.091615885 0.49075001
0.12793855 0.091802575 0.49175003
0.13676272 0.091942586 0.49250004
0.14576079 0.092175946 0.49375004
0.15456811 0.092269287 0.49425003
0.1632278 0.092269287 0.49425003
0.17232221 0.092502639 0.49550003
0.18182574 0.09292268 0.49775001
0.19054675 0.09292268 0.49775001
0.19946796 0.093016028 0.49825004
0.20882453 0.093296051 0.49975002
0.21779829 0.093389399 0.50025004
0.2279218 0.093949452 0.50325
0.23732723 0.094182812 0.50450003
0.24641049 0.094276145 0.505
0.25601673 0.094556175 0.50650001
0.26541409 0.094742872 0.50750005
0.27417076 0.094696194 0.50725001
0.28263974 0.094556175 0.50650001
0.29208964 0.094742872 0.50750005
0.30187106 0.095022894 0.509
0.31094187 0.095069572 0.50925004
0.31986439 0.095069572 0.50925004
0.32894829 0.095116235 0.50950003
0 0 0
0 0 0
-0 0 0
-0 0 0
-0.37733305 0.11521903 0.56450003
-0.34791496 0.10909578 0.5345
-0.33459136 0.10782012 0.52825004
-0.32256448 0.10690162 0.52375001
-0.30949861 0.10557492 0.51725
-0.2981126 0.10475849 0.51325005
-0.28644428 0.10378898 0.50850004
-0.2752153 0.10292152 0.50425005
-0.26558799 0.10261536 0.50275004
-0.25537476 0.10205405 0.5
-0.24562787 0.10164584 0.49800003
-0.23678352 0.10159481 0.49775001
-0.22714613 0.1011866 0.49575001
-0.21779914 0.10088044 0.49425003
-0.20839894 0.10052325 0.49250004
-0.19926287 0.10026811 0.49125004
-0.1897825 0.099808864 0.48900002
-0.18140006 0.099910922 0.48950002
-0.17264704 0.099808864 0.48900002
-0.16349214 0.099451683 0.48725003
-0.15463707 0.099247567 0.48625001
-0.14589216 0.099094495 0.48550004
-0.13724427 0.098992437 0.48500001
-0.12854755 0.09883935 0.48425001
-0.11993908 0.098737299 0.48375002
-0.11146335 0.098737299 0.48375002
-0.1027215 0.098482162 0.48250002
-0.092753515 0.096900322 0.47475001
-0.059936292 0.068784431 0.33700001
-0.047698651 0.060722165 0.29750001
-0.041665025 0.059548542 0.29175001
-0.035613626 0.058017734 0.28425002
-0.0299867 0.056793083 0.27825001
-0.024908453 0.05633384 0.27600002
-0.019963594 0.056027677 0.27450001
-0.015140306 0.055976648 0.27425
-0.010335201 0.055976648 0.27425
-0.0055200127 0.055874594 0.27375001
-0.00072234555 0.055772543 0.27325001
0.004068959 0.055823572 0.27350003
0.0088852225 0.055976648 0.27425
0.013702809 0.056027677 0.27450001
0.018529154 0.056078706 0.27475002
0.023427982 0.056282811 0.27575001
0.028438712 0.056639999 0.2775
0.034110781 0.058017734 0.28425002
0.039881859 0.059191354 0.29000002
0.046009466 0.060569081 0.29675001
0.058499683 0.069192648 0.33900002
0.092714608 0.099553734 0.48775002
0.10193515 0.10021708 0.49100003
0.11070675 0.10037017 0.49175003
0.11944398 0.10047222 0.49225003
0.12813368 0.10052325 0.49250004
0.13717926 0.10082941 0.49400002
0.146056 0.10098249 0.49475002
0.15488082 0.10108455 0.49525002
0.16380574 0.10123762 0.49600002
0.1731047 0.10159481 0.49775001
0.18219104 0.10179892 0.49875003
0.19092958 0.10179892 0.49875003
0.20036872 0.10215611 0.50050002
0.20945132 0.10230919 0.50125003
0.2185602 0.10246228 0.50200003
0.22803505 0.10276844 0.50350004
0.23768005 0.10312562 0.50525004
0.24702042 0.10332973 0.50625002
0.25626948 0.10348281 0.50700003
0.26580629 0.10373794 0.50825
0.27457616 0.10368692 0.50800002
0.28305826 0.10353384 0.50725001
0.29223353 0.1036359 0.50775003
0.30201936 0.10394206 0.50925004
0.31155246 0.10414617 0.51025003
0.31986439 0.10394206 0.50925004
0.32894829 0.10399309 0.50950003
0 0 0
0 0 0
-0 0 0
-0 0 0
-0.37348953 0.12378033 0.55875003
-0.34824044 0.11851897 0.53500003
-0.33490804 0.1171344 0.52875
-0.32302639 0.1161929 0.52450001
-0.31159288 0.11536217 0.52075005
-0.29869342 0.11392222 0.51425004
-0.28728923 0.11298071 0.51000005
-0.27630687 0.11214996 0.50625002
-0.26611623 0.11159614 0.50375003
-0.25499171 0.11059925 0.49925002
-0.24599779 0.11048848 0.49875003
-0.23690245 0.11032233 0.49800003
-0.22760433 0.11004542 0.49675003
-0.21823981 0.10971312 0.49525002
-0.20850472 0.1091593 0.49275002
-0.19976991 0.10910392 0.49250004
-0.19075276 0.10888238 0.49150002
-0.18177065 0.10866085 0.49050003
-0.17282358 0.10843932 0.48950002
-0.16374381 0.10810703 0.48800004
-0.15471657 0.10777473 0.48650002
-0.14604241 0.10766397 0.48600003
-0.13717353 0.10738705 0.48475003
-0.12887937 0.1075532 0.48550004
-0.12012503 0.10733167 0.48450002
-0.11152095 0.1072209 0.48400003
-0.10213605 0.1062794 0.47975004
-0.061396092 0.06961605 0.31425002
-0.052955586 0.065960795 0.29775003
-0.046135418 0.063745484 0.28775001
-0.040094107 0.062194768 0.28075001
-0.03451734 0.061031729 0.2755
-0.02950174 0.060644053 0.27375001
-0.024705393 0.060644053 0.27375001
-0.019854503 0.060477905 0.273
-0.015043695 0.060367141 0.27250001
-0.010259831 0.060311761 0.27225003
-0.0054746433 0.060145613 0.27150002
-0.00071705849 0.060090225 0.27125001
0.0040392042 0.060145613 0.27150002
0.0088285254 0.060367141 0.27250001
0.01362793 0.060477905 0.273
0.018427994 0.060533289 0.27325001
0.02325806 0.060644053 0.27375001
0.028156888 0.060865588 0.27475002
0.033150759 0.061197881 0.27625
0.038403478 0.061862476 0.27925003
0.044769112 0.063967019 0.28875002
0.051079366 0.065573111 0.296
0.06600748 0.076926567 0.34725001
0.095395513 0.10179339 0.45950001
0.11093188 0.1091593 0.49275002
0.1195653 0.1091593 0.49275002
0.12826377 0.10921468 0.49300003
0.13745695 0.10965774 0.49500003
0.14642501 0.10987927 0.49600002
0.15519357 0.10993466 0.49625003
0.16397086 0.10999004 0.49650002
0.17336553 0.1104331 0.49850002
0.18237369 0.11059925 0.49925002
0.19112098 0.11059925 0.49925002
0.20146963 0.11148536 0.50325
0.20986918 0.11126384 0.50225002
0.2193221 0.11159614 0.50375003
0.22826149 0.11165152 0.50400001
0.23768005 0.11192843 0.50525004
0.24689846 0.11209458 0.50600004
0.25677493 0.11253764 0.50800002
0.26646003 0.11286994 0.50950003
0.27511665 0.11275917 0.509
0.28389528 0.11270379 0.50875002
0.29295292 0.11275917 0.509
0.30246416 0.11298071 0.51000005
0.31201041 0.11320224 0.51100004
0.32049251 0.11303609 0.51025003
0 0 0
0 0 0
0 0 0
-0 0 0
-0 0 0
-0.36496693 0.13046858 0.546
-0.34970501 0.12837775 0.53725004
-0.33585814 0.12670507 0.53025001
-0.32302639 0.12533109 0.52450001
-0.3108449 0.12413631 0.51950002
-0.29782218 0.12252338 0.51275003
-0.28771168 0.12204547 0.51075
-0.277262 0.12138835 0.50800002
-0.2670407 0.12079097 0.50550002
-0.25639626 0.11995464 0.50200003
-0.24673763 0.11953647 0.50025004
-0.2371403 0.1191183 0.49850002
-0.22794797 0.11887935 0.49750003
-0.21834998 0.11840144 0.49550003
-0.20892787 0.11798327 0.49375004
-0.20007412 0.11786379 0.49325001
-0.19104384 0.11762483 0.49225003
-0.181678 0.11714693 0.49025002
-0.17273532 0.11690798 0.48925003
-0.16391158 0.11672876 0.48850003
-0.15479608 0.1163106 0.48675004
-0.14626779 0.1163106 0.48675004
-0.13745651 0.11607164 0.48575002
-0.128813 0.11595216 0.48525003
-0.12000106 0.11565347 0.48400003
-0.11157855 0.11571321 0.48425001
-0.087073766 0.097731963 0.40900001
-0.058123585 0.071088649 0.29750001
-0.05095474 0.068460159 0.28650001
-0.044692431 0.066608272 0.27875
-0.039237242 0.065652467 0.27475002
-0.03423544 0.065294035 0.27325001
-0.029367028 0.065114811 0.27250001
-0.02454746 0.064995341 0.27200001
-0.019690868 0.064696647 0.27075002
-0.01490568 0.064517431 0.27000001
-0.01018446 0.06457717 0.27025002
-0.005429273 0.064338215 0.26925001
-0.0007111106 0.064278483 0.26900002
0.0040020109 0.064278483 0.26900002
0.0087313307 0.064397953 0.26950002
0.013478172 0.064517431 0.27000001
0.018276256 0.064756386 0.27100003
0.023151858 0.065114811 0.27250001
0.028003165 0.065294035 0.27325001
0.03285075 0.065413505 0.27375001
0.037784621 0.065652467 0.27475002
0.043179903 0.066548541 0.27850002
0.049526278 0.068579637 0.287
0.056598205 0.071148396 0.29775003
0.065136768 0.074971646 0.31375003
0.097142786 0.10310841 0.43150002
0.11950465 0.11768458 0.49250004
0.12917435 0.11864039 0.49650002
0.13822059 0.11893908 0.49775001
0 0 0
0 0 0
0 0 0
0 0 0
0 0 0
0 0 0
0 0 0
0 0 0
0 0 0
0.2291673 0.12091045 0.50600004
0.23779765 0.12079097 0.50550002
0.24702042 0.12097018 0.50625002
0.25677493 0.12138835 0.50800002
0.26619855 0.1216273 0.509
0.2753869 0.12174679 0.50950003
0.2844533 0.12180652 0.50975001
0.2935285 0.12186626 0.51000005
0.30365029 0.12234417 0.51200002
0.31323156 0.12258312 0.51300001
0.32112062 0.12216495 0.51125002
0 0 0
0 0 0
0 0 0
-0 0 0
-0 0 0
-0.36363009 0.13946861 0.54400003
-0.35035592 0.13799445 0.53825003
-0.33585814 0.13594344 0.53025001
-0.32256448 0.13427699 0.52375001
-0.31054574 0.13305922 0.51900005
-0.29883865 0.13190551 0.51450002
-0.28841585 0.13126458 0.51200002
-0.27712557 0.13017498 0.50775003
-0.26743692 0.12979041 0.50625002
-0.25703469 0.12902129 0.50325
-0.24723086 0.12850854 0.50125003
-0.23749709 0.12799579 0.49925002
-0.22817706 0.12767531 0.49800003
-0.21846014 0.12709846 0.49575001
-0.20903365 0.12664981 0.49400002
-0.19997272 0.12639344 0.49300003
-0.19104384 0.12620115 0.49225003
-0.18195593 0.12588067 0.49100003
-0.17273532 0.12543203 0.48925003
-0.16399546 0.12530383 0.48875001
-0.1551141 0.12504746 0.48775002
-0.14619265 0.12472699 0.48650002
-0.13759799 0.12466289 0.48625001
-0.12887937 0.12447061 0.48550004
-0.12006304 0.12415013 0.48425001
-0.10673983 0.11876624 0.46325001
-0.065464996 0.078835659 0.3075
-0.056365225 0.073964514 0.28850001
-0.049620848 0.071528941 0.27900001
-0.043930858 0.070247062 0.27400002
-0.03895162 0.06992659 0.27275002
-0.034047503 0.069670208 0.27175
-0.02915149 0.069349743 0.2705
-0.024321841 0.069093369 0.26950002
-0.019509049 0.068772897 0.26825002
-0.014753862 0.068516515 0.26725
-0.010061983 0.068452425 0.26700002
-0.0054141497 0.068836987 0.2685
-0.0007111106 0.068965182 0.26900002
0.0040020109 0.068965182 0.26900002
0.0086827334 0.0687088 0.26800001
0.013340894 0.068516515 0.26725
0.018040214 0.068580613 0.26750001
0.022896975 0.069093369 0.26950002
0.027772581 0.069477938 0.27100003
0.032610744 0.069670208 0.27175
0.037543952 0.06999068 0.273
0.042520963 0.070311151 0.27425
0.047886908 0.071144372 0.2775
0.055029996 0.074220896 0.28950003
0.061555542 0.076015525 0.29650003
0.068157539 0.077617876 0.30275002
0.073947288 0.078130625 0.30475003
0.07967703 0.078515187 0.30625001
0 0 0
0 0 0
0 0 0
0 0 0
0 0 0
0 0 0
0 0 0
0 0 0
0 0 0
0 0 0
0 0 0
0 0 0
0 0 0
0 0 0
0 0 0
0 0 0
0.28640643 0.13158506 0.51325005
0.2935285 0.13075183 0.51000005
0.30350202 0.13120049 0.51175004
0.31491071 0.13222599 0.51575005
0 0 0
0 0 0
0 0 0
0 0 0
-0 0 0
-0.39905635 0.15928246 0.58175004
-0.37181845 0.15230058 0.55625004
-0.3501932 0.14730376 0.53800005
-0.33744162 0.1458663 0.53275001
-0.32333434 0.14374438 0.52500004
-0.31039613 0.14203313 0.51875001
-0.29956469 0.14121175 0.51575005
-0.28869751 0.1403219 0.51250005
-0.2780807 0.1395005 0.50950003
-0.26756898 0.13867909 0.50650001
-0.25767314 0.1381315 0.50450003
-0.24747749 0.13737856 0.50175005
-0.23761602 0.13676251 0.49950004
-0.22817706 0.13635181 0.49800003
-0.21868049 0.13587266 0.49625003
-0.20913944 0.13532506 0.49425003
-0.20007412 0.13505127 0.49325001
-0.19114086 0.13484591 0.49250004
-0.18214123 0.13457212 0.49150002
-0.17308837 0.13422987 0.49025002
-0.16416323 0.13395607 0.48925003
-0.1551936 0.13361382 0.48800004
-0.14626779 0.13327157 0.48675004
-0.13766874 0.13320312 0.48650002
-0.12887937 0.13292933 0.48550004
-0.1198771 0.13238172 0.48350003
-0.084504776 0.10041571 0.36675003
-0.062857047 0.080839105 0.29525003
-0.054509178 0.076389864 0.27900001
-0.048776045 0.075089321 0.27425
-0.043770526 0.074747071 0.273
-0.038737405 0.074267924 0.27125001
-0.033796921 0.073857225 0.26975
-0.028882068 0.073378079 0.26800001
-0.024096221 0.073104285 0.26700002
-0.019654505 0.07399413 0.27025002
-0.015209313 0.07543157 0.2755
-0.010495365 0.076252967 0.27850002
-0.0056460407 0.076663665 0.28
-0.00074151123 0.07680057 0.28050002
0.0041693808 0.076732114 0.28025001
0.0090472139 0.07645832 0.27925003
0.013827606 0.075842269 0.27700001
0.018343695 0.074473277 0.27200001
0.022748295 0.07330963 0.26775002
0.027541997 0.073583432 0.26875001
0.032430742 0.07399413 0.27025002
0.037337672 0.07433638 0.27150002
0.042327154 0.074747071 0.273
0.04728293 0.075020872 0.27400002
0.053034086 0.076389864 0.27900001
0.060050387 0.079196304 0.28925002
0.067144461 0.081660494 0.29825002
0.073280007 0.082687236 0.30200002
0.078831479 0.082961038 0.303
0 0 0
0 0 0
0 0 0
0 0 0
0 0 0
0 0 0
0 0 0
0 0 0
0 0 0
0 0 0
0 0 0
0 0 0
0 0 0
0 0 0
0 0 0
0 0 0
0 0 0
0 0 0
0 0 0
0 0 0
0 0 0
0 0 0
0 0 0
0 0 0
-0 0 0
-0.39922783 0.1694909 0.58200002
-0.36630383 0.15958938 0.54800004
-0.35165775 0.15733241 0.54025
-0.33791667 0.15536666 0.53350002
-0.32379624 0.1531097 0.52575004
-0.31039613 0.15107115 0.51875001
-0.29956469 0.15019749 0.51575005
-0.28841585 0.1491054 0.51200002
-0.27794427 0.14830455 0.50925004
-0.26809728 0.14779492 0.50750005
-0.25805622 0.14713965 0.50525004
-0.24772409 0.14626598 0.50225002
-0.23809172 0.14575635 0.50050002
-0.22840615 0.14517391 0.49850002
-0.21868049 0.14451866 0.49625003
-0.20924522 0.14400902 0.49450001
-0.20027694 0.14379062 0.49375004
-0.19133492 0.1435722 0.49300003
-0.18223388 0.14320816 0.49175003
-0.17317665 0.14284414 0.49050003
-0.164331 0.14262572 0.48975003
-0.15527311 0.14218889 0.48825002
-0.1463429 0.14182486 0.48700002
-0.13773949 0.14175206 0.48675004
-0.12887937 0.14138803 0.48550004
-0.11157124 0.13104966 0.45000002
-0.070046216 0.08853133 0.30400002
-0.060621653 0.08292532 0.28475001
-0.053629998 0.079940297 0.27450001
-0.048420347 0.079285055 0.27225003
-0.043489944 0.078993827 0.27125001
-0.038451783 0.078411385 0.26925001
-0.033421054 0.07768333 0.26675001
-0.028909011 0.078120165 0.26825002
-0.024908453 0.080377132 0.27600002
-0.020327229 0.081396401 0.27950001
-0.015457742 0.081542015 0.28
-0.010542471 0.081469215 0.27975002
-0.0056157941 0.081105188 0.27850002
-0.00073424145 0.080886766 0.27775002
0.0041470649 0.081177987 0.27875
0.0090310145 0.081177987 0.27875
0.013939925 0.081323601 0.27925003
0.018832635 0.081323601 0.27925003
0.023597904 0.080886766 0.27775002
0.027849441 0.079139434 0.27175
0.032160737 0.078047357 0.26800001
0.037028238 0.078411385 0.26925001
0.042094592 0.079066634 0.27150002
0.047024082 0.079357855 0.27250001
0.052083656 0.07979469 0.27400002
0.05844143 0.08197885 0.28150001
0.065399721 0.084599838 0.29050002
0.073219337 0.087876081 0.30175
0.078896523 0.088312916 0.30325001
0 0 0
0 0 0
0 0 0
0 0 0
0 0 0
0 0 0
0 0 0
0 0 0
0 0 0
0 0 0
0 0 0
0 0 0
0 0 0
0 0 0
0 0 0
0 0 0
0 0 0
0 0 0
0 0 0
0 0 0
0 0 0
0 0 0
0 0 0
0 0 0
-0 0 0
-0 0 0
-0.36496693 0.16851969 0.546
-0.35230869 0.16705364 0.54125005
-0.33918348 0.16527894 0.53550005
-0.32518193 0.16296409 0.528
-0.31039613 0.16010913 0.51875001
-0.30000028 0.15941468 0.5165
-0.28954247 0.15864308 0.514
-0.2783536 0.15740852 0.51000005
-0.26822934 0.15671407 0.50775003
-0.25792849 0.15586528 0.505
-0.24871056 0.15563381 0.50425005
-0.23856743 0.15478502 0.50150001
-0.22897887 0.1542449 0.49975002
-0.21945165 0.15370478 0.49800003
-0.20977415 0.15301032 0.49575001
-0.20027694 0.15239304 0.49375004
-0.191626 0.15239304 0.49375004
-0.18251182 0.15200724 0.49250004
-0.17317665 0.15138994 0.49050003
-0.16416323 0.15100415 0.48925003
-0.1551936 0.15061834 0.48800004
-0.14641802 0.15038686 0.48725003
-0.13788098 0.15038686 0.48725003
-0.12801664 0.14884363 0.48225003
-0.089504927 0.11142053 0.36100003
-0.067454048 0.090355568 0.29275
-0.058652379 0.085031457 0.2755
-0.053336933 0.084259845 0.273
-0.048153568 0.083565399 0.27075002
-0.043209367 0.083179593 0.26950002
-0.038094755 0.082330823 0.26675001
-0.033734277 0.083102427 0.26925001
-0.029959759 0.085803069 0.27800003
-0.025224321 0.086266033 0.27950001
-0.020327229 0.086266033 0.27950001
-0.015388734 0.086034551 0.27875
-0.010476522 0.085803069 0.27800003
-0.0055603418 0.085108615 0.27575001
-0.00072697172 0.084877133 0.27500001
0.004124749 0.085571587 0.27725002
0.0089986166 0.085725911 0.27775002
0.013877526 0.085803069 0.27800003
0.018782055 0.085957393 0.27850002
0.023704104 0.086111709 0.27900001
0.028592436 0.086111709 0.27900001
0.032940753 0.084722817 0.27450001
0.036787573 0.082562305 0.26750001
0.041745741 0.083102427 0.26925001
0.046765238 0.083642565 0.27100003
0.051893566 0.084259845 0.273
0.057299595 0.085185781 0.27600002
0.064555489 0.088503703 0.28675002
0.071824104 0.091358662 0.296
0.078441232 0.093056209 0.30150002
0 0 0
0 0 0
0 0 0
0 0 0
0 0 0
0 0 0
0 0 0
0 0 0
0 0 0
0 0 0
0 0 0
0 0 0
0 0 0
0 0 0
0 0 0
0 0 0
0 0 0
0 0 0
0 0 0
0 0 0
0 0 0
0 0 0
0 0 0
0 0 0
-0 0 0
-0.39922783 0.18977088 0.58200002
-0.36663803 0.17884764 0.5485
-0.35442418 0.17754339 0.54450005
-0 0 0
-0.32410416 0.17159265 0.52625
-0.31174245 0.16988081 0.52100003
-0.30072635 0.1688211 0.51775002
-0.28926083 0.1674353 0.51350003
-0.27794427 0.16604953 0.50925004
-0.26875758 0.16588649 0.50875002
-0.25882235 0.16523436 0.50675005
-0.24908045 0.16466373 0.505
-0.23904312 0.16384856 0.5025
-0.22909342 0.1630334 0.5
-0.21956182 0.16246279 0.49825004
-0.20977415 0.16164762 0.49575001
-0.20047975 0.16115852 0.49425003
-0.19182004 0.16115852 0.49425003
-0.18214123 0.16026184 0.49150002
-0.17308837 0.15985425 0.49025002
-0.16441488 0.15977272 0.49000001
-0.1551141 0.15903908 0.48775002
-0.14626779 0.15871303 0.48675004
-0.13766874 0.1586315 0.48650002
-0.12011929 0.14754523 0.45250002
-0.076364316 0.10042858 0.30800003
-0.065265104 0.092358418 0.28325
-0.05817337 0.089097753 0.27325001
-0.053092718 0.088608652 0.27175
-0.047975712 0.087956518 0.26975
-0.042808536 0.087059841 0.26700002
-0.038416084 0.087711975 0.26900002
-0.034799244 0.090565056 0.27775002
-0.030040583 0.090891115 0.27875
-0.025134074 0.090809606 0.27850002
-0.020236321 0.090728089 0.27825001
-0.015319726 0.090483539 0.2775
-0.010438836 0.090320505 0.27700001
-0.0055704238 0.090075955 0.27625
-0.00073027617 0.090075955 0.27625
0.00411731 0.090238981 0.27675
0.0089824172 0.090402022 0.27725002
0.013840087 0.090402022 0.27725002
0.018680895 0.090320505 0.27700001
0.023619145 0.09064658 0.27800003
0.028592436 0.09097264 0.27900001
0.033480767 0.09097264 0.27900001
0.037681479 0.089342304 0.27400002
0.041513175 0.087304391 0.26775002
0.046506386 0.087875009 0.26950002
0.051798522 0.088853203 0.27250001
0.056832474 0.089260787 0.27375001
0.063204721 0.091543257 0.28075001
0.070853516 0.095211513 0.29200003
0.077270463 0.096841842 0.29700002
0 0 0
0 0 0
0 0 0
0 0 0
0 0 0
0 0 0
0 0 0
0 0 0
0 0 0
0 0 0
0 0 0
0 0 0
0 0 0
0 0 0
0 0 0
0 0 0
0 0 0
0 0 0
0 0 0
0 0 0
0 0 0
0 0 0
0 0 0
0 0 0
-0 0 0
-0 0 0
-0.36780784 0.18900509 0.55025005
-0.35816693 0.18900509 0.55025005
-0 0 0
-0.32425815 0.18084723 0.52650005
-0.31159288 0.17887215 0.52075005
-0.30000028 0.17741232 0.5165
-0.28996494 0.1768112 0.51475
-0.27876291 0.17543724 0.51075
-0.26849344 0.17457852 0.50825
-0.25869465 0.17397742 0.50650001
-0.24871056 0.17320459 0.50425005
-0.23928098 0.17277521 0.50300002
-0.22932252 0.17191648 0.50050002
-0.21956182 0.17114364 0.49825004
-0.20998573 0.17045666 0.49625003
-0.20047975 0.16976967 0.49425003
-0.191626 0.16959794 0.49375004
-0.18214123 0.16882508 0.49150002
-0.17308837 0.16839571 0.49025002
-0.16424711 0.1681381 0.48950002
-0.15527311 0.16770874 0.48825002
-0.14641802 0.16736525 0.48725003
-0.13766874 0.16710764 0.48650002
-0.12376932 0.16015197 0.46625003
-0.074442811 0.10313272 0.30025002
-0.063709803 0.094974846 0.27650002
-0.058013696 0.093600884 0.27250001
-0.052897349 0.092999779 0.27075002
-0.047664471 0.092055179 0.26800001
-0.042728372 0.091539949 0.26650003
-0.039487161 0.094974846 0.27650002
-0.034924533 0.095747687 0.27875
-0.030013643 0.095661826 0.27850002
-0.025088949 0.095490083 0.27800003
-0.020145411 0.095146589 0.27700001
-0.015236918 0.094803102 0.27600002
-0.010382308 0.094631352 0.2755
-0.0055452185 0.094459608 0.27500001
-0.00072565 0.094287865 0.27450001
0.0040912745 0.094459608 0.27500001
0.0089257201 0.094631352 0.2755
0.013765207 0.094717227 0.27575001
0.018630313 0.09488897 0.27625
0.023576662 0.095318332 0.2775
0.028541194 0.095661826 0.27850002
0.033450764 0.095747687 0.27875
0.038300335 0.095661826 0.27850002
0.04205583 0.093171522 0.27125001
0.04611811 0.09179756 0.26725
0.051513396 0.093085654 0.27100003
0.056624871 0.093686759 0.27275002
0.062079079 0.094717227 0.27575001
0.07024689 0.09944021 0.28950003
0.077725761 0.10261748 0.29875001
0 0 0
0 0 0
0 0 0
0 0 0
0 0 0
0 0 0
0 0 0
0 0 0
0 0 0
0 0 0
0 0 0
0 0 0
0 0 0
0 0 0
0 0 0
0 0 0
0 0 0
0 0 0
0 0 0
0 0 0
0 0 0
0 0 0
0 0 0
0 0 0
-0 0 0
-0 0 0
-0.36697227 0.19814077 0.54900002
-0.35491234 0.19678734 0.54525
-0 0 0
-0.32425815 0.19002026 0.52650005
-0.31204164 0.1882157 0.52150005
-0.3014524 0.18731342 0.51900005
-0.28996494 0.18577953 0.51475
-0.27862647 0.18424566 0.51050001
-0.26849344 0.18343359 0.50825
-0.25843927 0.18262155 0.50600004
-0.2482173 0.18162903 0.50325
-0.23892421 0.18126813 0.50225002
-0.22874978 0.18018539 0.49925002
-0.21912114 0.17946357 0.49725002
-0.20987993 0.17901243 0.49600002
-0.20027694 0.17820038 0.49375004
-0.19152896 0.17811015 0.49350002
-0.18251182 0.17774925 0.49250004
-0.17326491 0.17711765 0.49075001
-0.16407934 0.17648605 0.48900002
-0.15527311 0.17621537 0.48825002
-0.14626779 0.17567401 0.48675004
-0.13745651 0.17531309 0.48575002
-0.11839382 0.16096681 0.44600001
-0.07276924 0.10592771 0.29350001
-0.063191362 0.098980159 0.27425
-0.057800803 0.097987652 0.27150002
-0.052604284 0.097175598 0.26925001
-0.04735323 0.096092865 0.26625001
-0.043610197 0.098168105 0.27200001
-0.039808482 0.10060426 0.27875
-0.034924533 0.10060426 0.27875
-0.029959759 0.10033359 0.27800003
-0.0249987 0.099972665 0.27700001
-0.020036319 0.099431299 0.2755
-0.015112704 0.098799706 0.27375001
-0.010297516 0.098619245 0.27325001
-0.0054847253 0.098168105 0.27200001
-0.00071705849 0.097897425 0.27125001
0.0040392042 0.097987652 0.27150002
0.0088285254 0.098348565 0.27250001
0.013677849 0.098889932 0.27400002
0.018579733 0.099431299 0.2755
0.023491703 0.099792212 0.27650002
0.028464334 0.10024335 0.27775002
0.033450764 0.10060426 0.27875
0.038369097 0.10069449 0.27900001
0.043024857 0.10015312 0.2775
0.046031829 0.096273318 0.26675001
0.051180743 0.097175598 0.26925001
0.056521069 0.098258339 0.27225003
0.061628822 0.098799706 0.27375001
0.069276296 0.10304043 0.28550002
0.077075332 0.10692023 0.29625002
0 0 0
0 0 0
0 0 0
0 0 0
0 0 0
0 0 0
0 0 0
0 0 0
0 0 0
0 0 0
0 0 0
0 0 0
0 0 0
0 0 0
0 0 0
0 0 0
0 0 0
0 0 0
0 0 0
0 0 0
0 0 0
0 0 0
0 0 0
0 0 0
-0 0 0
-0 0 0
-0 0 0
-0 0 0
-0 0 0
-0.32810736 0.20155787 0.53275001
-0.3123408 0.19749078 0.52200001
-0.30217841 0.19682869 0.52025002
-0.29109159 0.19550453 0.51675004
-0.27930874 0.19361286 0.51175004
-0.26888964 0.19257243 0.509
-0.25856695 0.19153202 0.50625002
-0.24834064 0.1904916 0.50350004
-0.23832959 0.18954577 0.50100005
-0.22863524 0.18878908 0.49900001
-0.21934147 0.18831617 0.49775001
-0.21072623 0.18841074 0.49800003
-0.20047975 0.18699199 0.49425003
-0.19152896 0.18670824 0.49350002
-0.18214123 0.18595158 0.49150002
-0.17273532 0.18510032 0.48925003
-0.16391158 0.18481657 0.48850003
-0.15503459 0.18443823 0.48750001
-0.14604241 0.18387073 0.48600003
-0.13717353 0.18339781 0.48475003
-0.10478915 0.14934768 0.39475003
-0.071219638 0.10867668 0.28725001
-0.06301856 0.10347458 0.27350003
-0.057641134 0.10243416 0.27075002
-0.052408915 0.10148832 0.26825002
-0.047308765 0.10063706 0.266
-0.044291604 0.10451499 0.27625
-0.039772782 0.10536625 0.27850002
-0.034830566 0.10517709 0.27800003
-0.029851988 0.10479875 0.27700001
-0.024885889 0.10432583 0.27575001
-0.019872684 0.10337999 0.27325001
-0.014974688 0.10262332 0.27125001
-0.01018446 0.102245 0.27025002
-0.0054242322 0.10177208 0.26900002
-0.00070978876 0.1015829 0.2685
0.0039908527 0.10148832 0.26825002
0.008723231 0.10186666 0.26925001
0.013528092 0.10252874 0.27100003
0.018411133 0.10328541 0.273
0.023343021 0.1039475 0.27475002
0.02831061 0.10451499 0.27625
0.033390764 0.10527167 0.27825001
0.038369097 0.10555542 0.27900001
0.043334946 0.10574459 0.27950001
0.046722092 0.10243416 0.27075002
0.050800569 0.10110998 0.26725
0.056365363 0.10271791 0.27150002
0.061628822 0.10356916 0.27375001
0.068123706 0.1062175 0.28075001
0.07570944 0.11009543 0.29100001
0.082613014 0.11255462 0.29750001
0 0 0
0 0 0
0 0 0
0 0 0
0 0 0
0 0 0
0 0 0
0 0 0
0 0 0
0 0 0
0 0 0
0 0 0
0 0 0
0 0 0
0 0 0
0 0 0
0 0 0
0 0 0
0 0 0
0 0 0
0 0 0
0 0 0
0 0 0
-0 0 0
-0 0 0
-0 0 0
-0 0 0
-0 0 0
-0 0 0
-0.31443501 0.20797054 0.5255
-0.30290449 0.20638753 0.52150005
-0.29165488 0.20490344 0.51775002
-0.27999097 0.20302358 0.51300001
-0.26941794 0.20183633 0.51000005
-0.25933307 0.20094587 0.50775003
-0.24871056 0.19956072 0.50425005
-0.23856743 0.19847238 0.50150001
-0.22886434 0.19768088 0.49950004
-0.21923131 0.19688936 0.49750003
-0.20987993 0.19629571 0.49600002
-0.20058115 0.19570208 0.49450001
-0.19152896 0.19530632 0.49350002
-0.18232651 0.19471268 0.49200001
-0.17291185 0.19382223 0.48975003
-0.16374381 0.19312966 0.48800004
-0.15487558 0.1927339 0.48700002
-0.14611752 0.19243707 0.48625001
-0.1369613 0.19154662 0.48400003
-0.09536542 0.14217587 0.35925001
-0.07016591 0.11199937 0.28300002
-0.062672935 0.10764603 0.27200001
-0.05748146 0.10685452 0.27000001
-0.052115854 0.1055683 0.26675001
-0.047753394 0.10626088 0.2685
-0.044532102 0.10992164 0.27775002
-0.039737079 0.11011952 0.27825001
-0.0347366 0.10972377 0.27725002
-0.029744221 0.10922907 0.27600002
-0.024660271 0.10814074 0.27325001
-0.01972723 0.10734922 0.27125001
-0.014795267 0.106063 0.26800001
-0.010033719 0.10537043 0.26625001
-0.0053234096 0.10447997 0.264
-0.00069392758 0.10388634 0.26250002
0.0039239046 0.10438104 0.26375002
0.0086017372 0.10507361 0.26550001
0.013390814 0.10616194 0.26825002
0.018225674 0.10695346 0.27025002
0.023173099 0.10794286 0.27275002
0.028208129 0.10893225 0.27525002
0.033300761 0.1098227 0.2775
0.038300335 0.11021847 0.27850002
0.043257426 0.11041634 0.27900001
0.047455493 0.10883331 0.27500001
0.05075305 0.10566725 0.26700002
0.056053948 0.10685452 0.27000001
0.061516259 0.10814074 0.27325001
0.067941718 0.11081209 0.28
0.075904571 0.11546224 0.29175001
0.082751863 0.11793572 0.29800001
0 0 0
0 0 0
0 0 0
0 0 0
0 0 0
0 0 0
0 0 0
0 0 0
0 0 0
0 0 0
0 0 0
0 0 0
0 0 0
0 0 0
0 0 0
0 0 0
0 0 0
0 0 0
0 0 0
0 0 0
0 0 0
0 0 0
0 0 0
-0 0 0
-0 0 0
-0 0 0
-0 0 0
-0 0 0
-0 0 0
-0.31383666 0.216713 0.52450001
-0.30188799 0.21475038 0.51975
-0.29095075 0.21340755 0.5165
-0.27999097 0.21196142 0.51300001
-0.26941794 0.2107219 0.51000005
-0.25843927 0.20906916 0.50600004
-0.249697 0.20917246 0.50625002
-0.23868637 0.20731317 0.50175005
-0.22932252 0.20679668 0.50050002
-0.21956182 0.20586702 0.49825004
-0.21040887 0.20545383 0.49725002
-0.20068255 0.20442088 0.49475002
-0.19114086 0.20349124 0.49250004
-0.18204859 0.20297477 0.49125004
-0.17317665 0.20266487 0.49050003
-0.16349214 0.20132203 0.48725003
-0.15471657 0.20101215 0.48650002
-0.14596727 0.20070226 0.48575002
-0.13710278 0.20018579 0.48450002
-0.089591734 0.1394483 0.33750001
-0.069546074 0.11589704 0.28050002
-0.062557727 0.11217842 0.27150002
-0.057375014 0.11135206 0.26950002
-0.05177395 0.10949274 0.26500002
-0.048020177 0.11155865 0.27000001
-0.044532102 0.11476079 0.27775002
-0.039665673 0.11476079 0.27775002
-0.034673952 0.11434761 0.27675
-0.029582568 0.11341795 0.27450001
-0.024502337 0.11217842 0.27150002
-0.019581776 0.11124875 0.26925001
-0.014615847 0.10938945 0.26475
-0.0097793434 0.10722025 0.25950003
-0.0051318477 0.10515435 0.2545
-0.00066683139 0.1042247 0.25225002
0.003763973 0.10453458 0.25300002
0.008285854 0.10567082 0.25575
0.013116258 0.10856308 0.26275
0.018023353 0.1104224 0.26725
0.023045657 0.11207512 0.27125001
0.028080028 0.11321136 0.27400002
0.033150759 0.11414102 0.27625
0.038231574 0.11486409 0.27800003
0.043257426 0.11527727 0.27900001
0.047843769 0.1145542 0.27725002
0.05065801 0.11011252 0.26650003
0.055846345 0.11114547 0.26900002
0.061291136 0.11248831 0.27225003
0.0678204 0.11548385 0.27950001
0.076489948 0.12147496 0.294
0 0 0
0 0 0
0 0 0
0 0 0
0 0 0
0 0 0
0 0 0
0 0 0
0 0 0
0 0 0
0 0 0
0 0 0
0 0 0
0 0 0
0 0 0
0 0 0
0 0 0
0 0 0
0 0 0
0 0 0
0 0 0
0 0 0
0 0 0
0 0 0
-0 0 0
-0 0 0
-0 0 0
-0 0 0
-0 0 0
-0.32502797 0.22725065 0.52775002
-0.31383666 0.22585118 0.52450001
-0.30087155 0.22305226 0.51800001
-0.29165488 0.22294462 0.51775002
-0.28121901 0.22186811 0.51525003
-0.27100274 0.22089925 0.51300001
-0.25856695 0.21799269 0.50625002
-0.24945037 0.21777737 0.50575
-0.23868637 0.21605499 0.50175005
-0.22920798 0.21540909 0.50025004
-0.21967198 0.21465552 0.49850002
-0.20998573 0.21368666 0.49625003
-0.20007412 0.21239485 0.49325001
-0.19065574 0.21153365 0.49125004
-0.18158536 0.21099539 0.49000001
-0.17264704 0.21056479 0.48900002
-0.16349214 0.20981124 0.48725003
-0.15479608 0.20959593 0.48675004
-0.14626779 0.20959593 0.48675004
-0.13717353 0.20873474 0.48475003
-0.096029066 0.15577057 0.36175001
-0.069484085 0.12067644 0.28025001
-0.062442519 0.11669338 0.27100003
-0.057321791 0.11593981 0.26925001
-0.05162742 0.1137868 0.26425001
-0.048242491 0.11680102 0.27125001
-0.044411853 0.11927699 0.27700001
-0.03959427 0.11938464 0.27725002
-0.034611307 0.11895403 0.27625
-0.029393971 0.11744693 0.27275002
-0.024344401 0.11615511 0.26975
-0.019309049 0.11432505 0.26550001
-0.014243206 0.11109553 0.25800002
-0.0094495956 0.10797366 0.25075001
-0.0051016011 0.10894252 0.25300002
-0.00065890077 0.10732776 0.24925001
0.0037156215 0.10754306 0.24975002
0.0081076641 0.10775836 0.25025001
0.012791784 0.11034198 0.25625002
0.017686153 0.11292559 0.26225001
0.022896975 0.11604746 0.26950002
0.028028786 0.11776988 0.27350003
0.033120759 0.11884639 0.27600002
0.038162809 0.11949228 0.2775
0.043179903 0.11992289 0.27850002
0.047886908 0.11949228 0.2775
0.05065801 0.11475566 0.26650003
0.055846345 0.11583216 0.26900002
0.061459977 0.11755457 0.273
0.067699075 0.12013819 0.27900001
0.075514309 0.12498247 0.29025
0 0 0
0 0 0
0 0 0
0 0 0
0 0 0
0 0 0
0 0 0
0 0 0
0 0 0
0 0 0
0 0 0
0 0 0
0 0 0
0 0 0
0 0 0
0 0 0
0 0 0
0 0 0
0 0 0
0 0 0
0 0 0
0 0 0
0 0 0
0 0 0
-0 0 0
-0 0 0
-0 0 0
-0 0 0
-0 0 0
-0 0 0
-0.31548217 0.23622146 0.52725005
-0.30624428 0.23622146 0.52725005
-0.29221821 0.23241323 0.51875001
-0.28108257 0.23073316 0.51500005
-0.26955 0.22860502 0.51025003
-0.25895002 0.22714894 0.50700003
-0.24883385 0.22602887 0.50450003
-0.23880528 0.22490881 0.50200003
-0.22920798 0.22412477 0.50025004
-0.21934147 0.2230047 0.49775001
-0.20935102 0.22166063 0.49475002
-0.19976991 0.22065257 0.49250004
-0.19065574 0.22009254 0.49125004
-0.18158536 0.21953249 0.49000001
-0.17282358 0.21930848 0.48950002
-0.16374381 0.21863645 0.48800004
-0.1551141 0.21852444 0.48775002
-0.14656827 0.21852444 0.48775002
-0.13766874 0.21796441 0.48650002
-0.079637095 0.13440765 0.30000001
-0.069422103 0.12544714 0.28
-0.062557727 0.12163893 0.27150002
-0.057321791 0.12063087 0.26925001
-0.051822796 0.11883877 0.26525003
-0.048286956 0.12163893 0.27150002
-0.044371769 0.12399106 0.27675
-0.03952286 0.12399106 0.27675
-0.034486018 0.12331902 0.27525002
-0.029420912 0.12231096 0.273
-0.024276717 0.12051887 0.26900002
-0.019145414 0.11794272 0.26325002
-0.013884365 0.11267842 0.25150001
-0.0094590178 0.11245441 0.25100002
-0.0052024233 0.11559059 0.25800002
-0.00065097015 0.11032628 0.24625002
0.0036970247 0.11133434 0.2485
0 0 0
0.012292593 0.11032628 0.24625002
0.017315233 0.11503056 0.25675002
0.022812014 0.12029485 0.2685
0.027849441 0.12175093 0.27175
0.033030756 0.12331902 0.27525002
0.038094047 0.12410307 0.27700001
0.043063618 0.12443909 0.27775002
0.047843769 0.12421508 0.27725002
0.050800569 0.11973482 0.26725
0.055898242 0.12063087 0.26925001
0.061347414 0.12208695 0.27250001
0.067517087 0.1246631 0.27825001
0.074863888 0.12891933 0.28775001
0 0 0
0 0 0
0 0 0
0 0 0
0 0 0
0 0 0
0 0 0
0 0 0
0 0 0
0 0 0
0 0 0
0 0 0
0 0 0
0 0 0
0 0 0
0 0 0
0 0 0
0 0 0
0 0 0
0 0 0
0 0 0
0 0 0
0 0 0
0 0 0
-0 0 0
-0 0 0
-0 0 0
-0 0 0
-0 0 0
-0 0 0
-0 0 0
-0 0 0
-0 0 0
-0 0 0
-0.27087069 0.23865856 0.51275003
-0.25971615 0.23668042 0.50850004
-0.24908045 0.23505132 0.505
-0.23904312 0.2338877 0.5025
-0.22852069 0.23214228 0.49875003
-0.21890081 0.23121139 0.49675003
-0.20987993 0.2308623 0.49600002
-0.1996685 0.22911687 0.49225003
-0.19075276 0.22876778 0.49150002
-0.18177065 0.22830234 0.49050003
-0.17282358 0.22783689 0.48950002
-0.16416323 0.22772053 0.48925003
-0.15543211 0.2274878 0.48875001
-0.14701903 0.22772053 0.48925003
-0.13809322 0.22713873 0.48800004
-0.09463542 0.16593228 0.35650003
-0.070351869 0.13207093 0.28375003
-0.062730536 0.12671828 0.27225003
-0.057428233 0.12555465 0.26975
-0.051822796 0.12346014 0.26525003
-0.048064642 0.12578738 0.27025002
-0.044331688 0.12869643 0.27650002
-0.039451458 0.12858006 0.27625
-0.03451734 0.12823097 0.2755
-0.029393971 0.12695099 0.27275002
-0.024254154 0.1250892 0.26875001
-0.018909052 0.12101653 0.26000002
-0.013760151 0.11601296 0.24925001
-0 0 0
-0.0044664214 0.10309678 0.22150001
-0.00058818626 0.10356222 0.22250001
0 0 0
0 0 0
0.012579627 0.11729294 0.252
0.017028611 0.11752566 0.2525
0.022599611 0.12380921 0.266
0.027772581 0.12613647 0.27100003
0.033000752 0.12799825 0.27500001
0.037990905 0.12858006 0.27625
0.042908572 0.12881278 0.27675
0.047714345 0.12869643 0.27650002
0.05075305 0.12427467 0.26700002
0.055846345 0.12520556 0.26900002
0.061459977 0.12706736 0.273
0.068002388 0.13044186 0.28025001
0.075124063 0.13439818 0.28875002
0 0 0
0 0 0
0 0 0
0 0 0
0 0 0
0 0 0
0 0 0
0 0 0
0 0 0
0 0 0
0 0 0
0 0 0
0 0 0
0 0 0
0 0 0
0 0 0
0.32909533 0.27449808 0.58975005
0 0 0
0 0 0
0 0 0
0 0 0
0 0 0
0 0 0
0 0 0
-0 0 0
-0 0 0
-0 0 0
-0 0 0
-0 0 0
-0 0 0
-0 0 0
-0 0 0
-0 0 0
-0 0 0
-0.27047446 0.24722987 0.51200002
-0.2592054 0.24505697 0.50750005
-0.24908045 0.24384975 0.505
-0.23916207 0.24276333 0.50275004
-0.22806251 0.24034895 0.49775001
-0.21890081 0.23986609 0.49675003
-0.20977415 0.23938321 0.49575001
-0.20017552 0.23829676 0.49350002
-0.19065574 0.2372103 0.49125004
-0.18158536 0.2366067 0.49000001
-0.17264704 0.23612384 0.48900002
-0.16424711 0.23636527 0.48950002
-0.15551162 0.23612384 0.48900002
-0.14716928 0.236486 0.48975003
-0.13844694 0.23624456 0.48925003
-0.12211021 0.22212058 0.46000001
-0.071157649 0.13858393 0.287
-0.062672935 0.13134088 0.27200001
-0.057268567 0.12989226 0.26900002
-0.05196932 0.12844364 0.266
-0.047886785 0.13001297 0.26925001
-0.044251524 0.13327235 0.27600002
-0.039344348 0.13303091 0.2755
-0.034423374 0.13266876 0.27475002
-0.029367028 0.1315823 0.27250001
-0.024299277 0.13001297 0.26925001
-0.018872688 0.125305 0.25950003
-0.01392577 0.12180417 0.25225002
-0 0 0
-0 0 0
-0 0 0
0 0 0
0 0 0
0 0 0
0.017062334 0.12216633 0.25300002
0.022705812 0.12904723 0.26725
0.027823823 0.13109943 0.27150002
0.032910753 0.13242732 0.27425
0.037853383 0.13291021 0.27525002
0.042831052 0.13339306 0.27625
0.047326069 0.13242732 0.27425
0.05075305 0.12892652 0.26700002
0.055846345 0.12989226 0.26900002
0.061628822 0.13218589 0.27375001
0.068790995 0.13689388 0.28350002
0.075514309 0.14015326 0.29025
0 0 0
0 0 0
0 0 0
0 0 0
0 0 0
0 0 0
0 0 0
0 0 0
0 0 0
0 0 0
0 0 0
0 0 0
0 0 0
0 0 0
0 0 0
0 0 0
0 0 0
0 0 0
0 0 0
0 0 0
0 0 0
0 0 0
0 0 0
0 0 0
-0 0 0
-0 0 0
-0 0 0
-0 0 0
-0 0 0
-0 0 0
-0 0 0
-0 0 0
-0 0 0
-0 0 0
-0 0 0
-0 0 0
-0.24846393 0.25202286 0.50375003
-0.23880528 0.25114736 0.50200003
-0.22886434 0.24989662 0.49950004
-0.21890081 0.24852081 0.49675003
-0.20956258 0.24777035 0.49525002
-0.20027694 0.24701993 0.49375004
-0.19036466 0.24539398 0.49050003
-0.18121478 0.24464352 0.48900002
-0.17291185 0.24501875 0.48975003
-0.16441488 0.24514382 0.49000001
-0.15551162 0.24464352 0.48900002
-0.14709415 0.24489367 0.48950002
-0.13865916 0.24514382 0.49000001
-0.12960938 0.24426831 0.48825002
-0.069794007 0.14083262 0.28150001
-0.062960953 0.1367052 0.27325001
-0.057428233 0.13495417 0.26975
-0.051920481 0.132953 0.26575002
-0.047264304 0.132953 0.26575002
-0.04421144 0.13795593 0.27575001
-0.039237242 0.13745564 0.27475002
-0.034329407 0.13708043 0.27400002
-0.029232318 0.13570462 0.27125001
-0.024412088 0.1353294 0.2705
-0.019563595 0.13457896 0.26900002
-0.014118991 0.12795006 0.25575
-0 0 0
-0 0 0
-0 0 0
0 0 0
0 0 0
0 0 0
0.017703013 0.13132705 0.26250002
0.023385502 0.13770579 0.27525002
0.027951924 0.13645506 0.27275002
0.032910753 0.1372055 0.27425
0.037853383 0.13770579 0.27525002
0.042908572 0.13845623 0.27675
0.046808373 0.13570462 0.27125001
0.050800569 0.13370344 0.26725
0.056105852 0.13520433 0.27025002
0.061741386 0.1372055 0.27425
0.069579609 0.14345917 0.28675002
0.075384229 0.14496005 0.28975001
0 0 0
0 0 0
0 0 0
0 0 0
0 0 0
0 0 0
0 0 0
0 0 0
0 0 0
0 0 0
0 0 0
0 0 0
0 0 0
0 0 0
0 0 0
0 0 0
0 0 0
0 0 0
0 0 0
0 0 0
0 0 0
0 0 0
0 0 0
0 0 0
