# .PCD v0.7 - Point Cloud Data file format
VERSION 0.7
FIELDS x y z
SIZE 4 4 4
TYPE F F F
COUNT 1 1 1
WIDTH 4800
HEIGHT 1
VIEWPOINT 0 0 0 1 0 0 0
POINTS 4800
DATA ascii
-0 -0 0
-0 -0 0
-0 -0 0
-0 -0 0
-0 -0 0
-0 -0 0
-0 -0 0
-0 -0 0
-0 -0 0
-0 -0 0
-0 -0 0
-0 -0 0
-0 -0 0
-0 -0 0
-0 -0 0
-0 -0 0
-0 -0 0
-0 -0 0
-0 -0 0
-0 -0 0
-0 -0 0
-0 -0 0
-0 -0 0
-0 -0 0
-0 -0 0
-0 -0 0
-0 -0 0
-0 -0 0
-0 -0 0
-0 -0 0
-0 -0 0
-0 -0 0
-0 -0 0
-0 -0 0
-0 -0 0
-0 -0 0
-0 -0 0
-0 -0 0
-0 -0 0
-0 -0 0
-0 -0 0
0 -0 0
0 -0 0
0 -0 0
0 -0 0
0 -0 0
0 -0 0
0 -0 0
0 -0 0
0 -0 0
0 -0 0
0 -0 0
0 -0 0
0 -0 0
0 -0 0
0 -0 0
0 -0 0
0 -0 0
0 -0 0
0 -0 0
0 -0 0
0 -0 0
0 -0 0
0 -0 0
0 -0 0
0 -0 0
0 -0 0
0 -0 0
0 -0 0
0 -0 0
0 -0 0
0 -0 0
0 -0 0
0 -0 0
0 -0 0
0 -0 0
0 -0 0
0 -0 0
0 -0 0
0 -0 0
-0 -0 0
-0 -0 0
-0 -0 0
-0 -0 0
-0 -0 0
-0 -0 0
-0 -0 0
-0 -0 0
-0 -0 0
-0 -0 0
-0 -0 0
-0 -0 0
-0 -0 0
-0 -0 0
-0 -0 0
-0 -0 0
-0 -0 0
-0 -0 0
-0 -0 0
-0 -0 0
-0 -0 0
-0 -0 0
-0 -0 0
-0 -0 0
-0 -0 0
-0 -0 0
-0 -0 0
-0 -0 0
-0 -0 0
-0 -0 0
-0 -0 0
-0 -0 0
-0 -0 0
-0 -0 0
-0 -0 0
-0 -0 0
-0 -0 0
-0 -0 0
-0 -0 0
-0 -0 0
-0 -0 0
0 -0 0
0 -0 0
0 -0 0
0 -0 0
0 -0 0
0 -0 0
0 -0 0
0 -0 0
0 -0 0
0 -0 0
0 -0 0
0 -0 0
0 -0 0
0 -0 0
0 -0 0
0 -0 0
0 -0 0
0 -0 0
0 -0 0
0 -0 0
0 -0 0
0 -0 0
0 -0 0
0 -0 0
0 -0 0
0 -0 0
0 -0 0
0 -0 0
0 -0 0
0 -0 0
0 -0 0
0 -0 0
0 -0 0
0 -0 0
0 -0 0
0 -0 0
0 -0 0
0 -0 0
0 -0 0
-0 -0 0
-0 -0 0
-0 -0 0
-0 -0 0
-0 -0 0
-0 -0 0
-0 -0 0
-0 -0 0
-0 -0 0
-0 -0 0
-0 -0 0
-0 -0 0
-0 -0 0
-0 -0 0
-0 -0 0
-0 -0 0
-0 -0 0
-0 -0 0
-0 -0 0
-0 -0 0
-0 -0 0
-0 -0 0
-0 -0 0
-0 -0 0
-0 -0 0
-0 -0 0
-0 -0 0
-0 -0 0
-0 -0 0
-0 -0 0
-0 -0 0
-0 -0 0
-0 -0 0
-0 -0 0
-0 -0 0
-0 -0 0
-0 -0 0
-0 -0 0
-0 -0 0
-0 -0 0
-0 -0 0
0 -0 0
0 -0 0
0 -0 0
0 -0 0
0 -0 0
0 -0 0
0 -0 0
0 -0 0
0 -0 0
0 -0 0
0 -0 0
0 -0 0
0 -0 0
0 -0 0
0 -0 0
0 -0 0
0 -0 0
0 -0 0
0 -0 0
0 -0 0
0 -0 0
0 -0 0
0 -0 0
0 -0 0
0 -0 0
0 -0 0
0 -0 0
0 -0 0
0 -0 0
0 -0 0
0 -0 0
0 -0 0
0 -0 0
0 -0 0
0 -0 0
0 -0 0
0 -0 0
0 -0 0
0 -0 0
-0 -0 0
-0 -0 0
-0 -0 0
-0 -0 0
-0 -0 0
-0 -0 0
-0 -0 0
-0 -0 0
-0 -0 0
-0 -0 0
-0 -0 0
-0 -0 0
-0 -0 0
-0 -0 0
-0 -0 0
-0 -0 0
-0 -0 0
-0 -0 0
-0 -0 0
-0 -0 0
-0 -0 0
-0 -0 0
-0 -0 0
-0 -0 0
-0 -0 0
-0 -0 0
-0 -0 0
-0 -0 0
-0 -0 0
-0 -0 0
-0 -0 0
-0 -0 0
-0 -0 0
-0 -0 0
-0 -0 0
-0 -0 0
-0 -0 0
-0 -0 0
-0 -0 0
-0 -0 0
-0 -0 0
0 -0 0
0 -0 0
0 -0 0
0 -0 0
0 -0 0
0 -0 0
0 -0 0
0 -0 0
0 -0 0
0 -0 0
0 -0 0
0 -0 0
0 -0 0
0 -0 0
0 -0 0
0 -0 0
0 -0 0
0 -0 0
0 -0 0
0 -0 0
0 -0 0
0 -0 0
0 -0 0
0 -0 0
0 -0 0
0 -0 0
0 -0 0
0 -0 0
0 -0 0
0 -0 0
0 -0 0
0 -0 0
0 -0 0
0 -0 0
0 -0 0
0 -0 0
0 -0 0
0 -0 0
0 -0 0
-0 -0 0
-0 -0 0
-0 -0 0
-0 -0 0
-0 -0 0
-0 -0 0
-0 -0 0
-0 -0 0
-0 -0 0
-0 -0 0
-0 -0 0
-0 -0 0
-0 -0 0
-0 -0 0
-0 -0 0
-0 -0 0
-0 -0 0
-0 -0 0
-0 -0 0
-0 -0 0
-0 -0 0
-0 -0 0
-0 -0 0
-0 -0 0
-0 -0 0
-0 -0 0
-0 -0 0
-0 -0 0
-0 -0 0
-0 -0 0
-0 -0 0
-0 -0 0
-0 -0 0
-0 -0 0
-0 -0 0
-0 -0 0
-0 -0 0
-0 -0 0
-0 -0 0
-0 -0 0
-0 -0 0
0 -0 0
0 -0 0
0 -0 0
0 -0 0
0 -0 0
0 -0 0
0 -0 0
0 -0 0
0 -0 0
0 -0 0
0 -0 0
0 -0 0
0 -0 0
0 -0 0
0 -0 0
0 -0 0
0 -0 0
0 -0 0
0 -0 0
0 -0 0
0 -0 0
0 -0 0
0 -0 0
0 -0 0
0 -0 0
0 -0 0
0 -0 0
0 -0 0
0 -0 0
0 -0 0
0 -0 0
0 -0 0
0 -0 0
0 -0 0
0 -0 0
0 -0 0
0 -0 0
0 -0 0
0 -0 0
-0.38040647 -0.23821698 0.54075003
-0 -0 0
-0 -0 0
-0 -0 0
-0 -0 0
-0 -0 0
-0 -0 0
-0 -0 0
-0 -0 0
-0 -0 0
-0 -0 0
-0 -0 0
-0 -0 0
-0 -0 0
-0 -0 0
-0 -0 0
-0 -0 0
-0 -0 0
-0 -0 0
-0 -0 0
-0.18747564 -0.2339218 0.53100002
-0.18094026 -0.23755617 0.53925002
-0 -0 0
-0 -0 0
-0 -0 0
-0 -0 0
-0 -0 0
-0 -0 0
-0 -0 0
-0 -0 0
-0 -0 0
-0 -0 0
-0 -0 0
-0 -0 0
-0 -0 0
-0 -0 0
-0 -0 0
-0 -0 0
-0 -0 0
-0 -0 0
-0 -0 0
0 -0 0
0 -0 0
0 -0 0
0 -0 0
0 -0 0
0 -0 0
0 -0 0
0 -0 0
0 -0 0
0 -0 0
0 -0 0
0 -0 0
0 -0 0
0 -0 0
0 -0 0
0 -0 0
0 -0 0
0 -0 0
0 -0 0
0 -0 0
0 -0 0
0 -0 0
0 -0 0
0 -0 0
0 -0 0
0 -0 0
0 -0 0
0 -0 0
0 -0 0
0 -0 0
0 -0 0
0 -0 0
0 -0 0
0 -0 0
0 -0 0
0 -0 0
0 -0 0
0 -0 0
0 -0 0
-0 -0 0
-0 -0 0
-0 -0 0
-0 -0 0
-0 -0 0
-0 -0 0
-0 -0 0
-0 -0 0
-0 -0 0
-0 -0 0
-0 -0 0
-0 -0 0
-0 -0 0
-0 -0 0
-0 -0 0
-0 -0 0
-0 -0 0
-0 -0 0
-0 -0 0
-0.19381456 -0.22128549 0.523
-0.18924093 -0.2267859 0.53600001
-0.18161134 -0.22900723 0.54125005
-0 -0 0
-0 -0 0
-0 -0 0
-0 -0 0
-0 -0 0
-0 -0 0
-0 -0 0
-0.10545279 -0.22837256 0.53975004
-0.095417872 -0.22699746 0.53650004
-0.086138152 -0.2273148 0.53725004
-0 -0 0
-0 -0 0
-0 -0 0
-0 -0 0
-0 -0 0
-0 -0 0
-0 -0 0
-0 -0 0
-0 -0 0
0 -0 0
0 -0 0
0 -0 0
0 -0 0
0 -0 0
0 -0 0
0 -0 0
0 -0 0
0 -0 0
0 -0 0
0 -0 0
0 -0 0
0 -0 0
0 -0 0
0 -0 0
0 -0 0
0 -0 0
0 -0 0
0 -0 0
0 -0 0
0 -0 0
0 -0 0
0 -0 0
0 -0 0
0 -0 0
0 -0 0
0 -0 0
0 -0 0
0 -0 0
0 -0 0
0 -0 0
0 -0 0
0 -0 0
0 -0 0
0 -0 0
0 -0 0
0 -0 0
0 -0 0
0 -0 0
-0 -0 0
-0 -0 0
-0 -0 0
-0 -0 0
-0 -0 0
-0 -0 0
-0 -0 0
-0 -0 0
-0 -0 0
-0 -0 0
-0.2859264 -0.21957721 0.54125005
-0.27631548 -0.21947578 0.54100001
-0 -0 0
-0 -0 0
-0 -0 0
-0 -0 0
-0 -0 0
-0.21183722 -0.21186917 0.52225
-0.20394826 -0.21318765 0.5255
-0.19585277 -0.2144047 0.52850002
-0.19065319 -0.21907009 0.54000002
-0.18228242 -0.22038856 0.54325002
-0 -0 0
-0 -0 0
-0 -0 0
-0 -0 0
-0 -0 0
-0 -0 0
-0 -0 0
-0.10540394 -0.21886724 0.5395
-0.095640182 -0.21815729 0.53775001
-0.086458817 -0.21876583 0.53925002
-0.077010676 -0.21876583 0.53925002
-0.067593843 -0.21886724 0.5395
-0.058114387 -0.21876583 0.53925002
-0.048553433 -0.21825872 0.53800005
-0.038999919 -0.21754879 0.53625005
-0 -0 0
-0 -0 0
-0 -0 0
-0 -0 0
0 -0 0
0 -0 0
0 -0 0
0 -0 0
0 -0 0
0 -0 0
0 -0 0
0 -0 0
0 -0 0
0 -0 0
0 -0 0
0 -0 0
0 -0 0
0 -0 0
0 -0 0
0 -0 0
0 -0 0
0 -0 0
0 -0 0
0 -0 0
0 -0 0
0 -0 0
0 -0 0
0 -0 0
0 -0 0
0 -0 0
0 -0 0
0 -0 0
0 -0 0
0 -0 0
0 -0 0
0 -0 0
0 -0 0
0 -0 0
0 -0 0
0 -0 0
0 -0 0
0 -0 0
0 -0 0
-0 -0 0
-0 -0 0
-0 -0 0
-0 -0 0
-0 -0 0
-0 -0 0
-0 -0 0
-0 -0 0
-0 -0 0
-0 -0 0
-0.28447363 -0.20907944 0.53850001
-0.27720931 -0.21072955 0.54275
-0 -0 0
-0 -0 0
-0 -0 0
-0 -0 0
-0 -0 0
-0.21366253 -0.20451736 0.52675003
-0.20501556 -0.20509976 0.52825004
-0.19798362 -0.20742933 0.53425002
-0.19233023 -0.2115061 0.54475003
-0.18286961 -0.21160315 0.54500002
-0 -0 0
-0 -0 0
-0 -0 0
-0.14347951 -0.20985599 0.54050004
-0.13425739 -0.21024424 0.54150003
-0.12459701 -0.20995304 0.54075003
-0.10873576 -0.19830514 0.51075
-0.10559932 -0.20985599 0.54050004
-0.096351594 -0.2103413 0.54175001
-0.086739391 -0.21005011 0.54100001
-0.077260591 -0.21005011 0.54100001
-0.068001039 -0.21072955 0.54275
-0.058356866 -0.21024424 0.54150003
-0.048824176 -0.21005011 0.54100001
-0.039290823 -0.20975891 0.54025
-0.029783756 -0.20946771 0.5395
-0.020312393 -0.20927359 0.53900003
-0.010903916 -0.20995304 0.54075003
-0.001422882 -0.20898239 0.53825003
0.014546342 -0.37962383 0.97775006
0.038813114 -0.4651387 1.1980001
0.059728272 -0.46455631 1.1965001
0 -0 0
0 -0 0
0 -0 0
0 -0 0
0 -0 0
0 -0 0
0 -0 0
0 -0 0
0 -0 0
0 -0 0
0 -0 0
0 -0 0
0 -0 0
0 -0 0
0 -0 0
0 -0 0
0 -0 0
0 -0 0
0 -0 0
0 -0 0
0 -0 0
0 -0 0
0 -0 0
0 -0 0
0 -0 0
0 -0 0
0 -0 0
0 -0 0
0 -0 0
0 -0 0
0 -0 0
0 -0 0
0 -0 0
0 -0 0
0 -0 0
0 -0 0
-0 -0 0
-0 -0 0
-0 -0 0
-0 -0 0
-0 -0 0
-0 -0 0
-0 -0 0
-0 -0 0
-0 -0 0
-0 -0 0
-0 -0 0
-0 -0 0
-0 -0 0
-0 -0 0
-0 -0 0
-0 -0 0
-0 -0 0
-0.21467659 -0.19626707 0.52925003
-0.20579176 -0.1966379 0.53025001
-0.19965126 -0.19979006 0.53875005
-0.19303635 -0.20275676 0.54675001
-0.18379237 -0.20312762 0.54775006
-0.17387725 -0.20275676 0.54675001
-0.16354644 -0.20182967 0.54425001
-0.15429369 -0.2022005 0.54525
-0.14460769 -0.20201509 0.54475003
-0.13531111 -0.20238593 0.54575002
-0.1229265 -0.19784313 0.53350002
-0.10575525 -0.18421477 0.49675003
-0.098712407 -0.18736692 0.50525004
-0.094795391 -0.19765773 0.53300005
-0.087180309 -0.20164426 0.54375005
-0.077653326 -0.20164426 0.54375005
-0.068408228 -0.20247863 0.546
-0.058760997 -0.2022005 0.54525
-0.049094919 -0.20173696 0.54400003
-0.039581731 -0.20182967 0.54425001
-0.030073591 -0.20201509 0.54475003
-0.020500818 -0.20173696 0.54400003
-0.010964409 -0.20164426 0.54375005
-0.001434117 -0.2011807 0.54250002
0.0080449339 -0.20053174 0.54075003
0.017600354 -0.20145883 0.54325002
0.027081143 -0.2011807 0.54250002
0.036603086 -0.2012734 0.54275
0 -0 0
0 -0 0
0 -0 0
0 -0 0
0 -0 0
0 -0 0
0 -0 0
0 -0 0
0 -0 0
0 -0 0
0 -0 0
0 -0 0
0 -0 0
0 -0 0
0 -0 0
0 -0 0
0 -0 0
0 -0 0
0 -0 0
0 -0 0
0 -0 0
0 -0 0
0 -0 0
0 -0 0
0 -0 0
0 -0 0
0 -0 0
0 -0 0
0 -0 0
0 -0 0
0 -0 0
0 -0 0
0 -0 0
0 -0 0
0 -0 0
-0 -0 0
-0 -0 0
-0 -0 0
-0 -0 0
-0 -0 0
-0 -0 0
-0 -0 0
-0 -0 0
-0 -0 0
-0 -0 0
-0 -0 0
-0 -0 0
-0 -0 0
-0 -0 0
-0 -0 0
-0 -0 0
-0.22617102 -0.18890157 0.5345
-0.21548784 -0.18775296 0.53125
-0.20656797 -0.18810639 0.53225005
-0.20196739 -0.19261245 0.54500002
-0.1941838 -0.19437954 0.55000001
-0.18396012 -0.19376107 0.54825002
-0.17395677 -0.19331931 0.54700005
-0.16422258 -0.19314258 0.54650003
-0.1535155 -0.1917289 0.54250002
-0.14507224 -0.19314258 0.54650003
-0.13562104 -0.19331931 0.54700005
-0.12050714 -0.18483727 0.523
-0.10580847 -0.17564842 0.49700001
-0.096905202 -0.17529501 0.49600002
-0.088526085 -0.17591348 0.49775001
-0.083612934 -0.18430716 0.52150005
-0.07758192 -0.19199398 0.54325002
-0.068502195 -0.19323093 0.54675001
-0.058922652 -0.19323093 0.54675001
-0.049320541 -0.19314258 0.54650003
-0.039799914 -0.19340765 0.54725003
-0.030184001 -0.19323093 0.54675001
-0.020557348 -0.19278917 0.54550004
-0.011014821 -0.19305423 0.54625005
-0.0014413866 -0.1927008 0.54525
0.0081156017 -0.19278917 0.54550004
0.017689448 -0.19296587 0.546
0.027193461 -0.19252411 0.54475003
0.036687389 -0.19225904 0.54400003
0.046197519 -0.19217069 0.54375005
0.055622019 -0.19181725 0.54275
0.065161489 -0.19190563 0.54300004
0.074606575 -0.1917289 0.54250002
0 -0 0
0 -0 0
0 -0 0
0 -0 0
0 -0 0
0 -0 0
0 -0 0
0 -0 0
0 -0 0
0 -0 0
0 -0 0
0 -0 0
0 -0 0
0 -0 0
0 -0 0
0 -0 0
0 -0 0
0 -0 0
0 -0 0
0 -0 0
0 -0 0
0 -0 0
0 -0 0
0 -0 0
0 -0 0
0 -0 0
0 -0 0
0 -0 0
0 -0 0
0 -0 0
0 -0 0
-0 -0 0
-0 -0 0
-0 -0 0
-0 -0 0
-0 -0 0
-0 -0 0
-0 -0 0
-0 -0 0
-0 -0 0
-0 -0 0
-0 -0 0
-0 -0 0
-0 -0 0
-0 -0 0
-0 -0 0
-0 -0 0
-0.22574788 -0.17925316 0.53350002
-0.21670471 -0.17950515 0.53425002
-0.20792633 -0.18000916 0.53575003
-0.20409822 -0.18504907 0.55075002
-0.19533125 -0.18588905 0.55325001
-0.18496674 -0.18521707 0.55125004
-0.17459279 -0.18446107 0.54900002
-0.16347133 -0.1827811 0.54400003
-0.15323253 -0.18194112 0.54150003
-0.14407678 -0.1823611 0.54275
-0.13555905 -0.18370508 0.54675001
-0.11543801 -0.16833334 0.50100005
-0.10596813 -0.16724135 0.49775001
-0.097198263 -0.16715735 0.49750003
-0.088214844 -0.16665336 0.49600002
-0.079083562 -0.16572937 0.49325001
-0.071548171 -0.16833334 0.50100005
-0.067155331 -0.18009314 0.53600001
-0.059192073 -0.18454507 0.54925001
-0.049523599 -0.18437709 0.54875004
-0.039909005 -0.18437709 0.54875004
-0.030294416 -0.18437709 0.54875004
-0.020660982 -0.18420908 0.54825002
-0.01106019 -0.18429308 0.5485
-0.0014493173 -0.18420908 0.54825002
0.0081490763 -0.1840411 0.54775006
0.017754246 -0.18412508 0.54800004
0.027343219 -0.1840411 0.54775006
0.036923427 -0.18395709 0.54750001
0.046473641 -0.18378909 0.54700005
0.05603195 -0.18370508 0.54675001
0.065581501 -0.18362109 0.54650003
0.074916005 -0.18303311 0.54475003
0.084538028 -0.18320109 0.54525
0.094263874 -0.1835371 0.54625005
0.10373961 -0.1833691 0.54575002
0 -0 0
0 -0 0
0 -0 0
0 -0 0
0 -0 0
0 -0 0
0 -0 0
0 -0 0
0 -0 0
0 -0 0
0 -0 0
0 -0 0
0 -0 0
0 -0 0
0 -0 0
0 -0 0
0 -0 0
0 -0 0
0 -0 0
0 -0 0
0 -0 0
0 -0 0
0 -0 0
0 -0 0
0 -0 0
0 -0 0
0 -0 0
0 -0 0
-0 -0 0
-0 -0 0
-0 -0 0
-0 -0 0
-0 -0 0
-0 -0 0
-0 -0 0
-0 -0 0
-0 -0 0
-0 -0 0
-0 -0 0
-0 -0 0
-0 -0 0
-0 -0 0
-0 -0 0
-0 -0 0
-0.2256421 -0.16987853 0.53325003
-0.21802299 -0.17123245 0.53750002
-0.21025494 -0.17258638 0.54175001
-0.20539527 -0.17656852 0.55425
-0.19603738 -0.17688711 0.55525005
-0.18530229 -0.17593139 0.55225003
-0.17522883 -0.17553316 0.551
-0.1639972 -0.17386067 0.54575002
-0.15443519 -0.17386067 0.54575002
-0.14102402 -0.16924137 0.53125
-0 -0 0
-0.11630207 -0.16079922 0.50475001
-0.10639393 -0.15920636 0.49975002
-0.097442485 -0.15888779 0.49875003
-0.088303767 -0.158171 0.49650002
-0.079043478 -0.157056 0.49300003
-0.070084356 -0.15633921 0.49075001
-0.06145465 -0.15625957 0.49050003
-0.055393219 -0.163746 0.514
-0.049320541 -0.17409959 0.54650003
-0.040090825 -0.17561282 0.55125004
-0.030460032 -0.1757721 0.55175
-0.020764615 -0.17553316 0.551
-0.011110601 -0.17553316 0.551
-0.001456587 -0.17553316 0.551
0.0082011465 -0.17561282 0.55125004
0.01785144 -0.17553316 0.551
0.027492976 -0.17545353 0.55075002
0.037108891 -0.17529425 0.55025005
0.046707284 -0.17513496 0.54975003
0.056288153 -0.17497566 0.54925001
0.065971509 -0.17513496 0.54975003
0.075534858 -0.17497566 0.54925001
0.085158207 -0.17497566 0.54925001
0.094738424 -0.17489603 0.54900002
0.10407227 -0.17441817 0.54750001
0.11356115 -0.17425889 0.54700005
0.1228074 -0.17378104 0.54550004
0.13248636 -0.1739403 0.546
0 -0 0
0 -0 0
0 -0 0
0 -0 0
0 -0 0
0 -0 0
0 -0 0
0 -0 0
0 -0 0
0 -0 0
0 -0 0
0 -0 0
0 -0 0
0 -0 0
0 -0 0
0 -0 0
0 -0 0
0 -0 0
0 -0 0
0 -0 0
0 -0 0
0 -0 0
0 -0 0
0 -0 0
0 -0 0
-0 -0 0
-0 -0 0
-0 -0 0
-0 -0 0
-0 -0 0
-0 -0 0
-0 -0 0
-0 -0 0
-0 -0 0
-0 -0 0
-0 -0 0
-0 -0 0
-0 -0 0
-0 -0 0
-0 -0 0
-0 -0 0
-0.22744046 -0.16186777 0.53750002
-0.21903706 -0.16262063 0.54000002
-0.21277761 -0.16510512 0.54825002
-0.20622908 -0.16758959 0.55650002
-0.19692004 -0.16796604 0.55775005
-0.18521841 -0.16623443 0.55200005
-0.17586488 -0.16653557 0.55300003
-0.16557482 -0.16593327 0.551
-0.15019052 -0.15983501 0.53075004
-0.14215222 -0.16126546 0.53550005
-0.13419542 -0.16299708 0.54125005
-0.11624447 -0.15192984 0.50450003
-0.10666005 -0.15087582 0.50100005
-0.097637855 -0.15049937 0.49975002
-0.08839269 -0.14967121 0.49700001
-0.079243891 -0.14884305 0.49425003
-0.070155762 -0.14793961 0.49125004
-0.061329357 -0.1474126 0.48950002
-0.052294865 -0.14613271 0.48525003
-0.044266652 -0.14771375 0.49050003
-0.038290828 -0.15855512 0.52650005
-0.030598048 -0.166912 0.55425
-0.020915357 -0.16713786 0.55500001
-0.011181178 -0.1669873 0.55450004
-0.0014638568 -0.16676144 0.55375004
0.0082346201 -0.16668615 0.5535
0.017940536 -0.16676144 0.55375004
0.027630253 -0.16668615 0.5535
0.03727749 -0.16646029 0.55275005
0.046983406 -0.16653557 0.55300003
0.056569982 -0.16623443 0.55200005
0.066211514 -0.16615914 0.55175
0.075947434 -0.16630971 0.55225003
0.085545816 -0.16615914 0.55175
0.09495414 -0.16570742 0.55025005
0.10449996 -0.16555685 0.54975003
0.11413207 -0.16555685 0.54975003
0.12359534 -0.16533098 0.54900002
0.13285033 -0.16487925 0.54750001
0.14257312 -0.16502984 0.54800004
0.15148035 -0.16427696 0.54550004
0 -0 0
0 -0 0
0 -0 0
0 -0 0
0 -0 0
0 -0 0
0 -0 0
0 -0 0
0 -0 0
0 -0 0
0 -0 0
0 -0 0
0 -0 0
0 -0 0
0 -0 0
0 -0 0
0 -0 0
0 -0 0
0 -0 0
0 -0 0
0 -0 0
0 -0 0
0 -0 0
-0 -0 0
-0 -0 0
-0 -0 0
-0 -0 0
-0 -0 0
-0 -0 0
-0 -0 0
-0 -0 0
-0 -0 0
-0 -0 0
-0 -0 0
-0 -0 0
-0 -0 0
-0 -0 0
-0 -0 0
-0.23751895 -0.15292868 0.53900003
-0.22860411 -0.15328333 0.54025
-0.21964549 -0.15363799 0.54150003
-0.21403895 -0.15647526 0.55150002
-0.20752612 -0.15888692 0.56
-0 -0 0
-0 -0 0
-0 -0 0
-0.16730268 -0.15796483 0.55675
-0.15662825 -0.15704271 0.5535
-0 -0 0
-0 -0 0
-0.11630207 -0.14321104 0.50475001
-0.10692616 -0.14250173 0.50225002
-0.097882077 -0.14214706 0.50100005
-0.088615015 -0.14136682 0.49825004
-0.07916373 -0.14009005 0.49375004
-0.070191465 -0.13945167 0.49150002
-0.061360683 -0.13895515 0.48975003
-0.05245652 -0.13810396 0.48675004
-0.043657478 -0.13725278 0.48375002
-0.035163563 -0.13718185 0.48350003
-0.027547905 -0.14157961 0.49900001
-0.020208759 -0.15214844 0.53625005
-0.011347534 -0.15966719 0.56275004
-0.0014869876 -0.15959625 0.5625
0.0083201649 -0.15867414 0.55925
0.018045831 -0.15803576 0.55700004
0.027780009 -0.1578939 0.55650002
0.03746295 -0.15761016 0.55550003
0.047174569 -0.15753925 0.55525005
0.056903049 -0.15753925 0.55525005
0.066661522 -0.15761016 0.55550003
0.076325618 -0.1574683 0.55500001
0.085933432 -0.1572555 0.55425
0.095385551 -0.15682992 0.55275005
0.10516526 -0.15697178 0.55325001
0.11480679 -0.15690085 0.55300003
0.12438329 -0.15675898 0.55250001
0.13376027 -0.15640433 0.55125004
0.14354874 -0.15654619 0.55175
0.15286879 -0.15619154 0.55050004
0 -0 0
0 -0 0
0 -0 0
0 -0 0
0 -0 0
0 -0 0
0 -0 0
0 -0 0
0 -0 0
0 -0 0
0 -0 0
0 -0 0
0 -0 0
0 -0 0
0 -0 0
0 -0 0
0 -0 0
0 -0 0
0 -0 0
0 -0 0
0 -0 0
0 -0 0
0 -0 0
-0 -0 0
-0 -0 0
-0 -0 0
-0 -0 0
-0 -0 0
-0 -0 0
-0 -0 0
-0 -0 0
-0 -0 0
-0 -0 0
-0 -0 0
-0 -0 0
-0 -0 0
-0 -0 0
-0 -0 0
-0.23784946 -0.14373758 0.53975004
-0.22976777 -0.14460307 0.54300004
-0.22106516 -0.14513567 0.54500002
-0.21617353 -0.14833133 0.55700004
-0.20808199 -0.1495297 0.56150001
-0 -0 0
-0 -0 0
-0.17729597 -0.14846447 0.5575
-0.16737781 -0.14833133 0.55700004
-0.15740645 -0.14813161 0.55625004
-0.14759409 -0.14806503 0.55600005
-0.12737717 -0.13681367 0.51375002
-0.11664769 -0.13481639 0.50625002
-0.10735196 -0.1342838 0.50425005
-0.098077446 -0.13368461 0.50200003
-0.089015178 -0.13328515 0.50050002
-0.079644725 -0.13228652 0.49675003
-0.070405677 -0.13128787 0.49300003
-0.06145465 -0.13062212 0.49050003
-0.052699 -0.13022265 0.48900002
-0.043770287 -0.12915744 0.48500001
-0.035218105 -0.1289577 0.48425001
-0.026664605 -0.12862483 0.48300001
-0.018183172 -0.12849168 0.48250002
-0.010162873 -0.13421722 0.50400001
-0.0014493173 -0.14600116 0.54825002
0.0085135708 -0.15239246 0.57225001
0.018151125 -0.14919682 0.56025004
0.028266722 -0.15079464 0.56625003
0.037985608 -0.14999571 0.56325001
0.04753565 -0.14899708 0.55950004
0.057184871 -0.14859763 0.55800003
0.066961534 -0.14859763 0.55800003
0.076600671 -0.14833133 0.55700004
0.086282283 -0.14819817 0.55650002
0.095989525 -0.14813161 0.55625004
0.10564048 -0.14799844 0.55575001
0.11517011 -0.14773214 0.55475003
0.12488983 -0.14773214 0.55475003
0.13442755 -0.14753242 0.55400002
0.14439429 -0.14779872 0.55500001
0.15467378 -0.14833133 0.55700004
0.16339968 -0.14739926 0.5535
0 -0 0
0 -0 0
0.19136287 -0.14653379 0.55025005
0 -0 0
0 -0 0
0 -0 0
0 -0 0
0 -0 0
0 -0 0
0 -0 0
0 -0 0
0 -0 0
0 -0 0
0 -0 0
0 -0 0
0 -0 0
0 -0 0
0 -0 0
0 -0 0
0 -0 0
0 -0 0
0 -0 0
-0 -0 0
-0 -0 0
-0 -0 0
-0 -0 0
-0 -0 0
-0 -0 0
-0 -0 0
-0 -0 0
-0 -0 0
-0 -0 0
-0 -0 0
-0 -0 0
-0 -0 0
-0 -0 0
-0 -0 0
-0.23906128 -0.13501811 0.54250002
-0.23103718 -0.1358892 0.546
-0.22400595 -0.1374447 0.55225003
-0.21850213 -0.14012018 0.56300002
-0.20928638 -0.14055572 0.56475002
-0 -0 0
-0 -0 0
-0.17832953 -0.13956019 0.56075001
-0.16865493 -0.13968465 0.56125003
-0.15896285 -0.13980909 0.56175005
-0.148855 -0.13956019 0.56075001
-0.12936065 -0.12985383 0.52175003
-0.11728133 -0.12668058 0.509
-0.10767129 -0.12587172 0.50575
-0.098517038 -0.12549841 0.50425005
-0.089281961 -0.12493843 0.50200003
-0.079965383 -0.12412956 0.49875003
-0.070655599 -0.12313403 0.49475002
-0.061673906 -0.12251183 0.49225003
-0.052806765 -0.12195184 0.49000001
-0.043905661 -0.12108076 0.48650002
-0.03527265 -0.12070744 0.48500001
-0.02669221 -0.12033412 0.48350003
-0.018154906 -0.11989857 0.48175001
-0.0097192554 -0.1199608 0.48200002
-0.0012755049 -0.12008524 0.48250002
0.0073605753 -0.12313403 0.49475002
0.017276373 -0.13271597 0.53325003
0.029152788 -0.1453467 0.58400005
0.039266966 -0.14491114 0.58225
0.048470221 -0.14198679 0.57050002
0.057927866 -0.14068016 0.56525004
0.067351542 -0.13968465 0.56125003
0.076910093 -0.13918687 0.55925
0.086669892 -0.13912466 0.55900002
0.096377805 -0.13900022 0.55850005
0.10621074 -0.13906243 0.55875003
0.11589672 -0.13893799 0.55825001
0.1256215 -0.13887578 0.55800003
0.1351555 -0.1386269 0.55700004
0.14504471 -0.13875133 0.5575
0.15502089 -0.13893799 0.55825001
0.16435912 -0.13856468 0.55675
0.17325386 -0.13788025 0.55400002
0.18378606 -0.13850245 0.55650002
0 -0 0
0 -0 0
0 -0 0
0 -0 0
0 -0 0
0 -0 0
0 -0 0
0 -0 0
0 -0 0
0 -0 0
0 -0 0
0 -0 0
0 -0 0
0 -0 0
0 -0 0
0 -0 0
0 -0 0
0 -0 0
0 -0 0
0 -0 0
-0 -0 0
-0 -0 0
-0 -0 0
-0 -0 0
-0 -0 0
-0 -0 0
-0 -0 0
-0 -0 0
-0 -0 0
-0 -0 0
-0 -0 0
-0 -0 0
-0 -0 0
-0 -0 0
-0 -0 0
-0.23972228 -0.1259135 0.54400003
-0.23177771 -0.12678148 0.54775006
-0.22552705 -0.12869102 0.55600005
-0.21927834 -0.13077413 0.565
-0 -0 0
-0 -0 0
-0 -0 0
-0 -0 0
-0 -0 0
-0 -0 0
-0.14918683 -0.13007976 0.56200004
-0.12861684 -0.12006917 0.51875001
-0.11751176 -0.11804391 0.51000005
-0.1083632 -0.11781245 0.509
-0.099005476 -0.11729167 0.50675005
-0.089415349 -0.11636584 0.50275004
-0.080045551 -0.11555573 0.49925002
-0.070905514 -0.11491922 0.49650002
-0.061799195 -0.11416698 0.49325001
-0.052914537 -0.11364619 0.49100003
-0.044063594 -0.11300968 0.48825002
-0.035381742 -0.11260463 0.48650002
-0.02678882 -0.1123153 0.48525003
-0.018192593 -0.11173666 0.48275003
-0.0097192554 -0.11156306 0.48200002
-0.0012735223 -0.1115052 0.48175001
0.0071560116 -0.11133161 0.48100004
0.015615961 -0.11156306 0.48200002
0.024834782 -0.11515068 0.49750003
0.035557769 -0.12203658 0.52725005
0.047790531 -0.13019548 0.5625
0.059670053 -0.13476679 0.58225
0.068671569 -0.1324522 0.57225001
0.078044668 -0.13135278 0.56750005
0.087290071 -0.13031122 0.56300002
0.09693864 -0.1300219 0.56175005
0.10663843 -0.1298483 0.56100005
0.11626004 -0.12961684 0.56
0.12618431 -0.12973256 0.56050003
0.13594411 -0.1296747 0.56025004
0.14556506 -0.12950112 0.55950004
0.15529858 -0.12944324 0.55925
0.16480194 -0.12921178 0.55825001
0.17419207 -0.12892246 0.55700004
0.18403377 -0.12898032 0.55725002
0 -0 0
0 -0 0
0 -0 0
0 -0 0
0 -0 0
0 -0 0
0 -0 0
0 -0 0
0 -0 0
0 -0 0
0 -0 0
0 -0 0
0 -0 0
0 -0 0
0 -0 0
0 -0 0
0 -0 0
0 -0 0
0 -0 0
0 -0 0
-0 -0 0
-0 -0 0
-0 -0 0
-0 -0 0
-0 -0 0
-0 -0 0
-0 -0 0
-0 -0 0
-0 -0 0
-0 -0 0
-0 -0 0
-0 -0 0
-0 -0 0
-0 -0 0
-0 -0 0
-0.24181545 -0.11745225 0.54875004
-0.23241241 -0.11755926 0.54925001
-0.22755517 -0.12007419 0.56100005
-0.21995753 -0.1213049 0.56675005
-0 -0 0
-0 -0 0
-0 -0 0
-0 -0 0
-0.16925593 -0.12055577 0.56325001
-0 -0 0
-0 -0 0
-0.12880279 -0.11119169 0.51950002
-0.11779977 -0.10942589 0.51125002
-0.1085761 -0.10915836 0.51000005
-0.099152006 -0.10862327 0.50750005
-0.089637659 -0.10787413 0.50400001
-0.080245964 -0.10712501 0.50050002
-0.070941217 -0.10632238 0.49675003
-0.061830517 -0.10562675 0.49350002
-0.053022303 -0.1053057 0.49200001
-0.044198968 -0.10482413 0.48975003
-0.03547265 -0.10439605 0.48775002
-0.026871629 -0.10418202 0.48675004
-0.018277384 -0.10380745 0.48500001
-0.0097394204 -0.10337938 0.48300001
-0.0012741832 -0.10316534 0.48200002
0.0071597309 -0.10300481 0.48125002
0.015599762 -0.10305833 0.48150003
0.024023594 -0.10300481 0.48125002
0.032539826 -0.10327236 0.48250002
0.041291021 -0.10402149 0.48600003
0.052624431 -0.10990748 0.51350003
0.065311491 -0.11648908 0.54425001
0.078044668 -0.12146543 0.56750005
0.087793969 -0.12119787 0.56625003
0.09741319 -0.12082332 0.56450003
0.10711365 -0.12060928 0.56350005
0.11683097 -0.12044875 0.56275004
0.12674713 -0.12050226 0.56300002
0.13642941 -0.12034173 0.56225002
0.14628053 -0.12034173 0.56225002
0.15578455 -0.12007419 0.56100005
0.16546616 -0.11996717 0.56050003
0.17520846 -0.11991366 0.56025004
0.1848594 -0.11980664 0.55975002
0 -0 0
0 -0 0
0 -0 0
0 -0 0
0 -0 0
0 -0 0
0 -0 0
0 -0 0
0 -0 0
0 -0 0
0 -0 0
0 -0 0
0 -0 0
0 -0 0
0 -0 0
0 -0 0
0 -0 0
0 -0 0
0 -0 0
0 -0 0
-0 -0 0
-0 -0 0
-0 -0 0
-0 -0 0
-0 -0 0
-0 -0 0
-0 -0 0
-0 -0 0
-0 -0 0
-0 -0 0
-0 -0 0
-0 -0 0
-0 -0 0
-0 -0 0
-0 -0 0
-0.24291711 -0.10838309 0.55125004
-0.23336449 -0.10843224 0.55150002
-0.22917764 -0.11108651 0.565
-0.21986049 -0.11138143 0.56650001
-0 -0 0
-0 -0 0
-0 -0 0
-0 -0 0
-0 -0 0
-0 -0 0
-0 -0 0
-0.12849288 -0.10189485 0.51825005
-0.11808779 -0.10076433 0.51250005
-0.10889543 -0.1005677 0.5115
-0.099298522 -0.099928707 0.50825
-0.089771047 -0.099240564 0.50475001
-0.080446385 -0.098650731 0.50175005
-0.071012624 -0.097765967 0.49725002
-0.062018454 -0.097323589 0.49500003
-0.053157017 -0.096979514 0.49325001
-0.044379462 -0.096684597 0.49175003
-0.03565447 -0.096389674 0.49025002
-0.026968241 -0.096045598 0.48850003
-0.018333912 -0.095652372 0.48650002
-0.0097747082 -0.095308304 0.48475003
-0.0012788094 -0.095111683 0.48375002
0.0071783275 -0.094865918 0.48250002
0.01562406 -0.094816767 0.48225003
0.024061034 -0.094767615 0.48200002
0.032539826 -0.094865918 0.48250002
0.040929936 -0.094718456 0.48175001
0.04939625 -0.094767615 0.48200002
0.057931326 -0.094915077 0.48275003
0.06755849 -0.096586287 0.49125004
0.080545634 -0.10214061 0.51950002
0.094350152 -0.10749833 0.54675001
0.10735125 -0.11103737 0.56475002
0.11729807 -0.11108651 0.565
0.12725368 -0.11113568 0.56525004
0.13733935 -0.11128314 0.56600004
0.14738625 -0.11138143 0.56650001
0.15696473 -0.11113568 0.56525004
0.16635181 -0.1107916 0.56350005
0.17599028 -0.11064414 0.56275004
0.18535478 -0.11034922 0.56125003
0.19518839 -0.11034922 0.56125003
0 -0 0
0 -0 0
0 -0 0
0 -0 0
0 -0 0
0 -0 0
0 -0 0
0 -0 0
0 -0 0
0 -0 0
0 -0 0
0 -0 0
0 -0 0
0 -0 0
0 -0 0
0 -0 0
0 -0 0
0 -0 0
0 -0 0
-0 -0 0
-0 -0 0
-0 -0 0
-0 -0 0
-0 -0 0
-0 -0 0
-0 -0 0
-0 -0 0
-0 -0 0
-0 -0 0
-0 -0 0
-0 -0 0
-0 -0 0
-0 -0 0
-0.25165913 -0.098420456 0.54925001
-0.24434927 -0.099361219 0.55450004
-0.23463394 -0.099361219 0.55450004
-0.2299889 -0.10160109 0.56700003
-0 -0 0
-0 -0 0
-0 -0 0
-0 -0 0
-0 -0 0
-0 -0 0
-0 -0 0
-0.14314768 -0.096628554 0.53925002
-0.12892677 -0.093179137 0.52000004
-0.11849102 -0.092148788 0.51425004
-0.10894866 -0.091700815 0.51175004
-0.099445052 -0.091208033 0.509
-0.089859977 -0.090536073 0.50525004
-0.080526546 -0.089998499 0.50225002
-0.071262546 -0.089416131 0.49900001
-0.062206388 -0.08896815 0.49650002
-0.053318668 -0.08865457 0.49475002
-0.04446971 -0.08829619 0.49275002
-0.035690833 -0.08793781 0.49075001
-0.027023446 -0.087713823 0.48950002
-0.01838102 -0.087400235 0.48775002
-0.0098049548 -0.087131448 0.48625001
-0.0012834356 -0.086997062 0.48550004
0.0072155208 -0.086907461 0.48500001
0.015680758 -0.086728275 0.48400003
0.024198312 -0.086862668 0.48475003
0.032759003 -0.087041855 0.48575002
0.041036136 -0.086549081 0.48300001
0.049447492 -0.086459488 0.48250002
0.057871327 -0.086414687 0.48225003
0.066217639 -0.086280294 0.48150003
0.074498899 -0.0861011 0.48050001
0.082788274 -0.085966714 0.47975004
0.093569994 -0.088206597 0.49225003
0.10722912 -0.092551962 0.5165
0.12376419 -0.098510057 0.54975003
0.13697538 -0.10115312 0.56450003
0.14771147 -0.10173549 0.56775004
0.15752012 -0.10164589 0.56725001
0.16731125 -0.1015563 0.56675005
0.17731939 -0.10160109 0.56700003
0.18717118 -0.1015563 0.56675005
0.19649252 -0.10124271 0.565
0.20611788 -0.10110833 0.56425005
0.21581262 -0.10101873 0.56375003
0.22458911 -0.10052595 0.56100005
0 -0 0
0 -0 0
0 -0 0
0 -0 0
0 -0 0
0 -0 0
0 -0 0
0 -0 0
0 -0 0
0 -0 0
0 -0 0
0 -0 0
0 -0 0
0 -0 0
0 -0 0
0 -0 0
-0 -0 0
-0 -0 0
-0 -0 0
-0 -0 0
-0 -0 0
-0 -0 0
-0 -0 0
-0 -0 0
-0 -0 0
-0 -0 0
-0 -0 0
-0 -0 0
-0 -0 0
-0 -0 0
-0.25498098 -0.090023875 0.55650002
-0.24467978 -0.089821666 0.55525005
-0.23897116 -0.09135846 0.56475002
-0.23384233 -0.09325923 0.5765
-0 -0 0
-0 -0 0
-0 -0 0
-0 -0 0
-0 -0 0
-0 -0 0
-0 -0 0
-0.1406922 -0.085737027 0.53000003
-0.12861684 -0.083917134 0.51875001
-0.11900944 -0.08355315 0.5165
-0.10926801 -0.083027415 0.51325005
-0.09978696 -0.082622983 0.51075
-0.090215683 -0.082056798 0.50725001
-0.080686875 -0.081409723 0.50325
-0.071369648 -0.080843538 0.49975002
-0.062300354 -0.080439121 0.49725002
-0.053399496 -0.080156028 0.49550003
-0.044559959 -0.079872936 0.49375004
-0.035763562 -0.079549402 0.49175003
-0.027092453 -0.079387628 0.49075001
-0.018465811 -0.079266302 0.49000001
-0.0098352013 -0.078902327 0.48775002
-0.0012867401 -0.07874056 0.48675004
0.0072341175 -0.078659676 0.48625001
0.015737453 -0.078578793 0.48575002
0.024185831 -0.078376576 0.48450002
0.032640986 -0.0782957 0.48400003
0.041142337 -0.078336135 0.48425001
0.049575593 -0.078255251 0.48375002
0.057991326 -0.078174368 0.48325002
0.066389538 -0.078093484 0.48275003
0.074731462 -0.077972159 0.48200002
0.082745127 -0.077567741 0.47950003
0.091384001 -0.07776995 0.48075002
0.10017049 -0.078053042 0.48250002
0.10868061 -0.078093484 0.48275003
0.11920133 -0.079468518 0.49125004
0.13411759 -0.083391383 0.51550001
0.14974476 -0.087233372 0.53925002
0.16480194 -0.090306967 0.55825001
0.17716302 -0.091641553 0.56650001
0.1873363 -0.091762878 0.56725001
0.19718809 -0.091722436 0.56700003
0.20703113 -0.091682002 0.56675005
0.21715248 -0.091762878 0.56725001
0.22729139 -0.091843762 0.56775004
0 -0 0
0 -0 0
0 -0 0
0 -0 0
0 -0 0
0 -0 0
0 -0 0
0 -0 0
0 -0 0
0 -0 0
0 -0 0
0 -0 0
0 -0 0
0 -0 0
0 -0 0
0 -0 0
-0 -0 0
-0 -0 0
-0 -0 0
-0 -0 0
-0 -0 0
-0 -0 0
-0 -0 0
-0 -0 0
-0 -0 0
-0 -0 0
-0 -0 0
-0 -0 0
-0 -0 0
-0 -0 0
-0.25578281 -0.080580756 0.55825001
-0.2452306 -0.080328152 0.55650002
-0.23950011 -0.081699438 0.56600004
-0 -0 0
-0 -0 0
-0 -0 0
-0 -0 0
-0 -0 0
-0 -0 0
-0 -0 0
-0 -0 0
-0.14009492 -0.076178223 0.52775002
-0.12874082 -0.074951291 0.51925004
-0.11929747 -0.074734777 0.51775002
-0.10964057 -0.074337825 0.51500005
-0.10008002 -0.073940873 0.51225001
-0.090171218 -0.07318306 0.50700003
-0.080967456 -0.072894365 0.505
-0.071548171 -0.072316997 0.50100005
-0.062644899 -0.072172642 0.5
-0.053561147 -0.071739607 0.49700001
-0.044650204 -0.071414836 0.49475002
-0.03585447 -0.071162231 0.49300003
-0.02716146 -0.071017884 0.49200001
-0.018512918 -0.070909627 0.49125004
-0.0098856119 -0.070765279 0.49025002
-0.0012913662 -0.070512675 0.48850003
0.0072527141 -0.070368327 0.48750001
0.015777951 -0.070296153 0.48700002
0.02431063 -0.070296153 0.48700002
0.032809585 -0.070223987 0.48650002
0.041248541 -0.07007964 0.48550004
0.049703695 -0.070007466 0.48500001
0.058171332 -0.069971383 0.48475003
0.066561446 -0.069863118 0.48400003
0.074886508 -0.069718771 0.48300001
0.083133399 -0.06953834 0.48175001
0.091811694 -0.069718771 0.48300001
0.10053379 -0.069899201 0.48425001
0.10901829 -0.069899201 0.48425001
0.1173208 -0.069790952 0.48350003
0.12566206 -0.069718771 0.48300001
0.13405524 -0.069682688 0.48275003
0.14339909 -0.070115723 0.48575002
0.15722632 -0.072569594 0.50275004
0.17148413 -0.074951291 0.51925004
0.18119046 -0.075203896 0.52100003
0.2077617 -0.082096383 0.56875002
0.2178224 -0.082132466 0.56900001
0.22809204 -0.082240731 0.56975001
0.23807459 -0.082240731 0.56975001
0.24675098 -0.081807695 0.56675005
0 -0 0
0.26531726 -0.081410743 0.56400001
0 -0 0
0 -0 0
0 -0 0
0.3059254 -0.081699438 0.56600004
0 -0 0
0 -0 0
0 -0 0
0 -0 0
0 -0 0
0 -0 0
0 -0 0
0 -0 0
-0 -0 0
-0 -0 0
-0 -0 0
-0 -0 0
-0 -0 0
-0 -0 0
-0 -0 0
-0 -0 0
-0 -0 0
-0 -0 0
-0 -0 0
-0 -0 0
-0 -0 0
-0.26639631 -0.071076669 0.56
-0.25841737 -0.071584359 0.56400001
-0.2472136 -0.071203597 0.56100005
-0 -0 0
-0 -0 0
-0 -0 0
-0 -0 0
-0 -0 0
-0 -0 0
-0 -0 0
-0 -0 0
-0 -0 0
-0.13949764 -0.066697836 0.5255
-0.12905073 -0.066063225 0.5205
-0.11952788 -0.065841109 0.51875001
-0.10990668 -0.065523803 0.51625001
-0.10022655 -0.065111309 0.51300001
-0.090571389 -0.064635351 0.50925004
-0.081087701 -0.064191118 0.50575
-0.071762376 -0.063778616 0.5025
-0.062770195 -0.063588239 0.50100005
-0.053749748 -0.063302658 0.49875003
-0.044853263 -0.063080542 0.49700001
-0.035963558 -0.062763236 0.49450001
-0.027202867 -0.062541127 0.49275002
-0.018560026 -0.062509395 0.49250004
-0.0098956944 -0.062287278 0.49075001
-0.0012953314 -0.062192086 0.49000001
0.0072861887 -0.062160358 0.48975003
0.015858948 -0.062128626 0.48950002
0.024397988 -0.062033433 0.48875001
0.032927606 -0.061969973 0.48825002
0.041418463 -0.061874781 0.48750001
0.049857419 -0.06174786 0.48650002
0.058381334 -0.06174786 0.48650002
0.066733345 -0.061589208 0.48525003
0.075041555 -0.061430551 0.48400003
0.083478533 -0.061398819 0.48375002
0.092191868 -0.061557475 0.48500001
0.1008452 -0.061652668 0.48575002
0.1092997 -0.06162094 0.48550004
0.11768477 -0.061557475 0.48500001
0.12605232 -0.061494011 0.48450002
0.13433293 -0.061398819 0.48375002
0.14310388 -0.061525743 0.48475003
0.15151896 -0.061494011 0.48450002
0.159595 -0.061335359 0.48325002
0.16858365 -0.061525743 0.48475003
0.17799014 -0.061843053 0.48725003
0.18643148 -0.06181132 0.48700002
0.19536451 -0.061938245 0.48800004
0.20401916 -0.061969973 0.48825002
0 -0 0
0 -0 0
0 -0 0
0 -0 0
0 -0 0
0 -0 0
0.30741179 -0.072187245 0.56875002
0.31821385 -0.07237763 0.57025003
0 -0 0
0 -0 0
0 -0 0
0 -0 0
0 -0 0
0 -0 0
0 -0 0
-0 -0 0
-0 -0 0
-0 -0 0
-0 -0 0
-0 -0 0
-0 -0 0
-0 -0 0
-0 -0 0
-0 -0 0
-0 -0 0
-0 -0 0
-0 -0 0
-0 -0 0
-0.26877487 -0.061867468 0.565
-0.2592192 -0.061949596 0.56575
-0.24908644 -0.061894849 0.56525004
-0 -0 0
-0 -0 0
-0 -0 0
-0 -0 0
-0 -0 0
-0 -0 0
-0 -0 0
-0.17428929 -0.063509971 0.58000004
-0 -0 0
-0.14029402 -0.057870723 0.52850002
-0.12979454 -0.057323225 0.52350003
-0.1198159 -0.056939978 0.52000004
-0.11033247 -0.056748353 0.51825005
-0.10056845 -0.056365099 0.51475
-0.091016024 -0.056036603 0.51175004
-0.08136829 -0.055571228 0.50750005
-0.072048001 -0.055242725 0.50450003
-0.062958121 -0.055023722 0.5025
-0.053776685 -0.054640476 0.49900001
-0.044966076 -0.054558352 0.49825004
-0.03618174 -0.054476228 0.49750003
-0.027340882 -0.054229852 0.49525002
-0.018607132 -0.054065604 0.49375004
-0.0099158594 -0.053846601 0.49175003
-0.001298636 -0.053791855 0.49125004
0.0073085045 -0.053791855 0.49125004
0.015899446 -0.0537371 0.49075001
0.024472866 -0.05368235 0.49025002
0.033028767 -0.053627603 0.48975003
0.041545905 -0.053545475 0.48900002
0.050036762 -0.053463351 0.48825002
0.05853134 -0.0534086 0.48775002
0.066939637 -0.053299103 0.48675004
0.075274125 -0.053162228 0.48550004
0.08378052 -0.053162228 0.48550004
0.092619568 -0.053353854 0.48725003
0.10131232 -0.053435978 0.48800004
0.10969368 -0.053353854 0.48725003
0.11810941 -0.053299103 0.48675004
0.12683283 -0.053381227 0.48750001
0.135166 -0.053299103 0.48675004
0.1435467 -0.053244349 0.48625001
0.15190987 -0.053189602 0.48575002
0.16058576 -0.053244349 0.48625001
0.16919225 -0.053271726 0.48650002
0.17799014 -0.053353854 0.48725003
0.18662289 -0.053381227 0.48750001
0.19556467 -0.053490728 0.48850003
0.20422809 -0.053518102 0.48875001
0.21322681 -0.053627603 0.48975003
0.22248702 -0.053791855 0.49125004
0.23109417 -0.053791855 0.49125004
0.24201903 -0.054311976 0.49600002
0.25209942 -0.054613102 0.49875003
0 -0 0
0 -0 0
0 -0 0
0 -0 0
0 -0 0
0 -0 0
0 -0 0
0 -0 0
0 -0 0
0 -0 0
-0 -0 0
-0 -0 0
-0 -0 0
-0 -0 0
-0 -0 0
-0 -0 0
-0 -0 0
-0 -0 0
-0 -0 0
-0 -0 0
-0 -0 0
-0 -0 0
-0 -0 0
-0.26925057 -0.052115742 0.56600004
-0.2599065 -0.052230839 0.56725001
-0.24996775 -0.052230839 0.56725001
-0 -0 0
-0 -0 0
-0 -0 0
-0 -0 0
-0 -0 0
-0 -0 0
-0 -0 0
-0 -0 0
-0 -0 0
-0.14022766 -0.048639826 0.52825004
-0.13016644 -0.048340574 0.52500004
-0.11998872 -0.047949247 0.52075005
-0.11049215 -0.047788113 0.51900005
-0.10076384 -0.047488861 0.51575005
-0.091149412 -0.047189608 0.51250005
-0.081488535 -0.046798278 0.50825
-0.072226509 -0.046568085 0.50575
-0.063146062 -0.046406947 0.50400001
-0.054046109 -0.046176754 0.50150001
-0.045078885 -0.045992602 0.49950004
-0.036199924 -0.045831468 0.49775001
-0.027437491 -0.045762409 0.49700001
-0.01866366 -0.045601275 0.49525002
-0.0099561885 -0.04546316 0.49375004
-0.0013045839 -0.045440137 0.49350002
0.0073345401 -0.0453941 0.49300003
0.015956143 -0.045348063 0.49250004
0.024560224 -0.045302022 0.49200001
0.033129927 -0.045232967 0.49125004
0.041588385 -0.045071829 0.48950002
0.050113622 -0.045025792 0.48900002
0.058651339 -0.04500277 0.48875001
0.067180298 -0.044979751 0.48850003
0.075700492 -0.044956733 0.48825002
0.084384501 -0.045025792 0.48900002
0.093094781 -0.045094848 0.48975003
0.10183135 -0.045163907 0.49050003
0.11020022 -0.045071829 0.48950002
0.11865537 -0.045025792 0.48900002
0.12722309 -0.045025792 0.48900002
0.13558254 -0.044956733 0.48825002
0.14406332 -0.044933714 0.48800004
0.15276989 -0.044979751 0.48850003
0.16132884 -0.044979751 0.48850003
0.1698878 -0.044979751 0.48850003
0.17853808 -0.04500277 0.48875001
0.18700571 -0.044979751 0.48850003
0.19626525 -0.045140889 0.49025002
0.20527275 -0.045232967 0.49125004
0.21366218 -0.045186926 0.49075001
0.22271347 -0.045279004 0.49175003
0.23144697 -0.045302022 0.49200001
0.24104314 -0.045486178 0.49400002
0.25020394 -0.045578256 0.49500003
0.26031497 -0.045831468 0.49775001
0.26957649 -0.045923546 0.49875003
0.27747801 -0.045785427 0.49725002
0.28791693 -0.046061661 0.50025004
0 -0 0
0 -0 0
0 -0 0
0 -0 0
0 -0 0
0 -0 0
-0 -0 0
-0 -0 0
-0 -0 0
-0 -0 0
-0 -0 0
-0 -0 0
-0 -0 0
-0 -0 0
-0 -0 0
-0 -0 0
-0 -0 0
-0 -0 0
-0 -0 0
-0.26948842 -0.042291835 0.56650001
-0.26059377 -0.042459812 0.56875002
-0 -0 0
-0 -0 0
-0 -0 0
-0 -0 0
-0 -0 0
-0 -0 0
-0 -0 0
-0 -0 0
-0 -0 0
-0 -0 0
-0.1408913 -0.039622936 0.53075004
-0.13084826 -0.039398972 0.52775002
-0.12085277 -0.039156344 0.52450001
-0.11097115 -0.038913716 0.52125001
-0.10105688 -0.038615096 0.51725
-0.091371723 -0.038353808 0.51375002
-0.081729032 -0.038055189 0.50975001
-0.072333619 -0.037812561 0.50650001
-0.063302673 -0.037719242 0.50525004
-0.054207765 -0.037551269 0.50300002
-0.045281943 -0.037457954 0.50175005
-0.036290832 -0.03725265 0.49900001
-0.0274927 -0.037177999 0.49800003
-0.018729609 -0.03710334 0.49700001
-0.0099965166 -0.037010022 0.49575001
-0.00130921 -0.036972698 0.49525002
0.0073568556 -0.036916707 0.49450001
0.01601284 -0.036898043 0.49425003
0.024672544 -0.036898043 0.49425003
0.033281665 -0.036842052 0.49350002
0.041800786 -0.03673007 0.49200001
0.050292965 -0.036636751 0.49075001
0.058831345 -0.036599424 0.49025002
0.067352206 -0.036562096 0.48975003
0.075894296 -0.036543433 0.48950002
0.084643349 -0.036618087 0.49050003
0.093474954 -0.036711406 0.49175003
0.10219465 -0.036748733 0.49225003
0.11065047 -0.036692742 0.49150002
0.11920133 -0.036674079 0.49125004
0.12767838 -0.036636751 0.49075001
0.13620734 -0.036618087 0.49050003
0.14487515 -0.036636751 0.49075001
0.15339535 -0.036618087 0.49050003
0.16190678 -0.036599424 0.49025002
0.1704964 -0.036599424 0.49025002
0.17945133 -0.036674079 0.49125004
0.18824986 -0.036711406 0.49175003
0.1972661 -0.036786061 0.49275002
0.20621292 -0.036842052 0.49350002
0.21496832 -0.036860716 0.49375004
0.22361927 -0.036860716 0.49375004
0.23250543 -0.036898043 0.49425003
0.24201903 -0.037028689 0.49600002
0.25146759 -0.037140671 0.49750003
0.26070723 -0.037215322 0.49850002
0.26971161 -0.03725265 0.49900001
0.27859405 -0.037271317 0.49925002
0.28863633 -0.037439287 0.50150001
0.29816443 -0.037532609 0.50275004
0.30819422 -0.037681915 0.50475001
0.31892222 -0.037905879 0.50775003
0.32797983 -0.037924543 0.50800002
0.33754361 -0.037999198 0.509
0 -0 0
-0 -0 0
-0 -0 0
-0 -0 0
-0 -0 0
-0 -0 0
-0 -0 0
-0 -0 0
-0 -0 0
-0 -0 0
-0 -0 0
-0 -0 0
-0 -0 0
-0 -0 0
-0.27246159 -0.032779597 0.57275003
-0 -0 0
-0 -0 0
-0 -0 0
-0 -0 0
-0 -0 0
-0 -0 0
-0 -0 0
-0 -0 0
-0 -0 0
-0 -0 0
-0.15429369 -0.031205716 0.54525
-0.14115675 -0.030433085 0.53175002
-0.13103423 -0.030247081 0.52850002
-0.12108318 -0.030075384 0.5255
-0.11123727 -0.029903691 0.52250004
-0.10120341 -0.029646145 0.51800001
-0.091327265 -0.029388603 0.51350003
-0.081929453 -0.029245524 0.51100004
-0.072512142 -0.02905952 0.50775003
-0.063490614 -0.029002288 0.50675005
-0.054369416 -0.028873516 0.50450003
-0.045349624 -0.028759049 0.5025
-0.036472648 -0.028701819 0.50150001
-0.027561707 -0.028573047 0.49925002
-0.018757872 -0.0284872 0.49775001
-0.010021722 -0.028444275 0.49700001
-0.0013131753 -0.028429968 0.49675003
0.0073754527 -0.028372735 0.49575001
0.016061436 -0.028372735 0.49575001
0.024734942 -0.028358428 0.49550003
0.033382826 -0.028329812 0.49500003
0.041991949 -0.028286887 0.49425003
0.050523553 -0.028215349 0.49300003
0.059101354 -0.028186733 0.49250004
0.067661628 -0.028158115 0.49200001
0.076281905 -0.028158115 0.49200001
0.084988482 -0.028186733 0.49250004
0.093665041 -0.02820104 0.49275002
0.10240226 -0.028229656 0.49325001
0.11104444 -0.028229656 0.49325001
0.11968663 -0.028229656 0.49325001
0.12826377 -0.028215349 0.49300003
0.13683215 -0.02820104 0.49275002
0.14531797 -0.028172424 0.49225003
0.15402082 -0.028186733 0.49250004
0.16273241 -0.02820104 0.49275002
0.17153972 -0.028229656 0.49325001
0.18018191 -0.028229656 0.49325001
0.18901549 -0.028258273 0.49375004
0.19796668 -0.028301194 0.49450001
0.20694417 -0.028344119 0.49525002
0.21562138 -0.028344119 0.49525002
0.22429861 -0.028344119 0.49525002
0.23368147 -0.028429968 0.49675003
0.24348284 -0.028558739 0.49900001
0.25260487 -0.028601663 0.49975002
0.2617532 -0.028644588 0.50050002
0.27065748 -0.028658895 0.50075001
0.28110516 -0.028830592 0.50375003
0.28978744 -0.028816285 0.50350004
0.2994988 -0.02890213 0.505
0.3094154 -0.029002288 0.50675005
0.31986439 -0.029145367 0.50925004
0.32862547 -0.029131059 0.509
0.33804098 -0.029173981 0.50975001
0.34748277 -0.029216906 0.51050001
-0 -0 0
-0 -0 0
-0 -0 0
-0 -0 0
-0 -0 0
-0 -0 0
-0 -0 0
-0 -0 0
-0 -0 0
-0 -0 0
-0 -0 0
-0 -0 0
-0 -0 0
-0.27412659 -0.022940092 0.57625002
-0 -0 0
-0 -0 0
-0 -0 0
-0 -0 0
-0 -0 0
-0 -0 0
-0 -0 0
-0 -0 0
-0 -0 0
-0 -0 0
-0.15309103 -0.021536814 0.54100001
-0.14095765 -0.021138722 0.53100002
-0.13122018 -0.021069055 0.52925003
-0.1214288 -0.020979485 0.52700001
-0.11129049 -0.020810295 0.52275002
-0.10154532 -0.020690868 0.51975
-0.09159404 -0.020501776 0.51500005
-0.082250111 -0.020422155 0.51300001
-0.072869167 -0.02031268 0.51025003
-0.06370987 -0.020243015 0.50850004
-0.054531071 -0.020143492 0.50600004
-0.045462437 -0.020053919 0.50375003
-0.03658174 -0.020024063 0.50300002
-0.027672119 -0.019954396 0.50125003
-0.018861508 -0.01992454 0.50050002
-0.010077175 -0.019894682 0.49975002
-0.0013184624 -0.019854873 0.49875003
0.007405207 -0.019815063 0.49775001
0.016110035 -0.019795159 0.49725002
0.024797341 -0.019775255 0.49675003
0.033467125 -0.01975535 0.49625003
0.042140629 -0.019745398 0.49600002
0.050805375 -0.019735444 0.49575001
0.059401359 -0.01970559 0.49500003
0.067902297 -0.019655827 0.49375004
0.076475717 -0.019635921 0.49325001
0.085247323 -0.01966578 0.49400002
0.093997687 -0.019685684 0.49450001
0.10271367 -0.019695636 0.49475002
0.11143842 -0.01970559 0.49500003
0.1200506 -0.019695636 0.49475002
0.12878411 -0.01970559 0.49500003
0.1373181 -0.019685684 0.49450001
0.14583458 -0.01966578 0.49400002
0.15472446 -0.019695636 0.49475002
0.16355804 -0.01971554 0.49525002
0.17223527 -0.01971554 0.49525002
0.18109514 -0.019735444 0.49575001
0.19006823 -0.019765303 0.49650002
0.19876736 -0.019765303 0.49650002
0.20809329 -0.019825017 0.49800003
0.21670982 -0.019815063 0.49775001
0.22531764 -0.019805113 0.49750003
0.23497513 -0.019884732 0.49950004
0.24458072 -0.019954396 0.50125003
0.25336307 -0.019954396 0.50125003
0.26240695 -0.019974303 0.50175005
0.27187362 -0.020024063 0.50300002
0.28250024 -0.020153442 0.50625002
0.29122633 -0.020143492 0.50600004
0.30098149 -0.020203205 0.50750005
0.31155246 -0.02031268 0.51025003
0.32159168 -0.020382347 0.51200002
0.33120799 -0.020422155 0.51300001
0.34019622 -0.020422155 0.51300001
0.34901428 -0.020412203 0.51275003
-0 -0 0
-0 -0 0
-0 -0 0
-0 -0 0
-0 -0 0
-0 -0 0
-0 -0 0
-0 -0 0
-0 -0 0
-0 -0 0
-0 -0 0
-0 -0 0
-0 -0 0
-0.2742455 -0.012905874 0.5765
-0 -0 0
-0 -0 0
-0 -0 0
-0 -0 0
-0 -0 0
-0 -0 0
-0 -0 0
-0 -0 0
-0 -0 0
-0 -0 0
-0.15372774 -0.01216152 0.54325002
-0.1418204 -0.011960041 0.53425002
-0.13165405 -0.011887285 0.53100002
-0.12154402 -0.011808932 0.52750003
-0.11150339 -0.011724981 0.52375001
-0.10154532 -0.011635435 0.51975
-0.091949746 -0.011573873 0.51700002
-0.082530685 -0.011523502 0.51475
-0.073083386 -0.011456343 0.51175004
-0.063835159 -0.011405973 0.50950003
-0.054692727 -0.0113612 0.50750005
-0.045575246 -0.011305233 0.505
-0.036654465 -0.011282846 0.50400001
-0.027782531 -0.011266056 0.50325
-0.018955721 -0.01126046 0.50300002
-0.010117504 -0.011232478 0.50175005
-0.0013224278 -0.011198897 0.50025004
0.0074349619 -0.011187703 0.49975002
0.016166732 -0.011170913 0.49900001
0.024872221 -0.011154124 0.49825004
0.033602007 -0.011154124 0.49825004
0.042331792 -0.011154124 0.49825004
0.050984718 -0.011137334 0.49750003
0.059641361 -0.01112614 0.49700001
0.068211727 -0.011103754 0.49600002
0.076824568 -0.01109256 0.49550003
0.085635602 -0.01110935 0.49625003
0.0944729 -0.01112614 0.49700001
0.10318079 -0.01112614 0.49700001
0.1118324 -0.011120544 0.49675003
0.1205359 -0.011120544 0.49675003
0.12936948 -0.011131737 0.49725002
0.13801233 -0.01112614 0.49700001
0.14664643 -0.011120544 0.49675003
0.15542811 -0.01112614 0.49700001
0.16413598 -0.01112614 0.49700001
0.17284387 -0.01112614 0.49700001
0.18173441 -0.011137334 0.49750003
0.19083387 -0.01115972 0.49850002
0.19986829 -0.011176511 0.49925002
0.20872007 -0.011182107 0.49950004
0.21758059 -0.011187703 0.49975002
0.22712924 -0.011226879 0.50150001
0.236504 -0.011254864 0.50275004
0.24519064 -0.011249267 0.5025
0.25450039 -0.011271654 0.50350004
0.2637144 -0.011288444 0.50425005
0.27349517 -0.011327621 0.50600004
0.28333727 -0.011366797 0.50775003
0.29237738 -0.011372393 0.50800002
0.30261242 -0.011422763 0.51025003
0.31201041 -0.011439553 0.51100004
0.32159168 -0.01146194 0.51200002
0.33201504 -0.011512309 0.51425004
0.34235144 -0.011557083 0.51625001
0.35105631 -0.01154589 0.51575005
-0 -0 0
-0 -0 0
-0 -0 0
-0 -0 0
-0 -0 0
-0 -0 0
-0 -0 0
-0 -0 0
-0 -0 0
-0 -0 0
-0 -0 0
-0 -0 0
-0 -0 0
-0 -0 0
-0 -0 0
-0 -0 0
-0 -0 0
-0 -0 0
-0 -0 0
-0 -0 0
-0 -0 0
-0 -0 0
-0 -0 0
-0 -0 0
-0.15210062 -0.0026681123 0.53750002
-0.14208585 -0.0026569434 0.53525001
-0.13239788 -0.0026507387 0.53400004
-0.12206245 -0.0026296421 0.52975005
-0.11160984 -0.0026023404 0.52425003
-0.10178954 -0.0025862076 0.52100003
-0.092172064 -0.0025725567 0.51825005
-0.082731105 -0.0025613878 0.51600003
-0.073261894 -0.002546496 0.51300001
-0.06396044 -0.0025340861 0.51050001
-0.054854374 -0.0025266402 0.509
-0.045733184 -0.0025154715 0.50675005
-0.036781739 -0.0025105076 0.50575
-0.027865341 -0.0025055436 0.50475001
-0.019002829 -0.0025030619 0.50425005
-0.010152792 -0.0024993389 0.50350004
-0.0013270539 -0.002491893 0.50200003
0.0074572782 -0.0024881701 0.50125003
0.016231528 -0.0024869291 0.50100005
0.024997016 -0.0024856878 0.50075001
0.033736888 -0.0024832061 0.50025004
0.042459235 -0.0024807239 0.49975002
0.051189683 -0.0024794831 0.49950004
0.05991137 -0.0024782422 0.49925002
0.068521157 -0.0024732782 0.49825004
0.077212177 -0.0024720372 0.49800003
0.085894443 -0.002470796 0.49775001
0.094710514 -0.0024732782 0.49825004
0.1034403 -0.0024732782 0.49825004
0.11217009 -0.0024732782 0.49825004
0.12096053 -0.0024745192 0.49850002
0.12975974 -0.0024757602 0.49875003
0.13856772 -0.0024770009 0.49900001
0.14723684 -0.0024757602 0.49875003
0.1559754 -0.0024757602 0.49875003
0.16463137 -0.0024745192 0.49850002
0.17371331 -0.0024794831 0.49950004
0.18246502 -0.0024794831 0.49950004
0.19150381 -0.0024832061 0.50025004
0.20046879 -0.0024856878 0.50075001
0.20945132 -0.0024881701 0.50125003
0.21866903 -0.0024931338 0.50225002
0.22814827 -0.0025005797 0.50375003
0.23697442 -0.0025005797 0.50375003
0.24604456 -0.0025030619 0.50425005
0.25551128 -0.0025092666 0.50550002
0.26528332 -0.0025179535 0.50725001
0.2748464 -0.0025241585 0.50850004
0.28403479 -0.0025266402 0.509
0.29338458 -0.0025303632 0.50975001
0.30320549 -0.0025378091 0.51125002
0.31399482 -0.0025527012 0.51425004
0.32410413 -0.0025613878 0.51600003
0.33395189 -0.0025675928 0.51725
0.34351197 -0.0025713157 0.51800001
0.35275799 -0.0025725567 0.51825005
-0 0 0
-0 0 0
-0 0 0
-0 0 0
-0 0 0
-0 0 0
-0 0 0
-0 0 0
-0 0 0
-0 0 0
-0 0 0
-0 0 0
-0 0 0
-0 0 0
-0 0 0
-0 0 0
-0 0 0
-0 0 0
-0 0 0
-0 0 0
-0 0 0
-0 0 0
-0 0 0
-0 0 0
-0.15379848 0.0067713251 0.54350001
-0.14241767 0.0066841142 0.53650004
-0.1326458 0.0066654263 0.53500003
-0.12263849 0.0066311648 0.53225005
-0.11214207 0.0065626414 0.52675003
-0.10222913 0.0065190364 0.52325004
-0.092572227 0.0064847739 0.5205
-0.082851358 0.0064380541 0.51675004
-0.07344041 0.0064069075 0.51425004
-0.064179696 0.0063819895 0.51225001
-0.054989088 0.0063570724 0.51025003
-0.045913678 0.006338384 0.50875002
-0.036909014 0.0063228109 0.50750005
-0.02794815 0.0063072373 0.50625002
-0.019040514 0.0062947785 0.50525004
-0.010167914 0.0062823202 0.50425005
-0.0013310192 0.0062729758 0.50350004
0.0074833133 0.0062667462 0.50300002
0.016263926 0.0062542879 0.50200003
0.025071897 0.0062574022 0.50225002
0.033854906 0.0062542879 0.50200003
0.042544194 0.0062387139 0.50075001
0.051343407 0.0062418291 0.50100005
0.060121376 0.0062418291 0.50100005
0.068761818 0.0062293699 0.5
0.077483505 0.0062262556 0.49975002
0.086239576 0.0062262556 0.49975002
0.095185727 0.0062387139 0.50075001
0.10385551 0.0062324852 0.50025004
0.11256406 0.0062293699 0.5
0.12138517 0.0062324852 0.50025004
0.13028008 0.0062387139 0.50075001
0.13905367 0.0062387139 0.50075001
0.14782727 0.0062387139 0.50075001
0.15667905 0.0062418291 0.50100005
0.16545701 0.0062418291 0.50100005
0.17449582 0.0062511736 0.50175005
0.18319559 0.0062480583 0.50150001
0.19236512 0.0062605166 0.5025
0.20156974 0.0062729758 0.50350004
0.21028702 0.006269861 0.50325
0.21943094 0.006279205 0.50400001
0.22962019 0.0063165813 0.50700003
0.23826806 0.0063103517 0.50650001
0.24726442 0.0063134669 0.50675005
0.25639585 0.0063196961 0.50725001
0.26646003 0.0063477284 0.50950003
0.2757923 0.0063570724 0.51025003
0.28473234 0.0063570724 0.51025003
0.29511124 0.0063882191 0.51275003
0.30483639 0.0064037922 0.514
0.31460539 0.0064193662 0.51525003
0.3250463 0.0064473986 0.51750004
0.33508179 0.0064660865 0.51900005
0.34516984 0.0064847739 0.5205
0.35462981 0.0064910036 0.52100003
-0 0 0
-0 0 0
-0 0 0
-0 0 0
-0 0 0
-0 0 0
-0 0 0
-0 0 0
-0 0 0
-0 0 0
-0 0 0
-0 0 0
-0 0 0
-0 0 0
-0 0 0
-0 0 0
-0 0 0
-0 0 0
-0 0 0
-0 0 0
-0 0 0
-0 0 0
-0 0 0
-0 0 0
-0.15358624 0.016218135 0.54275
-0.14314768 0.016113551 0.53925002
-0.13307969 0.016038848 0.53675002
-0.1228689 0.015934262 0.53325003
-0.11235496 0.015769916 0.52775002
-0.10247334 0.015672799 0.52450001
-0.092794545 0.015590627 0.52175003
-0.083212107 0.015508453 0.51900005
-0.073726028 0.015426278 0.51625001
-0.064367637 0.015351575 0.51375002
-0.055150744 0.015291813 0.51175004
-0.046026491 0.015239521 0.51000005
-0.036999922 0.015202168 0.50875002
-0.02803096 0.015172287 0.50775003
-0.019106463 0.015149876 0.50700003
-0.010208244 0.015127465 0.50625002
-0.0013363062 0.015105054 0.50550002
0.0075167879 0.015097584 0.50525004
0.016336823 0.015067703 0.50425005
0.025159255 0.015060231 0.50400001
0.033972926 0.015052761 0.50375003
0.042756595 0.01503782 0.50325
0.051573988 0.01503782 0.50325
0.060331382 0.01502288 0.50275004
0.069002494 0.014992999 0.50175005
0.077793598 0.014992999 0.50175005
0.086627848 0.015000469 0.50200003
0.095423341 0.015000469 0.50200003
0.10421883 0.015000469 0.50200003
0.11301432 0.015000469 0.50200003
0.12193112 0.015015408 0.5025
0.13067034 0.015007939 0.50225002
0.1394008 0.015000469 0.50200003
0.1484177 0.01502288 0.50275004
0.15722632 0.01502288 0.50275004
0.1661175 0.01503035 0.50300002
0.17510442 0.015045292 0.50350004
0.18392619 0.015045292 0.50350004
0.19322647 0.015082642 0.50475001
0.20247047 0.015112523 0.50575
0.21154061 0.015127465 0.50625002
0.22106363 0.015172287 0.50775003
0.23041277 0.015202168 0.50875002
0.23920892 0.015194698 0.50850004
0.24848427 0.01521711 0.50925004
0.25778589 0.015239521 0.51000005
0.26737526 0.015276872 0.51125002
0.27673817 0.015299283 0.51200002
0.28640643 0.015336636 0.51325005
0.29626232 0.015381456 0.51475
0.30572602 0.015403868 0.51550001
0.31643718 0.015486042 0.51825005
0.32661656 0.015538335 0.52000004
0.3381485 0.01565039 0.52375001
0.34749088 0.015657861 0.52400005
0.35667184 0.015657861 0.52400005
-0 0 0
-0 0 0
-0 0 0
-0 0 0
-0 0 0
-0 0 0
-0 0 0
-0 0 0
-0 0 0
-0 0 0
-0 0 0
-0 0 0
-0 0 0
-0 0 0
-0 0 0
-0 0 0
-0 0 0
-0 0 0
-0 0 0
-0 0 0
-0 0 0
-0 0 0
-0 0 0
-0 0 0
-0.15386924 0.025721595 0.54375005
-0.14354587 0.025579682 0.54075003
-0.1334516 0.025461422 0.53825003
-0.12327213 0.025307683 0.53500003
-0.11278076 0.025059339 0.52975005
-0.10281525 0.024893772 0.52625
-0.092839003 0.024692729 0.52200001
-0.083372436 0.024598124 0.52000004
-0.073975943 0.024503512 0.51800001
-0.064524248 0.024361603 0.51500005
-0.055339336 0.024290645 0.51350003
-0.046161857 0.024196036 0.5115
-0.037072647 0.024113255 0.50975001
-0.028113771 0.024089605 0.50925004
-0.019144148 0.024030473 0.50800002
-0.01023345 0.024006823 0.50750005
-0.0013402716 0.023983169 0.50700003
0.0075391042 0.023971343 0.50675005
0.016401619 0.023947692 0.50625002
0.025246613 0.023924038 0.50575
0.034107804 0.023924038 0.50575
0.04292652 0.023900388 0.50525004
0.051753331 0.02388856 0.505
0.060571384 0.023876734 0.50475001
0.069311917 0.023841256 0.50400001
0.078142442 0.023841256 0.50400001
0.086929843 0.02382943 0.50375003
0.095708467 0.023817606 0.50350004
0.10447833 0.023805778 0.50325
0.11335202 0.023817606 0.50350004
0.12241643 0.02386491 0.50450003
0.13119069 0.023853084 0.50425005
0.13974789 0.023805778 0.50325
0.14893432 0.02386491 0.50450003
0.15777361 0.02386491 0.50450003
0.16677801 0.02388856 0.505
0.17571302 0.023900388 0.50525004
0.18465677 0.023912212 0.50550002
0.1940878 0.023983169 0.50700003
0.20327117 0.024018647 0.50775003
0.21227185 0.024030473 0.50800002
0.2217167 0.024089605 0.50925004
0.23120533 0.024148732 0.51050001
0.24014975 0.024148732 0.51050001
0.24933815 0.024172386 0.51100004
0.25930226 0.024266994 0.51300001
0.26868272 0.024302471 0.51375002
0.27768406 0.024302471 0.51375002
0.28696445 0.024326125 0.51425004
0.2968379 0.024397081 0.51575005
0.30883962 0.024633601 0.52075005
0.31826892 0.024657251 0.52125001
0.32802978 0.024704555 0.52225
0.33830994 0.02478734 0.52400005
0.34798825 0.024822818 0.52475005
0.35769281 0.024858294 0.5255
-0 0 0
-0 0 0
-0 0 0
-0 0 0
-0 0 0
-0 0 0
-0 0 0
-0 0 0
-0 0 0
-0 0 0
-0 0 0
-0 0 0
-0 0 0
-0 0 0
-0 0 0
-0 0 0
-0 0 0
-0 0 0
-0 0 0
-0 0 0
-0 0 0
-0 0 0
-0 0 0
-0.16790369 0.036166072 0.55875003
-0.15408146 0.035243716 0.54450005
-0.14401041 0.035114262 0.54250002
-0.13407144 0.035000991 0.54075003
-0.12344494 0.034677356 0.53575003
-0.1128872 0.03432136 0.53025001
-0.10305947 0.034143362 0.52750003
-0.093239173 0.033932999 0.52425003
-0.083532766 0.033722639 0.52100003
-0.074225865 0.033641726 0.51975
-0.064774826 0.033463731 0.51700002
-0.055500992 0.033334278 0.51500005
-0.046364918 0.033253368 0.51375002
-0.037236284 0.033140097 0.51200002
-0.028224181 0.033091553 0.51125002
-0.019228939 0.033026826 0.51025003
-0.01028386 0.033010643 0.51000005
-0.0013455586 0.032945916 0.509
0.0075688581 0.032929733 0.50875002
0.016458316 0.032881189 0.50800002
0.025346452 0.032865006 0.50775003
0.034192108 0.032816462 0.50700003
0.043011479 0.032767918 0.50625002
0.051907055 0.032784097 0.50650001
0.06072139 0.032751735 0.50600004
0.069586962 0.032751735 0.50600004
0.07841377 0.032735553 0.50575
0.08723183 0.032719374 0.50550002
0.09608864 0.032719374 0.50550002
0.10489355 0.032703191 0.50525004
0.11391483 0.032751735 0.50600004
0.12290172 0.032784097 0.50650001
0.13171102 0.032767918 0.50625002
0.14051156 0.032751735 0.50600004
0.14945093 0.032767918 0.50625002
0.15832089 0.032767918 0.50625002
0.16743852 0.032816462 0.50700003
0.17658246 0.032865006 0.50775003
0.18575267 0.032913554 0.50850004
0.19485343 0.032945916 0.509
0.20407182 0.03299446 0.50975001
0.21310759 0.033010643 0.51000005
0.22215207 0.033026826 0.51025003
0.23177147 0.033123914 0.51175004
0.2408554 0.033140097 0.51200002
0.25043604 0.033221006 0.51325005
0.26006046 0.033301912 0.51450002
0.27051315 0.03347991 0.51725
0.2794407 0.033463731 0.51700002
0.28877804 0.033496093 0.51750004
0.29914004 0.033641726 0.51975
0.30928445 0.033755001 0.52150005
0.31994805 0.03391682 0.52400005
0.32975712 0.033981543 0.52500004
0.33911696 0.033997726 0.52525002
0.34981191 0.034143362 0.52750003
0.35939449 0.034175724 0.528
-0 0 0
-0 0 0
-0 0 0
-0 0 0
-0 0 0
-0 0 0
-0 0 0
-0 0 0
-0 0 0
-0 0 0
-0 0 0
-0 0 0
-0 0 0
-0 0 0
-0 0 0
-0 0 0
-0 0 0
-0.24783635 0.050193295 0.611
-0.23654895 0.050070073 0.60950005
-0 0 0
-0 0 0
-0 0 0
-0 0 0
-0.16670169 0.045572389 0.55475003
-0.15485965 0.044956271 0.54725003
-0.14460769 0.044750899 0.54475003
-0.13419542 0.044463377 0.54125005
-0.12384816 0.044155315 0.53750002
-0.11320654 0.043682955 0.53175002
-0.10330368 0.043436505 0.52875
-0.093594879 0.04323113 0.52625
-0.083773263 0.042923074 0.52250004
-0.074404381 0.042799849 0.52100003
-0.064994082 0.042615011 0.51875001
-0.055716526 0.042471249 0.51700002
-0.046432603 0.042265877 0.51450002
-0.037345376 0.042183727 0.51350003
-0.028320791 0.042142652 0.51300001
-0.019304309 0.042081039 0.51225001
-0.010319148 0.042039968 0.51175004
-0.0013495239 0.041937277 0.51050001
0.0075837355 0.041875664 0.50975001
0.016515013 0.041875664 0.50975001
0.02543381 0.04185513 0.50950003
0.034326985 0.041814052 0.509
0.043223884 0.041793518 0.50875002
0.052086394 0.041752439 0.50825
0.060931396 0.041711368 0.50775003
0.069793254 0.041690834 0.50750005
0.078723863 0.041711368 0.50775003
0.087533817 0.041670293 0.50725001
0.096611373 0.041752439 0.50825
0.10556827 0.04177298 0.50850004
0.1143088 0.041711368 0.50775003
0.12314438 0.041690834 0.50750005
0.13210127 0.041711368 0.50775003
0.14092809 0.041690834 0.50750005
0.14989375 0.041711368 0.50775003
0.15886816 0.041731905 0.50800002
0.16809902 0.041814052 0.509
0.17710412 0.041834593 0.50925004
0.18630062 0.041896205 0.51000005
0.19542766 0.041937277 0.51050001
0.20487252 0.042039968 0.51175004
0.21404774 0.042081039 0.51225001
0.22291398 0.042060502 0.51200002
0.23313016 0.042286411 0.51475
0.24226665 0.042306952 0.51500005
0.25141191 0.04232749 0.51525003
0.26170319 0.042532861 0.51775002
0.27103615 0.04257394 0.51825005
0.28011635 0.04257394 0.51825005
0.29003355 0.042697158 0.51975
0.30014729 0.042840924 0.52150005
0.30958095 0.042881995 0.52200001
0.32055864 0.043128446 0.52500004
0.33101332 0.043292742 0.52700001
0.34121525 0.043415967 0.52850002
0.35180137 0.043580271 0.53050005
0.36160669 0.043641876 0.53125
-0 0 0
-0 0 0
-0 0 0
-0 0 0
-0 0 0
-0 0 0
-0 0 0
-0 0 0
-0 0 0
-0 0 0
-0 0 0
-0 0 0
-0 0 0
-0 0 0
-0 0 0
-0.26924688 0.06083855 0.611
-0 0 0
-0 0 0
-0 0 0
-0.22559202 0.060614515 0.60875005
-0.21519096 0.060689196 0.60950005
-0.2055186 0.060987908 0.61250001
-0 0 0
-0.16873005 0.05590973 0.56150001
-0.15521337 0.054615293 0.5485
-0.14520498 0.054465938 0.54700005
-0.13444334 0.053992972 0.54225004
-0.12425139 0.053694252 0.53925002
-0.11373878 0.053196393 0.53425002
-0.10349906 0.052748322 0.52975005
-0.093772739 0.052499391 0.52725005
-0.084174089 0.052275352 0.52500004
-0.074654296 0.052051313 0.52275002
-0.065244667 0.05185217 0.52075005
-0.055905122 0.051653024 0.51875001
-0.046567976 0.051379204 0.51600003
-0.037490826 0.051329415 0.51550001
-0.028431207 0.051279631 0.51500005
-0.019370258 0.051180054 0.514
-0.010344353 0.051080484 0.51300001
-0.0013534892 0.050980914 0.51200002
0.0076060519 0.050906233 0.51125002
0.01655551 0.050881341 0.51100004
0.025496207 0.050856445 0.51075
0.034394428 0.050781772 0.51000005
0.043308843 0.050756875 0.50975001
0.0522145 0.050731983 0.50950003
0.061141398 0.050731983 0.50950003
0.070102677 0.050756875 0.50975001
0.07915023 0.050831556 0.51050001
0.088051513 0.050806664 0.51025003
0.096896507 0.050756875 0.50975001
0.10587969 0.050781772 0.51000005
0.11481535 0.050781772 0.51000005
0.12350834 0.050682195 0.509
0.13236144 0.050657306 0.50875002
0.14148347 0.050731983 0.50950003
0.15055798 0.050781772 0.51000005
0.15972818 0.050856445 0.51075
0.16884209 0.050906233 0.51125002
0.17788661 0.050931126 0.5115
0.18675722 0.050906233 0.51125002
0.19609758 0.051005803 0.51225001
0.20547302 0.05110538 0.51325005
0.214779 0.051180054 0.514
0.22400242 0.051229842 0.51450002
0.23358308 0.051354311 0.51575005
0.24285467 0.051404092 0.51625001
0.25214383 0.051453881 0.51675004
0.26246139 0.051702812 0.51925004
0.27168986 0.051727705 0.51950002
0.28092706 0.051752593 0.51975
0.29017308 0.051777493 0.52000004
0.30173001 0.052200671 0.52425003
0.31017402 0.052076206 0.523
0.32101658 0.052350033 0.52575004
0.33226955 0.052673642 0.52900004
0.34282932 0.052872784 0.53100002
0.35263029 0.052947462 0.53175002
0.36228737 0.05299725 0.53225005
-0 0 0
-0 0 0
-0 0 0
-0 0 0
-0 0 0
-0 0 0
-0 0 0
-0 0 0
-0 0 0
-0 0 0
-0 0 0
-0 0 0
-0 0 0
-0 0 0
-0 0 0
-0.27056888 0.071834788 0.61400002
-0 0 0
-0 0 0
-0.23664597 0.071337558 0.60975003
-0.22605523 0.071366809 0.61000001
-0.21483788 0.071191311 0.6085
-0 0 0
-0 0 0
-0.16707732 0.065049097 0.55600005
-0.15585007 0.064434864 0.55075002
-0.1455368 0.064142384 0.54825002
-0.13475326 0.063586652 0.54350001
-0.12430899 0.063118674 0.5395
-0.11405812 0.062679946 0.53575003
-0.10374327 0.062124219 0.53100002
-0.093772739 0.061685495 0.52725005
-0.084374502 0.061568495 0.52625
-0.074975625 0.061422255 0.52500004
-0.065432593 0.061100513 0.52225
-0.056093719 0.060895775 0.5205
-0.04672591 0.06057404 0.51775002
-0.037581738 0.060457047 0.51675004
-0.028458808 0.0603108 0.51550001
-0.019351417 0.060076814 0.51350003
-0.010324189 0.059901319 0.51200002
-0.0013482022 0.059667334 0.51000005
0.0075577004 0.059433341 0.50800002
0.016466415 0.059462588 0.50825
0.025533648 0.059842821 0.5115
0.034529306 0.059901319 0.51200002
0.043584965 0.060018312 0.51300001
0.052393842 0.059813574 0.51125002
0.061411407 0.059872072 0.51175004
0.070343338 0.059842821 0.5115
0.079344042 0.059872072 0.51175004
0.088353507 0.059901319 0.51200002
0.097134113 0.059784327 0.51100004
0.10603538 0.059755072 0.51075
0.11504047 0.059784327 0.51100004
0.12399365 0.059784327 0.51100004
0.13294682 0.059784327 0.51100004
0.1419 0.059784327 0.51100004
0.15100078 0.059842821 0.5115
0.15996273 0.059842821 0.5115
0.16925493 0.059959821 0.51250005
0.17832133 0.059989069 0.51275003
0.18748783 0.060047567 0.51325005
0.19676751 0.060135309 0.514
0.20587336 0.06016456 0.51425004
0.21530133 0.060281552 0.51525003
0.22487317 0.060427792 0.5165
0.23460208 0.060603287 0.51800001
0.24403073 0.060691033 0.51875001
0.25360763 0.060808025 0.51975
0.26334596 0.060954273 0.52100003
0.27260509 0.06098352 0.52125001
0.28173783 0.06098352 0.52125001
0.29128912 0.061071265 0.52200001
0.30288109 0.061568495 0.52625
0.31224978 0.061597746 0.52650005
0.3237642 0.062036473 0.53025001
0.33383983 0.062182721 0.53150004
0.34379777 0.062299713 0.53250003
0.35395658 0.062445953 0.53375
0.3631382 0.062416706 0.53350002
-0 0 0
-0 0 0
-0 0 0
-0 0 0
-0 0 0
-0 0 0
-0 0 0
-0 0 0
-0 0 0
-0 0 0
-0 0 0
-0 0 0
-0 0 0
-0 0 0
-0 0 0
-0 0 0
-0 0 0
-0 0 0
-0 0 0
-0 0 0
-0.21598534 0.08222986 0.61175001
-0.20031771 0.080247208 0.597
-0.18850616 0.079675935 0.59275001
-0.16888031 0.075542599 0.56200004
-0.15648678 0.074332841 0.55300003
-0.14613408 0.073996797 0.55050004
-0.13562104 0.073526338 0.54700005
-0.12471223 0.072753437 0.54125005
-0.11437747 0.072215773 0.53725004
-0.10408518 0.07161089 0.53275001
-0.094172895 0.071174033 0.52950001
-0.084574923 0.070905201 0.52750003
-0.074975625 0.070569158 0.52500004
-0.06555789 0.070333928 0.52325004
-0.056228433 0.0701323 0.52175003
-0.046883844 0.069829859 0.51950002
-0.037581738 0.069460213 0.51675004
-0.028375998 0.06909056 0.514
-0.016110478 0.057463452 0.42750001
-0.0062509733 0.041669402 0.31
-0.000855844 0.043517645 0.32375002
0.0051773223 0.046777267 0.34800002
0.010553733 0.043786481 0.32575002
0.015200383 0.040930111 0.30450001
0.034310125 0.068384871 0.50875002
0.043415047 0.068687312 0.51100004
0.052547567 0.068922542 0.51275003
0.06150141 0.06888894 0.51250005
0.070446484 0.06885533 0.51225001
0.07946033 0.06888894 0.51250005
0.088482931 0.068922542 0.51275003
0.09737172 0.06885533 0.51225001
0.10629489 0.068821728 0.51200002
0.11537817 0.06888894 0.51250005
0.12435763 0.06888894 0.51250005
0.13333708 0.06888894 0.51250005
0.14252482 0.068989754 0.51325005
0.15136981 0.068922542 0.51275003
0.16043183 0.068956144 0.51300001
0.16999798 0.069191374 0.51475
0.17901687 0.069191374 0.51475
0.18830973 0.069292188 0.51550001
0.19734174 0.069292188 0.51550001
0.2067741 0.069426604 0.5165
0.21634598 0.069594629 0.51775002
0.22563511 0.069661841 0.51825005
0.23528142 0.069829859 0.51950002
0.24508917 0.070031486 0.52100003
0.25458354 0.0701323 0.52175003
0.26397777 0.070199504 0.52225
0.27352029 0.070300318 0.523
0.28322423 0.070434742 0.52400005
0.29310271 0.07060276 0.52525002
0.30374444 0.070938803 0.52775002
0.31402895 0.071174033 0.52950001
0.32422215 0.071375661 0.53100002
0.33462495 0.07161089 0.53275001
0.34557325 0.071946934 0.53525001
0.35627761 0.072215773 0.53725004
0.36671174 0.072417401 0.53875005
-0 0 0
-0 0 0
-0 0 0
-0 0 0
-0 0 0
-0 0 0
-0 0 0
-0 0 0
-0 0 0
-0 0 0
-0.32647115 0.093837187 0.61800003
-0.31704777 0.094254747 0.62075001
-0.31418663 0.096722148 0.63700002
-0.30183655 0.096342549 0.63450003
-0.28499222 0.094444551 0.62200004
-0 0 0
-0 0 0
-0 0 0
-0 0 0
-0 0 0
-0.21669148 0.09319187 0.61375004
-0.20023383 0.090610586 0.59675002
-0.18810864 0.089813426 0.59150004
-0.16888031 0.085334145 0.56200004
-0.15740645 0.084461063 0.55625004
-0.14639953 0.083739825 0.55150002
-0.13586898 0.083208382 0.54800004
-0.12505785 0.082411215 0.54275
-0.11475003 0.081841819 0.53900003
-0.10432939 0.08108262 0.53400004
-0.094484136 0.080665059 0.53125
-0.08481542 0.08032342 0.52900004
-0.075047024 0.079791978 0.5255
-0.065589212 0.0794883 0.52350003
-0.055581819 0.07831154 0.51575005
-0.046793595 0.078729101 0.51850003
-0.02218177 0.046311233 0.30500001
-0.016686082 0.045893677 0.30225003
-0.011390391 0.045893677 0.30225003
-0.0059686713 0.04494467 0.296
-0.00077719887 0.044640992 0.294
0.0043962607 0.044868752 0.29550001
0.0095493868 0.04475487 0.29475001
0.014763591 0.044906713 0.29575002
0.020248877 0.045589995 0.30025002
0.028695561 0.051283997 0.33775002
0.049165666 0.072845295 0.47975004
0.061321404 0.077590302 0.51100004
0.070274584 0.077590302 0.51100004
0.079576612 0.077931941 0.51325005
0.088741779 0.078083783 0.51425004
0.097751901 0.078083783 0.51425004
0.10665821 0.078007855 0.51375002
0.11565957 0.078007855 0.51375002
0.12472159 0.078045815 0.514
0.13372733 0.078045815 0.514
0.14294134 0.078159697 0.51475
0.15218164 0.078273579 0.51550001
0.16121367 0.078273579 0.51550001
0.17032824 0.07831154 0.51575005
0.17971243 0.078463383 0.51675004
0.18904033 0.078577258 0.51750004
0.19791597 0.078501336 0.51700002
0.2073746 0.078653179 0.51800001
0.21686831 0.078805022 0.51900005
0.22672355 0.079070739 0.52075005
0.23641367 0.079260536 0.52200001
0.24579482 0.079336464 0.52250004
0.25470549 0.079260536 0.52200001
0.26460961 0.0794883 0.52350003
0.27508926 0.079867899 0.52600002
0.28525111 0.080133617 0.52775002
0.29561383 0.080437303 0.52975005
0.30561495 0.080627099 0.53100002
0.31565991 0.080816902 0.53225005
0.32590127 0.081044659 0.53375
0.33713737 0.08150018 0.53675002
0.34734875 0.081689984 0.53800005
0.35710654 0.081765898 0.53850001
0.36739242 0.081955701 0.53975004
-0 0 0
-0 0 0
-0 0 0
-0 0 0
-0 0 0
-0 0 0
-0 0 0
-0 0 0
-0 0 0
-0 0 0
-0.32739562 0.10490061 0.61975002
-0.31615397 0.10477366 0.61900002
-0.3064183 0.1051545 0.62125003
-0 0 0
-0.28636676 0.10578923 0.625
-0.2728824 0.10481597 0.61925006
-0 0 0
-0 0 0
-0 0 0
-0 0 0
-0.21324912 0.10223471 0.60400003
-0.20073715 0.10126146 0.59825003
-0.18882418 0.10049976 0.59375
-0.16873005 0.095041044 0.56150001
-0.15761869 0.094279371 0.55700004
-0.14686407 0.093644626 0.55325001
-0.13586898 0.092756003 0.54800004
-0.12528826 0.092036635 0.54375005
-0.11480325 0.091274947 0.53925002
-0.10447593 0.090513274 0.53475004
-0.094662003 0.090090118 0.53225005
-0.084454671 0.089159168 0.52675003
-0.0746186 0.0884398 0.52250004
-0.037555616 0.050736513 0.29975
-0.032438446 0.050948098 0.30100003
-0.026961595 0.050567254 0.29875001
-0.021381771 0.049763255 0.294
-0.016009806 0.049086206 0.29000002
-0.010853375 0.048747681 0.28800002
-0.0057569453 0.048324522 0.28550002
-0.00075538969 0.048366837 0.28575
0.0042586452 0.048451472 0.28625003
0.0093306983 0.048747681 0.28800002
0.014326798 0.048578415 0.287
0.019523896 0.049001575 0.28950003
0.025084721 0.049974836 0.29525003
0.030975139 0.051159676 0.30225003
0.03579082 0.050482623 0.29825002
0.044832706 0.055179663 0.32600001
0.07946033 0.086747177 0.51250005
0.088871203 0.087170333 0.51500005
0.09794198 0.087212645 0.51525003
0.10702152 0.087254956 0.51550001
0.11594099 0.087170333 0.51500005
0.1250249 0.087212645 0.51525003
0.1339875 0.087170333 0.51500005
0.14321904 0.087297283 0.51575005
0.15255065 0.087466538 0.51675004
0.16183914 0.087593488 0.51750004
0.17082362 0.087551169 0.51725
0.17997326 0.087593488 0.51750004
0.18949693 0.087805063 0.51875001
0.19849019 0.087762751 0.51850003
0.20827536 0.088058956 0.52025002
0.21759956 0.088143595 0.52075005
0.2270501 0.088270545 0.52150005
0.23709303 0.088609062 0.52350003
0.24697086 0.088862956 0.52500004
0.25653529 0.088989906 0.52575004
0.26675782 0.089328431 0.52775002
0.27731195 0.089751586 0.53025001
0.28714287 0.089920849 0.53125
0.29645085 0.089920849 0.53125
0.30734161 0.090386324 0.53400004
0.31818044 0.090809479 0.53650004
0.32941213 0.091317259 0.5395
0.33870766 0.091274947 0.53925002
0.34831715 0.091317259 0.5395
0.35843286 0.091486536 0.54050004
0.36909407 0.091782741 0.54225004
-0 0 0
-0 0 0
-0 0 0
-0 0 0
-0 0 0
-0 0 0
-0 0 0
-0 0 0
-0 0 0
-0 0 0
-0.32501841 0.11485822 0.61525005
-0.31245103 0.11420482 0.61175001
-0.30210254 0.11434484 0.61250001
-0.2923224 0.11471821 0.61450005
-0 0 0
-0 0 0
-0 0 0
-0.2504729 0.11527826 0.61750001
-0.24062401 0.11574498 0.62
-0 0 0
-0.21245472 0.11233797 0.60175002
-0.20174378 0.11224464 0.60125005
-0.1873931 0.1100044 0.58925003
-0.16918081 0.10510391 0.56300002
-0.15790166 0.10417048 0.55800003
-0.14732863 0.10361042 0.55500001
-0.13611691 0.10249031 0.54900002
-0.1257491 0.10188358 0.54575002
-0.11512259 0.10095016 0.54075003
-0.10511089 0.10043678 0.53800005
-0.094706461 0.099410005 0.53250003
-0.051586691 0.060066044 0.32175002
-0.042129159 0.055072207 0.29500002
-0.036584623 0.054512154 0.29200003
-0.031145215 0.053952094 0.289
-0.025720686 0.053205356 0.28500003
-0.0204545 0.052505281 0.28125
-0.015347331 0.051898558 0.27800003
-0.010429414 0.051665194 0.27675
-0.005565383 0.051525187 0.27600002
-0.00073027617 0.051571853 0.27625
0.0041098716 0.051571853 0.27625
0.008958119 0.051618528 0.27650002
0.013902485 0.051991899 0.27850002
0.018950654 0.052458614 0.28100002
0.02415015 0.053065341 0.28425002
0.029591635 0.053905427 0.28875002
0.035190806 0.05474551 0.29325002
0.04153214 0.056379005 0.30200002
0.051436022 0.061932895 0.33175001
0.088137791 0.095349588 0.51075
0.09794198 0.096189678 0.51525003
0.10722912 0.09642303 0.5165
0.11622239 0.096376359 0.51625001
0.12532821 0.09642303 0.5165
0.13437775 0.09642303 0.5165
0.143705 0.096609727 0.51750004
0.15291966 0.09670306 0.51800001
0.16215187 0.096796408 0.51850003
0.17131899 0.096843079 0.51875001
0.18075573 0.09702976 0.51975
0.18986222 0.09702976 0.51975
0.19925581 0.097169772 0.5205
0.20897596 0.097449802 0.52200001
0.21843526 0.097589821 0.52275002
0.22857392 0.098009862 0.52500004
0.23856495 0.098336563 0.52675003
0.24861732 0.098663263 0.52850002
0.25909698 0.099129975 0.53100002
0.26903242 0.099363334 0.53225005
0.27809641 0.099269986 0.53175002
0.28822389 0.099550016 0.53325003
0.29826444 0.099783368 0.5345
0.3083488 0.10001674 0.53575003
0.31921828 0.10048345 0.53825003
0.32910687 0.10062346 0.53900003
0.34012091 0.10109017 0.54150003
0.34960845 0.10109017 0.54150003
0.36042228 0.10146354 0.54350001
0.37062562 0.10165023 0.54450005
-0 0 0
-0 0 0
-0 0 0
-0 0 0
-0 0 0
-0 0 0
-0 0 0
-0 0 0
-0 0 0
-0 0 0
-0.32303739 0.12481211 0.61150002
-0.31015265 0.12394466 0.60725003
-0.29926646 0.1238426 0.60675001
-0.28958708 0.12425081 0.60875005
-0.27915034 0.12435286 0.60925001
-0.27299255 0.12644498 0.61950004
-0 0 0
-0 0 0
-0.24120617 0.12685318 0.62150002
-0 0 0
-0.21263127 0.12292411 0.60225004
-0.20157601 0.12261795 0.60075003
-0.18612102 0.11945427 0.58525002
-0.16963156 0.11521903 0.56450003
-0.15860911 0.1144026 0.56050003
-0.14766045 0.11353514 0.55625004
-0.13661277 0.11246356 0.551
-0.1258643 0.11149406 0.54625005
-0.11544194 0.11067763 0.54225004
-0.10462246 0.1092999 0.53550005
-0.053578068 0.06148757 0.30125001
-0.046896994 0.059701625 0.29250002
-0.041129485 0.058783136 0.28800002
-0.035488337 0.057813622 0.28325
-0.029959759 0.056742057 0.27800003
-0.024840767 0.05618076 0.27525002
-0.019963594 0.056027677 0.27450001
-0.015140306 0.055976648 0.27425
-0.010335201 0.055976648 0.27425
-0.0055250544 0.055925623 0.27400002
-0.00072366733 0.055874594 0.27375001
0.0040763975 0.055925623 0.27400002
0.0088771228 0.055925623 0.27400002
0.013690328 0.055976648 0.27425
0.018562874 0.05618076 0.27525002
0.023427982 0.056282811 0.27575001
0.028541194 0.056844112 0.27850002
0.034050781 0.05791568 0.28375003
0.039847475 0.059140325 0.28975001
0.045699377 0.060160864 0.29475001
0.057076018 0.067508757 0.33075002
0.097799413 0.10501362 0.51450002
0.10733293 0.10552389 0.51700002
0.11672893 0.10583006 0.51850003
0.12587418 0.10588108 0.51875001
0.13483305 0.10577904 0.51825005
0.14419095 0.10598314 0.51925004
0.15343629 0.10608519 0.51975
0.16246459 0.10603417 0.51950002
0.17173183 0.10613623 0.52000004
0.18136436 0.10644238 0.52150005
0.19059283 0.10649341 0.52175003
0.19992574 0.10659546 0.52225
0.2094764 0.10679957 0.52325004
0.21937545 0.10715676 0.52500004
0.22998889 0.10782012 0.52825004
0.23958398 0.1079732 0.52900004
0.24944057 0.10822833 0.53025001
0.26019487 0.10884065 0.53325003
0.26979059 0.1089427 0.53375
0.27940387 0.10904476 0.53425002
0.28998053 0.10950401 0.53650004
0.29965949 0.10960605 0.537
0.30993155 0.10991222 0.53850001
0.31981134 0.1100653 0.53925002
0.32910687 0.11001427 0.53900003
0.340592 0.11067763 0.54225004
0.34976983 0.11057557 0.54175001
0.3605881 0.11098379 0.54375005
0 0 0
-0 0 0
-0 0 0
-0 0 0
-0 0 0
-0 0 0
-0 0 0
-0 0 0
-0 0 0
-0 0 0
-0 0 0
-0 0 0
-0.30696046 0.13314 0.60100001
-0.29680032 0.13330615 0.60175002
-0.28661391 0.13347229 0.60250002
-0.28006673 0.1354107 0.61125004
-0 0 0
-0.25907055 0.13563223 0.61225003
-0.25493479 0.1392321 0.62850004
-0.24023591 0.13712756 0.61900002
-0.22929783 0.13707218 0.61875004
-0.21369043 0.1340815 0.60525
-0.20157601 0.13308463 0.60075003
-0.18445142 0.12848786 0.58000004
-0.17023255 0.12549719 0.56650001
-0.15910432 0.12455568 0.56225002
-0.14805864 0.1235588 0.55775005
-0.13710865 0.12250653 0.55300003
-0.12615232 0.12128811 0.54750001
-0.11554838 0.12023583 0.54275
-0.057439774 0.065130048 0.294
-0.05188847 0.064631611 0.29175001
-0.045814753 0.06330242 0.28575
-0.039879892 0.061862476 0.27925003
-0.034548663 0.061087117 0.27575001
-0.029555622 0.060754817 0.27425
-0.024705393 0.060644053 0.27375001
-0.019890867 0.060588673 0.27350003
-0.015071298 0.060477905 0.273
-0.010278674 0.060422525 0.27275002
-0.0054796841 0.060200989 0.27175
-0.00071705849 0.060090225 0.27125001
0.0040466427 0.060256377 0.27200001
0.0088366251 0.060422525 0.27275002
0.01362793 0.060477905 0.273
0.018427994 0.060533289 0.27325001
0.02325806 0.060644053 0.27375001
0.028156888 0.060865588 0.27475002
0.033120759 0.0611425 0.27600002
0.038369097 0.061807092 0.27900001
0.044420257 0.063468568 0.28650001
0.051079366 0.065573111 0.296
0.058213938 0.067843802 0.30625001
0.1063987 0.11353453 0.51250005
0.11661637 0.11475295 0.51800001
0.1259955 0.11502986 0.51925004
0.13509323 0.11502986 0.51925004
0.14439923 0.11519601 0.52000004
0.15365769 0.11530677 0.5205
0.16269915 0.11525139 0.52025002
0.17230977 0.1155837 0.52175003
0.18197297 0.11591599 0.52325004
0.19141474 0.11608214 0.52400005
0.2009785 0.11630367 0.52500004
0.21117781 0.11685749 0.52750003
0.22073349 0.11702365 0.52825004
0.23053311 0.11730055 0.52950001
0.24082945 0.117799 0.53175002
0.25108704 0.11824206 0.53375
0.26080477 0.1184082 0.5345
0.27004334 0.11835282 0.53425002
0.27901164 0.11818668 0.53350002
0.2903859 0.11901742 0.53725004
0 0 0
0 0 0
0 0 0
0 0 0
0 0 0
0 0 0
0 0 0
0 0 0
-0 0 0
-0 0 0
-0 0 0
-0 0 0
-0 0 0
-0 0 0
-0 0 0
-0 0 0
-0 0 0
-0 0 0
-0 0 0
-0.30581132 0.14307338 0.59875005
-0.29421088 0.14253573 0.59650004
-0.28447324 0.14289416 0.59800005
-0.27743214 0.14468631 0.60550004
-0 0 0
-0.25833005 0.14588109 0.61050004
-0 0 0
-0 0 0
-0 0 0
-0 0 0
-0.2032537 0.14474605 0.60575002
-0.18262281 0.13721903 0.57425004
-0.17083356 0.13584504 0.56850004
-0.15952879 0.13471001 0.56375003
-0.14852318 0.13369446 0.55950004
-0.13760452 0.13261916 0.55500001
-0.12678596 0.13148415 0.55025005
-0.1056488 0.11858065 0.49625003
-0.057000186 0.069714673 0.29175001
-0.0506435 0.068041995 0.28475001
-0.044572186 0.066429064 0.27800003
-0.039237242 0.065652467 0.27475002
-0.034298085 0.065413505 0.27375001
-0.029420912 0.065234289 0.273
-0.024570024 0.06505508 0.27225003
-0.01972723 0.064816125 0.27125001
-0.014947085 0.064696647 0.27075002
-0.010165617 0.064457692 0.26975
-0.005429273 0.064338215 0.26925001
-0.00071044965 0.064218737 0.26875001
0.0039982912 0.064218737 0.26875001
0.0087394295 0.064457692 0.26975
0.013503131 0.064636908 0.2705
0.018309975 0.064875863 0.27150002
0.023151858 0.065114811 0.27250001
0.028054405 0.065413505 0.27375001
0.032910753 0.065532982 0.27425
0.037819002 0.065712199 0.27500001
0.042986099 0.066249847 0.27725002
0.049224291 0.068161473 0.28525001
0.056408118 0.070909433 0.29675001
0.064721555 0.074493743 0.31175002
0.11577214 0.12288181 0.51425004
0.12484292 0.12294155 0.51450002
0.13476801 0.12377788 0.51800001
0.14467691 0.12449475 0.52100003
0.15402672 0.12467396 0.52175003
0.16348098 0.12491292 0.52275002
0.1731354 0.12527135 0.52425003
0.18266851 0.12551031 0.52525002
0.19241931 0.12586874 0.52675003
0.20231836 0.12628689 0.52850002
0.2118784 0.12646611 0.52925003
0.22177814 0.12682454 0.53075004
0.23118618 0.12688428 0.53100002
0.24139559 0.12736219 0.53300005
0.25167507 0.1278401 0.53500003
0 0 0
0 0 0
0 0 0
0 0 0
0 0 0
0 0 0
0 0 0
0 0 0
0 0 0
0 0 0
0 0 0
0 0 0
-0 0 0
-0 0 0
-0 0 0
-0 0 0
-0 0 0
-0 0 0
-0 0 0
-0 0 0
-0 0 0
-0 0 0
-0 0 0
-0 0 0
-0.29396427 0.15280017 0.59600002
-0.28280824 0.1524156 0.59450001
-0.27422482 0.15344112 0.59850001
-0 0 0
-0 0 0
-0 0 0
-0 0 0
-0 0 0
-0.21607362 0.15690219 0.61200005
-0.20392479 0.15581261 0.60775006
-0.18397439 0.1483136 0.57850003
-0.17090867 0.14581393 0.56875002
-0.15974103 0.14472432 0.56450003
-0.1490541 0.14395519 0.56150001
-0.13822436 0.14292969 0.5575
-0.12753481 0.14190418 0.5535
-0.06237803 0.075118206 0.29300001
-0.055779107 0.073195383 0.28550002
-0.049220677 0.070952088 0.27675
-0.043890774 0.070182964 0.27375001
-0.039023027 0.070054777 0.27325001
-0.03414147 0.069862492 0.27250001
-0.029178433 0.069413841 0.27075002
-0.024321841 0.069093369 0.26950002
-0.01952723 0.068836987 0.2685
-0.014767664 0.068580613 0.26750001
-0.010099668 0.0687088 0.26800001
-0.0054242322 0.068965182 0.26900002
-0.00071177143 0.069029272 0.26925001
0.0039982912 0.068901084 0.26875001
0.0087070316 0.068901084 0.26875001
0.013353375 0.068580613 0.26750001
0.018090794 0.068772897 0.26825002
0.022918215 0.069157459 0.26975
0.027746961 0.069413841 0.27075002
0.032670747 0.069798402 0.27225003
0.037578337 0.070054777 0.27325001
0.042559724 0.070375249 0.27450001
0.047973193 0.071272567 0.27800003
0.054982472 0.074156798 0.28925002
0.061918855 0.076464184 0.29825002
0.068101257 0.077553779 0.30250001
0.07619179 0.0805021 0.31400001
0.13106059 0.12914948 0.50375003
0.14544056 0.13427699 0.52375001
0.15483855 0.13446927 0.52450001
0.1642628 0.13466156 0.52525002
0.17387848 0.13498203 0.52650005
0.18353795 0.1353025 0.52775002
0.19296725 0.13543069 0.52825004
0.20279688 0.13581526 0.52975005
0.21277916 0.13626392 0.53150004
0.22240493 0.13645621 0.53225005
0 0 0
0 0 0
0 0 0
0 0 0
0 0 0
0 0 0
0 0 0
0 0 0
0 0 0
0 0 0
0 0 0
0 0 0
0 0 0
0 0 0
0 0 0
-0 0 0
-0 0 0
-0 0 0
-0 0 0
-0 0 0
-0 0 0
-0 0 0
-0 0 0
-0 0 0
-0 0 0
-0 0 0
-0 0 0
-0.29162142 0.16188353 0.59125
-0.28138113 0.161952 0.59150004
-0.27136117 0.16215734 0.59225005
-0.26285726 0.16332099 0.59650004
-0 0 0
-0 0 0
-0.23422031 0.16523758 0.60350001
-0 0 0
-0.21704453 0.16831781 0.61475003
-0.20451199 0.16688038 0.60950005
-0.18389489 0.15832417 0.57825005
-0.17226093 0.15695517 0.57325006
-0.1606607 0.15544927 0.56775004
-0.14931954 0.15401182 0.5625
-0.13853429 0.15298508 0.55875003
-0.068260498 0.081112899 0.29625002
-0.061632901 0.07926476 0.28950003
-0.054411493 0.076252967 0.27850002
-0.048731588 0.075020872 0.27400002
-0.043770526 0.074747071 0.273
-0.038880218 0.074541725 0.27225003
-0.033734277 0.073720329 0.26925001
-0.028909011 0.073446535 0.26825002
-0.024118781 0.073172726 0.26725
-0.019690868 0.074131027 0.27075002
-0.015250719 0.075636916 0.27625
-0.010514207 0.076389864 0.27900001
-0.0056510819 0.076732114 0.28025001
-0.00074151123 0.07680057 0.28050002
0.0041731005 0.07680057 0.28050002
0.0090796119 0.076732114 0.28025001
0.013802647 0.075705372 0.27650002
0.018360555 0.074541725 0.27225003
0.022790775 0.073446535 0.26825002
0.027465135 0.073378079 0.26800001
0.032370739 0.073857225 0.26975
0.037337672 0.07433638 0.27150002
0.04236592 0.074815527 0.27325001
0.047369212 0.075157769 0.27450001
0.053034086 0.076389864 0.27900001
0.060257994 0.079470098 0.29025
0.066975616 0.081455141 0.29750001
0.07461457 0.084193133 0.3075
0.13444281 0.14148554 0.51675004
0.14578769 0.14374438 0.52500004
0.15520756 0.14394973 0.52575004
0.1647319 0.14422353 0.52675003
0.17429128 0.14449732 0.52775002
0.18414654 0.14497647 0.52950001
0.19333254 0.14490803 0.52925003
0.20365821 0.14566097 0.53200001
0 0 0
0 0 0
0 0 0
0 0 0
0 0 0
0 0 0
0 0 0
0 0 0
0 0 0
0 0 0
0 0 0
0 0 0
0 0 0
0 0 0
0 0 0
0 0 0
0 0 0
-0 0 0
-0 0 0
-0 0 0
-0 0 0
-0 0 0
-0 0 0
-0 0 0
-0 0 0
-0 0 0
-0 0 0
-0 0 0
-0 0 0
-0 0 0
-0.28197575 0.17262153 0.59275001
-0.27010113 0.17167506 0.58950001
-0.26142508 0.17276715 0.59325004
-0 0 0
-0 0 0
-0 0 0
-0 0 0
-0.21757412 0.17946525 0.61625004
-0.20568638 0.17851877 0.61300004
-0.18397439 0.16847163 0.57850003
-0.17256142 0.16723394 0.57425004
-0.16129741 0.16599625 0.57000005
-0.15018228 0.16475855 0.56575
-0.13884421 0.16308403 0.56
-0.067166023 0.084891059 0.2915
-0.060195863 0.082342871 0.28275001
-0.053629998 0.079940297 0.27450001
-0.048553731 0.079503462 0.273
-0.043570112 0.079139434 0.27175
-0.038451783 0.078411385 0.26925001
-0.033515021 0.077901743 0.26750001
-0.028989838 0.078338586 0.26900002
-0.024908453 0.080377132 0.27600002
-0.020345412 0.081469215 0.27975002
-0.015471544 0.081614822 0.28025001
-0.01053305 0.081396401 0.27950001
-0.0056208349 0.081177987 0.27875
-0.00073622412 0.081105188 0.27850002
0.0041545038 0.081323601 0.27925003
0.0090472139 0.081323601 0.27925003
0.013939925 0.081323601 0.27925003
0.018832635 0.081323601 0.27925003
0.023640383 0.081032373 0.27825001
0.027900685 0.079285055 0.27225003
0.032130737 0.077974558 0.26775002
0.036925096 0.078192964 0.2685
0.042017072 0.078921027 0.27100003
0.047110364 0.079503462 0.273
0.052226219 0.080013104 0.27475002
0.058233827 0.081687629 0.28050002
0.065230876 0.084381424 0.28975001
0.07267338 0.087220833 0.29950002
0.1365892 0.15289128 0.52500004
0.14655133 0.15369214 0.52775002
0.1559456 0.15383776 0.52825004
0.16496646 0.15361933 0.52750003
0.17453897 0.15391055 0.52850002
0.18527681 0.15514824 0.53275001
0 0 0
0 0 0
0 0 0
0 0 0
0 0 0
0 0 0
0 0 0
0 0 0
0 0 0
0 0 0
0 0 0
0 0 0
0 0 0
0 0 0
0 0 0
0 0 0
0 0 0
0 0 0
0 0 0
-0 0 0
-0 0 0
-0 0 0
-0 0 0
-0 0 0
-0 0 0
-0 0 0
-0 0 0
-0 0 0
-0 0 0
-0 0 0
-0 0 0
-0 0 0
-0 0 0
-0 0 0
-0 0 0
-0 0 0
-0 0 0
-0 0 0
-0.23031694 0.19182232 0.62150002
-0.21872157 0.19120504 0.61950004
-0.20316982 0.18688403 0.60550004
-0.1841334 0.17870496 0.57900006
-0.17286192 0.17754754 0.57525003
-0.16165112 0.17631295 0.57125002
-0.15018228 0.17461541 0.56575
-0.083926365 0.10447604 0.33850002
-0.066129155 0.088580862 0.287
-0.058545932 0.084877133 0.27500001
-0.053385779 0.084337011 0.27325001
-0.048375882 0.083951205 0.27200001
-0.043209367 0.083179593 0.26950002
-0.038130462 0.082407989 0.26700002
-0.033765603 0.083179593 0.26950002
-0.029959759 0.085803069 0.27800003
-0.025224321 0.086266033 0.27950001
-0.020309048 0.086188875 0.27925003
-0.015402536 0.086111709 0.27900001
-0.0104671 0.085725911 0.27775002
-0.0055704238 0.085262939 0.27625
-0.00072895439 0.085108615 0.27575001
0.0041210293 0.085494421 0.27700001
0.0089905169 0.085648745 0.2775
0.013890005 0.085880227 0.27825001
0.018782055 0.085957393 0.27850002
0.023682864 0.086034551 0.27875
0.028566813 0.086034551 0.27875
0.032880753 0.084568493 0.27400002
0.036787573 0.082562305 0.26750001
0.041706979 0.083025277 0.26900002
0.046808373 0.083719723 0.27125001
0.051893566 0.084259845 0.273
0.057195786 0.085031457 0.2755
0.06427408 0.088117898 0.28550002
0.071642123 0.091127187 0.29525003
0.13717459 0.16273263 0.52725005
0.14724556 0.16365854 0.53025001
0.15660982 0.16373572 0.53050005
0.16606101 0.16389003 0.53100002
0 0 0
0 0 0
0 0 0
0 0 0
0 0 0
0 0 0
0 0 0
0 0 0
0 0 0
0 0 0
0 0 0
0 0 0
0 0 0
0 0 0
0 0 0
0 0 0
0 0 0
0 0 0
0 0 0
0 0 0
0 0 0
-0 0 0
-0 0 0
-0 0 0
-0 0 0
-0 0 0
-0 0 0
-0 0 0
-0 0 0
-0 0 0
-0 0 0
-0 0 0
-0 0 0
-0 0 0
-0 0 0
-0 0 0
-0 0 0
-0 0 0
-0 0 0
-0 0 0
-0.23115075 0.20338418 0.62375003
-0.22004554 0.20322113 0.62325001
-0.20233098 0.19661829 0.60300004
-0.18484893 0.18952632 0.58125001
-0.17353804 0.18830359 0.57750005
-0.16214633 0.18683627 0.57300001
-0.15084593 0.18528746 0.56825
-0.0717775 0.094396345 0.28950003
-0.064573854 0.091380224 0.28025001
-0.05817337 0.089097753 0.27325001
-0.053141564 0.088690169 0.27200001
-0.047975712 0.087956518 0.26975
-0.042808536 0.087059841 0.26700002
-0.038344674 0.087548934 0.2685
-0.034799244 0.090565056 0.27775002
-0.030067528 0.09097264 0.27900001
-0.025179196 0.09097264 0.27900001
-0.020254502 0.090809606 0.27850002
-0.015333529 0.090565056 0.27775002
-0.010448257 0.090402022 0.27725002
-0.0055805058 0.090238981 0.27675
-0.00073093706 0.090157472 0.27650002
0.00411731 0.090238981 0.27675
0.0089824172 0.090402022 0.27725002
0.013840087 0.090402022 0.27725002
0.018731475 0.090565056 0.27775002
0.023619145 0.09064658 0.27800003
0.028541194 0.090809606 0.27850002
0.033450764 0.090891115 0.27875
0.03775024 0.089505337 0.27450001
0.041513175 0.087304391 0.26775002
0.046549525 0.087956518 0.26975
0.051655959 0.088608652 0.27175
0.056884378 0.089342304 0.27400002
0.063148439 0.09146174 0.28050002
0.070671529 0.094966963 0.29125002
0.12462138 0.156186 0.47900003
0.14752324 0.17322299 0.53125
0 0 0
0 0 0
0 0 0
0 0 0
0 0 0
0 0 0
0 0 0
0 0 0
0 0 0
0 0 0
0 0 0
0 0 0
0 0 0
0 0 0
0 0 0
0 0 0
0 0 0
0 0 0
0 0 0
0 0 0
0 0 0
0 0 0
0 0 0
-0 0 0
-0 0 0
-0 0 0
-0 0 0
-0 0 0
-0 0 0
-0 0 0
-0 0 0
-0 0 0
-0 0 0
-0 0 0
-0 0 0
-0 0 0
-0 0 0
-0 0 0
-0 0 0
-0 0 0
-0 0 0
-0 0 0
-0.23216984 0.21519616 0.62650001
-0.22092819 0.21493854 0.62575001
-0.19864002 0.20334576 0.59200001
-0.185803 0.20068373 0.58425003
-0.1743644 0.19930977 0.58025002
-0.16235857 0.1970771 0.57375002
-0.15058047 0.19484441 0.56725001
-0.07140559 0.098924972 0.28800002
-0.063306578 0.09437374 0.27475002
-0.05790725 0.093429141 0.27200001
-0.052848503 0.092913903 0.2705
-0.047575545 0.091883436 0.26750001
-0.042728372 0.091539949 0.26650003
-0.03952286 0.095060706 0.27675
-0.034955855 0.09583357 0.27900001
-0.030067528 0.09583357 0.27900001
-0.025111509 0.095575951 0.27825001
-0.020163594 0.095232464 0.27725002
-0.015250719 0.09488897 0.27625
-0.010391729 0.094717227 0.27575001
-0.0055553005 0.094631352 0.2755
-0.00072763267 0.094545484 0.27525002
0.0040949942 0.094545484 0.27525002
0.0089176213 0.094545484 0.27525002
0.013790167 0.09488897 0.27625
0.018697755 0.095232464 0.27725002
0.023597904 0.095404208 0.27775002
0.028489955 0.095490083 0.27800003
0.033450764 0.095747687 0.27875
0.038369097 0.09583357 0.27900001
0.04205583 0.093171522 0.27125001
0.046204399 0.091969311 0.26775002
0.051370833 0.092828035 0.27025002
0.056676768 0.093772627 0.273
0.062022794 0.094631352 0.2755
0.069822252 0.098839097 0.28775001
0.07753063 0.10235986 0.29800001
0 0 0
0 0 0
0 0 0
0 0 0
0 0 0
0 0 0
0 0 0
0 0 0
0 0 0
0 0 0
0 0 0
0 0 0
0 0 0
0 0 0
0 0 0
0 0 0
0 0 0
0.36691061 0.21897455 0.63750005
0 0 0
0 0 0
0 0 0
0 0 0
0 0 0
0 0 0
-0 0 0
-0 0 0
-0 0 0
-0 0 0
-0 0 0
-0 0 0
-0 0 0
-0 0 0
-0 0 0
-0 0 0
-0 0 0
-0 0 0
-0 0 0
-0 0 0
-0 0 0
-0 0 0
-0 0 0
-0 0 0
-0 0 0
-0.23272572 0.22665283 0.62800002
-0.22154607 0.22647239 0.62750006
-0.19872391 0.21375023 0.59225005
-0.18675706 0.21194568 0.58725005
-0.17474005 0.20987043 0.58150005
-0.16264154 0.20743425 0.57475001
-0.15084593 0.20508833 0.56825
-0.070599802 0.10276974 0.28475001
-0.062960953 0.098619245 0.27325001
-0.05774758 0.097897425 0.27125001
-0.0525066 0.096995145 0.26875001
-0.047308765 0.096002631 0.266
-0.043489944 0.097897425 0.27125001
-0.039772782 0.10051404 0.27850002
-0.034893211 0.10051404 0.27850002
-0.0299867 0.10042381 0.27825001
-0.0249987 0.099972665 0.27700001
-0.020036319 0.099431299 0.2755
-0.015154108 0.099070385 0.27450001
-0.010288094 0.098529018 0.273
-0.0054998486 0.098438792 0.27275002
-0.00071970205 0.098258339 0.27225003
0.0040466427 0.098168105 0.27200001
0.0088528246 0.098619245 0.27325001
0.013665369 0.098799706 0.27375001
0.018596593 0.099521525 0.27575001
0.023534182 0.099972665 0.27700001
0.028464334 0.10024335 0.27775002
0.033420764 0.10051404 0.27850002
0.038369097 0.10069449 0.27900001
0.042947337 0.099972665 0.27700001
0.046161257 0.096544005 0.26750001
0.051228266 0.097265832 0.26950002
0.056469165 0.098168105 0.27200001
0.061685108 0.098889932 0.27400002
0.069094308 0.10276974 0.28475001
0.076359868 0.10592771 0.29350001
0 0 0
0 0 0
0 0 0
0 0 0
0 0 0
0 0 0
0 0 0
0 0 0
0 0 0
0 0 0
0 0 0
0 0 0
0 0 0
0 0 0
0 0 0
0 0 0
0 0 0
0 0 0
0 0 0
0 0 0
0 0 0
0 0 0
0 0 0
0 0 0
-0 0 0
-0 0 0
-0 0 0
-0 0 0
-0 0 0
-0 0 0
-0 0 0
-0 0 0
-0 0 0
-0 0 0
-0 0 0
-0 0 0
-0 0 0
-0 0 0
-0 0 0
-0 0 0
-0 0 0
-0 0 0
-0 0 0
-0.23411541 0.23901305 0.63175005
-0.22251698 0.23844554 0.63025004
-0.19872391 0.22406882 0.59225005
-0.1873931 0.2229338 0.58925003
-0.17556641 0.22104213 0.58425003
-0.16391495 0.21915045 0.57925004
-0.10684644 0.15227978 0.40250003
-0.069360122 0.10583917 0.27975002
-0.062730536 0.10300166 0.27225003
-0.057534687 0.102245 0.27025002
-0.05231123 0.10129916 0.26775002
-0.047308765 0.10063706 0.266
-0.044331688 0.10460959 0.27650002
-0.039772782 0.10536625 0.27850002
-0.034830566 0.10517709 0.27800003
-0.029878933 0.10489333 0.27725002
-0.024885889 0.10432583 0.27575001
-0.019890867 0.10347458 0.27350003
-0.01498849 0.10271791 0.27150002
-0.01018446 0.102245 0.27025002
-0.0054242322 0.10177208 0.26900002
-0.00071044965 0.10167748 0.26875001
0.0040020109 0.10177208 0.26900002
0.0087313307 0.10196124 0.26950002
0.013540572 0.10262332 0.27125001
0.018444855 0.10347458 0.27350003
0.023385502 0.10413667 0.27525002
0.028336231 0.10460959 0.27650002
0.033330761 0.1050825 0.27775002
0.038334712 0.10546083 0.27875
0.043334946 0.10574459 0.27950001
0.046722092 0.10243416 0.27075002
0.050943136 0.10139374 0.26800001
0.056313459 0.10262332 0.27125001
0.061572544 0.10347458 0.27350003
0.068305701 0.10650126 0.28150001
0.076099701 0.11066294 0.29250002
0.082474172 0.11236545 0.29700002
0 0 0
0 0 0
0 0 0
0 0 0
0 0 0
0 0 0
0 0 0
0 0 0
0 0 0
0 0 0
0 0 0
0 0 0
0 0 0
0 0 0
0 0 0
0 0 0
0 0 0
0 0 0
0 0 0
0 0 0
0 0 0
0 0 0
0 0 0
-0 0 0
-0 0 0
-0 0 0
-0 0 0
-0 0 0
-0 0 0
-0 0 0
-0 0 0
-0 0 0
-0 0 0
-0 0 0
-0 0 0
-0 0 0
-0 0 0
-0 0 0
-0 0 0
-0 0 0
-0 0 0
-0 0 0
-0.23578303 0.25180069 0.63625002
-0.22401749 0.25110811 0.63450003
-0.19973053 0.23557463 0.59525001
-0.18850616 0.23458524 0.59275001
-0.17646791 0.2324086 0.58725005
-0.16398568 0.22934146 0.57950002
-0.076916158 0.11467073 0.28975001
-0.068988211 0.11011952 0.27825001
-0.062615328 0.10754709 0.27175
-0.057428233 0.10675558 0.26975
-0.052213538 0.10576618 0.26725
-0.047708936 0.10616194 0.26825002
-0.044572186 0.11002059 0.27800003
-0.039737079 0.11011952 0.27825001
-0.0347366 0.10972377 0.27725002
-0.029744221 0.10922907 0.27600002
-0.024795644 0.10873438 0.27475002
-0.019709051 0.10725028 0.27100003
-0.014850475 0.10645877 0.26900002
-0.010043141 0.10546938 0.26650003
-0.0053284508 0.10457891 0.26425001
-0.00069789286 0.10447997 0.264
0.0039201849 0.1042821 0.26350001
0.0086098379 0.10517255 0.26575002
0.013390814 0.10616194 0.26825002
0.018276256 0.10725028 0.27100003
0.02323682 0.10823968 0.27350003
0.028208129 0.10893225 0.27525002
0.033240762 0.10962483 0.27700001
0.038300335 0.11021847 0.27850002
0.043334946 0.11061422 0.27950001
0.047498636 0.10893225 0.27525002
0.050562963 0.10527149 0.266
0.056157753 0.10705239 0.2705
0.061403699 0.10794286 0.27275002
0.067638412 0.11031739 0.27875
0.075969614 0.11556119 0.29200003
0.082890704 0.1181336 0.2985
0 0 0
0 0 0
0 0 0
0 0 0
0 0 0
0 0 0
0 0 0
0 0 0
0 0 0
0 0 0
0 0 0
0 0 0
0 0 0
0 0 0
0 0 0
0 0 0
0 0 0
0 0 0
0 0 0
0 0 0
0 0 0
0 0 0
0 0 0
-0 0 0
-0 0 0
-0 0 0
-0 0 0
-0 0 0
-0 0 0
-0 0 0
-0 0 0
-0 0 0
-0 0 0
-0 0 0
-0 0 0
-0 0 0
-0 0 0
-0 0 0
-0 0 0
-0 0 0
-0 0 0
-0 0 0
-0.2363389 0.26350564 0.63775003
-0.22490014 0.26319575 0.63700002
-0.20031771 0.24666855 0.597
-0.18890369 0.24542902 0.59400004
-0.17676841 0.24305324 0.58825004
-0.16483462 0.24067745 0.58250004
-0.076717064 0.11940906 0.289
-0.06880226 0.11465749 0.2775
-0.062500119 0.11207512 0.27125001
-0.057375014 0.11135206 0.26950002
-0.051920481 0.10980263 0.26575002
-0.048020177 0.11155865 0.27000001
-0.044572186 0.11486409 0.27800003
-0.03970138 0.11486409 0.27800003
-0.034673952 0.11434761 0.27675
-0.029609511 0.11352126 0.27475002
-0.02454746 0.112385 0.27200001
-0.019581776 0.11124875 0.26925001
-0.014643451 0.10959604 0.26525003
-0.0097887637 0.10732354 0.25975001
-0.0051318477 0.10515435 0.2545
-0.00066881406 0.10453458 0.25300002
0.003767692 0.10463787 0.25325
0.0082939547 0.10577412 0.25600001
0.013116258 0.10856308 0.26275
0.018040214 0.11052569 0.26750001
0.023003178 0.11186853 0.27075002
0.028105645 0.11331465 0.27425
0.033240762 0.1144509 0.27700001
0.038231574 0.11486409 0.27800003
0.043179903 0.11507068 0.27850002
0.047886908 0.11465749 0.2775
0.05065801 0.11011252 0.26650003
0.05579444 0.11104217 0.26875001
0.061347414 0.11259159 0.27250001
0.067274444 0.1145542 0.27725002
0.075644404 0.12013214 0.29075003
0 0 0
0 0 0
0 0 0
0 0 0
0 0 0
0 0 0
0 0 0
0 0 0
0 0 0
0 0 0
0 0 0
0 0 0
0 0 0
0 0 0
0 0 0
0 0 0
0 0 0
0 0 0
0 0 0
0 0 0
0 0 0
0 0 0
0 0 0
0 0 0
-0 0 0
-0 0 0
-0 0 0
-0 0 0
-0 0 0
-0 0 0
-0 0 0
-0 0 0
-0 0 0
-0 0 0
-0 0 0
-0 0 0
-0 0 0
-0 0 0
-0 0 0
-0 0 0
-0 0 0
-0 0 0
-0 0 0
-0.2375433 0.27601641 0.64100003
-0.22648893 0.27623174 0.64150006
-0.20115657 0.25814638 0.5995
-0.18953972 0.25663927 0.59600002
-0.17714402 0.25384036 0.58950001
-0.16511761 0.25125676 0.58350003
-0.076783434 0.12455187 0.28925002
-0.06880226 0.11949228 0.2775
-0.062557727 0.11690868 0.27150002
-0.057215344 0.11572451 0.26875001
-0.05177395 0.11410975 0.26500002
-0.048331417 0.11701632 0.27175
-0.044451937 0.11938464 0.27725002
-0.03962997 0.11949228 0.2775
-0.034611307 0.11895403 0.27625
-0.029420912 0.11755457 0.273
-0.024457214 0.11669338 0.27100003
-0.019381778 0.11475566 0.26650003
-0.014312213 0.11163379 0.25925002
-0.0094872816 0.10840427 0.25175002
-0.0051520122 0.11001903 0.25550002
-0.00066550961 0.10840427 0.25175002
0.0037304987 0.10797366 0.25075001
0.008140062 0.10818896 0.25125
0.012704425 0.10958841 0.2545
0.017736733 0.11324855 0.26300001
0.022875736 0.11593981 0.26925001
0.028003165 0.11766223 0.27325001
0.033180758 0.11906169 0.27650002
0.038162809 0.11949228 0.2775
0.043102384 0.11970759 0.27800003
0.047886908 0.11949228 0.2775
0.05075305 0.11497096 0.26700002
0.055690639 0.11550921 0.26825002
0.061403699 0.11744693 0.27275002
0.067335099 0.11949228 0.2775
0.075384229 0.12476717 0.28975001
0 0 0
0 0 0
0 0 0
0 0 0
0 0 0
0 0 0
0 0 0
0 0 0
0 0 0
0 0 0
0 0 0
0 0 0
0 0 0
0 0 0
0 0 0
0 0 0
0 0 0
0 0 0
0 0 0
0 0 0
0 0 0
0 0 0
0 0 0
0 0 0
-0 0 0
-0 0 0
-0 0 0
-0 0 0
-0 0 0
-0 0 0
-0 0 0
-0 0 0
-0 0 0
-0 0 0
-0 0 0
-0 0 0
-0 0 0
-0 0 0
-0 0 0
-0 0 0
-0 0 0
-0 0 0
-0 0 0
-0.23874769 0.28864044 0.64425004
-0 0 0
-0.20149213 0.26903933 0.60050005
-0.19001676 0.26769525 0.59750003
-0.17676841 0.26355103 0.58825004
-0.16540058 0.26187092 0.58450001
-0.076584339 0.12925535 0.28850001
-0.068740278 0.12421508 0.27725002
-0.062615328 0.12175093 0.27175
-0.057321791 0.12063087 0.26925001
-0.05177395 0.11872676 0.26500002
-0.048464809 0.12208695 0.27250001
-0.044411853 0.12410307 0.27700001
-0.03952286 0.12399106 0.27675
-0.03451734 0.12343103 0.2755
-0.029393971 0.12219896 0.27275002
-0.024344401 0.12085488 0.26975
-0.019036323 0.11727068 0.26175001
-0.01382916 0.1122304 0.25050002
-0.0095155453 0.11312643 0.2525
-0.0052780397 0.11727068 0.26175001
-0.00065163104 0.11043829 0.24650002
0.0036970247 0.11133434 0.2485
0 0 0
0.012230193 0.10976624 0.245
0.017281514 0.11480654 0.25625002
0.022748295 0.11995884 0.26775002
0.027926303 0.12208695 0.27250001
0.033030756 0.12331902 0.27525002
0.038094047 0.12410307 0.27700001
0.043063618 0.12443909 0.27775002
0.047886908 0.12432708 0.2775
0.05065801 0.1193988 0.26650003
0.055742536 0.12029485 0.2685
0.06123485 0.12186294 0.27200001
0.067395762 0.12443909 0.27775002
0.075254142 0.12959138 0.28925002
0 0 0
0 0 0
0 0 0
0 0 0
0 0 0
0 0 0
0 0 0
0 0 0
0 0 0
0 0 0
0 0 0
0 0 0
0 0 0
0 0 0
0 0 0
0 0 0
0 0 0
0 0 0
0 0 0
0 0 0
0 0 0
0 0 0
0 0 0
0 0 0
-0 0 0
-0 0 0
-0 0 0
-0 0 0
-0 0 0
-0 0 0
-0 0 0
-0 0 0
-0 0 0
-0 0 0
-0 0 0
-0 0 0
-0 0 0
-0 0 0
-0 0 0
-0 0 0
-0 0 0
-0 0 0
-0 0 0
-0 0 0
-0 0 0
-0.20333758 0.28206161 0.60600001
-0 0 0
-0.17691864 0.27403262 0.58875
-0.16504686 0.27147266 0.58325005
-0.075721607 0.13276909 0.28525001
-0.069112182 0.12974368 0.27875
-0.062557727 0.12636919 0.27150002
-0.057268567 0.12520556 0.26900002
-0.051725104 0.1232274 0.26475
-0.048286956 0.12636919 0.27150002
-0.044451937 0.12904552 0.27725002
-0.039451458 0.12858006 0.27625
-0.03451734 0.12823097 0.2755
-0.029474799 0.12730008 0.27350003
-0.024344401 0.12555465 0.26975
-0.018781777 0.12020199 0.25825
-0.013787755 0.11624569 0.24975002
-0 0 0
-0.0045319558 0.10460948 0.22475001
-0.00058950798 0.10379495 0.223
0 0 0
0 0 0
0.012280112 0.11450025 0.24600001
0.016927453 0.1168275 0.25100002
0.022663333 0.1241583 0.26675001
0.027875062 0.1266019 0.27200001
0.03285075 0.12741645 0.27375001
0.037990905 0.12858006 0.27625
0.042869814 0.12869643 0.27650002
0.047541775 0.12823097 0.2755
0.050610486 0.12392558 0.26625001
0.056002043 0.12555465 0.26975
0.06123485 0.1266019 0.27200001
0.067941718 0.13032548 0.28
0.075254142 0.13463089 0.28925002
0 0 0
0 0 0
0 0 0
0 0 0
0 0 0
0 0 0
0 0 0
0 0 0
0 0 0
0 0 0
0 0 0
0 0 0
0 0 0
0 0 0
0 0 0
0 0 0
0 0 0
0 0 0
0 0 0
0 0 0
0 0 0
0 0 0
0 0 0
0 0 0
-0 0 0
-0 0 0
-0 0 0
-0 0 0
-0 0 0
-0 0 0
-0 0 0
-0 0 0
-0 0 0
-0 0 0
-0 0 0
-0 0 0
-0 0 0
-0 0 0
-0 0 0
-0 0 0
-0 0 0
-0 0 0
-0 0 0
-0 0 0
-0 0 0
-0 0 0
-0 0 0
-0 0 0
-0.1657543 0.28284159 0.58575004
-0 0 0
-0.069484085 0.13532455 0.28025001
-0.062730536 0.13146159 0.27225003
-0.05748146 0.13037513 0.27000001
-0.052164696 0.12892652 0.26700002
-0.047708936 0.1295301 0.26825002
-0.044331688 0.13351379 0.27650002
-0.039344348 0.13303091 0.2755
-0.034454696 0.13278948 0.27500001
-0.029447855 0.13194446 0.27325001
-0.02423159 0.12965082 0.2685
-0.018818142 0.12494283 0.25875002
-0.01392577 0.12180417 0.25225002
-0 0 0
-0 0 0
-0 0 0
0 0 0
0 0 0
0 0 0
0.016910592 0.12107986 0.25075001
0.022727054 0.12916794 0.26750001
0.027823823 0.13109943 0.27150002
0.032880753 0.13230661 0.27400002
0.037887763 0.13303091 0.2755
0.042792294 0.13327235 0.27600002
0.047196649 0.13206518 0.27350003
0.050515443 0.12832293 0.26575002
0.055950146 0.13013369 0.26950002
0.061797671 0.13254805 0.27450001
0.068851665 0.13701461 0.28375003
0.075319193 0.13979112 0.28950003
0 0 0
0 0 0
0 0 0
0 0 0
0 0 0
0 0 0
0 0 0
0 0 0
0 0 0
0 0 0
0 0 0
0 0 0
0 0 0
0 0 0
0 0 0
0 0 0
0 0 0
0 0 0
0 0 0
0 0 0
0 0 0
0 0 0
0 0 0
0 0 0
-0 0 0
-0 0 0
-0 0 0
-0 0 0
-0 0 0
-0 0 0
-0 0 0
-0 0 0
-0 0 0
-0 0 0
-0 0 0
-0 0 0
-0 0 0
-0 0 0
-0 0 0
-0 0 0
-0 0 0
-0 0 0
-0 0 0
-0 0 0
-0 0 0
-0 0 0
-0 0 0
-0 0 0
-0 0 0
-0 0 0
-0.068988211 0.13920666 0.27825001
-0.062788136 0.13632998 0.27250001
-0.057641134 0.13545448 0.27075002
-0.052360069 0.13407867 0.26800001
-0.04735323 0.13320315 0.26625001
-0.044091187 0.13758071 0.27500001
-0.039165836 0.1372055 0.27425
-0.034329407 0.13708043 0.27400002
-0.029474799 0.13683029 0.27350003
-0.02454746 0.13607983 0.27200001
-0.019472687 0.1339536 0.26775002
-0.014464031 0.1310769 0.26200002
-0 0 0
-0 0 0
-0 0 0
0 0 0
0 0 0
0 0 0
0.017753594 0.13170227 0.26325002
0.023109378 0.13607983 0.27200001
0.0277982 0.13570462 0.27125001
0.032820754 0.13683029 0.27350003
0.037853383 0.13770579 0.27525002
0.042714767 0.13783085 0.2755
0.046678949 0.1353294 0.2705
0.05065801 0.13332823 0.26650003
0.056209654 0.13545448 0.27075002
0.061966516 0.13770579 0.27525002
0.069215633 0.14270872 0.28525001
0.074928932 0.14408453 0.28800002
0 0 0
0 0 0
0 0 0
0 0 0
0 0 0
0 0 0
0 0 0
0 0 0
0 0 0
0 0 0
0 0 0
0 0 0
0 0 0
0 0 0
0 0 0
0 0 0
0 0 0
0 0 0
0 0 0
0 0 0
0 0 0
0 0 0
0 0 0
0 0 0
