# .PCD v0.7 - Point Cloud Data file format
VERSION 0.7
FIELDS x y z
SIZE 4 4 4
TYPE F F F
COUNT 1 1 1
WIDTH 4800
HEIGHT 1
VIEWPOINT 0 0 0 1 0 0 0
POINTS 4800
DATA ascii
-0 -0 0
-0 -0 0
-0 -0 0
-0 -0 0
-0 -0 0
-0 -0 0
-0 -0 0
-0 -0 0
-0 -0 0
-0 -0 0
-0 -0 0
-0 -0 0
-0 -0 0
-0 -0 0
-0 -0 0
-0 -0 0
-0 -0 0
-0 -0 0
-0 -0 0
-0.17547074 -0.24983945 0.47350001
-0.16770419 -0.25063094 0.47500002
-0.16189833 -0.25458825 0.48250002
-0.153524 -0.25472018 0.48275003
-0.14153492 -0.24852034 0.47100002
-0.13335334 -0.24865226 0.47125003
-0.12430024 -0.24706934 0.46825004
-0.12043495 -0.2563031 0.48575002
-0.11042648 -0.25287342 0.47925001
-0.10208282 -0.25300533 0.47950003
-0.09358386 -0.25274152 0.47900003
-0.084346548 -0.2502352 0.47425002
-0.071628138 -0.23572499 0.44675002
-0.063550763 -0.23480161 0.44500002
-0.055753961 -0.23480161 0.44500002
-0.047741629 -0.23374632 0.44300002
-0.039799374 -0.23269103 0.44100001
-0.031763569 -0.23044854 0.43675002
-0.023959501 -0.22899751 0.43400002
-0.01626122 -0.22767842 0.43150002
-0.0086757466 -0.22701886 0.43025002
-0.0011340759 -0.22635931 0.42900002
0.0063600726 -0.22556783 0.42750001
0.013834056 -0.22530401 0.42700002
0.021165723 -0.22372109 0.42400002
0.028527141 -0.22319344 0.42300001
0.035789799 -0.22227006 0.42125002
0.043093614 -0.22187433 0.42050001
0.050341152 -0.22134669 0.41950002
0.057588026 -0.22095095 0.41875002
0.06484738 -0.22068714 0.41825002
0.071959786 -0.22002758 0.41700003
0.079170957 -0.21976376 0.41650003
0.086416505 -0.21963184 0.41625002
0.093540736 -0.21923611 0.41550002
0.10033537 -0.21818082 0.41350001
0.10719001 -0.21738936 0.41200003
0.11440862 -0.21738936 0.41200003
0.12221766 -0.21844465 0.41400003
0.12923676 -0.21804892 0.41325003
0.13606444 -0.21738936 0.41200003
0.14293528 -0.21686171 0.41100001
0.15004505 -0.2167298 0.41075003
0.15724175 -0.2167298 0.41075003
0.16403812 -0.21620215 0.40975001
0.17079946 -0.21567452 0.40875003
0.17774343 -0.21541069 0.40825003
0.18500955 -0.2155426 0.40850002
0.19193164 -0.21527877 0.40800002
0.19908017 -0.21527877 0.40800002
0.2066078 -0.21567452 0.40875003
0.21390021 -0.21580641 0.40900001
0.22012036 -0.21488304 0.40725002
0.22683722 -0.21448731 0.40650001
0.23324004 -0.21382776 0.40525001
0.24063691 -0.21409157 0.40575001
0.24759339 -0.21395966 0.40550002
0.25391299 -0.21330011 0.40425003
0.26164138 -0.21382776 0.40525001
0.26874176 -0.21382776 0.40525001
0.27618241 -0.21409157 0.40575001
-0 -0 0
-0 -0 0
-0 -0 0
-0 -0 0
-0 -0 0
-0 -0 0
-0 -0 0
-0 -0 0
-0 -0 0
-0 -0 0
-0 -0 0
-0 -0 0
-0 -0 0
-0 -0 0
-0 -0 0
-0 -0 0
-0 -0 0
-0 -0 0
-0 -0 0
-0.17936186 -0.24694715 0.48400003
-0.17114654 -0.24732982 0.48475003
-0.1625694 -0.24720226 0.48450002
-0 -0 0
-0.14153492 -0.24031428 0.47100002
-0.13384855 -0.24133472 0.47300002
-0.13040575 -0.25064626 0.49125004
-0.11969115 -0.24630937 0.48275003
-0.11106012 -0.24592671 0.48200002
-0.10229571 -0.24516137 0.48050001
-0.0921674 -0.24069694 0.47175002
-0.080211483 -0.23010986 0.45100003
-0.071788475 -0.22845162 0.44775003
-0.063657872 -0.22743119 0.44575003
-0.055472057 -0.22590052 0.44275001
-0.04763386 -0.22551785 0.44200003
-0.039709128 -0.22449741 0.44000003
-0.031799931 -0.2230943 0.43725002
-0.023959501 -0.22143608 0.43400002
-0.016242377 -0.21990542 0.43100002
-0.0086656641 -0.21926764 0.42975003
-0.0011340759 -0.21888497 0.42900002
0.0063526337 -0.21786453 0.42700002
0.013793559 -0.21722676 0.42575002
0.021178201 -0.21646142 0.42425001
0.028594581 -0.21633387 0.42400002
0.03585352 -0.21531342 0.42200002
0.043067995 -0.21442054 0.42025003
0.050281152 -0.21378277 0.41900003
0.057725552 -0.21416543 0.41975003
0.065157466 -0.21442054 0.42025003
0.072002925 -0.21288987 0.41725001
0.079170957 -0.21250722 0.41650003
0.086468406 -0.21250722 0.41650003
0.09337189 -0.21161431 0.41475001
0.10045669 -0.21123166 0.41400003
0.10784043 -0.21148677 0.41450003
0.11517226 -0.21161431 0.41475001
0.12229145 -0.2113592 0.41425002
0.12884584 -0.21021122 0.41200003
0.13606444 -0.21021122 0.41200003
0.14328305 -0.21021122 0.41200003
0.15041034 -0.21008365 0.41175002
0.15791167 -0.21046633 0.41250002
0.16443847 -0.20957345 0.41075003
0.17121731 -0.20906322 0.40975001
0.17828766 -0.20893566 0.40950003
0.18546246 -0.20893566 0.40950003
0.19240205 -0.20868054 0.40900001
0.19956811 -0.20868054 0.40900001
0.20711325 -0.20906322 0.40975001
0.21416171 -0.20893566 0.40950003
0.2203906 -0.20804277 0.40775001
0.22697674 -0.20753255 0.40675002
0.23511057 -0.20842543 0.40850002
0.2421196 -0.20829789 0.40825003
0.24728809 -0.20663966 0.40500003
0.25485513 -0.20702232 0.40575001
0.26212561 -0.20714988 0.40600002
0.2692391 -0.20714988 0.40600002
0.27652279 -0.20727745 0.40625003
-0 -0 0
-0 -0 0
-0 -0 0
-0 -0 0
-0 -0 0
-0 -0 0
-0 -0 0
-0 -0 0
-0 -0 0
-0 -0 0
-0 -0 0
-0 -0 0
-0 -0 0
-0 -0 0
-0 -0 0
-0 -0 0
-0 -0 0
-0 -0 0
-0.1883271 -0.23913057 0.48525003
-0.1798251 -0.23913057 0.48525003
-0.17044042 -0.23789857 0.48275003
-0 -0 0
-0.14994627 -0.23235458 0.47150001
-0.14273691 -0.23407939 0.47500002
-0 -0 0
-0.12848118 -0.23851457 0.48400003
-0.12006304 -0.23863778 0.48425001
-0.11140575 -0.23826818 0.48350003
-0.10016677 -0.2318618 0.47050002
-0.087966874 -0.22188263 0.45025003
-0.080078095 -0.22188263 0.45025003
-0.072028972 -0.22138982 0.44925001
-0.063729279 -0.21991143 0.44625002
-0.055566028 -0.21855623 0.44350001
-0.04749915 -0.21720104 0.44075003
-0.039528631 -0.21584584 0.43800002
-0.031745385 -0.21510664 0.43650001
-0.023918096 -0.21350503 0.43325001
-0.016214114 -0.21202664 0.43025002
-0.0086555826 -0.21153384 0.42925003
-0.0011314325 -0.21091786 0.42800003
0.006341476 -0.21005544 0.42625001
0.013777359 -0.20956266 0.42525002
0.021190682 -0.20919305 0.42450002
0.028594581 -0.20894666 0.42400002
0.035917241 -0.20833066 0.42275003
0.043119237 -0.20734505 0.42075002
0.050401151 -0.20697546 0.42000002
0.057794314 -0.20709866 0.42025003
0.065157466 -0.20709866 0.42025003
0.072304919 -0.20648266 0.41900003
0.079265997 -0.20549707 0.41700003
0.086416505 -0.20512746 0.41625002
0.093597017 -0.20488107 0.41575003
0.10082067 -0.20475785 0.41550002
0.10816564 -0.20488107 0.41575003
0.11524168 -0.20451146 0.41500002
0.12221766 -0.20401867 0.41400003
0.12900221 -0.20327947 0.41250002
0.13639469 -0.20352587 0.41300002
0.14354388 -0.20340265 0.41275001
0.15086696 -0.20352587 0.41300002
0.15829448 -0.20377226 0.41350001
0.16513905 -0.20327947 0.41250002
0.17163518 -0.20241708 0.41075003
0.17883188 -0.20241708 0.41075003
0.18580213 -0.20217067 0.41025001
0.19287248 -0.20204747 0.41000003
0.19993407 -0.20192426 0.40975001
0.20723963 -0.20204747 0.41000003
0.21494617 -0.20254026 0.41100001
0.22106624 -0.20155467 0.40900001
0.22725575 -0.20069227 0.40725002
0.23525445 -0.20143148 0.40875003
0.24122998 -0.20044588 0.40675002
0.24835661 -0.20044588 0.40675002
0.25595433 -0.20081548 0.40750003
0.2635783 -0.20118508 0.40825003
0.26990226 -0.20056906 0.40700001
0.27737361 -0.20081548 0.40750003
-0 -0 0
-0 -0 0
-0 -0 0
-0 -0 0
-0 -0 0
-0 -0 0
-0 -0 0
-0 -0 0
-0 -0 0
-0 -0 0
-0 -0 0
-0 -0 0
-0 -0 0
-0 -0 0
-0 -0 0
-0 -0 0
-0 -0 0
-0.19764037 -0.23162697 0.48725003
-0.18803602 -0.23031969 0.48450002
-0.17936186 -0.23008201 0.48400003
-0 -0 0
-0.16005285 -0.22675437 0.47700003
-0.15129787 -0.22616015 0.47575003
-0.14799565 -0.23412271 0.49250004
-0.13773949 -0.23138928 0.48675004
-0.12874664 -0.23055737 0.48500001
-0.12012503 -0.23031969 0.48450002
-0.10823753 -0.22330789 0.46975002
-0.096281447 -0.21498881 0.45225003
-0.087820344 -0.21368153 0.44950002
-0.0799447 -0.21368153 0.44950002
-0.07190872 -0.21320614 0.44850001
-0.063586473 -0.21166119 0.44525003
-0.055190157 -0.20940314 0.44050002
-0.04722973 -0.20833355 0.43825004
-0.039460946 -0.20785818 0.43725002
-0.031654477 -0.20690742 0.43525001
-0.023904296 -0.20583783 0.43300003
-0.016223535 -0.20464939 0.43050003
-0.0086606229 -0.204174 0.42950001
-0.0011301106 -0.20322324 0.42750001
0.0063489149 -0.20286673 0.42675003
0.013793559 -0.20239134 0.42575002
0.021165723 -0.20155944 0.42400002
0.028527141 -0.20108406 0.42300001
0.035959721 -0.2012029 0.42325002
0.043170478 -0.20025215 0.42125002
0.050461154 -0.19989562 0.42050001
0.057759929 -0.19965793 0.42000002
0.065041184 -0.19942024 0.41950002
0.072218634 -0.19894487 0.41850001
0.079361044 -0.19846949 0.41750002
0.086468406 -0.19799413 0.41650003
0.093709581 -0.19787528 0.41625002
0.10100266 -0.19787528 0.41625002
0.10823068 -0.19775642 0.41600001
0.11538053 -0.19751874 0.41550002
0.12266047 -0.19751874 0.41550002
0.12986222 -0.1973999 0.41525003
0.1370552 -0.19728105 0.41500002
0.14415249 -0.19704337 0.41450003
0.15150623 -0.19716221 0.41475001
0.1584859 -0.19680569 0.41400003
0.16543931 -0.19644915 0.41325003
0.17226195 -0.19597377 0.41225001
0.17959379 -0.19609262 0.41250002
0.18636826 -0.19561723 0.41150001
0.19346051 -0.19549839 0.41125003
0.20066598 -0.19549839 0.41125003
0.20825055 -0.19585493 0.41200003
0.21559989 -0.19597377 0.41225001
0.22174186 -0.19502302 0.41025001
0.22795327 -0.19419111 0.40850002
0.23511057 -0.19419111 0.40850002
0.24197131 -0.19395342 0.40800002
0.24911985 -0.19395342 0.40800002
0.25689647 -0.19442879 0.40900001
0.26438534 -0.19466649 0.40950003
0.27139434 -0.19454764 0.40925002
0.27873495 -0.19466649 0.40950003
-0 -0 0
-0 -0 0
-0 -0 0
-0 -0 0
-0 -0 0
-0 -0 0
-0 -0 0
-0 -0 0
-0 -0 0
-0 -0 0
-0 -0 0
-0 -0 0
-0 -0 0
-0 -0 0
-0 -0 0
-0 -0 0
-0.20734106 -0.22439714 0.49000001
-0.19784319 -0.22336675 0.48775002
-0 -0 0
-0 -0 0
-0.16902818 -0.21924517 0.47875002
-0.16223387 -0.22142045 0.48350003
-0.15598865 -0.22462612 0.49050003
-0.14716928 -0.22428265 0.48975003
-0.13781023 -0.22302328 0.48700002
-0.12887937 -0.22233637 0.48550004
-0.116344 -0.21489461 0.46925002
-0.10449329 -0.20768185 0.45350003
-0.096121781 -0.20676595 0.45150003
-0.087966874 -0.20619351 0.45025003
-0.07972239 -0.20527759 0.44825003
-0.071588062 -0.20447618 0.44650003
-0.063193738 -0.20264436 0.44250003
-0.05509619 -0.20138499 0.43975002
-0.047202785 -0.20058358 0.43800002
-0.039325573 -0.19955316 0.43575001
-0.031618115 -0.19909522 0.43475002
-0.023918096 -0.19840829 0.43325001
-0.016204691 -0.19691993 0.43000001
-0.0086404588 -0.19623302 0.42850003
-0.0011287888 -0.19554608 0.42700002
0.0063526337 -0.19554608 0.42700002
0.013825958 -0.1954316 0.42675003
0.021153243 -0.19405773 0.42375001
0.028510282 -0.19359979 0.42275003
0.035917241 -0.19359979 0.42275003
0.043247338 -0.19325632 0.42200002
0.050581157 -0.19302735 0.42150003
0.057897456 -0.19279838 0.42100003
0.065196224 -0.19256938 0.42050001
0.072434343 -0.19222593 0.41975003
0.079551123 -0.19165348 0.41850001
0.086779818 -0.1914245 0.41800001
0.093990989 -0.19119553 0.41750002
0.10136663 -0.19131002 0.41775003
0.10836077 -0.19073758 0.41650003
0.1155888 -0.19062309 0.41625002
0.12295568 -0.19073758 0.41650003
0.13009676 -0.19050859 0.41600001
0.13722032 -0.19027962 0.41550002
0.14432637 -0.19005065 0.41500002
0.15196285 -0.19050859 0.41600001
0.15867731 -0.18982168 0.41450003
0.16573957 -0.18959269 0.41400003
0.17278428 -0.1893637 0.41350001
0.17981148 -0.18913473 0.41300002
0.18716083 -0.18924923 0.41325003
0.19440135 -0.18924923 0.41325003
0.20103194 -0.18867679 0.41200003
0.20837691 -0.18879126 0.41225001
0.21494617 -0.18821883 0.41100001
0.22228238 -0.18833332 0.41125003
0.22892982 -0.18787536 0.41025001
0.23654942 -0.18821883 0.41100001
0.24434359 -0.18867679 0.41200003
0.25079897 -0.18810435 0.41075003
0.25783864 -0.18798985 0.41050002
0.26486954 -0.18787536 0.41025001
0.27288643 -0.1884478 0.41150001
0.27975595 -0.18821883 0.41100001
-0 -0 0
-0 -0 0
-0 -0 0
-0 -0 0
-0 -0 0
-0 -0 0
-0 -0 0
-0 -0 0
-0 -0 0
-0 -0 0
-0 -0 0
-0 -0 0
-0 -0 0
-0 -0 0
-0 -0 0
-0 -0 0
-0.20765842 -0.21619044 0.49075001
-0 -0 0
-0 -0 0
-0.17834276 -0.21200541 0.48125002
-0 -0 0
-0.16516985 -0.21685125 0.49225003
-0.15598865 -0.21608032 0.49050003
-0.14701903 -0.21552965 0.48925003
-0.13766874 -0.21431819 0.48650002
-0.1243666 -0.20638864 0.46850002
-0.11299687 -0.20077187 0.45575002
-0.10449329 -0.19978069 0.45350003
-0.096175 -0.19900975 0.45175001
-0.087966874 -0.19834895 0.45025003
-0.079544529 -0.19702736 0.44725001
-0.071347564 -0.19603616 0.44500002
-0.063086629 -0.19460444 0.44175002
-0.055158835 -0.19394363 0.44025001
-0.047121957 -0.19262205 0.43725002
-0.039280448 -0.19174099 0.43525001
-0.031563569 -0.19119033 0.43400002
-0.023835286 -0.19019914 0.43175003
-0.016223535 -0.18964848 0.43050003
-0.0086455001 -0.18887754 0.42875001
-0.0011287888 -0.18810661 0.42700002
0.0063451952 -0.18788634 0.42650002
0.013809757 -0.18777621 0.42625001
0.021228122 -0.18733568 0.42525002
0.028577721 -0.18667488 0.42375001
0.035938479 -0.18634449 0.42300001
0.043272961 -0.1860141 0.42225003
0.05067116 -0.1860141 0.42225003
0.05806936 -0.1860141 0.42225003
0.065273754 -0.18546343 0.42100003
0.072563767 -0.18524316 0.42050001
0.079836257 -0.18502289 0.42000002
0.086987428 -0.18458237 0.41900003
0.094216116 -0.1843621 0.41850001
0.10148795 -0.18425196 0.41825002
0.10855589 -0.18381143 0.41725001
0.11572764 -0.18359117 0.41675001
0.12310329 -0.18370131 0.41700003
0.13025314 -0.18348105 0.41650003
0.13746803 -0.1833709 0.41625002
0.14484805 -0.18348105 0.41650003
0.15223682 -0.18359117 0.41675001
0.15925153 -0.18326077 0.41600001
0.16644014 -0.18315065 0.41575003
0.17341107 -0.18282025 0.41500002
0.18100877 -0.18315065 0.41575003
0.18738729 -0.18226959 0.41375002
0.19463655 -0.18226959 0.41375002
0.20151988 -0.18193918 0.41300002
0.20875601 -0.18193918 0.41300002
0.2161229 -0.18204932 0.41325003
0.22241749 -0.18127838 0.41150001
0.22990637 -0.18149866 0.41200003
0.23770052 -0.18193918 0.41300002
0.24508493 -0.18204932 0.41325003
0.25202012 -0.18182905 0.41275001
0.25846675 -0.18127838 0.41150001
0.26616082 -0.18160878 0.41225001
0.27388117 -0.18193918 0.41300002
0.28094712 -0.18182905 0.41275001
-0 -0 0
-0 -0 0
-0 -0 0
-0 -0 0
-0 -0 0
-0 -0 0
-0 -0 0
-0 -0 0
-0 -0 0
-0 -0 0
-0 -0 0
-0 -0 0
-0 -0 0
-0 -0 0
-0 -0 0
-0 -0 0
-0 -0 0
-0 -0 0
-0 -0 0
-0 -0 0
-0.17397103 -0.20848648 0.49275002
-0.16516985 -0.20827493 0.49225003
-0.15654519 -0.20827493 0.49225003
-0.14619265 -0.20584206 0.48650002
-0.13222142 -0.19769722 0.46725002
-0.12144657 -0.19357193 0.45750001
-0.11299687 -0.19283149 0.45575002
-0.1046085 -0.19209105 0.45400003
-0.096175 -0.19113904 0.45175001
-0.087673813 -0.18986973 0.44875002
-0.079277754 -0.18860041 0.44575003
-0.071026899 -0.18743686 0.44300002
-0.062836714 -0.18616754 0.44000003
-0.054970901 -0.18563865 0.43875003
-0.047121957 -0.18500398 0.43725002
-0.039280448 -0.18415777 0.43525001
-0.031490844 -0.18320578 0.43300003
-0.023821484 -0.18257111 0.43150002
-0.016223535 -0.18214801 0.43050003
-0.0086555826 -0.18161912 0.42925003
-0.0011301106 -0.18087868 0.42750001
0.0063489149 -0.18056136 0.42675003
0.013817858 -0.18045558 0.42650002
0.021228122 -0.17992669 0.42525002
0.028594581 -0.17939781 0.42400002
0.035980962 -0.17918625 0.42350003
0.043324202 -0.17886892 0.42275003
0.05067116 -0.17865737 0.42225003
0.058000594 -0.1784458 0.42175001
0.06535127 -0.17834003 0.42150003
0.072650053 -0.17812848 0.42100003
0.079883784 -0.17781116 0.42025003
0.08709123 -0.17749383 0.41950002
0.094497532 -0.17759961 0.41975003
0.10160927 -0.17717649 0.41875002
0.10881606 -0.17696494 0.41825002
0.11614418 -0.17696494 0.41825002
0.12325089 -0.1766476 0.41750002
0.13040951 -0.17643605 0.41700003
0.13779826 -0.17654182 0.41725001
0.14519581 -0.1766476 0.41750002
0.15232815 -0.17643605 0.41700003
0.15934724 -0.17611872 0.41625002
0.16654022 -0.17601293 0.41600001
0.17403786 -0.1762245 0.41650003
0.18144414 -0.17633027 0.41675001
0.18806663 -0.17569561 0.41525003
0.19522458 -0.17558983 0.41500002
0.20225179 -0.17537828 0.41450003
0.20964056 -0.17548405 0.41475001
0.21703811 -0.17558983 0.41500002
0.22390388 -0.17527249 0.41425002
0.23102242 -0.17516673 0.41400003
0.23841995 -0.17527249 0.41425002
0.24567799 -0.17527249 0.41425002
0.25263074 -0.17506094 0.41375002
0.25956595 -0.17484939 0.41325003
0.26712924 -0.17506094 0.41375002
0.27471009 -0.17527249 0.41425002
0.28179798 -0.17516673 0.41400003
-0 -0 0
-0 -0 0
-0 -0 0
-0 -0 0
-0 -0 0
-0 -0 0
-0 -0 0
-0 -0 0
-0 -0 0
-0 -0 0
-0 -0 0
-0 -0 0
-0 -0 0
-0 -0 0
-0 -0 0
-0 -0 0
-0 -0 0
-0 -0 0
-0 -0 0
-0.18204859 -0.19929294 0.49125004
-0.17414756 -0.2001043 0.49325001
-0.16533762 -0.19990146 0.49275002
-0.1551141 -0.19787303 0.48775002
-0.14070855 -0.18996218 0.46825004
-0.13002834 -0.18641242 0.45950001
-0.1215793 -0.18580389 0.45800003
-0.11299687 -0.1848911 0.45575002
-0.10455089 -0.18407972 0.45375001
-0.096015334 -0.1829641 0.45100003
-0.087429598 -0.1815442 0.44750002
-0.079099901 -0.18042856 0.44475001
-0.070986815 -0.17961718 0.44275001
-0.062693901 -0.17809586 0.43900001
-0.05481429 -0.17748734 0.43750003
-0.047014188 -0.17698024 0.43625003
-0.039280448 -0.17657454 0.43525001
-0.031490844 -0.17566176 0.43300003
-0.023835286 -0.17515466 0.43175003
-0.016214114 -0.17454612 0.43025002
-0.0086455001 -0.17393759 0.42875001
-0.0011314325 -0.17363334 0.42800003
0.0063563534 -0.17332907 0.42725003
0.013825958 -0.17312624 0.42675003
0.021240601 -0.17261912 0.42550001
0.02861144 -0.172112 0.42425001
0.036044683 -0.172112 0.42425001
0.043349821 -0.1716049 0.42300001
0.050641157 -0.17119922 0.42200002
0.058000594 -0.1710978 0.42175001
0.06535127 -0.17099638 0.42150003
0.072650053 -0.17079353 0.42100003
0.079978824 -0.17069212 0.42075002
0.087195031 -0.17038785 0.42000002
0.094553813 -0.17038785 0.42000002
0.1017306 -0.17008358 0.41925001
0.10894614 -0.16988075 0.41875002
0.11628303 -0.16988075 0.41875002
0.12361991 -0.16988075 0.41875002
0.13111314 -0.17008358 0.41925001
0.13812853 -0.1696779 0.41825002
0.14563052 -0.16988075 0.41875002
0.15269344 -0.16957648 0.41800001
0.15953864 -0.16906936 0.41675001
0.16694057 -0.1691708 0.41700003
0.17456019 -0.16947506 0.41775003
0.18177068 -0.16937363 0.41750002
0.18874598 -0.16906936 0.41675001
0.19604781 -0.16906936 0.41675001
0.20322768 -0.16896796 0.41650003
0.21001966 -0.16856226 0.41550002
0.21716887 -0.16846085 0.41525003
0.22457951 -0.16856226 0.41550002
0.23171996 -0.16846085 0.41525003
0.23913938 -0.16856226 0.41550002
0.24671584 -0.1687651 0.41600001
0.25415719 -0.16886653 0.41625002
0.26113623 -0.1686637 0.41575003
0.2680977 -0.16846085 0.41525003
0.27570483 -0.1686637 0.41575003
0.28298914 -0.1686637 0.41575003
-0 -0 0
-0 -0 0
-0 -0 0
-0 -0 0
-0 -0 0
-0 -0 0
-0 -0 0
-0 -0 0
-0 -0 0
-0 -0 0
-0 -0 0
-0 -0 0
-0 -0 0
-0 -0 0
-0 -0 0
-0 -0 0
-0 -0 0
-0 -0 0
-0.19259624 -0.19267535 0.49625003
-0.18353091 -0.19228709 0.49525002
-0.17458889 -0.19199589 0.49450001
-0.16282107 -0.18840447 0.48525003
-0.14891271 -0.181804 0.46825004
-0.13860506 -0.17908615 0.46125001
-0.13002834 -0.1784067 0.45950001
-0.12151293 -0.17772724 0.45775002
-0.1128729 -0.17675659 0.45525002
-0.10414767 -0.17549473 0.45200002
-0.09564276 -0.174427 0.44925001
-0.087185375 -0.17326222 0.44625002
-0.078833126 -0.17209743 0.44325003
-0.070786402 -0.17141797 0.44150001
-0.062801011 -0.1707385 0.43975002
-0.054782968 -0.16976786 0.43725002
-0.046960302 -0.16918546 0.43575001
-0.039167639 -0.168506 0.43400002
-0.031472661 -0.16802067 0.43275002
-0.023821484 -0.16753535 0.43150002
-0.016204691 -0.16695295 0.43000001
-0.0086505413 -0.16656469 0.42900002
-0.0011307715 -0.16607936 0.42775002
0.0063600726 -0.16598229 0.42750001
0.013825958 -0.16569111 0.42675003
0.021215642 -0.16501163 0.42500001
0.028628301 -0.16481751 0.42450002
0.036023442 -0.16462338 0.42400002
0.043324202 -0.16413805 0.42275003
0.05067116 -0.16394392 0.42225003
0.058138121 -0.16413805 0.42275003
0.065467559 -0.16394392 0.42225003
0.072650053 -0.16345859 0.42100003
0.079883784 -0.16316739 0.42025003
0.087195031 -0.16307032 0.42000002
0.094610095 -0.16316739 0.42025003
0.10185193 -0.16297327 0.41975003
0.10927136 -0.16307032 0.42000002
0.11656072 -0.16297327 0.41975003
0.12376751 -0.16277912 0.41925001
0.13103497 -0.16268207 0.41900003
0.13829365 -0.16258499 0.41875002
0.14589137 -0.16287619 0.41950002
0.15296741 -0.16258499 0.41875002
0.16030428 -0.16258499 0.41875002
0.16764115 -0.16258499 0.41875002
0.17518696 -0.16277912 0.41925001
0.18242376 -0.16268207 0.41900003
0.18919888 -0.16219674 0.41775003
0.19663584 -0.16229379 0.41800001
0.20395958 -0.16229379 0.41800001
0.21052514 -0.16171141 0.41650003
0.2178226 -0.16171141 0.41650003
0.22512002 -0.16171141 0.41650003
0.23227797 -0.16161434 0.41625002
0.23971494 -0.16171141 0.41650003
0.24716066 -0.16180848 0.41675001
0.25446248 -0.16180848 0.41675001
0.26176432 -0.16180848 0.41675001
0.26906613 -0.16180848 0.41675001
0.27653378 -0.16190554 0.41700003
0.28384 -0.16190554 0.41700003
-0 -0 0
-0 -0 0
-0 -0 0
-0 -0 0
-0 -0 0
-0 -0 0
-0 -0 0
-0 -0 0
-0 -0 0
-0 -0 0
-0 -0 0
-0 -0 0
-0 -0 0
-0 -0 0
-0 -0 0
-0 -0 0
-0 -0 0
-0.20230506 -0.18495645 0.49875003
-0.1931784 -0.1845856 0.49775001
-0.1839015 -0.18402936 0.49625003
-0.17282358 -0.18152618 0.48950002
-0.15652968 -0.17299686 0.46650001
-0.14732261 -0.17179163 0.46325001
-0.13860506 -0.17104994 0.46125001
-0.12967461 -0.16993743 0.45825002
-0.12104839 -0.16910304 0.45600003
-0.11231504 -0.16799052 0.45300001
-0.10368683 -0.166878 0.45000002
-0.095429868 -0.16622902 0.44825003
-0.087136529 -0.16539463 0.44600001
-0.078610808 -0.16391128 0.44200003
-0.070585988 -0.16326231 0.44025001
-0.062622495 -0.16261333 0.43850002
-0.054720324 -0.16196437 0.43675002
-0.046906419 -0.16140811 0.43525001
-0.03907739 -0.16057372 0.43300003
-0.031436298 -0.16029559 0.43225002
-0.023807682 -0.15992475 0.43125001
-0.016195271 -0.15936849 0.42975003
-0.0086455001 -0.15899764 0.42875001
-0.0011307715 -0.15862681 0.42775002
0.0063563534 -0.15844139 0.42725003
0.013842156 -0.15844139 0.42725003
0.021215642 -0.157607 0.42500001
0.02861144 -0.15732886 0.42425001
0.0360022 -0.15714344 0.42375001
0.043349821 -0.15686531 0.42300001
0.050791163 -0.15695803 0.42325002
0.058206882 -0.15695803 0.42325002
0.065545075 -0.15677261 0.42275003
0.072822616 -0.15649448 0.42200002
0.080026343 -0.15612364 0.42100003
0.087350741 -0.15603094 0.42075002
0.094722658 -0.15603094 0.42075002
0.10209458 -0.15603094 0.42075002
0.10959657 -0.15621635 0.42125002
0.11683841 -0.15603094 0.42075002
0.12398892 -0.15575279 0.42000002
0.13103497 -0.15538196 0.41900003
0.13870646 -0.15575279 0.42000002
0.1461522 -0.15584551 0.42025003
0.15360667 -0.15593822 0.42050001
0.1607828 -0.15575279 0.42000002
0.16814157 -0.15575279 0.42000002
0.17518696 -0.15547466 0.41925001
0.18264143 -0.15556738 0.41950002
0.18976501 -0.15538196 0.41900003
0.19734147 -0.15556738 0.41950002
0.2045695 -0.15547466 0.41925001
0.21153605 -0.15519653 0.41850001
0.21860705 -0.15501112 0.41800001
0.2260659 -0.15510383 0.41825002
0.23325451 -0.15501112 0.41800001
0.24115381 -0.15538196 0.41900003
0.24775372 -0.15491842 0.41775003
0.25568366 -0.15528925 0.41875002
0.26302055 -0.15528925 0.41875002
0.26971179 -0.15491842 0.41775003
0.2773627 -0.15510383 0.41825002
0.28520134 -0.15538196 0.41900003
-0 -0 0
-0 -0 0
-0.35510749 -0.18775296 0.53125
-0.34905413 -0.18952006 0.53625005
-0 -0 0
-0 -0 0
-0 -0 0
-0 -0 0
-0 -0 0
-0 -0 0
-0 -0 0
-0 -0 0
-0 -0 0
-0 -0 0
-0 -0 0
-0 -0 0
-0.21188988 -0.17697373 0.50075001
-0.20291349 -0.17679703 0.50025004
-0.19376056 -0.17644362 0.49925002
-0.18158536 -0.1731745 0.49000001
-0.16602714 -0.16619451 0.47025001
-0.15636191 -0.16469249 0.46600002
-0.14724311 -0.16363224 0.46300003
-0.13830456 -0.16266033 0.46025002
-0.12932089 -0.16151173 0.45700002
-0.12051747 -0.16045149 0.45400003
-0.11175719 -0.15930288 0.45075002
-0.10339881 -0.15859604 0.44875002
-0.095270202 -0.15815426 0.44750002
-0.086648099 -0.15674059 0.44350001
-0.078432955 -0.15585706 0.44100001
-0.070425652 -0.15523857 0.43925002
-0.062586792 -0.15488516 0.43825004
-0.054751642 -0.15444338 0.43700001
-0.046960302 -0.15400161 0.43575001
-0.03909995 -0.15311806 0.43325001
-0.031436298 -0.15276465 0.43225002
-0.023807682 -0.15241122 0.43125001
-0.016195271 -0.15188111 0.42975003
-0.0086354176 -0.15135098 0.42825001
-0.0011307715 -0.15117428 0.42775002
0.0063563534 -0.15099756 0.42725003
0.013825958 -0.15082087 0.42675003
0.021253081 -0.15046744 0.42575002
0.028645162 -0.15011403 0.42475003
0.036044683 -0.1499373 0.42425001
0.043452304 -0.14984895 0.42400002
0.050851163 -0.1497606 0.42375001
0.058206882 -0.14958389 0.42325002
0.065545075 -0.14940719 0.42275003
0.072865762 -0.14923048 0.42225003
0.08021643 -0.14914212 0.42200002
0.087558344 -0.14905377 0.42175001
0.094891503 -0.14896542 0.42150003
0.10233722 -0.14905377 0.42175001
0.1097917 -0.14914212 0.42200002
0.11697725 -0.14887705 0.42125002
0.12421033 -0.14870036 0.42075002
0.13158225 -0.14870036 0.42075002
0.13903673 -0.14878871 0.42100003
0.14641303 -0.14878871 0.42100003
0.15388064 -0.14887705 0.42125002
0.1609742 -0.14861199 0.42050001
0.16814157 -0.14843529 0.42000002
0.17529143 -0.14825858 0.41950002
0.18296798 -0.14852364 0.42025003
0.19044435 -0.14861199 0.42050001
0.1976943 -0.14852364 0.42025003
0.2048135 -0.14834695 0.41975003
0.21204151 -0.14825858 0.41950002
0.21926078 -0.14817022 0.41925001
0.22647129 -0.14808187 0.41900003
0.23395205 -0.14817022 0.41925001
0.24201711 -0.14861199 0.42050001
0.24908812 -0.14843529 0.42000002
0.2564469 -0.14843529 0.42000002
0.26364866 -0.14834695 0.41975003
0.27084163 -0.14825858 0.41950002
0.27835745 -0.14834695 0.41975003
0.28639251 -0.14870036 0.42075002
-0 -0 0
-0 -0 0
-0 -0 0
-0 -0 0
-0 -0 0
-0 -0 0
-0 -0 0
-0 -0 0
-0 -0 0
-0 -0 0
-0 -0 0
-0 -0 0
-0 -0 0
-0 -0 0
-0 -0 0
-0.22165497 -0.16900532 0.50300002
-0.21231304 -0.16858535 0.50175005
-0.2030149 -0.16816534 0.50050002
-0.18842414 -0.16312543 0.48550004
-0.17417371 -0.1579175 0.47000003
-0.16523276 -0.15724552 0.46800002
-0.15627801 -0.15648952 0.46575001
-0.1471636 -0.15548153 0.46275002
-0.13792893 -0.15422155 0.45900002
-0.12910867 -0.15329757 0.45625001
-0.12031838 -0.15228958 0.45325002
-0.11144727 -0.1510296 0.44950002
-0.1031108 -0.15035762 0.44750002
-0.094631515 -0.14934963 0.44450003
-0.086599261 -0.14892964 0.44325003
-0.07847742 -0.14825766 0.44125003
-0.070465744 -0.14766966 0.43950003
-0.062515385 -0.14708167 0.43775001
-0.054688998 -0.14666167 0.43650001
-0.046879478 -0.14615768 0.43500003
-0.03909995 -0.1455697 0.43325001
-0.031436298 -0.14523371 0.43225002
-0.02378008 -0.1447297 0.43075001
-0.016195271 -0.14439371 0.42975003
-0.0086303763 -0.14380573 0.42800003
-0.0011307715 -0.14372173 0.42775002
0.0063563534 -0.14355373 0.42725003
0.013817858 -0.14330173 0.42650002
0.021253081 -0.14304973 0.42575002
0.028645162 -0.14271374 0.42475003
0.036065921 -0.14262974 0.42450002
0.043503545 -0.14262974 0.42450002
0.050911162 -0.14254573 0.42425001
0.058275644 -0.14237775 0.42375001
0.065622598 -0.14220975 0.42325002
0.07295204 -0.14204176 0.42275003
0.080406517 -0.14212574 0.42300001
0.087765954 -0.14204176 0.42275003
0.095172919 -0.14204176 0.42275003
0.10245855 -0.14187376 0.42225003
0.10972665 -0.14170575 0.42175001
0.11704668 -0.14162175 0.42150003
0.12443174 -0.14162175 0.42150003
0.1318168 -0.14162175 0.42150003
0.13936697 -0.14178975 0.42200002
0.14658691 -0.14162175 0.42150003
0.15397197 -0.14162175 0.42150003
0.16106991 -0.14136976 0.42075002
0.16824166 -0.14120176 0.42025003
0.17570928 -0.14128576 0.42050001
0.18340334 -0.14153776 0.42125002
0.19089726 -0.14162175 0.42150003
0.19816472 -0.14153776 0.42125002
0.20542341 -0.14145376 0.42100003
0.21279971 -0.14145376 0.42100003
0.22017601 -0.14145376 0.42100003
0.22741716 -0.14136976 0.42075002
0.2350681 -0.14153776 0.42125002
0.24244878 -0.14153776 0.42125002
0.25012597 -0.14170575 0.42175001
0.25705749 -0.14145376 0.42100003
0.26459083 -0.14153776 0.42125002
0.27229428 -0.14170575 0.42175001
0.27885479 -0.14128576 0.42050001
0.28707317 -0.14170575 0.42175001
-0 -0 0
-0 -0 0
-0 -0 0
-0 -0 0
-0 -0 0
-0 -0 0
-0 -0 0
-0 -0 0
-0 -0 0
-0 -0 0
-0 -0 0
-0 -0 0
-0 -0 0
-0 -0 0
-0.23035344 -0.16016208 0.50275004
-0.22165497 -0.16024171 0.50300002
-0.21263038 -0.16008241 0.5025
-0.19845162 -0.15586135 0.48925003
-0.18260258 -0.14988813 0.47050002
-0.17380312 -0.14941026 0.46900001
-0.16487969 -0.14877312 0.46700001
-0.15569083 -0.1478174 0.46400002
-0.14628905 -0.14654312 0.46000001
-0.1375533 -0.14582634 0.45775002
-0.12868419 -0.14487062 0.45475003
-0.11978746 -0.14375561 0.45125002
-0.11119933 -0.14287953 0.44850001
-0.10282278 -0.14216276 0.44625002
-0.094578296 -0.14152561 0.44425002
-0.086550415 -0.14112739 0.44300002
-0.078388497 -0.14041062 0.44075003
-0.070345491 -0.13977347 0.43875003
-0.062301174 -0.13897704 0.43625003
-0.054563709 -0.13873811 0.43550003
-0.04679865 -0.13833989 0.43425003
-0.03907739 -0.13794167 0.43300003
-0.031399932 -0.13754347 0.43175003
-0.023766279 -0.13714525 0.43050003
-0.016223535 -0.13714525 0.43050003
-0.0086505413 -0.13666739 0.42900002
-0.0011307715 -0.13626917 0.42775002
0.0063526337 -0.13603024 0.42700002
0.013817858 -0.13587096 0.42650002
0.02127804 -0.13579132 0.42625001
0.028628301 -0.13523382 0.42450002
0.036087163 -0.13531347 0.42475003
0.043529164 -0.13531347 0.42475003
0.050941166 -0.13523382 0.42450002
0.058344405 -0.13515417 0.42425001
0.065700121 -0.13499488 0.42375001
0.073081464 -0.13491525 0.42350003
0.080501564 -0.13491525 0.42350003
0.087869756 -0.1348356 0.42325002
0.095229194 -0.13475595 0.42300001
0.10251921 -0.13459666 0.42250001
0.1097917 -0.13443738 0.42200002
0.11725495 -0.13451703 0.42225003
0.12480076 -0.13467631 0.42275003
0.13212954 -0.13459666 0.42250001
0.13944954 -0.13451703 0.42225003
0.14676079 -0.13443738 0.42200002
0.1540633 -0.13435774 0.42175001
0.16145273 -0.13435774 0.42175001
0.16914243 -0.13459666 0.42250001
0.17644054 -0.13451703 0.42225003
0.18405642 -0.13467631 0.42275003
0.19146338 -0.13467631 0.42275003
0.19887035 -0.13467631 0.42275003
0.20627731 -0.13467631 0.42275003
0.2135579 -0.13459666 0.42250001
0.22082974 -0.13451703 0.42225003
0.22809279 -0.13443738 0.42200002
0.23562613 -0.13451703 0.42225003
0.24288043 -0.13443738 0.42200002
0.25012597 -0.13435774 0.42175001
0.25766808 -0.13443738 0.42200002
0.26521894 -0.13451703 0.42225003
0.27277851 -0.13459666 0.42250001
0.28067845 -0.1348356 0.42325002
0.28826436 -0.13491525 0.42350003
-0 -0 0
-0 -0 0
-0 -0 0
-0 -0 0
-0 -0 0
-0 -0 0
-0 -0 0
-0 -0 0
-0 -0 0
-0 -0 0
-0 -0 0
-0 -0 0
-0 -0 0
-0.24023239 -0.1520804 0.505
-0.23104073 -0.15185456 0.50425005
-0.22176513 -0.15155339 0.50325
-0.20691793 -0.14726202 0.48900002
-0.19196165 -0.14251892 0.47325003
-0.18250556 -0.14161547 0.47025001
-0.17371048 -0.14116375 0.46875003
-0.16452664 -0.14033559 0.46600002
-0.15518752 -0.13928157 0.46250004
-0.14573251 -0.13800168 0.45825002
-0.13687719 -0.13717352 0.45550004
-0.12825973 -0.13649593 0.45325002
-0.11945564 -0.13551719 0.45000002
-0.11082743 -0.13461375 0.44700003
-0.10253476 -0.13401145 0.44500002
-0.094525069 -0.13371031 0.44400004
-0.08645273 -0.13325858 0.44250003
-0.078210637 -0.13243042 0.43975002
-0.070145078 -0.13175283 0.43750003
-0.062194064 -0.13115053 0.43550003
-0.054501068 -0.13099995 0.43500003
-0.046744768 -0.13062352 0.43375003
-0.039009705 -0.13017179 0.43225002
-0.031345386 -0.12979536 0.43100002
-0.02378008 -0.12972006 0.43075001
-0.016214114 -0.1295695 0.43025002
-0.0086455001 -0.12911777 0.42875001
-0.0011307715 -0.12881662 0.42775002
0.0063526337 -0.12859076 0.42700002
0.013817858 -0.12844019 0.42650002
0.021265561 -0.12828961 0.42600003
0.028678883 -0.12806375 0.42525002
0.036044683 -0.1277626 0.42425001
0.043503545 -0.12783788 0.42450002
0.050941166 -0.12783788 0.42450002
0.058310024 -0.12768732 0.42400002
0.065700121 -0.12761202 0.42375001
0.073124602 -0.12761202 0.42375001
0.080454037 -0.12746145 0.42325002
0.087921657 -0.12753674 0.42350003
0.095398039 -0.12761202 0.42375001
0.10270119 -0.12746145 0.42325002
0.11005187 -0.12738615 0.42300001
0.11739379 -0.12731087 0.42275003
0.12502216 -0.12753674 0.42350003
0.13236408 -0.12746145 0.42325002
0.13969722 -0.12738615 0.42300001
0.14710857 -0.12738615 0.42300001
0.15442859 -0.12731087 0.42275003
0.16183555 -0.12731087 0.42275003
0.16944267 -0.12746145 0.42325002
0.1768584 -0.12746145 0.42325002
0.1844918 -0.12761202 0.42375001
0.19191627 -0.12761202 0.42375001
0.19934076 -0.12761202 0.42375001
0.20688723 -0.12768732 0.42400002
0.21381062 -0.12738615 0.42300001
0.22135273 -0.12746145 0.42325002
0.22903867 -0.12761202 0.42375001
0.23646316 -0.12761202 0.42375001
0.2441754 -0.1277626 0.42425001
0.2514604 -0.12768732 0.42400002
0.25858396 -0.12753674 0.42350003
0.26631811 -0.12768732 0.42400002
0.27358556 -0.12761202 0.42375001
0.28167319 -0.12791318 0.42475003
0.28911519 -0.12791318 0.42475003
-0 -0 0
-0 -0 0
-0 -0 0
-0 -0 0
-0 -0 0
-0 -0 0
-0 -0 0
-0 -0 0
-0 -0 0
-0 -0 0
-0 -0 0
-0 -0 0
-0.25080678 -0.14427502 0.50850004
-0.24189739 -0.14427502 0.50850004
-0.23184256 -0.1435657 0.50600004
-0.21405348 -0.13782023 0.48575002
-0.20057076 -0.13448645 0.47400004
-0.19155601 -0.13398992 0.47225001
-0.18260258 -0.13349339 0.47050002
-0.17296931 -0.13242942 0.46675003
-0.16355571 -0.13143638 0.46325001
-0.15409702 -0.13030148 0.45925003
-0.14525549 -0.12959217 0.45675004
-0.13635132 -0.12874098 0.45375001
-0.12762304 -0.12796074 0.45100003
-0.11912382 -0.12732235 0.44875002
-0.11076544 -0.12675489 0.44675002
-0.10259236 -0.1263293 0.44525003
-0.094365403 -0.12576185 0.44325003
-0.086159669 -0.12512346 0.44100001
-0.078121714 -0.12462694 0.43925002
-0.070145078 -0.12413042 0.43750003
-0.062229764 -0.1236339 0.43575001
-0.054469742 -0.12335017 0.43475002
-0.046717823 -0.12299551 0.43350002
-0.039009705 -0.12264086 0.43225002
-0.031363569 -0.12235712 0.43125001
-0.023766279 -0.12214433 0.43050003
-0.016195271 -0.12193154 0.42975003
-0.0086354176 -0.12150595 0.42825001
-0.0011294498 -0.12122223 0.42725003
0.0063451952 -0.12100942 0.42650002
0.013809757 -0.12093849 0.42625001
0.021253081 -0.12079663 0.42575002
0.02869574 -0.1207257 0.42550001
0.036087163 -0.12051291 0.42475003
0.043529164 -0.12051291 0.42475003
0.051001165 -0.12058383 0.42500001
0.058344405 -0.12037104 0.42425001
0.065661363 -0.12015825 0.42350003
0.073081464 -0.12015825 0.42350003
0.080454037 -0.12008732 0.42325002
0.088077359 -0.12037104 0.42425001
0.095510602 -0.12037104 0.42425001
0.10288318 -0.12030011 0.42400002
0.11031204 -0.12030011 0.42400002
0.11760207 -0.12015825 0.42350003
0.12516977 -0.12030011 0.42400002
0.13267681 -0.12037104 0.42425001
0.13994491 -0.12022918 0.42375001
0.1473694 -0.12022918 0.42375001
0.15479389 -0.12022918 0.42375001
0.16221836 -0.12022918 0.42375001
0.16964284 -0.12022918 0.42375001
0.17706732 -0.12022918 0.42375001
0.18470947 -0.12037104 0.42425001
0.19225596 -0.12044197 0.42450002
0.19969358 -0.12044197 0.42450002
0.20737517 -0.12058383 0.42500001
0.21444246 -0.12037104 0.42425001
0.2218757 -0.12037104 0.42425001
0.23011968 -0.12079663 0.42575002
0.23716068 -0.12058383 0.42500001
0.24475096 -0.12065477 0.42525002
0.2519052 -0.12051291 0.42475003
0.25995779 -0.12079663 0.42575002
0.26741731 -0.12079663 0.42575002
0.27471539 -0.1207257 0.42550001
0.28233632 -0.12079663 0.42575002
0.28928536 -0.12058383 0.42500001
-0 -0 0
-0 -0 0
-0 -0 0
-0 -0 0
-0 -0 0
-0 -0 0
-0 -0 0
-0 -0 0
-0 -0 0
-0 -0 0
-0 -0 0
-0.26035458 -0.13574846 0.50975001
-0.25117669 -0.13561532 0.50925004
-0.24070813 -0.13474983 0.50600004
-0.22359519 -0.12995635 0.48800004
-0.20986716 -0.12682728 0.47625002
-0.20057076 -0.12622809 0.47400004
-0.19175883 -0.12589522 0.47275001
-0.1819234 -0.12483 0.46875003
-0.17204286 -0.12363163 0.46425003
-0.16267306 -0.12269957 0.46075001
-0.15342593 -0.12176751 0.45725003
-0.14461945 -0.12110174 0.45475003
-0.13605082 -0.12056914 0.45275003
-0.12748154 -0.11996995 0.45050001
-0.1189911 -0.11937077 0.44825003
-0.11064148 -0.11883816 0.44625002
-0.10241956 -0.11837213 0.44450003
-0.094152503 -0.11777294 0.44225001
-0.085866608 -0.11704061 0.43950003
-0.077943861 -0.11670773 0.43825004
-0.069944665 -0.11617512 0.43625003
-0.062158361 -0.11590882 0.43525001
-0.054344453 -0.11550936 0.43375003
-0.046610057 -0.11517648 0.43250003
-0.038942017 -0.11491018 0.43150002
-0.031327207 -0.11471044 0.43075001
-0.023724874 -0.11444414 0.42975003
-0.016167006 -0.11424442 0.42900002
-0.0086303763 -0.11397812 0.42800003
-0.0011287888 -0.1137118 0.42700002
0.0063451952 -0.11357865 0.42650002
0.013809757 -0.11351208 0.42625001
0.021253081 -0.11337893 0.42575002
0.028712602 -0.11337893 0.42575002
0.036129642 -0.11324578 0.42525002
0.043529164 -0.11311263 0.42475003
0.050971165 -0.11311263 0.42475003
0.058378786 -0.11304605 0.42450002
0.065661363 -0.11277974 0.42350003
0.073081464 -0.11277974 0.42350003
0.080549084 -0.11284631 0.42375001
0.088077359 -0.11297947 0.42425001
0.095510602 -0.11297947 0.42425001
0.10294385 -0.11297947 0.42425001
0.11037708 -0.11297947 0.42425001
0.11787975 -0.11304605 0.42450002
0.12531738 -0.11304605 0.42450002
0.132755 -0.11304605 0.42450002
0.14019261 -0.11304605 0.42450002
0.14754328 -0.11297947 0.42425001
0.15470257 -0.11277974 0.42350003
0.16221836 -0.11284631 0.42375001
0.16994309 -0.11304605 0.42450002
0.17727625 -0.11297947 0.42425001
0.18492718 -0.11311263 0.42475003
0.19270885 -0.11331235 0.42550001
0.20016399 -0.11331235 0.42550001
0.20761913 -0.11331235 0.42550001
0.21494792 -0.11324578 0.42525002
0.22266018 -0.11337893 0.42575002
0.23052506 -0.11357865 0.42650002
0.2373002 -0.11324578 0.42525002
0.2453265 -0.11351208 0.42625001
0.25279477 -0.11351208 0.42625001
0.26056838 -0.11364523 0.42675003
0.26835948 -0.11377838 0.42725003
0.27632949 -0.11397812 0.42800003
0.28349683 -0.11384495 0.42750001
0.29081687 -0.11377838 0.42725003
-0 -0 0
-0 -0 0
-0 -0 0
-0 -0 0
-0 -0 0
-0 -0 0
-0 -0 0
-0 -0 0
-0 -0 0
-0 -0 0
-0.27021033 -0.1273028 0.5115
-0.26073763 -0.12705392 0.51050001
-0.25056013 -0.1264317 0.50800002
-0.23285893 -0.12182741 0.48950002
-0.21912786 -0.1190275 0.47825003
-0.20931633 -0.11821863 0.47500002
-0.20057076 -0.11796975 0.47400004
-0.19104898 -0.1172231 0.47100002
-0.18066207 -0.11585426 0.46550003
-0.17130169 -0.11504539 0.46225002
-0.16205521 -0.11423653 0.45900002
-0.15300651 -0.11348989 0.45600003
-0.14422193 -0.11286768 0.45350003
-0.13567519 -0.11236992 0.45150003
-0.12705708 -0.11174772 0.44900003
-0.11859291 -0.11118773 0.44675002
-0.11039355 -0.11081441 0.44525003
-0.10224674 -0.11044109 0.44375002
-0.093992829 -0.1098811 0.44150001
-0.085768916 -0.1092589 0.43900001
-0.077899396 -0.10901002 0.43800002
-0.069984742 -0.10863669 0.43650001
-0.062086955 -0.10820115 0.43475002
-0.054281805 -0.10782783 0.43325001
-0.046583112 -0.10757896 0.43225002
-0.038919456 -0.10733007 0.43125001
-0.03129084 -0.10708119 0.43025002
-0.023711072 -0.10689452 0.42950001
-0.016138742 -0.10658342 0.42825001
-0.0086202938 -0.10639676 0.42750001
-0.0011287888 -0.10627232 0.42700002
0.0063451952 -0.10614789 0.42650002
0.013793559 -0.10596122 0.42575002
0.021253081 -0.10596122 0.42575002
0.028712602 -0.10596122 0.42575002
0.036129642 -0.10583679 0.42525002
0.043529164 -0.10571235 0.42475003
0.050941166 -0.10565012 0.42450002
0.058378786 -0.10565012 0.42450002
0.065661363 -0.10540124 0.42350003
0.073081464 -0.10540124 0.42350003
0.080596603 -0.10552568 0.42400002
0.088025466 -0.10552568 0.42400002
0.095510602 -0.1055879 0.42425001
0.10288318 -0.10552568 0.42400002
0.11044212 -0.10565012 0.42450002
0.11794917 -0.10571235 0.42475003
0.12546498 -0.10577456 0.42500001
0.13298956 -0.10583679 0.42525002
0.1404403 -0.10583679 0.42525002
0.14780411 -0.10577456 0.42500001
0.1552505 -0.10577456 0.42500001
0.16260117 -0.10571235 0.42475003
0.17014326 -0.10577456 0.42500001
0.17779857 -0.105899 0.42550001
0.1854714 -0.10602345 0.42600003
0.1929353 -0.10602345 0.42600003
0.20051681 -0.10608566 0.42625001
0.20810708 -0.10614789 0.42650002
0.21570612 -0.10621011 0.42675003
0.2235754 -0.10639676 0.42750001
0.23133582 -0.10652121 0.42800003
0.23827673 -0.10627232 0.42700002
0.24662149 -0.10664565 0.42850003
0.25427744 -0.10670786 0.42875001
0.26133162 -0.10652121 0.42800003
0.26898757 -0.10658342 0.42825001
0.2769751 -0.10677009 0.42900002
0.28415999 -0.10664565 0.42850003
0.29132739 -0.10652121 0.42800003
-0 -0 0
-0 -0 0
-0 -0 0
-0 -0 0
-0 -0 0
-0 -0 0
-0 -0 0
-0 -0 0
-0 -0 0
-0.28067321 -0.11902761 0.51425004
-0.27100274 -0.11873828 0.51300001
-0.25843927 -0.11711808 0.50600004
-0.24032566 -0.11277822 0.48725003
-0.22822079 -0.11104229 0.47975004
-0.21924241 -0.11075296 0.47850001
-0.20931633 -0.10994285 0.47500002
-0.19951288 -0.10913275 0.47150001
-0.1895279 -0.10814905 0.46725002
-0.1799829 -0.10733895 0.46375003
-0.17046788 -0.10647097 0.46000001
-0.16126083 -0.10571874 0.45675004
-0.15250319 -0.10519795 0.45450002
-0.1439039 -0.10473504 0.45250002
-0.13514933 -0.10409853 0.44975004
-0.1266326 -0.10357774 0.44750002
-0.11826108 -0.10311483 0.44550002
-0.11014561 -0.1028255 0.44425002
-0.10190111 -0.10236258 0.44225001
-0.09362027 -0.10178394 0.43975002
-0.085622393 -0.10143676 0.43825004
-0.077721544 -0.10114743 0.43700001
-0.069824412 -0.10080024 0.43550003
-0.061979845 -0.10045305 0.43400002
-0.05421916 -0.10016373 0.43275002
-0.046583112 -0.100048 0.43225002
-0.038919456 -0.099816538 0.43125001
-0.031272661 -0.099527217 0.43000001
-0.023669668 -0.099237889 0.42875001
-0.016119899 -0.099006437 0.42775002
-0.0086102122 -0.098832838 0.42700002
-0.0011287888 -0.098832838 0.42700002
0.0063451952 -0.098717116 0.42650002
0.013785459 -0.098485649 0.42550001
0.021240601 -0.098485649 0.42550001
0.028678883 -0.098427787 0.42525002
0.036108404 -0.098369919 0.42500001
0.043554783 -0.098369919 0.42500001
0.050971165 -0.098312065 0.42475003
0.058378786 -0.098254196 0.42450002
0.065777645 -0.098196328 0.42425001
0.073124602 -0.098080598 0.42375001
0.080644123 -0.098196328 0.42425001
0.088129267 -0.098254196 0.42450002
0.095510602 -0.098196328 0.42425001
0.10300451 -0.098254196 0.42450002
0.11057221 -0.098369919 0.42500001
0.11808802 -0.098427787 0.42525002
0.12568639 -0.098543517 0.42575002
0.13306773 -0.098485649 0.42550001
0.14052285 -0.098485649 0.42550001
0.14797801 -0.098485649 0.42550001
0.15561581 -0.098601386 0.42600003
0.1632711 -0.098717116 0.42650002
0.17084385 -0.098774977 0.42675003
0.1783209 -0.098774977 0.42675003
0.18579794 -0.098774977 0.42675003
0.19338821 -0.098832838 0.42700002
0.20122245 -0.099006437 0.42775002
0.20871702 -0.099006437 0.42775002
0.21646431 -0.099122167 0.42825001
0.22396764 -0.099122167 0.42825001
0.23187631 -0.099295758 0.42900002
0.2396718 -0.099411488 0.42950001
0.24719703 -0.099411488 0.42950001
0.25472227 -0.099411488 0.42950001
0.26194221 -0.099295758 0.42900002
0.26977271 -0.099411488 0.42950001
0.27778214 -0.099585079 0.43025002
0.28532052 -0.099585079 0.43025002
0.29302907 -0.099642947 0.43050003
-0 -0 0
-0 -0 0
-0 -0 0
-0 -0 0
-0 -0 0
-0 -0 0
-0 -0 0
-0.3002907 -0.1106566 0.51700002
-0.29109159 -0.11060309 0.51675004
-0.28176478 -0.11049607 0.51625001
-0.27007827 -0.10942589 0.51125002
-0.2510334 -0.10519868 0.49150002
-0.23785952 -0.10321885 0.48225003
-0.22845864 -0.10279078 0.48025003
-0.21866967 -0.10214867 0.47725001
-0.20920615 -0.10161358 0.47475001
-0.19834924 -0.10032937 0.46875003
-0.18851383 -0.099473223 0.46475002
-0.1789156 -0.098670587 0.46100003
-0.16972673 -0.098028481 0.45800003
-0.16090776 -0.097546898 0.45575002
-0.15199988 -0.096958295 0.45300001
-0.14326786 -0.096423209 0.45050001
-0.13492395 -0.096102156 0.44900003
-0.12642038 -0.095620573 0.44675002
-0.11779654 -0.094978467 0.44375002
-0.10964973 -0.094657414 0.44225001
-0.10172831 -0.094496883 0.44150001
-0.093567051 -0.094068818 0.43950003
-0.085475862 -0.093640745 0.43750003
-0.077588156 -0.093373202 0.43625003
-0.069623999 -0.092945129 0.43425003
-0.06183704 -0.092677586 0.43300003
-0.054125194 -0.092463546 0.43200001
-0.046502285 -0.092356525 0.43150002
-0.038851772 -0.092142493 0.43050003
-0.031254478 -0.091981962 0.42975003
-0.023655867 -0.091714419 0.42850003
-0.016110478 -0.091500379 0.42750001
-0.008605171 -0.091339856 0.42675003
-0.0011274671 -0.091286346 0.42650002
0.006341476 -0.091232836 0.42625001
0.013793559 -0.091125816 0.42575002
0.021253081 -0.091125816 0.42575002
0.028678883 -0.091018803 0.42525002
0.036108404 -0.090965293 0.42500001
0.043554783 -0.090965293 0.42500001
0.050941166 -0.090858273 0.42450002
0.058378786 -0.090858273 0.42450002
0.065816402 -0.090858273 0.42450002
0.073254026 -0.090858273 0.42450002
0.080691643 -0.090858273 0.42450002
0.088233069 -0.090965293 0.42500001
0.095623173 -0.090911783 0.42475003
0.10306517 -0.090911783 0.42475003
0.11063726 -0.091018803 0.42525002
0.11829629 -0.091179334 0.42600003
0.12568639 -0.091125816 0.42575002
0.13306773 -0.091072306 0.42550001
0.14068799 -0.091179334 0.42600003
0.14823884 -0.091232836 0.42625001
0.15588978 -0.091339856 0.42675003
0.1634625 -0.091393366 0.42700002
0.17094393 -0.091393366 0.42700002
0.17842536 -0.091393366 0.42700002
0.18601562 -0.091446877 0.42725003
0.19384111 -0.091607407 0.42800003
0.20181048 -0.09182144 0.42900002
0.20932694 -0.09182144 0.42900002
0.21659069 -0.091714419 0.42850003
0.22462137 -0.091928452 0.42950001
0.23241682 -0.092035472 0.43000001
0.23995081 -0.092035472 0.43000001
0.24762869 -0.092088982 0.43025002
0.25531533 -0.092142493 0.43050003
0.26316336 -0.092249513 0.43100002
0.27118596 -0.092410035 0.43175003
0.27891198 -0.092463546 0.43200001
0.28664681 -0.092517056 0.43225002
0.29422024 -0.092517056 0.43225002
-0 -0 0
-0 -0 0
-0 -0 0
-0 -0 0
-0 -0 0
-0 -0 0
-0.3108449 -0.10214061 0.51950002
-0.30188799 -0.10218976 0.51975
-0.29264069 -0.10214061 0.51950002
-0.27944517 -0.10066602 0.51200002
-0.26109767 -0.097176127 0.49425003
-0.24758585 -0.095308304 0.48475003
-0.23798281 -0.094865918 0.48250002
-0.22726938 -0.09393201 0.47775003
-0.21740967 -0.093293019 0.47450003
-0.20722316 -0.092457406 0.47025001
-0.19686823 -0.091474339 0.46525002
-0.18739836 -0.090835348 0.46200001
-0.17823642 -0.090294667 0.45925003
-0.16889291 -0.089606516 0.45575002
-0.16037816 -0.089311592 0.45425001
-0.1513288 -0.088672601 0.45100003
-0.14294985 -0.088377684 0.44950002
-0.13454832 -0.088033609 0.44775003
-0.1259959 -0.087542079 0.44525003
-0.11733199 -0.08690308 0.44200003
-0.10933981 -0.086706467 0.44100001
-0.10149789 -0.086608164 0.44050002
-0.093354151 -0.086214937 0.43850002
-0.085329331 -0.085870862 0.43675002
-0.077410303 -0.085575938 0.43525001
-0.069583915 -0.085330173 0.43400002
-0.061801333 -0.085084409 0.43275002
-0.054062549 -0.084838644 0.43150002
-0.046421457 -0.084691182 0.43075001
-0.038784087 -0.084494568 0.42975003
-0.031218115 -0.084396265 0.42925003
-0.023642065 -0.084199645 0.42825001
-0.016101057 -0.084003039 0.42725003
-0.0086001297 -0.083855577 0.42650002
-0.0011268061 -0.083806418 0.42625001
0.0063377568 -0.083757274 0.42600003
0.013793559 -0.083708115 0.42575002
0.021253081 -0.083708115 0.42575002
0.028678883 -0.083609812 0.42525002
0.036129642 -0.083609812 0.42525002
0.043554783 -0.083560653 0.42500001
0.050941166 -0.08346235 0.42450002
0.058378786 -0.08346235 0.42450002
0.065816402 -0.08346235 0.42450002
0.073340312 -0.083560653 0.42500001
0.08078669 -0.083560653 0.42500001
0.088284969 -0.083609812 0.42525002
0.09579201 -0.083658956 0.42550001
0.1031865 -0.083609812 0.42525002
0.11076733 -0.083708115 0.42575002
0.11836571 -0.083806418 0.42625001
0.1257602 -0.083757274 0.42600003
0.13330227 -0.083806418 0.42625001
0.14101824 -0.08395388 0.42700002
0.14858662 -0.084003039 0.42725003
0.15607242 -0.084003039 0.42725003
0.16355821 -0.084003039 0.42725003
0.17104402 -0.084003039 0.42725003
0.17884323 -0.084150501 0.42800003
0.18688639 -0.084396265 0.42925003
0.19429401 -0.084347107 0.42900002
0.20216329 -0.084494568 0.42975003
0.20993687 -0.084592871 0.43025002
0.21734886 -0.08454372 0.43000001
0.22514436 -0.08464203 0.43050003
0.23309244 -0.084789485 0.43125001
0.24120638 -0.084986106 0.43225002
0.24877979 -0.084986106 0.43225002
0.2563532 -0.084986106 0.43225002
0.26423189 -0.085084409 0.43275002
0.27244219 -0.085281022 0.43375003
0.28020325 -0.085330173 0.43400002
0.28747576 -0.08523187 0.43350002
0.29439041 -0.085035257 0.43250003
-0 -0 0
-0 -0 0
-0 -0 0
-0 -0 0
-0 -0 0
-0.32179466 -0.093627118 0.52250004
-0.31189203 -0.093403123 0.52125001
-0.30246887 -0.09331353 0.52075005
-0.29038742 -0.092372775 0.51550001
-0.26948449 -0.088475384 0.49375004
-0.25753185 -0.087355435 0.48750001
-0.24733046 -0.086773068 0.48425001
-0.23625652 -0.08583232 0.47900003
-0.22584224 -0.085070759 0.47475001
-0.21614964 -0.084533185 0.47175002
-0.205791 -0.08368203 0.46700001
-0.19655088 -0.083234049 0.46450001
-0.18699275 -0.082606889 0.46100003
-0.17784832 -0.082114115 0.45825002
-0.16833703 -0.081397347 0.45425001
-0.15984857 -0.081128567 0.45275003
-0.15099326 -0.080635786 0.45000002
-0.14255232 -0.080322206 0.44825003
-0.13417271 -0.080008626 0.44650003
-0.12585442 -0.079695038 0.44475001
-0.11739835 -0.079247057 0.44225001
-0.10921584 -0.078933477 0.44050002
-0.10126748 -0.078754291 0.43950003
-0.093141258 -0.078395911 0.43750003
-0.085182801 -0.078127123 0.43600002
-0.077276908 -0.077858336 0.43450001
-0.069423586 -0.077589549 0.43300003
-0.061694223 -0.077410355 0.43200001
-0.053999905 -0.077231169 0.43100002
-0.046367574 -0.077096775 0.43025002
-0.038716398 -0.076872788 0.42900002
-0.031145388 -0.076738395 0.42825001
-0.023614462 -0.076648802 0.42775002
-0.016091635 -0.076514408 0.42700002
-0.0085950885 -0.076380007 0.42625001
-0.0011261454 -0.076335214 0.42600003
0.0063340371 -0.076290414 0.42575002
0.013793559 -0.076290414 0.42575002
0.021253081 -0.076290414 0.42575002
0.02866202 -0.07615602 0.42500001
0.036108404 -0.07615602 0.42500001
0.043554783 -0.07615602 0.42500001
0.050971165 -0.076111227 0.42475003
0.058447547 -0.07615602 0.42500001
0.065893926 -0.07615602 0.42500001
0.073340312 -0.07615602 0.42500001
0.08083421 -0.076200821 0.42525002
0.088388771 -0.076290414 0.42575002
0.09579201 -0.076245613 0.42550001
0.10330782 -0.076290414 0.42575002
0.11096247 -0.076424807 0.42650002
0.11850455 -0.076469608 0.42675003
0.1260554 -0.076514408 0.42700002
0.13369319 -0.076604001 0.42750001
0.14126593 -0.076648802 0.42775002
0.1487605 -0.076648802 0.42775002
0.1563464 -0.076693594 0.42800003
0.16384533 -0.076693594 0.42800003
0.17144436 -0.076738395 0.42825001
0.17936555 -0.076917589 0.42925003
0.18743061 -0.077141576 0.43050003
0.19497336 -0.077141576 0.43050003
0.20275131 -0.077231169 0.43100002
0.21066879 -0.077365562 0.43175003
0.21823344 -0.077365562 0.43175003
0.22579809 -0.077365562 0.43175003
0.23363297 -0.077455156 0.43225002
0.2419039 -0.077679142 0.43350002
0.2496431 -0.077723943 0.43375003
0.25709453 -0.077679142 0.43350002
0.26530042 -0.077858336 0.43450001
0.27369839 -0.078082323 0.43575001
0.2814945 -0.078127123 0.43600002
0.28863627 -0.07799273 0.43525001
0.29575172 -0.077858336 0.43450001
-0 -0 0
-0 -0 0
-0 -0 0
-0 -0 0
-0.33332455 -0.085130386 0.52625
-0.32333434 -0.084928185 0.52500004
-0.31383666 -0.084847294 0.52450001
-0.29956469 -0.083431832 0.51575005
-0.27855787 -0.079994261 0.49450001
-0.26757422 -0.079306744 0.49025002
-0.25713566 -0.07874056 0.48675004
-0.24630897 -0.078012601 0.48225003
-0.23465353 -0.076961115 0.47575003
-0.2251287 -0.07655669 0.47325003
-0.21500418 -0.075909622 0.46925002
-0.20490967 -0.075222105 0.46500003
-0.19528143 -0.074655913 0.46150002
-0.1862829 -0.074291937 0.45925003
-0.17736319 -0.073927961 0.45700002
-0.16796646 -0.073321328 0.45325002
-0.15940724 -0.073038235 0.45150003
-0.15065773 -0.072633818 0.44900003
-0.14231381 -0.072391167 0.44750002
-0.13402244 -0.072148509 0.44600001
-0.12557144 -0.071784534 0.44375002
-0.1169338 -0.071258791 0.44050002
-0.10896791 -0.071097024 0.43950003
-0.10097946 -0.070894815 0.43825004
-0.093034804 -0.070692599 0.43700001
-0.084987432 -0.070369065 0.43500003
-0.077054597 -0.070085973 0.43325001
-0.06926325 -0.069883764 0.43200001
-0.061551414 -0.069721997 0.43100002
-0.053905938 -0.069600664 0.43025002
-0.046313692 -0.069519788 0.42975003
-0.038693834 -0.069358014 0.42875001
-0.031127207 -0.069236688 0.42800003
-0.023573058 -0.069074921 0.42700002
-0.016082214 -0.06903448 0.42675003
-0.0086001297 -0.068994038 0.42650002
-0.0011268061 -0.068953596 0.42625001
0.0063340371 -0.068872713 0.42575002
0.013793559 -0.068872713 0.42575002
0.021240601 -0.068832271 0.42550001
0.028678883 -0.068791829 0.42525002
0.036108404 -0.068751387 0.42500001
0.043554783 -0.068751387 0.42500001
0.051001165 -0.068751387 0.42500001
0.058447547 -0.068751387 0.42500001
0.065971449 -0.068832271 0.42550001
0.073469736 -0.068872713 0.42575002
0.080929257 -0.068872713 0.42575002
0.088492572 -0.068953596 0.42625001
0.096017145 -0.068994038 0.42650002
0.10348981 -0.068994038 0.42650002
0.11109255 -0.069074921 0.42700002
0.11878224 -0.069196247 0.42775002
0.12642442 -0.06927713 0.42825001
0.13392775 -0.06927713 0.42825001
0.14143106 -0.06927713 0.42825001
0.14893438 -0.06927713 0.42825001
0.15652904 -0.069317572 0.42850003
0.16422814 -0.069398455 0.42900002
0.17184471 -0.069438905 0.42925003
0.17999233 -0.069681548 0.43075001
0.18775713 -0.069762431 0.43125001
0.19531302 -0.069762431 0.43125001
0.20310414 -0.069843322 0.43175003
0.21152268 -0.070126414 0.43350002
0.21899162 -0.070085973 0.43325001
0.22632106 -0.070005089 0.43275002
0.23417346 -0.070085973 0.43325001
0.24288045 -0.070409507 0.43525001
0.25036255 -0.070369065 0.43500003
0.25783587 -0.070328623 0.43475002
0.26636896 -0.070571281 0.43625003
0.27448353 -0.070692599 0.43700001
0.28230155 -0.070733041 0.43725002
0.29045993 -0.070854373 0.43800002
0.29711306 -0.070611715 0.43650001
-0 -0 0
-0 -0 0
-0 -0 0
-0.34173128 -0.075781278 0.52500004
-0.33348292 -0.0759978 0.52650005
-0.32472005 -0.076106057 0.52725005
-0.31159288 -0.075167812 0.52075005
-0.28881925 -0.071775697 0.49725002
-0.27700877 -0.070981801 0.49175003
-0.26702842 -0.070620932 0.48925003
-0.25528669 -0.069754861 0.48325002
-0.24388291 -0.068924874 0.47750002
-0.23366708 -0.068383582 0.47375003
-0.22393942 -0.067950547 0.47075003
-0.21362963 -0.06730099 0.46625003
-0.20424867 -0.066904046 0.46350002
-0.19454093 -0.066362746 0.45975003
-0.18557306 -0.066037968 0.45750001
-0.17648996 -0.065641023 0.45475003
-0.16741058 -0.065207981 0.45175001
-0.15896592 -0.064991467 0.45025003
-0.15007052 -0.064558432 0.44725001
-0.14207529 -0.064486258 0.44675002
-0.13372195 -0.064233653 0.44500002
-0.12507623 -0.063800618 0.44200003
-0.11673471 -0.06347584 0.43975002
-0.10871997 -0.063295409 0.43850002
-0.10092185 -0.063223235 0.43800002
-0.092928357 -0.063006721 0.43650001
-0.084840901 -0.062681943 0.43425003
-0.076965667 -0.062465426 0.43275002
-0.069183081 -0.062284991 0.43150002
-0.061480012 -0.062140647 0.43050003
-0.053874616 -0.062068474 0.43000001
-0.046259806 -0.061960217 0.42925003
-0.038648713 -0.061815869 0.42825001
-0.031072661 -0.061671525 0.42725003
-0.023559257 -0.061599355 0.42675003
-0.016082214 -0.061599355 0.42675003
-0.0086001297 -0.061563268 0.42650002
-0.0011268061 -0.061527178 0.42625001
0.0063340371 -0.061455008 0.42575002
0.013793559 -0.061455008 0.42575002
0.021253081 -0.061455008 0.42575002
0.02869574 -0.061418921 0.42550001
0.036129642 -0.061382834 0.42525002
0.043580405 -0.061382834 0.42525002
0.051061165 -0.061418921 0.42550001
0.058516309 -0.061418921 0.42550001
0.066048972 -0.061491095 0.42600003
0.073556013 -0.061527178 0.42625001
0.081024297 -0.061527178 0.42625001
0.088544481 -0.061563268 0.42650002
0.096129708 -0.061635438 0.42700002
0.1036718 -0.061671525 0.42725003
0.11135272 -0.061779786 0.42800003
0.11905994 -0.061888043 0.42875001
0.12657201 -0.061888043 0.42875001
0.13424048 -0.061960217 0.42925003
0.14192644 -0.06203239 0.42975003
0.14954299 -0.062068474 0.43000001
0.15707698 -0.062068474 0.43000001
0.16470666 -0.06210456 0.43025002
0.17284554 -0.062321082 0.43175003
0.18061912 -0.062393252 0.43225002
0.18841021 -0.062465426 0.43275002
0.19587916 -0.062429339 0.43250003
0.20369215 -0.062501512 0.43300003
0.21176665 -0.062645853 0.43400002
0.21949708 -0.062681943 0.43425003
0.22684406 -0.062609769 0.43375003
0.23484908 -0.062718026 0.43450001
0.24315946 -0.062898457 0.43575001
0.25079417 -0.062898457 0.43575001
0.25872546 -0.062970631 0.43625003
0.26728484 -0.063187152 0.43775001
0.2754257 -0.063295409 0.43850002
0.28327 -0.0633315 0.43875003
0.29145467 -0.063439757 0.43950003
0.29881474 -0.063367583 0.43900001
-0 -0 0
-0 -0 0
-0.35494038 -0.067395918 0.53100002
-0.34514859 -0.067300722 0.53025001
-0.33554146 -0.067237265 0.52975005
-0.32333434 -0.066634379 0.52500004
-0.29857865 -0.063334391 0.49900001
-0.28751239 -0.062826701 0.49500003
-0.27644545 -0.062287278 0.49075001
-0.26457235 -0.061525743 0.48475003
-0.25356981 -0.060922861 0.48000002
-0.24286141 -0.060351711 0.47550002
-0.23292722 -0.059939209 0.47225001
-0.22286907 -0.059463251 0.46850002
-0.21271326 -0.058923829 0.46425003
-0.2034775 -0.058606524 0.46175003
-0.19390622 -0.058162294 0.45825002
-0.18486321 -0.057844989 0.45575002
-0.17629591 -0.057654601 0.45425001
-0.16731794 -0.057305567 0.45150003
-0.15834805 -0.056924798 0.44850001
-0.14973499 -0.056639224 0.44625002
-0.14167777 -0.056544032 0.44550002
-0.1332712 -0.056290183 0.44350001
-0.12493473 -0.056036338 0.44150001
-0.11673471 -0.055814225 0.43975002
-0.108596 -0.055592112 0.43800002
-0.10063384 -0.05543346 0.43675002
-0.092662245 -0.055243075 0.43525001
-0.084792055 -0.055084419 0.43400002
-0.07692121 -0.054894038 0.43250003
-0.069102921 -0.054703653 0.43100002
-0.061444309 -0.054608461 0.43025002
-0.053843293 -0.054545 0.42975003
-0.046205919 -0.054418076 0.42875001
-0.038603589 -0.054291155 0.42775002
-0.031054478 -0.054195963 0.42700002
-0.023559257 -0.054164235 0.42675003
-0.016082214 -0.054164235 0.42675003
-0.0086001297 -0.054132503 0.42650002
-0.0011261454 -0.054069042 0.42600003
0.0063303178 -0.054005578 0.42550001
0.013793559 -0.05403731 0.42575002
0.021253081 -0.05403731 0.42575002
0.02869574 -0.054005578 0.42550001
0.036129642 -0.05397385 0.42525002
0.043606024 -0.054005578 0.42550001
0.051181171 -0.054132503 0.42650002
0.058688216 -0.054164235 0.42675003
0.066242777 -0.054227695 0.42725003
0.073728584 -0.054227695 0.42725003
0.081261903 -0.054259423 0.42750001
0.088803992 -0.054291155 0.42775002
0.096298553 -0.054291155 0.42775002
0.10391444 -0.054354616 0.42825001
0.11161289 -0.054449808 0.42900002
0.11940704 -0.054576728 0.43000001
0.12701485 -0.054608461 0.43025002
0.13478777 -0.054703653 0.43100002
0.14242181 -0.054735381 0.43125001
0.1499777 -0.054735381 0.43125001
0.15771626 -0.054798845 0.43175003
0.16556801 -0.054894038 0.43250003
0.17344604 -0.054989226 0.43325001
0.18124591 -0.05505269 0.43375003
0.18895443 -0.055084419 0.43400002
0.19655851 -0.055084419 0.43400002
0.20416257 -0.055084419 0.43400002
0.21201061 -0.055147879 0.43450001
0.22012892 -0.055274807 0.43550003
0.22762851 -0.055243075 0.43525001
0.23565985 -0.055338267 0.43600002
0.24343848 -0.055369999 0.43625003
0.25136974 -0.05543346 0.43675002
0.25961506 -0.05556038 0.43775001
0.26774278 -0.055655573 0.43850002
0.27652487 -0.055877686 0.44025001
0.28472266 -0.055972878 0.44100001
0.29228359 -0.05594115 0.44075003
0.2996656 -0.055877686 0.44025001
-0 -0 0
-0 -0 0
-0.3571128 -0.05850035 0.53425002
-0.34807774 -0.0585551 0.53475004
-0.3347497 -0.057870723 0.52850002
-0.30839935 -0.054832097 0.50075001
-0.29708275 -0.054366726 0.49650002
-0.28562468 -0.053846601 0.49175003
-0.27560049 -0.053572852 0.48925003
-0.26375368 -0.052915853 0.48325002
-0.25251326 -0.052340977 0.47800002
-0.24145684 -0.051766101 0.47275001
-0.23144753 -0.051382851 0.46925002
-0.22191766 -0.051081728 0.46650001
-0.21214052 -0.050698478 0.46300003
-0.20248601 -0.050315227 0.45950001
-0.19337729 -0.050041478 0.45700002
-0.18455899 -0.049822476 0.45500001
-0.17581077 -0.049603477 0.45300001
-0.16694735 -0.049329728 0.45050001
-0.157995 -0.049001228 0.44750002
-0.14981887 -0.048891731 0.44650003
-0.14135975 -0.048672728 0.44450003
-0.13297071 -0.04845373 0.44250003
-0.12472251 -0.048262104 0.44075003
-0.11666835 -0.04812523 0.43950003
-0.10841005 -0.047878854 0.43725002
-0.10046102 -0.047741979 0.43600002
-0.092502572 -0.047577728 0.43450001
-0.084596679 -0.04741348 0.43300003
-0.07683228 -0.047303978 0.43200001
-0.069062836 -0.047167104 0.43075001
-0.061408602 -0.047084976 0.43000001
-0.053780649 -0.047002856 0.42925003
-0.046178982 -0.046920732 0.42850003
-0.038603589 -0.046838604 0.42775002
-0.031072661 -0.046783853 0.42725003
-0.023559257 -0.046729106 0.42675003
-0.016063372 -0.046674352 0.42625001
-0.0085950885 -0.046674352 0.42625001
-0.0011254845 -0.046619605 0.42575002
0.0063377568 -0.046646979 0.42600003
0.013809757 -0.046674352 0.42625001
0.021265561 -0.046646979 0.42600003
0.028729463 -0.046646979 0.42600003
0.036235847 -0.046701729 0.42650002
0.04373413 -0.046729106 0.42675003
0.051301174 -0.046811227 0.42750001
0.0588945 -0.046893355 0.42825001
0.066436581 -0.046920732 0.42850003
0.073944293 -0.046920732 0.42850003
0.08149951 -0.046948101 0.42875001
0.089115404 -0.047002856 0.42925003
0.096692525 -0.047030229 0.42950001
0.10433907 -0.047084976 0.43000001
0.11206818 -0.047167104 0.43075001
0.11989301 -0.047276605 0.43175003
0.12753145 -0.047303978 0.43200001
0.13517867 -0.047331356 0.43225002
0.1429172 -0.047386102 0.43275002
0.15041244 -0.047358729 0.43250003
0.15826419 -0.047440853 0.43325001
0.16614223 -0.047522977 0.43400002
0.17404655 -0.047605105 0.43475002
0.18176824 -0.047632482 0.43500003
0.18971634 -0.047714602 0.43575001
0.19757754 -0.047769357 0.43625003
0.20533863 -0.047796726 0.43650001
0.21323046 -0.047851477 0.43700001
0.22113985 -0.047906231 0.43750003
0.22972046 -0.048097853 0.43925002
0.23741649 -0.048097853 0.43925002
0.24469402 -0.048015729 0.43850002
0.25266472 -0.048070479 0.43900001
0.261246 -0.048234727 0.44050002
0.26911661 -0.048262104 0.44075003
0.27731001 -0.048344228 0.44150001
0.28569111 -0.04845373 0.44250003
0.29360989 -0.048481103 0.44275001
0.30136725 -0.048481103 0.44275001
-0 -0 0
-0.36767372 -0.049353421 0.53600001
-0.3586168 -0.049399462 0.53650004
-0.34449768 -0.048731901 0.52925003
-0.31875643 -0.046337891 0.50325
-0.30778348 -0.04601562 0.49975002
-0.29633483 -0.045601275 0.49525002
-0.28446302 -0.045094848 0.48975003
-0.27348807 -0.044703521 0.48550004
-0.26238918 -0.044266153 0.48075002
-0.25106055 -0.04375973 0.47525004
-0.2409461 -0.043437459 0.47175002
-0.230831 -0.043092169 0.46800002
-0.22072838 -0.042723857 0.46400002
-0.21122414 -0.042447627 0.46100003
-0.20171484 -0.042148378 0.45775002
-0.19316572 -0.042033281 0.45650002
-0.18405196 -0.041780066 0.45375001
-0.17513159 -0.041549873 0.45125002
-0.16629884 -0.041319679 0.44875002
-0.15773021 -0.041135523 0.44675002
-0.14956722 -0.041043449 0.44575003
-0.14120074 -0.040882315 0.44400004
-0.13259508 -0.0406291 0.44125003
-0.12443953 -0.040490985 0.43975002
-0.11646926 -0.040398907 0.43875003
-0.1082241 -0.040191732 0.43650001
-0.10023061 -0.040053617 0.43500003
-0.092396125 -0.039961539 0.43400002
-0.084547833 -0.039846443 0.43275002
-0.076787822 -0.039754368 0.43175003
-0.069062836 -0.039662287 0.43075001
-0.061372902 -0.039570212 0.42975003
-0.053718001 -0.039478134 0.42875001
-0.046125095 -0.039409079 0.42800003
-0.038581025 -0.039363038 0.42750001
-0.031072661 -0.039340019 0.42725003
-0.023559257 -0.039293982 0.42675003
-0.016063372 -0.039247941 0.42625001
-0.0085950885 -0.039247941 0.42625001
-0.0011274671 -0.03927096 0.42650002
0.0063563534 -0.039340019 0.42725003
0.013858356 -0.039386056 0.42775002
0.021352919 -0.039386056 0.42775002
0.028830621 -0.039363038 0.42750001
0.036405768 -0.039455116 0.42850003
0.043964714 -0.039501153 0.42900002
0.051541179 -0.039547194 0.42950001
0.059135165 -0.039593231 0.43000001
0.066669144 -0.039593231 0.43000001
0.074289426 -0.039639272 0.43050003
0.08192721 -0.039685309 0.43100002
0.08953061 -0.039708328 0.43125001
0.097311631 -0.039800406 0.43225002
0.1049457 -0.039823424 0.43250003
0.11265357 -0.039869465 0.43300003
0.12037896 -0.039915502 0.43350002
0.12804809 -0.039938521 0.43375003
0.13564777 -0.039938521 0.43375003
0.14341259 -0.039984562 0.43425003
0.15093409 -0.039961539 0.43400002
0.15881214 -0.040030599 0.43475002
0.16671646 -0.040099658 0.43550003
0.17464706 -0.040168714 0.43625003
0.18229055 -0.040168714 0.43625003
0.19047827 -0.04028381 0.43750003
0.1983701 -0.040329851 0.43800002
0.20604426 -0.040329851 0.43800002
0.21432835 -0.040444948 0.43925002
0.2224035 -0.040514003 0.44000003
0.23076643 -0.0406291 0.44125003
0.2384975 -0.0406291 0.44125003
0.24608909 -0.040606081 0.44100001
0.25410357 -0.040652119 0.44150001
0.26198733 -0.040675141 0.44175002
0.2697272 -0.040675141 0.44175002
0.27840921 -0.040813256 0.44325003
0.28714377 -0.040951371 0.44475001
0.29493618 -0.040951371 0.44475001
0.30272862 -0.040951371 0.44475001
-0.37847191 -0.040164184 0.53800005
-0.36938864 -0.040201508 0.53850001
-0.35744703 -0.039921556 0.53475004
-0.32985207 -0.037831228 0.50675005
-0.31764799 -0.037439287 0.50150001
-0.30685967 -0.037196662 0.49825004
-0.29453975 -0.036748733 0.49225003
-0.28315613 -0.036394123 0.48750001
-0.27081233 -0.035890207 0.48075002
-0.26129761 -0.035740897 0.47875002
-0.24960779 -0.035274304 0.47250003
-0.23966922 -0.035031676 0.46925002
-0.22984454 -0.034789048 0.46600002
-0.2198959 -0.034509096 0.46225002
-0.21065141 -0.034322459 0.45975003
-0.20138434 -0.034117159 0.45700002
-0.19295414 -0.034042504 0.45600003
-0.18354493 -0.033781212 0.45250002
-0.17464647 -0.033594575 0.45000002
-0.16592826 -0.033426605 0.44775003
-0.15737714 -0.033277296 0.44575003
-0.14881225 -0.033109318 0.44350001
-0.14064419 -0.033016004 0.44225001
-0.13221946 -0.03284803 0.44000003
-0.12408581 -0.032736048 0.43850002
-0.11593834 -0.032605402 0.43675002
-0.10803814 -0.032530747 0.43575001
-0.1000578 -0.032418765 0.43425003
-0.092236452 -0.03234411 0.43325001
-0.084498994 -0.032288119 0.43250003
-0.076654427 -0.032176137 0.43100002
-0.068942584 -0.032101482 0.43000001
-0.061337199 -0.032064155 0.42950001
-0.053718001 -0.032008164 0.42875001
-0.046125095 -0.031952176 0.42800003
-0.038581025 -0.031914845 0.42750001
-0.031109024 -0.031933509 0.42775002
-0.023614462 -0.031933509 0.42775002
-0.016148163 -0.031989504 0.42850003
-0.0086253351 -0.031933509 0.42775002
-0.0011340759 -0.032026827 0.42900002
0.0063898275 -0.032064155 0.42950001
0.013923152 -0.032082818 0.42975003
0.021452758 -0.032082818 0.42975003
0.029016081 -0.032120146 0.43025002
0.03657569 -0.032138813 0.43050003
0.044118438 -0.032138813 0.43050003
0.051721182 -0.032176137 0.43100002
0.059307069 -0.032194801 0.43125001
0.066979237 -0.032250792 0.43200001
0.074677691 -0.032306783 0.43275002
0.082307383 -0.032325447 0.43300003
0.089945823 -0.03234411 0.43325001
0.097593039 -0.032362774 0.43350002
0.10537034 -0.032418765 0.43425003
0.11310887 -0.032456093 0.43475002
0.1207955 -0.032474756 0.43500003
0.1284909 -0.03249342 0.43525001
0.13642961 -0.032568075 0.43625003
0.14423822 -0.032605402 0.43675002
0.1519774 -0.032624066 0.43700001
0.1598167 -0.032661393 0.43750003
0.16767348 -0.032698721 0.43800002
0.17574798 -0.032773376 0.43900001
0.18375306 -0.032829367 0.43975002
0.19156671 -0.03284803 0.44000003
0.19961558 -0.032904021 0.44075003
0.20769073 -0.032960009 0.44150001
0.2155482 -0.032978676 0.44175002
0.22316168 -0.032960009 0.44150001
0.23155089 -0.033053327 0.44275001
0.23944338 -0.033071995 0.44300002
0.24720514 -0.033071995 0.44300002
0.2551108 -0.033090658 0.44325003
0.26272866 -0.033071995 0.44300002
0.27110103 -0.03314665 0.44400004
0.27966544 -0.033239968 0.44525003
0.28859645 -0.033370614 0.44700003
0.29609671 -0.033333287 0.44650003
0.30460048 -0.033407938 0.44750002
-0.37987888 -0.030905249 0.54000002
-0.36595884 -0.030533241 0.53350002
-0.34023473 -0.029131059 0.509
-0.32985207 -0.029002288 0.50675005
-0.3166979 -0.02861597 0.5
-0.30485809 -0.028329812 0.49500003
-0.29244551 -0.027972111 0.48875001
-0.28126842 -0.027714567 0.48425001
-0.27024904 -0.027457025 0.47975004
-0.25897801 -0.027156558 0.47450003
-0.24894746 -0.026970554 0.47125003
-0.23903079 -0.02678455 0.46800002
-0.22824155 -0.026484082 0.46275002
-0.21906342 -0.026355309 0.46050003
-0.21019322 -0.026255153 0.45875001
-0.20072335 -0.026069151 0.45550004
-0.19200206 -0.025968993 0.45375001
-0.18334213 -0.025868839 0.45200002
-0.17435539 -0.025711451 0.44925001
-0.16546503 -0.025554063 0.44650003
-0.15711235 -0.025468215 0.44500002
-0.14864448 -0.02535375 0.44300002
-0.14040568 -0.025267903 0.44150001
-0.13214433 -0.025167746 0.43975002
-0.12394432 -0.025067592 0.43800002
-0.11587197 -0.024981743 0.43650001
-0.1078522 -0.024895895 0.43500003
-0.1000002 -0.024838664 0.43400002
-0.092130005 -0.024767123 0.43275002
-0.084401302 -0.024724199 0.43200001
-0.076654427 -0.024666967 0.43100002
-0.068902507 -0.024595428 0.42975003
-0.0613015 -0.024566812 0.42925003
-0.053718001 -0.024538195 0.42875001
-0.046152037 -0.024509579 0.42825001
-0.038671274 -0.024523888 0.42850003
-0.031181751 -0.024538195 0.42875001
-0.023711072 -0.024581119 0.42950001
-0.016204691 -0.024609735 0.43000001
-0.0086707054 -0.024609735 0.43000001
-0.0011380413 -0.024638353 0.43050003
0.0064121434 -0.024666967 0.43100002
0.013971749 -0.024681274 0.43125001
0.021565076 -0.024724199 0.43200001
0.029134102 -0.024724199 0.43200001
0.036703128 -0.024724199 0.43200001
0.044297777 -0.024738507 0.43225002
0.051991187 -0.024795739 0.43325001
0.059650883 -0.024824357 0.43375003
0.067328088 -0.024852972 0.43425003
0.075022824 -0.024881586 0.43475002
0.082735077 -0.024910202 0.43525001
0.090464845 -0.024938818 0.43575001
0.097930737 -0.024895895 0.43500003
0.10579497 -0.024953127 0.43600002
0.11349913 -0.024967436 0.43625003
0.12155915 -0.025053283 0.43775001
0.12945034 -0.025096206 0.43850002
0.1373678 -0.025139131 0.43925002
0.14489873 -0.025110515 0.43875003
0.15275991 -0.025139131 0.43925002
0.16072994 -0.025182055 0.44000003
0.16843912 -0.025182055 0.44000003
0.17634849 -0.025210671 0.44050002
0.18417092 -0.02522498 0.44075003
0.19221976 -0.025267903 0.44150001
0.2006346 -0.02535375 0.44300002
0.20827875 -0.025339441 0.44275001
0.21628012 -0.025368059 0.44325003
0.22429898 -0.025396675 0.44375002
0.23233537 -0.025425291 0.44425002
0.24065952 -0.025482524 0.44525003
0.24873972 -0.025511138 0.44575003
0.25698131 -0.025554063 0.44650003
0.26524919 -0.025596986 0.44725001
0.27384865 -0.025668526 0.44850001
0.28186381 -0.025682835 0.44875002
0.29004911 -0.025711451 0.44925001
0.29825196 -0.025740067 0.44975004
0.30613199 -0.025740067 0.44975004
-0.37442693 -0.021188485 0.53225005
-0.35086775 -0.02036244 0.5115
-0.33906499 -0.020193251 0.50725001
-0.32789931 -0.020053919 0.50375003
-0.31527278 -0.019815063 0.49775001
-0.30208665 -0.019526448 0.49050003
-0.29065046 -0.019337352 0.48575002
-0.27923551 -0.019138306 0.48075002
-0.26869991 -0.018989023 0.47700003
-0.25884154 -0.018879546 0.47425002
-0.24855125 -0.018730262 0.47050002
-0.23788159 -0.018541167 0.46575001
-0.22824155 -0.018421739 0.46275002
-0.2185877 -0.01829236 0.45950001
-0.20973504 -0.018222693 0.45775002
-0.20061317 -0.01812317 0.45525002
-0.19147313 -0.018013695 0.45250002
-0.1828351 -0.017944029 0.45075002
-0.17396729 -0.017844506 0.44825003
-0.16537237 -0.017764887 0.44625002
-0.15667102 -0.017665364 0.44375002
-0.14830893 -0.017595697 0.44200003
-0.14016718 -0.017545937 0.44075003
-0.13199408 -0.017486222 0.43925002
-0.12394432 -0.01743646 0.43800002
-0.11587197 -0.017376745 0.43650001
-0.10766625 -0.017287176 0.43425003
-0.099827379 -0.017247366 0.43325001
-0.091970339 -0.017197603 0.43200001
-0.084254771 -0.017167747 0.43125001
-0.076521039 -0.017127939 0.43025002
-0.068902507 -0.017108034 0.42975003
-0.061337199 -0.01709808 0.42950001
-0.053874616 -0.017117985 0.43000001
-0.046367574 -0.017127939 0.43025002
-0.038806647 -0.017117985 0.43000001
-0.031327207 -0.017147843 0.43075001
-0.02378008 -0.017147843 0.43075001
-0.016242377 -0.017157795 0.43100002
-0.0086959107 -0.017167747 0.43125001
-0.0011413457 -0.017187653 0.43175003
0.00643074 -0.017207557 0.43225002
0.014044645 -0.017257318 0.43350002
0.021664914 -0.017277222 0.43400002
0.029302701 -0.017297126 0.43450001
0.036894292 -0.017287176 0.43425003
0.044579603 -0.017317032 0.43500003
0.052921209 -0.017555887 0.44100001
0.063157737 -0.018282408 0.45925003
0.073452346 -0.018859642 0.47375003
0.084859058 -0.019576209 0.49175003
0.096468814 -0.020203205 0.50750005
0.10619109 -0.02036244 0.5115
0.11751688 -0.020780439 0.52200001
0.12811868 -0.021019293 0.528
0.12806864 -0.019596113 0.49225003
0.13586023 -0.019476686 0.48925003
0 -0 0
0 -0 0
0 -0 0
0.1623237 -0.018580977 0.46675003
0.16812716 -0.018322216 0.46025002
0.17083173 -0.017764887 0.44625002
0.1775495 -0.017655412 0.44350001
0.18573788 -0.01769522 0.44450003
0.19352591 -0.01769522 0.44450003
0.20188008 -0.017744983 0.44575003
0.2095724 -0.017735029 0.44550002
0.21725599 -0.017725078 0.44525003
0.22581537 -0.017784791 0.44675002
0.23403507 -0.017814647 0.44750002
0.24228103 -0.017844506 0.44825003
0.24999526 -0.017834553 0.44800001
0.25842017 -0.017874362 0.44900003
0.26628706 -0.017874362 0.44900003
0.27552778 -0.017963933 0.45125002
0.28374812 -0.017983837 0.45175001
0.29134035 -0.017963933 0.45125002
0.29957825 -0.017983837 0.45175001
0.30766347 -0.017993789 0.45200002
-0.3608849 -0.011484326 0.51300001
-0.35086775 -0.011450745 0.5115
-0.33806232 -0.011322022 0.50575
-0.32594654 -0.01121009 0.50075001
-0.31242248 -0.011042191 0.49325001
-0.30023903 -0.010913467 0.48750001
-0.28945374 -0.010829518 0.48375002
-0.27821907 -0.010723182 0.47900003
-0.2675733 -0.010633635 0.47500002
-0.25747707 -0.010560879 0.47175002
-0.24736264 -0.010482526 0.46825004
-0.23788159 -0.010426559 0.46575001
-0.22750171 -0.010325819 0.46125001
-0.2185877 -0.010286643 0.45950001
-0.20927685 -0.01022508 0.45675004
-0.19984202 -0.010152323 0.45350003
-0.19126156 -0.010118743 0.45200002
-0.18253088 -0.01007397 0.45000002
-0.17377324 -0.0100236 0.44775003
-0.16537237 -0.0099900207 0.44625002
-0.15675929 -0.009939651 0.44400004
-0.14814116 -0.0098836841 0.44150001
-0.13984916 -0.0098445071 0.43975002
-0.13161846 -0.009805331 0.43800002
-0.12366133 -0.0097829439 0.43700001
-0.11560652 -0.009749365 0.43550003
-0.1074803 -0.0097045917 0.43350002
-0.09965457 -0.0096822046 0.43250003
-0.09191712 -0.0096654147 0.43175003
-0.084254771 -0.0096542211 0.43125001
-0.076609962 -0.0096430276 0.43075001
-0.068982668 -0.0096318349 0.43025002
-0.061480012 -0.0096374312 0.43050003
-0.054093875 -0.0096654147 0.43175003
-0.046556171 -0.009671011 0.43200001
-0.038987141 -0.009671011 0.43200001
-0.031436298 -0.0096766083 0.43225002
-0.023862891 -0.0096766083 0.43225002
-0.016327169 -0.0096989945 0.43325001
-0.0087513626 -0.0097157843 0.43400002
-0.0011486154 -0.0097269779 0.43450001
0.0064604948 -0.0097213816 0.43425003
0.014085143 -0.0097325742 0.43475002
0.022351302 -0.0100236 0.44775003
0.032303784 -0.010723182 0.47900003
0.043266363 -0.011400376 0.50925004
0.055212099 -0.012060782 0.53875005
0.066571526 -0.012418967 0.55475003
0.076256864 -0.01241337 0.55450004
0.086165994 -0.012441353 0.55575001
0.095687538 -0.01241337 0.55450004
0.10521278 -0.012390982 0.5535
0.11485869 -0.012385386 0.55325001
0.12415816 -0.01234621 0.55150002
0.13291101 -0.012262261 0.54775006
0.14172755 -0.012195101 0.54475003
0 -0 0
0 -0 0
0 -0 0
0 -0 0
0 -0 0
0 -0 0
0 -0 0
0 -0 0
0 -0 0
0 -0 0
0 -0 0
0 -0 0
0.21945174 -0.010068374 0.44975004
0.22771084 -0.010085164 0.45050001
0.23534253 -0.01007397 0.45000002
0.24417278 -0.010113146 0.45175001
0.25180885 -0.010101954 0.45125002
0.26072237 -0.01014113 0.45300001
0.26851106 -0.010135533 0.45275003
0.27674896 -0.010146727 0.45325002
0.28578949 -0.010185903 0.45500001
0.29456851 -0.010213886 0.45625001
0.30239666 -0.01020829 0.45600003
0.31038618 -0.01020829 0.45600003
-0.36018145 -0.0025415323 0.51200002
-0.34863839 -0.0025229172 0.50825
-0.33505437 -0.0024881701 0.50125003
-0.32187831 -0.0024546634 0.49450001
-0.310839 -0.0024360486 0.49075001
-0.29916123 -0.0024112291 0.48575002
-0.28840664 -0.0023926143 0.48200002
-0.27749303 -0.0023715177 0.47775003
-0.26743245 -0.0023566256 0.47475001
-0.25665838 -0.0023342881 0.47025001
-0.24736264 -0.0023243602 0.46825004
-0.23698778 -0.0023032634 0.46400002
-0.2271318 -0.0022858898 0.46050003
-0.21799307 -0.0022747209 0.45825002
-0.20858957 -0.0022598291 0.45525002
-0.19984202 -0.0022511424 0.45350003
-0.19083843 -0.0022387325 0.45100003
-0.18192244 -0.0022263224 0.44850001
-0.17328811 -0.0022163948 0.44650003
-0.16490915 -0.0022089488 0.44500002
-0.15631795 -0.0021977799 0.44275001
-0.14805728 -0.002190334 0.44125003
-0.13976964 -0.0021816473 0.43950003
-0.13146821 -0.0021717194 0.43750003
-0.12344911 -0.0021655145 0.43625003
-0.11534106 -0.0021568276 0.43450001
-0.1074803 -0.0021518636 0.43350002
-0.099712171 -0.0021481407 0.43275002
-0.092023559 -0.0021456587 0.43225002
-0.084352463 -0.0021431767 0.43175003
-0.07683228 -0.0021444177 0.43200001
-0.06926325 -0.0021444177 0.43200001
-0.061765634 -0.0021468997 0.43250003
-0.054281805 -0.0021506227 0.43325001
-0.046690881 -0.0021506227 0.43325001
-0.039145079 -0.0021531046 0.43375003
-0.031581752 -0.0021555866 0.43425003
-0.024028508 -0.0021605506 0.43525001
-0.016430803 -0.0021642735 0.43600002
-0.0088168979 -0.0021704785 0.43725002
-0.0012147037 -0.0022809259 0.45950001
0.0074089267 -0.0024720372 0.49800003
0.017543657 -0.0026879681 0.54150003
0.028279202 -0.0028120663 0.56650001
0.038558852 -0.0028381271 0.57175004
0.048448984 -0.0028306812 0.57025003
0.05808159 -0.0028133073 0.56675005
0.067621551 -0.0027971747 0.56350005
0.077047624 -0.0027810419 0.56025004
0.086476095 -0.002768632 0.55775005
0.095860101 -0.0027574631 0.55550003
0.10559296 -0.0027574631 0.55550003
0.1150663 -0.002751258 0.55425
0.1246647 -0.0027487762 0.55375004
0.13351762 -0.0027314026 0.55025005
0.14309345 -0.0027301614 0.55000001
0 -0 0
0 -0 0
0 -0 0
0 -0 0
0 -0 0
0 -0 0
0 -0 0
0 -0 0
0 -0 0
0 -0 0
0 -0 0
0 -0 0
0 -0 0
0 -0 0
0 -0 0
0 -0 0
0.25292489 -0.0022499012 0.45325002
0.26172957 -0.0022573471 0.45475003
0.26999372 -0.0022598291 0.45525002
0.27812278 -0.0022610703 0.45550004
0.28720275 -0.002269757 0.45725003
0.29585975 -0.0022747209 0.45825002
0.30471766 -0.0022809259 0.45950001
0.31310886 -0.0022834078 0.46000001
-0.35771927 0.0063352697 0.50850004
-0.34486565 0.0062636319 0.50275004
-0.33338326 0.0062137968 0.49875003
-0.32057649 0.0061359298 0.49250004
-0.30941385 0.0060860948 0.48850003
-0.29715964 0.0060113422 0.48250002
-0.28720993 0.0059801955 0.48000002
-0.27647656 0.0059303604 0.47600001
-0.26672831 0.0058992133 0.47350001
-0.25679484 0.0058618374 0.47050002
-0.24657023 0.0058151172 0.46675003
-0.23660472 0.0057715112 0.46325001
-0.22688517 0.0057310206 0.46000001
-0.21739843 0.0056936443 0.45700002
-0.20813137 0.0056593828 0.45425001
-0.19940133 0.0056375801 0.45250002
-0.19052106 0.0056095482 0.45025003
-0.18182103 0.0055846306 0.44825003
-0.17328811 0.0055628279 0.44650003
-0.16453858 0.0055316808 0.44400004
-0.1559649 0.0055036484 0.44175002
-0.14788951 0.0054911901 0.44075003
-0.13976964 0.0054756165 0.43950003
-0.13146821 0.005450699 0.43750003
-0.12330762 0.0054288958 0.43575001
-0.11534106 0.0054133227 0.43450001
-0.10760426 0.0054070931 0.43400002
-0.099884987 0.0054008639 0.43350002
-0.092236452 0.0053977491 0.43325001
-0.084694371 0.0054008639 0.43350002
-0.077010132 0.0053946348 0.43300003
-0.069503747 0.0054008639 0.43350002
-0.062122662 0.0054195523 0.43500003
-0.054501068 0.0054195523 0.43500003
-0.046906419 0.0054226667 0.43525001
-0.039325573 0.0054288958 0.43575001
-0.031709023 0.0054320106 0.43600002
-0.024497762 0.005528566 0.44375002
-0.017241038 0.0056998734 0.45750001
-0.010813177 0.0066809999 0.53625005
-0.0015259797 0.0071918075 0.57725
0.0085693607 0.0071762344 0.57600003
0.018669497 0.0071793492 0.57625002
0.028728474 0.0071700048 0.57550001
0.03859257 0.0071295141 0.57225001
0.048618902 0.0071295141 0.57225001
0.058440275 0.0071045966 0.57025003
0.067921557 0.0070516472 0.56600004
0.077219523 0.0069955825 0.56150001
0.086863704 0.0069800094 0.56025004
0.096291512 0.006951977 0.55800003
0.10616322 0.0069582066 0.55850005
0.11558531 0.0069364035 0.55675
0.12483355 0.0069083716 0.55450004
0.13412425 0.0068865689 0.55275005
0.14341867 0.0068678809 0.55125004
0 0 0
0 0 0
0 0 0
0 0 0
0 0 0
0 0 0
0 0 0
0 0 0
0 0 0
0 0 0
0 0 0
0 0 0
0 0 0
0 0 0
0.28175732 0.0067121466 0.53875005
0 0 0
0 0 0
0 0 0
0 0 0
0.281481 0.0057434794 0.46100003
0.288773 0.0057279058 0.45975003
0.2966668 0.005724791 0.45950001
0.3057124 0.0057434794 0.46100003
0.31430003 0.0057528233 0.46175003
-0.35736752 0.015179757 0.50800002
-0.3434937 0.014963116 0.50075001
-0.33187929 0.01483612 0.49650002
-0.31943738 0.014664303 0.49075001
-0.30735531 0.014499955 0.48525003
-0.29669774 0.01439537 0.48175001
-0.28720993 0.014343077 0.48000002
-0.27560532 0.014178731 0.47450003
-0.26546088 0.014081615 0.47125003
-0.25570324 0.013999442 0.46850002
-0.24577782 0.013902327 0.46525002
-0.23571092 0.013790271 0.46150002
-0.22639194 0.013715568 0.45900002
-0.21739843 0.013655805 0.45700002
-0.20801683 0.013566162 0.45400003
-0.19907084 0.013498927 0.45175001
-0.19052106 0.013454106 0.45025003
-0.18192244 0.013401813 0.44850001
-0.17290001 0.013312168 0.44550002
-0.16426064 0.013244936 0.44325003
-0.15578836 0.013185173 0.44125003
-0.14772174 0.013155291 0.44025001
-0.13961063 0.013117939 0.43900001
-0.13154334 0.013080588 0.43775001
-0.12337836 0.013028296 0.43600002
-0.11554015 0.013005884 0.43525001
-0.1078522 0.012998414 0.43500003
-0.100173 0.012990944 0.43475002
-0.092715472 0.013013355 0.43550003
-0.085182801 0.013028296 0.43600002
-0.077543691 0.013028296 0.43600002
-0.069984742 0.013043236 0.43650001
-0.062515385 0.013080588 0.43775001
-0.05481429 0.013073117 0.43750003
-0.047202785 0.013088059 0.43800002
-0.039596319 0.01311047 0.43875003
-0.032054476 0.013170233 0.44075003
-0.029838964 0.016150903 0.54050004
-0 0 0
-0 0 0
-0.0015286234 0.017278926 0.57825005
0.0085916771 0.017256515 0.57750005
0.018531805 0.017092168 0.57200003
0.028715994 0.017189283 0.57525003
0.038828611 0.017204223 0.57575005
0.048746344 0.01714446 0.57375002
0.058517136 0.017062286 0.57100004
0.068221562 0.016987583 0.56850004
0.077700853 0.016882997 0.565
0.087251313 0.016815765 0.56275004
0.096593507 0.016726119 0.55975002
0.10621074 0.016696239 0.55875003
0.11600053 0.016696239 0.55875003
0.12550892 0.016658887 0.5575
0.13497351 0.016621536 0.55625004
0 0 0
0 0 0
0 0 0
0 0 0
0 0 0
0 0 0
0 0 0
0 0 0
0 0 0
0 0 0
0 0 0
0 0 0
0 0 0
0 0 0
0 0 0
0 0 0
0 0 0
0 0 0
0 0 0
0 0 0
0 0 0
0 0 0
0.2989265 0.013835094 0.46300003
0.30786765 0.013872446 0.46425003
0.31617185 0.013879916 0.46450001
-0.35437775 0.02382943 0.50375003
-0.34229326 0.023604736 0.49900001
-0.32987398 0.023344563 0.49350002
-0.318461 0.023143522 0.48925003
-0.30640522 0.022883348 0.48375002
-0.29592788 0.022729611 0.48050001
-0.28616279 0.022623178 0.47825003
-0.27502447 0.022398481 0.47350001
-0.26475674 0.022232918 0.47000003
-0.25515747 0.022114659 0.46750003
-0.24564576 0.021996398 0.46500003
-0.23532785 0.021795355 0.46075001
-0.22614533 0.021688921 0.45850003
-0.21692273 0.021570662 0.45600003
-0.20767319 0.021440575 0.45325002
-0.19896068 0.021357793 0.45150003
-0.19041526 0.021286836 0.45000002
-0.18192244 0.02121588 0.44850001
-0.17299703 0.021085795 0.44575003
-0.16416799 0.020955708 0.44300002
-0.1559649 0.020896578 0.44175002
-0.14763786 0.020813797 0.44000003
-0.13961063 0.020766491 0.43900001
-0.1317687 0.020742839 0.43850002
-0.1235906 0.020660058 0.43675002
-0.1160047 0.020671884 0.43700001
-0.10816212 0.020636406 0.43625003
-0.10063384 0.020660058 0.43675002
-0.093407378 0.020754665 0.43875003
-0.085720077 0.020754665 0.43875003
-0.077943861 0.020731015 0.43825004
-0.070265323 0.020731015 0.43825004
-0.062729605 0.020778317 0.43925002
-0.058103148 0.021937268 0.46375003
-0.051271062 0.022504916 0.47575003
-0 0 0
-0 0 0
-0.031288128 0.02680959 0.56675005
-0 0 0
-0.011549178 0.027093412 0.57275003
-0.0015200319 0.027199848 0.57500005
0 0 0
0.018661397 0.027247151 0.57600003
0.028304162 0.026821414 0.56700003
0.038322806 0.026880544 0.56825
0.048725106 0.02712889 0.57350004
0.058465894 0.026986977 0.57050002
0.068401568 0.026963327 0.57000005
0.078216575 0.026904196 0.56875002
0.087600157 0.026726805 0.565
0.096852355 0.026549416 0.56125003
0.10668595 0.026549416 0.56125003
0.11672716 0.026596719 0.56225002
0.12601547 0.02647846 0.55975002
0.13479152 0.026277417 0.55550003
0.14452438 0.026277417 0.55550003
0 0 0
0 0 0
0 0 0
0 0 0
0 0 0
0 0 0
0 0 0
0 0 0
0 0 0
0 0 0
0 0 0
0 0 0
0 0 0
0 0 0
0 0 0
0 0 0
0 0 0
0 0 0
0 0 0
0 0 0
0 0 0
0 0 0
0.31184652 0.022244744 0.47025001
0.31736305 0.022055529 0.46625003
-0.3522673 0.032411918 0.50075001
-0.33972093 0.032055922 0.49525002
-0.32837 0.031797018 0.49125004
-0.31715918 0.03153811 0.48725003
-0.30640522 0.031311564 0.48375002
-0.29592788 0.031101203 0.48050001
-0.28511569 0.030842297 0.47650003
-0.2753149 0.030680481 0.47400004
-0.26461589 0.030405391 0.46975002
-0.25461167 0.030195029 0.46650001
-0.24498543 0.030017031 0.46375003
-0.23520017 0.02980667 0.46050003
-0.22577541 0.02962867 0.45775002
-0.21668488 0.029483035 0.45550004
-0.20755865 0.029321218 0.45300001
-0.19896068 0.029224128 0.45150003
-0.19030949 0.029110856 0.44975004
-0.18171963 0.028997583 0.44800001
-0.17280298 0.028819587 0.44525003
-0.16407533 0.028657768 0.44275001
-0.1559649 0.028593043 0.44175002
-0.14772174 0.028495951 0.44025001
-0.13969015 0.028431226 0.43925002
-0.13199408 0.028431226 0.43925002
-0.12415655 0.028398862 0.43875003
-0.11646926 0.028398862 0.43875003
-0.10884394 0.028415043 0.43900001
-0.10132508 0.028463589 0.43975002
-0.093673497 0.02847977 0.44000003
-0.086061984 0.028512133 0.44050002
-0.07829956 0.028495951 0.44025001
-0.070906647 0.028625404 0.44225001
-0.071441062 0.032379556 0.50025004
-0.070851386 0.036602978 0.56550002
-0.061347455 0.036845703 0.56925005
-0 0 0
-0 0 0
-0 0 0
-0 0 0
-0 0 0
-0 0 0
0 0 0
0.018523704 0.037007522 0.57175004
0.028428961 0.036861885 0.56950003
0.03812049 0.036586795 0.56525004
0 0 0
0.05815845 0.036732432 0.56750005
0.068161555 0.036764793 0.56800002
0.078147806 0.036780976 0.56825
0.087832727 0.036667705 0.56650001
0.09693864 0.036360253 0.56175005
0.10649587 0.036263164 0.56025004
0.11714238 0.036522072 0.56425005
0.12629688 0.036311708 0.56100005
0.13582279 0.036230799 0.55975002
0.14523984 0.036133707 0.55825001
0 0 0
0 0 0
0 0 0
0 0 0
0 0 0
0 0 0
0 0 0
0 0 0
0 0 0
0 0 0
0 0 0
0 0 0
0 0 0
0 0 0
0 0 0
0 0 0
0 0 0
0 0 0
0 0 0
0 0 0
0 0 0
0 0 0
0 0 0
0 0 0
-0.35015684 0.040889874 0.49775001
-0.33920646 0.040622886 0.49450001
-0.32703313 0.040191606 0.48925003
-0.3156946 0.039842468 0.48500001
-0.30593017 0.039678168 0.48300001
-0.2950041 0.039349575 0.47900003
-0.28451732 0.039062049 0.47550002
-0.27429843 0.038795061 0.47225001
-0.26433426 0.038548615 0.46925002
-0.25447524 0.038302168 0.46625003
-0.24472128 0.038055718 0.46325001
-0.2348171 0.037768196 0.45975003
-0.22577541 0.037603896 0.45775002
-0.21620916 0.037336912 0.45450002
-0.20755865 0.037213687 0.45300001
-0.19874035 0.03704939 0.45100003
-0.18988633 0.036864553 0.44875002
-0.18161823 0.036782403 0.44775003
-0.17251191 0.036515418 0.44450003
-0.16398269 0.036351118 0.44250003
-0.15578836 0.036248431 0.44125003
-0.14797339 0.036227893 0.44100001
-0.14016718 0.036207359 0.44075003
-0.13236971 0.036186818 0.44050002
-0.12458102 0.036166281 0.44025001
-0.11706653 0.036227893 0.44100001
-0.10933981 0.036227893 0.44100001
-0.10178591 0.036289506 0.44175002
-0.09420573 0.036351118 0.44250003
-0.086599261 0.036412731 0.44325003
-0.079188831 0.036577031 0.44525003
-0.072790548 0.037295837 0.45400003
-0 0 0
-0.071258575 0.046722483 0.56875002
-0.061536051 0.046907321 0.57100004
-0.051644426 0.047010005 0.57225001
-0 0 0
-0 0 0
-0 0 0
-0 0 0
-0 0 0
0 0 0
0 0 0
0 0 0
0 0 0
0.047939219 0.046352811 0.56425005
0 0 0
0 0 0
0 0 0
0.087716438 0.046476033 0.56575
0.096679792 0.046024214 0.56025004
0 0 0
0 0 0
0.126522 0.046167973 0.56200004
0.13624741 0.046126898 0.56150001
0.14641061 0.046229586 0.56275004
0 0 0
0 0 0
0 0 0
0 0 0
0 0 0
0 0 0
0 0 0
0 0 0
0 0 0
0 0 0
0 0 0
0 0 0
0 0 0
0 0 0
0 0 0
0 0 0
0 0 0
0 0 0
0 0 0
0 0 0
0 0 0
0 0 0
0 0 0
0 0 0
-0.3475188 0.049188614 0.49400002
-0.33954945 0.049288191 0.49500003
-0.32703313 0.048715651 0.48925003
-0.3156946 0.048292466 0.48500001
-0.30513844 0.047968857 0.48175001
-0.2943882 0.04759546 0.47800002
-0.28391898 0.047246959 0.47450003
-0.27357239 0.046898458 0.47100002
-0.26363012 0.046599742 0.46800002
-0.25406587 0.046350811 0.46550003
-0.24379681 0.045952521 0.46150002
-0.23456173 0.045728486 0.45925003
-0.2256521 0.045554232 0.45750001
-0.21656595 0.045330197 0.45525002
-0.20732956 0.045056373 0.45250002
-0.19852 0.04485723 0.45050001
-0.18978055 0.044658083 0.44850001
-0.18121259 0.044483833 0.44675002
-0.17270595 0.044309583 0.44500002
-0.16426064 0.044135332 0.44325003
-0.15631795 0.044085544 0.44275001
-0.14856058 0.044085544 0.44275001
-0.1408032 0.044085544 0.44275001
-0.13312095 0.04411044 0.44300002
-0.12542996 0.044135332 0.44325003
-0.11766382 0.044135332 0.44325003
-0.11002164 0.044185117 0.44375002
-0.10247716 0.04428469 0.44475001
-0.094525069 0.044210013 0.44400004
-0.08694116 0.044309583 0.44500002
-0 0 0
-0 0 0
-0 0 0
-0 0 0
-0.062209602 0.057477992 0.57725
-0.052118231 0.057502888 0.57750005
-0 0 0
-0 0 0
-0 0 0
-0 0 0
-0 0 0
0 0 0
0 0 0
0 0 0
0 0 0
0 0 0
0 0 0
0 0 0
0 0 0
0 0 0
0 0 0
0 0 0
0 0 0
0 0 0
0 0 0
0.1451748 0.05556123 0.55800003
0 0 0
0 0 0
0 0 0
0 0 0
0 0 0
0 0 0
0 0 0
0 0 0
0 0 0
0 0 0
0 0 0
0 0 0
0 0 0
0 0 0
0 0 0
0 0 0
0 0 0
0 0 0
0 0 0
0 0 0
0 0 0
0 0 0
0 0 0
0 0 0
-0.34699121 0.057707667 0.49325001
-0.33800605 0.057649169 0.49275002
-0.326866 0.057210442 0.48900002
-0.31553188 0.056713216 0.48475003
-0.30450505 0.056245234 0.48075002
-0.29454219 0.055952746 0.47825003
-0.28406855 0.055543263 0.47475001
-0.27328196 0.055046037 0.47050002
-0.26320761 0.054665804 0.46725002
-0.25406587 0.054461066 0.46550003
-0.2434006 0.053905338 0.46075001
-0.23456173 0.053729847 0.45925003
-0.22552879 0.053495858 0.45725003
-0.21656595 0.053261869 0.45525002
-0.2074441 0.052969381 0.45275003
-0.19840986 0.052676894 0.45025003
-0.18988633 0.052501403 0.44875002
-0.18121259 0.05226741 0.44675002
-0.17299703 0.052150417 0.44575003
-0.16463122 0.051974926 0.44425002
-0.15693583 0.052004173 0.44450003
-0.14939944 0.052091923 0.44525003
-0.14159827 0.052091923 0.44525003
-0.1338722 0.052121166 0.44550002
-0.12613739 0.052150417 0.44575003
-0.11839382 0.052179664 0.44600001
-0.11076544 0.05226741 0.44675002
-0.10374444 0.052676894 0.45025003
-0 0 0
-0 0 0
-0 0 0
-0 0 0
-0 0 0
-0 0 0
-0 0 0
-0 0 0
-0 0 0
-0 0 0
-0 0 0
-0 0 0
-0 0 0
0 0 0
0 0 0
0 0 0
0 0 0
0.04815162 0.066306785 0.56675005
0.058594 0.06689176 0.57175004
0.06861157 0.06689176 0.57175004
0 0 0
0 0 0
0 0 0
0 0 0
0 0 0
0 0 0
0 0 0
0 0 0
0.15529858 0.065429322 0.55925
0 0 0
0 0 0
0 0 0
0 0 0
0 0 0
0 0 0
0 0 0
0 0 0
0 0 0
0 0 0
0 0 0
0 0 0
0 0 0
0 0 0
0 0 0
0 0 0
0 0 0
0 0 0
0 0 0
0 0 0
0 0 0
0 0 0
0 0 0
-0.34646359 0.066200592 0.49250004
-0.33629113 0.06589815 0.49025002
-0.32603046 0.065562107 0.48775002
-0.31520641 0.06509164 0.48425001
-0.30418834 0.064553976 0.48025003
-0.29423425 0.064217933 0.47775003
-0.28451732 0.063915491 0.47550002
-0.27386281 0.06337782 0.47150001
-0.26334846 0.062840149 0.46750003
-0.25392944 0.062537715 0.46525002
-0.24406095 0.062100854 0.46200001
-0.23456173 0.061731208 0.45925003
-0.22528219 0.061395165 0.45675004
-0.2163281 0.061126329 0.45475003
-0.20755865 0.060891096 0.45300001
-0.19852 0.060555052 0.45050001
-0.19009791 0.06038703 0.44925001
-0.18121259 0.06005099 0.44675002
-0.17348216 0.060084596 0.44700003
-0.16555767 0.06005099 0.44675002
-0.15790673 0.060118195 0.44725001
-0.15023829 0.06018541 0.44775003
-0.14239331 0.06018541 0.44775003
-0.13454832 0.06018541 0.44775003
-0.12677409 0.060219008 0.44800001
-0.1189911 0.060252618 0.44825003
-0.11107536 0.060219008 0.44800001
-0 0 0
-0 0 0
-0 0 0
-0 0 0
-0 0 0
-0 0 0
-0 0 0
-0 0 0
-0 0 0
-0 0 0
-0 0 0
-0.011946249 0.042610325 0.317
-0.0061955214 0.041299757 0.30725002
-0.00080892129 0.041131735 0.30600002
0.0045264373 0.040896501 0.30425
0.0098247724 0.040762089 0.30325001
0.015262782 0.041098129 0.30575001
0.020737816 0.041333359 0.3075
0 0 0
0 0 0
0 0 0
0 0 0
0 0 0
0 0 0
0 0 0
0 0 0
0 0 0
0 0 0
0 0 0
0 0 0
0 0 0
0 0 0
0 0 0
0 0 0
0 0 0
0 0 0
0 0 0
0 0 0
0 0 0
0 0 0
0 0 0
0 0 0
0 0 0
0 0 0
0 0 0
0 0 0
0 0 0
0 0 0
0 0 0
0 0 0
0 0 0
0 0 0
0 0 0
-0.34804642 0.075122893 0.49475002
-0.33783457 0.074781254 0.49250004
-0.32569623 0.073984094 0.48725003
-0.31520641 0.073528573 0.48425001
-0.30434668 0.07295917 0.48050001
-0.2950041 0.072731413 0.47900003
-0.28451732 0.07219997 0.47550002
-0.27371761 0.071554653 0.47125003
-0.26391175 0.071137093 0.46850002
-0.25461167 0.070833415 0.46650001
-0.24406095 0.070150129 0.46200001
-0.23456173 0.069732577 0.45925003
-0.2256521 0.069466852 0.45750001
-0.21668488 0.069163173 0.45550004
-0.20755865 0.068783566 0.45300001
-0.19874035 0.068479896 0.45100003
-0.19030949 0.068290092 0.44975004
-0.18192244 0.068100289 0.44850001
-0.17435539 0.068214171 0.44925001
-0.16629884 0.068138249 0.44875002
-0.1585246 0.06817621 0.44900003
-0.15082549 0.068252131 0.44950002
-0.14294985 0.068252131 0.44950002
-0.13552494 0.068479896 0.45100003
-0.12726931 0.068290092 0.44975004
-0.11919019 0.06817621 0.44900003
-0 0 0
-0 0 0
-0 0 0
-0 0 0
-0 0 0
-0 0 0
-0 0 0
-0 0 0
-0.033138938 0.046690833 0.3075
-0.028360439 0.047715757 0.31425002
-0.022745406 0.047487997 0.31275001
-0.016920708 0.046538994 0.30650002
-0.011446918 0.046121433 0.30375001
-0.0060039596 0.045210395 0.29775003
-0.00078579033 0.045134474 0.29725
0.0044148574 0.045058552 0.29675001
0.0096222833 0.045096513 0.29700002
0.01478855 0.044982634 0.29625002
0.020248877 0.045589995 0.30025002
0.025636965 0.045817751 0.30175
0 0 0
0 0 0
0 0 0
0 0 0
0 0 0
0 0 0
0 0 0
0 0 0
0 0 0
0 0 0
0 0 0
0 0 0
0 0 0
0 0 0
0 0 0
0 0 0
0 0 0
0 0 0
0 0 0
0 0 0
0 0 0
0 0 0
0 0 0
0 0 0
0 0 0
0 0 0
0 0 0
0 0 0
0 0 0
0 0 0
0 0 0
0 0 0
0 0 0
0 0 0
-0.34822232 0.083785072 0.49500003
-0.33749157 0.083277285 0.49200001
-0.3272002 0.082854129 0.48950002
-0.31553188 0.08205013 0.48475003
-0.30466339 0.0814154 0.48100004
-0.29423425 0.080865294 0.47775003
-0.28406855 0.080357499 0.47475001
-0.27299157 0.079553507 0.47000003
-0.26391175 0.079299606 0.46850002
-0.25447524 0.07891877 0.46625003
-0.24485335 0.078453295 0.46350002
-0.23532785 0.07798782 0.46075001
-0.22602202 0.077564664 0.45825002
-0.21692273 0.077183828 0.45600003
-0.20778774 0.076760672 0.45350003
-0.19929118 0.07654909 0.45225003
-0.19104999 0.076422147 0.45150003
-0.18273368 0.076252878 0.45050001
-0.17503458 0.076337516 0.45100003
-0.16722529 0.076379828 0.45125002
-0.15958378 0.076506771 0.45200002
-0.15149657 0.076422147 0.45150003
-0.14350638 0.076379828 0.45125002
-0.13665181 0.076972246 0.45475003
-0 0 0
-0 0 0
-0 0 0
-0 0 0
-0 0 0
-0 0 0
-0 0 0
-0 0 0
-0.044092804 0.052259881 0.30875
-0.038495295 0.052005988 0.30725002
-0.032815635 0.051540516 0.30450001
-0.027367711 0.051328935 0.30325001
-0.021763589 0.050651886 0.29925001
-0.01623063 0.049763255 0.294
-0.01095701 0.049213152 0.29075003
-0.0058023147 0.048705362 0.28775001
-0.00076001597 0.04866305 0.28750002
0.0042921193 0.048832309 0.28850001
0.0093711969 0.048959259 0.28925002
0.014439116 0.048959259 0.28925002
0.019658774 0.049340095 0.2915
0.02514844 0.050101779 0.296
0.030949518 0.051117357 0.30200002
0.036180828 0.051032729 0.30150002
0.041463379 0.051032729 0.30150002
0 0 0
0 0 0
0 0 0
0 0 0
0 0 0
0 0 0
0 0 0
0 0 0
0 0 0
0 0 0
0 0 0
0 0 0
0 0 0
0 0 0
0 0 0
0 0 0
0 0 0
0 0 0
0 0 0
0 0 0
0 0 0
0 0 0
0 0 0
0 0 0
0 0 0
0 0 0
0 0 0
0 0 0
0 0 0
0 0 0
0 0 0
-0.34787056 0.092315957 0.49450001
-0.33783457 0.091942586 0.49250004
-0.32636467 0.091149174 0.48825002
-0.31553188 0.090495773 0.48475003
-0.30513844 0.089935713 0.48175001
-0.29408026 0.0891423 0.47750002
-0.28406855 0.088628918 0.47475001
-0.27429843 0.088162206 0.47225001
-0.26391175 0.087462135 0.46850002
-0.25420231 0.086948745 0.46575001
-0.24538162 0.086715393 0.46450001
-0.23545554 0.086061992 0.46100003
-0.22577541 0.085455269 0.45775002
-0.21704164 0.085175239 0.45625001
-0.20858957 0.084988549 0.45525002
-0.2001725 0.084801868 0.45425001
-0.19200206 0.084708519 0.45375001
-0.18384916 0.084615178 0.45325002
-0.17610185 0.084708519 0.45375001
-0.16824439 0.084755197 0.45400003
-0.16037816 0.084801868 0.45425001
-0.15258709 0.084895208 0.45475003
-0.14430143 0.084708519 0.45375001
-0 0 0
-0 0 0
-0 0 0
-0 0 0
-0 0 0
-0 0 0
-0 0 0
-0.055712294 0.058479216 0.31325001
-0.049662713 0.057825819 0.30975002
-0.043057431 0.056285664 0.30150002
-0.037023138 0.055165552 0.29550001
-0.031495463 0.054558821 0.29225001
-0.025923742 0.053625397 0.28725001
-0.020563593 0.052785311 0.28275001
-0.015361131 0.051945224 0.27825001
-0.010457679 0.051805209 0.2775
-0.0055855475 0.051711868 0.27700001
-0.00073027617 0.051571853 0.27625
0.0041321875 0.051851884 0.27775002
0.0089824172 0.051758543 0.27725002
0.013902485 0.051991899 0.27850002
0.018967513 0.052505281 0.28125
0.024341311 0.053485382 0.28650001
0.029873457 0.054418806 0.2915
0.035460811 0.055165552 0.29550001
0.041360237 0.056145649 0.30075002
0.047056019 0.056659035 0.30350003
0.052761883 0.057079077 0.30575001
0 0 0
0 0 0
0 0 0
0 0 0
0 0 0
0 0 0
0 0 0
0 0 0
0 0 0
0 0 0
0 0 0
0 0 0
0 0 0
0 0 0
0 0 0
0 0 0
0 0 0
0 0 0
0 0 0
0 0 0
0 0 0
0 0 0
0 0 0
0 0 0
0 0 0
0 0 0
0 0 0
0 0 0
0 0 0
-0.34699121 0.10067633 0.49325001
-0.33714858 0.10031914 0.49150002
-0.32586333 0.099502705 0.48750001
-0.31602007 0.099094495 0.48550004
-0.30593017 0.09858422 0.48300001
-0.2939263 0.097410597 0.47725001
-0.28391898 0.0968493 0.47450003
-0.27502447 0.096645191 0.47350001
-0.26517922 0.096083894 0.47075003
-0.25433877 0.09511438 0.46600002
-0.24511749 0.094706163 0.46400002
-0.23532785 0.094042815 0.46075001
-0.22602202 0.09353254 0.45825002
-0.21727951 0.093226381 0.45675004
-0.20904775 0.093124323 0.45625001
-0.20072335 0.09297125 0.45550004
-0.19274257 0.09297125 0.45550004
-0.18496463 0.093073301 0.45600003
-0.17707211 0.093124323 0.45625001
-0.16898556 0.093073301 0.45600003
-0.16117255 0.093175352 0.45650002
-0.15309039 0.093124323 0.45625001
-0 0 0
-0 0 0
-0 0 0
-0 0 0
-0 0 0
-0 0 0
-0 0 0
-0.061200716 0.063936867 0.31325001
-0.054200552 0.062201951 0.30475003
-0.047498237 0.060467031 0.29625002
-0.041557916 0.059395459 0.29100001
-0.035676271 0.058119785 0.28475001
-0.030067528 0.056946162 0.27900001
-0.024908453 0.05633384 0.27600002
-0.019963594 0.056027677 0.27450001
-0.015140306 0.055976648 0.27425
-0.01032578 0.055925623 0.27400002
-0.0055200127 0.055874594 0.27375001
-0.00072366733 0.055874594 0.27375001
0.0040726778 0.055874594 0.27375001
0.0088933222 0.056027677 0.27450001
0.013702809 0.056027677 0.27450001
0.018546013 0.056129731 0.27500001
0.023491703 0.056435894 0.27650002
0.028618056 0.056997195 0.27925003
0.034200784 0.058170814 0.28500003
0.040053762 0.059446491 0.29125002
0.046009466 0.060569081 0.29675001
0.052114762 0.06164065 0.30200002
0 0 0
0 0 0
0 0 0
0 0 0
0 0 0
0 0 0
0 0 0
0 0 0
0 0 0
0 0 0
0 0 0
0 0 0
0 0 0
0 0 0
0 0 0
0 0 0
0 0 0
0 0 0
0 0 0
0 0 0
0 0 0
0 0 0
0 0 0
0 0 0
0 0 0
0 0 0
0 0 0
0 0 0
0 0 0
-0.34804642 0.10960236 0.49475002
-0.33817753 0.10921468 0.49300003
-0.32703313 0.10838394 0.48925003
-0.31699646 0.10788549 0.48700002
-0.30545515 0.10683323 0.48225003
-0.29454219 0.1059471 0.47825003
-0.28451732 0.10533789 0.47550002
-0.27516967 0.10495021 0.47375003
-0.26546088 0.10439639 0.47125003
-0.25488454 0.10345487 0.46700001
-0.24551369 0.10295644 0.46475002
-0.23571092 0.10223646 0.46150002
-0.22663856 0.10179339 0.45950001
-0.21811199 0.10157187 0.45850003
-0.20984958 0.10146111 0.45800003
-0.20182501 0.10146111 0.45800003
-0.19380043 0.10146111 0.45800003
-0.18608008 0.10162725 0.45875001
-0.1781394 0.10168263 0.45900002
-0.16991201 0.10157187 0.45850003
-0.16152561 0.10135034 0.45750001
-0 0 0
-0 0 0
-0 0 0
-0 0 0
-0 0 0
-0 0 0
-0 0 0
-0.065145656 0.067788422 0.30600002
-0.059442353 0.067400739 0.30425
-0.05277773 0.065739259 0.29675001
-0.046095338 0.063690104 0.28750002
-0.039986998 0.06202862 0.28
-0.03451734 0.061031729 0.2755
-0.029582568 0.060810201 0.27450001
-0.024750518 0.060754817 0.27425
-0.019890867 0.060588673 0.27350003
-0.015071298 0.060477905 0.273
-0.010269252 0.060367141 0.27250001
-0.0054796841 0.060200989 0.27175
-0.00071838027 0.060200989 0.27175
0.0040503624 0.060311761 0.27225003
0.0088447239 0.060477905 0.273
0.013640409 0.060533289 0.27325001
0.018444855 0.060588673 0.27350003
0.0232793 0.060699437 0.27400002
0.028131267 0.060810201 0.27450001
0.033120759 0.0611425 0.27600002
0.038369097 0.061807092 0.27900001
0.044652827 0.063800871 0.28800002
0.050906803 0.065351583 0.29500002
0.057406072 0.066902302 0.30200002
0.062801182 0.067013063 0.30250001
0 0 0
0 0 0
0 0 0
0 0 0
0 0 0
0 0 0
0 0 0
0 0 0
0 0 0
0 0 0
0 0 0
0 0 0
0 0 0
0 0 0
0 0 0
0 0 0
0 0 0
0 0 0
0 0 0
0 0 0
0 0 0
0 0 0
0 0 0
0 0 0
0 0 0
0 0 0
0 0 0
-0.34874991 0.11846117 0.49575001
-0.33869201 0.11798327 0.49375004
-0.32753444 0.11708719 0.49000001
-0.31715918 0.11643007 0.48725003
-0.30608854 0.11547425 0.48325002
-0.29531202 0.11457818 0.47950003
-0.28556445 0.11404053 0.47725001
-0.27502447 0.11314446 0.47350001
-0.26532003 0.11254708 0.47100002
-0.25515747 0.11171074 0.46750003
-0.24643816 0.11147179 0.46650001
-0.23647705 0.11063545 0.46300003
-0.22700848 0.10997833 0.46025002
-0.21870664 0.10985885 0.45975003
-0.21065141 0.10985885 0.45975003
-0.20259617 0.10985885 0.45975003
-0.1947525 0.10997833 0.46025002
-0.18719555 0.11027702 0.46150002
-0.17910966 0.11027702 0.46150002
-0.17102376 0.11027702 0.46150002
-0 0 0
-0 0 0
-0 0 0
-0 0 0
-0 0 0
-0 0 0
-0 0 0
-0 0 0
-0.06509243 0.073060021 0.30575001
-0.057732839 0.070610747 0.29550001
-0.051177058 0.068758853 0.28775001
-0.044612266 0.066488795 0.27825001
-0.039165836 0.065532982 0.27425
-0.034298085 0.065413505 0.27375001
-0.029447855 0.065294035 0.27325001
-0.024592584 0.065114811 0.27250001
-0.01972723 0.064816125 0.27125001
-0.014933283 0.064636908 0.2705
-0.01018446 0.06457717 0.27025002
-0.0054242322 0.064278483 0.26900002
-0.00071177143 0.064338215 0.26925001
0.0040057297 0.064338215 0.26925001
0.008723231 0.064338215 0.26925001
0.013528092 0.064756386 0.27100003
0.018293114 0.064816125 0.27125001
0.023109378 0.064995341 0.27200001
0.027977543 0.065234289 0.273
0.032910753 0.065532982 0.27425
0.037784621 0.065652467 0.27475002
0.043063618 0.066369325 0.27775002
0.049526278 0.068579637 0.287
0.056360599 0.070849702 0.29650003
0.062541671 0.071984723 0.30125001
0.067425877 0.071566559 0.29950002
0 0 0
0 0 0
0 0 0
0 0 0
0 0 0
0 0 0
0 0 0
0 0 0
0 0 0
0 0 0
0 0 0
0 0 0
0 0 0
0 0 0
0 0 0
0 0 0
0 0 0
0 0 0
0 0 0
0 0 0
0 0 0
0 0 0
0 0 0
0 0 0
0 0 0
0 0 0
-0.35086036 0.12786759 0.49875003
-0.33954945 0.12690619 0.49500003
-0.32820287 0.12588067 0.49100003
-0.3173219 0.12498336 0.48750001
-0.30656359 0.12408604 0.48400003
-0.29546601 0.12299645 0.47975004
-0.28571403 0.1224196 0.47750002
-0.27546009 0.12158637 0.47425002
-0.26672831 0.1213941 0.47350001
-0.25529391 0.11991993 0.46775001
-0.24657023 0.11966356 0.46675003
-0.23749854 0.1192149 0.46500003
-0.22873479 0.11889444 0.46375003
-0.22013375 0.11863805 0.46275002
-0.21179688 0.11850987 0.46225002
-0.20369783 0.11850987 0.46225002
-0.19602194 0.11876624 0.46325001
-0.18790539 0.11876624 0.46325001
-0.17969182 0.11870215 0.46300003
-0 0 0
-0 0 0
-0 0 0
-0 0 0
-0 0 0
-0 0 0
-0 0 0
-0 0 0
-0.070852667 0.078835659 0.3075
-0.063921519 0.076976933 0.30025002
-0.056414071 0.074028611 0.28875002
-0.049354069 0.071144372 0.2775
-0.043850694 0.070118874 0.27350003
-0.039023027 0.070054777 0.27325001
-0.034172796 0.06992659 0.27275002
-0.029205376 0.069477938 0.27100003
-0.024344401 0.069157459 0.26975
-0.019545414 0.068901084 0.26875001
-0.014740062 0.068452425 0.26700002
-0.010061983 0.068452425 0.26700002
-0.0054091089 0.068772897 0.26825002
-0.00071177143 0.069029272 0.26925001
0.0040057297 0.069029272 0.26925001
0.0086827334 0.0687088 0.26800001
0.013353375 0.068580613 0.26750001
0.018073933 0.0687088 0.26800001
0.022918215 0.069157459 0.26975
0.027823823 0.069606118 0.27150002
0.032730751 0.06992659 0.27275002
0.037578337 0.070054777 0.27325001
0.042482205 0.070247062 0.27400002
0.047843769 0.071080282 0.27725002
0.054934949 0.074092701 0.289
0.061711244 0.076207802 0.29725
0.067313313 0.076656468 0.29900002
0.072612718 0.076720558 0.29925001
0.078181051 0.077041022 0.30050001
0 0 0
0 0 0
0 0 0
0 0 0
0 0 0
0 0 0
0 0 0
0 0 0
0 0 0
0 0 0
0 0 0
0 0 0
0 0 0
0 0 0
0 0 0
0 0 0
0 0 0
0 0 0
0 0 0
0 0 0
0 0 0
0 0 0
0 0 0
0 0 0
-0.35086036 0.13655716 0.49875003
-0.33954945 0.13553041 0.49500003
-0.32803577 0.13436677 0.49075001
-0.31715918 0.13340847 0.48725003
-0.30735531 0.13286087 0.48525003
-0.29685172 0.13197103 0.48200002
-0.28571403 0.13073893 0.47750002
-0.27647656 0.13032822 0.47600001
-0.26715082 0.12984908 0.47425002
-0.25652194 0.12868544 0.47000003
-0.24709849 0.12806939 0.46775001
-0.23775391 0.12745334 0.46550003
-0.22935133 0.12731645 0.46500003
-0.22096623 0.12717955 0.46450001
-0.2125987 0.12704265 0.46400002
-0.20490967 0.12731645 0.46500003
-0.19686823 0.12738489 0.46525002
-0.18902086 0.12759024 0.46600002
-0 0 0
-0 0 0
-0 0 0
-0 0 0
-0 0 0
-0 0 0
-0 0 0
-0 0 0
-0 0 0
-0.070219032 0.083440192 0.30475003
-0.062857047 0.080839105 0.29525003
-0.054509178 0.076389864 0.27900001
-0.048731588 0.075020872 0.27400002
-0.043730445 0.07467863 0.27275002
-0.038773108 0.07433638 0.27150002
-0.033890892 0.074062578 0.2705
-0.028909011 0.073446535 0.26825002
-0.024163907 0.07330963 0.26775002
-0.019690868 0.074131027 0.27075002
-0.015264521 0.075705372 0.27650002
-0.010495365 0.076252967 0.27850002
-0.0056510819 0.076732114 0.28025001
-0.00074217207 0.076869011 0.28075001
0.0041805389 0.076937467 0.28100002
0.0090715121 0.076663665 0.28
0.013865046 0.076047622 0.27775002
0.018394275 0.07467863 0.27275002
0.022769533 0.073378079 0.26800001
0.027516374 0.073514976 0.2685
0.032460742 0.074062578 0.2705
0.037372049 0.074404821 0.27175
0.042288397 0.07467863 0.27275002
0.047239788 0.074952424 0.27375001
0.053034086 0.076389864 0.27900001
0.060465604 0.079743907 0.29125002
0.066581644 0.080976002 0.29575002
0.072309405 0.081592046 0.29800001
0.077660717 0.081728943 0.2985
0 0 0
0 0 0
0 0 0
0 0 0
0 0 0
0 0 0
0 0 0
0 0 0
0 0 0
0 0 0
0 0 0
0 0 0
0 0 0
0 0 0
0 0 0
0 0 0
0 0 0
0 0 0
0 0 0
0 0 0
0 0 0
0 0 0
0 0 0
0 0 0
-0.35244319 0.14590196 0.50100005
-0.3400639 0.14437304 0.49575001
-0.32920554 0.14342658 0.49250004
-0.31797284 0.1422617 0.48850003
-0.30830541 0.14175206 0.48675004
-0.29746759 0.14065997 0.48300001
-0.2878083 0.14007753 0.48100004
-0.2773478 0.13905826 0.47750002
-0.26743245 0.1382574 0.47475001
-0.25829577 0.13782057 0.47325003
-0.2474947 0.13643727 0.46850002
-0.23852003 0.13600042 0.46700001
-0.23009115 0.13585483 0.46650001
-0.22191766 0.13585483 0.46650001
-0.21397325 0.13600042 0.46700001
-0.206452 0.13643727 0.46850002
-0.19824345 0.13643727 0.46850002
-0.19013633 0.13651007 0.46875003
-0 0 0
-0 0 0
-0 0 0
-0 0 0
-0 0 0
-0 0 0
-0 0 0
-0 0 0
-0.075620502 0.088822551 0.30500001
-0.068260498 0.086274363 0.29625002
-0.060355533 0.082561292 0.28350002
-0.053678844 0.080013104 0.27475002
-0.048553731 0.079503462 0.273
-0.043530032 0.079066634 0.27150002
-0.038487487 0.078484192 0.26950002
-0.033389736 0.07761053 0.26650003
-0.028909011 0.078120165 0.26825002
-0.024908453 0.080377132 0.27600002
-0.020363592 0.081542015 0.28
-0.015471544 0.081614822 0.28025001
-0.010542471 0.081469215 0.27975002
-0.0056208349 0.081177987 0.27875
-0.00073622412 0.081105188 0.27850002
0.0041545038 0.081323601 0.27925003
0.0090553137 0.081396401 0.27950001
0.013952404 0.081396401 0.27950001
0.018849494 0.081396401 0.27950001
0.023597904 0.080886766 0.27775002
0.027849441 0.079139434 0.27175
0.032190736 0.078120165 0.26825002
0.037028238 0.078411385 0.26925001
0.04205583 0.078993827 0.27125001
0.047067225 0.079430662 0.27275002
0.052131172 0.07986749 0.27425
0.058649037 0.082270063 0.2825
0.065512285 0.084745452 0.29100001
0.072248749 0.086711198 0.29775003
0.078506269 0.087876081 0.30175
0 0 0
0 0 0
0 0 0
0 0 0
0 0 0
0 0 0
0 0 0
0 0 0
0 0 0
0 0 0
0 0 0
0 0 0
0 0 0
0 0 0
0 0 0
0 0 0
0 0 0
0 0 0
0 0 0
0 0 0
0 0 0
0 0 0
0 0 0
0 0 0
-0.35173967 0.15432206 0.5
-0.3419503 0.15385909 0.49850002
-0.33037531 0.15254736 0.49425003
-0.31960011 0.15154427 0.49100003
-0.30925551 0.15069549 0.48825002
-0.2983914 0.14953808 0.48450002
-0.2887058 0.14892079 0.48250002
-0.27865469 0.14807202 0.47975004
-0.26771414 0.14668313 0.47525004
-0.25884154 0.14637448 0.47425002
-0.24815504 0.14498557 0.46975002
-0.23992459 0.14498557 0.46975002
-0.23169415 0.14498557 0.46975002
-0.22382049 0.14521706 0.47050002
-0.21523327 0.14498557 0.46975002
-0.20722316 0.1451399 0.47025001
-0.19908975 0.14521706 0.47050002
-0 0 0
-0 0 0
-0 0 0
-0 0 0
-0 0 0
-0 0 0
-0 0 0
-0 0 0
-0 0 0
-0.074380822 0.092593238 0.30000001
-0.067166023 0.089969762 0.2915
-0.059024945 0.085571587 0.27725002
-0.053336933 0.084259845 0.273
-0.048242491 0.083719723 0.27125001
-0.043249447 0.083256751 0.26975
-0.038094755 0.082330823 0.26675001
-0.033828247 0.083333917 0.27000001
-0.0299867 0.085880227 0.27825001
-0.025224321 0.086266033 0.27950001
-0.020327229 0.086266033 0.27950001
-0.015402536 0.086111709 0.27900001
-0.010485942 0.085880227 0.27825001
-0.005565383 0.085185781 0.27600002
-0.00072895439 0.085108615 0.27575001
0.0041210293 0.085494421 0.27700001
0.0090067163 0.085803069 0.27800003
0.013890005 0.085880227 0.27825001
0.018765194 0.085880227 0.27825001
0.023661625 0.085957393 0.27850002
0.028592436 0.086111709 0.27900001
0.032970756 0.084799975 0.27475002
0.036856335 0.082716621 0.26800001
0.041706979 0.083025277 0.26900002
0.046851519 0.083796881 0.27150002
0.051941089 0.084337011 0.27325001
0.057559103 0.085571587 0.27725002
0.064442925 0.088349387 0.28625003
0.071460135 0.090895697 0.29450002
0.077465594 0.091898791 0.29775003
0 0 0
0 0 0
0 0 0
0 0 0
0 0 0
0 0 0
0 0 0
0 0 0
0 0 0
0 0 0
0 0 0
0 0 0
0 0 0
0 0 0
0 0 0
0 0 0
0 0 0
0 0 0
0 0 0
0 0 0
0 0 0
0 0 0
0 0 0
0 0 0
-0.35314664 0.16368555 0.50200003
-0.34143582 0.16229975 0.49775001
-0.33121085 0.16156611 0.49550003
-0.32057649 0.16058791 0.49250004
-0.30941385 0.15928364 0.48850003
-0.29931521 0.15846847 0.48600003
-0.2887058 0.15732723 0.48250002
-0.27894512 0.15659359 0.48025003
-0.26884073 0.15561537 0.47725001
-0.25993314 0.15528932 0.47625002
-0.24947572 0.15398505 0.47225001
-0.24171223 0.15431112 0.47325003
-0.23416029 0.15480021 0.47475001
-0.22524761 0.15439263 0.47350001
-0.21660782 0.15414807 0.47275001
-0.20799433 0.15390353 0.47200003
-0 0 0
-0 0 0
-0 0 0
-0 0 0
-0 0 0
-0 0 0
-0 0 0
-0 0 0
-0 0 0
-0.079968914 0.098227628 0.30125001
-0.073327102 0.096434258 0.29575002
-0.065149896 0.092195392 0.28275001
-0.058279812 0.089260787 0.27375001
-0.053092718 0.088608652 0.27175
-0.047975712 0.087956518 0.26975
-0.042808536 0.087059841 0.26700002
-0.038451783 0.087793484 0.26925001
-0.034861889 0.090728089 0.27825001
-0.030094471 0.091054156 0.27925003
-0.025179196 0.09097264 0.27900001
-0.020272683 0.090891115 0.27875
-0.015347331 0.09064658 0.27800003
-0.010438836 0.090320505 0.27700001
-0.0055805058 0.090238981 0.27675
-0.00073093706 0.090157472 0.27650002
0.00411731 0.090238981 0.27675
0.0089824172 0.090402022 0.27725002
0.013865046 0.090565056 0.27775002
0.018731475 0.090565056 0.27775002
0.023640383 0.090728089 0.27825001
0.028566813 0.090891115 0.27875
0.033450764 0.090891115 0.27875
0.037715856 0.08942382 0.27425
0.041474413 0.087222874 0.26750001
0.046506386 0.087875009 0.26950002
0.051655959 0.088608652 0.27175
0.056884378 0.089342304 0.27400002
0.063317284 0.091706283 0.28125
0.070792854 0.095129989 0.29175001
0.076750122 0.096189708 0.29500002
0 0 0
0 0 0
0 0 0
0 0 0
0 0 0
0 0 0
0 0 0
0 0 0
0 0 0
0 0 0
0 0 0
0 0 0
0 0 0
0 0 0
0 0 0
0 0 0
0 0 0
0 0 0
0 0 0
0 0 0
0 0 0
0 0 0
0 0 0
0 0 0
-0.35385013 0.17277521 0.50300002
-0.34280774 0.17165887 0.49975002
-0.33221349 0.17071427 0.49700001
-0.32139015 0.16959794 0.49375004
-0.31052229 0.16839571 0.49025002
-0.29946917 0.16702175 0.48625001
-0.28945374 0.16616304 0.48375002
-0.27996156 0.16556193 0.48200002
-0.26954487 0.16435972 0.47850001
-0.26047891 0.16393036 0.47725001
-0.25198501 0.16384448 0.47700003
-0.24337216 0.16367275 0.47650003
-0.23490013 0.16358687 0.47625002
-0.22667474 0.16367275 0.47650003
-0.21809694 0.16350099 0.47600001
-0.20953666 0.16332924 0.47550002
-0 0 0
-0 0 0
-0 0 0
-0 0 0
-0 0 0
-0 0 0
-0 0 0
-0 0 0
-0 0 0
-0.07990256 0.10339034 0.30100003
-0.072335355 0.10021306 0.29175001
-0.063421786 0.094545484 0.27525002
-0.057960477 0.093515016 0.27225003
-0.052848503 0.092913903 0.2705
-0.047664471 0.092055179 0.26800001
-0.042688288 0.091454074 0.26625001
-0.039487161 0.094974846 0.27650002
-0.034955855 0.09583357 0.27900001
-0.030040583 0.095747687 0.27875
-0.025088949 0.095490083 0.27800003
-0.020181775 0.095318332 0.2775
-0.015250719 0.09488897 0.27625
-0.010372887 0.094545484 0.27525002
-0.0055502597 0.094545484 0.27525002
-0.00072763267 0.094545484 0.27525002
0.0040912745 0.094459608 0.27500001
0.0089176213 0.094545484 0.27525002
0.013790167 0.09488897 0.27625
0.018680895 0.095146589 0.27700001
0.023576662 0.095318332 0.2775
0.028489955 0.095490083 0.27800003
0.033450764 0.095747687 0.27875
0.038369097 0.09583357 0.27900001
0.04205583 0.093171522 0.27125001
0.046074972 0.091711693 0.26700002
0.051465873 0.092999779 0.27075002
0.056624871 0.093686759 0.27275002
0.062135365 0.094803102 0.27600002
0.07000424 0.099096715 0.28850001
0.077140383 0.10184464 0.29650003
0 0 0
0 0 0
0 0 0
0 0 0
0 0 0
0 0 0
0 0 0
0 0 0
0 0 0
0 0 0
0 0 0
0 0 0
0 0 0
0 0 0
0 0 0
0 0 0
0 0 0
0 0 0
0 0 0
0 0 0
0 0 0
0 0 0
0 0 0
0 0 0
-0 0 0
-0.34486565 0.18144859 0.50275004
-0.3338846 0.18027563 0.49950004
-0.32220379 0.17865153 0.49500003
-0.31194746 0.17774925 0.49250004
-0.30054697 0.17612514 0.48800004
-0.29035127 0.17513263 0.48525003
-0.28112322 0.17468148 0.48400003
-0.2705307 0.17332807 0.48025003
-0.26129761 0.1727867 0.47875002
-0.25290948 0.1727867 0.47875002
-0.24464904 0.17287692 0.47900003
-0.23650314 0.17305738 0.47950003
-0.22845864 0.17332807 0.48025003
-0.21889877 0.17242579 0.47775003
-0 0 0
-0 0 0
-0 0 0
-0 0 0
-0 0 0
-0 0 0
-0 0 0
-0 0 0
-0 0 0
-0 0 0
-0.078973457 0.10737137 0.29750001
-0.071591549 0.10421339 0.28875002
-0.063076161 0.098799706 0.27375001
-0.057800803 0.097987652 0.27150002
-0.052555446 0.097085372 0.26900002
-0.047219839 0.095822178 0.26550001
-0.043570112 0.098077878 0.27175
-0.039808482 0.10060426 0.27875
-0.034893211 0.10051404 0.27850002
-0.029932816 0.10024335 0.27775002
-0.024976136 0.099882439 0.27675
-0.020072686 0.099611759 0.27600002
-0.015154108 0.099070385 0.27450001
-0.010306938 0.098709479 0.27350003
-0.0055099307 0.098619245 0.27325001
-0.00072102383 0.098438792 0.27275002
0.0040503624 0.098258339 0.27225003
0.0088447239 0.098529018 0.273
0.013690328 0.098980159 0.27425
0.018596593 0.099521525 0.27575001
0.023491703 0.099792212 0.27650002
0.028413093 0.1000629 0.27725002
0.033420764 0.10051404 0.27850002
0.038369097 0.10069449 0.27900001
0.043063618 0.10024335 0.27775002
0.04598869 0.096183099 0.26650003
0.051133223 0.097085372 0.26900002
0.056521069 0.098258339 0.27225003
0.061853956 0.099160619 0.27475002
0.069094308 0.10276974 0.28475001
0.076815166 0.10655932 0.29525003
0 0 0
0 0 0
0 0 0
0 0 0
0 0 0
0 0 0
0 0 0
0 0 0
0 0 0
0 0 0
0 0 0
0 0 0
0 0 0
0 0 0
0 0 0
0 0 0
0 0 0
0 0 0
0 0 0
0 0 0
0 0 0
0 0 0
0 0 0
0 0 0
-0 0 0
-0.34726647 0.19153202 0.50625002
-0.3342188 0.18916741 0.5
-0.32366833 0.188127 0.49725002
-0.31337258 0.18718116 0.49475002
-0.30270252 0.18595158 0.49150002
-0.29184717 0.18453282 0.48775002
-0.28155884 0.18339781 0.48475003
-0.27123484 0.18216823 0.48150003
-0.26293498 0.18226281 0.48175001
-0.25515461 0.18273573 0.48300001
-0.24643666 0.18254656 0.48250002
-0.23798281 0.18254656 0.48250002
-0.22952898 0.18254656 0.48250002
-0.22164789 0.18301947 0.48375002
-0 0 0
-0 0 0
-0 0 0
-0 0 0
-0 0 0
-0 0 0
-0 0 0
-0 0 0
-0 0 0
-0 0 0
-0.078708 0.11217628 0.29650003
-0.070351869 0.10735252 0.28375003
-0.062960953 0.10337999 0.27325001
-0.057694357 0.10252874 0.27100003
-0.052360069 0.10139374 0.26800001
-0.047219839 0.1004479 0.26550001
-0.044371769 0.10470416 0.27675
-0.039808482 0.10546083 0.27875
-0.034799244 0.1050825 0.27775002
-0.029825045 0.10470416 0.27675
-0.024840767 0.10413667 0.27525002
-0.019872684 0.10337999 0.27325001
-0.014960887 0.10252874 0.27100003
-0.010165617 0.10205582 0.26975
-0.005419191 0.10167748 0.26875001
-0.00071044965 0.10167748 0.26875001
0.003994572 0.1015829 0.2685
0.0087475302 0.1021504 0.27000001
0.013540572 0.10262332 0.27125001
0.018478574 0.10366375 0.27400002
0.023385502 0.10413667 0.27525002
0.02831061 0.10451499 0.27625
0.033330761 0.1050825 0.27775002
0.038334712 0.10546083 0.27875
0.043218661 0.10546083 0.27875
0.046765238 0.10252874 0.27100003
0.050800569 0.10110998 0.26725
0.056261558 0.10252874 0.27100003
0.061685108 0.10366375 0.27400002
0.068123706 0.1062175 0.28075001
0.07603465 0.11056835 0.29225001
0.081988215 0.11170337 0.29525003
0 0 0
0 0 0
0 0 0
0 0 0
0 0 0
0 0 0
0 0 0
0 0 0
0 0 0
0 0 0
0 0 0
0 0 0
0 0 0
0 0 0
0 0 0
0 0 0
0 0 0
0 0 0
0 0 0
0 0 0
0 0 0
0 0 0
0 0 0
-0 0 0
-0.34520859 0.19916494 0.50325
-0.33622414 0.19906601 0.50300002
-0.32431927 0.19718617 0.49825004
-0.3147977 0.19669147 0.49700001
-0.30331841 0.19491057 0.49250004
-0.29394141 0.19441587 0.49125004
-0.28388217 0.19342646 0.48875001
-0.27264312 0.19154662 0.48400003
-0.26429945 0.19164556 0.48425001
-0.25594702 0.19174451 0.48450002
-0.24745816 0.19174451 0.48450002
-0.23946251 0.19214027 0.48550004
-0.23071824 0.19194238 0.48500001
-0 0 0
-0 0 0
-0 0 0
-0 0 0
-0 0 0
-0 0 0
-0 0 0
-0 0 0
-0 0 0
-0 0 0
-0 0 0
-0.078309812 0.11674846 0.29500002
-0.069608055 0.11110891 0.28075001
-0.062903345 0.10804179 0.273
-0.057587907 0.10705239 0.2705
-0.05196932 0.10527149 0.266
-0.047753394 0.10626088 0.2685
-0.04465235 0.11021847 0.27850002
-0.039772782 0.11021847 0.27850002
-0.0347366 0.10972377 0.27725002
-0.029717278 0.10913013 0.27575001
-0.024727957 0.10843755 0.27400002
-0.019763593 0.10754709 0.27175
-0.014836673 0.10635982 0.26875001
-0.010061983 0.10566725 0.26700002
-0.0053334921 0.10467786 0.26450002
-0.00069789286 0.10447997 0.264
0.0039313431 0.10457891 0.26425001
0.0085936384 0.10497468 0.26525003
0.013378333 0.106063 0.26800001
0.018141374 0.10645877 0.26900002
0.023194337 0.10804179 0.273
0.028284991 0.10922907 0.27600002
0.033270761 0.10972377 0.27725002
0.038265955 0.11011952 0.27825001
0.043218661 0.11031739 0.27875
0.047412354 0.10873438 0.27475002
0.050562963 0.10527149 0.266
0.055898242 0.1065577 0.26925001
0.061347414 0.10784391 0.27250001
0.067395762 0.10992164 0.27775002
0.07557936 0.11496755 0.29050002
0.082335331 0.1173421 0.29650003
0 0 0
0 0 0
0 0 0
0 0 0
0 0 0
0 0 0
0 0 0
0 0 0
0 0 0
0 0 0
0 0 0
0 0 0
0 0 0
0 0 0
0 0 0
0 0 0
0 0 0
0 0 0
0 0 0
0 0 0
0 0 0
0 0 0
0 0 0
-0 0 0
-0 0 0
-0.33655837 0.20803621 0.50350004
-0 0 0
-0 0 0
-0.30393428 0.20390441 0.49350002
-0.29409099 0.20307805 0.49150002
-0.28475344 0.20256157 0.49025002
-0.27588215 0.20235498 0.48975003
-0.26607329 0.20142533 0.48750001
-0.25792804 0.20173521 0.48825002
-0.24950115 0.20183851 0.48850003
-0.24081887 0.20173521 0.48825002
-0.23214538 0.20163192 0.48800004
-0 0 0
-0 0 0
-0 0 0
-0 0 0
-0 0 0
-0 0 0
-0 0 0
-0 0 0
-0 0 0
-0 0 0
-0 0 0
-0.077845268 0.12116509 0.29325002
-0.06917417 0.11527727 0.27900001
-0.062730536 0.11248831 0.27225003
-0.05748146 0.11155865 0.27000001
-0.051920481 0.10980263 0.26575002
-0.048198033 0.11197183 0.27100003
-0.044612266 0.11496738 0.27825001
-0.03970138 0.11486409 0.27800003
-0.034673952 0.11434761 0.27675
-0.029609511 0.11352126 0.27475002
-0.02454746 0.112385 0.27200001
-0.019581776 0.11124875 0.26925001
-0.014657252 0.10969933 0.26550001
-0.0098170284 0.10763343 0.26050001
-0.0051217652 0.10494776 0.25400001
-0.00066881406 0.10453458 0.25300002
0.003767692 0.10463787 0.25325
0.0083182529 0.10608401 0.25675002
0.013116258 0.10856308 0.26275
0.018006494 0.11031911 0.26700002
0.023024419 0.11197183 0.27100003
0.028105645 0.11331465 0.27425
0.033210758 0.11434761 0.27675
0.038231574 0.11486409 0.27800003
0.043179903 0.11507068 0.27850002
0.047757484 0.11434761 0.27675
0.05065801 0.11011252 0.26650003
0.055846345 0.11114547 0.26900002
0.061291136 0.11248831 0.27225003
0.067577749 0.11507068 0.27850002
0.076164737 0.12095848 0.29275
0 0 0
0 0 0
0 0 0
0 0 0
0 0 0
0 0 0
0 0 0
0 0 0
0 0 0
0 0 0
0 0 0
0 0 0
0 0 0
0 0 0
0 0 0
0 0 0
0 0 0
0 0 0
0 0 0
0 0 0
0 0 0
0 0 0
0 0 0
0 0 0
-0 0 0
-0 0 0
-0 0 0
-0 0 0
-0 0 0
-0.30562794 0.21368666 0.49625003
-0.29498854 0.2122872 0.49300003
-0.28576988 0.21185659 0.49200001
-0.27686796 0.2116413 0.49150002
-0.26839289 0.21174894 0.49175003
-0.25911665 0.2112107 0.49050003
-0.25065035 0.21131834 0.49075001
-0.24192865 0.2112107 0.49050003
-0 0 0
-0 0 0
-0 0 0
-0 0 0
-0 0 0
-0 0 0
-0 0 0
-0 0 0
-0 0 0
-0 0 0
-0 0 0
-0 0 0
-0.077579804 0.12584367 0.29225001
-0.0690502 0.11992289 0.27850002
-0.062500119 0.11680102 0.27125001
-0.057321791 0.11593981 0.26925001
-0.051725104 0.1140021 0.26475
-0.048420347 0.11723163 0.27225003
-0.044492017 0.11949228 0.2775
-0.03959427 0.11938464 0.27725002
-0.034611307 0.11895403 0.27625
-0.02950174 0.11787753 0.27375001
-0.024457214 0.11669338 0.27100003
-0.019381778 0.11475566 0.26650003
-0.014298411 0.11152613 0.259
-0.0094495956 0.10797366 0.25075001
-0.0051368889 0.10969608 0.25475001
-0.00066418777 0.10818896 0.25125
0.00372306 0.10775836 0.25025001
0.0081076641 0.10775836 0.25025001
0.012691946 0.10948078 0.25425002
0.017787313 0.1135715 0.26375002
0.022918215 0.11615511 0.26975
0.028028786 0.11776988 0.27350003
0.033120759 0.11884639 0.27600002
0.038197193 0.11959994 0.27775002
0.043141142 0.11981524 0.27825001
0.047886908 0.11949228 0.2775
0.050800569 0.11507861 0.26725
0.05579444 0.11572451 0.26875001
0.061291136 0.11723163 0.27225003
0.067456432 0.11970759 0.27800003
0.075319193 0.12465953 0.28950003
0 0 0
0 0 0
0 0 0
0 0 0
0 0 0
0 0 0
0 0 0
0 0 0
0 0 0
0 0 0
0 0 0
0 0 0
0 0 0
0 0 0
0 0 0
0 0 0
0 0 0
0 0 0
0 0 0
0 0 0
0 0 0
0 0 0
0 0 0
0 0 0
-0 0 0
-0 0 0
-0 0 0
-0 0 0
-0 0 0
-0 0 0
-0 0 0
-0.28794801 0.22210865 0.49575001
-0.27883956 0.22177264 0.49500003
-0.26989383 0.22154862 0.49450001
-0.26004112 0.22054057 0.49225003
-0.25269333 0.22166063 0.49475002
-0.24353164 0.22121261 0.49375004
-0 0 0
-0 0 0
-0 0 0
-0 0 0
-0 0 0
-0 0 0
-0 0 0
-0 0 0
-0 0 0
-0 0 0
-0 0 0
-0 0 0
-0.078177087 0.13194352 0.29450002
-0.069298133 0.12522313 0.27950001
-0.062730536 0.12197495 0.27225003
-0.057321791 0.12063087 0.26925001
-0.051725104 0.11861475 0.26475
-0.048553731 0.12231096 0.273
-0.044451937 0.12421508 0.27725002
-0.039558567 0.12410307 0.27700001
-0.034579989 0.12365504 0.27600002
-0.02950174 0.12264698 0.27375001
-0.024344401 0.12085488 0.26975
-0.019127231 0.11783071 0.26300001
-0.01392577 0.11301444 0.25225002
-0.0095626526 0.11368648 0.25375003
-0.0052578757 0.11682266 0.26075003
-0.0006423787 0.1088702 0.24300002
0.0037304987 0.11234239 0.25075001
0 0 0
0.012130355 0.1088702 0.24300002
0.017315233 0.11503056 0.25675002
0.022748295 0.11995884 0.26775002
0.027977543 0.12231096 0.273
0.032940753 0.122983 0.27450001
0.038025286 0.12387906 0.27650002
0.042947337 0.12410307 0.27700001
0.047757484 0.12399106 0.27675
0.05065801 0.1193988 0.26650003
0.055898242 0.12063087 0.26925001
0.061291136 0.12197495 0.27225003
0.067577749 0.12477511 0.27850002
0.074603721 0.12847131 0.28675002
0 0 0
0 0 0
0 0 0
0 0 0
0 0 0
0 0 0
0 0 0
0 0 0
0 0 0
0 0 0
0 0 0
0 0 0
0 0 0
0 0 0
0 0 0
0 0 0
0 0 0
0 0 0
0 0 0
0 0 0
0 0 0
0 0 0
0 0 0
0 0 0
-0 0 0
-0 0 0
-0 0 0
-0 0 0
-0 0 0
-0 0 0
-0 0 0
-0.28998092 0.23237501 0.49925002
-0.28081113 0.23202592 0.49850002
-0.27139476 0.23144411 0.49725002
-0.26809728 0.23621497 0.50750005
-0.27478325 0.25041112 0.53800005
-0 0 0
-0 0 0
-0 0 0
-0 0 0
-0 0 0
-0 0 0
-0 0 0
-0 0 0
-0 0 0
-0 0 0
-0 0 0
-0 0 0
-0 0 0
-0.077115253 0.1352127 0.29050002
-0.07016591 0.13172184 0.28300002
-0.062672935 0.1266019 0.27200001
-0.057428233 0.12555465 0.26975
-0.051822796 0.12346014 0.26525003
-0.048509274 0.12695099 0.27275002
-0.044492017 0.12916186 0.2775
-0.039487161 0.12869643 0.27650002
-0.03451734 0.12823097 0.2755
-0.029474799 0.12730008 0.27350003
-0.024344401 0.12555465 0.26975
-0.018854506 0.12066744 0.25925002
-0.013870562 0.11694385 0.25125
-0 0 0
-0.004496668 0.10379495 0.223
-0.00059347332 0.10449312 0.22450002
0 0 0
0 0 0
0.012167795 0.11345299 0.24375001
0.016910592 0.11671113 0.25075001
0.022535892 0.12346014 0.26525003
0.027926303 0.12683463 0.27250001
0.032910753 0.12764916 0.27425
0.037819002 0.12799825 0.27500001
0.042753529 0.12834734 0.27575001
0.047628064 0.1284637 0.27600002
0.05075305 0.12427467 0.26700002
0.056053948 0.12567101 0.27000001
0.061516259 0.12718372 0.27325001
0.068002388 0.13044186 0.28025001
0.074538678 0.13335091 0.28650001
0 0 0
0 0 0
0 0 0
0 0 0
0 0 0
0 0 0
0 0 0
0 0 0
0 0 0
0 0 0
0 0 0
0 0 0
0 0 0
0 0 0
0 0 0
0 0 0
0 0 0
0 0 0
0 0 0
0 0 0
0 0 0
0 0 0
0 0 0
0 0 0
-0 0 0
-0 0 0
-0 0 0
-0 0 0
-0 0 0
-0 0 0
-0 0 0
-0.29273987 0.2433669 0.50400001
-0.28207856 0.24179757 0.50075001
-0 0 0
-0.2850019 0.26050881 0.5395
-0.27542168 0.26038811 0.53925002
-0 0 0
-0 0 0
-0 0 0
-0 0 0
-0 0 0
-0 0 0
-0 0 0
-0 0 0
-0 0 0
-0 0 0
-0 0 0
-0 0 0
-0 0 0
-0.077115253 0.14027397 0.29050002
-0.070599802 0.13749747 0.28475001
-0.062845744 0.13170302 0.27275002
-0.057375014 0.13013369 0.26950002
-0.05177395 0.12796077 0.26500002
-0.047975712 0.1302544 0.26975
-0.044411853 0.13375522 0.27700001
-0.039415758 0.13327235 0.27600002
-0.034423374 0.13266876 0.27475002
-0.029367028 0.1315823 0.27250001
-0.024389528 0.13049585 0.27025002
-0.018927231 0.12566712 0.26025
-0.013911968 0.12168345 0.252
-0 0 0
-0 0 0
-0 0 0
0 0 0
0 0 0
0 0 0
0.016961172 0.12144201 0.25150001
0.022620853 0.12856436 0.26625001
0.027823823 0.13109943 0.27150002
0.032910753 0.13242732 0.27425
0.037784621 0.13266876 0.27475002
0.042714767 0.13303091 0.2755
0.047239788 0.13218589 0.27375001
0.050705526 0.1288058 0.26675001
0.056105852 0.13049585 0.27025002
0.061516259 0.13194446 0.27325001
0.068972982 0.13725604 0.28425002
0.076099701 0.14123972 0.29250002
0 0 0
0 0 0
0 0 0
0 0 0
0 0 0
0 0 0
0 0 0
0 0 0
0 0 0
0 0 0
0 0 0
0 0 0
0 0 0
0 0 0
0 0 0
0 0 0
0 0 0
0 0 0
0 0 0
0 0 0
0 0 0
0 0 0
0 0 0
0 0 0
-0 0 0
-0 0 0
-0 0 0
-0 0 0
-0 0 0
-0 0 0
-0 0 0
-0 0 0
-0 0 0
-0 0 0
-0 0 0
-0 0 0
-0 0 0
-0 0 0
-0 0 0
-0 0 0
-0 0 0
-0 0 0
-0 0 0
-0 0 0
-0 0 0
-0 0 0
-0 0 0
-0 0 0
-0 0 0
-0 0 0
-0.069546074 0.14033234 0.28050002
-0.063076161 0.13695535 0.27375001
-0.057268567 0.13457896 0.26900002
-0.052018166 0.13320315 0.26625001
-0.047086447 0.13245271 0.26475
-0.04421144 0.13795593 0.27575001
-0.039308649 0.13770579 0.27525002
-0.034329407 0.13708043 0.27400002
-0.029340088 0.13620491 0.27225003
-0.024479775 0.13570462 0.27125001
-0.019509049 0.13420373 0.26825002
-0 0 0
-0 0 0
-0 0 0
-0 0 0
0 0 0
0 0 0
0 0 0
0.017601853 0.13057661 0.26100001
0.023364261 0.13758071 0.27500001
0.027900685 0.13620491 0.27225003
0.032880753 0.13708043 0.27400002
0.037853383 0.13770579 0.27525002
0.042753529 0.13795593 0.27575001
0.046765238 0.13557956 0.27100003
0.05065801 0.13332823 0.26650003
0.056365363 0.13582969 0.27150002
0.061853956 0.13745564 0.27475002
0.069761597 0.1438344 0.28750002
0.075644404 0.14546035 0.29075003
0 0 0
0 0 0
0 0 0
0 0 0
0 0 0
0 0 0
0 0 0
0 0 0
0 0 0
0 0 0
0 0 0
0 0 0
0 0 0
0 0 0
0 0 0
0 0 0
0 0 0
0 0 0
0 0 0
0 0 0
0 0 0
0 0 0
0 0 0
0 0 0
