# .PCD v0.7 - Point Cloud Data file format
VERSION 0.7
FIELDS x y z
SIZE 4 4 4
TYPE F F F
COUNT 1 1 1
WIDTH 4800
HEIGHT 1
VIEWPOINT 0 0 0 1 0 0 0
POINTS 4800
DATA ascii
-0 -0 0
-0 -0 0
-0 -0 0
-0 -0 0
-0 -0 0
-0.28330246 -0.24271627 0.46000001
-0.27464449 -0.24218862 0.45900002
-0.26631197 -0.24192481 0.45850003
-0.25813782 -0.24179289 0.45825002
-0.25024533 -0.24192481 0.45850003
-0.24168372 -0.24139716 0.45750001
-0.2329018 -0.2406057 0.45600003
-0.22515887 -0.24086952 0.45650002
-0.21716058 -0.24086952 0.45650002
-0.20870411 -0.24034187 0.45550004
-0.20105384 -0.2407376 0.45625001
-0.1932715 -0.24100143 0.45675004
-0.18547165 -0.24126525 0.45725003
-0.17804237 -0.24205671 0.45875001
-0.17000465 -0.24205671 0.45875001
-0.16240826 -0.24271627 0.46000001
-0.15460032 -0.243112 0.46075001
-0.14628905 -0.24271627 0.46000001
-0.13845481 -0.243112 0.46075001
-0.13073578 -0.24377155 0.46200001
-0.12297294 -0.24443111 0.46325001
-0.11491837 -0.24456303 0.46350002
-0.10697025 -0.24495876 0.46425003
-0.099368416 -0.24627787 0.46675003
-0.091630124 -0.24746506 0.46900001
-0.083501756 -0.2477289 0.46950004
-0.075556271 -0.24865226 0.47125003
-0.067370951 -0.24891609 0.47175002
-0.059356045 -0.24997137 0.47375003
-0.051271062 -0.25102666 0.47575003
-0.042935494 -0.25102666 0.47575003
-0.034581743 -0.25089476 0.47550002
-0.026291965 -0.25129047 0.47625002
-0.018023008 -0.25234577 0.47825003
-0.0096688448 -0.25300533 0.47950003
-0.0012774876 -0.25498399 0.48325002
0.0072378372 -0.25669885 0.48650002
0.015794151 -0.25722647 0.48750001
0 -0 0
0 -0 0
0 -0 0
0 -0 0
0 -0 0
0 -0 0
0 -0 0
0 -0 0
0 -0 0
0 -0 0
0 -0 0
0 -0 0
0 -0 0
0 -0 0
0 -0 0
0 -0 0
0 -0 0
0 -0 0
0 -0 0
0 -0 0
0 -0 0
0 -0 0
0 -0 0
0 -0 0
0 -0 0
0 -0 0
0 -0 0
0 -0 0
0 -0 0
0 -0 0
0 -0 0
0 -0 0
0 -0 0
0 -0 0
0 -0 0
0 -0 0
0 -0 0
-0.32993183 -0.23929383 0.46900001
-0 -0 0
-0 -0 0
-0 -0 0
-0.29262885 -0.23572227 0.46200001
-0.2831485 -0.23457429 0.45975003
-0.27509326 -0.23457429 0.45975003
-0.2666024 -0.23419161 0.45900002
-0.25785616 -0.23355384 0.45775002
-0.25024533 -0.2339365 0.45850003
-0.24207993 -0.23380895 0.45825002
-0.23315717 -0.23291606 0.45650002
-0.22503556 -0.2327885 0.45625001
-0.21704164 -0.2327885 0.45625001
-0.20939139 -0.23317116 0.45700002
-0.20171484 -0.23355384 0.45775002
-0.19390622 -0.23380895 0.45825002
-0.18608008 -0.23406406 0.45875001
-0.17823642 -0.23431918 0.45925003
-0.17018995 -0.23431918 0.45925003
-0.1625848 -0.23495695 0.46050003
-0.15476809 -0.23533961 0.46125001
-0.14668657 -0.23533961 0.46125001
-0.13883042 -0.23572227 0.46200001
-0.13116026 -0.23648761 0.46350002
-0.12297294 -0.23636006 0.46325001
-0.11491837 -0.23648761 0.46350002
-0.1077767 -0.23865604 0.46775001
-0.10000709 -0.23967649 0.46975002
-0.091776654 -0.23967649 0.46975002
-0.083590679 -0.23980406 0.47000003
-0.075596347 -0.24056938 0.47150001
-0.06758517 -0.24146228 0.47325003
-0.059450012 -0.24210005 0.47450003
-0.051217176 -0.24248272 0.47525004
-0.04291293 -0.24261026 0.47550002
-0.034672651 -0.24324805 0.47675002
-0.026319567 -0.24324805 0.47675002
-0.018070115 -0.24465115 0.47950003
-0.0097242976 -0.24605428 0.48225003
-0.0012794703 -0.24694715 0.48400003
0.0071969242 -0.24681959 0.48375002
0.015794151 -0.24873292 0.48750001
0.024435427 -0.24975337 0.48950002
0.033231083 -0.25141159 0.49275002
0.042013187 -0.25230446 0.49450001
0 -0 0
0 -0 0
0 -0 0
0 -0 0
0 -0 0
0 -0 0
0 -0 0
0 -0 0
0 -0 0
0 -0 0
0 -0 0
0 -0 0
0 -0 0
0 -0 0
0 -0 0
0 -0 0
0 -0 0
0 -0 0
0 -0 0
0 -0 0
0 -0 0
0 -0 0
0 -0 0
0 -0 0
0 -0 0
0 -0 0
0 -0 0
0 -0 0
0 -0 0
0 -0 0
0 -0 0
0 -0 0
0 -0 0
0 -0 0
-0.3295801 -0.23087619 0.46850002
-0.32171452 -0.23112258 0.46900001
-0 -0 0
-0 -0 0
-0.29262885 -0.22767299 0.46200001
-0.28391835 -0.22718021 0.46100003
-0.2756916 -0.227057 0.46075001
-0.26718321 -0.2266874 0.46000001
-0.25799701 -0.22570181 0.45800003
-0.24969953 -0.2254554 0.45750001
-0.24194787 -0.22570181 0.45800003
-0.23354024 -0.22533222 0.45725003
-0.22515887 -0.22496261 0.45650002
-0.21727951 -0.22508581 0.45675004
-0.20962048 -0.2254554 0.45750001
-0.20193517 -0.22582501 0.45825002
-0.19411778 -0.2260714 0.45875001
-0.18597868 -0.22594821 0.45850003
-0.17823642 -0.22631781 0.45925003
-0.17065318 -0.22693381 0.46050003
-0.16293786 -0.2274266 0.46150002
-0.15493587 -0.22754981 0.46175003
-0.14692509 -0.22767299 0.46200001
-0.13913094 -0.22816581 0.46300003
-0.13130175 -0.2286586 0.46400002
-0.12310568 -0.22853541 0.46375003
-0.11541425 -0.2293978 0.46550003
-0.10789192 -0.230753 0.46825004
-0.10006032 -0.23161539 0.47000003
-0.0918255 -0.23161539 0.47000003
-0.083635136 -0.23173858 0.47025001
-0.075756684 -0.23284739 0.47250003
-0.06769228 -0.23358659 0.47400004
-0.059512656 -0.23407939 0.47500002
-0.051217176 -0.23420259 0.47525004
-0.042935494 -0.23444898 0.47575003
-0.034690835 -0.23506498 0.47700003
-0.026457582 -0.23617378 0.47925001
-0.018117221 -0.23691298 0.48075002
-0.0097343791 -0.23789857 0.48275003
-0.0012814529 -0.23888418 0.48475003
0.0072415564 -0.23986977 0.48675004
0.015826549 -0.24073218 0.48850003
0.024485348 -0.24171777 0.49050003
0.033281665 -0.24319616 0.49350002
0.042076908 -0.24405856 0.49525002
0.051138442 -0.24590655 0.49900001
0.060091373 -0.24676895 0.50075001
0.069002494 -0.24726176 0.50175005
0 -0 0
0 -0 0
0 -0 0
0 -0 0
0 -0 0
0 -0 0
0 -0 0
0 -0 0
0 -0 0
0 -0 0
0 -0 0
0 -0 0
0 -0 0
0 -0 0
0 -0 0
0 -0 0
0 -0 0
0 -0 0
0 -0 0
0 -0 0
0 -0 0
0 -0 0
0 -0 0
0 -0 0
0 -0 0
0 -0 0
0 -0 0
0 -0 0
0 -0 0
0 -0 0
0 -0 0
-0.32922834 -0.22247599 0.46800002
-0.32205752 -0.22318906 0.46950004
-0.31349725 -0.22295135 0.46900001
-0.30251354 -0.22093101 0.46475002
-0.29278722 -0.21974257 0.46225002
-0.28438026 -0.21950489 0.46175003
-0.27554202 -0.21891066 0.46050003
-0.26747364 -0.21891066 0.46050003
-0.25841945 -0.21807875 0.45875001
-0.24969953 -0.21748453 0.45750001
-0.24168372 -0.21748453 0.45750001
-0.2339233 -0.21772222 0.45800003
-0.22577541 -0.21760339 0.45775002
-0.21787415 -0.21772222 0.45800003
-0.20996413 -0.21784106 0.45825002
-0.20204534 -0.21795991 0.45850003
-0.19411778 -0.21807875 0.45875001
-0.18608008 -0.21807875 0.45875001
-0.17852749 -0.21867298 0.46000001
-0.17083848 -0.21914835 0.46100003
-0.16311438 -0.21962373 0.46200001
-0.15518752 -0.21986142 0.46250004
-0.14732261 -0.22021794 0.46325001
-0.13943143 -0.22057448 0.46400002
-0.13165547 -0.2211687 0.46525002
-0.12350386 -0.2211687 0.46525002
-0.11572417 -0.22188176 0.46675003
-0.10794952 -0.22271366 0.46850002
-0.10011354 -0.22354558 0.47025001
-0.091923185 -0.22366442 0.47050002
-0.083946384 -0.2243775 0.47200003
-0.075876929 -0.22497171 0.47325003
-0.067656577 -0.2252094 0.47375003
-0.059575301 -0.2260413 0.47550002
-0.051271062 -0.22616015 0.47575003
-0.043003179 -0.22651668 0.47650003
-0.034818109 -0.22758627 0.47875002
-0.026526589 -0.22841817 0.48050001
-0.018145487 -0.22889356 0.48150003
-0.0097545432 -0.22996315 0.48375002
-0.0012854182 -0.2311516 0.48625001
0.007267592 -0.2322212 0.48850003
0.015883246 -0.2330531 0.49025002
0.024585186 -0.23412271 0.49250004
0.033349104 -0.23507345 0.49450001
0.04209815 -0.23554882 0.49550003
0.051240921 -0.237688 0.5
0.060091373 -0.23804455 0.50075001
0.069174394 -0.23911415 0.50300002
0.078375012 -0.24030258 0.50550002
0.087965228 -0.24232292 0.50975001
0 -0 0
0 -0 0
0 -0 0
0 -0 0
0 -0 0
0 -0 0
0 -0 0
0 -0 0
0 -0 0
0 -0 0
0 -0 0
0 -0 0
0 -0 0
0 -0 0
0 -0 0
0 -0 0
0 -0 0
0 -0 0
0 -0 0
0 -0 0
0 -0 0
0 -0 0
0 -0 0
0 -0 0
0 -0 0
0 -0 0
0 -0 0
0 -0 0
0 -0 0
-0.32940423 -0.21443667 0.46825004
-0.32085708 -0.21420768 0.46775001
-0.31132481 -0.21329176 0.46575001
-0.30235082 -0.21271932 0.46450001
-0.29278722 -0.21168894 0.46225002
-0.28438026 -0.21145996 0.46175003
-0.27524284 -0.21065854 0.46000001
-0.2666024 -0.21020059 0.45900002
-0.25799701 -0.20974264 0.45800003
-0.24969953 -0.20951365 0.45750001
-0.24168372 -0.20951365 0.45750001
-0.2339233 -0.20974264 0.45800003
-0.22602202 -0.20985712 0.45825002
-0.21787415 -0.20974264 0.45800003
-0.21030776 -0.21020059 0.45900002
-0.2021555 -0.21008609 0.45875001
-0.194012 -0.20997162 0.45850003
-0.1862829 -0.21031508 0.45925003
-0.17872156 -0.21088752 0.46050003
-0.17111641 -0.21145996 0.46175003
-0.16320266 -0.21168894 0.46225002
-0.15543917 -0.21214689 0.46325001
-0.14732261 -0.21214689 0.46325001
-0.1396568 -0.21283382 0.46475002
-0.13158472 -0.21294832 0.46500003
-0.12383568 -0.21363524 0.46650001
-0.1159721 -0.21420768 0.46775001
-0.10817993 -0.21500911 0.46950004
-0.10021999 -0.21558155 0.47075003
-0.092265084 -0.21626846 0.47225001
-0.08421316 -0.21684091 0.47350001
-0.075917013 -0.21684091 0.47350001
-0.067727976 -0.21718438 0.47425002
-0.059700593 -0.21821478 0.47650003
-0.051405773 -0.21844375 0.47700003
-0.043093428 -0.21867272 0.47750002
-0.03494538 -0.22004658 0.48050001
-0.0266094 -0.22073352 0.48200002
-0.018183172 -0.22096249 0.48250002
-0.0097847907 -0.22222187 0.48525003
-0.0012867401 -0.22290879 0.48675004
0.0072936271 -0.22451164 0.49025002
0.015923744 -0.22508407 0.49150002
0.024647584 -0.22611448 0.49375004
0.033416547 -0.2269159 0.49550003
0.042310555 -0.22806077 0.49800003
0.051240921 -0.22897667 0.5
0.060331382 -0.23023605 0.50275004
0.069621347 -0.23183888 0.50625002
0.078762621 -0.2326403 0.50800002
0.088267215 -0.23424312 0.5115
0.097561814 -0.23504457 0.51325005
0.10743674 -0.23699087 0.51750004
0.1168415 -0.2376778 0.51900005
0 -0 0
0 -0 0
0 -0 0
0 -0 0
0 -0 0
0.19699621 -0.27316919 0.59650004
0 -0 0
0 -0 0
0 -0 0
0 -0 0
0 -0 0
0 -0 0
0 -0 0
0 -0 0
0 -0 0
0 -0 0
0 -0 0
0 -0 0
0 -0 0
0 -0 0
0 -0 0
0 -0 0
0 -0 0
0 -0 0
0 -0 0
0 -0 0
-0.33010769 -0.20671904 0.46925002
-0.32137156 -0.20638864 0.46850002
-0.31048927 -0.20462652 0.46450001
-0.3021881 -0.20451638 0.46425003
-0.29342061 -0.20407584 0.46325001
-0.28453422 -0.20352519 0.46200001
-0.27599078 -0.20319478 0.46125001
-0.26732844 -0.20275426 0.46025002
-0.2585603 -0.2022036 0.45900002
-0.25024533 -0.20198333 0.45850003
-0.24207993 -0.2018732 0.45825002
-0.23430635 -0.20209345 0.45875001
-0.22663856 -0.20242386 0.45950001
-0.21870664 -0.20253399 0.45975003
-0.21065141 -0.20253399 0.45975003
-0.20193517 -0.2018732 0.45825002
-0.194012 -0.20198333 0.45850003
-0.18658711 -0.20264412 0.46000001
-0.1789156 -0.20308466 0.46100003
-0.17130169 -0.20363532 0.46225002
-0.16355571 -0.20407584 0.46325001
-0.15560694 -0.20429613 0.46375003
-0.14779964 -0.20473665 0.46475002
-0.1396568 -0.20473665 0.46475002
-0.13165547 -0.2049569 0.46525002
-0.12396841 -0.20572783 0.46700001
-0.11615805 -0.20638864 0.46850002
-0.10846795 -0.20737983 0.47075003
-0.10048611 -0.20793051 0.47200003
-0.092411615 -0.20837103 0.47300002
-0.08430209 -0.20881157 0.47400004
-0.076197594 -0.20936222 0.47525004
-0.068085007 -0.21002302 0.47675002
-0.059919849 -0.21068381 0.47825003
-0.051567424 -0.21079394 0.47850001
-0.043386735 -0.21178514 0.48075002
-0.035018109 -0.21211554 0.48150003
-0.026650805 -0.2126662 0.48275003
-0.018258542 -0.21343713 0.48450002
-0.009809996 -0.21431819 0.48650002
-0.0012893835 -0.21486886 0.48775002
0.0073010656 -0.21619044 0.49075001
0.015956143 -0.21696138 0.49250004
0.024647584 -0.21751204 0.49375004
0.033568285 -0.21927416 0.49775001
0.042416755 -0.21993496 0.49925002
0.051343407 -0.2207059 0.50100005
0.060391378 -0.22169708 0.50325
0.069758862 -0.2234592 0.50725001
0.078917667 -0.22423013 0.509
0.088353507 -0.22555172 0.51200002
0.097751901 -0.22654292 0.51425004
0.10759245 -0.22830506 0.51825005
0.11701034 -0.22896582 0.51975
0.12672344 -0.23006715 0.52225
0.13665424 -0.23138875 0.52525002
0.14682901 -0.2329306 0.52875
0 -0 0
0 -0 0
0 -0 0
0 -0 0
0 -0 0
0 -0 0
0 -0 0
0 -0 0
0 -0 0
0 -0 0
0 -0 0
0 -0 0
0 -0 0
0 -0 0
0 -0 0
0 -0 0
0 -0 0
0 -0 0
0 -0 0
0 -0 0
0 -0 0
0 -0 0
0 -0 0
-0.33045945 -0.198755 0.46975002
-0.32240048 -0.19886078 0.47000003
-0.31316304 -0.19822611 0.46850002
-0.3033272 -0.19716834 0.46600002
-0.29342061 -0.19600479 0.46325001
-0.28422627 -0.19526435 0.46150002
-0.27554202 -0.19484125 0.46050003
-0.26732844 -0.19473547 0.46025002
-0.25898278 -0.19452392 0.45975003
-0.251064 -0.19462968 0.46000001
-0.2430044 -0.19462968 0.46000001
-0.23507248 -0.19473547 0.46025002
-0.22663856 -0.19441813 0.45950001
-0.21894449 -0.19473547 0.46025002
-0.2108805 -0.19473547 0.46025002
-0.20248601 -0.19441813 0.45950001
-0.19443515 -0.19441813 0.45950001
-0.18658711 -0.19462968 0.46000001
-0.17901263 -0.19515857 0.46125001
-0.17176493 -0.19611058 0.46350002
-0.16390878 -0.19642791 0.46425003
-0.15602638 -0.19674525 0.46500003
-0.14803816 -0.19695678 0.46550003
-0.13988218 -0.19695678 0.46550003
-0.13215066 -0.19759144 0.46700001
-0.1241675 -0.19790877 0.46775001
-0.11615805 -0.19822611 0.46850002
-0.10858316 -0.19938967 0.47125003
-0.10059256 -0.19991855 0.47250003
-0.092558146 -0.20044743 0.47375003
-0.084346548 -0.20065898 0.47425002
-0.076237671 -0.20118786 0.47550002
-0.068049304 -0.20161098 0.47650003
-0.059951168 -0.20245719 0.47850001
-0.051756021 -0.20319763 0.48025003
-0.043431856 -0.20362073 0.48125002
-0.035018109 -0.20372652 0.48150003
-0.026678408 -0.20446695 0.48325002
-0.018296229 -0.20541896 0.48550004
-0.0098200776 -0.20605361 0.48700002
-0.001292688 -0.20689982 0.48900002
0.0073122238 -0.2079576 0.49150002
0.01598854 -0.20880382 0.49350002
0.024722463 -0.20954426 0.49525002
0.033585146 -0.2107078 0.49800003
0.042459235 -0.21144824 0.49975002
0.051497124 -0.21261178 0.5025
0.060541384 -0.213458 0.50450003
0.069896385 -0.21504465 0.50825
0.079072714 -0.2157851 0.51000005
0.088569216 -0.21716021 0.51325005
0.098037027 -0.21821798 0.51575005
0.10780005 -0.21969885 0.51925004
0.11740432 -0.22065085 0.52150005
0.12708741 -0.22160283 0.52375001
0.13723962 -0.22318949 0.52750003
0.14696786 -0.22392993 0.52925003
0.15720025 -0.22530502 0.53250003
0.16739014 -0.22646856 0.53525001
0.17850202 -0.22868989 0.54050004
0 -0 0
0 -0 0
0 -0 0
0 -0 0
0 -0 0
0 -0 0
0 -0 0
0 -0 0
0 -0 0
0 -0 0
0 -0 0
0 -0 0
0 -0 0
0 -0 0
0 -0 0
0 -0 0
0 -0 0
0 -0 0
0 -0 0
0 -0 0
-0.33116293 -0.19097638 0.47075003
-0.32240048 -0.19067211 0.47000003
-0.31216037 -0.18945506 0.46700001
-0.30235082 -0.18844084 0.46450001
-0.29357895 -0.18803516 0.46350002
-0.28438026 -0.18732521 0.46175003
-0.27599078 -0.18712236 0.46125001
-0.26761883 -0.18691953 0.46075001
-0.25926444 -0.18671669 0.46025002
-0.251064 -0.18661526 0.46000001
-0.24326855 -0.18681811 0.46050003
-0.23520017 -0.18681811 0.46050003
-0.22663856 -0.18641242 0.45950001
-0.21882555 -0.18661526 0.46000001
-0.2108805 -0.18671669 0.46025002
-0.20292668 -0.18681811 0.46050003
-0.1947525 -0.18671669 0.46025002
-0.18699275 -0.18702094 0.46100003
-0.17949776 -0.18762948 0.46250004
-0.17195021 -0.18823799 0.46400002
-0.16408531 -0.18854226 0.46475002
-0.15611026 -0.18874511 0.46525002
-0.14859469 -0.18955648 0.46725002
-0.14048317 -0.18965791 0.46750003
-0.13243365 -0.18986075 0.46800002
-0.1243666 -0.19006358 0.46850002
-0.11652996 -0.19067211 0.47000003
-0.10864076 -0.19128063 0.47150001
-0.10064578 -0.19178775 0.47275001
-0.092558146 -0.19219343 0.47375003
-0.084435478 -0.19259912 0.47475001
-0.076277763 -0.19300482 0.47575003
-0.068192117 -0.19371475 0.47750002
-0.06007646 -0.19452614 0.47950003
-0.051836848 -0.19513465 0.48100004
-0.043522105 -0.19564177 0.48225003
-0.035163563 -0.19614887 0.48350003
-0.026775017 -0.19675739 0.48500001
-0.018333912 -0.19736592 0.48650002
-0.0098301601 -0.19777161 0.48750001
-0.0012953314 -0.19878581 0.49000001
0.0073196623 -0.19959719 0.49200001
0.01601284 -0.20051 0.49425003
0.024784861 -0.20142278 0.49650002
0.033602007 -0.20213273 0.49825004
0.042607915 -0.2034512 0.50150001
0.051676475 -0.20456685 0.50425005
0.06075139 -0.2053782 0.50625002
0.069862008 -0.20608816 0.50800002
0.07915023 -0.20710237 0.51050001
0.088784918 -0.20872511 0.51450002
0.098322146 -0.20984074 0.51725
0.10795575 -0.21095639 0.52000004
0.11762945 -0.2119706 0.52250004
0.12739074 -0.21298482 0.52500004
0.13743475 -0.2143033 0.52825004
0.14738441 -0.2153175 0.53075004
0.15771686 -0.2167374 0.53425002
0.16770288 -0.21754879 0.53625005
0.17841944 -0.21917151 0.54025
0.18901539 -0.22048998 0.54350001
0.19935991 -0.22140278 0.54575002
0 -0 0
0 -0 0
0 -0 0
0 -0 0
0 -0 0
0 -0 0
0 -0 0
0 -0 0
0 -0 0
0 -0 0
0 -0 0
0 -0 0
0 -0 0
0 -0 0
0 -0 0
0 -0 0
0 -0 0
0 -0 0
-0.33133879 -0.18287171 0.47100002
-0.32257196 -0.18258052 0.47025001
-0.31165904 -0.18102747 0.46625003
-0.3021881 -0.18025096 0.46425003
-0.29389566 -0.18015388 0.46400002
-0.28468817 -0.17947443 0.46225002
-0.27673873 -0.17957149 0.46250004
-0.26819968 -0.1792803 0.46175003
-0.25926444 -0.1786979 0.46025002
-0.25092757 -0.17850377 0.45975003
-0.24287234 -0.17850377 0.45975003
-0.23507248 -0.1786979 0.46025002
-0.2271318 -0.17879497 0.46050003
-0.21930127 -0.1789891 0.46100003
-0.21110959 -0.17889203 0.46075001
-0.20303683 -0.17889203 0.46075001
-0.19517565 -0.17908615 0.46125001
-0.18749978 -0.17947443 0.46225002
-0.17978883 -0.17986268 0.46325001
-0.17204286 -0.18025096 0.46425003
-0.16426183 -0.18063921 0.46525002
-0.15636191 -0.18093041 0.46600002
-0.14835617 -0.18112454 0.46650001
-0.14063342 -0.18170694 0.46800002
-0.13257514 -0.18190107 0.46850002
-0.12483115 -0.18258052 0.47025001
-0.11677789 -0.18287171 0.47100002
-0.10869837 -0.18316291 0.47175002
-0.1009119 -0.18403651 0.47400004
-0.092802361 -0.18442477 0.47500002
-0.084568866 -0.18461891 0.47550002
-0.076357923 -0.1849101 0.47625002
-0.068192117 -0.18539543 0.47750002
-0.060139105 -0.18636608 0.48000002
-0.051890731 -0.18694848 0.48150003
-0.043589789 -0.18753088 0.48300001
-0.035218105 -0.18801619 0.48425001
-0.026830224 -0.18869567 0.48600003
-0.01838102 -0.18937512 0.48775002
-0.0098654479 -0.18995751 0.48925003
-0.0012966533 -0.19044285 0.49050003
0.0073345401 -0.19141351 0.49300003
0.016045237 -0.19228709 0.49525002
0.024797341 -0.19286948 0.49675003
0.033568285 -0.19325775 0.49775001
0.042650398 -0.19490787 0.50200003
0.051727712 -0.19597559 0.50475001
0.060871392 -0.19694623 0.50725001
0.0700683 -0.19781983 0.50950003
0.07946033 -0.19898464 0.51250005
0.089043766 -0.20034355 0.51600003
0.098464713 -0.20112006 0.51800001
0.10821526 -0.20238191 0.52125001
0.1180797 -0.20364377 0.52450001
0.12769404 -0.20432323 0.52625
0.13762988 -0.20539096 0.52900004
0.14787036 -0.20674987 0.53250003
0.15823348 -0.2081088 0.53600001
0.16832833 -0.20898239 0.53825003
0.17883228 -0.21024424 0.54150003
0.19005871 -0.21218555 0.54650003
0.2004558 -0.21305916 0.54875004
0.21083601 -0.21383567 0.55075002
0.22308785 -0.21635938 0.55725002
0.23400047 -0.21742709 0.56
0 -0 0
0 -0 0
0 -0 0
0 -0 0
0 -0 0
0 -0 0
0 -0 0
0 -0 0
0 -0 0
0 -0 0
0 -0 0
0 -0 0
0 -0 0
0 -0 0
0 -0 0
-0.33221814 -0.17512919 0.47225001
-0.32342941 -0.17485106 0.47150001
-0.31282881 -0.17355312 0.46800002
-0.30267629 -0.1724406 0.46500003
-0.29389566 -0.17206976 0.46400002
-0.28499612 -0.17160621 0.46275002
-0.27688831 -0.17160621 0.46275002
-0.26747364 -0.17077182 0.46050003
-0.25940529 -0.17077182 0.46050003
-0.25147337 -0.17086452 0.46075001
-0.24313647 -0.17067911 0.46025002
-0.23520017 -0.17077182 0.46050003
-0.22725509 -0.17086452 0.46075001
-0.21930127 -0.17095724 0.46100003
-0.21133868 -0.17104994 0.46125001
-0.20336734 -0.17114265 0.46150002
-0.1955988 -0.1714208 0.46225002
-0.18770258 -0.17160621 0.46275002
-0.18007991 -0.17206976 0.46400002
-0.17222816 -0.17234789 0.46475002
-0.16452664 -0.17281143 0.46600002
-0.15661357 -0.17308958 0.46675003
-0.14851518 -0.17318228 0.46700001
-0.14078367 -0.17373854 0.46850002
-0.13278738 -0.17401667 0.46925002
-0.12489751 -0.17448021 0.47050002
-0.11690186 -0.17485106 0.47150001
-0.10887118 -0.17522191 0.47250003
-0.10101835 -0.17596358 0.47450003
-0.092948891 -0.17642713 0.47575003
-0.084746718 -0.17670527 0.47650003
-0.076518252 -0.17698339 0.47725001
-0.068263516 -0.17726152 0.47800002
-0.060201749 -0.17818862 0.48050001
-0.051944617 -0.17874488 0.48200002
-0.043589789 -0.17911571 0.48300001
-0.035236288 -0.17967197 0.48450002
-0.026857827 -0.18041366 0.48650002
-0.018399863 -0.18106262 0.48825002
-0.0098805707 -0.1817116 0.49000001
-0.0012979751 -0.18208244 0.49100003
0.0073531368 -0.18328767 0.49425003
0.016061436 -0.18384393 0.49575001
0.024872221 -0.18477103 0.49825004
0.033686306 -0.18523459 0.49950004
0.042671636 -0.18625438 0.50225002
0.051830191 -0.18755232 0.50575
0.060901396 -0.18820131 0.50750005
0.0702402 -0.18940651 0.51075
0.079654127 -0.19051905 0.51375002
0.08917319 -0.19163157 0.51675004
0.098607279 -0.19237325 0.51875001
0.10821526 -0.19330035 0.52125001
0.11819227 -0.194691 0.52500004
0.12811868 -0.19580351 0.528
0.13789006 -0.1965452 0.53000003
0.14787036 -0.1974723 0.53250003
0.1583073 -0.19886295 0.53625005
0.16871925 -0.20006818 0.5395
0.17949277 -0.20155153 0.54350001
0.19031954 -0.20294219 0.54725003
0.20100376 -0.20405471 0.55025005
0.21227159 -0.20563079 0.55450004
0.22368835 -0.20720686 0.55875003
0.2345228 -0.20813395 0.56125003
0.24566254 -0.20924649 0.56425005
0.25702062 -0.21045171 0.56750005
0.26931584 -0.2123059 0.57250005
0 -0 0
0 -0 0
0 -0 0
0 -0 0
0 -0 0
0 -0 0
0 -0 0
0 -0 0
0 -0 0
0 -0 0
0 -0 0
0 -0 0
-0.33151466 -0.16654792 0.47125003
-0.32291496 -0.16637123 0.47075003
-0.31216037 -0.1650459 0.46700001
-0.30251354 -0.16425072 0.46475002
-0.29437071 -0.16425072 0.46475002
-0.28561199 -0.16389731 0.46375003
-0.27658916 -0.16336717 0.46225002
-0.26790926 -0.16301376 0.46125001
-0.25982773 -0.16301376 0.46125001
-0.25174627 -0.16301376 0.46125001
-0.24379681 -0.16310211 0.46150002
-0.23558322 -0.16301376 0.46125001
-0.2273784 -0.16292541 0.46100003
-0.21965805 -0.16319047 0.46175003
-0.21202597 -0.16354388 0.46275002
-0.20391817 -0.16354388 0.46275002
-0.19581036 -0.16354388 0.46275002
-0.18831103 -0.164074 0.46425003
-0.18037099 -0.16425072 0.46475002
-0.17241344 -0.16442741 0.46525002
-0.16487969 -0.1650459 0.46700001
-0.15678133 -0.16513425 0.46725002
-0.1487537 -0.16531096 0.46775001
-0.1408588 -0.16566439 0.46875003
-0.13299961 -0.16610616 0.47000003
-0.12516296 -0.16663627 0.47150001
-0.11721178 -0.16707805 0.47275001
-0.1092744 -0.16760817 0.47425002
-0.10117802 -0.1679616 0.47525004
-0.092997737 -0.16822666 0.47600001
-0.084880106 -0.16866843 0.47725001
-0.076718666 -0.16911019 0.47850001
-0.068442032 -0.16937527 0.47925001
-0.060327042 -0.17017046 0.48150003
-0.052025445 -0.17061223 0.48275003
-0.043657478 -0.17096564 0.48375002
-0.035290834 -0.17149577 0.48525003
-0.026913034 -0.17229095 0.48750001
-0.018428126 -0.17282109 0.48900002
-0.0099007357 -0.17352793 0.49100003
-0.0013012794 -0.17396969 0.49225003
0.0073717334 -0.1751183 0.49550003
0.016118133 -0.17582513 0.49750003
0.02492214 -0.17644362 0.49925002
0.033821184 -0.17723879 0.50150001
0.042799078 -0.17803399 0.50375003
0.051855817 -0.17882919 0.50600004
0.061081395 -0.17988943 0.509
0.070308961 -0.18068463 0.51125002
0.079886697 -0.1820983 0.51525003
0.089432046 -0.18315855 0.51825005
0.09898746 -0.1840421 0.52075005
0.10857857 -0.18483727 0.523
0.11852996 -0.18607424 0.52650005
0.12817934 -0.18669271 0.52825004
0.13802014 -0.18748792 0.53050005
0.14807862 -0.18845981 0.53325003
0.15889771 -0.1902269 0.53825003
0.1695011 -0.19155222 0.54200006
0.18015328 -0.19278917 0.54550004
0.19118898 -0.19429119 0.54975003
0.2012777 -0.19473295 0.551
0.2125587 -0.19623499 0.55525005
0.2238885 -0.19764864 0.55925
0.23514959 -0.19888562 0.56275004
0.24675098 -0.20029929 0.56675005
0.25781322 -0.20118284 0.56925005
0.26966867 -0.2025965 0.57325006
0.28117633 -0.20365675 0.57625002
0.29241005 -0.20445193 0.57850003
0.30463785 -0.20586561 0.58250004
0.31578961 -0.20648409 0.58425003
0 -0 0
0 -0 0
0 -0 0
0 -0 0
0 -0 0
0 -0 0
0 -0 0
0 -0 0
-0.33204228 -0.1585895 0.47200003
-0.32342941 -0.15842149 0.47150001
-0.31232747 -0.15699351 0.46725002
-0.30235082 -0.15606952 0.46450001
-0.29421234 -0.15606952 0.46450001
-0.28576595 -0.15590152 0.46400002
-0.27614036 -0.15506154 0.46150002
-0.26805449 -0.15506154 0.46150002
-0.25996858 -0.15506154 0.46150002
-0.25174627 -0.15497755 0.46125001
-0.24406095 -0.15522954 0.46200001
-0.23583861 -0.15514554 0.46175003
-0.22774833 -0.15514554 0.46175003
-0.22025268 -0.15556554 0.46300003
-0.21225506 -0.15564953 0.46325001
-0.20435885 -0.15581754 0.46375003
-0.19644509 -0.15598553 0.46425003
-0.18851383 -0.15615353 0.46475002
-0.18056504 -0.15632153 0.46525002
-0.17296931 -0.15682551 0.46675003
-0.16514449 -0.1571615 0.46775001
-0.15711688 -0.15732951 0.46825004
-0.14915122 -0.15758149 0.46900001
-0.14123443 -0.1579175 0.47000003
-0.13342407 -0.15842149 0.47150001
-0.12542842 -0.15875749 0.47250003
-0.11721178 -0.15884148 0.47275001
-0.10915919 -0.15917748 0.47375003
-0.10128447 -0.15984946 0.47575003
-0.093144268 -0.16018546 0.47675002
-0.085102424 -0.16077344 0.47850001
-0.076879002 -0.16110945 0.47950003
-0.068620548 -0.16144544 0.48050001
-0.06035836 -0.16186543 0.48175001
-0.05213321 -0.16253743 0.48375002
-0.043770287 -0.16295741 0.48500001
-0.035381742 -0.16346142 0.48650002
-0.026968241 -0.1641334 0.48850003
-0.018484654 -0.1648054 0.49050003
-0.0099309823 -0.16547738 0.49250004
-0.0013052447 -0.16589737 0.49375004
0.0073791719 -0.16665336 0.49600002
0.016134333 -0.16732535 0.49800003
0.024972059 -0.16808134 0.50025004
0.033871766 -0.16875333 0.50225002
0.042884037 -0.1695933 0.50475001
0.051907055 -0.1701813 0.50650001
0.061171398 -0.17127328 0.50975001
0.070412107 -0.17202927 0.51200002
0.079886697 -0.17312126 0.51525003
0.089302614 -0.17387725 0.51750004
0.0990825 -0.17513722 0.52125001
0.10899379 -0.1763972 0.52500004
0.11864252 -0.17706919 0.52700001
0.12836133 -0.17774118 0.52900004
0.13860552 -0.17900115 0.53275001
0.14884228 -0.18009314 0.53600001
0.15919292 -0.18118513 0.53925002
0.16997017 -0.1826131 0.54350001
0.1803184 -0.18345308 0.546
0.19058038 -0.18412508 0.54800004
0.20191699 -0.18572107 0.55275005
0.21332432 -0.18723303 0.55725002
0.22448902 -0.18840902 0.56075001
0.23619424 -0.18992099 0.56525004
0.24740402 -0.19092897 0.56825
0.25860578 -0.19185297 0.57100004
0.27096233 -0.19353294 0.57600003
0.28178626 -0.19403693 0.57750005
0.29329461 -0.19496091 0.58025002
0.30489931 -0.19588488 0.583
0.31470859 -0.19563289 0.58225
0.32783979 -0.19739687 0.58750004
0 -0 0
0 -0 0
0 -0 0
0 -0 0
0 -0 0
0 -0 0
0 -0 0
-0.332394 -0.15052527 0.47250003
-0.32257196 -0.14980848 0.47025001
-0.31282881 -0.14909169 0.46800002
-0.30316445 -0.1483749 0.46575001
-0.29421234 -0.1479767 0.46450001
-0.28545803 -0.14765812 0.46350002
-0.27703792 -0.14749883 0.46300003
-0.26849011 -0.14725991 0.46225002
-0.26025024 -0.14718026 0.46200001
-0.2521556 -0.14718026 0.46200001
-0.24406095 -0.14718026 0.46200001
-0.23583861 -0.14710063 0.46175003
-0.22799493 -0.14725991 0.46225002
-0.22025268 -0.14749883 0.46300003
-0.21225506 -0.14757848 0.46325001
-0.204469 -0.1478174 0.46400002
-0.19665666 -0.14805634 0.46475002
-0.18851383 -0.14805634 0.46475002
-0.18066207 -0.14829527 0.46550003
-0.17306195 -0.14877312 0.46700001
-0.16514449 -0.14901204 0.46775001
-0.15728465 -0.14933063 0.46875003
-0.14946924 -0.14972883 0.47000003
-0.14168516 -0.1502067 0.47150001
-0.1337778 -0.1506049 0.47275001
-0.12556115 -0.15068455 0.47300002
-0.11745972 -0.15092349 0.47375003
-0.10933201 -0.15116242 0.47450003
-0.10144414 -0.15179956 0.47650003
-0.093339644 -0.15219778 0.47775003
-0.085191354 -0.152596 0.47900003
-0.076999255 -0.1529942 0.48025003
-0.06876336 -0.15339242 0.48150003
-0.060483653 -0.15379064 0.48275003
-0.052240983 -0.15442778 0.48475003
-0.043860536 -0.154826 0.48600003
-0.035509016 -0.15554278 0.48825002
-0.027037248 -0.15602064 0.48975003
-0.018512918 -0.15649851 0.49125004
-0.0099360235 -0.15697636 0.49275002
-0.0013065665 -0.15745421 0.49425003
0.0073791719 -0.1580117 0.49600002
0.016142434 -0.15872851 0.49825004
0.024984539 -0.15944529 0.50050002
0.033871766 -0.16000278 0.50225002
0.042969 -0.16111778 0.50575
0.05203516 -0.16175494 0.50775003
0.061171398 -0.16239206 0.50975001
0.070584014 -0.16350709 0.51325005
0.080041736 -0.16446279 0.51625001
0.08956147 -0.16533887 0.51900005
0.099177547 -0.16621494 0.52175003
0.10888998 -0.16709101 0.52450001
0.11869881 -0.1679671 0.52725005
0.12860398 -0.16884317 0.53000003
0.13867056 -0.16979888 0.53300005
0.14877285 -0.17067495 0.53575003
0.15941432 -0.17202888 0.54000002
0.17004837 -0.17322353 0.54375005
0.18064867 -0.17425889 0.54700005
0.19084121 -0.17481638 0.54875004
0.20209962 -0.17624995 0.55325001
0.21389854 -0.1780021 0.55875003
0.22548985 -0.17943567 0.56325001
0.23619424 -0.18007283 0.56525004
0.24762173 -0.18118782 0.56875002
0.25883222 -0.18206389 0.5715
0.27084473 -0.18341784 0.57575005
0.28203022 -0.18413462 0.57800001
0.29316825 -0.18477176 0.58000004
0.30503008 -0.18580712 0.58325005
0.31497884 -0.18564783 0.58275002
0 -0 0
0 -0 0
0 -0 0
0 -0 0
0 -0 0
0 -0 0
0 -0 0
0 -0 0
-0.33169052 -0.1419919 0.47150001
-0.321886 -0.14131431 0.46925002
-0.31282881 -0.14093788 0.46800002
-0.30430359 -0.14078732 0.46750003
-0.29484576 -0.14018501 0.46550003
-0.28530404 -0.13950743 0.46325001
-0.27703792 -0.13943213 0.46300003
-0.26849011 -0.13920628 0.46225002
-0.26067272 -0.13935685 0.46275002
-0.2524285 -0.13928157 0.46250004
-0.24432509 -0.13928157 0.46250004
-0.23596628 -0.13913098 0.46200001
-0.22811826 -0.13928157 0.46250004
-0.22025268 -0.13943213 0.46300003
-0.2125987 -0.13973328 0.46400002
-0.20468932 -0.13988386 0.46450001
-0.19697402 -0.14018501 0.46550003
-0.18902086 -0.14033559 0.46600002
-0.18105017 -0.14048615 0.46650001
-0.17324726 -0.14078732 0.46750003
-0.1654093 -0.14108846 0.46850002
-0.15745242 -0.14131431 0.46925002
-0.14954875 -0.14161547 0.47025001
-0.14168516 -0.1419919 0.47150001
-0.1337778 -0.14236833 0.47275001
-0.12569389 -0.1425942 0.47350001
-0.11764567 -0.14289536 0.47450003
-0.10962003 -0.14327179 0.47575003
-0.10155058 -0.14364822 0.47700003
-0.093486167 -0.14409995 0.47850001
-0.08545813 -0.14470224 0.48050001
-0.077119499 -0.14485283 0.48100004
-0.068799056 -0.14507869 0.48175001
-0.060546298 -0.1455304 0.48325002
-0.05226792 -0.14605741 0.48500001
-0.043905661 -0.14650914 0.48650002
-0.035509016 -0.14703615 0.48825002
-0.027009645 -0.1473373 0.48925003
-0.018541181 -0.14816546 0.49200001
-0.0099410648 -0.14846662 0.49300003
-0.0013085492 -0.14906892 0.49500003
0.0073903301 -0.14959593 0.49675003
0.016182931 -0.15042409 0.49950004
0.024997016 -0.15080051 0.50075001
0.033922344 -0.15147811 0.50300002
0.042969 -0.15230626 0.50575
0.052112021 -0.15313444 0.50850004
0.0612914 -0.15381201 0.51075
0.070824675 -0.15509191 0.51500005
0.080119267 -0.15561892 0.51675004
0.089734033 -0.15659766 0.52000004
0.099177547 -0.15712467 0.52175003
0.1091495 -0.15832926 0.52575004
0.11886764 -0.15900683 0.528
0.12878597 -0.15983501 0.53075004
0.13906081 -0.16096431 0.5345
0.14905053 -0.1616419 0.53675002
0.15963574 -0.16284649 0.54075003
0.17012654 -0.16382523 0.54400003
0.18081379 -0.16487925 0.54750001
0.19171065 -0.16600856 0.55125004
0.20255625 -0.1669873 0.55450004
0.21428135 -0.16856833 0.55975002
0.2251896 -0.16939649 0.5625
0.23692548 -0.17075166 0.56700003
0.24794827 -0.17150454 0.56950003
0.25939834 -0.17248328 0.57275003
0.27096233 -0.17346202 0.57600003
0.28264016 -0.17444074 0.57925004
0.29354736 -0.17489247 0.58075005
0.30542231 -0.17587121 0.58400005
0.31727597 -0.17677465 0.58700001
0 -0 0
0 -0 0
0 -0 0
0 -0 0
0 -0 0
0 -0 0
0 -0 0
0 -0 0
-0.33186638 -0.13384806 0.47175002
-0.32308644 -0.13363527 0.47100002
-0.31316304 -0.13292594 0.46850002
-0.30446631 -0.13271315 0.46775001
-0.29579583 -0.13250035 0.46700001
-0.28591993 -0.13172011 0.46425003
-0.27733707 -0.13150731 0.46350002
-0.26878053 -0.13129452 0.46275002
-0.26095438 -0.13143638 0.46325001
-0.2527014 -0.13136545 0.46300003
-0.24445714 -0.13129452 0.46275002
-0.23647705 -0.13136545 0.46300003
-0.22861147 -0.13150731 0.46350002
-0.22025268 -0.13136545 0.46300003
-0.2125987 -0.13164918 0.46400002
-0.20501983 -0.13200383 0.46525002
-0.19729139 -0.13228756 0.46625003
-0.18932508 -0.13242942 0.46675003
-0.18134125 -0.13257129 0.46725002
-0.17343254 -0.13278408 0.46800002
-0.16567409 -0.13313875 0.46925002
-0.15762019 -0.13328061 0.46975002
-0.14962825 -0.13349339 0.47050002
-0.14176029 -0.13384806 0.47175002
-0.13384855 -0.13420272 0.47300002
-0.12582661 -0.13448645 0.47400004
-0.11783163 -0.1348411 0.47525004
-0.10967763 -0.13505389 0.47600001
-0.10160381 -0.13540855 0.47725001
-0.09373039 -0.13611788 0.47975004
-0.08554706 -0.13647254 0.48100004
-0.077279828 -0.13675626 0.48200002
-0.068941869 -0.13696906 0.48275003
-0.060671587 -0.13739464 0.48425001
-0.052375693 -0.13789117 0.48600003
-0.043950781 -0.13817489 0.48700002
-0.035563562 -0.13874234 0.48900002
-0.027064851 -0.13909701 0.49025002
-0.018541181 -0.13959353 0.49200001
-0.0099662701 -0.14023191 0.49425003
-0.0013111926 -0.14072843 0.49600002
0.0074089267 -0.14129588 0.49800003
0.016207229 -0.14193428 0.50025004
0.025084374 -0.14257264 0.5025
0.034006648 -0.14306918 0.50425005
0.043011479 -0.14363663 0.50625002
0.052188884 -0.14448781 0.50925004
0.0613814 -0.14512619 0.5115
0.070721537 -0.14590645 0.51425004
0.080158025 -0.14668669 0.51700002
0.089777172 -0.1476088 0.52025002
0.099272579 -0.14817625 0.52225
0.109409 -0.14952396 0.52700001
0.11926163 -0.15030421 0.52975005
0.12921061 -0.15108445 0.53250003
0.13932098 -0.15193564 0.53550005
0.14946708 -0.15271589 0.53825003
0.16000476 -0.15377986 0.54200006
0.17012654 -0.15434732 0.54400003
0.18097892 -0.15548222 0.54800004
0.19214535 -0.15675898 0.55250001
0.20319551 -0.15782297 0.55625004
0.21389854 -0.15853228 0.55875003
0.22589022 -0.16009279 0.56425005
0.23713443 -0.1610149 0.56750005
0.24849248 -0.161937 0.57075
0.26007771 -0.16293004 0.57425004
0.27143273 -0.1637103 0.57700002
0.28361604 -0.16491613 0.58125001
0.29430553 -0.16519985 0.58225
0.30581456 -0.16590919 0.58475006
0.31605986 -0.16590919 0.58475006
0 -0 0
0 -0 0
0 -0 0
0 -0 0
0 -0 0
0 -0 0
0 -0 0
0 -0 0
-0.33256987 -0.12589522 0.47275001
-0.32360092 -0.12562892 0.47175002
-0.31316304 -0.12476342 0.46850002
-0.30430359 -0.12449712 0.46750003
-0.29532081 -0.12416424 0.46625003
-0.2865358 -0.12389793 0.46525002
-0.27778587 -0.12363163 0.46425003
-0.26936135 -0.12349848 0.46375003
-0.26123604 -0.12349848 0.46375003
-0.2529743 -0.12343191 0.46350002
-0.24472128 -0.12336533 0.46325001
-0.23673241 -0.12343191 0.46350002
-0.2291047 -0.1236982 0.46450001
-0.22060947 -0.12349848 0.46375003
-0.21282779 -0.1236982 0.46450001
-0.20557067 -0.12423082 0.46650001
-0.19739716 -0.12423082 0.46650001
-0.18922368 -0.12423082 0.46650001
-0.18124422 -0.12436397 0.46700001
-0.1735252 -0.12469685 0.46825004
-0.16585061 -0.12509631 0.46975002
-0.15795574 -0.1253626 0.47075003
-0.14994627 -0.12556233 0.47150001
-0.14198567 -0.12582864 0.47250003
-0.13399003 -0.12609494 0.47350001
-0.12595934 -0.12636125 0.47450003
-0.11807956 -0.12682728 0.47625002
-0.10990804 -0.127027 0.47700003
-0.10176347 -0.1272933 0.47800002
-0.09373039 -0.12775935 0.47975004
-0.08545813 -0.12795907 0.48050001
-0.077279828 -0.12835853 0.48200002
-0.069084682 -0.12882456 0.48375002
-0.060796879 -0.12922402 0.48525003
-0.05245652 -0.12962347 0.48675004
-0.044108715 -0.13015607 0.48875001
-0.035618108 -0.13042238 0.48975003
-0.027120057 -0.13082184 0.49125004
-0.018560026 -0.13115472 0.49250004
-0.0099864341 -0.13188705 0.49525002
-0.0013131753 -0.13228652 0.49675003
0.0074126464 -0.13268597 0.49825004
0.016231528 -0.13341831 0.50100005
0.025146775 -0.13415064 0.50375003
0.034090944 -0.13461667 0.50550002
0.043181401 -0.13534901 0.50825
0.052240118 -0.13574846 0.50975001
0.06150141 -0.13648081 0.51250005
0.07085906 -0.13721314 0.51525003
0.080468118 -0.13821179 0.51900005
0.089992881 -0.13887754 0.52150005
0.09960524 -0.13954329 0.52400005
0.10951281 -0.14047536 0.52750003
0.11943047 -0.14127427 0.53050005
0.12939259 -0.14200661 0.53325003
0.13971123 -0.14300524 0.537
0.14974476 -0.14360443 0.53925002
0.16000476 -0.14433677 0.54200006
0.1703611 -0.14506911 0.54475003
0.18130916 -0.1462009 0.54900002
0.19258007 -0.14746584 0.55375004
0.20356081 -0.14839791 0.55725002
0.21447277 -0.14919682 0.56025004
0.22619045 -0.15046175 0.565
0.23797013 -0.15166013 0.56950003
0.24914555 -0.15239246 0.57225001
0.26030412 -0.15305822 0.57475001
0.2710799 -0.15345767 0.57625002
0.28264016 -0.1542566 0.57925004
0.29329461 -0.1545229 0.58025002
0.30542231 -0.15552154 0.58400005
0.31619498 -0.15578784 0.58500004
0 -0 0
0 -0 0
0 -0 0
0 -0 0
0 -0 0
0 -0 0
0 -0 0
0 -0 0
-0.332394 -0.11759643 0.47250003
-0.32308644 -0.1172231 0.47100002
-0.31299594 -0.11653868 0.46825004
-0.30430359 -0.11635202 0.46750003
-0.29579583 -0.11622757 0.46700001
-0.28684375 -0.11591648 0.46575001
-0.27793545 -0.11560537 0.46450001
-0.26965177 -0.11554316 0.46425003
-0.2615177 -0.11554316 0.46425003
-0.25338364 -0.11554316 0.46425003
-0.24511749 -0.11548093 0.46400002
-0.23698778 -0.11548093 0.46400002
-0.2291047 -0.11560537 0.46450001
-0.2212041 -0.11572982 0.46500003
-0.21340053 -0.11591648 0.46575001
-0.20568083 -0.11616535 0.46675003
-0.19750296 -0.11616535 0.46675003
-0.1896293 -0.11635202 0.46750003
-0.18163233 -0.11647646 0.46800002
-0.17380312 -0.11672534 0.46900001
-0.16611542 -0.11709866 0.47050002
-0.15820737 -0.11734754 0.47150001
-0.1501848 -0.11753421 0.47225001
-0.14213592 -0.11772086 0.47300002
-0.13420227 -0.11803196 0.47425002
-0.12615843 -0.11828085 0.47525004
-0.11807956 -0.11852973 0.47625002
-0.10996564 -0.11877861 0.47725001
-0.1018167 -0.1190275 0.47825003
-0.093632698 -0.11927637 0.47925001
-0.085502595 -0.11964969 0.48075002
-0.077359997 -0.12008524 0.48250002
-0.069084682 -0.12039634 0.48375002
-0.060828201 -0.12083188 0.48550004
-0.052483462 -0.1212052 0.48700002
-0.044108715 -0.12164074 0.48875001
-0.035618108 -0.12188963 0.48975003
-0.02716146 -0.12244961 0.49200001
-0.018578868 -0.12269849 0.49300003
-0.0099914754 -0.1233207 0.49550003
-0.0013144971 -0.12375624 0.49725002
0.0074200849 -0.12412956 0.49875003
0.016255828 -0.12487621 0.50175005
0.025109336 -0.12518731 0.50300002
0.034107804 -0.12587172 0.50575
0.043202642 -0.12655616 0.50850004
0.052368224 -0.12717836 0.51100004
0.061651409 -0.12786278 0.51375002
0.071099721 -0.12867165 0.51700002
0.080584392 -0.12935606 0.51975
0.090208583 -0.13010271 0.52275002
0.099842846 -0.13072491 0.52525002
0.10961661 -0.13140933 0.528
0.11954303 -0.13215598 0.53100002
0.1295139 -0.13284039 0.53375
0.13990636 -0.13383593 0.53775001
0.15009189 -0.13452035 0.54050004
0.16007856 -0.1349559 0.54225004
0.17090838 -0.13601364 0.54650003
0.18130916 -0.13663584 0.54900002
0.19258007 -0.13781804 0.55375004
0.20365213 -0.13875133 0.5575
0.21495128 -0.13974686 0.56150001
0.22679095 -0.14099127 0.56650001
0.23807459 -0.14180014 0.56975001
0.24925442 -0.14248456 0.57250005
0.26075706 -0.14329343 0.57575005
0.27166796 -0.14372897 0.57750005
0.28288412 -0.14428894 0.57975
0.29481101 -0.14516003 0.58325005
0.30568379 -0.14547113 0.58450001
0 -0 0
0 -0 0
0 -0 0
0 -0 0
0 -0 0
0 -0 0
0 -0 0
0 -0 0
0 -0 0
-0.33169052 -0.10913275 0.47150001
-0.32274348 -0.10890129 0.47050002
-0.31282881 -0.10832264 0.46800002
-0.30446631 -0.10826478 0.46775001
-0.2959542 -0.10814905 0.46725002
-0.28730565 -0.10797545 0.46650001
-0.27868336 -0.10780186 0.46575001
-0.27037781 -0.107744 0.46550003
-0.26194018 -0.10762827 0.46500003
-0.25365654 -0.1075704 0.46475002
-0.24551369 -0.1075704 0.46475002
-0.23737085 -0.1075704 0.46475002
-0.22947462 -0.10768613 0.46525002
-0.22156087 -0.10780186 0.46575001
-0.21374416 -0.10797545 0.46650001
-0.20568083 -0.10803332 0.46675003
-0.19771452 -0.10814905 0.46725002
-0.18983211 -0.10832264 0.46800002
-0.18182638 -0.10843837 0.46850002
-0.17417371 -0.10878556 0.47000003
-0.16638021 -0.10907489 0.47125003
-0.15829127 -0.10919061 0.47175002
-0.15026429 -0.10936421 0.47250003
-0.1423613 -0.10965353 0.47375003
-0.13434376 -0.10988499 0.47475001
-0.12615843 -0.11000072 0.47525004
-0.11807956 -0.11023218 0.47625002
-0.11008086 -0.11057937 0.47775003
-0.10197637 -0.11086869 0.47900003
-0.093828075 -0.11115801 0.48025003
-0.08568044 -0.1115052 0.48175001
-0.077400081 -0.11173666 0.48275003
-0.069120385 -0.11202598 0.48400003
-0.060922164 -0.11254676 0.48625001
-0.052483462 -0.11272036 0.48700002
-0.044153843 -0.11324114 0.48925003
-0.035672653 -0.11353046 0.49050003
-0.027216669 -0.11410911 0.49300003
-0.018607132 -0.11428271 0.49375004
-0.0099813938 -0.11457203 0.49500003
-0.001315158 -0.11515068 0.49750003
0.0074349619 -0.11567146 0.49975002
0.016255828 -0.11613438 0.50175005
0.025121816 -0.11648156 0.50325
0.034175247 -0.11729167 0.50675005
0.043266363 -0.11787032 0.50925004
0.052470706 -0.11850683 0.51200002
0.061771411 -0.11914333 0.51475
0.071030959 -0.11954838 0.5165
0.080584392 -0.12030063 0.51975
0.090424292 -0.12128434 0.52400005
0.10022302 -0.12203658 0.52725005
0.10982423 -0.12244163 0.52900004
0.11954303 -0.12290454 0.53100002
0.1295139 -0.12354104 0.53375
0.13997142 -0.12452476 0.53800005
0.15030016 -0.125277 0.54125005
0.16022615 -0.12562418 0.54275
0.17106475 -0.12660788 0.54700005
0.18188711 -0.12747584 0.55075002
0.19275396 -0.12828594 0.55425
0.20374347 -0.12909606 0.55775005
0.21523839 -0.13013762 0.56225002
0.22639062 -0.13088986 0.56550002
0.23797013 -0.1318157 0.56950003
0.24968979 -0.13274154 0.57350004
0.26143637 -0.1336095 0.57725
0.27213836 -0.13389882 0.57850003
0.28337207 -0.13441962 0.58075005
0.29430553 -0.13476679 0.58225
0.30542231 -0.13517186 0.58400005
0 -0 0
0 -0 0
0 -0 0
0 -0 0
0 -0 0
0 -0 0
0 -0 0
0 -0 0
0 -0 0
-0.332394 -0.10113201 0.47250003
-0.32308644 -0.10081095 0.47100002
-0.31383148 -0.1004899 0.46950004
-0.30430359 -0.10006183 0.46750003
-0.29579583 -0.099954799 0.46700001
-0.28761357 -0.099954799 0.46700001
-0.27928174 -0.099901296 0.46675003
-0.27066824 -0.099740766 0.46600002
-0.262081 -0.099580243 0.46525002
-0.25352007 -0.099419713 0.46450001
-0.24551369 -0.099473223 0.46475002
-0.23762622 -0.099580243 0.46525002
-0.22959793 -0.099633753 0.46550003
-0.22167981 -0.099740766 0.46600002
-0.21385872 -0.099901296 0.46675003
-0.205791 -0.099954799 0.46700001
-0.19782031 -0.10006183 0.46750003
-0.19003493 -0.10027586 0.46850002
-0.18202043 -0.10038287 0.46900001
-0.17417371 -0.10059691 0.47000003
-0.16611542 -0.10070393 0.47050002
-0.15820737 -0.10091797 0.47150001
-0.15034379 -0.10118551 0.47275001
-0.14243641 -0.10145306 0.47400004
-0.13448524 -0.1017206 0.47525004
-0.1262248 -0.10177411 0.47550002
-0.11826551 -0.10209516 0.47700003
-0.11025367 -0.10241622 0.47850001
-0.10208282 -0.10263026 0.47950003
-0.093876913 -0.10284429 0.48050001
-0.085635982 -0.10305833 0.48150003
-0.077440158 -0.10337938 0.48300001
-0.06926319 -0.10380745 0.48500001
-0.060984813 -0.10418202 0.48675004
-0.052591231 -0.10444956 0.48800004
-0.044131279 -0.1046636 0.48900002
-0.035690833 -0.10503816 0.49075001
-0.027202867 -0.10546623 0.49275002
-0.018635394 -0.10584079 0.49450001
-0.010001558 -0.10616185 0.49600002
-0.0013158189 -0.10653641 0.49775001
0.0074312431 -0.10691097 0.49950004
0.016272025 -0.10749957 0.50225002
0.025171736 -0.10792765 0.50425005
0.034208965 -0.10856975 0.50725001
0.043308843 -0.10910484 0.50975001
0.052598812 -0.10985398 0.51325005
0.061951417 -0.11049607 0.51625001
0.071306013 -0.11097766 0.51850003
0.080972001 -0.11178029 0.52225
0.090553716 -0.11231539 0.52475005
0.10031806 -0.11295749 0.52775002
0.10992802 -0.11333205 0.52950001
0.11976816 -0.11386714 0.53200001
0.13012055 -0.11477681 0.53625005
0.14029662 -0.1154189 0.53925002
0.15078612 -0.11622154 0.54300004
0.16074279 -0.1165426 0.54450005
0.17169021 -0.11750575 0.54900002
0.18238249 -0.11820138 0.55225003
0.19301479 -0.11878996 0.55500001
0.20447405 -0.11980664 0.55975002
0.21533409 -0.12039524 0.5625
0.22709121 -0.12141191 0.56725001
0.23870137 -0.12226805 0.57125002
0.25034285 -0.12307069 0.57500005
0.26166284 -0.12365929 0.57775003
0.27225596 -0.12387332 0.57875001
0.28337207 -0.1243014 0.58075005
0.29405281 -0.12451544 0.58175004
0.30450708 -0.12462244 0.58225
0 -0 0
0 -0 0
0 -0 0
0 -0 0
0 -0 0
0 -0 0
0 -0 0
0 -0 0
0 -0 0
-0.332394 -0.092899784 0.47250003
-0.32325792 -0.09265402 0.47125003
-0.31399858 -0.092359096 0.46975002
-0.30462903 -0.092015028 0.46800002
-0.29547915 -0.091720104 0.46650001
-0.28715169 -0.091670953 0.46625003
-0.27868336 -0.091572642 0.46575001
-0.27037781 -0.091523498 0.46550003
-0.26222184 -0.091523498 0.46550003
-0.25338364 -0.091277726 0.46425003
-0.24551369 -0.091376036 0.46475002
-0.23788159 -0.091572642 0.46575001
-0.22984454 -0.091621801 0.46600002
-0.22167981 -0.091621801 0.46600002
-0.21385872 -0.091769263 0.46675003
-0.20590116 -0.091867566 0.46725002
-0.19792609 -0.091965869 0.46775001
-0.19003493 -0.092113331 0.46850002
-0.18211746 -0.092260793 0.46925002
-0.17435899 -0.092506558 0.47050002
-0.16646847 -0.092703171 0.47150001
-0.15845904 -0.092850633 0.47225001
-0.15050282 -0.093047246 0.47325003
-0.14243641 -0.093194708 0.47400004
-0.13441449 -0.093391322 0.47500002
-0.12629117 -0.093538783 0.47575003
-0.11838948 -0.093882851 0.47750002
-0.11031127 -0.094128616 0.47875002
-0.10202959 -0.094226927 0.47925001
-0.093828075 -0.09442354 0.48025003
-0.085635982 -0.094669305 0.48150003
-0.077440158 -0.094964221 0.48300001
-0.069298901 -0.095406607 0.48525003
-0.060922164 -0.09560322 0.48625001
-0.052564286 -0.095898136 0.48775002
-0.044131279 -0.096143909 0.48900002
-0.035690833 -0.096487977 0.49075001
-0.027244272 -0.097028665 0.49350002
-0.01866366 -0.097372741 0.49525002
-0.010026763 -0.097765967 0.49725002
-0.0013178015 -0.098011732 0.49850002
0.0074424013 -0.098355807 0.50025004
0.016312525 -0.098994806 0.50350004
0.025234133 -0.099388026 0.50550002
0.034310125 -0.10002702 0.50875002
0.043415047 -0.1004694 0.51100004
0.052778155 -0.10125586 0.51500005
0.06213142 -0.10179654 0.51775002
0.071546674 -0.10228807 0.52025002
0.081127055 -0.10287791 0.52325004
0.090812556 -0.10346775 0.52625
0.10036558 -0.10381182 0.528
0.11039514 -0.10454912 0.53175002
0.12033097 -0.10508981 0.5345
0.13042384 -0.10567965 0.53750002
0.14075191 -0.1063678 0.54100001
0.15099439 -0.10690849 0.54375005
0.16118559 -0.10735086 0.546
0.17200294 -0.10813732 0.55000001
0.18287788 -0.10887462 0.55375004
0.19310175 -0.10916954 0.55525005
0.20493068 -0.11030007 0.56100005
0.21600404 -0.11093906 0.56425005
0.22719131 -0.11157805 0.56750005
0.23922372 -0.11256112 0.57250005
0.25066939 -0.11320011 0.57575005
0.26132315 -0.11344588 0.57700002
0.27237359 -0.11383911 0.57900006
0.28325009 -0.11413402 0.58050001
0.29380006 -0.11428148 0.58125001
0.30555305 -0.11487132 0.58425003
0 -0 0
0 -0 0
0 -0 0
0 -0 0
0 -0 0
0 -0 0
0 -0 0
0 -0 0
0 -0 0
-0.33274576 -0.084757172 0.47300002
-0.32342941 -0.084488384 0.47150001
-0.31366435 -0.084085211 0.46925002
-0.30430359 -0.083771631 0.46750003
-0.29547915 -0.083592437 0.46650001
-0.28715169 -0.083547637 0.46625003
-0.27883297 -0.083502837 0.46600002
-0.27037781 -0.083413243 0.46550003
-0.26236266 -0.083458044 0.46575001
-0.25392944 -0.083368443 0.46525002
-0.24604195 -0.083458044 0.46575001
-0.23813698 -0.083547637 0.46625003
-0.23009115 -0.083592437 0.46650001
-0.22191766 -0.083592437 0.46650001
-0.21385872 -0.08363723 0.46675003
-0.20601134 -0.083771631 0.46750003
-0.19824345 -0.083950818 0.46850002
-0.19033915 -0.084085211 0.46925002
-0.18211746 -0.084085211 0.46925002
-0.17454429 -0.084398791 0.47100002
-0.16646847 -0.084488384 0.47150001
-0.15854293 -0.084667578 0.47250003
-0.15058231 -0.084846765 0.47350001
-0.14258666 -0.085025959 0.47450003
-0.13448524 -0.085160352 0.47525004
-0.1264239 -0.085339546 0.47625002
-0.11845147 -0.085608333 0.47775003
-0.11036888 -0.08583232 0.47900003
-0.10202959 -0.085877113 0.47925001
-0.093925759 -0.0861459 0.48075002
-0.085724905 -0.086369887 0.48200002
-0.077520333 -0.086638682 0.48350003
-0.06926319 -0.086907461 0.48500001
-0.060922164 -0.087131448 0.48625001
-0.052537344 -0.087355435 0.48750001
-0.044131279 -0.087624222 0.48900002
-0.035709016 -0.08798261 0.49100003
-0.027258074 -0.088475384 0.49375004
-0.018673081 -0.088788964 0.49550003
-0.010031804 -0.089147344 0.49750003
-0.0013204451 -0.089505732 0.49950004
0.0074684364 -0.089953706 0.50200003
0.01635302 -0.090446472 0.50475001
0.02537141 -0.09107364 0.50825
0.034411285 -0.091432028 0.51025003
0.043606211 -0.091969602 0.51325005
0.052931871 -0.092551962 0.5165
0.062311426 -0.093044743 0.51925004
0.071752958 -0.093492717 0.52175003
0.081359625 -0.094030298 0.52475005
0.091200836 -0.094702251 0.52850002
0.1008408 -0.095060639 0.53050005
0.11075845 -0.095598206 0.53350002
0.12044355 -0.095866993 0.53500003
0.13096981 -0.096718155 0.53975004
0.14127226 -0.097300522 0.54300004
0.15113322 -0.097524509 0.54425001
0.16125941 -0.097882889 0.54625005
0.17192475 -0.098510057 0.54975003
0.18296044 -0.099271618 0.55400002
0.19371034 -0.099809192 0.55700004
0.20493068 -0.10052595 0.56100005
0.21581262 -0.10101873 0.56375003
0.22719131 -0.10169069 0.56750005
0.23911923 -0.10254184 0.57225001
0.25066939 -0.10316902 0.57575005
0.26166284 -0.1035274 0.57775003
0.27249119 -0.10379618 0.57925004
0.28325009 -0.10402016 0.58050001
0.29405281 -0.10424416 0.58175004
0 -0 0
0 -0 0
0 -0 0
0 -0 0
0 -0 0
0 -0 0
0 -0 0
0 -0 0
0 -0 0
0 -0 0
-0.33327335 -0.076637574 0.47375003
-0.3241154 -0.076435365 0.47250003
-0.31433278 -0.076071382 0.47025001
-0.30511722 -0.075828739 0.46875003
-0.2959542 -0.075586081 0.46725002
-0.28761357 -0.075545639 0.46700001
-0.27943131 -0.075545639 0.46700001
-0.27081344 -0.075424314 0.46625003
-0.26250347 -0.075383872 0.46600002
-0.25433877 -0.075383872 0.46600002
-0.24643816 -0.075464755 0.46650001
-0.23826467 -0.075464755 0.46650001
-0.23046108 -0.075586081 0.46725002
-0.22227444 -0.075586081 0.46725002
-0.21408781 -0.075586081 0.46725002
-0.20623167 -0.075707406 0.46800002
-0.19834924 -0.075828739 0.46875003
-0.19033915 -0.075909622 0.46925002
-0.18221448 -0.075950064 0.46950004
-0.17445165 -0.076152273 0.47075003
-0.16638021 -0.076233156 0.47125003
-0.15845904 -0.076394923 0.47225001
-0.15050282 -0.07655669 0.47325003
-0.14251155 -0.076718457 0.47425002
-0.13455598 -0.076920666 0.47550002
-0.12649025 -0.07708244 0.47650003
-0.11845147 -0.077284649 0.47775003
-0.11031127 -0.077446416 0.47875002
-0.10208282 -0.077567741 0.47950003
-0.093974605 -0.077810392 0.48100004
-0.08576937 -0.078012601 0.48225003
-0.077400081 -0.078093484 0.48275003
-0.069191791 -0.078376576 0.48450002
-0.06095349 -0.078700118 0.48650002
-0.052564286 -0.078902327 0.48775002
-0.044153843 -0.079144977 0.48925003
-0.035745379 -0.079508953 0.49150002
-0.027285676 -0.07995382 0.49425003
-0.018691923 -0.080236912 0.49600002
-0.010046928 -0.080600895 0.49825004
-0.0013230885 -0.080964871 0.50050002
0.0074833133 -0.081369288 0.50300002
0.016409718 -0.081935473 0.50650001
0.02543381 -0.082420781 0.50950003
0.034529306 -0.082825199 0.51200002
0.043733645 -0.083270058 0.51475
0.053008731 -0.083674476 0.51725
0.062431429 -0.084159784 0.52025002
0.071924865 -0.084604643 0.523
0.081553422 -0.085089952 0.52600002
0.091243975 -0.085534811 0.52875
0.10107841 -0.086020119 0.53175002
0.11112176 -0.086586304 0.53525001
0.12106264 -0.086990722 0.53775001
0.13206172 -0.088042215 0.54425001
0.14211781 -0.088365756 0.54625005
0.15238284 -0.088770173 0.54875004
0.16236643 -0.088972382 0.55000001
0.17239386 -0.089174591 0.55125004
0.18296044 -0.08961945 0.55400002
0.19414505 -0.090306967 0.55825001
0.20511331 -0.09083271 0.56150001
0.21638685 -0.091439344 0.56525004
0.22739147 -0.091884203 0.56800002
0.23901477 -0.092531279 0.57200003
0.25045168 -0.093057021 0.57525003
0.26166284 -0.093461446 0.57775003
0.27272639 -0.093784973 0.57975
0.28386003 -0.094108514 0.58175004
0.29531646 -0.094512932 0.58425003
0 -0 0
0 -0 0
0 -0 0
0 -0 0
0 -0 0
0 -0 0
0 -0 0
0 -0 0
0 -0 0
0 -0 0
-0.33344924 -0.068419673 0.47400004
-0.3237724 -0.068130977 0.47200003
-0.31466702 -0.067950547 0.47075003
-0.30544266 -0.067734025 0.46925002
-0.29642925 -0.067553595 0.46800002
-0.28776756 -0.067445338 0.46725002
-0.27958092 -0.067445338 0.46725002
-0.27095863 -0.067337073 0.46650001
-0.26250347 -0.067264907 0.46600002
-0.25420231 -0.067228816 0.46575001
-0.24617402 -0.067264907 0.46600002
-0.23813698 -0.06730099 0.46625003
-0.23009115 -0.067337073 0.46650001
-0.22215551 -0.067409247 0.46700001
-0.21420236 -0.067481421 0.46750003
-0.206452 -0.067625768 0.46850002
-0.19834924 -0.067661859 0.46875003
-0.19013633 -0.067661859 0.46875003
-0.18211746 -0.067734025 0.46925002
-0.17435899 -0.067914456 0.47050002
-0.16655675 -0.068094887 0.47175002
-0.15854293 -0.068203151 0.47250003
-0.15050282 -0.068311408 0.47325003
-0.14251155 -0.068455756 0.47425002
-0.13448524 -0.068600103 0.47525004
-0.1264239 -0.068744443 0.47625002
-0.11832749 -0.068888791 0.47725001
-0.11025367 -0.069069222 0.47850001
-0.10208282 -0.069213569 0.47950003
-0.093925759 -0.069394 0.48075002
-0.08576937 -0.069610521 0.48225003
-0.077480242 -0.069754861 0.48325002
-0.069227494 -0.069971383 0.48475003
-0.06095349 -0.070223987 0.48650002
-0.052618172 -0.070476584 0.48825002
-0.044244088 -0.070765279 0.49025002
-0.035818107 -0.071090057 0.49250004
-0.027313279 -0.071414836 0.49475002
-0.018701345 -0.07163135 0.49625003
-0.010072134 -0.072100475 0.49950004
-0.0013244104 -0.072316997 0.50100005
0.0075056297 -0.072822198 0.50450003
0.016417818 -0.073146977 0.50675005
0.025483729 -0.073688269 0.51050001
0.034579888 -0.074013047 0.51275003
0.04383985 -0.074482173 0.51600003
0.053341798 -0.075131722 0.5205
0.064501472 -0.077585593 0.53750002
0.073850192 -0.077513419 0.537
0.083336435 -0.077585593 0.53750002
0.091934234 -0.076899953 0.53275001
0.10583056 -0.080364235 0.55675
0 -0 0
0 -0 0
0 -0 0
0 -0 0
0 -0 0
0 -0 0
0 -0 0
0.18518965 -0.080941617 0.56075001
0.19527532 -0.081049882 0.56150001
0.20584391 -0.081338577 0.56350005
0.2178224 -0.082132466 0.56900001
0.22789189 -0.082168557 0.56925005
0.23911923 -0.082601592 0.57225001
0.25034285 -0.082998544 0.57500005
0.26200253 -0.083503753 0.57850003
0.27402005 -0.084081136 0.58250004
0.28471392 -0.084225476 0.58350003
0.29531646 -0.08433374 0.58425003
0 -0 0
0 -0 0
0 -0 0
0 -0 0
0 -0 0
0 -0 0
0 -0 0
0 -0 0
0 -0 0
0 -0 0
-0.33309749 -0.060097862 0.47350001
-0.32342941 -0.059844017 0.47150001
-0.31449991 -0.059717096 0.47050002
-0.30544266 -0.059558444 0.46925002
-0.29642925 -0.059399791 0.46800002
-0.28807548 -0.059368059 0.46775001
-0.27958092 -0.059304599 0.46725002
-0.27095863 -0.059209406 0.46650001
-0.26250347 -0.059145946 0.46600002
-0.25447524 -0.059177678 0.46625003
-0.24657023 -0.059241138 0.46675003
-0.23839235 -0.059241138 0.46675003
-0.23009115 -0.059209406 0.46650001
-0.22239336 -0.059336331 0.46750003
-0.21443145 -0.059399791 0.46800002
-0.20667233 -0.059526712 0.46900001
-0.1986666 -0.059590176 0.46950004
-0.19033915 -0.059558444 0.46925002
-0.18240854 -0.059653636 0.47000003
-0.17445165 -0.059748828 0.47075003
-0.16638021 -0.059812289 0.47125003
-0.15862681 -0.06000267 0.47275001
-0.15058231 -0.060097862 0.47350001
-0.14258666 -0.060224786 0.47450003
-0.13455598 -0.060351711 0.47550002
-0.12635753 -0.060415171 0.47600001
-0.11814155 -0.060478635 0.47650003
-0.11008086 -0.060637288 0.47775003
-0.10213605 -0.060891133 0.47975004
-0.093974605 -0.061049785 0.48100004
-0.085813835 -0.061240166 0.48250002
-0.077600494 -0.061430551 0.48400003
-0.06926319 -0.061557475 0.48500001
-0.061047457 -0.061843053 0.48725003
-0.052672055 -0.062033433 0.48875001
-0.044379462 -0.062414203 0.49175003
-0.035927195 -0.06269978 0.49400002
-0.027340882 -0.062858433 0.49525002
-0.018729609 -0.063080542 0.49700001
-0.010097339 -0.063556507 0.50075001
-0.0013290365 -0.063810356 0.50275004
0.0075242259 -0.064191118 0.50575
0.016531212 -0.064762272 0.51025003
0.025945481 -0.065968029 0.51975
0.036771685 -0.069204561 0.54525
0.048640147 -0.07266321 0.57250005
0.061156042 -0.075741075 0.59675002
0.07218165 -0.076343961 0.60150003
0.08306428 -0.076661266 0.60400003
0.094073266 -0.077010304 0.60675001
0 -0 0
0 -0 0
0 -0 0
0 -0 0
0 -0 0
0 -0 0
0 -0 0
0 -0 0
0 -0 0
0 -0 0
0 -0 0
0 -0 0
0 -0 0
0 -0 0
0.24016388 -0.072948776 0.57475001
0.25197551 -0.073456466 0.57875001
0.26268187 -0.073615126 0.58000004
0.27460808 -0.074091084 0.58375001
0.28593376 -0.074376658 0.58600003
0 -0 0
0 -0 0
0 -0 0
0 -0 0
0 -0 0
0 -0 0
0 -0 0
0 -0 0
0 -0 0
0 -0 0
0 -0 0
-0.33309749 -0.051848225 0.47350001
-0.32308644 -0.051574476 0.47100002
-0.31416568 -0.051464979 0.47000003
-0.30560541 -0.051410228 0.46950004
-0.29674593 -0.051300727 0.46850002
-0.28822947 -0.051245976 0.46800002
-0.27958092 -0.051163852 0.46725002
-0.27124906 -0.051136475 0.46700001
-0.26292598 -0.051109102 0.46675003
-0.25488454 -0.051136475 0.46700001
-0.2467023 -0.051136475 0.46700001
-0.23864773 -0.051163852 0.46725002
-0.23046108 -0.051163852 0.46725002
-0.22251229 -0.051218603 0.46775001
-0.21443145 -0.051245976 0.46800002
-0.206452 -0.051300727 0.46850002
-0.19856082 -0.051382851 0.46925002
-0.19064336 -0.051464979 0.47000003
-0.18260258 -0.051519725 0.47050002
-0.17454429 -0.051574476 0.47100002
-0.16638021 -0.051601853 0.47125003
-0.15837516 -0.051683977 0.47200003
-0.15034379 -0.051766101 0.47275001
-0.14243641 -0.05190298 0.47400004
-0.13455598 -0.052067228 0.47550002
-0.12635753 -0.052121975 0.47600001
-0.11826551 -0.052231476 0.47700003
-0.11013846 -0.052340977 0.47800002
-0.10208282 -0.052505229 0.47950003
-0.093876913 -0.052614726 0.48050001
-0.08576937 -0.052806351 0.48225003
-0.077600494 -0.052997977 0.48400003
-0.069441706 -0.053244349 0.48625001
-0.061141424 -0.053435978 0.48800004
-0.052779827 -0.053627603 0.48975003
-0.044424586 -0.053901352 0.49225003
-0.035945378 -0.054120351 0.49425003
-0.027368484 -0.054284599 0.49575001
-0.018795557 -0.054613102 0.49875003
-0.01010238 -0.054859478 0.50100005
-0.0013349844 -0.055297472 0.505
0.0079668285 -0.058637228 0.53550005
0.0186128 -0.062907718 0.57450002
0.029801736 -0.065371469 0.597
0.04068321 -0.066055849 0.60325003
0.051358897 -0.066192724 0.60450006
0.062027134 -0.066274844 0.60525
0.072781667 -0.066411719 0.60650003
0.083683133 -0.066630721 0.6085
0.094460882 -0.066712841 0.60925001
0 -0 0
0 -0 0
0 -0 0
0 -0 0
0 -0 0
0 -0 0
0 -0 0
0 -0 0
0 -0 0
0 -0 0
0 -0 0
0 -0 0
0 -0 0
0 -0 0
0 -0 0
0 -0 0
0 -0 0
0.27801862 -0.064714469 0.59100002
0.28690964 -0.064385965 0.588
0 -0 0
0 -0 0
0 -0 0
0.35755461 -0.070162095 0.64075005
0 -0 0
0 -0 0
0 -0 0
0 -0 0
0 -0 0
0 -0 0
0 -0 0
-0.33309749 -0.043598592 0.47350001
-0.32394388 -0.043483496 0.47225001
-0.31449991 -0.043322362 0.47050002
-0.30593085 -0.043276325 0.47000003
-0.29737934 -0.043230284 0.46950004
-0.28869137 -0.043161228 0.46875003
-0.27988008 -0.043069147 0.46775001
-0.27168468 -0.043069147 0.46775001
-0.26348928 -0.043069147 0.46775001
-0.25488454 -0.043000091 0.46700001
-0.2467023 -0.043000091 0.46700001
-0.23877542 -0.043046132 0.46750003
-0.2305844 -0.043046132 0.46750003
-0.22239336 -0.043046132 0.46750003
-0.2143169 -0.043069147 0.46775001
-0.20623167 -0.043092169 0.46800002
-0.19824345 -0.043138206 0.46850002
-0.19033915 -0.043207265 0.46925002
-0.18231151 -0.043253303 0.46975002
-0.17426635 -0.04329934 0.47025001
-0.16638021 -0.043391421 0.47125003
-0.15837516 -0.043460477 0.47200003
-0.15034379 -0.043529533 0.47275001
-0.1423613 -0.043621611 0.47375003
-0.13441449 -0.043736707 0.47500002
-0.12629117 -0.043805767 0.47575003
-0.11814155 -0.043874826 0.47650003
-0.11002325 -0.043966901 0.47750002
-0.10202959 -0.044128038 0.47925001
-0.093925759 -0.044266153 0.48075002
-0.085813835 -0.044427287 0.48250002
-0.077720746 -0.044634465 0.48475003
-0.069513112 -0.044818617 0.48675004
-0.061204068 -0.044979751 0.48850003
-0.05283371 -0.045140889 0.49025002
-0.04444715 -0.045348063 0.49250004
-0.035999924 -0.045578256 0.49500003
-0.027451294 -0.045785427 0.49725002
-0.019040514 -0.046522047 0.50525004
-0.011024903 -0.050343253 0.54675001
-0.001559024 -0.054302581 0.58975005
0.0089784879 -0.055568639 0.60350001
0.019552348 -0.055568639 0.60350001
0.030176131 -0.055660721 0.60450006
0.040801231 -0.055706754 0.60500002
0.051507577 -0.055821855 0.60625005
0.062283345 -0.05595997 0.60775006
0.073081672 -0.056075066 0.60900003
0.083992563 -0.0562362 0.61075002
0.094305836 -0.056006007 0.60825002
0.10530806 -0.056190163 0.61025006
0 -0 0
0 -0 0
0 -0 0
0 -0 0
0 -0 0
0 -0 0
0 -0 0
0 -0 0
0 -0 0
0 -0 0
0 -0 0
0 -0 0
0 -0 0
0 -0 0
0 -0 0
0 -0 0
0 -0 0
0 -0 0
0 -0 0
0 -0 0
0 -0 0
0.35769412 -0.059021536 0.64100003
0 -0 0
0 -0 0
0 -0 0
0 -0 0
0 -0 0
0 -0 0
0 -0 0
-0.33309749 -0.035348959 0.47350001
-0.32394388 -0.035255641 0.47225001
-0.31466702 -0.035143659 0.47075003
-0.30625632 -0.035124995 0.47050002
-0.2981711 -0.035143659 0.47075003
-0.28915328 -0.03505034 0.46950004
-0.28017926 -0.034957025 0.46825004
-0.27168468 -0.034919694 0.46775001
-0.26363012 -0.034938358 0.46800002
-0.25529391 -0.034919694 0.46775001
-0.24696644 -0.03490103 0.46750003
-0.23877542 -0.03490103 0.46750003
-0.2305844 -0.03490103 0.46750003
-0.22239336 -0.03490103 0.46750003
-0.2143169 -0.034919694 0.46775001
-0.20634183 -0.034957025 0.46825004
-0.19824345 -0.034975685 0.46850002
-0.19013633 -0.034994349 0.46875003
-0.18231151 -0.035069004 0.46975002
-0.17454429 -0.035162322 0.47100002
-0.16655675 -0.035218313 0.47175002
-0.15845904 -0.035255641 0.47225001
-0.15026429 -0.035274304 0.47250003
-0.14228617 -0.035348959 0.47350001
-0.13420227 -0.03540495 0.47425002
-0.12615843 -0.035479605 0.47525004
-0.11801757 -0.035535596 0.47600001
-0.10996564 -0.035628911 0.47725001
-0.10202959 -0.035778221 0.47925001
-0.093876913 -0.035871539 0.48050001
-0.08576937 -0.036002189 0.48225003
-0.077800907 -0.03622615 0.48525003
-0.069513112 -0.036338132 0.48675004
-0.061204068 -0.036468778 0.48850003
-0.052887592 -0.036636751 0.49075001
-0.044559959 -0.036860716 0.49375004
-0.03618174 -0.037140671 0.49750003
-0.029507725 -0.039902888 0.5345
-0.022064758 -0.043710273 0.5855
-0.012088576 -0.044755436 0.5995
-0.0015907463 -0.044923414 0.60175002
0.0089747692 -0.045035396 0.60325003
0.019592848 -0.045147378 0.60475004
0.03023853 -0.045222033 0.60575002
0.040919248 -0.045296684 0.60675001
0.051656257 -0.045390006 0.60800004
0.062437065 -0.045483321 0.60925001
0.073411673 -0.045669958 0.61175001
0.084301993 -0.045763277 0.61300004
0.094732203 -0.045613967 0.611
0.10599831 -0.045856595 0.61425
0.11728327 -0.046061896 0.61700004
0 -0 0
0 -0 0
0 -0 0
0 -0 0
0 -0 0
0 -0 0
0 -0 0
0 -0 0
0 -0 0
0 -0 0
0 -0 0
0 -0 0
0 -0 0
0 -0 0
0 -0 0
0 -0 0
0 -0 0
0 -0 0
0 -0 0
0 -0 0
0 -0 0
0 -0 0
0 -0 0
0 -0 0
0 -0 0
0 -0 0
0 -0 0
0 -0 0
-0.33327335 -0.027113633 0.47375003
-0.32445836 -0.027070709 0.47300002
-0.31516832 -0.026984861 0.47150001
-0.30625632 -0.026927629 0.47050002
-0.2981711 -0.026941938 0.47075003
-0.28884533 -0.02684178 0.46900001
-0.28032884 -0.026813164 0.46850002
-0.27168468 -0.026770242 0.46775001
-0.26348928 -0.026770242 0.46775001
-0.25543034 -0.02678455 0.46800002
-0.24723057 -0.02678455 0.46800002
-0.23915848 -0.026798857 0.46825004
-0.23070769 -0.026770242 0.46775001
-0.22227444 -0.026741626 0.46725002
-0.2143169 -0.026770242 0.46775001
-0.20634183 -0.026798857 0.46825004
-0.19813767 -0.026798857 0.46825004
-0.18993352 -0.026798857 0.46825004
-0.18182638 -0.026813164 0.46850002
-0.17398842 -0.026870398 0.46950004
-0.16629194 -0.026956245 0.47100002
-0.15829127 -0.02699917 0.47175002
-0.15010528 -0.027013477 0.47200003
-0.14221105 -0.027085017 0.47325003
-0.13420227 -0.027142249 0.47425002
-0.12609208 -0.027185174 0.47500002
-0.11807956 -0.027256712 0.47625002
-0.11008086 -0.027342562 0.47775003
-0.10208282 -0.027442716 0.47950003
-0.093974605 -0.027528565 0.48100004
-0.0858583 -0.027628722 0.48275003
-0.077840991 -0.02778611 0.48550004
-0.069477409 -0.027843341 0.48650002
-0.061172746 -0.027943496 0.48825002
-0.053049248 -0.028172424 0.49225003
-0.046342358 -0.029388603 0.51350003
-0.041854456 -0.032936983 0.57550001
-0.033040922 -0.034253318 0.59850001
-0.022592355 -0.034310549 0.5995
-0.012103699 -0.034353472 0.60025001
-0.0015920681 -0.034467939 0.60225004
0.0089747692 -0.034525171 0.60325003
0.019592848 -0.034611017 0.60475004
0.030275969 -0.034711175 0.60650003
0.041020412 -0.034811329 0.60825002
0.051847421 -0.034925796 0.61025006
0.062667646 -0.034997333 0.61150002
0.073561683 -0.035083182 0.61300004
0.084473893 -0.035154719 0.61425
0.0952361 -0.035154719 0.61425
0.10630032 -0.035254877 0.61600006
0.1175684 -0.035397958 0.61850005
0.12861268 -0.03545519 0.61950004
0 -0 0
0 -0 0
0 -0 0
0 -0 0
0 -0 0
0 -0 0
0 -0 0
0 -0 0
0 -0 0
0 -0 0
0 -0 0
0 -0 0
0 -0 0
0 -0 0
0 -0 0
0 -0 0
0 -0 0
0 -0 0
0 -0 0
0 -0 0
0 -0 0
0 -0 0
0 -0 0
0 -0 0
0 -0 0
0 -0 0
0 -0 0
-0.33432859 -0.018919356 0.47525004
-0.32480133 -0.01884969 0.47350001
-0.31566966 -0.018799927 0.47225001
-0.30625632 -0.018730262 0.47050002
-0.29785436 -0.018720308 0.47025001
-0.28853738 -0.018650644 0.46850002
-0.28002968 -0.018630739 0.46800002
-0.27153948 -0.018610833 0.46750003
-0.26334846 -0.018610833 0.46750003
-0.25529391 -0.018620785 0.46775001
-0.24723057 -0.018630739 0.46800002
-0.23903079 -0.018630739 0.46800002
-0.23046108 -0.018600881 0.46725002
-0.22215551 -0.018590929 0.46700001
-0.2143169 -0.018620785 0.46775001
-0.20634183 -0.018640691 0.46825004
-0.19834924 -0.018660596 0.46875003
-0.19013633 -0.018660596 0.46875003
-0.1819234 -0.018660596 0.46875003
-0.17389578 -0.0186805 0.46925002
-0.16602714 -0.018720308 0.47025001
-0.15812349 -0.018760119 0.47125003
-0.15002578 -0.018780023 0.47175002
-0.14221105 -0.018839737 0.47325003
-0.13427301 -0.018889498 0.47450003
-0.12609208 -0.018909404 0.47500002
-0.11807956 -0.018959165 0.47625002
-0.11013846 -0.019028831 0.47800002
-0.10224249 -0.019118402 0.48025003
-0.094169974 -0.019188069 0.48200002
-0.085991688 -0.019247781 0.48350003
-0.077840991 -0.0193274 0.48550004
-0.069513112 -0.019377163 0.48675004
-0.062175065 -0.01975535 0.49625003
-0.059245959 -0.021885145 0.54975003
-0.053765256 -0.023716373 0.59575003
-0.043727182 -0.023935324 0.60125005
-0.033220343 -0.023955228 0.60175002
-0.022724254 -0.02400499 0.60300004
-0.012159152 -0.02400499 0.60300004
-0.0015953725 -0.024024894 0.60350001
0.0089896461 -0.024054751 0.60425001
0.019641446 -0.024134371 0.60625005
0.030363327 -0.024213988 0.60825002
0.041054133 -0.024233894 0.60875005
0.051847421 -0.024293607 0.61025006
0.062744513 -0.024373226 0.61225003
0.07362169 -0.024422988 0.61350006
0.084508277 -0.024462797 0.61450005
0.095429912 -0.024502605 0.61550003
0.10638659 -0.024542414 0.61650002
0.11761592 -0.024631986 0.61875004
0.12871647 -0.024681747 0.62
0.14008598 -0.024771318 0.62225002
0.15123099 -0.024811126 0.62325001
0 -0 0
0 -0 0
0 -0 0
0 -0 0
0 -0 0
0 -0 0
0 -0 0
0 -0 0
0 -0 0
0 -0 0
0 -0 0
0 -0 0
0 -0 0
0 -0 0
0 -0 0
0 -0 0
0 -0 0
0 -0 0
0 -0 0
0 -0 0
0 -0 0
0 -0 0
0 -0 0
0 -0 0
0 -0 0
-0.3341527 -0.010633635 0.47500002
-0.32480133 -0.010600055 0.47350001
-0.31583679 -0.010577668 0.47250003
-0.30625632 -0.010532895 0.47050002
-0.29785436 -0.010527299 0.47025001
-0.28869137 -0.010493719 0.46875003
-0.28002968 -0.010476929 0.46800002
-0.2718299 -0.010476929 0.46800002
-0.26363012 -0.010476929 0.46800002
-0.25529391 -0.010471332 0.46775001
-0.24683437 -0.010460139 0.46725002
-0.23826467 -0.010443349 0.46650001
-0.23033777 -0.010454542 0.46700001
-0.22227444 -0.010460139 0.46725002
-0.21420236 -0.010465736 0.46750003
-0.20601134 -0.010465736 0.46750003
-0.19803189 -0.010476929 0.46800002
-0.19013633 -0.010493719 0.46875003
-0.1819234 -0.010493719 0.46875003
-0.17380312 -0.010499315 0.46900001
-0.16585061 -0.010516105 0.46975002
-0.15787184 -0.010532895 0.47050002
-0.14986677 -0.010549686 0.47125003
-0.14198567 -0.010577668 0.47250003
-0.13413152 -0.010611249 0.47400004
-0.12615843 -0.010639233 0.47525004
-0.11820353 -0.010672811 0.47675002
-0.11025367 -0.010711988 0.47850001
-0.10224249 -0.010751165 0.48025003
-0.094267659 -0.010801534 0.48250002
-0.086169541 -0.010846308 0.48450002
-0.07800132 -0.010891081 0.48650002
-0.073797435 -0.011568276 0.51675004
-0.07266809 -0.012984228 0.58000004
-0.064634405 -0.013426363 0.59975004
-0.054306742 -0.013471137 0.60175002
-0.043872632 -0.013504717 0.60325003
-0.033385962 -0.013538296 0.60475004
-0.022856152 -0.013577473 0.60650003
-0.012234768 -0.01358307 0.60675001
-0.0016033031 -0.013577473 0.60650003
0.0090342788 -0.013594263 0.60725003
0.019714341 -0.013622246 0.6085
0.030425727 -0.013644634 0.60950005
0.041121572 -0.01365023 0.60975003
0.051974859 -0.013695003 0.61175001
0.062898234 -0.013739776 0.61375004
0.073681682 -0.013745372 0.61400002
0.084542662 -0.013762163 0.61475003
0.095429912 -0.013778953 0.61550003
0.10651602 -0.013818129 0.61725003
0 -0 0
0.12856078 -0.013862903 0.61925006
0.14053623 -0.013974836 0.62425005
0.15135233 -0.013963642 0.62375003
0.16195576 -0.013935658 0.6225
0 -0 0
0 -0 0
0 -0 0
0 -0 0
0 -0 0
0 -0 0
0 -0 0
0 -0 0
0 -0 0
0 -0 0
0 -0 0
0 -0 0
0 -0 0
0 -0 0
0 -0 0
0 -0 0
0 -0 0
0 -0 0
0 -0 0
0 -0 0
0 -0 0
0 -0 0
0 -0 0
0 -0 0
-0.33432859 -0.0023591078 0.47525004
-0.3253158 -0.0023541439 0.47425002
-0.31566966 -0.002344216 0.47225001
-0.30674452 -0.002339252 0.47125003
-0.29848778 -0.002339252 0.47125003
-0.28930724 -0.0023318061 0.46975002
-0.28047845 -0.0023268422 0.46875003
-0.2719751 -0.0023243602 0.46825004
-0.26348928 -0.0023218782 0.46775001
-0.25502101 -0.0023193962 0.46725002
-0.24683437 -0.0023193962 0.46725002
-0.23852003 -0.0023181553 0.46700001
-0.23033777 -0.0023181553 0.46700001
-0.22227444 -0.0023193962 0.46725002
-0.21420236 -0.0023206372 0.46750003
-0.20601134 -0.0023206372 0.46750003
-0.19760872 -0.0023181553 0.46700001
-0.1896293 -0.0023206372 0.46750003
-0.18163233 -0.0023231192 0.46800002
-0.17361784 -0.0023256012 0.46850002
-0.16567409 -0.0023293241 0.46925002
-0.15770407 -0.0023330471 0.47000003
-0.14970776 -0.0023367701 0.47075003
-0.14183542 -0.002342975 0.47200003
-0.13406077 -0.0023516619 0.47375003
-0.12635753 -0.0023628306 0.47600001
-0.11832749 -0.0023690355 0.47725001
-0.11036888 -0.0023777224 0.47900003
-0.10234894 -0.0023864093 0.48075002
-0.094414189 -0.0023988192 0.48325002
-0.086391851 -0.0024112291 0.48575002
-0.086098067 -0.0026656303 0.537
-0.08490096 -0.0029510562 0.59450001
-0.075330496 -0.0029845631 0.60125005
-0.064823002 -0.0029858039 0.60150003
-0.05432931 -0.0029882861 0.60200006
-0.043908998 -0.0029969728 0.60375005
-0.033413567 -0.0030044185 0.60525
-0.022874996 -0.0030131056 0.60700005
-0.012280138 -0.0030230333 0.60900003
-0.001609912 -0.0030230333 0.60900003
0.0090603139 -0.0030230333 0.60900003
0.019746739 -0.0030255155 0.60950005
0.030463167 -0.0030292384 0.61025006
0.041205868 -0.0030329612 0.611
0.052144784 -0.003046612 0.61375004
0.063128822 -0.0030577809 0.61600006
0.073951691 -0.0030590219 0.61625004
0.08495523 -0.0030664678 0.61775005
0.095391154 -0.0030540579 0.61525005
0.10673173 -0.0030701908 0.61850005
0 -0 0
0 -0 0
0 -0 0
0 -0 0
0 -0 0
0 -0 0
0 -0 0
0 -0 0
0 -0 0
0 -0 0
0 -0 0
0 -0 0
0 -0 0
0 -0 0
0 -0 0
0 -0 0
0 -0 0
0 -0 0
0 -0 0
0 -0 0
0 -0 0
0 -0 0
0 -0 0
0 -0 0
0 -0 0
0 -0 0
0 -0 0
0 -0 0
0 -0 0
-0.33450446 0.0059241308 0.47550002
-0.32548732 0.0059116725 0.47450003
-0.31617099 0.0058929841 0.47300002
-0.30674452 0.0058711814 0.47125003
-0.2981711 0.0058649522 0.47075003
-0.28915328 0.0058493786 0.46950004
-0.28047845 0.0058400347 0.46875003
-0.2719751 0.0058338055 0.46825004
-0.26363012 0.0058306907 0.46800002
-0.25515747 0.0058244611 0.46750003
-0.24696644 0.0058244611 0.46750003
-0.23864773 0.0058213463 0.46725002
-0.23021446 0.0058151172 0.46675003
-0.22179873 0.005808888 0.46625003
-0.21374416 0.0058120023 0.46650001
-0.20568083 0.0058151172 0.46675003
-0.19750296 0.0058151172 0.46675003
-0.18932508 0.0058151172 0.46675003
-0.18134125 0.0058213463 0.46725002
-0.17333989 0.0058275759 0.46775001
-0.1654093 0.0058369199 0.46850002
-0.15762019 0.0058524935 0.46975002
-0.14978726 0.0058680666 0.47100002
-0.14191054 0.0058836401 0.47225001
-0.13413152 0.0059054433 0.47400004
-0.1264239 0.0059334752 0.47625002
-0.11845147 0.0059521631 0.47775003
-0.11059929 0.0059801955 0.48000002
-0.1025086 0.0059988834 0.48150003
-0.095684119 0.0061016683 0.48975003
-0.098619215 0.0069083716 0.55450004
-0.095717959 0.0074378676 0.597
-0.085757837 0.007481474 0.60050005
-0.07539314 0.0074970471 0.60175002
-0.065092422 0.0075250794 0.60400003
-0.054622609 0.0075406521 0.60525
-0.043981723 0.0075344234 0.60475004
-0.033482574 0.0075562261 0.60650003
-0.022931522 0.0075811432 0.6085
-0.012295262 0.0075967172 0.60975003
-0.0016178426 0.0076247496 0.61200005
0.0091123842 0.0076309782 0.61250001
0.019852035 0.0076340935 0.61275005
0.030587964 0.0076340935 0.61275005
0.041340753 0.0076372079 0.61300004
0.052208506 0.0076558962 0.61450005
0.063256919 0.0076901573 0.61725003
0.074011691 0.0076839277 0.61675
0.085058376 0.0077057313 0.61850005
0 0 0
0 0 0
0 0 0
0 0 0
0 0 0
0 0 0
0 0 0
0 0 0
0 0 0
0 0 0
0 0 0
0 0 0
0 0 0
0 0 0
0 0 0
0 0 0
0 0 0
0 0 0
0 0 0
0 0 0
0 0 0
0 0 0
0 0 0
0 0 0
0 0 0
0 0 0
0 0 0
0 0 0
0 0 0
0 0 0
0 0 0
-0.33344924 0.014163789 0.47400004
-0.32514432 0.014163789 0.47400004
-0.31633812 0.014141378 0.47325003
-0.30706996 0.014096556 0.47175002
-0.2981711 0.014066675 0.47075003
-0.28884533 0.014014382 0.46900001
-0.28062803 0.014014382 0.46900001
-0.27226552 0.014006912 0.46875003
-0.26377094 0.013991972 0.46825004
-0.25515747 0.01396956 0.46750003
-0.24696644 0.01396956 0.46750003
-0.23864773 0.013962089 0.46725002
-0.23021446 0.013947149 0.46675003
-0.22179873 0.013932209 0.46625003
-0.21351507 0.013924737 0.46600002
-0.2054605 0.013932209 0.46625003
-0.19729139 0.013932209 0.46625003
-0.18912227 0.013932209 0.46625003
-0.1811472 0.013947149 0.46675003
-0.17315461 0.013962089 0.46725002
-0.16532104 0.013991972 0.46825004
-0.15770407 0.014044263 0.47000003
-0.14994627 0.014089085 0.47150001
-0.14213592 0.014133908 0.47300002
-0.13434376 0.0141862 0.47475001
-0.12649025 0.014238493 0.47650003
-0.11863741 0.014298255 0.47850001
-0.1107145 0.014358018 0.48050001
-0.10421176 0.014626951 0.48950002
-0.11160705 0.017069757 0.57125002
-0.10626687 0.017854143 0.59750003
-0.095758051 0.017846674 0.59725004
-0.085650727 0.017921377 0.59975004
-0.075643718 0.018040903 0.60375005
-0.065227129 0.018085724 0.60525
-0.054735422 0.018123075 0.60650003
-0.044018086 0.018085724 0.60525
-0.033482574 0.018123075 0.60650003
-0.02297863 0.018220192 0.60975003
-0.012305344 0.018235132 0.61025006
-0.0016165208 0.018272484 0.61150002
0.0091123842 0.018302364 0.61250001
0.019868232 0.018324776 0.61325002
0.030625405 0.018332247 0.61350006
0.041408192 0.018347187 0.61400002
0 0 0
0 0 0
0 0 0
0 0 0
0 0 0
0 0 0
0 0 0
0 0 0
0 0 0
0 0 0
0 0 0
0 0 0
0 0 0
0 0 0
0 0 0
0 0 0
0 0 0
0 0 0
0 0 0
0 0 0
0 0 0
0 0 0
0 0 0
0 0 0
0 0 0
0 0 0
0 0 0
0 0 0
0 0 0
0 0 0
0 0 0
0 0 0
0 0 0
0 0 0
0 0 0
-0.33362511 0.022433961 0.47425002
-0.32548732 0.022445787 0.47450003
-0.31633812 0.022386657 0.47325003
-0.30739543 0.022339351 0.47225001
-0.29832941 0.022280222 0.47100002
-0.28899932 0.02219744 0.46925002
-0.28077763 0.02219744 0.46925002
-0.27226552 0.022173788 0.46875003
-0.26377094 0.022150137 0.46825004
-0.25502101 0.022102831 0.46725002
-0.24683437 0.022102831 0.46725002
-0.23826467 0.022067353 0.46650001
-0.23009115 0.022067353 0.46650001
-0.22179873 0.022055529 0.46625003
-0.21351507 0.022043701 0.46600002
-0.20535034 0.022043701 0.46600002
-0.19718559 0.022043701 0.46600002
-0.18902086 0.022043701 0.46600002
-0.18105017 0.022067353 0.46650001
-0.17306195 0.022091005 0.46700001
-0.16532104 0.022150137 0.46825004
-0.15762019 0.022221092 0.46975002
-0.15002578 0.0223157 0.47175002
-0.1423613 0.022410309 0.47375003
-0.13448524 0.022481265 0.47525004
-0.12662299 0.022564046 0.47700003
-0.11876138 0.022658655 0.47900003
-0.11307625 0.023214478 0.49075001
-0.11650641 0.02588716 0.54725003
-0.11663792 0.028240535 0.597
-0.10648919 0.028323321 0.59875005
-0.096559711 0.028488884 0.60225004
-0.08632908 0.028595319 0.60450006
-0.075769007 0.028607143 0.60475004
-0.065092422 0.028571665 0.60400003
-0.054554928 0.028595319 0.60450006
-0.044054452 0.028654447 0.60575002
-0.033634391 0.02882001 0.60925001
-0.022969209 0.028831838 0.60950005
-0.01233055 0.028926445 0.61150002
-0.0016191644 0.028973749 0.61250001
0.0091198236 0.028997403 0.61300004
0.019892531 0.029044706 0.61400002
0.03066284 0.02905653 0.61425
0 0 0
0 0 0
0 0 0
0 0 0
0 0 0
0 0 0
0 0 0
0 0 0
0 0 0
0 0 0
0 0 0
0 0 0
0 0 0
0 0 0
0 0 0
0 0 0
0 0 0
0 0 0
0 0 0
0 0 0
0 0 0
0 0 0
0 0 0
0 0 0
0 0 0
0.32981429 0.030865913 0.65250003
0 0 0
0 0 0
0 0 0
0 0 0
0 0 0
0 0 0
0 0 0
0 0 0
0 0 0
0 0 0
-0.33450446 0.03077757 0.47550002
-0.32565877 0.030729024 0.47475001
-0.31633812 0.030631935 0.47325003
-0.30723271 0.030551028 0.47200003
-0.29832941 0.030486299 0.47100002
-0.28946123 0.030421574 0.47000003
-0.28032884 0.030324483 0.46850002
-0.27153948 0.030259756 0.46750003
-0.26320761 0.030243574 0.46725002
-0.25474811 0.03021121 0.46675003
-0.24630611 0.030178849 0.46625003
-0.23749854 0.030097939 0.46500003
-0.22947462 0.03011412 0.46525002
-0.22156087 0.030146483 0.46575001
-0.21328598 0.030130303 0.46550003
-0.20513 0.030130303 0.46550003
-0.19697402 0.030130303 0.46550003
-0.18891945 0.030146483 0.46575001
-0.18095315 0.030178849 0.46625003
-0.17333989 0.030275937 0.46775001
-0.16567409 0.030373028 0.46925002
-0.15778795 0.030437754 0.47025001
-0.15026429 0.030583389 0.47250003
-0.14251155 0.030696662 0.47425002
-0.13476822 0.030826114 0.47625002
-0.12702116 0.030971749 0.47850001
-0.11882336 0.031020295 0.47925001
-0.11094492 0.031165931 0.48150003
-0 0 0
-0.11702867 0.038771324 0.59900004
-0.10680043 0.038868416 0.60050005
-0.096479535 0.038949322 0.60175002
-0.086221971 0.039078776 0.60375005
-0.075643718 0.039078776 0.60375005
-0.065011598 0.03904641 0.60325003
-0.054442115 0.03904641 0.60325003
-0 0 0
-0.033579186 0.039370045 0.60825002
-0.02297863 0.039467137 0.60975003
-0.012365838 0.03969368 0.61325002
-0.0016284168 0.039871681 0.61600006
0 0 0
0 0 0
0 0 0
0 0 0
0 0 0
0 0 0
0 0 0
0 0 0
0 0 0
0 0 0
0 0 0
0 0 0
0 0 0
0 0 0
0 0 0
0 0 0
0 0 0
0 0 0
0 0 0
0 0 0
0 0 0
0 0 0
0 0 0
0 0 0
0 0 0
0 0 0
0 0 0
0 0 0
0 0 0
0 0 0
0 0 0
0 0 0
0 0 0
0 0 0
0 0 0
0 0 0
0 0 0
0 0 0
0.45009398 0.042800564 0.66125005
-0.3341527 0.039020974 0.47500002
-0.32583028 0.039020974 0.47500002
-0.31617099 0.038856674 0.47300002
-0.30706996 0.03875399 0.47175002
-0.2981711 0.03867184 0.47075003
-0.28930724 0.03858969 0.46975002
-0.28002968 0.038445927 0.46800002
-0.27139425 0.038384315 0.46725002
-0.26292598 0.038343243 0.46675003
-0.25433877 0.038281631 0.46600002
-0.24577782 0.038220018 0.46525002
-0.23737085 0.038178943 0.46475002
-0.229228 0.038178943 0.46475002
-0.2212041 0.038199481 0.46500003
-0.21317144 0.038220018 0.46525002
-0.20501983 0.038220018 0.46525002
-0.19676246 0.038199481 0.46500003
-0.18881805 0.038240556 0.46550003
-0.18085612 0.038281631 0.46600002
-0.17306195 0.038363777 0.46700001
-0.16593888 0.038610227 0.47000003
-0.15812349 0.038712915 0.47125003
-0.1504233 0.038856674 0.47300002
-0.14281204 0.039041512 0.47525004
-0.13483897 0.039144199 0.47650003
-0.12781754 0.039554946 0.48150003
-0.12619945 0.041814052 0.509
-0 0 0
-0 0 0
-0 0 0
-0 0 0
-0.096439458 0.049412876 0.60150003
-0.085936345 0.049433414 0.60175002
-0.075737692 0.049659327 0.60450006
-0 0 0
-0 0 0
-0 0 0
-0 0 0
-0 0 0
-0 0 0
-0 0 0
0 0 0
0 0 0
0 0 0
0 0 0
0 0 0
0 0 0
0 0 0
0 0 0
0 0 0
0 0 0
0 0 0
0 0 0
0 0 0
0 0 0
0 0 0
0 0 0
0 0 0
0 0 0
0 0 0
0 0 0
0 0 0
0 0 0
0 0 0
0 0 0
0 0 0
0 0 0
0 0 0
0 0 0
0 0 0
0 0 0
0 0 0
0 0 0
0 0 0
0 0 0
0 0 0
0 0 0
0 0 0
0 0 0
0 0 0
-0.33485618 0.047396317 0.47600001
-0.32634476 0.047371425 0.47575003
-0.31600389 0.047072709 0.47275001
-0.30706996 0.046973135 0.47175002
-0.2981711 0.046873566 0.47075003
-0.28899932 0.046724208 0.46925002
-0.28017926 0.046624634 0.46825004
-0.27153948 0.046549957 0.46750003
-0.26278514 0.046450384 0.46650001
-0.25420231 0.046375703 0.46575001
-0.24551369 0.046276134 0.46475002
-0.23711547 0.046226345 0.46425003
-0.22935133 0.046301026 0.46500003
-0.22108518 0.046276134 0.46475002
-0.21282779 0.046251237 0.46450001
-0.20490967 0.046301026 0.46500003
-0.19676246 0.046301026 0.46500003
-0.18871664 0.046325918 0.46525002
-0.18085612 0.046400595 0.46600002
-0.17324726 0.046549957 0.46750003
-0.16602714 0.046823777 0.47025001
-0.15820737 0.046948243 0.47150001
-0.15066183 0.047172282 0.47375003
-0.14311254 0.04742121 0.47625002
-0.13575865 0.047769714 0.47975004
-0.12662299 0.04749589 0.47700003
-0 0 0
-0 0 0
-0 0 0
-0 0 0
-0 0 0
-0 0 0
-0 0 0
-0 0 0
-0 0 0
-0 0 0
-0 0 0
-0 0 0
-0 0 0
-0 0 0
-0 0 0
0 0 0
0 0 0
0 0 0
0 0 0
0 0 0
0 0 0
0 0 0
0 0 0
0 0 0
0 0 0
0 0 0
0 0 0
0 0 0
0 0 0
0 0 0
0 0 0
0 0 0
0 0 0
0 0 0
0 0 0
0 0 0
0 0 0
0 0 0
0 0 0
0 0 0
0 0 0
0 0 0
0 0 0
0 0 0
0 0 0
0 0 0
0 0 0
0 0 0
0 0 0
0 0 0
0 0 0
0 0 0
0 0 0
0 0 0
-0.3353838 0.055777255 0.47675002
-0.32548732 0.055514019 0.47450003
-0.31583679 0.055280026 0.47250003
-0.30690724 0.05516303 0.47150001
-0.29848778 0.055133786 0.47125003
-0.28915328 0.054929044 0.46950004
-0.28002968 0.054753549 0.46800002
-0.27153948 0.054695055 0.46750003
-0.26264432 0.054548811 0.46625003
-0.25406587 0.054461066 0.46550003
-0.24538162 0.054344069 0.46450001
-0.23686011 0.054256324 0.46375003
-0.22885808 0.054285571 0.46400002
-0.22084732 0.054314822 0.46425003
-0.21248417 0.054256324 0.46375003
-0.20457917 0.054314822 0.46425003
-0.19665666 0.054373316 0.46475002
-0.18861525 0.054402567 0.46500003
-0.18124422 0.054636553 0.46700001
-0.1735252 0.0547828 0.46825004
-0.16593888 0.054987542 0.47000003
-0.15854293 0.055280026 0.47250003
-0.15097983 0.055543263 0.47475001
-0.14326279 0.055777255 0.47675002
-0.13660757 0.056479223 0.48275003
-0 0 0
-0 0 0
-0 0 0
-0 0 0
-0 0 0
-0 0 0
-0 0 0
-0 0 0
-0 0 0
-0 0 0
-0 0 0
-0 0 0
-0 0 0
-0 0 0
-0 0 0
-0 0 0
0 0 0
0 0 0
0 0 0
0 0 0
0 0 0
0 0 0
0 0 0
0 0 0
0 0 0
0 0 0
0 0 0
0 0 0
0 0 0
0 0 0
0 0 0
0 0 0
0 0 0
0 0 0
0 0 0
0 0 0
0 0 0
0 0 0
0 0 0
0 0 0
0 0 0
0 0 0
0 0 0
0 0 0
0 0 0
0 0 0
0 0 0
0 0 0
0 0 0
0 0 0
0 0 0
0 0 0
0 0 0
0 0 0
0 0 0
-0.3353838 0.064083509 0.47675002
-0.32583028 0.063848279 0.47500002
-0.31566966 0.063478634 0.47225001
-0.30723271 0.063445032 0.47200003
-0.29848778 0.063344218 0.47125003
-0.28899932 0.063075379 0.46925002
-0.2797305 0.062840149 0.46750003
-0.27095863 0.062705733 0.46650001
-0.26222184 0.062571317 0.46550003
-0.25379297 0.062504113 0.46500003
-0.24538162 0.062436897 0.46450001
-0.23698778 0.062369689 0.46400002
-0.22848816 0.062268876 0.46325001
-0.22025268 0.062235273 0.46300003
-0.21202597 0.062201668 0.46275002
-0.20391817 0.062201668 0.46275002
-0.19644509 0.062403295 0.46425003
-0.18861525 0.062504113 0.46500003
-0.18143828 0.062840149 0.46750003
-0.17380312 0.063041776 0.46900001
-0.16638021 0.063344218 0.47125003
-0.15879458 0.06361305 0.47325003
-0.15121835 0.063915491 0.47550002
-0.14341304 0.064150721 0.47725001
-0 0 0
-0 0 0
-0 0 0
-0 0 0
-0 0 0
-0 0 0
-0 0 0
-0 0 0
-0 0 0
-0 0 0
-0 0 0
-0 0 0
-0 0 0
-0.01667228 0.040594067 0.30200002
-0.011494025 0.040997315 0.30500001
-0.0059686713 0.039787561 0.296
-0.00077852065 0.039585937 0.29450002
0.0044036992 0.039787561 0.296
0.0095817856 0.039753959 0.29575002
0.014738631 0.039686751 0.29525003
0.019793654 0.039451517 0.29350001
0 0 0
0 0 0
0 0 0
0 0 0
0 0 0
0 0 0
0 0 0
0 0 0
0 0 0
0 0 0
0 0 0
0 0 0
0 0 0
0 0 0
0 0 0
0 0 0
0 0 0
0 0 0
0 0 0
0 0 0
0 0 0
0 0 0
0 0 0
0 0 0
0 0 0
0 0 0
0 0 0
0 0 0
0 0 0
0 0 0
0 0 0
0 0 0
0 0 0
0 0 0
0 0 0
-0.3353838 0.072389774 0.47675002
-0.32617325 0.07219997 0.47550002
-0.31683946 0.071972214 0.47400004
-0.30788362 0.071820371 0.47300002
-0.29832941 0.071516693 0.47100002
-0.28884533 0.071213014 0.46900001
-0.2797305 0.070985258 0.46750003
-0.27081344 0.070795454 0.46625003
-0.26236266 0.070719533 0.46575001
-0.25379297 0.070605651 0.46500003
-0.24538162 0.070529729 0.46450001
-0.23711547 0.070491776 0.46425003
-0.22861147 0.070377894 0.46350002
-0.22001483 0.070226051 0.46250004
-0.21191142 0.070226051 0.46250004
-0.20391817 0.070264012 0.46275002
-0.19655088 0.070529729 0.46450001
-0.18881805 0.070681572 0.46550003
-0.18172936 0.071099132 0.46825004
-0.17417371 0.071364857 0.47000003
-0.16664501 0.071668535 0.47200003
-0.15887846 0.071896292 0.47350001
-0.15105934 0.072124057 0.47500002
-0 0 0
-0 0 0
-0 0 0
-0 0 0
-0 0 0
-0 0 0
-0 0 0
-0 0 0
-0 0 0
-0 0 0
-0 0 0
-0.032357618 0.045589995 0.30025002
-0.027503084 0.046273276 0.30475003
-0.021854497 0.045627952 0.30050001
-0.016520461 0.045438152 0.29925001
-0.011154857 0.04494467 0.296
-0.0059081782 0.044489153 0.29300001
-0.00076926826 0.044185471 0.29100001
0.0043181544 0.044071592 0.29025
0.0094035948 0.044071592 0.29025
0.014476556 0.044033635 0.29000002
0.019591335 0.044109553 0.29050002
0.024936037 0.04456507 0.29350001
0 0 0
0 0 0
0 0 0
0 0 0
0 0 0
0 0 0
0 0 0
0 0 0
0 0 0
0 0 0
0 0 0
0 0 0
0 0 0
0 0 0
0 0 0
0 0 0
0 0 0
0 0 0
0 0 0
0 0 0
0 0 0
0 0 0
0 0 0
0 0 0
0 0 0
0 0 0
0 0 0
0 0 0
0 0 0
0 0 0
0 0 0
0 0 0
0 0 0
0 0 0
-0.3353838 0.080696024 0.47675002
-0.32651624 0.080569081 0.47600001
-0.31633812 0.080103613 0.47325003
-0.30772087 0.080018975 0.47275001
-0.2981711 0.07968045 0.47075003
-0.28869137 0.079341926 0.46875003
-0.27958092 0.079088032 0.46725002
-0.27066824 0.078876451 0.46600002
-0.26222184 0.07879182 0.46550003
-0.25352007 0.078622557 0.46450001
-0.24524955 0.078580245 0.46425003
-0.23673241 0.078453295 0.46350002
-0.22836487 0.078368664 0.46300003
-0.2198959 0.078241721 0.46225002
-0.21191142 0.078284033 0.46250004
-0.20402834 0.078368664 0.46300003
-0.19655088 0.078622557 0.46450001
-0.18912227 0.07891877 0.46625003
-0.1819234 0.079341926 0.46875003
-0.17435899 0.079638138 0.47050002
-0.16708633 0.080103613 0.47325003
-0.15938178 0.080399819 0.47500002
-0 0 0
-0 0 0
-0 0 0
-0 0 0
-0 0 0
-0 0 0
-0 0 0
-0 0 0
-0 0 0
-0 0 0
-0.043307349 0.051328935 0.30325001
-0.037524298 0.050694201 0.29950002
-0.032061253 0.050355677 0.29750001
-0.026939031 0.050524935 0.2985
-0.021345409 0.049678624 0.29350001
-0.015996004 0.04904389 0.28975001
-0.010815689 0.048578415 0.287
-0.0057468633 0.048239894 0.28500003
-0.00075142446 0.048112944 0.28425002
0.0042214519 0.048028316 0.28375003
0.0092902007 0.048536103 0.28675002
0.014276879 0.048409153 0.28600001
0.019355293 0.048578415 0.287
0.024596196 0.049001575 0.28950003
0.029796598 0.049213152 0.29075003
0.035070803 0.049467046 0.29225001
0.040294427 0.049593993 0.29300001
0 0 0
0 0 0
0 0 0
0 0 0
0 0 0
0 0 0
0 0 0
0 0 0
0 0 0
0 0 0
0 0 0
0 0 0
0 0 0
0 0 0
0 0 0
0 0 0
0 0 0
0 0 0
0 0 0
0 0 0
0 0 0
0 0 0
0 0 0
0 0 0
0 0 0
0 0 0
0 0 0
0 0 0
0 0 0
0 0 0
0 0 0
-0.3353838 0.089002289 0.47675002
-0.32651624 0.08886227 0.47600001
-0.31583679 0.088208877 0.47250003
-0.30772087 0.088255547 0.47275001
-0.29801273 0.087835506 0.47050002
-0.28869137 0.087508805 0.46875003
-0.27958092 0.087228775 0.46725002
-0.27037781 0.086902082 0.46550003
-0.26165852 0.086715393 0.46450001
-0.25311074 0.086575381 0.46375003
-0.24472128 0.086482033 0.46325001
-0.23622167 0.086342022 0.46250004
-0.22799493 0.086295351 0.46225002
-0.21977697 0.086248673 0.46200001
-0.21191142 0.086342022 0.46250004
-0.20402834 0.086435363 0.46300003
-0.19686823 0.086855404 0.46525002
-0.1895279 0.087228775 0.46725002
-0.18202043 0.087555476 0.46900001
-0.17445165 0.087882176 0.47075003
-0.16779245 0.088722266 0.47525004
-0.16097559 0.089562349 0.47975004
-0 0 0
-0.18105051 0.11247798 0.60250002
-0 0 0
-0 0 0
-0 0 0
-0 0 0
-0 0 0
-0 0 0
-0.054289479 0.056985736 0.30525002
-0.048460227 0.056425679 0.30225003
-0.042200565 0.055165552 0.29550001
-0.03639669 0.054232124 0.29050002
-0.031010505 0.053718738 0.28775001
-0.025698122 0.053158682 0.28475001
-0.020399958 0.05236527 0.28050002
-0.015278322 0.051665194 0.27675
-0.010410571 0.051571853 0.27625
-0.0055553005 0.051431838 0.2755
-0.00072631089 0.051291831 0.27475002
0.0040801167 0.051198483 0.27425
0.0089338198 0.051478513 0.27575001
0.013827606 0.051711868 0.27700001
0.018866355 0.052225254 0.27975002
0.024043949 0.052831985 0.28300002
0.029284187 0.053345367 0.28575
0.034530789 0.053718738 0.28775001
0.039985001 0.054278798 0.29075003
0.045040436 0.054232124 0.29050002
0 0 0
0 0 0
0 0 0
0 0 0
0 0 0
0 0 0
0 0 0
0 0 0
0 0 0
0 0 0
0 0 0
0 0 0
0 0 0
0 0 0
0 0 0
0 0 0
0.30072546 0.12395914 0.66400003
0.3121241 0.12386579 0.66350001
0 0 0
0 0 0
0 0 0
0 0 0
0 0 0
0 0 0
0 0 0
0 0 0
0 0 0
0 0 0
0 0 0
0 0 0
-0.33555967 0.097359568 0.47700003
-0.32634476 0.097104438 0.47575003
-0.31650522 0.096645191 0.47350001
-0.30690724 0.096236974 0.47150001
-0.29785436 0.095981836 0.47025001
-0.28884533 0.095726706 0.46900001
-0.2797305 0.095420547 0.46750003
-0.27066824 0.09511438 0.46600002
-0.26165852 0.094808213 0.46450001
-0.2529743 0.094604112 0.46350002
-0.24445714 0.094451025 0.46275002
-0.23583861 0.094246924 0.46175003
-0.22762501 0.094195895 0.46150002
-0.21965805 0.094246924 0.46175003
-0.21202597 0.094451025 0.46275002
-0.20424867 0.094604112 0.46350002
-0.19686823 0.0949613 0.46525002
-0.1895279 0.095369518 0.46725002
-0.18240854 0.095930815 0.47000003
-0.17500752 0.096390054 0.47225001
-0.16708633 0.09659417 0.47325003
-0 0 0
-0 0 0
-0 0 0
-0 0 0
-0 0 0
-0 0 0
-0 0 0
-0 0 0
-0.058563173 0.061181404 0.29975
-0.053266827 0.061130382 0.29950002
-0.047057323 0.05990573 0.29350001
-0.041165184 0.058834162 0.28825
-0.035394367 0.057660539 0.2825
-0.029878933 0.056588978 0.27725002
-0.024795644 0.056078706 0.27475002
-0.019909048 0.055874594 0.27375001
-0.015112704 0.055874594 0.27375001
-0.010297516 0.055772543 0.27325001
-0.0054998486 0.055670489 0.27275002
-0.00072168466 0.055721514 0.273
0.0040652393 0.055772543 0.27325001
0.0088690231 0.055874594 0.27375001
0.013677849 0.055925623 0.27400002
0.018512294 0.056027677 0.27450001
0.02340674 0.056231782 0.2755
0.028413093 0.056588978 0.27725002
0.033930775 0.057711568 0.28275001
0.039263003 0.058272868 0.28550002
0.04480787 0.058987241 0.289
0.050345968 0.059548542 0.29175001
0 0 0
0 0 0
0 0 0
0 0 0
0 0 0
0 0 0
0 0 0
0 0 0
0 0 0
0 0 0
0 0 0
0 0 0
0 0 0
0 0 0
0 0 0
0 0 0
0 0 0
0 0 0
0 0 0
0 0 0
0 0 0
0 0 0
0 0 0
0 0 0
0 0 0
0 0 0
0 0 0
0 0 0
0 0 0
-0.33573553 0.10572556 0.47725001
-0.32617325 0.10533789 0.47550002
-0.31650522 0.10489482 0.47350001
-0.30658177 0.104341 0.47100002
-0.29722098 0.10395332 0.46925002
-0.28822947 0.10367641 0.46800002
-0.27958092 0.10351026 0.46725002
-0.27066824 0.10323334 0.46600002
-0.26165852 0.10290105 0.46450001
-0.2527014 0.10256876 0.46300003
-0.24445714 0.10251337 0.46275002
-0.23583861 0.10229184 0.46175003
-0.22750171 0.10218108 0.46125001
-0.21965805 0.10229184 0.46175003
-0.21236961 0.10267952 0.46350002
-0.20501983 0.1030672 0.46525002
-0.19750296 0.1033995 0.46675003
-0.19003493 0.10378718 0.46850002
-0.18299069 0.10445177 0.47150001
-0.1751928 0.10472868 0.47275001
-0 0 0
-0 0 0
-0 0 0
-0 0 0
-0 0 0
-0 0 0
-0 0 0
-0 0 0
-0 0 0
-0.05890508 0.066791534 0.30150002
-0.051977392 0.064742371 0.29225001
-0.045734588 0.06319166 0.28525001
-0.039844189 0.061807092 0.27900001
-0.034360725 0.060754817 0.27425
-0.029447855 0.060533289 0.27325001
-0.024615146 0.060422525 0.27275002
-0.019818138 0.060367141 0.27250001
-0.015029895 0.060311761 0.27225003
-0.010250409 0.060256377 0.27200001
-0.0054746433 0.060145613 0.27150002
-0.00071771943 0.060145613 0.27150002
0.0040392042 0.060145613 0.27150002
0.0088123269 0.060256377 0.27200001
0.01360297 0.060367141 0.27250001
0.018411133 0.060477905 0.273
0.02323682 0.060588673 0.27350003
0.028080028 0.060699437 0.27400002
0.033000752 0.060920965 0.27500001
0.038300335 0.061696328 0.27850002
0.04407141 0.062970132 0.28425002
0.04978513 0.063911632 0.28850001
0.055410162 0.064576223 0.2915
0.060828917 0.064908519 0.29300001
0 0 0
0 0 0
0 0 0
0 0 0
0 0 0
0 0 0
0 0 0
0 0 0
0 0 0
0 0 0
0 0 0
0 0 0
0 0 0
0 0 0
0 0 0
0 0 0
0 0 0
0 0 0
0 0 0
0 0 0
0 0 0
0 0 0
0 0 0
0 0 0
0 0 0
0 0 0
0 0 0
-0.33555967 0.1139808 0.47700003
-0.32617325 0.11362237 0.47550002
-0.31633812 0.11308473 0.47325003
-0.30706996 0.11272629 0.47175002
-0.29737934 0.11218865 0.46950004
-0.28807548 0.11177047 0.46775001
-0.27928174 0.11153153 0.46675003
-0.27066824 0.11135231 0.46600002
-0.26165852 0.11099388 0.46450001
-0.2524285 0.11051597 0.46250004
-0.24432509 0.11051597 0.46250004
-0.23571092 0.11027702 0.46150002
-0.2273784 0.11015754 0.46100003
-0.21977697 0.11039649 0.46200001
-0.21248417 0.11081467 0.46375003
-0.20535034 0.11135231 0.46600002
-0.19782031 0.11171074 0.46750003
-0.19084617 0.1124276 0.47050002
-0.18328176 0.11284576 0.47225001
-0 0 0
-0 0 0
-0 0 0
-0 0 0
-0 0 0
-0 0 0
-0 0 0
-0 0 0
-0 0 0
-0.064081185 0.071924992 0.30100003
-0.057293251 0.070073105 0.29325002
-0.050732426 0.068161473 0.28525001
-0.044572186 0.066429064 0.27800003
-0.039094429 0.065413505 0.27375001
-0.034204114 0.065234289 0.273
-0.029313145 0.064995341 0.27200001
-0.024502337 0.064875863 0.27150002
-0.019709051 0.064756386 0.27100003
-0.014919482 0.06457717 0.27025002
-0.010165617 0.064457692 0.26975
-0.005429273 0.064338215 0.26925001
-0.00071044965 0.064218737 0.26875001
0.003994572 0.064158998 0.2685
0.008723231 0.064338215 0.26925001
0.013453213 0.064397953 0.26950002
0.018225674 0.06457717 0.27025002
0.023045657 0.064816125 0.27125001
0.027875062 0.064995341 0.27200001
0.032730751 0.065174557 0.27275002
0.037681479 0.065473251 0.27400002
0.042947337 0.066190109 0.27700001
0.048879158 0.067683563 0.28325
0.054934949 0.069057547 0.289
0.060465604 0.069595195 0.29125002
0.065456003 0.069475718 0.29075003
0 0 0
0 0 0
0 0 0
0 0 0
0 0 0
0 0 0
0 0 0
0 0 0
0 0 0
0 0 0
0 0 0
0 0 0
0 0 0
0 0 0
0 0 0
0 0 0
0 0 0
0 0 0
0 0 0
0 0 0
0 0 0
0 0 0
0 0 0
0 0 0
0 0 0
0 0 0
-0.33555967 0.12229142 0.47700003
-0.32617325 0.12190685 0.47550002
-0.31600389 0.12120181 0.47275001
-0.30706996 0.12094544 0.47175002
-0.29737934 0.12036859 0.46950004
-0.28776756 0.11979175 0.46725002
-0.27913213 0.11959946 0.46650001
-0.27037781 0.11934309 0.46550003
-0.26165852 0.11908671 0.46450001
-0.2521556 0.11844577 0.46200001
-0.24366474 0.11825348 0.46125001
-0.23545554 0.11818939 0.46100003
-0.2273784 0.11818939 0.46100003
-0.2198959 0.11850987 0.46225002
-0.2125987 0.11895853 0.46400002
-0.20557067 0.11959946 0.46650001
-0.19845502 0.12024041 0.46900001
-0.19094758 0.12068906 0.47075003
-0.18328176 0.12107363 0.47225001
-0 0 0
-0 0 0
-0.20040162 0.15312065 0.59725004
-0.18961924 0.15286428 0.59625006
-0.180149 0.15369748 0.5995
-0.16978674 0.15382567 0.60000002
-0.16033602 0.15485118 0.60400003
-0.14987737 0.15497938 0.60450006
-0.069700591 0.077553779 0.30250001
-0.063336052 0.076271899 0.29750001
-0.055925637 0.073387668 0.28625003
-0.049265143 0.071016185 0.27700001
-0.043850694 0.070118874 0.27350003
-0.038915917 0.069862492 0.27250001
-0.034078825 0.069734305 0.27200001
-0.02915149 0.069349743 0.2705
-0.024299277 0.069029272 0.26925001
-0.01952723 0.068836987 0.2685
-0.014740062 0.068452425 0.26700002
-0.010061983 0.068452425 0.26700002
-0.0054091089 0.068772897 0.26825002
-0.00070978876 0.068836987 0.2685
0.003987133 0.0687088 0.26800001
0.0086584343 0.068516515 0.26725
0.013328415 0.068452425 0.26700002
0.018040214 0.068580613 0.26750001
0.022854496 0.068965182 0.26900002
0.027695721 0.069285654 0.27025002
0.032550745 0.069542028 0.27125001
0.037543952 0.06999068 0.273
0.042443439 0.070182964 0.27375001
0.047541775 0.070631623 0.2755
0.054032039 0.072874919 0.28425002
0.059946585 0.074028611 0.28875002
0.065456003 0.07454136 0.29075003
0.070550203 0.07454136 0.29075003
0.075124063 0.074028611 0.28875002
0 0 0
0 0 0
0 0 0
0 0 0
0 0 0
0 0 0
0 0 0
0 0 0
0 0 0
0 0 0
0 0 0
0 0 0
0 0 0
0 0 0
0 0 0
0 0 0
0 0 0
0 0 0
0 0 0
0 0 0
0 0 0
0 0 0
0 0 0
0 0 0
-0.3353838 0.13053358 0.47675002
-0.32617325 0.13019133 0.47550002
-0.31583679 0.12936994 0.47250003
-0.30706996 0.12916459 0.47175002
-0.29722098 0.12848009 0.46925002
-0.28822947 0.12813784 0.46800002
-0.27868336 0.12752178 0.46575001
-0.27008739 0.12731645 0.46500003
-0.2615177 0.12711109 0.46425003
-0.2521556 0.12649505 0.46200001
-0.24353267 0.12622125 0.46100003
-0.23545554 0.12622125 0.46100003
-0.22774833 0.12642661 0.46175003
-0.2203716 0.1268373 0.46325001
-0.21271326 0.12711109 0.46425003
-0.20590116 0.12793249 0.46725002
-0.1986666 0.12854855 0.46950004
-0.19145462 0.12923303 0.47200003
-0 0 0
-0 0 0
-0 0 0
-0 0 0
-0 0 0
-0 0 0
-0 0 0
-0.16013692 0.16516913 0.60325003
-0.15031126 0.16599053 0.60625005
-0.06883654 0.081797391 0.29875001
-0.06211191 0.079880804 0.29175001
-0.054362647 0.076184519 0.27825001
-0.048642661 0.074883975 0.27350003
-0.043650281 0.074541725 0.27225003
-0.038737405 0.074267924 0.27125001
-0.033796921 0.073857225 0.26975
-0.028828185 0.073241182 0.26750001
-0.024096221 0.073104285 0.26700002
-0.019636322 0.073925674 0.27000001
-0.015195513 0.075363122 0.27525002
-0.010485942 0.076184519 0.27825001
-0.0056359582 0.076526769 0.27950001
-0.00073952856 0.076595217 0.27975002
0.0041619423 0.076595217 0.27975002
0.0090472139 0.07645832 0.27925003
0.013802647 0.075705372 0.27650002
0.018309975 0.07433638 0.27150002
0.022705812 0.073172726 0.26725
0.027388273 0.073172726 0.26725
0.032310739 0.073720329 0.26925001
0.037234526 0.074131027 0.27075002
0.042210877 0.074541725 0.27225003
0.047153506 0.074815527 0.27325001
0.052796479 0.076047622 0.27775002
0.059116155 0.077964209 0.28475001
0.06534344 0.079470098 0.29025
0.070428871 0.079470098 0.29025
0.075254142 0.079196304 0.28925002
0 0 0
0 0 0
0 0 0
0 0 0
0 0 0
0 0 0
0 0 0
0 0 0
0 0 0
0 0 0
0 0 0
0 0 0
0 0 0
0.30529934 0.16537447 0.60400003
0.31261331 0.16366324 0.59775001
0 0 0
0 0 0
0 0 0
0 0 0
0 0 0
0 0 0
0 0 0
0 0 0
0 0 0
-0.33555967 0.13891265 0.47700003
-0.32497284 0.13796619 0.47375003
-0.31617099 0.13774776 0.47300002
-0.30690724 0.13731092 0.47150001
-0.29753768 0.13680129 0.46975002
-0.28822947 0.13629165 0.46800002
-0.27913213 0.13585483 0.46650001
-0.26965177 0.13519958 0.46425003
-0.26095438 0.13490835 0.46325001
-0.25229207 0.13461713 0.46225002
-0.24379681 0.13439871 0.46150002
-0.23583861 0.13447152 0.46175003
-0.22811826 0.13468994 0.46250004
-0.22049053 0.13498116 0.46350002
-0.21340053 0.1356364 0.46575001
-0.20623167 0.13629165 0.46800002
-0.1994071 0.13723813 0.47125003
-0.19358413 0.13898546 0.47725001
-0 0 0
-0 0 0
-0 0 0
-0 0 0
-0 0 0
-0 0 0
-0 0 0
-0.16040239 0.17597058 0.60425001
-0.15006331 0.1762618 0.60525
-0.067684464 0.085546315 0.29375002
-0.060089417 0.082197264 0.28225002
-0.053629998 0.079940297 0.27450001
-0.048464809 0.079357855 0.27250001
-0.043489944 0.078993827 0.27125001
-0.038451783 0.078411385 0.26925001
-0.033421054 0.07768333 0.26675001
-0.028935952 0.078192964 0.2685
-0.024818204 0.080085903 0.27500001
-0.020327229 0.081396401 0.27950001
-0.015443942 0.081469215 0.27975002
-0.010514207 0.081250794 0.27900001
-0.0056057121 0.080959573 0.27800003
-0.00073291973 0.08074116 0.27725002
0.0041470649 0.081177987 0.27875
0.0090229157 0.081105188 0.27850002
0.013902485 0.081105188 0.27850002
0.018782055 0.081105188 0.27850002
0.023512941 0.080595538 0.27675
0.027746961 0.07884822 0.27075002
0.03201073 0.07768333 0.26675001
0.036925096 0.078192964 0.2685
0.041939545 0.078775406 0.2705
0.046980944 0.079285055 0.27225003
0.052083656 0.07979469 0.27400002
0.057922415 0.081250794 0.27900001
0.06393639 0.082706898 0.28400001
0.070368215 0.084454231 0.29000002
0 0 0
0 0 0
0 0 0
0 0 0
0 0 0
0 0 0
0 0 0
0 0 0
0 0 0
0 0 0
0 0 0
0 0 0
0 0 0
0 0 0
0.30529934 0.17589778 0.60400003
0.31012917 0.17269434 0.59300005
0.30227697 0.16286561 0.55925
0.29979903 0.15645875 0.53725004
0.30288109 0.1532553 0.52625
0.30824652 0.15136236 0.51975
0 0 0
0 0 0
0 0 0
0 0 0
0 0 0
-0.33520794 0.14706893 0.47650003
-0.3253158 0.14637448 0.47425002
-0.31617099 0.14598867 0.47300002
-0.30658177 0.14537138 0.47100002
-0.2969043 0.14467694 0.46875003
-0.28776756 0.14421397 0.46725002
-0.27898255 0.14390533 0.46625003
-0.26965177 0.14328805 0.46425003
-0.26095438 0.14297938 0.46325001
-0.2521556 0.14259359 0.46200001
-0.24353267 0.14228494 0.46100003
-0.23609398 0.14267075 0.46225002
-0.22836487 0.14290224 0.46300003
-0.2212041 0.14351952 0.46500003
-0.21408781 0.14421397 0.46725002
-0.20667233 0.1447541 0.46900001
-0.2002534 0.14606583 0.47325003
-0 0 0
-0 0 0
-0 0 0
-0 0 0
-0 0 0
-0 0 0
-0 0 0
-0 0 0
-0 0 0
-0.073327102 0.091281503 0.29575002
-0.066244371 0.088735193 0.28750002
-0.058599159 0.084954299 0.27525002
-0.053239249 0.084105521 0.27250001
-0.048242491 0.083719723 0.27125001
-0.043049034 0.082870945 0.2685
-0.038059056 0.082253665 0.26650003
-0.033702958 0.083025277 0.26900002
-0.029878933 0.085571587 0.27725002
-0.02520176 0.086188875 0.27925003
-0.020309048 0.086188875 0.27925003
-0.015361131 0.085880227 0.27825001
-0.010448257 0.085571587 0.27725002
-0.0055553005 0.085031457 0.2755
-0.00072631089 0.084799975 0.27475002
0.0041135908 0.085340105 0.27650002
0.0089743175 0.085494421 0.27700001
0.013865046 0.085725911 0.27775002
0.018714614 0.085648745 0.2775
0.023597904 0.085725911 0.27775002
0.028489955 0.085803069 0.27800003
0.032700747 0.084105521 0.27250001
0.036718812 0.082407989 0.26700002
0.041551933 0.082716621 0.26800001
0.046808373 0.083719723 0.27125001
0.051798522 0.084105521 0.27250001
0.057091985 0.084877133 0.27500001
0.063429855 0.086960487 0.28175002
0.07000424 0.089043833 0.28850001
0.074278511 0.088117898 0.28550002
0 0 0
0 0 0
0 0 0
0 0 0
0 0 0
0 0 0
0 0 0
0 0 0
0 0 0
0 0 0
0 0 0
0 0 0
0.29435077 0.18618958 0.60325003
0.30365658 0.18541797 0.60075003
0.30293813 0.17878212 0.57925004
0.2945748 0.16821104 0.54500002
0.29631135 0.16389003 0.53100002
0.30129835 0.1615752 0.52350003
0.30483639 0.15864308 0.514
0.3107892 0.15709986 0.509
0 0 0
0 0 0
0 0 0
0 0 0
-0.33520794 0.15537083 0.47650003
-0.32617325 0.15504476 0.47550002
-0.31600389 0.15414807 0.47275001
-0.30674452 0.15365899 0.47125003
-0.29722098 0.15300685 0.46925002
-0.28776756 0.15235472 0.46725002
-0.27883297 0.15194713 0.46600002
-0.26921615 0.15113197 0.46350002
-0.2605319 0.15080591 0.46250004
-0.2516098 0.1503168 0.46100003
-0.2434006 0.15023528 0.46075001
-0.23634934 0.15088741 0.46275002
-0.22885808 0.15129499 0.46400002
-0.22156087 0.15186562 0.46575001
-0.21454599 0.15268078 0.46825004
-0.20755365 0.15357746 0.47100002
-0.19951288 0.1537405 0.47150001
-0 0 0
-0 0 0
-0 0 0
-0 0 0
-0 0 0
-0 0 0
-0 0 0
-0.17176759 0.19792256 0.60700005
-0.1611324 0.19792256 0.60700005
-0.072645269 0.095537573 0.29300001
-0.064631462 0.09146174 0.28050002
-0.058120143 0.089016236 0.273
-0.052946191 0.088364109 0.27100003
-0.047842328 0.087711975 0.26900002
-0.042728372 0.086896807 0.26650003
-0.038237568 0.087304391 0.26775002
-0.0347366 0.090402022 0.27725002
-0.0299867 0.090728089 0.27825001
-0.025134074 0.090809606 0.27850002
-0.020236321 0.090728089 0.27825001
-0.015305926 0.090402022 0.27725002
-0.010429414 0.090238981 0.27675
-0.0055704238 0.090075955 0.27625
-0.00072895439 0.089912921 0.27575001
0.0041135908 0.090157472 0.27650002
0.0089662177 0.090238981 0.27675
0.013802647 0.090157472 0.27650002
0.018664032 0.090238981 0.27675
0.023555424 0.090402022 0.27725002
0.028464334 0.090565056 0.27775002
0.033420764 0.090809606 0.27850002
0.037612718 0.089179277 0.27350003
0.041358128 0.086978316 0.26675001
0.046376962 0.087630451 0.26875001
0.05160844 0.088527143 0.27150002
0.056780577 0.089179277 0.27350003
0.062641896 0.090728089 0.27825001
0.068851665 0.092521459 0.28375003
0.07388825 0.092602976 0.28400001
0 0 0
0 0 0
0 0 0
0 0 0
0 0 0
0 0 0
0 0 0
0.27152863 0.22115481 0.67825001
0 0 0
0 0 0
0 0 0
0 0 0
0.28812951 0.19254246 0.59050006
0.29228368 0.18854813 0.57825005
0.28973278 0.18064101 0.55400002
0.28903466 0.17436422 0.53475004
0.29226565 0.17077748 0.52375001
0.2968379 0.16816896 0.51575005
0.30112976 0.16556042 0.50775003
0.30651513 0.16368555 0.50200003
0.31169897 0.16181065 0.49625003
0.31732696 0.16026184 0.49150002
0 0 0
0 0 0
-0.33520794 0.16367275 0.47650003
-0.32548732 0.16298576 0.47450003
-0.31516832 0.16195528 0.47150001
-0.30625632 0.1616118 0.47050002
-0.29658762 0.16083896 0.46825004
-0.28715169 0.16015197 0.46625003
-0.27793545 0.15955086 0.46450001
-0.26950654 0.15937912 0.46400002
-0.26067272 0.15894976 0.46275002
-0.2518827 0.1585204 0.46150002
-0.24419302 0.15877801 0.46225002
-0.23660472 0.1591215 0.46325001
-0.229228 0.15963674 0.46475002
-0.22179873 0.16015197 0.46625003
-0.21523327 0.16135418 0.46975002
-0.20777398 0.16195528 0.47150001
-0.19972447 0.16212703 0.47200003
-0 0 0
-0 0 0
-0 0 0
-0 0 0
-0 0 0
-0 0 0
-0 0 0
-0 0 0
-0.078641631 0.10175876 0.29625002
-0.071901463 0.099611953 0.29000002
-0.063594595 0.094803102 0.27600002
-0.057800803 0.093257397 0.27150002
-0.052750815 0.09274216 0.27000001
-0.04762001 0.091969311 0.26775002
-0.042728372 0.091539949 0.26650003
-0.039487161 0.094974846 0.27650002
-0.034893211 0.095661826 0.27850002
-0.029959759 0.095490083 0.27800003
-0.025043823 0.095318332 0.2775
-0.020145411 0.095146589 0.27700001
-0.015223116 0.094717227 0.27575001
-0.010363465 0.094459608 0.27500001
-0.0055401777 0.09437374 0.27475002
-0.00072498905 0.094201989 0.27425
0.0040763975 0.094116122 0.27400002
0.0089014219 0.09437374 0.27475002
0.013765207 0.094717227 0.27575001
0.018647173 0.094974846 0.27650002
0.023534182 0.095146589 0.27700001
0.028413093 0.095232464 0.27725002
0.033360764 0.095490083 0.27800003
0.038265955 0.095575951 0.27825001
0.04182326 0.092656285 0.26975
0.04611811 0.09179756 0.26725
0.05132331 0.09274216 0.27000001
0.056572966 0.093600884 0.27250001
0.061797671 0.094287865 0.27450001
0.068851665 0.097465143 0.28375003
0.074148424 0.097894505 0.28500003
0 0 0
0 0 0
0 0 0
0 0 0
0 0 0
0 0 0
0 0 0
0 0 0
0 0 0
0 0 0
0 0 0
0 0 0
0 0 0
0 0 0
0 0 0
0.28511599 0.1811907 0.52750003
0.28794098 0.17724058 0.51600003
0.29309684 0.17492203 0.50925004
0.29801613 0.17260346 0.5025
0.30376747 0.17088602 0.49750003
0.31028572 0.1696838 0.49400002
0.31651992 0.16839571 0.49025002
0.32328588 0.16745111 0.48750001
0.3292748 0.16616304 0.48375002
-0.33591139 0.17233555 0.47750002
-0.32565877 0.17134304 0.47475001
-0.31533545 0.17026031 0.47175002
-0.30544266 0.16935803 0.46925002
-0.29658762 0.16899712 0.46825004
-0.28745961 0.16845575 0.46675003
-0.27733707 0.16728279 0.46350002
-0.26950654 0.16746324 0.46400002
-0.26081356 0.16710234 0.46300003
-0.25201917 0.16665119 0.46175003
-0.24445714 0.1670121 0.46275002
-0.23737085 0.16773392 0.46475002
-0.22959793 0.16800462 0.46550003
-0.22215551 0.16854598 0.46700001
-0.21534783 0.16962872 0.47000003
-0.20777398 0.17017008 0.47150001
-0 0 0
-0 0 0
-0 0 0
-0 0 0
-0 0 0
-0 0 0
-0 0 0
-0 0 0
-0 0 0
-0.078774363 0.10710068 0.29675001
-0.070909716 0.10322088 0.28600001
-0.062903345 0.098529018 0.273
-0.057694357 0.097807199 0.27100003
-0.0525066 0.096995145 0.26875001
-0.047264304 0.095912412 0.26575002
-0.043610197 0.098168105 0.27200001
-0.039737079 0.10042381 0.27825001
-0.034830566 0.10033359 0.27800003
-0.029878933 0.1000629 0.27725002
-0.024931014 0.099701978 0.27625
-0.019981775 0.099160619 0.27475002
-0.0150851 0.098619245 0.27325001
-0.010250409 0.098168105 0.27200001
-0.0054847253 0.098168105 0.27200001
-0.00071771943 0.097987652 0.27150002
0.0040354845 0.097897425 0.27125001
0.0088042263 0.098077878 0.27175
0.013690328 0.098980159 0.27425
0.018579733 0.099431299 0.2755
0.023449223 0.099611759 0.27600002
0.028361849 0.099882439 0.27675
0.033330761 0.10024335 0.27775002
0.038265955 0.10042381 0.27825001
0.042831052 0.099701978 0.27625
0.04598869 0.096183099 0.26650003
0.051085699 0.096995145 0.26875001
0.056365363 0.097987652 0.27150002
0.061628822 0.098799706 0.27375001
0.068245031 0.10150654 0.28125
0.074018337 0.10267951 0.2845
0 0 0
0 0 0
0 0 0
0 0 0
0 0 0
0 0 0
0 0 0
0 0 0
0 0 0
0 0 0
0 0 0
0 0 0
0 0 0
0 0 0
0 0 0
0 0 0
0 0 0
0 0 0
0.29490253 0.17946357 0.49725002
0.30239365 0.17874174 0.49525002
0.30761626 0.17675674 0.48975003
0.31329176 0.17513263 0.48525003
0.32030168 0.17432056 0.48300001
0.32774329 0.1737792 0.48150003
-0.33555967 0.18046571 0.47700003
-0.32548732 0.17951988 0.47450003
-0.31650522 0.17914154 0.47350001
-0.30658177 0.1781957 0.47100002
-0.29674593 0.17724986 0.46850002
-0.28761357 0.17668237 0.46700001
-0.27823463 0.1759257 0.46500003
-0.27008739 0.1759257 0.46500003
-0.2610952 0.17535819 0.46350002
-0.25229207 0.17488527 0.46225002
-0.24485335 0.17535819 0.46350002
-0.23788159 0.17620945 0.46575001
-0.23033777 0.17668237 0.46700001
-0.22298801 0.17734446 0.46875003
-0.2160351 0.17838487 0.47150001
-0.20810449 0.17866862 0.47225001
-0 0 0
-0 0 0
-0 0 0
-0 0 0
-0 0 0
-0 0 0
-0 0 0
-0 0 0
-0 0 0
-0.078243442 0.11151419 0.29475001
-0.069855995 0.10659584 0.28175002
-0.062615328 0.10281249 0.27175
-0.057375014 0.10196124 0.26950002
-0.052262384 0.10120457 0.26750001
-0.047264304 0.10054249 0.26575002
-0.044331688 0.10460959 0.27650002
-0.039737079 0.10527167 0.27825001
-0.034767918 0.10498791 0.2775
-0.029798105 0.10460959 0.27650002
-0.024840767 0.10413667 0.27525002
-0.019890867 0.10347458 0.27350003
-0.014933283 0.10233957 0.2705
-0.010146774 0.10186666 0.26925001
-0.0054091089 0.10148832 0.26825002
-0.00070648431 0.10110998 0.26725
0.0039796946 0.10120457 0.26750001
0.0087151323 0.10177208 0.26900002
0.013503131 0.10233957 0.2705
0.018394275 0.10319083 0.27275002
0.023321781 0.10385291 0.27450001
0.028284991 0.10442042 0.27600002
0.033270761 0.10489333 0.27725002
0.038231574 0.10517709 0.27800003
0.043179903 0.10536625 0.27850002
0.046549525 0.10205582 0.26975
0.050705526 0.10092082 0.26675001
0.056261558 0.10252874 0.27100003
0.061516259 0.10337999 0.27325001
0.067517087 0.10527167 0.27825001
0.073953301 0.10754168 0.28425002
0.079974957 0.10896043 0.28800002
0 0 0
0 0 0
0 0 0
0 0 0
0 0 0
0 0 0
0 0 0
0 0 0
0 0 0
0 0 0
0 0 0
0 0 0
0 0 0
0 0 0
0 0 0
0 0 0
0 0 0
0 0 0
0 0 0
0 0 0
0.31216192 0.1829249 0.48350003
0.31947276 0.18226281 0.48175001
0.32723278 0.18188447 0.48075002
-0.33626315 0.18917207 0.47800002
-0.32497284 0.18749011 0.47375003
-0.31516832 0.18659964 0.47150001
-0.30560541 0.18580814 0.46950004
-0.2969043 0.18551132 0.46875003
-0.28745961 0.1847198 0.46675003
-0.27778587 0.18373041 0.46425003
-0.26921615 0.18343359 0.46350002
-0.2605319 0.18303785 0.46250004
-0.2524285 0.18303785 0.46250004
-0.24511749 0.18363146 0.46400002
-0.23762622 0.18412617 0.46525002
-0.2305844 0.18501663 0.46750003
-0.2234637 0.18590708 0.46975002
-0.21683693 0.18729223 0.47325003
-0 0 0
-0 0 0
-0 0 0
-0 0 0
-0 0 0
-0 0 0
-0 0 0
-0 0 0
-0 0 0
-0 0 0
-0.077778898 0.11595694 0.29300001
-0.069298133 0.11061422 0.27950001
-0.062615328 0.10754709 0.27175
-0.057375014 0.10665664 0.26950002
-0.05196932 0.10527149 0.266
-0.047664471 0.106063 0.26800001
-0.044492017 0.1098227 0.2775
-0.039665673 0.10992164 0.27775002
-0.034705274 0.10962483 0.27700001
-0.029717278 0.10913013 0.27575001
-0.02477308 0.10863543 0.27450001
-0.019709051 0.10725028 0.27100003
-0.014781467 0.10596407 0.26775002
-0.009986612 0.10487574 0.26500002
-0.0053133275 0.1042821 0.26350001
-0.00069458841 0.10398527 0.26275
0.0039053077 0.10388634 0.26250002
0.0085612396 0.10457891 0.26425001
0.013315935 0.1055683 0.26675001
0.018158233 0.1065577 0.26925001
0.023173099 0.10794286 0.27275002
0.028156888 0.10873438 0.27475002
0.033180758 0.10942695 0.27650002
0.038197193 0.10992164 0.27775002
0.043179903 0.11021847 0.27850002
0.047412354 0.10873438 0.27475002
0.050562963 0.10527149 0.266
0.055950146 0.10665664 0.26950002
0.061347414 0.10784391 0.27250001
0.067153111 0.10952588 0.27675
0.074278511 0.11298876 0.28550002
0.080044374 0.11407709 0.28825
0 0 0
0 0 0
0 0 0
0 0 0
0 0 0
0 0 0
0 0 0
0 0 0
0 0 0
0 0 0
0 0 0
0 0 0
0 0 0
0 0 0
0 0 0
0 0 0
0 0 0
0 0 0
0 0 0
0 0 0
0 0 0
0 0 0
0 0 0
-0 0 0
-0.3253158 0.19595069 0.47425002
-0.31550258 0.19502105 0.47200003
-0.30593085 0.19419467 0.47000003
-0.29674593 0.19357491 0.46850002
-0.28730565 0.19274855 0.46650001
-0.27853379 0.19233537 0.46550003
-0.26950654 0.1917156 0.46400002
-0.26095438 0.1914057 0.46325001
-0.25311074 0.1916123 0.46375003
-0.24564576 0.19212878 0.46500003
-0.23800929 0.19254196 0.46600002
-0.2305844 0.19316173 0.46750003
-0.22429618 0.19481444 0.47150001
-0.21637873 0.19512433 0.47225001
-0 0 0
-0 0 0
-0 0 0
-0 0 0
-0 0 0
-0 0 0
-0 0 0
-0 0 0
-0 0 0
-0 0 0
-0.077115253 0.12002884 0.29050002
-0.068864249 0.11476079 0.27775002
-0.062615328 0.1122817 0.27175
-0.057215344 0.11104217 0.26875001
-0.051822796 0.10959604 0.26525003
-0.04793125 0.11135206 0.26950002
-0.044492017 0.11465749 0.2775
-0.03959427 0.1145542 0.27725002
-0.034642629 0.11424432 0.27650002
-0.029582568 0.11341795 0.27450001
-0.02454746 0.112385 0.27200001
-0.019509049 0.11083558 0.26825002
-0.014588244 0.10918286 0.26425001
-0.0097604999 0.10701366 0.259
-0.0051066419 0.10463787 0.25325
-0.00066683139 0.1042247 0.25225002
0.0037602535 0.10443129 0.25275001
0.0083020544 0.10587742 0.25625002
0.01307882 0.10825321 0.26200002
0.017955914 0.11000922 0.26625001
0.023003178 0.11186853 0.27075002
0.028054405 0.11310807 0.27375001
0.033090755 0.11393443 0.27575001
0.038197193 0.11476079 0.27775002
0.043102384 0.11486409 0.27800003
0.047628064 0.11403773 0.27600002
0.05046792 0.10969933 0.26550001
0.055846345 0.11114547 0.26900002
0.061066002 0.11207512 0.27125001
0.066910468 0.11393443 0.27575001
0.07388825 0.11734316 0.28400001
0 0 0
0 0 0
0 0 0
0 0 0
0 0 0
0 0 0
0 0 0
0 0 0
0 0 0
0 0 0
0 0 0
0 0 0
0 0 0
0 0 0
0 0 0
0 0 0
0 0 0
0 0 0
0 0 0
0 0 0
0 0 0
0 0 0
0 0 0
0 0 0
-0 0 0
-0 0 0
-0.31650522 0.20389044 0.47350001
-0.30609357 0.20249099 0.47025001
-0.29706264 0.20195273 0.46900001
-0.28745961 0.20098388 0.46675003
-0.27853379 0.20044562 0.46550003
-0.26936135 0.19969207 0.46375003
-0.26039106 0.19904616 0.46225002
-0.25352007 0.20001501 0.46450001
-0.2459099 0.20044562 0.46550003
-0.23852003 0.20109151 0.46700001
-0.23181747 0.20238334 0.47000003
-0.22453405 0.20324454 0.47200003
-0.21729511 0.2042134 0.47425002
-0 0 0
-0 0 0
-0 0 0
-0 0 0
-0 0 0
-0 0 0
-0 0 0
-0 0 0
-0 0 0
-0 0 0
-0.076982528 0.12487483 0.29000002
-0.068678297 0.11927699 0.27700001
-0.062500119 0.11680102 0.27125001
-0.057108898 0.11550921 0.26825002
-0.051725104 0.1140021 0.26475
-0.048464809 0.11733927 0.27250001
-0.044492017 0.11949228 0.2775
-0.039558567 0.11927699 0.27700001
-0.03451734 0.11863108 0.2755
-0.029367028 0.11733927 0.27250001
-0.024366964 0.11626276 0.27000001
-0.019272687 0.11410975 0.26500002
-0.014243206 0.11109553 0.25800002
-0.0094401753 0.10786602 0.25050002
-0.0051116832 0.10915782 0.25350001
-0.00066154427 0.10775836 0.25025001
0.00372306 0.10775836 0.25025001
0.0081157638 0.10786602 0.25050002
0.012729386 0.10980373 0.25500003
0.017686153 0.11292559 0.26225001
0.022875736 0.11593981 0.26925001
0.028054405 0.11787753 0.27375001
0.033060756 0.11863108 0.2755
0.038094047 0.11927699 0.27700001
0.042986099 0.11938464 0.27725002
0.047757484 0.11916933 0.27675
0.05065801 0.11475566 0.26650003
0.055638734 0.11540156 0.26800001
0.061122287 0.11690868 0.27150002
0.066789143 0.11852343 0.27525002
0.073497996 0.12164529 0.2825
0 0 0
0.20007974 0.29184109 0.67775005
0.21258 0.29270229 0.67975003
0 0 0
0 0 0
0 0 0
0 0 0
0 0 0
0 0 0
0 0 0
0 0 0
0 0 0
0 0 0
0 0 0
0 0 0
0 0 0
0 0 0
0 0 0
0 0 0
0 0 0
0 0 0
0 0 0
0 0 0
0 0 0
-0 0 0
-0 0 0
-0 0 0
-0.30609357 0.21068399 0.47025001
-0.29722098 0.21023597 0.46925002
-0.28792152 0.20945193 0.46750003
-0.27883297 0.20877989 0.46600002
-0.26907092 0.20754781 0.46325001
-0.26123604 0.20777184 0.46375003
-0.25392944 0.20844387 0.46525002
-0.24630611 0.2088919 0.46625003
-0.23928615 0.20989995 0.46850002
-0.23218739 0.21090801 0.47075003
-0.2251287 0.21202809 0.47325003
-0 0 0
-0 0 0
-0 0 0
-0 0 0
-0 0 0
-0 0 0
-0 0 0
-0 0 0
-0 0 0
-0 0 0
-0 0 0
-0.077181622 0.13026342 0.29075003
-0.068926238 0.1245511 0.27800003
-0.062500119 0.12152692 0.27125001
-0.057055671 0.12007084 0.26800001
-0.051432047 0.11794272 0.26325002
-0.048464809 0.12208695 0.27250001
-0.044451937 0.12421508 0.27725002
-0.039487161 0.12387906 0.27650002
-0.034486018 0.12331902 0.27525002
-0.029420912 0.12231096 0.273
-0.02423159 0.12029485 0.2685
-0.019054506 0.11738269 0.26200002
-0.013856762 0.11245441 0.25100002
-0.0094213318 0.11200637 0.25
-0.0052074641 0.11570258 0.25825
-0.00065493549 0.11099833 0.24775001
0.0037267795 0.1122304 0.25050002
0 0 0
0.012192754 0.10943023 0.24425001
0.017264653 0.11469454 0.25600001
0.022769533 0.12007084 0.26800001
0.027951924 0.12219896 0.27275002
0.033060756 0.12343103 0.2755
0.037990905 0.12376705 0.27625
0.042986099 0.12421508 0.27725002
0.047843769 0.12421508 0.27725002
0.050705526 0.11951081 0.26675001
0.055483028 0.11973482 0.26725
0.060840879 0.1210789 0.27025002
0.066910468 0.12354303 0.27575001
0.073367909 0.12634319 0.28200001
0.18799669 0.30331329 0.67700005
0.19941552 0.30264124 0.67550004
0.21054724 0.30163318 0.67325002
0.21970113 0.29804897 0.66525
0 0 0
0 0 0
0 0 0
0 0 0
0 0 0
0 0 0
0 0 0
0 0 0
0 0 0
0 0 0
0 0 0
0 0 0
0 0 0
0 0 0
0 0 0
0 0 0
0 0 0
0 0 0
0 0 0
0 0 0
-0 0 0
-0 0 0
-0 0 0
-0 0 0
-0.29706264 0.2182952 0.46900001
-0.28946123 0.21876065 0.47000003
-0.27943131 0.2173643 0.46700001
-0.27052301 0.2167825 0.46575001
-0.26179934 0.21631704 0.46475002
-0.25433877 0.21689886 0.46600002
-0.24723057 0.21782975 0.46800002
-0.2408184 0.21945882 0.47150001
-0.23329714 0.220157 0.47300002
-0.22572333 0.22085518 0.47450003
-0 0 0
-0 0 0
-0 0 0
-0 0 0
-0 0 0
-0 0 0
-0 0 0
-0 0 0
-0 0 0
-0 0 0
-0 0 0
-0.077181622 0.13532907 0.29075003
-0.069422103 0.13032548 0.28
-0.062615328 0.12648554 0.27175
-0.057108898 0.12485648 0.26825002
-0.051529735 0.12276196 0.26375002
-0.048198033 0.12613647 0.27100003
-0.044371769 0.12881278 0.27675
-0.039380051 0.12834734 0.27575001
-0.034392051 0.12776552 0.27450001
-0.029447855 0.12718372 0.27325001
-0.02423159 0.12497284 0.2685
-0.018818142 0.12043472 0.25875002
-0.013911968 0.11729294 0.252
-0 0 0
-0.0044815447 0.10344587 0.22225001
-0.00059082976 0.10402767 0.22350001
0 0 0
0 0 0
0.012255153 0.11426754 0.24550001
0.016961172 0.11706022 0.25150001
0.022705812 0.12439103 0.26725
0.027900685 0.12671828 0.27225003
0.033000752 0.12799825 0.27500001
0.037922144 0.12834734 0.27575001
0.042831052 0.12858006 0.27625
0.047541775 0.12823097 0.2755
0.050515443 0.12369286 0.26575002
0.055690639 0.12485648 0.26825002
0.060953442 0.1260201 0.27075002
0.067335099 0.12916186 0.2775
0.073172785 0.1309073 0.28125
0 0 0
0.19852987 0.31301391 0.67250001
0.20874903 0.31068668 0.66750002
0.21961857 0.30952305 0.66500002
0 0 0
0 0 0
0 0 0
0 0 0
0 0 0
0 0 0
0 0 0
0 0 0
0 0 0
0 0 0
0 0 0
0 0 0
0 0 0
0 0 0
0 0 0
0 0 0
0 0 0
0 0 0
0 0 0
0 0 0
-0 0 0
-0 0 0
-0 0 0
-0 0 0
-0 0 0
-0.28853738 0.22622499 0.46850002
-0.27958092 0.2256214 0.46725002
-0.27095863 0.22525924 0.46650001
-0.26264432 0.22513853 0.46625003
-0.25474811 0.22537997 0.46675003
-0.24723057 0.22598356 0.46800002
-0.24017997 0.22707 0.47025001
-0.23292722 0.22803575 0.47225001
-0.22596118 0.22936365 0.47500002
-0 0 0
-0 0 0
-0 0 0
-0 0 0
-0 0 0
-0 0 0
-0 0 0
-0 0 0
-0 0 0
-0 0 0
-0 0 0
-0.07625252 0.13870464 0.28725001
-0.069422103 0.13520382 0.28
-0.062500119 0.13097872 0.27125001
-0.057108898 0.1295301 0.26825002
-0.051725104 0.12784006 0.26475
-0.047886785 0.13001297 0.26925001
-0.044331688 0.13351379 0.27650002
-0.039380051 0.13315164 0.27575001
-0.034298085 0.13218589 0.27375001
-0.029340088 0.13146159 0.27225003
-0.024321841 0.13013369 0.26950002
-0.018781777 0.12470139 0.25825
-0.01392577 0.12180417 0.25225002
-0 0 0
-0 0 0
-0 0 0
0 0 0
0 0 0
0 0 0
0.016893733 0.12095915 0.25050002
0.022705812 0.12904723 0.26725
0.027772581 0.130858 0.27100003
0.032820754 0.13206518 0.27350003
0.037819002 0.13278948 0.27500001
0.042714767 0.13303091 0.2755
0.047239788 0.13218589 0.27375001
0.050515443 0.12832293 0.26575002
0.05579444 0.12977153 0.26875001
0.061403699 0.13170302 0.27275002
0.067881063 0.13508312 0.27975002
0.07375817 0.13689388 0.28350002
0 0 0
0 0 0
0 0 0
0 0 0
0 0 0
0 0 0
0 0 0
0 0 0
0 0 0
0 0 0
0 0 0
0 0 0
0 0 0
0 0 0
0 0 0
0 0 0
0 0 0
0 0 0
0 0 0
0 0 0
0 0 0
0 0 0
0 0 0
0 0 0
-0 0 0
-0 0 0
-0 0 0
-0 0 0
-0 0 0
-0.28838342 0.23426245 0.46825004
-0.28032884 0.23438752 0.46850002
-0.27139425 0.23376215 0.46725002
-0.26292598 0.233512 0.46675003
-0.25543034 0.23413737 0.46800002
-0.24828711 0.23513795 0.47000003
-0.24158454 0.23663883 0.47300002
-0.23416029 0.23751435 0.47475001
-0.22560439 0.2372642 0.47425002
-0 0 0
-0 0 0
-0 0 0
-0 0 0
-0 0 0
-0 0 0
-0 0 0
-0 0 0
-0 0 0
-0 0 0
-0 0 0
-0 0 0
-0.069855995 0.1409577 0.28175002
-0.062903345 0.13658012 0.273
-0.057055671 0.13407867 0.26800001
-0.051822796 0.13270286 0.26525003
-0.047086447 0.13245271 0.26475
-0.044171352 0.13783085 0.2755
-0.039201539 0.13733058 0.27450001
-0.034266762 0.13683029 0.27350003
-0.029286202 0.13595475 0.27175
-0.024344401 0.13495417 0.26975
-0.01952723 0.1343288 0.2685
-0 0 0
-0 0 0
-0 0 0
-0 0 0
0 0 0
0 0 0
0 0 0
0.017517554 0.12995124 0.25975001
0.02330054 0.1372055 0.27425
0.027875062 0.13607983 0.27200001
0.032760747 0.13658012 0.273
0.03775024 0.13733058 0.27450001
0.042598486 0.13745564 0.27475002
0.046549525 0.13495417 0.26975
0.05046792 0.13282792 0.26550001
0.055898242 0.13470402 0.26925001
0.061516259 0.1367052 0.27325001
0.068063051 0.14033234 0.28050002
0.07388825 0.14208336 0.28400001
0 0 0
0 0 0
0 0 0
0 0 0
0 0 0
0 0 0
0 0 0
0 0 0
0 0 0
0 0 0
0 0 0
0 0 0
0 0 0
0 0 0
0 0 0
0 0 0
0 0 0
0 0 0
0 0 0
0 0 0
0 0 0
0 0 0
0 0 0
0 0 0
