# .PCD v0.7 - Point Cloud Data file format
VERSION 0.7
FIELDS x y z
SIZE 4 4 4
TYPE F F F
COUNT 1 1 1
WIDTH 19200
HEIGHT 1
VIEWPOINT 0 0 0 1 0 0 0
POINTS 19200
DATA ascii
-0 -0 0
-0 -0 0
-0 -0 0
-0 -0 0
-0 -0 0
-0 -0 0
-0 -0 0
-0 -0 0
-0 -0 0
-0 -0 0
-0 -0 0
-0 -0 0
-0 -0 0
-0 -0 0
-0 -0 0
-0 -0 0
-0 -0 0
-0 -0 0
-0 -0 0
-0 -0 0
-0 -0 0
-0 -0 0
-0 -0 0
-0 -0 0
-0 -0 0
-0 -0 0
-0 -0 0
-0 -0 0
-0 -0 0
-0 -0 0
-0 -0 0
-0 -0 0
-0 -0 0
-0 -0 0
-0 -0 0
-0 -0 0
-0 -0 0
-0 -0 0
-0 -0 0
-0 -0 0
-0 -0 0
-0 -0 0
-0 -0 0
-0 -0 0
-0 -0 0
-0 -0 0
-0 -0 0
-0 -0 0
-0 -0 0
-0 -0 0
-0 -0 0
-0 -0 0
-0 -0 0
-0 -0 0
-0 -0 0
-0 -0 0
-0 -0 0
-0 -0 0
-0 -0 0
-0 -0 0
-0 -0 0
-0 -0 0
-0 -0 0
-0 -0 0
-0 -0 0
-0 -0 0
-0 -0 0
-0 -0 0
-0 -0 0
-0 -0 0
-0 -0 0
-0 -0 0
-0 -0 0
-0 -0 0
-0 -0 0
-0 -0 0
-0 -0 0
-0 -0 0
-0 -0 0
-0 -0 0
-0 -0 0
0 -0 0
0 -0 0
0 -0 0
0 -0 0
0 -0 0
0 -0 0
0 -0 0
0 -0 0
0 -0 0
0 -0 0
0 -0 0
0 -0 0
0 -0 0
0 -0 0
0 -0 0
0 -0 0
0 -0 0
0 -0 0
0 -0 0
0 -0 0
0 -0 0
0 -0 0
0 -0 0
0 -0 0
0 -0 0
0 -0 0
0 -0 0
0 -0 0
0 -0 0
0 -0 0
0 -0 0
0 -0 0
0 -0 0
0 -0 0
0 -0 0
0 -0 0
0 -0 0
0 -0 0
0 -0 0
0 -0 0
0 -0 0
0 -0 0
0 -0 0
0 -0 0
0 -0 0
0 -0 0
0 -0 0
0 -0 0
0 -0 0
0 -0 0
0 -0 0
0 -0 0
0 -0 0
0 -0 0
0 -0 0
0 -0 0
0 -0 0
0 -0 0
0 -0 0
0 -0 0
0 -0 0
0 -0 0
0 -0 0
0 -0 0
0 -0 0
0 -0 0
0 -0 0
0 -0 0
0 -0 0
0 -0 0
0 -0 0
0 -0 0
0 -0 0
0 -0 0
0 -0 0
0 -0 0
0 -0 0
0 -0 0
0 -0 0
-0 -0 0
-0 -0 0
-0 -0 0
-0 -0 0
-0 -0 0
-0 -0 0
-0 -0 0
-0 -0 0
-0 -0 0
-0 -0 0
-0 -0 0
-0 -0 0
-0 -0 0
-0 -0 0
-0 -0 0
-0 -0 0
-0 -0 0
-0 -0 0
-0 -0 0
-0 -0 0
-0 -0 0
-0 -0 0
-0 -0 0
-0 -0 0
-0 -0 0
-0 -0 0
-0 -0 0
-0 -0 0
-0 -0 0
-0 -0 0
-0 -0 0
-0 -0 0
-0 -0 0
-0 -0 0
-0 -0 0
-0 -0 0
-0 -0 0
-0 -0 0
-0 -0 0
-0 -0 0
-0 -0 0
-0 -0 0
-0 -0 0
-0 -0 0
-0 -0 0
-0 -0 0
-0 -0 0
-0 -0 0
-0 -0 0
-0 -0 0
-0 -0 0
-0 -0 0
-0 -0 0
-0 -0 0
-0 -0 0
-0 -0 0
-0 -0 0
-0 -0 0
-0 -0 0
-0 -0 0
-0 -0 0
-0 -0 0
-0 -0 0
-0 -0 0
-0 -0 0
-0 -0 0
-0 -0 0
-0 -0 0
-0 -0 0
-0 -0 0
-0 -0 0
-0 -0 0
-0 -0 0
-0 -0 0
-0 -0 0
-0 -0 0
-0 -0 0
-0 -0 0
-0 -0 0
-0 -0 0
-0 -0 0
0 -0 0
0 -0 0
0 -0 0
0 -0 0
0 -0 0
0 -0 0
0 -0 0
0 -0 0
0 -0 0
0 -0 0
0 -0 0
0 -0 0
0 -0 0
0 -0 0
0 -0 0
0 -0 0
0 -0 0
0 -0 0
0 -0 0
0 -0 0
0 -0 0
0 -0 0
0 -0 0
0 -0 0
0 -0 0
0 -0 0
0 -0 0
0 -0 0
0 -0 0
0 -0 0
0 -0 0
0 -0 0
0 -0 0
0 -0 0
0 -0 0
0 -0 0
0 -0 0
0 -0 0
0 -0 0
0 -0 0
0 -0 0
0 -0 0
0 -0 0
0 -0 0
0 -0 0
0 -0 0
0 -0 0
0 -0 0
0 -0 0
0 -0 0
0 -0 0
0 -0 0
0 -0 0
0 -0 0
0 -0 0
0 -0 0
0 -0 0
0 -0 0
0 -0 0
0 -0 0
0 -0 0
0 -0 0
0 -0 0
0 -0 0
0 -0 0
0 -0 0
0 -0 0
0 -0 0
0 -0 0
0 -0 0
0 -0 0
0 -0 0
0 -0 0
0 -0 0
0 -0 0
0 -0 0
0 -0 0
0 -0 0
0 -0 0
-0 -0 0
-0 -0 0
-0 -0 0
-0 -0 0
-0 -0 0
-0 -0 0
-0 -0 0
-0 -0 0
-0 -0 0
-0 -0 0
-0 -0 0
-0 -0 0
-0 -0 0
-0 -0 0
-0 -0 0
-0 -0 0
-0 -0 0
-0 -0 0
-0 -0 0
-0 -0 0
-0 -0 0
-0 -0 0
-0 -0 0
-0 -0 0
-0 -0 0
-0 -0 0
-0 -0 0
-0 -0 0
-0 -0 0
-0 -0 0
-0 -0 0
-0 -0 0
-0 -0 0
-0 -0 0
-0 -0 0
-0 -0 0
-0 -0 0
-0 -0 0
-0 -0 0
-0 -0 0
-0 -0 0
-0 -0 0
-0 -0 0
-0 -0 0
-0 -0 0
-0 -0 0
-0 -0 0
-0 -0 0
-0 -0 0
-0 -0 0
-0 -0 0
-0 -0 0
-0 -0 0
-0 -0 0
-0 -0 0
-0 -0 0
-0 -0 0
-0 -0 0
-0 -0 0
-0 -0 0
-0 -0 0
-0 -0 0
-0 -0 0
-0 -0 0
-0 -0 0
-0 -0 0
-0 -0 0
-0 -0 0
-0 -0 0
-0 -0 0
-0 -0 0
-0 -0 0
-0 -0 0
-0 -0 0
-0 -0 0
-0 -0 0
-0 -0 0
-0 -0 0
-0 -0 0
-0 -0 0
-0 -0 0
0 -0 0
0 -0 0
0 -0 0
0 -0 0
0 -0 0
0 -0 0
0 -0 0
0 -0 0
0 -0 0
0 -0 0
0 -0 0
0 -0 0
0 -0 0
0 -0 0
0 -0 0
0 -0 0
0 -0 0
0 -0 0
0 -0 0
0 -0 0
0 -0 0
0 -0 0
0 -0 0
0 -0 0
0 -0 0
0 -0 0
0 -0 0
0 -0 0
0 -0 0
0 -0 0
0 -0 0
0 -0 0
0 -0 0
0 -0 0
0 -0 0
0 -0 0
0 -0 0
0 -0 0
0 -0 0
0 -0 0
0 -0 0
0 -0 0
0 -0 0
0 -0 0
0 -0 0
0 -0 0
0 -0 0
0 -0 0
0 -0 0
0 -0 0
0 -0 0
0 -0 0
0 -0 0
0 -0 0
0 -0 0
0 -0 0
0 -0 0
0 -0 0
0 -0 0
0 -0 0
0 -0 0
0 -0 0
0 -0 0
0 -0 0
0 -0 0
0 -0 0
0 -0 0
0 -0 0
0 -0 0
0 -0 0
0 -0 0
0 -0 0
0 -0 0
0 -0 0
0 -0 0
0 -0 0
0 -0 0
0 -0 0
0 -0 0
-0 -0 0
-0 -0 0
-0 -0 0
-0 -0 0
-0 -0 0
-0 -0 0
-0 -0 0
-0 -0 0
-0 -0 0
-0 -0 0
-0 -0 0
-0 -0 0
-0 -0 0
-0 -0 0
-0 -0 0
-0 -0 0
-0 -0 0
-0 -0 0
-0 -0 0
-0 -0 0
-0 -0 0
-0 -0 0
-0 -0 0
-0 -0 0
-0 -0 0
-0 -0 0
-0 -0 0
-0 -0 0
-0 -0 0
-0 -0 0
-0 -0 0
-0 -0 0
-0 -0 0
-0 -0 0
-0 -0 0
-0 -0 0
-0 -0 0
-0 -0 0
-0 -0 0
-0 -0 0
-0 -0 0
-0 -0 0
-0 -0 0
-0 -0 0
-0 -0 0
-0 -0 0
-0 -0 0
-0 -0 0
-0 -0 0
-0 -0 0
-0 -0 0
-0 -0 0
-0 -0 0
-0 -0 0
-0 -0 0
-0 -0 0
-0 -0 0
-0 -0 0
-0 -0 0
-0 -0 0
-0 -0 0
-0 -0 0
-0 -0 0
-0 -0 0
-0 -0 0
-0 -0 0
-0 -0 0
-0 -0 0
-0 -0 0
-0 -0 0
-0 -0 0
-0 -0 0
-0 -0 0
-0 -0 0
-0 -0 0
-0 -0 0
-0 -0 0
-0 -0 0
-0 -0 0
-0 -0 0
-0 -0 0
0 -0 0
0 -0 0
0 -0 0
0 -0 0
0 -0 0
0 -0 0
0 -0 0
0 -0 0
0 -0 0
0 -0 0
0 -0 0
0 -0 0
0 -0 0
0 -0 0
0 -0 0
0 -0 0
0 -0 0
0 -0 0
0 -0 0
0 -0 0
0 -0 0
0 -0 0
0 -0 0
0 -0 0
0 -0 0
0 -0 0
0 -0 0
0 -0 0
0 -0 0
0 -0 0
0 -0 0
0 -0 0
0 -0 0
0 -0 0
0 -0 0
0 -0 0
0 -0 0
0 -0 0
0 -0 0
0 -0 0
0 -0 0
0 -0 0
0 -0 0
0 -0 0
0 -0 0
0 -0 0
0 -0 0
0 -0 0
0 -0 0
0 -0 0
0 -0 0
0 -0 0
0 -0 0
0 -0 0
0 -0 0
0 -0 0
0 -0 0
0 -0 0
0 -0 0
0 -0 0
0 -0 0
0 -0 0
0 -0 0
0 -0 0
0 -0 0
0 -0 0
0 -0 0
0 -0 0
0 -0 0
0 -0 0
0 -0 0
0 -0 0
0 -0 0
0 -0 0
0 -0 0
0 -0 0
0 -0 0
0 -0 0
0 -0 0
-0 -0 0
-0 -0 0
-0 -0 0
-0 -0 0
-0 -0 0
-0 -0 0
-0 -0 0
-0 -0 0
-0 -0 0
-0 -0 0
-0 -0 0
-0 -0 0
-0 -0 0
-0 -0 0
-0 -0 0
-0 -0 0
-0 -0 0
-0 -0 0
-0 -0 0
-0 -0 0
-0 -0 0
-0 -0 0
-0 -0 0
-0 -0 0
-0 -0 0
-0 -0 0
-0 -0 0
-0 -0 0
-0 -0 0
-0 -0 0
-0 -0 0
-0 -0 0
-0 -0 0
-0 -0 0
-0 -0 0
-0 -0 0
-0 -0 0
-0 -0 0
-0 -0 0
-0 -0 0
-0 -0 0
-0 -0 0
-0 -0 0
-0 -0 0
-0 -0 0
-0 -0 0
-0 -0 0
-0 -0 0
-0 -0 0
-0 -0 0
-0 -0 0
-0 -0 0
-0 -0 0
-0 -0 0
-0 -0 0
-0 -0 0
-0 -0 0
-0 -0 0
-0 -0 0
-0 -0 0
-0 -0 0
-0 -0 0
-0 -0 0
-0 -0 0
-0 -0 0
-0 -0 0
-0 -0 0
-0 -0 0
-0 -0 0
-0 -0 0
-0 -0 0
-0 -0 0
-0 -0 0
-0 -0 0
-0 -0 0
-0 -0 0
-0 -0 0
-0 -0 0
-0 -0 0
-0 -0 0
-0 -0 0
0 -0 0
0 -0 0
0 -0 0
0 -0 0
0 -0 0
0 -0 0
0 -0 0
0 -0 0
0 -0 0
0 -0 0
0 -0 0
0 -0 0
0 -0 0
0 -0 0
0 -0 0
0 -0 0
0 -0 0
0 -0 0
0 -0 0
0 -0 0
0 -0 0
0 -0 0
0 -0 0
0 -0 0
0 -0 0
0 -0 0
0 -0 0
0 -0 0
0 -0 0
0 -0 0
0 -0 0
0 -0 0
0 -0 0
0 -0 0
0 -0 0
0 -0 0
0 -0 0
0 -0 0
0 -0 0
0 -0 0
0 -0 0
0 -0 0
0 -0 0
0 -0 0
0 -0 0
0 -0 0
0 -0 0
0 -0 0
0 -0 0
0 -0 0
0 -0 0
0 -0 0
0 -0 0
0 -0 0
0 -0 0
0 -0 0
0 -0 0
0 -0 0
0 -0 0
0 -0 0
0 -0 0
0 -0 0
0 -0 0
0 -0 0
0 -0 0
0 -0 0
0 -0 0
0 -0 0
0 -0 0
0 -0 0
0 -0 0
0 -0 0
0 -0 0
0 -0 0
0 -0 0
0 -0 0
0 -0 0
0 -0 0
0 -0 0
-0 -0 0
-0 -0 0
-0 -0 0
-0 -0 0
-0 -0 0
-0 -0 0
-0 -0 0
-0 -0 0
-0 -0 0
-0 -0 0
-0 -0 0
-0 -0 0
-0 -0 0
-0 -0 0
-0 -0 0
-0 -0 0
-0 -0 0
-0 -0 0
-0 -0 0
-0 -0 0
-0 -0 0
-0 -0 0
-0 -0 0
-0 -0 0
-0 -0 0
-0 -0 0
-0 -0 0
-0 -0 0
-0 -0 0
-0 -0 0
-0 -0 0
-0 -0 0
-0 -0 0
-0 -0 0
-0 -0 0
-0 -0 0
-0 -0 0
-0 -0 0
-0 -0 0
-0 -0 0
-0 -0 0
-0 -0 0
-0 -0 0
-0 -0 0
-0 -0 0
-0 -0 0
-0 -0 0
-0 -0 0
-0 -0 0
-0 -0 0
-0 -0 0
-0 -0 0
-0 -0 0
-0 -0 0
-0 -0 0
-0 -0 0
-0 -0 0
-0 -0 0
-0 -0 0
-0 -0 0
-0 -0 0
-0 -0 0
-0 -0 0
-0 -0 0
-0 -0 0
-0 -0 0
-0 -0 0
-0 -0 0
-0 -0 0
-0 -0 0
-0 -0 0
-0 -0 0
-0 -0 0
-0 -0 0
-0 -0 0
-0 -0 0
-0 -0 0
-0 -0 0
-0 -0 0
-0 -0 0
-0 -0 0
0 -0 0
0 -0 0
0 -0 0
0 -0 0
0 -0 0
0 -0 0
0 -0 0
0 -0 0
0 -0 0
0 -0 0
0 -0 0
0 -0 0
0 -0 0
0 -0 0
0 -0 0
0 -0 0
0 -0 0
0 -0 0
0 -0 0
0 -0 0
0 -0 0
0 -0 0
0 -0 0
0 -0 0
0 -0 0
0 -0 0
0 -0 0
0 -0 0
0 -0 0
0 -0 0
0 -0 0
0 -0 0
0 -0 0
0 -0 0
0 -0 0
0 -0 0
0 -0 0
0 -0 0
0 -0 0
0 -0 0
0 -0 0
0 -0 0
0 -0 0
0 -0 0
0 -0 0
0 -0 0
0 -0 0
0 -0 0
0 -0 0
0 -0 0
0 -0 0
0 -0 0
0 -0 0
0 -0 0
0 -0 0
0 -0 0
0 -0 0
0 -0 0
0 -0 0
0 -0 0
0 -0 0
0 -0 0
0 -0 0
0 -0 0
0 -0 0
0 -0 0
0 -0 0
0 -0 0
0 -0 0
0 -0 0
0 -0 0
0 -0 0
0 -0 0
0 -0 0
0 -0 0
0 -0 0
0 -0 0
0 -0 0
0 -0 0
-0 -0 0
-0 -0 0
-0 -0 0
-0 -0 0
-0 -0 0
-0 -0 0
-0 -0 0
-0 -0 0
-0 -0 0
-0 -0 0
-0 -0 0
-0 -0 0
-0 -0 0
-0 -0 0
-0 -0 0
-0 -0 0
-0 -0 0
-0 -0 0
-0 -0 0
-0 -0 0
-0 -0 0
-0 -0 0
-0 -0 0
-0 -0 0
-0 -0 0
-0 -0 0
-0 -0 0
-0 -0 0
-0 -0 0
-0 -0 0
-0 -0 0
-0 -0 0
-0 -0 0
-0 -0 0
-0 -0 0
-0 -0 0
-0 -0 0
-0 -0 0
-0 -0 0
-0 -0 0
-0 -0 0
-0 -0 0
-0 -0 0
-0 -0 0
-0 -0 0
-0 -0 0
-0 -0 0
-0 -0 0
-0 -0 0
-0 -0 0
-0 -0 0
-0 -0 0
-0 -0 0
-0 -0 0
-0 -0 0
-0 -0 0
-0 -0 0
-0 -0 0
-0 -0 0
-0 -0 0
-0 -0 0
-0 -0 0
-0 -0 0
-0 -0 0
-0 -0 0
-0 -0 0
-0 -0 0
-0 -0 0
-0 -0 0
-0 -0 0
-0 -0 0
-0 -0 0
-0 -0 0
-0 -0 0
-0 -0 0
-0 -0 0
-0 -0 0
-0 -0 0
-0 -0 0
-0 -0 0
-0 -0 0
0 -0 0
0 -0 0
0 -0 0
0 -0 0
0 -0 0
0 -0 0
0 -0 0
0 -0 0
0 -0 0
0 -0 0
0 -0 0
0 -0 0
0 -0 0
0 -0 0
0 -0 0
0 -0 0
0 -0 0
0 -0 0
0 -0 0
0 -0 0
0 -0 0
0 -0 0
0 -0 0
0 -0 0
0 -0 0
0 -0 0
0 -0 0
0 -0 0
0 -0 0
0 -0 0
0 -0 0
0 -0 0
0 -0 0
0 -0 0
0 -0 0
0 -0 0
0 -0 0
0 -0 0
0 -0 0
0 -0 0
0 -0 0
0 -0 0
0 -0 0
0 -0 0
0 -0 0
0 -0 0
0 -0 0
0 -0 0
0 -0 0
0 -0 0
0 -0 0
0 -0 0
0 -0 0
0 -0 0
0 -0 0
0 -0 0
0 -0 0
0 -0 0
0 -0 0
0 -0 0
0 -0 0
0 -0 0
0 -0 0
0 -0 0
0 -0 0
0 -0 0
0 -0 0
0 -0 0
0 -0 0
0 -0 0
0 -0 0
0 -0 0
0 -0 0
0 -0 0
0 -0 0
0 -0 0
0 -0 0
0 -0 0
0 -0 0
-0 -0 0
-0 -0 0
-0 -0 0
-0 -0 0
-0 -0 0
-0 -0 0
-0 -0 0
-0 -0 0
-0 -0 0
-0 -0 0
-0 -0 0
-0 -0 0
-0 -0 0
-0 -0 0
-0 -0 0
-0 -0 0
-0 -0 0
-0 -0 0
-0 -0 0
-0 -0 0
-0 -0 0
-0 -0 0
-0 -0 0
-0 -0 0
-0 -0 0
-0 -0 0
-0 -0 0
-0 -0 0
-0 -0 0
-0 -0 0
-0 -0 0
-0 -0 0
-0 -0 0
-0 -0 0
-0 -0 0
-0 -0 0
-0 -0 0
-0 -0 0
-0 -0 0
-0 -0 0
-0 -0 0
-0 -0 0
-0 -0 0
-0 -0 0
-0 -0 0
-0 -0 0
-0 -0 0
-0 -0 0
-0 -0 0
-0 -0 0
-0 -0 0
-0 -0 0
-0 -0 0
-0 -0 0
-0 -0 0
-0 -0 0
-0 -0 0
-0 -0 0
-0 -0 0
-0 -0 0
-0 -0 0
-0 -0 0
-0 -0 0
-0 -0 0
-0 -0 0
-0 -0 0
-0 -0 0
-0 -0 0
-0 -0 0
-0 -0 0
-0 -0 0
-0 -0 0
-0 -0 0
-0 -0 0
-0 -0 0
-0 -0 0
-0 -0 0
-0 -0 0
-0 -0 0
-0 -0 0
-0 -0 0
0 -0 0
0 -0 0
0 -0 0
0 -0 0
0 -0 0
0 -0 0
0 -0 0
0 -0 0
0 -0 0
0 -0 0
0 -0 0
0 -0 0
0 -0 0
0 -0 0
0 -0 0
0 -0 0
0 -0 0
0 -0 0
0 -0 0
0 -0 0
0 -0 0
0 -0 0
0 -0 0
0 -0 0
0 -0 0
0 -0 0
0 -0 0
0 -0 0
0 -0 0
0 -0 0
0 -0 0
0 -0 0
0 -0 0
0 -0 0
0 -0 0
0 -0 0
0 -0 0
0 -0 0
0 -0 0
0 -0 0
0 -0 0
0 -0 0
0 -0 0
0 -0 0
0 -0 0
0 -0 0
0 -0 0
0 -0 0
0 -0 0
0 -0 0
0 -0 0
0 -0 0
0 -0 0
0 -0 0
0 -0 0
0 -0 0
0 -0 0
0 -0 0
0 -0 0
0 -0 0
0 -0 0
0 -0 0
0 -0 0
0 -0 0
0 -0 0
0 -0 0
0 -0 0
0 -0 0
0 -0 0
0 -0 0
0 -0 0
0 -0 0
0 -0 0
0 -0 0
0 -0 0
0 -0 0
0 -0 0
0 -0 0
0 -0 0
-0 -0 0
-0 -0 0
-0 -0 0
-0 -0 0
-0 -0 0
-0 -0 0
-0 -0 0
-0 -0 0
-0 -0 0
-0 -0 0
-0 -0 0
-0 -0 0
-0 -0 0
-0 -0 0
-0 -0 0
-0 -0 0
-0 -0 0
-0 -0 0
-0 -0 0
-0 -0 0
-0 -0 0
-0 -0 0
-0 -0 0
-0 -0 0
-0 -0 0
-0 -0 0
-0 -0 0
-0 -0 0
-0 -0 0
-0 -0 0
-0 -0 0
-0 -0 0
-0 -0 0
-0 -0 0
-0 -0 0
-0 -0 0
-0 -0 0
-0 -0 0
-0 -0 0
-0 -0 0
-0 -0 0
-0 -0 0
-0 -0 0
-0 -0 0
-0 -0 0
-0 -0 0
-0 -0 0
-0 -0 0
-0 -0 0
-0 -0 0
-0 -0 0
-0 -0 0
-0 -0 0
-0 -0 0
-0 -0 0
-0 -0 0
-0 -0 0
-0 -0 0
-0 -0 0
-0 -0 0
-0 -0 0
-0 -0 0
-0 -0 0
-0 -0 0
-0 -0 0
-0 -0 0
-0 -0 0
-0 -0 0
-0 -0 0
-0 -0 0
-0 -0 0
-0 -0 0
-0 -0 0
-0 -0 0
-0 -0 0
-0 -0 0
-0 -0 0
-0 -0 0
-0 -0 0
-0 -0 0
-0 -0 0
0 -0 0
0 -0 0
0 -0 0
0 -0 0
0 -0 0
0 -0 0
0 -0 0
0 -0 0
0 -0 0
0 -0 0
0 -0 0
0 -0 0
0 -0 0
0 -0 0
0 -0 0
0 -0 0
0 -0 0
0 -0 0
0 -0 0
0 -0 0
0 -0 0
0 -0 0
0 -0 0
0 -0 0
0 -0 0
0 -0 0
0 -0 0
0 -0 0
0 -0 0
0 -0 0
0 -0 0
0 -0 0
0 -0 0
0 -0 0
0 -0 0
0 -0 0
0 -0 0
0 -0 0
0 -0 0
0 -0 0
0 -0 0
0 -0 0
0 -0 0
0 -0 0
0 -0 0
0 -0 0
0 -0 0
0 -0 0
0 -0 0
0 -0 0
0 -0 0
0 -0 0
0 -0 0
0 -0 0
0 -0 0
0 -0 0
0 -0 0
0 -0 0
0 -0 0
0 -0 0
0 -0 0
0 -0 0
0 -0 0
0 -0 0
0 -0 0
0 -0 0
0 -0 0
0 -0 0
0 -0 0
0 -0 0
0 -0 0
0 -0 0
0 -0 0
0 -0 0
0 -0 0
0 -0 0
0 -0 0
0 -0 0
0 -0 0
-0 -0 0
-0 -0 0
-0 -0 0
-0 -0 0
-0 -0 0
-0 -0 0
-0 -0 0
-0 -0 0
-0 -0 0
-0 -0 0
-0 -0 0
-0 -0 0
-0 -0 0
-0 -0 0
-0 -0 0
-0 -0 0
-0 -0 0
-0 -0 0
-0 -0 0
-0 -0 0
-0 -0 0
-0 -0 0
-0 -0 0
-0 -0 0
-0 -0 0
-0 -0 0
-0 -0 0
-0 -0 0
-0 -0 0
-0 -0 0
-0 -0 0
-0 -0 0
-0 -0 0
-0 -0 0
-0 -0 0
-0 -0 0
-0 -0 0
-0 -0 0
-0 -0 0
-0 -0 0
-0 -0 0
-0 -0 0
-0 -0 0
-0 -0 0
-0 -0 0
-0 -0 0
-0 -0 0
-0 -0 0
-0 -0 0
-0 -0 0
-0 -0 0
-0 -0 0
-0 -0 0
-0 -0 0
-0 -0 0
-0 -0 0
-0 -0 0
-0 -0 0
-0 -0 0
-0 -0 0
-0 -0 0
-0 -0 0
-0 -0 0
-0 -0 0
-0 -0 0
-0 -0 0
-0 -0 0
-0 -0 0
-0 -0 0
-0 -0 0
-0 -0 0
-0 -0 0
-0 -0 0
-0 -0 0
-0 -0 0
-0 -0 0
-0 -0 0
-0 -0 0
-0 -0 0
-0 -0 0
-0 -0 0
0 -0 0
0 -0 0
0 -0 0
0 -0 0
0 -0 0
0 -0 0
0 -0 0
0 -0 0
0 -0 0
0 -0 0
0 -0 0
0 -0 0
0 -0 0
0 -0 0
0 -0 0
0 -0 0
0 -0 0
0 -0 0
0 -0 0
0 -0 0
0 -0 0
0 -0 0
0 -0 0
0 -0 0
0 -0 0
0 -0 0
0 -0 0
0 -0 0
0 -0 0
0 -0 0
0 -0 0
0 -0 0
0 -0 0
0 -0 0
0 -0 0
0 -0 0
0 -0 0
0 -0 0
0 -0 0
0 -0 0
0 -0 0
0 -0 0
0 -0 0
0 -0 0
0 -0 0
0 -0 0
0 -0 0
0 -0 0
0 -0 0
0 -0 0
0 -0 0
0 -0 0
0 -0 0
0 -0 0
0 -0 0
0 -0 0
0 -0 0
0 -0 0
0 -0 0
0 -0 0
0 -0 0
0 -0 0
0 -0 0
0 -0 0
0 -0 0
0 -0 0
0 -0 0
0 -0 0
0 -0 0
0 -0 0
0 -0 0
0 -0 0
0 -0 0
0 -0 0
0 -0 0
0 -0 0
0 -0 0
0 -0 0
0 -0 0
-0 -0 0
-0 -0 0
-0 -0 0
-0 -0 0
-0 -0 0
-0 -0 0
-0 -0 0
-0 -0 0
-0 -0 0
-0 -0 0
-0 -0 0
-0 -0 0
-0 -0 0
-0 -0 0
-0 -0 0
-0 -0 0
-0 -0 0
-0 -0 0
-0 -0 0
-0 -0 0
-0 -0 0
-0 -0 0
-0 -0 0
-0 -0 0
-0 -0 0
-0 -0 0
-0 -0 0
-0 -0 0
-0 -0 0
-0 -0 0
-0 -0 0
-0 -0 0
-0 -0 0
-0 -0 0
-0 -0 0
-0 -0 0
-0 -0 0
-0 -0 0
-0 -0 0
-0 -0 0
-0 -0 0
-0 -0 0
-0 -0 0
-0 -0 0
-0 -0 0
-0 -0 0
-0 -0 0
-0 -0 0
-0 -0 0
-0 -0 0
-0 -0 0
-0 -0 0
-0 -0 0
-0 -0 0
-0 -0 0
-0 -0 0
-0 -0 0
-0 -0 0
-0 -0 0
-0 -0 0
-0 -0 0
-0 -0 0
-0 -0 0
-0 -0 0
-0 -0 0
-0 -0 0
-0 -0 0
-0 -0 0
-0 -0 0
-0 -0 0
-0 -0 0
-0 -0 0
-0 -0 0
-0 -0 0
-0 -0 0
-0 -0 0
-0 -0 0
-0 -0 0
-0 -0 0
-0 -0 0
-0 -0 0
0 -0 0
0 -0 0
0 -0 0
0 -0 0
0.024778999 -0.28203917 0.6365
0 -0 0
0 -0 0
0 -0 0
0 -0 0
0 -0 0
0 -0 0
0 -0 0
0 -0 0
0 -0 0
0 -0 0
0 -0 0
0 -0 0
0 -0 0
0 -0 0
0 -0 0
0 -0 0
0 -0 0
0 -0 0
0 -0 0
0 -0 0
0 -0 0
0 -0 0
0 -0 0
0 -0 0
0 -0 0
0 -0 0
0 -0 0
0 -0 0
0 -0 0
0 -0 0
0 -0 0
0 -0 0
0 -0 0
0 -0 0
0 -0 0
0 -0 0
0 -0 0
0 -0 0
0 -0 0
0 -0 0
0 -0 0
0 -0 0
0 -0 0
0 -0 0
0 -0 0
0 -0 0
0 -0 0
0 -0 0
0 -0 0
0 -0 0
0 -0 0
0 -0 0
0 -0 0
0 -0 0
0 -0 0
0 -0 0
0 -0 0
0 -0 0
0 -0 0
0 -0 0
0 -0 0
0 -0 0
0 -0 0
0 -0 0
0 -0 0
0 -0 0
0 -0 0
0 -0 0
0 -0 0
0 -0 0
0 -0 0
0 -0 0
0 -0 0
0 -0 0
-0 -0 0
-0 -0 0
-0 -0 0
-0 -0 0
-0 -0 0
-0 -0 0
-0 -0 0
-0 -0 0
-0 -0 0
-0 -0 0
-0 -0 0
-0 -0 0
-0 -0 0
-0 -0 0
-0 -0 0
-0 -0 0
-0 -0 0
-0 -0 0
-0 -0 0
-0 -0 0
-0 -0 0
-0 -0 0
-0 -0 0
-0 -0 0
-0 -0 0
-0 -0 0
-0 -0 0
-0 -0 0
-0 -0 0
-0 -0 0
-0 -0 0
-0 -0 0
-0 -0 0
-0 -0 0
-0 -0 0
-0 -0 0
-0 -0 0
-0 -0 0
-0 -0 0
-0 -0 0
-0 -0 0
-0 -0 0
-0 -0 0
-0 -0 0
-0 -0 0
-0 -0 0
-0 -0 0
-0 -0 0
-0 -0 0
-0 -0 0
-0 -0 0
-0 -0 0
-0 -0 0
-0 -0 0
-0 -0 0
-0 -0 0
-0 -0 0
-0 -0 0
-0 -0 0
-0 -0 0
-0 -0 0
-0 -0 0
-0 -0 0
-0 -0 0
-0 -0 0
-0 -0 0
-0 -0 0
-0 -0 0
-0 -0 0
-0 -0 0
-0 -0 0
-0 -0 0
-0 -0 0
-0 -0 0
-0 -0 0
-0 -0 0
-0 -0 0
-0 -0 0
-0 -0 0
-0 -0 0
-0 -0 0
0 -0 0
0 -0 0
0 -0 0
0 -0 0
0 -0 0
0 -0 0
0 -0 0
0 -0 0
0 -0 0
0 -0 0
0 -0 0
0 -0 0
0 -0 0
0 -0 0
0 -0 0
0 -0 0
0 -0 0
0 -0 0
0 -0 0
0 -0 0
0 -0 0
0 -0 0
0 -0 0
0 -0 0
0 -0 0
0 -0 0
0 -0 0
0 -0 0
0 -0 0
0 -0 0
0 -0 0
0 -0 0
0 -0 0
0 -0 0
0 -0 0
0 -0 0
0 -0 0
0 -0 0
0 -0 0
0 -0 0
0 -0 0
0 -0 0
0 -0 0
0 -0 0
0 -0 0
0 -0 0
0 -0 0
0 -0 0
0 -0 0
0 -0 0
0 -0 0
0 -0 0
0 -0 0
0 -0 0
0 -0 0
0 -0 0
0 -0 0
0 -0 0
0 -0 0
0 -0 0
0 -0 0
0 -0 0
0 -0 0
0 -0 0
0 -0 0
0 -0 0
0 -0 0
0 -0 0
0 -0 0
0 -0 0
0 -0 0
0 -0 0
0 -0 0
0 -0 0
0 -0 0
0 -0 0
0 -0 0
0 -0 0
0 -0 0
-0 -0 0
-0 -0 0
-0 -0 0
-0 -0 0
-0 -0 0
-0 -0 0
-0 -0 0
-0 -0 0
-0 -0 0
-0 -0 0
-0 -0 0
-0 -0 0
-0 -0 0
-0 -0 0
-0 -0 0
-0 -0 0
-0 -0 0
-0 -0 0
-0 -0 0
-0 -0 0
-0 -0 0
-0 -0 0
-0 -0 0
-0 -0 0
-0 -0 0
-0 -0 0
-0 -0 0
-0 -0 0
-0 -0 0
-0 -0 0
-0 -0 0
-0 -0 0
-0 -0 0
-0 -0 0
-0 -0 0
-0 -0 0
-0 -0 0
-0 -0 0
-0 -0 0
-0 -0 0
-0 -0 0
-0 -0 0
-0 -0 0
-0 -0 0
-0 -0 0
-0 -0 0
-0 -0 0
-0 -0 0
-0 -0 0
-0 -0 0
-0 -0 0
-0 -0 0
-0 -0 0
-0 -0 0
-0 -0 0
-0 -0 0
-0 -0 0
-0 -0 0
-0 -0 0
-0 -0 0
-0 -0 0
-0 -0 0
-0 -0 0
-0 -0 0
-0 -0 0
-0 -0 0
-0 -0 0
-0 -0 0
-0 -0 0
-0 -0 0
-0 -0 0
-0 -0 0
-0 -0 0
-0 -0 0
-0 -0 0
-0 -0 0
-0 -0 0
-0 -0 0
-0 -0 0
-0 -0 0
-0 -0 0
0 -0 0
0 -0 0
0 -0 0
0 -0 0
0 -0 0
0 -0 0
0 -0 0
0 -0 0
0 -0 0
0 -0 0
0 -0 0
0 -0 0
0 -0 0
0 -0 0
0 -0 0
0 -0 0
0 -0 0
0 -0 0
0 -0 0
0 -0 0
0 -0 0
0 -0 0
0 -0 0
0 -0 0
0 -0 0
0 -0 0
0 -0 0
0 -0 0
0 -0 0
0 -0 0
0 -0 0
0 -0 0
0 -0 0
0 -0 0
0 -0 0
0 -0 0
0 -0 0
0 -0 0
0 -0 0
0 -0 0
0 -0 0
0 -0 0
0 -0 0
0 -0 0
0 -0 0
0 -0 0
0 -0 0
0 -0 0
0 -0 0
0 -0 0
0 -0 0
0 -0 0
0 -0 0
0 -0 0
0 -0 0
0 -0 0
0 -0 0
0 -0 0
0 -0 0
0 -0 0
0 -0 0
0 -0 0
0 -0 0
0 -0 0
0 -0 0
0 -0 0
0 -0 0
0 -0 0
0 -0 0
0 -0 0
0 -0 0
0 -0 0
0 -0 0
0 -0 0
0 -0 0
0 -0 0
0 -0 0
0 -0 0
0 -0 0
-0 -0 0
-0 -0 0
-0 -0 0
-0 -0 0
-0 -0 0
-0 -0 0
-0 -0 0
-0 -0 0
-0 -0 0
-0 -0 0
-0 -0 0
-0 -0 0
-0 -0 0
-0 -0 0
-0 -0 0
-0 -0 0
-0 -0 0
-0 -0 0
-0 -0 0
-0 -0 0
-0 -0 0
-0 -0 0
-0 -0 0
-0 -0 0
-0 -0 0
-0 -0 0
-0 -0 0
-0 -0 0
-0 -0 0
-0 -0 0
-0 -0 0
-0 -0 0
-0 -0 0
-0 -0 0
-0 -0 0
-0 -0 0
-0 -0 0
-0 -0 0
-0 -0 0
-0 -0 0
-0 -0 0
-0 -0 0
-0 -0 0
-0 -0 0
-0 -0 0
-0 -0 0
-0 -0 0
-0 -0 0
-0 -0 0
-0 -0 0
-0 -0 0
-0 -0 0
-0 -0 0
-0 -0 0
-0 -0 0
-0 -0 0
-0 -0 0
-0 -0 0
-0 -0 0
-0 -0 0
-0 -0 0
-0 -0 0
-0 -0 0
-0 -0 0
-0 -0 0
-0 -0 0
-0 -0 0
-0 -0 0
-0 -0 0
-0 -0 0
-0 -0 0
-0 -0 0
-0 -0 0
-0 -0 0
-0 -0 0
-0 -0 0
-0 -0 0
-0 -0 0
-0 -0 0
-0 -0 0
-0 -0 0
0 -0 0
0 -0 0
0 -0 0
0 -0 0
0 -0 0
0 -0 0
0 -0 0
0 -0 0
0 -0 0
0 -0 0
0 -0 0
0 -0 0
0 -0 0
0 -0 0
0 -0 0
0 -0 0
0 -0 0
0 -0 0
0 -0 0
0 -0 0
0 -0 0
0 -0 0
0 -0 0
0 -0 0
0 -0 0
0 -0 0
0 -0 0
0 -0 0
0 -0 0
0 -0 0
0 -0 0
0 -0 0
0 -0 0
0 -0 0
0 -0 0
0 -0 0
0 -0 0
0 -0 0
0 -0 0
0 -0 0
0 -0 0
0 -0 0
0 -0 0
0 -0 0
0 -0 0
0 -0 0
0 -0 0
0 -0 0
0 -0 0
0 -0 0
0 -0 0
0 -0 0
0 -0 0
0 -0 0
0 -0 0
0 -0 0
0 -0 0
0 -0 0
0 -0 0
0 -0 0
0 -0 0
0 -0 0
0 -0 0
0 -0 0
0 -0 0
0 -0 0
0 -0 0
0 -0 0
0 -0 0
0 -0 0
0 -0 0
0 -0 0
0 -0 0
0 -0 0
0 -0 0
0 -0 0
0 -0 0
0 -0 0
0 -0 0
-0 -0 0
-0 -0 0
-0 -0 0
-0 -0 0
-0 -0 0
-0 -0 0
-0 -0 0
-0 -0 0
-0 -0 0
-0 -0 0
-0 -0 0
-0 -0 0
-0 -0 0
-0 -0 0
-0 -0 0
-0 -0 0
-0 -0 0
-0 -0 0
-0 -0 0
-0 -0 0
-0 -0 0
-0 -0 0
-0 -0 0
-0 -0 0
-0 -0 0
-0 -0 0
-0 -0 0
-0 -0 0
-0 -0 0
-0 -0 0
-0 -0 0
-0 -0 0
-0 -0 0
-0 -0 0
-0 -0 0
-0 -0 0
-0 -0 0
-0 -0 0
-0 -0 0
-0 -0 0
-0 -0 0
-0 -0 0
-0 -0 0
-0 -0 0
-0 -0 0
-0 -0 0
-0 -0 0
-0 -0 0
-0 -0 0
-0 -0 0
-0 -0 0
-0 -0 0
-0 -0 0
-0 -0 0
-0 -0 0
-0 -0 0
-0 -0 0
-0 -0 0
-0 -0 0
-0 -0 0
-0 -0 0
-0 -0 0
-0 -0 0
-0 -0 0
-0 -0 0
-0 -0 0
-0 -0 0
-0 -0 0
-0 -0 0
-0 -0 0
-0 -0 0
-0 -0 0
-0 -0 0
-0 -0 0
-0 -0 0
-0 -0 0
-0 -0 0
-0 -0 0
-0 -0 0
-0 -0 0
-0 -0 0
0 -0 0
0 -0 0
0 -0 0
0 -0 0
0 -0 0
0 -0 0
0 -0 0
0 -0 0
0 -0 0
0 -0 0
0 -0 0
0 -0 0
0 -0 0
0 -0 0
0 -0 0
0 -0 0
0 -0 0
0 -0 0
0 -0 0
0 -0 0
0 -0 0
0 -0 0
0 -0 0
0 -0 0
0 -0 0
0 -0 0
0 -0 0
0 -0 0
0 -0 0
0 -0 0
0 -0 0
0 -0 0
0 -0 0
0 -0 0
0 -0 0
0 -0 0
0 -0 0
0 -0 0
0 -0 0
0 -0 0
0 -0 0
0 -0 0
0 -0 0
0 -0 0
0 -0 0
0 -0 0
0 -0 0
0 -0 0
0 -0 0
0 -0 0
0 -0 0
0 -0 0
0 -0 0
0 -0 0
0 -0 0
0 -0 0
0 -0 0
0 -0 0
0 -0 0
0 -0 0
0 -0 0
0 -0 0
0 -0 0
0 -0 0
0 -0 0
0 -0 0
0 -0 0
0 -0 0
0 -0 0
0 -0 0
0 -0 0
0 -0 0
0 -0 0
0 -0 0
0 -0 0
0 -0 0
0 -0 0
0 -0 0
0 -0 0
-0 -0 0
-0 -0 0
-0 -0 0
-0 -0 0
-0 -0 0
-0 -0 0
-0 -0 0
-0 -0 0
-0 -0 0
-0 -0 0
-0 -0 0
-0 -0 0
-0 -0 0
-0 -0 0
-0 -0 0
-0 -0 0
-0 -0 0
-0 -0 0
-0 -0 0
-0 -0 0
-0 -0 0
-0 -0 0
-0 -0 0
-0 -0 0
-0 -0 0
-0 -0 0
-0 -0 0
-0 -0 0
-0 -0 0
-0 -0 0
-0 -0 0
-0 -0 0
-0 -0 0
-0 -0 0
-0 -0 0
-0 -0 0
-0 -0 0
-0 -0 0
-0 -0 0
-0 -0 0
-0 -0 0
-0 -0 0
-0 -0 0
-0 -0 0
-0 -0 0
-0 -0 0
-0 -0 0
-0 -0 0
-0 -0 0
-0 -0 0
-0 -0 0
-0 -0 0
-0 -0 0
-0 -0 0
-0 -0 0
-0 -0 0
-0 -0 0
-0 -0 0
-0 -0 0
-0 -0 0
-0 -0 0
-0 -0 0
-0 -0 0
-0 -0 0
-0 -0 0
-0 -0 0
-0 -0 0
-0 -0 0
-0 -0 0
-0 -0 0
-0 -0 0
-0 -0 0
-0 -0 0
-0 -0 0
-0 -0 0
-0 -0 0
-0 -0 0
-0 -0 0
-0 -0 0
-0 -0 0
-0 -0 0
0 -0 0
0 -0 0
0 -0 0
0 -0 0
0 -0 0
0 -0 0
0 -0 0
0 -0 0
0 -0 0
0 -0 0
0 -0 0
0 -0 0
0 -0 0
0 -0 0
0 -0 0
0 -0 0
0 -0 0
0 -0 0
0 -0 0
0 -0 0
0 -0 0
0 -0 0
0 -0 0
0 -0 0
0 -0 0
0 -0 0
0 -0 0
0 -0 0
0 -0 0
0 -0 0
0 -0 0
0 -0 0
0 -0 0
0 -0 0
0 -0 0
0 -0 0
0 -0 0
0 -0 0
0 -0 0
0 -0 0
0 -0 0
0 -0 0
0 -0 0
0 -0 0
0 -0 0
0 -0 0
0 -0 0
0 -0 0
0 -0 0
0 -0 0
0 -0 0
0 -0 0
0 -0 0
0 -0 0
0 -0 0
0 -0 0
0 -0 0
0 -0 0
0 -0 0
0 -0 0
0 -0 0
0 -0 0
0 -0 0
0 -0 0
0 -0 0
0 -0 0
0 -0 0
0 -0 0
0 -0 0
0 -0 0
0 -0 0
0 -0 0
0 -0 0
0 -0 0
0 -0 0
0 -0 0
0 -0 0
0 -0 0
0 -0 0
-0 -0 0
-0 -0 0
-0 -0 0
-0 -0 0
-0 -0 0
-0 -0 0
-0 -0 0
-0 -0 0
-0 -0 0
-0 -0 0
-0 -0 0
-0 -0 0
-0 -0 0
-0 -0 0
-0 -0 0
-0 -0 0
-0 -0 0
-0 -0 0
-0 -0 0
-0 -0 0
-0 -0 0
-0 -0 0
-0 -0 0
-0 -0 0
-0 -0 0
-0 -0 0
-0 -0 0
-0 -0 0
-0 -0 0
-0 -0 0
-0 -0 0
-0 -0 0
-0 -0 0
-0 -0 0
-0 -0 0
-0 -0 0
-0 -0 0
-0 -0 0
-0 -0 0
-0 -0 0
-0 -0 0
-0 -0 0
-0 -0 0
-0 -0 0
-0 -0 0
-0 -0 0
-0 -0 0
-0 -0 0
-0 -0 0
-0 -0 0
-0 -0 0
-0 -0 0
-0 -0 0
-0 -0 0
-0.09127675 -0.1535302 0.39300001
-0.087838806 -0.1535302 0.39300001
-0.084400862 -0.1535302 0.39300001
-0.081065923 -0.15372553 0.39350003
-0 -0 0
-0 -0 0
-0 -0 0
-0 -0 0
-0 -0 0
-0 -0 0
-0 -0 0
-0 -0 0
-0 -0 0
-0 -0 0
-0 -0 0
-0 -0 0
-0 -0 0
-0 -0 0
-0 -0 0
-0 -0 0
-0 -0 0
-0 -0 0
-0 -0 0
-0 -0 0
-0 -0 0
-0 -0 0
-0 -0 0
0 -0 0
0 -0 0
0 -0 0
0 -0 0
0 -0 0
0 -0 0
0 -0 0
0 -0 0
0 -0 0
0 -0 0
0 -0 0
0 -0 0
0 -0 0
0 -0 0
0 -0 0
0 -0 0
0 -0 0
0 -0 0
0 -0 0
0 -0 0
0 -0 0
0 -0 0
0 -0 0
0 -0 0
0 -0 0
0 -0 0
0 -0 0
0 -0 0
0 -0 0
0 -0 0
0 -0 0
0 -0 0
0 -0 0
0 -0 0
0 -0 0
0 -0 0
0 -0 0
0 -0 0
0 -0 0
0 -0 0
0 -0 0
0 -0 0
0 -0 0
0 -0 0
0 -0 0
0 -0 0
0 -0 0
0 -0 0
0 -0 0
0 -0 0
0 -0 0
0 -0 0
0 -0 0
0 -0 0
0 -0 0
0 -0 0
0 -0 0
0 -0 0
0 -0 0
0 -0 0
0 -0 0
0 -0 0
0 -0 0
0 -0 0
0 -0 0
0 -0 0
0 -0 0
0 -0 0
0 -0 0
0 -0 0
0 -0 0
0 -0 0
0 -0 0
0 -0 0
0 -0 0
0 -0 0
0 -0 0
0 -0 0
0 -0 0
-0 -0 0
-0 -0 0
-0 -0 0
-0 -0 0
-0 -0 0
-0 -0 0
-0 -0 0
-0 -0 0
-0 -0 0
-0 -0 0
-0 -0 0
-0 -0 0
-0 -0 0
-0 -0 0
-0 -0 0
-0 -0 0
-0 -0 0
-0 -0 0
-0 -0 0
-0 -0 0
-0 -0 0
-0 -0 0
-0 -0 0
-0 -0 0
-0 -0 0
-0 -0 0
-0 -0 0
-0 -0 0
-0 -0 0
-0 -0 0
-0 -0 0
-0 -0 0
-0 -0 0
-0 -0 0
-0 -0 0
-0 -0 0
-0 -0 0
-0 -0 0
-0 -0 0
-0 -0 0
-0 -0 0
-0 -0 0
-0 -0 0
-0 -0 0
-0 -0 0
-0 -0 0
-0 -0 0
-0 -0 0
-0 -0 0
-0 -0 0
-0 -0 0
-0 -0 0
-0 -0 0
-0.095076203 -0.15066779 0.39450002
-0.091509007 -0.15047683 0.39400002
-0.087838806 -0.1500949 0.39300001
-0.084400862 -0.1500949 0.39300001
-0.081014417 -0.15019038 0.39325002
-0.077524967 -0.1500949 0.39300001
-0 -0 0
-0 -0 0
-0 -0 0
-0 -0 0
-0 -0 0
-0 -0 0
-0 -0 0
-0 -0 0
-0 -0 0
-0 -0 0
-0 -0 0
-0 -0 0
-0 -0 0
-0 -0 0
-0 -0 0
-0 -0 0
-0 -0 0
-0 -0 0
-0 -0 0
-0 -0 0
-0 -0 0
-0 -0 0
0 -0 0
0 -0 0
0 -0 0
0 -0 0
0 -0 0
0 -0 0
0 -0 0
0 -0 0
0 -0 0
0 -0 0
0 -0 0
0 -0 0
0 -0 0
0 -0 0
0 -0 0
0 -0 0
0 -0 0
0 -0 0
0 -0 0
0 -0 0
0 -0 0
0 -0 0
0 -0 0
0 -0 0
0 -0 0
0 -0 0
0 -0 0
0 -0 0
0 -0 0
0 -0 0
0 -0 0
0 -0 0
0 -0 0
0 -0 0
0 -0 0
0 -0 0
0 -0 0
0 -0 0
0 -0 0
0 -0 0
0 -0 0
0 -0 0
0 -0 0
0 -0 0
0 -0 0
0 -0 0
0 -0 0
0 -0 0
0 -0 0
0 -0 0
0 -0 0
0 -0 0
0 -0 0
0 -0 0
0 -0 0
0 -0 0
0 -0 0
0 -0 0
0 -0 0
0 -0 0
0 -0 0
0 -0 0
0 -0 0
0 -0 0
0 -0 0
0 -0 0
0 -0 0
0 -0 0
0 -0 0
0 -0 0
0 -0 0
0 -0 0
0 -0 0
0 -0 0
0 -0 0
0 -0 0
0 -0 0
0 -0 0
0 -0 0
-0 -0 0
-0 -0 0
-0 -0 0
-0 -0 0
-0 -0 0
-0 -0 0
-0 -0 0
-0 -0 0
-0 -0 0
-0 -0 0
-0 -0 0
-0 -0 0
-0 -0 0
-0 -0 0
-0 -0 0
-0 -0 0
-0 -0 0
-0 -0 0
-0 -0 0
-0 -0 0
-0 -0 0
-0 -0 0
-0 -0 0
-0 -0 0
-0 -0 0
-0 -0 0
-0 -0 0
-0 -0 0
-0 -0 0
-0 -0 0
-0 -0 0
-0 -0 0
-0 -0 0
-0 -0 0
-0 -0 0
-0 -0 0
-0 -0 0
-0 -0 0
-0 -0 0
-0 -0 0
-0 -0 0
-0 -0 0
-0 -0 0
-0 -0 0
-0 -0 0
-0 -0 0
-0 -0 0
-0 -0 0
-0 -0 0
-0 -0 0
-0 -0 0
-0 -0 0
-0 -0 0
-0.094955698 -0.14703278 0.39400002
-0.091509007 -0.14703278 0.39400002
-0.087894686 -0.14675289 0.39325002
-0.084454551 -0.14675289 0.39325002
-0.081065923 -0.14684619 0.39350003
-0.07757429 -0.14675289 0.39325002
-0.074039899 -0.1465663 0.39275002
-0.070559196 -0.14647301 0.39250001
-0.067168385 -0.1465663 0.39275002
-0 -0 0
-0 -0 0
-0 -0 0
-0 -0 0
-0 -0 0
-0 -0 0
-0 -0 0
-0 -0 0
-0 -0 0
-0 -0 0
-0 -0 0
-0 -0 0
-0 -0 0
-0 -0 0
-0 -0 0
-0 -0 0
-0 -0 0
-0 -0 0
-0 -0 0
0.0025313336 -0.23986121 0.64275002
0.008144564 -0.23958132 0.64200002
0 -0 0
0 -0 0
0 -0 0
0 -0 0
0 -0 0
0 -0 0
0 -0 0
0 -0 0
0 -0 0
0 -0 0
0 -0 0
0 -0 0
0 -0 0
0 -0 0
0 -0 0
0 -0 0
0 -0 0
0 -0 0
0 -0 0
0 -0 0
0 -0 0
0 -0 0
0 -0 0
0 -0 0
0 -0 0
0 -0 0
0 -0 0
0 -0 0
0 -0 0
0 -0 0
0 -0 0
0 -0 0
0 -0 0
0 -0 0
0 -0 0
0 -0 0
0 -0 0
0 -0 0
0 -0 0
0 -0 0
0 -0 0
0 -0 0
0 -0 0
0 -0 0
0 -0 0
0 -0 0
0 -0 0
0 -0 0
0 -0 0
0 -0 0
0 -0 0
0 -0 0
0 -0 0
0 -0 0
0 -0 0
0 -0 0
0 -0 0
0 -0 0
0 -0 0
0 -0 0
0 -0 0
0 -0 0
0 -0 0
0 -0 0
0 -0 0
0 -0 0
0 -0 0
0 -0 0
0 -0 0
0 -0 0
0 -0 0
0 -0 0
0 -0 0
0 -0 0
0 -0 0
0 -0 0
0 -0 0
-0 -0 0
-0 -0 0
-0 -0 0
-0 -0 0
-0 -0 0
-0 -0 0
-0 -0 0
-0 -0 0
-0 -0 0
-0 -0 0
-0 -0 0
-0 -0 0
-0 -0 0
-0 -0 0
-0 -0 0
-0 -0 0
-0 -0 0
-0 -0 0
-0 -0 0
-0 -0 0
-0 -0 0
-0 -0 0
-0 -0 0
-0 -0 0
-0 -0 0
-0 -0 0
-0 -0 0
-0 -0 0
-0 -0 0
-0 -0 0
-0 -0 0
-0 -0 0
-0 -0 0
-0 -0 0
-0 -0 0
-0 -0 0
-0 -0 0
-0 -0 0
-0 -0 0
-0 -0 0
-0 -0 0
-0 -0 0
-0 -0 0
-0 -0 0
-0 -0 0
-0 -0 0
-0 -0 0
-0 -0 0
-0 -0 0
-0 -0 0
-0 -0 0
-0 -0 0
-0.097715572 -0.14258653 0.39125001
-0.094594195 -0.14304207 0.39250001
-0.091392882 -0.14340651 0.39350003
-0.087950565 -0.14340651 0.39350003
-0.084508248 -0.14340651 0.39350003
-0.081065923 -0.14340651 0.39350003
-0.077623606 -0.14340651 0.39350003
-0.074134156 -0.1433154 0.39325002
-0.07064908 -0.14322428 0.39300001
-0.067211136 -0.14322428 0.39300001
-0.063732624 -0.14313318 0.39275002
-0.060258493 -0.14304207 0.39250001
-0 -0 0
-0 -0 0
-0 -0 0
-0 -0 0
-0 -0 0
-0 -0 0
-0 -0 0
-0 -0 0
-0 -0 0
-0 -0 0
-0 -0 0
-0 -0 0
-0 -0 0
-0 -0 0
-0 -0 0
-0 -0 0
-0 -0 0
0 -0 0
0.0081350487 -0.23369612 0.64125001
0 -0 0
0 -0 0
0 -0 0
0 -0 0
0 -0 0
0 -0 0
0 -0 0
0 -0 0
0 -0 0
0 -0 0
0 -0 0
0 -0 0
0 -0 0
0 -0 0
0 -0 0
0 -0 0
0 -0 0
0 -0 0
0 -0 0
0 -0 0
0 -0 0
0 -0 0
0 -0 0
0 -0 0
0 -0 0
0 -0 0
0 -0 0
0 -0 0
0 -0 0
0 -0 0
0 -0 0
0 -0 0
0 -0 0
0 -0 0
0 -0 0
0 -0 0
0 -0 0
0 -0 0
0 -0 0
0 -0 0
0 -0 0
0 -0 0
0 -0 0
0 -0 0
0 -0 0
0 -0 0
0 -0 0
0 -0 0
0 -0 0
0 -0 0
0 -0 0
0 -0 0
0 -0 0
0 -0 0
0 -0 0
0 -0 0
0 -0 0
0 -0 0
0 -0 0
0 -0 0
0 -0 0
0 -0 0
0 -0 0
0 -0 0
0 -0 0
0 -0 0
0 -0 0
0 -0 0
0 -0 0
0 -0 0
0 -0 0
0 -0 0
0 -0 0
0 -0 0
0 -0 0
0 -0 0
0 -0 0
-0 -0 0
-0 -0 0
-0 -0 0
-0 -0 0
-0 -0 0
-0 -0 0
-0 -0 0
-0 -0 0
-0 -0 0
-0 -0 0
-0 -0 0
-0 -0 0
-0 -0 0
-0 -0 0
-0 -0 0
-0 -0 0
-0 -0 0
-0 -0 0
-0 -0 0
-0 -0 0
-0 -0 0
-0 -0 0
-0 -0 0
-0 -0 0
-0 -0 0
-0 -0 0
-0 -0 0
-0 -0 0
-0 -0 0
-0 -0 0
-0 -0 0
-0 -0 0
-0 -0 0
-0 -0 0
-0 -0 0
-0 -0 0
-0 -0 0
-0 -0 0
-0 -0 0
-0 -0 0
-0 -0 0
-0 -0 0
-0 -0 0
-0 -0 0
-0 -0 0
-0 -0 0
-0 -0 0
-0 -0 0
-0 -0 0
-0 -0 0
-0 -0 0
-0 -0 0
-0.0975907 -0.13898867 0.39075002
-0.094413437 -0.13934436 0.39175001
-0.091334812 -0.13987792 0.39325002
-0.087950565 -0.13996685 0.39350003
-0.084508248 -0.13996685 0.39350003
-0.081014417 -0.13987792 0.39325002
-0.077623606 -0.13996685 0.39350003
-0.074181288 -0.13996685 0.39350003
-0.070828855 -0.14014469 0.39400002
-0.067382157 -0.14014469 0.39400002
-0.063854329 -0.13996685 0.39350003
-0.060335252 -0.13978899 0.39300001
-0.056716338 -0.13934436 0.39175001
-0.053119294 -0.13889974 0.39050001
-0.049257737 -0.13765481 0.38700002
-0 -0 0
-0 -0 0
-0 -0 0
-0 -0 0
-0 -0 0
-0 -0 0
-0 -0 0
-0 -0 0
-0 -0 0
-0 -0 0
-0 -0 0
-0 -0 0
-0 -0 0
-0 -0 0
0 -0 0
0 -0 0
0 -0 0
0 -0 0
0 -0 0
0 -0 0
0 -0 0
0 -0 0
0 -0 0
0 -0 0
0 -0 0
0 -0 0
0 -0 0
0 -0 0
0 -0 0
0 -0 0
0 -0 0
0 -0 0
0 -0 0
0 -0 0
0 -0 0
0 -0 0
0 -0 0
0 -0 0
0 -0 0
0 -0 0
0 -0 0
0 -0 0
0 -0 0
0 -0 0
0 -0 0
0 -0 0
0 -0 0
0 -0 0
0 -0 0
0 -0 0
0 -0 0
0 -0 0
0 -0 0
0 -0 0
0 -0 0
0 -0 0
0 -0 0
0 -0 0
0 -0 0
0 -0 0
0 -0 0
0 -0 0
0 -0 0
0 -0 0
0 -0 0
0 -0 0
0 -0 0
0 -0 0
0 -0 0
0 -0 0
0 -0 0
0 -0 0
0 -0 0
0 -0 0
0 -0 0
0 -0 0
0 -0 0
0 -0 0
0 -0 0
0 -0 0
0 -0 0
0 -0 0
0 -0 0
0 -0 0
0 -0 0
0 -0 0
0 -0 0
0 -0 0
0 -0 0
0 -0 0
0 -0 0
0 -0 0
0 -0 0
-0 -0 0
-0 -0 0
-0 -0 0
-0 -0 0
-0 -0 0
-0 -0 0
-0 -0 0
-0 -0 0
-0 -0 0
-0 -0 0
-0 -0 0
-0 -0 0
-0 -0 0
-0 -0 0
-0 -0 0
-0 -0 0
-0 -0 0
-0 -0 0
-0 -0 0
-0 -0 0
-0 -0 0
-0 -0 0
-0 -0 0
-0 -0 0
-0 -0 0
-0 -0 0
-0 -0 0
-0 -0 0
-0 -0 0
-0 -0 0
-0 -0 0
-0 -0 0
-0 -0 0
-0 -0 0
-0 -0 0
-0 -0 0
-0 -0 0
-0 -0 0
-0 -0 0
-0 -0 0
-0 -0 0
-0 -0 0
-0 -0 0
-0 -0 0
-0 -0 0
-0 -0 0
-0 -0 0
-0 -0 0
-0 -0 0
-0 -0 0
-0 -0 0
-0.10113821 -0.13574651 0.39125001
-0.097715572 -0.13574651 0.39125001
-0.094413437 -0.13591999 0.39175001
-0.091160625 -0.13618021 0.39250001
-0.087727048 -0.13618021 0.39250001
-0.084293477 -0.13618021 0.39250001
-0.080911413 -0.13626695 0.39275002
-0.077672921 -0.13661391 0.39375001
-0.074275546 -0.13670065 0.39400002
-0.070828855 -0.13670065 0.39400002
-0.067382157 -0.13670065 0.39400002
-0.063894898 -0.13661391 0.39375001
-0.060373638 -0.13644043 0.39325002
-0.056788731 -0.13609347 0.39225003
-0.053085286 -0.13539957 0.39025003
-0.049130455 -0.13392499 0.38600001
-0.045694478 -0.13375151 0.38550001
-0.042047679 -0.13288413 0.38300002
-0 -0 0
-0 -0 0
-0 -0 0
-0 -0 0
-0 -0 0
-0 -0 0
-0 -0 0
-0 -0 0
-0 -0 0
-0 -0 0
-0 -0 0
-0 -0 0
0 -0 0
0 -0 0
0 -0 0
0 -0 0
0 -0 0
0 -0 0
0 -0 0
0 -0 0
0 -0 0
0 -0 0
0 -0 0
0 -0 0
0 -0 0
0 -0 0
0 -0 0
0 -0 0
0 -0 0
0 -0 0
0 -0 0
0 -0 0
0 -0 0
0 -0 0
0 -0 0
0 -0 0
0 -0 0
0 -0 0
0 -0 0
0 -0 0
0 -0 0
0 -0 0
0 -0 0
0 -0 0
0 -0 0
0 -0 0
0 -0 0
0 -0 0
0 -0 0
0 -0 0
0 -0 0
0 -0 0
0 -0 0
0 -0 0
0 -0 0
0 -0 0
0 -0 0
0 -0 0
0 -0 0
0 -0 0
0 -0 0
0 -0 0
0 -0 0
0 -0 0
0 -0 0
0 -0 0
0 -0 0
0 -0 0
0 -0 0
0 -0 0
0 -0 0
0 -0 0
0 -0 0
0 -0 0
0 -0 0
0 -0 0
0 -0 0
0 -0 0
0 -0 0
0 -0 0
0 -0 0
0 -0 0
0 -0 0
0 -0 0
0 -0 0
0 -0 0
0 -0 0
0 -0 0
0 -0 0
0 -0 0
0 -0 0
-0 -0 0
-0 -0 0
-0 -0 0
-0 -0 0
-0 -0 0
-0 -0 0
-0 -0 0
-0 -0 0
-0 -0 0
-0 -0 0
-0 -0 0
-0 -0 0
-0 -0 0
-0 -0 0
-0 -0 0
-0 -0 0
-0 -0 0
-0 -0 0
-0 -0 0
-0 -0 0
-0 -0 0
-0 -0 0
-0 -0 0
-0 -0 0
-0 -0 0
-0 -0 0
-0 -0 0
-0 -0 0
-0 -0 0
-0 -0 0
-0 -0 0
-0 -0 0
-0 -0 0
-0 -0 0
-0 -0 0
-0 -0 0
-0 -0 0
-0 -0 0
-0 -0 0
-0 -0 0
-0 -0 0
-0 -0 0
-0 -0 0
-0 -0 0
-0 -0 0
-0 -0 0
-0 -0 0
-0 -0 0
-0 -0 0
-0 -0 0
-0 -0 0
-0.10133209 -0.13258016 0.39200002
-0.097840451 -0.13249561 0.39175001
-0.094353192 -0.13241106 0.39150003
-0.090928368 -0.13241106 0.39150003
-0.087615296 -0.13258016 0.39200002
-0.084293477 -0.13274927 0.39250001
-0.080911413 -0.13283382 0.39275002
-0.077623606 -0.13308749 0.39350003
-0.074322671 -0.13334115 0.39425001
-0.070828855 -0.1332566 0.39400002
-0.067382157 -0.1332566 0.39400002
-0.063854329 -0.13308749 0.39350003
-0.060335252 -0.13291837 0.39300001
-0.056752533 -0.13258016 0.39200002
-0.05254117 -0.13063543 0.38625002
-0.048939534 -0.13004357 0.38450003
-0.045605578 -0.1301281 0.38475001
-0.042157464 -0.12987444 0.384
-0.038823511 -0.129959 0.38425002
-0.035508253 -0.1301281 0.38475001
-0 -0 0
-0 -0 0
-0 -0 0
-0 -0 0
-0 -0 0
-0 -0 0
-0 -0 0
-0 -0 0
-0 -0 0
-0 -0 0
0 -0 0
0 -0 0
0 -0 0
0 -0 0
0 -0 0
0 -0 0
0 -0 0
0 -0 0
0 -0 0
0 -0 0
0 -0 0
0 -0 0
0 -0 0
0 -0 0
0 -0 0
0 -0 0
0 -0 0
0 -0 0
0 -0 0
0 -0 0
0 -0 0
0 -0 0
0 -0 0
0 -0 0
0 -0 0
0 -0 0
0 -0 0
0 -0 0
0 -0 0
0 -0 0
0 -0 0
0 -0 0
0 -0 0
0 -0 0
0 -0 0
0 -0 0
0 -0 0
0 -0 0
0 -0 0
0 -0 0
0 -0 0
0 -0 0
0 -0 0
0 -0 0
0 -0 0
0 -0 0
0 -0 0
0 -0 0
0 -0 0
0 -0 0
0 -0 0
0 -0 0
0 -0 0
0 -0 0
0 -0 0
0 -0 0
0 -0 0
0 -0 0
0 -0 0
0 -0 0
0 -0 0
0 -0 0
0 -0 0
0 -0 0
0 -0 0
0 -0 0
0 -0 0
0 -0 0
0 -0 0
0 -0 0
0 -0 0
0 -0 0
0 -0 0
0 -0 0
0 -0 0
0 -0 0
0 -0 0
0 -0 0
0 -0 0
-0 -0 0
-0 -0 0
-0 -0 0
-0 -0 0
-0 -0 0
-0 -0 0
-0 -0 0
-0 -0 0
-0 -0 0
-0 -0 0
-0 -0 0
-0 -0 0
-0 -0 0
-0 -0 0
-0 -0 0
-0 -0 0
-0 -0 0
-0 -0 0
-0 -0 0
-0 -0 0
-0 -0 0
-0 -0 0
-0 -0 0
-0 -0 0
-0 -0 0
-0 -0 0
-0 -0 0
-0 -0 0
-0 -0 0
-0 -0 0
-0 -0 0
-0 -0 0
-0 -0 0
-0 -0 0
-0 -0 0
-0 -0 0
-0 -0 0
-0 -0 0
-0 -0 0
-0 -0 0
-0 -0 0
-0 -0 0
-0 -0 0
-0 -0 0
-0 -0 0
-0 -0 0
-0 -0 0
-0 -0 0
-0 -0 0
-0 -0 0
-0.10502852 -0.12948307 0.39300001
-0.10094434 -0.1286594 0.39050001
-0.097778015 -0.12898888 0.39150003
-0.094353192 -0.12898888 0.39150003
-0.090928368 -0.12898888 0.39150003
-0.087615296 -0.12915361 0.39200002
-0.084293477 -0.12931834 0.39250001
-0.080808409 -0.12923598 0.39225003
-0.07747566 -0.12940072 0.39275002
-0.074134156 -0.12956545 0.39325002
-0.070738971 -0.12964782 0.39350003
-0.067382157 -0.12981255 0.39400002
-0.063894898 -0.12973018 0.39375001
-0.060296874 -0.12940072 0.39275002
-0.056390591 -0.12832992 0.38950002
-0.052099075 -0.12618834 0.38300002
-0.048748612 -0.12618834 0.38300002
-0.045546312 -0.12660019 0.38425002
-0.042267248 -0.1268473 0.38500002
-0.038874026 -0.12676492 0.38475001
-0.035508253 -0.12676492 0.38475001
-0.032205138 -0.12701203 0.38550001
-0.028907599 -0.12734151 0.38650003
-0.025526516 -0.12734151 0.38650003
-0 -0 0
-0 -0 0
-0 -0 0
-0 -0 0
-0 -0 0
-0 -0 0
-0 -0 0
0 -0 0
0 -0 0
0 -0 0
0 -0 0
0 -0 0
0 -0 0
0 -0 0
0 -0 0
0 -0 0
0 -0 0
0 -0 0
0 -0 0
0 -0 0
0 -0 0
0 -0 0
0 -0 0
0 -0 0
0 -0 0
0 -0 0
0 -0 0
0 -0 0
0 -0 0
0 -0 0
0 -0 0
0 -0 0
0 -0 0
0 -0 0
0 -0 0
0 -0 0
0 -0 0
0 -0 0
0 -0 0
0 -0 0
0 -0 0
0 -0 0
0 -0 0
0 -0 0
0 -0 0
0 -0 0
0 -0 0
0 -0 0
0 -0 0
0 -0 0
0 -0 0
0 -0 0
0 -0 0
0 -0 0
0 -0 0
0 -0 0
0 -0 0
0 -0 0
0 -0 0
0 -0 0
0 -0 0
0 -0 0
0 -0 0
0 -0 0
0 -0 0
0 -0 0
0 -0 0
0 -0 0
0 -0 0
0 -0 0
0 -0 0
0 -0 0
0 -0 0
0 -0 0
0 -0 0
0 -0 0
0 -0 0
0 -0 0
0 -0 0
0 -0 0
0 -0 0
0 -0 0
0 -0 0
0 -0 0
0 -0 0
0 -0 0
-0 -0 0
-0 -0 0
-0 -0 0
-0 -0 0
-0 -0 0
-0 -0 0
-0 -0 0
-0 -0 0
-0 -0 0
-0 -0 0
-0 -0 0
-0 -0 0
-0 -0 0
-0 -0 0
-0 -0 0
-0 -0 0
-0 -0 0
-0 -0 0
-0 -0 0
-0 -0 0
-0 -0 0
-0 -0 0
-0 -0 0
-0 -0 0
-0 -0 0
-0 -0 0
-0 -0 0
-0 -0 0
-0 -0 0
-0 -0 0
-0 -0 0
-0 -0 0
-0 -0 0
-0 -0 0
-0 -0 0
-0 -0 0
-0 -0 0
-0 -0 0
-0 -0 0
-0 -0 0
-0 -0 0
-0 -0 0
-0 -0 0
-0 -0 0
-0 -0 0
-0 -0 0
-0 -0 0
-0 -0 0
-0 -0 0
-0 -0 0
-0.10395954 -0.12476485 0.38900003
-0.10062122 -0.12484503 0.38925001
-0.0975907 -0.12532613 0.39075002
-0.094353192 -0.12556668 0.39150003
-0.090928368 -0.12556668 0.39150003
-0.087559417 -0.12564686 0.39175001
-0.084186099 -0.12572704 0.39200002
-0.080653898 -0.12556668 0.39150003
-0.077327706 -0.12572704 0.39200002
-0.074087024 -0.12604778 0.39300001
-0.07064908 -0.12604778 0.39300001
-0.067339405 -0.12628832 0.39375001
-0.063894898 -0.12628832 0.39375001
-0.060220115 -0.12580723 0.39225003
-0.055558126 -0.12308101 0.38375002
-0.051929042 -0.12243953 0.38175002
-0.048589509 -0.12243953 0.38175002
-0.045338877 -0.12268009 0.38250002
-0.042157464 -0.12316118 0.384
-0.038823511 -0.12324136 0.38425002
-0.035462111 -0.12324136 0.38425002
-0.03216337 -0.12348191 0.38500002
-0.028851504 -0.12372247 0.38575003
-0.025476981 -0.12372247 0.38575003
-0.022088133 -0.12364228 0.38550001
-0 -0 0
-0 -0 0
-0 -0 0
-0 -0 0
-0 -0 0
-0 -0 0
0 -0 0
0 -0 0
0 -0 0
0 -0 0
0 -0 0
0 -0 0
0 -0 0
0 -0 0
0 -0 0
0 -0 0
0 -0 0
0 -0 0
0 -0 0
0 -0 0
0 -0 0
0 -0 0
0 -0 0
0 -0 0
0 -0 0
0 -0 0
0 -0 0
0 -0 0
0 -0 0
0 -0 0
0 -0 0
0 -0 0
0 -0 0
0 -0 0
0 -0 0
0 -0 0
0 -0 0
0 -0 0
0 -0 0
0 -0 0
0 -0 0
0 -0 0
0 -0 0
0 -0 0
0 -0 0
0 -0 0
0 -0 0
0 -0 0
0 -0 0
0 -0 0
0 -0 0
0 -0 0
0 -0 0
0 -0 0
0 -0 0
0 -0 0
0 -0 0
0 -0 0
0 -0 0
0 -0 0
0 -0 0
0 -0 0
0 -0 0
0 -0 0
0 -0 0
0 -0 0
0 -0 0
0 -0 0
0 -0 0
0 -0 0
0 -0 0
0 -0 0
0 -0 0
0 -0 0
0 -0 0
0 -0 0
0 -0 0
0 -0 0
0 -0 0
0 -0 0
0 -0 0
0 -0 0
0 -0 0
0 -0 0
0 -0 0
-0 -0 0
-0 -0 0
-0 -0 0
-0 -0 0
-0 -0 0
-0 -0 0
-0 -0 0
-0 -0 0
-0 -0 0
-0 -0 0
-0 -0 0
-0 -0 0
-0 -0 0
-0 -0 0
-0 -0 0
-0 -0 0
-0 -0 0
-0 -0 0
-0 -0 0
-0 -0 0
-0 -0 0
-0 -0 0
-0 -0 0
-0 -0 0
-0 -0 0
-0 -0 0
-0 -0 0
-0 -0 0
-0 -0 0
-0 -0 0
-0 -0 0
-0 -0 0
-0 -0 0
-0 -0 0
-0 -0 0
-0 -0 0
-0 -0 0
-0 -0 0
-0 -0 0
-0 -0 0
-0 -0 0
-0 -0 0
-0 -0 0
-0 -0 0
-0 -0 0
-0 -0 0
-0 -0 0
-0 -0 0
-0 -0 0
-0.10667251 -0.12058453 0.38650003
-0.10349185 -0.12081852 0.38725001
-0.10036272 -0.12113052 0.38825002
-0.097340941 -0.1215985 0.38975
-0.094172433 -0.12191049 0.39075002
-0.090754174 -0.12191049 0.39075002
-0.087335914 -0.12191049 0.39075002
-0.084078722 -0.12214449 0.39150003
-0.080653898 -0.12214449 0.39150003
-0.077229075 -0.12214449 0.39150003
-0.074039899 -0.12253448 0.39275002
-0.070604146 -0.12253448 0.39275002
-0.067211136 -0.12261247 0.39300001
-0.063894898 -0.12284646 0.39375001
-0.059529252 -0.12097452 0.38775003
-0.054942824 -0.1184006 0.37950003
-0.051656984 -0.11847859 0.37975001
-0.048430409 -0.11871258 0.38050002
-0.045190711 -0.11894658 0.38125002
-0.041910447 -0.11910257 0.38175002
-0.038621437 -0.11925857 0.38225001
-0.035323676 -0.11941456 0.38275
-0.032058943 -0.11972655 0.38375002
-0.028776709 -0.12003854 0.38475001
-0.02544396 -0.12019455 0.38525003
-0.022088133 -0.12027254 0.38550001
-0.018740075 -0.12042853 0.38600001
-0.015433019 -0.12097452 0.38775003
-0.012087581 -0.1214425 0.38925001
-0 -0 0
-0 -0 0
-0 -0 0
0 -0 0
0 -0 0
0 -0 0
0 -0 0
0 -0 0
0 -0 0
0 -0 0
0 -0 0
0 -0 0
0 -0 0
0 -0 0
0 -0 0
0 -0 0
0 -0 0
0 -0 0
0 -0 0
0 -0 0
0 -0 0
0 -0 0
0 -0 0
0 -0 0
0 -0 0
0 -0 0
0 -0 0
0 -0 0
0 -0 0
0 -0 0
0 -0 0
0 -0 0
0 -0 0
0 -0 0
0 -0 0
0 -0 0
0 -0 0
0 -0 0
0 -0 0
0 -0 0
0 -0 0
0 -0 0
0 -0 0
0 -0 0
0 -0 0
0 -0 0
0 -0 0
0 -0 0
0 -0 0
0 -0 0
0 -0 0
0 -0 0
0 -0 0
0 -0 0
0 -0 0
0 -0 0
0 -0 0
0 -0 0
0 -0 0
0 -0 0
0 -0 0
0 -0 0
0 -0 0
0 -0 0
0 -0 0
0 -0 0
0 -0 0
0 -0 0
0 -0 0
0 -0 0
0 -0 0
0 -0 0
0 -0 0
0 -0 0
0 -0 0
0 -0 0
0 -0 0
0 -0 0
0 -0 0
0 -0 0
0 -0 0
0 -0 0
-0 -0 0
-0 -0 0
-0 -0 0
-0 -0 0
-0 -0 0
-0 -0 0
-0 -0 0
-0 -0 0
-0 -0 0
-0 -0 0
-0 -0 0
-0 -0 0
-0 -0 0
-0 -0 0
-0 -0 0
-0 -0 0
-0 -0 0
-0 -0 0
-0 -0 0
-0 -0 0
-0 -0 0
-0 -0 0
-0 -0 0
-0 -0 0
-0 -0 0
-0 -0 0
-0 -0 0
-0 -0 0
-0 -0 0
-0 -0 0
-0 -0 0
-0 -0 0
-0 -0 0
-0 -0 0
-0 -0 0
-0 -0 0
-0 -0 0
-0 -0 0
-0 -0 0
-0 -0 0
-0 -0 0
-0 -0 0
-0 -0 0
-0 -0 0
-0 -0 0
-0 -0 0
-0 -0 0
-0 -0 0
-0.1094841 -0.11659954 0.38450003
-0.10639651 -0.11690279 0.38550001
-0.10329142 -0.11720604 0.38650003
-0.10016884 -0.11750929 0.38750002
-0.097091191 -0.11788835 0.38875002
-0.093871184 -0.1181158 0.38950002
-0.090463854 -0.1181158 0.38950002
-0.087168284 -0.11826742 0.39000002
-0.084025033 -0.11864648 0.39125001
-0.080653898 -0.1187223 0.39150003
-0.077130444 -0.11857067 0.39100003
-0.073851377 -0.1187981 0.39175001
-0.070469312 -0.11887392 0.39200002
-0.067125626 -0.11902554 0.39250001
-0.063610919 -0.11887392 0.39200002
-0.058416195 -0.11538655 0.38050002
-0.054689463 -0.1145526 0.37775001
-0.051554959 -0.11493167 0.37900001
-0.048303131 -0.1150833 0.37950003
-0.045072176 -0.11531073 0.38025001
-0.041800663 -0.11546236 0.38075003
-0.038545657 -0.11568979 0.38150001
-0.03525446 -0.11584143 0.38200003
-0.031954516 -0.11599305 0.38250002
-0.02866452 -0.11622048 0.38325003
-0.025377912 -0.11652373 0.38425002
-0.022059485 -0.11675117 0.38500002
-0.018715799 -0.11690279 0.38550001
-0.015403167 -0.11735767 0.38700002
-0.012079817 -0.11796417 0.38900003
-0.0086712884 -0.11788835 0.38875002
-0.0052840798 -0.1181916 0.38975
-0 -0 0
0 -0 0
0.0081096767 -0.19385242 0.63925004
0 -0 0
0 -0 0
0 -0 0
0 -0 0
0 -0 0
0 -0 0
0 -0 0
0 -0 0
0 -0 0
0 -0 0
0 -0 0
0 -0 0
0 -0 0
0 -0 0
0 -0 0
0 -0 0
0 -0 0
0 -0 0
0 -0 0
0 -0 0
0 -0 0
0 -0 0
0 -0 0
0 -0 0
0 -0 0
0 -0 0
0 -0 0
0 -0 0
0 -0 0
0 -0 0
0 -0 0
0 -0 0
0 -0 0
0 -0 0
0 -0 0
0 -0 0
0 -0 0
0 -0 0
0 -0 0
0 -0 0
0 -0 0
0 -0 0
0 -0 0
0 -0 0
0 -0 0
0 -0 0
0 -0 0
0 -0 0
0 -0 0
0 -0 0
0 -0 0
0 -0 0
0 -0 0
0 -0 0
0 -0 0
0 -0 0
0 -0 0
0 -0 0
0 -0 0
0 -0 0
0 -0 0
0 -0 0
0 -0 0
0 -0 0
0 -0 0
0 -0 0
0 -0 0
0 -0 0
0 -0 0
0 -0 0
0 -0 0
0 -0 0
0 -0 0
0 -0 0
0 -0 0
0 -0 0
0 -0 0
-0 -0 0
-0 -0 0
-0 -0 0
-0 -0 0
-0 -0 0
-0 -0 0
-0 -0 0
-0 -0 0
-0 -0 0
-0 -0 0
-0 -0 0
-0 -0 0
-0 -0 0
-0 -0 0
-0 -0 0
-0 -0 0
-0 -0 0
-0 -0 0
-0 -0 0
-0 -0 0
-0 -0 0
-0 -0 0
-0 -0 0
-0 -0 0
-0 -0 0
-0 -0 0
-0 -0 0
-0 -0 0
-0 -0 0
-0 -0 0
-0 -0 0
-0 -0 0
-0 -0 0
-0 -0 0
-0 -0 0
-0 -0 0
-0 -0 0
-0 -0 0
-0 -0 0
-0 -0 0
-0 -0 0
-0 -0 0
-0 -0 0
-0 -0 0
-0 -0 0
-0 -0 0
-0 -0 0
-0 -0 0
-0.10934172 -0.1130913 0.384
-0.10612051 -0.11323856 0.38450003
-0.10289054 -0.11338581 0.38500002
-0.099845715 -0.11375394 0.38625002
-0.096841447 -0.11419571 0.38775003
-0.093630172 -0.11441658 0.38850001
-0.09034773 -0.11456385 0.38900003
-0.086944774 -0.11456385 0.38900003
-0.083756581 -0.11485835 0.39000002
-0.080447882 -0.1150056 0.39050001
-0.077031806 -0.1150056 0.39050001
-0.073757119 -0.11522648 0.39125001
-0.070379429 -0.11530012 0.39150003
-0.067082874 -0.115521 0.39225003
-0.062718421 -0.11382757 0.38650003
-0.057763718 -0.11080886 0.37625003
-0.054544687 -0.11095611 0.37675002
-0.051384926 -0.11125062 0.37775001
-0.048048567 -0.111177 0.37750003
-0.044835113 -0.11139788 0.37825003
-0.041663434 -0.11176601 0.37950003
-0.03844462 -0.11206052 0.38050002
-0.035162169 -0.11220777 0.38100001
-0.031850088 -0.1122814 0.38125002
-0.028571028 -0.11250228 0.38200003
-0.025245821 -0.1125759 0.38225001
-0.021973537 -0.11294404 0.38350001
-0.018679388 -0.11331218 0.38475001
-0.015353415 -0.11360669 0.38575003
-0.012025474 -0.11404845 0.38725001
-0.0087382048 -0.11537374 0.39175001
-0.005324753 -0.11566825 0.39275002
-0.0018877931 -0.11559462 0.39250001
0.0015388854 -0.11507923 0.39075002
0 -0 0
0 -0 0
0 -0 0
0 -0 0
0 -0 0
0 -0 0
0 -0 0
0 -0 0
0 -0 0
0 -0 0
0 -0 0
0 -0 0
0 -0 0
0 -0 0
0 -0 0
0 -0 0
0 -0 0
0 -0 0
0 -0 0
0 -0 0
0 -0 0
0 -0 0
0 -0 0
0 -0 0
0 -0 0
0 -0 0
0 -0 0
0 -0 0
0 -0 0
0 -0 0
0 -0 0
0 -0 0
0 -0 0
0 -0 0
0 -0 0
0 -0 0
0 -0 0
0 -0 0
0 -0 0
0 -0 0
0 -0 0
0 -0 0
0 -0 0
0 -0 0
0 -0 0
0 -0 0
0 -0 0
0 -0 0
0 -0 0
0 -0 0
0 -0 0
0 -0 0
0 -0 0
0 -0 0
0 -0 0
0 -0 0
0 -0 0
0 -0 0
0 -0 0
0 -0 0
0 -0 0
0 -0 0
0 -0 0
0 -0 0
0 -0 0
0 -0 0
0 -0 0
0 -0 0
0 -0 0
0 -0 0
0 -0 0
0 -0 0
0 -0 0
0 -0 0
0 -0 0
0 -0 0
0 -0 0
0 -0 0
-0 -0 0
-0 -0 0
-0 -0 0
-0 -0 0
-0 -0 0
-0 -0 0
-0 -0 0
-0 -0 0
-0 -0 0
-0 -0 0
-0 -0 0
-0 -0 0
-0 -0 0
-0 -0 0
-0 -0 0
-0 -0 0
-0 -0 0
-0 -0 0
-0 -0 0
-0 -0 0
-0 -0 0
-0 -0 0
-0 -0 0
-0 -0 0
-0 -0 0
-0 -0 0
-0 -0 0
-0 -0 0
-0 -0 0
-0 -0 0
-0 -0 0
-0 -0 0
-0 -0 0
-0 -0 0
-0 -0 0
-0 -0 0
-0 -0 0
-0 -0 0
-0 -0 0
-0 -0 0
-0 -0 0
-0 -0 0
-0 -0 0
-0 -0 0
-0 -0 0
-0 -0 0
-0 -0 0
-0.11233406 -0.10937745 0.38275
-0.10905698 -0.10944889 0.38300002
-0.10577552 -0.10952035 0.38325003
-0.10242286 -0.10952035 0.38325003
-0.099393338 -0.10987755 0.38450003
-0.096404374 -0.1103062 0.38600001
-0.093389168 -0.11073485 0.38750002
-0.090173535 -0.11094918 0.38825002
-0.086721264 -0.11087774 0.38800001
-0.083541825 -0.1111635 0.38900003
-0.080241874 -0.11130638 0.38950002
-0.076933175 -0.11144927 0.39000002
-0.07366287 -0.11166359 0.39075002
-0.070154719 -0.11152072 0.39025003
-0.066569813 -0.11123494 0.38925001
-0.060933422 -0.10730565 0.37550002
-0.057418283 -0.10687699 0.37400001
-0.054255132 -0.10709132 0.37475002
-0.051146876 -0.10744853 0.37600002
-0.047889467 -0.10751997 0.37625003
-0.044686943 -0.10773429 0.377
-0.041526202 -0.10809151 0.37825003
-0.038318325 -0.10837727 0.37925002
-0.035023738 -0.10844871 0.37950003
-0.03180832 -0.10880592 0.38075003
-0.028552329 -0.10909169 0.38175002
-0.025196288 -0.10902025 0.38150001
-0.021901917 -0.10923457 0.38225001
-0.018606564 -0.10952035 0.38325003
-0.015313613 -0.10994899 0.38475001
-0.012087581 -0.11123494 0.38925001
-0.0088051213 -0.11280667 0.39475003
-0.0053654257 -0.11309243 0.39575002
-0.0019022219 -0.11302099 0.3955
0.0015457773 -0.11216369 0.39250001
0.0049349461 -0.1111635 0.38900003
0.0083164647 -0.11087774 0.38800001
0.011710669 -0.11087774 0.38800001
0 -0 0
0 -0 0
0 -0 0
0 -0 0
0 -0 0
0 -0 0
0 -0 0
0 -0 0
0 -0 0
0 -0 0
0 -0 0
0 -0 0
0 -0 0
0 -0 0
0 -0 0
0 -0 0
0 -0 0
0 -0 0
0 -0 0
0 -0 0
0 -0 0
0 -0 0
0 -0 0
0 -0 0
0 -0 0
0 -0 0
0 -0 0
0 -0 0
0 -0 0
0 -0 0
0 -0 0
0 -0 0
0 -0 0
0 -0 0
0 -0 0
0 -0 0
0 -0 0
0 -0 0
0 -0 0
0 -0 0
0 -0 0
0 -0 0
0 -0 0
0 -0 0
0 -0 0
0 -0 0
0 -0 0
0 -0 0
0 -0 0
0 -0 0
0 -0 0
0 -0 0
0 -0 0
0 -0 0
0 -0 0
0 -0 0
0 -0 0
0 -0 0
0 -0 0
0 -0 0
0 -0 0
0 -0 0
0 -0 0
0 -0 0
0 -0 0
0 -0 0
0 -0 0
0 -0 0
0 -0 0
0 -0 0
0 -0 0
0 -0 0
0 -0 0
0 -0 0
0 -0 0
-0 -0 0
-0 -0 0
-0 -0 0
-0 -0 0
-0 -0 0
-0 -0 0
-0 -0 0
-0 -0 0
-0 -0 0
-0 -0 0
-0 -0 0
-0 -0 0
-0 -0 0
-0 -0 0
-0 -0 0
-0 -0 0
-0 -0 0
-0 -0 0
-0 -0 0
-0 -0 0
-0 -0 0
-0 -0 0
-0 -0 0
-0 -0 0
-0 -0 0
-0 -0 0
-0 -0 0
-0 -0 0
-0 -0 0
-0 -0 0
-0 -0 0
-0 -0 0
-0 -0 0
-0 -0 0
-0 -0 0
-0 -0 0
-0 -0 0
-0 -0 0
-0 -0 0
-0 -0 0
-0 -0 0
-0 -0 0
-0 -0 0
-0 -0 0
-0 -0 0
-0 -0 0
-0.11402003 -0.10450811 0.37725002
-0.11152697 -0.10526993 0.38000003
-0.1084163 -0.10547771 0.38075003
-0.10529252 -0.10568547 0.38150001
-0.1020888 -0.10582399 0.38200003
-0.099070214 -0.10617027 0.38325003
-0.095967308 -0.10644729 0.38425002
-0.092846915 -0.10672432 0.38525003
-0.089825146 -0.10713986 0.38675001
-0.086441875 -0.10713986 0.38675001
-0.083219677 -0.10734762 0.38750002
-0.080190368 -0.10783242 0.38925001
-0.07688386 -0.10797093 0.38975
-0.073568612 -0.10810945 0.39025003
-0.070019893 -0.10790168 0.38950002
-0.064902365 -0.10513142 0.37950003
-0.060446605 -0.10319224 0.37250003
-0.05726476 -0.10333075 0.37300003
-0.054074161 -0.10346926 0.37350002
-0.050908826 -0.10367703 0.37425002
-0.047762185 -0.10395405 0.37525001
-0.044568412 -0.10416182 0.37600002
-0.041388966 -0.10443885 0.377
-0.038166769 -0.10464662 0.37775001
-0.034908377 -0.10478514 0.37825003
-0.031662121 -0.1049929 0.37900001
-0.028402744 -0.10520067 0.37975001
-0.025113732 -0.10533918 0.38025001
-0.02184462 -0.10561621 0.38125002
-0.018545877 -0.10582399 0.38200003
-0.015283762 -0.10637803 0.384
-0.012196268 -0.10880201 0.39275002
-0.0087828161 -0.10907903 0.39375001
-0.0053518685 -0.10935607 0.39475003
-0.0019022219 -0.10956383 0.3955
0.0015497156 -0.10900979 0.39350003
0.0049190884 -0.10741688 0.38775003
0.0083111059 -0.10741688 0.38775003
0.011718214 -0.1075554 0.38825002
0.015143804 -0.10776316 0.38900003
0.018534837 -0.10769391 0.38875002
0 -0 0
0 -0 0
0 -0 0
0 -0 0
0 -0 0
0 -0 0
0 -0 0
0 -0 0
0 -0 0
0 -0 0
0 -0 0
0 -0 0
0 -0 0
0 -0 0
0 -0 0
0 -0 0
0 -0 0
0 -0 0
0 -0 0
0 -0 0
0 -0 0
0 -0 0
0 -0 0
0 -0 0
0 -0 0
0 -0 0
0 -0 0
0 -0 0
0 -0 0
0 -0 0
0 -0 0
0 -0 0
0 -0 0
0 -0 0
0 -0 0
0 -0 0
0 -0 0
0 -0 0
0 -0 0
0 -0 0
0 -0 0
0 -0 0
0 -0 0
0 -0 0
0 -0 0
0 -0 0
0 -0 0
0 -0 0
0 -0 0
0 -0 0
0 -0 0
0 -0 0
0 -0 0
0 -0 0
0 -0 0
0 -0 0
0 -0 0
0 -0 0
0 -0 0
0 -0 0
0 -0 0
0 -0 0
0 -0 0
0 -0 0
0 -0 0
0 -0 0
0 -0 0
0 -0 0
0 -0 0
0 -0 0
0 -0 0
0 -0 0
0 -0 0
-0 -0 0
-0 -0 0
-0 -0 0
-0 -0 0
-0 -0 0
-0 -0 0
-0 -0 0
-0 -0 0
-0 -0 0
-0 -0 0
-0 -0 0
-0 -0 0
-0 -0 0
-0 -0 0
-0 -0 0
-0 -0 0
-0 -0 0
-0 -0 0
-0 -0 0
-0 -0 0
-0 -0 0
-0 -0 0
-0 -0 0
-0 -0 0
-0 -0 0
-0 -0 0
-0 -0 0
-0 -0 0
-0 -0 0
-0 -0 0
-0 -0 0
-0 -0 0
-0 -0 0
-0 -0 0
-0 -0 0
-0 -0 0
-0 -0 0
-0 -0 0
-0 -0 0
-0 -0 0
-0 -0 0
-0 -0 0
-0 -0 0
-0 -0 0
-0 -0 0
-0.115843 -0.099936128 0.37250003
-0.11288663 -0.10020441 0.37350002
-0.11049974 -0.10100926 0.37650001
-0.10734851 -0.1011434 0.377
-0.10480953 -0.10188119 0.37975001
-0.10168793 -0.1020824 0.38050002
-0.098553218 -0.10228362 0.38125002
-0.095592678 -0.10268604 0.38275
-0.092485406 -0.10295433 0.38375002
-0.089302577 -0.10315555 0.38450003
-0.085994862 -0.10322262 0.38475001
-0.082843848 -0.1034909 0.38575003
-0.079881355 -0.10402747 0.38775003
-0.076637283 -0.10422868 0.38850001
-0.07338009 -0.10442989 0.38925001
-0.06894128 -0.10288726 0.38350001
-0.063576952 -0.099734917 0.37175003
-0.0603249 -0.099734917 0.37175003
-0.057188001 -0.099936128 0.37250003
-0.05396558 -0.1000032 0.37275001
-0.050772794 -0.10013734 0.37325001
-0.047666721 -0.10047269 0.37450001
-0.044479512 -0.10067391 0.37525001
-0.041279182 -0.10087512 0.37600002
-0.03804047 -0.10100926 0.37650001
-0.034816086 -0.10121047 0.37725002
-0.03162035 -0.10154583 0.37850001
-0.028327951 -0.10161291 0.37875003
-0.025047686 -0.10174705 0.37925002
-0.021801647 -0.1020824 0.38050002
-0.018509464 -0.10228362 0.38125002
-0.015433019 -0.10402747 0.38775003
-0.012172977 -0.10516768 0.39200002
-0.0087549342 -0.10530182 0.39250001
-0.005324753 -0.1053689 0.39275002
-0.0018926028 -0.10557011 0.39350003
0.0015349471 -0.10456403 0.38975
0.0049032304 -0.10369211 0.38650003
0.0082950303 -0.10382625 0.38700002
0.011695578 -0.10396039 0.38750002
0.015095142 -0.10402747 0.38775003
0.018463319 -0.10389332 0.38725001
0.021850962 -0.10389332 0.38725001
0.0252549 -0.10396039 0.38750002
0 -0 0
0 -0 0
0 -0 0
0 -0 0
0 -0 0
0.075774096 -0.17277548 0.64400005
0 -0 0
0 -0 0
0 -0 0
0 -0 0
0 -0 0
0 -0 0
0 -0 0
0 -0 0
0 -0 0
0 -0 0
0 -0 0
0 -0 0
0 -0 0
0 -0 0
0 -0 0
0 -0 0
0 -0 0
0 -0 0
0 -0 0
0 -0 0
0 -0 0
0 -0 0
0 -0 0
0 -0 0
0 -0 0
0 -0 0
0 -0 0
0 -0 0
0 -0 0
0 -0 0
0 -0 0
0 -0 0
0 -0 0
0 -0 0
0 -0 0
0 -0 0
0 -0 0
0 -0 0
0 -0 0
0 -0 0
0 -0 0
0 -0 0
0 -0 0
0 -0 0
0 -0 0
0 -0 0
0 -0 0
0 -0 0
0 -0 0
0 -0 0
0 -0 0
0 -0 0
0 -0 0
0 -0 0
0 -0 0
0 -0 0
0 -0 0
0 -0 0
0 -0 0
0 -0 0
0 -0 0
0 -0 0
0 -0 0
0 -0 0
0 -0 0
-0 -0 0
-0 -0 0
-0 -0 0
-0 -0 0
-0 -0 0
-0 -0 0
-0 -0 0
-0 -0 0
-0 -0 0
-0 -0 0
-0 -0 0
-0 -0 0
-0 -0 0
-0 -0 0
-0 -0 0
-0 -0 0
-0 -0 0
-0 -0 0
-0 -0 0
-0 -0 0
-0 -0 0
-0 -0 0
-0 -0 0
-0 -0 0
-0 -0 0
-0 -0 0
-0 -0 0
-0 -0 0
-0 -0 0
-0 -0 0
-0 -0 0
-0 -0 0
-0 -0 0
-0 -0 0
-0 -0 0
-0 -0 0
-0 -0 0
-0 -0 0
-0 -0 0
-0 -0 0
-0 -0 0
-0 -0 0
-0 -0 0
-0 -0 0
-0 -0 0
-0.11607623 -0.096874669 0.37325001
-0.11265995 -0.096744902 0.37275001
-0.10969264 -0.097004451 0.37375003
-0.10677903 -0.097328879 0.37500003
-0.10370554 -0.097523533 0.37575001
-0.10108662 -0.098172396 0.37825003
-0.097906962 -0.098302171 0.37875003
-0.095093176 -0.098821253 0.38075003
-0.09206365 -0.099145688 0.38200003
-0.088838063 -0.099275455 0.38250002
-0.085659601 -0.099470116 0.38325003
-0.082843848 -0.10011897 0.38575003
-0.079469331 -0.10011897 0.38575003
-0.076144122 -0.10018385 0.38600001
-0.072673149 -0.10005409 0.38550001
-0.067233481 -0.097069331 0.37400001
-0.063277662 -0.096031152 0.37
-0.060081489 -0.096096046 0.37025002
-0.056996088 -0.096355587 0.37125
-0.05374841 -0.096355587 0.37125
-0.050568752 -0.096485361 0.37175003
-0.047507621 -0.096874669 0.37325001
-0.04427208 -0.096939564 0.37350002
-0.041032169 -0.097004451 0.37375003
-0.037863657 -0.097263992 0.37475002
-0.0347238 -0.097653307 0.37625003
-0.031515926 -0.097912848 0.37725002
-0.028234459 -0.097977735 0.37750003
-0.02496513 -0.098107509 0.37800002
-0.021730024 -0.098431937 0.37925002
-0.018497327 -0.09888614 0.38100001
-0.015462869 -0.10083272 0.38850001
-0.012126397 -0.1013518 0.39050001
-0.0087270522 -0.10154646 0.39125001
-0.0053111953 -0.10167623 0.39175001
-0.0018793761 -0.10141669 0.39075002
0.0015172248 -0.099989206 0.38525003
0.0048905439 -0.10005409 0.38550001
0.0082628792 -0.10005409 0.38550001
0.011642759 -0.10011897 0.38575003
0.015027013 -0.10018385 0.38600001
0.018439481 -0.10037851 0.38675001
0.021850962 -0.10050828 0.38725001
0.025271194 -0.10063806 0.38775003
0.028737133 -0.1008976 0.38875002
0.032137897 -0.1008976 0.38875002
0.058644511 -0.16649728 0.64150006
0.064256325 -0.16649728 0.64150006
0 -0 0
0.075774096 -0.16714613 0.64400005
0 -0 0
0 -0 0
0 -0 0
0 -0 0
0 -0 0
0 -0 0
0 -0 0
0 -0 0
0 -0 0
0 -0 0
0 -0 0
0 -0 0
0 -0 0
0 -0 0
0 -0 0
0 -0 0
0 -0 0
0 -0 0
0 -0 0
0 -0 0
0 -0 0
0 -0 0
0 -0 0
0 -0 0
0 -0 0
0 -0 0
0 -0 0
0 -0 0
0 -0 0
0 -0 0
0 -0 0
0 -0 0
0 -0 0
0 -0 0
0 -0 0
0 -0 0
0 -0 0
0 -0 0
0 -0 0
0 -0 0
0 -0 0
0 -0 0
0 -0 0
0 -0 0
0 -0 0
0 -0 0
0 -0 0
0 -0 0
0 -0 0
0 -0 0
0 -0 0
0 -0 0
0 -0 0
0 -0 0
0 -0 0
0 -0 0
0 -0 0
0 -0 0
0 -0 0
0 -0 0
0 -0 0
0 -0 0
0 -0 0
0 -0 0
0 -0 0
-0 -0 0
-0 -0 0
-0 -0 0
-0 -0 0
-0 -0 0
-0 -0 0
-0 -0 0
-0 -0 0
-0 -0 0
-0 -0 0
-0 -0 0
-0 -0 0
-0 -0 0
-0 -0 0
-0 -0 0
-0 -0 0
-0 -0 0
-0 -0 0
-0 -0 0
-0 -0 0
-0 -0 0
-0 -0 0
-0 -0 0
-0 -0 0
-0 -0 0
-0 -0 0
-0 -0 0
-0 -0 0
-0 -0 0
-0 -0 0
-0 -0 0
-0 -0 0
-0 -0 0
-0 -0 0
-0 -0 0
-0 -0 0
-0 -0 0
-0 -0 0
-0 -0 0
-0 -0 0
-0 -0 0
-0 -0 0
-0 -0 0
-0 -0 0
-0.11966115 -0.093862817 0.37425002
-0.11623173 -0.093737416 0.37375003
-0.11273551 -0.093549311 0.37300003
-0.10954589 -0.093612008 0.37325001
-0.1064231 -0.093737416 0.37375003
-0.10322255 -0.093800113 0.37400001
-0.10035169 -0.094176315 0.37550002
-0.097131461 -0.094239011 0.37575001
-0.094531231 -0.094928719 0.37850001
-0.091702141 -0.095430329 0.38050002
-0.088373549 -0.095430329 0.38050002
-0.085156702 -0.09555573 0.38100001
-0.082360633 -0.096182734 0.38350001
-0.078799784 -0.095931932 0.38250002
-0.075601645 -0.096120037 0.38325003
-0.071589179 -0.095242225 0.37975001
-0.066289693 -0.092483394 0.36875001
-0.063021131 -0.092420697 0.36850002
-0.059959784 -0.092671499 0.36950001
-0.056842566 -0.092859603 0.37025002
-0.053639833 -0.092922308 0.37050003
-0.050432723 -0.092985004 0.37075001
-0.047253057 -0.093110405 0.37125
-0.044064648 -0.093235806 0.37175003
-0.040894937 -0.09342391 0.37250003
-0.037813138 -0.093862817 0.37425002
-0.034631506 -0.094113611 0.37525001
-0.031390611 -0.094239011 0.37575001
-0.028159665 -0.094427116 0.37650001
-0.024915596 -0.094615221 0.37725002
-0.021658404 -0.094803326 0.37800002
-0.018582288 -0.095994629 0.38275
-0.015433019 -0.097248651 0.38775003
-0.01206429 -0.097436741 0.38850001
-0.008682441 -0.097624846 0.38925001
-0.0052942485 -0.097938351 0.39050001
-0.0018613399 -0.097060546 0.38700002
0.0015103328 -0.096182734 0.38350001
0.0048746862 -0.096370839 0.38425002
0.0082307272 -0.096308134 0.384
0.011605032 -0.096433543 0.38450003
0.014997817 -0.09662164 0.38525003
0.018427562 -0.096935146 0.38650003
0.021850962 -0.097123243 0.38725001
0.0252549 -0.097185947 0.38750002
0.028700173 -0.097374052 0.38825002
0.032096565 -0.097374052 0.38825002
0.035561521 -0.097562149 0.38900003
0.038989514 -0.097624846 0.38925001
0 -0 0
0 -0 0
0 -0 0
0 -0 0
0 -0 0
0 -0 0
0 -0 0
0 -0 0
0 -0 0
0 -0 0
0 -0 0
0 -0 0
0 -0 0
0 -0 0
0 -0 0
0 -0 0
0 -0 0
0 -0 0
0 -0 0
0 -0 0
0 -0 0
0 -0 0
0 -0 0
0 -0 0
0 -0 0
0 -0 0
0 -0 0
0 -0 0
0 -0 0
0 -0 0
0 -0 0
0 -0 0
0 -0 0
0 -0 0
0 -0 0
0 -0 0
0 -0 0
0 -0 0
0 -0 0
0 -0 0
0 -0 0
0 -0 0
0 -0 0
0 -0 0
0 -0 0
0 -0 0
0 -0 0
0 -0 0
0 -0 0
0 -0 0
0 -0 0
0 -0 0
0 -0 0
0 -0 0
0 -0 0
0 -0 0
0 -0 0
0 -0 0
0 -0 0
0 -0 0
0 -0 0
0 -0 0
0 -0 0
0 -0 0
0 -0 0
0 -0 0
0 -0 0
-0 -0 0
-0 -0 0
-0 -0 0
-0 -0 0
-0 -0 0
-0 -0 0
-0 -0 0
-0 -0 0
-0 -0 0
-0 -0 0
-0 -0 0
-0 -0 0
-0 -0 0
-0 -0 0
-0 -0 0
-0 -0 0
-0 -0 0
-0 -0 0
-0 -0 0
-0 -0 0
-0 -0 0
-0 -0 0
-0 -0 0
-0 -0 0
-0 -0 0
-0 -0 0
-0.30910563 -0.15679513 0.64775002
-0.30355623 -0.15685564 0.648
-0 -0 0
-0 -0 0
-0 -0 0
-0 -0 0
-0 -0 0
-0 -0 0
-0 -0 0
-0 -0 0
-0 -0 0
-0 -0 0
-0 -0 0
-0 -0 0
-0 -0 0
-0 -0 0
-0 -0 0
-0 -0 0
-0.11942135 -0.09040986 0.37350002
-0.11615399 -0.09040986 0.37350002
-0.11288663 -0.09040986 0.37350002
-0.10961927 -0.09040986 0.37350002
-0.10620954 -0.090288825 0.37300003
-0.10294656 -0.090288825 0.37300003
-0.099817194 -0.09040986 0.37350002
-0.09674371 -0.090591401 0.37425002
-0.094219044 -0.091317587 0.37725002
-0.091099635 -0.091499135 0.37800002
-0.087850973 -0.091559649 0.37825003
-0.08465381 -0.091680676 0.37875003
-0.081662662 -0.092043765 0.38025001
-0.078336254 -0.092043765 0.38025001
-0.074911214 -0.091922738 0.37975001
-0.069751143 -0.08956264 0.37
-0.065930158 -0.088775948 0.36675003
-0.062807359 -0.088896975 0.36725003
-0.059797514 -0.08919955 0.36850002
-0.056650661 -0.089320578 0.36900002
-0.053495053 -0.089441612 0.36950001
-0.050330698 -0.08956264 0.37
-0.047157601 -0.089683674 0.37050003
-0.043946113 -0.089744188 0.37075001
-0.040785149 -0.089925736 0.37150002
-0.037712101 -0.090349339 0.37325001
-0.034516145 -0.090530887 0.37400001
-0.031223532 -0.090470374 0.37375003
-0.028010078 -0.090651914 0.37450001
-0.024816528 -0.09095449 0.37575001
-0.021601105 -0.091257066 0.377
-0.018655112 -0.093012013 0.38425002
-0.015393216 -0.093617164 0.38675001
-0.012025474 -0.093738198 0.38725001
-0.0086489832 -0.093859233 0.38775003
-0.0052603544 -0.093919739 0.38800001
-0.0018408988 -0.092648916 0.38275
0.0015054099 -0.092527889 0.38225001
0.0048588286 -0.092709437 0.38300002
0.0082092937 -0.092709437 0.38300002
0.011574849 -0.092830464 0.38350001
0.014958885 -0.093012013 0.38425002
0.018367965 -0.093254082 0.38525003
0.021766325 -0.093375109 0.38575003
0.025157139 -0.093435615 0.38600001
0.028607771 -0.093677685 0.38700002
0.032034561 -0.093798712 0.38750002
0.035492957 -0.09398026 0.38825002
0.038914386 -0.094040774 0.38850001
0.042476337 -0.094403863 0.39000002
0.046917576 -0.096521899 0.39875001
0 -0 0
0 -0 0
0 -0 0
0 -0 0
0 -0 0
0 -0 0
0 -0 0
0 -0 0
0 -0 0
0 -0 0
0 -0 0
0 -0 0
0 -0 0
0 -0 0
0 -0 0
0 -0 0
0 -0 0
0 -0 0
0 -0 0
0 -0 0
0 -0 0
0 -0 0
0 -0 0
0 -0 0
0 -0 0
0 -0 0
0 -0 0
0 -0 0
0 -0 0
0 -0 0
0 -0 0
0 -0 0
0 -0 0
0 -0 0
0 -0 0
0 -0 0
0 -0 0
0 -0 0
0 -0 0
0 -0 0
0 -0 0
0 -0 0
0 -0 0
0 -0 0
0 -0 0
0 -0 0
0 -0 0
0 -0 0
0 -0 0
0 -0 0
0 -0 0
0 -0 0
0 -0 0
0 -0 0
0 -0 0
0 -0 0
0 -0 0
0 -0 0
0 -0 0
0 -0 0
0 -0 0
0 -0 0
0 -0 0
0 -0 0
0 -0 0
-0 -0 0
-0 -0 0
-0 -0 0
-0 -0 0
-0 -0 0
-0 -0 0
-0 -0 0
-0 -0 0
-0 -0 0
-0 -0 0
-0 -0 0
-0 -0 0
-0 -0 0
-0 -0 0
-0 -0 0
-0 -0 0
-0 -0 0
-0 -0 0
-0 -0 0
-0 -0 0
-0 -0 0
-0 -0 0
-0 -0 0
-0 -0 0
-0 -0 0
-0 -0 0
-0 -0 0
-0 -0 0
-0 -0 0
-0 -0 0
-0 -0 0
-0 -0 0
-0 -0 0
-0 -0 0
-0 -0 0
-0 -0 0
-0 -0 0
-0 -0 0
-0 -0 0
-0 -0 0
-0 -0 0
-0 -0 0
-0 -0 0
-0.12277082 -0.087203339 0.37375003
-0.11926148 -0.087028347 0.37300003
-0.11615399 -0.087145008 0.37350002
-0.11303775 -0.087261662 0.37400001
-0.10983939 -0.08732 0.37425002
-0.10635191 -0.087145008 0.37350002
-0.10301556 -0.087086678 0.37325001
-0.099750377 -0.087086678 0.37325001
-0.096549839 -0.087145008 0.37350002
-0.093594663 -0.087436654 0.37475002
-0.090497121 -0.087611645 0.37550002
-0.087270327 -0.087669976 0.37575001
-0.084206797 -0.087903298 0.37675002
-0.081018381 -0.08801996 0.37725002
-0.077718221 -0.08801996 0.37725002
-0.073283784 -0.086678363 0.37150002
-0.068997078 -0.085395113 0.36600003
-0.06575039 -0.085336775 0.36575001
-0.062593579 -0.085395113 0.36600003
-0.059594672 -0.085686758 0.36725003
-0.056497138 -0.08586175 0.36800003
-0.053386468 -0.086036734 0.36875001
-0.050194673 -0.086095065 0.36900002
-0.046998501 -0.086153403 0.36925003
-0.043797947 -0.086211726 0.36950001
-0.04064792 -0.086386718 0.37025002
-0.037459508 -0.086503372 0.37075001
-0.034262352 -0.086620033 0.37125
-0.031035563 -0.086678363 0.37150002
-0.027860492 -0.086911693 0.37250003
-0.024717461 -0.08732 0.37425002
-0.021672728 -0.088253282 0.37825003
-0.018655112 -0.089653194 0.38425002
-0.015343465 -0.089944847 0.38550001
-0.011986656 -0.090061501 0.38600001
-0.0086322539 -0.090294831 0.38700002
-0.0051959557 -0.089419879 0.38325003
-0.0018288746 -0.088719912 0.38025001
0.0014985179 -0.08877825 0.38050002
0.0048334561 -0.088894904 0.38100001
0.0081825005 -0.089069895 0.38175002
0.011544667 -0.089244887 0.38250002
0.014939421 -0.08953654 0.38375002
0.018296447 -0.08953654 0.38375002
0.021653473 -0.08953654 0.38375002
0.025010498 -0.08953654 0.38375002
0.028496886 -0.089944847 0.38550001
0.031931225 -0.090119839 0.38625002
0.035401538 -0.090353154 0.38725001
0.038789179 -0.090353154 0.38725001
0.042340197 -0.090703137 0.38875002
0.046623424 -0.092453033 0.39625001
0.0817554 -0.15089969 0.64675003
0.087446921 -0.15095802 0.64700001
0 -0 0
0 -0 0
0 -0 0
0 -0 0
0 -0 0
0 -0 0
0 -0 0
0 -0 0
0 -0 0
0 -0 0
0 -0 0
0 -0 0
0 -0 0
0 -0 0
0 -0 0
0 -0 0
0 -0 0
0 -0 0
0 -0 0
0 -0 0
0 -0 0
0 -0 0
0 -0 0
0 -0 0
0 -0 0
0 -0 0
0 -0 0
0 -0 0
0 -0 0
0 -0 0
0 -0 0
0 -0 0
0 -0 0
0 -0 0
0 -0 0
0 -0 0
0 -0 0
0 -0 0
0 -0 0
0 -0 0
0 -0 0
0 -0 0
0 -0 0
0 -0 0
0 -0 0
0 -0 0
0 -0 0
0 -0 0
0 -0 0
0 -0 0
0 -0 0
0 -0 0
0 -0 0
0 -0 0
0 -0 0
0 -0 0
0 -0 0
0 -0 0
0 -0 0
0 -0 0
0 -0 0
0 -0 0
0 -0 0
-0 -0 0
-0 -0 0
-0 -0 0
-0 -0 0
-0 -0 0
-0 -0 0
-0 -0 0
-0 -0 0
-0 -0 0
-0 -0 0
-0 -0 0
-0 -0 0
-0 -0 0
-0 -0 0
-0 -0 0
-0 -0 0
-0 -0 0
-0 -0 0
-0 -0 0
-0 -0 0
-0.33952916 -0.14395498 0.64100003
-0 -0 0
-0 -0 0
-0 -0 0
-0 -0 0
-0 -0 0
-0 -0 0
-0 -0 0
-0 -0 0
-0 -0 0
-0 -0 0
-0 -0 0
-0 -0 0
-0 -0 0
-0 -0 0
-0 -0 0
-0 -0 0
-0 -0 0
-0 -0 0
-0 -0 0
-0 -0 0
-0 -0 0
-0 -0 0
-0.12318143 -0.084217034 0.37500003
-0.11958122 -0.083992451 0.37400001
-0.11623173 -0.083936311 0.37375003
-0.11311331 -0.084048599 0.37425002
-0.10983939 -0.084048599 0.37425002
-0.1064231 -0.083936311 0.37375003
-0.10308456 -0.083880164 0.37350002
-0.099817194 -0.083880164 0.37350002
-0.096614465 -0.083936311 0.37375003
-0.093282469 -0.083880164 0.37350002
-0.090015113 -0.083880164 0.37350002
-0.086980008 -0.084104739 0.37450001
-0.083871529 -0.084273174 0.37525001
-0.080642559 -0.084329322 0.37550002
-0.077203192 -0.084160887 0.37475002
-0.072198831 -0.082195826 0.36600003
-0.068808563 -0.081971243 0.36500001
-0.065615557 -0.081971243 0.36500001
-0.062422559 -0.081971243 0.36500001
-0.059270125 -0.082027391 0.36525002
-0.056228466 -0.082251966 0.36625001
-0.053169306 -0.082476549 0.36725003
-0.050058644 -0.082644984 0.36800003
-0.046871219 -0.082701124 0.36825001
-0.043709047 -0.082813412 0.36875001
-0.04056558 -0.082981847 0.36950001
-0.037408989 -0.083150283 0.37025002
-0.034193136 -0.08320643 0.37050003
-0.031014675 -0.083374858 0.37125
-0.027823094 -0.083543293 0.37200001
-0.024684438 -0.083936311 0.37375003
-0.021801647 -0.085452214 0.38050002
-0.018618701 -0.086125948 0.38350001
-0.015283762 -0.086238235 0.384
-0.01194784 -0.086406671 0.38475001
-0.0085597606 -0.086182095 0.38375002
-0.0051349467 -0.085059203 0.37875003
-0.0018216602 -0.085059203 0.37875003
0.0014926104 -0.085115343 0.37900001
0.004817598 -0.085283779 0.37975001
0.008161067 -0.085508361 0.38075003
0.011499394 -0.085564502 0.38100001
0.014871294 -0.085789084 0.38200003
0.018236849 -0.085901372 0.38250002
0.021611154 -0.08601366 0.38300002
0.024994204 -0.086125948 0.38350001
0.028386002 -0.086238235 0.384
0.031848554 -0.086518966 0.38525003
0.035378683 -0.086911976 0.38700002
0.038764141 -0.086911976 0.38700002
0.042204052 -0.087024264 0.38750002
0.075744681 -0.14457257 0.64375001
0.081723794 -0.14519016 0.64650005
0.087413132 -0.14524631 0.64675003
0.09328673 -0.14558318 0.64825004
0 -0 0
0 -0 0
0 -0 0
0 -0 0
0 -0 0
0 -0 0
0 -0 0
0 -0 0
0 -0 0
0 -0 0
0 -0 0
0 -0 0
0 -0 0
0 -0 0
0 -0 0
0 -0 0
0 -0 0
0 -0 0
0 -0 0
0 -0 0
0 -0 0
0 -0 0
0 -0 0
0 -0 0
0 -0 0
0 -0 0
0 -0 0
0 -0 0
0 -0 0
0 -0 0
0 -0 0
0 -0 0
0 -0 0
0 -0 0
0 -0 0
0 -0 0
0 -0 0
0 -0 0
0 -0 0
0 -0 0
0 -0 0
0 -0 0
0 -0 0
0 -0 0
0 -0 0
0 -0 0
0 -0 0
0 -0 0
0 -0 0
0 -0 0
0 -0 0
0 -0 0
0 -0 0
0 -0 0
0 -0 0
0 -0 0
0 -0 0
0 -0 0
0 -0 0
0 -0 0
0 -0 0
0 -0 0
-0.44991627 -0.13781226 0.63850003
-0.44485262 -0.13797414 0.63925004
-0.44029126 -0.1382979 0.64075005
-0 -0 0
-0 -0 0
-0 -0 0
-0 -0 0
-0 -0 0
-0 -0 0
-0 -0 0
-0 -0 0
-0 -0 0
-0 -0 0
-0 -0 0
-0 -0 0
-0 -0 0
-0 -0 0
-0 -0 0
-0 -0 0
-0 -0 0
-0 -0 0
-0 -0 0
-0 -0 0
-0 -0 0
-0 -0 0
-0 -0 0
-0 -0 0
-0 -0 0
-0 -0 0
-0 -0 0
-0 -0 0
-0 -0 0
-0 -0 0
-0 -0 0
-0 -0 0
-0 -0 0
-0 -0 0
-0 -0 0
-0 -0 0
-0 -0 0
-0 -0 0
-0 -0 0
-0 -0 0
-0.12334567 -0.081046991 0.37550002
-0.11998089 -0.080993026 0.37525001
-0.11646497 -0.080831148 0.37450001
-0.11318886 -0.080831148 0.37450001
-0.10991275 -0.080831148 0.37450001
-0.10649428 -0.080723234 0.37400001
-0.10315356 -0.080669276 0.37375003
-0.10001763 -0.080777191 0.37425002
-0.096679084 -0.080723234 0.37400001
-0.093220033 -0.080561355 0.37325001
-0.090015113 -0.080615312 0.37350002
-0.086980008 -0.080831148 0.37450001
-0.083703898 -0.080831148 0.37450001
-0.080213033 -0.080615312 0.37350002
-0.076327637 -0.079967804 0.37050003
-0.071656354 -0.078402981 0.36325002
-0.068478659 -0.078402981 0.36325002
-0.065480731 -0.078618817 0.36425
-0.062294289 -0.078618817 0.36425
-0.05914842 -0.078672774 0.36450002
-0.056036558 -0.078780696 0.36500001
-0.053024527 -0.079050489 0.36625001
-0.049922615 -0.079212368 0.36700001
-0.046743937 -0.079266332 0.36725003
-0.043620151 -0.079428211 0.36800003
-0.040455796 -0.079536125 0.36850002
-0.037307955 -0.079698004 0.36925003
-0.034170061 -0.07991384 0.37025002
-0.030993793 -0.080075718 0.37100002
-0.027804399 -0.080237597 0.37175003
-0.024783505 -0.080993026 0.37525001
-0.021916242 -0.08255785 0.38250002
-0.018606564 -0.082719728 0.38325003
-0.015263862 -0.082773685 0.38350001
-0.011916786 -0.08282765 0.38375002
-0.0084705381 -0.081964299 0.37975001
-0.0051146098 -0.081424706 0.37725002
-0.0018156482 -0.081478663 0.37750003
0.0014867031 -0.081478663 0.37750003
0.0047985693 -0.081640542 0.37825003
0.0081503494 -0.082072213 0.38025001
0.011469211 -0.082018256 0.38000003
0.014803165 -0.082072213 0.38025001
0.018165331 -0.082234092 0.38100001
0.021526514 -0.082342014 0.38150001
0.024896443 -0.082449935 0.38200003
0.0282936 -0.082611807 0.38275
0.031703882 -0.082773685 0.38350001
0.03526441 -0.083259322 0.38575003
0.038714059 -0.083421201 0.38650003
0.061073348 -0.12103088 0.56075001
0.076068252 -0.13953896 0.64650005
0.081818603 -0.13970084 0.64725006
0.087446921 -0.13964687 0.64700001
0.093070872 -0.13959292 0.64675003
0.098957591 -0.13991667 0.64825004
0 -0 0
0.11059707 -0.14029439 0.65000004
0.11628324 -0.14029439 0.65000004
0 -0 0
0 -0 0
0 -0 0
0 -0 0
0 -0 0
0 -0 0
0 -0 0
0 -0 0
0 -0 0
0 -0 0
0 -0 0
0 -0 0
0 -0 0
0 -0 0
0 -0 0
0 -0 0
0 -0 0
0 -0 0
0 -0 0
0 -0 0
0 -0 0
0 -0 0
0 -0 0
0 -0 0
0 -0 0
0 -0 0
0 -0 0
0 -0 0
0 -0 0
0 -0 0
0 -0 0
0 -0 0
0 -0 0
0 -0 0
0 -0 0
0 -0 0
0 -0 0
0 -0 0
0 -0 0
0 -0 0
0 -0 0
0 -0 0
0 -0 0
0 -0 0
0 -0 0
0 -0 0
0 -0 0
0 -0 0
0 -0 0
0 -0 0
0 -0 0
0 -0 0
0 -0 0
0 -0 0
0 -0 0
0 -0 0
0 -0 0
0 -0 0
-0.44991627 -0.13223098 0.63850003
-0.44537455 -0.13254163 0.64000005
-0.4408066 -0.13285227 0.64150006
-0.43706036 -0.13342178 0.64425004
-0.43175936 -0.13352534 0.64475006
-0 -0 0
-0 -0 0
-0 -0 0
-0 -0 0
-0 -0 0
-0 -0 0
-0 -0 0
-0 -0 0
-0 -0 0
-0 -0 0
-0 -0 0
-0 -0 0
-0 -0 0
-0 -0 0
-0 -0 0
-0 -0 0
-0 -0 0
-0 -0 0
-0 -0 0
-0 -0 0
-0 -0 0
-0 -0 0
-0 -0 0
-0 -0 0
-0 -0 0
-0 -0 0
-0 -0 0
-0 -0 0
-0 -0 0
-0 -0 0
-0 -0 0
-0 -0 0
-0 -0 0
-0 -0 0
-0 -0 0
-0 -0 0
-0 -0 0
-0.12663053 -0.07776466 0.37550002
-0.12334567 -0.07776466 0.37550002
-0.11998089 -0.077712879 0.37525001
-0.11646497 -0.077557556 0.37450001
-0.11318886 -0.077557556 0.37450001
-0.10991275 -0.077557556 0.37450001
-0.10670784 -0.077609338 0.37475002
-0.10342955 -0.077609338 0.37475002
-0.10015125 -0.077609338 0.37475002
-0.096872963 -0.077609338 0.37475002
-0.093407348 -0.077454008 0.37400001
-0.090075366 -0.077402242 0.37375003
-0.086921945 -0.07750579 0.37425002
-0.083648026 -0.07750579 0.37425002
-0.079998277 -0.077143371 0.37250003
-0.076276131 -0.076677397 0.37025002
-0.072149515 -0.075745463 0.36575001
-0.068667173 -0.075434819 0.36425
-0.065480731 -0.075434819 0.36425
-0.062294289 -0.075434819 0.36425
-0.059107851 -0.075434819 0.36425
-0.055959798 -0.0754866 0.36450002
-0.052843556 -0.075590141 0.36500001
-0.049752578 -0.075745463 0.36575001
-0.046648476 -0.075900793 0.36650002
-0.043501616 -0.076004334 0.36700001
-0.040373456 -0.076159663 0.36775002
-0.037206914 -0.076263204 0.36825001
-0.034077775 -0.076470308 0.36925003
-0.030931136 -0.076677397 0.37025002
-0.027804399 -0.076988049 0.37175003
-0.024915596 -0.078127071 0.37725002
-0.02184462 -0.078955464 0.38125002
-0.018545877 -0.079110786 0.38200003
-0.01521411 -0.079162553 0.38225001
-0.011854679 -0.079059005 0.38175002
-0.0083813155 -0.077816427 0.37575001
-0.0050874949 -0.077712879 0.37525001
-0.0018084336 -0.077868201 0.37600002
0.0014817802 -0.077919982 0.37625003
0.0047795395 -0.078023531 0.37675002
0.0080967639 -0.078230619 0.37775001
0.011423938 -0.078385942 0.37850001
0.014764235 -0.078541271 0.37925002
0.018093815 -0.078593045 0.37950003
0.021427769 -0.078644812 0.37975001
0.024798682 -0.078800134 0.38050002
0.028219679 -0.079059005 0.38175002
0.031621214 -0.079214334 0.38250002
0.035104427 -0.079524972 0.384
0.038613889 -0.079835616 0.38550001
0.070766672 -0.13456082 0.64975005
0.076568313 -0.1347679 0.65075004
0.082166232 -0.13461259 0.65000004
0.08761587 -0.13425018 0.64825004
0.093430631 -0.13445726 0.64925003
0.099072084 -0.13440549 0.64900005
0.1047495 -0.13440549 0.64900005
0.1106396 -0.13466436 0.65025002
0.11632796 -0.13466436 0.65025002
0 -0 0
0 -0 0
0 -0 0
0 -0 0
0 -0 0
0 -0 0
0 -0 0
0 -0 0
0 -0 0
0 -0 0
0 -0 0
0 -0 0
0 -0 0
0 -0 0
0 -0 0
0 -0 0
0 -0 0
0 -0 0
0 -0 0
0 -0 0
0 -0 0
0 -0 0
0 -0 0
0 -0 0
0 -0 0
0 -0 0
0 -0 0
0 -0 0
0 -0 0
0 -0 0
0 -0 0
0 -0 0
0 -0 0
0 -0 0
0 -0 0
0 -0 0
0 -0 0
0 -0 0
0 -0 0
0 -0 0
0 -0 0
0 -0 0
0 -0 0
0 -0 0
0 -0 0
0 -0 0
0 -0 0
0 -0 0
0 -0 0
0 -0 0
0 -0 0
0 -0 0
0 -0 0
0 -0 0
0 -0 0
0 -0 0
0 -0 0
0 -0 0
-0.4502686 -0.12674889 0.63900006
-0.44711429 -0.12744313 0.64250004
-0.44200912 -0.12759189 0.64325005
-0.43706036 -0.12779024 0.64425004
-0.43276379 -0.12818696 0.64625001
-0 -0 0
-0 -0 0
-0 -0 0
-0 -0 0
-0 -0 0
-0 -0 0
-0 -0 0
-0 -0 0
-0 -0 0
-0 -0 0
-0 -0 0
-0 -0 0
-0 -0 0
-0 -0 0
-0 -0 0
-0 -0 0
-0 -0 0
-0 -0 0
-0 -0 0
-0 -0 0
-0 -0 0
-0 -0 0
-0 -0 0
-0 -0 0
-0 -0 0
-0 -0 0
-0 -0 0
-0 -0 0
-0 -0 0
-0 -0 0
-0 -0 0
-0 -0 0
-0 -0 0
-0 -0 0
-0 -0 0
-0 -0 0
-0 -0 0
-0.12663053 -0.074482329 0.37550002
-0.12326355 -0.074432738 0.37525001
-0.12006082 -0.074482329 0.37550002
-0.11669821 -0.074432738 0.37525001
-0.11341555 -0.074432738 0.37525001
-0.11013287 -0.074432738 0.37525001
-0.10685021 -0.074432738 0.37525001
-0.10363655 -0.074482329 0.37550002
-0.10021807 -0.074383147 0.37500003
-0.096937589 -0.074383147 0.37500003
-0.09353222 -0.074283965 0.37450001
-0.09025611 -0.074283965 0.37450001
-0.086980008 -0.074283965 0.37450001
-0.083648026 -0.074234381 0.37425002
-0.080051959 -0.07393685 0.37275001
-0.076018617 -0.073193014 0.36900002
-0.072445415 -0.072845899 0.36725003
-0.069091335 -0.072697133 0.36650002
-0.065795332 -0.072597951 0.36600003
-0.062422559 -0.072399594 0.36500001
-0.059107851 -0.072250828 0.36425
-0.055844653 -0.072151653 0.36375001
-0.052662585 -0.072151653 0.36375001
-0.049582541 -0.072300419 0.36450002
-0.046489377 -0.072449185 0.36525002
-0.043323815 -0.072498769 0.3655
-0.040208779 -0.072647542 0.36625001
-0.037105881 -0.072845899 0.36725003
-0.033985484 -0.073044248 0.36825001
-0.030847596 -0.073242605 0.36925003
-0.027841793 -0.073837668 0.37225002
-0.02496513 -0.07497821 0.37800002
-0.021715701 -0.075176567 0.37900001
-0.018436641 -0.075325333 0.37975001
-0.015134507 -0.075424507 0.38025001
-0.011730465 -0.074928619 0.37775001
-0.0083255516 -0.074036025 0.37325001
-0.0050739371 -0.074234381 0.37425002
-0.0018024215 -0.074333556 0.37475002
0.0014768575 -0.074383147 0.37500003
0.0047668531 -0.074531913 0.37575001
0.0080646127 -0.074631095 0.37625003
0.011378665 -0.074779853 0.377
0.014715573 -0.07497821 0.37800002
0.018058056 -0.075126983 0.37875003
0.021413663 -0.075275749 0.37950003
0.024798682 -0.075474098 0.38050002
0.028182719 -0.075622864 0.38125002
0.031538542 -0.075672455 0.38150001
0.034990158 -0.075920396 0.38275
0.038588852 -0.076416291 0.38525003
0.070875585 -0.12907955 0.65075004
0.076656558 -0.12922832 0.65150005
0.082292639 -0.12912914 0.65100002
0.087886184 -0.12898037 0.65025002
0.093718439 -0.12917873 0.65125
0.099415541 -0.12917873 0.65125
0.1050723 -0.12912914 0.65100002
0.11076722 -0.12912914 0.65100002
0 -0 0
0 -0 0
0 -0 0
0 -0 0
0 -0 0
0 -0 0
0 -0 0
0 -0 0
0 -0 0
0 -0 0
0 -0 0
0 -0 0
0 -0 0
0 -0 0
0 -0 0
0 -0 0
0 -0 0
0 -0 0
0 -0 0
0 -0 0
0 -0 0
0 -0 0
0 -0 0
0 -0 0
0 -0 0
0 -0 0
0 -0 0
0 -0 0
0 -0 0
0 -0 0
0 -0 0
0 -0 0
0 -0 0
0 -0 0
0 -0 0
0 -0 0
0 -0 0
0 -0 0
0 -0 0
0 -0 0
0 -0 0
0 -0 0
0 -0 0
0 -0 0
0 -0 0
0 -0 0
0 -0 0
0 -0 0
0 -0 0
0 -0 0
0 -0 0
0 -0 0
0 -0 0
0 -0 0
0 -0 0
0 -0 0
0 -0 0
0 -0 0
0 -0 0
-0.45220637 -0.12168468 0.64175004
-0.44763622 -0.1219691 0.64325005
-0.44286802 -0.12220611 0.64450002
-0.43875638 -0.12263274 0.64675003
-0.43360087 -0.12277496 0.64750004
-0 -0 0
-0 -0 0
-0 -0 0
-0 -0 0
-0.40762657 -0.123486 0.65125
-0 -0 0
-0 -0 0
-0 -0 0
-0 -0 0
-0 -0 0
-0 -0 0
-0 -0 0
-0 -0 0
-0 -0 0
-0 -0 0
-0 -0 0
-0 -0 0
-0 -0 0
-0 -0 0
-0 -0 0
-0 -0 0
-0 -0 0
-0 -0 0
-0 -0 0
-0 -0 0
-0 -0 0
-0 -0 0
-0 -0 0
-0 -0 0
-0 -0 0
-0 -0 0
-0 -0 0
-0 -0 0
-0 -0 0
-0 -0 0
-0 -0 0
-0.1311263 -0.071863636 0.37900001
-0.12654622 -0.07115259 0.37525001
-0.12326355 -0.07115259 0.37525001
-0.12022068 -0.071294799 0.37600002
-0.11693145 -0.071294799 0.37600002
-0.11364223 -0.071294799 0.37600002
-0.11035299 -0.071294799 0.37600002
-0.10699258 -0.071247391 0.37575001
-0.10370554 -0.071247391 0.37575001
-0.10035169 -0.071199991 0.37550002
-0.097066835 -0.071199991 0.37550002
-0.093781978 -0.071199991 0.37550002
-0.090436868 -0.07115259 0.37525001
-0.08709614 -0.07110519 0.37500003
-0.083648026 -0.070962973 0.37425002
-0.079353988 -0.07006231 0.36950001
-0.075555094 -0.069540873 0.36675003
-0.072297461 -0.069493465 0.36650002
-0.069091335 -0.069493465 0.36650002
-0.065930158 -0.069540873 0.36675003
-0.062721848 -0.069540873 0.36675003
-0.059594672 -0.069635682 0.36725003
-0.056151703 -0.069351256 0.36575001
-0.052734975 -0.069066837 0.36425
-0.049616549 -0.069161646 0.36475003
-0.046457555 -0.069209047 0.36500001
-0.043205284 -0.069114238 0.36450002
-0.040071547 -0.069209047 0.36500001
-0.037030101 -0.069493465 0.36650002
-0.033962414 -0.069777891 0.36800003
-0.030847596 -0.070014909 0.36925003
-0.028047476 -0.07110519 0.37500003
-0.024915596 -0.071531817 0.37725002
-0.021658404 -0.071674027 0.37800002
-0.018375954 -0.071768835 0.37850001
-0.015035003 -0.071626619 0.37775001
-0.011551907 -0.070536345 0.37200001
-0.0082976697 -0.070536345 0.37200001
-0.0050637689 -0.070820764 0.37350002
-0.0017988143 -0.070915572 0.37400001
0.0014719346 -0.070868172 0.37375003
0.0047446522 -0.070915572 0.37400001
0.0080378205 -0.07110519 0.37500003
0.011340938 -0.071247391 0.37575001
0.014686375 -0.071531817 0.37725002
0.018022299 -0.071674027 0.37800002
0.021343131 -0.071721435 0.37825003
0.024684628 -0.071816236 0.37875003
0.028127277 -0.072148062 0.38050002
0.031435203 -0.072100654 0.38025001
0.03485303 -0.072290272 0.38125002
0.065257981 -0.12353341 0.65150005
0.070984498 -0.12358081 0.65175003
0.076774217 -0.12372302 0.65250003
0.082387447 -0.12358081 0.65175003
0.088021338 -0.123486 0.65125
0.093862355 -0.12367562 0.65225005
0.099606365 -0.12372302 0.65250003
0.1052337 -0.12362821 0.65200001
0.11089483 -0.12358081 0.65175003
0.11650685 -0.123486 0.65125
0.12229778 -0.12358081 0.65175003
0 -0 0
0 -0 0
0 -0 0
0 -0 0
0 -0 0
0 -0 0
0 -0 0
0 -0 0
0 -0 0
0 -0 0
0 -0 0
0 -0 0
0 -0 0
0 -0 0
0 -0 0
0 -0 0
0 -0 0
0 -0 0
0 -0 0
0 -0 0
0 -0 0
0 -0 0
0 -0 0
0 -0 0
0 -0 0
0 -0 0
0 -0 0
0 -0 0
0 -0 0
0 -0 0
0 -0 0
0 -0 0
0 -0 0
0 -0 0
0 -0 0
0 -0 0
0 -0 0
0 -0 0
0 -0 0
0 -0 0
0 -0 0
0 -0 0
0 -0 0
0 -0 0
0 -0 0
0 -0 0
0 -0 0
0 -0 0
0 -0 0
0 -0 0
0 -0 0
0 -0 0
0 -0 0
0 -0 0
0 -0 0
0 -0 0
0 -0 0
-0.45203021 -0.11602978 0.64150006
-0 -0 0
-0.44510126 -0.11716022 0.64775002
-0.43994355 -0.11729588 0.64850003
-0 -0 0
-0 -0 0
-0 -0 0
-0 -0 0
-0 -0 0
-0.40731362 -0.11770284 0.65075004
-0 -0 0
-0 -0 0
-0 -0 0
-0 -0 0
-0 -0 0
-0 -0 0
-0 -0 0
-0 -0 0
-0 -0 0
-0 -0 0
-0 -0 0
-0 -0 0
-0 -0 0
-0 -0 0
-0 -0 0
-0 -0 0
-0 -0 0
-0 -0 0
-0 -0 0
-0 -0 0
-0 -0 0
-0 -0 0
-0 -0 0
-0 -0 0
-0 -0 0
-0 -0 0
-0 -0 0
-0 -0 0
-0 -0 0
-0 -0 0
-0 -0 0
-0.13078032 -0.068369843 0.37800002
-0.12679915 -0.068008095 0.37600002
-0.12334567 -0.06791766 0.37550002
-0.12014075 -0.067962877 0.37575001
-0.11693145 -0.068008095 0.37600002
-0.11371779 -0.06805332 0.37625003
-0.11057311 -0.068143755 0.37675002
-0.10720614 -0.06809853 0.37650001
-0.10384355 -0.06805332 0.37625003
-0.10055213 -0.06805332 0.37625003
-0.097389966 -0.068143755 0.37675002
-0.094094165 -0.068143755 0.37675002
-0.090617619 -0.068008095 0.37600002
-0.087154202 -0.067872442 0.37525001
-0.082139343 -0.066470675 0.36750001
-0.077796981 -0.065521099 0.36225003
-0.074937053 -0.065792404 0.36375001
-0.072001562 -0.066018499 0.36500001
-0.068949953 -0.066154152 0.36575001
-0.065885216 -0.066289805 0.36650002
-0.0627646 -0.06638024 0.36700001
-0.059675809 -0.0665159 0.36775002
-0.056535516 -0.066606335 0.36825001
-0.053169306 -0.066425465 0.36725003
-0.049922615 -0.06638024 0.36700001
-0.046648476 -0.066289805 0.36650002
-0.043234918 -0.065973282 0.36475003
-0.040208779 -0.066244587 0.36625001
-0.037282694 -0.066741988 0.36900002
-0.034193136 -0.067013301 0.37050003
-0.031056449 -0.067239389 0.37175003
-0.028084872 -0.06791766 0.37550002
-0.024866061 -0.06809853 0.37650001
-0.021572458 -0.06809853 0.37650001
-0.018315267 -0.06823419 0.37725002
-0.014875798 -0.067601137 0.37375003
-0.011497564 -0.066968076 0.37025002
-0.0082586352 -0.066968076 0.37025002
-0.0050332644 -0.067148946 0.37125
-0.0017915999 -0.067375049 0.37250003
0.0014679962 -0.067420259 0.37275001
0.0047351378 -0.067510694 0.37325001
0.0080163861 -0.067646354 0.37400001
0.01130321 -0.06773679 0.37450001
0.014637712 -0.068008095 0.37600002
0.017974619 -0.068188965 0.377
0.021286704 -0.06823419 0.37725002
0.024554281 -0.068143755 0.37675002
0.027960954 -0.068415061 0.37825003
0.031352535 -0.068595931 0.37925002
0.034715906 -0.068686366 0.37975001
0.06540823 -0.11810981 0.65300006
0.071175091 -0.11820024 0.65350002
0.076891877 -0.11820024 0.65350002
0.082482249 -0.11801937 0.65250003
0.088122711 -0.11792893 0.65200001
0.093898326 -0.11801937 0.65250003
0.099606365 -0.11801937 0.65250003
0.10535475 -0.11806458 0.65275002
0.11123512 -0.11824545 0.65375
0 -0 0
0.12295454 -0.11851677 0.65525001
0 -0 0
0 -0 0
0 -0 0
0 -0 0
0 -0 0
0 -0 0
0 -0 0
0 -0 0
0 -0 0
0 -0 0
0 -0 0
0 -0 0
0 -0 0
0 -0 0
0 -0 0
0 -0 0
0 -0 0
0 -0 0
0 -0 0
0 -0 0
0 -0 0
0 -0 0
0 -0 0
0 -0 0
0 -0 0
0 -0 0
0 -0 0
0 -0 0
0 -0 0
0 -0 0
0 -0 0
0 -0 0
0 -0 0
0 -0 0
0 -0 0
0 -0 0
0 -0 0
0 -0 0
0 -0 0
0 -0 0
0 -0 0
0 -0 0
0 -0 0
0 -0 0
0 -0 0
0 -0 0
0 -0 0
0 -0 0
0 -0 0
0 -0 0
0 -0 0
0 -0 0
0 -0 0
0 -0 0
0 -0 0
0 -0 0
0 -0 0
-0 -0 0
-0 -0 0
-0 -0 0
-0.44079158 -0.11184236 0.64975005
-0 -0 0
-0 -0 0
-0 -0 0
-0 -0 0
-0 -0 0
-0.40762657 -0.11210055 0.65125
-0 -0 0
-0 -0 0
-0 -0 0
-0 -0 0
-0 -0 0
-0 -0 0
-0 -0 0
-0 -0 0
-0 -0 0
-0 -0 0
-0 -0 0
-0 -0 0
-0 -0 0
-0 -0 0
-0 -0 0
-0 -0 0
-0 -0 0
-0 -0 0
-0 -0 0
-0 -0 0
-0 -0 0
-0 -0 0
-0 -0 0
-0 -0 0
-0 -0 0
-0 -0 0
-0 -0 0
-0 -0 0
-0 -0 0
-0 -0 0
-0 -0 0
-0.13043435 -0.064893521 0.377
-0.12713638 -0.064893521 0.377
-0.12359203 -0.064764433 0.37625003
-0.12046049 -0.064850494 0.37675002
-0.11716469 -0.064850494 0.37675002
-0.11386891 -0.064850494 0.37675002
-0.11071986 -0.064936556 0.37725002
-0.1074197 -0.064936556 0.37725002
-0.10391254 -0.06480746 0.37650001
-0.10061894 -0.06480746 0.37650001
-0.097454585 -0.064893521 0.377
-0.09428148 -0.06497959 0.37750003
-0.090858623 -0.064893521 0.377
-0.08709614 -0.064549267 0.37500003
-0.080295399 -0.061838191 0.35925001
-0.076347344 -0.061192699 0.35550001
-0.073597968 -0.061493929 0.35725001
-0.071163192 -0.062096391 0.36075002
-0.068572916 -0.062612787 0.36375001
-0.065795332 -0.063000083 0.36600003
-0.062636331 -0.06304311 0.36625001
-0.059554104 -0.063172214 0.36700001
-0.056497138 -0.063344344 0.36800003
-0.053386468 -0.063473441 0.36875001
-0.050194673 -0.063516475 0.36900002
-0.047030319 -0.063602537 0.36950001
-0.043797947 -0.063602537 0.36950001
-0.040757705 -0.063903771 0.37125
-0.037560549 -0.06398984 0.37175003
-0.034354642 -0.064075902 0.37225002
-0.031119104 -0.064118937 0.37250003
-0.027935285 -0.064291067 0.37350002
-0.024783505 -0.064592294 0.37525001
-0.021500835 -0.064592294 0.37525001
-0.018157482 -0.064377129 0.37400001
-0.014766344 -0.063860737 0.37100002
-0.011466511 -0.06355951 0.36925003
-0.0082419058 -0.063602537 0.36950001
-0.0050163171 -0.063688606 0.37
-0.0017867901 -0.063946806 0.37150002
0.0014660271 -0.064075902 0.37225002
0.0047351378 -0.064248033 0.37325001
0.0080056693 -0.064291067 0.37350002
0.011288119 -0.064377129 0.37400001
0.014579317 -0.064463198 0.37450001
0.017903103 -0.064635329 0.37550002
0.021230279 -0.064764433 0.37625003
0.024489105 -0.064678356 0.37575001
0.02783159 -0.06480746 0.37650001
0.031269867 -0.065108694 0.37825003
0.034967303 -0.065840252 0.38250002
0.065558471 -0.11265998 0.65450001
0.071284004 -0.11265998 0.65450001
0.077038959 -0.11270302 0.65475005
0.082703471 -0.11261695 0.65425003
0.088325448 -0.11248785 0.65350002
0.094042234 -0.11248785 0.65350002
0.09975902 -0.11248785 0.65350002
0.10539511 -0.11240179 0.65300006
0.11115006 -0.11244482 0.65325004
0.11699883 -0.11257391 0.65400004
0.12281381 -0.11265998 0.65450001
0.12868664 -0.11278907 0.65525001
0 -0 0
0 -0 0
0 -0 0
0 -0 0
0 -0 0
0 -0 0
0 -0 0
0 -0 0
0 -0 0
0 -0 0
0 -0 0
0 -0 0
0 -0 0
0 -0 0
0 -0 0
0 -0 0
0 -0 0
0 -0 0
0 -0 0
0 -0 0
0 -0 0
0 -0 0
0 -0 0
0 -0 0
0 -0 0
0 -0 0
0 -0 0
0 -0 0
0 -0 0
0 -0 0
0 -0 0
0 -0 0
0 -0 0
0 -0 0
0 -0 0
0 -0 0
0 -0 0
0 -0 0
0 -0 0
0 -0 0
0 -0 0
0 -0 0
0 -0 0
0 -0 0
0 -0 0
0 -0 0
0 -0 0
0 -0 0
0 -0 0
0 -0 0
0 -0 0
0 -0 0
0 -0 0
0 -0 0
0 -0 0
0 -0 0
-0 -0 0
-0 -0 0
-0 -0 0
-0 -0 0
-0 -0 0
-0 -0 0
-0 -0 0
-0 -0 0
-0.41332364 -0.10640782 0.65125
-0.40778306 -0.10644868 0.65150005
-0 -0 0
-0 -0 0
-0 -0 0
-0 -0 0
-0 -0 0
-0 -0 0
-0 -0 0
-0 -0 0
-0 -0 0
-0 -0 0
-0 -0 0
-0 -0 0
-0 -0 0
-0 -0 0
-0 -0 0
-0 -0 0
-0 -0 0
-0 -0 0
-0 -0 0
-0 -0 0
-0 -0 0
-0 -0 0
-0 -0 0
-0 -0 0
-0 -0 0
-0 -0 0
-0 -0 0
-0 -0 0
-0 -0 0
-0 -0 0
-0.13373233 -0.061598081 0.377
-0.13043435 -0.061598081 0.377
-0.12722069 -0.061638929 0.37725002
-0.12383839 -0.061598081 0.377
-0.12070029 -0.061679777 0.37750003
-0.11755343 -0.061761472 0.37800002
-0.11402003 -0.061638929 0.37725002
-0.11064648 -0.061598081 0.377
-0.10734851 -0.061598081 0.377
-0.10405054 -0.061598081 0.377
-0.10075255 -0.061598081 0.377
-0.097389966 -0.061557233 0.37675002
-0.094094165 -0.061557233 0.37675002
-0.090858623 -0.061598081 0.377
-0.08680582 -0.061067067 0.37375003
-0.079401366 -0.058044348 0.35525003
-0.076025203 -0.057840105 0.354
-0.07303144 -0.057921804 0.35450003
-0.070028923 -0.0580035 0.35500002
-0.067111909 -0.058166888 0.35600001
-0.064716719 -0.058820449 0.36000001
-0.062166031 -0.059392318 0.36350003
-0.05931069 -0.059719093 0.3655
-0.056190088 -0.059800792 0.36600003
-0.053277891 -0.060127571 0.36800003
-0.050228681 -0.06033181 0.36925003
-0.047030319 -0.060372654 0.36950001
-0.043886848 -0.060495198 0.37025002
-0.04073026 -0.060617741 0.37100002
-0.037535287 -0.060699437 0.37150002
-0.034354642 -0.06082198 0.37225002
-0.031119104 -0.060862828 0.37250003
-0.027860492 -0.060862828 0.37250003
-0.024634903 -0.060944524 0.37300003
-0.021414891 -0.061067067 0.37375003
-0.018121069 -0.060985368 0.37325001
-0.014746443 -0.060536049 0.37050003
-0.011435457 -0.060168419 0.36825001
-0.0082140239 -0.060168419 0.36825001
-0.0050027599 -0.060290962 0.36900002
-0.0017807781 -0.060495198 0.37025002
0.0014620888 -0.060658585 0.37125
0.0047192797 -0.060781129 0.37200001
0.007984235 -0.060862828 0.37250003
0.011257937 -0.060944524 0.37300003
0.014559852 -0.061107911 0.37400001
0.017867344 -0.061230455 0.37475002
0.021173852 -0.061312146 0.37525001
0.024440227 -0.061271302 0.37500003
0.027813111 -0.061475541 0.37625003
0.031435203 -0.062129099 0.38025001
0.05992436 -0.10710224 0.65550005
0.065633595 -0.10706139 0.65525001
0.071338467 -0.10702054 0.65500003
0.077097788 -0.10706139 0.65525001
0.082861483 -0.10710224 0.65550005
0.088595763 -0.10710224 0.65550005
0.094294064 -0.10706139 0.65525001
0.099911667 -0.10693884 0.65450001
0.10551615 -0.1068163 0.65375
0.11110752 -0.10669377 0.65300006
0.11699883 -0.10685715 0.65400004
0.12295454 -0.10706139 0.65525001
0.12873574 -0.10710224 0.65550005
0 -0 0
0 -0 0
0 -0 0
0 -0 0
0 -0 0
0 -0 0
0 -0 0
0 -0 0
0 -0 0
0 -0 0
0 -0 0
0 -0 0
0 -0 0
0 -0 0
0 -0 0
0 -0 0
0 -0 0
0 -0 0
0 -0 0
0 -0 0
0 -0 0
0 -0 0
0 -0 0
0 -0 0
0 -0 0
0 -0 0
0 -0 0
0 -0 0
0 -0 0
0 -0 0
0 -0 0
0 -0 0
0 -0 0
0 -0 0
0 -0 0
0 -0 0
0 -0 0
0 -0 0
0 -0 0
0 -0 0
0 -0 0
0 -0 0
0 -0 0
0 -0 0
0 -0 0
0 -0 0
0 -0 0
0 -0 0
0 -0 0
0 -0 0
0 -0 0
0 -0 0
0 -0 0
0 -0 0
0 -0 0
0 -0 0
-0 -0 0
-0 -0 0
-0 -0 0
-0 -0 0
-0 -0 0
-0 -0 0
-0 -0 0
-0 -0 0
-0 -0 0
-0 -0 0
-0 -0 0
-0 -0 0
-0 -0 0
-0 -0 0
-0 -0 0
-0 -0 0
-0 -0 0
-0 -0 0
-0 -0 0
-0 -0 0
-0 -0 0
-0 -0 0
-0 -0 0
-0 -0 0
-0 -0 0
-0 -0 0
-0 -0 0
-0 -0 0
-0 -0 0
-0 -0 0
-0 -0 0
-0 -0 0
-0 -0 0
-0 -0 0
-0 -0 0
-0 -0 0
-0 -0 0
-0 -0 0
-0 -0 0
-0 -0 0
-0.13382101 -0.058341298 0.37725002
-0.13060734 -0.058379963 0.37750003
-0.12747361 -0.058457289 0.37800002
-0.12392052 -0.058341298 0.37725002
-0.12070029 -0.058379963 0.37750003
-0.11755343 -0.058457289 0.37800002
-0.11409559 -0.058379963 0.37750003
-0.11071986 -0.058341298 0.37725002
-0.1074197 -0.058341298 0.37725002
-0.10418854 -0.058379963 0.37750003
-0.10088619 -0.058379963 0.37750003
-0.097454585 -0.058302637 0.377
-0.094094165 -0.058263976 0.37675002
-0.090858623 -0.058302637 0.377
-0.086515501 -0.057606719 0.37250003
-0.079010226 -0.054668389 0.35350001
-0.075756751 -0.054552399 0.35275
-0.072825424 -0.054668389 0.35350001
-0.069930285 -0.054823037 0.35450003
-0.066923395 -0.054900363 0.35500002
-0.063952699 -0.05501635 0.35575002
-0.061011638 -0.055170998 0.35675001
-0.058174782 -0.055441633 0.3585
-0.055575985 -0.055982906 0.36200002
-0.053024527 -0.056640159 0.36625001
-0.050160665 -0.057026781 0.36875001
-0.04690304 -0.056988124 0.36850002
-0.043679416 -0.056988124 0.36850002
-0.040593028 -0.057181433 0.36975002
-0.037459508 -0.057336081 0.37075001
-0.034308497 -0.057490733 0.37175003
-0.031139988 -0.05764538 0.37275001
-0.027841793 -0.057568055 0.37225002
-0.024568858 -0.057529394 0.37200001
-0.021357592 -0.05764538 0.37275001
-0.018121069 -0.057722703 0.37325001
-0.014816096 -0.057568055 0.37225002
-0.01144322 -0.056988124 0.36850002
-0.0081972945 -0.056833472 0.36750001
-0.0049925917 -0.056949459 0.36825001
-0.001774766 -0.057065446 0.36900002
0.0014561814 -0.057181433 0.36975002
0.0046939072 -0.057220094 0.37
0.0079520838 -0.057374746 0.37100002
0.011212664 -0.057452068 0.37150002
0.014501458 -0.057606719 0.37250003
0.017807746 -0.057761367 0.37350002
0.021075107 -0.057761367 0.37350002
0.024391346 -0.057877354 0.37425002
0.027739188 -0.058032002 0.37525001
0.031145861 -0.058263976 0.37675002
0.060015779 -0.10152701 0.65650004
0.065683685 -0.10141102 0.65575004
0.071392924 -0.10137236 0.65550005
0.077156618 -0.10141102 0.65575004
0.082893081 -0.10141102 0.65575004
0.08866334 -0.10144968 0.65600002
0.094401993 -0.10144968 0.65600002
0.10010249 -0.10141102 0.65575004
0.1057179 -0.10129503 0.65500003
0.11149035 -0.10133369 0.65525001
0.11735661 -0.10144968 0.65600002
0.12304837 -0.10141102 0.65575004
0.12883393 -0.10144968 0.65600002
0 -0 0
0 -0 0
0 -0 0
0 -0 0
0 -0 0
0 -0 0
0 -0 0
0 -0 0
0 -0 0
0 -0 0
0 -0 0
0 -0 0
0 -0 0
0 -0 0
0 -0 0
0 -0 0
0 -0 0
0 -0 0
0 -0 0
0 -0 0
0 -0 0
0 -0 0
0 -0 0
0 -0 0
0 -0 0
0 -0 0
0 -0 0
0 -0 0
0 -0 0
0 -0 0
0 -0 0
0 -0 0
0 -0 0
0 -0 0
0 -0 0
0 -0 0
0 -0 0
0 -0 0
0 -0 0
0 -0 0
0 -0 0
0 -0 0
0 -0 0
0 -0 0
0 -0 0
0 -0 0
0 -0 0
0 -0 0
0 -0 0
0 -0 0
0 -0 0
0 -0 0
0 -0 0
0 -0 0
0 -0 0
0 -0 0
-0 -0 0
-0 -0 0
-0 -0 0
-0 -0 0
-0 -0 0
-0 -0 0
-0 -0 0
-0 -0 0
-0 -0 0
-0 -0 0
-0 -0 0
-0 -0 0
-0 -0 0
-0 -0 0
-0 -0 0
-0 -0 0
-0 -0 0
-0 -0 0
-0 -0 0
-0 -0 0
-0 -0 0
-0 -0 0
-0 -0 0
-0 -0 0
-0 -0 0
-0 -0 0
-0 -0 0
-0 -0 0
-0 -0 0
-0 -0 0
-0 -0 0
-0 -0 0
-0 -0 0
-0 -0 0
-0 -0 0
-0 -0 0
-0 -0 0
-0 -0 0
-0 -0 0
-0 -0 0
-0.13426442 -0.055226054 0.37850001
-0.13095331 -0.055226054 0.37850001
-0.12772654 -0.055262532 0.37875003
-0.124249 -0.05518958 0.37825003
-0.12078022 -0.055116624 0.37775001
-0.11763118 -0.05518958 0.37825003
-0.11439782 -0.055226054 0.37850001
-0.11101335 -0.05518958 0.37825003
-0.10770445 -0.05518958 0.37825003
-0.10432654 -0.055153102 0.37800002
-0.10095299 -0.055116624 0.37775001
-0.097648457 -0.055116624 0.37775001
-0.09428148 -0.055080149 0.37750003
-0.090918876 -0.055043671 0.37725002
-0.086283237 -0.054204702 0.37150002
-0.078954346 -0.051541887 0.35325003
-0.075649373 -0.051395979 0.35225001
-0.07272242 -0.051505409 0.35300002
-0.069782339 -0.05161484 0.35375002
-0.066782005 -0.051687796 0.35425001
-0.06372799 -0.051724274 0.35450003
-0.060797863 -0.051870178 0.35550001
-0.057850242 -0.052016091 0.35650003
-0.054808363 -0.052089043 0.35700002
-0.052011091 -0.05241733 0.35925001
-0.049412508 -0.053000964 0.36325002
-0.046712115 -0.053548116 0.36700001
-0.04353125 -0.053584594 0.36725003
-0.040510688 -0.053839933 0.36900002
-0.037510026 -0.054168224 0.37125
-0.0347238 -0.054897767 0.37625003
-0.031474154 -0.054970719 0.37675002
-0.02810357 -0.054824807 0.37575001
-0.024634903 -0.054423563 0.37300003
-0.021300295 -0.05424118 0.37175003
-0.018096795 -0.054387085 0.37275001
-0.014835996 -0.054387085 0.37275001
-0.011482038 -0.053949364 0.36975002
-0.008186142 -0.053548116 0.36700001
-0.0049756444 -0.053548116 0.36700001
-0.0017699563 -0.053694028 0.36800003
0.0014532276 -0.053839933 0.36900002
0.0046843928 -0.053876411 0.36925003
0.0079252906 -0.053949364 0.36975002
0.011174936 -0.054022316 0.37025002
0.014452794 -0.054168224 0.37125
0.01773623 -0.054277655 0.37200001
0.021032786 -0.054387085 0.37275001
0.024391346 -0.05460595 0.37425002
0.027720708 -0.05471538 0.37500003
0.054355416 -0.095934294 0.65750003
0.060107194 -0.095934294 0.65750003
0.065808885 -0.095861338 0.65700001
0.071529061 -0.095824867 0.65675002
0.077274278 -0.095824867 0.65675002
0.083019495 -0.095824867 0.65675002
0.088697135 -0.095751919 0.65625006
0.094509922 -0.095824867 0.65675002
0.10033147 -0.095897824 0.65725005
0.10608106 -0.095897824 0.65725005
0.11174557 -0.095824867 0.65675002
0.11744607 -0.095788389 0.65650004
0.12328292 -0.095861338 0.65700001
0.12898122 -0.095824867 0.65675002
0.13457258 -0.095715433 0.65600002
0.14031124 -0.095715433 0.65600002
0 -0 0
0 -0 0
0 -0 0
0 -0 0
0 -0 0
0 -0 0
0 -0 0
0 -0 0
0 -0 0
0 -0 0
0 -0 0
0 -0 0
0 -0 0
0 -0 0
0 -0 0
0 -0 0
0 -0 0
0 -0 0
0 -0 0
0 -0 0
0 -0 0
0 -0 0
0 -0 0
0 -0 0
0 -0 0
0 -0 0
0 -0 0
0 -0 0
0 -0 0
0 -0 0
0 -0 0
0 -0 0
0 -0 0
0 -0 0
0 -0 0
0 -0 0
0 -0 0
0 -0 0
0 -0 0
0 -0 0
0 -0 0
0 -0 0
0 -0 0
0 -0 0
0 -0 0
0 -0 0
0 -0 0
0 -0 0
0 -0 0
0 -0 0
0 -0 0
0 -0 0
0 -0 0
0 -0 0
-0 -0 0
-0 -0 0
-0 -0 0
-0 -0 0
-0 -0 0
-0 -0 0
-0 -0 0
-0 -0 0
-0 -0 0
-0 -0 0
-0 -0 0
-0 -0 0
-0 -0 0
-0 -0 0
-0 -0 0
-0 -0 0
-0 -0 0
-0 -0 0
-0 -0 0
-0 -0 0
-0 -0 0
-0 -0 0
-0 -0 0
-0 -0 0
-0 -0 0
-0 -0 0
-0 -0 0
-0 -0 0
-0 -0 0
-0 -0 0
-0 -0 0
-0 -0 0
-0 -0 0
-0 -0 0
-0 -0 0
-0 -0 0
-0 -0 0
-0 -0 0
-0 -0 0
-0.13793899 -0.05205467 0.37950003
-0.13453047 -0.052020375 0.37925002
-0.1312128 -0.052020375 0.37925002
-0.12789515 -0.052020375 0.37925002
-0.12441324 -0.051951792 0.37875003
-0.12109996 -0.051951792 0.37875003
-0.11794216 -0.052020375 0.37925002
-0.11477563 -0.052088957 0.37975001
-0.11130685 -0.052020375 0.37925002
-0.10784682 -0.051951792 0.37875003
-0.10453354 -0.051951792 0.37875003
-0.10108662 -0.051883209 0.37825003
-0.09771309 -0.051848918 0.37800002
-0.094406359 -0.051848918 0.37800002
-0.090979129 -0.051780336 0.37750003
-0.086283237 -0.050957333 0.37150002
-0.078842588 -0.048385464 0.35275
-0.075380921 -0.048145421 0.35100001
-0.072516404 -0.04828259 0.35200003
-0.069634393 -0.048419755 0.35300002
-0.066593498 -0.04845405 0.35325003
-0.06350328 -0.04845405 0.35325003
-0.060669594 -0.048659794 0.35475001
-0.057687964 -0.048762672 0.35550001
-0.054693218 -0.048865546 0.35625002
-0.051721536 -0.049002711 0.35725001
-0.048766367 -0.049174171 0.3585
-0.046457555 -0.050065752 0.36500001
-0.04344235 -0.050271504 0.36650002
-0.040373456 -0.05044296 0.36775002
-0.037939437 -0.051506002 0.37550002
-0.034954522 -0.051951792 0.37875003
-0.031703893 -0.05205467 0.37950003
-0.028365348 -0.052020375 0.37925002
-0.024899084 -0.051711749 0.377
-0.021314619 -0.051025916 0.37200001
-0.018036108 -0.050957333 0.37150002
-0.014806145 -0.051025916 0.37200001
-0.011474273 -0.050683003 0.36950001
-0.0081917187 -0.050374378 0.36725003
-0.0049756444 -0.050340086 0.36700001
-0.0017675514 -0.050408669 0.36750001
0.0014492894 -0.050477255 0.36800003
0.0046748784 -0.050545838 0.36850002
0.0079145739 -0.050648712 0.36925003
0.011144754 -0.050648712 0.36925003
0.014413864 -0.050785877 0.37025002
0.017664714 -0.050820172 0.37050003
0.020891722 -0.050785877 0.37025002
0.024309877 -0.051163085 0.37300003
0.02783159 -0.051643167 0.37650001
0.054582756 -0.090564147 0.66025001
0.060312886 -0.090495564 0.65975004
0.065909058 -0.090255529 0.65800005
0.071637973 -0.090221226 0.65775001
0.07742136 -0.090255529 0.65800005
0.083145902 -0.090221226 0.65775001
0.088899866 -0.090221226 0.65775001
0.09465383 -0.090221226 0.65775001
0.10048413 -0.090289816 0.65825003
0.10628281 -0.090324104 0.65850002
0.11195827 -0.090255529 0.65800005
0.11758024 -0.090152651 0.65725005
0.12342365 -0.090221226 0.65775001
0.12912852 -0.090186939 0.65750003
0.13457258 -0.089981191 0.65600002
0.14063208 -0.090186939 0.65750003
0.14616121 -0.090049773 0.65650004
0 -0 0
0 -0 0
0 -0 0
0 -0 0
0 -0 0
0 -0 0
0 -0 0
0 -0 0
0 -0 0
0 -0 0
0 -0 0
0 -0 0
0 -0 0
0 -0 0
0 -0 0
0 -0 0
0 -0 0
0 -0 0
0 -0 0
0 -0 0
0 -0 0
0 -0 0
0 -0 0
0 -0 0
0 -0 0
0 -0 0
0 -0 0
0 -0 0
0 -0 0
0 -0 0
0 -0 0
0 -0 0
0 -0 0
0 -0 0
0 -0 0
0 -0 0
0 -0 0
0 -0 0
0 -0 0
0 -0 0
0 -0 0
0 -0 0
0 -0 0
0 -0 0
0 -0 0
0 -0 0
0 -0 0
0 -0 0
0 -0 0
0 -0 0
0 -0 0
0 -0 0
0 -0 0
-0 -0 0
-0 -0 0
-0 -0 0
-0 -0 0
-0 -0 0
-0 -0 0
-0 -0 0
-0 -0 0
-0 -0 0
-0 -0 0
-0 -0 0
-0 -0 0
-0 -0 0
-0 -0 0
-0 -0 0
-0 -0 0
-0 -0 0
-0 -0 0
-0 -0 0
-0 -0 0
-0 -0 0
-0 -0 0
-0 -0 0
-0 -0 0
-0 -0 0
-0 -0 0
-0 -0 0
-0 -0 0
-0 -0 0
-0 -0 0
-0 -0 0
-0 -0 0
-0 -0 0
-0 -0 0
-0 -0 0
-0 -0 0
-0 -0 0
-0 -0 0
-0 -0 0
-0.13802986 -0.048769474 0.37975001
-0.13470784 -0.048769474 0.37975001
-0.13138579 -0.048769474 0.37975001
-0.12806377 -0.048769474 0.37975001
-0.12465961 -0.048737373 0.37950003
-0.12133977 -0.048737373 0.37950003
-0.1181754 -0.048801582 0.38000003
-0.11485119 -0.048801582 0.38000003
-0.11145359 -0.048769474 0.37975001
-0.10798918 -0.048705265 0.37925002
-0.10474054 -0.048737373 0.37950003
-0.10135387 -0.048705265 0.37925002
-0.097906962 -0.048641052 0.37875003
-0.094531231 -0.048608944 0.37850001
-0.091159888 -0.048576839 0.37825003
-0.08709614 -0.048159458 0.37500003
-0.078674965 -0.045205679 0.35200003
-0.075219847 -0.044980932 0.35025001
-0.072361894 -0.045109358 0.35125002
-0.069486439 -0.045237783 0.35225001
-0.066404976 -0.045237783 0.35225001
-0.063368455 -0.045269888 0.35250002
-0.060498577 -0.045430422 0.35375002
-0.057485126 -0.045494631 0.35425001
-0.054462928 -0.045558844 0.35475001
-0.051468179 -0.045655165 0.35550001
-0.048392288 -0.045687273 0.35575002
-0.046043891 -0.04645782 0.36175001
-0.04335345 -0.046971522 0.36575001
-0.040236227 -0.047067843 0.36650002
-0.037661582 -0.047870498 0.37275001
-0 -0 0
-0 -0 0
-0 -0 0
-0.025047686 -0.048705265 0.37925002
-0.02128597 -0.047709968 0.37150002
-0.017987559 -0.047581546 0.37050003
-0.014776293 -0.04767786 0.37125
-0.011513091 -0.047613647 0.37075001
-0.0082419058 -0.047453117 0.36950001
-0.0049993703 -0.047356796 0.36875001
-0.0017675514 -0.047196265 0.36750001
0.0014473202 -0.047196265 0.36750001
0.004662192 -0.047196265 0.36750001
0.0078877807 -0.047260482 0.36800003
0.011114571 -0.047292586 0.36825001
0.014374935 -0.047421012 0.36925003
0.017617034 -0.047453117 0.36950001
0.020863509 -0.047485225 0.36975002
0.02413065 -0.047549438 0.37025002
0.048788443 -0.084760644 0.66000003
0.054624096 -0.084856965 0.66075003
0.060541429 -0.085049599 0.66225004
0.066259637 -0.084953278 0.66150004
0.07188303 -0.084760644 0.66000003
0.077597849 -0.084696427 0.6595
0.083272316 -0.084600113 0.65875006
0.089035027 -0.084600113 0.65875006
0.094833717 -0.084632218 0.65900004
0.10059861 -0.084632218 0.65900004
0.10644421 -0.084696427 0.6595
0.11212841 -0.084632218 0.65900004
0.11766969 -0.08447168 0.65775001
0.12347057 -0.084503792 0.65800005
0.12932491 -0.084568001 0.65850002
0.1348803 -0.084439583 0.65750003
0.14100638 -0.084664322 0.65925002
0.14643951 -0.08447168 0.65775001
0.15207779 -0.084407479 0.65725005
0 -0 0
0 -0 0
0 -0 0
0 -0 0
0 -0 0
0 -0 0
0 -0 0
0 -0 0
0 -0 0
0 -0 0
0 -0 0
0 -0 0
0 -0 0
0 -0 0
0 -0 0
0 -0 0
0 -0 0
0 -0 0
0 -0 0
0 -0 0
0 -0 0
0 -0 0
0 -0 0
0 -0 0
0 -0 0
0 -0 0
0 -0 0
0 -0 0
0 -0 0
0 -0 0
0 -0 0
0 -0 0
0 -0 0
0 -0 0
0 -0 0
0 -0 0
0 -0 0
0 -0 0
0 -0 0
0 -0 0
0 -0 0
0 -0 0
0 -0 0
0 -0 0
0 -0 0
0 -0 0
0 -0 0
0 -0 0
0 -0 0
0 -0 0
0 -0 0
0 -0 0
-0 -0 0
-0 -0 0
-0 -0 0
-0 -0 0
-0 -0 0
-0 -0 0
-0 -0 0
-0 -0 0
-0 -0 0
-0 -0 0
-0 -0 0
-0 -0 0
-0 -0 0
-0 -0 0
-0 -0 0
-0 -0 0
-0 -0 0
-0 -0 0
-0 -0 0
-0 -0 0
-0 -0 0
-0 -0 0
-0 -0 0
-0 -0 0
-0 -0 0
-0 -0 0
-0 -0 0
-0 -0 0
-0 -0 0
-0 -0 0
-0 -0 0
-0 -0 0
-0 -0 0
-0 -0 0
-0 -0 0
-0 -0 0
-0 -0 0
-0 -0 0
-0.14125885 -0.045420073 0.37950003
-0.13812074 -0.045479916 0.38000003
-0.13497388 -0.045539755 0.38050002
-0.13155878 -0.045509834 0.38025001
-0.12814808 -0.045479916 0.38000003
-0.12474173 -0.045449995 0.37975001
-0.1214197 -0.045449995 0.37975001
-0.11809766 -0.045449995 0.37975001
-0.11477563 -0.045449995 0.37975001
-0.11138022 -0.045420073 0.37950003
-0.10806037 -0.045420073 0.37950003
-0.10480953 -0.045449995 0.37975001
-0.10142069 -0.045420073 0.37950003
-0.098100841 -0.045420073 0.37950003
-0.094843425 -0.045449995 0.37975001
-0.091461137 -0.045420073 0.37950003
-0.087560646 -0.045120861 0.377
-0.078954346 -0.042278368 0.35325003
-0.075166166 -0.041889396 0.35000002
-0.072207384 -0.041949239 0.35050002
-0.069190547 -0.04197916 0.35075003
-0.066263586 -0.042068921 0.3515
-0.063278571 -0.042128764 0.35200003
-0.060327552 -0.042218525 0.35275
-0.057322852 -0.042278368 0.35325003
-0.054347787 -0.042368129 0.354
-0.051287208 -0.04239805 0.35425001
-0.048222255 -0.042427976 0.35450003
-0.045471124 -0.042757101 0.35725001
-0.043175649 -0.043594889 0.36425
-0.040071547 -0.043684654 0.36500001
-0.036903806 -0.043714575 0.36525002
-0 -0 0
-0 -0 0
-0.029150674 -0.046646833 0.38975
-0.025179777 -0.04562952 0.38125002
-0.021142727 -0.044163391 0.36900002
-0.017926872 -0.044193313 0.36925003
-0.014716592 -0.044253156 0.36975002
-0.011497564 -0.044312995 0.37025002
-0.0082642119 -0.044342916 0.37050003
-0.0050264853 -0.044372838 0.37075001
-0.0017843853 -0.04440276 0.37100002
0.0014561814 -0.044253156 0.36975002
0.0046653636 -0.044013787 0.36775002
0.0078770639 -0.043983866 0.36750001
0.01109948 -0.044013787 0.36775002
0.014326273 -0.044043709 0.36800003
0.017581275 -0.044133469 0.36875001
0.020849403 -0.044223234 0.36950001
0.024146944 -0.044342916 0.37050003
0.048788443 -0.078991428 0.66000003
0.054582756 -0.07902135 0.66025001
0.060427155 -0.079111114 0.66100001
0.066234596 -0.079141036 0.66125005
0.071964718 -0.079081193 0.66075003
0.077774338 -0.079111114 0.66100001
0.083461925 -0.07902135 0.66025001
0.089203969 -0.078991428 0.66000003
0.094977617 -0.078991428 0.66000003
0.10075127 -0.078991428 0.66000003
0.10652491 -0.078991428 0.66000003
0.11229856 -0.078991428 0.66000003
0.11798275 -0.078931585 0.6595
0.12375203 -0.078931585 0.6595
0.12971771 -0.079051279 0.66050005
0.13544443 -0.07902135 0.66025001
0.14122027 -0.07902135 0.66025001
0.14705177 -0.079051279 0.66050005
0 -0 0
0 -0 0
0 -0 0
0 -0 0
0 -0 0
0 -0 0
0 -0 0
0 -0 0
0 -0 0
0 -0 0
0 -0 0
0 -0 0
0 -0 0
0 -0 0
0 -0 0
0 -0 0
0 -0 0
0 -0 0
0 -0 0
0 -0 0
0 -0 0
0 -0 0
0 -0 0
0 -0 0
0 -0 0
0 -0 0
0 -0 0
0 -0 0
0 -0 0
0 -0 0
0 -0 0
0 -0 0
0 -0 0
0 -0 0
0 -0 0
0 -0 0
0 -0 0
0 -0 0
0 -0 0
0 -0 0
0 -0 0
0 -0 0
0 -0 0
0 -0 0
0 -0 0
0 -0 0
0 -0 0
0 -0 0
0 -0 0
0 -0 0
0 -0 0
0 -0 0
0 -0 0
-0 -0 0
-0 -0 0
-0 -0 0
-0 -0 0
-0 -0 0
-0 -0 0
-0 -0 0
-0 -0 0
-0 -0 0
-0 -0 0
-0 -0 0
-0 -0 0
-0 -0 0
-0 -0 0
-0 -0 0
-0 -0 0
-0 -0 0
-0 -0 0
-0 -0 0
-0 -0 0
-0 -0 0
-0 -0 0
-0 -0 0
-0 -0 0
-0 -0 0
-0 -0 0
-0 -0 0
-0 -0 0
-0 -0 0
-0 -0 0
-0 -0 0
-0 -0 0
-0 -0 0
-0 -0 0
-0 -0 0
-0 -0 0
-0 -0 0
-0 -0 0
-0.14144497 -0.04215825 0.38000003
-0.13839334 -0.042241458 0.38075003
-0.13523993 -0.042296931 0.38125002
-0.13181826 -0.042269193 0.38100001
-0.12823237 -0.042185985 0.38025001
-0.12474173 -0.042130515 0.37975001
-0.1214197 -0.042130515 0.37975001
-0.11809766 -0.042130515 0.37975001
-0.11492675 -0.042185985 0.38025001
-0.11160033 -0.042185985 0.38025001
-0.10827393 -0.042185985 0.38025001
-0.10494753 -0.042185985 0.38025001
-0.10148749 -0.042130515 0.37975001
-0.09816546 -0.042130515 0.37975001
-0.094968297 -0.042185985 0.38025001
-0.091641888 -0.042185985 0.38025001
-0.087967098 -0.042019572 0.37875003
-0.079233736 -0.039329212 0.35450003
-0.074951403 -0.038719025 0.34900001
-0.071898364 -0.038719025 0.34900001
-0.068894647 -0.038746759 0.34925002
-0.066075072 -0.038885441 0.35050002
-0.063143745 -0.038968645 0.35125002
-0.060156535 -0.039024118 0.35175002
-0.057241712 -0.039135057 0.35275
-0.054232646 -0.039190531 0.35325003
-0.051214818 -0.039246004 0.35375002
-0.048154235 -0.039273735 0.354
-0.045152925 -0.039356943 0.35475001
-0.042820051 -0.040078074 0.36125001
-0.039989207 -0.040410899 0.36425
-0.036878545 -0.040494107 0.36500001
-0.033708617 -0.040521845 0.36525002
-0.03047166 -0.040466376 0.36475003
-0.027916586 -0.041409384 0.37325001
-0.024403743 -0.040993351 0.36950001
-0.021042457 -0.040743731 0.36725003
-0.017854048 -0.040799201 0.36775002
-0.01466684 -0.040882409 0.36850002
-0.011474273 -0.040993351 0.36950001
-0.0082530584 -0.041048821 0.37
-0.0050230962 -0.041104294 0.37050003
-0.0017867901 -0.041215237 0.37150002
0.0014650425 -0.041270707 0.37200001
0.0047224513 -0.041298445 0.37225002
0.0079413662 -0.041104294 0.37050003
0.011114571 -0.040854674 0.36825001
0.014306806 -0.040771466 0.36750001
0.017545518 -0.040826939 0.36800003
0.020807082 -0.040910143 0.36875001
0.024098063 -0.041021086 0.36975002
0.048843887 -0.073305428 0.66075003
0.05464476 -0.073333167 0.66100001
0.060450014 -0.073360905 0.66125005
0.066209547 -0.073333167 0.66100001
0.071991943 -0.073333167 0.66100001
0.077803761 -0.073360905 0.66125005
0.083588339 -0.073360905 0.66125005
0.08933913 -0.073333167 0.66100001
0.095121518 -0.073333167 0.66100001
0.10094208 -0.073360905 0.66125005
0.10668631 -0.073333167 0.66100001
0.1124687 -0.073333167 0.66100001
0.1182511 -0.073333167 0.66100001
0.12398659 -0.073305428 0.66075003
0.12986501 -0.073360905 0.66125005
0.13559829 -0.073333167 0.66100001
0.14138068 -0.073333167 0.66100001
0.14716308 -0.073333167 0.66100001
0.15294547 -0.073333167 0.66100001
0.15878791 -0.073360905 0.66125005
0 -0 0
0 -0 0
0 -0 0
0 -0 0
0 -0 0
0 -0 0
0 -0 0
0 -0 0
0 -0 0
0 -0 0
0 -0 0
0 -0 0
0 -0 0
0 -0 0
0 -0 0
0 -0 0
0 -0 0
0 -0 0
0 -0 0
0 -0 0
0 -0 0
0 -0 0
0 -0 0
0 -0 0
0 -0 0
0 -0 0
0 -0 0
0 -0 0
0 -0 0
0 -0 0
0 -0 0
0 -0 0
0 -0 0
0 -0 0
0 -0 0
0 -0 0
0 -0 0
0 -0 0
0 -0 0
0 -0 0
0 -0 0
0 -0 0
0 -0 0
0 -0 0
0 -0 0
0 -0 0
0 -0 0
0 -0 0
0 -0 0
0 -0 0
0 -0 0
-0 -0 0
-0 -0 0
-0 -0 0
-0 -0 0
-0 -0 0
-0 -0 0
-0 -0 0
-0 -0 0
-0 -0 0
-0 -0 0
-0 -0 0
-0 -0 0
-0 -0 0
-0 -0 0
-0 -0 0
-0 -0 0
-0 -0 0
-0 -0 0
-0 -0 0
-0 -0 0
-0 -0 0
-0 -0 0
-0 -0 0
-0 -0 0
-0 -0 0
-0 -0 0
-0 -0 0
-0 -0 0
-0 -0 0
-0 -0 0
-0 -0 0
-0 -0 0
-0 -0 0
-0 -0 0
-0 -0 0
-0 -0 0
-0 -0 0
-0 -0 0
-0.14191024 -0.038964335 0.38125002
-0.13839334 -0.038913235 0.38075003
-0.13515124 -0.038938783 0.38100001
-0.13190477 -0.038964335 0.38125002
-0.12848531 -0.038938783 0.38100001
-0.12490597 -0.038862132 0.38025001
-0.12157956 -0.038862132 0.38025001
-0.11848639 -0.038938783 0.38100001
-0.11538011 -0.039015435 0.38175002
-0.11182045 -0.038938783 0.38100001
-0.10855868 -0.038964335 0.38125002
-0.10522353 -0.038964335 0.38125002
-0.10175474 -0.038913235 0.38075003
-0.098230086 -0.038836583 0.38000003
-0.094968297 -0.038862132 0.38025001
-0.091641888 -0.038862132 0.38025001
-0.088141292 -0.038785484 0.37950003
-0.079624869 -0.036409296 0.35625002
-0.074844018 -0.035617232 0.34850001
-0.071795359 -0.035617232 0.34850001
-0.068796016 -0.035642784 0.34875003
-0.065933682 -0.035744987 0.34975001
-0.063008912 -0.035821639 0.35050002
-0.05994276 -0.035821639 0.35050002
-0.057038873 -0.035923839 0.3515
-0.054079119 -0.03600049 0.35225001
-0.051106237 -0.036077142 0.35300002
-0.048086222 -0.036128242 0.35350001
-0.045025643 -0.036153793 0.35375002
-0.04270152 -0.036818102 0.36025003
-0.039851975 -0.037099157 0.36300001
-0.036777508 -0.03720136 0.36400002
-0.033570182 -0.037175808 0.36375001
-0.030409005 -0.03720136 0.36400002
-0.027280845 -0.037278011 0.36475003
-0.024172587 -0.037405763 0.36600003
-0.020970834 -0.037405763 0.36600003
-0.0177084 -0.037278011 0.36475003
-0.014487734 -0.03720136 0.36400002
-0.011404403 -0.037533514 0.36725003
-0.00823633 -0.037737917 0.36925003
-0.005012928 -0.037789017 0.36975002
-0.0017819805 -0.037865669 0.37050003
0.0014640579 -0.03799342 0.37175003
0.0047224513 -0.03804452 0.37225002
0.0079788761 -0.03804452 0.37225002
0.011197573 -0.037916768 0.37100002
0.0143944 -0.037789017 0.36975002
0.017605117 -0.037737917 0.36925003
0.020807082 -0.037686814 0.36875001
0.043161441 -0.067682967 0.66225004
0.048936289 -0.067657419 0.66200006
0.054727435 -0.067657419 0.66200006
0.060541429 -0.067682967 0.66225004
0.06630972 -0.067657419 0.66200006
0.072100863 -0.067657419 0.66200006
0.07792142 -0.067682967 0.66225004
0.083714746 -0.067682967 0.66225004
0.089440495 -0.067631863 0.66175002
0.095229454 -0.067631863 0.66175002
0.10109474 -0.067682967 0.66225004
0.10684772 -0.067657419 0.66200006
0.11263886 -0.067657419 0.66200006
0.11838528 -0.067631863 0.66175002
0.12412732 -0.067606315 0.66150004
0.12986501 -0.067580767 0.66125005
0.13564958 -0.067580767 0.66125005
0.14148763 -0.067606315 0.66150004
0.14733006 -0.067631863 0.66175002
0.15340824 -0.067759618 0.66300005
0.15902804 -0.067682967 0.66225004
0 -0 0
0 -0 0
0 -0 0
0 -0 0
0 -0 0
0 -0 0
0 -0 0
0 -0 0
0 -0 0
0 -0 0
0 -0 0
0 -0 0
0 -0 0
0 -0 0
0 -0 0
0 -0 0
0 -0 0
0 -0 0
0 -0 0
0 -0 0
0 -0 0
0 -0 0
0 -0 0
0 -0 0
0 -0 0
0 -0 0
0 -0 0
0 -0 0
0 -0 0
0 -0 0
0 -0 0
0 -0 0
0 -0 0
0 -0 0
0 -0 0
0 -0 0
0 -0 0
0 -0 0
0 -0 0
0 -0 0
0 -0 0
0 -0 0
0 -0 0
0 -0 0
0 -0 0
0 -0 0
0 -0 0
0 -0 0
0 -0 0
0 -0 0
0 -0 0
-0 -0 0
-0 -0 0
-0 -0 0
-0 -0 0
-0 -0 0
-0 -0 0
-0 -0 0
-0 -0 0
-0 -0 0
-0 -0 0
-0 -0 0
-0 -0 0
-0 -0 0
-0 -0 0
-0 -0 0
-0 -0 0
-0 -0 0
-0 -0 0
-0 -0 0
-0 -0 0
-0 -0 0
-0 -0 0
-0 -0 0
-0 -0 0
-0 -0 0
-0 -0 0
-0 -0 0
-0 -0 0
-0 -0 0
-0 -0 0
-0 -0 0
-0 -0 0
-0 -0 0
-0 -0 0
-0 -0 0
-0 -0 0
-0 -0 0
-0.14553112 -0.035701837 0.38200003
-0.14209636 -0.035678472 0.38175002
-0.13857508 -0.035631742 0.38125002
-0.13532861 -0.035655104 0.38150001
-0.13216425 -0.035701837 0.38200003
-0.12882254 -0.035701837 0.38200003
-0.12523445 -0.035631742 0.38125002
-0.1218993 -0.035631742 0.38125002
-0.11887512 -0.035725199 0.38225001
-0.11553123 -0.035725199 0.38225001
-0.11204057 -0.035678472 0.38175002
-0.10870105 -0.035678472 0.38175002
-0.10543053 -0.035701837 0.38200003
-0.10202198 -0.035678472 0.38175002
-0.098488584 -0.035608374 0.38100001
-0.09503074 -0.035561647 0.38050002
-0.091581643 -0.035514917 0.38000003
-0.088199355 -0.035491548 0.37975001
-0.081301183 -0.033996183 0.36375001
-0.074790329 -0.032547548 0.34825
-0.071640849 -0.032500818 0.34775001
-0.06864807 -0.032524187 0.34800002
-0.065698035 -0.032570917 0.34850001
-0.06273926 -0.032617643 0.34900001
-0.059814494 -0.032687742 0.34975001
-0.056836031 -0.032734469 0.35025001
-0.053925596 -0.032827932 0.35125002
-0.050997652 -0.032921392 0.35225001
-0.04801821 -0.032991488 0.35300002
-0.045152925 -0.033155043 0.35475001
-0.04279042 -0.033739172 0.36100003
-0.039742194 -0.033832628 0.36200002
-0.036625952 -0.033879358 0.36250001
-0.033454821 -0.033879358 0.36250001
-0.030346347 -0.033949453 0.36325002
-0.027093863 -0.033855997 0.36225003
-0.023875382 -0.033785902 0.36150002
-0.020584077 -0.033575613 0.35925001
-0.01738069 -0.033458788 0.35800001
-0.014248924 -0.033458788 0.35800001
-0.011171501 -0.033622343 0.35975
-0.0081080729 -0.033972822 0.36350003
-0.0049722553 -0.034276567 0.36675003
-0.0017723611 -0.034440123 0.36850002
0.0014581505 -0.034603678 0.37025002
0.0047065937 -0.034673773 0.37100002
0.0079628006 -0.034720503 0.37150002
0.011212664 -0.034720503 0.37150002
0.014462527 -0.034720503 0.37150002
0.017771987 -0.034837328 0.37275001
0.021075107 -0.034907423 0.37350002
0.043275494 -0.06205764 0.66400003
0.049065653 -0.062034279 0.66375005
0.054830767 -0.061987545 0.66325003
0.060632847 -0.061987545 0.66325003
0.066384837 -0.061940815 0.66275001
0.072237 -0.061987545 0.66325003
0.078068495 -0.06201091 0.66350001
0.083841152 -0.061987545 0.66325003
0.089575648 -0.061940815 0.66275001
0.095409334 -0.061964184 0.66300005
0.10124739 -0.061987545 0.66325003
0.10700912 -0.061964184 0.66300005
0.11272393 -0.06191745 0.66250002
0.11851945 -0.06191745 0.66250002
0.12431496 -0.06191745 0.66250002
0.13015957 -0.061940815 0.66275001
0.13605987 -0.061987545 0.66325003
0.14186193 -0.061987545 0.66325003
0.14771967 -0.06201091 0.66350001
0.15363963 -0.06205764 0.66400003
0.15944827 -0.06205764 0.66400003
0.16519469 -0.062034279 0.66375005
0.17042148 -0.06182399 0.66150004
0 -0 0
0 -0 0
0 -0 0
0 -0 0
0 -0 0
0 -0 0
0 -0 0
0 -0 0
0 -0 0
0 -0 0
0 -0 0
0 -0 0
0 -0 0
0 -0 0
0 -0 0
0 -0 0
0 -0 0
0 -0 0
0 -0 0
0 -0 0
0 -0 0
0 -0 0
0 -0 0
0 -0 0
0 -0 0
0 -0 0
0 -0 0
0 -0 0
0 -0 0
0 -0 0
0 -0 0
0 -0 0
0 -0 0
0 -0 0
0 -0 0
0 -0 0
0 -0 0
0 -0 0
0 -0 0
0 -0 0
0 -0 0
0 -0 0
0 -0 0
0 -0 0
0 -0 0
0 -0 0
0 -0 0
0 -0 0
0 -0 0
-0 -0 0
-0 -0 0
-0 -0 0
-0 -0 0
-0 -0 0
-0 -0 0
-0 -0 0
-0 -0 0
-0 -0 0
-0 -0 0
-0 -0 0
-0 -0 0
-0 -0 0
-0 -0 0
-0 -0 0
-0 -0 0
-0 -0 0
-0 -0 0
-0 -0 0
-0 -0 0
-0 -0 0
-0 -0 0
-0 -0 0
-0 -0 0
-0 -0 0
-0 -0 0
-0 -0 0
-0 -0 0
-0 -0 0
-0 -0 0
-0 -0 0
-0 -0 0
-0 -0 0
-0 -0 0
-0 -0 0
-0 -0 0
-0 -0 0
-0.1457216 -0.032405045 0.38250002
-0.14228246 -0.032383867 0.38225001
-0.13884768 -0.032362688 0.38200003
-0.13559465 -0.032383867 0.38225001
-0.13233724 -0.032405045 0.38250002
-0.12899116 -0.032405045 0.38250002
-0.12556294 -0.032383867 0.38225001
-0.12221903 -0.032383867 0.38225001
-0.11903062 -0.032426223 0.38275
-0.11560679 -0.032405045 0.38250002
-0.11226069 -0.032405045 0.38250002
-0.10891461 -0.032405045 0.38250002
-0.10549952 -0.032383867 0.38225001
-0.1020888 -0.032362688 0.38200003
-0.098811708 -0.032383867 0.38225001
-0.095280483 -0.032320324 0.38150001
-0.091762394 -0.03225679 0.38075003
-0.088489674 -0.032277968 0.38100001
-0.082809873 -0.031388417 0.37050003
-0.075380921 -0.029736394 0.35100001
-0.071589351 -0.02943988 0.34750003
-0.068598747 -0.029461058 0.34775001
-0.065556653 -0.029461058 0.34775001
-0.062559493 -0.029482238 0.34800002
-0.059643473 -0.029545778 0.34875003
-0.05671433 -0.029609317 0.34950003
-0.053810451 -0.029694036 0.35050002
-0.050925266 -0.029799934 0.35175002
-0.04801821 -0.029905833 0.35300002
-0.045534767 -0.03030825 0.35775003
-0.04270152 -0.030520046 0.36025003
-0.039659854 -0.030604765 0.36125001
-0.036524918 -0.030625945 0.36150002
-0.033316389 -0.030583587 0.36100003
-0.029970411 -0.030392967 0.35875002
-0.026607705 -0.030138811 0.35575002
-0.023578178 -0.03024471 0.35700002
-0.020483807 -0.030287068 0.35750002
-0.017368553 -0.03030825 0.35775003
-0.014219073 -0.030265888 0.35725001
-0.011086105 -0.03024471 0.35700002
-0.0080132736 -0.030435326 0.35925001
-0.004894299 -0.030583587 0.36100003
-0.0017507176 -0.030837743 0.36400002
0.0014423974 -0.03102836 0.36625001
0.0046780496 -0.031240158 0.36875001
0.007946725 -0.031409595 0.37075001
0.011190027 -0.031409595 0.37075001
0.014462527 -0.031473134 0.37150002
0.017771987 -0.031579033 0.37275001
0.037537389 -0.056359362 0.66525
0.043373253 -0.056380544 0.66550004
0.049176533 -0.056359362 0.66525
0.054954775 -0.056317005 0.66475004
0.060724262 -0.056274641 0.66425002
0.06648501 -0.056232288 0.66375005
0.072400376 -0.056317005 0.66475004
0.078244992 -0.056338184 0.66500002
0.08403077 -0.056317005 0.66475004
0.08984597 -0.056317005 0.66475004
0.095661171 -0.056317005 0.66475004
0.10143821 -0.056295827 0.66450006
0.10717052 -0.056253467 0.66400003
0.11293662 -0.056232288 0.66375005
0.11874308 -0.056232288 0.66375005
0.12450261 -0.056211103 0.66350001
0.13035598 -0.056232288 0.66375005
0.13631628 -0.056295827 0.66450006
0.14218277 -0.056317005 0.66475004
0.14799798 -0.056317005 0.66475004
0.15381317 -0.056317005 0.66475004
0.15956834 -0.056295827 0.66450006
0.16531913 -0.056274641 0.66425002
0.17106555 -0.056253467 0.66400003
0 -0 0
0 -0 0
0 -0 0
0 -0 0
0 -0 0
0 -0 0
0 -0 0
0 -0 0
0 -0 0
0 -0 0
0 -0 0
0 -0 0
0 -0 0
0 -0 0
0 -0 0
0 -0 0
0 -0 0
0 -0 0
0 -0 0
0 -0 0
0 -0 0
0 -0 0
0 -0 0
0 -0 0
0 -0 0
0 -0 0
0 -0 0
0 -0 0
0 -0 0
0 -0 0
0 -0 0
0 -0 0
0 -0 0
0 -0 0
0 -0 0
0 -0 0
0 -0 0
0 -0 0
0 -0 0
0 -0 0
0 -0 0
0 -0 0
0 -0 0
0 -0 0
0 -0 0
0 -0 0
0 -0 0
0 -0 0
0 -0 0
-0 -0 0
-0 -0 0
-0 -0 0
-0 -0 0
-0 -0 0
-0 -0 0
-0 -0 0
-0 -0 0
-0 -0 0
-0 -0 0
-0 -0 0
-0 -0 0
-0 -0 0
-0 -0 0
-0 -0 0
-0 -0 0
-0 -0 0
-0 -0 0
-0 -0 0
-0 -0 0
-0 -0 0
-0 -0 0
-0 -0 0
-0 -0 0
-0 -0 0
-0 -0 0
-0 -0 0
-0 -0 0
-0 -0 0
-0 -0 0
-0 -0 0
-0 -0 0
-0 -0 0
-0 -0 0
-0 -0 0
-0 -0 0
-0.14955485 -0.029156497 0.38375002
-0.14591208 -0.029099513 0.38300002
-0.14256163 -0.029099513 0.38300002
-0.13921116 -0.029099513 0.38300002
-0.1358607 -0.029099513 0.38300002
-0.13242373 -0.029080518 0.38275
-0.12907545 -0.029080518 0.38275
-0.12589142 -0.02911851 0.38325003
-0.12253878 -0.02911851 0.38325003
-0.11926386 -0.029137501 0.38350001
-0.11590903 -0.029137501 0.38350001
-0.11262756 -0.029156497 0.38375002
-0.10919935 -0.029137501 0.38350001
-0.10536152 -0.029004542 0.38175002
-0.1020888 -0.029023537 0.38200003
-0.099005587 -0.029099513 0.38300002
-0.095655113 -0.029099513 0.38300002
-0.092123896 -0.029042531 0.38225001
-0.088663869 -0.029004542 0.38175002
-0.083927408 -0.028529681 0.37550002
-0.07709901 -0.027276047 0.35900003
-0.071640849 -0.026421294 0.34775001
-0.068401486 -0.026345318 0.34675002
-0.065368138 -0.026345318 0.34675002
-0.062424667 -0.026383305 0.34725001
-0.059472449 -0.026421294 0.34775001
-0.056552056 -0.026478278 0.34850001
-0.053695306 -0.02657325 0.34975001
-0.050816681 -0.026668223 0.35100001
-0.048086222 -0.026858168 0.35350001
-0.045662049 -0.027257051 0.35875002
-0.042642251 -0.027333029 0.35975
-0.039577514 -0.027390013 0.36050001
-0.036423877 -0.027390013 0.36050001
-0.033201024 -0.027333029 0.35975
-0.029678019 -0.026991129 0.35525003
-0.02655161 -0.026972134 0.35500002
-0.023512132 -0.027048111 0.35600001
-0.020469483 -0.027143084 0.35725001
-0.017356416 -0.027162079 0.35750002
-0.014199172 -0.027105095 0.35675001
-0.011070578 -0.027086101 0.35650003
-0.0079798158 -0.027181074 0.35775003
-0.0048705731 -0.02729504 0.35925001
-0.001731479 -0.027352024 0.36000001
0.0014187676 -0.027371019 0.36025003
0.0045797317 -0.027428003 0.36100003
0.0078288373 -0.027750907 0.36525002
0.011129662 -0.028016828 0.36875001
0.014423598 -0.028149791 0.37050003
0.017724311 -0.028244764 0.37175003
0.037622027 -0.050658226 0.66675001
0.043454718 -0.050658226 0.66675001
0.049305901 -0.050677225 0.66700006
0.055099446 -0.050639231 0.66650003
0.060884245 -0.05060124 0.66600001
0.066635251 -0.050544258 0.66525
0.072536513 -0.05060124 0.66600001
0.078421481 -0.050639231 0.66650003
0.084188782 -0.05060124 0.66600001
0.090014912 -0.05060124 0.66600001
0.095805071 -0.050582249 0.66575003
0.1015527 -0.050544258 0.66525
0.10737227 -0.050544258 0.66525
0.11314931 -0.050525267 0.66500002
0.11896669 -0.050525267 0.66500002
0.12473717 -0.050506271 0.66475004
0.13050328 -0.05048728 0.66450006
0.13641885 -0.050525267 0.66500002
0.14234319 -0.050563257 0.66550004
0.14810929 -0.050544258 0.66525
0.15387101 -0.050525267 0.66500002
0.1596884 -0.050525267 0.66500002
0.16544357 -0.050506271 0.66475004
0.17132318 -0.050525267 0.66500002
0.17727375 -0.050563257 0.66550004
0 -0 0
0 -0 0
0 -0 0
0 -0 0
0 -0 0
0 -0 0
0 -0 0
0 -0 0
0 -0 0
0 -0 0
0 -0 0
0 -0 0
0 -0 0
0 -0 0
0 -0 0
0 -0 0
0 -0 0
0 -0 0
0 -0 0
0 -0 0
0 -0 0
0 -0 0
0 -0 0
0 -0 0
0 -0 0
0 -0 0
0 -0 0
0 -0 0
0 -0 0
0 -0 0
0 -0 0
0 -0 0
0 -0 0
0 -0 0
0 -0 0
0 -0 0
0 -0 0
0 -0 0
0 -0 0
0 -0 0
0 -0 0
0 -0 0
0 -0 0
0 -0 0
0 -0 0
0 -0 0
0 -0 0
0 -0 0
-0 -0 0
-0 -0 0
-0 -0 0
-0 -0 0
-0 -0 0
-0 -0 0
-0 -0 0
-0 -0 0
-0 -0 0
-0 -0 0
-0 -0 0
-0 -0 0
-0 -0 0
-0 -0 0
-0 -0 0
-0 -0 0
-0 -0 0
-0 -0 0
-0 -0 0
-0 -0 0
-0 -0 0
-0 -0 0
-0 -0 0
-0 -0 0
-0 -0 0
-0 -0 0
-0 -0 0
-0 -0 0
-0 -0 0
-0 -0 0
-0 -0 0
-0 -0 0
-0 -0 0
-0 -0 0
-0 -0 0
-0 -0 0
-0.15013944 -0.025902906 0.38525003
-0.14619781 -0.02580205 0.38375002
-0.14265469 -0.025768433 0.38325003
-0.13948376 -0.02580205 0.38375002
-0.13612674 -0.02580205 0.38375002
-0.13259673 -0.025768433 0.38325003
-0.12924407 -0.025768433 0.38325003
-0.12605566 -0.02580205 0.38375002
-0.12269864 -0.02580205 0.38375002
-0.11941935 -0.025818858 0.384
-0.11606015 -0.025818858 0.384
-0.11270092 -0.025818858 0.384
-0.10934172 -0.025818858 0.384
-0.10563751 -0.025734812 0.38275
-0.10228923 -0.025734812 0.38275
-0.099134833 -0.025785241 0.38350001
-0.095779993 -0.025785241 0.38350001
-0.092304654 -0.025751622 0.38300002
-0.088838063 -0.025718005 0.38250002
-0.08487732 -0.025533104 0.37975001
-0.078763403 -0.024659028 0.36675003
-0.072464898 -0.023650479 0.35175002
-0.068302855 -0.023280678 0.34625003
-0.065179616 -0.023247058 0.34575
-0.0622449 -0.023280678 0.34625003
-0.059301432 -0.023314295 0.34675002
-0.056430351 -0.023381531 0.34775001
-0.053580161 -0.023465578 0.34900001
-0.050708096 -0.023549624 0.35025001
-0.048324276 -0.023885807 0.35525003
-0.045630228 -0.024104325 0.3585
-0.042582985 -0.024154752 0.35925001
-0.039495174 -0.024188371 0.35975
-0.036322843 -0.024171563 0.35950002
-0.032947231 -0.02400347 0.35700002
-0.029552706 -0.023784952 0.35375002
-0.026458118 -0.023784952 0.35375002
-0.023413066 -0.02383538 0.35450003
-0.020369213 -0.023902616 0.35550001
-0.017283592 -0.023936234 0.35600001
-0.014169321 -0.023936234 0.35600001
-0.011062815 -0.023953043 0.35625002
-0.0079686623 -0.024020279 0.35725001
-0.0048570153 -0.024087517 0.35825002
-0.0017254669 -0.024121135 0.35875002
0.0014158139 -0.024171563 0.35950002
0.0045638732 -0.024188371 0.35975
0.0077109486 -0.024188371 0.35975
0.010925933 -0.024339654 0.36200002
0.01419975 -0.024524555 0.36475003
0.031896606 -0.044981293 0.66900003
0.03772077 -0.044947673 0.66850001
0.043568775 -0.044947673 0.66850001
0.049416777 -0.044947673 0.66850001
0.055244118 -0.044930868 0.66825002
0.061044231 -0.044897251 0.66775006
0.066785507 -0.044830009 0.66675001
0.072618201 -0.044830009 0.66675001
0.078509726 -0.04486363 0.66725004
0.084315196 -0.044846822 0.66700006
0.090116285 -0.044830009 0.66675001
0.095913008 -0.044813201 0.66650003
0.10178167 -0.044830009 0.66675001
0.10765473 -0.044846822 0.66700006
0.11331945 -0.044779584 0.66600001
0.11910087 -0.044762775 0.66575003
0.12501864 -0.044796396 0.66625005
0.13084696 -0.044796396 0.66625005
0.13672657 -0.044813201 0.66650003
0.14255707 -0.044813201 0.66650003
0.14827627 -0.044779584 0.66600001
0.15398671 -0.044745967 0.66550004
0.15980847 -0.044745967 0.66550004
0.16556801 -0.044729155 0.66525
0.17138758 -0.044729155 0.66525
0.17734034 -0.044762775 0.66575003
0.18330187 -0.044796396 0.66625005
0.18913017 -0.044796396 0.66625005
0 -0 0
0 -0 0
0 -0 0
0 -0 0
0 -0 0
0 -0 0
0 -0 0
0 -0 0
0 -0 0
0 -0 0
0 -0 0
0 -0 0
0 -0 0
0 -0 0
0 -0 0
0 -0 0
0 -0 0
0 -0 0
0 -0 0
0 -0 0
0 -0 0
0 -0 0
0 -0 0
0 -0 0
0 -0 0
0 -0 0
0 -0 0
0 -0 0
0 -0 0
0 -0 0
0 -0 0
0 -0 0
0 -0 0
0 -0 0
0 -0 0
0 -0 0
0 -0 0
0 -0 0
0 -0 0
0 -0 0
0 -0 0
0 -0 0
0 -0 0
0 -0 0
0 -0 0
0 -0 0
-0 -0 0
-0 -0 0
-0 -0 0
-0 -0 0
-0 -0 0
-0 -0 0
-0 -0 0
-0 -0 0
-0 -0 0
-0 -0 0
-0 -0 0
-0 -0 0
-0 -0 0
-0 -0 0
-0 -0 0
-0 -0 0
-0 -0 0
-0 -0 0
-0 -0 0
-0 -0 0
-0 -0 0
-0 -0 0
-0 -0 0
-0 -0 0
-0 -0 0
-0 -0 0
-0 -0 0
-0 -0 0
-0 -0 0
-0 -0 0
-0 -0 0
-0 -0 0
-0 -0 0
-0 -0 0
-0 -0 0
-0 -0 0
-0.15043171 -0.022579217 0.38600001
-0.14657879 -0.022506097 0.38475001
-0.14293385 -0.022462226 0.384
-0.13975638 -0.022491476 0.38450003
-0.13630411 -0.02247685 0.38425002
-0.13285621 -0.022462226 0.384
-0.1294127 -0.022447603 0.38375002
-0.1262199 -0.02247685 0.38425002
-0.12293845 -0.022491476 0.38450003
-0.1194971 -0.02247685 0.38425002
-0.11606015 -0.022462226 0.384
-0.11270092 -0.022462226 0.384
-0.10927054 -0.022447603 0.38375002
-0.10584451 -0.022432979 0.38350001
-0.10248967 -0.022432979 0.38350001
-0.099134833 -0.022432979 0.38350001
-0.095717557 -0.022418356 0.38325003
-0.092364907 -0.022418356 0.38325003
-0.088954188 -0.022403732 0.38300002
-0.085380219 -0.022345237 0.38200003
-0.080427788 -0.021906519 0.37450001
-0.073958494 -0.020999843 0.35900003
-0.068993278 -0.02045876 0.34975001
-0.065132491 -0.020210154 0.34550002
-0.062110074 -0.020210154 0.34550002
-0.059173167 -0.020239402 0.34600002
-0.056268081 -0.020283274 0.34675002
-0.053388257 -0.020341769 0.34775001
-0.05078049 -0.020517256 0.35075003
-0.048494313 -0.020853605 0.35650003
-0.045534767 -0.020926723 0.35775003
-0.042464454 -0.020955971 0.35825002
-0.039357945 -0.020970594 0.3585
-0.036171287 -0.020941347 0.35800001
-0.032647293 -0.020692741 0.35375002
-0.029469164 -0.020634245 0.35275
-0.026383324 -0.020634245 0.35275
-0.023313997 -0.020648871 0.35300002
-0.020283265 -0.020707365 0.354
-0.017222906 -0.020751236 0.35475001
-0.01412952 -0.020765861 0.35500002
-0.011039524 -0.020795109 0.35550001
-0.0079463571 -0.02083898 0.35625002
-0.0048400685 -0.020882852 0.35700002
-0.0017206573 -0.020926723 0.35775003
0.0014128602 -0.020985218 0.35875002
0.0045543588 -0.020999843 0.35900003
0.0076948735 -0.020999843 0.35900003
0.010850478 -0.021029091 0.35950002
0.014034295 -0.021087585 0.36050001
0.031932365 -0.039177284 0.66975003
0.037791304 -0.039177284 0.66975003
0.043650243 -0.039177284 0.66975003
0.049490705 -0.039162658 0.66950005
0.055306122 -0.039133411 0.66900003
0.061112788 -0.039104164 0.66850001
0.066960789 -0.039104164 0.66850001
0.07278157 -0.039089538 0.66825002
0.078597978 -0.039074916 0.66800004
0.084441602 -0.039074916 0.66800004
0.090251446 -0.039060295 0.66775006
0.096092887 -0.039060295 0.66775006
0.1019725 -0.039074916 0.66800004
0.10777578 -0.039060295 0.66775006
0.11348961 -0.039016422 0.66700006
0.11927976 -0.039001796 0.66675001
0.12525319 -0.039045665 0.66750002
0.13104336 -0.039031044 0.66725004
0.13672657 -0.038987171 0.66650003
0.14266403 -0.039016422 0.66700006
0.14838758 -0.038987171 0.66650003
0.15416025 -0.038972549 0.66625005
0.1600486 -0.038987171 0.66650003
0.16563024 -0.038928676 0.66550004
0.17138758 -0.038914051 0.66525
0.17727375 -0.038928676 0.66550004
0.18337063 -0.038987171 0.66650003
0.18920115 -0.038987171 0.66650003
0.19517797 -0.039016422 0.66700006
0 -0 0
0 -0 0
0 -0 0
0 -0 0
0 -0 0
0 -0 0
0 -0 0
0 -0 0
0 -0 0
0 -0 0
0 -0 0
0 -0 0
0 -0 0
0 -0 0
0 -0 0
0 -0 0
0 -0 0
0 -0 0
0 -0 0
0 -0 0
0 -0 0
0 -0 0
0 -0 0
0 -0 0
0 -0 0
0 -0 0
0 -0 0
0 -0 0
0 -0 0
0 -0 0
0 -0 0
0 -0 0
0 -0 0
0 -0 0
0 -0 0
0 -0 0
0 -0 0
0 -0 0
0 -0 0
0 -0 0
0 -0 0
0 -0 0
0 -0 0
0 -0 0
0 -0 0
-0 -0 0
-0 -0 0
-0 -0 0
-0 -0 0
-0 -0 0
-0 -0 0
-0 -0 0
-0 -0 0
-0 -0 0
-0 -0 0
-0 -0 0
-0 -0 0
-0 -0 0
-0 -0 0
-0 -0 0
-0 -0 0
-0 -0 0
-0 -0 0
-0 -0 0
-0 -0 0
-0 -0 0
-0 -0 0
-0 -0 0
-0 -0 0
-0 -0 0
-0 -0 0
-0 -0 0
-0 -0 0
-0 -0 0
-0 -0 0
-0 -0 0
-0 -0 0
-0 -0 0
-0 -0 0
-0 -0 0
-0.15291187 -0.019093158 0.38375002
-0.15023686 -0.019180227 0.38550001
-0.14676929 -0.01916779 0.38525003
-0.14330608 -0.01915535 0.38500002
-0.13993812 -0.01915535 0.38500002
-0.13657016 -0.01915535 0.38500002
-0.13311569 -0.019142911 0.38475001
-0.1295813 -0.019118035 0.38425002
-0.1262199 -0.019118035 0.38425002
-0.12301838 -0.019142911 0.38475001
-0.11957485 -0.019130474 0.38450003
-0.11621127 -0.019130474 0.38450003
-0.11299442 -0.01915535 0.38500002
-0.10941291 -0.019118035 0.38425002
-0.10598251 -0.019105595 0.384
-0.10269011 -0.019118035 0.38425002
-0.099199466 -0.019093158 0.38375002
-0.095842436 -0.019093158 0.38375002
-0.092605904 -0.019118035 0.38425002
-0.089302577 -0.019130474 0.38450003
-0.085771352 -0.019093158 0.38375002
-0.081877425 -0.018968772 0.38125002
-0.075658098 -0.018272214 0.36725003
-0.070324816 -0.017737357 0.35650003
-0.065556653 -0.017302008 0.34775001
-0.062065128 -0.017177623 0.34525001
-0.059002146 -0.017165184 0.34500003
-0.056105804 -0.017202498 0.34575
-0.053273112 -0.017264692 0.347
-0.051070038 -0.017550778 0.35275
-0.048324276 -0.017675165 0.35525003
-0.045343846 -0.017724918 0.35625002
-0.042316288 -0.017762234 0.35700002
-0.039165821 -0.017749796 0.35675001
-0.035842914 -0.017650286 0.35475001
-0.032485787 -0.017513463 0.35200003
-0.029364737 -0.017488586 0.3515
-0.026327232 -0.017513463 0.35200003
-0.023280974 -0.017538341 0.35250002
-0.020240294 -0.017575657 0.35325003
-0.017186493 -0.017612971 0.354
-0.014099669 -0.01762541 0.35425001
-0.011016234 -0.017650286 0.35475001
-0.0079296278 -0.017687602 0.35550001
-0.0048299003 -0.017724918 0.35625002
-0.00171705 -0.017762234 0.35700002
0.0014099064 -0.017811988 0.35800001
0.0045448444 -0.017824426 0.35825002
0.0076787975 -0.017824426 0.35825002
0.010835387 -0.017861743 0.35900003
0.026141552 -0.033409916 0.67150003
0.031956207 -0.033347726 0.67025006
0.0377772 -0.03331041 0.66950005
0.043666534 -0.033335283 0.67000002
0.049509183 -0.033322845 0.66975003
0.055326786 -0.033297967 0.66925001
0.061181352 -0.033297967 0.66925001
0.067136087 -0.033347726 0.67025006
0.072999403 -0.033347726 0.67025006
0.078715637 -0.033285532 0.66900003
0.084568009 -0.033285532 0.66900003
0.090454176 -0.033297967 0.66925001
0.096344724 -0.03331041 0.66950005
0.10216331 -0.033297967 0.66925001
0.10793718 -0.033273093 0.66875005
0.11378737 -0.033273093 0.66875005
0.11945867 -0.033223338 0.66775006
0.12539393 -0.033248216 0.66825002
0.13114156 -0.033223338 0.66775006
0.13667528 -0.033148706 0.66625005
0.14277096 -0.0332109 0.66750002
0.14844324 -0.033173583 0.66675001
0.15427594 -0.033173583 0.66675001
0.1602287 -0.033198461 0.66725004
0.1658169 -0.033148706 0.66625005
0.17158081 -0.033136267 0.66600001
0 -0 0
0 -0 0
0.19005276 -0.03331041 0.66950005
0.19569007 -0.033273093 0.66875005
0.20161557 -0.033285532 0.66900003
0.20715785 -0.033235777 0.66800004
0 -0 0
0 -0 0
0 -0 0
0 -0 0
0 -0 0
0 -0 0
0 -0 0
0 -0 0
0 -0 0
0 -0 0
0 -0 0
0 -0 0
0 -0 0
0 -0 0
0 -0 0
0 -0 0
0 -0 0
0 -0 0
0 -0 0
0 -0 0
0 -0 0
0 -0 0
0 -0 0
0 -0 0
0 -0 0
0 -0 0
0 -0 0
0 -0 0
0 -0 0
0 -0 0
0 -0 0
0 -0 0
0 -0 0
0 -0 0
0 -0 0
0 -0 0
0 -0 0
0 -0 0
0 -0 0
0 -0 0
0 -0 0
0 -0 0
0 -0 0
-0 -0 0
-0 -0 0
-0 -0 0
-0 -0 0
-0 -0 0
-0 -0 0
-0 -0 0
-0 -0 0
-0 -0 0
-0 -0 0
-0 -0 0
-0 -0 0
-0 -0 0
-0 -0 0
-0 -0 0
-0 -0 0
-0 -0 0
-0 -0 0
-0 -0 0
-0 -0 0
-0 -0 0
-0 -0 0
-0 -0 0
-0 -0 0
-0 -0 0
-0 -0 0
-0 -0 0
-0 -0 0
-0 -0 0
-0 -0 0
-0 -0 0
-0 -0 0
-0 -0 0
-0 -0 0
-0 -0 0
-0.15291187 -0.015738711 0.38375002
-0.14984713 -0.01576947 0.38450003
-0.14686452 -0.015810482 0.38550001
-0.14339913 -0.01580023 0.38525003
-0.14011985 -0.015810482 0.38550001
-0.1368362 -0.015820736 0.38575003
-0.13346167 -0.015820736 0.38575003
-0.13000284 -0.015810482 0.38550001
-0.12654839 -0.01580023 0.38525003
-0.12309831 -0.015789976 0.38500002
-0.11980809 -0.01580023 0.38525003
-0.11643795 -0.01580023 0.38525003
-0.11321454 -0.015820736 0.38575003
-0.10976884 -0.015810482 0.38550001
-0.10639651 -0.015810482 0.38550001
-0.10289054 -0.015789976 0.38500002
-0.099264085 -0.015748963 0.384
-0.095967308 -0.015759217 0.38425002
-0.092726409 -0.015779722 0.38475001
-0.089476764 -0.01580023 0.38525003
-0.086050741 -0.015789976 0.38500002
-0.082468018 -0.015748963 0.384
-0.077306196 -0.0153901 0.37525001
-0.071754985 -0.014918451 0.36375001
-0.066687755 -0.014508323 0.35375002
-0.062469613 -0.014251992 0.34750003
-0.059002146 -0.01414946 0.34500003
-0.056024671 -0.014159713 0.34525001
-0.053349879 -0.014251992 0.34750003
-0.051214818 -0.014508323 0.35375002
-0.048188247 -0.014528829 0.35425001
-0.045152925 -0.014549335 0.35475001
-0.042138487 -0.014580095 0.35550001
-0.039056037 -0.014590349 0.35575002
-0.035565063 -0.01443655 0.35200003
-0.032301206 -0.014354524 0.35000002
-0.029281197 -0.014375031 0.35050002
-0.026252437 -0.014395537 0.35100001
-0.023231441 -0.014426297 0.35175002
-0.020182995 -0.014446803 0.35225001
-0.017113669 -0.014457056 0.35250002
-0.014059868 -0.014487817 0.35325003
-0.010992943 -0.014518575 0.354
-0.0079128984 -0.014549335 0.35475001
-0.0048231212 -0.014590349 0.35575002
-0.0017146452 -0.014621109 0.35650003
0.0014059682 -0.014641615 0.35700002
0.0045321579 -0.014651868 0.35725001
0.0076895147 -0.014713387 0.35875002
0.01101648 -0.014969718 0.36500001
0.026180482 -0.027581193 0.67250001
0.03205156 -0.027570939 0.67225003
0.037833624 -0.027499167 0.67050004
0.043682832 -0.027488915 0.67025006
0.049564626 -0.027499167 0.67050004
0.055430125 -0.027499167 0.67050004
0.061295625 -0.027499167 0.67050004
0.067211203 -0.027519673 0.671
0.073162764 -0.027550433 0.67175001
0.078833297 -0.02747866 0.67000002
0.084662817 -0.027468408 0.66975003
0.090555541 -0.02747866 0.67000002
0.096524604 -0.027509419 0.67075002
0.10235413 -0.027499167 0.67050004
0.10809857 -0.027468408 0.66975003
0.11395752 -0.027468408 0.66975003
0.11981646 -0.027468408 0.66975003
0.12581614 -0.027499167 0.67050004
0 -0 0
0.13708556 -0.027406888 0.66825002
0.14293139 -0.027406888 0.66825002
0 -0 0
0 -0 0
0 -0 0
0 -0 0
0 -0 0
0 -0 0
0 -0 0
0 -0 0
0.19590953 -0.027458156 0.66950005
0.20176627 -0.027458156 0.66950005
0.20715785 -0.027396634 0.66800004
0.21260288 -0.027345369 0.66675001
0 -0 0
0 -0 0
0 -0 0
0 -0 0
0 -0 0
0 -0 0
0 -0 0
0 -0 0
0 -0 0
0 -0 0
0 -0 0
0 -0 0
0 -0 0
0 -0 0
0 -0 0
0 -0 0
0 -0 0
0 -0 0
0 -0 0
0 -0 0
0 -0 0
0 -0 0
0 -0 0
0 -0 0
0 -0 0
0 -0 0
0 -0 0
0 -0 0
0 -0 0
0 -0 0
0 -0 0
0 -0 0
0 -0 0
0 -0 0
0 -0 0
0 -0 0
0 -0 0
0 -0 0
0 -0 0
0 -0 0
0 -0 0
0 -0 0
-0 -0 0
-0 -0 0
-0 -0 0
-0 -0 0
-0 -0 0
-0 -0 0
-0 -0 0
-0 -0 0
-0 -0 0
-0 -0 0
-0 -0 0
-0 -0 0
-0 -0 0
-0 -0 0
-0 -0 0
-0 -0 0
-0 -0 0
-0 -0 0
-0 -0 0
-0 -0 0
-0 -0 0
-0 -0 0
-0 -0 0
-0 -0 0
-0 -0 0
-0 -0 0
-0 -0 0
-0 -0 0
-0 -0 0
-0 -0 0
-0 -0 0
-0 -0 0
-0 -0 0
-0 -0 0
-0 -0 0
-0 -0 0
-0 -0 0
-0.147055 -0.012456874 0.38600001
-0.14349219 -0.012440738 0.38550001
-0.14011985 -0.012440738 0.38550001
-0.13674751 -0.012440738 0.38550001
-0.13354817 -0.012456874 0.38600001
-0.13042438 -0.012481079 0.38675001
-0.126959 -0.01247301 0.38650003
-0.12341804 -0.012456874 0.38600001
-0.11996359 -0.012448807 0.38575003
-0.11658907 -0.012448807 0.38575003
-0.11328791 -0.012456874 0.38600001
-0.11005358 -0.01247301 0.38650003
-0.1066035 -0.012464942 0.38625002
-0.10309098 -0.012448807 0.38575003
-0.099522591 -0.012424603 0.38500002
-0.096154623 -0.012424603 0.38500002
-0.092786662 -0.012424603 0.38500002
-0.089476764 -0.012432671 0.38525003
-0.086106621 -0.012432671 0.38525003
-0.082629085 -0.012416535 0.38475001
-0.07869678 -0.012327788 0.38200003
-0.073185153 -0.011972799 0.37100002
-0.068337269 -0.01169849 0.36250001
-0.063593164 -0.011416113 0.35375002
-0.059386943 -0.011206347 0.34725001
-0.056146376 -0.011166006 0.34600002
-0.053541783 -0.011254754 0.34875003
-0.051033847 -0.011375773 0.35250002
-0.048052218 -0.011399977 0.35325003
-0.044993822 -0.011408044 0.35350001
-0.041960686 -0.01142418 0.354
-0.038699236 -0.011375773 0.35250002
-0.035186172 -0.011238618 0.34825
-0.032162774 -0.011246686 0.34850001
-0.02917677 -0.01127089 0.34925002
-0.026196342 -0.011303161 0.35025001
-0.023165395 -0.011319297 0.35075003
-0.020140022 -0.011343501 0.3515
-0.017065119 -0.011343501 0.3515
-0.014020066 -0.011367705 0.35225001
-0.01096189 -0.011391909 0.35300002
-0.0078961691 -0.01142418 0.354
-0.0048095635 -0.011448384 0.35475001
-0.0017086331 -0.01146452 0.35525003
0.0014030145 -0.011496792 0.35625002
0.0045416728 -0.011553267 0.35800001
0.0079360073 -0.011948596 0.37025002
0.020357851 -0.021767259 0.67450005
0 -0 0
0.032134995 -0.021751123 0.67400002
0.037974689 -0.021718852 0.67300004
0.043796886 -0.02168658 0.67200005
0.049730949 -0.021710785 0.67275006
0.055533461 -0.021678511 0.67175001
0.061318479 -0.021646239 0.67075002
0.067236252 -0.021662377 0.67125005
0.073190004 -0.02168658 0.67200005
0.078950956 -0.021654308 0.671
0.084820822 -0.021654308 0.671
0.090690702 -0.021654308 0.671
0.096524604 -0.021646239 0.67075002
0.10243045 -0.021654308 0.671
0 -0 0
0.11412767 -0.021646239 0.67075002
0.11995063 -0.021638172 0.67050004
0.12586305 -0.021646239 0.67075002
0 -0 0
0 -0 0
0 -0 0
0 -0 0
0 -0 0
0 -0 0
0 -0 0
0 -0 0
0 -0 0
0 -0 0
0 -0 0
0 -0 0
0 -0 0
0 -0 0
0 -0 0
0 -0 0
0 -0 0
0 -0 0
0 -0 0
0 -0 0
0 -0 0
0 -0 0
0 -0 0
0 -0 0
0 -0 0
0 -0 0
0 -0 0
0 -0 0
0 -0 0
0 -0 0
0 -0 0
0 -0 0
0 -0 0
0 -0 0
0 -0 0
0 -0 0
0 -0 0
0 -0 0
0 -0 0
0 -0 0
0 -0 0
0 -0 0
0 -0 0
0 -0 0
0 -0 0
0 -0 0
0 -0 0
0 -0 0
0 -0 0
0 -0 0
0 -0 0
0 -0 0
0 -0 0
0 -0 0
0 -0 0
0 -0 0
0 -0 0
-0 -0 0
-0 -0 0
-0 -0 0
-0 -0 0
-0 -0 0
-0 -0 0
-0 -0 0
-0 -0 0
-0 -0 0
-0 -0 0
-0 -0 0
-0 -0 0
-0 -0 0
-0 -0 0
-0 -0 0
-0 -0 0
-0 -0 0
-0 -0 0
-0 -0 0
-0 -0 0
-0 -0 0
-0 -0 0
-0 -0 0
-0 -0 0
-0 -0 0
-0 -0 0
-0 -0 0
-0 -0 0
-0 -0 0
-0 -0 0
-0 -0 0
-0 -0 0
-0 -0 0
-0 -0 0
-0 -0 0
-0 -0 0
-0 -0 0
-0 -0 0
-0 -0 0
-0 -0 0
-0.13665885 -0.009065113 0.38525003
-0.13337518 -0.0090709953 0.38550001
-0.13050869 -0.0091062915 0.38700002
-0.12712324 -0.0091062915 0.38700002
-0.12349798 -0.0090886429 0.38625002
-0.12011908 -0.0090886429 0.38625002
-0.11674019 -0.0090886429 0.38625002
-0.11350803 -0.0091004083 0.38675001
-0.11012477 -0.0091004083 0.38675001
-0.10667251 -0.0090945261 0.38650003
-0.10322461 -0.0090886429 0.38625002
-0.099781089 -0.0090827607 0.38600001
-0.096404374 -0.0090827607 0.38600001
-0.092907161 -0.0090709953 0.38550001
-0.089476764 -0.009065113 0.38525003
-0.086218372 -0.0090768784 0.38575003
-0.082843848 -0.0090768784 0.38575003
-0.079417825 -0.0090709953 0.38550001
-0.075009845 -0.00894746 0.38025001
-0.070033923 -0.0087415688 0.37150002
-0.065121196 -0.0085239122 0.36225003
-0.060669594 -0.0083474331 0.35475001
-0.056917172 -0.0082533117 0.35075003
-0.053963974 -0.0082709594 0.3515
-0.050961461 -0.0082827248 0.35200003
-0.047950197 -0.0082944902 0.35250002
-0.044898361 -0.0083003724 0.35275
-0.04181252 -0.0083003724 0.35275
-0.038205203 -0.0081886025 0.34800002
-0.035059877 -0.0081650717 0.347
-0.03204741 -0.0081709549 0.34725001
-0.029051458 -0.0081827203 0.34775001
-0.02610285 -0.0082121333 0.34900001
-0.023082839 -0.0082238987 0.34950003
-0.020068401 -0.0082415463 0.35025001
-0.017040845 -0.008259194 0.35100001
-0.013980265 -0.0082650771 0.35125002
-0.010930837 -0.0082827248 0.35200003
-0.0078738639 -0.0083062546 0.35300002
-0.0047960063 -0.0083239032 0.35375002
-0.0017038235 -0.0083356677 0.35425001
0.0014108911 -0.0084297899 0.35825002
0.0047161086 -0.0087474519 0.37175003
0.0081717838 -0.0089709908 0.38125002
0.02037294 -0.015883066 0.67500001
0.02624861 -0.015865417 0.67425001
0.03209924 -0.015841886 0.67325002
0.038017008 -0.015853653 0.67375004
0.043976113 -0.015877184 0.67475003
0.049767908 -0.015841886 0.67325002
0.055595461 -0.01582424 0.67250001
0.061432753 -0.015812475 0.67200005
0.067286335 -0.015806591 0.67175001
0.073190004 -0.015812475 0.67200005
0.079127453 -0.01582424 0.67250001
0.08507365 -0.015836004 0.67300004
0.090792067 -0.015806591 0.67175001
0.096632533 -0.015800709 0.67150003
0.10246862 -0.015794827 0.67125005
0 -0 0
0 -0 0
0 -0 0
0 -0 0
0 -0 0
0 -0 0
0 -0 0
0 -0 0
0 -0 0
0 -0 0
0 -0 0
0 -0 0
0 -0 0
0 -0 0
0 -0 0
0 -0 0
0 -0 0
0 -0 0
0 -0 0
0 -0 0
0 -0 0
0 -0 0
0 -0 0
0 -0 0
0 -0 0
0 -0 0
0 -0 0
0 -0 0
0 -0 0
0 -0 0
0 -0 0
0 -0 0
0 -0 0
0 -0 0
0 -0 0
0 -0 0
0 -0 0
0 -0 0
0 -0 0
0 -0 0
0 -0 0
0 -0 0
0 -0 0
0 -0 0
0 -0 0
0 -0 0
0 -0 0
0 -0 0
0 -0 0
0 -0 0
0 -0 0
0 -0 0
0 -0 0
0 -0 0
0 -0 0
0 -0 0
0 -0 0
0 -0 0
0 -0 0
0 -0 0
0 -0 0
-0 -0 0
-0 -0 0
-0 -0 0
-0 -0 0
-0 -0 0
-0 -0 0
-0 -0 0
-0 -0 0
-0 -0 0
-0 -0 0
-0 -0 0
-0 -0 0
-0 -0 0
-0 -0 0
-0 -0 0
-0 -0 0
-0 -0 0
-0 -0 0
-0 -0 0
-0 -0 0
-0 -0 0
-0 -0 0
-0 -0 0
-0 -0 0
-0 -0 0
-0 -0 0
-0 -0 0
-0 -0 0
-0 -0 0
-0 -0 0
-0 -0 0
-0 -0 0
-0 -0 0
-0 -0 0
-0 -0 0
-0 -0 0
-0 -0 0
-0 -0 0
-0 -0 0
-0 -0 0
-0 -0 0
-0 -0 0
-0.130593 -0.0057271323 0.38725001
-0.12712324 -0.0057234354 0.38700002
-0.12373778 -0.0057234354 0.38700002
-0.12035232 -0.0057234354 0.38700002
-0.11696687 -0.0057234354 0.38700002
-0.11365478 -0.0057271323 0.38725001
-0.11026714 -0.0057271323 0.38725001
-0.1069485 -0.0057308297 0.38750002
-0.10349185 -0.0057271323 0.38725001
-0.09997496 -0.0057197376 0.38675001
-0.096529253 -0.0057160407 0.38650003
-0.093087919 -0.0057123434 0.38625002
-0.089592896 -0.0057049487 0.38575003
-0.086274244 -0.005708646 0.38600001
-0.083004922 -0.0057160407 0.38650003
-0.079572335 -0.0057123434 0.38625002
-0.076144122 -0.005708646 0.38600001
-0.071589179 -0.0056162132 0.37975001
-0.066604294 -0.0054794131 0.37050003
-0.062251538 -0.0053832829 0.36400002
-0.057971939 -0.0052834554 0.35725001
-0.054232646 -0.0052242987 0.35325003
-0.051033847 -0.0052132066 0.35250002
-0.047950197 -0.0052132066 0.35250002
-0.044898361 -0.0052169035 0.35275
-0.04163472 -0.0051947199 0.35125002
-0.038040522 -0.0051244712 0.34650001
-0.034984101 -0.0051207738 0.34625003
-0.031978194 -0.0051244712 0.34650001
-0.028967917 -0.0051281685 0.34675002
-0.026009358 -0.0051429574 0.34775001
-0.023016794 -0.0051540495 0.34850001
-0.019996779 -0.0051614442 0.34900001
-0.016992295 -0.0051762336 0.35000002
-0.013950414 -0.0051836278 0.35050002
-0.010899783 -0.0051910225 0.35100001
-0.0078682872 -0.0052169035 0.35275
-0.0048434576 -0.0052834554 0.35725001
-0.001737491 -0.0053426125 0.36125001
0.0014699653 -0.005520083 0.37325001
0.0048524854 -0.0056568836 0.38250002
0 -0 0
0 -0 0
0 -0 0
0 -0 0
0 -0 0
0 -0 0
0.04980487 -0.0099642491 0.67375004
0.055698805 -0.0099642491 0.67375004
0.06168415 -0.0099790385 0.67475003
0.06756179 -0.0099753411 0.67450005
0 -0 0
0.079598099 -0.01000492 0.67650002
0.08551608 -0.01000492 0.67650002
0 -0 0
0 -0 0
0 -0 0
0 -0 0
0 -0 0
0 -0 0
0 -0 0
0 -0 0
0 -0 0
0 -0 0
0 -0 0
0 -0 0
0 -0 0
0 -0 0
0 -0 0
0 -0 0
0 -0 0
0 -0 0
0 -0 0
0 -0 0
0 -0 0
0 -0 0
0 -0 0
0 -0 0
0 -0 0
0 -0 0
0 -0 0
0 -0 0
0 -0 0
0 -0 0
0 -0 0
0 -0 0
0 -0 0
0 -0 0
0 -0 0
0 -0 0
0 -0 0
0 -0 0
0 -0 0
0 -0 0
0 -0 0
0 -0 0
0 -0 0
0 -0 0
0 -0 0
0 -0 0
0 -0 0
0 -0 0
0 -0 0
0 -0 0
0 -0 0
0 -0 0
0 -0 0
0 -0 0
0 -0 0
0 -0 0
0 -0 0
0 -0 0
0 -0 0
0 -0 0
0 -0 0
0 -0 0
0 -0 0
0 -0 0
-0 -0 0
-0 -0 0
-0 -0 0
-0 -0 0
-0 -0 0
-0 -0 0
-0 -0 0
-0 -0 0
-0 -0 0
-0 -0 0
-0 -0 0
-0 -0 0
-0 -0 0
-0 -0 0
-0 -0 0
-0 -0 0
-0 -0 0
-0 -0 0
-0 -0 0
-0 -0 0
-0 -0 0
-0 -0 0
-0 -0 0
-0 -0 0
-0 -0 0
-0 -0 0
-0 -0 0
-0 -0 0
-0 -0 0
-0 -0 0
-0 -0 0
-0 -0 0
-0 -0 0
-0 -0 0
-0 -0 0
-0 -0 0
-0 -0 0
-0 -0 0
-0 -0 0
-0 -0 0
-0 -0 0
-0 -0 0
-0 -0 0
-0 -0 0
-0.12381771 -0.0023420912 0.38725001
-0.12043006 -0.0023420912 0.38725001
-0.11711799 -0.0023436034 0.38750002
-0.11372815 -0.0023436034 0.38750002
-0.11040951 -0.0023451154 0.38775003
-0.10708649 -0.0023466274 0.38800001
-0.10355867 -0.0023436034 0.38750002
-0.10003959 -0.0023405794 0.38700002
-0.096591689 -0.0023390674 0.38675001
-0.093148172 -0.0023375554 0.38650003
-0.089650951 -0.0023345312 0.38600001
-0.086330123 -0.0023360434 0.38625002
-0.083112299 -0.0023405794 0.38700002
-0.079726845 -0.0023405794 0.38700002
-0.076292068 -0.0023390674 0.38675001
-0.072626024 -0.0023299954 0.38525003
-0.068177268 -0.0022937073 0.37925002
-0.063833475 -0.0022574191 0.37325001
-0.059554104 -0.0022196192 0.36700001
-0.055307318 -0.0021787952 0.36025003
-0.051612958 -0.0021561151 0.35650003
-0.048154235 -0.0021409949 0.354
-0.044962004 -0.0021364591 0.35325003
-0.041723624 -0.0021288991 0.35200003
-0.038232647 -0.0021062188 0.34825
-0.035059877 -0.0020986588 0.347
-0.032024339 -0.0020986588 0.347
-0.028988801 -0.0020986588 0.347
-0.025971962 -0.0021001711 0.34725001
-0.022967258 -0.0021031951 0.34775001
-0.019968132 -0.0021077311 0.34850001
-0.017004432 -0.0021183148 0.35025001
-0.014020066 -0.0021304111 0.35225001
-0.011000708 -0.0021425071 0.35425001
-0.0080411555 -0.0021803069 0.36050001
-0.0049892021 -0.0022256672 0.36800003
-0.0018144457 -0.0022816113 0.37725002
0.0015162402 -0.0023284834 0.38500002
0.0048810295 -0.0023269712 0.38475001
0 -0 0
0 -0 0
0 -0 0
0 -0 0
0 -0 0
0 -0 0
0 -0 0
0 -0 0
0 -0 0
0 -0 0
0 -0 0
0 -0 0
0 -0 0
0 -0 0
0 -0 0
0 -0 0
0 -0 0
0 -0 0
0 -0 0
0 -0 0
0 -0 0
0 -0 0
0 -0 0
0 -0 0
0 -0 0
0 -0 0
0 -0 0
0 -0 0
0 -0 0
0 -0 0
0 -0 0
0 -0 0
0 -0 0
0 -0 0
0 -0 0
0 -0 0
0 -0 0
0 -0 0
0 -0 0
0 -0 0
0 -0 0
0 -0 0
0 -0 0
0 -0 0
0 -0 0
0 -0 0
0 -0 0
0 -0 0
0 -0 0
0 -0 0
0 -0 0
0 -0 0
0 -0 0
0 -0 0
0 -0 0
0 -0 0
0 -0 0
0 -0 0
0 -0 0
0 -0 0
0 -0 0
0 -0 0
0 -0 0
0 -0 0
0 -0 0
0 -0 0
0 -0 0
0 -0 0
0 -0 0
0 -0 0
0 -0 0
0 -0 0
0 -0 0
0 -0 0
0 -0 0
0 -0 0
0 -0 0
-0 0 0
-0 0 0
-0 0 0
-0 0 0
-0 0 0
-0 0 0
-0 0 0
-0 0 0
-0 0 0
-0 0 0
-0 0 0
-0 0 0
-0 0 0
-0 0 0
-0 0 0
-0 0 0
-0 0 0
-0 0 0
-0 0 0
-0 0 0
-0 0 0
-0 0 0
-0 0 0
-0 0 0
-0 0 0
-0 0 0
-0 0 0
-0 0 0
-0 0 0
-0 0 0
-0 0 0
-0 0 0
-0 0 0
-0 0 0
-0 0 0
-0 0 0
-0 0 0
-0 0 0
-0 0 0
-0 0 0
-0 0 0
-0 0 0
-0 0 0
-0 0 0
-0 0 0
-0 0 0
-0.11719355 0.0010442963 0.38775003
-0.11424176 0.0010483362 0.38925001
-0.11055189 0.0010456429 0.38825002
-0.10722449 0.0010463162 0.38850001
-0.10362548 0.0010442963 0.38775003
-0.099910341 0.0010409298 0.38650003
-0.096591689 0.001041603 0.38675001
-0.093328916 0.0010429496 0.38725001
-0.089825146 0.001041603 0.38675001
-0.086553633 0.0010429496 0.38725001
-0.083219677 0.001043623 0.38750002
-0.079881355 0.0010442963 0.38775003
-0.076440014 0.001043623 0.38750002
-0.073003054 0.0010429496 0.38725001
-0.069210932 0.00103689 0.38500002
-0.064859606 0.0010214039 0.37925002
-0.060973987 0.0010119777 0.37575001
-0.057111233 0.0010018781 0.37200001
-0.052843556 0.00098302553 0.36500001
-0.049276479 0.00097561919 0.36225003
-0.045821149 0.00096955942 0.36000001
-0.042405188 0.00096349971 0.35775003
-0.039083481 0.00095878652 0.35600001
-0.035792395 0.00095407339 0.35425001
-0.032647293 0.00095272681 0.35375002
-0.029552706 0.00095272681 0.35375002
-0.026458118 0.00095272681 0.35375002
-0.023462599 0.00095676666 0.35525003
-0.020440834 0.00096080644 0.35675001
-0.017465651 0.00096888607 0.35975
-0.01438823 0.00097359926 0.36150002
-0.011381113 0.00098706537 0.36650002
-0.0083255516 0.0010052446 0.37325001
-0.0051790089 0.0010288103 0.38200003
-0.0018505182 0.0010362166 0.38475001
0.001519194 0.0010389099 0.38575003
0.0048968871 0.0010395831 0.38600001
0 0 0
0 0 0
0 0 0
0 0 0
0 0 0
0 0 0
0 0 0
0 0 0
0 0 0
0 0 0
0 0 0
0 0 0
0 0 0
0 0 0
0 0 0
0 0 0
0 0 0
0 0 0
0 0 0
0 0 0
0 0 0
0 0 0
0 0 0
0 0 0
0 0 0
0 0 0
0 0 0
0 0 0
0 0 0
0 0 0
0 0 0
0 0 0
0 0 0
0 0 0
0 0 0
0 0 0
0 0 0
0 0 0
0 0 0
0 0 0
0 0 0
0 0 0
0 0 0
0 0 0
0 0 0
0 0 0
0 0 0
0 0 0
0 0 0
0 0 0
0 0 0
0 0 0
0 0 0
0 0 0
0 0 0
0 0 0
0 0 0
0 0 0
0 0 0
0 0 0
0 0 0
0 0 0
0 0 0
0 0 0
0 0 0
0 0 0
0 0 0
0 0 0
0 0 0
0 0 0
0 0 0
0 0 0
0 0 0
0 0 0
0 0 0
0 0 0
0 0 0
-0 0 0
-0 0 0
-0 0 0
-0 0 0
-0 0 0
-0 0 0
-0 0 0
-0 0 0
-0 0 0
-0 0 0
-0 0 0
-0 0 0
-0 0 0
-0 0 0
-0 0 0
-0 0 0
-0 0 0
-0 0 0
-0 0 0
-0 0 0
-0 0 0
-0 0 0
-0 0 0
-0 0 0
-0 0 0
-0 0 0
-0 0 0
-0 0 0
-0 0 0
-0 0 0
-0 0 0
-0 0 0
-0 0 0
-0 0 0
-0 0 0
-0 0 0
-0 0 0
-0 0 0
-0 0 0
-0 0 0
-0 0 0
-0 0 0
-0 0 0
-0 0 0
-0 0 0
-0 0 0
-0 0 0
-0 0 0
-0 0 0
-0.10743149 0.0044508595 0.38925001
-0.10389272 0.0044451421 0.38875002
-0.10010421 0.0044279904 0.38725001
-0.096903875 0.0044365665 0.38800001
-0.093569927 0.0044394252 0.38825002
-0.090231597 0.0044422834 0.38850001
-0.086833015 0.0044422834 0.38850001
-0.08343444 0.0044422834 0.38850001
-0.080035858 0.0044422834 0.38850001
-0.076587968 0.0044394252 0.38825002
-0.073097318 0.0044337078 0.38775003
-0.069525525 0.004422273 0.38675001
-0.066013992 0.0044136974 0.38600001
-0.06206933 0.0043736771 0.38250002
-0.05830105 0.0043422319 0.37975001
-0.05429133 0.0042879186 0.37500003
-0.050500736 0.0042450391 0.37125
-0.046966679 0.0042193118 0.36900002
-0.043412715 0.004187867 0.36625001
-0.040016655 0.0041678566 0.36450002
-0.03667647 0.0041507049 0.36300001
-0.033547111 0.0041564223 0.36350003
-0.030283691 0.004144988 0.36250001
-0.027243447 0.004164998 0.36425
-0.024156075 0.0041821497 0.36575001
-0.02108543 0.0042078774 0.36800003
-0.018036108 0.0042478978 0.37150002
-0.0149554 0.0042964942 0.37575001
-0.011761519 0.0043307976 0.37875003
-0.0085597606 0.0043879701 0.38375002
-0.0052298498 0.0044108392 0.38575003
-0.0018517206 0.0044022631 0.38500002
0.0015162402 0.0044022631 0.38500002
0 0 0
0 0 0
0 0 0
0 0 0
0 0 0
0 0 0
0 0 0
0 0 0
0 0 0
0 0 0
0 0 0
0 0 0
0 0 0
0 0 0
0 0 0
0 0 0
0 0 0
0 0 0
0 0 0
0 0 0
0 0 0
0 0 0
0 0 0
0 0 0
0 0 0
0 0 0
0 0 0
0 0 0
0 0 0
0 0 0
0 0 0
0 0 0
0 0 0
0 0 0
0 0 0
0 0 0
0 0 0
0 0 0
0 0 0
0 0 0
0 0 0
0 0 0
0 0 0
0 0 0
0 0 0
0 0 0
0 0 0
0 0 0
0 0 0
0 0 0
0 0 0
0 0 0
0 0 0
0 0 0
0 0 0
0 0 0
0 0 0
0 0 0
0 0 0
0 0 0
0 0 0
0 0 0
0 0 0
0 0 0
0 0 0
0 0 0
0 0 0
0 0 0
0 0 0
0 0 0
0 0 0
0 0 0
0 0 0
0 0 0
0 0 0
0 0 0
0 0 0
0 0 0
-0 0 0
-0 0 0
-0 0 0
-0 0 0
-0 0 0
-0 0 0
-0 0 0
-0 0 0
-0 0 0
-0 0 0
-0 0 0
-0 0 0
-0 0 0
-0 0 0
-0 0 0
-0 0 0
-0 0 0
-0 0 0
-0 0 0
-0 0 0
-0 0 0
-0 0 0
-0 0 0
-0 0 0
-0 0 0
-0 0 0
-0 0 0
-0 0 0
-0 0 0
-0 0 0
-0 0 0
-0 0 0
-0 0 0
-0 0 0
-0 0 0
-0 0 0
-0 0 0
-0 0 0
-0 0 0
-0 0 0
-0 0 0
-0 0 0
-0 0 0
-0 0 0
-0 0 0
-0 0 0
-0 0 0
-0 0 0
-0 0 0
-0 0 0
-0 0 0
-0.10029808 0.0078281639 0.38800001
-0.097028755 0.0078382511 0.38850001
-0.093690425 0.0078432951 0.38875002
-0.090405785 0.0078533832 0.38925001
-0.086944774 0.0078483392 0.38900003
-0.083541825 0.0078483392 0.38900003
-0.08013887 0.0078483392 0.38900003
-0.076686598 0.0078432951 0.38875002
-0.073144443 0.0078281639 0.38800001
-0.069660358 0.0078180758 0.38750002
-0.066227771 0.0078130318 0.38725001
-0.062840126 0.0078130318 0.38725001
-0.059414107 0.0078079882 0.38700002
-0.055630513 0.0077525047 0.38425002
-0.05196305 0.0077071097 0.38200003
-0.048175849 0.0076364945 0.37850001
-0.044657312 0.0076011876 0.37675002
-0.041087061 0.0075507481 0.37425002
-0.037712101 0.0075305724 0.37325001
-0.03456229 0.0075557916 0.37450001
-0.031223532 0.0075406604 0.37375003
-0.027972681 0.007545704 0.37400001
-0.024899084 0.0076062311 0.377
-0.02174435 0.0076566706 0.37950003
-0.018570151 0.0077171978 0.38250002
-0.015313613 0.0077625928 0.38475001
-0.011955603 0.0077676368 0.38500002
-0.0086043719 0.0077827685 0.38575003
-0.0052366285 0.0077928561 0.38625002
-0.0018565302 0.007787812 0.38600001
0.0015182093 0.0077777244 0.38550001
0 0 0
0 0 0
0 0 0
0 0 0
0 0 0
0 0 0
0 0 0
0 0 0
0 0 0
0 0 0
0 0 0
0 0 0
0 0 0
0 0 0
0 0 0
0 0 0
0 0 0
0 0 0
0 0 0
0 0 0
0 0 0
0 0 0
0 0 0
0 0 0
0 0 0
0 0 0
0 0 0
0 0 0
0 0 0
0 0 0
0 0 0
0 0 0
0 0 0
0 0 0
0 0 0
0 0 0
0 0 0
0 0 0
0 0 0
0 0 0
0 0 0
0 0 0
0 0 0
0 0 0
0 0 0
0 0 0
0 0 0
0 0 0
0 0 0
0 0 0
0 0 0
0 0 0
0 0 0
0 0 0
0 0 0
0 0 0
0 0 0
0 0 0
0 0 0
0 0 0
0 0 0
0 0 0
0 0 0
0 0 0
0 0 0
0 0 0
0 0 0
0 0 0
0 0 0
0 0 0
0 0 0
0 0 0
0 0 0
0 0 0
0 0 0
0 0 0
0 0 0
0 0 0
-0 0 0
-0 0 0
-0 0 0
-0 0 0
-0 0 0
-0 0 0
-0 0 0
-0 0 0
-0 0 0
-0 0 0
-0 0 0
-0 0 0
-0 0 0
-0 0 0
-0 0 0
-0 0 0
-0 0 0
-0 0 0
-0 0 0
-0 0 0
-0 0 0
-0 0 0
-0 0 0
-0 0 0
-0 0 0
-0 0 0
-0 0 0
-0 0 0
-0 0 0
-0 0 0
-0 0 0
-0 0 0
-0 0 0
-0 0 0
-0 0 0
-0 0 0
-0 0 0
-0 0 0
-0 0 0
-0 0 0
-0 0 0
-0 0 0
-0 0 0
-0 0 0
-0 0 0
-0 0 0
-0 0 0
-0 0 0
-0 0 0
-0 0 0
-0 0 0
-0 0 0
-0 0 0
-0 0 0
-0.090463854 0.011263136 0.38950002
-0.087000646 0.011255906 0.38925001
-0.083595507 0.011255906 0.38925001
-0.08013887 0.011248677 0.38900003
-0.076686598 0.011241448 0.38875002
-0.073238701 0.011234218 0.38850001
-0.06993001 0.011248677 0.38900003
-0.066398792 0.011226989 0.38825002
-0.062921263 0.011212531 0.38775003
-0.05956763 0.01121976 0.38800001
-0.05620962 0.011226989 0.38825002
-0.05277922 0.01121976 0.38800001
-0.049321376 0.011205302 0.38750002
-0.045813013 0.011176385 0.38650003
-0.042294696 0.011140239 0.38525003
-0.03879825 0.011104092 0.384
-0.035531327 0.01113301 0.38500002
-0.032079827 0.011104092 0.384
-0.028701916 0.011096863 0.38375002
-0.025410935 0.01112578 0.38475001
-0.022159755 0.011183614 0.38675001
-0.018788625 0.011190844 0.38700002
-0.015363365 0.011161926 0.38600001
-0.011994421 0.011169156 0.38625002
-0.0086155245 0.011169156 0.38625002
-0.0052366285 0.011169156 0.38625002
-0.0018577327 0.011169156 0.38625002
0 0 0
0 0 0
0 0 0
0 0 0
0 0 0
0 0 0
0 0 0
0 0 0
0 0 0
0 0 0
0 0 0
0 0 0
0 0 0
0 0 0
0 0 0
0 0 0
0 0 0
0 0 0
0 0 0
0 0 0
0 0 0
0 0 0
0 0 0
0 0 0
0 0 0
0 0 0
0 0 0
0 0 0
0 0 0
0 0 0
0 0 0
0 0 0
0 0 0
0 0 0
0 0 0
0 0 0
0 0 0
0 0 0
0 0 0
0 0 0
0 0 0
0 0 0
0 0 0
0 0 0
0 0 0
0 0 0
0 0 0
0 0 0
0 0 0
0 0 0
0 0 0
0 0 0
0 0 0
0 0 0
0 0 0
0 0 0
0 0 0
0 0 0
0 0 0
0 0 0
0 0 0
0 0 0
0 0 0
0 0 0
0 0 0
0 0 0
0 0 0
0 0 0
0 0 0
0 0 0
0 0 0
0 0 0
0 0 0
0 0 0
0 0 0
0 0 0
0 0 0
0 0 0
0 0 0
-0 0 0
-0 0 0
-0 0 0
-0 0 0
-0 0 0
-0 0 0
-0 0 0
-0 0 0
-0 0 0
-0 0 0
-0 0 0
-0 0 0
-0 0 0
-0 0 0
-0 0 0
-0 0 0
-0 0 0
-0 0 0
-0 0 0
-0 0 0
-0 0 0
-0 0 0
-0 0 0
-0 0 0
-0 0 0
-0 0 0
-0 0 0
-0 0 0
-0 0 0
-0 0 0
-0 0 0
-0 0 0
-0 0 0
-0 0 0
-0 0 0
-0 0 0
-0 0 0
-0 0 0
-0 0 0
-0 0 0
-0 0 0
-0 0 0
-0 0 0
-0 0 0
-0 0 0
-0 0 0
-0 0 0
-0 0 0
-0 0 0
-0 0 0
-0 0 0
-0 0 0
-0 0 0
-0 0 0
-0 0 0
-0 0 0
-0.083756581 0.014686674 0.39000002
-0.080087364 0.014639601 0.38875002
-0.076686598 0.014639601 0.38875002
-0.073332965 0.014649016 0.38900003
-0.070019893 0.014667845 0.38950002
-0.066527061 0.014649016 0.38900003
-0.063042961 0.014630186 0.38850001
-0.059682775 0.014639601 0.38875002
-0.056318205 0.014649016 0.38900003
-0.052915253 0.014649016 0.38900003
-0.049480479 0.014639601 0.38875002
-0.04599081 0.014611357 0.38800001
-0.042596605 0.014611357 0.38800001
-0.039252918 0.014630186 0.38850001
-0.035831269 0.014620773 0.38825002
-0.032393109 0.014601943 0.38775003
-0.028944995 0.0145737 0.38700002
-0.025609072 0.014601943 0.38775003
-0.022231376 0.014611357 0.38800001
-0.018837173 0.014611357 0.38800001
-0.015423068 0.014592528 0.38750002
-0.012025474 0.014583114 0.38725001
-0.0086266771 0.014564285 0.38675001
-0.005240018 0.014554871 0.38650003
-0.0018601374 0.014564285 0.38675001
0 0 0
0 0 0
0 0 0
0 0 0
0 0 0
0 0 0
0 0 0
0 0 0
0 0 0
0 0 0
0 0 0
0 0 0
0 0 0
0 0 0
0 0 0
0 0 0
0 0 0
0 0 0
0 0 0
0 0 0
0 0 0
0 0 0
0 0 0
0 0 0
0 0 0
0 0 0
0 0 0
0 0 0
0 0 0
0 0 0
0 0 0
0 0 0
0 0 0
0 0 0
0 0 0
0 0 0
0 0 0
0 0 0
0 0 0
0 0 0
0 0 0
0 0 0
0 0 0
0 0 0
0 0 0
0 0 0
0 0 0
0 0 0
0 0 0
0 0 0
0 0 0
0 0 0
0 0 0
0 0 0
0 0 0
0 0 0
0 0 0
0 0 0
0 0 0
0 0 0
0 0 0
0 0 0
0 0 0
0 0 0
0 0 0
0 0 0
0 0 0
0 0 0
0 0 0
0 0 0
0 0 0
0 0 0
0 0 0
0 0 0
0 0 0
0 0 0
0 0 0
0 0 0
0 0 0
-0 0 0
-0 0 0
-0 0 0
-0 0 0
-0 0 0
-0 0 0
-0 0 0
-0 0 0
-0 0 0
-0 0 0
-0 0 0
-0 0 0
-0 0 0
-0 0 0
-0 0 0
-0 0 0
-0 0 0
-0 0 0
-0 0 0
-0 0 0
-0 0 0
-0 0 0
-0 0 0
-0 0 0
-0 0 0
-0 0 0
-0 0 0
-0 0 0
-0 0 0
-0 0 0
-0 0 0
-0 0 0
-0 0 0
-0 0 0
-0 0 0
-0 0 0
-0 0 0
-0 0 0
-0 0 0
-0 0 0
-0 0 0
-0 0 0
-0 0 0
-0 0 0
-0 0 0
-0 0 0
-0 0 0
-0 0 0
-0 0 0
-0 0 0
-0 0 0
-0 0 0
-0 0 0
-0 0 0
-0 0 0
-0 0 0
-0 0 0
-0 0 0
-0.076785229 0.018060954 0.38925001
-0.07338009 0.018060954 0.38925001
-0.070064835 0.018084154 0.38975
-0.066655315 0.018084154 0.38975
-0.063205242 0.018072555 0.38950002
-0.05979792 0.018072555 0.38950002
-0.056390591 0.018072555 0.38950002
-0.052983265 0.018072555 0.38950002
-0.04957594 0.018072555 0.38950002
-0.046109345 0.018049356 0.38900003
-0.042706389 0.018049356 0.38900003
-0.039303437 0.018049356 0.38900003
-0.035831269 0.018014556 0.38825002
-0.032455761 0.018026154 0.38850001
-0.029075883 0.018037755 0.38875002
-0.025658606 0.018026154 0.38850001
-0.022245701 0.018014556 0.38825002
-0.018873585 0.018037755 0.38875002
-0.015462869 0.018026154 0.38850001
-0.012041001 0.017991355 0.38775003
-0.0086378297 0.017968155 0.38725001
-0.0052535757 0.017979756 0.38750002
-0 0 0
0 0 0
0 0 0
0 0 0
0 0 0
0 0 0
0 0 0
0 0 0
0 0 0
0 0 0
0 0 0
0 0 0
0 0 0
0 0 0
0 0 0
0 0 0
0 0 0
0 0 0
0 0 0
0 0 0
0 0 0
0 0 0
0 0 0
0 0 0
0 0 0
0 0 0
0 0 0
0 0 0
0 0 0
0 0 0
0 0 0
0 0 0
0 0 0
0 0 0
0 0 0
0 0 0
0 0 0
0 0 0
0 0 0
0 0 0
0 0 0
0 0 0
0 0 0
0 0 0
0 0 0
0 0 0
0 0 0
0 0 0
0 0 0
0 0 0
0 0 0
0 0 0
0 0 0
0 0 0
0 0 0
0 0 0
0 0 0
0 0 0
0 0 0
0 0 0
0 0 0
0 0 0
0 0 0
0 0 0
0 0 0
0 0 0
0 0 0
0 0 0
0 0 0
0 0 0
0 0 0
0 0 0
0 0 0
0 0 0
0 0 0
0 0 0
0 0 0
0 0 0
0 0 0
0 0 0
-0 0 0
-0 0 0
-0 0 0
-0 0 0
-0 0 0
-0 0 0
-0 0 0
-0 0 0
-0 0 0
-0 0 0
-0 0 0
-0 0 0
-0 0 0
-0 0 0
-0 0 0
-0 0 0
-0 0 0
-0 0 0
-0 0 0
-0 0 0
-0 0 0
-0 0 0
-0 0 0
-0 0 0
-0 0 0
-0 0 0
-0 0 0
-0 0 0
-0 0 0
-0 0 0
-0 0 0
-0 0 0
-0 0 0
-0 0 0
-0 0 0
-0 0 0
-0 0 0
-0 0 0
-0 0 0
-0 0 0
-0 0 0
-0 0 0
-0 0 0
-0 0 0
-0 0 0
-0 0 0
-0 0 0
-0 0 0
-0 0 0
-0 0 0
-0 0 0
-0 0 0
-0 0 0
-0 0 0
-0 0 0
-0 0 0
-0 0 0
-0 0 0
-0 0 0
-0 0 0
-0 0 0
-0.066740833 0.021518618 0.39025003
-0.063326947 0.021518618 0.39025003
-0.059913065 0.021518618 0.39025003
-0.056462981 0.021504832 0.39000002
-0.053051278 0.021504832 0.39000002
-0.0496714 0.021518618 0.39025003
-0.046227876 0.021504832 0.39000002
-0.042816173 0.021504832 0.39000002
-0.039379213 0.021491045 0.38975
-0.03594663 0.021477262 0.38950002
-0.032539304 0.021477262 0.38950002
-0.029169375 0.021504832 0.39000002
-0.025741162 0.021491045 0.38975
-0.022288674 0.021449693 0.38900003
-0.018909998 0.021477262 0.38950002
-0.015492721 0.021463476 0.38925001
-0.01206429 0.02142212 0.38850001
-0.008654559 0.021394551 0.38800001
-0.0052603544 0.021394551 0.38800001
-0 0 0
0 0 0
0 0 0
0 0 0
0 0 0
0 0 0
0 0 0
0 0 0
0 0 0
0 0 0
0 0 0
0 0 0
0 0 0
0 0 0
0 0 0
0 0 0
0 0 0
0 0 0
0 0 0
0 0 0
0 0 0
0 0 0
0 0 0
0 0 0
0 0 0
0 0 0
0 0 0
0 0 0
0 0 0
0 0 0
0 0 0
0 0 0
0 0 0
0 0 0
0 0 0
0 0 0
0 0 0
0 0 0
0 0 0
0 0 0
0 0 0
0 0 0
0 0 0
0 0 0
0 0 0
0 0 0
0 0 0
0 0 0
0 0 0
0 0 0
0 0 0
0 0 0
0 0 0
0 0 0
0 0 0
0 0 0
0 0 0
0 0 0
0 0 0
0 0 0
0 0 0
0 0 0
0 0 0
0 0 0
0 0 0
0 0 0
0 0 0
0 0 0
0 0 0
0 0 0
0 0 0
0 0 0
0 0 0
0 0 0
0 0 0
0 0 0
0 0 0
0 0 0
0 0 0
0 0 0
-0 0 0
-0 0 0
-0 0 0
-0 0 0
-0 0 0
-0 0 0
-0 0 0
-0 0 0
-0 0 0
-0 0 0
-0 0 0
-0 0 0
-0 0 0
-0 0 0
-0 0 0
-0 0 0
-0 0 0
-0 0 0
-0 0 0
-0 0 0
-0 0 0
-0 0 0
-0 0 0
-0 0 0
-0 0 0
-0 0 0
-0 0 0
-0 0 0
-0 0 0
-0 0 0
-0 0 0
-0 0 0
-0 0 0
-0 0 0
-0 0 0
-0 0 0
-0 0 0
-0 0 0
-0 0 0
-0 0 0
-0 0 0
-0 0 0
-0 0 0
-0 0 0
-0 0 0
-0 0 0
-0 0 0
-0 0 0
-0 0 0
-0 0 0
-0 0 0
-0 0 0
-0 0 0
-0 0 0
-0 0 0
-0 0 0
-0 0 0
-0 0 0
-0 0 0
-0 0 0
-0 0 0
-0 0 0
-0 0 0
-0.06010497 0.025009735 0.39150003
-0.056462981 0.024913911 0.39000002
-0.053051278 0.024913911 0.39000002
-0.0496714 0.024929883 0.39025003
-0.046287142 0.024945851 0.39050001
-0.042843621 0.024929883 0.39025003
-0.039404474 0.024913911 0.39000002
-0.036015846 0.024929883 0.39025003
-0.03260196 0.024929883 0.39025003
-0.029188074 0.024929883 0.39025003
-0.025757674 0.024913911 0.39000002
-0.022331646 0.02489794 0.38975
-0.018934272 0.024913911 0.39000002
-0.015522571 0.024913911 0.39000002
-0.012079817 0.024850031 0.38900003
-0.0086657116 0.024818089 0.38850001
-0 0 0
-0 0 0
0 0 0
0 0 0
0 0 0
0 0 0
0 0 0
0 0 0
0 0 0
0 0 0
0 0 0
0 0 0
0 0 0
0 0 0
0 0 0
0 0 0
0 0 0
0 0 0
0 0 0
0 0 0
0 0 0
0 0 0
0 0 0
0 0 0
0 0 0
0 0 0
0 0 0
0 0 0
0 0 0
0 0 0
0 0 0
0 0 0
0 0 0
0 0 0
0 0 0
0 0 0
0 0 0
0 0 0
0 0 0
0 0 0
0 0 0
0 0 0
0 0 0
0 0 0
0 0 0
0 0 0
0 0 0
0 0 0
0 0 0
0 0 0
0 0 0
0 0 0
0 0 0
0 0 0
0 0 0
0 0 0
0 0 0
0 0 0
0 0 0
0 0 0
0 0 0
0 0 0
0 0 0
0 0 0
0 0 0
0 0 0
0 0 0
0 0 0
0 0 0
0 0 0
0 0 0
0 0 0
0 0 0
0 0 0
0 0 0
0 0 0
0 0 0
0 0 0
0 0 0
0 0 0
0 0 0
-0 0 0
-0 0 0
-0 0 0
-0 0 0
-0 0 0
-0 0 0
-0 0 0
-0 0 0
-0 0 0
-0 0 0
-0 0 0
-0 0 0
-0 0 0
-0 0 0
-0 0 0
-0 0 0
-0 0 0
-0 0 0
-0 0 0
-0 0 0
-0 0 0
-0 0 0
-0 0 0
-0 0 0
-0 0 0
-0 0 0
-0 0 0
-0 0 0
-0 0 0
-0 0 0
-0 0 0
-0 0 0
-0 0 0
-0 0 0
-0 0 0
-0 0 0
-0 0 0
-0 0 0
-0 0 0
-0 0 0
-0 0 0
-0 0 0
-0 0 0
-0 0 0
-0 0 0
-0 0 0
-0 0 0
-0 0 0
-0 0 0
-0 0 0
-0 0 0
-0 0 0
-0 0 0
-0 0 0
-0 0 0
-0 0 0
-0 0 0
-0 0 0
-0 0 0
-0 0 0
-0 0 0
-0 0 0
-0 0 0
-0 0 0
-0 0 0
-0.053051278 0.028322991 0.39000002
-0.0496714 0.028341148 0.39025003
-0.046346411 0.028395616 0.39100003
-0.042871065 0.028359303 0.39050001
-0.039404474 0.028322991 0.39000002
-0.035992771 0.028322991 0.39000002
-0.03260196 0.028341148 0.39025003
-0.02920677 0.028359303 0.39050001
-0.025790695 0.028359303 0.39050001
-0.022360297 0.028341148 0.39025003
-0.018958546 0.028359303 0.39050001
-0.015542472 0.028359303 0.39050001
-0.01211087 0.028322991 0.39000002
-0.0086880177 0.028286681 0.38950002
-0 0 0
-0 0 0
0 0 0
0 0 0
0 0 0
0 0 0
0 0 0
0 0 0
0 0 0
0 0 0
0 0 0
0 0 0
0 0 0
0 0 0
0 0 0
0 0 0
0 0 0
0 0 0
0 0 0
0 0 0
0 0 0
0 0 0
0 0 0
0 0 0
0 0 0
0 0 0
0 0 0
0 0 0
0 0 0
0 0 0
0 0 0
0 0 0
0 0 0
0 0 0
0 0 0
0 0 0
0 0 0
0 0 0
0 0 0
0 0 0
0 0 0
0 0 0
0 0 0
0 0 0
0 0 0
0 0 0
0 0 0
0 0 0
0 0 0
0 0 0
0 0 0
0 0 0
0 0 0
0 0 0
0 0 0
0 0 0
0 0 0
0 0 0
0 0 0
0 0 0
0 0 0
0 0 0
0 0 0
0 0 0
0 0 0
0 0 0
0 0 0
0 0 0
0 0 0
0 0 0
0 0 0
0 0 0
0 0 0
0 0 0
0 0 0
0 0 0
0 0 0
0 0 0
0 0 0
0 0 0
0 0 0
-0 0 0
-0 0 0
-0 0 0
-0 0 0
-0 0 0
-0 0 0
-0 0 0
-0 0 0
-0 0 0
-0 0 0
-0 0 0
-0 0 0
-0 0 0
-0 0 0
-0 0 0
-0 0 0
-0 0 0
-0 0 0
-0 0 0
-0 0 0
-0 0 0
-0 0 0
-0 0 0
-0 0 0
-0 0 0
-0 0 0
-0 0 0
-0 0 0
-0 0 0
-0 0 0
-0 0 0
-0 0 0
-0 0 0
-0 0 0
-0 0 0
-0 0 0
-0 0 0
-0 0 0
-0 0 0
-0 0 0
-0 0 0
-0 0 0
-0 0 0
-0 0 0
-0 0 0
-0 0 0
-0 0 0
-0 0 0
-0 0 0
-0 0 0
-0 0 0
-0 0 0
-0 0 0
-0 0 0
-0 0 0
-0 0 0
-0 0 0
-0 0 0
-0 0 0
-0 0 0
-0 0 0
-0 0 0
-0 0 0
-0 0 0
-0 0 0
-0 0 0
-0 0 0
-0 0 0
-0.042898513 0.031793095 0.39075002
-0.039454993 0.031772751 0.39050001
-0.036038917 0.031772751 0.39050001
-0.0326855 0.031833775 0.39125001
-0.029262865 0.031833775 0.39125001
-0.02584023 0.031833775 0.39125001
-0.02240327 0.031813435 0.39100003
-0.018970685 0.031793095 0.39075002
-0.015562373 0.031813435 0.39100003
-0.012149688 0.031833775 0.39125001
-0 0 0
-0 0 0
-0 0 0
0 0 0
0 0 0
0 0 0
0 0 0
0 0 0
0 0 0
0 0 0
0 0 0
0 0 0
0 0 0
0 0 0
0 0 0
0 0 0
0 0 0
0 0 0
0 0 0
0 0 0
0 0 0
0 0 0
0 0 0
0 0 0
0 0 0
0 0 0
0 0 0
0 0 0
0 0 0
0 0 0
0 0 0
0 0 0
0 0 0
0 0 0
0 0 0
0 0 0
0 0 0
0 0 0
0 0 0
0 0 0
0 0 0
0 0 0
0 0 0
0 0 0
0 0 0
0 0 0
0 0 0
0 0 0
0 0 0
0 0 0
0 0 0
0 0 0
0 0 0
0 0 0
0 0 0
0 0 0
0 0 0
0 0 0
0 0 0
0 0 0
0 0 0
0 0 0
0 0 0
0 0 0
0 0 0
0 0 0
0 0 0
0 0 0
0 0 0
0 0 0
0 0 0
0 0 0
0 0 0
0 0 0
0 0 0
0 0 0
0 0 0
0 0 0
0 0 0
0 0 0
0 0 0
0 0 0
-0 0 0
-0 0 0
-0 0 0
-0 0 0
-0 0 0
-0 0 0
-0 0 0
-0 0 0
-0 0 0
-0 0 0
-0 0 0
-0 0 0
-0 0 0
-0.40581593 0.061879966 0.68675005
-0 0 0
-0 0 0
-0 0 0
-0 0 0
-0 0 0
-0 0 0
-0 0 0
-0 0 0
-0 0 0
-0 0 0
-0 0 0
-0 0 0
-0 0 0
-0 0 0
-0 0 0
-0 0 0
-0 0 0
-0 0 0
-0 0 0
-0 0 0
-0 0 0
-0 0 0
-0 0 0
-0 0 0
-0 0 0
-0 0 0
-0 0 0
-0 0 0
-0 0 0
-0 0 0
-0 0 0
-0 0 0
-0 0 0
-0 0 0
-0 0 0
-0 0 0
-0 0 0
-0 0 0
-0 0 0
-0 0 0
-0 0 0
-0 0 0
-0 0 0
-0 0 0
-0 0 0
-0 0 0
-0 0 0
-0 0 0
-0 0 0
-0 0 0
-0 0 0
-0 0 0
-0 0 0
-0 0 0
-0 0 0
-0 0 0
-0.036061991 0.035208732 0.39075002
-0.032706387 0.035276309 0.39150003
-0.02931896 0.035321362 0.39200002
-0.025873253 0.035298835 0.39175001
-0.022431917 0.035276309 0.39150003
-0.019007096 0.035276309 0.39150003
-0.015582274 0.035276309 0.39150003
-0.012165214 0.035298835 0.39175001
-0 0 0
-0 0 0
-0 0 0
0 0 0
0 0 0
0 0 0
0 0 0
0 0 0
0 0 0
0 0 0
0 0 0
0 0 0
0 0 0
0 0 0
0 0 0
0 0 0
0 0 0
0 0 0
0 0 0
0 0 0
0 0 0
0 0 0
0 0 0
0 0 0
0 0 0
0 0 0
0 0 0
0 0 0
0 0 0
0 0 0
0 0 0
0 0 0
0 0 0
0 0 0
0 0 0
0 0 0
0 0 0
0 0 0
0 0 0
0 0 0
0 0 0
0 0 0
0 0 0
0 0 0
0 0 0
0 0 0
0 0 0
0 0 0
0 0 0
0 0 0
0 0 0
0 0 0
0 0 0
0 0 0
0 0 0
0 0 0
0 0 0
0 0 0
0 0 0
0 0 0
0 0 0
0 0 0
0 0 0
0 0 0
0 0 0
0 0 0
0 0 0
0 0 0
0 0 0
0 0 0
0 0 0
0 0 0
0 0 0
0 0 0
0 0 0
0 0 0
0 0 0
0 0 0
0 0 0
0 0 0
0 0 0
0 0 0
-0 0 0
-0 0 0
-0 0 0
-0 0 0
-0 0 0
-0 0 0
-0 0 0
-0 0 0
-0 0 0
-0 0 0
-0 0 0
-0 0 0
-0 0 0
-0.40433863 0.067635886 0.68425006
-0.39878947 0.067710027 0.68500006
-0.39666772 0.068377241 0.69175005
-0 0 0
-0 0 0
-0 0 0
-0 0 0
-0 0 0
-0 0 0
-0 0 0
-0 0 0
-0 0 0
-0 0 0
-0 0 0
-0 0 0
-0 0 0
-0 0 0
-0 0 0
-0 0 0
-0 0 0
-0 0 0
-0 0 0
-0 0 0
-0 0 0
-0 0 0
-0 0 0
-0 0 0
-0 0 0
-0 0 0
-0 0 0
-0 0 0
-0 0 0
-0 0 0
-0 0 0
-0 0 0
-0 0 0
-0 0 0
-0 0 0
-0 0 0
-0 0 0
-0 0 0
-0 0 0
-0 0 0
-0 0 0
-0 0 0
-0 0 0
-0 0 0
-0 0 0
-0 0 0
-0 0 0
-0 0 0
-0 0 0
-0 0 0
-0 0 0
-0 0 0
-0 0 0
-0 0 0
-0 0 0
-0 0 0
-0 0 0
-0.025889764 0.038747925 0.39200002
-0.022446241 0.038723212 0.39175001
-0.019031372 0.038747925 0.39200002
-0.015582274 0.038698502 0.39150003
-0.012157451 0.038698502 0.39150003
-0 0 0
-0 0 0
-0 0 0
0 0 0
0 0 0
0 0 0
0 0 0
0 0 0
0 0 0
0 0 0
0 0 0
0 0 0
0 0 0
0 0 0
0 0 0
0 0 0
0 0 0
0 0 0
0 0 0
0 0 0
0 0 0
0 0 0
0 0 0
0 0 0
0 0 0
0 0 0
0 0 0
0 0 0
0 0 0
0 0 0
0 0 0
0 0 0
0 0 0
0 0 0
0 0 0
0 0 0
0 0 0
0 0 0
0 0 0
0 0 0
0 0 0
0 0 0
0 0 0
0 0 0
0 0 0
0 0 0
0 0 0
0 0 0
0 0 0
0 0 0
0 0 0
0 0 0
0 0 0
0 0 0
0 0 0
0 0 0
0 0 0
0 0 0
0 0 0
0 0 0
0 0 0
0 0 0
0 0 0
0 0 0
0 0 0
0 0 0
0 0 0
0 0 0
0 0 0
0 0 0
0 0 0
0 0 0
0 0 0
0 0 0
0 0 0
0 0 0
0 0 0
0 0 0
0 0 0
0 0 0
0 0 0
0 0 0
-0 0 0
-0 0 0
-0 0 0
-0 0 0
-0 0 0
-0 0 0
-0 0 0
-0 0 0
-0 0 0
-0 0 0
-0 0 0
-0 0 0
-0 0 0
-0.40492952 0.073724665 0.68525004
-0.39937165 0.073805355 0.68600005
-0.39408728 0.073939838 0.68725002
-0 0 0
-0 0 0
-0 0 0
-0 0 0
-0 0 0
-0 0 0
-0 0 0
-0 0 0
-0 0 0
-0 0 0
-0 0 0
-0 0 0
-0 0 0
-0 0 0
-0 0 0
-0 0 0
-0 0 0
-0 0 0
-0 0 0
-0 0 0
-0 0 0
-0 0 0
-0 0 0
-0 0 0
-0 0 0
-0 0 0
-0 0 0
-0 0 0
-0 0 0
-0 0 0
-0 0 0
-0 0 0
-0 0 0
-0 0 0
-0 0 0
-0 0 0
-0 0 0
-0 0 0
-0 0 0
-0 0 0
-0 0 0
-0 0 0
-0 0 0
-0 0 0
-0 0 0
-0 0 0
-0 0 0
-0 0 0
-0 0 0
-0 0 0
-0 0 0
-0 0 0
-0 0 0
-0 0 0
-0 0 0
-0 0 0
-0 0 0
-0 0 0
-0.022474891 0.042201385 0.39225003
-0.019019233 0.042147588 0.39175001
-0.015552423 0.042040002 0.39075002
-0 0 0
-0 0 0
-0 0 0
-0 0 0
0 0 0
0 0 0
0 0 0
0 0 0
0 0 0
0 0 0
0 0 0
0 0 0
0 0 0
0 0 0
0 0 0
0 0 0
0 0 0
0 0 0
0 0 0
0 0 0
0 0 0
0 0 0
0 0 0
0 0 0
0 0 0
0 0 0
0 0 0
0 0 0
0 0 0
0 0 0
0 0 0
0 0 0
0 0 0
0 0 0
0 0 0
0 0 0
0 0 0
0 0 0
0 0 0
0 0 0
0 0 0
0 0 0
0 0 0
0 0 0
0 0 0
0 0 0
0 0 0
0 0 0
0 0 0
0 0 0
0 0 0
0 0 0
0 0 0
0 0 0
0 0 0
0 0 0
0 0 0
0 0 0
0 0 0
0 0 0
0 0 0
0 0 0
0 0 0
0 0 0
0 0 0
0 0 0
0 0 0
0 0 0
0 0 0
0 0 0
0 0 0
0 0 0
0 0 0
0 0 0
0 0 0
0 0 0
0 0 0
0 0 0
0 0 0
0 0 0
0 0 0
0 0 0
0 0 0
-0 0 0
-0 0 0
-0 0 0
-0 0 0
-0 0 0
-0 0 0
-0 0 0
-0 0 0
-0 0 0
-0 0 0
-0 0 0
-0 0 0
-0 0 0
-0.40581593 0.079889081 0.68675005
-0 0 0
-0.39423066 0.079976328 0.68750006
-0.38821647 0.079976328 0.68750006
-0 0 0
-0 0 0
-0 0 0
-0 0 0
-0 0 0
-0 0 0
-0 0 0
-0 0 0
-0 0 0
-0 0 0
-0 0 0
-0 0 0
-0 0 0
-0 0 0
-0 0 0
-0 0 0
-0 0 0
-0 0 0
-0 0 0
-0 0 0
-0 0 0
-0 0 0
-0 0 0
-0 0 0
-0 0 0
-0 0 0
-0 0 0
-0 0 0
-0 0 0
-0 0 0
-0 0 0
-0 0 0
-0 0 0
-0 0 0
-0 0 0
-0 0 0
-0 0 0
-0 0 0
-0 0 0
-0 0 0
-0 0 0
-0 0 0
-0 0 0
-0 0 0
-0 0 0
-0 0 0
-0 0 0
-0 0 0
-0 0 0
-0 0 0
-0 0 0
-0 0 0
-0 0 0
-0 0 0
-0 0 0
-0 0 0
-0 0 0
-0 0 0
-0 0 0
-0 0 0
-0 0 0
-0 0 0
-0 0 0
-0 0 0
0.001147026 0.033880878 0.29125002
0.0037234102 0.034142617 0.29350001
0.0062694997 0.034026291 0.29250002
0.0086773643 0.033444647 0.28750002
0.0111924 0.033444647 0.28750002
0.013623999 0.033241067 0.28575
0.016095513 0.033182904 0.28525001
0 0 0
0 0 0
0 0 0
0 0 0
0 0 0
0 0 0
0 0 0
0 0 0
0 0 0
0 0 0
0 0 0
0 0 0
0 0 0
0 0 0
0 0 0
0 0 0
0 0 0
0 0 0
0 0 0
0 0 0
0 0 0
0 0 0
0 0 0
0 0 0
0 0 0
0 0 0
0 0 0
0 0 0
0 0 0
0 0 0
0 0 0
0 0 0
0 0 0
0 0 0
0 0 0
0 0 0
0 0 0
0 0 0
0 0 0
0 0 0
0 0 0
0 0 0
0 0 0
0 0 0
0 0 0
0 0 0
0 0 0
0 0 0
0 0 0
0 0 0
0 0 0
0 0 0
0 0 0
0 0 0
0 0 0
0 0 0
0 0 0
0 0 0
0 0 0
0 0 0
0 0 0
0 0 0
0 0 0
0 0 0
0 0 0
0 0 0
0 0 0
0 0 0
0 0 0
0 0 0
0 0 0
0 0 0
-0 0 0
-0 0 0
-0 0 0
-0 0 0
-0 0 0
-0 0 0
-0 0 0
-0 0 0
-0 0 0
-0 0 0
-0 0 0
-0 0 0
-0 0 0
-0 0 0
-0 0 0
-0 0 0
-0 0 0
-0 0 0
-0 0 0
-0 0 0
-0 0 0
-0 0 0
-0 0 0
-0 0 0
-0.34059742 0.086110994 0.68850005
-0 0 0
-0 0 0
-0 0 0
-0 0 0
-0 0 0
-0 0 0
-0 0 0
-0 0 0
-0 0 0
-0 0 0
-0 0 0
-0 0 0
-0 0 0
-0 0 0
-0 0 0
-0 0 0
-0 0 0
-0 0 0
-0 0 0
-0 0 0
-0 0 0
-0 0 0
-0 0 0
-0 0 0
-0 0 0
-0 0 0
-0 0 0
-0 0 0
-0 0 0
-0 0 0
-0 0 0
-0 0 0
-0 0 0
-0 0 0
-0 0 0
-0 0 0
-0 0 0
-0 0 0
-0 0 0
-0 0 0
-0 0 0
-0 0 0
-0 0 0
-0 0 0
-0 0 0
-0 0 0
-0 0 0
-0 0 0
-0.019268721 0.036489297 0.29175001
-0.01673083 0.036520567 0.29200003
-0.014394903 0.037083384 0.29650003
-0.011741432 0.036895778 0.29500002
-0.0090443362 0.036426764 0.29125002
-0.0064741899 0.036301691 0.29025
-0.0039384868 0.036332961 0.29050002
-0.0013984098 0.036364228 0.29075003
0.0011421031 0.036270425 0.29000002
0.0036726657 0.036207892 0.28950003
0.0062159146 0.036270425 0.29000002
0.008684909 0.035989016 0.28775001
0.011202132 0.035989016 0.28775001
0.013719355 0.035989016 0.28775001
0.016137833 0.035770144 0.28600001
0.018672332 0.035832677 0.28650001
0 0 0
0 0 0
0 0 0
0 0 0
0 0 0
0 0 0
0 0 0
0 0 0
0 0 0
0 0 0
0 0 0
0 0 0
0 0 0
0 0 0
0 0 0
0 0 0
0 0 0
0 0 0
0 0 0
0 0 0
0 0 0
0 0 0
0 0 0
0 0 0
0 0 0
0 0 0
0 0 0
0 0 0
0 0 0
0 0 0
0 0 0
0 0 0
0 0 0
0 0 0
0 0 0
0 0 0
0 0 0
0 0 0
0 0 0
0 0 0
0 0 0
0 0 0
0 0 0
0 0 0
0 0 0
0 0 0
0 0 0
0 0 0
0 0 0
0 0 0
0 0 0
0 0 0
0 0 0
0 0 0
0 0 0
0 0 0
0 0 0
0 0 0
0 0 0
0 0 0
0 0 0
0 0 0
0 0 0
0 0 0
0 0 0
0 0 0
0 0 0
0 0 0
0 0 0
0 0 0
0 0 0
-0 0 0
-0 0 0
-0 0 0
-0 0 0
-0 0 0
-0 0 0
-0 0 0
-0 0 0
-0 0 0
-0 0 0
-0 0 0
-0 0 0
-0 0 0
-0 0 0
-0 0 0
-0 0 0
-0 0 0
-0 0 0
-0 0 0
-0 0 0
-0 0 0
-0 0 0
-0 0 0
-0 0 0
-0.34059742 0.092129327 0.68850005
-0 0 0
-0 0 0
-0.32323122 0.092330046 0.69000006
-0 0 0
-0 0 0
-0 0 0
-0 0 0
-0 0 0
-0 0 0
-0 0 0
-0 0 0
-0 0 0
-0 0 0
-0 0 0
-0 0 0
-0 0 0
-0 0 0
-0 0 0
-0 0 0
-0 0 0
-0 0 0
-0 0 0
-0 0 0
-0 0 0
-0 0 0
-0 0 0
-0 0 0
-0 0 0
-0 0 0
-0 0 0
-0 0 0
-0 0 0
-0 0 0
-0 0 0
-0 0 0
-0 0 0
-0 0 0
-0 0 0
-0 0 0
-0 0 0
-0 0 0
-0 0 0
-0 0 0
-0 0 0
-0 0 0
-0.027386809 0.039708611 0.29675001
-0.024665546 0.039507896 0.29525003
-0.022194901 0.039708611 0.29675001
-0.019648481 0.03980897 0.29750001
-0.016687857 0.038972646 0.29125002
-0.014091467 0.038838834 0.29025
-0.011592177 0.038972646 0.29125002
-0.0090055196 0.03880538 0.29000002
-0.0064518843 0.038705021 0.28925002
-0.0039181504 0.038671568 0.289
-0.0013863855 0.038571209 0.28825
0.0011332418 0.038504303 0.28775001
0.0036472932 0.038470853 0.28750002
0.0061462531 0.038370494 0.28675002
0.0086396364 0.038303588 0.28625003
0.011163202 0.038370494 0.28675002
0.013659758 0.038337041 0.28650001
0.016123725 0.038236681 0.28575
0.018607158 0.038203228 0.28550002
0.021123178 0.038236681 0.28575
0.023602238 0.038203228 0.28550002
0.025916943 0.037935607 0.28350002
0.028371943 0.03790215 0.28325
0.030849801 0.03790215 0.28325
0 0 0
0 0 0
0 0 0
0 0 0
0 0 0
0 0 0
0 0 0
0 0 0
0 0 0
0 0 0
0 0 0
0 0 0
0 0 0
0 0 0
0 0 0
0 0 0
0 0 0
0 0 0
0 0 0
0 0 0
0 0 0
0 0 0
0 0 0
0 0 0
0 0 0
0 0 0
0 0 0
0 0 0
0 0 0
0 0 0
0 0 0
0 0 0
0 0 0
0 0 0
0 0 0
0 0 0
0 0 0
0 0 0
0 0 0
0 0 0
0 0 0
0 0 0
0 0 0
0 0 0
0 0 0
0 0 0
0 0 0
0 0 0
0 0 0
0 0 0
0 0 0
0 0 0
0 0 0
0 0 0
0 0 0
0 0 0
0 0 0
0 0 0
0 0 0
0 0 0
0 0 0
0 0 0
0 0 0
0 0 0
0 0 0
0 0 0
-0 0 0
-0 0 0
-0 0 0
-0 0 0
-0 0 0
-0 0 0
-0 0 0
-0 0 0
-0 0 0
-0 0 0
-0 0 0
-0 0 0
-0 0 0
-0 0 0
-0 0 0
-0 0 0
-0 0 0
-0 0 0
-0 0 0
-0 0 0
-0 0 0
-0 0 0
-0 0 0
-0 0 0
-0.34245253 0.098682232 0.69225001
-0.33542487 0.098397136 0.69025004
-0.32926732 0.0983615 0.69000006
-0.32323122 0.0983615 0.69000006
-0.31776974 0.09853968 0.69125003
-0.31285012 0.098896064 0.69375002
-0 0 0
-0 0 0
-0 0 0
-0 0 0
-0 0 0
-0 0 0
-0 0 0
-0 0 0
-0 0 0
-0 0 0
-0 0 0
-0 0 0
-0 0 0
-0 0 0
-0 0 0
-0 0 0
-0 0 0
-0 0 0
-0 0 0
-0 0 0
-0 0 0
-0 0 0
-0 0 0
-0 0 0
-0 0 0
-0 0 0
-0 0 0
-0 0 0
-0 0 0
-0 0 0
-0 0 0
-0 0 0
-0 0 0
-0 0 0
-0 0 0
-0 0 0
-0 0 0
-0.034937605 0.042017464 0.29475001
-0.032715946 0.042480759 0.29800001
-0.029730169 0.041946188 0.29425001
-0.02699458 0.04169672 0.29250002
-0.024414921 0.04166108 0.29225001
-0.021708746 0.041375976 0.29025
-0.019103609 0.041233424 0.28925002
-0.016558938 0.041197784 0.289
-0.013994369 0.041090868 0.28825
-0.011403119 0.040841401 0.28650001
-0.0089123584 0.040912677 0.287
-0.0064072735 0.040948316 0.28725001
-0.0038808673 0.040805764 0.28625003
-0.0013731591 0.040698852 0.28550002
0.001121427 0.040591937 0.28475001
0.0036187489 0.040663213 0.28525001
0.0061194603 0.040698852 0.28550002
0.0086019095 0.040627576 0.28500003
0.011075609 0.040556297 0.2845
0.013552482 0.040520661 0.28425002
0.016039087 0.040520661 0.28425002
0.018541984 0.040556297 0.2845
0.021012297 0.040520661 0.28425002
0.023498902 0.040520661 0.28425002
0.025894087 0.040378105 0.28325
0.028321862 0.040306829 0.28275001
0.030849801 0.040378105 0.28325
0.03318058 0.040199913 0.28200001
0.035489488 0.040021721 0.28075001
0 0 0
0 0 0
0 0 0
0 0 0
0 0 0
0 0 0
0 0 0
0 0 0
0 0 0
0 0 0
0 0 0
0 0 0
0 0 0
0 0 0
0 0 0
0 0 0
0 0 0
0 0 0
0 0 0
0 0 0
0 0 0
0 0 0
0 0 0
0 0 0
0 0 0
0 0 0
0 0 0
0 0 0
0 0 0
0 0 0
0 0 0
0 0 0
0 0 0
0 0 0
0 0 0
0 0 0
0 0 0
0 0 0
0 0 0
0 0 0
0 0 0
0 0 0
0 0 0
0 0 0
0 0 0
0 0 0
0 0 0
0 0 0
0 0 0
0 0 0
0 0 0
0 0 0
0 0 0
0 0 0
0 0 0
0 0 0
0 0 0
0 0 0
0 0 0
0 0 0
0 0 0
0 0 0
0 0 0
0 0 0
-0 0 0
-0 0 0
-0 0 0
-0 0 0
-0 0 0
-0 0 0
-0 0 0
-0 0 0
-0 0 0
-0 0 0
-0 0 0
-0 0 0
-0 0 0
-0 0 0
-0 0 0
-0 0 0
-0 0 0
-0 0 0
-0 0 0
-0 0 0
-0 0 0
-0 0 0
-0 0 0
-0 0 0
-0.3422052 0.10465771 0.69175005
-0.33627528 0.10469553 0.69200003
-0.33010241 0.10465771 0.69175005
-0.32405099 0.10465771 0.69175005
-0 0 0
-0.31262463 0.10488465 0.69325006
-0.30711287 0.10507376 0.69450003
-0.30092907 0.10503595 0.69425005
-0.29453728 0.10492247 0.69350004
-0 0 0
-0 0 0
-0 0 0
-0 0 0
-0 0 0
-0 0 0
-0 0 0
-0 0 0
-0 0 0
-0 0 0
-0 0 0
-0 0 0
-0 0 0
-0 0 0
-0 0 0
-0 0 0
-0 0 0
-0 0 0
-0 0 0
-0 0 0
-0 0 0
-0 0 0
-0 0 0
-0 0 0
-0 0 0
-0 0 0
-0 0 0
-0 0 0
-0 0 0
-0 0 0
-0 0 0
-0 0 0
-0 0 0
-0.037166044 0.044177886 0.29200003
-0.034582008 0.04414006 0.29175001
-0.032002345 0.044102233 0.2915
-0.029477578 0.04414006 0.29175001
-0.026763858 0.043875296 0.29000002
-0.024038985 0.043534882 0.28775001
-0.021465667 0.04342141 0.287
-0.018955005 0.04342141 0.287
-0.016344072 0.043156646 0.28525001
-0.013800172 0.043005355 0.28425002
-0.011303616 0.042967528 0.28400001
-0.0088114357 0.042929709 0.28375003
-0.0063515096 0.043081 0.28475001
-0.0038571411 0.043043174 0.2845
-0.0013647422 0.042929709 0.28375003
0.0011165042 0.042891882 0.28350002
0.0035933764 0.042854059 0.28325
0.006076592 0.042891882 0.28350002
0.0085641816 0.042929709 0.28375003
0.011036679 0.042891882 0.28350002
0.013504803 0.042854059 0.28325
0.015982661 0.042854059 0.28325
0.01847681 0.042891882 0.28350002
0.020938374 0.042854059 0.28325
0.02341623 0.042854059 0.28325
0.025825523 0.042740587 0.2825
0.028246736 0.042664941 0.28200001
0.030740889 0.042702764 0.28225002
0.033209998 0.042702764 0.28225002
0.035552692 0.042551469 0.28125
0.038013056 0.042551469 0.28125
0 0 0
0 0 0
0 0 0
0 0 0
0 0 0
0 0 0
0 0 0
0 0 0
0 0 0
0 0 0
0 0 0
0 0 0
0 0 0
0 0 0
0 0 0
0 0 0
0 0 0
0 0 0
0 0 0
0 0 0
0 0 0
0 0 0
0 0 0
0 0 0
0 0 0
0 0 0
0 0 0
0 0 0
0 0 0
0 0 0
0 0 0
0 0 0
0 0 0
0 0 0
0 0 0
0 0 0
0 0 0
0 0 0
0 0 0
0 0 0
0 0 0
0 0 0
0 0 0
0 0 0
0 0 0
0 0 0
0 0 0
0 0 0
0 0 0
0 0 0
0 0 0
0 0 0
0 0 0
0 0 0
0 0 0
0 0 0
0 0 0
0 0 0
0 0 0
0 0 0
0 0 0
0 0 0
0 0 0
-0 0 0
-0 0 0
-0 0 0
-0 0 0
-0 0 0
-0 0 0
-0 0 0
-0 0 0
-0 0 0
-0 0 0
-0 0 0
-0 0 0
-0 0 0
-0 0 0
-0 0 0
-0 0 0
-0 0 0
-0 0 0
-0 0 0
-0 0 0
-0 0 0
-0 0 0
-0 0 0
-0 0 0
-0 0 0
-0.33651826 0.11082448 0.69250005
-0.33010241 0.11070446 0.69175005
-0.32416812 0.11074446 0.69200003
-0.31868917 0.11094451 0.69325006
-0.31273738 0.11098452 0.69350004
-0 0 0
-0.30027887 0.11086449 0.69275004
-0.29400638 0.11078447 0.69225001
-0.28795061 0.11078447 0.69225001
-0.28230208 0.11094451 0.69325006
-0.276636 0.11110454 0.69425005
-0 0 0
-0 0 0
-0 0 0
-0 0 0
-0 0 0
-0 0 0
-0 0 0
-0 0 0
-0 0 0
-0 0 0
-0 0 0
-0 0 0
-0 0 0
-0 0 0
-0 0 0
-0 0 0
-0 0 0
-0 0 0
-0 0 0
-0 0 0
-0 0 0
-0 0 0
-0 0 0
-0 0 0
-0 0 0
-0 0 0
-0 0 0
-0 0 0
-0.041985296 0.046410251 0.29000002
-0.03941438 0.046370242 0.28975001
-0.036911484 0.046410251 0.29000002
-0.034344941 0.046370242 0.28975001
-0.031508312 0.045930143 0.287
-0.028947132 0.045850128 0.28650001
-0.026463918 0.045890138 0.28675002
-0.023871902 0.045730099 0.28575
-0.021334779 0.045650084 0.28525001
-0.01874036 0.045410033 0.28375003
-0.016200829 0.045249995 0.28275001
-0.013703072 0.045169979 0.28225002
-0.011154361 0.044849906 0.28025001
-0.0086872205 0.044769891 0.27975002
-0.0062120999 0.044569846 0.27850002
-0.0037588486 0.044369802 0.27725002
-0.0013334793 0.044369802 0.27725002
0.0010889361 0.044249773 0.27650002
0.0035109157 0.044289779 0.27675
0.0059319111 0.044289779 0.27675
0.0083755422 0.044409808 0.2775
0.010812832 0.044449817 0.27775002
0.013266413 0.044529837 0.27825001
0.015785171 0.044769891 0.27975002
0.018346462 0.04504995 0.28150001
0.020827493 0.04508996 0.28175002
0.023292227 0.04508996 0.28175002
0.025734106 0.04504995 0.28150001
0.028146572 0.044969935 0.28100002
0.030631972 0.045009941 0.28125
0.03318058 0.045129966 0.28200001
0.035679106 0.045169979 0.28225002
0.038046844 0.04504995 0.28150001
0.040365491 0.044889916 0.28050002
0.042704798 0.044769891 0.27975002
0 0 0
0 0 0
0 0 0
0 0 0
0 0 0
0 0 0
0 0 0
0 0 0
0 0 0
0 0 0
0 0 0
0 0 0
0 0 0
0 0 0
0 0 0
0 0 0
0 0 0
0 0 0
0 0 0
0 0 0
0 0 0
0 0 0
0 0 0
0 0 0
0 0 0
0 0 0
0 0 0
0 0 0
0 0 0
0 0 0
0 0 0
0 0 0
0 0 0
0 0 0
0 0 0
0 0 0
0 0 0
0 0 0
0 0 0
0 0 0
0 0 0
0 0 0
0 0 0
0 0 0
0 0 0
0 0 0
0 0 0
0 0 0
0 0 0
0 0 0
0 0 0
0 0 0
0 0 0
0 0 0
0 0 0
0 0 0
0 0 0
0 0 0
0 0 0
0 0 0
0 0 0
-0 0 0
-0 0 0
-0 0 0
-0 0 0
-0 0 0
-0 0 0
-0 0 0
-0 0 0
-0 0 0
-0 0 0
-0 0 0
-0 0 0
-0 0 0
-0 0 0
-0 0 0
-0 0 0
-0 0 0
-0 0 0
-0 0 0
-0 0 0
-0 0 0
-0 0 0
-0 0 0
-0 0 0
-0 0 0
-0 0 0
-0.32974449 0.11662462 0.69100004
-0.32369965 0.11662462 0.69100004
-0 0 0
-0 0 0
-0 0 0
-0.30017051 0.11687779 0.69250005
-0.29368785 0.116709 0.69150001
-0.28784662 0.11679339 0.69200003
-0.28209844 0.11691998 0.69275004
-0.276636 0.11717314 0.69425005
-0.27075759 0.11725753 0.69475001
-0.26458472 0.11721534 0.69450003
-0.25878844 0.11734192 0.69525003
-0 0 0
-0 0 0
-0 0 0
-0 0 0
-0 0 0
-0 0 0
-0 0 0
-0 0 0
-0 0 0
-0 0 0
-0 0 0
-0 0 0
-0 0 0
-0 0 0
-0 0 0
-0 0 0
-0 0 0
-0 0 0
-0 0 0
-0 0 0
-0 0 0
-0 0 0
-0 0 0
-0 0 0
-0 0 0
-0.041840516 0.048776429 0.289
-0.039244343 0.048692044 0.28850001
-0.036625098 0.048565459 0.28775001
-0.033870809 0.048227906 0.28575
-0.031316187 0.048143517 0.28525001
-0.028745057 0.048016936 0.2845
-0.026256265 0.048016936 0.2845
-0.023704821 0.047890358 0.28375003
-0.021110401 0.047637191 0.28225002
-0.018476177 0.047215249 0.27975002
-0.015885694 0.046793308 0.27725002
-0.013399639 0.046582337 0.27600002
-0.010975254 0.046540141 0.27575001
-0.0085785333 0.04662453 0.27625
-0.0061674886 0.046666726 0.27650002
-0.0037385121 0.046540141 0.27575001
-0.0013262648 0.046540141 0.27575001
0.0010859824 0.046540141 0.27575001
0.0035014013 0.046582337 0.27600002
0.0059211939 0.04662453 0.27625
0.0083378144 0.04662453 0.27625
0.010744704 0.046582337 0.27600002
0.013147218 0.046540141 0.27575001
0.015517146 0.046413559 0.27500001
0.017922832 0.046413559 0.27500001
0.020402441 0.046582337 0.27600002
0.022899544 0.046751112 0.27700001
0.025482707 0.047046471 0.27875
0.028021365 0.047215249 0.27975002
0.030495832 0.047257442 0.28
0.033033505 0.047384024 0.28075001
0.035584297 0.047510605 0.28150001
0.038080636 0.047552802 0.28175002
0.04054537 0.047552802 0.28175002
0.043086432 0.047637191 0.28225002
0.045394138 0.047468409 0.28125
0.04764181 0.047257442 0.28
0.05071738 0.047848161 0.28350002
0 0 0
0 0 0
0 0 0
0 0 0
0 0 0
0 0 0
0 0 0
0 0 0
0 0 0
0 0 0
0 0 0
0 0 0
0 0 0
0 0 0
0 0 0
0 0 0
0 0 0
0 0 0
0 0 0
0 0 0
0 0 0
0 0 0
0 0 0
0 0 0
0 0 0
0 0 0
0 0 0
0 0 0
0 0 0
0 0 0
0 0 0
0 0 0
0 0 0
0 0 0
0 0 0
0 0 0
0 0 0
0 0 0
0 0 0
0 0 0
0 0 0
0 0 0
0 0 0
0 0 0
0 0 0
0 0 0
0 0 0
0 0 0
0 0 0
0 0 0
0 0 0
0 0 0
0 0 0
0 0 0
0 0 0
0 0 0
0 0 0
0 0 0
-0 0 0
-0 0 0
-0 0 0
-0 0 0
-0 0 0
-0 0 0
-0 0 0
-0 0 0
-0 0 0
-0 0 0
-0 0 0
-0 0 0
-0 0 0
-0 0 0
-0 0 0
-0 0 0
-0 0 0
-0 0 0
-0 0 0
-0 0 0
-0 0 0
-0 0 0
-0 0 0
-0 0 0
-0 0 0
-0 0 0
-0 0 0
-0 0 0
-0 0 0
-0 0 0
-0 0 0
-0.30136251 0.12341926 0.69525003
-0 0 0
-0.28867853 0.12319735 0.69400001
-0.28260747 0.12319735 0.69400001
-0.276636 0.12324174 0.69425005
-0.27056274 0.12324174 0.69425005
-0.26458472 0.12328612 0.69450003
-0.25878844 0.12341926 0.69525003
-0.25334251 0.12372991 0.69700003
-0.24715652 0.12368554 0.69675004
-0.24158034 0.12395182 0.69825006
-0 0 0
-0 0 0
-0 0 0
-0 0 0
-0 0 0
-0 0 0
-0 0 0
-0 0 0
-0 0 0
-0 0 0
-0 0 0
-0 0 0
-0 0 0
-0 0 0
-0 0 0
-0 0 0
-0 0 0
-0 0 0
-0 0 0
-0 0 0
-0.046937395 0.051347028 0.28925002
-0.044407055 0.051347028 0.28925002
-0.041840516 0.051302645 0.289
-0.03917633 0.051125132 0.28800002
-0.03640236 0.050770093 0.28600001
-0.033722643 0.050503816 0.2845
-0.031151513 0.050370682 0.28375003
-0.028542982 0.050148778 0.2825
-0.025910182 0.049838126 0.28075001
-0.02326623 0.049438711 0.27850002
-0.020642942 0.048994917 0.27600002
-0.018195484 0.048906155 0.2755
-0.015799748 0.048950534 0.27575001
-0.013387501 0.048950534 0.27575001
-0.010955353 0.048861779 0.27525002
-0.0085552428 0.048906155 0.2755
-0.0061507593 0.048950534 0.27575001
-0.0037283439 0.048817396 0.27500001
-0.0013226576 0.048817396 0.27500001
0.0010830287 0.048817396 0.27500001
0.0034918867 0.048861779 0.27525002
0.0059051183 0.048906155 0.2755
0.0083151776 0.048906155 0.2755
0.010705774 0.048817396 0.27500001
0.01312338 0.048861779 0.27525002
0.015517146 0.048817396 0.27500001
0.017906539 0.048773021 0.27475002
0.020328518 0.048817396 0.27500001
0.022734204 0.048817396 0.27500001
0.025139891 0.048817396 0.27500001
0.02757062 0.048861779 0.27525002
0.030087406 0.049039293 0.27625
0.032680519 0.049305573 0.27775002
0.03539468 0.049704984 0.28
0.038046844 0.049971264 0.28150001
0.040581346 0.050060023 0.28200001
0.042971943 0.049971264 0.28150001
0.045232739 0.049749367 0.28025001
0.04764181 0.049704984 0.28
0.050449032 0.050060023 0.28200001
0 0 0
0 0 0
0 0 0
0 0 0
0 0 0
0 0 0
0 0 0
0 0 0
0 0 0
0 0 0
0 0 0
0 0 0
0 0 0
0 0 0
0 0 0
0 0 0
0 0 0
0 0 0
0 0 0
0 0 0
0 0 0
0 0 0
0 0 0
0 0 0
0 0 0
0 0 0
0 0 0
0 0 0
0 0 0
0 0 0
0 0 0
0 0 0
0 0 0
0 0 0
0 0 0
0 0 0
0 0 0
0 0 0
0 0 0
0 0 0
0 0 0
0 0 0
0 0 0
0 0 0
0 0 0
0 0 0
0 0 0
0 0 0
0 0 0
0 0 0
0 0 0
0 0 0
0 0 0
0 0 0
0 0 0
0 0 0
0 0 0
0 0 0
-0 0 0
-0 0 0
-0 0 0
-0 0 0
-0 0 0
-0 0 0
-0 0 0
-0 0 0
-0 0 0
-0 0 0
-0 0 0
-0 0 0
-0 0 0
-0 0 0
-0 0 0
-0 0 0
-0 0 0
-0 0 0
-0 0 0
-0 0 0
-0 0 0
-0 0 0
-0 0 0
-0 0 0
-0 0 0
-0 0 0
-0 0 0
-0 0 0
-0 0 0
-0 0 0
-0 0 0
-0 0 0
-0.29612994 0.12986912 0.69725001
-0.28940648 0.12958974 0.69575006
-0.28250566 0.12921721 0.69375002
-0.2767356 0.12935691 0.69450003
-0.27095246 0.1294966 0.69525003
-0.26496568 0.12954316 0.69550002
-0.25878844 0.1294966 0.69525003
-0.25306988 0.12968285 0.69625002
-0.24697913 0.12968285 0.69625002
-0.24114786 0.12982255 0.69700003
-0.23505054 0.12982255 0.69700003
-0.22952805 0.1301485 0.69875002
-0.22365524 0.1302882 0.69950002
-0 0 0
-0 0 0
-0 0 0
-0 0 0
-0 0 0
-0 0 0
-0 0 0
-0 0 0
-0 0 0
-0 0 0
-0 0 0
-0 0 0
-0 0 0
-0 0 0
-0 0 0
-0 0 0
-0.049467742 0.053875428 0.28925002
-0.046896826 0.053828862 0.289
-0.04429191 0.053735733 0.28850001
-0.041731931 0.053689167 0.28825
-0.039006293 0.053409781 0.28675002
-0.036306895 0.053130392 0.28525001
-0.033574473 0.05275787 0.28325
-0.030684924 0.052059401 0.27950001
-0.027987279 0.051593754 0.27700001
-0.025425663 0.051314361 0.2755
-0.022994721 0.051267803 0.27525002
-0.020586846 0.051267803 0.27525002
-0.018162461 0.051221233 0.27500001
-0.015713802 0.051081538 0.27425
-0.013314676 0.051081538 0.27425
-0.010885702 0.050941851 0.27350003
-0.0084853731 0.050895281 0.27325001
-0.006106148 0.05098841 0.27375001
-0.0037046182 0.050895281 0.27325001
-0.0013130382 0.050848715 0.273
0.0010751521 0.050848715 0.273
0.0034633423 0.050848715 0.273
0.0058568916 0.050895281 0.27325001
0.0082397228 0.050848715 0.273
0.010637647 0.050895281 0.27325001
0.013051862 0.05098841 0.27375001
0.015474826 0.051081538 0.27425
0.01787395 0.051081538 0.27425
0.020310039 0.051174674 0.27475002
0.022734204 0.051221233 0.27500001
0.025117038 0.051174674 0.27475002
0.027520537 0.051174674 0.27475002
0.029896807 0.051128108 0.27450001
0.032356951 0.051221233 0.27500001
0.034983851 0.051547188 0.27675
0.037877899 0.052199095 0.28025001
0.040437441 0.05233879 0.28100002
0.042819291 0.052245662 0.28050002
0.045152038 0.052105967 0.27975002
0.04764181 0.052152529 0.28
0.05040431 0.052478485 0.28175002
0.053056691 0.052664742 0.28275001
0 0 0
0 0 0
0 0 0
0 0 0
0 0 0
0 0 0
0 0 0
0 0 0
0 0 0
0 0 0
0 0 0
0 0 0
0 0 0
0 0 0
0 0 0
0 0 0
0 0 0
0 0 0
0 0 0
0 0 0
0 0 0
0 0 0
0 0 0
0 0 0
0 0 0
0 0 0
0 0 0
0 0 0
0 0 0
0 0 0
0 0 0
0 0 0
0 0 0
0 0 0
0 0 0
0 0 0
0 0 0
0 0 0
0 0 0
0 0 0
0 0 0
0 0 0
0 0 0
0 0 0
0 0 0
0 0 0
0 0 0
0 0 0
0 0 0
0 0 0
0 0 0
0 0 0
0 0 0
0 0 0
0 0 0
0 0 0
0 0 0
-0 0 0
-0 0 0
-0 0 0
-0 0 0
-0 0 0
-0 0 0
-0 0 0
-0 0 0
-0 0 0
-0 0 0
-0 0 0
-0 0 0
-0 0 0
-0 0 0
-0 0 0
-0 0 0
-0 0 0
-0 0 0
-0 0 0
-0 0 0
-0 0 0
-0 0 0
-0 0 0
-0 0 0
-0 0 0
-0 0 0
-0 0 0
-0 0 0
-0 0 0
-0 0 0
-0 0 0
-0.30255452 0.13611019 0.69800001
-0.29644847 0.13611019 0.69800001
-0.29003042 0.13596393 0.69725001
-0 0 0
-0.27723372 0.13567144 0.69575006
-0.27114734 0.13567144 0.69575006
-0.26506093 0.13567144 0.69575006
-0.25916067 0.13576894 0.69625002
-0.25316074 0.13581768 0.6965
-0.24715652 0.13586643 0.69675004
-0.24114786 0.13591519 0.69700003
-0.23513484 0.13596393 0.69725001
-0.22878896 0.13581768 0.6965
-0.2228559 0.13591519 0.69700003
-0.21652533 0.13576894 0.69625002
-0 0 0
-0 0 0
-0 0 0
-0 0 0
-0 0 0
-0 0 0
-0 0 0
-0 0 0
-0 0 0
-0 0 0
-0 0 0
-0 0 0
-0 0 0
-0 0 0
-0 0 0
-0.049382232 0.056306329 0.28875002
-0.046775121 0.056208827 0.28825
-0.044138387 0.056062579 0.28750002
-0.041587155 0.056013826 0.28725001
-0.038836259 0.055672579 0.28550002
-0.036052335 0.055233825 0.28325
-0.032952178 0.054210078 0.27800003
-0.030328123 0.053868823 0.27625
-0.027835723 0.053722572 0.2755
-0.025379518 0.053625073 0.27500001
-0.022932064 0.053527575 0.27450001
-0.020512052 0.053478822 0.27425
-0.018063394 0.053332575 0.27350003
-0.015599208 0.053088825 0.27225003
-0.013229716 0.053137574 0.27250001
-0.0108459 0.053137574 0.27250001
-0.0084620826 0.053137574 0.27250001
-0.0060894187 0.053235073 0.273
-0.0037012286 0.053235073 0.273
-0.0013118358 0.053186323 0.27275002
0.001073183 0.053137574 0.27250001
0.0034601712 0.053186323 0.27275002
0.0058461749 0.053186323 0.27275002
0.0082321782 0.053186323 0.27275002
0.010618181 0.053186323 0.27275002
0.013016104 0.053235073 0.273
0.015404294 0.053235073 0.273
0.017825073 0.053332575 0.27350003
0.020236116 0.053381324 0.27375001
0.022651536 0.053430077 0.27400002
0.025048474 0.053430077 0.27400002
0.027445413 0.053430077 0.27400002
0.029869577 0.053478822 0.27425
0.032268703 0.053478822 0.27425
0.034699429 0.053527575 0.27450001
0.037235897 0.053722572 0.2755
0.039933771 0.054112572 0.2775
0.042552143 0.054356322 0.27875
0.045071337 0.054453827 0.27925003
0.04764181 0.054600075 0.28
0.05040431 0.054941326 0.28175002
0.053009775 0.055087574 0.2825
0.05523558 0.054843824 0.28125
0.057542089 0.054697577 0.28050002
0 0 0
0 0 0
0 0 0
0 0 0
0 0 0
0 0 0
0 0 0
0 0 0
0 0 0
0 0 0
0 0 0
0 0 0
0 0 0
0 0 0
0 0 0
0 0 0
0 0 0
0 0 0
0 0 0
0 0 0
0 0 0
0 0 0
0 0 0
0 0 0
0 0 0
0 0 0
0 0 0
0 0 0
0 0 0
0 0 0
0 0 0
0 0 0
0 0 0
0 0 0
0 0 0
0 0 0
0 0 0
0 0 0
0 0 0
0 0 0
0 0 0
0 0 0
0 0 0
0 0 0
0 0 0
0 0 0
0 0 0
0 0 0
0 0 0
0 0 0
0 0 0
0 0 0
0 0 0
0 0 0
0 0 0
-0 0 0
-0 0 0
-0 0 0
-0 0 0
-0 0 0
-0 0 0
-0 0 0
-0 0 0
-0 0 0
-0 0 0
-0 0 0
-0 0 0
-0 0 0
-0 0 0
-0 0 0
-0 0 0
-0 0 0
-0 0 0
-0 0 0
-0 0 0
-0 0 0
-0 0 0
-0 0 0
-0 0 0
-0 0 0
-0 0 0
-0 0 0
-0 0 0
-0 0 0
-0 0 0
-0 0 0
-0 0 0
-0.29612994 0.14205876 0.69725001
-0.28982243 0.1419569 0.69675004
-0 0 0
-0 0 0
-0.27143961 0.14190595 0.6965
-0.26515618 0.14180408 0.69600004
-0.25943983 0.14200783 0.69700003
-0.25334251 0.14200783 0.69700003
-0.24724519 0.14200783 0.69700003
-0.24140733 0.14216064 0.69775003
-0.23530346 0.14216064 0.69775003
-0.22903533 0.14205876 0.69725001
-0 0 0
-0.21629208 0.1417022 0.69550002
-0 0 0
-0 0 0
-0 0 0
-0 0 0
-0 0 0
-0 0 0
-0 0 0
-0 0 0
-0 0 0
-0 0 0
-0 0 0
-0 0 0
-0 0 0
-0 0 0
-0.052222796 0.059186906 0.29050002
-0.049424984 0.05888129 0.289
-0.04665342 0.058575682 0.28750002
-0.043831337 0.058168199 0.28550002
-0.041225214 0.058015391 0.28475001
-0.038428169 0.057556972 0.2825
-0.03519319 0.056334525 0.27650002
-0.032655843 0.056130782 0.2755
-0.030218339 0.05607985 0.27525002
-0.027734688 0.055927042 0.27450001
-0.025264157 0.055774234 0.27375001
-0.022827638 0.055672366 0.27325001
-0.020418562 0.055621427 0.273
-0.018013861 0.055570494 0.27275002
-0.015584882 0.055417687 0.27200001
-0.013205442 0.055417687 0.27200001
-0.010835949 0.055468626 0.27225003
-0.0084465565 0.055417687 0.27200001
-0.0060782661 0.055519558 0.27250001
-0.0036910607 0.055468626 0.27225003
-0.0013082286 0.055417687 0.27200001
0.0010721985 0.055468626 0.27225003
0.0034506563 0.055417687 0.27200001
0.00582474 0.055366751 0.27175
0.0082095414 0.055417687 0.27200001
0.010588984 0.055417687 0.27200001
0.012980347 0.055468626 0.27225003
0.015361976 0.055468626 0.27225003
0.017759897 0.055519558 0.27250001
0.020162195 0.055570494 0.27275002
0.022568865 0.055621427 0.273
0.024934202 0.055570494 0.27275002
0.027320206 0.055570494 0.27275002
0.029760664 0.055672366 0.27325001
0.032209873 0.055774234 0.27375001
0.034636226 0.055825174 0.27400002
0.037100744 0.055927042 0.27450001
0.039538033 0.055977978 0.27475002
0.04205602 0.056130782 0.2755
0.044990633 0.056792941 0.27875
0.04764181 0.057047617 0.28
0.05040431 0.057404168 0.28175002
0.052962869 0.05750604 0.28225002
0.055137385 0.057200424 0.28075001
0.057542089 0.057149492 0.28050002
0 0 0
0 0 0
0 0 0
0 0 0
0 0 0
0 0 0
0 0 0
0 0 0
0 0 0
0 0 0
0 0 0
0 0 0
0 0 0
0 0 0
0 0 0
0 0 0
0 0 0
0 0 0
0 0 0
0 0 0
0 0 0
0 0 0
0 0 0
0 0 0
0 0 0
0 0 0
0 0 0
0 0 0
0 0 0
0 0 0
0 0 0
0 0 0
0 0 0
0 0 0
0 0 0
0 0 0
0 0 0
0 0 0
0 0 0
0 0 0
0 0 0
0 0 0
0 0 0
0 0 0
0 0 0
0 0 0
0 0 0
0 0 0
0 0 0
0 0 0
0 0 0
0 0 0
0 0 0
0 0 0
0 0 0
-0 0 0
-0 0 0
-0 0 0
-0 0 0
-0 0 0
-0 0 0
-0 0 0
-0 0 0
-0 0 0
-0 0 0
-0 0 0
-0 0 0
-0 0 0
-0 0 0
-0 0 0
-0 0 0
-0 0 0
-0 0 0
-0 0 0
-0 0 0
-0 0 0
-0 0 0
-0 0 0
-0 0 0
-0 0 0
-0 0 0
-0 0 0
-0 0 0
-0 0 0
-0 0 0
-0 0 0
-0 0 0
-0 0 0
-0.28982243 0.14804734 0.69675004
-0 0 0
-0.27783141 0.14815357 0.69725001
-0 0 0
-0 0 0
-0 0 0
-0 0 0
-0.24742256 0.14820671 0.69750005
-0.24270478 0.14905664 0.70150006
-0 0 0
-0.22969231 0.14857855 0.69925004
-0.22405492 0.14889728 0.70075005
-0 0 0
-0 0 0
-0 0 0
-0 0 0
-0 0 0
-0 0 0
-0 0 0
-0 0 0
-0 0 0
-0 0 0
-0 0 0
-0 0 0
-0 0 0
-0 0 0
-0.054245654 0.061141904 0.28775001
-0.051908202 0.061354391 0.28875002
-0.049253967 0.061195027 0.28800002
-0.046328872 0.060663819 0.28550002
-0.043485906 0.06018573 0.28325
-0.040537521 0.059495162 0.28
-0.037475966 0.058538988 0.2755
-0.034970447 0.058379631 0.27475002
-0.032507677 0.058273386 0.27425
-0.030026216 0.058114029 0.27350003
-0.027557872 0.057954665 0.27275002
-0.02517187 0.057954665 0.27275002
-0.022764981 0.057901543 0.27250001
-0.020362468 0.057848427 0.27225003
-0.017964326 0.057795305 0.27200001
-0.015541909 0.057635941 0.27125001
-0.013181167 0.057689063 0.27150002
-0.010796147 0.057635941 0.27125001
-0.0084155025 0.057582822 0.27100003
-0.0060559609 0.057689063 0.27150002
-0.003677503 0.057635941 0.27125001
-0.0013022166 0.057529699 0.27075002
0.0010672756 0.057582822 0.27100003
0.0034379703 0.057582822 0.27100003
0.0058033061 0.057529699 0.27075002
0.0081718136 0.057529699 0.27075002
0.010550054 0.057582822 0.27100003
0.012932668 0.057635941 0.27125001
0.015305549 0.057635941 0.27125001
0.017694723 0.057689063 0.27150002
0.020088272 0.057742178 0.27175
0.022527531 0.057901543 0.27250001
0.024888493 0.057848427 0.27225003
0.027270123 0.057848427 0.27225003
0.02967898 0.057901543 0.27250001
0.032092214 0.057954665 0.27275002
0.034541417 0.058060907 0.27325001
0.037066951 0.058273386 0.27425
0.039502054 0.058326509 0.27450001
0.041903369 0.058326509 0.27450001
0.044385381 0.05843275 0.27500001
0.047258977 0.059017077 0.27775002
0.05040431 0.059867013 0.28175002
0.052775219 0.059760764 0.28125
0.05499009 0.059495162 0.28
0.057542089 0.059601407 0.28050002
0.060102835 0.059707649 0.28100002
0 0 0
0 0 0
0 0 0
0 0 0
0 0 0
0 0 0
0 0 0
0 0 0
0 0 0
0 0 0
0 0 0
0 0 0
0 0 0
0 0 0
0 0 0
0 0 0
0 0 0
0 0 0
0 0 0
0 0 0
0 0 0
0 0 0
0 0 0
0 0 0
0 0 0
0 0 0
0 0 0
0 0 0
0 0 0
0 0 0
0 0 0
0 0 0
0 0 0
0 0 0
0 0 0
0 0 0
0 0 0
0 0 0
0 0 0
0 0 0
0 0 0
0 0 0
0 0 0
0 0 0
0 0 0
0 0 0
0 0 0
0 0 0
0 0 0
0 0 0
0 0 0
0 0 0
0 0 0
0 0 0
-0 0 0
-0 0 0
-0 0 0
-0 0 0
-0 0 0
-0 0 0
-0 0 0
-0 0 0
-0 0 0
-0 0 0
-0 0 0
-0 0 0
-0 0 0
-0 0 0
-0 0 0
-0 0 0
-0 0 0
-0 0 0
-0 0 0
-0 0 0
-0 0 0
-0 0 0
-0 0 0
-0 0 0
-0 0 0
-0 0 0
-0 0 0
-0 0 0
-0 0 0
-0 0 0
-0 0 0
-0 0 0
-0 0 0
-0 0 0
-0.28525436 0.15496737 0.70050001
-0.27902681 0.15491207 0.70025003
-0 0 0
-0 0 0
-0 0 0
-0 0 0
-0 0 0
-0 0 0
-0 0 0
-0 0 0
-0 0 0
-0 0 0
-0 0 0
-0 0 0
-0 0 0
-0 0 0
-0 0 0
-0 0 0
-0 0 0
-0 0 0
-0 0 0
-0 0 0
-0 0 0
-0 0 0
-0.056960143 0.063878417 0.28875002
-0.054292783 0.0637125 0.28800002
-0.051683493 0.063601889 0.28750002
-0.048954681 0.06332536 0.28625003
-0.046085462 0.062827602 0.28400001
-0.042795043 0.061666172 0.27875
-0.039813638 0.060836583 0.27500001
-0.037339941 0.060725972 0.27450001
-0.034874987 0.060615361 0.27400002
-0.03241878 0.060504753 0.27350003
-0.029998768 0.060449444 0.27325001
-0.02758313 0.060394134 0.273
-0.025125725 0.060228221 0.27225003
-0.022744099 0.060228221 0.27225003
-0.02032507 0.060117606 0.27175
-0.017914793 0.060006995 0.27125001
-0.015513261 0.059896383 0.27075002
-0.013132617 0.059841074 0.2705
-0.010736445 0.059675157 0.26975
-0.0083689224 0.059619855 0.26950002
-0.0060225022 0.059730466 0.27000001
-0.0036571664 0.059675157 0.26975
-0.0012974067 0.059675157 0.26975
0.0010613682 0.059619855 0.26950002
0.0034189408 0.059619855 0.26950002
0.0057765134 0.059619855 0.26950002
0.0081340857 0.059619855 0.26950002
0.010491658 0.059619855 0.26950002
0.01287307 0.059730466 0.27000001
0.015235016 0.059730466 0.27000001
0.017629549 0.059841074 0.2705
0.020014351 0.059896383 0.27075002
0.022424193 0.060006995 0.27125001
0.024797074 0.060006995 0.27125001
0.027220039 0.060117606 0.27175
0.029624524 0.060172915 0.27200001
0.032033384 0.060228221 0.27225003
0.034478214 0.060338832 0.27275002
0.036965586 0.060504753 0.27350003
0.039430104 0.060615361 0.27400002
0.041903369 0.060725972 0.27450001
0.04430468 0.060725972 0.27450001
0.04674853 0.060781281 0.27475002
0.049643993 0.061389644 0.2775
0.052493755 0.061887398 0.27975002
0.054940995 0.061887398 0.27975002
0.057490803 0.06199801 0.28025001
0.05999589 0.062053319 0.28050002
0 0 0
0 0 0
0 0 0
0 0 0
0 0 0
0 0 0
0 0 0
0 0 0
0 0 0
0 0 0
0 0 0
0 0 0
0 0 0
0 0 0
0 0 0
0 0 0
0 0 0
0 0 0
0 0 0
0 0 0
0 0 0
0 0 0
0 0 0
0 0 0
0 0 0
0 0 0
0 0 0
0 0 0
0 0 0
0 0 0
0 0 0
0 0 0
0 0 0
0 0 0
0 0 0
0 0 0
0 0 0
0 0 0
0 0 0
0 0 0
0 0 0
0 0 0
0 0 0
0 0 0
0 0 0
0 0 0
0 0 0
0 0 0
0 0 0
0 0 0
0 0 0
0 0 0
0 0 0
0 0 0
-0 0 0
-0 0 0
-0 0 0
-0 0 0
-0 0 0
-0 0 0
-0 0 0
-0 0 0
-0 0 0
-0 0 0
-0 0 0
-0 0 0
-0 0 0
-0 0 0
-0 0 0
-0 0 0
-0 0 0
-0 0 0
-0 0 0
-0 0 0
-0 0 0
-0 0 0
-0 0 0
-0 0 0
-0 0 0
-0 0 0
-0 0 0
-0 0 0
-0 0 0
-0 0 0
-0 0 0
-0 0 0
-0 0 0
-0.29221424 0.16155054 0.70250005
-0.2860688 0.16155054 0.70250005
-0 0 0
-0.27280363 0.16097562 0.70000005
-0 0 0
-0 0 0
-0 0 0
-0.24795465 0.16074567 0.69900006
-0 0 0
-0 0 0
-0.23075987 0.16155054 0.70250005
-0 0 0
-0 0 0
-0 0 0
-0 0 0
-0 0 0
-0 0 0
-0 0 0
-0 0 0
-0 0 0
-0 0 0
-0 0 0
-0 0 0
-0 0 0
-0.059022583 0.065885022 0.28650001
-0.056565613 0.065942518 0.28675002
-0.053962883 0.065827534 0.28625003
-0.05145878 0.065827534 0.28625003
-0.04848437 0.065195128 0.28350002
-0.045274101 0.064160287 0.27900001
-0.042219326 0.063240424 0.27500001
-0.039632667 0.062952965 0.27375001
-0.037067879 0.062665507 0.27250001
-0.034684066 0.062665507 0.27250001
-0.032359511 0.062780492 0.273
-0.02997132 0.062780492 0.273
-0.027507355 0.062608026 0.27225003
-0.025056507 0.062435549 0.27150002
-0.022681441 0.062435549 0.27150002
-0.020250278 0.062263072 0.27075002
-0.017848747 0.06214809 0.27025002
-0.015455963 0.062033102 0.26975
-0.01307193 0.061918121 0.26925001
-0.010696644 0.06180314 0.26875001
-0.0083378684 0.061745647 0.2685
-0.0059890435 0.061745647 0.2685
-0.0036368303 0.061688159 0.26825002
-0.0012901924 0.061688159 0.26825002
0.0010534916 0.061515685 0.26750001
0.0033935683 0.061515685 0.26750001
0.005755079 0.061745647 0.2685
0.0081039034 0.061745647 0.2685
0.010442995 0.061688159 0.26825002
0.012813472 0.06180314 0.26875001
0.015164484 0.06180314 0.26875001
0.017548081 0.061918121 0.26925001
0.019921949 0.061975617 0.26950002
0.022320855 0.062090598 0.27000001
0.024705658 0.06214809 0.27025002
0.027169956 0.062378053 0.27125001
0.029624524 0.06255053 0.27200001
0.032033384 0.062608026 0.27225003
0.03441501 0.062608026 0.27225003
0.036796641 0.062608026 0.27225003
0.039286196 0.062780492 0.273
0.041827042 0.063010462 0.27400002
0.04430468 0.063125439 0.27450001
0.04674853 0.063182935 0.27475002
0.049152032 0.063182935 0.27475002
0.05188391 0.063585371 0.27650002
0.054940995 0.064332761 0.27975002
0.057439517 0.06439025 0.28
0.059835475 0.064332761 0.27975002
0.062227052 0.064275265 0.27950001
0 0 0
0 0 0
0 0 0
0 0 0
0 0 0
0 0 0
0 0 0
0 0 0
0 0 0
0 0 0
0 0 0
0 0 0
0 0 0
0 0 0
0 0 0
0 0 0
0 0 0
0 0 0
0 0 0
0 0 0
0 0 0
0 0 0
0 0 0
0 0 0
0 0 0
0 0 0
0 0 0
0 0 0
0 0 0
0 0 0
0 0 0
0 0 0
0 0 0
0 0 0
0 0 0
0 0 0
0 0 0
0 0 0
0 0 0
0 0 0
0 0 0
0 0 0
0 0 0
0 0 0
0 0 0
0 0 0
0 0 0
0 0 0
0 0 0
0 0 0
0 0 0
0 0 0
0 0 0
-0 0 0
-0 0 0
-0 0 0
-0 0 0
-0 0 0
-0 0 0
-0 0 0
-0 0 0
-0 0 0
-0 0 0
-0 0 0
-0 0 0
-0 0 0
-0 0 0
-0 0 0
-0 0 0
-0 0 0
-0 0 0
-0 0 0
-0 0 0
-0 0 0
-0 0 0
-0 0 0
-0 0 0
-0 0 0
-0 0 0
-0 0 0
-0 0 0
-0 0 0
-0 0 0
-0.30888173 0.16673642 0.69850004
-0 0 0
-0.29772261 0.16733319 0.70100003
-0 0 0
-0.28627241 0.1678106 0.70300001
-0.27992335 0.16769126 0.70250005
-0.27309594 0.16727352 0.70075005
-0.26725152 0.16745254 0.70150006
-0 0 0
-0 0 0
-0.24813201 0.16697513 0.69950002
-0 0 0
-0 0 0
-0 0 0
-0 0 0
-0 0 0
-0 0 0
-0 0 0
-0 0 0
-0 0 0
-0 0 0
-0 0 0
-0 0 0
-0 0 0
-0 0 0
-0 0 0
-0.062012084 0.068926476 0.28875002
-0.059074089 0.068449065 0.28675002
-0.056269716 0.068090998 0.28525001
-0.05358585 0.067852296 0.28425002
-0.050784644 0.067434557 0.2825
-0.04754376 0.066360384 0.27800003
-0.044625007 0.065644257 0.27500001
-0.042027421 0.065345876 0.27375001
-0.039487895 0.065107174 0.27275002
-0.037033875 0.064987823 0.27225003
-0.034652248 0.064987823 0.27225003
-0.032240979 0.064928144 0.27200001
-0.029806646 0.064808793 0.27150002
-0.027381059 0.064689443 0.27100003
-0.024918074 0.064450726 0.27000001
-0.022514358 0.064331375 0.26950002
-0.02011939 0.064212024 0.26900002
-0.017733166 0.064092666 0.2685
-0.015355693 0.063973315 0.26800001
-0.012986969 0.063853964 0.26750001
-0.010626991 0.063734613 0.26700002
-0.0082679987 0.063555583 0.26625001
-0.0059332796 0.063495904 0.266
-0.0035995466 0.063376553 0.26550001
-0.0012721561 0.063137844 0.26450002
0.0010426613 0.063197516 0.26475
0.0033650245 0.063316874 0.26525003
0.0056907767 0.063376553 0.26550001
0.0080133574 0.063376553 0.26550001
0.010326206 0.063316874 0.26525003
0.012694278 0.063555583 0.26625001
0.015065739 0.063734613 0.26700002
0.017450321 0.063913643 0.26775002
0.019811064 0.063973315 0.26800001
0.022238187 0.064212024 0.26900002
0.024637094 0.064331375 0.26950002
0.027094832 0.064570084 0.2705
0.029542837 0.064749114 0.27125001
0.031945135 0.064808793 0.27150002
0.034320202 0.064808793 0.27150002
0.036729056 0.064868465 0.27175
0.039142292 0.064928144 0.27200001
0.041674387 0.065166846 0.273
0.044183627 0.065345876 0.27375001
0.046705991 0.065524906 0.27450001
0.049152032 0.065584585 0.27475002
0.051461704 0.065465227 0.27425
0.054450013 0.066181354 0.27725002
0.057388235 0.066778116 0.27975002
0.059781998 0.066718437 0.27950001
0.062171396 0.066658765 0.27925003
0.064672105 0.066718437 0.27950001
0.067117155 0.066718437 0.27950001
0 0 0
0 0 0
0 0 0
0 0 0
0 0 0
0 0 0
0 0 0
0 0 0
0 0 0
0 0 0
0 0 0
0 0 0
0 0 0
0 0 0
0 0 0
0 0 0
0 0 0
0 0 0
0 0 0
0 0 0
0 0 0
0 0 0
0 0 0
0 0 0
0 0 0
0 0 0
0 0 0
0 0 0
0 0 0
0 0 0
0 0 0
0 0 0
0 0 0
0 0 0
0 0 0
0 0 0
0 0 0
0 0 0
0 0 0
0 0 0
0 0 0
0 0 0
0 0 0
0 0 0
0 0 0
0 0 0
0 0 0
0 0 0
0 0 0
0 0 0
0 0 0
-0 0 0
-0 0 0
-0 0 0
-0 0 0
-0 0 0
-0 0 0
-0 0 0
-0 0 0
-0 0 0
-0 0 0
-0 0 0
-0 0 0
-0 0 0
-0 0 0
-0 0 0
-0 0 0
-0 0 0
-0 0 0
-0 0 0
-0 0 0
-0 0 0
-0 0 0
-0 0 0
-0 0 0
-0 0 0
-0 0 0
-0 0 0
-0 0 0
-0 0 0
-0 0 0
-0 0 0
-0 0 0
-0 0 0
-0 0 0
-0 0 0
-0.28022221 0.17401755 0.70325005
-0.27426508 0.17414127 0.70375001
-0.26772773 0.17389382 0.70275003
-0.26158011 0.17389382 0.70275003
-0.25625032 0.17445059 0.70500004
-0 0 0
-0.24426167 0.17469802 0.70600003
-0.23816994 0.17475989 0.70625001
-0 0 0
-0 0 0
-0 0 0
-0 0 0
-0 0 0
-0 0 0
-0 0 0
-0 0 0
-0 0 0
-0 0 0
-0 0 0
-0 0 0
-0 0 0
-0.062173158 0.071636096 0.28950003
-0.059074089 0.070955612 0.28675002
-0.056220401 0.070522577 0.28500003
-0.05358585 0.07033699 0.28425002
-0.050335221 0.069285333 0.28
-0.046987943 0.067986242 0.27475002
-0.044462737 0.067800656 0.27400002
-0.041912276 0.0675532 0.273
-0.039451696 0.067429483 0.27250001
-0.037067879 0.067429483 0.27250001
-0.034556784 0.067182034 0.27150002
-0.032122448 0.06705831 0.27100003
-0.029696859 0.066934586 0.2705
-0.02728002 0.066810861 0.27000001
-0.024848856 0.066625275 0.26925001
-0.022430817 0.066439688 0.2685
-0.020044595 0.066315964 0.26800001
-0.017617589 0.066006653 0.26675001
-0.015241098 0.065821066 0.266
-0.012877733 0.065635487 0.26525003
-0.010547388 0.065573625 0.26500002
-0.0082291812 0.065573625 0.26500002
-0.0059165512 0.065635487 0.26525003
-0.0035893782 0.065511763 0.26475
-0.0012709537 0.065388039 0.26425001
0.0010416767 0.065449901 0.26450002
0.0033555096 0.065449901 0.26450002
0.0056693428 0.065449901 0.26450002
0.0079756295 0.065388039 0.26425001
0.010297008 0.065449901 0.26450002
0.01262276 0.065511763 0.26475
0.014952887 0.065573625 0.26500002
0.017303679 0.06569735 0.26550001
0.019644741 0.065759212 0.26575002
0.022072846 0.066068523 0.26700002
0.024477113 0.066254109 0.26775002
0.026969625 0.066625275 0.26925001
0.029406695 0.066810861 0.27000001
0.031798057 0.066872723 0.27025002
0.034225393 0.066996448 0.27075002
0.03666148 0.067120172 0.27125001
0.039070338 0.067182034 0.27150002
0.041559901 0.067367621 0.27225003
0.044022229 0.067491345 0.27275002
0.046578377 0.067738786 0.27375001
0.049152032 0.067986242 0.27475002
0.051555529 0.067986242 0.27475002
0.054008126 0.068048097 0.27500001
0.057080522 0.068852305 0.27825001
0.059675056 0.069037892 0.27900001
0.062115733 0.069037892 0.27900001
0.064672105 0.069161616 0.27950001
0.067177191 0.069223478 0.27975002
0 0 0
0 0 0
0 0 0
0 0 0
0 0 0
0 0 0
0 0 0
0 0 0
0 0 0
0 0 0
0 0 0
0 0 0
0 0 0
0 0 0
0 0 0
0 0 0
0 0 0
0 0 0
0 0 0
0 0 0
0 0 0
0 0 0
0 0 0
0 0 0
0 0 0
0 0 0
0 0 0
0 0 0
0 0 0
0 0 0
0 0 0
0 0 0
0 0 0
0 0 0
0 0 0
0 0 0
0 0 0
0 0 0
0 0 0
0 0 0
0 0 0
0 0 0
0 0 0
0 0 0
0 0 0
0 0 0
0 0 0
0 0 0
0 0 0
0 0 0
0 0 0
-0 0 0
-0 0 0
-0 0 0
-0 0 0
-0 0 0
-0 0 0
-0 0 0
-0 0 0
-0 0 0
-0 0 0
-0 0 0
-0 0 0
-0 0 0
-0 0 0
-0 0 0
-0 0 0
-0 0 0
-0 0 0
-0 0 0
-0 0 0
-0 0 0
-0 0 0
-0 0 0
-0 0 0
-0 0 0
-0 0 0
-0 0 0
-0 0 0
-0 0 0
-0 0 0
-0 0 0
-0 0 0
-0 0 0
-0 0 0
-0 0 0
-0.28032184 0.18022887 0.70350003
-0.2743625 0.18035698 0.70400006
-0.26858491 0.18061316 0.70500004
-0.26232457 0.18054911 0.70475006
-0 0 0
-0.25017169 0.18067721 0.70525002
-0 0 0
-0.23825425 0.18099745 0.70650005
-0 0 0
-0 0 0
-0 0 0
-0 0 0
-0 0 0
-0 0 0
-0 0 0
-0 0 0
-0 0 0
-0 0 0
-0 0 0
-0 0 0
-0 0 0
-0.061743636 0.073654309 0.28750002
-0.059022583 0.073398113 0.28650001
-0.056220401 0.073013835 0.28500003
-0.053255938 0.072373353 0.2825
-0.049526263 0.070580035 0.2755
-0.046859674 0.070195757 0.27400002
-0.044341031 0.070003614 0.27325001
-0.041873898 0.069875516 0.27275002
-0.039415505 0.069747426 0.27225003
-0.036999866 0.069683373 0.27200001
-0.034493145 0.069427192 0.27100003
-0.032033548 0.069235049 0.27025002
-0.029587075 0.069042906 0.26950002
-0.027178984 0.068914808 0.26900002
-0.024779638 0.068786711 0.2685
-0.02228462 0.068338379 0.26675001
-0.019820217 0.067890055 0.26500002
-0.017468987 0.067761965 0.26450002
-0.015183802 0.067890055 0.26500002
-0.01288987 0.068018146 0.26550001
-0.010636942 0.068466477 0.26725
-0.0083456319 0.068850763 0.26875001
-0.0060726902 0.069747426 0.27225003
-0.0037181757 0.070259795 0.27425
-0.0013226576 0.070451938 0.27500001
0.0010830287 0.070451938 0.27500001
0.003488715 0.070451938 0.27500001
0.0058729672 0.070195757 0.27400002
0.0082246317 0.069811471 0.27250001
0.010481926 0.068978854 0.26925001
0.012765795 0.068594575 0.26775002
0.014995207 0.068082199 0.26575002
0.017287387 0.067954108 0.26525003
0.019533858 0.067697912 0.26425001
0.021886839 0.067826003 0.26475
0.024271421 0.068018146 0.26550001
0.026794335 0.068530522 0.26750001
0.029243324 0.068786711 0.2685
0.031680394 0.068978854 0.26925001
0.034130588 0.069170997 0.27000001
0.036593903 0.06936314 0.27075002
0.039034363 0.06949123 0.27125001
0.041445408 0.069555283 0.27150002
0.043901175 0.069683373 0.27200001
0.046365693 0.069811471 0.27250001
0.04906258 0.070259795 0.27425
0.051555529 0.0703879 0.27475002
0.053959031 0.0703879 0.27475002
0.056516379 0.070580035 0.2755
0.059514638 0.071284555 0.27825001
0.062171396 0.071540751 0.27925003
0.064672105 0.071604788 0.27950001
0.067177191 0.071668841 0.27975002
0 0 0
0 0 0
0 0 0
0 0 0
0 0 0
0 0 0
0 0 0
0 0 0
0 0 0
0 0 0
0 0 0
0 0 0
0 0 0
0 0 0
0 0 0
0 0 0
0 0 0
0 0 0
0 0 0
0 0 0
0 0 0
0 0 0
0 0 0
0 0 0
0 0 0
0 0 0
0 0 0
0 0 0
0 0 0
0 0 0
0 0 0
0 0 0
0 0 0
0 0 0
0 0 0
0 0 0
0 0 0
0 0 0
0 0 0
0 0 0
0 0 0
0 0 0
0 0 0
0 0 0
0 0 0
0 0 0
0 0 0
0 0 0
0 0 0
0 0 0
0 0 0
-0 0 0
-0 0 0
-0 0 0
-0 0 0
-0 0 0
-0 0 0
-0 0 0
-0 0 0
-0 0 0
-0 0 0
-0 0 0
-0 0 0
-0 0 0
-0 0 0
-0 0 0
-0 0 0
-0 0 0
-0 0 0
-0 0 0
-0 0 0
-0 0 0
-0 0 0
-0 0 0
-0 0 0
-0 0 0
-0 0 0
-0 0 0
-0 0 0
-0 0 0
-0 0 0
-0 0 0
-0 0 0
-0 0 0
-0 0 0
-0 0 0
-0 0 0
-0 0 0
-0 0 0
-0 0 0
-0.25715899 0.18743806 0.70750004
-0.25105852 0.18750428 0.70775002
-0 0 0
-0 0 0
-0 0 0
-0 0 0
-0 0 0
-0 0 0
-0 0 0
-0 0 0
-0 0 0
-0 0 0
-0 0 0
-0 0 0
-0 0 0
-0 0 0
-0.064035162 0.075902477 0.28650001
-0.061475184 0.075836249 0.28625003
-0.058919579 0.075770013 0.28600001
-0.056220401 0.075505085 0.28500003
-0.052313358 0.073518105 0.2775
-0.049256615 0.07259085 0.27400002
-0.046645898 0.072259687 0.27275002
-0.044219326 0.072193451 0.27250001
-0.041797135 0.072127223 0.27225003
-0.039343115 0.071994752 0.27175
-0.036863841 0.071796067 0.27100003
-0.034397684 0.071597368 0.27025002
-0.031944647 0.071398668 0.26950002
-0.029477287 0.071133733 0.2685
-0.026951648 0.070670106 0.26675001
-0.024548916 0.070471406 0.266
-0.022117537 0.070140243 0.26475
-0.019782821 0.070074014 0.26450002
-0.017617589 0.070670106 0.26675001
-0.015527586 0.071796067 0.27100003
-0.013326814 0.072723314 0.27450001
-0.011005105 0.073253177 0.27650002
-0.0086018238 0.073385641 0.27700001
-0.0061897938 0.073518105 0.2775
-0.003762238 0.073518105 0.2775
-0.0013346816 0.073518105 0.2775
0.001093859 0.073584341 0.27775002
0.0035236022 0.073584341 0.27775002
0.0059533454 0.073584341 0.27775002
0.0083830878 0.073584341 0.27775002
0.010803099 0.073518105 0.2775
0.013194896 0.073319405 0.27675
0.015517146 0.072855778 0.27500001
0.017759897 0.072193451 0.27250001
0.019792587 0.070935041 0.26775002
0.021907507 0.070206478 0.26500002
0.02415715 0.070007779 0.26425001
0.026543921 0.070206478 0.26500002
0.029079955 0.070736341 0.26700002
0.03153332 0.071001269 0.26800001
0.034004178 0.071266204 0.26900002
0.036458742 0.071464896 0.26975
0.03892643 0.071663596 0.2705
0.041407242 0.071862295 0.27125001
0.043860823 0.071994752 0.27175
0.04623808 0.071994752 0.27175
0.048704788 0.072127223 0.27225003
0.051414795 0.07259085 0.27400002
0.053860828 0.072657079 0.27425
0.056311242 0.072723314 0.27450001
0.05903339 0.073120713 0.27600002
0.062171396 0.07398174 0.27925003
0.064787798 0.074180432 0.28
0.06747736 0.074445359 0.28100002
0.070993274 0.075571314 0.28525001
0 0 0
0 0 0
0 0 0
0 0 0
0 0 0
0 0 0
0 0 0
0 0 0
0 0 0
0 0 0
0 0 0
0 0 0
0 0 0
0 0 0
0 0 0
0 0 0
0 0 0
0 0 0
0 0 0
0 0 0
0 0 0
0 0 0
0 0 0
0 0 0
0 0 0
0 0 0
0 0 0
0 0 0
0 0 0
0 0 0
0 0 0
0 0 0
0 0 0
0 0 0
0 0 0
0 0 0
0 0 0
0 0 0
0 0 0
0 0 0
0 0 0
0 0 0
0 0 0
0 0 0
0 0 0
0 0 0
0 0 0
0 0 0
0 0 0
0 0 0
-0 0 0
-0 0 0
-0 0 0
-0 0 0
-0 0 0
-0 0 0
-0 0 0
-0 0 0
-0 0 0
-0 0 0
-0 0 0
-0 0 0
-0 0 0
-0 0 0
-0 0 0
-0 0 0
-0 0 0
-0 0 0
-0 0 0
-0 0 0
-0 0 0
-0 0 0
-0 0 0
-0 0 0
-0 0 0
-0 0 0
-0 0 0
-0 0 0
-0 0 0
-0 0 0
-0 0 0
-0 0 0
-0 0 0
-0 0 0
-0 0 0
-0 0 0
-0 0 0
-0 0 0
-0 0 0
-0 0 0
-0 0 0
-0 0 0
-0 0 0
-0 0 0
-0 0 0
-0 0 0
-0 0 0
-0 0 0
-0 0 0
-0 0 0
-0 0 0
-0 0 0
-0 0 0
-0 0 0
-0 0 0
-0.063867524 0.078201585 0.28575
-0.061314113 0.078133173 0.28550002
-0.058610559 0.077859491 0.2845
-0.055234075 0.07662797 0.28
-0.051700678 0.075054362 0.27425
-0.04898696 0.074575439 0.27250001
-0.046560392 0.074507028 0.27225003
-0.044178762 0.074507028 0.27225003
-0.04168199 0.074301772 0.27150002
-0.039162144 0.074028097 0.2705
-0.036727808 0.07389126 0.27000001
-0.034302223 0.07375443 0.26950002
-0.031826112 0.073480755 0.2685
-0.02925772 0.072933413 0.26650003
-0.026774835 0.072522908 0.26500002
-0.024479702 0.072591327 0.26525003
-0.022326389 0.073138662 0.26725
-0.020399865 0.074643858 0.27275002
-0.018211996 0.075464875 0.27575001
-0.01587137 0.07580696 0.27700001
-0.013472462 0.075943798 0.2775
-0.011034956 0.075875379 0.27725002
-0.0086095873 0.075875379 0.27725002
-0.0061953706 0.076012217 0.27775002
-0.003762238 0.075943798 0.2775
-0.0013358841 0.076012217 0.27775002
0.0010948436 0.076080635 0.27800003
0.0035236022 0.076012217 0.27775002
0.0059533454 0.076012217 0.27775002
0.0083830878 0.076012217 0.27775002
0.010812832 0.076012217 0.27775002
0.013230654 0.075943798 0.2775
0.015644105 0.075875379 0.27725002
0.018085767 0.075943798 0.2775
0.020439401 0.075670131 0.27650002
0.022589533 0.074780695 0.27325001
0.024499966 0.073343918 0.26800001
0.026493838 0.072386071 0.26450002
0.028780442 0.072317652 0.26425001
0.031150918 0.072454482 0.26475
0.033751357 0.07307025 0.26700002
0.036256008 0.073412336 0.26825002
0.03878253 0.07375443 0.26950002
0.041254591 0.073959686 0.27025002
0.043699425 0.074096516 0.27075002
0.046195544 0.074301772 0.27150002
0.048660062 0.074438609 0.27200001
0.05118024 0.074643858 0.27275002
0.053762633 0.074917525 0.27375001
0.056259952 0.075054362 0.27425
0.058712553 0.075122781 0.27450001
0.062004417 0.076217473 0.27850002
0.065250568 0.077175319 0.28200001
0.068197757 0.077722661 0.28400001
0.070993274 0.078064747 0.28525001
0 0 0
0 0 0
0 0 0
0 0 0
0 0 0
0 0 0
0 0 0
0 0 0
0 0 0
0 0 0
0 0 0
0 0 0
0 0 0
0 0 0
0 0 0
0 0 0
0 0 0
0 0 0
0 0 0
0 0 0
0 0 0
0 0 0
0 0 0
0 0 0
0 0 0
0 0 0
0 0 0
0 0 0
0 0 0
0 0 0
0 0 0
0 0 0
0 0 0
0 0 0
0 0 0
0 0 0
0 0 0
0 0 0
0 0 0
0 0 0
0 0 0
0 0 0
0 0 0
0 0 0
0 0 0
0 0 0
0 0 0
0 0 0
0 0 0
0 0 0
-0 0 0
-0 0 0
-0 0 0
-0 0 0
-0 0 0
-0 0 0
-0 0 0
-0 0 0
-0 0 0
-0 0 0
-0 0 0
-0 0 0
-0 0 0
-0 0 0
-0 0 0
-0 0 0
-0 0 0
-0 0 0
-0 0 0
-0 0 0
-0 0 0
-0 0 0
-0 0 0
-0 0 0
-0 0 0
-0 0 0
-0 0 0
-0 0 0
-0 0 0
-0 0 0
-0 0 0
-0 0 0
-0 0 0
-0 0 0
-0 0 0
-0 0 0
-0 0 0
-0 0 0
-0 0 0
-0 0 0
-0 0 0
-0 0 0
-0 0 0
-0 0 0
-0 0 0
-0 0 0
-0 0 0
-0 0 0
-0 0 0
-0 0 0
-0 0 0
-0 0 0
-0 0 0
-0 0 0
-0.066367254 0.080699392 0.28575
-0.063811652 0.08062879 0.28550002
-0.061045662 0.080275774 0.28425002
-0.058147032 0.079710953 0.28225002
-0.054346383 0.077804662 0.2755
-0.051417906 0.077028029 0.27275002
-0.048852131 0.076745614 0.27175
-0.046560392 0.076886825 0.27225003
-0.044057056 0.076675013 0.27150002
-0.041528463 0.076392598 0.2705
-0.039053559 0.076180786 0.26975
-0.036625788 0.076039582 0.26925001
-0.034079481 0.075615972 0.26775002
-0.03152978 0.075121738 0.266
-0.02912049 0.07490994 0.26525003
-0.026825354 0.074980535 0.26550001
-0.024987292 0.076463208 0.27075002
-0.023036491 0.077875264 0.27575001
-0.020717734 0.07822828 0.27700001
-0.018311065 0.078298889 0.27725002
-0.015900018 0.078369483 0.2775
-0.013472462 0.078369483 0.2775
-0.011034956 0.078298889 0.27725002
-0.0086018238 0.07822828 0.27700001
-0.0061897938 0.078369483 0.2775
-0.0037554591 0.07822828 0.27700001
-0.0013310744 0.078157678 0.27675
0.0010909053 0.07822828 0.27700001
0.0035172591 0.078298889 0.27725002
0.0059479866 0.078369483 0.2775
0.0083755422 0.078369483 0.2775
0.010793366 0.078298889 0.27725002
0.013230654 0.078369483 0.2775
0.015658211 0.078369483 0.2775
0.018102061 0.078440093 0.27775002
0.020476362 0.07822828 0.27700001
0.022878876 0.078157678 0.27675
0.025208455 0.077875264 0.27575001
0.02724508 0.076816224 0.27200001
0.029025499 0.075262956 0.26650003
0.031121504 0.074698128 0.26450002
0.033498541 0.074839331 0.26500002
0.036019485 0.075262956 0.26650003
0.038638622 0.07582777 0.2685
0.041140102 0.076110192 0.26950002
0.043578375 0.076251395 0.27000001
0.046110474 0.076533809 0.27100003
0.048704788 0.076886825 0.27225003
0.051133327 0.076957427 0.27250001
0.053664438 0.077169232 0.27325001
0.056259952 0.077451646 0.27425
0.05865908 0.077451646 0.27425
0.061336502 0.077804662 0.2755
0.065134875 0.07949914 0.28150001
0.068257786 0.080275774 0.28425002
0.070931055 0.080487587 0.28500003
0 0 0
0 0 0
0 0 0
0 0 0
0 0 0
0 0 0
0 0 0
0 0 0
0 0 0
0 0 0
0 0 0
0 0 0
0 0 0
0 0 0
0 0 0
0 0 0
0 0 0
0 0 0
0 0 0
0 0 0
0 0 0
0 0 0
0 0 0
0 0 0
0 0 0
0 0 0
0 0 0
0 0 0
0 0 0
0 0 0
0 0 0
0 0 0
0 0 0
0 0 0
0 0 0
0 0 0
0 0 0
0 0 0
0 0 0
0 0 0
0 0 0
0 0 0
0 0 0
0 0 0
0 0 0
0 0 0
0 0 0
0 0 0
0 0 0
0 0 0
-0 0 0
-0 0 0
-0 0 0
-0 0 0
-0 0 0
-0 0 0
-0 0 0
-0 0 0
-0 0 0
-0 0 0
-0 0 0
-0 0 0
-0 0 0
-0 0 0
-0 0 0
-0 0 0
-0 0 0
-0 0 0
-0 0 0
-0 0 0
-0 0 0
-0 0 0
-0 0 0
-0 0 0
-0 0 0
-0 0 0
-0 0 0
-0 0 0
-0 0 0
-0 0 0
-0 0 0
-0 0 0
-0 0 0
-0 0 0
-0 0 0
-0 0 0
-0 0 0
-0 0 0
-0 0 0
-0 0 0
-0 0 0
-0 0 0
-0 0 0
-0 0 0
-0 0 0
-0 0 0
-0 0 0
-0 0 0
-0 0 0
-0 0 0
-0 0 0
-0 0 0
-0 0 0
-0 0 0
-0.066251129 0.083051622 0.28525001
-0.063644022 0.082906045 0.28475001
-0.06056245 0.082105368 0.28200001
-0.057219975 0.080867968 0.27775002
-0.054001171 0.079703353 0.27375001
-0.051229388 0.079121046 0.27175
-0.048897076 0.079193838 0.27200001
-0.046517633 0.079193838 0.27200001
-0.043935351 0.078829892 0.27075002
-0.041413318 0.078538731 0.26975
-0.038944982 0.078320377 0.26900002
-0.036387738 0.077883646 0.26750001
-0.033824921 0.077374123 0.26575002
-0.031411249 0.077155761 0.26500002
-0.02925772 0.077592492 0.26650003
-0.02758313 0.079484984 0.273
-0.025494881 0.080431238 0.27625
-0.023099147 0.08050403 0.27650002
-0.020717734 0.080649599 0.27700001
-0.018311065 0.080722392 0.27725002
-0.015885694 0.080722392 0.27725002
-0.013460326 0.080722392 0.27725002
-0.011015055 0.080576807 0.27675
-0.0085785333 0.080431238 0.27625
-0.0061674886 0.08050403 0.27650002
-0.0037385121 0.080285661 0.27575001
-0.0013250624 0.080212869 0.2755
0.0010840134 0.080140084 0.27525002
0.003495058 0.080212869 0.2755
0.0059211939 0.080431238 0.27625
0.0083529055 0.080576807 0.27675
0.010773901 0.080576807 0.27675
0.013206816 0.080649599 0.27700001
0.015644105 0.080722392 0.27725002
0.018069474 0.080722392 0.27725002
0.020494843 0.080722392 0.27725002
0.022899544 0.080649599 0.27700001
0.025277019 0.08050403 0.27650002
0.027645744 0.080358453 0.27600002
0.029869577 0.07984893 0.27425
0.031445071 0.077810854 0.26725
0.033435337 0.077010185 0.26450002
0.035749167 0.077010185 0.26450002
0.038422763 0.077738069 0.26700002
0.041025609 0.078247584 0.26875001
0.043497674 0.078465953 0.26950002
0.04598286 0.078684315 0.27025002
0.048525888 0.078975469 0.27125001
0.050992589 0.079121046 0.27175
0.053566243 0.0794122 0.27275002
0.056157384 0.079703353 0.27375001
0.058605611 0.079776146 0.27400002
0.061058205 0.07984893 0.27425
0.064151488 0.080722392 0.27725002
0.068017654 0.082469314 0.28325
0.070931055 0.082978837 0.28500003
0.073488623 0.083051622 0.28525001
0 0 0
0 0 0
0 0 0
0 0 0
0 0 0
0 0 0
0 0 0
0 0 0
0 0 0
0 0 0
0 0 0
0 0 0
0 0 0
0 0 0
0 0 0
0 0 0
0 0 0
0 0 0
0 0 0
0 0 0
0 0 0
0 0 0
0 0 0
0 0 0
0 0 0
0 0 0
0 0 0
0 0 0
0 0 0
0 0 0
0 0 0
0 0 0
0 0 0
0 0 0
0 0 0
0 0 0
0 0 0
0 0 0
0 0 0
0 0 0
0 0 0
0 0 0
0 0 0
0 0 0
0 0 0
0 0 0
0 0 0
0 0 0
0 0 0
-0 0 0
-0 0 0
-0 0 0
-0 0 0
-0 0 0
-0 0 0
-0 0 0
-0 0 0
-0 0 0
-0 0 0
-0 0 0
-0 0 0
-0 0 0
-0 0 0
-0 0 0
-0 0 0
-0 0 0
-0 0 0
-0 0 0
-0 0 0
-0 0 0
-0 0 0
-0 0 0
-0 0 0
-0 0 0
-0 0 0
-0 0 0
-0 0 0
-0 0 0
-0 0 0
-0 0 0
-0 0 0
-0 0 0
-0 0 0
-0 0 0
-0 0 0
-0 0 0
-0 0 0
-0 0 0
-0 0 0
-0 0 0
-0 0 0
-0 0 0
-0 0 0
-0 0 0
-0 0 0
-0 0 0
-0 0 0
-0 0 0
-0 0 0
-0 0 0
-0 0 0
-0 0 0
-0 0 0
-0.066309191 0.085620023 0.28550002
-0.063644022 0.085395105 0.28475001
-0.060293999 0.084195517 0.28075001
-0.05665344 0.082471125 0.27500001
-0.053853225 0.081871331 0.273
-0.05127652 0.081571445 0.27200001
-0.048897076 0.081571445 0.27200001
-0.046389367 0.081346519 0.27125001
-0.043813646 0.080971651 0.27000001
-0.041298181 0.080671757 0.26900002
-0.038800202 0.080371857 0.26800001
-0.036081672 0.079547152 0.26525003
-0.033729456 0.079472177 0.26500002
-0.031618681 0.079996988 0.26675001
-0.030163446 0.082396157 0.27475002
-0.02796202 0.082995936 0.27675
-0.025517954 0.082920969 0.27650002
-0.023099147 0.082920969 0.27650002
-0.020717734 0.083070911 0.27700001
-0.018294552 0.083070911 0.27700001
-0.015885694 0.083145894 0.27725002
-0.013460326 0.083145894 0.27725002
-0.010995154 0.082845993 0.27625
-0.0085552428 0.082621068 0.2755
-0.0061396067 0.0825461 0.27525002
-0.0037113968 0.082096256 0.27375001
-0.0012998118 0.081046626 0.27025002
0.0010564453 0.080446839 0.26825002
0.0034347984 0.081196576 0.27075002
0.0058676084 0.082096256 0.27375001
0.0083151776 0.082621068 0.2755
0.010744704 0.082771026 0.27600002
0.013182977 0.082920969 0.27650002
0.015615892 0.082995936 0.27675
0.018036885 0.082995936 0.27675
0.020457881 0.082995936 0.27675
0.022899544 0.083070911 0.27700001
0.025277019 0.082920969 0.27650002
0.027670784 0.082845993 0.27625
0.030114636 0.082920969 0.27650002
0.032298118 0.082321174 0.27450001
0.03403578 0.080746725 0.26925001
0.035782956 0.079397202 0.26475
0.03817093 0.079547152 0.26525003
0.04079663 0.080146939 0.26725
0.043416973 0.080671757 0.26900002
0.045855246 0.080821708 0.26950002
0.048257541 0.080896676 0.26975
0.050804947 0.081196576 0.27075002
0.053468049 0.08164642 0.27225003
0.055952247 0.081796363 0.27275002
0.058498669 0.082021289 0.27350003
0.061002549 0.082171232 0.27400002
0.063862257 0.082771026 0.27600002
0.067537382 0.084345467 0.28125
0.070806608 0.085320123 0.2845
0.07342422 0.08547008 0.28500003
0 0 0
0 0 0
0 0 0
0 0 0
0 0 0
0 0 0
0 0 0
0 0 0
0 0 0
0 0 0
0 0 0
0 0 0
0 0 0
0 0 0
0 0 0
0 0 0
0 0 0
0 0 0
0 0 0
0 0 0
0 0 0
0 0 0
0 0 0
0 0 0
0 0 0
0 0 0
0 0 0
0 0 0
0 0 0
0 0 0
0 0 0
0 0 0
0 0 0
0 0 0
0 0 0
0 0 0
0 0 0
0 0 0
0 0 0
0 0 0
0 0 0
0 0 0
0 0 0
0 0 0
0 0 0
0 0 0
0 0 0
0 0 0
0 0 0
-0 0 0
-0 0 0
-0 0 0
-0 0 0
-0 0 0
-0 0 0
-0 0 0
-0 0 0
-0 0 0
-0 0 0
-0 0 0
-0 0 0
-0 0 0
-0 0 0
-0 0 0
-0 0 0
-0 0 0
-0 0 0
-0 0 0
-0 0 0
-0 0 0
-0 0 0
-0 0 0
-0 0 0
-0 0 0
-0 0 0
-0 0 0
-0 0 0
-0 0 0
-0 0 0
-0 0 0
-0 0 0
-0 0 0
-0 0 0
-0 0 0
-0 0 0
-0 0 0
-0 0 0
-0 0 0
-0 0 0
-0 0 0
-0 0 0
-0 0 0
-0 0 0
-0 0 0
-0 0 0
-0 0 0
-0 0 0
-0 0 0
-0 0 0
-0 0 0
-0 0 0
-0 0 0
-0 0 0
-0.066134997 0.087884165 0.28475001
-0.063476391 0.087652691 0.28400001
-0.059810791 0.085955195 0.27850002
-0.056447428 0.084566332 0.27400002
-0.05380391 0.084180534 0.27275002
-0.05127652 0.083949059 0.27200001
-0.048807193 0.083794743 0.27150002
-0.046261102 0.083486095 0.2705
-0.043691941 0.083100304 0.26925001
-0.041183036 0.082791671 0.26825002
-0.038474455 0.082020082 0.26575002
-0.035979651 0.081634283 0.26450002
-0.033856738 0.082097232 0.266
-0.032507677 0.084643483 0.27425
-0.030410461 0.085492238 0.27700001
-0.02801254 0.085569397 0.27725002
-0.025564097 0.085492238 0.27700001
-0.023120031 0.085415073 0.27675
-0.020717734 0.085492238 0.27700001
-0.018294552 0.085492238 0.27700001
-0.015842721 0.085337922 0.27650002
-0.013411776 0.085260756 0.27625
-0.010965304 0.085029282 0.2755
-0.0085397167 0.084874965 0.27500001
-0.0061284541 0.084797807 0.27475002
-0.0037080077 0.084412016 0.27350003
-0.0013082286 0.083949059 0.27200001
0.0010682602 0.083717577 0.27125001
0.0034601712 0.084180534 0.27275002
0.0058729672 0.084566332 0.27400002
0.0082925418 0.084797807 0.27475002
0.010715506 0.084952123 0.27525002
0.013147218 0.08510644 0.27575001
0.015573573 0.085183606 0.27600002
0.018004298 0.085260756 0.27625
0.020439401 0.085337922 0.27650002
0.022837542 0.085260756 0.27625
0.025254162 0.085260756 0.27625
0.027695827 0.085337922 0.27650002
0.030141862 0.085415073 0.27675
0.032415781 0.085029282 0.2755
0.034762636 0.084874965 0.27500001
0.036526326 0.083408944 0.27025002
0.03817093 0.081865765 0.26525003
0.040529486 0.081942916 0.26550001
0.043134518 0.082483031 0.26725
0.045685094 0.082868822 0.2685
0.048168093 0.083100304 0.26925001
0.050758034 0.083486095 0.2705
0.053418946 0.083949059 0.27200001
0.055849679 0.084026217 0.27225003
0.058284774 0.084103376 0.27250001
0.060891233 0.084412016 0.27350003
0.063457333 0.084643483 0.27425
0.066816986 0.085878029 0.27825001
0.070371069 0.087266892 0.28275001
0 0 0
0 0 0
0 0 0
0 0 0
0 0 0
0 0 0
0 0 0
0 0 0
0 0 0
0 0 0
0 0 0
0 0 0
0 0 0
0 0 0
0 0 0
0 0 0
0 0 0
0 0 0
0 0 0
0 0 0
0 0 0
0 0 0
0 0 0
0 0 0
0 0 0
0 0 0
0 0 0
0 0 0
0 0 0
0 0 0
0 0 0
0 0 0
0 0 0
0 0 0
0 0 0
0 0 0
0 0 0
0 0 0
0 0 0
0 0 0
0 0 0
0 0 0
0 0 0
0 0 0
0 0 0
0 0 0
0 0 0
0 0 0
0 0 0
0 0 0
-0 0 0
-0 0 0
-0 0 0
-0 0 0
-0 0 0
-0 0 0
-0 0 0
-0 0 0
-0 0 0
-0 0 0
-0 0 0
-0 0 0
-0 0 0
-0 0 0
-0 0 0
-0 0 0
-0 0 0
-0 0 0
-0 0 0
-0 0 0
-0 0 0
-0 0 0
-0 0 0
-0 0 0
-0 0 0
-0.32850012 0.21454717 0.67600006
-0.32222861 0.21430914 0.67525005
-0 0 0
-0 0 0
-0 0 0
-0 0 0
-0 0 0
-0 0 0
-0 0 0
-0 0 0
-0 0 0
-0 0 0
-0 0 0
-0 0 0
-0 0 0
-0 0 0
-0 0 0
-0 0 0
-0 0 0
-0 0 0
-0 0 0
-0 0 0
-0 0 0
-0 0 0
-0 0 0
-0 0 0
-0 0 0
-0 0 0
-0 0 0
-0.065844677 0.089976512 0.28350002
-0.063197002 0.089738473 0.28275001
-0.059381269 0.087754868 0.27650002
-0.056292918 0.086723395 0.27325001
-0.053705279 0.086406022 0.27225003
-0.051229388 0.086247325 0.27175
-0.048717309 0.086009294 0.27100003
-0.046132833 0.085612565 0.26975
-0.043529667 0.085136503 0.26825002
-0.040952746 0.084660433 0.26675001
-0.038365871 0.08410503 0.26500002
-0.03611568 0.084263712 0.26550001
-0.034779526 0.086723395 0.27325001
-0.032774378 0.087754868 0.27650002
-0.030410461 0.087913558 0.27700001
-0.028037798 0.08807224 0.2775
-0.025587171 0.087992907 0.27725002
-0.023140917 0.087913558 0.27700001
-0.020699035 0.087834209 0.27675
-0.018228509 0.087596186 0.27600002
-0.015785422 0.087437488 0.2755
-0.013351089 0.087278798 0.27500001
-0.010925503 0.087120116 0.27450001
-0.0085241897 0.087120116 0.27450001
-0.0061284541 0.087199464 0.27475002
-0.0037181757 0.087040767 0.27425
-0.0013166454 0.086882077 0.27375001
0.0010761367 0.086723395 0.27325001
0.0034728572 0.086882077 0.27375001
0.0058783256 0.087040767 0.27425
0.0082849963 0.087120116 0.27450001
0.010686309 0.087120116 0.27450001
0.013099541 0.087199464 0.27475002
0.015517146 0.087278798 0.27500001
0.017955419 0.087437488 0.2755
0.020365478 0.087437488 0.2755
0.022775538 0.087437488 0.2755
0.025185598 0.087437488 0.2755
0.027645744 0.087596186 0.27600002
0.030087406 0.087675519 0.27625
0.032445196 0.087516837 0.27575001
0.034857441 0.087516837 0.27575001
0.037235897 0.087437488 0.2755
0.03885448 0.085691914 0.27000001
0.040453162 0.08410503 0.26500002
0.042811718 0.084184378 0.26525003
0.045557488 0.084977821 0.26775002
0.048168093 0.085453883 0.26925001
0.050758034 0.085850604 0.2705
0.053369846 0.086247325 0.27175
0.055798389 0.086326674 0.27200001
0.058177833 0.086326674 0.27200001
0.060779911 0.086644046 0.273
0.063399486 0.086961426 0.27400002
0.06597653 0.087199464 0.27475002
0.06999775 0.089262411 0.28125
0.072458111 0.089262411 0.28125
0 0 0
0 0 0
0 0 0
0 0 0
0 0 0
0 0 0
0 0 0
0 0 0
0 0 0
0 0 0
0 0 0
0 0 0
0 0 0
0 0 0
0 0 0
0 0 0
0 0 0
0 0 0
0 0 0
0 0 0
0 0 0
0 0 0
0 0 0
0 0 0
0 0 0
0 0 0
0 0 0
0 0 0
0 0 0
0 0 0
0 0 0
0 0 0
0 0 0
0 0 0
0 0 0
0 0 0
0 0 0
0 0 0
0 0 0
0 0 0
0 0 0
0 0 0
0 0 0
0 0 0
0 0 0
0 0 0
0 0 0
0 0 0
0 0 0
-0 0 0
-0 0 0
-0 0 0
-0 0 0
-0 0 0
-0 0 0
-0 0 0
-0 0 0
-0 0 0
-0 0 0
-0 0 0
-0 0 0
-0 0 0
-0 0 0
-0 0 0
-0 0 0
-0 0 0
-0 0 0
-0 0 0
-0 0 0
-0 0 0
-0 0 0
-0 0 0
-0 0 0
-0 0 0
-0.32825714 0.22029318 0.67550004
-0 0 0
-0 0 0
-0 0 0
-0 0 0
-0 0 0
-0 0 0
-0 0 0
-0 0 0
-0 0 0
-0 0 0
-0 0 0
-0 0 0
-0 0 0
-0 0 0
-0 0 0
-0 0 0
-0 0 0
-0 0 0
-0 0 0
-0 0 0
-0 0 0
-0 0 0
-0 0 0
-0 0 0
-0 0 0
-0 0 0
-0.071304277 0.093106888 0.28550002
-0.068505481 0.092699245 0.28425002
-0.065728553 0.092291594 0.28300002
-0.06269411 0.091476299 0.28050002
-0.058736987 0.089193463 0.27350003
-0.056138407 0.088867344 0.27250001
-0.053705279 0.08878582 0.27225003
-0.051229388 0.088622749 0.27175
-0.048627421 0.088215105 0.2705
-0.046047326 0.087807454 0.26925001
-0.043448534 0.087318286 0.26775002
-0.040799223 0.086666048 0.26575002
-0.038438261 0.086584508 0.26550001
-0.036829833 0.088296637 0.27075002
-0.035129551 0.090008765 0.27600002
-0.032774378 0.090171821 0.27650002
-0.030410461 0.090334877 0.27700001
-0.028037798 0.090497933 0.2775
-0.025564097 0.090334877 0.27700001
-0.023078261 0.09009029 0.27625
-0.020605544 0.089845695 0.2755
-0.018162461 0.089682639 0.27500001
-0.015728125 0.089519583 0.27450001
-0.013314676 0.089438051 0.27425
-0.010895651 0.089274988 0.27375001
-0.0085086636 0.089356527 0.27400002
-0.0061173006 0.089438051 0.27425
-0.0037147864 0.089356527 0.27400002
-0.0013154431 0.089193463 0.27350003
0.0010761367 0.089111932 0.27325001
0.0034633423 0.0890304 0.273
0.0058568916 0.089111932 0.27325001
0.0082472684 0.089111932 0.27325001
0.010647379 0.089193463 0.27350003
0.013063783 0.089356527 0.27400002
0.015474826 0.089438051 0.27425
0.017922832 0.089682639 0.27500001
0.020328518 0.089682639 0.27500001
0.022734204 0.089682639 0.27500001
0.025139891 0.089682639 0.27500001
0.027620701 0.089927226 0.27575001
0.03006018 0.090008765 0.27600002
0.032445196 0.089927226 0.27575001
0.034857441 0.089927226 0.27575001
0.037269689 0.089927226 0.27575001
0.039466076 0.089438051 0.27425
0.04079663 0.087155215 0.26725
0.042650316 0.086176865 0.26425001
0.045174647 0.086584508 0.26550001
0.048123371 0.08772593 0.26900002
0.050711125 0.088133581 0.27025002
0.053173456 0.088296637 0.27075002
0.055695821 0.088541225 0.27150002
0.058177833 0.088704288 0.27200001
0.060724255 0.088948876 0.27275002
0.06334164 0.089274988 0.27375001
0.065856457 0.089438051 0.27425
0.069624431 0.091231704 0.27975002
0.072200485 0.091394767 0.28025001
0 0 0
0 0 0
0 0 0
0 0 0
0 0 0
0 0 0
0 0 0
0 0 0
0 0 0
0 0 0
0 0 0
0 0 0
0 0 0
0 0 0
0 0 0
0 0 0
0 0 0
0 0 0
0 0 0
0 0 0
0 0 0
0 0 0
0 0 0
0 0 0
0 0 0
0 0 0
0 0 0
0 0 0
0 0 0
0 0 0
0 0 0
0 0 0
0 0 0
0 0 0
0 0 0
0 0 0
0 0 0
0 0 0
0 0 0
0 0 0
0 0 0
0 0 0
0 0 0
0 0 0
0 0 0
0 0 0
0 0 0
0 0 0
0 0 0
-0 0 0
-0 0 0
-0 0 0
-0 0 0
-0 0 0
-0 0 0
-0 0 0
-0 0 0
-0 0 0
-0 0 0
-0 0 0
-0 0 0
-0 0 0
-0 0 0
-0 0 0
-0 0 0
-0 0 0
-0 0 0
-0 0 0
-0 0 0
-0 0 0
-0 0 0
-0 0 0
-0 0 0
-0 0 0
-0 0 0
-0 0 0
-0 0 0
-0 0 0
-0 0 0
-0 0 0
-0 0 0
-0 0 0
-0 0 0
-0 0 0
-0 0 0
-0 0 0
-0 0 0
-0 0 0
-0 0 0
-0 0 0
-0 0 0
-0 0 0
-0 0 0
-0 0 0
-0 0 0
-0 0 0
-0 0 0
-0 0 0
-0 0 0
-0 0 0
-0.073414065 0.095100217 0.28400001
-0.070929639 0.095100217 0.28400001
-0.068384975 0.095016509 0.28375003
-0.065728553 0.094765358 0.28300002
-0.062302969 0.0933422 0.27875
-0.058522224 0.091249324 0.27250001
-0.056086909 0.091165617 0.27225003
-0.053705279 0.091165617 0.27225003
-0.051182263 0.090914473 0.27150002
-0.048627421 0.090579607 0.2705
-0.045961816 0.089993604 0.26875001
-0.043245692 0.089240171 0.26650003
-0.040760841 0.088905312 0.26550001
-0.038944982 0.090077326 0.26900002
-0.037475966 0.092253901 0.2755
-0.03519319 0.092588767 0.27650002
-0.032774378 0.092588767 0.27650002
-0.030383015 0.092672482 0.27675
-0.027987279 0.092756197 0.27700001
-0.02547181 0.092421345 0.27600002
-0.022994721 0.092170194 0.27525002
-0.020549452 0.092002764 0.27475002
-0.018112928 0.091835327 0.27425
-0.015699478 0.09175162 0.27400002
-0.01330254 0.09175162 0.27400002
-0.01087575 0.091500476 0.27325001
-0.0084776096 0.091416754 0.273
-0.0060894187 0.091416754 0.273
-0.0036978393 0.091333047 0.27275002
-0.0013106334 0.091249324 0.27250001
0.0010712139 0.091081902 0.27200001
0.0034506563 0.091081902 0.27200001
0.0058300989 0.091081902 0.27200001
0.0082095414 0.091081902 0.27200001
0.010608449 0.091249324 0.27250001
0.013016104 0.091416754 0.273
0.015446614 0.091667905 0.27375001
0.017890245 0.09191905 0.27450001
0.020310039 0.092002764 0.27475002
0.022713538 0.092002764 0.27475002
0.025162745 0.092170194 0.27525002
0.027620701 0.092337623 0.27575001
0.030087406 0.092505053 0.27625
0.032445196 0.092337623 0.27575001
0.034889046 0.092421345 0.27600002
0.037303481 0.092421345 0.27600002
0.039645959 0.092253901 0.2755
0.041750714 0.091584191 0.27350003
0.042811718 0.088821597 0.26525003
0.044961963 0.088486731 0.26425001
0.047989197 0.089826174 0.26825002
0.0506173 0.090328462 0.26975
0.053075261 0.090495899 0.27025002
0.055593252 0.090747043 0.27100003
0.058124356 0.09099818 0.27175
0.060779911 0.091416754 0.273
0.063399486 0.09175162 0.27400002
0.065796427 0.09175162 0.27400002
0.069251105 0.09317477 0.27825001
0.072200485 0.093844496 0.28025001
0 0 0
0 0 0
0 0 0
0 0 0
0 0 0
0 0 0
0 0 0
0 0 0
0 0 0
0 0 0
0 0 0
0 0 0
0 0 0
0 0 0
0 0 0
0 0 0
0 0 0
0 0 0
0 0 0
0 0 0
0 0 0
0 0 0
0 0 0
0 0 0
0 0 0
0 0 0
0 0 0
0 0 0
0 0 0
0 0 0
0 0 0
0 0 0
0 0 0
0 0 0
0 0 0
0 0 0
0 0 0
0 0 0
0 0 0
0 0 0
0 0 0
0 0 0
0 0 0
0 0 0
0 0 0
0 0 0
0 0 0
0 0 0
0 0 0
-0 0 0
-0 0 0
-0 0 0
-0 0 0
-0 0 0
-0 0 0
-0 0 0
-0 0 0
-0 0 0
-0 0 0
-0 0 0
-0 0 0
-0 0 0
-0 0 0
-0 0 0
-0 0 0
-0 0 0
-0 0 0
-0 0 0
-0 0 0
-0 0 0
-0 0 0
-0 0 0
-0 0 0
-0 0 0
-0 0 0
-0 0 0
-0 0 0
-0 0 0
-0 0 0
-0 0 0
-0 0 0
-0 0 0
-0 0 0
-0 0 0
-0 0 0
-0 0 0
-0 0 0
-0 0 0
-0 0 0
-0 0 0
-0 0 0
-0 0 0
-0 0 0
-0 0 0
-0 0 0
-0 0 0
-0 0 0
-0 0 0
-0 0 0
-0 0 0
-0 0 0
-0.070742324 0.097325027 0.28325
-0.068204224 0.097239129 0.28300002
-0.06561242 0.097067319 0.2825
-0.061688323 0.094833925 0.27600002
-0.058468539 0.093545422 0.27225003
-0.056086909 0.093545422 0.27225003
-0.053606644 0.093373612 0.27175
-0.051088005 0.093115918 0.27100003
-0.048582483 0.092858218 0.27025002
-0.045790795 0.09199921 0.26775002
-0.043042853 0.091140211 0.26525003
-0.040799223 0.091312006 0.26575002
-0.039741252 0.094318517 0.27450001
-0.03757799 0.094919816 0.27625
-0.03519319 0.095005721 0.27650002
-0.032774378 0.095005721 0.27650002
-0.030383015 0.095091611 0.27675
-0.02796202 0.095091611 0.27675
-0.025448736 0.09474802 0.27575001
-0.022973834 0.094490312 0.27500001
-0.020549452 0.094404422 0.27475002
-0.018096417 0.094146721 0.27400002
-0.015685152 0.094060816 0.27375001
-0.013290402 0.094060816 0.27375001
-0.01085585 0.093717217 0.27275002
-0.00845432 0.093545422 0.27225003
-0.0060615367 0.093373612 0.27175
-0.0036741137 0.093115918 0.27100003
-0.001303419 0.093115918 0.27100003
0.001066291 0.093030013 0.27075002
0.0034379703 0.093115918 0.27100003
0.005808665 0.093115918 0.27100003
0.0081869038 0.093201809 0.27125001
0.010569518 0.093287714 0.27150002
0.012980347 0.093545422 0.27225003
0.015404294 0.093803108 0.273
0.017857658 0.094146721 0.27400002
0.020273076 0.094232611 0.27425
0.022713538 0.094404422 0.27475002
0.025117038 0.094404422 0.27475002
0.02757062 0.094576217 0.27525002
0.03003295 0.09474802 0.27575001
0.032445196 0.09474802 0.27575001
0.034889046 0.094833925 0.27600002
0.037337266 0.094919816 0.27625
0.039717916 0.094833925 0.27600002
0.042017858 0.094576217 0.27525002
0.043538023 0.092686407 0.26975
0.044961963 0.090796605 0.26425001
0.047586676 0.091397904 0.266
0.050570391 0.09260051 0.26950002
0.053124357 0.092944108 0.2705
0.055593252 0.093115918 0.27100003
0.058070891 0.093287714 0.27150002
0.060612936 0.093545422 0.27225003
0.063457333 0.094232611 0.27425
0.065916494 0.094318517 0.27450001
0.069002226 0.095263422 0.27725002
0.072136074 0.096208319 0.28
0 0 0
0 0 0
0 0 0
0 0 0
0 0 0
0 0 0
0 0 0
0 0 0
0 0 0
0 0 0
0 0 0
0 0 0
0 0 0
0 0 0
0 0 0
0 0 0
0 0 0
0 0 0
0 0 0
0 0 0
0 0 0
0 0 0
0 0 0
0 0 0
0 0 0
0 0 0
0 0 0
0 0 0
0 0 0
0 0 0
0 0 0
0 0 0
0 0 0
0 0 0
0 0 0
0 0 0
0 0 0
0 0 0
0 0 0
0 0 0
0 0 0
0 0 0
0 0 0
0 0 0
0 0 0
0 0 0
0 0 0
0 0 0
0 0 0
-0 0 0
-0 0 0
-0 0 0
-0 0 0
-0 0 0
-0 0 0
-0 0 0
-0 0 0
-0 0 0
-0 0 0
-0 0 0
-0 0 0
-0 0 0
-0 0 0
-0 0 0
-0 0 0
-0 0 0
-0 0 0
-0 0 0
-0 0 0
-0 0 0
-0 0 0
-0 0 0
-0 0 0
-0 0 0
-0 0 0
-0 0 0
-0 0 0
-0 0 0
-0 0 0
-0 0 0
-0 0 0
-0 0 0
-0 0 0
-0 0 0
-0 0 0
-0 0 0
-0 0 0
-0 0 0
-0 0 0
-0 0 0
-0 0 0
-0 0 0
-0 0 0
-0 0 0
-0 0 0
-0 0 0
-0 0 0
-0 0 0
-0 0 0
-0 0 0
-0.073349446 0.099977158 0.28375003
-0.070742324 0.099800974 0.28325
-0.06826447 0.099800974 0.28325
-0.065264039 0.09900821 0.28100002
-0.061241306 0.096541815 0.27400002
-0.058575917 0.096101388 0.27275002
-0.056086909 0.095925219 0.27225003
-0.053409379 0.095396705 0.27075002
-0.050899483 0.09513244 0.27000001
-0.048402712 0.094868183 0.26925001
-0.045619775 0.093987331 0.26675001
-0.042961713 0.09328264 0.26475
-0.041490085 0.095220536 0.27025002
-0.039958417 0.097246498 0.27600002
-0.03757799 0.097334579 0.27625
-0.03519319 0.097422667 0.27650002
-0.032744743 0.097334579 0.27625
-0.030355571 0.097422667 0.27650002
-0.02796202 0.097510748 0.27675
-0.025425663 0.097070321 0.2755
-0.022932064 0.096717983 0.27450001
-0.020512052 0.096629895 0.27425
-0.018063394 0.096365646 0.27350003
-0.015627855 0.096101388 0.27275002
-0.013229716 0.0960133 0.27250001
-0.010796147 0.095572874 0.27125001
-0.008407739 0.095396705 0.27075002
-0.006028079 0.095220536 0.27025002
-0.0036503875 0.094868183 0.26925001
-0.0012962044 0.094956271 0.26950002
0.0010603835 0.094868183 0.26925001
0.0034125978 0.094780102 0.26900002
0.0057765134 0.094956271 0.26950002
0.0081416303 0.095044352 0.26975
0.01050139 0.095044352 0.26975
0.012920748 0.095484793 0.27100003
0.015347869 0.095837131 0.27200001
0.017776191 0.096101388 0.27275002
0.020199155 0.096277557 0.27325001
0.022651536 0.096541815 0.27400002
0.025048474 0.096541815 0.27400002
0.027470453 0.096629895 0.27425
0.029951263 0.096894152 0.27500001
0.032356951 0.096894152 0.27500001
0.034825839 0.097070321 0.2755
0.037303481 0.097246498 0.27600002
0.039717916 0.097246498 0.27600002
0.042094182 0.09715841 0.27575001
0.044183627 0.096453726 0.27375001
0.045259722 0.093723074 0.266
0.047363054 0.09328264 0.26475
0.050335836 0.094515845 0.26825002
0.052977059 0.095044352 0.26975
0.055490676 0.095308609 0.2705
0.058017414 0.095572874 0.27125001
0.060445957 0.095660962 0.27150002
0.063399486 0.096541815 0.27400002
0.06597653 0.096806072 0.27475002
0.068815567 0.097422667 0.27650002
0.071878448 0.098303527 0.27900001
0 0 0
0 0 0
0 0 0
0 0 0
0 0 0
0 0 0
0 0 0
0 0 0
0 0 0
0 0 0
0 0 0
0 0 0
0 0 0
0 0 0
0 0 0
0 0 0
0 0 0
0 0 0
0 0 0
0 0 0
0 0 0
0 0 0
0 0 0
0 0 0
0 0 0
0 0 0
0 0 0
0 0 0
0 0 0
0 0 0
0 0 0
0 0 0
0 0 0
0 0 0
0 0 0
0 0 0
0 0 0
0 0 0
0 0 0
0 0 0
0 0 0
0 0 0
0 0 0
0 0 0
0 0 0
0 0 0
0 0 0
0 0 0
0 0 0
-0 0 0
-0 0 0
-0 0 0
-0 0 0
-0 0 0
-0 0 0
-0 0 0
-0 0 0
-0 0 0
-0 0 0
-0 0 0
-0 0 0
-0 0 0
-0 0 0
-0 0 0
-0 0 0
-0 0 0
-0 0 0
-0 0 0
-0 0 0
-0 0 0
-0 0 0
-0 0 0
-0 0 0
-0 0 0
-0 0 0
-0 0 0
-0 0 0
-0 0 0
-0 0 0
-0 0 0
-0 0 0
-0 0 0
-0 0 0
-0 0 0
-0 0 0
-0 0 0
-0 0 0
-0 0 0
-0 0 0
-0 0 0
-0 0 0
-0 0 0
-0 0 0
-0 0 0
-0 0 0
-0 0 0
-0 0 0
-0 0 0
-0 0 0
-0 0 0
-0.073220186 0.10227693 0.28325
-0.070867211 0.10245748 0.28375003
-0.068384975 0.10245748 0.28375003
-0.064973719 0.10101315 0.27975002
-0.061185427 0.098846637 0.27375001
-0.058683295 0.098666094 0.27325001
-0.056086909 0.098305017 0.27225003
-0.053261433 0.097492576 0.27000001
-0.050710969 0.097131498 0.26900002
-0.048267882 0.096950948 0.2685
-0.045320489 0.095687158 0.26500002
-0.043164551 0.096048236 0.266
-0.042142563 0.09911745 0.27450001
-0.039922222 0.099568807 0.27575001
-0.03757799 0.099749349 0.27625
-0.03519319 0.09983962 0.27650002
-0.032744743 0.099749349 0.27625
-0.030328123 0.099749349 0.27625
-0.027886244 0.099659078 0.27600002
-0.025356447 0.099207729 0.27475002
-0.022911178 0.099027179 0.27425
-0.020474657 0.098846637 0.27375001
-0.018013861 0.098485559 0.27275002
-0.015570558 0.098124467 0.27175
-0.013156893 0.097853668 0.27100003
-0.010746395 0.097492576 0.27000001
-0.0083611589 0.097221762 0.26925001
-0.0059946203 0.097041219 0.26875001
-0.0036300514 0.096680142 0.26775002
-0.0012877876 0.096680142 0.26775002
0.0010544762 0.096680142 0.26775002
0.0033903965 0.096499592 0.26725
0.0057282862 0.096499592 0.26725
0.0080888122 0.096770406 0.26800001
0.010452728 0.096950948 0.2685
0.01287307 0.097492576 0.27000001
0.015291443 0.097853668 0.27100003
0.017711015 0.098124467 0.27175
0.020106753 0.098214746 0.27200001
0.022548199 0.098485559 0.27275002
0.024957055 0.098575823 0.273
0.02739533 0.098756373 0.27350003
0.029869577 0.099027179 0.27425
0.032327536 0.099207729 0.27475002
0.034762636 0.099297993 0.27500001
0.037269689 0.099568807 0.27575001
0.039717916 0.099659078 0.27600002
0.042132348 0.099659078 0.27600002
0.044385381 0.099297993 0.27500001
0.045727633 0.097041219 0.26875001
0.047318332 0.095506616 0.26450002
0.04991363 0.096048236 0.266
0.052829769 0.097131498 0.26900002
0.055285536 0.097312033 0.26950002
0.057803527 0.097582847 0.27025002
0.060390297 0.097943932 0.27125001
0.063399486 0.098936915 0.27400002
0.065916494 0.09911745 0.27450001
0.068380028 0.099207729 0.27475002
0.071814038 0.10065205 0.27875
0 0 0
0 0 0
0 0 0
0 0 0
0 0 0
0 0 0
0 0 0
0 0 0
0 0 0
0 0 0
0 0 0
0 0 0
0 0 0
0 0 0
0 0 0
0 0 0
0 0 0
0 0 0
0 0 0
0 0 0
0 0 0
0 0 0
0 0 0
0 0 0
0 0 0
0 0 0
0 0 0
0 0 0
0 0 0
0 0 0
0 0 0
0 0 0
0 0 0
0 0 0
0 0 0
0 0 0
0 0 0
0 0 0
0 0 0
0 0 0
0 0 0
0 0 0
0 0 0
0 0 0
0 0 0
0 0 0
0 0 0
0 0 0
0 0 0
-0 0 0
-0 0 0
-0 0 0
-0 0 0
-0 0 0
-0 0 0
-0 0 0
-0 0 0
-0 0 0
-0 0 0
-0 0 0
-0 0 0
-0 0 0
-0 0 0
-0 0 0
-0 0 0
-0 0 0
-0 0 0
-0 0 0
-0 0 0
-0 0 0
-0 0 0
-0 0 0
-0 0 0
-0 0 0
-0 0 0
-0 0 0
-0 0 0
-0 0 0
-0 0 0
-0 0 0
-0 0 0
-0 0 0
-0 0 0
-0 0 0
-0 0 0
-0 0 0
-0 0 0
-0 0 0
-0 0 0
-0 0 0
-0 0 0
-0 0 0
-0 0 0
-0 0 0
-0 0 0
-0 0 0
-0 0 0
-0 0 0
-0 0 0
-0 0 0
-0.073220186 0.10475288 0.28325
-0.070929639 0.10503025 0.28400001
-0.068384975 0.10493781 0.28375003
-0.065205969 0.10382833 0.28075001
-0.061185427 0.10123955 0.27375001
-0.058629602 0.10096218 0.273
-0.056086909 0.10068482 0.27225003
-0.053261433 0.099852704 0.27000001
-0.050710969 0.099482886 0.26900002
-0.048088118 0.098928146 0.26750001
-0.045234978 0.097818673 0.26450002
-0.043407962 0.098928146 0.26750001
-0.042372853 0.10207166 0.27600002
-0.039994609 0.10216411 0.27625
-0.037646003 0.10234902 0.27675
-0.035225008 0.10234902 0.27675
-0.032715112 0.10207166 0.27600002
-0.030300679 0.10207166 0.27600002
-0.027810466 0.10179429 0.27525002
-0.025333375 0.10151692 0.27450001
-0.022869408 0.10123955 0.27375001
-0.020418562 0.10096218 0.273
-0.017931305 0.10040745 0.27150002
-0.015513261 0.10013008 0.27075002
-0.013096204 0.099760249 0.26975
-0.010656843 0.099020608 0.26775002
-0.0083145788 0.099020608 0.26775002
-0.0059667383 0.098928146 0.26750001
-0.0036164937 0.098650776 0.26675001
-0.0012817755 0.098558329 0.26650003
0.0010485688 0.098465867 0.26625001
0.0033777105 0.098465867 0.26625001
0.0057068523 0.098465867 0.26625001
0.0080435397 0.098558329 0.26650003
0.010404065 0.098835684 0.26725
0.012801552 0.099297963 0.2685
0.015206804 0.099667795 0.26950002
0.017613256 0.099945165 0.27025002
0.01999587 0.10003762 0.2705
0.022465527 0.1004999 0.27175
0.024911346 0.10077727 0.27250001
0.027345246 0.10096218 0.273
0.029815121 0.10123955 0.27375001
0.032268703 0.10142446 0.27425
0.034731034 0.10160938 0.27475002
0.037269689 0.1019792 0.27575001
0.039753888 0.10216411 0.27625
0.042132348 0.10207166 0.27600002
0.044425733 0.10179429 0.27525002
0.046280619 0.10059236 0.27200001
0.047363054 0.097911127 0.26475
0.049632166 0.097818673 0.26450002
0.05273157 0.099297963 0.2685
0.055131681 0.099390425 0.26875001
0.057696577 0.099760249 0.26975
0.060278978 0.10013008 0.27075002
0.063225947 0.10105464 0.27325001
0.065856457 0.10142446 0.27425
0.068317801 0.10151692 0.27450001
0.071234375 0.10225657 0.27650002
0 0 0
0 0 0
0 0 0
0 0 0
0 0 0
0 0 0
0 0 0
0 0 0
0 0 0
0 0 0
0 0 0
0 0 0
0 0 0
0 0 0
0 0 0
0 0 0
0 0 0
0 0 0
0 0 0
0 0 0
0 0 0
0 0 0
0 0 0
0 0 0
0 0 0
0 0 0
0 0 0
0 0 0
0 0 0
0 0 0
0 0 0
0 0 0
0 0 0
0 0 0
0 0 0
0 0 0
0 0 0
0 0 0
0 0 0
0 0 0
0 0 0
0 0 0
0 0 0
0 0 0
0 0 0
0 0 0
0 0 0
0 0 0
0 0 0
-0 0 0
-0 0 0
-0 0 0
-0 0 0
-0 0 0
-0 0 0
-0 0 0
-0 0 0
-0 0 0
-0 0 0
-0 0 0
-0 0 0
-0 0 0
-0 0 0
-0 0 0
-0 0 0
-0 0 0
-0 0 0
-0 0 0
-0 0 0
-0 0 0
-0 0 0
-0 0 0
-0 0 0
-0 0 0
-0 0 0
-0 0 0
-0 0 0
-0 0 0
-0 0 0
-0 0 0
-0 0 0
-0 0 0
-0 0 0
-0 0 0
-0 0 0
-0 0 0
-0 0 0
-0 0 0
-0 0 0
-0 0 0
-0 0 0
-0 0 0
-0 0 0
-0 0 0
-0 0 0
-0 0 0
-0 0 0
-0 0 0
-0 0 0
-0 0 0
-0.073349446 0.10741813 0.28375003
-0.070992082 0.10760741 0.28425002
-0.068505481 0.10760741 0.28425002
-0.064973719 0.10590386 0.27975002
-0.061241306 0.10372711 0.27400002
-0.058575917 0.1032539 0.27275002
-0.056086909 0.10306462 0.27225003
-0.053409379 0.10249677 0.27075002
-0.05066384 0.10173963 0.26875001
-0.047818463 0.10069858 0.266
-0.045192223 0.10003608 0.26425001
-0.044097621 0.10287533 0.27175
-0.042411231 0.10457888 0.27625
-0.040066998 0.10476816 0.27675
-0.037680011 0.1048628 0.27700001
-0.03519319 0.10467352 0.27650002
-0.032685477 0.10438959 0.27575001
-0.030273231 0.10438959 0.27575001
-0.027810466 0.10420031 0.27525002
-0.025310302 0.10382174 0.27425
-0.022848524 0.10353783 0.27350003
-0.020362468 0.10306462 0.27225003
-0.017832236 0.10221284 0.27000001
-0.015427315 0.10192891 0.26925001
-0.013011243 0.1014557 0.26800001
-0.010597141 0.10079322 0.26625001
-0.0082524717 0.10060394 0.26575002
-0.005922127 0.10050929 0.26550001
-0.0035995466 0.10050929 0.26550001
-0.0012745609 0.10032001 0.26500002
0.0010416767 0.10013073 0.26450002
0.003358681 0.10022537 0.26475
0.0056747007 0.10022537 0.26475
0.0079907198 0.10022537 0.26475
0.010335938 0.10050929 0.26550001
0.012718116 0.1009825 0.26675001
0.015108059 0.10136107 0.26775002
0.017515495 0.10173963 0.26875001
0.019921949 0.10202356 0.26950002
0.022403527 0.10259141 0.27100003
0.024865638 0.10296997 0.27200001
0.027295163 0.10315926 0.27250001
0.029787894 0.10353783 0.27350003
0.032209873 0.10363246 0.27375001
0.034667827 0.10382174 0.27425
0.037269689 0.10438959 0.27575001
0.039753888 0.10457888 0.27625
0.04217051 0.10457888 0.27625
0.044466078 0.10429495 0.2755
0.04662092 0.10372711 0.27400002
0.047586676 0.10069858 0.266
0.049585253 0.10003608 0.26425001
0.052436981 0.10107715 0.26700002
0.055080391 0.10164499 0.2685
0.057696577 0.10211819 0.26975
0.060334641 0.10259141 0.27100003
0.063225947 0.10344318 0.27325001
0.065796427 0.10372711 0.27400002
0.068255581 0.10382174 0.27425
0.070912339 0.10420031 0.27525002
0 0 0
0 0 0
0 0 0
0 0 0
0 0 0
0 0 0
0 0 0
0 0 0
0 0 0
0 0 0
0 0 0
0 0 0
0 0 0
0 0 0
0 0 0
0 0 0
0 0 0
0 0 0
0 0 0
0 0 0
0 0 0
0 0 0
0 0 0
0 0 0
0 0 0
0 0 0
0 0 0
0 0 0
0 0 0
0 0 0
0 0 0
0 0 0
0 0 0
0 0 0
0 0 0
0 0 0
0 0 0
0 0 0
0 0 0
0 0 0
0 0 0
0 0 0
0 0 0
0 0 0
0 0 0
0 0 0
0 0 0
0 0 0
0 0 0
-0 0 0
-0 0 0
-0 0 0
-0 0 0
-0 0 0
-0 0 0
-0 0 0
-0 0 0
-0 0 0
-0 0 0
-0 0 0
-0 0 0
-0 0 0
-0 0 0
-0 0 0
-0 0 0
-0 0 0
-0 0 0
-0 0 0
-0 0 0
-0 0 0
-0 0 0
-0 0 0
-0 0 0
-0 0 0
-0 0 0
-0 0 0
-0 0 0
-0 0 0
-0 0 0
-0 0 0
-0 0 0
-0 0 0
-0 0 0
-0 0 0
-0 0 0
-0 0 0
-0 0 0
-0 0 0
-0 0 0
-0 0 0
-0 0 0
-0 0 0
-0 0 0
-0 0 0
-0 0 0
-0 0 0
-0 0 0
-0 0 0
-0 0 0
-0 0 0
-0.073284812 0.10980162 0.28350002
-0.070992082 0.1100921 0.28425002
-0.068625979 0.11028576 0.28475001
-0.065205969 0.10873652 0.28075001
-0.061241306 0.1061222 0.27400002
-0.058629602 0.10573489 0.273
-0.055983897 0.10525075 0.27175
-0.053162802 0.10437932 0.26950002
-0.05052245 0.10379835 0.26800001
-0.047638696 0.10263643 0.26500002
-0.045363247 0.10273327 0.26525003
-0.044503301 0.10621902 0.27425
-0.042372853 0.10689682 0.27600002
-0.040030807 0.10709047 0.27650002
-0.037646003 0.10718729 0.27675
-0.035129551 0.10689682 0.27600002
-0.032655843 0.10670315 0.2755
-0.030190891 0.10650951 0.27500001
-0.027709426 0.10621902 0.27425
-0.025264157 0.10602538 0.27375001
-0.022764981 0.10554124 0.27250001
-0.020231578 0.10476662 0.2705
-0.017749678 0.10408884 0.26875001
-0.015355693 0.10379835 0.26800001
-0.012974831 0.10350788 0.26725
-0.01057724 0.10292692 0.26575002
-0.0082291812 0.10263643 0.26500002
-0.0058942451 0.10234595 0.26425001
-0.0035656525 0.10186182 0.26300001
-0.0012613343 0.10157134 0.26225001
0.001024939 0.10079672 0.26025
0.0033206225 0.10137769 0.26175001
0.0056157573 0.10147452 0.26200002
0.0079303561 0.10176499 0.26275
0.010258078 0.10205548 0.26350001
0.01262276 0.10253961 0.26475
0.015009312 0.10302374 0.266
0.017417733 0.10350788 0.26725
0.019866506 0.10408884 0.26875001
0.022300187 0.10447614 0.26975
0.024774222 0.10496029 0.27100003
0.02724508 0.10534759 0.27200001
0.029733436 0.10573489 0.273
0.032180458 0.10592856 0.27350003
0.034636226 0.1061222 0.27400002
0.037235897 0.10670315 0.2755
0.039753888 0.10699364 0.27625
0.04217051 0.10699364 0.27625
0.044466078 0.10670315 0.2755
0.04674853 0.10641269 0.27475002
0.048078645 0.10408884 0.26875001
0.04953834 0.10224912 0.264
0.052338786 0.1032174 0.26650003
0.055080391 0.10399201 0.2685
0.057750054 0.10457297 0.27000001
0.060445957 0.10515393 0.27150002
0.063225947 0.10583172 0.27325001
0.065736391 0.10602538 0.27375001
0.068068929 0.10592856 0.27350003
0.071041152 0.10679999 0.27575001
0 0 0
0 0 0
0 0 0
0 0 0
0 0 0
0 0 0
0 0 0
0 0 0
0 0 0
0 0 0
0 0 0
0 0 0
0 0 0
0 0 0
0 0 0
0 0 0
0 0 0
0 0 0
0 0 0
0 0 0
0 0 0
0 0 0
0 0 0
0 0 0
0 0 0
0 0 0
0 0 0
0 0 0
0 0 0
0 0 0
0 0 0
0 0 0
0 0 0
0 0 0
0 0 0
0 0 0
0 0 0
0 0 0
0 0 0
0 0 0
0 0 0
0 0 0
0 0 0
0 0 0
0 0 0
0 0 0
0 0 0
0 0 0
0 0 0
-0 0 0
-0 0 0
-0 0 0
-0 0 0
-0 0 0
-0 0 0
-0 0 0
-0 0 0
-0 0 0
-0 0 0
-0 0 0
-0 0 0
-0 0 0
-0 0 0
-0 0 0
-0 0 0
-0 0 0
-0 0 0
-0 0 0
-0 0 0
-0 0 0
-0 0 0
-0 0 0
-0 0 0
-0 0 0
-0 0 0
-0 0 0
-0 0 0
-0 0 0
-0 0 0
-0 0 0
-0 0 0
-0 0 0
-0 0 0
-0 0 0
-0 0 0
-0 0 0
-0 0 0
-0 0 0
-0 0 0
-0 0 0
-0 0 0
-0 0 0
-0 0 0
-0 0 0
-0 0 0
-0 0 0
-0 0 0
-0 0 0
-0 0 0
-0 0 0
-0.073349446 0.11237878 0.28375003
-0.071116954 0.11277482 0.28475001
-0.068565726 0.1126758 0.2845
-0.064799525 0.11049754 0.27900001
-0.061185427 0.10841829 0.27375001
-0.058522224 0.10792322 0.27250001
-0.055880893 0.10742816 0.27125001
-0.053064167 0.10653706 0.26900002
-0.05066384 0.10643804 0.26875001
-0.04759375 0.10485385 0.26475
-0.045448754 0.1052499 0.26575002
-0.044625007 0.10891335 0.27500001
-0.042411231 0.1094084 0.27625
-0.040030807 0.10950742 0.27650002
-0.037611999 0.10950742 0.27650002
-0.035097729 0.10921038 0.27575001
-0.032626212 0.10901236 0.27525002
-0.030190891 0.10891335 0.27500001
-0.027709426 0.10861631 0.27425
-0.025218014 0.10822026 0.27325001
-0.022723211 0.1077252 0.27200001
-0.020212881 0.10703212 0.27025002
-0.017733166 0.10633903 0.2685
-0.015284072 0.10564595 0.26675001
-0.012902007 0.1052499 0.26575002
-0.010517538 0.10465582 0.26425001
-0.008151548 0.10396274 0.26250002
-0.0057827174 0.10267559 0.25925002
-0.0034605809 0.10109138 0.25525001
-0.0012204522 0.10049732 0.25375003
0.00099638652 0.10020028 0.25300002
0.0032127893 0.10029929 0.25325
0.0054335664 0.1003983 0.25350001
0.0077719004 0.1019825 0.25750002
0.010092625 0.10267559 0.25925002
0.012479726 0.1036657 0.26175001
0.014924674 0.10475484 0.26450002
0.017319974 0.1052499 0.26575002
0.019755622 0.10584397 0.26725
0.022217518 0.10643804 0.26875001
0.024682801 0.1069331 0.27000001
0.027169956 0.10742816 0.27125001
0.02967898 0.10792322 0.27250001
0.032151043 0.10822026 0.27325001
0.034636226 0.1085173 0.27400002
0.037202112 0.10901236 0.27525002
0.039717916 0.1093094 0.27600002
0.04217051 0.1094084 0.27625
0.044506431 0.10921038 0.27575001
0.046791065 0.10891335 0.27500001
0.048481166 0.10732916 0.27100003
0.04953834 0.10455681 0.264
0.052240584 0.10534891 0.266
0.055080391 0.10633903 0.2685
0.057803527 0.10703212 0.27025002
0.060445957 0.10752718 0.27150002
0.063225947 0.10822026 0.27325001
0.065796427 0.1085173 0.27400002
0.068068929 0.10831928 0.27350003
0.071169965 0.1094084 0.27625
0 0 0
0 0 0
0 0 0
0 0 0
0 0 0
0 0 0
0 0 0
0 0 0
0 0 0
0 0 0
0 0 0
0 0 0
0 0 0
0 0 0
0 0 0
0 0 0
0 0 0
0 0 0
0 0 0
0 0 0
0 0 0
0 0 0
0 0 0
0 0 0
0 0 0
0 0 0
0 0 0
0 0 0
0 0 0
0 0 0
0 0 0
0 0 0
0 0 0
0 0 0
0 0 0
0 0 0
0 0 0
0 0 0
0 0 0
0 0 0
0 0 0
0 0 0
0 0 0
0 0 0
0 0 0
0 0 0
0 0 0
0 0 0
0 0 0
-0 0 0
-0 0 0
-0 0 0
-0 0 0
-0 0 0
-0 0 0
-0 0 0
-0 0 0
-0 0 0
-0 0 0
-0 0 0
-0 0 0
-0 0 0
-0 0 0
-0 0 0
-0 0 0
-0 0 0
-0 0 0
-0 0 0
-0 0 0
-0 0 0
-0 0 0
-0 0 0
-0 0 0
-0 0 0
-0 0 0
-0 0 0
-0 0 0
-0 0 0
-0 0 0
-0 0 0
-0 0 0
-0 0 0
-0 0 0
-0 0 0
-0 0 0
-0 0 0
-0 0 0
-0 0 0
-0 0 0
-0 0 0
-0 0 0
-0 0 0
-0 0 0
-0 0 0
-0 0 0
-0 0 0
-0 0 0
-0 0 0
-0 0 0
-0 0 0
-0 0 0
-0.071304277 0.11556748 0.28550002
-0.068565726 0.11516269 0.2845
-0.065031782 0.11334113 0.28
-0.060961921 0.11040641 0.27275002
-0.058253776 0.10979922 0.27125001
-0.055829395 0.10969803 0.27100003
-0.053064167 0.10888845 0.26900002
-0.050710969 0.10888845 0.26900002
-0.047638696 0.10726929 0.26500002
-0.045619775 0.10797767 0.26675001
-0.044706143 0.11151958 0.2755
-0.042411231 0.11182317 0.27625
-0.040030807 0.11192437 0.27650002
-0.03757799 0.11182317 0.27625
-0.035065904 0.11151958 0.2755
-0.032626212 0.11141838 0.27525002
-0.030190891 0.11131718 0.27500001
-0.027709426 0.11101359 0.27425
-0.025194939 0.1105076 0.273
-0.022681441 0.10990042 0.27150002
-0.020194182 0.10929324 0.27000001
-0.017667122 0.10828126 0.26750001
-0.015226775 0.10757288 0.26575002
-0.012829183 0.10696569 0.26425001
-0.01033843 0.10514414 0.25975001
-0.007895356 0.1029178 0.25425002
-0.0056265788 0.10210822 0.25225002
-0.0033894035 0.10119744 0.25
-0.0011988087 0.10089385 0.24925001
0.00097866415 0.10059025 0.2485
0.0031620443 0.10089385 0.24925001
0.0053639053 0.10129864 0.25025001
0.007583261 0.10170342 0.25125
0.0098590441 0.10251301 0.25325
0.012193657 0.10352498 0.25575
0.01469897 0.10544773 0.26050001
0.017205918 0.10686449 0.264
0.01966322 0.10767408 0.266
0.022155516 0.10848366 0.26800001
0.024637094 0.10909084 0.26950002
0.027144916 0.10969803 0.27100003
0.029733436 0.1105076 0.273
0.032180458 0.11071 0.27350003
0.034667827 0.11101359 0.27425
0.037202112 0.11141838 0.27525002
0.039645959 0.11151958 0.2755
0.042132348 0.11172198 0.27600002
0.044506431 0.11162078 0.27575001
0.046705991 0.11111479 0.27450001
0.04874951 0.11030521 0.27250001
0.049585253 0.10696569 0.26425001
0.052289687 0.10777528 0.26625001
0.055131681 0.10878725 0.26875001
0.057696577 0.10919204 0.26975
0.060167663 0.10939444 0.27025002
0.062878869 0.11000162 0.27175
0.065796427 0.1109124 0.27400002
0.068068929 0.11071 0.27350003
0.070525892 0.1108112 0.27375001
0 0 0
0 0 0
0 0 0
0 0 0
0 0 0
0 0 0
0 0 0
0 0 0
0 0 0
0 0 0
0 0 0
0 0 0
0 0 0
0 0 0
0 0 0
0 0 0
0 0 0
0 0 0
0 0 0
0 0 0
0 0 0
0 0 0
0 0 0
0 0 0
0 0 0
0 0 0
0 0 0
0 0 0
0 0 0
0 0 0
0 0 0
0 0 0
0 0 0
0 0 0
0 0 0
0 0 0
0 0 0
0 0 0
0 0 0
0 0 0
0 0 0
0 0 0
0 0 0
0 0 0
0 0 0
0 0 0
0 0 0
0 0 0
0 0 0
-0 0 0
-0 0 0
-0 0 0
-0 0 0
-0 0 0
-0 0 0
-0 0 0
-0 0 0
-0 0 0
-0 0 0
-0 0 0
-0 0 0
-0 0 0
-0 0 0
-0 0 0
-0 0 0
-0 0 0
-0 0 0
-0 0 0
-0 0 0
-0 0 0
-0 0 0
-0 0 0
-0 0 0
-0 0 0
-0 0 0
-0 0 0
-0 0 0
-0 0 0
-0 0 0
-0 0 0
-0 0 0
-0 0 0
-0 0 0
-0 0 0
-0 0 0
-0 0 0
-0 0 0
-0 0 0
-0 0 0
-0 0 0
-0 0 0
-0 0 0
-0 0 0
-0 0 0
-0 0 0
-0 0 0
-0 0 0
-0 0 0
-0 0 0
-0 0 0
-0 0 0
-0.071116954 0.11775295 0.28475001
-0.06826447 0.11713265 0.28325
-0.065031782 0.11578868 0.28
-0.061408941 0.11361764 0.27475002
-0.058361154 0.11237705 0.27175
-0.055880893 0.11217028 0.27125001
-0.053212114 0.11154998 0.26975
-0.050616708 0.11103307 0.2685
-0.04759375 0.10948233 0.26475
-0.046004571 0.11123984 0.26900002
-0.044746712 0.11403117 0.27575001
-0.042449616 0.11434132 0.27650002
-0.039994609 0.11423793 0.27625
-0.037543982 0.11413456 0.27600002
-0.035065904 0.11392778 0.2755
-0.032626212 0.1138244 0.27525002
-0.030163446 0.11361764 0.27475002
-0.027633652 0.11310073 0.27350003
-0.025125725 0.11258382 0.27225003
-0.022639671 0.1120669 0.27100003
-0.020081991 0.11103307 0.2685
-0.017584566 0.11010263 0.26625001
-0.015183802 0.10958572 0.26500002
-0.01261071 0.10741468 0.25975001
-0.010029969 0.10420981 0.252
-0.0077789058 0.10358952 0.25050002
-0.0055763908 0.10338274 0.25
-0.0033690671 0.10276245 0.2485
-0.0011879869 0.10214216 0.24700001
0.00096980302 0.10183201 0.24625002
0.0031335005 0.10214216 0.24700001
0.0053103198 0.10245231 0.24775001
0.007492715 0.10265907 0.24825001
0.0097033242 0.1030726 0.24925001
0.012014865 0.10420981 0.252
0.014402733 0.10555378 0.25525001
0.017010396 0.10793158 0.26100001
0.019552339 0.10937895 0.26450002
0.022031512 0.11020602 0.26650003
0.02456853 0.11113645 0.26875001
0.027119873 0.11196352 0.27075002
0.029760664 0.11299735 0.27325001
0.032239288 0.1133075 0.27400002
0.034667827 0.11341087 0.27425
0.037202112 0.1138244 0.27525002
0.039645959 0.11392778 0.2755
0.042132348 0.11413456 0.27600002
0.044466078 0.11392778 0.2755
0.046705991 0.11351426 0.27450001
0.048838958 0.11289395 0.273
0.049679074 0.10948233 0.26475
0.052191492 0.10989586 0.26575002
0.055182967 0.11123984 0.26900002
0.057696577 0.11154998 0.26975
0.060112 0.11165337 0.27000001
0.062936716 0.11248043 0.27200001
0.065736391 0.11320411 0.27375001
0.068131141 0.11320411 0.27375001
0.070976742 0.11392778 0.2755
0 0 0
0 0 0
0 0 0
0 0 0
0 0 0
0 0 0
0 0 0
0 0 0
0 0 0
0 0 0
0 0 0
0 0 0
0 0 0
0 0 0
0 0 0
0 0 0
0 0 0
0 0 0
0 0 0
0 0 0
0 0 0
0 0 0
0 0 0
0 0 0
0 0 0
0 0 0
0 0 0
0 0 0
0 0 0
0 0 0
0 0 0
0 0 0
0 0 0
0 0 0
0 0 0
0 0 0
0 0 0
0 0 0
0 0 0
0 0 0
0 0 0
0 0 0
0 0 0
0 0 0
0 0 0
0 0 0
0 0 0
0 0 0
0 0 0
-0 0 0
-0 0 0
-0 0 0
-0 0 0
-0 0 0
-0 0 0
-0 0 0
-0 0 0
-0 0 0
-0 0 0
-0 0 0
-0 0 0
-0 0 0
-0 0 0
-0 0 0
-0 0 0
-0 0 0
-0 0 0
-0 0 0
-0 0 0
-0 0 0
-0 0 0
-0 0 0
-0 0 0
-0 0 0
-0 0 0
-0 0 0
-0 0 0
-0 0 0
-0 0 0
-0 0 0
-0 0 0
-0 0 0
-0 0 0
-0 0 0
-0 0 0
-0 0 0
-0 0 0
-0 0 0
-0 0 0
-0 0 0
-0 0 0
-0 0 0
-0 0 0
-0 0 0
-0 0 0
-0 0 0
-0 0 0
-0 0 0
-0 0 0
-0 0 0
-0 0 0
-0 0 0
-0.068083718 0.11929189 0.2825
-0.06462533 0.11749724 0.27825001
-0.061185427 0.11559702 0.27375001
-0.058361154 0.11475247 0.27175
-0.055932399 0.11464691 0.27150002
-0.053310748 0.11411908 0.27025002
-0.050616708 0.11338009 0.2685
-0.047548812 0.11169101 0.26450002
-0.046175592 0.1140135 0.27000001
-0.044787284 0.11654714 0.27600002
-0.042449616 0.11675827 0.27650002
-0.039958417 0.11654714 0.27600002
-0.037543982 0.11654714 0.27600002
-0.035065904 0.116336 0.2755
-0.032596577 0.11612486 0.27500001
-0.030136 0.11591373 0.27450001
-0.027608391 0.11538588 0.27325001
-0.025079578 0.11475247 0.27175
-0.022577016 0.11411908 0.27025002
-0.020007199 0.11295782 0.26750001
-0.017518522 0.11200771 0.26525003
-0.015026233 0.11074089 0.26225001
-0.012319415 0.10715158 0.25375003
-0.0099304654 0.10535692 0.24950001
-0.0077245617 0.10504021 0.24875002
-0.0055540856 0.10514578 0.24900001
-0.003375846 0.10514578 0.24900001
-0.0011988087 0.10525135 0.24925001
0.00098555617 0.10567363 0.25025001
0.003165216 0.10535692 0.24950001
0.005321037 0.10482908 0.24825001
0.0074851695 0.10472351 0.24800001
0.0096741263 0.10493465 0.2485
0.01190759 0.10546249 0.24975002
0.014177029 0.10609589 0.25125
0.016684527 0.10810169 0.25600001
0.019459937 0.11116317 0.26325002
0.02194884 0.11211327 0.26550001
0.024545675 0.11338009 0.2685
0.027094832 0.11422464 0.2705
0.02970621 0.11517476 0.27275002
0.032209873 0.11559702 0.27375001
0.034604624 0.11559702 0.27375001
0.037134532 0.1160193 0.27475002
0.039681938 0.11644156 0.27575001
0.042132348 0.11654714 0.27600002
0.044466078 0.116336 0.2755
0.04674853 0.1160193 0.27475002
0.04892841 0.11549146 0.27350003
0.049679074 0.11179657 0.26475
0.052142389 0.11211327 0.26550001
0.055131681 0.11348566 0.26875001
0.057696577 0.11390793 0.26975
0.060167663 0.11411908 0.27025002
0.062878869 0.11475247 0.27175
0.065736391 0.11559702 0.27375001
0.068193369 0.11570259 0.27400002
0.071492001 0.11718054 0.2775
0 0 0
0 0 0
0 0 0
0 0 0
0 0 0
0 0 0
0 0 0
0 0 0
0 0 0
0 0 0
0 0 0
0 0 0
0 0 0
0 0 0
0 0 0
0 0 0
0 0 0
0 0 0
0 0 0
0 0 0
0 0 0
0 0 0
0 0 0
0 0 0
0 0 0
0 0 0
0 0 0
0 0 0
0 0 0
0 0 0
0 0 0
0 0 0
0 0 0
0 0 0
0 0 0
0 0 0
0 0 0
0 0 0
0 0 0
0 0 0
0 0 0
0 0 0
0 0 0
0 0 0
0 0 0
0 0 0
0 0 0
0 0 0
0 0 0
-0 0 0
-0 0 0
-0 0 0
-0 0 0
-0 0 0
-0 0 0
-0 0 0
-0 0 0
-0 0 0
-0 0 0
-0 0 0
-0 0 0
-0 0 0
-0 0 0
-0 0 0
-0 0 0
-0 0 0
-0 0 0
-0 0 0
-0 0 0
-0 0 0
-0 0 0
-0 0 0
-0 0 0
-0 0 0
-0 0 0
-0 0 0
-0 0 0
-0 0 0
-0 0 0
-0 0 0
-0 0 0
-0 0 0
-0 0 0
-0 0 0
-0 0 0
-0 0 0
-0 0 0
-0 0 0
-0 0 0
-0 0 0
-0 0 0
-0 0 0
-0 0 0
-0 0 0
-0 0 0
-0 0 0
-0 0 0
-0 0 0
-0 0 0
-0 0 0
-0 0 0
-0 0 0
-0 0 0
-0.065264039 0.12111478 0.28100002
-0.061576564 0.1187442 0.2755
-0.058361154 0.1171279 0.27175
-0.055983897 0.1171279 0.27175
-0.053360064 0.11658914 0.2705
-0.05066384 0.11583487 0.26875001
-0.047548812 0.11400306 0.26450002
-0.046047326 0.11605037 0.26925001
-0.044746712 0.11885196 0.27575001
-0.042449616 0.11917523 0.27650002
-0.039994609 0.11906746 0.27625
-0.03757799 0.11906746 0.27625
-0.035097729 0.11885196 0.27575001
-0.032596577 0.11852869 0.27500001
-0.030108552 0.11820544 0.27425
-0.027633652 0.11788218 0.27350003
-0.025056507 0.11702016 0.27150002
-0.022493472 0.11605037 0.26925001
-0.020025898 0.11540386 0.26775002
-0.01750201 0.11421857 0.26500002
-0.014711098 0.11066271 0.25675002
-0.012149491 0.10786112 0.25025001
-0.0098608127 0.10678358 0.24775001
-0.0077012717 0.10689133 0.24800001
-0.0055708149 0.10764562 0.24975002
-0.0034538023 0.10980068 0.25475001
-0.001251715 0.11217125 0.26025
0.0010308464 0.11281777 0.26175001
0.0033174506 0.11271001 0.2615
0.0055246614 0.11109371 0.25775
0.0075681703 0.10807662 0.25075001
0.0096838595 0.1072146 0.24875002
0.011871831 0.10732235 0.24900001
0.014078284 0.10753786 0.24950001
0.016358659 0.10818438 0.25100002
0.019090327 0.11130922 0.25825
0.021990176 0.11464957 0.266
0.02456853 0.11583487 0.26875001
0.027019706 0.11626587 0.26975
0.029542837 0.11691239 0.27125001
0.032092214 0.11755893 0.27275002
0.034509815 0.11766667 0.273
0.037066951 0.11820544 0.27425
0.039609984 0.11863646 0.27525002
0.042094182 0.11885196 0.27575001
0.044466078 0.1187442 0.2755
0.04674853 0.11842095 0.27475002
0.048883684 0.11777443 0.27325001
0.049679074 0.11411081 0.26475
0.052044194 0.11421857 0.26500002
0.055080391 0.1157271 0.2685
0.057643112 0.11615813 0.26950002
0.060334641 0.11680465 0.27100003
0.062821023 0.11702016 0.27150002
0.065736391 0.11798993 0.27375001
0.068193369 0.11809769 0.27400002
0.070719115 0.11831319 0.27450001
0 0 0
0 0 0
0 0 0
0 0 0
0 0 0
0 0 0
0 0 0
0 0 0
0 0 0
0 0 0
0 0 0
0 0 0
0 0 0
0 0 0
0 0 0
0 0 0
0 0 0
0 0 0
0 0 0
0 0 0
0 0 0
0 0 0
0 0 0
0 0 0
0 0 0
0 0 0
0 0 0
0 0 0
0 0 0
0 0 0
0 0 0
0 0 0
0 0 0
0 0 0
0 0 0
0 0 0
0 0 0
0 0 0
0 0 0
0 0 0
0 0 0
0 0 0
0 0 0
0 0 0
0 0 0
0 0 0
0 0 0
0 0 0
0 0 0
-0 0 0
-0 0 0
-0 0 0
-0 0 0
-0 0 0
-0 0 0
-0 0 0
-0 0 0
-0 0 0
-0 0 0
-0 0 0
-0 0 0
-0 0 0
-0 0 0
-0 0 0
-0 0 0
-0 0 0
-0 0 0
-0 0 0
-0 0 0
-0 0 0
-0 0 0
-0 0 0
-0 0 0
-0 0 0
-0 0 0
-0 0 0
-0 0 0
-0 0 0
-0 0 0
-0 0 0
-0 0 0
-0 0 0
-0 0 0
-0 0 0
-0 0 0
-0 0 0
-0 0 0
-0 0 0
-0 0 0
-0 0 0
-0 0 0
-0 0 0
-0 0 0
-0 0 0
-0 0 0
-0 0 0
-0 0 0
-0 0 0
-0 0 0
-0 0 0
-0 0 0
-0 0 0
-0 0 0
-0 0 0
-0.062023584 0.12203192 0.2775
-0.058361154 0.11950333 0.27175
-0.055880893 0.11928346 0.27125001
-0.053310748 0.1188437 0.27025002
-0.05066384 0.11818407 0.26875001
-0.04759375 0.11642505 0.26475
-0.045876306 0.11796419 0.26825002
-0.044665579 0.12104248 0.27525002
-0.042372853 0.1213723 0.27600002
-0.039886028 0.12115241 0.2755
-0.037543982 0.1213723 0.27600002
-0.035129551 0.1213723 0.27600002
-0.032626212 0.12104248 0.27525002
-0.030081108 0.12049279 0.27400002
-0.027633652 0.12027291 0.27350003
-0.025033435 0.11928346 0.27125001
-0.022514358 0.11851389 0.26950002
-0.019951103 0.11730456 0.26675001
-0.017369919 0.11565548 0.26300001
-0.014481909 0.11114799 0.25275001
-0.012076668 0.10938898 0.24875002
-0.0098707629 0.10905916 0.24800001
-0.0077478518 0.10971879 0.24950001
-0.0058105993 0.1145561 0.26050001
-0.0036164937 0.11730456 0.26675001
-0.0012817755 0.11719463 0.26650003
0.0010456149 0.11675487 0.26550001
0.0033777105 0.11708469 0.26625001
0.0057282862 0.11752444 0.26725
0.0079605384 0.1159853 0.26375002
0.0099077066 0.11191756 0.2545
0.01190759 0.10982873 0.24975002
0.014064177 0.10960885 0.24925001
0.016260896 0.10971879 0.24950001
0.018850083 0.11213745 0.25500003
0.021928174 0.11664493 0.26525003
0.024545675 0.11807413 0.2685
0.026969625 0.11840395 0.26925001
0.029542837 0.11928346 0.27125001
0.032062795 0.11983315 0.27250001
0.034478214 0.1199431 0.27275002
0.036999375 0.12038285 0.27375001
0.039538033 0.12082261 0.27475002
0.04205602 0.12115241 0.2755
0.044506431 0.12126236 0.27575001
0.046833605 0.12104248 0.27525002
0.04892841 0.12027291 0.27350003
0.049772903 0.11664493 0.26525003
0.052093297 0.11664493 0.26525003
0.055182967 0.11829402 0.26900002
0.057696577 0.11862382 0.26975
0.060278978 0.11906359 0.27075002
0.062821023 0.1193934 0.27150002
0.065736391 0.12038285 0.27375001
0.068131141 0.12038285 0.27375001
0.070847929 0.12093253 0.27500001
0 0 0
0 0 0
0 0 0
0 0 0
0 0 0
0 0 0
0 0 0
0 0 0
0 0 0
0 0 0
0 0 0
0 0 0
0 0 0
0 0 0
0 0 0
0 0 0
0 0 0
0 0 0
0 0 0
0 0 0
0 0 0
0 0 0
0 0 0
0 0 0
0 0 0
0 0 0
0 0 0
0 0 0
0 0 0
0 0 0
0 0 0
0 0 0
0 0 0
0 0 0
0 0 0
0 0 0
0 0 0
0 0 0
0 0 0
0 0 0
0 0 0
0 0 0
0 0 0
0 0 0
0 0 0
0 0 0
0 0 0
0 0 0
0 0 0
-0 0 0
-0 0 0
-0 0 0
-0 0 0
-0 0 0
-0 0 0
-0 0 0
-0 0 0
-0 0 0
-0 0 0
-0 0 0
-0 0 0
-0 0 0
-0 0 0
-0 0 0
-0 0 0
-0 0 0
-0 0 0
-0 0 0
-0 0 0
-0 0 0
-0 0 0
-0 0 0
-0 0 0
-0 0 0
-0 0 0
-0 0 0
-0 0 0
-0 0 0
-0 0 0
-0 0 0
-0 0 0
-0 0 0
-0 0 0
-0 0 0
-0 0 0
-0 0 0
-0 0 0
-0 0 0
-0 0 0
-0 0 0
-0 0 0
-0 0 0
-0 0 0
-0 0 0
-0 0 0
-0 0 0
-0 0 0
-0 0 0
-0 0 0
-0 0 0
-0 0 0
-0 0 0
-0 0 0
-0.065496296 0.12647584 0.28200001
-0.062191214 0.12479398 0.27825001
-0.058361154 0.12187876 0.27175
-0.055880893 0.12165452 0.27125001
-0.053261433 0.1210939 0.27000001
-0.05066384 0.12053328 0.26875001
-0.047683641 0.11896355 0.26525003
-0.045577023 0.11952417 0.26650003
-0.044746712 0.12367275 0.27575001
-0.042334471 0.12367275 0.27575001
-0.039849836 0.12344851 0.27525002
-0.037475966 0.12356062 0.2755
-0.035097729 0.12367275 0.27575001
-0.032626212 0.12344851 0.27525002
-0.030026216 0.12266364 0.27350003
-0.027557872 0.12232726 0.27275002
-0.025033435 0.12165452 0.27125001
-0.022535242 0.12098177 0.26975
-0.019969802 0.11974841 0.26700002
-0.017237827 0.11705744 0.26100001
-0.014338665 0.1122361 0.25025001
-0.012076668 0.11156336 0.24875002
-0.0099205151 0.11178761 0.24925001
-0.0080894409 0.11683319 0.26050001
-0.0059667383 0.11997266 0.26750001
-0.0036131043 0.11952417 0.26650003
-0.0012457028 0.11616044 0.259
0.000983587 0.11201186 0.24975002
0.0031747306 0.1122361 0.25025001
0.0054871519 0.11481495 0.25600001
0.0080284476 0.11929991 0.266
0.010297008 0.11862718 0.26450002
0.012169818 0.11447858 0.25525001
0.014035964 0.11156336 0.24875002
0.016228309 0.11167549 0.24900001
0.018702237 0.11346947 0.25300002
0.021907507 0.11885142 0.26500002
0.02456853 0.12053328 0.26875001
0.026994666 0.12086965 0.26950002
0.029651754 0.12210302 0.27225003
0.032092214 0.12232726 0.27275002
0.034478214 0.12232726 0.27275002
0.036965586 0.12266364 0.27350003
0.039502054 0.12311213 0.27450001
0.04205602 0.12356062 0.2755
0.044506431 0.12367275 0.27575001
0.04687614 0.12356062 0.2755
0.04892841 0.12266364 0.27350003
0.049819808 0.11907566 0.26550001
0.052044194 0.11885142 0.26500002
0.055182967 0.1206454 0.26900002
0.057696577 0.12098177 0.26975
0.060223319 0.12131814 0.2705
0.06299457 0.12210302 0.27225003
0.065736391 0.12277576 0.27375001
0.068255581 0.123 0.27425
0 0 0
0 0 0
0 0 0
0 0 0
0 0 0
0.22233467 0.33087787 0.73775005
0.22886601 0.33098999 0.73800004
0.23380737 0.32885963 0.73325002
0 0 0
0 0 0
0 0 0
0 0 0
0 0 0
0 0 0
0 0 0
0 0 0
0 0 0
0 0 0
0 0 0
0 0 0
0 0 0
0 0 0
0 0 0
0 0 0
0 0 0
0 0 0
0 0 0
0 0 0
0 0 0
0 0 0
0 0 0
0 0 0
0 0 0
0 0 0
0 0 0
0 0 0
0 0 0
0 0 0
0 0 0
0 0 0
0 0 0
0 0 0
0 0 0
0 0 0
0 0 0
0 0 0
0 0 0
0 0 0
0 0 0
0 0 0
-0 0 0
-0 0 0
-0 0 0
-0 0 0
-0 0 0
-0 0 0
-0 0 0
-0 0 0
-0 0 0
-0 0 0
-0 0 0
-0 0 0
-0 0 0
-0 0 0
-0 0 0
-0 0 0
-0 0 0
-0 0 0
-0 0 0
-0 0 0
-0 0 0
-0 0 0
-0 0 0
-0 0 0
-0 0 0
-0 0 0
-0 0 0
-0 0 0
-0 0 0
-0 0 0
-0 0 0
-0 0 0
-0 0 0
-0 0 0
-0 0 0
-0 0 0
-0 0 0
-0 0 0
-0 0 0
-0 0 0
-0 0 0
-0 0 0
-0 0 0
-0 0 0
-0 0 0
-0 0 0
-0 0 0
-0 0 0
-0 0 0
-0 0 0
-0 0 0
-0 0 0
-0 0 0
-0 0 0
-0 0 0
-0.062749982 0.12836933 0.28075001
-0.058575917 0.12471143 0.27275002
-0.055983897 0.12425419 0.27175
-0.053360064 0.12368264 0.2705
-0.050710969 0.1229968 0.26900002
-0.047728579 0.12139646 0.26550001
-0.045405999 0.12139646 0.26550001
-0.044625007 0.12574022 0.27500001
-0.042334471 0.12608314 0.27575001
-0.039886028 0.12596883 0.2755
-0.037509974 0.12608314 0.27575001
-0.035097729 0.12608314 0.27575001
-0.032626212 0.12585452 0.27525002
-0.030081108 0.12528299 0.27400002
-0.027557872 0.12471143 0.27275002
-0.025056507 0.12413989 0.27150002
-0.022556128 0.12345403 0.27000001
-0.020007199 0.12231094 0.26750001
-0.017138761 0.11865304 0.25950003
-0.014195422 0.1132805 0.24775001
-0.012040255 0.11339481 0.24800001
-0.010129472 0.11636685 0.2545
-0.0082291812 0.12116785 0.26500002
-0.0059444332 0.12185371 0.26650003
-0.0033114473 0.11168017 0.24425001
-0.0010665429 0.10139234 0.22175001
0.0008565773 0.099449083 0.21750002
0.002762428 0.09956339 0.21775001
0.0047423141 0.10116372 0.22125001
0.0072663492 0.11007985 0.24075001
0.010170485 0.11945321 0.26125002
0.012491646 0.11979613 0.26200002
0.014120603 0.1144236 0.25025001
0.016163135 0.11339481 0.24800001
0.018591354 0.11499514 0.25150001
0.022072846 0.12208232 0.26700002
0.024637094 0.12322541 0.26950002
0.026994666 0.12322541 0.26950002
0.029624524 0.1243685 0.27200001
0.032121625 0.12482574 0.273
0.034509815 0.12482574 0.273
0.036999375 0.12516867 0.27375001
0.039574008 0.12574022 0.27500001
0.04205602 0.12596883 0.2755
0.044425733 0.12585452 0.27525002
0.046705991 0.1255116 0.27450001
0.048704788 0.12448282 0.27225003
0.049819808 0.12139646 0.26550001
0.052142389 0.12139646 0.26550001
0.055131681 0.12288249 0.26875001
0.057643112 0.12322541 0.26950002
0.060167663 0.12356834 0.27025002
0.063110255 0.12471143 0.27275002
0.065796427 0.12528299 0.27400002
0.06844224 0.12574022 0.27500001
0 0 0
0 0 0
0 0 0
0.21020772 0.3385841 0.74050003
0.21646611 0.33824119 0.73975003
0 0 0
0.22816825 0.33641222 0.73575002
0.23388711 0.33538345 0.73350006
0 0 0
0 0 0
0 0 0
0 0 0
0 0 0
0 0 0
0 0 0
0 0 0
0 0 0
0 0 0
0 0 0
0 0 0
0 0 0
0 0 0
0 0 0
0 0 0
0 0 0
0 0 0
0 0 0
0 0 0
0 0 0
0 0 0
0 0 0
0 0 0
0 0 0
0 0 0
0 0 0
0 0 0
0 0 0
0 0 0
0 0 0
0 0 0
0 0 0
0 0 0
0 0 0
0 0 0
0 0 0
0 0 0
0 0 0
0 0 0
0 0 0
0 0 0
-0 0 0
-0 0 0
-0 0 0
-0 0 0
-0 0 0
-0 0 0
-0 0 0
-0 0 0
-0 0 0
-0 0 0
-0 0 0
-0 0 0
-0 0 0
-0 0 0
-0 0 0
-0 0 0
-0 0 0
-0 0 0
-0 0 0
-0 0 0
-0 0 0
-0 0 0
-0 0 0
-0 0 0
-0 0 0
-0 0 0
-0 0 0
-0 0 0
-0 0 0
-0 0 0
-0 0 0
-0 0 0
-0 0 0
-0 0 0
-0 0 0
-0 0 0
-0 0 0
-0 0 0
-0 0 0
-0 0 0
-0 0 0
-0 0 0
-0 0 0
-0 0 0
-0 0 0
-0 0 0
-0 0 0
-0 0 0
-0 0 0
-0 0 0
-0 0 0
-0 0 0
-0 0 0
-0 0 0
-0 0 0
-0 0 0
-0.059059124 0.12814406 0.27500001
-0.056035403 0.12674612 0.27200001
-0.053409379 0.12616365 0.27075002
-0.050758097 0.12546468 0.26925001
-0.047683641 0.12360077 0.26525003
-0.04527773 0.12336777 0.26475
-0.0443816 0.12744509 0.27350003
-0.042296086 0.12837704 0.2755
-0.039886028 0.12837704 0.2755
-0.037475966 0.12837704 0.2755
-0.035097729 0.12849353 0.27575001
-0.032537311 0.12791106 0.27450001
-0.02997132 0.12721209 0.273
-0.027507355 0.12686262 0.27225003
-0.025033435 0.12639663 0.27125001
-0.022577016 0.12593067 0.27025002
-0.020063294 0.1249987 0.26825002
-0.017155271 0.12103788 0.25975001
-0.014195422 0.11544614 0.24775001
-0.012040255 0.11556264 0.24800001
-0.010348381 0.12115438 0.26000002
-0.0082058916 0.12313478 0.26425001
-0 0 0
-0 0 0
-0.0010485067 0.10158329 0.21800001
0.00085460814 0.10111731 0.21700001
0.0027560848 0.1012338 0.21725
0.0046833698 0.10181627 0.2185
0 0 0
0 0 0
0.012300934 0.12022242 0.25800002
0.01409239 0.1163781 0.24975002
0.016097961 0.11509666 0.24700001
0.018535912 0.11684407 0.25075001
0.022010844 0.12406674 0.26625001
0.024659947 0.12569766 0.26975
0.027019706 0.12569766 0.26975
0.029624524 0.12674612 0.27200001
0.032092214 0.12709561 0.27275002
0.034509815 0.12721209 0.273
0.037033163 0.12767808 0.27400002
0.039574008 0.12814406 0.27500001
0.042017858 0.12826055 0.27525002
0.044385381 0.12814406 0.27500001
0.046663452 0.12779456 0.27425
0.048257541 0.12569766 0.26975
0.049772903 0.12360077 0.26525003
0.052240584 0.12395024 0.266
0.054926541 0.12476572 0.26775002
0.057429217 0.12511519 0.2685
0.060223319 0.12604715 0.2705
0.063052408 0.12697911 0.27250001
0.065616325 0.12732859 0.27325001
0.068380028 0.12802756 0.27475002
0 0 0
0 0 0
0 0 0
0.20992385 0.34459102 0.73950005
0.21558826 0.34330955 0.73675001
0.22165659 0.34272709 0.73550004
0.22762553 0.34202811 0.73400003
0.23332907 0.34097967 0.73175001
0 0 0
0 0 0
0 0 0
0 0 0
0 0 0
0 0 0
0 0 0
0 0 0
0 0 0
0 0 0
0 0 0
0 0 0
0 0 0
0 0 0
0 0 0
0 0 0
0 0 0
0 0 0
0 0 0
0 0 0
0 0 0
0 0 0
0 0 0
0 0 0
0 0 0
0 0 0
0 0 0
0 0 0
0 0 0
0 0 0
0 0 0
0 0 0
0 0 0
0 0 0
0 0 0
0 0 0
0 0 0
0 0 0
0 0 0
0.11168668 0.077818394 0.16700001
0 0 0
0 0 0
-0 0 0
-0 0 0
-0 0 0
-0 0 0
-0 0 0
-0 0 0
-0 0 0
-0 0 0
-0 0 0
-0 0 0
-0 0 0
-0 0 0
-0 0 0
-0 0 0
-0 0 0
-0 0 0
-0 0 0
-0 0 0
-0 0 0
-0 0 0
-0 0 0
-0 0 0
-0 0 0
-0 0 0
-0 0 0
-0 0 0
-0 0 0
-0 0 0
-0 0 0
-0 0 0
-0 0 0
-0 0 0
-0 0 0
-0 0 0
-0 0 0
-0 0 0
-0 0 0
-0 0 0
-0 0 0
-0 0 0
-0 0 0
-0 0 0
-0 0 0
-0 0 0
-0 0 0
-0 0 0
-0 0 0
-0 0 0
-0 0 0
-0 0 0
-0 0 0
-0 0 0
-0 0 0
-0 0 0
-0 0 0
-0 0 0
-0.059220199 0.13090393 0.27575001
-0.055932399 0.12888637 0.27150002
-0.053409379 0.12853034 0.27075002
-0.050852355 0.1280556 0.26975
-0.047818463 0.12627541 0.266
-0.045149464 0.12532596 0.264
-0.043975919 0.12864903 0.27100003
-0.042180948 0.13042922 0.27475002
-0.039849836 0.13066657 0.27525002
-0.037475966 0.13078524 0.2755
-0.035065904 0.13078524 0.2755
-0.032537311 0.13031054 0.27450001
-0.02997132 0.12959845 0.273
-0.027482094 0.12912373 0.27200001
-0.025010364 0.12864903 0.27100003
-0.022556128 0.12817429 0.27000001
-0.020138087 0.12781826 0.26925001
-0.017237827 0.12390181 0.26100001
-0.01422407 0.11784914 0.24825001
-0.012161629 0.11891726 0.25050002
-0.010408083 0.12413917 0.2615
-0 0 0
-0 0 0
-0 0 0
-0.0010569236 0.10431964 0.21975002
0.00085460814 0.10301416 0.21700001
0.0027655996 0.10348888 0.21800001
0.0046887286 0.10384492 0.21875001
0 0 0
0 0 0
0 0 0
0.014064177 0.11832386 0.24925001
0.016097961 0.11725574 0.24700001
0.018665275 0.11986669 0.2525
0.02213485 0.12710617 0.26775002
0.024682801 0.12817429 0.27000001
0.027019706 0.1280556 0.26975
0.029515611 0.12864903 0.27100003
0.032003965 0.12912373 0.27200001
0.034509815 0.12959845 0.273
0.037066951 0.13019185 0.27425
0.039502054 0.13031054 0.27450001
0.041941531 0.13042922 0.27475002
0.04430468 0.13031054 0.27450001
0.04662092 0.13007317 0.27400002
0.047855023 0.1269875 0.26750001
0.049679074 0.12568201 0.26475
0.052240584 0.12627541 0.266
0.054977823 0.12722485 0.26800001
0.057536166 0.12769958 0.26900002
0.060334641 0.12864903 0.27100003
0.063052408 0.12936109 0.27250001
0.065496258 0.12947978 0.27275002
0 0 0
0 0 0
0 0 0
0 0 0
0 0 0
0.21500301 0.34880024 0.73475003
0.22082783 0.3478508 0.73275006
0 0 0
0 0 0
0 0 0
0 0 0
0 0 0
0 0 0
0 0 0
0 0 0
0 0 0
0 0 0
0 0 0
0 0 0
0 0 0
0 0 0
0 0 0
0 0 0
0 0 0
0 0 0
0 0 0
0 0 0
0 0 0
0 0 0
0 0 0
0 0 0
0 0 0
0 0 0
0 0 0
0 0 0
0 0 0
0 0 0
0 0 0
0 0 0
0 0 0
0 0 0
0 0 0
0 0 0
0 0 0
0 0 0
0.10874967 0.080346294 0.16925001
0.11006743 0.080227613 0.16900001
0.11121582 0.079990253 0.16850001
0.11168668 0.079278179 0.16700001
0 0 0
0 0 0
-0 0 0
-0 0 0
-0 0 0
-0 0 0
-0 0 0
-0 0 0
-0 0 0
-0 0 0
-0 0 0
-0 0 0
-0 0 0
-0 0 0
-0 0 0
-0 0 0
-0 0 0
-0 0 0
-0 0 0
-0 0 0
-0 0 0
-0 0 0
-0 0 0
-0 0 0
-0 0 0
-0 0 0
-0 0 0
-0 0 0
-0 0 0
-0 0 0
-0 0 0
-0 0 0
-0 0 0
-0 0 0
-0 0 0
-0 0 0
-0 0 0
-0 0 0
-0 0 0
-0 0 0
-0 0 0
-0 0 0
-0 0 0
-0 0 0
-0 0 0
-0 0 0
-0 0 0
-0 0 0
-0 0 0
-0 0 0
-0 0 0
-0 0 0
-0 0 0
-0 0 0
-0 0 0
-0 0 0
-0 0 0
-0 0 0
-0 0 0
-0.056035403 0.13150135 0.27200001
-0.053557329 0.13125962 0.27150002
-0.050899483 0.13053443 0.27000001
-0.048088118 0.12932578 0.26750001
-0.045149464 0.12763366 0.264
-0.043448534 0.12944664 0.26775002
-0.042104181 0.13258913 0.27425
-0.039849836 0.1330726 0.27525002
-0.037509974 0.13331433 0.27575001
-0.035065904 0.13319345 0.2755
-0.032566946 0.13283087 0.27475002
-0.03005366 0.1323474 0.27375001
-0.027532613 0.13174307 0.27250001
-0.025079578 0.13138048 0.27175
-0.0225979 0.13077615 0.2705
-0.02010069 0.12993009 0.26875001
-0.017386431 0.12727107 0.26325002
-0.01435299 0.12110694 0.25050002
-0.012210178 0.1215904 0.25150001
-0 0 0
-0 0 0
-0 0 0
-0 0 0
-0 0 0
0.00085854641 0.10539446 0.21800001
0.0028163446 0.10732831 0.22200002
0 0 0
0 0 0
0 0 0
0 0 0
0 0 0
0.016097961 0.11941483 0.24700001
0.0188316 0.12316165 0.25475001
0.022382859 0.13089703 0.27075002
0.024751365 0.13089703 0.27075002
0.026969625 0.13017182 0.26925001
0.029461151 0.13077615 0.2705
0.031945135 0.13125962 0.27150002
0.034478214 0.13186395 0.27275002
0.037033163 0.13246827 0.27400002
0.039466076 0.13258913 0.27425
0.041903369 0.13270999 0.27450001
0.04430468 0.13270999 0.27450001
0.046578377 0.1323474 0.27375001
0.047586676 0.12860058 0.266
0.049632166 0.1278754 0.26450002
0.052338786 0.12884232 0.26650003
0.055439394 0.13065529 0.27025002
0.057856996 0.13077615 0.2705
0.060612936 0.13162223 0.27225003
0.063110255 0.13186395 0.27275002
0.065616325 0.13210568 0.27325001
0 0 0
0 0 0
0 0 0
0 0 0
0 0 0
0 0 0
0 0 0
0 0 0
0 0 0
0 0 0
0 0 0
0 0 0
0 0 0
0 0 0
0 0 0
0 0 0
0 0 0
0 0 0
0 0 0
0 0 0
0 0 0
0 0 0
0 0 0
0 0 0
0 0 0
0 0 0
0 0 0
0 0 0
0 0 0
0 0 0
0 0 0
0 0 0
0 0 0
0 0 0
0 0 0
0 0 0
0 0 0
0 0 0
0 0 0
0 0 0
0 0 0
0 0 0
0 0 0
0 0 0
0.10536771 0.080375366 0.16625001
0.10714332 0.0806171 0.16675001
0.10860204 0.0806171 0.16675001
0.11006077 0.0806171 0.16675001
0.11118509 0.080375366 0.16625001
0 0 0
0 0 0
-0 0 0
-0 0 0
-0 0 0
-0 0 0
-0 0 0
-0 0 0
-0 0 0
-0 0 0
-0 0 0
-0 0 0
-0 0 0
-0 0 0
-0 0 0
-0 0 0
-0 0 0
-0 0 0
-0 0 0
-0 0 0
-0 0 0
-0 0 0
-0 0 0
-0 0 0
-0 0 0
-0 0 0
-0 0 0
-0 0 0
-0 0 0
-0 0 0
-0 0 0
-0 0 0
-0 0 0
-0 0 0
-0 0 0
-0 0 0
-0 0 0
-0 0 0
-0 0 0
-0 0 0
-0 0 0
-0 0 0
-0 0 0
-0 0 0
-0 0 0
-0 0 0
-0 0 0
-0 0 0
-0 0 0
-0 0 0
-0 0 0
-0 0 0
-0 0 0
-0 0 0
-0 0 0
-0 0 0
-0 0 0
-0 0 0
-0 0 0
-0.056035403 0.13387896 0.27200001
-0.053557329 0.13363287 0.27150002
-0.050946616 0.13301761 0.27025002
-0.048267882 0.13215625 0.2685
-0.04527773 0.13031049 0.26475
-0.042961713 0.13031049 0.26475
-0.041873898 0.13424812 0.27275002
-0.039777447 0.13523252 0.27475002
-0.037475966 0.13560167 0.2755
-0.035034087 0.13547862 0.27525002
-0.032566946 0.13523252 0.27475002
-0.030081108 0.13486338 0.27400002
-0.027608391 0.13449422 0.27325001
-0.02517187 0.13424812 0.27275002
-0.022723211 0.13387896 0.27200001
-0.020231578 0.13314065 0.2705
-0.01765061 0.131541 0.26725
-0.014367313 0.12341966 0.25075001
-0.012173765 0.12341966 0.25075001
-0 0 0
-0 0 0
-0 0 0
-0 0 0
-0 0 0
0 0 0
0 0 0
0 0 0
0 0 0
0 0 0
0 0 0
0 0 0
0 0 0
0 0 0
0.022444861 0.13363287 0.27150002
0.024819929 0.13363287 0.27150002
0.027044749 0.13289456 0.27000001
0.029542837 0.13350981 0.27125001
0.031945135 0.13363287 0.27150002
0.03441501 0.13400201 0.27225003
0.036999375 0.13474031 0.27375001
0.039430104 0.13486338 0.27400002
0.041788876 0.13474031 0.27375001
0.044223979 0.13486338 0.27400002
0.045940321 0.13289456 0.27000001
0.047273606 0.1300644 0.26425001
0.049772903 0.1305566 0.26525003
0.052584279 0.13178711 0.26775002
0.055490676 0.13314065 0.2705
0.058070891 0.13363287 0.27150002
0.060612936 0.13400201 0.27225003
0.063052408 0.13412505 0.27250001
0 0 0
0 0 0
0 0 0
0 0 0
0 0 0
0 0 0
0 0 0
0 0 0
0 0 0
0 0 0
0 0 0
0 0 0
0 0 0
0 0 0
0 0 0
0 0 0
0 0 0
0 0 0
0 0 0
0 0 0
0 0 0
0 0 0
0 0 0
0 0 0
0 0 0
0 0 0
0 0 0
0 0 0
0 0 0
0 0 0
0 0 0
0 0 0
0 0 0
0 0 0
0 0 0
0 0 0
0 0 0
0 0 0
0 0 0
0 0 0
0 0 0
0 0 0
0 0 0
0 0 0
0.10281954 0.08096724 0.16450001
0.10473391 0.081336387 0.16525
0.10617951 0.081336387 0.16525
0.10778793 0.081459448 0.16550002
0 0 0
0 0 0
0 0 0
0 0 0
-0 0 0
-0 0 0
-0 0 0
-0 0 0
-0 0 0
-0 0 0
-0 0 0
-0 0 0
-0 0 0
-0 0 0
-0 0 0
-0 0 0
-0 0 0
-0 0 0
-0 0 0
-0 0 0
-0 0 0
-0 0 0
-0 0 0
-0 0 0
-0 0 0
-0 0 0
-0 0 0
-0 0 0
-0 0 0
-0 0 0
-0 0 0
-0 0 0
-0 0 0
-0 0 0
-0 0 0
-0 0 0
-0 0 0
-0 0 0
-0 0 0
-0 0 0
-0 0 0
-0 0 0
-0 0 0
-0 0 0
-0 0 0
-0 0 0
-0 0 0
-0 0 0
-0 0 0
-0 0 0
-0 0 0
-0 0 0
-0 0 0
-0 0 0
-0 0 0
-0 0 0
-0 0 0
-0 0 0
-0 0 0
-0 0 0
-0 0 0
-0 0 0
-0 0 0
-0 0 0
-0.04835777 0.13475375 0.26900002
-0.045491505 0.13325091 0.266
-0.042961713 0.13262473 0.26475
-0.041298181 0.13475375 0.26900002
-0.039668866 0.13725846 0.27400002
-0.037373949 0.13763417 0.27475002
-0.034938626 0.13750893 0.27450001
-0.032478046 0.13725846 0.27400002
-0.030026216 0.137008 0.27350003
-0.027507355 0.1363818 0.27225003
-0.025079578 0.13613133 0.27175
-0.022744099 0.1363818 0.27225003
-0.020399865 0.13663228 0.27275002
-0 0 0
-0 0 0
-0 0 0
-0 0 0
-0 0 0
-0 0 0
-0 0 0
-0 0 0
0 0 0
0 0 0
0 0 0
0 0 0
0 0 0
0 0 0
0 0 0
0 0 0
0 0 0
0 0 0
0.024911346 0.13650703 0.27250001
0.027295163 0.13650703 0.27250001
0.029651754 0.1363818 0.27225003
0.032003965 0.13625658 0.27200001
0.03441501 0.1363818 0.27225003
0.036931794 0.13688275 0.27325001
0.03935815 0.137008 0.27350003
0.041712552 0.13688275 0.27325001
0.044062577 0.13675751 0.273
0.045472406 0.13387708 0.26725
0.047363054 0.13262473 0.26475
0.050242014 0.13412757 0.26775002
0.053026158 0.13525468 0.27000001
0.055541962 0.13563038 0.27075002
0.058124356 0.13613133 0.27175
0.060557276 0.13625658 0.27200001
0.063225947 0.13688275 0.27325001
0 0 0
0 0 0
0 0 0
0 0 0
0 0 0
0 0 0
0 0 0
0 0 0
0 0 0
0 0 0
0 0 0
0 0 0
0 0 0
0 0 0
0 0 0
0 0 0
0 0 0
0 0 0
0 0 0
0 0 0
0 0 0
0 0 0
0 0 0
0 0 0
0 0 0
0 0 0
0 0 0
0 0 0
0 0 0
0 0 0
0 0 0
0 0 0
0 0 0
0 0 0
0 0 0
0 0 0
0 0 0
0 0 0
0 0 0
0 0 0
0 0 0
0 0 0
0 0 0
0.1007642 0.081904225 0.16350001
0.10235076 0.082029462 0.16375001
0.10410012 0.082279928 0.16425
0.10585824 0.082530402 0.16475001
0 0 0
0 0 0
0 0 0
0 0 0
0 0 0
-0 0 0
-0 0 0
-0 0 0
-0 0 0
-0 0 0
-0 0 0
-0 0 0
-0 0 0
-0 0 0
-0 0 0
-0 0 0
-0 0 0
-0 0 0
-0 0 0
-0 0 0
-0 0 0
-0 0 0
-0 0 0
-0 0 0
-0 0 0
-0 0 0
-0 0 0
-0 0 0
-0 0 0
-0 0 0
-0 0 0
-0 0 0
-0 0 0
-0 0 0
-0 0 0
-0 0 0
-0 0 0
-0 0 0
-0 0 0
-0 0 0
-0 0 0
-0 0 0
-0 0 0
-0 0 0
-0 0 0
-0 0 0
-0 0 0
-0 0 0
-0 0 0
-0 0 0
-0 0 0
-0 0 0
-0 0 0
-0 0 0
-0 0 0
-0 0 0
-0 0 0
-0 0 0
-0 0 0
-0 0 0
-0 0 0
-0 0 0
-0 0 0
-0 0 0
-0 0 0
-0.048447654 0.13735998 0.26950002
-0.046004571 0.13710514 0.26900002
-0.043042853 0.13519382 0.26525003
-0.040837601 0.13557608 0.266
-0.039487895 0.13901646 0.27275002
-0.037203912 0.13939872 0.27350003
-0.034779526 0.1392713 0.27325001
-0.032389145 0.1392713 0.27325001
-0.02991643 0.13888903 0.27250001
-0.027406316 0.13825193 0.27125001
-0.025056507 0.13837935 0.27150002
-0.022744099 0.13876162 0.27225003
-0 0 0
-0 0 0
-0 0 0
-0 0 0
-0 0 0
-0 0 0
-0 0 0
-0 0 0
-0 0 0
0 0 0
0 0 0
0 0 0
0 0 0
0 0 0
0 0 0
0 0 0
0 0 0
0 0 0
0 0 0
0 0 0
0.027370287 0.1392713 0.27325001
0.029760664 0.1392713 0.27325001
0.032121625 0.13914387 0.273
0.034509815 0.13914387 0.273
0.036898006 0.13914387 0.273
0.039286196 0.13914387 0.273
0.041636225 0.13901646 0.27275002
0.043780126 0.13825193 0.27125001
0.045047034 0.13493897 0.26475
0.047497228 0.13532124 0.26550001
0.050758034 0.13786966 0.2705
0 0 0
0 0 0
0.058017414 0.13825193 0.27125001
0.060557276 0.13863419 0.27200001
0 0 0
0 0 0
0 0 0
0 0 0
0 0 0
0 0 0
0 0 0
0 0 0
0 0 0
0 0 0
0 0 0
0 0 0
0 0 0
0 0 0
0 0 0
0 0 0
0 0 0
0 0 0
0 0 0
0 0 0
0 0 0
0 0 0
0 0 0
0 0 0
0 0 0
0 0 0
0 0 0
0 0 0
0 0 0
0 0 0
0 0 0
0 0 0
0 0 0
0 0 0
0 0 0
0 0 0
0 0 0
0 0 0
0 0 0
0 0 0
0 0 0
0 0 0
0 0 0
0 0 0
0.10122641 0.083715677 0.16425
0.1021945 0.083333425 0.16350001
0.10346634 0.083206005 0.16325001
0 0 0
0 0 0
0 0 0
0 0 0
0 0 0
0 0 0
