# .PCD v0.7 - Point Cloud Data file format
VERSION 0.7
FIELDS x y z
SIZE 4 4 4
TYPE F F F
COUNT 1 1 1
WIDTH 19200
HEIGHT 1
VIEWPOINT 0 0 0 1 0 0 0
POINTS 19200
DATA ascii
-0 -0 0
-0 -0 0
-0 -0 0
-0 -0 0
-0 -0 0
-0 -0 0
-0 -0 0
-0 -0 0
-0 -0 0
-0 -0 0
-0 -0 0
-0 -0 0
-0 -0 0
-0 -0 0
-0 -0 0
-0 -0 0
-0 -0 0
-0 -0 0
-0 -0 0
-0 -0 0
-0 -0 0
-0 -0 0
-0 -0 0
-0 -0 0
-0 -0 0
-0 -0 0
-0 -0 0
-0 -0 0
-0 -0 0
-0 -0 0
-0 -0 0
-0 -0 0
-0 -0 0
-0 -0 0
-0 -0 0
-0 -0 0
-0 -0 0
-0 -0 0
-0 -0 0
-0 -0 0
-0 -0 0
-0 -0 0
-0 -0 0
-0 -0 0
-0 -0 0
-0 -0 0
-0 -0 0
-0 -0 0
-0 -0 0
-0 -0 0
-0 -0 0
-0 -0 0
-0 -0 0
-0 -0 0
-0 -0 0
-0 -0 0
-0 -0 0
-0 -0 0
-0 -0 0
-0 -0 0
-0 -0 0
-0 -0 0
-0 -0 0
-0 -0 0
-0 -0 0
-0 -0 0
-0 -0 0
-0 -0 0
-0 -0 0
-0 -0 0
-0 -0 0
-0 -0 0
-0 -0 0
-0 -0 0
-0 -0 0
-0 -0 0
-0 -0 0
-0 -0 0
-0 -0 0
-0 -0 0
-0 -0 0
0 -0 0
0 -0 0
0 -0 0
0 -0 0
0 -0 0
0 -0 0
0 -0 0
0 -0 0
0 -0 0
0 -0 0
0 -0 0
0 -0 0
0 -0 0
0 -0 0
0 -0 0
0 -0 0
0 -0 0
0 -0 0
0 -0 0
0 -0 0
0 -0 0
0 -0 0
0 -0 0
0 -0 0
0 -0 0
0 -0 0
0 -0 0
0 -0 0
0 -0 0
0 -0 0
0 -0 0
0 -0 0
0 -0 0
0 -0 0
0 -0 0
0 -0 0
0 -0 0
0 -0 0
0 -0 0
0 -0 0
0 -0 0
0 -0 0
0 -0 0
0 -0 0
0 -0 0
0 -0 0
0 -0 0
0 -0 0
0 -0 0
0 -0 0
0 -0 0
0 -0 0
0 -0 0
0 -0 0
0 -0 0
0 -0 0
0 -0 0
0 -0 0
0 -0 0
0 -0 0
0 -0 0
0 -0 0
0 -0 0
0 -0 0
0 -0 0
0 -0 0
0 -0 0
0 -0 0
0 -0 0
0 -0 0
0 -0 0
0 -0 0
0 -0 0
0 -0 0
0 -0 0
0 -0 0
0 -0 0
0 -0 0
0 -0 0
-0 -0 0
-0 -0 0
-0 -0 0
-0 -0 0
-0 -0 0
-0 -0 0
-0 -0 0
-0 -0 0
-0 -0 0
-0 -0 0
-0 -0 0
-0 -0 0
-0 -0 0
-0 -0 0
-0 -0 0
-0 -0 0
-0 -0 0
-0 -0 0
-0 -0 0
-0 -0 0
-0 -0 0
-0 -0 0
-0 -0 0
-0 -0 0
-0 -0 0
-0 -0 0
-0 -0 0
-0 -0 0
-0 -0 0
-0 -0 0
-0 -0 0
-0 -0 0
-0 -0 0
-0 -0 0
-0 -0 0
-0 -0 0
-0 -0 0
-0 -0 0
-0 -0 0
-0 -0 0
-0 -0 0
-0 -0 0
-0 -0 0
-0 -0 0
-0 -0 0
-0 -0 0
-0 -0 0
-0 -0 0
-0 -0 0
-0 -0 0
-0 -0 0
-0 -0 0
-0 -0 0
-0 -0 0
-0 -0 0
-0 -0 0
-0 -0 0
-0 -0 0
-0 -0 0
-0 -0 0
-0 -0 0
-0 -0 0
-0 -0 0
-0 -0 0
-0 -0 0
-0 -0 0
-0 -0 0
-0 -0 0
-0 -0 0
-0 -0 0
-0 -0 0
-0 -0 0
-0 -0 0
-0 -0 0
-0 -0 0
-0 -0 0
-0 -0 0
-0 -0 0
-0 -0 0
-0 -0 0
-0 -0 0
0 -0 0
0 -0 0
0 -0 0
0 -0 0
0 -0 0
0 -0 0
0 -0 0
0 -0 0
0 -0 0
0 -0 0
0 -0 0
0 -0 0
0 -0 0
0 -0 0
0 -0 0
0 -0 0
0 -0 0
0 -0 0
0 -0 0
0 -0 0
0 -0 0
0 -0 0
0 -0 0
0 -0 0
0 -0 0
0 -0 0
0 -0 0
0 -0 0
0 -0 0
0 -0 0
0 -0 0
0 -0 0
0 -0 0
0 -0 0
0 -0 0
0 -0 0
0 -0 0
0 -0 0
0 -0 0
0 -0 0
0 -0 0
0 -0 0
0 -0 0
0 -0 0
0 -0 0
0 -0 0
0 -0 0
0 -0 0
0 -0 0
0 -0 0
0 -0 0
0 -0 0
0 -0 0
0 -0 0
0 -0 0
0 -0 0
0 -0 0
0 -0 0
0 -0 0
0 -0 0
0 -0 0
0 -0 0
0 -0 0
0 -0 0
0 -0 0
0 -0 0
0 -0 0
0 -0 0
0 -0 0
0 -0 0
0 -0 0
0 -0 0
0 -0 0
0 -0 0
0 -0 0
0 -0 0
0 -0 0
0 -0 0
0 -0 0
-0 -0 0
-0 -0 0
-0 -0 0
-0 -0 0
-0 -0 0
-0 -0 0
-0 -0 0
-0 -0 0
-0 -0 0
-0 -0 0
-0 -0 0
-0 -0 0
-0 -0 0
-0 -0 0
-0 -0 0
-0 -0 0
-0 -0 0
-0 -0 0
-0 -0 0
-0 -0 0
-0 -0 0
-0 -0 0
-0 -0 0
-0 -0 0
-0 -0 0
-0 -0 0
-0 -0 0
-0 -0 0
-0 -0 0
-0 -0 0
-0 -0 0
-0 -0 0
-0 -0 0
-0 -0 0
-0 -0 0
-0 -0 0
-0 -0 0
-0 -0 0
-0 -0 0
-0 -0 0
-0 -0 0
-0 -0 0
-0 -0 0
-0 -0 0
-0 -0 0
-0 -0 0
-0 -0 0
-0 -0 0
-0 -0 0
-0 -0 0
-0 -0 0
-0 -0 0
-0 -0 0
-0 -0 0
-0 -0 0
-0 -0 0
-0 -0 0
-0 -0 0
-0 -0 0
-0 -0 0
-0 -0 0
-0 -0 0
-0 -0 0
-0 -0 0
-0 -0 0
-0 -0 0
-0 -0 0
-0 -0 0
-0 -0 0
-0 -0 0
-0 -0 0
-0 -0 0
-0 -0 0
-0 -0 0
-0 -0 0
-0 -0 0
-0 -0 0
-0 -0 0
-0 -0 0
-0 -0 0
-0 -0 0
0 -0 0
0 -0 0
0 -0 0
0 -0 0
0 -0 0
0 -0 0
0 -0 0
0 -0 0
0 -0 0
0 -0 0
0 -0 0
0 -0 0
0 -0 0
0 -0 0
0 -0 0
0 -0 0
0 -0 0
0 -0 0
0 -0 0
0 -0 0
0 -0 0
0 -0 0
0 -0 0
0 -0 0
0 -0 0
0 -0 0
0 -0 0
0 -0 0
0 -0 0
0 -0 0
0 -0 0
0 -0 0
0 -0 0
0 -0 0
0 -0 0
0 -0 0
0 -0 0
0 -0 0
0 -0 0
0 -0 0
0 -0 0
0 -0 0
0 -0 0
0 -0 0
0 -0 0
0 -0 0
0 -0 0
0 -0 0
0 -0 0
0 -0 0
0 -0 0
0 -0 0
0 -0 0
0 -0 0
0 -0 0
0 -0 0
0 -0 0
0 -0 0
0 -0 0
0 -0 0
0 -0 0
0 -0 0
0 -0 0
0 -0 0
0 -0 0
0 -0 0
0 -0 0
0 -0 0
0 -0 0
0 -0 0
0 -0 0
0 -0 0
0 -0 0
0 -0 0
0 -0 0
0 -0 0
0 -0 0
0 -0 0
0 -0 0
-0 -0 0
-0 -0 0
-0 -0 0
-0 -0 0
-0 -0 0
-0 -0 0
-0 -0 0
-0 -0 0
-0 -0 0
-0 -0 0
-0 -0 0
-0 -0 0
-0 -0 0
-0 -0 0
-0 -0 0
-0 -0 0
-0 -0 0
-0 -0 0
-0 -0 0
-0 -0 0
-0 -0 0
-0 -0 0
-0 -0 0
-0 -0 0
-0 -0 0
-0 -0 0
-0 -0 0
-0 -0 0
-0 -0 0
-0 -0 0
-0 -0 0
-0 -0 0
-0 -0 0
-0 -0 0
-0 -0 0
-0 -0 0
-0 -0 0
-0 -0 0
-0 -0 0
-0 -0 0
-0 -0 0
-0 -0 0
-0 -0 0
-0 -0 0
-0 -0 0
-0 -0 0
-0 -0 0
-0 -0 0
-0 -0 0
-0 -0 0
-0 -0 0
-0 -0 0
-0 -0 0
-0 -0 0
-0 -0 0
-0 -0 0
-0 -0 0
-0 -0 0
-0 -0 0
-0 -0 0
-0 -0 0
-0 -0 0
-0 -0 0
-0 -0 0
-0 -0 0
-0 -0 0
-0 -0 0
-0 -0 0
-0 -0 0
-0 -0 0
-0 -0 0
-0 -0 0
-0 -0 0
-0 -0 0
-0 -0 0
-0 -0 0
-0 -0 0
-0 -0 0
-0 -0 0
-0 -0 0
-0 -0 0
0 -0 0
0 -0 0
0 -0 0
0 -0 0
0 -0 0
0 -0 0
0 -0 0
0 -0 0
0 -0 0
0 -0 0
0 -0 0
0 -0 0
0 -0 0
0 -0 0
0 -0 0
0 -0 0
0 -0 0
0 -0 0
0 -0 0
0 -0 0
0 -0 0
0 -0 0
0 -0 0
0 -0 0
0 -0 0
0 -0 0
0 -0 0
0 -0 0
0 -0 0
0 -0 0
0 -0 0
0 -0 0
0 -0 0
0 -0 0
0 -0 0
0 -0 0
0 -0 0
0 -0 0
0 -0 0
0 -0 0
0 -0 0
0 -0 0
0 -0 0
0 -0 0
0 -0 0
0 -0 0
0 -0 0
0 -0 0
0 -0 0
0 -0 0
0 -0 0
0 -0 0
0 -0 0
0 -0 0
0 -0 0
0 -0 0
0 -0 0
0 -0 0
0 -0 0
0 -0 0
0 -0 0
0 -0 0
0 -0 0
0 -0 0
0 -0 0
0 -0 0
0 -0 0
0 -0 0
0 -0 0
0 -0 0
0 -0 0
0 -0 0
0 -0 0
0 -0 0
0 -0 0
0 -0 0
0 -0 0
0 -0 0
0 -0 0
-0 -0 0
-0 -0 0
-0 -0 0
-0 -0 0
-0 -0 0
-0 -0 0
-0 -0 0
-0 -0 0
-0 -0 0
-0 -0 0
-0 -0 0
-0 -0 0
-0 -0 0
-0 -0 0
-0 -0 0
-0 -0 0
-0 -0 0
-0 -0 0
-0 -0 0
-0 -0 0
-0 -0 0
-0 -0 0
-0 -0 0
-0 -0 0
-0 -0 0
-0 -0 0
-0 -0 0
-0 -0 0
-0 -0 0
-0 -0 0
-0 -0 0
-0 -0 0
-0 -0 0
-0 -0 0
-0 -0 0
-0 -0 0
-0 -0 0
-0 -0 0
-0 -0 0
-0 -0 0
-0 -0 0
-0 -0 0
-0 -0 0
-0 -0 0
-0 -0 0
-0 -0 0
-0 -0 0
-0 -0 0
-0 -0 0
-0 -0 0
-0 -0 0
-0 -0 0
-0 -0 0
-0 -0 0
-0 -0 0
-0 -0 0
-0 -0 0
-0 -0 0
-0 -0 0
-0 -0 0
-0 -0 0
-0 -0 0
-0 -0 0
-0 -0 0
-0 -0 0
-0 -0 0
-0 -0 0
-0 -0 0
-0 -0 0
-0 -0 0
-0 -0 0
-0 -0 0
-0 -0 0
-0 -0 0
-0 -0 0
-0 -0 0
-0 -0 0
-0 -0 0
-0 -0 0
-0 -0 0
-0 -0 0
0 -0 0
0 -0 0
0 -0 0
0 -0 0
0 -0 0
0 -0 0
0 -0 0
0 -0 0
0 -0 0
0 -0 0
0 -0 0
0 -0 0
0 -0 0
0 -0 0
0 -0 0
0 -0 0
0 -0 0
0 -0 0
0 -0 0
0 -0 0
0 -0 0
0 -0 0
0 -0 0
0 -0 0
0 -0 0
0 -0 0
0 -0 0
0 -0 0
0 -0 0
0 -0 0
0 -0 0
0 -0 0
0 -0 0
0 -0 0
0 -0 0
0 -0 0
0 -0 0
0 -0 0
0 -0 0
0 -0 0
0 -0 0
0 -0 0
0 -0 0
0 -0 0
0 -0 0
0 -0 0
0 -0 0
0 -0 0
0 -0 0
0 -0 0
0 -0 0
0 -0 0
0 -0 0
0 -0 0
0 -0 0
0 -0 0
0 -0 0
0 -0 0
0 -0 0
0 -0 0
0 -0 0
0 -0 0
0 -0 0
0 -0 0
0 -0 0
0 -0 0
0 -0 0
0 -0 0
0 -0 0
0 -0 0
0 -0 0
0 -0 0
0 -0 0
0 -0 0
0 -0 0
0 -0 0
0 -0 0
0 -0 0
0 -0 0
-0 -0 0
-0 -0 0
-0 -0 0
-0 -0 0
-0 -0 0
-0 -0 0
-0 -0 0
-0 -0 0
-0 -0 0
-0 -0 0
-0 -0 0
-0 -0 0
-0 -0 0
-0 -0 0
-0 -0 0
-0 -0 0
-0 -0 0
-0 -0 0
-0 -0 0
-0 -0 0
-0 -0 0
-0 -0 0
-0 -0 0
-0 -0 0
-0 -0 0
-0 -0 0
-0 -0 0
-0 -0 0
-0 -0 0
-0 -0 0
-0 -0 0
-0 -0 0
-0 -0 0
-0 -0 0
-0 -0 0
-0 -0 0
-0 -0 0
-0 -0 0
-0 -0 0
-0 -0 0
-0 -0 0
-0 -0 0
-0 -0 0
-0 -0 0
-0 -0 0
-0 -0 0
-0 -0 0
-0 -0 0
-0 -0 0
-0 -0 0
-0 -0 0
-0 -0 0
-0 -0 0
-0 -0 0
-0 -0 0
-0 -0 0
-0 -0 0
-0 -0 0
-0 -0 0
-0 -0 0
-0 -0 0
-0 -0 0
-0 -0 0
-0 -0 0
-0 -0 0
-0 -0 0
-0 -0 0
-0 -0 0
-0 -0 0
-0 -0 0
-0 -0 0
-0 -0 0
-0 -0 0
-0 -0 0
-0 -0 0
-0 -0 0
-0 -0 0
-0 -0 0
-0 -0 0
-0 -0 0
-0 -0 0
0 -0 0
0 -0 0
0 -0 0
0 -0 0
0 -0 0
0 -0 0
0 -0 0
0 -0 0
0 -0 0
0 -0 0
0 -0 0
0 -0 0
0 -0 0
0 -0 0
0 -0 0
0 -0 0
0 -0 0
0 -0 0
0 -0 0
0 -0 0
0 -0 0
0 -0 0
0 -0 0
0 -0 0
0 -0 0
0 -0 0
0 -0 0
0 -0 0
0 -0 0
0 -0 0
0 -0 0
0 -0 0
0 -0 0
0 -0 0
0 -0 0
0 -0 0
0 -0 0
0 -0 0
0 -0 0
0 -0 0
0 -0 0
0 -0 0
0 -0 0
0 -0 0
0 -0 0
0 -0 0
0 -0 0
0 -0 0
0 -0 0
0 -0 0
0 -0 0
0 -0 0
0 -0 0
0 -0 0
0 -0 0
0 -0 0
0 -0 0
0 -0 0
0 -0 0
0 -0 0
0 -0 0
0 -0 0
0 -0 0
0 -0 0
0 -0 0
0 -0 0
0 -0 0
0 -0 0
0 -0 0
0 -0 0
0 -0 0
0 -0 0
0 -0 0
0 -0 0
0 -0 0
0 -0 0
0 -0 0
0 -0 0
0 -0 0
-0 -0 0
-0 -0 0
-0 -0 0
-0 -0 0
-0 -0 0
-0 -0 0
-0 -0 0
-0 -0 0
-0 -0 0
-0 -0 0
-0 -0 0
-0 -0 0
-0 -0 0
-0 -0 0
-0 -0 0
-0 -0 0
-0 -0 0
-0 -0 0
-0 -0 0
-0 -0 0
-0 -0 0
-0 -0 0
-0 -0 0
-0 -0 0
-0 -0 0
-0 -0 0
-0 -0 0
-0 -0 0
-0 -0 0
-0 -0 0
-0 -0 0
-0 -0 0
-0 -0 0
-0 -0 0
-0 -0 0
-0 -0 0
-0 -0 0
-0 -0 0
-0 -0 0
-0 -0 0
-0 -0 0
-0 -0 0
-0 -0 0
-0 -0 0
-0 -0 0
-0 -0 0
-0 -0 0
-0 -0 0
-0 -0 0
-0 -0 0
-0 -0 0
-0 -0 0
-0 -0 0
-0 -0 0
-0 -0 0
-0 -0 0
-0 -0 0
-0 -0 0
-0 -0 0
-0 -0 0
-0 -0 0
-0 -0 0
-0 -0 0
-0 -0 0
-0 -0 0
-0 -0 0
-0 -0 0
-0 -0 0
-0 -0 0
-0 -0 0
-0 -0 0
-0 -0 0
-0 -0 0
-0 -0 0
-0 -0 0
-0 -0 0
-0 -0 0
-0 -0 0
-0 -0 0
-0 -0 0
-0 -0 0
0 -0 0
0 -0 0
0 -0 0
0 -0 0
0 -0 0
0 -0 0
0 -0 0
0 -0 0
0 -0 0
0 -0 0
0 -0 0
0 -0 0
0 -0 0
0 -0 0
0 -0 0
0 -0 0
0 -0 0
0 -0 0
0 -0 0
0 -0 0
0 -0 0
0 -0 0
0 -0 0
0 -0 0
0 -0 0
0 -0 0
0 -0 0
0 -0 0
0 -0 0
0 -0 0
0 -0 0
0 -0 0
0 -0 0
0 -0 0
0 -0 0
0 -0 0
0 -0 0
0 -0 0
0 -0 0
0 -0 0
0 -0 0
0 -0 0
0 -0 0
0 -0 0
0 -0 0
0 -0 0
0 -0 0
0 -0 0
0 -0 0
0 -0 0
0 -0 0
0 -0 0
0 -0 0
0 -0 0
0 -0 0
0 -0 0
0 -0 0
0 -0 0
0 -0 0
0 -0 0
0 -0 0
0 -0 0
0 -0 0
0 -0 0
0 -0 0
0 -0 0
0 -0 0
0 -0 0
0 -0 0
0 -0 0
0 -0 0
0 -0 0
0 -0 0
0 -0 0
0 -0 0
0 -0 0
0 -0 0
0 -0 0
0 -0 0
-0 -0 0
-0 -0 0
-0 -0 0
-0 -0 0
-0 -0 0
-0 -0 0
-0 -0 0
-0 -0 0
-0 -0 0
-0 -0 0
-0 -0 0
-0 -0 0
-0 -0 0
-0 -0 0
-0 -0 0
-0 -0 0
-0 -0 0
-0 -0 0
-0 -0 0
-0 -0 0
-0 -0 0
-0 -0 0
-0 -0 0
-0 -0 0
-0 -0 0
-0 -0 0
-0 -0 0
-0 -0 0
-0 -0 0
-0 -0 0
-0 -0 0
-0 -0 0
-0 -0 0
-0 -0 0
-0 -0 0
-0 -0 0
-0 -0 0
-0 -0 0
-0 -0 0
-0 -0 0
-0 -0 0
-0 -0 0
-0 -0 0
-0 -0 0
-0 -0 0
-0 -0 0
-0 -0 0
-0 -0 0
-0 -0 0
-0 -0 0
-0 -0 0
-0 -0 0
-0 -0 0
-0 -0 0
-0 -0 0
-0 -0 0
-0 -0 0
-0 -0 0
-0 -0 0
-0 -0 0
-0 -0 0
-0 -0 0
-0 -0 0
-0 -0 0
-0 -0 0
-0 -0 0
-0 -0 0
-0 -0 0
-0 -0 0
-0 -0 0
-0 -0 0
-0 -0 0
-0 -0 0
-0 -0 0
-0 -0 0
-0 -0 0
-0 -0 0
-0 -0 0
-0 -0 0
-0 -0 0
-0 -0 0
0 -0 0
0 -0 0
0 -0 0
0 -0 0
0 -0 0
0 -0 0
0 -0 0
0 -0 0
0 -0 0
0 -0 0
0 -0 0
0 -0 0
0 -0 0
0 -0 0
0 -0 0
0 -0 0
0 -0 0
0 -0 0
0 -0 0
0 -0 0
0 -0 0
0 -0 0
0 -0 0
0 -0 0
0 -0 0
0 -0 0
0 -0 0
0 -0 0
0 -0 0
0 -0 0
0 -0 0
0 -0 0
0 -0 0
0 -0 0
0 -0 0
0 -0 0
0 -0 0
0 -0 0
0 -0 0
0 -0 0
0 -0 0
0 -0 0
0 -0 0
0 -0 0
0 -0 0
0 -0 0
0 -0 0
0 -0 0
0 -0 0
0 -0 0
0 -0 0
0 -0 0
0 -0 0
0 -0 0
0 -0 0
0 -0 0
0 -0 0
0 -0 0
0 -0 0
0 -0 0
0 -0 0
0 -0 0
0 -0 0
0 -0 0
0 -0 0
0 -0 0
0 -0 0
0 -0 0
0 -0 0
0 -0 0
0 -0 0
0 -0 0
0 -0 0
0 -0 0
0 -0 0
0 -0 0
0 -0 0
0 -0 0
0 -0 0
-0 -0 0
-0 -0 0
-0 -0 0
-0 -0 0
-0 -0 0
-0 -0 0
-0 -0 0
-0 -0 0
-0 -0 0
-0 -0 0
-0 -0 0
-0 -0 0
-0 -0 0
-0 -0 0
-0 -0 0
-0 -0 0
-0 -0 0
-0 -0 0
-0 -0 0
-0 -0 0
-0 -0 0
-0 -0 0
-0 -0 0
-0 -0 0
-0 -0 0
-0 -0 0
-0 -0 0
-0 -0 0
-0 -0 0
-0 -0 0
-0 -0 0
-0 -0 0
-0 -0 0
-0 -0 0
-0 -0 0
-0 -0 0
-0 -0 0
-0 -0 0
-0 -0 0
-0 -0 0
-0 -0 0
-0 -0 0
-0 -0 0
-0 -0 0
-0 -0 0
-0 -0 0
-0 -0 0
-0 -0 0
-0 -0 0
-0 -0 0
-0 -0 0
-0 -0 0
-0 -0 0
-0 -0 0
-0 -0 0
-0 -0 0
-0 -0 0
-0 -0 0
-0 -0 0
-0 -0 0
-0 -0 0
-0 -0 0
-0 -0 0
-0 -0 0
-0 -0 0
-0 -0 0
-0 -0 0
-0 -0 0
-0 -0 0
-0 -0 0
-0 -0 0
-0 -0 0
-0 -0 0
-0 -0 0
-0 -0 0
-0 -0 0
-0 -0 0
-0 -0 0
-0 -0 0
-0 -0 0
-0 -0 0
0 -0 0
0 -0 0
0 -0 0
0 -0 0
0 -0 0
0 -0 0
0 -0 0
0 -0 0
0 -0 0
0 -0 0
0 -0 0
0 -0 0
0 -0 0
0 -0 0
0 -0 0
0 -0 0
0 -0 0
0 -0 0
0 -0 0
0 -0 0
0 -0 0
0 -0 0
0 -0 0
0 -0 0
0 -0 0
0 -0 0
0 -0 0
0 -0 0
0 -0 0
0 -0 0
0 -0 0
0 -0 0
0 -0 0
0 -0 0
0 -0 0
0 -0 0
0 -0 0
0 -0 0
0 -0 0
0 -0 0
0 -0 0
0 -0 0
0 -0 0
0 -0 0
0 -0 0
0 -0 0
0 -0 0
0 -0 0
0 -0 0
0 -0 0
0 -0 0
0 -0 0
0 -0 0
0 -0 0
0 -0 0
0 -0 0
0 -0 0
0 -0 0
0 -0 0
0 -0 0
0 -0 0
0 -0 0
0 -0 0
0 -0 0
0 -0 0
0 -0 0
0 -0 0
0 -0 0
0 -0 0
0 -0 0
0 -0 0
0 -0 0
0 -0 0
0 -0 0
0 -0 0
0 -0 0
0 -0 0
0 -0 0
0 -0 0
-0 -0 0
-0 -0 0
-0 -0 0
-0 -0 0
-0 -0 0
-0 -0 0
-0 -0 0
-0 -0 0
-0 -0 0
-0 -0 0
-0 -0 0
-0 -0 0
-0 -0 0
-0 -0 0
-0 -0 0
-0 -0 0
-0 -0 0
-0 -0 0
-0 -0 0
-0 -0 0
-0 -0 0
-0 -0 0
-0 -0 0
-0 -0 0
-0 -0 0
-0 -0 0
-0 -0 0
-0 -0 0
-0 -0 0
-0 -0 0
-0 -0 0
-0 -0 0
-0 -0 0
-0 -0 0
-0 -0 0
-0 -0 0
-0 -0 0
-0 -0 0
-0 -0 0
-0 -0 0
-0 -0 0
-0 -0 0
-0 -0 0
-0 -0 0
-0 -0 0
-0 -0 0
-0 -0 0
-0 -0 0
-0 -0 0
-0 -0 0
-0 -0 0
-0 -0 0
-0 -0 0
-0 -0 0
-0 -0 0
-0 -0 0
-0 -0 0
-0 -0 0
-0 -0 0
-0 -0 0
-0 -0 0
-0 -0 0
-0 -0 0
-0 -0 0
-0 -0 0
-0 -0 0
-0 -0 0
-0 -0 0
-0 -0 0
-0 -0 0
-0 -0 0
-0 -0 0
-0 -0 0
-0 -0 0
-0 -0 0
-0 -0 0
-0 -0 0
-0 -0 0
-0 -0 0
-0 -0 0
-0 -0 0
0 -0 0
0 -0 0
0 -0 0
0 -0 0
0 -0 0
0 -0 0
0 -0 0
0 -0 0
0 -0 0
0 -0 0
0 -0 0
0 -0 0
0 -0 0
0 -0 0
0 -0 0
0 -0 0
0 -0 0
0 -0 0
0 -0 0
0 -0 0
0 -0 0
0 -0 0
0 -0 0
0 -0 0
0 -0 0
0 -0 0
0 -0 0
0 -0 0
0 -0 0
0 -0 0
0 -0 0
0 -0 0
0 -0 0
0 -0 0
0 -0 0
0 -0 0
0 -0 0
0 -0 0
0 -0 0
0 -0 0
0 -0 0
0 -0 0
0 -0 0
0 -0 0
0 -0 0
0 -0 0
0 -0 0
0 -0 0
0 -0 0
0 -0 0
0 -0 0
0 -0 0
0 -0 0
0 -0 0
0 -0 0
0 -0 0
0 -0 0
0 -0 0
0 -0 0
0 -0 0
0 -0 0
0 -0 0
0 -0 0
0 -0 0
0 -0 0
0 -0 0
0 -0 0
0 -0 0
0 -0 0
0 -0 0
0 -0 0
0 -0 0
0 -0 0
0 -0 0
0 -0 0
0 -0 0
0 -0 0
0 -0 0
0 -0 0
-0 -0 0
-0 -0 0
-0 -0 0
-0 -0 0
-0 -0 0
-0 -0 0
-0 -0 0
-0 -0 0
-0 -0 0
-0 -0 0
-0 -0 0
-0 -0 0
-0 -0 0
-0 -0 0
-0 -0 0
-0 -0 0
-0 -0 0
-0 -0 0
-0 -0 0
-0 -0 0
-0 -0 0
-0 -0 0
-0 -0 0
-0 -0 0
-0 -0 0
-0 -0 0
-0 -0 0
-0 -0 0
-0 -0 0
-0 -0 0
-0 -0 0
-0 -0 0
-0 -0 0
-0 -0 0
-0 -0 0
-0 -0 0
-0 -0 0
-0 -0 0
-0 -0 0
-0 -0 0
-0 -0 0
-0 -0 0
-0 -0 0
-0 -0 0
-0 -0 0
-0 -0 0
-0 -0 0
-0 -0 0
-0 -0 0
-0 -0 0
-0 -0 0
-0 -0 0
-0 -0 0
-0 -0 0
-0 -0 0
-0 -0 0
-0 -0 0
-0 -0 0
-0 -0 0
-0 -0 0
-0 -0 0
-0 -0 0
-0 -0 0
-0 -0 0
-0 -0 0
-0 -0 0
-0 -0 0
-0 -0 0
-0 -0 0
-0 -0 0
-0 -0 0
-0 -0 0
-0 -0 0
-0 -0 0
-0 -0 0
-0 -0 0
-0 -0 0
-0 -0 0
-0 -0 0
-0 -0 0
-0 -0 0
0 -0 0
0 -0 0
0 -0 0
0 -0 0
0 -0 0
0 -0 0
0 -0 0
0 -0 0
0 -0 0
0 -0 0
0 -0 0
0 -0 0
0 -0 0
0 -0 0
0 -0 0
0 -0 0
0 -0 0
0 -0 0
0 -0 0
0 -0 0
0 -0 0
0 -0 0
0 -0 0
0 -0 0
0 -0 0
0 -0 0
0 -0 0
0 -0 0
0 -0 0
0 -0 0
0 -0 0
0 -0 0
0 -0 0
0 -0 0
0 -0 0
0 -0 0
0 -0 0
0 -0 0
0 -0 0
0 -0 0
0 -0 0
0 -0 0
0 -0 0
0 -0 0
0 -0 0
0 -0 0
0 -0 0
0 -0 0
0 -0 0
0 -0 0
0 -0 0
0 -0 0
0 -0 0
0 -0 0
0 -0 0
0 -0 0
0 -0 0
0 -0 0
0 -0 0
0 -0 0
0 -0 0
0 -0 0
0 -0 0
0 -0 0
0 -0 0
0 -0 0
0 -0 0
0 -0 0
0 -0 0
0 -0 0
0 -0 0
0 -0 0
0 -0 0
0 -0 0
0 -0 0
0 -0 0
0 -0 0
0 -0 0
0 -0 0
-0 -0 0
-0 -0 0
-0 -0 0
-0 -0 0
-0 -0 0
-0 -0 0
-0 -0 0
-0 -0 0
-0 -0 0
-0 -0 0
-0 -0 0
-0 -0 0
-0 -0 0
-0 -0 0
-0 -0 0
-0 -0 0
-0 -0 0
-0 -0 0
-0 -0 0
-0 -0 0
-0 -0 0
-0 -0 0
-0 -0 0
-0 -0 0
-0 -0 0
-0 -0 0
-0 -0 0
-0 -0 0
-0 -0 0
-0 -0 0
-0 -0 0
-0 -0 0
-0 -0 0
-0 -0 0
-0 -0 0
-0 -0 0
-0 -0 0
-0 -0 0
-0 -0 0
-0 -0 0
-0 -0 0
-0 -0 0
-0 -0 0
-0 -0 0
-0 -0 0
-0 -0 0
-0 -0 0
-0 -0 0
-0 -0 0
-0 -0 0
-0 -0 0
-0 -0 0
-0 -0 0
-0 -0 0
-0 -0 0
-0 -0 0
-0 -0 0
-0 -0 0
-0 -0 0
-0 -0 0
-0 -0 0
-0 -0 0
-0 -0 0
-0 -0 0
-0 -0 0
-0 -0 0
-0 -0 0
-0 -0 0
-0 -0 0
-0 -0 0
-0 -0 0
-0 -0 0
-0 -0 0
-0 -0 0
-0 -0 0
-0 -0 0
-0 -0 0
-0 -0 0
-0 -0 0
-0 -0 0
-0 -0 0
0 -0 0
0 -0 0
0 -0 0
0 -0 0
0 -0 0
0 -0 0
0 -0 0
0 -0 0
0 -0 0
0 -0 0
0 -0 0
0 -0 0
0 -0 0
0 -0 0
0 -0 0
0 -0 0
0 -0 0
0 -0 0
0 -0 0
0 -0 0
0 -0 0
0 -0 0
0 -0 0
0 -0 0
0 -0 0
0 -0 0
0 -0 0
0 -0 0
0 -0 0
0 -0 0
0 -0 0
0 -0 0
0 -0 0
0 -0 0
0 -0 0
0 -0 0
0 -0 0
0 -0 0
0 -0 0
0 -0 0
0 -0 0
0 -0 0
0 -0 0
0 -0 0
0 -0 0
0 -0 0
0 -0 0
0 -0 0
0 -0 0
0 -0 0
0 -0 0
0 -0 0
0 -0 0
0 -0 0
0 -0 0
0 -0 0
0 -0 0
0 -0 0
0 -0 0
0 -0 0
0 -0 0
0 -0 0
0 -0 0
0 -0 0
0 -0 0
0 -0 0
0 -0 0
0 -0 0
0 -0 0
0 -0 0
0 -0 0
0 -0 0
0 -0 0
0 -0 0
0 -0 0
0 -0 0
0 -0 0
0 -0 0
0 -0 0
-0 -0 0
-0 -0 0
-0 -0 0
-0 -0 0
-0 -0 0
-0 -0 0
-0 -0 0
-0 -0 0
-0 -0 0
-0 -0 0
-0 -0 0
-0 -0 0
-0 -0 0
-0 -0 0
-0 -0 0
-0 -0 0
-0 -0 0
-0 -0 0
-0 -0 0
-0 -0 0
-0 -0 0
-0 -0 0
-0 -0 0
-0 -0 0
-0 -0 0
-0 -0 0
-0 -0 0
-0 -0 0
-0 -0 0
-0 -0 0
-0 -0 0
-0 -0 0
-0 -0 0
-0 -0 0
-0 -0 0
-0 -0 0
-0 -0 0
-0 -0 0
-0 -0 0
-0 -0 0
-0 -0 0
-0 -0 0
-0 -0 0
-0 -0 0
-0 -0 0
-0 -0 0
-0 -0 0
-0 -0 0
-0 -0 0
-0 -0 0
-0 -0 0
-0 -0 0
-0 -0 0
-0 -0 0
-0 -0 0
-0 -0 0
-0 -0 0
-0 -0 0
-0 -0 0
-0 -0 0
-0 -0 0
-0 -0 0
-0 -0 0
-0 -0 0
-0 -0 0
-0 -0 0
-0 -0 0
-0 -0 0
-0 -0 0
-0 -0 0
-0 -0 0
-0 -0 0
-0 -0 0
-0 -0 0
-0 -0 0
-0 -0 0
-0 -0 0
-0 -0 0
-0 -0 0
-0 -0 0
-0 -0 0
0 -0 0
0 -0 0
0 -0 0
0 -0 0
0 -0 0
0 -0 0
0 -0 0
0 -0 0
0 -0 0
0 -0 0
0 -0 0
0 -0 0
0 -0 0
0 -0 0
0 -0 0
0 -0 0
0 -0 0
0 -0 0
0 -0 0
0 -0 0
0 -0 0
0 -0 0
0 -0 0
0 -0 0
0 -0 0
0 -0 0
0 -0 0
0 -0 0
0 -0 0
0 -0 0
0 -0 0
0 -0 0
0 -0 0
0 -0 0
0 -0 0
0 -0 0
0 -0 0
0 -0 0
0 -0 0
0 -0 0
0 -0 0
0 -0 0
0 -0 0
0 -0 0
0 -0 0
0 -0 0
0 -0 0
0 -0 0
0 -0 0
0 -0 0
0 -0 0
0 -0 0
0 -0 0
0 -0 0
0 -0 0
0 -0 0
0 -0 0
0 -0 0
0 -0 0
0 -0 0
0 -0 0
0 -0 0
0 -0 0
0 -0 0
0 -0 0
0 -0 0
0 -0 0
0 -0 0
0 -0 0
0 -0 0
0 -0 0
0 -0 0
0 -0 0
0 -0 0
0 -0 0
0 -0 0
0 -0 0
0 -0 0
0 -0 0
-0 -0 0
-0 -0 0
-0 -0 0
-0 -0 0
-0 -0 0
-0 -0 0
-0 -0 0
-0 -0 0
-0 -0 0
-0 -0 0
-0 -0 0
-0 -0 0
-0 -0 0
-0 -0 0
-0 -0 0
-0 -0 0
-0 -0 0
-0 -0 0
-0 -0 0
-0 -0 0
-0 -0 0
-0 -0 0
-0 -0 0
-0 -0 0
-0 -0 0
-0 -0 0
-0 -0 0
-0 -0 0
-0 -0 0
-0 -0 0
-0 -0 0
-0 -0 0
-0 -0 0
-0 -0 0
-0 -0 0
-0 -0 0
-0 -0 0
-0 -0 0
-0 -0 0
-0 -0 0
-0 -0 0
-0 -0 0
-0 -0 0
-0 -0 0
-0 -0 0
-0 -0 0
-0 -0 0
-0 -0 0
-0 -0 0
-0 -0 0
-0 -0 0
-0 -0 0
-0 -0 0
-0 -0 0
-0 -0 0
-0 -0 0
-0 -0 0
-0 -0 0
-0 -0 0
-0 -0 0
-0 -0 0
-0 -0 0
-0 -0 0
-0 -0 0
-0 -0 0
-0 -0 0
-0 -0 0
-0 -0 0
-0 -0 0
-0 -0 0
-0 -0 0
-0 -0 0
-0 -0 0
-0 -0 0
-0 -0 0
-0 -0 0
-0 -0 0
-0 -0 0
-0 -0 0
-0 -0 0
-0 -0 0
0 -0 0
0 -0 0
0 -0 0
0 -0 0
0 -0 0
0 -0 0
0 -0 0
0 -0 0
0 -0 0
0 -0 0
0 -0 0
0 -0 0
0 -0 0
0 -0 0
0 -0 0
0 -0 0
0 -0 0
0 -0 0
0 -0 0
0 -0 0
0 -0 0
0 -0 0
0 -0 0
0 -0 0
0 -0 0
0 -0 0
0 -0 0
0 -0 0
0 -0 0
0 -0 0
0 -0 0
0 -0 0
0 -0 0
0 -0 0
0 -0 0
0 -0 0
0 -0 0
0 -0 0
0 -0 0
0 -0 0
0 -0 0
0 -0 0
0 -0 0
0 -0 0
0 -0 0
0 -0 0
0 -0 0
0 -0 0
0 -0 0
0 -0 0
0 -0 0
0 -0 0
0 -0 0
0.1173625 -0.10463833 0.25100002
0.1196773 -0.10474255 0.25125
0.12017747 -0.10328346 0.24775001
0.12370279 -0.10442989 0.25050002
0.12539157 -0.104013 0.24950001
0.12629588 -0.10297079 0.24700001
0.1289767 -0.10338768 0.24800001
0.1312784 -0.10349189 0.24825001
0 -0 0
0 -0 0
0 -0 0
0 -0 0
0 -0 0
0 -0 0
0 -0 0
0 -0 0
0 -0 0
0 -0 0
0 -0 0
0 -0 0
0 -0 0
0 -0 0
0 -0 0
0 -0 0
0 -0 0
0 -0 0
-0 -0 0
-0 -0 0
-0 -0 0
-0 -0 0
-0 -0 0
-0 -0 0
-0 -0 0
-0 -0 0
-0 -0 0
-0 -0 0
-0 -0 0
-0 -0 0
-0 -0 0
-0 -0 0
-0 -0 0
-0 -0 0
-0 -0 0
-0 -0 0
-0 -0 0
-0 -0 0
-0 -0 0
-0 -0 0
-0 -0 0
-0 -0 0
-0 -0 0
-0 -0 0
-0 -0 0
-0 -0 0
-0 -0 0
-0 -0 0
-0 -0 0
-0 -0 0
-0 -0 0
-0 -0 0
-0 -0 0
-0 -0 0
-0 -0 0
-0 -0 0
-0 -0 0
-0 -0 0
-0 -0 0
-0 -0 0
-0 -0 0
-0 -0 0
-0 -0 0
-0 -0 0
-0 -0 0
-0 -0 0
-0 -0 0
-0 -0 0
-0 -0 0
-0 -0 0
-0 -0 0
-0 -0 0
-0 -0 0
-0 -0 0
-0 -0 0
-0 -0 0
-0 -0 0
-0 -0 0
-0 -0 0
-0 -0 0
-0 -0 0
-0 -0 0
-0 -0 0
-0 -0 0
-0 -0 0
-0 -0 0
-0 -0 0
-0 -0 0
-0 -0 0
-0 -0 0
-0 -0 0
-0 -0 0
-0 -0 0
-0 -0 0
-0 -0 0
-0 -0 0
-0 -0 0
-0 -0 0
-0 -0 0
0 -0 0
0 -0 0
0 -0 0
0 -0 0
0 -0 0
0 -0 0
0 -0 0
0 -0 0
0 -0 0
0 -0 0
0 -0 0
0 -0 0
0 -0 0
0 -0 0
0 -0 0
0 -0 0
0 -0 0
0 -0 0
0 -0 0
0 -0 0
0 -0 0
0 -0 0
0 -0 0
0 -0 0
0 -0 0
0 -0 0
0 -0 0
0 -0 0
0 -0 0
0 -0 0
0 -0 0
0 -0 0
0 -0 0
0 -0 0
0 -0 0
0 -0 0
0 -0 0
0 -0 0
0 -0 0
0 -0 0
0 -0 0
0 -0 0
0 -0 0
0.096260361 -0.1033626 0.25325
0.097795293 -0.10264836 0.25150001
0.1001942 -0.10285243 0.252
0.1022971 -0.1027504 0.25175002
0.10470694 -0.10295446 0.25225002
0.10670169 -0.1027504 0.25175002
0.108904 -0.1027504 0.25175002
0.11099595 -0.10264836 0.25150001
0.11308353 -0.10254631 0.25125
0.11505204 -0.10234224 0.25075001
0.11724559 -0.10234224 0.25075001
0.11955823 -0.10244428 0.25100002
0.1216327 -0.10234224 0.25075001
0.12357933 -0.10213818 0.25025001
0.12501465 -0.10152596 0.24875002
0.12706286 -0.10142392 0.2485
0.12910672 -0.10132188 0.24825001
0.13022077 -0.1005056 0.24625002
0 -0 0
0 -0 0
0 -0 0
0 -0 0
0 -0 0
0 -0 0
0 -0 0
0 -0 0
0 -0 0
0 -0 0
0 -0 0
0 -0 0
0 -0 0
0 -0 0
0 -0 0
0 -0 0
0 -0 0
0 -0 0
-0 -0 0
-0 -0 0
-0 -0 0
-0 -0 0
-0 -0 0
-0 -0 0
-0 -0 0
-0 -0 0
-0 -0 0
-0 -0 0
-0 -0 0
-0 -0 0
-0 -0 0
-0 -0 0
-0 -0 0
-0 -0 0
-0 -0 0
-0 -0 0
-0 -0 0
-0 -0 0
-0 -0 0
-0 -0 0
-0 -0 0
-0 -0 0
-0 -0 0
-0 -0 0
-0 -0 0
-0 -0 0
-0 -0 0
-0 -0 0
-0 -0 0
-0 -0 0
-0 -0 0
-0 -0 0
-0 -0 0
-0 -0 0
-0 -0 0
-0 -0 0
-0 -0 0
-0 -0 0
-0 -0 0
-0 -0 0
-0 -0 0
-0 -0 0
-0 -0 0
-0 -0 0
-0 -0 0
-0 -0 0
-0 -0 0
-0 -0 0
-0 -0 0
-0 -0 0
-0 -0 0
-0 -0 0
-0 -0 0
-0 -0 0
-0 -0 0
-0 -0 0
-0 -0 0
-0 -0 0
-0 -0 0
-0 -0 0
-0 -0 0
-0 -0 0
-0 -0 0
-0 -0 0
-0 -0 0
-0 -0 0
-0 -0 0
-0 -0 0
-0 -0 0
-0 -0 0
-0 -0 0
-0 -0 0
-0 -0 0
-0 -0 0
-0 -0 0
-0 -0 0
-0 -0 0
-0 -0 0
-0 -0 0
0 -0 0
0 -0 0
0 -0 0
0 -0 0
0 -0 0
0 -0 0
0 -0 0
0 -0 0
0 -0 0
0 -0 0
0 -0 0
0 -0 0
0 -0 0
0 -0 0
0 -0 0
0 -0 0
0 -0 0
0 -0 0
0 -0 0
0 -0 0
0 -0 0
0 -0 0
0 -0 0
0 -0 0
0 -0 0
0 -0 0
0 -0 0
0 -0 0
0 -0 0
0.066339426 -0.10284636 0.25750002
0 -0 0
0.070775837 -0.1027465 0.25725001
0.072955273 -0.10264665 0.257
0.074984044 -0.10234711 0.25625002
0.07730104 -0.10244695 0.25650001
0.079777479 -0.1027465 0.25725001
0.081390157 -0.1019477 0.25525001
0.083131664 -0.1013486 0.25375003
0.085351452 -0.1013486 0.25375003
0.087312415 -0.10104904 0.25300002
0.089437172 -0.10094919 0.25275001
0.091648221 -0.10094919 0.25275001
0.093859263 -0.10094919 0.25275001
0.096070312 -0.10094919 0.25275001
0.098572992 -0.10124874 0.25350001
0.100393 -0.10084933 0.2525
0.10219551 -0.10044993 0.25150001
0.10429185 -0.10035008 0.25125
0.10648976 -0.10035008 0.25125
0.10857955 -0.10025024 0.25100002
0.11066495 -0.10015038 0.25075001
0.11274599 -0.10005054 0.25050002
0.11493734 -0.10005054 0.25050002
0.11689491 -0.099850826 0.25
0.11908189 -0.099850826 0.25
0.12114763 -0.099750981 0.24975002
0.12320895 -0.099651128 0.24950001
0.12488899 -0.099251725 0.2485
0.12706286 -0.099251725 0.2485
0.12910672 -0.099151872 0.24825001
0.13074958 -0.098752469 0.24725001
0 -0 0
0 -0 0
0 -0 0
0 -0 0
0 -0 0
0 -0 0
0 -0 0
0 -0 0
0 -0 0
0 -0 0
0 -0 0
0 -0 0
0 -0 0
0 -0 0
0 -0 0
0 -0 0
0 -0 0
0 -0 0
-0 -0 0
-0 -0 0
-0 -0 0
-0 -0 0
-0 -0 0
-0 -0 0
-0 -0 0
-0 -0 0
-0 -0 0
-0 -0 0
-0 -0 0
-0 -0 0
-0 -0 0
-0 -0 0
-0 -0 0
-0 -0 0
-0 -0 0
-0 -0 0
-0 -0 0
-0 -0 0
-0 -0 0
-0 -0 0
-0 -0 0
-0 -0 0
-0 -0 0
-0 -0 0
-0 -0 0
-0 -0 0
-0 -0 0
-0 -0 0
-0 -0 0
-0 -0 0
-0 -0 0
-0 -0 0
-0 -0 0
-0 -0 0
-0 -0 0
-0 -0 0
-0 -0 0
-0 -0 0
-0 -0 0
-0 -0 0
-0 -0 0
-0 -0 0
-0 -0 0
-0 -0 0
-0 -0 0
-0 -0 0
-0 -0 0
-0 -0 0
-0 -0 0
-0 -0 0
-0 -0 0
-0 -0 0
-0 -0 0
-0 -0 0
-0 -0 0
-0 -0 0
-0 -0 0
-0 -0 0
-0 -0 0
-0 -0 0
-0 -0 0
-0 -0 0
-0 -0 0
-0 -0 0
-0 -0 0
-0 -0 0
-0 -0 0
-0 -0 0
-0 -0 0
-0 -0 0
-0 -0 0
-0 -0 0
-0 -0 0
-0 -0 0
-0 -0 0
-0 -0 0
-0 -0 0
-0 -0 0
-0 -0 0
0 -0 0
0 -0 0
0 -0 0
0 -0 0
0 -0 0
0 -0 0
0 -0 0
0 -0 0
0 -0 0
0 -0 0
0 -0 0
0 -0 0
0 -0 0
0 -0 0
0 -0 0
0 -0 0
0 -0 0
0.040300503 -0.10313479 0.264
0 -0 0
0.044323903 -0.10176747 0.26050001
0.046692189 -0.1019628 0.26100001
0.049022321 -0.10206047 0.26125002
0.051405918 -0.10225581 0.26175001
0.053387977 -0.1016698 0.26025
0.055183385 -0.10079082 0.25800002
0.057996947 -0.10176747 0.26050001
0.06010225 -0.10147448 0.25975001
0.061954301 -0.10079082 0.25800002
0.064149044 -0.10069315 0.25775
0.066403829 -0.10069315 0.25775
0.068525426 -0.10049782 0.25725001
0.070775837 -0.10049782 0.25725001
0.072884314 -0.1003025 0.25675002
0.074910887 -0.10000949 0.25600001
0.0772257 -0.10010716 0.25625002
0.079699948 -0.10040015 0.257
0.081709027 -0.10010716 0.25625002
0.083377361 -0.099423498 0.2545
0.085519627 -0.099325843 0.25425002
0.087571248 -0.099130511 0.25375003
0.089614101 -0.098935172 0.25325
0.09173888 -0.09883751 0.25300002
0.093766421 -0.09864217 0.2525
0.09597528 -0.09864217 0.2525
0.098378569 -0.09883751 0.25300002
0.10029361 -0.098544516 0.25225002
0.10199234 -0.09805619 0.25100002
0.10408431 -0.09795852 0.25075001
0.1061719 -0.097860858 0.25050002
0.10814696 -0.097665519 0.25
0.11022361 -0.097567864 0.24975002
0.11252093 -0.097665519 0.25
0.11459322 -0.097567864 0.24975002
0.11666112 -0.097470187 0.24950001
0.11884373 -0.097470187 0.24950001
0.12090508 -0.097372524 0.24925001
0.12283859 -0.0971772 0.24875002
0.12451207 -0.096786536 0.24775001
0.12642372 -0.096591197 0.24725001
0.12871668 -0.096688867 0.24750002
0.13088179 -0.096688867 0.24750002
0.1329125 -0.096591197 0.24725001
0 -0 0
0 -0 0
0 -0 0
0 -0 0
0 -0 0
0 -0 0
0 -0 0
0 -0 0
0 -0 0
0 -0 0
0 -0 0
0 -0 0
0 -0 0
0 -0 0
0 -0 0
0 -0 0
0 -0 0
-0 -0 0
-0 -0 0
-0 -0 0
-0 -0 0
-0 -0 0
-0 -0 0
-0 -0 0
-0 -0 0
-0 -0 0
-0 -0 0
-0 -0 0
-0 -0 0
-0 -0 0
-0 -0 0
-0 -0 0
-0 -0 0
-0 -0 0
-0 -0 0
-0 -0 0
-0 -0 0
-0 -0 0
-0 -0 0
-0 -0 0
-0 -0 0
-0 -0 0
-0 -0 0
-0 -0 0
-0 -0 0
-0 -0 0
-0 -0 0
-0 -0 0
-0 -0 0
-0 -0 0
-0 -0 0
-0 -0 0
-0 -0 0
-0 -0 0
-0 -0 0
-0 -0 0
-0 -0 0
-0 -0 0
-0 -0 0
-0 -0 0
-0 -0 0
-0 -0 0
-0 -0 0
-0 -0 0
-0 -0 0
-0 -0 0
-0 -0 0
-0 -0 0
-0 -0 0
-0 -0 0
-0 -0 0
-0 -0 0
-0 -0 0
-0 -0 0
-0 -0 0
-0 -0 0
-0 -0 0
-0 -0 0
-0 -0 0
-0 -0 0
-0 -0 0
-0 -0 0
-0 -0 0
-0 -0 0
-0 -0 0
-0 -0 0
-0 -0 0
-0 -0 0
-0 -0 0
-0 -0 0
-0 -0 0
-0 -0 0
-0 -0 0
-0 -0 0
-0 -0 0
-0 -0 0
-0 -0 0
-0 -0 0
0 -0 0
0 -0 0
0 -0 0
0 -0 0
0 -0 0
0 -0 0
0 -0 0
0 -0 0
0.019459937 -0.10054067 0.26325002
0.021845505 -0.10092258 0.26425001
0.023882898 -0.099776827 0.26125002
0.026243424 -0.10006327 0.26200002
0.028644299 -0.10044519 0.26300001
0.03094501 -0.10044519 0.26300001
0.033119313 -0.10006327 0.26200002
0.035309907 -0.099776827 0.26125002
0.03766726 -0.099967785 0.26175001
0.03991887 -0.099872299 0.2615
0.042004708 -0.099394903 0.26025
0.044281363 -0.099394903 0.26025
0.046602745 -0.099490382 0.26050001
0.048928499 -0.099585868 0.26075003
0.051307723 -0.099776827 0.26125002
0.05318284 -0.099012986 0.25925002
0.055076443 -0.098344624 0.25750002
0.05766299 -0.098917499 0.259
0.059755169 -0.098631054 0.25825
0.061894264 -0.098440096 0.25775
0.064149044 -0.098440096 0.25775
0.066468239 -0.098535582 0.25800002
0.068592019 -0.098344624 0.25750002
0.070775837 -0.098249145 0.25725001
0.072884314 -0.098058186 0.25675002
0.074984044 -0.097867228 0.25625002
0.0772257 -0.097867228 0.25625002
0.079467371 -0.097867228 0.25625002
0.081469879 -0.097580783 0.25550002
0.083459273 -0.097294338 0.25475001
0.085519627 -0.09710338 0.25425002
0.087657519 -0.0970079 0.25400001
0.089791037 -0.096912421 0.25375003
0.091920175 -0.096816942 0.25350001
0.093766421 -0.09643501 0.2525
0.095690213 -0.09614858 0.25175002
0.097892508 -0.09614858 0.25175002
0.099995404 -0.096053094 0.25150001
0.10189075 -0.095766656 0.25075001
0.10408431 -0.095766656 0.25075001
0.1061719 -0.095671177 0.25050002
0.10793067 -0.095289253 0.24950001
0.10978228 -0.095002815 0.24875002
0.11195833 -0.095002815 0.24875002
0.11424909 -0.095098294 0.24900001
0.11654422 -0.095193774 0.24925001
0.11872465 -0.095193774 0.24925001
0.12078381 -0.095098294 0.24900001
0.12246823 -0.09471637 0.24800001
0.12426078 -0.094429933 0.24725001
0.12616806 -0.094238974 0.24675001
0.12858665 -0.094429933 0.24725001
0.13048518 -0.094238974 0.24675001
0.13197178 -0.093761571 0.24550001
0 -0 0
0 -0 0
0 -0 0
0 -0 0
0 -0 0
0 -0 0
0 -0 0
0 -0 0
0 -0 0
0 -0 0
0 -0 0
0 -0 0
0 -0 0
0 -0 0
0 -0 0
0 -0 0
0 -0 0
-0 -0 0
-0 -0 0
-0 -0 0
-0 -0 0
-0 -0 0
-0 -0 0
-0 -0 0
-0 -0 0
-0 -0 0
-0 -0 0
-0 -0 0
-0 -0 0
-0 -0 0
-0 -0 0
-0 -0 0
-0 -0 0
-0 -0 0
-0 -0 0
-0 -0 0
-0 -0 0
-0 -0 0
-0 -0 0
-0 -0 0
-0 -0 0
-0 -0 0
-0 -0 0
-0 -0 0
-0 -0 0
-0 -0 0
-0 -0 0
-0 -0 0
-0 -0 0
-0 -0 0
-0 -0 0
-0 -0 0
-0 -0 0
-0 -0 0
-0 -0 0
-0 -0 0
-0 -0 0
-0 -0 0
-0 -0 0
-0 -0 0
-0 -0 0
-0 -0 0
-0 -0 0
-0 -0 0
-0 -0 0
-0 -0 0
-0 -0 0
-0 -0 0
-0 -0 0
-0 -0 0
-0 -0 0
-0 -0 0
-0 -0 0
-0 -0 0
-0 -0 0
-0 -0 0
-0 -0 0
-0 -0 0
-0 -0 0
-0 -0 0
-0 -0 0
-0 -0 0
-0 -0 0
-0 -0 0
-0 -0 0
-0 -0 0
-0 -0 0
-0 -0 0
-0 -0 0
-0 -0 0
-0 -0 0
-0 -0 0
-0 -0 0
-0 -0 0
-0.0082214177 -0.098799303 0.26475
-0 -0 0
-0.0035588739 -0.097959653 0.26250002
-0.0012625367 -0.097959653 0.26250002
0.0010377384 -0.09833283 0.26350001
0.0033174506 -0.097586468 0.2615
0.005647908 -0.09833283 0.26350001
0.0079454472 -0.098239541 0.26325002
0.01022888 -0.098052941 0.26275
0.012539323 -0.098146245 0.26300001
0.014882354 -0.098426126 0.26375002
0.017205918 -0.098519415 0.264
0.019478416 -0.09833283 0.26350001
0.021804169 -0.098426126 0.26375002
0.023951462 -0.097773068 0.26200002
0.026243424 -0.097773068 0.26200002
0.028617069 -0.098052941 0.26275
0.030915594 -0.098052941 0.26275
0.033087708 -0.097679771 0.26175001
0.035309907 -0.097493179 0.26125002
0.03755933 -0.097399883 0.26100001
0.039728053 -0.097119994 0.26025
0.04196436 -0.097026706 0.26000002
0.044196289 -0.09693341 0.25975001
0.046423849 -0.096840121 0.25950003
0.04869394 -0.096840121 0.25950003
0.050914936 -0.096746817 0.25925002
0.052926414 -0.096280344 0.25800002
0.055076443 -0.096093759 0.25750002
0.057384696 -0.096187048 0.25775
0.05963948 -0.096187048 0.25775
0.061834235 -0.096093759 0.25750002
0.064086832 -0.096093759 0.25750002
0.066339426 -0.096093759 0.25750002
0.068458825 -0.095907159 0.257
0.070638277 -0.09581387 0.25675002
0.072600432 -0.095440686 0.25575
0.074837729 -0.095440686 0.25575
0.077075012 -0.095440686 0.25575
0.079157248 -0.095254101 0.25525001
0.081151009 -0.094974212 0.2545
0.083377361 -0.094974212 0.2545
0.085267358 -0.094601035 0.25350001
0.087398686 -0.094507739 0.25325
0.08952564 -0.09441445 0.25300002
0.091648221 -0.094321154 0.25275001
0.093580745 -0.094041266 0.252
0.095595188 -0.093854681 0.25150001
0.09760087 -0.093668088 0.25100002
0.09969721 -0.093574792 0.25075001
0.10178918 -0.093481503 0.25050002
0.10398054 -0.093481503 0.25050002
0.10595997 -0.093294904 0.25
0.10782252 -0.093015023 0.24925001
0.10967194 -0.092735134 0.2485
0.11195833 -0.092828438 0.24875002
0.11424909 -0.092921726 0.24900001
0.11631044 -0.092828438 0.24875002
0.11824832 -0.092641845 0.24825001
0.12017747 -0.092455253 0.24775001
0.1219744 -0.092175364 0.24700001
0.1240095 -0.092082076 0.24675001
0.1259124 -0.091895483 0.24625002
0.12806658 -0.091895483 0.24625002
0.12995636 -0.091708891 0.24575001
0.13103104 -0.090962537 0.24375001
0 -0 0
0 -0 0
0 -0 0
0 -0 0
0 -0 0
0 -0 0
0 -0 0
0 -0 0
0 -0 0
0 -0 0
0 -0 0
0 -0 0
0 -0 0
0 -0 0
0 -0 0
0 -0 0
0 -0 0
-0 -0 0
-0 -0 0
-0 -0 0
-0 -0 0
-0 -0 0
-0 -0 0
-0 -0 0
-0 -0 0
-0 -0 0
-0 -0 0
-0 -0 0
-0 -0 0
-0 -0 0
-0 -0 0
-0 -0 0
-0 -0 0
-0 -0 0
-0 -0 0
-0 -0 0
-0 -0 0
-0 -0 0
-0 -0 0
-0 -0 0
-0 -0 0
-0 -0 0
-0 -0 0
-0 -0 0
-0 -0 0
-0 -0 0
-0 -0 0
-0 -0 0
-0 -0 0
-0 -0 0
-0 -0 0
-0 -0 0
-0 -0 0
-0 -0 0
-0 -0 0
-0 -0 0
-0 -0 0
-0 -0 0
-0 -0 0
-0 -0 0
-0 -0 0
-0 -0 0
-0 -0 0
-0 -0 0
-0 -0 0
-0 -0 0
-0 -0 0
-0 -0 0
-0 -0 0
-0 -0 0
-0 -0 0
-0 -0 0
-0 -0 0
-0 -0 0
-0 -0 0
-0 -0 0
-0 -0 0
-0 -0 0
-0 -0 0
-0 -0 0
-0 -0 0
-0 -0 0
-0 -0 0
-0 -0 0
-0 -0 0
-0 -0 0
-0 -0 0
-0 -0 0
-0 -0 0
-0 -0 0
-0.017667122 -0.097487271 0.26750001
-0.015327045 -0.097487271 0.26750001
-0.013011243 -0.09766949 0.26800001
-0.010646892 -0.097487271 0.26750001
-0.0082291812 -0.096576177 0.26500002
-0.0059053977 -0.096485063 0.26475
-0.0035724314 -0.096029513 0.26350001
-0.0012721561 -0.096393958 0.26450002
0.0010426613 -0.096485063 0.26475
0.0033491661 -0.096211731 0.264
0.0056586252 -0.096211731 0.264
0.0079529928 -0.096029513 0.26350001
0.010238613 -0.095847301 0.26300001
0.012551243 -0.095938414 0.26325002
0.014868247 -0.096029513 0.26350001
0.017189626 -0.096120633 0.26375002
0.019496897 -0.096120633 0.26375002
0.021783501 -0.096029513 0.26350001
0.023997169 -0.095665082 0.26250002
0.026243424 -0.095482863 0.26200002
0.028535387 -0.095482863 0.26200002
0.030856764 -0.095573969 0.26225001
0.033056103 -0.095300637 0.2615
0.035242327 -0.09502732 0.26075003
0.037415426 -0.094753988 0.26000002
0.039651729 -0.094662875 0.25975001
0.041924007 -0.094662875 0.25975001
0.044068675 -0.094389543 0.259
0.04620022 -0.094116211 0.25825
0.048412472 -0.094025113 0.25800002
0.050669443 -0.094025113 0.25800002
0.052977696 -0.094116211 0.25825
0.055183385 -0.094025113 0.25800002
0.057384696 -0.093933992 0.25775
0.059523787 -0.093751781 0.25725001
0.061774198 -0.093751781 0.25725001
0.063900173 -0.093569562 0.25675002
0.06614621 -0.093569562 0.25675002
0.068325639 -0.093478449 0.25650001
0.070294373 -0.093114011 0.25550002
0.072174631 -0.092658468 0.25425002
0.074545108 -0.092840686 0.25475001
0.076848991 -0.0929318 0.25500003
0.078924656 -0.092749566 0.2545
0.080911867 -0.092476249 0.25375003
0.082885951 -0.092202917 0.25300002
0.084846906 -0.091929585 0.25225002
0.087139852 -0.09202069 0.2525
0.08926025 -0.091929585 0.25225002
0.091285624 -0.091747373 0.25175002
0.093209401 -0.091474041 0.25100002
0.095310107 -0.091382928 0.25075001
0.097406447 -0.091291822 0.25050002
0.099399008 -0.091109596 0.25
0.10148441 -0.09101849 0.24975002
0.10356544 -0.090927377 0.24950001
0.10543017 -0.090654053 0.24875002
0.10749808 -0.09056294 0.2485
0.10967194 -0.09056294 0.2485
0.11173329 -0.090471834 0.24825001
0.11379026 -0.090380721 0.24800001
0.11572596 -0.090198509 0.24750002
0.11765292 -0.090016283 0.24700001
0.11957113 -0.089834064 0.24650002
0.12135712 -0.08956074 0.24575001
0.12363257 -0.089651845 0.24600001
0.1255289 -0.089469627 0.24550001
0.12728648 -0.089196295 0.24475001
0.12929533 -0.089105189 0.24450001
0.13022469 -0.0882852 0.24225001
0 -0 0
0 -0 0
0 -0 0
0 -0 0
0 -0 0
0 -0 0
0 -0 0
0 -0 0
0 -0 0
0 -0 0
0 -0 0
0 -0 0
0 -0 0
0 -0 0
0 -0 0
0 -0 0
0 -0 0
-0 -0 0
-0 -0 0
-0 -0 0
-0 -0 0
-0 -0 0
-0 -0 0
-0 -0 0
-0 -0 0
-0 -0 0
-0 -0 0
-0 -0 0
-0 -0 0
-0 -0 0
-0 -0 0
-0 -0 0
-0 -0 0
-0 -0 0
-0 -0 0
-0 -0 0
-0 -0 0
-0 -0 0
-0 -0 0
-0 -0 0
-0 -0 0
-0 -0 0
-0 -0 0
-0 -0 0
-0 -0 0
-0 -0 0
-0 -0 0
-0 -0 0
-0 -0 0
-0 -0 0
-0 -0 0
-0 -0 0
-0 -0 0
-0 -0 0
-0 -0 0
-0 -0 0
-0 -0 0
-0 -0 0
-0 -0 0
-0 -0 0
-0 -0 0
-0 -0 0
-0 -0 0
-0 -0 0
-0 -0 0
-0 -0 0
-0 -0 0
-0 -0 0
-0 -0 0
-0 -0 0
-0 -0 0
-0 -0 0
-0 -0 0
-0 -0 0
-0 -0 0
-0 -0 0
-0 -0 0
-0 -0 0
-0 -0 0
-0 -0 0
-0 -0 0
-0 -0 0
-0 -0 0
-0 -0 0
-0 -0 0
-0 -0 0
-0 -0 0
-0 -0 0
-0 -0 0
-0 -0 0
-0.017634099 -0.09497115 0.26700002
-0.015298396 -0.09497115 0.26700002
-0.012962694 -0.09497115 0.26700002
-0.010607091 -0.094793297 0.26650003
-0.0082447082 -0.094437599 0.26550001
-0.0059165512 -0.094348677 0.26525003
-0.0035893782 -0.094170824 0.26475
-0.0012745609 -0.094259754 0.26500002
0.0010426613 -0.094170824 0.26475
0.0033491661 -0.093904048 0.264
0.0056532668 -0.093815133 0.26375002
0.0079529928 -0.093726203 0.26350001
0.010258078 -0.093726203 0.26350001
0.012539323 -0.093548357 0.26300001
0.014811822 -0.093370512 0.26250002
0.017059278 -0.093103737 0.26175001
0.019349054 -0.093103737 0.26175001
0.021680163 -0.093281582 0.26225001
0.023928605 -0.093103737 0.26175001
0.0261683 -0.092925891 0.26125002
0.028399246 -0.092748046 0.26075003
0.030709688 -0.092836961 0.26100001
0.032992899 -0.092836961 0.26100001
0.035140958 -0.09248127 0.26000002
0.037307497 -0.092214495 0.25925002
0.039537236 -0.092125565 0.259
0.041802958 -0.092125565 0.259
0.043983601 -0.091947719 0.25850001
0.046155501 -0.091769874 0.25800002
0.048365559 -0.091680944 0.25775
0.050620344 -0.091680944 0.25775
0.052875128 -0.091680944 0.25775
0.055076443 -0.091592029 0.25750002
0.057273377 -0.091503099 0.25725001
0.059408098 -0.091325253 0.25675002
0.061594099 -0.091236323 0.25650001
0.063713506 -0.091058478 0.25600001
0.065888576 -0.090969548 0.25575
0.068059266 -0.090880632 0.25550002
0.070019245 -0.090524927 0.2545
0.072032697 -0.090258159 0.25375003
0.074325643 -0.090347081 0.25400001
0.076698303 -0.090524927 0.2545
0.078692079 -0.090258159 0.25375003
0.080672719 -0.089991391 0.25300002
0.082722135 -0.08981353 0.2525
0.084678732 -0.08954677 0.25175002
0.087053582 -0.089724615 0.25225002
0.089171782 -0.089635685 0.252
0.09101367 -0.089279994 0.25100002
0.092745207 -0.088835374 0.24975002
0.094834983 -0.088746443 0.24950001
0.097017594 -0.088746443 0.24950001
0.099200211 -0.088746443 0.24950001
0.10117965 -0.088568598 0.24900001
0.10304657 -0.088301823 0.24825001
0.10500633 -0.088123977 0.24775001
0.10728179 -0.0882129 0.24800001
0.10945127 -0.0882129 0.24800001
0.11128321 -0.087946124 0.24725001
0.11321672 -0.087768279 0.24675001
0.11549217 -0.087857202 0.24700001
0.11753383 -0.087768279 0.24675001
0.11944986 -0.087590434 0.24625002
0.12123366 -0.087323658 0.24550001
0.12312999 -0.087145805 0.245
0.12514541 -0.087056883 0.24475001
0.12702645 -0.086879037 0.24425001
0.12903093 -0.086790115 0.24400002
0.13022469 -0.086167641 0.24225001
0 -0 0
0 -0 0
0 -0 0
0 -0 0
0 -0 0
0 -0 0
0 -0 0
0 -0 0
0 -0 0
0 -0 0
0 -0 0
0 -0 0
0 -0 0
0 -0 0
0 -0 0
0 -0 0
0 -0 0
-0 -0 0
-0 -0 0
-0 -0 0
-0 -0 0
-0 -0 0
-0 -0 0
-0 -0 0
-0 -0 0
-0 -0 0
-0 -0 0
-0 -0 0
-0 -0 0
-0 -0 0
-0 -0 0
-0 -0 0
-0 -0 0
-0 -0 0
-0 -0 0
-0 -0 0
-0 -0 0
-0 -0 0
-0 -0 0
-0 -0 0
-0 -0 0
-0 -0 0
-0 -0 0
-0 -0 0
-0 -0 0
-0 -0 0
-0 -0 0
-0 -0 0
-0 -0 0
-0 -0 0
-0 -0 0
-0 -0 0
-0 -0 0
-0 -0 0
-0 -0 0
-0 -0 0
-0 -0 0
-0 -0 0
-0 -0 0
-0 -0 0
-0 -0 0
-0 -0 0
-0 -0 0
-0 -0 0
-0 -0 0
-0 -0 0
-0 -0 0
-0 -0 0
-0 -0 0
-0 -0 0
-0 -0 0
-0 -0 0
-0 -0 0
-0 -0 0
-0 -0 0
-0 -0 0
-0 -0 0
-0 -0 0
-0 -0 0
-0 -0 0
-0 -0 0
-0 -0 0
-0 -0 0
-0 -0 0
-0 -0 0
-0 -0 0
-0 -0 0
-0 -0 0
-0 -0 0
-0 -0 0
-0.017601078 -0.092463762 0.26650003
-0.015269748 -0.092463762 0.26650003
-0.012902007 -0.092203543 0.26575002
-0.010567289 -0.092116803 0.26550001
-0.0082369456 -0.092030071 0.26525003
-0.0059053977 -0.091856584 0.26475
-0.0035859891 -0.091769852 0.26450002
-0.0012721561 -0.091769852 0.26450002
0.0010397076 -0.091596365 0.264
0.0033428231 -0.091422886 0.26350001
0.0056371912 -0.091249414 0.26300001
0.0079454472 -0.091336153 0.26325002
0.010248345 -0.091336153 0.26325002
0.012503565 -0.090989195 0.26225001
0.01478361 -0.090902463 0.26200002
0.017026691 -0.090642244 0.26125002
0.019293612 -0.090555497 0.26100001
0.021576827 -0.090555497 0.26100001
0.023814334 -0.090382025 0.26050001
0.026118217 -0.090468764 0.26075003
0.028344786 -0.090295278 0.26025
0.030592026 -0.090208545 0.26000002
0.032898091 -0.090295278 0.26025
0.035073381 -0.090035073 0.25950003
0.037235543 -0.089774854 0.25875002
0.039460912 -0.089688107 0.25850001
0.041641559 -0.089514636 0.25800002
0.043855991 -0.089427888 0.25775
0.046021327 -0.089254417 0.25725001
0.048224822 -0.089167669 0.257
0.050473046 -0.089167669 0.257
0.052721269 -0.089167669 0.257
0.054969493 -0.089167669 0.257
0.057106398 -0.088994198 0.25650001
0.059292406 -0.088907465 0.25625002
0.061413996 -0.088733979 0.25575
0.063464627 -0.088473767 0.25500003
0.06569536 -0.088473767 0.25500003
0.067792885 -0.08830028 0.2545
0.069881685 -0.088126808 0.25400001
0.071961723 -0.087953329 0.25350001
0.074179336 -0.087953329 0.25350001
0.076321587 -0.087866589 0.25325
0.078304425 -0.08760637 0.2525
0.08043357 -0.087519638 0.25225002
0.082476437 -0.087346159 0.25175002
0.084594637 -0.087259419 0.25150001
0.086881027 -0.087346159 0.25175002
0.088906385 -0.087172672 0.25125
0.090741716 -0.086825721 0.25025001
0.092652366 -0.086565502 0.24950001
0.094644934 -0.08639203 0.24900001
0.096920386 -0.08647877 0.24925001
0.099100813 -0.08647877 0.24925001
0.10097647 -0.086218551 0.2485
0.10273526 -0.0858716 0.24750002
0.10490038 -0.0858716 0.24750002
0.1070655 -0.0858716 0.24750002
0.10900994 -0.08569812 0.24700001
0.11094565 -0.085524641 0.24650002
0.11310201 -0.085524641 0.24650002
0.11537528 -0.085611381 0.24675001
0.11729567 -0.085437901 0.24625002
0.11908605 -0.085177682 0.24550001
0.12073984 -0.084830731 0.24450001
0.12287872 -0.084830731 0.24450001
0.12488975 -0.084743991 0.24425001
0.12702645 -0.084743991 0.24425001
0.12876652 -0.084483773 0.24350001
0.12955274 -0.083616383 0.24100001
0.12920259 -0.082055077 0.23650001
0 -0 0
0 -0 0
0 -0 0
0 -0 0
0 -0 0
0 -0 0
0 -0 0
0 -0 0
0 -0 0
0 -0 0
0 -0 0
0 -0 0
0 -0 0
0 -0 0
0 -0 0
0 -0 0
-0 -0 0
-0 -0 0
-0 -0 0
-0 -0 0
-0 -0 0
-0 -0 0
-0 -0 0
-0 -0 0
-0 -0 0
-0 -0 0
-0 -0 0
-0 -0 0
-0 -0 0
-0 -0 0
-0 -0 0
-0 -0 0
-0 -0 0
-0 -0 0
-0 -0 0
-0 -0 0
-0 -0 0
-0 -0 0
-0 -0 0
-0 -0 0
-0 -0 0
-0 -0 0
-0 -0 0
-0 -0 0
-0 -0 0
-0 -0 0
-0 -0 0
-0 -0 0
-0 -0 0
-0 -0 0
-0 -0 0
-0 -0 0
-0 -0 0
-0 -0 0
-0 -0 0
-0 -0 0
-0 -0 0
-0 -0 0
-0 -0 0
-0 -0 0
-0 -0 0
-0 -0 0
-0 -0 0
-0 -0 0
-0 -0 0
-0 -0 0
-0 -0 0
-0 -0 0
-0 -0 0
-0 -0 0
-0 -0 0
-0 -0 0
-0 -0 0
-0 -0 0
-0 -0 0
-0 -0 0
-0 -0 0
-0 -0 0
-0 -0 0
-0 -0 0
-0 -0 0
-0 -0 0
-0 -0 0
-0 -0 0
-0 -0 0
-0 -0 0
-0 -0 0
-0 -0 0
-0 -0 0
-0.017551543 -0.089880563 0.26575002
-0.015226775 -0.089880563 0.26575002
-0.012865596 -0.089626901 0.26500002
-0.010527488 -0.089457795 0.26450002
-0.0081981272 -0.089288682 0.264
-0.0058886688 -0.089288682 0.264
-0.0035758209 -0.089204133 0.26375002
-0.0012685489 -0.089204133 0.26375002
0.0010377384 -0.089119576 0.26350001
0.0033364801 -0.08895047 0.26300001
0.0056211152 -0.088696808 0.26225001
0.0079228105 -0.088781364 0.26250002
0.010219147 -0.088781364 0.26250002
0.012479726 -0.088527702 0.26175001
0.014755395 -0.088443145 0.2615
0.016977809 -0.088104934 0.26050001
0.019219691 -0.087935828 0.26000002
0.021514824 -0.088020377 0.26025
0.023768624 -0.087935828 0.26000002
0.02601805 -0.087851271 0.25975001
0.028235873 -0.087682165 0.25925002
0.03050378 -0.087682165 0.25925002
0.032740079 -0.087597609 0.259
0.03493822 -0.087428503 0.25850001
0.037127614 -0.087259397 0.25800002
0.039270096 -0.087005734 0.25725001
0.041480154 -0.086921178 0.257
0.043728378 -0.086921178 0.257
0.045887154 -0.086752072 0.25650001
0.048037179 -0.086582966 0.25600001
0.050276656 -0.086582966 0.25600001
0.052567419 -0.086667523 0.25625002
0.054755606 -0.086582966 0.25600001
0.056883764 -0.08641386 0.25550002
0.059118867 -0.08641386 0.25550002
0.061173867 -0.086160198 0.25475001
0.063215747 -0.085906535 0.25400001
0.065502137 -0.085991092 0.25425002
0.067726299 -0.085991092 0.25425002
0.069675341 -0.085652873 0.25325
0.07181979 -0.085568324 0.25300002
0.074033022 -0.085568324 0.25300002
0.076020226 -0.085314661 0.25225002
0.07807184 -0.085145555 0.25175002
0.0801147 -0.084976442 0.25125
0.08214882 -0.084807336 0.25075001
0.08434236 -0.084807336 0.25075001
0.086622193 -0.084891893 0.25100002
0.088464066 -0.084553674 0.25
0.090469755 -0.084384568 0.24950001
0.092466697 -0.084215462 0.24900001
0.094549917 -0.084130913 0.24875002
0.096628748 -0.084046356 0.2485
0.098603822 -0.083877251 0.24800001
0.10046855 -0.083623588 0.24725001
0.10263148 -0.083623588 0.24725001
0.10479441 -0.083623588 0.24725001
0.1068492 -0.083539031 0.24700001
0.10845827 -0.083116263 0.24575001
0.11038304 -0.082947157 0.24525002
0.11275788 -0.083116263 0.24575001
0.1149077 -0.083116263 0.24575001
0.11670025 -0.082862601 0.245
0.11872224 -0.082778051 0.24475001
0.12061639 -0.082608946 0.24425001
0.12262743 -0.082524389 0.24400002
0.12463409 -0.082439832 0.24375001
0.12650639 -0.082270727 0.24325001
0.12836991 -0.082101621 0.24275002
0.12968713 -0.081594296 0.24125001
0.13125126 -0.081256084 0.24025001
0 -0 0
0 -0 0
0 -0 0
0 -0 0
0 -0 0
0 -0 0
0 -0 0
0 -0 0
0 -0 0
0 -0 0
0 -0 0
0 -0 0
0 -0 0
0 -0 0
0 -0 0
0 -0 0
-0 -0 0
-0 -0 0
-0 -0 0
-0 -0 0
-0 -0 0
-0 -0 0
-0 -0 0
-0 -0 0
-0 -0 0
-0 -0 0
-0 -0 0
-0 -0 0
-0 -0 0
-0 -0 0
-0 -0 0
-0 -0 0
-0 -0 0
-0 -0 0
-0 -0 0
-0 -0 0
-0 -0 0
-0 -0 0
-0 -0 0
-0 -0 0
-0 -0 0
-0 -0 0
-0 -0 0
-0 -0 0
-0 -0 0
-0 -0 0
-0 -0 0
-0 -0 0
-0 -0 0
-0 -0 0
-0 -0 0
-0 -0 0
-0 -0 0
-0 -0 0
-0 -0 0
-0 -0 0
-0 -0 0
-0 -0 0
-0 -0 0
-0 -0 0
-0 -0 0
-0 -0 0
-0 -0 0
-0 -0 0
-0 -0 0
-0 -0 0
-0 -0 0
-0 -0 0
-0 -0 0
-0 -0 0
-0 -0 0
-0 -0 0
-0 -0 0
-0 -0 0
-0 -0 0
-0 -0 0
-0 -0 0
-0 -0 0
-0 -0 0
-0 -0 0
-0 -0 0
-0 -0 0
-0 -0 0
-0 -0 0
-0 -0 0
-0 -0 0
-0 -0 0
-0 -0 0
-0 -0 0
-0.017485498 -0.087228104 0.26475
-0.015169476 -0.087228104 0.26475
-0.012841321 -0.087145738 0.26450002
-0.010517538 -0.087063365 0.26425001
-0.0081826011 -0.086816259 0.26350001
-0.0058775158 -0.086816259 0.26350001
-0.0035758209 -0.086898632 0.26375002
-0.0012673464 -0.086816259 0.26350001
0.0010357692 -0.086651526 0.26300001
0.0033206225 -0.086239681 0.26175001
0.0055943229 -0.085992575 0.26100001
0.0078926282 -0.086157314 0.2615
0.010170485 -0.086074948 0.26125002
0.012432049 -0.085910216 0.26075003
0.014713077 -0.085910216 0.26075003
0.01692893 -0.085580736 0.25975001
0.01918273 -0.08549837 0.25950003
0.021452824 -0.08549837 0.25950003
0.023700062 -0.085416004 0.25925002
0.025892843 -0.085168891 0.25850001
0.028126959 -0.085086524 0.25825
0.030415533 -0.085168891 0.25850001
0.032613672 -0.085004158 0.25800002
0.034803066 -0.084839426 0.25750002
0.037019685 -0.084757052 0.25725001
0.039193768 -0.08459232 0.25675002
0.041399453 -0.084509946 0.25650001
0.043643303 -0.084509946 0.25650001
0.045797706 -0.084345214 0.25600001
0.047943357 -0.084180474 0.25550002
0.050129361 -0.084098108 0.25525001
0.052362274 -0.084098108 0.25525001
0.054595187 -0.084098108 0.25525001
0.056716785 -0.083933368 0.25475001
0.058829635 -0.083768636 0.25425002
0.060873702 -0.08352153 0.25350001
0.063029081 -0.083439156 0.25325
0.065308914 -0.08352153 0.25350001
0.067393325 -0.08335679 0.25300002
0.069400214 -0.083109684 0.25225002
0.071606882 -0.083109684 0.25225002
0.0737404 -0.083027318 0.252
0.075794198 -0.082862578 0.25150001
0.077839255 -0.082697846 0.25100002
0.079875559 -0.082533114 0.25050002
0.081903107 -0.082368366 0.25
0.084174186 -0.08245074 0.25025001
0.08636336 -0.08245074 0.25025001
0.088110216 -0.082038894 0.24900001
0.089925855 -0.081709422 0.24800001
0.092002504 -0.081627056 0.24775001
0.094074786 -0.08154469 0.24750002
0.096337117 -0.081627056 0.24775001
0.09830562 -0.081462316 0.24725001
0.10026538 -0.081297584 0.24675001
0.10232016 -0.081215218 0.24650002
0.10437057 -0.081132844 0.24625002
0.10652476 -0.081132844 0.24625002
0.10812727 -0.080720998 0.245
0.110158 -0.080638632 0.24475001
0.11241376 -0.080720998 0.245
0.11444012 -0.080638632 0.24475001
0.1164621 -0.080556266 0.24450001
0.11847971 -0.0804739 0.24425001
0.12036947 -0.08030916 0.24375001
0.12237614 -0.080226794 0.24350001
0.12412278 -0.079979688 0.24275002
0.1258563 -0.079732582 0.24200001
0.1277089 -0.079567842 0.24150001
0.12928396 -0.079238378 0.24050002
0.13111468 -0.079073638 0.24000001
0 -0 0
0 -0 0
0 -0 0
0 -0 0
0 -0 0
0 -0 0
0 -0 0
0 -0 0
0 -0 0
0 -0 0
0 -0 0
0 -0 0
0 -0 0
0 -0 0
0 -0 0
0 -0 0
-0 -0 0
-0 -0 0
-0 -0 0
-0 -0 0
-0 -0 0
-0 -0 0
-0 -0 0
-0 -0 0
-0 -0 0
-0 -0 0
-0 -0 0
-0 -0 0
-0 -0 0
-0 -0 0
-0 -0 0
-0 -0 0
-0 -0 0
-0 -0 0
-0 -0 0
-0 -0 0
-0 -0 0
-0 -0 0
-0 -0 0
-0 -0 0
-0 -0 0
-0 -0 0
-0 -0 0
-0 -0 0
-0 -0 0
-0 -0 0
-0 -0 0
-0 -0 0
-0 -0 0
-0 -0 0
-0 -0 0
-0 -0 0
-0 -0 0
-0 -0 0
-0 -0 0
-0 -0 0
-0 -0 0
-0 -0 0
-0 -0 0
-0 -0 0
-0 -0 0
-0 -0 0
-0 -0 0
-0 -0 0
-0 -0 0
-0 -0 0
-0 -0 0
-0 -0 0
-0 -0 0
-0 -0 0
-0 -0 0
-0 -0 0
-0 -0 0
-0 -0 0
-0 -0 0
-0 -0 0
-0 -0 0
-0 -0 0
-0 -0 0
-0 -0 0
-0 -0 0
-0 -0 0
-0 -0 0
-0 -0 0
-0 -0 0
-0 -0 0
-0 -0 0
-0 -0 0
-0 -0 0
-0.01750201 -0.084994048 0.26500002
-0.015155153 -0.084833682 0.26450002
-0.012829183 -0.084753498 0.26425001
-0.010507586 -0.084673308 0.264
-0.0081670741 -0.084352583 0.26300001
-0.0058663632 -0.084352583 0.26300001
-0.0035656525 -0.084352583 0.26300001
-0.0012649416 -0.084352583 0.26300001
0.0010328155 -0.084112033 0.26225001
0.0033111076 -0.083711118 0.26100001
0.0055836057 -0.083550751 0.26050001
0.0078699924 -0.083630942 0.26075003
0.010131555 -0.083470568 0.26025
0.01238437 -0.083310202 0.25975001
0.014670758 -0.083390385 0.26000002
0.016880048 -0.083069652 0.259
0.019145768 -0.083069652 0.259
0.02139082 -0.082989477 0.25875002
0.023631498 -0.082909286 0.25850001
0.025867799 -0.082829103 0.25825
0.028072502 -0.082668737 0.25775
0.030327287 -0.082668737 0.25775
0.032518864 -0.08250837 0.25725001
0.034701698 -0.082348004 0.25675002
0.036911756 -0.082267821 0.25650001
0.039117444 -0.082187645 0.25625002
0.041318756 -0.082107455 0.25600001
0.04351569 -0.082027271 0.25575
0.04561881 -0.081786729 0.25500003
0.047755711 -0.081626356 0.2545
0.049932968 -0.08154618 0.25425002
0.052157134 -0.08154618 0.25425002
0.054381303 -0.08154618 0.25425002
0.05649415 -0.081385814 0.25375003
0.058598246 -0.08122544 0.25325
0.060753636 -0.081145264 0.25300002
0.062842421 -0.08098489 0.2525
0.064986877 -0.080904715 0.25225002
0.067126945 -0.080824524 0.252
0.069262654 -0.080744348 0.25175002
0.071393982 -0.080664158 0.25150001
0.073447786 -0.080503799 0.25100002
0.075643517 -0.080503799 0.25100002
0.077606663 -0.080263242 0.25025001
0.079636402 -0.080102883 0.24975002
0.081657402 -0.07994251 0.24925001
0.083837822 -0.07994251 0.24925001
0.085931979 -0.079862334 0.24900001
0.087756358 -0.079541601 0.24800001
0.089744553 -0.079381235 0.24750002
0.091816828 -0.079301044 0.24725001
0.093789712 -0.079140685 0.24675001
0.095948264 -0.079140685 0.24675001
0.098106824 -0.079140685 0.24675001
0.10006221 -0.078980319 0.24625002
0.10211262 -0.078900129 0.24600001
0.10415865 -0.078819953 0.24575001
0.10630847 -0.078819953 0.24575001
0.10812727 -0.078579396 0.245
0.110158 -0.07849922 0.24475001
0.11218435 -0.078419037 0.24450001
0.11432323 -0.078419037 0.24450001
0.11634301 -0.078338854 0.24425001
0.11811589 -0.078098305 0.24350001
0.11987565 -0.077857755 0.24275002
0.12187357 -0.077777572 0.24250001
0.12399495 -0.077777572 0.24250001
0.1258563 -0.077617206 0.24200001
0.1278411 -0.077537023 0.24175002
0.12901518 -0.07697574 0.24000001
0.13043179 -0.076574825 0.23875001
0 -0 0
0 -0 0
0 -0 0
0 -0 0
0 -0 0
0 -0 0
0 -0 0
0 -0 0
0 -0 0
0 -0 0
0 -0 0
0 -0 0
0 -0 0
0 -0 0
0 -0 0
0 -0 0
-0 -0 0
-0 -0 0
-0 -0 0
-0 -0 0
-0 -0 0
-0 -0 0
-0 -0 0
-0 -0 0
-0 -0 0
-0 -0 0
-0 -0 0
-0 -0 0
-0 -0 0
-0 -0 0
-0 -0 0
-0 -0 0
-0 -0 0
-0 -0 0
-0 -0 0
-0 -0 0
-0 -0 0
-0 -0 0
-0 -0 0
-0 -0 0
-0 -0 0
-0 -0 0
-0 -0 0
-0 -0 0
-0 -0 0
-0 -0 0
-0 -0 0
-0 -0 0
-0 -0 0
-0 -0 0
-0 -0 0
-0 -0 0
-0 -0 0
-0 -0 0
-0 -0 0
-0 -0 0
-0 -0 0
-0 -0 0
-0 -0 0
-0 -0 0
-0 -0 0
-0 -0 0
-0 -0 0
-0 -0 0
-0 -0 0
-0 -0 0
-0 -0 0
-0 -0 0
-0 -0 0
-0 -0 0
-0 -0 0
-0 -0 0
-0 -0 0
-0 -0 0
-0 -0 0
-0 -0 0
-0 -0 0
-0 -0 0
-0 -0 0
-0 -0 0
-0 -0 0
-0 -0 0
-0 -0 0
-0 -0 0
-0 -0 0
-0 -0 0
-0 -0 0
-0 -0 0
-0 -0 0
-0.017485498 -0.082599618 0.26475
-0.015126503 -0.082365625 0.264
-0.012792771 -0.082209632 0.26350001
-0.010467785 -0.082053639 0.26300001
-0.008120494 -0.081585646 0.2615
-0.0058384812 -0.081663653 0.26175001
-0.0035487055 -0.081663653 0.26175001
-0.001257727 -0.081585646 0.2615
0.0010278927 -0.081429653 0.26100001
0.0033079362 -0.08135166 0.26075003
0.005572889 -0.081117667 0.26000002
0.0078322645 -0.080961674 0.25950003
0.010102358 -0.080961674 0.25950003
0.012372451 -0.080961674 0.25950003
0.014628437 -0.080883674 0.25925002
0.016863756 -0.080727682 0.25875002
0.019108808 -0.080649681 0.25850001
0.021328818 -0.080493681 0.25800002
0.023540081 -0.080337688 0.25750002
0.025792679 -0.080337688 0.25750002
0.028018046 -0.080259688 0.25725001
0.03023904 -0.080181688 0.257
0.03245566 -0.080103695 0.25675002
0.034600329 -0.079869702 0.25600001
0.036767852 -0.07971371 0.25550002
0.039002955 -0.07971371 0.25550002
0.041238055 -0.07971371 0.25550002
0.043345544 -0.079479709 0.25475001
0.04543991 -0.079245716 0.25400001
0.047521155 -0.079011723 0.25325
0.049687479 -0.078933731 0.25300002
0.05195199 -0.079011723 0.25325
0.054167408 -0.079011723 0.25325
0.056327172 -0.078933731 0.25300002
0.058540404 -0.078933731 0.25300002
0.060693599 -0.078855731 0.25275001
0.062780209 -0.078699738 0.25225002
0.064793654 -0.078465745 0.25150001
0.066993758 -0.078465745 0.25150001
0.06919387 -0.078465745 0.25150001
0.071323007 -0.078387737 0.25125
0.073374622 -0.078231744 0.25075001
0.075492829 -0.078153752 0.25050002
0.077451609 -0.077919759 0.24975002
0.07931754 -0.077607766 0.24875002
0.081329785 -0.077451773 0.24825001
0.083585553 -0.077529766 0.2485
0.085673146 -0.077451773 0.24825001
0.087579429 -0.07721778 0.24750002
0.089563251 -0.07706178 0.24700001
0.091538318 -0.076905787 0.24650002
0.093599662 -0.076827794 0.24625002
0.095753841 -0.076827794 0.24625002
0.097709231 -0.076671794 0.24575001
0.099859037 -0.076671794 0.24575001
0.10200885 -0.076671794 0.24575001
0.10405269 -0.076593794 0.24550001
0.10598402 -0.076437801 0.245
0.10801693 -0.076359801 0.24475001
0.10993296 -0.076203808 0.24425001
0.11195493 -0.076125808 0.24400002
0.11420633 -0.076203808 0.24425001
0.11634301 -0.076203808 0.24425001
0.11811589 -0.075969815 0.24350001
0.11987565 -0.075735822 0.24275002
0.12187357 -0.075657822 0.24250001
0.12463409 -0.076047808 0.24375001
0.12676641 -0.076047808 0.24375001
0.12850212 -0.075813822 0.24300002
0.13035908 -0.075657822 0.24250001
0.1322073 -0.075501829 0.24200001
0 -0 0
0 -0 0
0 -0 0
0 -0 0
0 -0 0
0 -0 0
0 -0 0
0 -0 0
0 -0 0
0 -0 0
0 -0 0
0 -0 0
0 -0 0
0 -0 0
0 -0 0
0 -0 0
-0 -0 0
-0 -0 0
-0 -0 0
-0 -0 0
-0 -0 0
-0 -0 0
-0 -0 0
-0 -0 0
-0 -0 0
-0 -0 0
-0 -0 0
-0 -0 0
-0 -0 0
-0 -0 0
-0 -0 0
-0 -0 0
-0 -0 0
-0 -0 0
-0 -0 0
-0 -0 0
-0 -0 0
-0 -0 0
-0 -0 0
-0 -0 0
-0 -0 0
-0 -0 0
-0 -0 0
-0 -0 0
-0 -0 0
-0 -0 0
-0 -0 0
-0 -0 0
-0 -0 0
-0 -0 0
-0 -0 0
-0 -0 0
-0 -0 0
-0 -0 0
-0 -0 0
-0 -0 0
-0 -0 0
-0 -0 0
-0 -0 0
-0 -0 0
-0 -0 0
-0 -0 0
-0 -0 0
-0 -0 0
-0 -0 0
-0 -0 0
-0 -0 0
-0 -0 0
-0 -0 0
-0 -0 0
-0 -0 0
-0 -0 0
-0 -0 0
-0 -0 0
-0 -0 0
-0 -0 0
-0 -0 0
-0 -0 0
-0 -0 0
-0 -0 0
-0 -0 0
-0 -0 0
-0 -0 0
-0 -0 0
-0 -0 0
-0 -0 0
-0 -0 0
-0 -0 0
-0 -0 0
-0.017386431 -0.079830512 0.26325002
-0.015083532 -0.079830512 0.26325002
-0.012744222 -0.079603069 0.26250002
-0.010408083 -0.079299815 0.2615
-0.0080972044 -0.079072386 0.26075003
-0.0058217524 -0.079148196 0.26100001
-0.0035419269 -0.079224013 0.26125002
-0.0012529175 -0.078996569 0.26050001
0.0010239545 -0.07884495 0.26000002
0.003301593 -0.078920752 0.26025
0.0055621718 -0.078693323 0.25950003
0.0078171724 -0.078541696 0.259
0.010082892 -0.078541696 0.259
0.012324773 -0.078390069 0.25850001
0.01457201 -0.078314252 0.25825
0.016814874 -0.07823845 0.25800002
0.019053366 -0.078162633 0.25775
0.021266814 -0.078011006 0.25725001
0.023448661 -0.07778357 0.25650001
0.025667472 -0.07770776 0.25625002
0.027909134 -0.07770776 0.25625002
0.030150795 -0.07770776 0.25625002
0.03232925 -0.077556133 0.25575
0.034465171 -0.077328697 0.25500003
0.036659922 -0.077252887 0.25475001
0.038926627 -0.077328697 0.25500003
0.041076649 -0.07717707 0.2545
0.043217931 -0.077025443 0.25400001
0.045216288 -0.07664638 0.25275001
0.047286596 -0.076418944 0.252
0.049441986 -0.076343141 0.25175002
0.051695567 -0.076418944 0.252
0.05400699 -0.07657057 0.2525
0.056215849 -0.07657057 0.2525
0.058366865 -0.076494761 0.25225002
0.060453471 -0.076343141 0.25175002
0.062531322 -0.076191507 0.25125
0.064664841 -0.076115698 0.25100002
0.066727385 -0.075964078 0.25050002
0.068987526 -0.076039881 0.25075001
0.071110107 -0.075964078 0.25050002
0.073228315 -0.075888261 0.25025001
0.075266801 -0.075736634 0.24975002
0.077141494 -0.075433388 0.24875002
0.078998677 -0.075130135 0.24775001
0.081165984 -0.075130135 0.24775001
0.083417371 -0.075205944 0.24800001
0.085500591 -0.075130135 0.24775001
0.087490961 -0.074978508 0.24725001
0.089472599 -0.074826889 0.24675001
0.0912598 -0.074523635 0.24575001
0.093219563 -0.074372016 0.24525002
0.095462203 -0.074447826 0.24550001
0.097510435 -0.074372016 0.24525002
0.099655867 -0.074372016 0.24525002
0.10190508 -0.074447826 0.24550001
0.10362885 -0.074144572 0.24450001
0.10555144 -0.073992953 0.24400002
0.1079066 -0.074144572 0.24450001
0.10993296 -0.074068762 0.24425001
0.11218435 -0.074144572 0.24450001
0.11455701 -0.074296199 0.245
0.11693843 -0.074447826 0.24550001
0.11920732 -0.074523635 0.24575001
0.12185095 -0.074826889 0.24675001
0.12388386 -0.074751072 0.24650002
0.12604022 -0.074751072 0.24650002
0.12832662 -0.074826889 0.24675001
0.13048518 -0.074826889 0.24675001
0.13237494 -0.074675262 0.24625002
0.13275361 -0.073689699 0.24300002
0 -0 0
0 -0 0
0 -0 0
0 -0 0
0 -0 0
0 -0 0
0 -0 0
0 -0 0
0 -0 0
0 -0 0
0 -0 0
0 -0 0
0 -0 0
0 -0 0
0 -0 0
0 -0 0
-0 -0 0
-0 -0 0
-0 -0 0
-0 -0 0
-0 -0 0
-0 -0 0
-0 -0 0
-0 -0 0
-0 -0 0
-0 -0 0
-0 -0 0
-0 -0 0
-0 -0 0
-0 -0 0
-0 -0 0
-0 -0 0
-0 -0 0
-0 -0 0
-0 -0 0
-0 -0 0
-0 -0 0
-0 -0 0
-0 -0 0
-0 -0 0
-0 -0 0
-0 -0 0
-0 -0 0
-0 -0 0
-0 -0 0
-0 -0 0
-0 -0 0
-0 -0 0
-0 -0 0
-0 -0 0
-0 -0 0
-0 -0 0
-0 -0 0
-0 -0 0
-0 -0 0
-0 -0 0
-0 -0 0
-0 -0 0
-0 -0 0
-0 -0 0
-0 -0 0
-0 -0 0
-0 -0 0
-0 -0 0
-0 -0 0
-0 -0 0
-0 -0 0
-0 -0 0
-0 -0 0
-0 -0 0
-0 -0 0
-0 -0 0
-0 -0 0
-0 -0 0
-0 -0 0
-0 -0 0
-0 -0 0
-0 -0 0
-0 -0 0
-0 -0 0
-0 -0 0
-0 -0 0
-0 -0 0
-0 -0 0
-0 -0 0
-0 -0 0
-0 -0 0
-0 -0 0
-0 -0 0
-0.017287362 -0.077087626 0.26175001
-0.014997585 -0.077087626 0.26175001
-0.012695672 -0.077013992 0.2615
-0.010388182 -0.076866738 0.26100001
-0.0080739139 -0.076572239 0.26000002
-0.0057994467 -0.076572239 0.26000002
-0.0035317587 -0.076719485 0.26050001
-0.001251715 -0.076645859 0.26025
0.0010210007 -0.076351352 0.25925002
0.0032825638 -0.076204099 0.25875002
0.0055407374 -0.076130472 0.25850001
0.0078020822 -0.076130472 0.25850001
0.010063428 -0.076130472 0.25850001
0.012300934 -0.075983219 0.25800002
0.014515585 -0.075762331 0.25725001
0.016717114 -0.075541452 0.25650001
0.018960964 -0.075541452 0.25650001
0.021184146 -0.075467832 0.25625002
0.023380097 -0.075320572 0.25575
0.025592346 -0.075246945 0.25550002
0.027772991 -0.075099692 0.25500003
0.030033132 -0.075173318 0.25525001
0.03220284 -0.075026065 0.25475001
0.034363803 -0.074878812 0.25425002
0.036623944 -0.074952431 0.2545
0.038812138 -0.074878812 0.25425002
0.040955603 -0.074731559 0.25375003
0.043090317 -0.074584298 0.25325
0.045171563 -0.074363418 0.2525
0.047239691 -0.074142538 0.25175002
0.049343787 -0.073995277 0.25125
0.051490426 -0.073921658 0.25100002
0.053846579 -0.074142538 0.25175002
0.055937555 -0.073995277 0.25125
0.058019783 -0.073848024 0.25075001
0.060153306 -0.073774405 0.25050002
0.062282443 -0.073700778 0.25025001
0.064471617 -0.073700778 0.25025001
0.066527605 -0.073553525 0.24975002
0.068781182 -0.073627144 0.25
0.070897207 -0.073553525 0.24975002
0.072935693 -0.073406264 0.24925001
0.074890092 -0.073185384 0.2485
0.076831378 -0.072964504 0.24775001
0.078839242 -0.072817244 0.24725001
0.081002176 -0.072817244 0.24725001
0.083165102 -0.072817244 0.24725001
0.085328035 -0.072817244 0.24725001
0.0874025 -0.072743624 0.24700001
0.089472599 -0.072669998 0.24675001
0.091166958 -0.072301857 0.24550001
0.093029507 -0.072080977 0.24475001
0.095170565 -0.072080977 0.24475001
0.097311631 -0.072080977 0.24475001
0.099452689 -0.072080977 0.24475001
0.10148998 -0.072007351 0.24450001
0.10341693 -0.071860097 0.24400002
0.10544328 -0.071786471 0.24375001
0.1079066 -0.072007351 0.24450001
0.11060808 -0.072375484 0.24575001
0.11321672 -0.072669998 0.24675001
0.11560906 -0.072817244 0.24725001
0.11872465 -0.073406264 0.24925001
0.12090508 -0.073406264 0.24925001
0.12296205 -0.073332638 0.24900001
0.12564285 -0.073627144 0.25
0.12834117 -0.073921658 0.25100002
0.13066691 -0.073995277 0.25125
0.13299705 -0.074068911 0.25150001
0.13506275 -0.073995277 0.25125
0 -0 0
0 -0 0
0 -0 0
0 -0 0
0 -0 0
0 -0 0
0 -0 0
0 -0 0
0 -0 0
0 -0 0
0 -0 0
0 -0 0
0 -0 0
0 -0 0
0 -0 0
0 -0 0
0 -0 0
-0 -0 0
-0 -0 0
-0 -0 0
-0 -0 0
-0 -0 0
-0 -0 0
-0 -0 0
-0 -0 0
-0 -0 0
-0 -0 0
-0 -0 0
-0 -0 0
-0 -0 0
-0 -0 0
-0 -0 0
-0 -0 0
-0 -0 0
-0 -0 0
-0 -0 0
-0 -0 0
-0 -0 0
-0 -0 0
-0 -0 0
-0 -0 0
-0 -0 0
-0 -0 0
-0 -0 0
-0 -0 0
-0 -0 0
-0 -0 0
-0 -0 0
-0 -0 0
-0 -0 0
-0 -0 0
-0 -0 0
-0 -0 0
-0 -0 0
-0 -0 0
-0 -0 0
-0 -0 0
-0 -0 0
-0 -0 0
-0 -0 0
-0 -0 0
-0 -0 0
-0 -0 0
-0 -0 0
-0 -0 0
-0 -0 0
-0 -0 0
-0 -0 0
-0 -0 0
-0 -0 0
-0 -0 0
-0 -0 0
-0 -0 0
-0 -0 0
-0 -0 0
-0 -0 0
-0 -0 0
-0 -0 0
-0 -0 0
-0 -0 0
-0 -0 0
-0 -0 0
-0 -0 0
-0 -0 0
-0 -0 0
-0 -0 0
-0 -0 0
-0 -0 0
-0 -0 0
-0 -0 0
-0.01725434 -0.074656725 0.26125002
-0.014954612 -0.074585281 0.26100001
-0.012622848 -0.074299514 0.26000002
-0.010328481 -0.074156635 0.25950003
-0.0080428598 -0.074013747 0.259
-0.0057827174 -0.074085191 0.25925002
-0.0035148116 -0.074085191 0.25925002
-0.0012469054 -0.074085191 0.25925002
0.0010170623 -0.073799416 0.25825
0.0032698773 -0.073656537 0.25775
0.0055193035 -0.0735851 0.25750002
0.0077643543 -0.073513649 0.25725001
0.010014765 -0.073513649 0.25725001
0.012265175 -0.073513649 0.25725001
0.014501479 -0.073442206 0.257
0.016684527 -0.073156446 0.25600001
0.01890552 -0.073085003 0.25575
0.021101475 -0.072942115 0.25525001
0.023311537 -0.072870679 0.25500003
0.025492178 -0.072727792 0.2545
0.027691307 -0.072656356 0.25425002
0.029944886 -0.072727792 0.2545
0.032139637 -0.072656356 0.25425002
0.034296226 -0.072513469 0.25375003
0.036551993 -0.072584905 0.25400001
0.038773973 -0.072584905 0.25400001
0.040874898 -0.072370581 0.25325
0.043005243 -0.072227702 0.25275001
0.04512684 -0.072084814 0.25225002
0.047192775 -0.071870491 0.25150001
0.049245588 -0.07165616 0.25075001
0.051285282 -0.071441837 0.25
0.053525746 -0.07151328 0.25025001
0.055659257 -0.071441837 0.25
0.057788402 -0.0713704 0.24975002
0.059973203 -0.0713704 0.24975002
0.062158003 -0.0713704 0.24975002
0.064278394 -0.071298957 0.24950001
0.066394411 -0.071227513 0.24925001
0.068643622 -0.071298957 0.24950001
0.070755266 -0.071227513 0.24925001
0.072716229 -0.07101319 0.2485
0.074664064 -0.070798866 0.24775001
0.076676317 -0.070655979 0.24725001
0.078600094 -0.070441656 0.24650002
0.080674566 -0.070370212 0.24625002
0.082828745 -0.070370212 0.24625002
0.085069209 -0.070441656 0.24650002
0.087225571 -0.070441656 0.24650002
0.089291297 -0.070370212 0.24625002
0.090981282 -0.070013002 0.245
0.092934489 -0.069870122 0.24450001
0.094976149 -0.069798678 0.24425001
0.096914038 -0.069655791 0.24375001
0.099046342 -0.069655791 0.24375001
0.10148998 -0.069870122 0.24450001
0.10384077 -0.070013002 0.245
0.10630847 -0.070227325 0.24575001
0.10923061 -0.070727423 0.24750002
0.11184581 -0.07101319 0.2485
0.11482263 -0.07151328 0.25025001
0.11794697 -0.072084814 0.25225002
0.1203918 -0.072227702 0.25275001
0.12248157 -0.072156258 0.2525
0.12469043 -0.072156258 0.2525
0.12677364 -0.072084814 0.25225002
0.12898031 -0.072084814 0.25225002
0.13144702 -0.072227702 0.25275001
0.13352585 -0.072156258 0.2525
0 -0 0
0 -0 0
0 -0 0
0 -0 0
0 -0 0
0 -0 0
0 -0 0
0 -0 0
0 -0 0
0 -0 0
0 -0 0
0 -0 0
0 -0 0
0 -0 0
0 -0 0
0 -0 0
0 -0 0
0 -0 0
-0 -0 0
-0 -0 0
-0 -0 0
-0 -0 0
-0 -0 0
-0 -0 0
-0 -0 0
-0 -0 0
-0 -0 0
-0 -0 0
-0 -0 0
-0 -0 0
-0 -0 0
-0 -0 0
-0 -0 0
-0 -0 0
-0 -0 0
-0 -0 0
-0 -0 0
-0 -0 0
-0 -0 0
-0 -0 0
-0 -0 0
-0 -0 0
-0 -0 0
-0 -0 0
-0 -0 0
-0 -0 0
-0 -0 0
-0 -0 0
-0 -0 0
-0 -0 0
-0 -0 0
-0 -0 0
-0 -0 0
-0 -0 0
-0 -0 0
-0 -0 0
-0 -0 0
-0 -0 0
-0 -0 0
-0 -0 0
-0 -0 0
-0 -0 0
-0 -0 0
-0 -0 0
-0 -0 0
-0 -0 0
-0 -0 0
-0 -0 0
-0 -0 0
-0 -0 0
-0 -0 0
-0 -0 0
-0 -0 0
-0 -0 0
-0 -0 0
-0 -0 0
-0 -0 0
-0 -0 0
-0 -0 0
-0 -0 0
-0 -0 0
-0 -0 0
-0 -0 0
-0 -0 0
-0 -0 0
-0 -0 0
-0 -0 0
-0 -0 0
-0 -0 0
-0 -0 0
-0 -0 0
-0.017188294 -0.07209605 0.26025
-0.014897315 -0.072026797 0.26000002
-0.012562162 -0.071680516 0.25875002
-0.010298629 -0.071680516 0.25875002
-0.0080428598 -0.071749762 0.259
-0.0057715648 -0.071680516 0.25875002
-0.0035046432 -0.071611255 0.25850001
-0.0012420956 -0.071541995 0.25825
0.0010141088 -0.071334228 0.25750002
0.0032635343 -0.071264975 0.25725001
0.0055032275 -0.071126461 0.25675002
0.0077417176 -0.0710572 0.25650001
0.0099758347 -0.070987947 0.25625002
0.012193657 -0.070849426 0.25575
0.014430946 -0.070849426 0.25575
0.016668232 -0.070849426 0.25575
0.018887043 -0.07078018 0.25550002
0.021060141 -0.070572406 0.25475001
0.023265826 -0.070503145 0.2545
0.025442097 -0.070364639 0.25400001
0.02763685 -0.070295386 0.25375003
0.029856643 -0.070295386 0.25375003
0.032044828 -0.070226125 0.25350001
0.034194857 -0.070087612 0.25300002
0.036408089 -0.070087612 0.25300002
0.038583156 -0.070018351 0.25275001
0.040632799 -0.069741331 0.25175002
0.042792559 -0.06967207 0.25150001
0.044992667 -0.06967207 0.25150001
0.047052041 -0.069464304 0.25075001
0.049147394 -0.06932579 0.25025001
0.051182713 -0.069118015 0.24950001
0.0534188 -0.069187276 0.24975002
0.055603601 -0.069187276 0.24975002
0.057730552 -0.069118015 0.24950001
0.059853133 -0.069048762 0.24925001
0.06203356 -0.069048762 0.24925001
0.064149581 -0.068979509 0.24900001
0.066194624 -0.068840988 0.2485
0.068368495 -0.068840988 0.2485
0.070471391 -0.068771735 0.24825001
0.072496764 -0.068633221 0.24775001
0.074513376 -0.068494707 0.24725001
0.076443732 -0.06828694 0.24650002
0.078360945 -0.068079174 0.24575001
0.080592662 -0.068148427 0.24600001
0.082660563 -0.068079174 0.24575001
0.084724098 -0.068009913 0.24550001
0.086783253 -0.06794066 0.24525002
0.08874739 -0.067802146 0.24475001
0.090609938 -0.067594379 0.24400002
0.092839465 -0.067663632 0.24425001
0.094781719 -0.067525119 0.24375001
0.09681464 -0.067455865 0.24350001
0.099351108 -0.067732885 0.24450001
0.1029428 -0.068702482 0.24800001
0.10564209 -0.069048762 0.24925001
0.10836326 -0.06939505 0.25050002
0.11110629 -0.069741331 0.25175002
0.11375867 -0.070018351 0.25275001
0.11688738 -0.070572406 0.25475001
0.1194666 -0.07078018 0.25550002
0.12205895 -0.070987947 0.25625002
0.12442188 -0.0710572 0.25650001
0.12678918 -0.071126461 0.25675002
0.12903522 -0.071126461 0.25675002
0.1315369 -0.071264975 0.25725001
0.13365731 -0.071195714 0.257
0.1344513 -0.070433892 0.25425002
0 -0 0
0 -0 0
0 -0 0
0 -0 0
0 -0 0
0 -0 0
0 -0 0
0 -0 0
0 -0 0
0 -0 0
0 -0 0
0 -0 0
0 -0 0
0 -0 0
0 -0 0
0 -0 0
0 -0 0
0 -0 0
-0 -0 0
-0 -0 0
-0 -0 0
-0 -0 0
-0 -0 0
-0 -0 0
-0 -0 0
-0 -0 0
-0 -0 0
-0 -0 0
-0 -0 0
-0 -0 0
-0 -0 0
-0 -0 0
-0 -0 0
-0 -0 0
-0 -0 0
-0 -0 0
-0 -0 0
-0 -0 0
-0 -0 0
-0 -0 0
-0 -0 0
-0 -0 0
-0 -0 0
-0 -0 0
-0 -0 0
-0 -0 0
-0 -0 0
-0 -0 0
-0 -0 0
-0 -0 0
-0 -0 0
-0 -0 0
-0 -0 0
-0 -0 0
-0 -0 0
-0 -0 0
-0 -0 0
-0 -0 0
-0 -0 0
-0 -0 0
-0 -0 0
-0 -0 0
-0 -0 0
-0 -0 0
-0 -0 0
-0 -0 0
-0 -0 0
-0 -0 0
-0 -0 0
-0 -0 0
-0 -0 0
-0 -0 0
-0 -0 0
-0 -0 0
-0 -0 0
-0 -0 0
-0 -0 0
-0 -0 0
-0 -0 0
-0 -0 0
-0 -0 0
-0 -0 0
-0 -0 0
-0 -0 0
-0 -0 0
-0 -0 0
-0 -0 0
-0 -0 0
-0 -0 0
-0 -0 0
-0 -0 0
-0.017056203 -0.069284573 0.25825
-0.014840016 -0.069485784 0.259
-0.012550024 -0.069351643 0.25850001
-0.010288679 -0.069351643 0.25850001
-0.0080195693 -0.069284573 0.25825
-0.0057604117 -0.069284573 0.25825
-0.003494475 -0.069150433 0.25775
-0.0012384885 -0.069083363 0.25750002
0.0010121395 -0.068949215 0.257
0.0032540197 -0.068815075 0.25650001
0.0054817931 -0.068613857 0.25575
0.0077115358 -0.068546794 0.25550002
0.0099369045 -0.068479717 0.25525001
0.0121579 -0.068412654 0.25500003
0.014388627 -0.068412654 0.25500003
0.01660306 -0.068345577 0.25475001
0.018813118 -0.068278506 0.2545
0.020998137 -0.068144366 0.25400001
0.023197265 -0.068077296 0.25375003
0.025366971 -0.067943148 0.25325
0.027555164 -0.067876086 0.25300002
0.029768396 -0.067876086 0.25300002
0.031950023 -0.067809008 0.25275001
0.034127276 -0.06774193 0.2525
0.036264181 -0.06760779 0.252
0.038392339 -0.06747365 0.25150001
0.04051175 -0.06733951 0.25100002
0.042664945 -0.06727244 0.25075001
0.044858493 -0.06727244 0.25075001
0.046958219 -0.067138299 0.25025001
0.049098294 -0.067071222 0.25
0.051233999 -0.067004159 0.24975002
0.053365327 -0.066937082 0.24950001
0.055547941 -0.066937082 0.24950001
0.057614863 -0.066802941 0.24900001
0.059673034 -0.066668794 0.2485
0.061846901 -0.066668794 0.2485
0.063956358 -0.066601723 0.24825001
0.065994844 -0.066467583 0.24775001
0.068093374 -0.066400513 0.24750002
0.07011655 -0.066266373 0.24700001
0.072204143 -0.066199303 0.24675001
0.074287355 -0.066132225 0.24650002
0.07628867 -0.065998085 0.24600001
0.078360945 -0.065931015 0.24575001
0.080510758 -0.065931015 0.24575001
0.082576476 -0.065863945 0.24550001
0.084465265 -0.065662727 0.24475001
0.086517863 -0.065595657 0.24450001
0.088566087 -0.065528587 0.24425001
0.090609938 -0.065461516 0.24400002
0.092839465 -0.065528587 0.24425001
0.095462203 -0.065863945 0.24550001
0.098206222 -0.066266373 0.24700001
0.10178918 -0.067205369 0.25050002
0.10481071 -0.06774193 0.2525
0.10776129 -0.068211436 0.25425002
0.11074249 -0.068680935 0.25600001
0.11375429 -0.069150433 0.25775
0.11702178 -0.069754079 0.26000002
0.11941094 -0.069821142 0.26025
0.12157071 -0.069754079 0.26000002
0.12408334 -0.069888219 0.26050001
0.12624091 -0.069821142 0.26025
0.12901139 -0.07008943 0.26125002
0.13129678 -0.07008943 0.26125002
0.13319869 -0.069888219 0.26050001
0.13482746 -0.069552861 0.25925002
0 -0 0
0 -0 0
0 -0 0
0 -0 0
0 -0 0
0 -0 0
0 -0 0
0 -0 0
0 -0 0
0 -0 0
0 -0 0
0 -0 0
0 -0 0
0 -0 0
0 -0 0
0 -0 0
0 -0 0
0 -0 0
0 -0 0
-0 -0 0
-0 -0 0
-0 -0 0
-0 -0 0
-0 -0 0
-0 -0 0
-0 -0 0
-0 -0 0
-0 -0 0
-0 -0 0
-0 -0 0
-0 -0 0
-0 -0 0
-0 -0 0
-0 -0 0
-0 -0 0
-0 -0 0
-0 -0 0
-0 -0 0
-0 -0 0
-0 -0 0
-0 -0 0
-0 -0 0
-0 -0 0
-0 -0 0
-0 -0 0
-0 -0 0
-0 -0 0
-0 -0 0
-0 -0 0
-0 -0 0
-0 -0 0
-0 -0 0
-0 -0 0
-0 -0 0
-0 -0 0
-0 -0 0
-0 -0 0
-0 -0 0
-0 -0 0
-0 -0 0
-0 -0 0
-0 -0 0
-0 -0 0
-0 -0 0
-0 -0 0
-0 -0 0
-0.2345735 -0.20744029 0.79925007
-0.22772406 -0.20757005 0.79975003
-0 -0 0
-0 -0 0
-0 -0 0
-0 -0 0
-0 -0 0
-0 -0 0
-0 -0 0
-0 -0 0
-0 -0 0
-0 -0 0
-0 -0 0
-0 -0 0
-0 -0 0
-0 -0 0
-0 -0 0
-0 -0 0
-0 -0 0
-0 -0 0
-0 -0 0
-0 -0 0
-0 -0 0
-0 -0 0
-0 -0 0
-0 -0 0
-0.017006669 -0.066832498 0.25750002
-0.014797043 -0.067027152 0.25825
-0.012513611 -0.066897377 0.25775
-0.010238927 -0.066767611 0.25725001
-0.0079807527 -0.066702716 0.257
-0.0057325298 -0.066702716 0.257
-0.0034843069 -0.066702716 0.257
-0.0012360836 -0.066702716 0.257
0.0010101704 -0.066572949 0.25650001
0.0032445048 -0.066378288 0.25575
0.005465718 -0.066183642 0.25500003
0.0076888991 -0.066118747 0.25475001
0.0099174399 -0.066118747 0.25475001
0.01213406 -0.06605386 0.2545
0.014360413 -0.06605386 0.2545
0.016554179 -0.065924093 0.25400001
0.018739197 -0.065794319 0.25350001
0.020915469 -0.065664552 0.25300002
0.02308299 -0.06553477 0.2525
0.025241764 -0.065405004 0.252
0.027473478 -0.065469891 0.25225002
0.029650731 -0.065405004 0.252
0.031855214 -0.065405004 0.252
0.033992119 -0.06527523 0.25150001
0.036084298 -0.065080576 0.25075001
0.038239688 -0.065015689 0.25050002
0.040431049 -0.065015689 0.25050002
0.042537332 -0.064885914 0.25
0.044724319 -0.064885914 0.25
0.046864398 -0.064821035 0.24975002
0.048951 -0.06469126 0.24925001
0.051080145 -0.064626373 0.24900001
0.053258382 -0.064626373 0.24900001
0.055380963 -0.064561486 0.24875002
0.057383478 -0.064366832 0.24800001
0.059432905 -0.064237058 0.24750002
0.061598022 -0.064237058 0.24750002
0.063698731 -0.064172171 0.24725001
0.065795064 -0.064107284 0.24700001
0.067818247 -0.063977517 0.24650002
0.069761708 -0.063782856 0.24575001
0.071838371 -0.063717969 0.24550001
0.073910646 -0.063653089 0.24525002
0.075978555 -0.063588195 0.245
0.078121796 -0.063588195 0.245
0.080265045 -0.063588195 0.245
0.082156025 -0.063393541 0.24425001
0.08420644 -0.063328654 0.24400002
0.086252466 -0.063263766 0.24375001
0.088384785 -0.063263766 0.24375001
0.090609938 -0.063328654 0.24400002
0.093979761 -0.064172171 0.24725001
0.097503655 -0.065080576 0.25075001
0.1005918 -0.065664552 0.25300002
0.10392247 -0.066378288 0.25575
0.10678241 -0.066767611 0.25725001
0.10956261 -0.067092039 0.25850001
0.11171581 -0.067027152 0.25825
0.11474731 -0.067481354 0.26000002
0.11870959 -0.068454646 0.26375002
0.12124627 -0.068584412 0.26425001
0.12355793 -0.068584412 0.26425001
0.12586957 -0.068584412 0.26425001
0.12854503 -0.068779074 0.26500002
0.1312336 -0.068973735 0.26575002
0.13330708 -0.068843961 0.26525003
0.13460483 -0.068324871 0.26325002
0 -0 0
0 -0 0
0 -0 0
0 -0 0
0 -0 0
0 -0 0
0 -0 0
0 -0 0
0 -0 0
0 -0 0
0 -0 0
0 -0 0
0 -0 0
0 -0 0
0 -0 0
0 -0 0
0 -0 0
0 -0 0
0 -0 0
0 -0 0
-0 -0 0
-0 -0 0
-0 -0 0
-0 -0 0
-0 -0 0
-0 -0 0
-0 -0 0
-0 -0 0
-0 -0 0
-0 -0 0
-0 -0 0
-0 -0 0
-0 -0 0
-0 -0 0
-0 -0 0
-0 -0 0
-0 -0 0
-0 -0 0
-0 -0 0
-0 -0 0
-0 -0 0
-0 -0 0
-0 -0 0
-0 -0 0
-0 -0 0
-0 -0 0
-0 -0 0
-0 -0 0
-0 -0 0
-0 -0 0
-0 -0 0
-0 -0 0
-0 -0 0
-0 -0 0
-0 -0 0
-0 -0 0
-0 -0 0
-0 -0 0
-0 -0 0
-0 -0 0
-0 -0 0
-0 -0 0
-0 -0 0
-0 -0 0
-0 -0 0
-0 -0 0
-0 -0 0
-0.23464686 -0.20051655 0.79950005
-0.22822237 -0.20101815 0.80150002
-0.2217629 -0.20151976 0.80350006
-0 -0 0
-0 -0 0
-0 -0 0
-0 -0 0
-0 -0 0
-0 -0 0
-0 -0 0
-0 -0 0
-0 -0 0
-0 -0 0
-0 -0 0
-0 -0 0
-0 -0 0
-0 -0 0
-0 -0 0
-0 -0 0
-0 -0 0
-0 -0 0
-0 -0 0
-0 -0 0
-0 -0 0
-0 -0 0
-0.019147076 -0.064205423 0.25600001
-0.016940624 -0.064330824 0.25650001
-0.014711098 -0.064393528 0.25675002
-0.012440789 -0.064268127 0.25625002
-0.010189175 -0.064205423 0.25600001
-0.0079496996 -0.064205423 0.25600001
-0.0057158009 -0.064268127 0.25625002
-0.0034741389 -0.064268127 0.25625002
-0.0012324764 -0.064268127 0.25625002
0.0010072166 -0.064142719 0.25575
0.0032381618 -0.064017318 0.25525001
0.0054496424 -0.063766524 0.25425002
0.0076662623 -0.06370382 0.25400001
0.0098785097 -0.063641123 0.25375003
0.012098302 -0.063641123 0.25375003
0.014318096 -0.063641123 0.25375003
0.016521592 -0.063578419 0.25350001
0.018683756 -0.063390315 0.25275001
0.020832798 -0.06320221 0.252
0.023014428 -0.063139513 0.25175002
0.025191683 -0.063076816 0.25150001
0.027391791 -0.063076816 0.25150001
0.029533071 -0.062951416 0.25100002
0.031728804 -0.062951416 0.25100002
0.033856962 -0.062826015 0.25050002
0.035976369 -0.062700607 0.25
0.038125195 -0.06263791 0.24975002
0.040309995 -0.06263791 0.24975002
0.042367183 -0.062449809 0.24900001
0.044545423 -0.062449809 0.24900001
0.046676755 -0.062387109 0.24875002
0.048754606 -0.062261704 0.24825001
0.050926287 -0.062261704 0.24825001
0.053097963 -0.062261704 0.24825001
0.055158328 -0.062136304 0.24775001
0.057267785 -0.062073607 0.24750002
0.059372868 -0.062010903 0.24725001
0.061411358 -0.061885502 0.24675001
0.063441105 -0.061760101 0.24625002
0.06546209 -0.061634701 0.24575001
0.067611903 -0.061634701 0.24575001
0.069548801 -0.061446596 0.245
0.07154575 -0.061321195 0.24450001
0.073609278 -0.061258495 0.24425001
0.075590909 -0.061133094 0.24375001
0.077723213 -0.061133094 0.24375001
0.079855531 -0.061133094 0.24375001
0.081819661 -0.061007693 0.24325001
0.083861329 -0.060944993 0.24300002
0.086075544 -0.061007693 0.24325001
0.089200646 -0.061697397 0.24600001
0.092559531 -0.06251251 0.24925001
0.095785238 -0.06320221 0.252
0.099253468 -0.064017318 0.25525001
0.10228159 -0.064518929 0.25725001
0.10514151 -0.064895131 0.25875002
0.10844278 -0.065522142 0.26125002
0.11231757 -0.066462651 0.26500002
0.11441949 -0.06633725 0.26450002
0.11706433 -0.066525348 0.26525003
0.12017237 -0.066964254 0.26700002
0.12296689 -0.067215055 0.26800001
0.12566203 -0.067403153 0.26875001
0.12813212 -0.067465857 0.26900002
0.13048533 -0.067465857 0.26900002
0.13296197 -0.067528553 0.26925001
0.13431221 -0.06702695 0.26725
0.13626662 -0.066838853 0.26650003
0 -0 0
0 -0 0
0 -0 0
0 -0 0
0 -0 0
0 -0 0
0 -0 0
0 -0 0
0 -0 0
0 -0 0
0 -0 0
0 -0 0
0 -0 0
0 -0 0
0 -0 0
0 -0 0
0 -0 0
0 -0 0
0 -0 0
0 -0 0
-0 -0 0
-0 -0 0
-0 -0 0
-0 -0 0
-0 -0 0
-0 -0 0
-0 -0 0
-0 -0 0
-0 -0 0
-0 -0 0
-0 -0 0
-0 -0 0
-0 -0 0
-0 -0 0
-0 -0 0
-0 -0 0
-0 -0 0
-0 -0 0
-0 -0 0
-0 -0 0
-0 -0 0
-0 -0 0
-0 -0 0
-0 -0 0
-0 -0 0
-0 -0 0
-0 -0 0
-0 -0 0
-0 -0 0
-0 -0 0
-0 -0 0
-0 -0 0
-0 -0 0
-0 -0 0
-0 -0 0
-0 -0 0
-0 -0 0
-0 -0 0
-0 -0 0
-0 -0 0
-0 -0 0
-0 -0 0
-0 -0 0
-0 -0 0
-0 -0 0
-0 -0 0
-0 -0 0
-0.23486698 -0.19370948 0.80025005
-0.22893423 -0.1946172 0.80400002
-0.22203889 -0.19473824 0.80450004
-0 -0 0
-0 -0 0
-0 -0 0
-0 -0 0
-0 -0 0
-0 -0 0
-0 -0 0
-0 -0 0
-0 -0 0
-0 -0 0
-0 -0 0
-0 -0 0
-0 -0 0
-0 -0 0
-0 -0 0
-0 -0 0
-0 -0 0
-0 -0 0
-0 -0 0
-0 -0 0
-0 -0 0
-0 -0 0
-0 -0 0
-0.016907601 -0.061967667 0.25600001
-0.0146538 -0.061907146 0.25575
-0.012416513 -0.061907146 0.25575
-0.010179224 -0.061907146 0.25575
-0.0079419361 -0.061907146 0.25575
-0.0057046479 -0.061907146 0.25575
-0.0034605809 -0.061786119 0.25525001
-0.0012264644 -0.061725609 0.25500003
0.0010022938 -0.061604571 0.2545
0.0032254758 -0.061544061 0.25425002
0.0054389252 -0.06142303 0.25375003
0.0076436256 -0.061301995 0.25325
0.0098590441 -0.061301995 0.25325
0.012074462 -0.061301995 0.25325
0.014275775 -0.061241485 0.25300002
0.016440125 -0.061059937 0.25225002
0.018628314 -0.06099942 0.252
0.020832798 -0.06099942 0.252
0.022991573 -0.060878389 0.25150001
0.025141601 -0.060757361 0.25100002
0.027282881 -0.06063633 0.25050002
0.029474242 -0.06063633 0.25050002
0.031633999 -0.060575813 0.25025001
0.033755593 -0.060454786 0.24975002
0.035904419 -0.060394268 0.24950001
0.038048867 -0.060333751 0.24925001
0.040188946 -0.060273238 0.24900001
0.042282108 -0.060152207 0.2485
0.044411249 -0.060091689 0.24825001
0.046536017 -0.060031176 0.24800001
0.048607316 -0.059910148 0.24750002
0.050772432 -0.059910148 0.24750002
0.052830603 -0.059789114 0.24700001
0.05499135 -0.059789114 0.24700001
0.057152092 -0.059789114 0.24700001
0.059132736 -0.059607569 0.24625002
0.061162479 -0.059486538 0.24575001
0.063247882 -0.059426025 0.24550001
0.065328903 -0.059365507 0.24525002
0.067543127 -0.059426025 0.24550001
0.069477834 -0.059244476 0.24475001
0.071472593 -0.059123449 0.24425001
0.073533937 -0.059062932 0.24400002
0.075435847 -0.058881387 0.24325001
0.077404357 -0.058760356 0.24275002
0.079527922 -0.058760356 0.24275002
0.081567392 -0.058699839 0.24250001
0.083861329 -0.05882087 0.24300002
0.087048642 -0.059547052 0.24600001
0.091285624 -0.06093891 0.25175002
0.094323456 -0.061483543 0.25400001
0.097685732 -0.062209725 0.257
0.10119771 -0.062996425 0.26025
0.10446836 -0.063601576 0.26275
0.10747799 -0.064025186 0.26450002
0.11082955 -0.064630337 0.26700002
0.11401293 -0.065114461 0.26900002
0.11636614 -0.065114461 0.26900002
0.11949167 -0.065538071 0.27075002
0.12264782 -0.065961674 0.27250001
0.12514634 -0.066022195 0.27275002
0.12741545 -0.065961674 0.27250001
0.12968019 -0.06590116 0.27225003
0.13218309 -0.065961674 0.27250001
0.1345669 -0.065961674 0.27250001
0.135443 -0.065235496 0.26950002
0 -0 0
0 -0 0
0 -0 0
0 -0 0
0 -0 0
0 -0 0
0 -0 0
0 -0 0
0 -0 0
0 -0 0
0 -0 0
0 -0 0
0 -0 0
0 -0 0
0 -0 0
0 -0 0
0 -0 0
0 -0 0
0 -0 0
0 -0 0
0 -0 0
-0 -0 0
-0 -0 0
-0 -0 0
-0 -0 0
-0 -0 0
-0 -0 0
-0 -0 0
-0 -0 0
-0 -0 0
-0 -0 0
-0 -0 0
-0 -0 0
-0 -0 0
-0 -0 0
-0 -0 0
-0 -0 0
-0 -0 0
-0 -0 0
-0 -0 0
-0 -0 0
-0 -0 0
-0 -0 0
-0 -0 0
-0 -0 0
-0 -0 0
-0 -0 0
-0 -0 0
-0 -0 0
-0 -0 0
-0 -0 0
-0.33121318 -0.17475665 0.74900001
-0.32476932 -0.17481498 0.74925005
-0 -0 0
-0 -0 0
-0 -0 0
-0 -0 0
-0 -0 0
-0 -0 0
-0 -0 0
-0 -0 0
-0 -0 0
-0 -0 0
-0.26599157 -0.18403113 0.78875005
-0.2594201 -0.18426444 0.78975004
-0 -0 0
-0 -0 0
-0 -0 0
-0.23596756 -0.18758924 0.80400002
-0.22929016 -0.1878809 0.80525005
-0.22224589 -0.1878809 0.80525005
-0 -0 0
-0 -0 0
-0 -0 0
-0 -0 0
-0 -0 0
-0 -0 0
-0 -0 0
-0 -0 0
-0 -0 0
-0 -0 0
-0 -0 0
-0 -0 0
-0 -0 0
-0 -0 0
-0 -0 0
-0 -0 0
-0 -0 0
-0 -0 0
-0 -0 0
-0 -0 0
-0 -0 0
-0 -0 0
-0 -0 0
-0.01687458 -0.059613254 0.25550002
-0.014625152 -0.05955492 0.25525001
-0.012392238 -0.05955492 0.25525001
-0.010169275 -0.059613254 0.25550002
-0.0079186466 -0.059496593 0.25500003
-0.0056767659 -0.059379928 0.2545
-0.0034436341 -0.05926327 0.25400001
-0.0012216546 -0.05926327 0.25400001
0.00099835556 -0.059146613 0.25350001
0.0032127893 -0.059088279 0.25325
0.0054174908 -0.058971621 0.25275001
0.0076209889 -0.058913287 0.2525
0.0098395795 -0.058971621 0.25275001
0.012038704 -0.058913287 0.2525
0.014233456 -0.058854964 0.25225002
0.016407538 -0.058738302 0.25175002
0.018591354 -0.058679972 0.25150001
0.02075013 -0.058563311 0.25100002
0.022900157 -0.058446653 0.25050002
0.025041433 -0.058329988 0.25
0.027228421 -0.058329988 0.25
0.029415408 -0.058329988 0.25
0.031570792 -0.058271661 0.24975002
0.033688016 -0.058155 0.24925001
0.035832465 -0.05809667 0.24900001
0.037934378 -0.057980008 0.2485
0.040027544 -0.057863351 0.24800001
0.042154498 -0.05780502 0.24775001
0.044321802 -0.05780502 0.24775001
0.046489108 -0.05780502 0.24775001
0.048558213 -0.057688359 0.24725001
0.050618574 -0.057571702 0.24675001
0.052616715 -0.05739671 0.24600001
0.054824371 -0.057455044 0.24625002
0.056978554 -0.057455044 0.24625002
0.05901267 -0.057338379 0.24575001
0.06103804 -0.057221722 0.24525002
0.063119061 -0.057163391 0.245
0.065195717 -0.057105061 0.24475001
0.067336783 -0.057105061 0.24475001
0.069406867 -0.05704673 0.24450001
0.071399435 -0.056930073 0.24400002
0.07345859 -0.056871738 0.24375001
0.075280793 -0.056638423 0.24275002
0.077165201 -0.056463432 0.24200001
0.079282209 -0.056463432 0.24200001
0.081735574 -0.056696754 0.24300002
0.085328035 -0.057688359 0.24725001
0.089437172 -0.058971621 0.25275001
0.09309864 -0.059904903 0.25675002
0.096273057 -0.060488202 0.25925002
0.099586241 -0.061129835 0.26200002
0.10323916 -0.061946448 0.26550001
0.10635694 -0.062413089 0.26750001
0.11032239 -0.063346371 0.27150002
0.11311255 -0.063579686 0.27250001
0.11592022 -0.063813016 0.27350003
0.11906981 -0.064221323 0.27525002
0.12169834 -0.064337976 0.27575001
0.1246732 -0.064629629 0.27700001
0.12766992 -0.064921282 0.27825001
0.12940267 -0.064571299 0.27675
0.1321809 -0.06474629 0.2775
0.1344872 -0.06468796 0.27725002
0.13580145 -0.064162992 0.27500001
0 -0 0
0 -0 0
0 -0 0
0 -0 0
0 -0 0
0 -0 0
0 -0 0
0 -0 0
0 -0 0
0 -0 0
0 -0 0
0 -0 0
0 -0 0
0 -0 0
0 -0 0
0 -0 0
0 -0 0
0 -0 0
0 -0 0
0 -0 0
0 -0 0
0 -0 0
-0 -0 0
-0 -0 0
-0 -0 0
-0 -0 0
-0 -0 0
-0 -0 0
-0 -0 0
-0 -0 0
-0 -0 0
-0 -0 0
-0 -0 0
-0 -0 0
-0 -0 0
-0 -0 0
-0 -0 0
-0 -0 0
-0 -0 0
-0 -0 0
-0 -0 0
-0 -0 0
-0 -0 0
-0 -0 0
-0 -0 0
-0 -0 0
-0 -0 0
-0 -0 0
-0 -0 0
-0 -0 0
-0 -0 0
-0 -0 0
-0.33143428 -0.16832177 0.74950004
-0.32617807 -0.16899551 0.75250006
-0.3216126 -0.17006226 0.75725001
-0 -0 0
-0 -0 0
-0 -0 0
-0 -0 0
-0 -0 0
-0 -0 0
-0 -0 0
-0 -0 0
-0 -0 0
-0.26599157 -0.1771365 0.78875005
-0.25917372 -0.17719263 0.78900003
-0 -0 0
-0 -0 0
-0 -0 0
-0.23662792 -0.18106662 0.80625004
-0.2295749 -0.18106662 0.80625004
-0.22259088 -0.18112275 0.80650002
-0 -0 0
-0 -0 0
-0 -0 0
-0 -0 0
-0 -0 0
-0 -0 0
-0 -0 0
-0 -0 0
-0 -0 0
-0 -0 0
-0 -0 0
-0 -0 0
-0 -0 0
-0 -0 0
-0 -0 0
-0 -0 0
-0 -0 0
-0 -0 0
-0 -0 0
-0 -0 0
-0 -0 0
-0 -0 0
-0.019072285 -0.057267584 0.25500003
-0.016808532 -0.057155289 0.2545
-0.014582179 -0.057155289 0.2545
-0.012380102 -0.057267584 0.25500003
-0.010149375 -0.057267584 0.25500003
-0.007895356 -0.057099149 0.25425002
-0.0056544608 -0.056930713 0.25350001
-0.0034368553 -0.056930713 0.25350001
-0.0012204522 -0.056986861 0.25375003
0.00099638652 -0.056818426 0.25300002
0.0032001033 -0.05664999 0.25225002
0.0053960569 -0.056537703 0.25175002
0.007590807 -0.056481555 0.25150001
0.0098006492 -0.056537703 0.25175002
0.011991026 -0.056481555 0.25150001
0.014177029 -0.056425408 0.25125
0.016358659 -0.056369267 0.25100002
0.018535912 -0.05631312 0.25075001
0.020667458 -0.056144685 0.25
0.022785883 -0.055976253 0.24925001
0.024941269 -0.055920109 0.24900001
0.027146736 -0.055976253 0.24925001
0.029297749 -0.055920109 0.24900001
0.031444386 -0.055863965 0.24875002
0.033552855 -0.055751674 0.24825001
0.035724536 -0.055751674 0.24825001
0.037819888 -0.055639386 0.24775001
0.039906491 -0.055527095 0.24725001
0.041984349 -0.055414807 0.24675001
0.044142906 -0.055414807 0.24675001
0.046348374 -0.055470951 0.24700001
0.048410922 -0.055358663 0.24650002
0.05046472 -0.055246372 0.24600001
0.052456301 -0.05507794 0.24525002
0.054657392 -0.055134084 0.24550001
0.056805015 -0.055134084 0.24550001
0.058892604 -0.05507794 0.24525002
0.060975816 -0.055021793 0.245
0.062990248 -0.054909505 0.24450001
0.064995937 -0.054797217 0.24400002
0.066992871 -0.054684926 0.24350001
0.069052026 -0.054628782 0.24325001
0.071106814 -0.054572638 0.24300002
0.073157221 -0.054516494 0.24275002
0.075048201 -0.054348059 0.24200001
0.076926053 -0.054179624 0.24125001
0.079200312 -0.054291915 0.24175002
0.083249196 -0.055583242 0.24750002
0.087484963 -0.056930713 0.25350001
0.091294922 -0.057941318 0.25800002
0.095002316 -0.058839634 0.26200002
0.098408327 -0.059513368 0.26500002
0.10215192 -0.06035554 0.26875001
0.1050862 -0.060692407 0.27025002
0.10864312 -0.061366145 0.27325001
0.11194776 -0.061871443 0.2755
0.11456538 -0.061983738 0.27600002
0.11803941 -0.06254518 0.27850002
0.12090831 -0.062769756 0.27950001
0.12390502 -0.063050479 0.28075001
0.1268111 -0.063275062 0.28175002
0.12916112 -0.063218914 0.28150001
0.13174057 -0.063275062 0.28175002
0.13432437 -0.063331202 0.28200001
0.13606369 -0.062994339 0.28050002
0.13728294 -0.062432896 0.27800003
0 -0 0
0 -0 0
0 -0 0
0 -0 0
0 -0 0
0 -0 0
0 -0 0
0 -0 0
0 -0 0
0 -0 0
0 -0 0
0 -0 0
0 -0 0
0 -0 0
0 -0 0
0 -0 0
0 -0 0
0 -0 0
0 -0 0
0 -0 0
0 -0 0
0 -0 0
-0 -0 0
-0 -0 0
-0 -0 0
-0 -0 0
-0 -0 0
-0 -0 0
-0 -0 0
-0 -0 0
-0 -0 0
-0 -0 0
-0 -0 0
-0 -0 0
-0 -0 0
-0 -0 0
-0 -0 0
-0 -0 0
-0 -0 0
-0 -0 0
-0 -0 0
-0 -0 0
-0 -0 0
-0 -0 0
-0 -0 0
-0 -0 0
-0 -0 0
-0 -0 0
-0 -0 0
-0 -0 0
-0 -0 0
-0.33844182 -0.16198605 0.75050002
-0.33176595 -0.1619321 0.75025004
-0.32715333 -0.16290337 0.75475001
-0.32278058 -0.16403651 0.76000005
-0.31893986 -0.16549341 0.76675004
-0.31508288 -0.16700427 0.77375001
-0 -0 0
-0 -0 0
-0 -0 0
-0 -0 0
-0 -0 0
-0 -0 0
-0 -0 0
-0.26599157 -0.17024185 0.78875005
-0.25909162 -0.17024185 0.78875005
-0 -0 0
-0 -0 0
-0.2438321 -0.17412692 0.80675006
-0.23684804 -0.17418088 0.80700004
-0.23000202 -0.17434275 0.80775005
-0.22293587 -0.17434275 0.80775005
-0 -0 0
-0 -0 0
-0 -0 0
-0 -0 0
-0 -0 0
-0 -0 0
-0 -0 0
-0 -0 0
-0 -0 0
-0 -0 0
-0 -0 0
-0 -0 0
-0 -0 0
-0 -0 0
-0 -0 0
-0 -0 0
-0 -0 0
-0 -0 0
-0 -0 0
-0 -0 0
-0 -0 0
-0 -0 0
-0.01899749 -0.054822728 0.25400001
-0.016759001 -0.054768775 0.25375003
-0.01455353 -0.054822728 0.25400001
-0.012355826 -0.054930646 0.2545
-0.010119523 -0.054876693 0.25425002
-0.007864302 -0.054660849 0.25325
-0.0056433082 -0.054606896 0.25300002
-0.0034300766 -0.054606896 0.25300002
-0.001216845 -0.054606896 0.25300002
0.00099441723 -0.054498971 0.2525
0.0031937601 -0.054337099 0.25175002
0.0053853393 -0.054229174 0.25125
0.0075681703 -0.054121256 0.25075001
0.0097519867 -0.054067302 0.25050002
0.011955268 -0.054121256 0.25075001
0.014134711 -0.054067302 0.25050002
0.016309777 -0.054013338 0.25025001
0.01848047 -0.053959377 0.25
0.020605456 -0.053797502 0.24925001
0.022740174 -0.053689584 0.24875002
0.024891185 -0.053635623 0.2485
0.02706505 -0.053635623 0.2485
0.029180085 -0.053527705 0.24800001
0.031286374 -0.053419787 0.24750002
0.03338391 -0.053311866 0.24700001
0.035580631 -0.053365827 0.24725001
0.037743561 -0.053365827 0.24725001
0.039825793 -0.053257909 0.24675001
0.041856736 -0.05309603 0.24600001
0.043919284 -0.052988112 0.24550001
0.046113815 -0.053042069 0.24575001
0.048214529 -0.052988112 0.24550001
0.050362151 -0.052988112 0.24550001
0.052349355 -0.052826233 0.24475001
0.054434754 -0.052772272 0.24450001
0.056573629 -0.052772272 0.24450001
0.058652472 -0.052718315 0.24425001
0.060664717 -0.052610394 0.24375001
0.062732622 -0.052556437 0.24350001
0.064729556 -0.052448519 0.24300002
0.066717751 -0.052340597 0.24250001
0.068839125 -0.052340597 0.24250001
0.0708142 -0.052232679 0.24200001
0.072780512 -0.052124761 0.24150001
0.074815616 -0.0520708 0.24125001
0.077005766 -0.052124761 0.24150001
0.080674566 -0.053149991 0.24625002
0.085267358 -0.05471481 0.25350001
0.08921051 -0.055793997 0.25850001
0.093152672 -0.05681923 0.26325002
0.097177938 -0.057844453 0.26800001
0.10082212 -0.058599889 0.27150002
0.10424246 -0.059193436 0.27425
0.1075165 -0.059679076 0.27650002
0.11073051 -0.060110752 0.27850002
0.1139795 -0.060542427 0.28050002
0.11674461 -0.060704298 0.28125
0.11941689 -0.060812224 0.28175002
0.12220606 -0.060974095 0.2825
0.12500836 -0.061135974 0.28325
0.12737371 -0.06108202 0.28300002
0.12961994 -0.060974095 0.2825
0.13220814 -0.06102806 0.28275001
0.13468163 -0.06102806 0.28275001
0.13691258 -0.060920142 0.28225002
0 -0 0
0 -0 0
0 -0 0
0 -0 0
0 -0 0
0 -0 0
0 -0 0
0 -0 0
0 -0 0
0 -0 0
0 -0 0
0 -0 0
0 -0 0
0 -0 0
0 -0 0
0 -0 0
0 -0 0
0 -0 0
0 -0 0
0 -0 0
0 -0 0
0 -0 0
0 -0 0
-0 -0 0
-0 -0 0
-0 -0 0
-0 -0 0
-0 -0 0
-0 -0 0
-0 -0 0
-0 -0 0
-0 -0 0
-0 -0 0
-0 -0 0
-0 -0 0
-0 -0 0
-0 -0 0
-0 -0 0
-0 -0 0
-0 -0 0
-0 -0 0
-0 -0 0
-0 -0 0
-0 -0 0
-0 -0 0
-0 -0 0
-0 -0 0
-0 -0 0
-0 -0 0
-0 -0 0
-0 -0 0
-0 -0 0
-0.33832908 -0.15537399 0.75025004
-0.33198705 -0.15547754 0.75075006
-0.3275868 -0.15651302 0.75575006
-0.32224968 -0.15713431 0.75875002
-0.31956381 -0.15910172 0.76825005
-0.31416667 -0.1597748 0.77150005
-0 -0 0
-0 -0 0
-0 -0 0
-0 -0 0
-0 -0 0
-0 -0 0
-0 -0 0
-0.26616016 -0.16345075 0.78925002
-0.25933796 -0.16350253 0.78950006
-0 -0 0
-0 -0 0
-0 -0 0
-0.2369948 -0.16723026 0.80750006
-0.23050033 -0.16764444 0.80950004
-0.22397086 -0.16805863 0.81150001
-0 -0 0
-0 -0 0
-0 -0 0
-0 -0 0
-0 -0 0
-0 -0 0
-0 -0 0
-0 -0 0
-0 -0 0
-0 -0 0
-0 -0 0
-0 -0 0
-0 -0 0
-0 -0 0
-0 -0 0
-0 -0 0
-0 -0 0
-0 -0 0
-0 -0 0
-0 -0 0
-0 -0 0
-0 -0 0
-0 -0 0
-0.016759001 -0.052550685 0.25375003
-0.014539206 -0.052550685 0.25375003
-0.012319415 -0.052550685 0.25375003
-0.010089671 -0.052498911 0.25350001
-0.0078410124 -0.052291811 0.2525
-0.0056265788 -0.05224004 0.25225002
-0.0034199082 -0.05224004 0.25225002
-0.0012132378 -0.05224004 0.25225002
0.00099047902 -0.052084718 0.25150001
0.0031842454 -0.05198117 0.25100002
0.0053692642 -0.051877622 0.25050002
0.0075379885 -0.051722299 0.24975002
0.0097033242 -0.051618751 0.24925001
0.01189567 -0.051670521 0.24950001
0.014078284 -0.051670521 0.24950001
0.016244603 -0.051618751 0.24925001
0.01838807 -0.051515203 0.24875002
0.020522786 -0.051411651 0.24825001
0.022717319 -0.051463425 0.2485
0.024841102 -0.051359881 0.24800001
0.026956139 -0.051256333 0.24750002
0.029062424 -0.051152784 0.24700001
0.031191565 -0.05110101 0.24675001
0.033316333 -0.051049236 0.24650002
0.035436727 -0.050997462 0.24625002
0.03759091 -0.050997462 0.24625002
0.039624039 -0.05084214 0.24550001
0.041686587 -0.050738588 0.245
0.04378511 -0.050686818 0.24475001
0.045832351 -0.050583269 0.24425001
0.048018135 -0.050635044 0.24450001
0.050157007 -0.050635044 0.24450001
0.052242409 -0.050583269 0.24425001
0.054212119 -0.050427947 0.24350001
0.056342244 -0.050427947 0.24350001
0.05841234 -0.050376173 0.24325001
0.060478058 -0.050324399 0.24300002
0.062474992 -0.050220851 0.24250001
0.064463183 -0.050117303 0.24200001
0.066511407 -0.050065529 0.24175002
0.068555251 -0.050013751 0.24150001
0.070594728 -0.04996198 0.24125001
0.072629824 -0.049910206 0.24100001
0.074738085 -0.049910206 0.24100001
0.078918964 -0.051256333 0.24750002
0.082967848 -0.052447133 0.25325
0.087033249 -0.053586166 0.25875002
0.091539994 -0.054932293 0.26525003
0.095629662 -0.055967774 0.27025002
0.099444211 -0.056796156 0.27425
0.10286456 -0.057365671 0.27700001
0.10595291 -0.057728089 0.27875
0.10936352 -0.05824583 0.28125
0.11242028 -0.058556475 0.28275001
0.11509693 -0.058660023 0.28325
0.11788611 -0.058815345 0.28400001
0.12026457 -0.058763575 0.28375003
0.12263866 -0.058711797 0.28350002
0.12522903 -0.058763575 0.28375003
0.12771127 -0.058763575 0.28375003
0.12984937 -0.058608253 0.28300002
0.13209124 -0.058504697 0.2825
0.13444346 -0.058452927 0.28225002
0.13667004 -0.058349382 0.28175002
0 -0 0
0 -0 0
0 -0 0
0 -0 0
0 -0 0
0 -0 0
0 -0 0
0 -0 0
0 -0 0
0 -0 0
0 -0 0
0 -0 0
0 -0 0
0 -0 0
0 -0 0
0 -0 0
0 -0 0
0 -0 0
0 -0 0
0 -0 0
0 -0 0
0 -0 0
0 -0 0
-0 -0 0
-0 -0 0
-0 -0 0
-0 -0 0
-0 -0 0
-0 -0 0
-0 -0 0
-0 -0 0
-0 -0 0
-0 -0 0
-0 -0 0
-0 -0 0
-0 -0 0
-0 -0 0
-0 -0 0
-0 -0 0
-0 -0 0
-0 -0 0
-0 -0 0
-0 -0 0
-0 -0 0
-0 -0 0
-0 -0 0
-0 -0 0
-0 -0 0
-0 -0 0
-0 -0 0
-0 -0 0
-0 -0 0
-0 -0 0
-0.33231869 -0.14906383 0.75150001
-0.32823697 -0.15020436 0.75725001
-0.32299292 -0.15084901 0.76050001
-0 -0 0
-0 -0 0
-0 -0 0
-0 -0 0
-0 -0 0
-0 -0 0
-0 -0 0
-0 -0 0
-0 -0 0
-0.26717186 -0.1571468 0.79225004
-0 -0 0
-0 -0 0
-0 -0 0
-0.24375653 -0.15997335 0.80650002
-0.23714153 -0.16027088 0.80800003
-0.23078506 -0.16076677 0.81050003
-0.22403987 -0.16101472 0.81175005
-0 -0 0
-0 -0 0
-0 -0 0
-0 -0 0
-0 -0 0
-0 -0 0
-0 -0 0
-0 -0 0
-0 -0 0
-0 -0 0
-0 -0 0
-0 -0 0
-0 -0 0
-0 -0 0
-0 -0 0
-0 -0 0
-0 -0 0
-0 -0 0
-0 -0 0
-0 -0 0
-0 -0 0
-0 -0 0
-0.018941395 -0.050233416 0.25325
-0.016742488 -0.050283007 0.25350001
-0.014496233 -0.050183833 0.25300002
-0.012258727 -0.050084651 0.2525
-0.010049869 -0.050084651 0.2525
-0.0078254854 -0.049985472 0.252
-0.0056098495 -0.049886297 0.25150001
-0.00340974 -0.049886297 0.25150001
-0.0012096304 -0.049886297 0.25150001
0.00098752521 -0.049737528 0.25075001
0.0031747306 -0.049638353 0.25025001
0.0053478298 -0.049489588 0.24950001
0.0075153518 -0.049390409 0.24900001
0.0096838595 -0.049340822 0.24875002
0.011859911 -0.049340822 0.24875002
0.014021858 -0.049291231 0.2485
0.016163135 -0.049192056 0.24800001
0.018314147 -0.049142465 0.24775001
0.020460784 -0.049092878 0.24750002
0.022625903 -0.049092878 0.24750002
0.024765978 -0.049043287 0.24725001
0.026874453 -0.048944112 0.24675001
0.028974179 -0.048844934 0.24625002
0.03112836 -0.048844934 0.24625002
0.033214964 -0.048745755 0.24575001
0.035292819 -0.04864658 0.24525002
0.037476417 -0.048696168 0.24550001
0.03958369 -0.04864658 0.24525002
0.041686587 -0.048596989 0.245
0.04365094 -0.048398636 0.24400002
0.045644704 -0.048249867 0.24325001
0.047870837 -0.048349045 0.24375001
0.050054438 -0.048398636 0.24400002
0.052135464 -0.048349045 0.24375001
0.0541008 -0.048200279 0.24300002
0.056168709 -0.048150692 0.24275002
0.058232237 -0.048101101 0.24250001
0.060353614 -0.048101101 0.24250001
0.062346179 -0.048001923 0.24200001
0.064329989 -0.047902744 0.24150001
0.066442624 -0.047902744 0.24150001
0.068555251 -0.047902744 0.24150001
0.070594728 -0.047853157 0.24125001
0.072629824 -0.04780357 0.24100001
0.075978555 -0.048596989 0.245
0.080991574 -0.050382186 0.25400001
0.084933527 -0.05142355 0.25925002
0.089555949 -0.052812036 0.26625001
0.093438089 -0.053704634 0.27075002
0.097664334 -0.054745998 0.27600002
0.10152919 -0.055539414 0.28
0.10425712 -0.05568818 0.28075001
0.10756835 -0.056134485 0.28300002
0.11033565 -0.05628325 0.28375003
0.11301668 -0.056382425 0.28425002
0.11550328 -0.056382425 0.28425002
0.11798989 -0.056382425 0.28425002
0.12005264 -0.056184068 0.28325
0.12231421 -0.056084894 0.28275001
0.12500836 -0.056184068 0.28325
0.12737371 -0.056134485 0.28300002
0.12973467 -0.056084894 0.28275001
0.13209124 -0.056035303 0.2825
0.13408622 -0.055836949 0.28150001
0.13606369 -0.055638596 0.28050002
0.13777675 -0.055341061 0.27900001
0 -0 0
0 -0 0
0 -0 0
0 -0 0
0 -0 0
0 -0 0
0 -0 0
0 -0 0
0 -0 0
0 -0 0
0 -0 0
0 -0 0
0 -0 0
0 -0 0
0 -0 0
0 -0 0
0 -0 0
0 -0 0
0 -0 0
0 -0 0
0 -0 0
0 -0 0
-0 -0 0
-0 -0 0
-0 -0 0
-0 -0 0
-0 -0 0
-0 -0 0
-0 -0 0
-0 -0 0
-0 -0 0
-0 -0 0
-0 -0 0
-0 -0 0
-0 -0 0
-0 -0 0
-0 -0 0
-0 -0 0
-0 -0 0
-0 -0 0
-0 -0 0
-0 -0 0
-0 -0 0
-0 -0 0
-0 -0 0
-0 -0 0
-0 -0 0
-0 -0 0
-0 -0 0
-0 -0 0
-0 -0 0
-0 -0 0
-0 -0 0
-0.32953736 -0.14415391 0.76025003
-0.32564738 -0.1453864 0.76675004
-0.31925184 -0.14552861 0.76750004
-0 -0 0
-0 -0 0
-0 -0 0
-0 -0 0
-0 -0 0
-0 -0 0
-0 -0 0
-0 -0 0
-0.2675091 -0.15041117 0.79325002
-0 -0 0
-0 -0 0
-0 -0 0
-0.24398321 -0.15306576 0.80725002
-0.23758177 -0.15349239 0.80950004
-0.23099862 -0.15382421 0.81125003
-0.22403987 -0.15391903 0.81175005
-0 -0 0
-0 -0 0
-0 -0 0
-0 -0 0
-0 -0 0
-0 -0 0
-0 -0 0
-0.17469861 -0.16079253 0.84800005
-0 -0 0
-0 -0 0
-0 -0 0
-0 -0 0
-0 -0 0
-0 -0 0
-0 -0 0
-0 -0 0
-0 -0 0
-0 -0 0
-0 -0 0
-0 -0 0
-0 -0 0
-0 -0 0
-0.018922698 -0.047972299 0.25300002
-0.016676441 -0.047877491 0.2525
-0.014410287 -0.047687877 0.25150001
-0.01219804 -0.047640473 0.25125
-0.010010068 -0.047687877 0.25150001
-0.0077944323 -0.047593072 0.25100002
-0.0055875443 -0.047498267 0.25050002
-0.0033995716 -0.047545668 0.25075001
-0.0012048208 -0.047498267 0.25050002
0.000983587 -0.047356054 0.24975002
0.0031620443 -0.047261246 0.24925001
0.0053371126 -0.047213845 0.24900001
0.0075002606 -0.047119036 0.2485
0.009664394 -0.047071632 0.24825001
0.011824153 -0.047024228 0.24800001
0.013979538 -0.046976827 0.24775001
0.016114255 -0.046882018 0.24725001
0.018240225 -0.046787214 0.24675001
0.020398783 -0.046787214 0.24675001
0.022580193 -0.046834614 0.24700001
0.024740936 -0.046834614 0.24700001
0.026874453 -0.046787214 0.24675001
0.028944762 -0.046645001 0.24600001
0.03100195 -0.046502791 0.24525002
0.033113595 -0.046455387 0.245
0.035220865 -0.046407983 0.24475001
0.037400089 -0.046455387 0.245
0.03958369 -0.046502791 0.24525002
0.041686587 -0.046455387 0.245
0.04365094 -0.046265773 0.24400002
0.045691613 -0.046170965 0.24350001
0.04791994 -0.046265773 0.24400002
0.050054438 -0.046265773 0.24400002
0.052135464 -0.046218369 0.24375001
0.054212119 -0.046170965 0.24350001
0.056226552 -0.04607616 0.24300002
0.058292273 -0.046028759 0.24275002
0.060478058 -0.04607616 0.24300002
0.062603809 -0.04607616 0.24300002
0.064662963 -0.046028759 0.24275002
0.066786535 -0.046028759 0.24275002
0.068839125 -0.045981351 0.24250001
0.0708142 -0.045886546 0.24200001
0.073533937 -0.046265773 0.24400002
0.078381956 -0.047924895 0.25275001
0.082984477 -0.049346998 0.26025
0.087063007 -0.050389875 0.26575002
0.091574118 -0.051622368 0.27225003
0.095767565 -0.052617837 0.2775
0.099522077 -0.053328887 0.28125
0.10243569 -0.053565904 0.2825
0.10527834 -0.053755522 0.28350002
0.10794844 -0.053850327 0.28400001
0.11043286 -0.053850327 0.28400001
0.11291727 -0.053850327 0.28400001
0.11530011 -0.053802926 0.28375003
0.11767857 -0.053755522 0.28350002
0.11984073 -0.053613309 0.28275001
0.12209792 -0.053518504 0.28225002
0.12445669 -0.0534711 0.28200001
0.12692362 -0.0534711 0.28200001
0.12939054 -0.0534711 0.28200001
0.13209124 -0.053565904 0.2825
0.1342053 -0.053423699 0.28175002
0.13618496 -0.053234082 0.28075001
0 -0 0
0 -0 0
0 -0 0
0 -0 0
0 -0 0
0 -0 0
0 -0 0
0 -0 0
0 -0 0
0 -0 0
0 -0 0
0 -0 0
0 -0 0
0 -0 0
0 -0 0
0 -0 0
0 -0 0
0 -0 0
0 -0 0
0 -0 0
0 -0 0
0 -0 0
0 -0 0
-0 -0 0
-0 -0 0
-0 -0 0
-0 -0 0
-0 -0 0
-0 -0 0
-0 -0 0
-0 -0 0
-0 -0 0
-0 -0 0
-0 -0 0
-0 -0 0
-0 -0 0
-0 -0 0
-0 -0 0
-0 -0 0
-0 -0 0
-0 -0 0
-0 -0 0
-0 -0 0
-0 -0 0
-0 -0 0
-0 -0 0
-0 -0 0
-0 -0 0
-0 -0 0
-0 -0 0
-0 -0 0
-0 -0 0
-0 -0 0
-0 -0 0
-0 -0 0
-0 -0 0
-0 -0 0
-0 -0 0
-0 -0 0
-0 -0 0
-0 -0 0
-0 -0 0
-0 -0 0
-0 -0 0
-0 -0 0
-0 -0 0
-0 -0 0
-0 -0 0
-0 -0 0
-0.24451213 -0.14632593 0.80900002
-0.23824213 -0.14682333 0.81175005
-0.23149692 -0.14704941 0.81300002
-0.22445387 -0.14709465 0.81325006
-0 -0 0
-0 -0 0
-0 -0 0
-0 -0 0
-0 -0 0
-0 -0 0
-0.1819558 -0.15324432 0.84725004
-0.1744926 -0.15319909 0.84700006
-0 -0 0
-0 -0 0
-0 -0 0
-0 -0 0
-0 -0 0
-0 -0 0
-0 -0 0
-0 -0 0
-0 -0 0
-0 -0 0
-0 -0 0
-0 -0 0
-0 -0 0
-0 -0 0
-0.018866602 -0.045625113 0.25225002
-0.016593885 -0.045444239 0.25125
-0.01435299 -0.045308586 0.25050002
-0.012161629 -0.045308586 0.25050002
-0.0099702673 -0.045308586 0.25050002
-0.0077633783 -0.045218147 0.25
-0.0055708149 -0.045172933 0.24975002
-0.0033894035 -0.045218147 0.25
-0.0012036184 -0.045263369 0.25025001
0.000983587 -0.045172933 0.24975002
0.0031620443 -0.045082495 0.24925001
0.0053317542 -0.044992059 0.24875002
0.0074851695 -0.044856403 0.24800001
0.0096449293 -0.044811185 0.24775001
0.011800314 -0.044765968 0.24750002
0.013965433 -0.044765968 0.24750002
0.016179429 -0.044901621 0.24825001
0.018277185 -0.04472075 0.24725001
0.020398783 -0.044630315 0.24675001
0.022603048 -0.04472075 0.24725001
0.024791021 -0.044765968 0.24750002
0.026956139 -0.044765968 0.24750002
0.029033009 -0.044630315 0.24675001
0.031191565 -0.044630315 0.24675001
0.03338391 -0.044675533 0.24700001
0.035544652 -0.044675533 0.24700001
0.03785805 -0.044856403 0.24800001
0.040148593 -0.044992059 0.24875002
0.042452257 -0.045127712 0.24950001
0.044366527 -0.044856403 0.24800001
0.04658293 -0.044901621 0.24825001
0.048951 -0.045082495 0.24925001
0.050977573 -0.044946838 0.2485
0.053365327 -0.045127712 0.24950001
0.055547941 -0.045127712 0.24950001
0.057499167 -0.044946838 0.2485
0.059853133 -0.045082495 0.24925001
0.06197134 -0.045037277 0.24900001
0.063891955 -0.044856403 0.24800001
0.065994844 -0.044811185 0.24775001
0.068299718 -0.044901621 0.24825001
0.070329458 -0.044811185 0.24775001
0.072569922 -0.044856403 0.24800001
0.075944878 -0.045579892 0.252
0.080320179 -0.046846002 0.259
0.0855354 -0.048519075 0.26825002
0.089683905 -0.049513873 0.27375001
0.094096817 -0.050599109 0.27975002
0.097234279 -0.050960857 0.28175002
0.10022979 -0.051232163 0.28325
0.10279831 -0.05127738 0.28350002
0.10537118 -0.051322602 0.28375003
0.1077584 -0.05127738 0.28350002
0.11023843 -0.05127738 0.28350002
0.11251969 -0.051186945 0.28300002
0.11479217 -0.051096506 0.2825
0.1171597 -0.051051293 0.28225002
0.11941689 -0.050960857 0.28175002
0.12188163 -0.050960857 0.28175002
0.12434636 -0.050960857 0.28175002
0.12669858 -0.050915636 0.28150001
0.12939054 -0.051006071 0.28200001
0.13326021 -0.051548693 0.28500003
0.13622969 -0.051729564 0.28600001
0 -0 0
0 -0 0
0 -0 0
0 -0 0
0 -0 0
0 -0 0
0 -0 0
0 -0 0
0 -0 0
0 -0 0
0 -0 0
0 -0 0
0 -0 0
0 -0 0
0 -0 0
0 -0 0
0 -0 0
0 -0 0
0 -0 0
0 -0 0
0 -0 0
0 -0 0
0 -0 0
0 -0 0
-0 -0 0
-0 -0 0
-0 -0 0
-0 -0 0
-0 -0 0
-0 -0 0
-0 -0 0
-0 -0 0
-0 -0 0
-0 -0 0
-0 -0 0
-0 -0 0
-0 -0 0
-0 -0 0
-0 -0 0
-0 -0 0
-0 -0 0
-0 -0 0
-0 -0 0
-0 -0 0
-0 -0 0
-0 -0 0
-0 -0 0
-0 -0 0
-0 -0 0
-0 -0 0
-0 -0 0
-0 -0 0
-0 -0 0
-0 -0 0
-0 -0 0
-0 -0 0
-0 -0 0
-0 -0 0
-0 -0 0
-0 -0 0
-0 -0 0
-0 -0 0
-0 -0 0
-0 -0 0
-0 -0 0
-0 -0 0
-0 -0 0
-0 -0 0
-0 -0 0
-0 -0 0
-0.24466325 -0.13934034 0.80950004
-0.23838888 -0.13981371 0.81225002
-0.23156813 -0.13998584 0.81325006
-0.22452286 -0.14002886 0.81350005
-0 -0 0
-0 -0 0
-0 -0 0
-0 -0 0
-0 -0 0
-0 -0 0
-0.18265377 -0.14639772 0.85050005
-0.17500763 -0.1462256 0.84950006
-0 -0 0
-0 -0 0
-0 -0 0
-0 -0 0
-0 -0 0
-0 -0 0
-0 -0 0
-0 -0 0
-0 -0 0
-0 -0 0
-0 -0 0
-0 -0 0
-0 -0 0
-0 -0 0
-0.0188853 -0.043463167 0.2525
-0.016593885 -0.043248005 0.25125
-0.014381639 -0.043204974 0.25100002
-0.012173765 -0.04316194 0.25075001
-0.0099901678 -0.043204974 0.25100002
-0.0078099589 -0.04329104 0.25150001
-0.0056098495 -0.04329104 0.25150001
-0.00340974 -0.04329104 0.25150001
-0.0012096304 -0.04329104 0.25150001
0.00099047902 -0.04329104 0.25150001
0.0031810738 -0.04316194 0.25075001
0.0053692642 -0.043118909 0.25050002
0.007583261 -0.043248005 0.25125
0.0097909169 -0.04329104 0.25150001
0.012038704 -0.043463167 0.2525
0.014275775 -0.043549236 0.25300002
0.016440125 -0.04342014 0.25225002
0.018572873 -0.043248005 0.25125
0.020832798 -0.043377105 0.252
0.023151554 -0.043592267 0.25325
0.025266808 -0.04342014 0.25225002
0.02763685 -0.043678336 0.25375003
0.029827226 -0.043635301 0.25350001
0.031981625 -0.043549236 0.25300002
0.034161065 -0.043506201 0.25275001
0.036551993 -0.043721367 0.25400001
0.038773973 -0.043721367 0.25400001
0.040915251 -0.043635301 0.25350001
0.043345544 -0.043850467 0.25475001
0.045350462 -0.043635301 0.25350001
0.04761498 -0.043678336 0.25375003
0.049883869 -0.043721367 0.25400001
0.052105848 -0.043721367 0.25400001
0.053953525 -0.04342014 0.25225002
0.056327172 -0.043549236 0.25300002
0.058656096 -0.043635301 0.25350001
0.060753636 -0.043549236 0.25300002
0.062904641 -0.043506201 0.25275001
0.064858064 -0.043334074 0.25175002
0.067060359 -0.043334074 0.25175002
0.069400214 -0.04342014 0.25225002
0.071393982 -0.04329104 0.25150001
0.073667251 -0.043334074 0.25175002
0.077753097 -0.044409893 0.25800002
0.083033711 -0.046088174 0.26775002
0.087448582 -0.047207024 0.27425
0.091649584 -0.048153751 0.27975002
0.095189989 -0.048713177 0.28300002
0.097924501 -0.048842277 0.28375003
0.10049518 -0.048885308 0.28400001
0.10288896 -0.048842277 0.28375003
0.10537118 -0.048842277 0.28375003
0.10766336 -0.048756208 0.28325
0.10994679 -0.048670143 0.28275001
0.11222149 -0.048584078 0.28225002
0.11469059 -0.048584078 0.28225002
0.11695216 -0.048498016 0.28175002
0.11920496 -0.048411943 0.28125
0.12166533 -0.048411943 0.28125
0.12434636 -0.048498016 0.28175002
0.12714866 -0.048627108 0.2825
0.13134058 -0.049272604 0.28625003
0.13559811 -0.049918097 0.29000002
0.138135 -0.049918097 0.29000002
0 -0 0
0 -0 0
0 -0 0
0 -0 0
0 -0 0
0 -0 0
0 -0 0
0 -0 0
0 -0 0
0 -0 0
0 -0 0
0 -0 0
0 -0 0
0 -0 0
0 -0 0
0 -0 0
0 -0 0
0 -0 0
0 -0 0
0 -0 0
0 -0 0
0 -0 0
0 -0 0
0 -0 0
-0 -0 0
-0 -0 0
-0 -0 0
-0 -0 0
-0 -0 0
-0 -0 0
-0 -0 0
-0 -0 0
-0 -0 0
-0 -0 0
-0 -0 0
-0 -0 0
-0 -0 0
-0 -0 0
-0 -0 0
-0 -0 0
-0 -0 0
-0 -0 0
-0 -0 0
-0 -0 0
-0 -0 0
-0 -0 0
-0 -0 0
-0 -0 0
-0 -0 0
-0 -0 0
-0 -0 0
-0 -0 0
-0 -0 0
-0 -0 0
-0 -0 0
-0 -0 0
-0 -0 0
-0 -0 0
-0 -0 0
-0 -0 0
-0 -0 0
-0 -0 0
-0 -0 0
-0 -0 0
-0 -0 0
-0 -0 0
-0 -0 0
-0 -0 0
-0 -0 0
-0 -0 0
-0.24436101 -0.13210092 0.80850005
-0.23780189 -0.13238686 0.81025004
-0.23149692 -0.13283618 0.81300002
-0.22445387 -0.13287704 0.81325006
-0 -0 0
-0 -0 0
-0 -0 0
-0 -0 0
-0 -0 0
-0 -0 0
-0 -0 0
-0 -0 0
-0 -0 0
-0 -0 0
-0 -0 0
-0 -0 0
-0 -0 0
-0 -0 0
-0 -0 0
-0 -0 0
-0 -0 0
-0 -0 0
-0 -0 0
-0 -0 0
-0 -0 0
-0 -0 0
-0 -0 0
-0.016891088 -0.041787025 0.25575
-0.014696773 -0.041909568 0.25650001
-0.012489337 -0.042032111 0.25725001
-0.010228976 -0.041991264 0.257
-0.0079574632 -0.041868724 0.25625002
-0.0057213772 -0.041909568 0.25650001
-0.003491086 -0.042072963 0.25750002
-0.001237286 -0.042032111 0.25725001
0.0010121395 -0.041991264 0.257
0.0032571913 -0.04195042 0.25675002
0.0055139447 -0.042032111 0.25725001
0.0077719004 -0.042072963 0.25750002
0.010024497 -0.042072963 0.25750002
0.012241337 -0.04195042 0.25675002
0.014543798 -0.042113807 0.25775
0.016733408 -0.04195042 0.25675002
0.019034887 -0.042072963 0.25750002
0.02122548 -0.04195042 0.25675002
0.023540081 -0.042072963 0.25750002
0.025767636 -0.042032111 0.25725001
0.028181417 -0.042277198 0.25875002
0.03044495 -0.042277198 0.25875002
0.032708481 -0.042277198 0.25875002
0.034972012 -0.042277198 0.25875002
0.037235543 -0.042277198 0.25875002
0.039422747 -0.042195499 0.25825
0.041601207 -0.042113807 0.25775
0.043813456 -0.042072963 0.25750002
0.046110775 -0.042113807 0.25775
0.048553206 -0.042277198 0.25875002
0.050964035 -0.042399742 0.25950003
0.052926414 -0.042154655 0.25800002
0.055183385 -0.042154655 0.25800002
0.057440355 -0.042154655 0.25800002
0.059581637 -0.042072963 0.25750002
0.061714161 -0.041991264 0.257
0.064086832 -0.042072963 0.25750002
0.066017397 -0.041868724 0.25625002
0.068192452 -0.041827876 0.25600001
0.070363149 -0.041787025 0.25575
0.072529472 -0.041746181 0.25550002
0.075422965 -0.042113807 0.25775
0.080088705 -0.043420929 0.26575002
0.084816881 -0.044687204 0.27350003
0.089122623 -0.045667544 0.27950001
0.092714325 -0.04623941 0.28300002
0.095442265 -0.046361953 0.28375003
0.097924501 -0.046361953 0.28375003
0.10040673 -0.046361953 0.28375003
0.10270765 -0.046280254 0.28325
0.1051855 -0.046280254 0.28325
0.10737829 -0.04615771 0.2825
0.10955795 -0.046035174 0.28175002
0.11212208 -0.046076018 0.28200001
0.114589 -0.046076018 0.28200001
0.11695216 -0.046035174 0.28175002
0.11931093 -0.045994323 0.28150001
0.12188163 -0.046035174 0.28175002
0.1254497 -0.046443649 0.28425002
0.12973663 -0.047097206 0.28825
0.1345524 -0.047914159 0.29325002
0.13665015 -0.047750767 0.29225001
0 -0 0
0 -0 0
0 -0 0
0 -0 0
0 -0 0
0 -0 0
0 -0 0
0 -0 0
0 -0 0
0 -0 0
0 -0 0
0 -0 0
0 -0 0
0 -0 0
0 -0 0
0 -0 0
0 -0 0
0 -0 0
0 -0 0
0 -0 0
0 -0 0
0 -0 0
0 -0 0
0 -0 0
0 -0 0
-0 -0 0
-0 -0 0
-0 -0 0
-0 -0 0
-0 -0 0
-0 -0 0
-0 -0 0
-0 -0 0
-0 -0 0
-0 -0 0
-0 -0 0
-0 -0 0
-0 -0 0
-0 -0 0
-0 -0 0
-0 -0 0
-0 -0 0
-0 -0 0
-0 -0 0
-0 -0 0
-0 -0 0
-0 -0 0
-0 -0 0
-0 -0 0
-0 -0 0
-0 -0 0
-0 -0 0
-0 -0 0
-0 -0 0
-0 -0 0
-0 -0 0
-0 -0 0
-0 -0 0
-0 -0 0
-0 -0 0
-0 -0 0
-0 -0 0
-0 -0 0
-0 -0 0
-0 -0 0
-0 -0 0
-0 -0 0
-0 -0 0
-0 -0 0
-0 -0 0
-0 -0 0
-0 -0 0
-0.23670129 -0.12472434 0.80650002
-0.2316393 -0.12580688 0.81350005
-0 -0 0
-0 -0 0
-0 -0 0
-0 -0 0
-0 -0 0
-0 -0 0
-0 -0 0
-0 -0 0
-0.17681023 -0.13272743 0.85825002
-0.16890778 -0.13241813 0.85625005
-0 -0 0
-0 -0 0
-0 -0 0
-0 -0 0
-0 -0 0
-0 -0 0
-0 -0 0
-0 -0 0
-0 -0 0
-0 -0 0
-0 -0 0
-0 -0 0
-0 -0 0
-0 -0 0
-0.017105736 -0.040054064 0.259
-0.014940288 -0.040324703 0.26075003
-0.012671397 -0.040363364 0.26100001
-0.010378232 -0.040324703 0.26075003
-0.0080972044 -0.040324703 0.26075003
-0.0058217524 -0.040363364 0.26100001
-0.0035351482 -0.040324703 0.26075003
-0.0012613343 -0.040556677 0.26225001
0.0010338002 -0.040595338 0.26250002
0.0033333085 -0.040633999 0.26275
0.0056050397 -0.040440686 0.2615
0.0078926282 -0.040440686 0.2615
0.01015102 -0.040324703 0.26075003
0.012432049 -0.040324703 0.26075003
0.014741289 -0.040402029 0.26125002
0.017042983 -0.040440686 0.2615
0.019404495 -0.040595338 0.26250002
0.021721499 -0.040633999 0.26275
0.023974314 -0.040556677 0.26225001
0.026243424 -0.040518016 0.26200002
0.028562615 -0.040556677 0.26225001
0.030886181 -0.040595338 0.26250002
0.033214115 -0.040633999 0.26275
0.035580222 -0.040711325 0.26325002
0.037847143 -0.040672664 0.26300001
0.040071528 -0.040595338 0.26250002
0.042408213 -0.040633999 0.26275
0.044834349 -0.040749986 0.26350001
0.047094714 -0.040711325 0.26325002
0.049444519 -0.040749986 0.26350001
0.05170051 -0.040711325 0.26325002
0.053695694 -0.040479351 0.26175001
0.055825051 -0.040363364 0.26100001
0.058275245 -0.040479351 0.26175001
0.060622871 -0.040518016 0.26200002
0.063154966 -0.040672664 0.26300001
0.065269008 -0.040556677 0.26225001
0.067176722 -0.040324703 0.26075003
0.069590934 -0.040402029 0.26125002
0.0720139 -0.040479351 0.26175001
0.074303672 -0.040479351 0.26175001
0.077471316 -0.040943298 0.26475
0.082122937 -0.042141825 0.27250001
0.086832628 -0.04330169 0.28
0.090158932 -0.043726977 0.28275001
0.092796221 -0.043804303 0.28325
0.095274076 -0.043804303 0.28325
0.097665668 -0.043765642 0.28300002
0.10014133 -0.043765642 0.28300002
0.10243569 -0.043688316 0.2825
0.10481416 -0.043649655 0.28225002
0.10699819 -0.043533668 0.28150001
0.10936352 -0.043495003 0.28125
0.11182389 -0.043495003 0.28125
0.11418266 -0.043456342 0.28100002
0.11684839 -0.043533668 0.28150001
0.12005264 -0.043804303 0.28325
0.12404457 -0.044345576 0.28675002
0.12942173 -0.045350794 0.29325002
0.13378739 -0.045969386 0.29725
0.13787892 -0.046471994 0.30050001
0 -0 0
0 -0 0
0 -0 0
0 -0 0
0 -0 0
0 -0 0
0 -0 0
0 -0 0
0 -0 0
0 -0 0
0 -0 0
0 -0 0
0 -0 0
0 -0 0
0 -0 0
0 -0 0
0 -0 0
0 -0 0
0 -0 0
0 -0 0
0 -0 0
0 -0 0
0 -0 0
0 -0 0
0 -0 0
0 -0 0
-0 -0 0
-0 -0 0
-0 -0 0
-0 -0 0
-0 -0 0
-0 -0 0
-0 -0 0
-0 -0 0
-0 -0 0
-0 -0 0
-0 -0 0
-0 -0 0
-0 -0 0
-0 -0 0
-0 -0 0
-0 -0 0
-0 -0 0
-0 -0 0
-0 -0 0
-0 -0 0
-0 -0 0
-0 -0 0
-0 -0 0
-0 -0 0
-0 -0 0
-0 -0 0
-0 -0 0
-0 -0 0
-0 -0 0
-0 -0 0
-0 -0 0
-0 -0 0
-0 -0 0
-0 -0 0
-0 -0 0
-0 -0 0
-0 -0 0
-0 -0 0
-0 -0 0
-0 -0 0
-0 -0 0
-0 -0 0
-0 -0 0
-0 -0 0
-0 -0 0
-0 -0 0
-0 -0 0
-0 -0 0
-0 -0 0
-0 -0 0
-0 -0 0
-0 -0 0
-0 -0 0
-0 -0 0
-0 -0 0
-0 -0 0
-0 -0 0
-0 -0 0
-0 -0 0
-0 -0 0
-0 -0 0
-0 -0 0
-0 -0 0
-0 -0 0
-0 -0 0
-0 -0 0
-0 -0 0
-0 -0 0
-0 -0 0
-0 -0 0
-0 -0 0
-0 -0 0
-0 -0 0
-0.017369919 -0.03837372 0.26300001
-0.015226775 -0.038774967 0.26575002
-0.012853458 -0.038629055 0.26475
-0.010547388 -0.038665533 0.26500002
-0.0082291812 -0.038665533 0.26500002
-0.0059053977 -0.038629055 0.26475
-0.0036097148 -0.03884792 0.26625001
-0.001280573 -0.03884792 0.26625001
0.0010485688 -0.03884792 0.26625001
0.0033808821 -0.038884398 0.26650003
0.0057122111 -0.038884398 0.26650003
0.0080435397 -0.038884398 0.26650003
0.010335938 -0.038738489 0.26550001
0.012694278 -0.03884792 0.26625001
0.015037526 -0.038884398 0.26650003
0.017352561 -0.03884792 0.26625001
0.019792587 -0.039066784 0.26775002
0.022093512 -0.038993824 0.26725
0.024408549 -0.03895735 0.26700002
0.026719211 -0.038920872 0.26675001
0.029107181 -0.038993824 0.26725
0.031503905 -0.039066784 0.26775002
0.033814564 -0.039030302 0.26750001
0.036120851 -0.038993824 0.26725
0.038530696 -0.039066784 0.26775002
0.040949285 -0.039139736 0.26825002
0.043295924 -0.039139736 0.26825002
0.045472406 -0.038993824 0.26725
0.047989197 -0.039139736 0.26825002
0.050429657 -0.039212689 0.26875001
0.052780669 -0.039212689 0.26875001
0.055029113 -0.039139736 0.26825002
0.057161856 -0.038993824 0.26725
0.059555408 -0.039030302 0.26750001
0.061895486 -0.039030302 0.26750001
0.063875362 -0.038811442 0.266
0.0661401 -0.038774967 0.26575002
0.068400458 -0.038738489 0.26550001
0.070456661 -0.038592581 0.26450002
0.073183179 -0.038811442 0.266
0.076077878 -0.039103258 0.26800001
0.079592817 -0.039686888 0.27200001
0.084157176 -0.040744722 0.27925003
0.087530397 -0.041182443 0.28225002
0.090158932 -0.041255396 0.28275001
0.092714325 -0.041291874 0.28300002
0.095021799 -0.041218918 0.2825
0.097320549 -0.041145965 0.28200001
0.099875934 -0.041182443 0.28225002
0.1022544 -0.041145965 0.28200001
0.10453564 -0.041073009 0.28150001
0.10680814 -0.041000057 0.28100002
0.10926631 -0.041000057 0.28100002
0.11172449 -0.041000057 0.28100002
0.11418266 -0.041000057 0.28100002
0.11830121 -0.041583691 0.28500003
0.12301952 -0.042349704 0.29025
0.12761341 -0.043042764 0.29500002
0.13339375 -0.044100598 0.30225003
0.13716303 -0.044465367 0.30475003
0.13948484 -0.044355936 0.30400002
0 -0 0
0 -0 0
0 -0 0
0 -0 0
0 -0 0
0 -0 0
0 -0 0
0 -0 0
0 -0 0
0 -0 0
0 -0 0
0 -0 0
0 -0 0
0 -0 0
0 -0 0
0 -0 0
0 -0 0
0 -0 0
0 -0 0
0 -0 0
0 -0 0
0 -0 0
0 -0 0
0 -0 0
0 -0 0
0 -0 0
-0 -0 0
-0 -0 0
-0 -0 0
-0 -0 0
-0 -0 0
-0 -0 0
-0 -0 0
-0 -0 0
-0 -0 0
-0 -0 0
-0 -0 0
-0 -0 0
-0 -0 0
-0 -0 0
-0 -0 0
-0 -0 0
-0 -0 0
-0 -0 0
-0 -0 0
-0 -0 0
-0 -0 0
-0 -0 0
-0 -0 0
-0 -0 0
-0 -0 0
-0 -0 0
-0 -0 0
-0 -0 0
-0 -0 0
-0 -0 0
-0 -0 0
-0 -0 0
-0 -0 0
-0 -0 0
-0 -0 0
-0 -0 0
-0 -0 0
-0 -0 0
-0 -0 0
-0 -0 0
-0 -0 0
-0 -0 0
-0 -0 0
-0 -0 0
-0 -0 0
-0 -0 0
-0 -0 0
-0 -0 0
-0 -0 0
-0 -0 0
-0 -0 0
-0 -0 0
-0 -0 0
-0 -0 0
-0 -0 0
-0 -0 0
-0 -0 0
-0 -0 0
-0 -0 0
-0 -0 0
-0 -0 0
-0 -0 0
-0 -0 0
-0 -0 0
-0 -0 0
-0 -0 0
-0 -0 0
-0 -0 0
-0 -0 0
-0 -0 0
-0 -0 0
-0 -0 0
-0 -0 0
-0 -0 0
-0.015398666 -0.036863483 0.26875001
-0.01312048 -0.037069235 0.27025002
-0.010706594 -0.036897775 0.26900002
-0.0083844485 -0.03703494 0.27000001
-0.0060448083 -0.037172109 0.27100003
-0.003677503 -0.037206396 0.27125001
-0.0013046213 -0.037206396 0.27125001
0.0010702292 -0.037274979 0.27175
0.0034538279 -0.037343565 0.27225003
0.0058354577 -0.037343565 0.27225003
0.0081869038 -0.037206396 0.27125001
0.010540321 -0.037137818 0.27075002
0.012896908 -0.037103523 0.2705
0.015376082 -0.037377857 0.27250001
0.01767843 -0.037206396 0.27125001
0.020051312 -0.037206396 0.27125001
0.022444861 -0.037240691 0.27150002
0.02497991 -0.037480731 0.27325001
0.027345246 -0.037446439 0.273
0.029733436 -0.037446439 0.273
0.032062795 -0.037377857 0.27250001
0.034478214 -0.037412148 0.27275002
0.036695272 -0.037240691 0.27150002
0.039106313 -0.037274979 0.27175
0.041407242 -0.037206396 0.27125001
0.043941528 -0.037343565 0.27225003
0.046365693 -0.037377857 0.27250001
0.04874951 -0.037377857 0.27250001
0.051133327 -0.037377857 0.27250001
0.053468049 -0.037343565 0.27225003
0.056054816 -0.037480731 0.27325001
0.058338251 -0.037412148 0.27275002
0.060612936 -0.037343565 0.27225003
0.062936716 -0.037309274 0.27200001
0.065076031 -0.037172109 0.27100003
0.067135617 -0.037000649 0.26975
0.069753006 -0.037137818 0.27075002
0.071921729 -0.03703494 0.27000001
0.074558809 -0.037172109 0.27100003
0.077284344 -0.037343565 0.27225003
0.081787467 -0.03833802 0.27950001
0.084835254 -0.038612355 0.28150001
0.087530397 -0.038715228 0.28225002
0.089999497 -0.038715228 0.28225002
0.092468612 -0.038715228 0.28225002
0.09468545 -0.038612355 0.28150001
0.097148001 -0.038612355 0.28150001
0.099610545 -0.038612355 0.28150001
0.10189179 -0.038543772 0.28100002
0.10425712 -0.038509481 0.28075001
0.10671312 -0.038509481 0.28075001
0.10936352 -0.038578063 0.28125
0.11232088 -0.03874952 0.2825
0.11692548 -0.039469644 0.28775001
0.12203703 -0.040326934 0.294
0.12651621 -0.040944181 0.2985
0.13193929 -0.041835766 0.30500001
0.13758643 -0.042761642 0.31175002
0.1386258 -0.042247269 0.30800003
0 -0 0
0 -0 0
0 -0 0
0 -0 0
0 -0 0
0 -0 0
0 -0 0
0 -0 0
0 -0 0
0 -0 0
0 -0 0
0 -0 0
0 -0 0
0 -0 0
0 -0 0
0 -0 0
0 -0 0
0 -0 0
0 -0 0
0 -0 0
0 -0 0
0 -0 0
0 -0 0
0 -0 0
0 -0 0
0 -0 0
0 -0 0
-0 -0 0
-0 -0 0
-0 -0 0
-0 -0 0
-0 -0 0
-0 -0 0
-0 -0 0
-0 -0 0
-0 -0 0
-0 -0 0
-0 -0 0
-0 -0 0
-0 -0 0
-0 -0 0
-0 -0 0
-0 -0 0
-0 -0 0
-0 -0 0
-0 -0 0
-0 -0 0
-0 -0 0
-0 -0 0
-0 -0 0
-0 -0 0
-0 -0 0
-0 -0 0
-0 -0 0
-0 -0 0
-0 -0 0
-0 -0 0
-0 -0 0
-0 -0 0
-0 -0 0
-0 -0 0
-0 -0 0
-0 -0 0
-0 -0 0
-0 -0 0
-0 -0 0
-0 -0 0
-0 -0 0
-0 -0 0
-0 -0 0
-0 -0 0
-0 -0 0
-0 -0 0
-0 -0 0
-0 -0 0
-0 -0 0
-0 -0 0
-0 -0 0
-0 -0 0
-0 -0 0
-0 -0 0
-0 -0 0
-0 -0 0
-0 -0 0
-0 -0 0
-0 -0 0
-0 -0 0
-0 -0 0
-0 -0 0
-0 -0 0
-0 -0 0
-0 -0 0
-0 -0 0
-0 -0 0
-0 -0 0
-0 -0 0
-0 -0 0
-0 -0 0
-0 -0 0
-0 -0 0
-0 -0 0
-0.015699478 -0.035188511 0.27400002
-0.013387501 -0.035413254 0.27575001
-0.010965304 -0.035381146 0.2755
-0.0085552428 -0.035381146 0.2755
-0.0061507593 -0.035413254 0.27575001
-0.0037385121 -0.035413254 0.27575001
-0.0013262648 -0.035413254 0.27575001
0.0010879516 -0.035477467 0.27625
0.0035045727 -0.035477467 0.27625
0.005915836 -0.035445362 0.27600002
0.008307633 -0.035349041 0.27525002
0.010696041 -0.035284828 0.27475002
0.01312338 -0.035349041 0.27525002
0.015587678 -0.035477467 0.27625
0.017988006 -0.035445362 0.27600002
0.020457881 -0.035541676 0.27675
0.022940878 -0.035637997 0.2775
0.02539129 -0.035670105 0.27775002
0.027846076 -0.035702214 0.27800003
0.030386919 -0.035830636 0.27900001
0.032651104 -0.035637997 0.2775
0.035141867 -0.035702214 0.27800003
0.037540004 -0.035670105 0.27775002
0.04011365 -0.035798527 0.27875
0.042399492 -0.035670105 0.27775002
0.044829234 -0.035670105 0.27775002
0.047003753 -0.035477467 0.27625
0.04950982 -0.035541676 0.27675
0.051977731 -0.035573784 0.27700001
0.054400913 -0.035573784 0.27700001
0.056875382 -0.035605893 0.27725002
0.059086859 -0.035477467 0.27625
0.061336502 -0.035381146 0.2755
0.063746564 -0.035381146 0.2755
0.066156618 -0.035381146 0.2755
0.06844224 -0.035316933 0.27500001
0.071105562 -0.035445362 0.27600002
0.072987236 -0.035188511 0.27400002
0.075590529 -0.035284828 0.27475002
0.078632727 -0.035573784 0.27700001
0.082299553 -0.036119591 0.28125
0.084910601 -0.036183804 0.28175002
0.087452866 -0.036215909 0.28200001
0.089760348 -0.0361517 0.28150001
0.092140995 -0.036119591 0.28125
0.094349094 -0.036023274 0.28050002
0.096802898 -0.036023274 0.28050002
0.099168226 -0.035991166 0.28025001
0.10152919 -0.035959058 0.28
0.10407145 -0.035991166 0.28025001
0.10756835 -0.036344338 0.28300002
0.11198825 -0.036986463 0.28800002
0.11619744 -0.03753227 0.29225001
0.12139527 -0.038367033 0.29875001
0.12587664 -0.038944948 0.30325001
0.13064864 -0.039587073 0.30825001
0.13604887 -0.040389728 0.3145
0.13990344 -0.040710792 0.317
0 -0 0
0 -0 0
0 -0 0
0 -0 0
0 -0 0
0 -0 0
0 -0 0
0 -0 0
0 -0 0
0 -0 0
0 -0 0
0 -0 0
0 -0 0
0 -0 0
0 -0 0
0 -0 0
0 -0 0
0 -0 0
0 -0 0
0 -0 0
0 -0 0
0 -0 0
0 -0 0
0 -0 0
0 -0 0
0 -0 0
0 -0 0
0 -0 0
-0 -0 0
-0 -0 0
-0 -0 0
-0 -0 0
-0 -0 0
-0 -0 0
-0 -0 0
-0 -0 0
-0 -0 0
-0 -0 0
-0 -0 0
-0 -0 0
-0 -0 0
-0 -0 0
-0 -0 0
-0 -0 0
-0 -0 0
-0 -0 0
-0 -0 0
-0 -0 0
-0 -0 0
-0 -0 0
-0 -0 0
-0 -0 0
-0 -0 0
-0 -0 0
-0 -0 0
-0 -0 0
-0 -0 0
-0 -0 0
-0 -0 0
-0 -0 0
-0 -0 0
-0 -0 0
-0 -0 0
-0 -0 0
-0 -0 0
-0 -0 0
-0 -0 0
-0 -0 0
-0 -0 0
-0 -0 0
-0 -0 0
-0 -0 0
-0 -0 0
-0 -0 0
-0 -0 0
-0 -0 0
-0 -0 0
-0 -0 0
-0 -0 0
-0 -0 0
-0 -0 0
-0 -0 0
-0 -0 0
-0 -0 0
-0 -0 0
-0 -0 0
-0 -0 0
-0 -0 0
-0 -0 0
-0 -0 0
-0 -0 0
-0 -0 0
-0 -0 0
-0 -0 0
-0 -0 0
-0 -0 0
-0 -0 0
-0 -0 0
-0 -0 0
-0 -0 0
-0 -0 0
-0 -0 0
-0.015885694 -0.033182386 0.27725002
-0.013557425 -0.033421755 0.27925003
-0.011154361 -0.033541437 0.28025001
-0.008694984 -0.033511516 0.28
-0.0062399819 -0.033481594 0.27975002
-0.0037995214 -0.033541437 0.28025001
-0.0013515155 -0.033631202 0.28100002
0.0011066585 -0.033631202 0.28100002
0.0035616609 -0.033601277 0.28075001
0.0060122898 -0.033571359 0.28050002
0.0084585436 -0.033541437 0.28025001
0.010949086 -0.03366112 0.28125
0.01337369 -0.033571359 0.28050002
0.01582749 -0.033571359 0.28050002
0.018281288 -0.033571359 0.28050002
0.020735089 -0.033571359 0.28050002
0.023230225 -0.033631202 0.28100002
0.025779815 -0.033750884 0.28200001
0.028196655 -0.033691041 0.28150001
0.030659202 -0.033691041 0.28150001
0.033092335 -0.03366112 0.28125
0.035584297 -0.033691041 0.28150001
0.038114421 -0.033750884 0.28200001
0.040689275 -0.033840645 0.28275001
0.043162759 -0.033840645 0.28275001
0.045595888 -0.033810724 0.2825
0.048067186 -0.033810724 0.2825
0.050359584 -0.033691041 0.28150001
0.052446842 -0.033451673 0.27950001
0.05503919 -0.033541437 0.28025001
0.057798516 -0.033720963 0.28175002
0.060209777 -0.033691041 0.28150001
0.062282711 -0.033481594 0.27975002
0.064672105 -0.033451673 0.27950001
0.067237221 -0.033511516 0.28
0.069748871 -0.033541437 0.28025001
0.072200485 -0.033541437 0.28025001
0.074385718 -0.033421755 0.27925003
0.076828584 -0.033421755 0.27925003
0.079697251 -0.033601277 0.28075001
0.08237271 -0.033691041 0.28150001
0.084835254 -0.033691041 0.28150001
0.087220274 -0.03366112 0.28125
0.089600921 -0.033631202 0.28100002
0.091895297 -0.033571359 0.28050002
0.094264999 -0.033541437 0.28025001
0.096630335 -0.033511516 0.28
0.099079758 -0.033511516 0.28
0.1022544 -0.033750884 0.28200001
0.10583538 -0.034109939 0.28500003
0.10994397 -0.034618594 0.28925002
0.11519624 -0.035456382 0.29625002
0.12017341 -0.036174487 0.30225003
0.12464602 -0.036713064 0.30675003
0.12982 -0.037431166 0.31275001
0.13562876 -0.038298875 0.32000002
0.13994217 -0.038717769 0.32350001
0 -0 0
0 -0 0
0 -0 0
0 -0 0
0 -0 0
0 -0 0
0 -0 0
0 -0 0
0 -0 0
0 -0 0
0 -0 0
0 -0 0
0 -0 0
0 -0 0
0 -0 0
0 -0 0
0 -0 0
0 -0 0
0 -0 0
0 -0 0
0 -0 0
0 -0 0
0 -0 0
0 -0 0
0 -0 0
0 -0 0
0 -0 0
0 -0 0
0 -0 0
-0 -0 0
-0 -0 0
-0 -0 0
-0 -0 0
-0 -0 0
-0 -0 0
-0 -0 0
-0 -0 0
-0 -0 0
-0 -0 0
-0 -0 0
-0 -0 0
-0 -0 0
-0 -0 0
-0 -0 0
-0 -0 0
-0 -0 0
-0 -0 0
-0 -0 0
-0 -0 0
-0 -0 0
-0 -0 0
-0 -0 0
-0 -0 0
-0 -0 0
-0 -0 0
-0 -0 0
-0 -0 0
-0 -0 0
-0 -0 0
-0 -0 0
-0 -0 0
-0 -0 0
-0 -0 0
-0 -0 0
-0 -0 0
-0 -0 0
-0 -0 0
-0 -0 0
-0 -0 0
-0 -0 0
-0 -0 0
-0 -0 0
-0 -0 0
-0 -0 0
-0 -0 0
-0 -0 0
-0 -0 0
-0 -0 0
-0 -0 0
-0 -0 0
-0 -0 0
-0 -0 0
-0 -0 0
-0 -0 0
-0 -0 0
-0 -0 0
-0 -0 0
-0 -0 0
-0 -0 0
-0 -0 0
-0 -0 0
-0 -0 0
-0 -0 0
-0 -0 0
-0 -0 0
-0 -0 0
-0 -0 0
-0 -0 0
-0 -0 0
-0 -0 0
-0 -0 0
-0 -0 0
-0 -0 0
-0 -0 0
-0.013848721 -0.031646423 0.28525001
-0.011343418 -0.031618688 0.28500003
-0.0088657783 -0.031674162 0.28550002
-0.0063961204 -0.031812839 0.28675002
-0.0038808673 -0.031757366 0.28625003
-0.0013731591 -0.031674162 0.28550002
0.0011224117 -0.031618688 0.28500003
0.0036092342 -0.031563215 0.2845
0.006114102 -0.031646423 0.28525001
0.0086396364 -0.031757366 0.28625003
0.011163202 -0.031812839 0.28675002
0.013647838 -0.031757366 0.28625003
0.016137833 -0.031729631 0.28600001
0.018704919 -0.03184057 0.287
0.021326464 -0.032006986 0.28850001
0.023767579 -0.031896047 0.28750002
0.026236903 -0.03184057 0.287
0.028747566 -0.03184057 0.287
0.031312685 -0.031896047 0.28750002
0.033739474 -0.031812839 0.28675002
0.036121536 -0.031701893 0.28575
0.038553685 -0.031646423 0.28525001
0.04122892 -0.031785101 0.28650001
0.043735206 -0.031785101 0.28650001
0.046201147 -0.031757366 0.28625003
0.048577636 -0.031674162 0.28550002
0.050985727 -0.031618688 0.28500003
0.053385068 -0.031563215 0.2845
0.055775665 -0.031507745 0.28400001
0.058208801 -0.031480011 0.28375003
0.060530614 -0.031396803 0.28300002
0.062894963 -0.031341329 0.2825
0.065308414 -0.031313594 0.28225002
0.067657456 -0.031258125 0.28175002
0.07012219 -0.031258125 0.28175002
0.072586931 -0.031258125 0.28175002
0.074851878 -0.031174917 0.28100002
0.077241272 -0.03114718 0.28075001
0.079910159 -0.031230388 0.28150001
0.082226403 -0.031174917 0.28100002
0.084609225 -0.03114718 0.28075001
0.086910158 -0.031091709 0.28025001
0.089282051 -0.031063972 0.28
0.091731481 -0.031063972 0.28
0.094096817 -0.031036239 0.27975002
0.096716613 -0.031091709 0.28025001
0.099964395 -0.031341329 0.2825
0.10424872 -0.031896047 0.28750002
0.10862052 -0.032450758 0.29250002
0.11403004 -0.033282828 0.30000001
0.11898752 -0.033948489 0.30600002
0.12245959 -0.034170374 0.30800003
0.12850629 -0.035085652 0.31625003
0.13583884 -0.03630602 0.32725
0.14156252 -0.037054885 0.33400002
0.14383546 -0.036888469 0.33250001
0 -0 0
0 -0 0
0 -0 0
0 -0 0
0 -0 0
0 -0 0
0 -0 0
0 -0 0
0 -0 0
0 -0 0
0 -0 0
0 -0 0
0 -0 0
0 -0 0
0 -0 0
0 -0 0
0 -0 0
0 -0 0
0 -0 0
0 -0 0
0 -0 0
0 -0 0
0 -0 0
0 -0 0
0 -0 0
0 -0 0
0 -0 0
0 -0 0
0 -0 0
-0 -0 0
-0 -0 0
-0 -0 0
-0 -0 0
-0 -0 0
-0 -0 0
-0 -0 0
-0 -0 0
-0 -0 0
-0 -0 0
-0 -0 0
-0 -0 0
-0 -0 0
-0 -0 0
-0 -0 0
-0 -0 0
-0 -0 0
-0 -0 0
-0 -0 0
-0 -0 0
-0 -0 0
-0 -0 0
-0 -0 0
-0 -0 0
-0 -0 0
-0 -0 0
-0 -0 0
-0 -0 0
-0 -0 0
-0 -0 0
-0 -0 0
-0 -0 0
-0 -0 0
-0 -0 0
-0 -0 0
-0 -0 0
-0 -0 0
-0 -0 0
-0 -0 0
-0 -0 0
-0 -0 0
-0 -0 0
-0 -0 0
-0 -0 0
-0 -0 0
-0 -0 0
-0 -0 0
-0 -0 0
-0 -0 0
-0 -0 0
-0 -0 0
-0 -0 0
-0 -0 0
-0 -0 0
-0 -0 0
-0 -0 0
-0 -0 0
-0 -0 0
-0 -0 0
-0 -0 0
-0 -0 0
-0 -0 0
-0 -0 0
-0 -0 0
-0 -0 0
-0 -0 0
-0 -0 0
-0 -0 0
-0 -0 0
-0 -0 0
-0 -0 0
-0 -0 0
-0 -0 0
-0 -0 0
-0 -0 0
-0 -0 0
-0.011572276 -0.029715097 0.29075003
-0.0090520987 -0.029791746 0.2915
-0.0064964956 -0.029766198 0.29125002
-0.0039452659 -0.029740646 0.29100001
-0.0013960049 -0.029663995 0.29025
0.001147026 -0.029766198 0.29125002
0.0036948666 -0.029766198 0.29125002
0.0062427069 -0.029766198 0.29125002
0.0087980926 -0.029791746 0.2915
0.011338388 -0.029766198 0.29125002
0.013933906 -0.029868398 0.29225001
0.016561028 -0.029996149 0.29350001
0.019095963 -0.029945049 0.29300001
0.021585191 -0.02984285 0.29200003
0.024077591 -0.029766198 0.29125002
0.026693994 -0.02984285 0.29200003
0.029148228 -0.029740646 0.29100001
0.031666655 -0.029715097 0.29075003
0.034268953 -0.029766198 0.29125002
0.036753587 -0.029715097 0.29075003
0.039195687 -0.029638445 0.29000002
0.041588683 -0.029536242 0.289
0.044040516 -0.029485142 0.28850001
0.046443246 -0.02940849 0.28775001
0.04870525 -0.029255191 0.28625003
0.051075175 -0.029178539 0.28550002
0.053478893 -0.029127438 0.28500003
0.05587386 -0.029076336 0.2845
0.058208801 -0.028999686 0.28375003
0.060637556 -0.028974134 0.28350002
0.063061938 -0.028948583 0.28325
0.065424107 -0.028897483 0.28275001
0.067717485 -0.028820831 0.28200001
0.07005997 -0.028769732 0.28150001
0.072458111 -0.02874418 0.28125
0.074851878 -0.028718632 0.28100002
0.077241272 -0.02869308 0.28075001
0.079697251 -0.02869308 0.28075001
0.082006939 -0.02864198 0.28025001
0.084383197 -0.028616428 0.28
0.08660005 -0.028539779 0.27925003
0.089042909 -0.028539779 0.27925003
0.091485776 -0.028539779 0.27925003
0.09468545 -0.028769732 0.28150001
0.098959818 -0.029306291 0.28675002
0.10270678 -0.029663995 0.29025
0.10796542 -0.030430509 0.29775003
0.1125197 -0.030967064 0.303
0.11792607 -0.031708024 0.31025001
0.12277878 -0.032270133 0.31575
0.12842353 -0.033011094 0.32300001
0.13521096 -0.03400756 0.33275002
0.13978222 -0.034416366 0.33675003
0.14315192 -0.03451857 0.33775002
0 -0 0
0 -0 0
0 -0 0
0 -0 0
0 -0 0
0 -0 0
0 -0 0
0 -0 0
0 -0 0
0 -0 0
0 -0 0
0 -0 0
0 -0 0
0 -0 0
0 -0 0
0 -0 0
0 -0 0
0 -0 0
0 -0 0
0 -0 0
0 -0 0
0 -0 0
0 -0 0
0 -0 0
0 -0 0
0 -0 0
0 -0 0
0 -0 0
0 -0 0
0 -0 0
-0 -0 0
-0 -0 0
-0 -0 0
-0 -0 0
-0 -0 0
-0 -0 0
-0 -0 0
-0 -0 0
-0 -0 0
-0 -0 0
-0 -0 0
-0 -0 0
-0 -0 0
-0 -0 0
-0 -0 0
-0 -0 0
-0 -0 0
-0 -0 0
-0 -0 0
-0 -0 0
-0 -0 0
-0 -0 0
-0 -0 0
-0 -0 0
-0 -0 0
-0 -0 0
-0 -0 0
-0 -0 0
-0 -0 0
-0 -0 0
-0 -0 0
-0 -0 0
-0 -0 0
-0 -0 0
-0 -0 0
-0 -0 0
-0 -0 0
-0 -0 0
-0 -0 0
-0 -0 0
-0 -0 0
-0 -0 0
-0 -0 0
-0 -0 0
-0 -0 0
-0 -0 0
-0 -0 0
-0 -0 0
-0 -0 0
-0 -0 0
-0 -0 0
-0 -0 0
-0 -0 0
-0 -0 0
-0 -0 0
-0 -0 0
-0 -0 0
-0 -0 0
-0 -0 0
-0 -0 0
-0 -0 0
-0 -0 0
-0 -0 0
-0 -0 0
-0 -0 0
-0 -0 0
-0 -0 0
-0 -0 0
-0 -0 0
-0 -0 0
-0 -0 0
-0 -0 0
-0 -0 0
-0 -0 0
-0 -0 0
-0 -0 0
-0.011791185 -0.027687615 0.29625002
-0.0091996035 -0.027687615 0.29625002
-0.0066080233 -0.027687615 0.29625002
-0.0040198327 -0.027710982 0.29650003
-0.0014320775 -0.027827807 0.29775003
0.0011667173 -0.027687615 0.29625002
0.0037709835 -0.027781075 0.29725
0.0063605951 -0.027734345 0.29675001
0.0089188209 -0.02761752 0.29550001
0.011503841 -0.02761752 0.29550001
0.014160377 -0.02775771 0.29700002
0.016758518 -0.02775771 0.29700002
0.019340364 -0.027734345 0.29675001
0.021991761 -0.02780444 0.29750001
0.024532273 -0.027734345 0.29675001
0.02708252 -0.027687615 0.29625002
0.029573936 -0.027594157 0.29525003
0.032020621 -0.027477328 0.294
0.034474861 -0.02738387 0.29300001
0.036816791 -0.027220314 0.29125002
0.039263263 -0.027150217 0.29050002
0.041696612 -0.027080122 0.28975001
0.044078682 -0.026986664 0.28875002
0.046523947 -0.02693993 0.28825
0.048747782 -0.026776377 0.28650001
0.050985727 -0.026636187 0.28500003
0.05343198 -0.026612822 0.28475001
0.055824764 -0.026566092 0.28425002
0.058157511 -0.026495997 0.28350002
0.060584083 -0.02647263 0.28325
0.062950619 -0.0264259 0.28275001
0.065308414 -0.026379172 0.28225002
0.067597419 -0.026309075 0.28150001
0.06999775 -0.02628571 0.28125
0.072522521 -0.026309075 0.28150001
0.074918464 -0.02628571 0.28125
0.077310055 -0.026262347 0.28100002
0.079555318 -0.02619225 0.28025001
0.081787467 -0.026122155 0.27950001
0.084081836 -0.026075425 0.27900001
0.08652252 -0.026075425 0.27900001
0.089680627 -0.02628571 0.28125
0.093451448 -0.02665955 0.28525001
0.097544514 -0.027103489 0.29000002
0.10206579 -0.027640885 0.29575002
0.10615689 -0.02803809 0.30000001
0.11077559 -0.028552121 0.3055
0.11651175 -0.029323172 0.31375003
0.12191713 -0.029977394 0.32075003
0.12880592 -0.030958725 0.33125001
0.13398987 -0.031496122 0.33700001
0.13744585 -0.031612948 0.33825001
0.14196144 -0.031963423 0.34200001
0.14548303 -0.032080248 0.34325001
0 -0 0
0 -0 0
0 -0 0
0 -0 0
0 -0 0
0 -0 0
0 -0 0
0 -0 0
0 -0 0
0 -0 0
0 -0 0
0 -0 0
0 -0 0
0 -0 0
0 -0 0
0 -0 0
0 -0 0
0 -0 0
0 -0 0
0 -0 0
0 -0 0
0 -0 0
0 -0 0
0 -0 0
0 -0 0
0 -0 0
0 -0 0
0 -0 0
0 -0 0
0 -0 0
-0 -0 0
-0 -0 0
-0 -0 0
-0 -0 0
-0 -0 0
-0 -0 0
-0 -0 0
-0 -0 0
-0 -0 0
-0 -0 0
-0 -0 0
-0 -0 0
-0 -0 0
-0 -0 0
-0 -0 0
-0 -0 0
-0 -0 0
-0 -0 0
-0 -0 0
-0 -0 0
-0 -0 0
-0 -0 0
-0 -0 0
-0 -0 0
-0 -0 0
-0 -0 0
-0 -0 0
-0 -0 0
-0 -0 0
-0 -0 0
-0 -0 0
-0 -0 0
-0 -0 0
-0 -0 0
-0 -0 0
-0 -0 0
-0 -0 0
-0 -0 0
-0 -0 0
-0 -0 0
-0 -0 0
-0 -0 0
-0 -0 0
-0 -0 0
-0 -0 0
-0 -0 0
-0 -0 0
-0 -0 0
-0 -0 0
-0 -0 0
-0 -0 0
-0 -0 0
-0 -0 0
-0 -0 0
-0 -0 0
-0 -0 0
-0 -0 0
-0 -0 0
-0 -0 0
-0 -0 0
-0 -0 0
-0 -0 0
-0 -0 0
-0 -0 0
-0 -0 0
-0 -0 0
-0 -0 0
-0 -0 0
-0 -0 0
-0 -0 0
-0 -0 0
-0 -0 0
-0 -0 0
-0 -0 0
-0 -0 0
-0 -0 0
-0.011880737 -0.025288641 0.2985
-0.0093548708 -0.025521621 0.30125001
-0.006719551 -0.025521621 0.30125001
-0.00409101 -0.02556398 0.30175
-0.0014549233 -0.02562752 0.30250001
0.0011913315 -0.02562752 0.30250001
0.0038502729 -0.02571224 0.30350003
0.0065052761 -0.02571224 0.30350003
0.0091150049 -0.02558516 0.30200002
0.011756886 -0.02558516 0.30200002
0.014386848 -0.02556398 0.30175
0.017082969 -0.0256487 0.30275002
0.01973141 -0.0256487 0.30275002
0.022324409 -0.02558516 0.30200002
0.024780283 -0.02539454 0.29975
0.027333919 -0.025331004 0.29900002
0.029774264 -0.025182744 0.29725
0.032183994 -0.025034485 0.29550001
0.03459252 -0.024907406 0.294
0.036911599 -0.024737971 0.29200003
0.03933084 -0.02465325 0.29100001
0.041732591 -0.024568532 0.29000002
0.044078682 -0.024462633 0.28875002
0.046443246 -0.024377912 0.28775001
0.048790321 -0.024293195 0.28675002
0.05103045 -0.024166115 0.28525001
0.053338159 -0.024081398 0.28425002
0.055726569 -0.024039038 0.28375003
0.058106225 -0.023996677 0.28325
0.060423665 -0.023933137 0.2825
0.062783644 -0.023890778 0.28200001
0.065192722 -0.0238696 0.28175002
0.067537382 -0.023827238 0.28125
0.07005997 -0.023848418 0.28150001
0.073553033 -0.024187297 0.28550002
0.076583326 -0.024356734 0.28750002
0.077791519 -0.023954317 0.28275001
0.079768226 -0.02380606 0.28100002
0.082006939 -0.023742521 0.28025001
0.084609225 -0.02378488 0.28075001
0.088150628 -0.024081398 0.28425002
0.091593824 -0.024335554 0.28725001
0.095744736 -0.024759149 0.29225001
0.10006721 -0.025203925 0.29750001
0.10491294 -0.025754599 0.30400002
0.10978391 -0.026284093 0.31025001
0.11458294 -0.026771227 0.31600001
0.12208203 -0.027851395 0.32875001
0.12733355 -0.028380889 0.33500001
0.13123623 -0.028592687 0.33750001
0.13548085 -0.028868023 0.34075001
0.13988392 -0.029164542 0.34425002
0.14248031 -0.029079821 0.34325001
0 -0 0
0 -0 0
0 -0 0
0 -0 0
0 -0 0
0 -0 0
0 -0 0
0 -0 0
0 -0 0
0 -0 0
0 -0 0
0 -0 0
0 -0 0
0 -0 0
0 -0 0
0 -0 0
0 -0 0
0 -0 0
0 -0 0
0 -0 0
0 -0 0
0 -0 0
0 -0 0
0 -0 0
0 -0 0
0 -0 0
0 -0 0
0 -0 0
0 -0 0
0 -0 0
0 -0 0
-0 -0 0
-0 -0 0
-0 -0 0
-0 -0 0
-0 -0 0
-0 -0 0
-0 -0 0
-0 -0 0
-0 -0 0
-0 -0 0
-0 -0 0
-0 -0 0
-0 -0 0
-0 -0 0
-0 -0 0
-0 -0 0
-0 -0 0
-0 -0 0
-0 -0 0
-0 -0 0
-0 -0 0
-0 -0 0
-0 -0 0
-0 -0 0
-0 -0 0
-0 -0 0
-0 -0 0
-0 -0 0
-0 -0 0
-0 -0 0
-0 -0 0
-0 -0 0
-0 -0 0
-0 -0 0
-0 -0 0
-0 -0 0
-0 -0 0
-0 -0 0
-0 -0 0
-0 -0 0
-0 -0 0
-0 -0 0
-0 -0 0
-0 -0 0
-0 -0 0
-0 -0 0
-0 -0 0
-0 -0 0
-0 -0 0
-0 -0 0
-0 -0 0
-0 -0 0
-0 -0 0
-0 -0 0
-0 -0 0
-0 -0 0
-0 -0 0
-0 -0 0
-0 -0 0
-0 -0 0
-0 -0 0
-0 -0 0
-0 -0 0
-0 -0 0
-0 -0 0
-0 -0 0
-0 -0 0
-0 -0 0
-0 -0 0
-0 -0 0
-0 -0 0
-0 -0 0
-0 -0 0
-0 -0 0
-0 -0 0
-0 -0 0
-0 -0 0
-0.0095179025 -0.023287209 0.30650002
-0.0068756901 -0.02342017 0.30825001
-0.0042028604 -0.023553131 0.31
-0.0014897934 -0.023534138 0.30975002
0.0012129922 -0.023401177 0.30800003
0.0038946746 -0.023325197 0.30700001
0.0065856543 -0.023344193 0.30725002
0.0092432788 -0.023268213 0.30625001
0.011941805 -0.023306204 0.30675003
0.014672916 -0.023382181 0.30775002
0.017322779 -0.023325197 0.30700001
0.019894343 -0.023192236 0.30525002
0.022416811 -0.023040282 0.30325001
0.024904288 -0.022888325 0.30125001
0.027425336 -0.022793353 0.30000001
0.029774264 -0.022584412 0.29725
0.032211225 -0.022470448 0.29575002
0.03459252 -0.022337485 0.294
0.036974803 -0.022223519 0.29250002
0.039398421 -0.02214754 0.2915
0.041804545 -0.022071563 0.29050002
0.044078682 -0.021938603 0.28875002
0.046362549 -0.021824636 0.28725001
0.04870525 -0.021748658 0.28625003
0.05103045 -0.021672679 0.28525001
0.053338159 -0.021596702 0.28425002
0.05567747 -0.021539718 0.28350002
0.058054943 -0.021501731 0.28300002
0.060370196 -0.021444747 0.28225002
0.062672324 -0.021387763 0.28150001
0.065077022 -0.021368768 0.28125
0.067837551 -0.021463739 0.2825
0.071366593 -0.021786647 0.28675002
0.075292028 -0.022204524 0.29225001
0.07778202 -0.022185531 0.29200003
0.078548118 -0.021691674 0.28550002
0.080194026 -0.021463739 0.2825
0.082665324 -0.021463739 0.2825
0.086492777 -0.02180564 0.287
0.090398967 -0.02214754 0.2915
0.094862185 -0.022603408 0.29750001
0.098775156 -0.02290732 0.30150002
0.10317855 -0.023306204 0.30675003
0.10870913 -0.023933021 0.31500003
0.11411865 -0.024502855 0.32250002
0.12092852 -0.025338612 0.33350003
0.12505285 -0.02558554 0.33675003
0.129044 -0.025794478 0.33950001
0.13424981 -0.02623135 0.34525001
0.1406496 -0.026877163 0.35375002
0.14384577 -0.026896155 0.354
0 -0 0
0 -0 0
0 -0 0
0 -0 0
0 -0 0
0 -0 0
0 -0 0
0 -0 0
0 -0 0
0 -0 0
0 -0 0
0 -0 0
0 -0 0
0 -0 0
0 -0 0
0 -0 0
0 -0 0
0 -0 0
0 -0 0
0 -0 0
0 -0 0
0 -0 0
0 -0 0
0 -0 0
0 -0 0
0 -0 0
0 -0 0
0 -0 0
0 -0 0
0 -0 0
0 -0 0
0 -0 0
-0 -0 0
-0 -0 0
-0 -0 0
-0 -0 0
-0 -0 0
-0 -0 0
-0 -0 0
-0 -0 0
-0 -0 0
-0 -0 0
-0 -0 0
-0 -0 0
-0 -0 0
-0 -0 0
-0 -0 0
-0 -0 0
-0 -0 0
-0 -0 0
-0 -0 0
-0 -0 0
-0 -0 0
-0 -0 0
-0 -0 0
-0 -0 0
-0 -0 0
-0 -0 0
-0 -0 0
-0 -0 0
-0 -0 0
-0 -0 0
-0 -0 0
-0 -0 0
-0 -0 0
-0 -0 0
-0 -0 0
-0 -0 0
-0 -0 0
-0 -0 0
-0 -0 0
-0 -0 0
-0 -0 0
-0 -0 0
-0 -0 0
-0 -0 0
-0 -0 0
-0 -0 0
-0 -0 0
-0 -0 0
-0 -0 0
-0 -0 0
-0 -0 0
-0 -0 0
-0 -0 0
-0 -0 0
-0 -0 0
-0 -0 0
-0 -0 0
-0 -0 0
-0 -0 0
-0 -0 0
-0 -0 0
-0 -0 0
-0 -0 0
-0 -0 0
-0 -0 0
-0 -0 0
-0 -0 0
-0 -0 0
-0 -0 0
-0 -0 0
-0 -0 0
-0 -0 0
-0 -0 0
-0 -0 0
-0 -0 0
-0 -0 0
-0 -0 0
-0.0098439641 -0.021314006 0.317
-0.0070652873 -0.021297198 0.31675002
-0.0042875959 -0.021263579 0.31625003
-0.0015162465 -0.021196341 0.31525001
0.0012425294 -0.021213152 0.31550002
0.0039961645 -0.021179534 0.31500003
0.0067356937 -0.021129105 0.31425002
0.009507373 -0.021179534 0.31500003
0.012224047 -0.021112297 0.31400001
0.014935144 -0.021061867 0.31325001
0.017534375 -0.020893777 0.31075001
0.020089865 -0.020725686 0.30825001
0.022509214 -0.020473549 0.30450001
0.025007624 -0.020339075 0.30250001
0.027516754 -0.020238221 0.30100003
0.02984939 -0.020036511 0.29800001
0.03223845 -0.019902037 0.296
0.03459252 -0.019767564 0.294
0.036974803 -0.019666709 0.29250002
0.039398421 -0.019599471 0.2915
0.041732591 -0.019498618 0.29000002
0.044078682 -0.019414572 0.28875002
0.046362549 -0.019313717 0.28725001
0.04870525 -0.019246481 0.28625003
0.05103045 -0.019179244 0.28525001
0.053338159 -0.019112008 0.28425002
0.055628367 -0.01904477 0.28325
0.057901088 -0.018977534 0.28225002
0.060263254 -0.018943917 0.28175002
0.062616661 -0.018910296 0.28125
0.065944724 -0.019162435 0.28500003
0.069518492 -0.019465001 0.28950003
0.073419861 -0.019834802 0.29500002
0.076451354 -0.019952465 0.29675001
0.078714333 -0.019868419 0.29550001
0.079923742 -0.019532235 0.29050002
0.081471458 -0.019296907 0.287
0.085079454 -0.019549046 0.29075003
0.088903733 -0.019834802 0.29500002
0.09295743 -0.020154174 0.29975
0.097173952 -0.020490358 0.30475003
0.10213318 -0.020961015 0.31175002
0.10805578 -0.021599762 0.32125002
0.11457597 -0.022322556 0.33200002
0.11889572 -0.022591503 0.33600003
0.12265088 -0.022742784 0.33825001
0.12793082 -0.023163013 0.34450001
0.13313007 -0.023549624 0.35025001
0.13852713 -0.023953043 0.35625002
0.14422797 -0.024390081 0.36275002
0 -0 0
0 -0 0
0 -0 0
0 -0 0
0 -0 0
0 -0 0
0 -0 0
0 -0 0
0 -0 0
0 -0 0
0 -0 0
0 -0 0
0 -0 0
0 -0 0
0 -0 0
0 -0 0
0 -0 0
0 -0 0
0 -0 0
0 -0 0
0 -0 0
0 -0 0
0 -0 0
0 -0 0
0 -0 0
0 -0 0
0 -0 0
0 -0 0
0 -0 0
0 -0 0
0 -0 0
0 -0 0
0 -0 0
-0 -0 0
-0 -0 0
-0 -0 0
-0 -0 0
-0 -0 0
-0 -0 0
-0 -0 0
-0 -0 0
-0 -0 0
-0 -0 0
-0 -0 0
-0 -0 0
-0 -0 0
-0 -0 0
-0 -0 0
-0 -0 0
-0 -0 0
-0 -0 0
-0 -0 0
-0 -0 0
-0 -0 0
-0 -0 0
-0 -0 0
-0 -0 0
-0 -0 0
-0 -0 0
-0 -0 0
-0 -0 0
-0 -0 0
-0 -0 0
-0 -0 0
-0 -0 0
-0 -0 0
-0 -0 0
-0 -0 0
-0 -0 0
-0 -0 0
-0 -0 0
-0 -0 0
-0 -0 0
-0 -0 0
-0 -0 0
-0 -0 0
-0 -0 0
-0 -0 0
-0 -0 0
-0 -0 0
-0 -0 0
-0 -0 0
-0 -0 0
-0 -0 0
-0 -0 0
-0 -0 0
-0 -0 0
-0 -0 0
-0 -0 0
-0 -0 0
-0 -0 0
-0 -0 0
-0 -0 0
-0 -0 0
-0 -0 0
-0 -0 0
-0 -0 0
-0 -0 0
-0 -0 0
-0 -0 0
-0 -0 0
-0 -0 0
-0 -0 0
-0 -0 0
-0 -0 0
-0 -0 0
-0 -0 0
-0 -0 0
-0 -0 0
-0 -0 0
-0 -0 0
-0.0071377805 -0.018718522 0.32000002
-0.0043655522 -0.018835515 0.32200003
-0.0015487118 -0.018835515 0.32200003
0.001266159 -0.018806266 0.3215
0.0040786248 -0.018806266 0.3215
0.0069018085 -0.018835515 0.32200003
0.0097035561 -0.018806266 0.3215
0.012408965 -0.018645404 0.31875002
0.015042421 -0.018455293 0.31550002
0.017604908 -0.018250559 0.31200001
0.020138746 -0.018075073 0.30900002
0.022601616 -0.017884962 0.30575001
0.025090296 -0.01775335 0.30350003
0.027562464 -0.017636359 0.30150002
0.029899471 -0.017460871 0.2985
0.032320138 -0.017358504 0.29675001
0.03459252 -0.017197642 0.294
0.037038006 -0.017139148 0.29300001
0.039364632 -0.017036781 0.29125002
0.041696612 -0.016949037 0.28975001
0.044078682 -0.016890543 0.28875002
0.046402898 -0.016817423 0.28750002
0.048662711 -0.016729679 0.28600001
0.050985727 -0.016671184 0.28500003
0.053244337 -0.016598066 0.28375003
0.055481073 -0.016524944 0.2825
0.05774723 -0.01646645 0.28150001
0.060102835 -0.016437203 0.28100002
0.06244969 -0.016407955 0.28050002
0.065886877 -0.016656561 0.28475001
0.070959285 -0.017285386 0.29550001
0.075659789 -0.017782597 0.30400002
0.078770019 -0.017884962 0.30575001
0.079979628 -0.017563239 0.30025002
0.081368141 -0.01730001 0.29575002
0.083316632 -0.017168395 0.29350001
0.08705464 -0.017402377 0.29750001
0.090937965 -0.017650981 0.30175
0.095283307 -0.017972708 0.30725002
0.10108004 -0.018543035 0.317
0.10696547 -0.019098744 0.32650003
0.11268073 -0.019595953 0.33500001
0.11699173 -0.019829934 0.33900002
0.12146117 -0.02007854 0.34325001
0.12682083 -0.02045876 0.34975001
0.13331544 -0.020999843 0.35900003
0.13864154 -0.021336192 0.36475003
0.14251283 -0.021438558 0.36650002
0 -0 0
0 -0 0
0 -0 0
0 -0 0
0 -0 0
0 -0 0
0 -0 0
0 -0 0
0 -0 0
0 -0 0
0 -0 0
0 -0 0
0 -0 0
0 -0 0
0 -0 0
0 -0 0
0 -0 0
0 -0 0
0 -0 0
0 -0 0
0 -0 0
0 -0 0
0 -0 0
0 -0 0
0 -0 0
0 -0 0
0 -0 0
0 -0 0
0 -0 0
0 -0 0
0 -0 0
0 -0 0
0 -0 0
0 -0 0
-0 -0 0
-0 -0 0
-0 -0 0
-0 -0 0
-0 -0 0
-0 -0 0
-0 -0 0
-0 -0 0
-0 -0 0
-0 -0 0
-0 -0 0
-0 -0 0
-0 -0 0
-0 -0 0
-0 -0 0
-0 -0 0
-0 -0 0
-0 -0 0
-0 -0 0
-0 -0 0
-0 -0 0
-0 -0 0
-0 -0 0
-0 -0 0
-0 -0 0
-0 -0 0
-0 -0 0
-0 -0 0
-0 -0 0
-0 -0 0
-0 -0 0
-0 -0 0
-0 -0 0
-0 -0 0
-0 -0 0
-0 -0 0
-0 -0 0
-0 -0 0
-0 -0 0
-0 -0 0
-0 -0 0
-0 -0 0
-0 -0 0
-0 -0 0
-0 -0 0
-0 -0 0
-0 -0 0
-0 -0 0
-0 -0 0
-0 -0 0
-0 -0 0
-0 -0 0
-0 -0 0
-0 -0 0
-0 -0 0
-0 -0 0
-0 -0 0
-0 -0 0
-0 -0 0
-0 -0 0
-0 -0 0
-0 -0 0
-0 -0 0
-0 -0 0
-0 -0 0
-0 -0 0
-0 -0 0
-0 -0 0
-0 -0 0
-0 -0 0
-0 -0 0
-0 -0 0
-0 -0 0
-0 -0 0
-0 -0 0
-0 -0 0
-0 -0 0
-0 -0 0
-0.0072158501 -0.016095469 0.32350001
-0.0044570658 -0.016356679 0.32875001
-0.0015907963 -0.016456187 0.33075002
0.0012986498 -0.016406432 0.32975
0.0041515706 -0.016282046 0.32725
0.0070572058 -0.016381556 0.32925001
0.0099148313 -0.01634424 0.3285
0.012554953 -0.016045716 0.32250002
0.015125857 -0.015784506 0.31725001
0.017675441 -0.015585489 0.31325001
0.020236507 -0.015448666 0.31050003
0.022657057 -0.015249649 0.30650002
0.025090296 -0.015100387 0.30350003
0.027631028 -0.015038194 0.30225003
0.029949557 -0.014876493 0.29900002
0.032374591 -0.014789422 0.29725
0.034621935 -0.01464016 0.29425001
0.037038006 -0.014577968 0.29300001
0.039398421 -0.014503336 0.2915
0.041732591 -0.014428706 0.29000002
0.044040516 -0.014354074 0.28850001
0.046362549 -0.014291882 0.28725001
0.048662711 -0.014229689 0.28600001
0.050896276 -0.014155057 0.2845
0.053103603 -0.014080427 0.28300002
0.055382878 -0.014030672 0.28200001
0.05769594 -0.013993355 0.28125
0.060049359 -0.013968479 0.28075001
0.06244969 -0.013956041 0.28050002
0.064845644 -0.013943602 0.28025001
0.071799755 -0.014876493 0.29900002
0.077526398 -0.015498419 0.31150001
0.080122568 -0.015473543 0.31100002
0.081511296 -0.015224773 0.30600002
0.08239986 -0.01490137 0.29950002
0.085800521 -0.015038194 0.30225003
0.08954192 -0.015224773 0.30600002
0.094026998 -0.015523297 0.31200001
0.10001259 -0.016045716 0.32250002
0.10618187 -0.016568134 0.333
0.11024159 -0.016742274 0.33650002
0.11453071 -0.01694129 0.34050003
0.12035654 -0.017351763 0.34875003
0.12526512 -0.017612971 0.354
0.13108143 -0.017986128 0.36150002
0.13675044 -0.018321969 0.36825001
0.14073208 -0.018421477 0.37025002
0 -0 0
0 -0 0
0 -0 0
0 -0 0
0 -0 0
0 -0 0
0 -0 0
0 -0 0
0 -0 0
0 -0 0
0 -0 0
0 -0 0
0 -0 0
0 -0 0
0 -0 0
0 -0 0
0 -0 0
0 -0 0
0 -0 0
0 -0 0
0 -0 0
0 -0 0
0 -0 0
0 -0 0
0 -0 0
0 -0 0
0 -0 0
0 -0 0
0 -0 0
0 -0 0
0 -0 0
0 -0 0
0 -0 0
0 -0 0
0 -0 0
-0 -0 0
-0 -0 0
-0 -0 0
-0 -0 0
-0 -0 0
-0 -0 0
-0 -0 0
-0 -0 0
-0 -0 0
-0 -0 0
-0 -0 0
-0 -0 0
-0 -0 0
-0 -0 0
-0 -0 0
-0 -0 0
-0 -0 0
-0 -0 0
-0 -0 0
-0 -0 0
-0 -0 0
-0 -0 0
-0 -0 0
-0 -0 0
-0 -0 0
-0 -0 0
-0 -0 0
-0 -0 0
-0 -0 0
-0 -0 0
-0 -0 0
-0 -0 0
-0 -0 0
-0 -0 0
-0 -0 0
-0 -0 0
-0 -0 0
-0 -0 0
-0 -0 0
-0 -0 0
-0 -0 0
-0 -0 0
-0 -0 0
-0 -0 0
-0 -0 0
-0 -0 0
-0 -0 0
-0 -0 0
-0 -0 0
-0 -0 0
-0 -0 0
-0 -0 0
-0 -0 0
-0 -0 0
-0 -0 0
-0 -0 0
-0 -0 0
-0 -0 0
-0 -0 0
-0 -0 0
-0 -0 0
-0 -0 0
-0 -0 0
-0 -0 0
-0 -0 0
-0 -0 0
-0 -0 0
-0 -0 0
-0 -0 0
-0 -0 0
-0 -0 0
-0 -0 0
-0 -0 0
-0 -0 0
-0 -0 0
-0 -0 0
-0 -0 0
-0 -0 0
-0 -0 0
-0.0045723054 -0.01383161 0.33725002
-0.0016172495 -0.013790596 0.33625001
0.0013252334 -0.01380085 0.33650002
0.0042594038 -0.013770089 0.33575001
0.0072072451 -0.013790596 0.33625001
0.010080834 -0.013698317 0.33400002
0.012691208 -0.013370213 0.32600001
0.015209293 -0.013083123 0.31900001
0.017760079 -0.012908818 0.31475002
0.020269094 -0.012755021 0.31100002
0.022694018 -0.012590968 0.30700001
0.0252143 -0.012508942 0.30500001
0.027608171 -0.012385904 0.30200002
0.030049721 -0.012303878 0.30000001
0.032429051 -0.012211599 0.29775003
0.034710184 -0.012098813 0.29500002
0.037069611 -0.012027041 0.29325002
0.039398421 -0.011955268 0.2915
0.041732591 -0.011893749 0.29000002
0.044040516 -0.011832229 0.28850001
0.046322197 -0.011770709 0.287
0.048662711 -0.011729697 0.28600001
0.050806828 -0.011647671 0.28400001
0.053103603 -0.011606659 0.28300002
0.055431977 -0.011575898 0.28225002
0.05769594 -0.011534885 0.28125
0.060049359 -0.011514379 0.28075001
0.06250535 -0.011514379 0.28075001
0.065597646 -0.011627165 0.28350002
0.074201077 -0.012672994 0.30900002
0.080512963 -0.013267681 0.32350001
0.083342925 -0.013267681 0.32350001
0.083509117 -0.012857553 0.31350002
0.084738426 -0.012631982 0.30800003
0.088781178 -0.012826793 0.31275001
0.093931228 -0.013165149 0.32100001
0.099451631 -0.013534266 0.33000001
0.10419916 -0.013780343 0.33600003
0.10801534 -0.013893128 0.33875
0.11359961 -0.014221232 0.34675002
0.11814658 -0.014405791 0.35125002
0.1238939 -0.014723641 0.35900003
0.12924601 -0.014979972 0.36525002
0.13298512 -0.015041491 0.36675003
0.13721463 -0.015154276 0.36950001
0 -0 0
0 -0 0
0 -0 0
0 -0 0
0 -0 0
0 -0 0
0 -0 0
0 -0 0
0 -0 0
0 -0 0
0 -0 0
0 -0 0
0 -0 0
0 -0 0
0 -0 0
0 -0 0
0 -0 0
0 -0 0
0 -0 0
0 -0 0
0 -0 0
0 -0 0
0 -0 0
0 -0 0
0 -0 0
0 -0 0
0 -0 0
0 -0 0
0 -0 0
0 -0 0
0 -0 0
0 -0 0
0 -0 0
0 -0 0
0 -0 0
0 -0 0
-0 -0 0
-0 -0 0
-0 -0 0
-0 -0 0
-0 -0 0
-0 -0 0
-0 -0 0
-0 -0 0
-0 -0 0
-0 -0 0
-0 -0 0
-0 -0 0
-0 -0 0
-0 -0 0
-0 -0 0
-0 -0 0
-0 -0 0
-0 -0 0
-0 -0 0
-0 -0 0
-0 -0 0
-0 -0 0
-0 -0 0
-0 -0 0
-0 -0 0
-0 -0 0
-0 -0 0
-0 -0 0
-0 -0 0
-0 -0 0
-0 -0 0
-0 -0 0
-0 -0 0
-0 -0 0
-0 -0 0
-0 -0 0
-0 -0 0
-0 -0 0
-0 -0 0
-0 -0 0
-0 -0 0
-0 -0 0
-0 -0 0
-0 -0 0
-0 -0 0
-0 -0 0
-0 -0 0
-0 -0 0
-0 -0 0
-0 -0 0
-0 -0 0
-0 -0 0
-0 -0 0
-0 -0 0
-0 -0 0
-0 -0 0
-0 -0 0
-0 -0 0
-0 -0 0
-0 -0 0
-0 -0 0
-0 -0 0
-0 -0 0
-0 -0 0
-0 -0 0
-0 -0 0
-0 -0 0
-0 -0 0
-0 -0 0
-0 -0 0
-0 -0 0
-0 -0 0
-0 -0 0
-0 -0 0
-0 -0 0
-0 -0 0
-0 -0 0
-0 -0 0
-0 -0 0
-0.0046468722 -0.011061124 0.34275001
-0.0016569291 -0.011117599 0.34450001
0.001355755 -0.011109532 0.34425002
0.004367237 -0.011109532 0.34425002
0.0073680021 -0.011093396 0.34375003
0.010284563 -0.01099658 0.34075001
0.012798266 -0.01060932 0.32875001
0.015292731 -0.010351147 0.32075003
0.017901145 -0.010238196 0.31725001
0.020301681 -0.010052633 0.31150001
0.022841863 -0.0099719539 0.30900002
0.025296971 -0.0098751392 0.30600002
0.027676735 -0.0097702565 0.30275002
0.030099804 -0.009697644 0.30050001
0.032456279 -0.0096169654 0.29800001
0.034769014 -0.0095362859 0.29550001
0.037132815 -0.0094798105 0.29375002
0.039398421 -0.009407199 0.2915
0.04166064 -0.0093426565 0.28950003
0.043964189 -0.0092942482 0.28800002
0.046322197 -0.009261976 0.287
0.048620172 -0.0092216367 0.28575
0.050806828 -0.0091651613 0.28400001
0.053103603 -0.00913289 0.28300002
0.055431977 -0.0091086859 0.28225002
0.05769594 -0.0090764137 0.28125
0.060049359 -0.0090602785 0.28075001
0.063284583 -0.0091732303 0.28425002
0.068605654 -0.0095685581 0.29650003
0.07822331 -0.010512506 0.32575002
0.083063997 -0.010770679 0.33375001
0.086692102 -0.010859426 0.33650002
0.088437088 -0.010714203 0.33200002
0.090722382 -0.010641592 0.32975
0.094813474 -0.010778747 0.33400002
0.098393686 -0.010851357 0.33625001
0.10171189 -0.010891697 0.33750001
0.10574974 -0.011004648 0.34100002
0.11152285 -0.011287025 0.34975001
0.11613861 -0.011440316 0.35450003
0.12235109 -0.011738829 0.36375001
0.12691359 -0.011867916 0.36775002
0.13057297 -0.011908256 0.36900002
0 -0 0
0 -0 0
0 -0 0
0 -0 0
0 -0 0
0 -0 0
0 -0 0
0 -0 0
0 -0 0
0 -0 0
0 -0 0
0 -0 0
0 -0 0
0 -0 0
0 -0 0
0 -0 0
0 -0 0
0 -0 0
0 -0 0
0 -0 0
0 -0 0
0 -0 0
0 -0 0
0 -0 0
0 -0 0
0 -0 0
0 -0 0
0 -0 0
0 -0 0
0 -0 0
0 -0 0
0 -0 0
0 -0 0
0 -0 0
0 -0 0
0 -0 0
0 -0 0
0 -0 0
-0 -0 0
-0 -0 0
-0 -0 0
-0 -0 0
-0 -0 0
-0 -0 0
-0 -0 0
-0 -0 0
-0 -0 0
-0 -0 0
-0 -0 0
-0 -0 0
-0 -0 0
-0 -0 0
-0 -0 0
-0 -0 0
-0 -0 0
-0 -0 0
-0 -0 0
-0 -0 0
-0 -0 0
-0 -0 0
-0 -0 0
-0 -0 0
-0 -0 0
-0 -0 0
-0 -0 0
-0 -0 0
-0 -0 0
-0 -0 0
-0 -0 0
-0 -0 0
-0 -0 0
-0 -0 0
-0 -0 0
-0 -0 0
-0 -0 0
-0 -0 0
-0 -0 0
-0 -0 0
-0 -0 0
-0 -0 0
-0 -0 0
-0 -0 0
-0 -0 0
-0 -0 0
-0 -0 0
-0 -0 0
-0 -0 0
-0 -0 0
-0 -0 0
-0 -0 0
-0 -0 0
-0 -0 0
-0 -0 0
-0 -0 0
-0 -0 0
-0 -0 0
-0 -0 0
-0 -0 0
-0 -0 0
-0 -0 0
-0 -0 0
-0 -0 0
-0 -0 0
-0 -0 0
-0 -0 0
-0 -0 0
-0 -0 0
-0 -0 0
-0 -0 0
-0 -0 0
-0 -0 0
-0 -0 0
-0 -0 0
-0 -0 0
-0 -0 0
-0 -0 0
-0 -0 0
-0 -0 0
-0.0016954065 -0.0082944902 0.35250002
0.0013833231 -0.0082650771 0.35125002
0.0044750697 -0.0083003724 0.35275
0.0075555509 -0.0082944902 0.35250002
0.010578838 -0.0082474286 0.35050002
0.013207032 -0.0079827113 0.33925003
0.015507282 -0.0076532848 0.32525003
0.018056316 -0.00752975 0.32000002
0.02052979 -0.0074120974 0.31500003
0.022915784 -0.0072944448 0.31
0.025379639 -0.0072238534 0.30700001
0.027768152 -0.0071473792 0.30375001
0.030049721 -0.0070591401 0.30000001
0.032429051 -0.0070061972 0.29775003
0.034857262 -0.006970901 0.29625002
0.037227623 -0.0069297231 0.29450002
0.039466001 -0.006870897 0.29200003
0.041732591 -0.0068238359 0.29000002
0.044040516 -0.0067885397 0.28850001
0.046322197 -0.006753244 0.287
0.048535097 -0.0067120655 0.28525001
0.050762106 -0.0066767703 0.28375003
0.053103603 -0.0066591226 0.28300002
0.055431977 -0.0066414746 0.28225002
0.058054943 -0.0066591226 0.28300002
0.06117228 -0.0067297136 0.28600001
0.064731725 -0.0068414835 0.29075003
0.072423503 -0.0073650368 0.31300002
0.080564596 -0.0078944713 0.3355
0.08468172 -0.0080062412 0.34025002
0.087787025 -0.0080180066 0.34075001
0.090701297 -0.0080121243 0.34050003
0.093404852 -0.0079885935 0.33950001
0.095948972 -0.0079532983 0.33800003
0.099198401 -0.0079768281 0.33900002
0.10359545 -0.008088599 0.34375003
0.10869585 -0.0082474286 0.35050002
0.11518979 -0.0085003814 0.36125001
0.11974234 -0.0086003859 0.3655
0.12420107 -0.0086886259 0.36925003
0 -0 0
0 -0 0
0 -0 0
0 -0 0
0 -0 0
0 -0 0
0 -0 0
0 -0 0
0 -0 0
0 -0 0
0 -0 0
0 -0 0
0 -0 0
0 -0 0
0 -0 0
0 -0 0
0 -0 0
0 -0 0
0 -0 0
0 -0 0
0 -0 0
0 -0 0
0 -0 0
0 -0 0
0 -0 0
0 -0 0
0 -0 0
0 -0 0
0 -0 0
0 -0 0
0 -0 0
0 -0 0
0 -0 0
0 -0 0
0 -0 0
0 -0 0
0 -0 0
0 -0 0
0 -0 0
0 -0 0
-0 -0 0
-0 -0 0
-0 -0 0
-0 -0 0
-0 -0 0
-0 -0 0
-0 -0 0
-0 -0 0
-0 -0 0
-0 -0 0
-0 -0 0
-0 -0 0
-0 -0 0
-0 -0 0
-0 -0 0
-0 -0 0
-0 -0 0
-0 -0 0
-0 -0 0
-0 -0 0
-0 -0 0
-0 -0 0
-0 -0 0
-0 -0 0
-0 -0 0
-0 -0 0
-0 -0 0
-0 -0 0
-0 -0 0
-0 -0 0
-0 -0 0
-0 -0 0
-0 -0 0
-0 -0 0
-0 -0 0
-0 -0 0
-0 -0 0
-0 -0 0
-0 -0 0
-0 -0 0
-0 -0 0
-0 -0 0
-0 -0 0
-0 -0 0
-0 -0 0
-0 -0 0
-0 -0 0
-0 -0 0
-0 -0 0
-0 -0 0
-0 -0 0
-0 -0 0
-0 -0 0
-0 -0 0
-0 -0 0
-0 -0 0
-0 -0 0
-0 -0 0
-0 -0 0
-0 -0 0
-0 -0 0
-0 -0 0
-0 -0 0
-0 -0 0
-0 -0 0
-0 -0 0
-0 -0 0
-0 -0 0
-0 -0 0
-0 -0 0
-0 -0 0
-0 -0 0
-0 -0 0
-0 -0 0
-0 -0 0
-0 -0 0
-0 -0 0
-0 -0 0
-0 -0 0
-0 -0 0
-0.0017194549 -0.0052871527 0.35750002
0.0014207368 -0.0053352178 0.36075002
0.0045765596 -0.0053352178 0.36075002
0.0077216662 -0.0053278231 0.36025003
0.010933479 -0.0053574019 0.36225003
0.01393697 -0.0052945474 0.35800001
0.015995981 -0.0049617891 0.3355
0.018253807 -0.0047843186 0.32350001
0.020578669 -0.0046697017 0.31575
0.023008186 -0.0046031503 0.31125
0.025482977 -0.0045587826 0.30825001
0.02785957 -0.0045070206 0.30475003
0.030074764 -0.0044404687 0.30025002
0.032483507 -0.0044108904 0.29825002
0.034945507 -0.0043924041 0.29700002
0.037290826 -0.0043628253 0.29500002
0.039533578 -0.0043258523 0.29250002
0.041876495 -0.0043036682 0.29100001
0.044155005 -0.0042777872 0.28925002
0.046362549 -0.0042482088 0.28725001
0.048535097 -0.00421863 0.28525001
0.050806828 -0.0042001437 0.28400001
0.053291246 -0.0042001437 0.28400001
0.056217551 -0.0042334194 0.28625003
0.059439644 -0.0042851819 0.28975001
0.062936865 -0.0043517333 0.29425001
0.066846773 -0.0044404687 0.30025002
0.07548935 -0.004824989 0.32625002
0.082305565 -0.0050690114 0.34275001
0.085739464 -0.0050948923 0.34450001
0.088431098 -0.0050764061 0.34325001
0.091367237 -0.0050727087 0.34300002
0.094023883 -0.0050542224 0.34175003
0.097510263 -0.0050801034 0.34350002
0.10249038 -0.0051799305 0.35025001
0.10736255 -0.005268666 0.35625002
0.11280489 -0.0053795855 0.36375001
0.11742184 -0.0054461369 0.36825001
0 -0 0
0 -0 0
0 -0 0
0 -0 0
0 -0 0
0 -0 0
0 -0 0
0 -0 0
0 -0 0
0 -0 0
0 -0 0
0 -0 0
0 -0 0
0 -0 0
0 -0 0
0 -0 0
0 -0 0
0 -0 0
0 -0 0
0 -0 0
0 -0 0
0 -0 0
0 -0 0
0 -0 0
0 -0 0
0 -0 0
0 -0 0
0 -0 0
0 -0 0
0 -0 0
0 -0 0
0 -0 0
0 -0 0
0 -0 0
0 -0 0
0 -0 0
0 -0 0
0 -0 0
0 -0 0
0 -0 0
0 -0 0
0 -0 0
-0 -0 0
-0 -0 0
-0 -0 0
-0 -0 0
-0 -0 0
-0 -0 0
-0 -0 0
-0 -0 0
-0 -0 0
-0 -0 0
-0 -0 0
-0 -0 0
-0 -0 0
-0 -0 0
-0 -0 0
-0 -0 0
-0 -0 0
-0 -0 0
-0 -0 0
-0 -0 0
-0 -0 0
-0 -0 0
-0 -0 0
-0 -0 0
-0 -0 0
-0 -0 0
-0 -0 0
-0 -0 0
-0 -0 0
-0 -0 0
-0 -0 0
-0 -0 0
-0 -0 0
-0 -0 0
-0 -0 0
-0 -0 0
-0 -0 0
-0 -0 0
-0 -0 0
-0 -0 0
-0 -0 0
-0 -0 0
-0 -0 0
-0 -0 0
-0 -0 0
-0 -0 0
-0 -0 0
-0 -0 0
-0 -0 0
-0 -0 0
-0 -0 0
-0 -0 0
-0 -0 0
-0 -0 0
-0 -0 0
-0 -0 0
-0 -0 0
-0 -0 0
-0 -0 0
-0 -0 0
-0 -0 0
-0 -0 0
-0 -0 0
-0 -0 0
-0 -0 0
-0 -0 0
-0 -0 0
-0 -0 0
-0 -0 0
-0 -0 0
-0 -0 0
-0 -0 0
-0 -0 0
-0 -0 0
-0 -0 0
-0 -0 0
-0 -0 0
-0 -0 0
-0 -0 0
-0 -0 0
-0.0017639443 -0.0022181072 0.36675003
0.0014551968 -0.0022347393 0.36950001
0.0047034221 -0.0022422993 0.37075001
0.0079628006 -0.0022468353 0.37150002
0.011182481 -0.0022407873 0.37050003
0.0143944 -0.0022362513 0.36975002
0.016937623 -0.0021485551 0.35525003
0.018507723 -0.0019837469 0.32800001
0.020741604 -0.0019247787 0.31825
0.023100588 -0.0018900026 0.3125
0.025524311 -0.0018673226 0.30875
0.027882423 -0.0018446426 0.30500001
0.030300135 -0.0018295225 0.30250001
0.032537963 -0.0018068425 0.29875001
0.035004336 -0.0017992826 0.29750001
0.037322432 -0.0017856746 0.29525003
0.039533578 -0.0017690426 0.29250002
0.041876495 -0.0017599704 0.29100001
0.044155005 -0.0017493865 0.28925002
0.046322197 -0.0017357784 0.287
0.048620172 -0.0017282184 0.28575
0.051119898 -0.0017282184 0.28575
0.054464027 -0.0017554344 0.29025
0.057739593 -0.0017781145 0.294
0.061080776 -0.0018007946 0.29775003
0.065182701 -0.0018431307 0.30475003
0.070408963 -0.0019126828 0.31625003
0.076761968 -0.0020064267 0.33175001
0.083926469 -0.0021137791 0.34950003
0.08598835 -0.002089587 0.34550002
0.088688731 -0.002082027 0.34425002
0.092033178 -0.002089587 0.34550002
0.09560585 -0.0021016831 0.34750003
0.10091674 -0.0021500671 0.35550001
0.10614814 -0.0021939152 0.36275002
0.11105432 -0.0022286912 0.36850002
0.11412289 -0.0022256672 0.36800003
0.11734213 -0.0022256672 0.36800003
0 -0 0
0 -0 0
0 -0 0
0 -0 0
0 -0 0
0 -0 0
0 -0 0
0 -0 0
0 -0 0
0 -0 0
0 -0 0
0 -0 0
0 -0 0
0 -0 0
0 -0 0
0 -0 0
0 -0 0
0 -0 0
0 -0 0
0 -0 0
0 -0 0
0 -0 0
0 -0 0
0 -0 0
0 -0 0
0 -0 0
0 -0 0
0 -0 0
0 -0 0
0 -0 0
0 -0 0
0 -0 0
0 -0 0
0 -0 0
0 -0 0
0 -0 0
0 -0 0
0 -0 0
0 -0 0
0 -0 0
0 -0 0
0 -0 0
-0 0 0
-0 0 0
-0 0 0
-0 0 0
-0 0 0
-0 0 0
-0 0 0
-0 0 0
-0 0 0
-0 0 0
-0 0 0
-0 0 0
-0 0 0
-0 0 0
-0 0 0
-0 0 0
-0 0 0
-0 0 0
-0 0 0
-0 0 0
-0 0 0
-0 0 0
-0 0 0
-0 0 0
-0 0 0
-0 0 0
-0 0 0
-0 0 0
-0 0 0
-0 0 0
-0 0 0
-0 0 0
-0 0 0
-0 0 0
-0 0 0
-0 0 0
-0 0 0
-0 0 0
-0 0 0
-0 0 0
-0 0 0
-0 0 0
-0 0 0
-0 0 0
-0 0 0
-0 0 0
-0 0 0
-0 0 0
-0 0 0
-0 0 0
-0 0 0
-0 0 0
-0 0 0
-0 0 0
-0 0 0
-0 0 0
-0 0 0
-0 0 0
-0 0 0
-0 0 0
-0 0 0
-0 0 0
-0 0 0
-0 0 0
-0 0 0
-0 0 0
-0 0 0
-0 0 0
-0.081927106 0.002009816 0.74625003
-0.075424202 0.0020104891 0.74650002
-0.068940006 0.0020118358 0.74700004
-0.062467948 0.0020138558 0.74775004
-0 0 0
-0 0 0
-0 0 0
-0 0 0
-0 0 0
-0 0 0
-0 0 0
-0 0 0
-0 0 0
0.0014985179 0.0010247704 0.38050002
0.0048144269 0.0010220773 0.37950003
0.0081503494 0.0010240971 0.38025001
0.011469211 0.0010234239 0.38000003
0.014773969 0.0010220773 0.37950003
0.017950781 0.0010139976 0.37650001
0.01936822 0.00092444796 0.34325001
0.020937126 0.00086519716 0.32125002
0.023322355 0.00084971113 0.31550002
0.02568965 0.00083691831 0.31075001
0.028110968 0.00082816533 0.3075
0.030425342 0.00081806578 0.30375001
0.032619651 0.00080661959 0.29950002
0.035063166 0.00080257974 0.29800001
0.037417233 0.00079719326 0.296
0.039634947 0.00078978698 0.29325002
0.041876495 0.00078372721 0.29100001
0.044078682 0.0007776675 0.28875002
0.046362549 0.0007736276 0.28725001
0.048790321 0.00077228103 0.28675002
0.051880214 0.000781034 0.29000002
0.055636816 0.00079853996 0.29650003
0.059212547 0.00081200607 0.30150002
0.062978327 0.00082681875 0.30700001
0.069674373 0.00087731663 0.32575002
0.076809779 0.00092916115 0.34500003
0.081852444 0.00095272681 0.35375002
0.085247196 0.00095609331 0.35500002
0.087357193 0.00094532041 0.35100001
0.089848064 0.0009392607 0.34875003
0.094230786 0.00095272681 0.35375002
0.098357096 0.00096282637 0.35750002
0.10318772 0.00097898568 0.36350003
0.10783071 0.00099245179 0.36850002
0 0 0
0 0 0
0 0 0
0 0 0
0 0 0
0 0 0
0 0 0
0 0 0
0 0 0
0 0 0
0 0 0
0 0 0
0 0 0
0 0 0
0 0 0
0 0 0
0 0 0
0 0 0
0 0 0
0 0 0
0 0 0
0 0 0
0 0 0
0 0 0
0 0 0
0 0 0
0 0 0
0 0 0
0 0 0
0 0 0
0 0 0
0 0 0
0 0 0
0 0 0
0 0 0
0 0 0
0 0 0
0 0 0
0 0 0
0 0 0
0 0 0
0 0 0
0 0 0
0 0 0
0 0 0
-0 0 0
-0 0 0
-0 0 0
-0 0 0
-0 0 0
-0 0 0
-0 0 0
-0 0 0
-0 0 0
-0 0 0
-0 0 0
-0 0 0
-0 0 0
-0 0 0
-0 0 0
-0 0 0
-0 0 0
-0 0 0
-0 0 0
-0 0 0
-0 0 0
-0 0 0
-0 0 0
-0 0 0
-0 0 0
-0 0 0
-0 0 0
-0 0 0
-0 0 0
-0 0 0
-0 0 0
-0 0 0
-0 0 0
-0 0 0
-0 0 0
-0 0 0
-0 0 0
-0 0 0
-0 0 0
-0 0 0
-0 0 0
-0 0 0
-0 0 0
-0 0 0
-0 0 0
-0 0 0
-0 0 0
-0 0 0
-0 0 0
-0 0 0
-0 0 0
-0 0 0
-0 0 0
-0 0 0
-0 0 0
-0 0 0
-0 0 0
-0 0 0
-0 0 0
-0 0 0
-0 0 0
-0 0 0
-0 0 0
-0 0 0
-0 0 0
-0 0 0
-0 0 0
-0 0 0
-0.082146667 0.0085558267 0.74825001
-0.075676791 0.0085644023 0.74900001
-0.069147654 0.0085672615 0.74925005
-0.06271857 0.0085844137 0.75075006
-0 0 0
-0 0 0
-0 0 0
-0 0 0
-0 0 0
-0 0 0
-0 0 0
-0 0 0
-0 0 0
0.0015063945 0.0043736771 0.38250002
0.0048524854 0.0043736771 0.38250002
0.0081932181 0.0043708184 0.38225001
0.011514485 0.0043622423 0.38150001
0.014842096 0.0043593841 0.38125002
0 0 0
0.019777309 0.0040077744 0.35050002
0.021197824 0.0037190549 0.32525003
0.02358108 0.0036475894 0.31900001
0.025854992 0.0035761241 0.31275001
0.028202388 0.0035275277 0.30850002
0.030575592 0.0034903658 0.30525002
0.03278302 0.0034417694 0.30100003
0.035121996 0.0034131829 0.2985
0.037448838 0.0033874556 0.29625002
0.039668735 0.0033560109 0.29350001
0.041984424 0.0033360007 0.29175001
0.044193171 0.0033102732 0.28950003
0.046644997 0.0033045558 0.289
0.049981367 0.0033588696 0.29375002
0.053579737 0.0034246177 0.29950002
0.057044152 0.0034760728 0.30400002
0.061127376 0.0035589722 0.31125
0.067388862 0.0037562165 0.3285
0.073952146 0.0039534606 0.34575
0.080761589 0.0041478467 0.36275002
0.085323215 0.0042164531 0.36875001
0.088248856 0.0042021601 0.36750001
0.089472681 0.0041106846 0.35950002
0.092617571 0.0041106846 0.35950002
0.096694767 0.0041507049 0.36300001
0.10014541 0.0041621397 0.36400002
0 0 0
0 0 0
0 0 0
0 0 0
0 0 0
0 0 0
0 0 0
0 0 0
0 0 0
0 0 0
0 0 0
0 0 0
0 0 0
0 0 0
0 0 0
0 0 0
0 0 0
0 0 0
0 0 0
0 0 0
0 0 0
0 0 0
0 0 0
0 0 0
0 0 0
0 0 0
0 0 0
0 0 0
0 0 0
0 0 0
0 0 0
0 0 0
0 0 0
0 0 0
0 0 0
0 0 0
0 0 0
0 0 0
0 0 0
0 0 0
0 0 0
0 0 0
0 0 0
0 0 0
0 0 0
0 0 0
0 0 0
-0 0 0
-0 0 0
-0 0 0
-0 0 0
-0 0 0
-0 0 0
-0 0 0
-0 0 0
-0 0 0
-0 0 0
-0 0 0
-0 0 0
-0 0 0
-0 0 0
-0 0 0
-0 0 0
-0 0 0
-0 0 0
-0 0 0
-0 0 0
-0 0 0
-0 0 0
-0 0 0
-0 0 0
-0 0 0
-0 0 0
-0 0 0
-0 0 0
-0 0 0
-0 0 0
-0 0 0
-0 0 0
-0 0 0
-0 0 0
-0 0 0
-0 0 0
-0 0 0
-0 0 0
-0 0 0
-0 0 0
-0 0 0
-0 0 0
-0 0 0
-0 0 0
-0 0 0
-0 0 0
-0 0 0
-0 0 0
-0 0 0
-0 0 0
-0 0 0
-0 0 0
-0 0 0
-0 0 0
-0 0 0
-0 0 0
-0 0 0
-0 0 0
-0 0 0
-0 0 0
-0 0 0
-0 0 0
-0 0 0
-0 0 0
-0 0 0
-0 0 0
-0 0 0
-0 0 0
-0 0 0
-0.076788209 0.015333517 0.76000005
-0.070670426 0.015449527 0.76575005
-0.063324243 0.015293165 0.75800002
-0 0 0
-0 0 0
-0 0 0
-0 0 0
-0 0 0
-0 0 0
-0 0 0
-0 0 0
-0 0 0
0 0 0
0 0 0
0 0 0
0 0 0
0 0 0
0 0 0
0 0 0
0.021230409 0.0065722279 0.32575002
0.023858288 0.0065117003 0.32275
0.026040999 0.0063553392 0.31500003
0.028339513 0.0062544607 0.31
0.030600632 0.0061636698 0.3055
0.032946389 0.0061031431 0.30250001
0.035298493 0.0060527041 0.30000001
0.03760685 0.0060022646 0.29750001
0.039770104 0.0059366939 0.29425001
0.042128328 0.0059064301 0.29275
0.04468929 0.0059064301 0.29275
0.04809761 0.0060123522 0.29800001
0.051640324 0.0061233188 0.30350003
0.055234537 0.0062292409 0.30875
0.059389714 0.0063856025 0.31650001
0.064711556 0.0066478867 0.32950002
0.070004411 0.0068849502 0.34125
0.073845208 0.006965653 0.34525001
0.08065027 0.0073086401 0.36225003
0 0 0
0.088969253 0.0074750893 0.37050003
0.09152595 0.0074196062 0.36775002
0.094743006 0.0074196062 0.36775002
0.098026656 0.0074246502 0.36800003
0 0 0
0 0 0
0 0 0
0 0 0
0 0 0
0 0 0
0 0 0
0 0 0
0 0 0
0 0 0
0 0 0
0 0 0
0 0 0
0 0 0
0 0 0
0 0 0
0 0 0
0 0 0
0 0 0
0 0 0
0 0 0
0 0 0
0 0 0
0 0 0
0 0 0
0 0 0
0 0 0
0 0 0
0 0 0
0 0 0
0 0 0
0 0 0
0 0 0
0 0 0
0 0 0
0 0 0
0 0 0
0 0 0
0 0 0
0 0 0
0 0 0
0 0 0
0 0 0
0 0 0
0 0 0
0 0 0
0 0 0
0 0 0
-0 0 0
-0 0 0
-0 0 0
-0 0 0
-0 0 0
-0 0 0
-0 0 0
-0 0 0
-0 0 0
-0 0 0
-0 0 0
-0 0 0
-0 0 0
-0 0 0
-0 0 0
-0 0 0
-0 0 0
-0 0 0
-0 0 0
-0 0 0
-0 0 0
-0 0 0
-0 0 0
-0 0 0
-0 0 0
-0 0 0
-0 0 0
-0 0 0
-0 0 0
-0 0 0
-0 0 0
-0 0 0
-0 0 0
-0 0 0
-0 0 0
-0 0 0
-0 0 0
-0 0 0
-0 0 0
-0 0 0
-0 0 0
-0 0 0
-0 0 0
-0 0 0
-0 0 0
-0.23619531 0.021962391 0.75950003
-0.22947569 0.021955162 0.75925004
-0 0 0
-0 0 0
-0 0 0
-0 0 0
-0 0 0
-0 0 0
-0 0 0
-0 0 0
-0 0 0
-0 0 0
-0 0 0
-0 0 0
-0 0 0
-0 0 0
-0 0 0
-0 0 0
-0 0 0
-0 0 0
-0 0 0
-0 0 0
-0 0 0
-0 0 0
-0.078707911 0.022526272 0.77900004
-0.072170123 0.022613022 0.78200006
-0 0 0
-0 0 0
-0 0 0
-0 0 0
-0 0 0
-0 0 0
-0 0 0
-0 0 0
-0 0 0
-0 0 0
0 0 0
0 0 0
0 0 0
0 0 0
0 0 0
0 0 0
0 0 0
0 0 0
0.024043094 0.0094052246 0.32525003
0.02635101 0.0092172651 0.31875002
0.028568057 0.0090365335 0.3125
0.03075088 0.0088774906 0.30700001
0.033109762 0.0087907398 0.30400002
0.035474986 0.0087184478 0.30150002
0.037701659 0.008624468 0.29825002
0.040040419 0.0085666338 0.29625002
0.042703953 0.0085810926 0.29675001
0.045910519 0.0086967601 0.30075002
0.049267773 0.0088268863 0.30525002
0.05308659 0.0090220748 0.31200001
0.057917997 0.0093618492 0.32375002
0.062626593 0.0096510183 0.33375001
0.066331796 0.0097666858 0.33775002
0.070158266 0.0098895822 0.34200001
0.073738262 0.0099691041 0.34475002
0 0 0
0 0 0
0.089209385 0.010742631 0.37150002
0.092085928 0.010699255 0.37
0 0 0
0 0 0
0 0 0
0 0 0
0 0 0
0 0 0
0 0 0
0 0 0
0 0 0
0 0 0
0 0 0
0 0 0
0 0 0
0 0 0
0 0 0
0 0 0
0 0 0
0 0 0
0 0 0
0 0 0
0 0 0
0 0 0
0 0 0
0 0 0
0 0 0
0 0 0
0 0 0
0 0 0
0 0 0
0 0 0
0 0 0
0 0 0
0 0 0
0 0 0
0 0 0
0 0 0
0 0 0
0 0 0
0 0 0
0 0 0
0 0 0
0 0 0
0 0 0
0 0 0
0 0 0
0 0 0
0 0 0
0 0 0
0 0 0
0 0 0
-0 0 0
-0 0 0
-0 0 0
-0 0 0
-0 0 0
-0 0 0
-0 0 0
-0 0 0
-0 0 0
-0 0 0
-0 0 0
-0 0 0
-0 0 0
-0 0 0
-0 0 0
-0 0 0
-0 0 0
-0 0 0
-0 0 0
-0 0 0
-0 0 0
-0 0 0
-0 0 0
-0 0 0
-0 0 0
-0 0 0
-0 0 0
-0 0 0
-0 0 0
-0 0 0
-0 0 0
-0 0 0
-0 0 0
-0 0 0
-0 0 0
-0 0 0
-0 0 0
-0 0 0
-0 0 0
-0 0 0
-0 0 0
-0 0 0
-0 0 0
-0 0 0
-0 0 0
-0.23549558 0.028516624 0.75725001
-0.22940014 0.028582528 0.75900006
-0 0 0
-0 0 0
-0 0 0
-0 0 0
-0 0 0
-0 0 0
-0 0 0
-0 0 0
-0 0 0
-0 0 0
-0 0 0
-0 0 0
-0 0 0
-0 0 0
-0 0 0
-0 0 0
-0 0 0
-0 0 0
-0 0 0
-0 0 0
-0 0 0
-0 0 0
-0.081511691 0.030380704 0.80675006
-0.074708074 0.030484263 0.80950004
-0 0 0
-0 0 0
-0 0 0
-0 0 0
-0 0 0
-0 0 0
-0 0 0
-0 0 0
-0 0 0
-0 0 0
0 0 0
0 0 0
0 0 0
0 0 0
0 0 0
0 0 0
0 0 0
0 0 0
0.024098534 0.012276553 0.32600001
0.02651635 0.012078849 0.32075003
0.028705185 0.011824655 0.31400001
0.030800963 0.011579877 0.3075
0.033191446 0.011476318 0.30475003
0.035533816 0.011372758 0.30200002
0.037764862 0.011250368 0.29875001
0.040547259 0.011297441 0.30000001
0.04378324 0.011457488 0.30425
0.047437053 0.011702267 0.31075001
0.051567744 0.012031776 0.31950003
0.056191821 0.0124366 0.33025002
0.059841141 0.012596647 0.33450001
0.063283354 0.012700208 0.33725002
0.06716647 0.012879083 0.34200001
0.071286544 0.013086203 0.34750003
0.075235486 0.01324625 0.35175002
0 0 0
0 0 0
0 0 0
0 0 0
0 0 0
0 0 0
0 0 0
0 0 0
0 0 0
0 0 0
0 0 0
0 0 0
0 0 0
0 0 0
0 0 0
0 0 0
0 0 0
0 0 0
0 0 0
0 0 0
0 0 0
0 0 0
0 0 0
0 0 0
0 0 0
0 0 0
0 0 0
0 0 0
0 0 0
0 0 0
0 0 0
0 0 0
0 0 0
0 0 0
0 0 0
0 0 0
0 0 0
0 0 0
0 0 0
0 0 0
0 0 0
0 0 0
0 0 0
0 0 0
0 0 0
0 0 0
0 0 0
0 0 0
0 0 0
0 0 0
0 0 0
0 0 0
0 0 0
0 0 0
-0 0 0
-0 0 0
-0 0 0
-0 0 0
-0 0 0
-0 0 0
-0 0 0
-0 0 0
-0 0 0
-0 0 0
-0 0 0
-0 0 0
-0 0 0
-0 0 0
-0 0 0
-0 0 0
-0 0 0
-0 0 0
-0 0 0
-0 0 0
-0 0 0
-0 0 0
-0 0 0
-0 0 0
-0 0 0
-0 0 0
-0 0 0
-0 0 0
-0 0 0
-0 0 0
-0 0 0
-0 0 0
-0 0 0
-0 0 0
-0 0 0
-0 0 0
-0 0 0
-0 0 0
-0 0 0
-0 0 0
-0 0 0
-0 0 0
-0 0 0
-0 0 0
-0 0 0
-0.23541784 0.035124321 0.75700003
-0.22887121 0.035135921 0.75725001
-0 0 0
-0 0 0
-0 0 0
-0 0 0
-0 0 0
-0 0 0
-0 0 0
-0 0 0
-0 0 0
-0 0 0
-0 0 0
-0 0 0
-0 0 0
-0 0 0
-0 0 0
-0 0 0
-0 0 0
-0 0 0
-0 0 0
-0 0 0
-0 0 0
-0 0 0
-0.082522064 0.037896685 0.81675005
-0.075377174 0.037896685 0.81675005
-0 0 0
-0 0 0
-0 0 0
-0 0 0
-0 0 0
-0 0 0
-0 0 0
-0 0 0
-0 0 0
-0 0 0
0 0 0
0 0 0
0 0 0
0 0 0
0 0 0
0 0 0
0 0 0
0 0 0
0 0 0
0.02651635 0.014882598 0.32075003
0.029002292 0.0147202 0.31725001
0.031126503 0.014418603 0.31075001
0.033354815 0.014209806 0.30625001
0.035798553 0.014117007 0.30425
0.038586527 0.014163407 0.30525002
0.041763678 0.014337405 0.30900002
0.045546085 0.0146854 0.31650001
0.049993999 0.015195793 0.32750002
0.053706311 0.01543939 0.33275002
0.056957491 0.015532189 0.33475003
0.060735628 0.015752586 0.33950001
0.065300539 0.01614698 0.34800002
0.069424987 0.016402176 0.35350001
0.073286667 0.016576175 0.35725001
0.076037571 0.016494974 0.35550001
0 0 0
0 0 0
0 0 0
0 0 0
0 0 0
0 0 0
0 0 0
0 0 0
0 0 0
0 0 0
0 0 0
0 0 0
0 0 0
0 0 0
0 0 0
0 0 0
0 0 0
0 0 0
0 0 0
0 0 0
0 0 0
0 0 0
0 0 0
0 0 0
0 0 0
0 0 0
0 0 0
0 0 0
0 0 0
0 0 0
0 0 0
0 0 0
0 0 0
0 0 0
0 0 0
0 0 0
0 0 0
0 0 0
0 0 0
0 0 0
0 0 0
0 0 0
0 0 0
0 0 0
0 0 0
0 0 0
0 0 0
0 0 0
0 0 0
0 0 0
0 0 0
0 0 0
0 0 0
0 0 0
-0 0 0
-0 0 0
-0 0 0
-0 0 0
-0 0 0
-0 0 0
-0 0 0
-0 0 0
-0 0 0
-0 0 0
-0 0 0
-0 0 0
-0 0 0
-0 0 0
-0 0 0
-0 0 0
-0 0 0
-0 0 0
-0 0 0
-0 0 0
-0 0 0
-0 0 0
-0 0 0
-0 0 0
-0 0 0
-0 0 0
-0 0 0
-0 0 0
-0 0 0
-0 0 0
-0 0 0
-0 0 0
-0 0 0
-0 0 0
-0 0 0
-0 0 0
-0 0 0
-0 0 0
-0 0 0
-0 0 0
-0 0 0
-0 0 0
-0 0 0
-0 0 0
-0 0 0
-0 0 0
-0 0 0
-0 0 0
-0 0 0
-0 0 0
-0 0 0
-0 0 0
-0 0 0
-0 0 0
-0 0 0
-0 0 0
-0 0 0
-0 0 0
-0 0 0
-0 0 0
-0 0 0
-0 0 0
-0 0 0
-0 0 0
-0 0 0
-0 0 0
-0 0 0
-0 0 0
-0 0 0
-0.082673617 0.045118794 0.81825006
-0.075515606 0.045118794 0.81825006
-0 0 0
-0 0 0
-0 0 0
-0 0 0
-0 0 0
-0 0 0
-0 0 0
-0 0 0
-0 0 0
-0 0 0
0 0 0
0 0 0
0 0 0
0 0 0
0 0 0
0 0 0
0 0 0
0 0 0
0 0 0
0.026537016 0.01770013 0.32100001
0.029230837 0.017631205 0.31975001
0.031401958 0.017286576 0.31350002
0.03368156 0.017052229 0.30925003
0.036298618 0.017010873 0.30850002
0.039692607 0.017314147 0.31400001
0.04372346 0.017837983 0.32350001
0.047776621 0.018306678 0.33200002
0.051024407 0.018430743 0.33425
0.054715071 0.018692661 0.33900002
0.058658984 0.019009721 0.34475002
0.062882394 0.019381918 0.3515
0.066942438 0.019671407 0.35675001
0.070848845 0.01989197 0.36075002
0.074517518 0.020029821 0.36325002
0 0 0
0 0 0
0 0 0
0 0 0
0 0 0
0 0 0
0 0 0
0 0 0
0 0 0
0 0 0
0 0 0
0 0 0
0 0 0
0 0 0
0 0 0
0 0 0
0 0 0
0 0 0
0 0 0
0 0 0
0 0 0
0 0 0
0 0 0
0 0 0
0 0 0
0 0 0
0 0 0
0 0 0
0 0 0
0 0 0
0 0 0
0 0 0
0 0 0
0 0 0
0 0 0
0 0 0
0 0 0
0 0 0
0 0 0
0 0 0
0 0 0
0 0 0
0 0 0
0 0 0
0 0 0
0 0 0
0 0 0
0 0 0
0 0 0
0 0 0
0 0 0
0 0 0
0 0 0
0 0 0
0 0 0
-0 0 0
-0 0 0
-0 0 0
-0 0 0
-0 0 0
-0 0 0
-0 0 0
-0 0 0
-0 0 0
-0 0 0
-0 0 0
-0 0 0
-0 0 0
-0 0 0
-0 0 0
-0 0 0
-0 0 0
-0 0 0
-0 0 0
-0 0 0
-0 0 0
-0 0 0
-0 0 0
-0 0 0
-0 0 0
-0 0 0
-0 0 0
-0 0 0
-0 0 0
-0 0 0
-0 0 0
-0 0 0
-0 0 0
-0 0 0
-0 0 0
-0 0 0
-0 0 0
-0 0 0
-0 0 0
-0 0 0
-0 0 0
-0 0 0
-0 0 0
-0 0 0
-0 0 0
-0 0 0
-0 0 0
-0 0 0
-0 0 0
-0 0 0
-0 0 0
-0 0 0
-0 0 0
-0 0 0
-0 0 0
-0 0 0
-0 0 0
-0 0 0
-0 0 0
-0 0 0
-0 0 0
-0 0 0
-0 0 0
-0 0 0
-0 0 0
-0 0 0
-0 0 0
-0 0 0
-0 0 0
-0.082698874 0.052287273 0.81850004
-0.07553868 0.052287273 0.81850004
-0 0 0
-0 0 0
-0 0 0
-0 0 0
-0 0 0
-0 0 0
-0 0 0
-0 0 0
-0 0 0
-0 0 0
0 0 0
0 0 0
0 0 0
0 0 0
0 0 0
0 0 0
0 0 0
0 0 0
0 0 0
0 0 0
0.029847909 0.020857416 0.32650003
0.0321532 0.020506065 0.32100001
0.034171671 0.020042924 0.31375003
0.037622306 0.020426214 0.31975001
0.041746765 0.021096973 0.33025002
0.045176402 0.0213525 0.33425
0.048388217 0.021480262 0.33625001
0.051902164 0.021719819 0.34
0.056086984 0.022198934 0.34750003
0.060445555 0.02269402 0.35525003
0.06440302 0.022997458 0.36000001
0.067833751 0.023093279 0.36150002
0 0 0
0 0 0
0 0 0
0 0 0
0 0 0
0 0 0
0 0 0
0 0 0
0 0 0
0 0 0
0 0 0
0 0 0
0 0 0
0 0 0
0 0 0
0 0 0
0 0 0
0 0 0
0 0 0
0 0 0
0 0 0
0 0 0
0 0 0
0 0 0
0 0 0
0 0 0
0 0 0
0 0 0
0 0 0
0 0 0
0 0 0
0 0 0
0 0 0
0 0 0
0 0 0
0 0 0
0 0 0
0 0 0
0 0 0
0 0 0
0 0 0
0 0 0
0 0 0
0 0 0
0 0 0
0 0 0
0 0 0
0 0 0
0 0 0
0 0 0
0 0 0
0 0 0
0 0 0
0 0 0
0 0 0
0 0 0
0 0 0
-0 0 0
-0 0 0
-0 0 0
-0 0 0
-0 0 0
-0 0 0
-0 0 0
-0 0 0
-0 0 0
-0 0 0
-0 0 0
-0 0 0
-0 0 0
-0 0 0
-0 0 0
-0 0 0
-0 0 0
-0 0 0
-0 0 0
-0 0 0
-0 0 0
-0 0 0
-0 0 0
-0 0 0
-0 0 0
-0 0 0
-0 0 0
-0 0 0
-0 0 0
-0 0 0
-0 0 0
-0 0 0
-0 0 0
-0 0 0
-0 0 0
-0 0 0
-0 0 0
-0 0 0
-0 0 0
-0 0 0
-0 0 0
-0 0 0
-0 0 0
-0 0 0
-0 0 0
-0 0 0
-0 0 0
-0 0 0
-0 0 0
-0 0 0
-0 0 0
-0 0 0
-0 0 0
-0 0 0
-0 0 0
-0 0 0
-0 0 0
-0 0 0
-0 0 0
-0 0 0
-0 0 0
-0 0 0
-0 0 0
-0 0 0
-0 0 0
-0 0 0
-0 0 0
-0 0 0
-0 0 0
-0.082572579 0.059351191 0.81725001
-0.07544639 0.059369348 0.81750005
-0 0 0
-0 0 0
-0 0 0
-0 0 0
-0 0 0
-0 0 0
-0 0 0
-0 0 0
-0 0 0
-0 0 0
0 0 0
0 0 0
0 0 0
0 0 0
0 0 0
0 0 0
0 0 0
0 0 0
0 0 0
0 0 0
0 0 0
0.033029649 0.023947451 0.32975
0.035832603 0.023892986 0.32900003
0.039181326 0.024183476 0.333
0.042378813 0.024346879 0.33525002
0.045953561 0.024691837 0.34
0.049683366 0.025073109 0.34525001
0.053695846 0.025545159 0.35175002
0.057378192 0.025817497 0.35550001
0.061041072 0.026053522 0.35875002
0 0 0
0 0 0
0.35286945 0.13048548 1.7967501
0.36745906 0.13008605 1.7912501
0.38200593 0.12970477 1.7860001
0.39751843 0.12966846 1.7855
0 0 0
0 0 0
0 0 0
0 0 0
0 0 0
0 0 0
0 0 0
0 0 0
0 0 0
0 0 0
0 0 0
0 0 0
0 0 0
0 0 0
0 0 0
0 0 0
0 0 0
0 0 0
0 0 0
0 0 0
0 0 0
0 0 0
0 0 0
0 0 0
0 0 0
0 0 0
0 0 0
0 0 0
0 0 0
0 0 0
0 0 0
0 0 0
0 0 0
0 0 0
0 0 0
0 0 0
0 0 0
0 0 0
0 0 0
0 0 0
0 0 0
0 0 0
0 0 0
0 0 0
0 0 0
0 0 0
0 0 0
0 0 0
0 0 0
0 0 0
0 0 0
0 0 0
0 0 0
-0 0 0
-0 0 0
-0 0 0
-0 0 0
-0 0 0
-0 0 0
-0 0 0
-0 0 0
-0 0 0
-0 0 0
-0 0 0
-0 0 0
-0 0 0
-0 0 0
-0 0 0
-0 0 0
-0 0 0
-0 0 0
-0 0 0
-0 0 0
-0 0 0
-0 0 0
-0 0 0
-0 0 0
-0 0 0
-0 0 0
-0 0 0
-0 0 0
-0 0 0
-0 0 0
-0 0 0
-0 0 0
-0 0 0
-0 0 0
-0 0 0
-0 0 0
-0 0 0
-0 0 0
-0 0 0
-0 0 0
-0 0 0
-0 0 0
-0 0 0
-0 0 0
-0 0 0
-0 0 0
-0 0 0
-0 0 0
-0 0 0
-0 0 0
-0 0 0
-0 0 0
-0 0 0
-0 0 0
-0 0 0
-0 0 0
-0 0 0
-0 0 0
-0 0 0
-0 0 0
-0 0 0
-0 0 0
-0 0 0
-0 0 0
-0 0 0
-0 0 0
-0 0 0
-0 0 0
-0 0 0
-0.082092658 0.06610848 0.81250006
-0.074984945 0.06610848 0.81250006
-0 0 0
-0 0 0
-0 0 0
-0 0 0
-0 0 0
-0 0 0
-0 0 0
-0 0 0
-0 0 0
-0 0 0
0 0 0
0 0 0
0 0 0
0 0 0
0 0 0
0 0 0
0 0 0
0 0 0
0 0 0
0 0 0
0 0 0
0.033280067 0.027033284 0.33225003
0.036186576 0.027033284 0.33225003
0.039387234 0.027236694 0.33475003
0.04288445 0.027602835 0.33925003
0.046832085 0.028192725 0.34650001
0.05094254 0.028802956 0.354
0.054230135 0.028904663 0.35525003
0 0 0
0 0 0
0 0 0
0 0 0
0.35326225 0.146354 1.79875
0.36776677 0.14586583 1.7927501
0 0 0
0 0 0
0 0 0
0 0 0
0 0 0
0 0 0
0 0 0
0 0 0
0 0 0
0 0 0
0 0 0
0 0 0
0 0 0
0 0 0
0 0 0
0 0 0
0 0 0
0 0 0
0 0 0
0 0 0
0 0 0
0 0 0
0 0 0
0 0 0
0 0 0
0 0 0
0 0 0
0 0 0
0 0 0
0 0 0
0 0 0
0 0 0
0 0 0
0 0 0
0 0 0
0 0 0
0 0 0
0 0 0
0 0 0
0 0 0
0 0 0
0 0 0
0 0 0
0 0 0
0 0 0
0 0 0
0 0 0
0 0 0
0 0 0
0 0 0
0 0 0
0 0 0
0 0 0
0 0 0
0 0 0
-0 0 0
-0 0 0
-0 0 0
-0 0 0
-0 0 0
-0 0 0
-0 0 0
-0 0 0
-0 0 0
-0 0 0
-0 0 0
-0 0 0
-0 0 0
-0 0 0
-0 0 0
-0 0 0
-0 0 0
-0 0 0
-0 0 0
-0 0 0
-0 0 0
-0 0 0
-0 0 0
-0 0 0
-0 0 0
-0 0 0
-0 0 0
-0 0 0
-0 0 0
-0 0 0
-0 0 0
-0 0 0
-0 0 0
-0 0 0
-0 0 0
-0 0 0
-0 0 0
-0 0 0
-0 0 0
-0 0 0
-0 0 0
-0 0 0
-0 0 0
-0 0 0
-0 0 0
-0 0 0
-0 0 0
-0 0 0
-0 0 0
-0 0 0
-0 0 0
-0 0 0
-0 0 0
-0 0 0
-0 0 0
-0 0 0
-0 0 0
-0 0 0
-0 0 0
-0 0 0
-0 0 0
-0 0 0
-0 0 0
-0 0 0
-0 0 0
-0 0 0
-0 0 0
-0 0 0
-0 0 0
-0.082016878 0.073143154 0.81175005
-0.074938796 0.073165677 0.81200004
-0 0 0
-0 0 0
-0 0 0
-0 0 0
-0 0 0
-0 0 0
-0 0 0
-0 0 0
-0 0 0
-0 0 0
0 0 0
0 0 0
0 0 0
0 0 0
0 0 0
0 0 0
0 0 0
0 0 0
0 0 0
0 0 0
0 0 0
0 0 0
0 0 0
0 0 0
0 0 0
0 0 0
0 0 0
0 0 0
0.29112774 0.16252781 1.80375
0 0 0
0 0 0
0 0 0
0 0 0
0 0 0
0 0 0
0 0 0
0 0 0
0 0 0
0 0 0
0 0 0
0 0 0
0 0 0
0 0 0
0 0 0
0 0 0
0 0 0
0 0 0
0 0 0
0 0 0
0 0 0
0 0 0
0 0 0
0 0 0
0 0 0
0 0 0
0 0 0
0 0 0
0 0 0
0 0 0
0 0 0
0 0 0
0 0 0
0 0 0
0 0 0
0 0 0
0 0 0
0 0 0
0 0 0
0 0 0
0 0 0
0 0 0
0 0 0
0 0 0
0 0 0
0 0 0
0 0 0
0 0 0
0 0 0
0 0 0
0 0 0
0 0 0
0 0 0
0 0 0
0 0 0
0 0 0
0 0 0
0 0 0
0 0 0
0 0 0
-0 0 0
-0 0 0
-0 0 0
-0 0 0
-0 0 0
-0 0 0
-0 0 0
-0 0 0
-0 0 0
-0 0 0
-0 0 0
-0 0 0
-0 0 0
-0 0 0
-0 0 0
-0 0 0
-0 0 0
-0 0 0
-0 0 0
-0 0 0
-0 0 0
-0 0 0
-0 0 0
-0 0 0
-0 0 0
-0 0 0
-0 0 0
-0 0 0
-0 0 0
-0 0 0
-0 0 0
-0 0 0
-0 0 0
-0 0 0
-0 0 0
-0 0 0
-0 0 0
-0 0 0
-0 0 0
-0 0 0
-0 0 0
-0 0 0
-0 0 0
-0 0 0
-0 0 0
-0 0 0
-0 0 0
-0 0 0
-0 0 0
-0 0 0
-0 0 0
-0 0 0
-0 0 0
-0 0 0
-0 0 0
-0 0 0
-0 0 0
-0 0 0
-0 0 0
-0 0 0
-0 0 0
-0 0 0
-0 0 0
-0 0 0
-0 0 0
-0 0 0
-0 0 0
-0 0 0
-0 0 0
-0.081612729 0.079843462 0.80775005
-0.074754223 0.080065869 0.81000006
-0 0 0
-0 0 0
-0 0 0
-0 0 0
-0 0 0
-0 0 0
-0 0 0
-0 0 0
-0 0 0
-0 0 0
0 0 0
0 0 0
0 0 0
0 0 0
0 0 0
0 0 0
0 0 0
0 0 0
0 0 0
0 0 0
0 0 0
0 0 0
0 0 0
0 0 0
0 0 0
0 0 0
0.25964147 0.17834425 1.8042501
0.27569211 0.17851722 1.8060001
0.29128915 0.17839366 1.8047501
0 0 0
0 0 0
0 0 0
0 0 0
0 0 0
0 0 0
0 0 0
0 0 0
0 0 0
0 0 0
0 0 0
0 0 0
0 0 0
0 0 0
0 0 0
0 0 0
0 0 0
0 0 0
0 0 0
0 0 0
0 0 0
0 0 0
0 0 0
0 0 0
0 0 0
0 0 0
0 0 0
0 0 0
0 0 0
0 0 0
0 0 0
0 0 0
0 0 0
0 0 0
0 0 0
0 0 0
0 0 0
0 0 0
0 0 0
0 0 0
0 0 0
0 0 0
0 0 0
0 0 0
0 0 0
0 0 0
0 0 0
0 0 0
0 0 0
0 0 0
0 0 0
0 0 0
0 0 0
0 0 0
0 0 0
0 0 0
0 0 0
0 0 0
0 0 0
0 0 0
-0 0 0
-0 0 0
-0 0 0
-0 0 0
-0 0 0
-0 0 0
-0 0 0
-0 0 0
-0 0 0
-0 0 0
-0 0 0
-0 0 0
-0 0 0
-0 0 0
-0 0 0
-0 0 0
-0 0 0
-0 0 0
-0 0 0
-0 0 0
-0 0 0
-0 0 0
-0 0 0
-0 0 0
-0 0 0
-0 0 0
-0 0 0
-0 0 0
-0 0 0
-0 0 0
-0 0 0
-0 0 0
-0 0 0
-0 0 0
-0 0 0
-0 0 0
-0 0 0
-0 0 0
-0 0 0
-0 0 0
-0 0 0
-0 0 0
-0 0 0
-0 0 0
-0 0 0
-0 0 0
-0 0 0
-0 0 0
-0 0 0
-0 0 0
-0 0 0
-0 0 0
-0 0 0
-0 0 0
-0 0 0
-0 0 0
-0 0 0
-0 0 0
-0 0 0
-0 0 0
-0 0 0
-0 0 0
-0 0 0
-0 0 0
-0 0 0
-0 0 0
-0 0 0
-0 0 0
-0 0 0
-0.081435911 0.086715907 0.80600005
-0.074431203 0.0867697 0.80650002
-0 0 0
-0 0 0
-0 0 0
-0 0 0
-0 0 0
-0 0 0
-0 0 0
-0 0 0
-0 0 0
-0 0 0
0 0 0
0 0 0
0 0 0
0 0 0
0 0 0
0 0 0
0 0 0
0 0 0
0 0 0
0 0 0
0 0 0
0 0 0
0 0 0
0 0 0
0 0 0
0 0 0
0.25964147 0.19411561 1.8042501
0.27565396 0.19427699 1.8057501
0.2913295 0.1941963 1.8050001
0 0 0
0 0 0
0 0 0
0 0 0
0 0 0
0 0 0
0 0 0
0 0 0
0 0 0
0 0 0
0 0 0
0 0 0
0 0 0
0 0 0
0 0 0
0 0 0
0 0 0
0 0 0
0 0 0
0 0 0
0 0 0
0 0 0
0 0 0
0 0 0
0 0 0
0 0 0
0 0 0
0 0 0
0 0 0
0 0 0
0 0 0
0 0 0
0 0 0
0 0 0
0 0 0
0 0 0
0 0 0
0 0 0
0 0 0
0 0 0
0 0 0
0 0 0
0 0 0
0 0 0
0 0 0
0 0 0
0 0 0
0 0 0
0 0 0
0 0 0
0 0 0
0 0 0
0 0 0
0 0 0
0 0 0
0 0 0
0 0 0
0 0 0
0 0 0
0 0 0
-0 0 0
-0 0 0
-0 0 0
-0 0 0
-0 0 0
-0 0 0
-0 0 0
-0 0 0
-0 0 0
-0 0 0
-0 0 0
-0 0 0
-0 0 0
-0 0 0
-0 0 0
-0 0 0
-0 0 0
-0 0 0
-0 0 0
-0 0 0
-0 0 0
-0 0 0
-0 0 0
-0 0 0
-0 0 0
-0 0 0
-0 0 0
-0 0 0
-0 0 0
-0 0 0
-0 0 0
-0 0 0
-0 0 0
-0 0 0
-0 0 0
-0 0 0
-0 0 0
-0 0 0
-0 0 0
-0 0 0
-0 0 0
-0 0 0
-0 0 0
-0 0 0
-0 0 0
-0 0 0
-0 0 0
-0 0 0
-0 0 0
-0 0 0
-0 0 0
-0 0 0
-0 0 0
-0 0 0
-0 0 0
-0 0 0
-0 0 0
-0 0 0
-0 0 0
-0 0 0
-0 0 0
-0 0 0
-0 0 0
-0 0 0
-0 0 0
-0 0 0
-0 0 0
-0 0 0
-0 0 0
-0.081486426 0.093819499 0.80650002
-0.074454285 0.093848586 0.80675006
-0 0 0
-0 0 0
-0 0 0
-0 0 0
-0 0 0
-0.01142302 0.03338648 0.287
-0 0 0
-0 0 0
-0 0 0
-0 0 0
0 0 0
0 0 0
0 0 0
0 0 0
0.011279993 0.033706386 0.28975001
0.013898147 0.033909962 0.2915
0.01643407 0.033880878 0.29125002
0 0 0
0.02117862 0.033328313 0.28650001
0 0 0
0 0 0
0 0 0
0 0 0
0 0 0
0 0 0
0 0 0
0 0 0
0 0 0
0 0 0
0 0 0
0 0 0
0 0 0
0 0 0
0 0 0
0 0 0
0 0 0
0 0 0
0 0 0
0 0 0
0 0 0
0 0 0
0 0 0
0 0 0
0 0 0
0 0 0
0 0 0
0 0 0
0 0 0
0 0 0
0 0 0
0 0 0
0 0 0
0 0 0
0 0 0
0 0 0
0 0 0
0 0 0
0 0 0
0 0 0
0 0 0
0 0 0
0 0 0
0 0 0
0 0 0
0 0 0
0 0 0
0 0 0
0 0 0
0 0 0
0 0 0
0 0 0
0 0 0
0 0 0
0 0 0
0 0 0
0 0 0
0 0 0
0 0 0
0 0 0
0 0 0
0 0 0
0 0 0
0 0 0
0 0 0
0 0 0
0 0 0
0 0 0
0 0 0
0 0 0
-0 0 0
-0 0 0
-0 0 0
-0 0 0
-0 0 0
-0 0 0
-0 0 0
-0 0 0
-0 0 0
-0 0 0
-0 0 0
-0 0 0
-0 0 0
-0 0 0
-0 0 0
-0 0 0
-0 0 0
-0 0 0
-0 0 0
-0 0 0
-0 0 0
-0 0 0
-0 0 0
-0 0 0
-0 0 0
-0 0 0
-0 0 0
-0 0 0
-0 0 0
-0 0 0
-0 0 0
-0 0 0
-0 0 0
-0 0 0
-0 0 0
-0 0 0
-0 0 0
-0 0 0
-0 0 0
-0 0 0
-0 0 0
-0 0 0
-0 0 0
-0 0 0
-0 0 0
-0 0 0
-0 0 0
-0 0 0
-0 0 0
-0 0 0
-0 0 0
-0 0 0
-0 0 0
-0 0 0
-0 0 0
-0 0 0
-0 0 0
-0 0 0
-0 0 0
-0 0 0
-0 0 0
-0 0 0
-0 0 0
-0 0 0
-0 0 0
-0 0 0
-0 0 0
-0 0 0
-0 0 0
-0.081663243 0.10108817 0.80825001
-0.074546568 0.10102564 0.80775005
-0 0 0
-0 0 0
-0 0 0
-0.016458668 0.03592648 0.28725001
-0.013933682 0.03589521 0.287
-0.01141307 0.035863947 0.28675002
-0.0089201219 0.03592648 0.28725001
-0.0064072735 0.03592648 0.28725001
-0.0038876461 0.035863947 0.28675002
-0.0013887904 0.036114089 0.28875002
0.0011391493 0.036176622 0.28925002
0.0036631508 0.036114089 0.28875002
0.0061891219 0.036114089 0.28875002
0.0087301824 0.036176622 0.28925002
0.011279993 0.036239155 0.28975001
0.013886228 0.036426764 0.29125002
0.01643407 0.036426764 0.29125002
0.018884147 0.036239155 0.28975001
0.021400386 0.036207892 0.28950003
0.023994919 0.036301691 0.29025
0 0 0
0 0 0
0 0 0
0 0 0
0 0 0
0 0 0
0 0 0
0 0 0
0 0 0
0 0 0
0 0 0
0 0 0
0 0 0
0 0 0
0 0 0
0 0 0
0 0 0
0 0 0
0 0 0
0 0 0
0 0 0
0 0 0
0 0 0
0 0 0
0 0 0
0 0 0
0 0 0
0 0 0
0 0 0
0 0 0
0 0 0
0 0 0
0 0 0
0 0 0
0 0 0
0 0 0
0 0 0
0 0 0
0 0 0
0 0 0
0 0 0
0 0 0
0 0 0
0 0 0
0 0 0
0 0 0
0 0 0
0 0 0
0 0 0
0 0 0
0 0 0
0 0 0
0 0 0
0 0 0
0 0 0
0 0 0
0 0 0
0 0 0
0 0 0
0 0 0
0 0 0
0 0 0
0 0 0
0 0 0
0 0 0
0 0 0
0 0 0
0 0 0
0 0 0
-0 0 0
-0 0 0
-0 0 0
-0 0 0
-0 0 0
-0 0 0
-0 0 0
-0 0 0
-0 0 0
-0 0 0
-0 0 0
-0 0 0
-0 0 0
-0 0 0
-0 0 0
-0 0 0
-0 0 0
-0 0 0
-0 0 0
-0 0 0
-0 0 0
-0 0 0
-0 0 0
-0 0 0
-0 0 0
-0 0 0
-0 0 0
-0 0 0
-0 0 0
-0 0 0
-0 0 0
-0 0 0
-0 0 0
-0 0 0
-0 0 0
-0 0 0
-0 0 0
-0 0 0
-0 0 0
-0 0 0
-0 0 0
-0 0 0
-0 0 0
-0 0 0
-0 0 0
-0 0 0
-0 0 0
-0 0 0
-0 0 0
-0 0 0
-0 0 0
-0 0 0
-0 0 0
-0 0 0
-0 0 0
-0 0 0
-0 0 0
-0 0 0
-0 0 0
-0 0 0
-0 0 0
-0 0 0
-0 0 0
-0 0 0
-0 0 0
-0 0 0
-0 0 0
-0 0 0
-0 0 0
-0.081637986 0.10811982 0.80800003
-0.074569643 0.10811982 0.80800003
-0.023746591 0.038035966 0.28425002
-0.021390874 0.038270134 0.28600001
-0.018888962 0.038270134 0.28600001
-0.016415695 0.038337041 0.28650001
-0.013933682 0.038403943 0.287
-0.011403119 0.038337041 0.28650001
-0.0089123584 0.038403943 0.287
-0.0064072735 0.0384374 0.28725001
-0.0038876461 0.038370494 0.28675002
-0.0013827784 0.038470853 0.28750002
0.0011361956 0.038604662 0.28850001
0.0036536362 0.038537759 0.28800002
0.0061784042 0.038571209 0.28825
0.0087150922 0.038638119 0.28875002
0.011260527 0.038705021 0.28925002
0.013802792 0.038738478 0.28950003
0.016335323 0.038738478 0.28950003
0.018835267 0.038671568 0.289
0.021381905 0.038705021 0.28925002
0.023912251 0.038705021 0.28925002
0.026374031 0.038604662 0.28850001
0.028947897 0.038671568 0.289
0.031476054 0.038671568 0.289
0 0 0
0 0 0
0 0 0
0 0 0
0 0 0
0 0 0
0 0 0
0 0 0
0 0 0
0 0 0
0 0 0
0 0 0
0 0 0
0 0 0
0 0 0
0 0 0
0 0 0
0 0 0
0 0 0
0 0 0
0 0 0
0 0 0
0 0 0
0 0 0
0 0 0
0 0 0
0 0 0
0 0 0
0 0 0
0 0 0
0 0 0
0 0 0
0 0 0
0 0 0
0 0 0
0 0 0
0 0 0
0 0 0
0 0 0
0 0 0
0 0 0
0 0 0
0 0 0
0 0 0
0 0 0
0 0 0
0 0 0
0 0 0
0 0 0
0 0 0
0 0 0
0 0 0
0 0 0
0 0 0
0 0 0
0 0 0
0 0 0
0 0 0
0 0 0
0 0 0
0 0 0
0 0 0
0 0 0
0 0 0
0 0 0
0 0 0
-0 0 0
-0 0 0
-0 0 0
-0 0 0
-0 0 0
-0 0 0
-0 0 0
-0 0 0
-0 0 0
-0 0 0
-0 0 0
-0 0 0
-0 0 0
-0 0 0
-0 0 0
-0 0 0
-0 0 0
-0 0 0
-0 0 0
-0 0 0
-0 0 0
-0 0 0
-0 0 0
-0 0 0
-0 0 0
-0 0 0
-0 0 0
-0 0 0
-0 0 0
-0 0 0
-0 0 0
-0 0 0
-0 0 0
-0 0 0
-0 0 0
-0 0 0
-0 0 0
-0 0 0
-0 0 0
-0 0 0
-0 0 0
-0 0 0
-0 0 0
-0 0 0
-0 0 0
-0 0 0
-0 0 0
-0 0 0
-0 0 0
-0 0 0
-0 0 0
-0 0 0
-0 0 0
-0 0 0
-0 0 0
-0 0 0
-0 0 0
-0 0 0
-0 0 0
-0 0 0
-0 0 0
-0 0 0
-0 0 0
-0 0 0
-0 0 0
-0 0 0
-0 0 0
-0 0 0
-0.031178957 0.040485021 0.28400001
-0.028669283 0.040449385 0.28375003
-0.026210122 0.040485021 0.28400001
-0.023788363 0.040591937 0.28475001
-0.021353478 0.040698852 0.28550002
-0.018855939 0.040698852 0.28550002
-0.016358398 0.040698852 0.28550002
-0.013872995 0.040734485 0.28575
-0.011363318 0.040698852 0.28550002
-0.0088735418 0.040734485 0.28575
-0.0063905441 0.040841401 0.28650001
-0.0038808673 0.040805764 0.28625003
-0.0013779687 0.040841401 0.28650001
0.0011302881 0.040912677 0.287
0.0036377783 0.04087704 0.28675002
0.0061516115 0.040912677 0.287
0.0086547276 0.04087704 0.28675002
0.011182668 0.040948316 0.28725001
0.013695516 0.040948316 0.28725001
0.016222471 0.040983956 0.28750002
0.018753799 0.041019592 0.28775001
0.021289503 0.041055232 0.28800002
0.023788245 0.041019592 0.28775001
0.026328323 0.041055232 0.28800002
0.02882269 0.041019592 0.28775001
0.031339914 0.041019592 0.28775001
0.033827722 0.040983956 0.28750002
0.036405958 0.041055232 0.28800002
0 0 0
0 0 0
0 0 0
0 0 0
0 0 0
0 0 0
0 0 0
0 0 0
0 0 0
0 0 0
0 0 0
0 0 0
0 0 0
0 0 0
0 0 0
0 0 0
0 0 0
0 0 0
0 0 0
0 0 0
0 0 0
0 0 0
0 0 0
0 0 0
0 0 0
0 0 0
0 0 0
0 0 0
0 0 0
0 0 0
0 0 0
0 0 0
0 0 0
0 0 0
0 0 0
0 0 0
0 0 0
0 0 0
0 0 0
0 0 0
0 0 0
0 0 0
0 0 0
0 0 0
0 0 0
0 0 0
0 0 0
0 0 0
0 0 0
0 0 0
0 0 0
0 0 0
0 0 0
0 0 0
0 0 0
0 0 0
0 0 0
0 0 0
0 0 0
0 0 0
0 0 0
0 0 0
0 0 0
0 0 0
-0 0 0
-0 0 0
-0 0 0
-0 0 0
-0 0 0
-0 0 0
-0 0 0
-0 0 0
-0 0 0
-0 0 0
-0 0 0
-0 0 0
-0 0 0
-0 0 0
-0 0 0
-0 0 0
-0 0 0
-0 0 0
-0 0 0
-0 0 0
-0 0 0
-0 0 0
-0 0 0
-0 0 0
-0 0 0
-0 0 0
-0 0 0
-0 0 0
-0 0 0
-0 0 0
-0 0 0
-0 0 0
-0 0 0
-0 0 0
-0 0 0
-0 0 0
-0 0 0
-0 0 0
-0 0 0
-0 0 0
-0 0 0
-0 0 0
-0 0 0
-0 0 0
-0 0 0
-0 0 0
-0 0 0
-0 0 0
-0 0 0
-0 0 0
-0 0 0
-0 0 0
-0 0 0
-0 0 0
-0 0 0
-0 0 0
-0 0 0
-0 0 0
-0 0 0
-0 0 0
-0 0 0
-0 0 0
-0 0 0
-0 0 0
-0 0 0
-0 0 0
-0.035702314 0.042438 0.28050002
-0.033426307 0.042664941 0.28200001
-0.031206405 0.043005355 0.28425002
-0.0287198 0.043005355 0.28425002
-0.026256265 0.043043174 0.2845
-0.023788363 0.043081 0.28475001
-0.021297382 0.043081 0.28475001
-0.018806404 0.043081 0.28475001
-0.016301099 0.043043174 0.2845
-0.013812308 0.043043174 0.2845
-0.011313567 0.043005355 0.28425002
-0.0088191982 0.042967528 0.28400001
-0.0063515096 0.043081 0.28475001
-0.0038673095 0.043156646 0.28525001
-0.0013719565 0.043156646 0.28525001
0.0011204424 0.043043174 0.2845
0.0036187489 0.043156646 0.28525001
0.0061194603 0.043194473 0.28550002
0.008594363 0.043081 0.28475001
0.011085342 0.043081 0.28475001
0.013600159 0.043156646 0.28525001
0.016137833 0.043270119 0.28600001
0.018623451 0.043232292 0.28575
0.021123178 0.043232292 0.28575
0.023684908 0.043345764 0.28650001
0.026191195 0.043345764 0.28650001
0.028597318 0.043194473 0.28550002
0.031094858 0.043194473 0.28550002
0.033710059 0.043345764 0.28650001
0.036342755 0.043497059 0.28750002
0.039026737 0.043686178 0.28875002
0.04166064 0.04379965 0.28950003
0 0 0
0 0 0
0 0 0
0 0 0
0 0 0
0 0 0
0 0 0
0 0 0
0 0 0
0 0 0
0 0 0
0 0 0
0 0 0
0 0 0
0 0 0
0 0 0
0 0 0
0 0 0
0 0 0
0 0 0
0 0 0
0 0 0
0 0 0
0 0 0
0 0 0
0 0 0
0 0 0
0 0 0
0 0 0
0 0 0
0 0 0
0 0 0
0 0 0
0 0 0
0 0 0
0 0 0
0 0 0
0 0 0
0 0 0
0 0 0
0 0 0
0 0 0
0 0 0
0 0 0
0 0 0
0 0 0
0 0 0
0 0 0
0 0 0
0 0 0
0 0 0
0 0 0
0 0 0
0 0 0
0 0 0
0 0 0
0 0 0
0 0 0
0 0 0
0 0 0
0 0 0
0 0 0
-0 0 0
-0 0 0
-0 0 0
-0 0 0
-0 0 0
-0 0 0
-0 0 0
-0 0 0
-0 0 0
-0 0 0
-0 0 0
-0 0 0
-0 0 0
-0 0 0
-0 0 0
-0 0 0
-0 0 0
-0 0 0
-0 0 0
-0 0 0
-0 0 0
-0 0 0
-0 0 0
-0 0 0
-0 0 0
-0 0 0
-0 0 0
-0 0 0
-0 0 0
-0 0 0
-0 0 0
-0 0 0
-0 0 0
-0 0 0
-0 0 0
-0 0 0
-0 0 0
-0 0 0
-0 0 0
-0 0 0
-0 0 0
-0 0 0
-0 0 0
-0 0 0
-0 0 0
-0 0 0
-0 0 0
-0 0 0
-0 0 0
-0 0 0
-0 0 0
-0 0 0
-0 0 0
-0 0 0
-0 0 0
-0 0 0
-0 0 0
-0 0 0
-0 0 0
-0 0 0
-0 0 0
-0 0 0
-0 0 0
-0 0 0
-0 0 0
-0.03829214 0.04504995 0.28150001
-0.035861414 0.04508996 0.28175002
-0.033515207 0.045249995 0.28275001
-0.031124065 0.045370024 0.28350002
-0.028644022 0.045370024 0.28350002
-0.026233194 0.045490049 0.28425002
-0.023767475 0.045530055 0.2845
-0.021241289 0.045450039 0.28400001
-0.01875687 0.045450039 0.28400001
-0.016215155 0.045290004 0.28300002
-0.013703072 0.045169979 0.28225002
-0.011174262 0.044929922 0.28075001
-0.0086716944 0.044689875 0.27925003
-0.0062232525 0.044649862 0.27900001
-0.0037724061 0.044529837 0.27825001
-0.0013370867 0.044489831 0.27800003
0.0010948436 0.044489831 0.27800003
0.0035236022 0.044449817 0.27775002
0.0059479866 0.044409808 0.2775
0.0083679976 0.044369802 0.27725002
0.010822564 0.044489831 0.27800003
0.01334985 0.044809896 0.28
0.01582749 0.044889916 0.28050002
0.018362757 0.04508996 0.28175002
0.020956855 0.045370024 0.28350002
0.023498902 0.045490049 0.28425002
0.026076922 0.045650084 0.28525001
0.02849715 0.045530055 0.2845
0.030958716 0.045490049 0.28425002
0.033504151 0.045570064 0.28475001
0.036121536 0.045730099 0.28575
0.038722631 0.045850128 0.28650001
0.041480754 0.046130188 0.28825
0.04411684 0.046250213 0.289
0 0 0
0 0 0
0 0 0
0 0 0
0 0 0
0 0 0
0 0 0
0 0 0
0 0 0
0 0 0
0 0 0
0 0 0
0 0 0
0 0 0
0 0 0
0 0 0
0 0 0
0 0 0
0 0 0
0 0 0
0 0 0
0 0 0
0 0 0
0 0 0
0 0 0
0 0 0
0 0 0
0 0 0
0 0 0
0 0 0
0 0 0
0 0 0
0 0 0
0 0 0
0 0 0
0 0 0
0 0 0
0 0 0
0 0 0
0 0 0
0 0 0
0 0 0
0 0 0
0 0 0
0 0 0
0 0 0
0 0 0
0 0 0
0 0 0
0 0 0
0 0 0
0 0 0
0 0 0
0 0 0
0 0 0
0 0 0
0 0 0
0 0 0
0 0 0
0 0 0
0 0 0
-0 0 0
-0 0 0
-0 0 0
-0 0 0
-0 0 0
-0 0 0
-0 0 0
-0 0 0
-0 0 0
-0 0 0
-0 0 0
-0 0 0
-0 0 0
-0 0 0
-0 0 0
-0 0 0
-0 0 0
-0 0 0
-0 0 0
-0 0 0
-0 0 0
-0 0 0
-0 0 0
-0 0 0
-0 0 0
-0 0 0
-0 0 0
-0 0 0
-0 0 0
-0 0 0
-0 0 0
-0 0 0
-0 0 0
-0 0 0
-0 0 0
-0 0 0
-0 0 0
-0 0 0
-0 0 0
-0 0 0
-0 0 0
-0 0 0
-0 0 0
-0 0 0
-0 0 0
-0 0 0
-0 0 0
-0 0 0
-0 0 0
-0 0 0
-0 0 0
-0 0 0
-0 0 0
-0 0 0
-0 0 0
-0 0 0
-0 0 0
-0 0 0
-0 0 0
-0 0 0
-0 0 0
-0 0 0
-0 0 0
-0 0 0
-0.040790886 0.047552802 0.28175002
-0.038394164 0.047637191 0.28225002
-0.035956871 0.04767938 0.2825
-0.033515207 0.047721576 0.28275001
-0.031069174 0.047763772 0.28300002
-0.028568244 0.047721576 0.28275001
-0.026117833 0.047763772 0.28300002
-0.02362128 0.047721576 0.28275001
-0.021016909 0.04742622 0.28100002
-0.018476177 0.047215249 0.27975002
-0.015900018 0.046835501 0.2775
-0.013423914 0.046666726 0.27650002
-0.010985205 0.046582337 0.27600002
-0.0085785333 0.04662453 0.27625
-0.0061674886 0.046666726 0.27650002
-0.0037520695 0.046708915 0.27675
-0.0013298721 0.046666726 0.27650002
0.0010869671 0.046582337 0.27600002
0.0035045727 0.04662453 0.27625
0.0059211939 0.04662453 0.27625
0.0083302697 0.046582337 0.27600002
0.010754436 0.04662453 0.27625
0.013182977 0.046666726 0.27650002
0.015587678 0.04662453 0.27625
0.018004298 0.04662453 0.27625
0.02042092 0.04662453 0.27625
0.023023549 0.047004279 0.27850002
0.025665542 0.047384024 0.28075001
0.028371943 0.047805965 0.28325
0.030822575 0.047763772 0.28300002
0.033298243 0.047763772 0.28300002
0.035868719 0.047890358 0.28375003
0.038418528 0.047974743 0.28425002
0.041013066 0.048101328 0.28500003
0.043735206 0.048354488 0.28650001
0.0465643 0.048692044 0.28850001
0.049088083 0.048692044 0.28850001
0.051656593 0.04873424 0.28875002
0.054182563 0.04873424 0.28875002
0 0 0
0 0 0
0 0 0
0 0 0
0 0 0
0 0 0
0 0 0
0 0 0
0 0 0
0 0 0
0 0 0
0 0 0
0 0 0
0 0 0
0 0 0
0 0 0
0 0 0
0 0 0
0 0 0
0 0 0
0 0 0
0 0 0
0 0 0
0 0 0
0 0 0
0 0 0
0 0 0
0 0 0
0 0 0
0 0 0
0 0 0
0 0 0
0 0 0
0 0 0
0 0 0
0 0 0
0 0 0
0 0 0
0 0 0
0 0 0
0 0 0
0 0 0
0 0 0
0 0 0
0 0 0
0 0 0
0 0 0
0 0 0
0 0 0
0 0 0
0 0 0
0 0 0
0 0 0
0 0 0
0 0 0
0 0 0
0 0 0
-0 0 0
-0 0 0
-0 0 0
-0 0 0
-0 0 0
-0 0 0
-0 0 0
-0 0 0
-0 0 0
-0 0 0
-0 0 0
-0 0 0
-0 0 0
-0 0 0
-0 0 0
-0 0 0
-0 0 0
-0 0 0
-0 0 0
-0 0 0
-0 0 0
-0 0 0
-0 0 0
-0 0 0
-0 0 0
-0 0 0
-0 0 0
-0 0 0
-0 0 0
-0 0 0
-0 0 0
-0 0 0
-0 0 0
-0 0 0
-0 0 0
-0 0 0
-0 0 0
-0 0 0
-0 0 0
-0 0 0
-0 0 0
-0 0 0
-0 0 0
-0 0 0
-0 0 0
-0 0 0
-0 0 0
-0 0 0
-0 0 0
-0 0 0
-0 0 0
-0 0 0
-0 0 0
-0 0 0
-0 0 0
-0 0 0
-0 0 0
-0 0 0
-0 0 0
-0 0 0
-0 0 0
-0 0 0
-0.046126034 0.050459437 0.28425002
-0.043562669 0.050370682 0.28375003
-0.040971857 0.05023754 0.28300002
-0.038428169 0.050148778 0.2825
-0.035988696 0.050193161 0.28275001
-0.033485573 0.050148778 0.2825
-0.030931942 0.050015643 0.28175002
-0.028441947 0.049971264 0.28150001
-0.025864037 0.049749367 0.28025001
-0.023203574 0.049305573 0.27775002
-0.020661639 0.049039293 0.27625
-0.018211996 0.048950534 0.27575001
-0.015799748 0.048950534 0.27575001
-0.013375363 0.048906155 0.2755
-0.010945403 0.048817396 0.27500001
-0.0085474802 0.048861779 0.27525002
-0.0061451825 0.048906155 0.2755
-0.0037351225 0.048906155 0.2755
-0.0013226576 0.048817396 0.27500001
0.0010830287 0.048817396 0.27500001
0.0034918867 0.048861779 0.27525002
0.0059051183 0.048906155 0.2755
0.0083151776 0.048906155 0.2755
0.010734972 0.048950534 0.27575001
0.013147218 0.048950534 0.27575001
0.015559466 0.048950534 0.27575001
0.017971713 0.048950534 0.27575001
0.020365478 0.048906155 0.2755
0.022754872 0.048861779 0.27525002
0.025208455 0.048950534 0.27575001
0.027670784 0.049039293 0.27625
0.030250777 0.049305573 0.27775002
0.032915846 0.049660608 0.27975002
0.035552692 0.049926881 0.28125
0.038148213 0.050104402 0.28225002
0.040869158 0.050415058 0.28400001
0.043506231 0.050592579 0.28500003
0.046281848 0.050903235 0.28675002
0.048832856 0.05094761 0.287
0.051209349 0.050814476 0.28625003
0.053854179 0.05094761 0.287
0 0 0
0 0 0
0 0 0
0 0 0
0 0 0
0 0 0
0 0 0
0 0 0
0 0 0
0 0 0
0 0 0
0 0 0
0 0 0
0 0 0
0 0 0
0 0 0
0 0 0
0 0 0
0 0 0
0 0 0
0 0 0
0 0 0
0 0 0
0 0 0
0 0 0
0 0 0
0 0 0
0 0 0
0 0 0
0 0 0
0 0 0
0 0 0
0 0 0
0 0 0
0 0 0
0 0 0
0 0 0
0 0 0
0 0 0
0 0 0
0 0 0
0 0 0
0 0 0
0 0 0
0 0 0
0 0 0
0 0 0
0 0 0
0 0 0
0 0 0
0 0 0
0 0 0
0 0 0
0 0 0
0 0 0
0 0 0
0 0 0
-0 0 0
-0 0 0
-0 0 0
-0 0 0
-0 0 0
-0 0 0
-0 0 0
-0 0 0
-0 0 0
-0 0 0
-0 0 0
-0 0 0
-0 0 0
-0 0 0
-0 0 0
-0 0 0
-0 0 0
-0 0 0
-0 0 0
-0 0 0
-0 0 0
-0 0 0
-0 0 0
-0 0 0
-0 0 0
-0 0 0
-0 0 0
-0 0 0
-0 0 0
-0 0 0
-0 0 0
-0 0 0
-0 0 0
-0 0 0
-0 0 0
-0 0 0
-0 0 0
-0 0 0
-0 0 0
-0 0 0
-0 0 0
-0 0 0
-0 0 0
-0 0 0
-0 0 0
-0 0 0
-0 0 0
-0 0 0
-0 0 0
-0 0 0
-0 0 0
-0 0 0
-0 0 0
-0 0 0
-0 0 0
-0 0 0
-0 0 0
-0 0 0
-0 0 0
-0 0 0
-0 0 0
-0 0 0
-0.046085462 0.052897565 0.28400001
-0.043562669 0.052851006 0.28375003
-0.041008048 0.05275787 0.28325
-0.038462177 0.052664742 0.28275001
-0.035956871 0.052618176 0.2825
-0.033337407 0.052385353 0.28125
-0.030630033 0.051966272 0.27900001
-0.027987279 0.051593754 0.27700001
-0.025425663 0.051314361 0.2755
-0.023015605 0.051314361 0.2755
-0.020586846 0.051267803 0.27525002
-0.018145952 0.051174674 0.27475002
-0.015728125 0.051128108 0.27450001
-0.013314676 0.051081538 0.27425
-0.010885702 0.050941851 0.27350003
-0.0084931366 0.050941851 0.27350003
-0.0061117248 0.05103498 0.27400002
-0.0037147864 0.05103498 0.27400002
-0.0013190502 0.051081538 0.27425
0.0010810596 0.051128108 0.27450001
0.0034855437 0.051174674 0.27475002
0.0058944011 0.051221233 0.27500001
0.0082925418 0.051174674 0.27475002
0.010696041 0.051174674 0.27475002
0.01311146 0.051221233 0.27500001
0.015517146 0.051221233 0.27500001
0.017922832 0.051221233 0.27500001
0.020310039 0.051174674 0.27475002
0.02269287 0.051128108 0.27450001
0.025117038 0.051174674 0.27475002
0.02757062 0.051267803 0.27525002
0.03000572 0.051314361 0.2755
0.032415781 0.051314361 0.2755
0.035047058 0.051640321 0.27725002
0.037911691 0.052245662 0.28050002
0.040725254 0.052711312 0.28300002
0.043315414 0.052851006 0.28375003
0.045757294 0.052804437 0.28350002
0.048237335 0.052804437 0.28350002
0.050896276 0.052990694 0.2845
0.053619623 0.053223517 0.28575
0.056561239 0.053642605 0.28800002
0 0 0
0 0 0
0 0 0
0 0 0
0 0 0
0 0 0
0 0 0
0 0 0
0 0 0
0 0 0
0 0 0
0 0 0
0 0 0
0 0 0
0 0 0
0 0 0
0 0 0
0 0 0
0 0 0
0 0 0
0 0 0
0 0 0
0 0 0
0 0 0
0 0 0
0 0 0
0 0 0
0 0 0
0 0 0
0 0 0
0 0 0
0 0 0
0 0 0
0 0 0
0 0 0
0 0 0
0 0 0
0 0 0
0 0 0
0 0 0
0 0 0
0 0 0
0 0 0
0 0 0
0 0 0
0 0 0
0 0 0
0 0 0
0 0 0
0 0 0
0 0 0
0 0 0
0 0 0
0 0 0
0 0 0
0 0 0
-0 0 0
-0 0 0
-0 0 0
-0 0 0
-0 0 0
-0 0 0
-0 0 0
-0 0 0
-0 0 0
-0 0 0
-0 0 0
-0 0 0
-0 0 0
-0 0 0
-0 0 0
-0 0 0
-0 0 0
-0 0 0
-0 0 0
-0 0 0
-0 0 0
-0 0 0
-0 0 0
-0 0 0
-0 0 0
-0 0 0
-0 0 0
-0 0 0
-0 0 0
-0 0 0
-0 0 0
-0 0 0
-0 0 0
-0 0 0
-0 0 0
-0 0 0
-0 0 0
-0 0 0
-0 0 0
-0 0 0
-0 0 0
-0 0 0
-0 0 0
-0 0 0
-0 0 0
-0 0 0
-0 0 0
-0 0 0
-0 0 0
-0 0 0
-0 0 0
-0 0 0
-0 0 0
-0 0 0
-0 0 0
-0 0 0
-0 0 0
-0 0 0
-0 0 0
-0 0 0
-0 0 0
-0.048441615 0.055233825 0.28325
-0.046004329 0.055282578 0.28350002
-0.043524288 0.055282578 0.28350002
-0.040935662 0.055136327 0.28275001
-0.038428169 0.055087574 0.2825
-0.035797771 0.054843824 0.28125
-0.032892909 0.054112572 0.2775
-0.030190891 0.053625073 0.27500001
-0.027759947 0.053576328 0.27475002
-0.025356447 0.053576328 0.27475002
-0.022890294 0.053430077 0.27400002
-0.020474657 0.053381324 0.27375001
-0.018063394 0.053332575 0.27350003
-0.015656505 0.053283826 0.27325001
-0.013278265 0.053332575 0.27350003
-0.010865799 0.053235073 0.273
-0.0084698461 0.053186323 0.27275002
-0.0060894187 0.053235073 0.273
-0.0037080077 0.053332575 0.27350003
-0.0013166454 0.053381324 0.27375001
0.0010800749 0.053478822 0.27425
0.0034823718 0.053527575 0.27450001
0.0058783256 0.053478822 0.27425
0.0082774507 0.053478822 0.27425
0.010686309 0.053527575 0.27450001
0.013087621 0.053527575 0.27450001
0.015474826 0.053478822 0.27425
0.017857658 0.053430077 0.27400002
0.020254597 0.053430077 0.27400002
0.022651536 0.053430077 0.27400002
0.025048474 0.053430077 0.27400002
0.027495494 0.053527575 0.27450001
0.029978493 0.053673826 0.27525002
0.032386366 0.053673826 0.27525002
0.034762636 0.053625073 0.27500001
0.037235897 0.053722572 0.2755
0.040185608 0.054453827 0.27925003
0.043086432 0.055038828 0.28225002
0.045474842 0.054941326 0.28175002
0.047982112 0.054990076 0.28200001
0.050627932 0.05518508 0.28300002
0.053478893 0.05557508 0.28500003
0.056463044 0.056062579 0.28750002
0.058875505 0.055965073 0.287
0 0 0
0 0 0
0 0 0
0 0 0
0 0 0
0 0 0
0 0 0
0 0 0
0 0 0
0 0 0
0 0 0
0 0 0
0 0 0
0 0 0
0 0 0
0 0 0
0 0 0
0 0 0
0 0 0
0 0 0
0 0 0
0 0 0
0 0 0
0 0 0
0 0 0
0 0 0
0 0 0
0 0 0
0 0 0
0 0 0
0 0 0
0 0 0
0 0 0
0 0 0
0 0 0
0 0 0
0 0 0
0 0 0
0 0 0
0 0 0
0 0 0
0 0 0
0 0 0
0 0 0
0 0 0
0 0 0
0 0 0
0 0 0
0 0 0
0 0 0
0 0 0
0 0 0
0 0 0
0 0 0
0 0 0
-0 0 0
-0 0 0
-0 0 0
-0 0 0
-0 0 0
-0 0 0
-0 0 0
-0 0 0
-0 0 0
-0 0 0
-0 0 0
-0 0 0
-0 0 0
-0 0 0
-0 0 0
-0 0 0
-0 0 0
-0 0 0
-0 0 0
-0 0 0
-0 0 0
-0 0 0
-0 0 0
-0 0 0
-0 0 0
-0 0 0
-0 0 0
-0 0 0
-0 0 0
-0 0 0
-0 0 0
-0 0 0
-0 0 0
-0 0 0
-0 0 0
-0 0 0
-0 0 0
-0 0 0
-0 0 0
-0 0 0
-0 0 0
-0 0 0
-0 0 0
-0 0 0
-0 0 0
-0 0 0
-0 0 0
-0 0 0
-0 0 0
-0 0 0
-0 0 0
-0 0 0
-0 0 0
-0 0 0
-0 0 0
-0 0 0
-0 0 0
-0 0 0
-0 0 0
-0 0 0
-0.051009361 0.057811655 0.28375003
-0.048527129 0.057811655 0.28375003
-0.046044897 0.057811655 0.28375003
-0.043524288 0.057760715 0.28350002
-0.040863272 0.05750604 0.28225002
-0.038088098 0.057047617 0.28
-0.035097729 0.056181718 0.27575001
-0.032596577 0.05602891 0.27500001
-0.030081108 0.055825174 0.27400002
-0.027633652 0.055723302 0.27350003
-0.025218014 0.055672366 0.27325001
-0.022785868 0.055570494 0.27275002
-0.020437261 0.055672366 0.27325001
-0.018030372 0.055621427 0.273
-0.015627855 0.055570494 0.27275002
-0.013241854 0.055570494 0.27275002
-0.0108459 0.055519558 0.27250001
-0.0084620826 0.055519558 0.27250001
-0.0060782661 0.055519558 0.27250001
-0.0036978393 0.055570494 0.27275002
-0.0013142406 0.055672366 0.27325001
0.0010761367 0.055672366 0.27325001
0.0034665142 0.055672366 0.27325001
0.0058568916 0.055672366 0.27325001
0.0082472684 0.055672366 0.27325001
0.010647379 0.055723302 0.27350003
0.013063783 0.055825174 0.27400002
0.015460721 0.055825174 0.27400002
0.017841363 0.055774234 0.27375001
0.020236116 0.055774234 0.27375001
0.022651536 0.055825174 0.27400002
0.025048474 0.055825174 0.27400002
0.027445413 0.055825174 0.27400002
0.029869577 0.055876102 0.27425
0.032327536 0.055977978 0.27475002
0.034731034 0.055977978 0.27475002
0.037134532 0.055977978 0.27475002
0.039574008 0.05602891 0.27500001
0.042284999 0.056436393 0.27700001
0.045192387 0.057047617 0.28
0.047854498 0.057302296 0.28125
0.050493758 0.05750604 0.28225002
0.053150512 0.05770978 0.28325
0.055972062 0.058066331 0.28500003
0.058619078 0.058219131 0.28575
0.060958393 0.058066331 0.28500003
0 0 0
0 0 0
0 0 0
0 0 0
0 0 0
0 0 0
0 0 0
0 0 0
0 0 0
0 0 0
0 0 0
0 0 0
0 0 0
0 0 0
0 0 0
0 0 0
0 0 0
0 0 0
0 0 0
0 0 0
0 0 0
0 0 0
0 0 0
0 0 0
0 0 0
0 0 0
0 0 0
0 0 0
0 0 0
0 0 0
0 0 0
0 0 0
0 0 0
0 0 0
0 0 0
0 0 0
0 0 0
0 0 0
0 0 0
0 0 0
0 0 0
0 0 0
0 0 0
0 0 0
0 0 0
0 0 0
0 0 0
0 0 0
0 0 0
0 0 0
0 0 0
0 0 0
0 0 0
0 0 0
-0 0 0
-0 0 0
-0 0 0
-0 0 0
-0 0 0
-0 0 0
-0 0 0
-0 0 0
-0 0 0
-0 0 0
-0 0 0
-0 0 0
-0 0 0
-0 0 0
-0 0 0
-0 0 0
-0 0 0
-0 0 0
-0 0 0
-0 0 0
-0 0 0
-0 0 0
-0 0 0
-0 0 0
-0 0 0
-0 0 0
-0 0 0
-0 0 0
-0 0 0
-0 0 0
-0 0 0
-0 0 0
-0 0 0
-0 0 0
-0 0 0
-0 0 0
-0 0 0
-0 0 0
-0 0 0
-0 0 0
-0 0 0
-0 0 0
-0 0 0
-0 0 0
-0 0 0
-0 0 0
-0 0 0
-0 0 0
-0 0 0
-0 0 0
-0 0 0
-0 0 0
-0 0 0
-0 0 0
-0 0 0
-0 0 0
-0 0 0
-0 0 0
-0 0 0
-0.05344446 0.060238853 0.28350002
-0.051009361 0.060291979 0.28375003
-0.048527129 0.060291979 0.28375003
-0.045963757 0.06018573 0.28325
-0.043370761 0.06002637 0.2825
-0.040284164 0.059123319 0.27825001
-0.037373949 0.058379631 0.27475002
-0.034906805 0.058273386 0.27425
-0.032448411 0.058167145 0.27375001
-0.029943876 0.057954665 0.27275002
-0.027507355 0.057848427 0.27225003
-0.02517187 0.057954665 0.27275002
-0.022764981 0.057901543 0.27250001
-0.020381166 0.057901543 0.27250001
-0.017980838 0.057848427 0.27225003
-0.015599208 0.057848427 0.27225003
-0.013205442 0.057795305 0.27200001
-0.010825999 0.057795305 0.27200001
-0.0084387921 0.057742178 0.27175
-0.0060559609 0.057689063 0.27150002
-0.0036876712 0.057795305 0.27200001
-0.0013082286 0.057795305 0.27200001
0.001073183 0.057901543 0.27250001
0.0034538279 0.057848427 0.27225003
0.0058354577 0.057848427 0.27225003
0.0082095414 0.057795305 0.27200001
0.010598716 0.057848427 0.27225003
0.013004185 0.057954665 0.27275002
0.015390188 0.057954665 0.27275002
0.017776191 0.057954665 0.27275002
0.020199155 0.058060907 0.27325001
0.022610201 0.058114029 0.27350003
0.025002766 0.058114029 0.27350003
0.02739533 0.058114029 0.27350003
0.029787894 0.058114029 0.27350003
0.032239288 0.058220271 0.27400002
0.034636226 0.058220271 0.27400002
0.037033163 0.058220271 0.27400002
0.039502054 0.058326509 0.27450001
0.041979693 0.05843275 0.27500001
0.044506431 0.058592111 0.27575001
0.04738659 0.059176441 0.27850002
0.050270136 0.059707649 0.28100002
0.053009775 0.06002637 0.2825
0.055579275 0.060132615 0.28300002
0.058362652 0.060451336 0.2845
0.060958393 0.060557581 0.28500003
0 0 0
0 0 0
0 0 0
0 0 0
0 0 0
0 0 0
0 0 0
0 0 0
0 0 0
0 0 0
0 0 0
0 0 0
0 0 0
0 0 0
0 0 0
0 0 0
0 0 0
0 0 0
0 0 0
0 0 0
0 0 0
0 0 0
0 0 0
0 0 0
0 0 0
0 0 0
0 0 0
0 0 0
0 0 0
0 0 0
0 0 0
0 0 0
0 0 0
0 0 0
0 0 0
0 0 0
0 0 0
0 0 0
0 0 0
0 0 0
0 0 0
0 0 0
0 0 0
0 0 0
0 0 0
0 0 0
0 0 0
0 0 0
0 0 0
0 0 0
0 0 0
0 0 0
0 0 0
0 0 0
-0 0 0
-0 0 0
-0 0 0
-0 0 0
-0 0 0
-0 0 0
-0 0 0
-0 0 0
-0 0 0
-0 0 0
-0 0 0
-0 0 0
-0 0 0
-0 0 0
-0 0 0
-0 0 0
-0 0 0
-0 0 0
-0 0 0
-0 0 0
-0 0 0
-0 0 0
-0 0 0
-0 0 0
-0 0 0
-0 0 0
-0 0 0
-0 0 0
-0 0 0
-0 0 0
-0 0 0
-0 0 0
-0 0 0
-0 0 0
-0 0 0
-0 0 0
-0 0 0
-0 0 0
-0 0 0
-0 0 0
-0 0 0
-0 0 0
-0 0 0
-0 0 0
-0 0 0
-0 0 0
-0 0 0
-0 0 0
-0 0 0
-0 0 0
-0 0 0
-0 0 0
-0 0 0
-0 0 0
-0 0 0
-0 0 0
-0 0 0
-0 0 0
-0.05597382 0.062772296 0.28375003
-0.05344446 0.062716991 0.28350002
-0.051054299 0.062827602 0.28400001
-0.048527129 0.062772296 0.28375003
-0.045842052 0.062495761 0.2825
-0.04271828 0.061555561 0.27825001
-0.039777447 0.060781281 0.27475002
-0.037271924 0.060615361 0.27400002
-0.034811348 0.060504753 0.27350003
-0.032389145 0.060449444 0.27325001
-0.029943876 0.060338832 0.27275002
-0.027507355 0.060228221 0.27225003
-0.025125725 0.060228221 0.27225003
-0.022702325 0.060117606 0.27175
-0.020306373 0.060062304 0.27150002
-0.017914793 0.060006995 0.27125001
-0.015527586 0.059951693 0.27100003
-0.013144755 0.059896383 0.27075002
-0.010776247 0.059896383 0.27075002
-0.008407739 0.059896383 0.27075002
-0.0060336548 0.059841074 0.2705
-0.0036673346 0.059841074 0.2705
-0.0013022166 0.059896383 0.27075002
0.0010672756 0.059951693 0.27100003
0.0034316268 0.059841074 0.2705
0.0057979473 0.059841074 0.2705
0.0081642671 0.059841074 0.2705
0.010540321 0.059896383 0.27075002
0.012944588 0.060062304 0.27150002
0.015333761 0.060117606 0.27175
0.017694723 0.060062304 0.27150002
0.020088272 0.060117606 0.27175
0.022527531 0.060283523 0.27250001
0.024934202 0.060338832 0.27275002
0.027345246 0.060394134 0.273
0.029760664 0.060449444 0.27325001
0.032151043 0.060449444 0.27325001
0.034573022 0.060504753 0.27350003
0.036965586 0.060504753 0.27350003
0.039430104 0.060615361 0.27400002
0.041865204 0.060670663 0.27425
0.044385381 0.060836583 0.27500001
0.046961218 0.06105781 0.27600002
0.049599275 0.061334342 0.27725002
0.052775219 0.062219232 0.28125
0.055530172 0.062551074 0.28275001
0.058208801 0.062772296 0.28375003
0.060851444 0.062938213 0.2845
0.063340232 0.062938213 0.2845
0 0 0
0 0 0
0 0 0
0 0 0
0 0 0
0 0 0
0 0 0
0 0 0
0 0 0
0 0 0
0 0 0
0 0 0
0 0 0
0 0 0
0 0 0
0 0 0
0 0 0
0 0 0
0 0 0
0 0 0
0 0 0
0 0 0
0 0 0
0 0 0
0 0 0
0 0 0
0 0 0
0 0 0
0 0 0
0 0 0
0 0 0
0 0 0
0 0 0
0 0 0
0 0 0
0 0 0
0 0 0
0 0 0
0 0 0
0 0 0
0 0 0
0 0 0
0 0 0
0 0 0
0 0 0
0 0 0
0 0 0
0 0 0
0 0 0
0 0 0
0 0 0
0 0 0
0.11066239 0.035672363 0.16125001
-0 0 0
-0 0 0
-0 0 0
-0 0 0
-0 0 0
-0 0 0
-0 0 0
-0 0 0
-0 0 0
-0 0 0
-0 0 0
-0 0 0
-0 0 0
-0 0 0
-0 0 0
-0 0 0
-0 0 0
-0 0 0
-0 0 0
-0 0 0
-0 0 0
-0 0 0
-0 0 0
-0 0 0
-0 0 0
-0 0 0
-0 0 0
-0 0 0
-0 0 0
-0 0 0
-0 0 0
-0 0 0
-0 0 0
-0 0 0
-0 0 0
-0 0 0
-0 0 0
-0 0 0
-0 0 0
-0 0 0
-0 0 0
-0 0 0
-0 0 0
-0 0 0
-0 0 0
-0 0 0
-0 0 0
-0 0 0
-0 0 0
-0 0 0
-0 0 0
-0 0 0
-0 0 0
-0 0 0
-0 0 0
-0 0 0
-0 0 0
-0.058610559 0.06542509 0.2845
-0.056072455 0.065367602 0.28425002
-0.05344446 0.065195128 0.28350002
-0.050919473 0.065137632 0.28325
-0.048398864 0.065080144 0.28300002
-0.045071259 0.063872829 0.27775002
-0.042104181 0.06306795 0.27425
-0.039596476 0.062895477 0.27350003
-0.037067879 0.062665507 0.27250001
-0.034715887 0.062723003 0.27275002
-0.032359511 0.062780492 0.273
-0.02991643 0.062665507 0.27250001
-0.027482094 0.06255053 0.27200001
-0.025056507 0.062435549 0.27150002
-0.022618786 0.062263072 0.27075002
-0.020250278 0.062263072 0.27075002
-0.017865257 0.062205579 0.2705
-0.015455963 0.062033102 0.26975
-0.013084068 0.061975617 0.26950002
-0.010726495 0.061975617 0.26950002
-0.0083689224 0.061975617 0.26950002
-0.0060057729 0.061918121 0.26925001
-0.0036469984 0.061860636 0.26900002
-0.0012925972 0.06180314 0.26875001
0.0010574298 0.061745647 0.2685
0.0034125978 0.061860636 0.26900002
0.0057711545 0.061918121 0.26925001
0.0081265401 0.061918121 0.26925001
0.010481926 0.061918121 0.26925001
0.012861149 0.062033102 0.26975
0.01526323 0.062205579 0.2705
0.017629549 0.062205579 0.2705
0.020014351 0.062263072 0.27075002
0.022424193 0.062378053 0.27125001
0.024819929 0.062435549 0.27150002
0.02724508 0.06255053 0.27200001
0.02967898 0.062665507 0.27250001
0.032121625 0.062780492 0.273
0.034541417 0.062837988 0.27325001
0.036931794 0.062837988 0.27325001
0.03935815 0.062895477 0.27350003
0.041788876 0.062952965 0.27375001
0.044264328 0.06306795 0.27425
0.046791065 0.063240424 0.27500001
0.049241479 0.063297912 0.27525002
0.052024644 0.063757844 0.27725002
0.055382878 0.064850181 0.28200001
0.058054943 0.065080144 0.28300002
0.060637556 0.065195128 0.28350002
0.063173264 0.065252624 0.28375003
0 0 0
0 0 0
0 0 0
0 0 0
0 0 0
0 0 0
0 0 0
0 0 0
0 0 0
0 0 0
0 0 0
0 0 0
0 0 0
0 0 0
0 0 0
0 0 0
0 0 0
0 0 0
0 0 0
0 0 0
0 0 0
0 0 0
0 0 0
0 0 0
0 0 0
0 0 0
0 0 0
0 0 0
0 0 0
0 0 0
0 0 0
0 0 0
0 0 0
0 0 0
0 0 0
0 0 0
0 0 0
0 0 0
0 0 0
0 0 0
0 0 0
0 0 0
0 0 0
0 0 0
0 0 0
0 0 0
0 0 0
0 0 0
0 0 0
0 0 0
0.1070052 0.036794428 0.16000001
0.10772734 0.036564462 0.15900001
0.10826042 0.036277007 0.15775001
-0 0 0
-0 0 0
-0 0 0
-0 0 0
-0 0 0
-0 0 0
-0 0 0
-0 0 0
-0 0 0
-0 0 0
-0 0 0
-0 0 0
-0 0 0
-0 0 0
-0 0 0
-0 0 0
-0 0 0
-0 0 0
-0 0 0
-0 0 0
-0 0 0
-0 0 0
-0 0 0
-0 0 0
-0 0 0
-0 0 0
-0 0 0
-0 0 0
-0 0 0
-0 0 0
-0 0 0
-0 0 0
-0 0 0
-0 0 0
-0 0 0
-0 0 0
-0 0 0
-0 0 0
-0 0 0
-0 0 0
-0 0 0
-0 0 0
-0 0 0
-0 0 0
-0 0 0
-0 0 0
-0 0 0
-0 0 0
-0 0 0
-0 0 0
-0 0 0
-0 0 0
-0 0 0
-0 0 0
-0 0 0
-0 0 0
-0 0 0
-0.058610559 0.067911968 0.2845
-0.056072455 0.067852296 0.28425002
-0.05344446 0.067673266 0.28350002
-0.050739706 0.067374885 0.28225002
-0.047501002 0.066300705 0.27775002
-0.044462737 0.065405555 0.27400002
-0.041950658 0.065226525 0.27325001
-0.039415505 0.064987823 0.27225003
-0.037033875 0.064987823 0.27225003
-0.034684066 0.065047495 0.27250001
-0.032300245 0.065047495 0.27250001
-0.02983409 0.064868465 0.27175
-0.027355798 0.064629763 0.27075002
-0.024964217 0.064570084 0.2705
-0.022556128 0.064450726 0.27000001
-0.020156786 0.064331375 0.26950002
-0.017782701 0.064271696 0.26925001
-0.015370018 0.064032994 0.26825002
-0.013035517 0.064092666 0.2685
-0.010636942 0.063794285 0.26725
-0.0082835248 0.063674934 0.26675001
-0.0059388564 0.063555583 0.26625001
-0.0036097148 0.063555583 0.26625001
-0.0012781682 0.063436233 0.26575002
0.0010426613 0.063197516 0.26475
0.003358681 0.063197516 0.26475
0.0056854184 0.063316874 0.26525003
0.0080133574 0.063376553 0.26550001
0.01034567 0.063436233 0.26575002
0.012694278 0.063555583 0.26625001
0.015136272 0.064032994 0.26825002
0.017548081 0.064271696 0.26925001
0.01995891 0.064450726 0.27000001
0.022341523 0.064510405 0.27025002
0.024705658 0.064510405 0.27025002
0.027144916 0.064689443 0.27100003
0.029570067 0.064808793 0.27150002
0.03197455 0.064868465 0.27175
0.03441501 0.064987823 0.27225003
0.036864217 0.065107174 0.27275002
0.039250221 0.065107174 0.27275002
0.041712552 0.065226525 0.27325001
0.044223979 0.065405555 0.27400002
0.046705991 0.065524906 0.27450001
0.049152032 0.065584585 0.27475002
0.051555529 0.065584585 0.27475002
0.054548208 0.066300705 0.27775002
0.05774723 0.067195855 0.28150001
0.060370196 0.067374885 0.28225002
0.063006282 0.067553915 0.28300002
0.065481953 0.067553915 0.28300002
0.067777522 0.067374885 0.28225002
0 0 0
0 0 0
0 0 0
0 0 0
0 0 0
0 0 0
0 0 0
0 0 0
0 0 0
0 0 0
0 0 0
0 0 0
0 0 0
0 0 0
0 0 0
0 0 0
0 0 0
0 0 0
0 0 0
0 0 0
0 0 0
0 0 0
0 0 0
0 0 0
0 0 0
0 0 0
0 0 0
0 0 0
0 0 0
0 0 0
0 0 0
0 0 0
0 0 0
0 0 0
0 0 0
0 0 0
0 0 0
0 0 0
0 0 0
0 0 0
0 0 0
0 0 0
0 0 0
0 0 0
0 0 0
0.10376999 0.038551085 0.16150001
0.10469431 0.038372055 0.16075
0.10593554 0.038312379 0.1605
0.10616922 0.037894644 0.15875001
0.1062029 0.037417229 0.15675001
0.10671629 0.037118848 0.15550001
-0 0 0
-0 0 0
-0 0 0
-0 0 0
-0 0 0
-0 0 0
-0 0 0
-0 0 0
-0 0 0
-0 0 0
-0 0 0
-0 0 0
-0 0 0
-0 0 0
-0 0 0
-0 0 0
-0 0 0
-0 0 0
-0 0 0
-0 0 0
-0 0 0
-0 0 0
-0 0 0
-0 0 0
-0 0 0
-0 0 0
-0 0 0
-0 0 0
-0 0 0
-0 0 0
-0 0 0
-0 0 0
-0 0 0
-0 0 0
-0 0 0
-0 0 0
-0 0 0
-0 0 0
-0 0 0
-0 0 0
-0 0 0
-0 0 0
-0 0 0
-0 0 0
-0 0 0
-0 0 0
-0 0 0
-0 0 0
-0 0 0
-0 0 0
-0 0 0
-0 0 0
-0 0 0
-0 0 0
-0 0 0
-0 0 0
-0 0 0
-0.058662064 0.070460714 0.28475001
-0.056023136 0.070275128 0.28400001
-0.053208813 0.069842093 0.28225002
-0.050020628 0.068852305 0.27825001
-0.046859674 0.067800656 0.27400002
-0.044341031 0.067615069 0.27325001
-0.041912276 0.0675532 0.273
-0.039451696 0.067429483 0.27250001
-0.037067879 0.067429483 0.27250001
-0.034652248 0.067367621 0.27225003
-0.032152079 0.067120172 0.27125001
-0.029669415 0.066872723 0.27025002
-0.027229503 0.066687137 0.26950002
-0.024871929 0.066687137 0.26950002
-0.022472588 0.06656342 0.26900002
-0.020025898 0.066254109 0.26775002
-0.017634099 0.066068523 0.26700002
-0.015212449 0.06569735 0.26550001
-0.012865596 0.065573625 0.26500002
-0.010527488 0.065449901 0.26450002
-0.0082214177 0.065511763 0.26475
-0.0059109745 0.065573625 0.26500002
-0.003592768 0.065573625 0.26500002
-0.0012733585 0.065511763 0.26475
0.0010416767 0.065449901 0.26450002
0.0033491661 0.065326169 0.264
0.0056586252 0.065326169 0.264
0.0079831751 0.065449901 0.26450002
0.010287276 0.065388039 0.26425001
0.012587002 0.065326169 0.264
0.014924674 0.065449901 0.26450002
0.017303679 0.06569735 0.26550001
0.019681701 0.065882936 0.26625001
0.022176184 0.066377833 0.26825002
0.02456853 0.06650155 0.26875001
0.027019706 0.066748999 0.26975
0.029461151 0.066934586 0.2705
0.031827472 0.066934586 0.2705
0.034256998 0.06705831 0.27100003
0.036695272 0.067182034 0.27150002
0.039142292 0.067305759 0.27200001
0.041636225 0.067491345 0.27275002
0.044143282 0.067676932 0.27350003
0.04662092 0.067800656 0.27400002
0.04906258 0.067862511 0.27425
0.051461704 0.067862511 0.27425
0.053959031 0.067986242 0.27475002
0.057183091 0.068976022 0.27875
0.059942417 0.069347203 0.28025001
0.062616661 0.069594644 0.28125
0.065366253 0.069903955 0.2825
0.067837551 0.069903955 0.2825
0.07018441 0.069780231 0.28200001
0 0 0
0 0 0
0 0 0
0 0 0
0 0 0
0 0 0
0 0 0
0 0 0
0 0 0
0 0 0
0 0 0
0 0 0
0 0 0
0 0 0
0 0 0
0 0 0
0 0 0
0 0 0
0 0 0
0 0 0
0 0 0
0 0 0
0 0 0
0 0 0
0 0 0
0 0 0
0 0 0
0 0 0
0 0 0
0 0 0
0 0 0
0 0 0
0 0 0
0 0 0
0 0 0
0 0 0
0 0 0
0 0 0
0 0 0
0 0 0
0 0 0
0 0 0
0.10281954 0.040705137 0.16450001
0.10346634 0.04039583 0.16325001
0.10360935 0.039900932 0.16125001
0.10436867 0.039653484 0.16025001
0.1049455 0.039344173 0.15900001
0.10516605 0.038911138 0.15725
0.1051866 0.038416248 0.15525001
0.10585845 0.038168799 0.15425001
-0 0 0
-0 0 0
-0 0 0
-0 0 0
-0 0 0
-0 0 0
-0 0 0
-0 0 0
-0 0 0
-0 0 0
-0 0 0
-0 0 0
-0 0 0
-0 0 0
-0 0 0
-0 0 0
-0 0 0
-0 0 0
-0 0 0
-0 0 0
-0 0 0
-0 0 0
-0 0 0
-0 0 0
-0 0 0
-0 0 0
-0 0 0
-0 0 0
-0 0 0
-0 0 0
-0 0 0
-0 0 0
-0 0 0
-0 0 0
-0 0 0
-0 0 0
-0 0 0
-0 0 0
-0 0 0
-0 0 0
-0 0 0
-0 0 0
-0 0 0
-0 0 0
-0 0 0
-0 0 0
-0 0 0
-0 0 0
-0 0 0
-0 0 0
-0 0 0
-0 0 0
-0 0 0
-0 0 0
-0 0 0
-0 0 0
-0.060508762 0.072181217 0.28175002
-0.058404546 0.072629549 0.28350002
-0.055875186 0.072565496 0.28325
-0.05297317 0.071989074 0.28100002
-0.049436379 0.070451938 0.27500001
-0.046731409 0.070003614 0.27325001
-0.044219326 0.069811471 0.27250001
-0.041835513 0.069811471 0.27250001
-0.039451696 0.069811471 0.27250001
-0.036999866 0.069683373 0.27200001
-0.034493145 0.069427192 0.27100003
-0.032003913 0.069170997 0.27000001
-0.029587075 0.069042906 0.26950002
-0.027103206 0.068722665 0.26825002
-0.024710424 0.068594575 0.26775002
-0.02228462 0.068338379 0.26675001
-0.019857612 0.068018146 0.26550001
-0.01750201 0.067890055 0.26500002
-0.015155153 0.067761965 0.26450002
-0.012902007 0.068082199 0.26575002
-0.010636942 0.068466477 0.26725
-0.0083689224 0.069042906 0.26950002
-0.0060503841 0.06949123 0.27125001
-0.0037147864 0.070195757 0.27400002
-0.0013178479 0.070195757 0.27400002
0.0010781059 0.070131704 0.27375001
0.0034760288 0.070195757 0.27400002
0.0058729672 0.070195757 0.27400002
0.0082397228 0.069939561 0.273
0.01050139 0.069106944 0.26975
0.012753875 0.068530522 0.26750001
0.014966994 0.067954108 0.26525003
0.017222213 0.067697912 0.26425001
0.019515377 0.06763386 0.264
0.021886839 0.067826003 0.26475
0.02431713 0.068146236 0.266
0.026769292 0.068466477 0.26725
0.029270554 0.068850763 0.26875001
0.031768642 0.069170997 0.27000001
0.03416219 0.069235049 0.27025002
0.036593903 0.06936314 0.27075002
0.039034363 0.06949123 0.27125001
0.041521735 0.069683373 0.27200001
0.043981876 0.069811471 0.27250001
0.046450768 0.069939561 0.273
0.04892841 0.070067659 0.27350003
0.051367883 0.070131704 0.27375001
0.053860828 0.070259795 0.27425
0.056413811 0.070451938 0.27500001
0.059514638 0.071284555 0.27825001
0.062282711 0.071668841 0.27975002
0.065192722 0.072181217 0.28175002
0.067837551 0.072373353 0.2825
0.07018441 0.072245263 0.28200001
0 0 0
0 0 0
0 0 0
0 0 0
0 0 0
0 0 0
0 0 0
0 0 0
0 0 0
0 0 0
0 0 0
0 0 0
0 0 0
0 0 0
0 0 0
0 0 0
0 0 0
0 0 0
0 0 0
0 0 0
0 0 0
0 0 0
0 0 0
0 0 0
0 0 0
0 0 0
0 0 0
0 0 0
0 0 0
0 0 0
0 0 0
0 0 0
0 0 0
0 0 0
0 0 0
0 0 0
0 0 0
0 0 0
0 0 0
0 0 0
0.100549 0.042399261 0.16550002
0.10168864 0.042271163 0.16500001
0.10281954 0.042143073 0.16450001
0.10267409 0.041502599 0.162
0.10296682 0.041054267 0.16025001
0.10339174 0.040669985 0.15875001
0.1031304 0.040029511 0.15625
0.10399568 0.039837372 0.15550001
0.10467845 0.039581183 0.15450001
0.10551529 0.03938904 0.15375
-0 0 0
-0 0 0
-0 0 0
-0 0 0
-0 0 0
-0 0 0
-0 0 0
-0 0 0
-0 0 0
-0 0 0
-0 0 0
-0 0 0
-0 0 0
-0 0 0
-0 0 0
-0 0 0
-0 0 0
-0 0 0
-0 0 0
-0 0 0
-0 0 0
-0 0 0
-0 0 0
-0 0 0
-0 0 0
-0 0 0
-0 0 0
-0 0 0
-0 0 0
-0 0 0
-0 0 0
-0 0 0
-0 0 0
-0 0 0
-0 0 0
-0 0 0
-0 0 0
-0 0 0
-0 0 0
-0 0 0
-0 0 0
-0 0 0
-0 0 0
-0 0 0
-0 0 0
-0 0 0
-0 0 0
-0 0 0
-0 0 0
-0 0 0
-0 0 0
-0 0 0
-0 0 0
-0 0 0
-0 0 0
-0.063029371 0.074710287 0.28200001
-0.060669828 0.074842751 0.2825
-0.05819853 0.074842751 0.2825
-0.055480655 0.074511588 0.28125
-0.052124843 0.073253177 0.27650002
-0.049166732 0.072458386 0.27350003
-0.046560392 0.072127223 0.27225003
-0.044097621 0.071994752 0.27175
-0.041720368 0.071994752 0.27175
-0.039306924 0.071928531 0.27150002
-0.036795821 0.071663596 0.2705
-0.034334041 0.071464896 0.26975
-0.031885382 0.071266204 0.26900002
-0.029477287 0.071133733 0.2685
-0.026951648 0.070670106 0.26675001
-0.024479702 0.070272714 0.26525003
-0.022075767 0.070007779 0.26425001
-0.019801516 0.070140243 0.26475
-0.017634099 0.070736341 0.26700002
-0.015541909 0.071862295 0.27125001
-0.013351089 0.072855778 0.27500001
-0.010995154 0.073186941 0.27625
-0.0085862968 0.073253177 0.27650002
-0.0061786412 0.073385641 0.27700001
-0.0037588486 0.073451877 0.27725002
-0.0013322769 0.073385641 0.27700001
0.0010899206 0.073319405 0.27675
0.0035140875 0.073385641 0.27700001
0.0059426287 0.073451877 0.27725002
0.0083453609 0.073253177 0.27650002
0.010725238 0.072988242 0.2755
0.013135298 0.072988242 0.2755
0.015488934 0.072723314 0.27450001
0.017711015 0.071994752 0.27175
0.019755622 0.070802569 0.26725
0.021928174 0.070272714 0.26525003
0.024134295 0.069941543 0.264
0.026493838 0.070074014 0.26450002
0.028971041 0.070471406 0.266
0.031592149 0.071133733 0.2685
0.034067381 0.071398668 0.26950002
0.036492534 0.071531132 0.27000001
0.038962409 0.071729831 0.27075002
0.041407242 0.071862295 0.27125001
0.043860823 0.071994752 0.27175
0.046365693 0.072193451 0.27250001
0.048838958 0.072325915 0.273
0.051367883 0.072524615 0.27375001
0.053860828 0.072657079 0.27425
0.056259952 0.072657079 0.27425
0.058872972 0.072922014 0.27525002
0.062060073 0.073849268 0.27875
0.065366253 0.074842751 0.2825
0.068017654 0.075041451 0.28325
0.070433296 0.074975222 0.28300002
0 0 0
0 0 0
0 0 0
0 0 0
0 0 0
0 0 0
0 0 0
0 0 0
0 0 0
0 0 0
0 0 0
0 0 0
0 0 0
0 0 0
0 0 0
0 0 0
0 0 0
0 0 0
0 0 0
0 0 0
0 0 0
0 0 0
0 0 0
0 0 0
0 0 0
0 0 0
0 0 0
0 0 0
0 0 0
0 0 0
0 0 0
0 0 0
0 0 0
0 0 0
0 0 0
0 0 0
0 0 0
0 0 0
0 0 0
0.09925092 0.043912169 0.16575001
0.100549 0.043845937 0.16550002
0.10153457 0.043647237 0.16475001
0.10188197 0.043183606 0.163
0.10188185 0.042587515 0.16075
0.10232428 0.04219012 0.15925001
0.10192635 0.041461565 0.15650001
0.10230535 0.041064166 0.155
0.10349409 0.040997934 0.15475
0.10450907 0.04086547 0.15425001
0.10534373 0.04066677 0.15350001
-0 0 0
-0 0 0
-0 0 0
-0 0 0
-0 0 0
-0 0 0
-0 0 0
-0 0 0
-0 0 0
-0 0 0
-0 0 0
-0 0 0
-0 0 0
-0 0 0
-0 0 0
-0 0 0
-0 0 0
-0 0 0
-0 0 0
-0 0 0
-0 0 0
-0 0 0
-0 0 0
-0 0 0
-0 0 0
-0 0 0
-0 0 0
-0 0 0
-0 0 0
-0 0 0
-0 0 0
-0 0 0
-0 0 0
-0 0 0
-0 0 0
-0 0 0
-0 0 0
-0 0 0
-0 0 0
-0 0 0
-0 0 0
-0 0 0
-0 0 0
-0 0 0
-0 0 0
-0 0 0
-0 0 0
-0 0 0
-0 0 0
-0 0 0
-0 0 0
-0 0 0
-0 0 0
-0 0 0
-0 0 0
-0.063085251 0.077243738 0.28225002
-0.060669828 0.077312149 0.2825
-0.058044028 0.077106901 0.28175002
-0.054987494 0.076285884 0.27875
-0.05160642 0.074917525 0.27375001
-0.049031902 0.074643858 0.27275002
-0.046432123 0.074301772 0.27150002
-0.044016484 0.074233353 0.27125001
-0.041643608 0.074233353 0.27125001
-0.039162144 0.074028097 0.2705
-0.0366938 0.073822841 0.26975
-0.034238584 0.073617592 0.26900002
-0.031796481 0.073412336 0.26825002
-0.029230272 0.072864994 0.26625001
-0.026774835 0.072522908 0.26500002
-0.024479702 0.072591327 0.26525003
-0.02224285 0.072864994 0.26625001
-0.020306373 0.074301772 0.27150002
-0.018211996 0.075464875 0.27575001
-0.015857045 0.075738542 0.27675
-0.01343605 0.075738542 0.27675
-0.011015055 0.075738542 0.27675
-0.0086018238 0.07580696 0.27700001
-0.0061786412 0.07580696 0.27700001
-0.0037588486 0.075875379 0.27725002
-0.0013334793 0.075875379 0.27725002
0.0010899206 0.075738542 0.27675
0.0035077445 0.075670131 0.27650002
0.0059265527 0.075670131 0.27650002
0.0083302697 0.075533293 0.27600002
0.010744704 0.075533293 0.27600002
0.013242575 0.076012217 0.27775002
0.01570053 0.076149046 0.27825001
0.017988006 0.075533293 0.27600002
0.020291558 0.075122781 0.27450001
0.022548199 0.074643858 0.27275002
0.024545675 0.073480755 0.2685
0.026543921 0.072522908 0.26500002
0.028862128 0.072522908 0.26500002
0.031297993 0.072796576 0.266
0.033782959 0.073138662 0.26725
0.036323588 0.073549174 0.26875001
0.03885448 0.07389126 0.27000001
0.041330919 0.074096516 0.27075002
0.043780126 0.074233353 0.27125001
0.046280619 0.074438609 0.27200001
0.048794236 0.074643858 0.27275002
0.051274061 0.074780695 0.27325001
0.053762633 0.074917525 0.27375001
0.056208674 0.074985951 0.27400002
0.058712553 0.075122781 0.27450001
0.06167046 0.07580696 0.27700001
0.065366253 0.077312149 0.2825
0.068317816 0.077859491 0.2845
0.071242161 0.078338422 0.28625003
0 0 0
0 0 0
0 0 0
0 0 0
0 0 0
0 0 0
0 0 0
0 0 0
0 0 0
0 0 0
0 0 0
0 0 0
0 0 0
0 0 0
0 0 0
0 0 0
0 0 0
0 0 0
0 0 0
0 0 0
0 0 0
0 0 0
0 0 0
0 0 0
0 0 0
0 0 0
0 0 0
0 0 0
0 0 0
0 0 0
0 0 0
0 0 0
0 0 0
0 0 0
0 0 0
0 0 0
0 0 0
0 0 0
0 0 0
0.099101223 0.045292608 0.16550002
0.10024523 0.045155771 0.16500001
0.10061012 0.044676848 0.16325001
0.10094441 0.044197921 0.16150001
0.10140651 0.043787416 0.16000001
0.1015211 0.04324007 0.15800001
0.10094941 0.042419057 0.155
0.10197534 0.042282224 0.15450001
0.10349409 0.042350639 0.15475
0.10450907 0.042213805 0.15425001
0.10551529 0.042076968 0.15375
-0 0 0
-0 0 0
-0 0 0
-0 0 0
-0 0 0
-0 0 0
-0 0 0
-0 0 0
-0 0 0
-0 0 0
-0 0 0
-0 0 0
-0 0 0
-0 0 0
-0 0 0
-0 0 0
-0 0 0
-0 0 0
-0 0 0
-0 0 0
-0 0 0
-0 0 0
-0 0 0
-0 0 0
-0 0 0
-0 0 0
-0 0 0
-0 0 0
-0 0 0
-0 0 0
-0 0 0
-0 0 0
-0 0 0
-0 0 0
-0 0 0
-0 0 0
-0 0 0
-0 0 0
-0 0 0
-0 0 0
-0 0 0
-0 0 0
-0 0 0
-0 0 0
-0 0 0
-0 0 0
-0 0 0
-0 0 0
-0 0 0
-0 0 0
-0 0 0
-0 0 0
-0 0 0
-0 0 0
-0.065554358 0.079710953 0.28225002
-0.063364632 0.080063961 0.28350002
-0.060669828 0.079781547 0.2825
-0.057889517 0.079357937 0.28100002
-0.05419844 0.077592857 0.27475002
-0.051417906 0.077028029 0.27275002
-0.048942022 0.076886825 0.27225003
-0.046432123 0.076675013 0.27150002
-0.043975919 0.076533809 0.27100003
-0.041566845 0.076463208 0.27075002
-0.039053559 0.076180786 0.26975
-0.036591783 0.075968988 0.26900002
-0.034111299 0.075686567 0.26800001
-0.03150015 0.075051144 0.26575002
-0.02903815 0.074698128 0.26450002
-0.026825354 0.074980535 0.26550001
-0.024987292 0.076463208 0.27075002
-0.023015605 0.077804662 0.2755
-0.020717734 0.07822828 0.27700001
-0.018311065 0.078298889 0.27725002
-0.01587137 0.07822828 0.27700001
-0.01343605 0.078157678 0.27675
-0.011015055 0.078157678 0.27675
-0.0085940594 0.078157678 0.27675
-0.0061674886 0.078087077 0.27650002
-0.0037486805 0.078087077 0.27650002
-0.0013298721 0.078087077 0.27650002
0.0010869671 0.077945873 0.27600002
0.0034982297 0.077875264 0.27575001
0.0059051183 0.077804662 0.2755
0.0083227241 0.077875264 0.27575001
0.010803099 0.078369483 0.2775
0.013600159 0.080558188 0.28525001
0.016278896 0.081476025 0.28850001
0.018313875 0.079357937 0.28100002
0.02038396 0.077875264 0.27575001
0.022713538 0.077592857 0.27475002
0.025048474 0.077381045 0.27400002
0.027169956 0.076604411 0.27125001
0.029025499 0.075262956 0.26650003
0.031150918 0.07476873 0.26475
0.033435337 0.074698128 0.26450002
0.036019485 0.075262956 0.26650003
0.038710576 0.075968988 0.26900002
0.041216426 0.076251395 0.27000001
0.043739777 0.076533809 0.27100003
0.046280619 0.076816224 0.27200001
0.04874951 0.076957427 0.27250001
0.051133327 0.076957427 0.27250001
0.053566243 0.077028029 0.27275002
0.056106102 0.077239841 0.27350003
0.05865908 0.077451646 0.27425
0.061169527 0.077592857 0.27475002
0.065077022 0.079428531 0.28125
0.068377852 0.080416977 0.28475001
0.071055494 0.08062879 0.28550002
0.073681846 0.080769993 0.28600001
0 0 0
0 0 0
0 0 0
0 0 0
0 0 0
0 0 0
0 0 0
0 0 0
0 0 0
0 0 0
0 0 0
0 0 0
0 0 0
0 0 0
0 0 0
0 0 0
0 0 0
0 0 0
0 0 0
0 0 0
0 0 0
0 0 0
0 0 0
0 0 0
0 0 0
0 0 0
0 0 0
0 0 0
0 0 0
0 0 0
0 0 0
0 0 0
0 0 0
0 0 0
0 0 0
0 0 0
0.097658902 0.047445312 0.16800001
0.097800948 0.046809886 0.16575001
0.098801814 0.046598073 0.16500001
0.09963768 0.046315663 0.164
0.099685676 0.045680232 0.16175
0.1001631 0.045256615 0.16025001
0.10013893 0.044621188 0.15800001
0.099754125 0.043844555 0.15525001
0.10062378 0.043632742 0.15450001
0.10181034 0.04356214 0.15425001
0.10332689 0.043632742 0.15450001
0.10467845 0.043632742 0.15450001
0.10585845 0.04356214 0.15425001
-0 0 0
-0 0 0
-0 0 0
-0 0 0
-0 0 0
-0 0 0
-0 0 0
-0 0 0
-0 0 0
-0 0 0
-0 0 0
-0 0 0
-0 0 0
-0 0 0
-0 0 0
-0 0 0
-0 0 0
-0 0 0
-0 0 0
-0 0 0
-0 0 0
-0 0 0
-0 0 0
-0 0 0
-0 0 0
-0 0 0
-0 0 0
-0 0 0
-0 0 0
-0 0 0
-0 0 0
-0 0 0
-0 0 0
-0 0 0
-0 0 0
-0 0 0
-0 0 0
-0 0 0
-0 0 0
-0 0 0
-0 0 0
-0 0 0
-0 0 0
-0 0 0
-0 0 0
-0 0 0
-0 0 0
-0 0 0
-0 0 0
-0 0 0
-0 0 0
-0 0 0
-0 0 0
-0 0 0
-0.066425323 0.083269991 0.28600001
-0.063755773 0.083051622 0.28525001
-0.060669828 0.082250945 0.2825
-0.057271481 0.080940761 0.27800003
-0.054099802 0.07984893 0.27425
-0.051323649 0.07926663 0.27225003
-0.048897076 0.079193838 0.27200001
-0.046432123 0.079048261 0.27150002
-0.043935351 0.078829892 0.27075002
-0.041490085 0.078684315 0.27025002
-0.038944982 0.078320377 0.26900002
-0.036489759 0.078102008 0.26825002
-0.033856738 0.077446908 0.266
-0.031292714 0.0768646 0.264
-0.029175382 0.077374123 0.26575002
-0.027507355 0.07926663 0.27225003
-0.025517954 0.08050403 0.27650002
-0.023140917 0.080649599 0.27700001
-0.020717734 0.080649599 0.27700001
-0.018311065 0.080722392 0.27725002
-0.01587137 0.080649599 0.27700001
-0.013423914 0.08050403 0.27650002
-0.010985205 0.080358453 0.27600002
-0.0085707707 0.080358453 0.27600002
-0.0061563361 0.080358453 0.27600002
-0.0037351225 0.080212869 0.2755
-0.0013226576 0.080067292 0.27500001
0.0010790905 0.079776146 0.27400002
0.0034728572 0.079703353 0.27375001
0.0058783256 0.07984893 0.27425
0.0083000874 0.080067292 0.27500001
0.010851761 0.081159122 0.27875
0.013790872 0.084216237 0.28925002
0.016462281 0.084944122 0.29175001
0.018786386 0.083925076 0.28825
0.020494843 0.080722392 0.27725002
0.022734204 0.080067292 0.27500001
0.025071327 0.07984893 0.27425
0.027470453 0.07984893 0.27425
0.029787894 0.079630569 0.27350003
0.031650983 0.078320377 0.26900002
0.033403732 0.076937392 0.26425001
0.035749167 0.077010185 0.26450002
0.038386788 0.077665277 0.26675001
0.041025609 0.078247584 0.26875001
0.043497674 0.078465953 0.26950002
0.046153005 0.078975469 0.27125001
0.048615336 0.079121046 0.27175
0.050992589 0.079121046 0.27175
0.053468049 0.07926663 0.27225003
0.05600353 0.079484984 0.273
0.058498669 0.079630569 0.27350003
0.061002549 0.079776146 0.27400002
0.064382873 0.081013545 0.27825001
0.068197757 0.082687676 0.28400001
0.070993274 0.083051622 0.28525001
0.074454732 0.084143445 0.289
0 0 0
0 0 0
0 0 0
0 0 0
0 0 0
0 0 0
0 0 0
0 0 0
0 0 0
0 0 0
0 0 0
0 0 0
0 0 0
0 0 0
0 0 0
0 0 0
0 0 0
0 0 0
0 0 0
0 0 0
0 0 0
0 0 0
0 0 0
0 0 0
0 0 0
0 0 0
0 0 0
0 0 0
0 0 0
0 0 0
0 0 0
0 0 0
0 0 0
0 0 0
0 0 0
0.095473558 0.048549898 0.16675001
0.096641615 0.048404317 0.16625001
0.097358406 0.048040379 0.16500001
0.097903624 0.047603648 0.16350001
0.09887825 0.047385279 0.16275001
0.098453097 0.046511821 0.15975001
0.098444238 0.045856725 0.15750001
0.09887135 0.045419991 0.156
0.099593483 0.045128837 0.155
0.1007866 0.045056049 0.15475
0.10197534 0.044983264 0.15450001
0.10332689 0.044983264 0.15450001
0.10450907 0.044910476 0.15425001
0.10551529 0.044764895 0.15375
-0 0 0
-0 0 0
-0 0 0
-0 0 0
-0 0 0
-0 0 0
-0 0 0
-0 0 0
-0 0 0
-0 0 0
-0 0 0
-0 0 0
-0 0 0
-0 0 0
-0 0 0
-0 0 0
-0 0 0
-0 0 0
-0.80435836 0.44084564 1.47
-0.79096049 0.44054577 1.4690001
-0 0 0
-0 0 0
-0 0 0
-0 0 0
-0 0 0
-0 0 0
-0 0 0
-0 0 0
-0 0 0
-0 0 0
-0 0 0
-0 0 0
-0 0 0
-0 0 0
-0 0 0
-0 0 0
-0 0 0
-0 0 0
-0 0 0
-0 0 0
-0 0 0
-0 0 0
-0 0 0
-0 0 0
-0 0 0
-0 0 0
-0 0 0
-0 0 0
-0 0 0
-0 0 0
-0 0 0
-0 0 0
-0 0 0
-0 0 0
-0.066483386 0.085844949 0.28625003
-0.063197002 0.084795311 0.28275001
-0.060240313 0.084120549 0.28050002
-0.05649893 0.082246199 0.27425
-0.05375459 0.081721388 0.27250001
-0.05127652 0.081571445 0.27200001
-0.048852131 0.081496462 0.27175
-0.046346616 0.081271552 0.27100003
-0.043854214 0.081046626 0.27025002
-0.041336559 0.080746725 0.26925001
-0.038800202 0.080371857 0.26800001
-0.036217701 0.079847045 0.26625001
-0.033697635 0.079397202 0.26475
-0.03152978 0.07977207 0.266
-0.029998768 0.081946313 0.27325001
-0.027860984 0.082696043 0.27575001
-0.025564097 0.083070911 0.27700001
-0.023140917 0.083070911 0.27700001
-0.020717734 0.083070911 0.27700001
-0.018294552 0.083070911 0.27700001
-0.015857045 0.082995936 0.27675
-0.013411776 0.082845993 0.27625
-0.010975254 0.082696043 0.27575001
-0.0085552428 0.082621068 0.2755
-0.0061340299 0.082471125 0.27500001
-0.0037147864 0.082171232 0.27400002
-0.0013082286 0.081571445 0.27200001
0.0010564453 0.080446839 0.26825002
0.0034125978 0.080671757 0.26900002
0.0058354577 0.08164642 0.27225003
0.0082623595 0.082096256 0.27375001
0.010725238 0.082621068 0.2755
0.013278333 0.083520763 0.27850002
0.015771063 0.083820648 0.27950001
0.018427929 0.084795311 0.28275001
0.020753568 0.084195517 0.28075001
0.022734204 0.082471125 0.27500001
0.025071327 0.082246199 0.27425
0.027520537 0.082396157 0.27475002
0.029924037 0.082396157 0.27475002
0.032209873 0.082096256 0.27375001
0.034098983 0.080896676 0.26975
0.035749167 0.079322234 0.26450002
0.038098976 0.079397202 0.26475
0.040720303 0.079996988 0.26675001
0.043295924 0.080446839 0.26825002
0.045855246 0.080821708 0.26950002
0.048436441 0.081196576 0.27075002
0.050898768 0.081346519 0.27125001
0.053369846 0.081496462 0.27175
0.055798389 0.081571445 0.27200001
0.058338251 0.081796363 0.27275002
0.060946889 0.082096256 0.27375001
0.063630871 0.082471125 0.27500001
0.067897588 0.084795311 0.28275001
0.071304373 0.085919917 0.28650001
0.074197106 0.08636976 0.28800002
0.076250352 0.085844949 0.28625003
0 0 0
0 0 0
0 0 0
0 0 0
0 0 0
0 0 0
0 0 0
0 0 0
0 0 0
0 0 0
0 0 0
0 0 0
0 0 0
0 0 0
0 0 0
0 0 0
0 0 0
0 0 0
0 0 0
0 0 0
0 0 0
0 0 0
0 0 0
0 0 0
0 0 0
0 0 0
0 0 0
0 0 0
0 0 0
0 0 0
0 0 0
0 0 0
0 0 0
0.094155788 0.050082467 0.16700001
0.095187269 0.049857542 0.16625001
0.096205644 0.049632624 0.16550002
0.096620843 0.049107805 0.16375001
0.096706025 0.048433043 0.16150001
0.097055614 0.047908228 0.15975001
0.097220503 0.047308438 0.15775001
0.097819194 0.046933569 0.15650001
0.098712899 0.046708647 0.15575001
0.10007539 0.046708647 0.15575001
0.10143788 0.046708647 0.15575001
0.10230535 0.046483725 0.155
0.10332689 0.046333779 0.15450001
0.10450907 0.046258803 0.15425001
0.10534373 0.046033882 0.15350001
-0 0 0
-0 0 0
-0 0 0
-0 0 0
-0 0 0
-0 0 0
-0 0 0
-0 0 0
-0 0 0
-0 0 0
-0 0 0
-0 0 0
-0 0 0
-0 0 0
-0 0 0
-0 0 0
-0 0 0
-0 0 0
-0.79998094 0.45122615 1.462
-0.78974903 0.45269218 1.46675
-0 0 0
-0 0 0
-0 0 0
-0 0 0
-0 0 0
-0 0 0
-0 0 0
-0 0 0
-0 0 0
-0 0 0
-0 0 0
-0 0 0
-0 0 0
-0 0 0
-0 0 0
-0 0 0
-0 0 0
-0 0 0
-0 0 0
-0 0 0
-0 0 0
-0 0 0
-0 0 0
-0 0 0
-0 0 0
-0 0 0
-0 0 0
-0 0 0
-0 0 0
-0 0 0
-0 0 0
-0 0 0
-0 0 0
-0 0 0
-0.065728553 0.087344058 0.28300002
-0.06291762 0.086881101 0.28150001
-0.059596028 0.085646555 0.2775
-0.056292918 0.08433485 0.27325001
-0.053705279 0.084026217 0.27225003
-0.05127652 0.083949059 0.27200001
-0.048807193 0.083794743 0.27150002
-0.046261102 0.083486095 0.2705
-0.043732509 0.08317747 0.26950002
-0.041221414 0.082868822 0.2685
-0.038546842 0.082174398 0.26625001
-0.035945643 0.081557125 0.26425001
-0.033793099 0.081942916 0.26550001
-0.03241878 0.084412016 0.27350003
-0.030300679 0.085183606 0.27600002
-0.027911501 0.085260756 0.27625
-0.025541024 0.085415073 0.27675
-0.023120031 0.085415073 0.27675
-0.020699035 0.085415073 0.27675
-0.018245019 0.085260756 0.27625
-0.015799748 0.08510644 0.27575001
-0.013375363 0.085029282 0.2755
-0.010945403 0.084874965 0.27500001
-0.0085397167 0.084874965 0.27500001
-0.0061173006 0.084643483 0.27425
-0.0037080077 0.084412016 0.27350003
-0.0013118358 0.084180534 0.27275002
0.0010672756 0.083640426 0.27100003
0.0034411417 0.083717577 0.27125001
0.0058354577 0.084026217 0.27225003
0.0082397228 0.084257685 0.273
0.010627913 0.084257685 0.273
0.01287307 0.083331779 0.27000001
0.015404294 0.084257685 0.273
0.01787395 0.084643483 0.27425
0.020827493 0.086958259 0.28175002
0.022816876 0.085183606 0.27600002
0.025048474 0.084566332 0.27400002
0.027470453 0.084643483 0.27425
0.029924037 0.084797807 0.27475002
0.032298118 0.084720649 0.27450001
0.034636226 0.084566332 0.27400002
0.036424957 0.08317747 0.26950002
0.038134955 0.081788599 0.26500002
0.040338669 0.081557125 0.26425001
0.043053817 0.082328714 0.26675001
0.045727633 0.082945988 0.26875001
0.048302267 0.083331779 0.27000001
0.050851863 0.083640426 0.27100003
0.053369846 0.083871894 0.27175
0.055798389 0.083949059 0.27200001
0.05839172 0.084257685 0.273
0.060946889 0.084489167 0.27375001
0.063399486 0.084566332 0.27400002
0.066937052 0.086032346 0.27875
0.070931055 0.087961331 0.28500003
0.073939472 0.088578597 0.287
0.076383539 0.088501438 0.28675002
0 0 0
0 0 0
0 0 0
0 0 0
0 0 0
0 0 0
0 0 0
0 0 0
0 0 0
0 0 0
0 0 0
0 0 0
0 0 0
0 0 0
0 0 0
0 0 0
0 0 0
0 0 0
0 0 0
0 0 0
0 0 0
0 0 0
0 0 0
0 0 0
0 0 0
0 0 0
0 0 0
0 0 0
0 0 0
0 0 0
0 0 0
0 0 0
0.092694879 0.051542252 0.16700001
0.093732931 0.051310774 0.16625001
0.094614714 0.051002137 0.16525
0.095479012 0.050693501 0.16425
0.09588328 0.05015339 0.16250001
0.095658131 0.049304642 0.15975001
0.095536739 0.048533045 0.15725
0.096604206 0.048378728 0.15675001
0.097662926 0.048224408 0.15625
0.09887135 0.04814725 0.156
0.10039666 0.048224408 0.15625
0.10192635 0.04830157 0.15650001
0.10280038 0.048070092 0.15575001
0.10349409 0.047761455 0.15475
0.10450907 0.047607139 0.15425001
0.10551529 0.047452819 0.15375
-0 0 0
-0 0 0
-0 0 0
-0 0 0
-0 0 0
-0 0 0
-0 0 0
-0 0 0
-0 0 0
-0 0 0
-0 0 0
-0 0 0
-0 0 0
-0 0 0
-0 0 0
-0 0 0
-0 0 0
-0 0 0
-0.79861301 0.4632124 1.4595001
-0.78772986 0.46432322 1.4630001
-0 0 0
-0 0 0
-0 0 0
-0 0 0
-0 0 0
-0 0 0
-0 0 0
-0 0 0
-0 0 0
-0 0 0
-0 0 0
-0 0 0
-0 0 0
-0 0 0
-0 0 0
-0 0 0
-0 0 0
-0 0 0
-0 0 0
-0 0 0
-0 0 0
-0 0 0
-0 0 0
-0 0 0
-0 0 0
-0 0 0
-0 0 0
-0 0 0
-0 0 0
-0 0 0
-0 0 0
-0 0 0
-0 0 0
-0.068143971 0.089738473 0.28275001
-0.065496296 0.089500442 0.28200001
-0.06269411 0.08902438 0.28050002
-0.059166506 0.087437488 0.2755
-0.056241412 0.086644046 0.273
-0.05375459 0.086485356 0.27250001
-0.05127652 0.086326674 0.27200001
-0.048762247 0.086088635 0.27125001
-0.046175592 0.085691914 0.27000001
-0.043651372 0.085374542 0.26900002
-0.041029509 0.084819123 0.26725
-0.038365871 0.08410503 0.26500002
-0.036047664 0.08410503 0.26500002
-0.034652248 0.086406022 0.27225003
-0.032744743 0.087675519 0.27625
-0.030355571 0.087754868 0.27650002
-0.027936762 0.087754868 0.27650002
-0.025517954 0.087754868 0.27650002
-0.023099147 0.087754868 0.27650002
-0.020680338 0.087754868 0.27650002
-0.018211996 0.087516837 0.27575001
-0.0157711 0.087358147 0.27525002
-0.013351089 0.087278798 0.27500001
-0.010925503 0.087120116 0.27450001
-0.0085241897 0.087120116 0.27450001
-0.0061117248 0.086961426 0.27400002
-0.0037147864 0.086961426 0.27400002
-0.0013154431 0.086802743 0.27350003
0.0010741677 0.086564705 0.27275002
0.0034601712 0.086564705 0.27275002
0.0058461749 0.086564705 0.27275002
0.0082246317 0.086485356 0.27250001
0.010588984 0.086326674 0.27200001
0.012849231 0.085533224 0.26950002
0 0 0
0.017922832 0.087278798 0.27500001
0.020698126 0.088865682 0.28
0.023002882 0.088310279 0.27825001
0.025048474 0.086961426 0.27400002
0.027445413 0.086961426 0.27400002
0.029896807 0.087120116 0.27450001
0.032327536 0.087199464 0.27475002
0.034731034 0.087199464 0.27475002
0.037033163 0.086961426 0.27400002
0.038746551 0.085453883 0.26925001
0.040300503 0.083787642 0.264
0.042731013 0.084025681 0.26475
0.045557488 0.084977821 0.26775002
0.048168093 0.085453883 0.26925001
0.050711125 0.085771263 0.27025002
0.053173456 0.085929953 0.27075002
0.055695821 0.086167984 0.27150002
0.058284774 0.086485356 0.27250001
0.060891233 0.086802743 0.27350003
0.06334164 0.086882077 0.27375001
0.066216655 0.087516837 0.27575001
0.070371069 0.089738473 0.28275001
0.073617436 0.090690605 0.28575
0 0 0
0 0 0
0 0 0
0 0 0
0 0 0
0 0 0
0 0 0
0 0 0
0 0 0
0 0 0
0 0 0
0 0 0
0 0 0
0 0 0
0 0 0
0 0 0
0 0 0
0 0 0
0 0 0
0 0 0
0 0 0
0 0 0
0 0 0
0 0 0
0 0 0
0 0 0
0 0 0
0 0 0
0 0 0
0 0 0
0 0 0
0 0 0
0.092463166 0.053716138 0.16925001
0.092833646 0.053081382 0.16725001
0.093169123 0.052446626 0.16525
0.093755886 0.05197056 0.16375001
0.09388043 0.051256459 0.16150001
0.093965612 0.050542362 0.15925001
0.094011426 0.049828261 0.15700001
0.095081083 0.049669575 0.15650001
0.096450135 0.049669575 0.15650001
0.097662926 0.049590226 0.15625
0.099029794 0.049590226 0.15625
0.10039666 0.049590226 0.15625
0.10192635 0.049669575 0.15650001
0.1031304 0.049590226 0.15625
0.10416287 0.04943154 0.15575001
0.10484783 0.04911416 0.15475
0.10568687 0.048876133 0.15400001
-0 0 0
-0 0 0
-0 0 0
-0 0 0
-0 0 0
-0 0 0
-0 0 0
-0 0 0
-0 0 0
-0 0 0
-0 0 0
-0 0 0
-0 0 0
-0 0 0
-0 0 0
-0 0 0
-0 0 0
-0 0 0
-0.79683465 0.47491035 1.4562501
-0 0 0
-0 0 0
-0 0 0
-0 0 0
-0 0 0
-0 0 0
-0 0 0
-0 0 0
-0 0 0
-0 0 0
-0 0 0
-0 0 0
-0 0 0
-0 0 0
-0 0 0
-0 0 0
-0 0 0
-0 0 0
-0 0 0
-0 0 0
-0 0 0
-0 0 0
-0 0 0
-0 0 0
-0 0 0
-0 0 0
-0 0 0
-0 0 0
-0 0 0
-0 0 0
-0 0 0
-0 0 0
-0 0 0
-0.070679896 0.092291594 0.28300002
-0.068083718 0.092128523 0.2825
-0.065322101 0.091720879 0.28125
-0.0624706 0.091150172 0.27950001
-0.058844369 0.089356527 0.27400002
-0.056086909 0.08878582 0.27225003
-0.05365596 0.088704288 0.27200001
-0.051182263 0.088541225 0.27150002
-0.048627421 0.088215105 0.2705
-0.046004571 0.08772593 0.26900002
-0.043489099 0.087399811 0.26800001
-0.040799223 0.086666048 0.26575002
-0.038402069 0.086502992 0.26525003
-0.036761817 0.088133581 0.27025002
-0.035065904 0.089845695 0.2755
-0.032744743 0.09009029 0.27625
-0.030355571 0.090171821 0.27650002
-0.027936762 0.090171821 0.27650002
-0.025517954 0.090171821 0.27650002
-0.023036491 0.089927226 0.27575001
-0.020624243 0.089927226 0.27575001
-0.018195484 0.089845695 0.2755
-0.015742451 0.089601114 0.27475002
-0.013314676 0.089438051 0.27425
-0.010905602 0.089356527 0.27400002
-0.0085008992 0.089274988 0.27375001
-0.0060949954 0.089111932 0.27325001
-0.0037080077 0.089193463 0.27350003
-0.0013142406 0.089111932 0.27325001
0.001073183 0.088867344 0.27250001
0.0034569993 0.088867344 0.27250001
0.0058408161 0.088867344 0.27250001
0.008217087 0.08878582 0.27225003
0.010579251 0.088622749 0.27175
0 0 0
0 0 0
0 0 0
0.020679647 0.091231704 0.27975002
0.023374896 0.092210062 0.28275001
0.025162745 0.08976417 0.27525002
0.02742037 0.089274988 0.27375001
0.029869577 0.089438051 0.27425
0.032298118 0.089519583 0.27450001
0.034699429 0.089519583 0.27450001
0.037100744 0.089519583 0.27450001
0.039430104 0.089356527 0.27400002
0.040834792 0.087236747 0.26750001
0.042690668 0.086258397 0.26450002
0.045217186 0.086666048 0.26575002
0.048033919 0.087562867 0.2685
0.0506173 0.08797051 0.26975
0.053075261 0.088133581 0.27025002
0.055593252 0.088378169 0.27100003
0.058177833 0.088704288 0.27200001
0.060779911 0.0890304 0.273
0.063283794 0.089193463 0.27350003
0.065796427 0.089356527 0.27400002
0.069251105 0.090742528 0.27825001
0.072908968 0.092291594 0.28300002
0 0 0
0 0 0
0 0 0
0 0 0
0 0 0
0 0 0
0 0 0
0 0 0
0 0 0
0 0 0
0 0 0
0 0 0
0 0 0
0 0 0
0 0 0
0 0 0
0 0 0
0 0 0
0 0 0
0 0 0
0 0 0
0 0 0
0 0 0
0 0 0
0 0 0
0 0 0
0 0 0
0 0 0
0 0 0
0 0 0
0 0 0
0.089907452 0.05454335 0.16725001
0.091233969 0.054461822 0.16700001
0.092139818 0.054135703 0.16600001
0.092464365 0.053483464 0.164
0.092897058 0.052912761 0.16225001
0.092427172 0.051852874 0.15900001
0.092933029 0.051363695 0.15750001
0.093712032 0.051037576 0.15650001
0.095081083 0.051037576 0.15650001
0.096604206 0.051119104 0.15675001
0.097819194 0.051037576 0.15650001
0.09887135 0.050874516 0.156
0.10023603 0.050874516 0.156
0.10192635 0.051037576 0.15650001
0.10329542 0.051037576 0.15650001
0.10466447 0.051037576 0.15650001
0.10552537 0.050792985 0.15575001
0.10603001 0.050385337 0.15450001
-0 0 0
-0 0 0
-0 0 0
-0 0 0
-0 0 0
-0 0 0
-0 0 0
-0 0 0
-0 0 0
-0 0 0
-0 0 0
-0 0 0
-0 0 0
-0 0 0
-0 0 0
-0 0 0
-0 0 0
-0 0 0
-0 0 0
-0 0 0
-0 0 0
-0 0 0
-0 0 0
-0 0 0
-0 0 0
-0 0 0
-0 0 0
-0 0 0
-0 0 0
-0 0 0
-0 0 0
-0 0 0
-0 0 0
-0 0 0
-0 0 0
-0 0 0
-0 0 0
-0 0 0
-0 0 0
-0 0 0
-0 0 0
-0 0 0
-0 0 0
-0 0 0
-0 0 0
-0 0 0
-0 0 0
-0 0 0
-0 0 0
-0 0 0
-0 0 0
-0 0 0
-0.070617452 0.094681643 0.28275001
-0.067963213 0.094430499 0.28200001
-0.065264039 0.09409564 0.28100002
-0.062191214 0.09317477 0.27825001
-0.058629602 0.091416754 0.273
-0.056086909 0.091165617 0.27225003
-0.053606644 0.09099818 0.27175
-0.051088005 0.090747043 0.27100003
-0.048492592 0.090328462 0.26975
-0.045919057 0.089909889 0.2685
-0.043123987 0.088989027 0.26575002
-0.040645696 0.08865416 0.26475
-0.038800202 0.089742459 0.26800001
-0.037373949 0.092002764 0.27475002
-0.035097729 0.092337623 0.27575001
-0.032744743 0.092505053 0.27625
-0.030328123 0.092505053 0.27625
-0.027911501 0.092505053 0.27625
-0.025494881 0.092505053 0.27625
-0.023015605 0.092253901 0.2755
-0.020549452 0.092002764 0.27475002
-0.01812944 0.09191905 0.27450001
-0.015699478 0.09175162 0.27400002
-0.013278265 0.091584191 0.27350003
-0.01087575 0.091500476 0.27325001
-0.0084776096 0.091416754 0.273
-0.0060838428 0.091333047 0.27275002
-0.0036978393 0.091333047 0.27275002
-0.001309431 0.091165617 0.27225003
0.0010702292 0.09099818 0.27175
0.0034379703 0.090747043 0.27100003
0.0058140233 0.090830751 0.27125001
0.0081869038 0.090830751 0.27125001
0.010550054 0.090747043 0.27100003
0.01263468 0.088737883 0.26500002
0 0 0
0 0 0
0.020550285 0.093091063 0.27800003
0.023540236 0.095351361 0.28475001
0.025688399 0.09409564 0.28100002
0.02739533 0.091584191 0.27350003
0.029787894 0.091584191 0.27350003
0.032209873 0.091667905 0.27375001
0.034636226 0.09175162 0.27400002
0.037100744 0.09191905 0.27450001
0.039502054 0.09191905 0.27450001
0.041598059 0.091249324 0.27250001
0.042852066 0.088905312 0.26550001
0.044919424 0.088403016 0.264
0.047810297 0.089491308 0.26725
0.05047657 0.090077326 0.26900002
0.053075261 0.090495899 0.27025002
0.055541962 0.090663329 0.27075002
0.058070891 0.090914473 0.27150002
0.060668591 0.091249324 0.27250001
0.063225947 0.091500476 0.27325001
0.065676361 0.091584191 0.27350003
0.068940006 0.092756197 0.27700001
0.072329298 0.094011918 0.28075001
0.074985065 0.094263069 0.28150001
0 0 0
0 0 0
0 0 0
0 0 0
0 0 0
0 0 0
0 0 0
0 0 0
0 0 0
0 0 0
0 0 0
0 0 0
0 0 0
0 0 0
0 0 0
0 0 0
0 0 0
0 0 0
0 0 0
0 0 0
0 0 0
0 0 0
0 0 0
0 0 0
0 0 0
0 0 0
0 0 0
0 0 0
0.087761365 0.05650761 0.16875
0.088840969 0.056256469 0.16800001
0.089638673 0.055837896 0.16675001
0.090414502 0.055419318 0.16550002
0.091445997 0.055168174 0.16475001
0.091759607 0.054498453 0.16275001
0.091322526 0.053410158 0.1595
0.09184587 0.052907869 0.15800001
0.092933029 0.05274044 0.15750001
0.093861729 0.052489292 0.15675001
0.095081083 0.052405581 0.15650001
0.096450135 0.052405581 0.15650001
0.097819194 0.052405581 0.15650001
0.09887135 0.052238148 0.156
0.10023603 0.052238148 0.156
0.10143788 0.052154433 0.15575001
0.10296539 0.052238148 0.156
0.10449726 0.052321859 0.15625
0.10586412 0.052321859 0.15625
0.10671629 0.052070718 0.15550001
-0 0 0
-0 0 0
-0 0 0
-0 0 0
-0 0 0
-0 0 0
-0 0 0
-0 0 0
-0 0 0
-0 0 0
-0 0 0
-0 0 0
-0 0 0
-0 0 0
-0 0 0
-0 0 0
-0 0 0
-0 0 0
-0 0 0
-0 0 0
-0 0 0
-0 0 0
-0 0 0
-0 0 0
-0 0 0
-0 0 0
-0 0 0
-0 0 0
-0 0 0
-0 0 0
-0 0 0
-0 0 0
-0 0 0
-0 0 0
-0 0 0
-0 0 0
-0 0 0
-0 0 0
-0 0 0
-0 0 0
-0 0 0
-0 0 0
-0 0 0
-0 0 0
-0 0 0
-0 0 0
-0 0 0
-0 0 0
-0 0 0
-0 0 0
-0 0 0
-0.073220186 0.097325027 0.28325
-0.070617452 0.097153224 0.28275001
-0.068023466 0.096981429 0.28225002
-0.065205969 0.09646602 0.28075001
-0.061800078 0.095005721 0.27650002
-0.058683295 0.093889013 0.27325001
-0.056138407 0.093631312 0.27250001
-0.053606644 0.093373612 0.27175
-0.051040873 0.093030013 0.27075002
-0.048447654 0.09260051 0.26950002
-0.045790795 0.09199921 0.26775002
-0.042921145 0.09088251 0.26450002
-0.040684078 0.091054305 0.26500002
-0.039524086 0.093803108 0.273
-0.037475966 0.094662115 0.2755
-0.035129551 0.094833925 0.27600002
-0.032744743 0.094919816 0.27625
-0.030300679 0.094833925 0.27600002
-0.027860984 0.09474802 0.27575001
-0.025425663 0.094662115 0.2755
-0.022952951 0.094404422 0.27475002
-0.020512052 0.094232611 0.27425
-0.018079905 0.094060816 0.27375001
-0.015656505 0.093889013 0.27325001
-0.013241854 0.093717217 0.27275002
-0.010835949 0.093545422 0.27225003
-0.0084387921 0.093373612 0.27175
-0.0060559609 0.093287714 0.27150002
-0.0036808925 0.093287714 0.27150002
-0.001303419 0.093115918 0.27100003
0.001064322 0.092858218 0.27025002
0.0034221122 0.092686407 0.26975
0.0057872306 0.092772312 0.27000001
0.0081567224 0.092858218 0.27025002
0.010511124 0.092772312 0.27000001
0.012706198 0.091569714 0.26650003
0 0 0
0 0 0
0 0 0
0.023705576 0.098527633 0.28675002
0.02621405 0.098527633 0.28675002
0.027620701 0.09474802 0.27575001
0.029733436 0.093803108 0.273
0.032180458 0.093974918 0.27350003
0.034604624 0.094060816 0.27375001
0.037066951 0.094232611 0.27425
0.039466076 0.094232611 0.27425
0.041788876 0.094060816 0.27375001
0.043659072 0.092944108 0.2705
0.044919424 0.0907107 0.264
0.047452506 0.091140211 0.26525003
0.050335836 0.092171013 0.26825002
0.052927963 0.09260051 0.26950002
0.055490676 0.092944108 0.2705
0.057963945 0.093115918 0.27100003
0.060612936 0.093545422 0.27225003
0.063168101 0.093803108 0.273
0.065616325 0.093889013 0.27325001
0.068753347 0.094919816 0.27625
0.072393708 0.096551925 0.28100002
0.074918464 0.096637823 0.28125
0 0 0
0 0 0
0 0 0
0 0 0
0 0 0
0 0 0
0 0 0
0 0 0
0 0 0
0 0 0
0 0 0
0 0 0
0 0 0
0 0 0
0 0 0
0 0 0
0 0 0
0 0 0
0 0 0
0 0 0
0 0 0
0 0 0
0.084515028 0.062105909 0.18075001
0 0 0
0 0 0
0 0 0
0 0 0
0.086285137 0.057982694 0.16875
0.087501332 0.057810895 0.16825001
0.08844436 0.057467293 0.16725001
0.089101106 0.056951892 0.16575001
0.089731604 0.056436487 0.16425
0.090474643 0.056006987 0.163
0.090209134 0.054976188 0.16000001
0.090749972 0.054460779 0.1585
0.091700546 0.054203082 0.15775001
0.092785507 0.054031279 0.15725
0.093861729 0.05385948 0.15675001
0.095081083 0.053773582 0.15650001
0.096450135 0.053773582 0.15650001
0.097819194 0.053773582 0.15650001
0.09887135 0.053601779 0.156
0.10007539 0.053515878 0.15575001
0.10127506 0.05342998 0.15550001
0.10263538 0.05342998 0.15550001
0.10433007 0.053601779 0.156
0.10586412 0.053687677 0.15625
0.10723099 0.053687677 0.15625
-0 0 0
-0 0 0
-0 0 0
-0 0 0
-0 0 0
-0 0 0
-0 0 0
-0 0 0
-0 0 0
-0 0 0
-0 0 0
-0 0 0
-0 0 0
-0 0 0
-0 0 0
-0 0 0
-0 0 0
-0 0 0
-0 0 0
-0 0 0
-0 0 0
-0 0 0
-0 0 0
-0 0 0
-0 0 0
-0 0 0
-0 0 0
-0 0 0
-0 0 0
-0 0 0
-0 0 0
-0 0 0
-0 0 0
-0 0 0
-0 0 0
-0 0 0
-0 0 0
-0 0 0
-0 0 0
-0 0 0
-0 0 0
-0 0 0
-0 0 0
-0 0 0
-0 0 0
-0 0 0
-0 0 0
-0 0 0
-0 0 0
-0 0 0
-0 0 0
-0.073155567 0.099712901 0.28300002
-0.070742324 0.099800974 0.28325
-0.068023466 0.099448636 0.28225002
-0.065264039 0.09900821 0.28100002
-0.061688323 0.097246498 0.27600002
-0.058683295 0.096277557 0.27325001
-0.056086909 0.095925219 0.27225003
-0.053508013 0.095572874 0.27125001
-0.050946616 0.095220536 0.27025002
-0.04835777 0.094780102 0.26900002
-0.045534264 0.093811162 0.26625001
-0.042921145 0.093194567 0.26450002
-0.041183036 0.094515845 0.26825002
-0.039849836 0.096982241 0.27525002
-0.037509974 0.09715841 0.27575001
-0.035129551 0.097246498 0.27600002
-0.032744743 0.097334579 0.27625
-0.030300679 0.097246498 0.27600002
-0.027886244 0.097246498 0.27600002
-0.025425663 0.097070321 0.2755
-0.022911178 0.096629895 0.27425
-0.020437261 0.096277557 0.27325001
-0.018030372 0.096189469 0.273
-0.015613531 0.0960133 0.27250001
-0.013205442 0.095837131 0.27200001
-0.010786198 0.095484793 0.27100003
-0.0083999755 0.095308609 0.2705
-0.0060225022 0.09513244 0.27000001
-0.0036605559 0.09513244 0.27000001
-0.0012974067 0.095044352 0.26975
0.0010603835 0.094868183 0.26925001
0.0034125978 0.094780102 0.26900002
0.0057657966 0.094780102 0.26900002
0.008111449 0.094692014 0.26875001
0.010452728 0.094603926 0.2685
0.012753875 0.094251588 0.26750001
0 0 0
0 0 0
0 0 0
0 0 0
0.026808267 0.10332441 0.29325002
0.028321862 0.099624805 0.28275001
0.029869577 0.096629895 0.27425
0.032209873 0.096453726 0.27375001
0.034604624 0.096453726 0.27375001
0.036999375 0.096453726 0.27375001
0.039394125 0.096453726 0.27375001
0.041827042 0.096541815 0.27400002
0.044062577 0.096189469 0.273
0.045174647 0.093546905 0.26550001
0.047273606 0.093106471 0.26425001
0.05010128 0.094075419 0.26700002
0.052780669 0.094692014 0.26875001
0.055336818 0.095044352 0.26975
0.057856996 0.095308609 0.2705
0.060445957 0.095660962 0.27150002
0.063052408 0.0960133 0.27250001
0.065676361 0.096365646 0.27350003
0.068628907 0.09715841 0.27575001
0.072522521 0.099184379 0.28150001
0 0 0
0 0 0
0 0 0
0 0 0
0 0 0
0 0 0
0 0 0
0 0 0
0 0 0
0 0 0
0 0 0
0 0 0
0 0 0
0 0 0
0 0 0
0 0 0
0 0 0
0 0 0
0 0 0
0 0 0
0 0 0
0 0 0
0 0 0
0 0 0
0 0 0
0 0 0
0 0 0
0.085060216 0.059633948 0.16925001
0.086157314 0.059369691 0.16850001
0.086721234 0.058753096 0.16675001
0.087386727 0.058224577 0.16525
0.088160366 0.057784151 0.164
0.088775568 0.057255637 0.16250001
0.088809468 0.056374785 0.16000001
0.089504376 0.055934355 0.15875001
0.090606831 0.055758182 0.15825
0.091700546 0.055582013 0.15775001
0.092785507 0.055405837 0.15725
0.093861729 0.055229668 0.15675001
0.095081083 0.055141583 0.15650001
0.096450135 0.055141583 0.15650001
0.097819194 0.055141583 0.15650001
0.09887135 0.05496541 0.156
0.10007539 0.054877326 0.15575001
0.10127506 0.054789241 0.15550001
0.10247037 0.054701157 0.15525001
0.10399568 0.054789241 0.15550001
0.10569475 0.05496541 0.156
0.10723099 0.055053495 0.15625
-0 0 0
-0 0 0
-0 0 0
-0 0 0
-0 0 0
-0 0 0
-0 0 0
-0 0 0
-0 0 0
-0 0 0
-0 0 0
-0 0 0
-0 0 0
-0 0 0
-0 0 0
-0 0 0
-0 0 0
-0 0 0
-0 0 0
-0 0 0
-0 0 0
-0 0 0
-0 0 0
-0 0 0
-0 0 0
-0 0 0
-0 0 0
-0 0 0
-0 0 0
-0 0 0
-0 0 0
-0 0 0
-0 0 0
-0 0 0
-0 0 0
-0 0 0
-0 0 0
-0 0 0
-0 0 0
-0 0 0
-0 0 0
-0 0 0
-0 0 0
-0 0 0
-0 0 0
-0 0 0
-0 0 0
-0 0 0
-0 0 0
-0 0 0
-0 0 0
-0 0 0
-0.070929639 0.10254774 0.28400001
-0.068143971 0.10209639 0.28275001
-0.065322101 0.10155476 0.28125
-0.061576564 0.099478528 0.2755
-0.058629602 0.098575823 0.273
-0.056035403 0.098214746 0.27200001
-0.053409379 0.097763389 0.27075002
-0.050899483 0.097492576 0.27000001
-0.048267882 0.096950948 0.2685
-0.045363247 0.095777437 0.26525003
-0.043002281 0.095687158 0.26500002
-0.041912276 0.098575823 0.273
-0.039922222 0.099568807 0.27575001
-0.03757799 0.099749349 0.27625
-0.035129551 0.099659078 0.27600002
-0.032715112 0.099659078 0.27600002
-0.030245783 0.099478528 0.2755
-0.027860984 0.099568807 0.27575001
-0.025425663 0.099478528 0.2755
-0.022911178 0.099027179 0.27425
-0.020437261 0.098666094 0.27325001
-0.017980838 0.098305017 0.27225003
-0.015541909 0.097943932 0.27125001
-0.013132617 0.097673118 0.2705
-0.010746395 0.097492576 0.27000001
-0.0083689224 0.097312033 0.26950002
-0.0059946203 0.097041219 0.26875001
-0.0036436089 0.097041219 0.26875001
-0.0012913947 0.096950948 0.2685
0.0010574298 0.096950948 0.2685
0.003403083 0.096860684 0.26825002
0.0057443618 0.096770406 0.26800001
0.0080812676 0.096680142 0.26775002
0.010413799 0.096589863 0.26750001
0.012753875 0.096589863 0.26750001
0.014741289 0.094333097 0.26125002
0 0 0
0 0 0
0 0 0
0.027013956 0.1067002 0.29550001
0.029198311 0.10525587 0.2915
0.030495832 0.10110341 0.28
0.032268703 0.099027179 0.27425
0.034541417 0.098666094 0.27325001
0.036931794 0.098666094 0.27325001
0.039394125 0.098846637 0.27375001
0.041865204 0.099027179 0.27425
0.04430468 0.09911745 0.27450001
0.045642558 0.096860684 0.26825002
0.047273606 0.095416345 0.26425001
0.049725987 0.095687158 0.26500002
0.052584279 0.096680142 0.26775002
0.055182967 0.097131498 0.26900002
0.057696577 0.097402297 0.26975
0.060334641 0.097853668 0.27100003
0.063052408 0.098395281 0.27250001
0.065676361 0.098756373 0.27350003
0.068193369 0.098936915 0.27400002
0.071556412 0.10029098 0.27775002
0 0 0
0 0 0
0 0 0
0 0 0
0 0 0
0 0 0
0 0 0
0 0 0
0 0 0
0 0 0
0 0 0
0 0 0
0 0 0
0 0 0
0 0 0
0 0 0
0 0 0
0 0 0
0 0 0
0 0 0
0 0 0
0 0 0
0 0 0
0 0 0
0 0 0
0 0 0
0.083703078 0.061203673 0.16950001
0.084934577 0.061023135 0.16900001
0.085645989 0.060481504 0.1675
0.086071149 0.059759341 0.16550002
0.086857907 0.059307981 0.16425
0.086950853 0.058405273 0.16175
0.087136626 0.057592835 0.1595
0.088115647 0.057322025 0.15875001
0.089222468 0.057141479 0.15825
0.090463698 0.057051212 0.15800001
0.091555223 0.056870673 0.15750001
0.092638001 0.056690127 0.15700001
0.093861729 0.056599855 0.15675001
0.095081083 0.056509588 0.15650001
0.096450135 0.056509588 0.15650001
0.097975455 0.056599855 0.15675001
0.099188246 0.056509588 0.15650001
0.10023603 0.056329042 0.156
0.1016007 0.056329042 0.156
0.10247037 0.056058232 0.15525001
0.10366128 0.055967957 0.155
0.10501722 0.055967957 0.155
0.10671629 0.056148503 0.15550001
-0 0 0
-0 0 0
-0 0 0
-0 0 0
-0 0 0
-0 0 0
-0 0 0
-0 0 0
-0 0 0
-0 0 0
-0 0 0
-0 0 0
-0 0 0
-0 0 0
-0 0 0
-0 0 0
-0 0 0
-0 0 0
-0 0 0
-0 0 0
-0 0 0
-0 0 0
-0 0 0
-0 0 0
-0 0 0
-0 0 0
-0 0 0
-0 0 0
-0 0 0
-0 0 0
-0 0 0
-0 0 0
-0 0 0
-0 0 0
-0 0 0
-0 0 0
-0 0 0
-0 0 0
-0 0 0
-0 0 0
-0 0 0
-0 0 0
-0 0 0
-0 0 0
-0 0 0
-0 0 0
-0 0 0
-0 0 0
-0 0 0
-0 0 0
-0 0 0
-0.07354331 0.10521516 0.2845
-0.071054518 0.10521516 0.2845
-0.06826447 0.10475288 0.28325
-0.065031782 0.10355095 0.28
-0.061297178 0.10142446 0.27425
-0.058468539 0.10068482 0.27225003
-0.055983897 0.1004999 0.27175
-0.053310748 0.099945165 0.27025002
-0.050805226 0.099667795 0.26950002
-0.048177999 0.099113055 0.26800001
-0.04527773 0.097911127 0.26475
-0.043245692 0.098558329 0.26650003
-0.042334471 0.1019792 0.27575001
-0.039994609 0.10216411 0.27625
-0.037611999 0.10225657 0.27650002
-0.035161369 0.10216411 0.27625
-0.032715112 0.10207166 0.27600002
-0.030218339 0.10179429 0.27525002
-0.027785204 0.10170183 0.27500001
-0.025356447 0.10160938 0.27475002
-0.022911178 0.10142446 0.27425
-0.020418562 0.10096218 0.273
-0.017914793 0.10031499 0.27125001
-0.015484612 0.099945165 0.27025002
-0.013084068 0.099667795 0.26950002
-0.010696644 0.099390425 0.26875001
-0.0083301058 0.099205516 0.26825002
-0.0059723151 0.099020608 0.26775002
-0.0036198832 0.098743238 0.26700002
-0.0012829778 0.098650776 0.26675001
0.001052507 0.098835684 0.26725
0.0033935683 0.098928146 0.26750001
0.0057336451 0.098928146 0.26750001
0.0080661755 0.098835684 0.26725
0.010384601 0.098650776 0.26675001
0.012706198 0.098558329 0.26650003
0.01489646 0.097633757 0.264
0 0 0
0 0 0
0 0 0
0.027059663 0.10946815 0.296
0.029573936 0.10919079 0.29525003
0.031312685 0.10632464 0.28750002
0.032680519 0.10271885 0.27775002
0.034509815 0.10096218 0.273
0.036830425 0.10077727 0.27250001
0.039322171 0.10105464 0.27325001
0.041827042 0.10133201 0.27400002
0.044264328 0.10142446 0.27425
0.046323158 0.10068482 0.27225003
0.047318332 0.097818673 0.26450002
0.049491432 0.097541302 0.26375002
0.052486077 0.098835684 0.26725
0.055131681 0.099390425 0.26875001
0.057696577 0.099760249 0.26975
0.060334641 0.10022254 0.27100003
0.063052408 0.10077727 0.27250001
0.065676361 0.1011471 0.27350003
0.068193369 0.10133201 0.27400002
0.070976742 0.10188674 0.2755
0 0 0
0 0 0
0 0 0
0 0 0
0 0 0
0 0 0
0 0 0
0 0 0
0 0 0
0 0 0
0 0 0
0 0 0
0 0 0
0 0 0
0 0 0
0 0 0
0 0 0
0 0 0
0 0 0
0 0 0
0 0 0
0 0 0
0 0 0
0 0 0
0 0 0
0 0 0
0.083949991 0.062870219 0.17
0.084557645 0.062223032 0.16825001
0.084623359 0.061206013 0.16550002
0.085291043 0.060651273 0.164
0.085535869 0.059819166 0.16175
0.085741334 0.058987062 0.1595
0.086726904 0.058709696 0.15875001
0.087976873 0.058617234 0.1585
0.089222468 0.05852478 0.15825
0.090463698 0.058432326 0.15800001
0.091555223 0.058247413 0.15750001
0.092638001 0.058062501 0.15700001
0.093861729 0.057970043 0.15675001
0.095232964 0.057970043 0.15675001
0.096450135 0.057877589 0.15650001
0.097819194 0.057877589 0.15650001
0.099188246 0.057877589 0.15650001
0.1005573 0.057877589 0.15650001
0.10176352 0.057785131 0.15625
0.10263538 0.057507765 0.15550001
0.10366128 0.057322849 0.155
0.10484783 0.057230394 0.15475
0.10637315 0.057322849 0.155
-0 0 0
-0 0 0
-0 0 0
-0 0 0
-0 0 0
-0 0 0
-0 0 0
-0 0 0
-0 0 0
-0 0 0
-0 0 0
-0 0 0
-0 0 0
-0 0 0
-0 0 0
-0 0 0
-0 0 0
-0 0 0
-0 0 0
-0 0 0
-0 0 0
-0 0 0
-0 0 0
-0 0 0
-0 0 0
-0 0 0
-0 0 0
-0 0 0
-0 0 0
-0 0 0
-0 0 0
-0 0 0
-0 0 0
-0 0 0
-0 0 0
-0 0 0
-0 0 0
-0 0 0
-0 0 0
-0 0 0
-0 0 0
-0 0 0
-0 0 0
-0 0 0
-0 0 0
-0 0 0
-0 0 0
-0 0 0
-0 0 0
-0 0 0
-0 0 0
-0 0 0
-0.070992082 0.10760741 0.28425002
-0.068324722 0.10732348 0.28350002
-0.065205969 0.10628242 0.28075001
-0.061073676 0.10344318 0.27325001
-0.058575917 0.1032539 0.27275002
-0.056035403 0.10296997 0.27200001
-0.053310748 0.10230748 0.27025002
-0.050805226 0.10202356 0.26950002
-0.048043173 0.10117178 0.26725
-0.045192223 0.10003608 0.26425001
-0.043732509 0.10202356 0.26950002
-0.042296086 0.10429495 0.2755
-0.039994609 0.10457888 0.27625
-0.037611999 0.10467352 0.27650002
-0.035161369 0.10457888 0.27625
-0.032715112 0.10448424 0.27600002
-0.030218339 0.10420031 0.27525002
-0.027734688 0.10391638 0.27450001
-0.025310302 0.10382174 0.27425
-0.022848524 0.10353783 0.27350003
-0.020306373 0.10278069 0.27150002
-0.017848747 0.10230748 0.27025002
-0.015412991 0.10183427 0.26900002
-0.013011243 0.1014557 0.26800001
-0.010636942 0.10117178 0.26725
-0.0082912883 0.10107715 0.26700002
-0.0059332796 0.10069858 0.266
-0.0035995466 0.10050929 0.26550001
-0.0012757634 0.10041466 0.26525003
0.0010446305 0.10041466 0.26525003
0.0033618526 0.10032001 0.26500002
0.0056907767 0.10050929 0.26550001
0.008020903 0.10060394 0.26575002
0.010335938 0.10050929 0.26550001
0.01263468 0.10032001 0.26500002
0.014910568 0.10003608 0.26425001
0 0 0
0 0 0
0 0 0
0 0 0
0 0 0
0.03174834 0.11035201 0.2915
0.033592399 0.10808062 0.28550002
0.034983851 0.10476816 0.27675
0.036864217 0.1032539 0.27275002
0.039286196 0.10334853 0.273
0.041788876 0.10363246 0.27375001
0.044183627 0.10363246 0.27375001
0.046408232 0.1032539 0.27275002
0.04772085 0.1009825 0.26675001
0.04939761 0.099657521 0.26325002
0.052486077 0.10117178 0.26725
0.05523425 0.10192891 0.26925001
0.057803527 0.10230748 0.27025002
0.060278978 0.10249677 0.27075002
0.062821023 0.10278069 0.27150002
0.065556288 0.10334853 0.273
0.068131141 0.10363246 0.27375001
0.071298778 0.10476816 0.27675
0.075051658 0.10666099 0.28175002
0 0 0
0 0 0
0 0 0
0 0 0
0 0 0
0 0 0
0 0 0
0 0 0
0 0 0
0 0 0
0 0 0
0 0 0
0 0 0
0 0 0
0 0 0
0 0 0
0 0 0
0 0 0
0 0 0
0 0 0
0 0 0
0 0 0
0 0 0
0 0 0
0.08246284 0.06435623 0.17
0.083209254 0.063788384 0.16850001
0.083552502 0.062936611 0.16625001
0.083984204 0.062179476 0.16425
0.084250912 0.0613277 0.162
0.084478244 0.060475934 0.15975001
0.08560694 0.060286649 0.15925001
0.086726904 0.060097367 0.15875001
0.087838113 0.059908081 0.15825
0.089081518 0.05981344 0.15800001
0.090320557 0.059718799 0.15775001
0.091555223 0.059624158 0.15750001
0.092785507 0.059529513 0.15725
0.094161123 0.059529513 0.15725
0.095232964 0.059340231 0.15675001
0.096450135 0.059245594 0.15650001
0.097819194 0.059245594 0.15650001
0.099188246 0.059245594 0.15650001
0.1005573 0.059245594 0.15650001
0.10176352 0.059150945 0.15625
0.10296539 0.059056304 0.156
0.10382849 0.058772385 0.15525001
0.10484783 0.058583099 0.15475
0.10620157 0.058583099 0.15475
-0 0 0
-0 0 0
-0 0 0
-0 0 0
-0 0 0
-0 0 0
-0 0 0
-0 0 0
-0 0 0
-0 0 0
-0 0 0
-0 0 0
-0 0 0
-0 0 0
-0 0 0
-0 0 0
-0 0 0
-0 0 0
-0 0 0
-0 0 0
-0 0 0
-0 0 0
-0 0 0
-0 0 0
-0 0 0
-0 0 0
-0 0 0
-0 0 0
-0 0 0
-0 0 0
-0 0 0
-0 0 0
-0 0 0
-0 0 0
-0 0 0
-0 0 0
-0 0 0
-0 0 0
-0 0 0
-0 0 0
-0 0 0
-0 0 0
-0 0 0
-0 0 0
-0 0 0
-0 0 0
-0 0 0
-0 0 0
-0 0 0
-0 0 0
-0 0 0
-0 0 0
-0.070992082 0.1100921 0.28425002
-0.068324722 0.10980162 0.28350002
-0.065205969 0.10873652 0.28075001
-0.061017793 0.10573489 0.273
-0.058575917 0.10563807 0.27275002
-0.056138407 0.10554124 0.27250001
-0.053310748 0.1046698 0.27025002
-0.050899483 0.10457297 0.27000001
-0.047728579 0.10283009 0.26550001
-0.045192223 0.10234595 0.26425001
-0.044259895 0.10563807 0.27275002
-0.042219326 0.10650951 0.27500001
-0.039922222 0.10679999 0.27575001
-0.03757799 0.10699364 0.27625
-0.035097729 0.10679999 0.27575001
-0.032655843 0.10670315 0.2755
-0.030190891 0.10650951 0.27500001
-0.027709426 0.10621902 0.27425
-0.025264157 0.10602538 0.27375001
-0.022723211 0.10534759 0.27200001
-0.020231578 0.10476662 0.2705
-0.017782701 0.10428249 0.26925001
-0.015341369 0.10370153 0.26775002
-0.012914144 0.10302374 0.266
-0.01055734 0.10273327 0.26525003
-0.0082291812 0.10263643 0.26500002
-0.0058998219 0.10244279 0.26450002
-0.0035859891 0.10244279 0.26450002
-0.0012637391 0.10176499 0.26275
0.0010278927 0.10108721 0.26100001
0.0033142793 0.10118403 0.26125002
0.0056103985 0.10137769 0.26175001
0.0079303561 0.10176499 0.26275
0.010248345 0.10195865 0.26325002
0.012551243 0.10195865 0.26325002
0.014811822 0.10166817 0.26250002
0.016863756 0.10021577 0.25875002
0 0 0
0 0 0
0 0 0
0 0 0
0 0 0
0.034210123 0.1126096 0.29075003
0.035710704 0.10941431 0.2825
0.03716832 0.10650951 0.27500001
0.039250221 0.10563807 0.27275002
0.041636225 0.10563807 0.27275002
0.044143282 0.10592856 0.27350003
0.046408232 0.10563807 0.27275002
0.048212819 0.10437932 0.26950002
0.049303785 0.10176499 0.26275
0.052240584 0.10302374 0.266
0.055131681 0.10408884 0.26875001
0.057643112 0.10437932 0.26950002
0.060278978 0.10486346 0.27075002
0.062821023 0.10515393 0.27150002
0.065496258 0.10563807 0.27275002
0.068068929 0.10592856 0.27350003
0.071105562 0.10689682 0.27600002
0 0 0
0 0 0
0 0 0
0 0 0
0 0 0
0 0 0
0 0 0
0 0 0
0 0 0
0 0 0
0 0 0
0 0 0
0 0 0
0 0 0
0 0 0
0 0 0
0 0 0
0 0 0
0 0 0
0 0 0
0 0 0
0 0 0
0 0 0
0 0 0
0 0 0
0.081613965 0.065164454 0.16825001
0.082221605 0.064486668 0.1665
0.082044788 0.063227922 0.16325001
0.08283373 0.062743783 0.162
0.083210781 0.061969168 0.16000001
0.084346034 0.061775513 0.1595
0.085472554 0.061581861 0.15900001
0.086726904 0.061485037 0.15875001
0.087838113 0.061291378 0.15825
0.089081518 0.061194554 0.15800001
0.090320557 0.06109773 0.15775001
0.091700546 0.06109773 0.15775001
0.093080543 0.06109773 0.15775001
0.094310828 0.061000902 0.15750001
0.095232964 0.060710419 0.15675001
0.096450135 0.060613595 0.15650001
0.097819194 0.060613595 0.15650001
0.099188246 0.060613595 0.15650001
0.10071793 0.060710419 0.15675001
0.10192635 0.060613595 0.15650001
0.10296539 0.060419939 0.156
0.10399568 0.060226288 0.15550001
0.10501722 0.060032628 0.155
0.10585845 0.059742153 0.15425001
-0 0 0
-0 0 0
-0 0 0
-0 0 0
-0 0 0
-0 0 0
-0 0 0
-0 0 0
-0 0 0
-0 0 0
-0 0 0
-0 0 0
-0 0 0
-0 0 0
-0 0 0
-0 0 0
-0 0 0
-0 0 0
-0 0 0
-0 0 0
-0 0 0
-0 0 0
-0 0 0
-0 0 0
-0 0 0
-0 0 0
-0 0 0
-0 0 0
-0 0 0
-0 0 0
-0 0 0
-0 0 0
-0 0 0
-0 0 0
-0 0 0
-0 0 0
-0 0 0
-0 0 0
-0 0 0
-0 0 0
-0 0 0
-0 0 0
-0 0 0
-0 0 0
-0 0 0
-0 0 0
-0 0 0
-0 0 0
-0 0 0
-0 0 0
-0 0 0
-0 0 0
-0.071116954 0.11277482 0.28475001
-0.068204224 0.11208174 0.28300002
-0.065264039 0.11128964 0.28100002
-0.061241306 0.1085173 0.27400002
-0.058575917 0.10802224 0.27275002
-0.056035403 0.1077252 0.27200001
-0.053310748 0.10703212 0.27025002
-0.050852355 0.10683408 0.26975
-0.047683641 0.10505188 0.26525003
-0.04527773 0.10485385 0.26475
-0.044584442 0.10881434 0.27475002
-0.042257708 0.10901236 0.27525002
-0.039922222 0.10921038 0.27575001
-0.03757799 0.1094084 0.27625
-0.035097729 0.10921038 0.27575001
-0.032655843 0.10911137 0.2755
-0.030163446 0.10881434 0.27475002
-0.02765891 0.10841829 0.27375001
-0.02517187 0.10802224 0.27275002
-0.022618786 0.10723014 0.27075002
-0.020138087 0.10663606 0.26925001
-0.017716657 0.10624002 0.26825002
-0.015298396 0.10574496 0.26700002
-0.012877733 0.10505188 0.26525003
-0.010507586 0.10455681 0.264
-0.008151548 0.10396274 0.26250002
-0.0057882941 0.1027746 0.25950003
-0.0034741389 0.10148744 0.25625002
-0.001222857 0.10069534 0.25425002
0.00099934021 0.10049732 0.25375003
0.0032127893 0.10029929 0.25325
0.005465718 0.10099238 0.25500003
0.0077190809 0.10128941 0.25575
0.01007316 0.10247757 0.25875002
0.012479726 0.1036657 0.26175001
0.014769502 0.1036657 0.26175001
0.016994104 0.10326966 0.26075003
0 0 0
0 0 0
0 0 0
0 0 0
0 0 0
0.034533691 0.11624024 0.29350001
0.036658779 0.11485408 0.29000002
0.037844107 0.11089358 0.28
0.039430104 0.1085173 0.27400002
0.041636225 0.10802224 0.27275002
0.04410293 0.10822026 0.27325001
0.046408232 0.10802224 0.27275002
0.048525888 0.10742816 0.27125001
0.04939761 0.10425978 0.26325002
0.052142389 0.10515089 0.26550001
0.054926541 0.106042 0.26775002
0.057589635 0.10663606 0.26925001
0.060278978 0.10723014 0.27075002
0.062821023 0.10752718 0.27150002
0.065436222 0.10792322 0.27250001
0.067944482 0.10812125 0.273
0.070976742 0.10911137 0.2755
0.075184844 0.1117847 0.28225002
0 0 0
0 0 0
0 0 0
0 0 0
0 0 0
0 0 0
0 0 0
0 0 0
0 0 0
0 0 0
0 0 0
0 0 0
0 0 0
0 0 0
0 0 0
0 0 0
0 0 0
0 0 0
0 0 0
0 0 0
0 0 0
0 0 0
0 0 0
0.080499366 0.066932201 0.16900001
0.080886349 0.066041097 0.16675001
0.080740139 0.064753935 0.16350001
0.08141657 0.064159863 0.162
0.082322419 0.06376382 0.16100001
0.083080761 0.063268758 0.15975001
0.084346034 0.06316974 0.1595
0.085472554 0.062971719 0.15900001
0.086863473 0.062971719 0.15900001
0.087976873 0.06277369 0.1585
0.089222468 0.062674679 0.15825
0.090606831 0.062674679 0.15825
0.091991194 0.062674679 0.15825
0.093375564 0.062674679 0.15825
0.094460525 0.062476657 0.15775001
0.095232964 0.062080607 0.15675001
0.096296057 0.061882582 0.15625
0.097819194 0.061981596 0.15650001
0.099188246 0.061981596 0.15650001
0.10071793 0.062080607 0.15675001
0.10208917 0.062080607 0.15675001
0.10296539 0.061783571 0.156
0.10399568 0.061585549 0.15550001
0.10501722 0.06138752 0.155
0.10585845 0.061090488 0.15425001
-0 0 0
-0 0 0
-0 0 0
-0 0 0
-0 0 0
-0 0 0
-0 0 0
-0 0 0
-0 0 0
-0 0 0
-0 0 0
-0 0 0
-0 0 0
-0 0 0
-0 0 0
-0 0 0
-0 0 0
-0 0 0
-0 0 0
-0 0 0
-0 0 0
-0 0 0
-0 0 0
-0 0 0
-0 0 0
-0 0 0
-0 0 0
-0 0 0
-0 0 0
-0 0 0
-0 0 0
-0 0 0
-0 0 0
-0 0 0
-0 0 0
-0 0 0
-0 0 0
-0 0 0
-0 0 0
-0 0 0
-0 0 0
-0 0 0
-0 0 0
-0 0 0
-0 0 0
-0 0 0
-0 0 0
-0 0 0
-0 0 0
-0 0 0
-0 0 0
-0.073026314 0.11435311 0.2825
-0.071179397 0.11536509 0.28500003
-0.068083718 0.11435311 0.2825
-0.065322101 0.11384711 0.28125
-0.061297178 0.11101359 0.27425
-0.058575917 0.11040641 0.27275002
-0.055983897 0.11000162 0.27175
-0.053310748 0.10939444 0.27025002
-0.050710969 0.10888845 0.26900002
-0.047503866 0.10696569 0.26425001
-0.045405999 0.10747168 0.26550001
-0.044665579 0.11141838 0.27525002
-0.042372853 0.11172198 0.27600002
-0.039994609 0.11182317 0.27625
-0.03757799 0.11182317 0.27625
-0.035065904 0.11151958 0.2755
-0.032596577 0.11131718 0.27500001
-0.030081108 0.1109124 0.27400002
-0.027608391 0.1106088 0.27325001
-0.025125725 0.11020402 0.27225003
-0.022556128 0.10929324 0.27000001
-0.020081991 0.10868604 0.2685
-0.017667122 0.10828126 0.26750001
-0.015269748 0.10787648 0.26650003
-0.012865596 0.10726929 0.26500002
-0.010368282 0.10544773 0.26050001
-0.0079574632 0.10372739 0.25625002
-0.0056042727 0.10170342 0.25125
-0.003392793 0.10129864 0.25025001
-0.0012024159 0.10119744 0.25
0.00098063331 0.10079265 0.24900001
0.0031588729 0.10079265 0.24900001
0.0053531881 0.10109624 0.24975002
0.0075530796 0.10129864 0.25025001
0.0098006492 0.10190583 0.25175002
0.012169818 0.10332259 0.25525001
0.014628437 0.10494175 0.25925002
0.017026691 0.10575133 0.26125002
0.019330572 0.10585252 0.2615
0 0 0
0 0 0
0 0 0
0 0 0
0 0 0
0.037038006 0.1186034 0.29300001
0.038756423 0.11607347 0.28675002
0.0400417 0.11263275 0.27825001
0.041788876 0.1108112 0.27375001
0.04410293 0.1106088 0.27325001
0.046365693 0.11030521 0.27250001
0.048481166 0.10969803 0.27100003
0.04939761 0.10656091 0.26325002
0.051847797 0.10686449 0.264
0.054670114 0.10787648 0.26650003
0.057375748 0.10858486 0.26825002
0.060056336 0.10919204 0.26975
0.062763177 0.10979922 0.27125001
0.065436222 0.11030521 0.27250001
0.068006702 0.1106088 0.27325001
0.070847929 0.11131718 0.27500001
0 0 0
0 0 0
0 0 0
0 0 0
0 0 0
0 0 0
0 0 0
0 0 0
0 0 0
0 0 0
0 0 0
0 0 0
0 0 0
0 0 0
0 0 0
0 0 0
0 0 0
0 0 0
0 0 0
0 0 0
0 0 0
0 0 0
0 0 0
0.078319587 0.067802288 0.1675
0.079546712 0.067599893 0.16700001
0.079431124 0.066284321 0.16375001
0.080122866 0.065677144 0.16225001
0.081165284 0.065373547 0.16150001
0.082066759 0.064968757 0.1605
0.082950741 0.064563967 0.1595
0.084213838 0.064462766 0.15925001
0.08560694 0.064462766 0.15925001
0.087136626 0.064563967 0.1595
0.088254407 0.064361572 0.15900001
0.089222468 0.064057976 0.15825
0.090749972 0.064159177 0.1585
0.091991194 0.064057976 0.15825
0.09322805 0.063956782 0.15800001
0.094460525 0.063855588 0.15775001
0.095536739 0.063653186 0.15725
0.096296057 0.063248396 0.15625
0.097662926 0.063248396 0.15625
0.09934669 0.063450798 0.15675001
0.10071793 0.063450798 0.15675001
0.10208917 0.063450798 0.15675001
0.10280038 0.063046008 0.15575001
0.10366128 0.062742412 0.155
0.10484783 0.062641218 0.15475
0.10603001 0.062540017 0.15450001
-0 0 0
-0 0 0
-0 0 0
-0 0 0
-0 0 0
-0 0 0
-0 0 0
-0 0 0
-0 0 0
-0 0 0
-0 0 0
-0 0 0
-0 0 0
-0 0 0
-0 0 0
-0 0 0
-0 0 0
-0 0 0
-0 0 0
-0 0 0
-0 0 0
-0 0 0
-0 0 0
-0 0 0
-0 0 0
-0 0 0
-0 0 0
-0 0 0
-0 0 0
-0 0 0
-0 0 0
-0 0 0
-0 0 0
-0 0 0
-0 0 0
-0 0 0
-0 0 0
-0 0 0
-0 0 0
-0 0 0
-0 0 0
-0 0 0
-0 0 0
-0 0 0
-0 0 0
-0 0 0
-0 0 0
-0 0 0
-0 0 0
-0 0 0
-0 0 0
-0 0 0
-0.070242822 0.11630559 0.28125
-0.067963213 0.11661573 0.28200001
-0.065205969 0.11609882 0.28075001
-0.061353058 0.11351426 0.27450001
-0.058414847 0.11248043 0.27200001
-0.055880893 0.11217028 0.27125001
-0.053212114 0.11154998 0.26975
-0.05052245 0.11082631 0.26800001
-0.047458924 0.10917218 0.264
-0.045534264 0.11010263 0.26625001
-0.044584442 0.11361764 0.27475002
-0.042372853 0.11413456 0.27600002
-0.039958417 0.11413456 0.27600002
-0.037543982 0.11413456 0.27600002
-0.035034087 0.1138244 0.27525002
-0.032537311 0.11351426 0.27450001
-0.03005366 0.11320411 0.27375001
-0.027608391 0.11299735 0.27325001
-0.025148796 0.11268719 0.27250001
-0.022535242 0.11154998 0.26975
-0.020081991 0.11103307 0.2685
-0.01765061 0.11051615 0.26725
-0.015241098 0.10999924 0.266
-0.012695672 0.10813835 0.2615
-0.010069771 0.10462335 0.25300002
-0.0077556153 0.10327937 0.24975002
-0.0055540856 0.10296922 0.24900001
-0.0033792353 0.1030726 0.24925001
-0.0011952014 0.10276245 0.2485
0.0009707876 0.10193539 0.24650002
0.0031239858 0.10183201 0.24625002
0.0052942443 0.10214216 0.24700001
0.0075002606 0.10276245 0.2485
0.0097130565 0.10317598 0.24950001
0.011991026 0.10400304 0.25150001
0.0143322 0.10503687 0.25400001
0.016896343 0.10720791 0.25925002
0.019349054 0.10824174 0.26175001
0 0 0
0 0 0
0 0 0
0 0 0
0 0 0
0 0 0
0.039026737 0.11940708 0.28875002
0.041264899 0.11858001 0.28675002
0.042437658 0.11496162 0.27800003
0.04410293 0.11299735 0.27325001
0.046280619 0.11248043 0.27200001
0.048436441 0.11196352 0.27075002
0.049491432 0.1090688 0.26375002
0.05170051 0.10886204 0.26325002
0.05451626 0.10989586 0.26575002
0.057215329 0.11061954 0.26750001
0.059833705 0.11113645 0.26875001
0.062531799 0.11175676 0.27025002
0.065496258 0.11279058 0.27275002
0.068193369 0.1133075 0.27400002
0.071169965 0.11423793 0.27625
0 0 0
0 0 0
0 0 0
0 0 0
0 0 0
0 0 0
0 0 0
0 0 0
0 0 0
0 0 0
0 0 0
0 0 0
0 0 0
0 0 0
0 0 0
0 0 0
0 0 0
0 0 0
0 0 0
0 0 0
0 0 0
0 0 0
0.077198431 0.069576591 0.16825001
0.078202695 0.069163062 0.16725001
0.078355893 0.06802585 0.16450001
0.078946047 0.067302167 0.16275001
0.07975249 0.066785254 0.16150001
0.080914006 0.066578493 0.16100001
0.0818111 0.066164963 0.16000001
0.083080761 0.066061579 0.15975001
0.084478244 0.066061579 0.15975001
0.085875727 0.066061579 0.15975001
0.08727321 0.066061579 0.15975001
0.088115647 0.065648049 0.15875001
0.089363419 0.065544657 0.1585
0.090749972 0.065544657 0.1585
0.09184587 0.065337896 0.15800001
0.093080543 0.065234512 0.15775001
0.094460525 0.065234512 0.15775001
0.095536739 0.065027744 0.15725
0.096450135 0.064717606 0.15650001
0.097819194 0.064717606 0.15650001
0.09934669 0.064820983 0.15675001
0.10071793 0.064820983 0.15675001
0.10192635 0.064717606 0.15650001
0.10296539 0.064510837 0.156
0.10382849 0.064200692 0.15525001
0.1051866 0.064200692 0.15525001
0.10637315 0.0640973 0.155
-0 0 0
-0 0 0
-0 0 0
-0 0 0
-0 0 0
-0 0 0
-0 0 0
-0 0 0
-0 0 0
-0 0 0
-0 0 0
-0 0 0
-0 0 0
-0 0 0
-0 0 0
-0 0 0
-0 0 0
-0 0 0
-0 0 0
-0 0 0
-0 0 0
-0 0 0
-0 0 0
-0 0 0
-0 0 0
-0 0 0
-0 0 0
-0 0 0
-0 0 0
-0 0 0
-0 0 0
-0 0 0
-0 0 0
-0 0 0
-0 0 0
-0 0 0
-0 0 0
-0 0 0
-0 0 0
-0 0 0
-0 0 0
-0 0 0
-0 0 0
-0 0 0
-0 0 0
-0 0 0
-0 0 0
-0 0 0
-0 0 0
-0 0 0
-0 0 0
-0 0 0
-0 0 0
-0 0 0
-0.065380163 0.11886963 0.28150001
-0.061185427 0.11559702 0.27375001
-0.058414847 0.11485805 0.27200001
-0.055777889 0.11433021 0.27075002
-0.053113483 0.11369679 0.26925001
-0.050569583 0.11327453 0.26825002
-0.047458924 0.11147986 0.264
-0.045577023 0.11253555 0.26650003
-0.044665579 0.11623044 0.27525002
-0.042372853 0.11654714 0.27600002
-0.039958417 0.11654714 0.27600002
-0.037543982 0.11654714 0.27600002
-0.035065904 0.116336 0.2755
-0.032566946 0.1160193 0.27475002
-0.030026216 0.11549146 0.27350003
-0.027557872 0.11517476 0.27275002
-0.025079578 0.11475247 0.27175
-0.022535242 0.11390793 0.26975
-0.020081991 0.11338009 0.2685
-0.017617589 0.11264111 0.26675001
-0.015112179 0.1113743 0.26375002
-0.01234369 0.10736272 0.25425002
-0.0099304654 0.10535692 0.24950001
-0.0077167982 0.10493465 0.2485
-0.0055429325 0.10493465 0.2485
-0.0033792353 0.10525135 0.24925001
-0.0011988087 0.10525135 0.24925001
0.00098457152 0.10556805 0.25
0.0031683876 0.10546249 0.24975002
0.0053424709 0.10525135 0.24925001
0.0075153518 0.10514578 0.24900001
0.0096935919 0.10514578 0.24900001
0.01189567 0.10535692 0.24950001
0.014106496 0.10556805 0.25
0.01660306 0.10757385 0.25475001
0.01920121 0.10968521 0.25975001
0.021452824 0.10957965 0.25950003
0 0 0
0 0 0
0 0 0
0 0 0
0 0 0
0 0 0
0.041408803 0.12150883 0.28775001
0.043658882 0.12076986 0.28600001
0.044425733 0.11623044 0.27525002
0.04623808 0.11475247 0.27175
0.048436441 0.11433021 0.27075002
0.049585253 0.11158544 0.26425001
0.051651407 0.11105759 0.26300001
0.054413691 0.11200771 0.26525003
0.057268806 0.1130634 0.26775002
0.060000684 0.11380237 0.26950002
0.062531799 0.11411908 0.27025002
0.065616325 0.11538588 0.27325001
0.068255581 0.11580815 0.27425
0.070912339 0.11623044 0.27525002
0 0 0
0 0 0
0 0 0
0 0 0
0 0 0
0 0 0
0 0 0
0 0 0
0 0 0
0 0 0
0 0 0
0 0 0
0 0 0
0 0 0
0 0 0
0 0 0
0 0 0
0 0 0
0 0 0
0 0 0
0 0 0
0 0 0
0.077083729 0.070941739 0.16800001
0.077852011 0.07030832 0.1665
0.078117721 0.06925264 0.164
0.078703508 0.068513669 0.16225001
0.079629041 0.0680914 0.16125001
0.080662712 0.067774691 0.1605
0.0818111 0.067563556 0.16000001
0.083210781 0.067563556 0.16000001
0.08474265 0.067669123 0.16025001
0.086144507 0.067669123 0.16025001
0.087136626 0.067352422 0.1595
0.087976873 0.066930145 0.1585
0.089081518 0.06671901 0.15800001
0.090463698 0.06671901 0.15800001
0.091555223 0.066507876 0.15750001
0.092785507 0.066402309 0.15725
0.094460525 0.066613443 0.15775001
0.095688634 0.066507876 0.15750001
0.096450135 0.066085607 0.15650001
0.097819194 0.066085607 0.15650001
0.099188246 0.066085607 0.15650001
0.10039666 0.065980032 0.15625
0.1016007 0.065874465 0.156
0.10280038 0.065768898 0.15575001
0.10399568 0.06566333 0.15550001
0 0 0
0 0 0
-0 0 0
-0 0 0
-0 0 0
-0 0 0
-0 0 0
-0 0 0
-0 0 0
-0 0 0
-0 0 0
-0 0 0
-0 0 0
-0 0 0
-0 0 0
-0 0 0
-0 0 0
-0 0 0
-0 0 0
-0 0 0
-0 0 0
-0 0 0
-0 0 0
-0 0 0
-0 0 0
-0 0 0
-0 0 0
-0 0 0
-0 0 0
-0 0 0
-0 0 0
-0 0 0
-0 0 0
-0 0 0
-0 0 0
-0 0 0
-0 0 0
-0 0 0
-0 0 0
-0 0 0
-0 0 0
-0 0 0
-0 0 0
-0 0 0
-0 0 0
-0 0 0
-0 0 0
-0 0 0
-0 0 0
-0 0 0
-0 0 0
-0 0 0
-0 0 0
-0 0 0
-0 0 0
-0 0 0
-0 0 0
-0.061353058 0.11831319 0.27450001
-0.058307469 0.11702016 0.27150002
-0.055777889 0.11669689 0.27075002
-0.053113483 0.11605037 0.26925001
-0.05052245 0.1155116 0.26800001
-0.047279157 0.11335654 0.26300001
-0.045705281 0.11518834 0.26725
-0.044665579 0.11863646 0.27525002
-0.042449616 0.11917523 0.27650002
-0.039994609 0.11906746 0.27625
-0.037543982 0.11895972 0.27600002
-0.035034087 0.11863646 0.27525002
-0.032566946 0.11842095 0.27475002
-0.03005366 0.11798993 0.27375001
-0.027532613 0.11745116 0.27250001
-0.025010364 0.11680465 0.27100003
-0.022493472 0.11605037 0.26925001
-0.020063294 0.11561936 0.26825002
-0.017518522 0.11432633 0.26525003
-0.014768395 0.11109371 0.25775
-0.012137353 0.10775336 0.25
-0.0098807132 0.10699909 0.24825001
-0.0077090347 0.10699909 0.24825001
-0.0055485093 0.1072146 0.24875002
-0.0034436341 0.10947742 0.25400001
-0.0012432981 0.11141698 0.25850001
0.001031831 0.11292553 0.26200002
0.0033237941 0.11292553 0.26200002
0.0054925107 0.11044721 0.25625002
0.0075983531 0.10850764 0.25175002
0.0096838595 0.1072146 0.24875002
0.011859911 0.1072146 0.24875002
0.014035964 0.1072146 0.24875002
0.016293483 0.10775336 0.25
0.018924003 0.11033945 0.25600001
0.021266814 0.11087821 0.25725001
0 0 0
0 0 0
0 0 0
0 0 0
0 0 0
0 0 0
0 0 0
0.043964189 0.12413187 0.28800002
0.045555539 0.12165355 0.28225002
0.046493307 0.11777443 0.27325001
0.048481166 0.11680465 0.27100003
0.04953834 0.11378755 0.264
0.051602308 0.11324878 0.26275
0.054721396 0.11497284 0.26675001
0.057482693 0.11583487 0.26875001
0.060112 0.11637364 0.27000001
0.062705338 0.11680465 0.27100003
0.065736391 0.11798993 0.27375001
0.068255581 0.11820544 0.27425
0.070847929 0.11852869 0.27500001
0 0 0
0 0 0
0 0 0
0 0 0
0 0 0
0 0 0
0 0 0
0 0 0
0 0 0
0 0 0
0 0 0
0 0 0
0 0 0
0 0 0
0 0 0
0 0 0
0 0 0
0 0 0
0 0 0
0 0 0
0 0 0
0 0 0
0 0 0
0.077618226 0.071548231 0.16600001
0.07776048 0.070362948 0.16325001
0.078703508 0.069931932 0.16225001
0.079505585 0.069393165 0.16100001
0.080662712 0.069177657 0.1605
0.0818111 0.068962157 0.16000001
0.082950741 0.068746641 0.1595
0.084346034 0.068746641 0.1595
0.086010121 0.068962157 0.16000001
0.08727321 0.068854399 0.15975001
0.087699346 0.068100125 0.15800001
0.088658661 0.067776866 0.15725
0.090034276 0.067776866 0.15725
0.091119237 0.067561358 0.15675001
0.092490487 0.067561358 0.15675001
0.094610229 0.068100125 0.15800001
0 0 0
0.097066432 0.067884624 0.15750001
0.098131716 0.067669109 0.15700001
0 0 0
0 0 0
0 0 0
0 0 0
0 0 0
0 0 0
0 0 0
-0 0 0
-0 0 0
-0 0 0
-0 0 0
-0 0 0
-0 0 0
-0 0 0
-0 0 0
-0 0 0
-0 0 0
-0 0 0
-0 0 0
-0 0 0
-0 0 0
-0 0 0
-0 0 0
-0 0 0
-0 0 0
-0 0 0
-0 0 0
-0 0 0
-0 0 0
-0 0 0
-0 0 0
-0 0 0
-0 0 0
-0 0 0
-0 0 0
-0 0 0
-0 0 0
-0 0 0
-0 0 0
-0 0 0
-0 0 0
-0 0 0
-0 0 0
-0 0 0
-0 0 0
-0 0 0
-0 0 0
-0 0 0
-0 0 0
-0 0 0
-0 0 0
-0 0 0
-0 0 0
-0 0 0
-0 0 0
-0 0 0
-0 0 0
-0 0 0
-0 0 0
-0 0 0
-0 0 0
-0.065380163 0.12379094 0.28150001
-0.062302969 0.12258162 0.27875
-0.058414847 0.11961327 0.27200001
-0.055829395 0.11917353 0.27100003
-0.053064167 0.11829402 0.26900002
-0.05052245 0.11785425 0.26800001
-0.047503866 0.11620518 0.26425001
-0.045705281 0.11752444 0.26725
-0.044746712 0.12126236 0.27575001
-0.042411231 0.12148223 0.27625
-0.040030807 0.12159217 0.27650002
-0.037509974 0.12126236 0.27575001
-0.035002265 0.12093253 0.27500001
-0.032537311 0.12071266 0.27450001
-0.030081108 0.12049279 0.27400002
-0.02758313 0.12005302 0.273
-0.024941146 0.1188437 0.27025002
-0.022451703 0.11818407 0.26875001
-0.0199885 0.11752444 0.26725
-0.017435962 0.11609523 0.264
-0.014496233 0.11125794 0.25300002
-0.012040255 0.10905916 0.24800001
-0.0098608127 0.10894922 0.24775001
-0.0077400883 0.10960885 0.24925001
-0.0057381066 0.11312689 0.25725001
-0.003592768 0.11653499 0.26500002
-0.0012781682 0.11686481 0.26575002
0.0010465996 0.11686481 0.26575002
0.0033745389 0.11697474 0.266
0.0057068523 0.11708469 0.26625001
0.0079756295 0.11620518 0.26425001
0.0098785097 0.11158776 0.25375003
0.011871831 0.10949892 0.24900001
0.014021858 0.10927904 0.2485
0.016244603 0.10960885 0.24925001
0.018554393 0.11037843 0.25100002
0.021080809 0.11213745 0.25500003
0 0 0
0 0 0
0 0 0
0 0 0
0 0 0
0 0 0
0 0 0
0 0 0
0.046241496 0.12598972 0.28650001
0.047514204 0.12280151 0.27925003
0.048615336 0.11950333 0.27175
0.049444519 0.11587536 0.26350001
0.051504113 0.11532567 0.26225001
0.05451626 0.11686481 0.26575002
0.057536166 0.11829402 0.26900002
0.060112 0.11873376 0.27000001
0.062821023 0.1193934 0.27150002
0.065556288 0.12005302 0.273
0.068006702 0.12016297 0.27325001
0.071685225 0.12236174 0.27825001
0 0 0
0 0 0
0 0 0
0 0 0
0 0 0
0 0 0
0 0 0
0 0 0
0 0 0
0 0 0
0 0 0
0 0 0
0 0 0
0 0 0
0 0 0
0 0 0
0 0 0
0 0 0
0 0 0
0 0 0
0 0 0
0 0 0
0 0 0
0.080073021 0.075307995 0.17125002
0.078236803 0.072229706 0.16425
0.078703508 0.071350202 0.16225001
0.079505585 0.070800506 0.16100001
0.080411427 0.07036075 0.16000001
0.081555434 0.070140868 0.1595
0.082560696 0.069811061 0.15875001
0.083817221 0.069701113 0.1585
0.085741334 0.070140868 0.1595
0 0 0
0 0 0
0 0 0
0 0 0
0 0 0
0 0 0
0 0 0
0 0 0
0 0 0
0 0 0
0 0 0
0 0 0
0 0 0
0 0 0
0 0 0
0 0 0
0 0 0
-0 0 0
-0 0 0
-0 0 0
-0 0 0
-0 0 0
-0 0 0
-0 0 0
-0 0 0
-0 0 0
-0 0 0
-0 0 0
-0 0 0
-0 0 0
-0 0 0
-0 0 0
-0 0 0
-0 0 0
-0 0 0
-0 0 0
-0 0 0
-0 0 0
-0 0 0
-0 0 0
-0 0 0
-0 0 0
-0 0 0
-0 0 0
-0 0 0
-0 0 0
-0 0 0
-0 0 0
-0 0 0
-0 0 0
-0 0 0
-0 0 0
-0 0 0
-0 0 0
-0 0 0
-0 0 0
-0 0 0
-0 0 0
-0 0 0
-0 0 0
-0 0 0
-0 0 0
-0 0 0
-0 0 0
-0 0 0
-0 0 0
-0 0 0
-0 0 0
-0 0 0
-0 0 0
-0 0 0
-0.065322101 0.12613948 0.28125
-0.062414728 0.12524249 0.27925003
-0.058468539 0.12210302 0.27225003
-0.055777889 0.12143027 0.27075002
-0.053113483 0.12075752 0.26925001
-0.050428193 0.11997266 0.26750001
-0.04759375 0.11873929 0.26475
-0.045534264 0.11941203 0.26625001
-0.044706143 0.12356062 0.2755
-0.042334471 0.12367275 0.27575001
-0.039958417 0.12378488 0.27600002
-0.037509974 0.12367275 0.27575001
-0.035034087 0.12344851 0.27525002
-0.032537311 0.12311213 0.27450001
-0.030081108 0.12288789 0.27400002
-0.027608391 0.12255151 0.27325001
-0.025010364 0.1215424 0.27100003
-0.022472588 0.1206454 0.26900002
-0.019969802 0.11974841 0.26700002
-0.017386431 0.11806656 0.26325002
-0.014281368 0.11178761 0.24925001
-0.012015981 0.11100274 0.24750002
-0.0098807132 0.11133911 0.24825001
-0.0079962807 0.1154877 0.25750002
-0.0059277038 0.11918779 0.26575002
-0.0035893782 0.11873929 0.26475
-0.001237286 0.11537557 0.25725001
0.00098457152 0.11212397 0.25
0.0031683876 0.11201186 0.24975002
0.0054925107 0.11492708 0.25625002
0.0080058118 0.11896355 0.26525003
0.010199683 0.11750594 0.26200002
0.011991026 0.11279672 0.25150001
0.013993645 0.11122698 0.24800001
0.016179429 0.11133911 0.24825001
0.018425031 0.11178761 0.24925001
0.020915469 0.11346947 0.25300002
0 0 0
0 0 0
0 0 0
0 0 0
0 0 0
0 0 0
0 0 0
0 0 0
0 0 0
0.048237335 0.1271486 0.28350002
0.04950982 0.12412124 0.27675
0.049491432 0.1182908 0.26375002
0.051455017 0.11750594 0.26200002
0.05451626 0.11918779 0.26575002
0.057589635 0.12075752 0.26925001
0.060223319 0.12131814 0.2705
0.062821023 0.12176664 0.27150002
0.065376192 0.12210302 0.27225003
0.067820042 0.12221514 0.27250001
0.071749635 0.12490612 0.27850002
0 0 0
0 0 0
0 0 0
0 0 0
0 0 0
0 0 0
0 0 0
0 0 0
0 0 0
0 0 0
0 0 0
0 0 0
0 0 0
0 0 0
0 0 0
0 0 0
0 0 0
0 0 0
0 0 0
0 0 0
0 0 0
0 0 0
0 0 0
0.080891281 0.077589795 0.17300001
0.080618449 0.075907938 0.16925001
0.07955239 0.073553331 0.164
0.079382122 0.072095715 0.16075
0.080285788 0.071647227 0.15975001
0 0 0
0 0 0
0 0 0
0 0 0
0 0 0
0 0 0
0 0 0
0 0 0
0 0 0
0 0 0
0 0 0
0 0 0
0 0 0
0 0 0
0 0 0
0 0 0
0 0 0
0 0 0
0 0 0
0 0 0
0 0 0
-0 0 0
-0 0 0
-0 0 0
-0 0 0
-0 0 0
-0 0 0
-0 0 0
-0 0 0
-0 0 0
-0 0 0
-0 0 0
-0 0 0
-0 0 0
-0 0 0
-0 0 0
-0 0 0
-0 0 0
-0 0 0
-0 0 0
-0 0 0
-0 0 0
-0 0 0
-0 0 0
-0 0 0
-0 0 0
-0 0 0
-0 0 0
-0 0 0
-0 0 0
-0 0 0
-0 0 0
-0 0 0
-0 0 0
-0 0 0
-0 0 0
-0 0 0
-0 0 0
-0 0 0
-0 0 0
-0 0 0
-0 0 0
-0 0 0
-0 0 0
-0 0 0
-0 0 0
-0 0 0
-0 0 0
-0 0 0
-0 0 0
-0 0 0
-0 0 0
-0 0 0
-0 0 0
-0 0 0
-0 0 0
-0 0 0
-0.058522224 0.12459712 0.27250001
-0.055777889 0.12379696 0.27075002
-0.053409379 0.12379696 0.27075002
-0.050616708 0.12276817 0.2685
-0.047683641 0.12128216 0.26525003
-0.04527773 0.12105353 0.26475
-0.044422168 0.12516867 0.27375001
-0.042257708 0.12585452 0.27525002
-0.039958417 0.12619746 0.27600002
-0.037543982 0.12619746 0.27600002
-0.035065904 0.12596883 0.2755
-0.032566946 0.12562591 0.27475002
-0.03005366 0.12516867 0.27375001
-0.027608391 0.12494005 0.27325001
-0.025102653 0.1243685 0.27200001
-0.022514358 0.12322541 0.26950002
-0.020044595 0.12253955 0.26800001
-0.017369919 0.12025337 0.26300001
-0.014238394 0.11362343 0.2485
-0.012003843 0.11305188 0.24725001
-0.010010068 0.11499514 0.25150001
-0.0081903646 0.1205963 0.26375002
-0.005922127 0.12139646 0.26550001
-0.0035487055 0.11968182 0.26175001
-0.0010665429 0.10139234 0.22175001
0.00085362355 0.099106155 0.21675001
0.0027433988 0.098877534 0.21625002
0.0046994453 0.10024925 0.21925001
0.0067607984 0.10242112 0.22400001
0 0 0
0 0 0
0.013951325 0.11305188 0.24725001
0.016081668 0.11282326 0.24675001
0.018314147 0.1132805 0.24775001
0.020894801 0.11556669 0.25275001
0 0 0
0 0 0
0 0 0
0 0 0
0 0 0
0 0 0
0 0 0
0 0 0
0 0 0
0 0 0
0.049688723 0.12699762 0.27775002
0.049679074 0.12105353 0.26475
0.051504113 0.11991044 0.26225001
0.05446497 0.12139646 0.26550001
0.057482693 0.12288249 0.26875001
0.060223319 0.12368264 0.2705
0.062878869 0.12425419 0.27175
0.065376192 0.12448282 0.27225003
0.067882262 0.12471143 0.27275002
0.070847929 0.12574022 0.27500001
0 0 0
0 0 0
0 0 0
0 0 0
0 0 0
0 0 0
0 0 0
0 0 0
0 0 0
0 0 0
0 0 0
0 0 0
0 0 0
0 0 0
0 0 0
0 0 0
0 0 0
0 0 0
0 0 0
0 0 0
0 0 0
0 0 0
0 0 0
0 0 0
0 0 0
0.081492692 0.076815844 0.16800001
0 0 0
0 0 0
0 0 0
0 0 0
0 0 0
0 0 0
0 0 0
0 0 0
0 0 0
0 0 0
0 0 0
0 0 0
0 0 0
0 0 0
0 0 0
0 0 0
0 0 0
0 0 0
0 0 0
0 0 0
0 0 0
0 0 0
0 0 0
-0 0 0
-0 0 0
-0 0 0
-0 0 0
-0 0 0
-0 0 0
-0 0 0
-0 0 0
-0 0 0
-0 0 0
-0 0 0
-0 0 0
-0 0 0
-0 0 0
-0 0 0
-0 0 0
-0 0 0
-0 0 0
-0 0 0
-0 0 0
-0 0 0
-0 0 0
-0 0 0
-0 0 0
-0 0 0
-0 0 0
-0 0 0
-0 0 0
-0 0 0
-0 0 0
-0 0 0
-0 0 0
-0 0 0
-0 0 0
-0 0 0
-0 0 0
-0 0 0
-0 0 0
-0 0 0
-0 0 0
-0 0 0
-0 0 0
-0 0 0
-0 0 0
-0 0 0
-0 0 0
-0 0 0
-0 0 0
-0 0 0
-0 0 0
-0 0 0
-0 0 0
-0 0 0
-0 0 0
-0 0 0
-0 0 0
-0.058092702 0.12604715 0.2705
-0.055829395 0.12628014 0.27100003
-0.053508013 0.12639663 0.27125001
-0.050852355 0.12569766 0.26975
-0.047773521 0.12383376 0.26575002
-0.045149464 0.12301829 0.264
-0.044097621 0.12662962 0.27175
-0.042296086 0.12837704 0.2755
-0.039958417 0.12861003 0.27600002
-0.037543982 0.12861003 0.27600002
-0.035097729 0.12849353 0.27575001
-0.032596577 0.12814406 0.27500001
-0.030081108 0.12767808 0.27400002
-0.02758313 0.12721209 0.273
-0.025033435 0.12639663 0.27125001
-0.022535242 0.12569766 0.26975
-0.02010069 0.12523168 0.26875001
-0.017386431 0.12266881 0.26325002
-0.014209746 0.11556264 0.24800001
-0.011991706 0.11509666 0.24700001
-0.010189175 0.11929046 0.25600001
-0.0081593106 0.12243582 0.26275
-0 0 0
-0 0 0
-0.0010448995 0.1012338 0.21725
0.00085165445 0.10076783 0.21625002
0.0027402269 0.10065132 0.21600001
0.0046726526 0.10158329 0.21800001
0 0 0
0 0 0
0 0 0
0.013909006 0.11486367 0.24650002
0.016032787 0.11463068 0.24600001
0.018203264 0.11474718 0.24625002
0.020894801 0.11777604 0.25275001
0 0 0
0 0 0
0 0 0
0 0 0
0 0 0
0 0 0
0 0 0
0 0 0
0 0 0
0 0 0
0 0 0
0 0 0
0.052191492 0.12383376 0.26575002
0.054721396 0.12429973 0.26675001
0.057322275 0.1248822 0.26800001
0.060112 0.12581415 0.27000001
0.06299457 0.12686262 0.27225003
0.065556288 0.12721209 0.273
0.068068929 0.12744509 0.27350003
0 0 0
0 0 0
0 0 0
0 0 0
0 0 0
0 0 0
0 0 0
0 0 0
0 0 0
0 0 0
0 0 0
0 0 0
0 0 0
0 0 0
0 0 0
0 0 0
0 0 0
0 0 0
0 0 0
0 0 0
0 0 0
0.069510393 0.073391594 0.15750001
0.068187684 0.070595719 0.1515
0.069054171 0.070129752 0.15050001
0.069552474 0.069314286 0.14875001
0.070615567 0.069081299 0.14825001
0.070457228 0.067683361 0.14525001
0.070740215 0.066751398 0.14325
0.071616434 0.066401921 0.14250001
0.073118672 0.066634908 0.14300001
0.072939448 0.065353468 0.14025001
0.073901936 0.065120474 0.13975
0.074990071 0.065003984 0.13950001
0.074571468 0.063606046 0.1365
0.076320633 0.064072028 0.1375
0.078087285 0.064538002 0.13850001
0.078153759 0.063606046 0.1365
0.079638511 0.063839041 0.13700001
0.080099419 0.063256569 0.13575001
0 0 0
0 0 0
0 0 0
0 0 0
0 0 0
0 0 0
0 0 0
0 0 0
0 0 0
0 0 0
0 0 0
-0 0 0
-0 0 0
-0 0 0
-0 0 0
-0 0 0
-0 0 0
-0 0 0
-0 0 0
-0 0 0
-0 0 0
-0 0 0
-0 0 0
-0 0 0
-0 0 0
-0 0 0
-0 0 0
-0 0 0
-0 0 0
-0 0 0
-0 0 0
-0 0 0
-0 0 0
-0 0 0
-0 0 0
-0 0 0
-0 0 0
-0 0 0
-0 0 0
-0 0 0
-0 0 0
-0 0 0
-0 0 0
-0 0 0
-0 0 0
-0 0 0
-0 0 0
-0 0 0
-0 0 0
-0 0 0
-0 0 0
-0 0 0
-0 0 0
-0 0 0
-0 0 0
-0 0 0
-0 0 0
-0 0 0
-0 0 0
-0 0 0
-0 0 0
-0 0 0
-0 0 0
-0 0 0
-0 0 0
-0 0 0
-0.062638231 0.13304017 0.28025001
-0.060186621 0.13304017 0.28025001
-0.055880893 0.1287677 0.27125001
-0.053458698 0.12864903 0.27100003
-0.050946616 0.12829298 0.27025002
-0.048088118 0.1269875 0.26750001
-0.045149464 0.12532596 0.264
-0.043610804 0.1275809 0.26875001
-0.042296086 0.13078524 0.2755
-0.039994609 0.13114129 0.27625
-0.037509974 0.13090393 0.27575001
-0.035065904 0.13078524 0.2755
-0.032596577 0.13054788 0.27500001
-0.030081108 0.13007317 0.27400002
-0.027507355 0.12924242 0.27225003
-0.025033435 0.1287677 0.27125001
-0.022556128 0.12817429 0.27000001
-0.02011939 0.12769958 0.26900002
-0.017535031 0.12603806 0.26550001
-0.014281368 0.11832386 0.24925001
-0.012100942 0.11832386 0.24925001
-0.010328481 0.12318975 0.25950003
-0 0 0
-0 0 0
-0 0 0
-0.0010533164 0.10396359 0.21900001
0.00085756183 0.1033702 0.21775001
0.002768771 0.10360755 0.21825001
0.0046887286 0.10384492 0.21875001
0 0 0
0 0 0
0 0 0
0 0 0
0.016000202 0.11654367 0.24550001
0.018295666 0.11749311 0.24750002
0.020956803 0.12034142 0.25350001
0 0 0
0 0 0
0.029216098 0.12734354 0.26825002
0.031592149 0.12746221 0.2685
0 0 0
0 0 0
0 0 0
0 0 0
0 0 0
0 0 0
0 0 0
0 0 0
0 0 0
0.055029113 0.12734354 0.26825002
0.057482693 0.1275809 0.26875001
0.060000684 0.12793693 0.26950002
0.062878869 0.12900504 0.27175
0.065616325 0.12971713 0.27325001
0.068628907 0.13090393 0.27575001
0 0 0
0 0 0
0 0 0
0 0 0
0 0 0
0 0 0
0 0 0
0 0 0
0 0 0
0 0 0
0 0 0
0 0 0
0 0 0
0 0 0
0 0 0
0 0 0
0 0 0
0.063999183 0.074768342 0.15750001
0.06433925 0.073581539 0.155
0.066013061 0.07393758 0.15575001
0.066077791 0.072513416 0.15275
0.066421039 0.071445301 0.15050001
0.066724919 0.070377186 0.14825001
0.067333549 0.069665097 0.14675
0.06826663 0.069309063 0.14600001
0.068472095 0.068240948 0.14375001
0.069001995 0.067528859 0.14225
0.069999479 0.067291506 0.14175001
0.070485644 0.066579424 0.14025001
0.070945561 0.065867342 0.13875
0.071119212 0.064917907 0.13675001
0.071786679 0.064443186 0.13575001
0.072705425 0.064205825 0.13525
0.073615432 0.063968465 0.13475001
0.074239165 0.063493751 0.13375001
0.074845389 0.06301903 0.13275
0.075434126 0.062544309 0.13175
0.076005362 0.062069587 0.13075
0.077296682 0.062188271 0.13100001
0.077694163 0.061594874 0.12975001
0.079588637 0.062188271 0.13100001
0.080888689 0.062306948 0.13125001
0.081724338 0.062069587 0.13075
0 0 0
0 0 0
0 0 0
0 0 0
0 0 0
0 0 0
0 0 0
-0 0 0
-0 0 0
-0 0 0
-0 0 0
-0 0 0
-0 0 0
-0 0 0
-0 0 0
-0 0 0
-0 0 0
-0 0 0
-0 0 0
-0 0 0
-0 0 0
-0 0 0
-0 0 0
-0 0 0
-0 0 0
-0 0 0
-0 0 0
-0 0 0
-0 0 0
-0 0 0
-0 0 0
-0 0 0
-0 0 0
-0 0 0
-0 0 0
-0 0 0
-0 0 0
-0 0 0
-0 0 0
-0 0 0
-0 0 0
-0 0 0
-0 0 0
-0 0 0
-0 0 0
-0 0 0
-0 0 0
-0 0 0
-0 0 0
-0 0 0
-0 0 0
-0 0 0
-0 0 0
-0 0 0
-0 0 0
-0 0 0
-0 0 0
-0 0 0
-0 0 0
-0 0 0
-0 0 0
-0 0 0
-0 0 0
-0 0 0
-0 0 0
-0.053360064 0.13077615 0.2705
-0.050899483 0.13053443 0.27000001
-0.048222944 0.12968837 0.26825002
-0.04527773 0.12799625 0.26475
-0.043123987 0.12847972 0.26575002
-0.04198904 0.13222654 0.27350003
-0.039922222 0.13331433 0.27575001
-0.037509974 0.13331433 0.27575001
-0.035002265 0.13295172 0.27500001
-0.032537311 0.13270999 0.27450001
-0.030026216 0.13222654 0.27350003
-0.027532613 0.13174307 0.27250001
-0.025079578 0.13138048 0.27175
-0.0225979 0.13077615 0.2705
-0.02011939 0.13005097 0.26900002
-0.017716657 0.12968837 0.26825002
-0.014467583 0.12207385 0.2525
-0.012076668 0.12026089 0.24875002
-0.010129472 0.12304078 0.2545
-0 0 0
-0 0 0
-0 0 0
-0 0 0
0.00086248468 0.10587792 0.21900001
0.0027751143 0.10575706 0.21875001
0 0 0
0 0 0
0 0 0
0 0 0
0 0 0
0.016016494 0.1188105 0.24575001
0.018240225 0.11929396 0.24675001
0 0 0
0 0 0
0 0 0
0.029270554 0.12993009 0.26875001
0.031562734 0.12968837 0.26825002
0.033972576 0.12993009 0.26875001
0 0 0
0 0 0
0 0 0
0 0 0
0 0 0
0 0 0
0 0 0
0 0 0
0 0 0
0 0 0
0.060334641 0.13101789 0.27100003
0.06299457 0.13162223 0.27225003
0.065796427 0.13246827 0.27400002
0 0 0
0 0 0
0 0 0
0 0 0
0 0 0
0 0 0
0 0 0
0 0 0
0 0 0
0 0 0
0 0 0
0 0 0
0 0 0
0 0 0
0 0 0
0 0 0
0.063187815 0.078562386 0.16250001
0.063515969 0.077232875 0.15975001
0.063186489 0.075178161 0.15550001
0.063612841 0.074090376 0.15325001
0.064423665 0.073486045 0.15200001
0.065104477 0.072760858 0.15050001
0.065538369 0.071793936 0.14850001
0.066049792 0.070947878 0.14675
0.066760011 0.070343554 0.1455
0.067448363 0.069739223 0.14425001
0.068114847 0.069134898 0.14300001
0.068759464 0.068530574 0.14175001
0.069382198 0.06792625 0.14050001
0.069857433 0.067201063 0.13900001
0.070306413 0.066475861 0.1375
0.070729159 0.065750673 0.13600001
0.071257859 0.065146349 0.13475001
0.07230226 0.065025486 0.13450001
0.073069118 0.064662889 0.13375001
0.073545337 0.064058565 0.13250001
0.07385873 0.06333337 0.13100001
0.074289016 0.062729046 0.12975001
0.074697427 0.062124714 0.1285
0.0752315 0.061641261 0.12750001
0.076197155 0.06152039 0.12725
0.077158444 0.061399527 0.127
0.077961288 0.061157797 0.12650001
0.078599125 0.060795199 0.12575001
0.079223834 0.060432602 0.125
0.080477968 0.060553472 0.12525001
0.081736468 0.060674336 0.12550001
0.082339309 0.060311738 0.12475
0.085102573 0.06152039 0.12725
0 0 0
0 0 0
-0 0 0
-0 0 0
-0 0 0
-0 0 0
-0 0 0
-0 0 0
-0 0 0
-0 0 0
-0 0 0
-0 0 0
-0 0 0
-0 0 0
-0 0 0
-0 0 0
-0 0 0
-0 0 0
-0 0 0
-0 0 0
-0 0 0
-0 0 0
-0 0 0
-0 0 0
-0 0 0
-0 0 0
-0 0 0
-0 0 0
-0 0 0
-0 0 0
-0 0 0
-0 0 0
-0 0 0
-0 0 0
-0 0 0
-0 0 0
-0 0 0
-0 0 0
-0 0 0
-0 0 0
-0 0 0
-0 0 0
-0 0 0
-0 0 0
-0 0 0
-0 0 0
-0 0 0
-0 0 0
-0 0 0
-0 0 0
-0 0 0
-0 0 0
-0 0 0
-0 0 0
-0 0 0
-0 0 0
-0 0 0
-0 0 0
-0 0 0
-0 0 0
-0.053310748 0.13301761 0.27025002
-0.050946616 0.13301761 0.27025002
-0.048492592 0.13277151 0.26975
-0.045577023 0.13117185 0.26650003
-0.042880576 0.1300644 0.26425001
-0.04160523 0.13338676 0.27100003
-0.039741252 0.13510947 0.27450001
-0.037373949 0.13523252 0.27475002
-0.034938626 0.13510947 0.27450001
-0.032507677 0.13498642 0.27425
-0.03005366 0.13474031 0.27375001
-0.027608391 0.13449422 0.27325001
-0.025125725 0.13400201 0.27225003
-0.022702325 0.13375591 0.27175
-0.020287674 0.13350981 0.27125001
-0.017766191 0.13240236 0.26900002
-0.014481909 0.12440407 0.25275001
-0 0 0
-0 0 0
-0 0 0
-0 0 0
-0 0 0
-0 0 0
0 0 0
0 0 0
0 0 0
0 0 0
0 0 0
0 0 0
0 0 0
0.016065376 0.12132781 0.24650002
0 0 0
0 0 0
0 0 0
0 0 0
0.029270554 0.13227931 0.26875001
0.031709813 0.13264845 0.26950002
0.034067381 0.13264845 0.26950002
0 0 0
0 0 0
0 0 0
0 0 0
0 0 0
0 0 0
0 0 0
0 0 0
0 0 0
0 0 0
0.060557276 0.13387896 0.27200001
0.063168101 0.13437116 0.273
0.06603656 0.13535556 0.27500001
0 0 0
0 0 0
0 0 0
0 0 0
0 0 0
0 0 0
0 0 0
0 0 0
0 0 0
0 0 0
0 0 0
0 0 0
0 0 0
0 0 0
0 0 0
0.062336423 0.08072114 0.164
0.062215693 0.078752331 0.16000001
0.062024981 0.076783523 0.156
0.062272217 0.075429969 0.15325001
0.063093975 0.074814714 0.15200001
0.063893862 0.07419946 0.15075001
0.064671889 0.073584214 0.14950001
0.065207362 0.072722852 0.14775001
0.065937273 0.072107606 0.14650001
0.066760011 0.071615398 0.1455
0.067565255 0.071123198 0.1445
0.068233922 0.070507944 0.14325
0.068638191 0.069646597 0.14150001
0.069258749 0.069031343 0.14025001
0.069731787 0.068293035 0.13875
0.070306413 0.067677781 0.1375
0.070729159 0.066939481 0.13600001
0.071257859 0.066324227 0.13475001
0.071899079 0.065832026 0.13375001
0.072659381 0.065462872 0.133
0.073406577 0.065093726 0.13225001
0.073576823 0.064232372 0.1305
0.074002735 0.063617118 0.12925
0.074261457 0.062878817 0.12775001
0.074936472 0.062509663 0.127
0.075748064 0.062263563 0.12650001
0.076247126 0.061771359 0.12550001
0.076728702 0.061279159 0.12450001
0.077505305 0.061033055 0.12400001
0.077956252 0.060540851 0.123
0.078710981 0.060294751 0.1225
0.079782605 0.060294751 0.1225
0.080359206 0.059925601 0.12175
0.081089877 0.059679501 0.12125
0.082489327 0.059925601 0.12175
0.082181834 0.0589412 0.11975001
-0 0 0
-0 0 0
-0 0 0
-0 0 0
-0 0 0
-0 0 0
-0 0 0
-0 0 0
-0 0 0
-0 0 0
-0 0 0
-0 0 0
-0 0 0
-0 0 0
-0 0 0
-0 0 0
-0 0 0
-0 0 0
-0 0 0
-0 0 0
-0 0 0
-0 0 0
-0 0 0
-0 0 0
-0 0 0
-0 0 0
-0 0 0
-0 0 0
-0 0 0
-0 0 0
-0 0 0
-0 0 0
-0 0 0
-0 0 0
-0 0 0
-0 0 0
-0 0 0
-0 0 0
-0 0 0
-0 0 0
-0 0 0
-0 0 0
-0 0 0
-0 0 0
-0 0 0
-0 0 0
-0 0 0
-0 0 0
-0 0 0
-0 0 0
-0 0 0
-0 0 0
-0 0 0
-0 0 0
-0 0 0
-0 0 0
-0 0 0
-0 0 0
-0 0 0
-0 0 0
-0.048537537 0.13525468 0.27000001
-0.045961816 0.1346285 0.26875001
-0.042921145 0.1324995 0.26450002
-0.041067891 0.13400233 0.26750001
-0.039487895 0.13663228 0.27275002
-0.037271924 0.13725846 0.27400002
-0.034843165 0.13713321 0.27375001
-0.032448411 0.13713321 0.27375001
-0.03005366 0.13713321 0.27375001
-0.027633652 0.137008 0.27350003
-0.02517187 0.13663228 0.27275002
-0.022764981 0.13650703 0.27250001
-0.020381166 0.13650703 0.27250001
-0 0 0
-0 0 0
-0 0 0
-0 0 0
-0 0 0
-0 0 0
-0 0 0
-0 0 0
0 0 0
0 0 0
0 0 0
0 0 0
0 0 0
0 0 0
0 0 0
0 0 0
0 0 0
0 0 0
0 0 0
0 0 0
0.029297784 0.13475375 0.26900002
0.031827472 0.13550515 0.2705
0.034225393 0.13563038 0.27075002
0.036593903 0.13563038 0.27075002
0 0 0
0 0 0
0 0 0
0 0 0
0 0 0
0 0 0
0 0 0
0 0 0
0 0 0
0 0 0
0.063110255 0.13663228 0.27275002
0 0 0
0 0 0
0 0 0
0 0 0
0 0 0
0 0 0
0 0 0
0 0 0
0 0 0
0 0 0
0 0 0
0 0 0
0 0 0
0 0 0
0.060011007 0.082906112 0.16550002
0.060066216 0.081027575 0.16175
0.060435925 0.079649977 0.15900001
0.060951937 0.078522861 0.15675001
0.061428592 0.077395737 0.15450001
0.06206904 0.07651908 0.15275
0.062886432 0.075892903 0.1515
0.063575983 0.07514149 0.15000001
0.064347446 0.074515313 0.14875001
0.065317698 0.074139602 0.148
0.066274837 0.0737639 0.14725001
0.066874713 0.073012479 0.14575
0.067682162 0.072511539 0.14475001
0.068591177 0.072135828 0.14400001
0.069608338 0.071885355 0.1435
0 0 0
0.069983073 0.069756351 0.13925001
0.070689902 0.069255404 0.13825001
0.070729159 0.068128288 0.13600001
0.071522266 0.067752577 0.13525
0.071899079 0.067001164 0.13375001
0.072795965 0.06675069 0.13325001
0.073684104 0.066500217 0.13275
0.074422531 0.066124506 0.132
0.074432157 0.065122627 0.13000001
0.074552104 0.064245969 0.12825
0.074936472 0.063619792 0.127
0.075448662 0.063118853 0.126
0.075791463 0.062492672 0.12475
0.076266482 0.061991733 0.12375001
0.077036522 0.061741259 0.12325001
0.077639356 0.061365549 0.1225
0.078068443 0.060864609 0.12150001
0.078642853 0.060488898 0.12075
0.07920415 0.060113192 0.12
0.080086708 0.059987959 0.11975001
0.080456741 0.059487015 0.11875001
0.080980852 0.059111308 0.11800001
-0 0 0
-0 0 0
-0 0 0
-0 0 0
-0 0 0
-0 0 0
-0 0 0
-0 0 0
-0 0 0
-0 0 0
-0 0 0
-0 0 0
-0 0 0
-0 0 0
-0 0 0
-0 0 0
-0 0 0
-0 0 0
-0 0 0
-0 0 0
-0 0 0
-0 0 0
-0 0 0
-0 0 0
-0 0 0
-0 0 0
-0 0 0
-0 0 0
-0 0 0
-0 0 0
-0 0 0
-0 0 0
-0 0 0
-0 0 0
-0 0 0
-0 0 0
-0 0 0
-0 0 0
-0 0 0
-0 0 0
-0 0 0
-0 0 0
-0 0 0
-0 0 0
-0 0 0
-0 0 0
-0 0 0
-0 0 0
-0 0 0
-0 0 0
-0 0 0
-0 0 0
-0 0 0
-0 0 0
-0 0 0
-0 0 0
-0 0 0
-0 0 0
-0 0 0
-0 0 0
-0 0 0
-0.045705281 0.13621318 0.26725
-0.042840008 0.13455671 0.264
-0.040453792 0.13430187 0.26350001
-0.039089754 0.13761482 0.27000001
-0.037101891 0.13901646 0.27275002
-0.034684066 0.13888903 0.27250001
-0.032270614 0.13876162 0.27225003
-0.02991643 0.13888903 0.27250001
-0.027532613 0.13888903 0.27250001
-0.025194939 0.13914387 0.273
-0.022827638 0.1392713 0.27325001
-0 0 0
-0 0 0
-0 0 0
-0 0 0
-0 0 0
-0 0 0
-0 0 0
-0 0 0
-0 0 0
0 0 0
0 0 0
0 0 0
0 0 0
0 0 0
0 0 0
0 0 0
0 0 0
0 0 0
0 0 0
0 0 0
0 0 0
0.029352238 0.13735998 0.26950002
0.031768642 0.13761482 0.27000001
0.034193791 0.13786966 0.2705
0.036593903 0.13799709 0.27075002
0.038098976 0.13493897 0.26475
0 0 0
0 0 0
0 0 0
0 0 0
0 0 0
0 0 0
0 0 0
0 0 0
0 0 0
0 0 0
0 0 0
0 0 0
0 0 0
0 0 0
0 0 0
0 0 0
0 0 0
0 0 0
0 0 0
0 0 0
0 0 0
0 0 0
0 0 0
0.059182461 0.085244738 0.16725001
0.058379285 0.082059212 0.16100001
0.059044998 0.081039838 0.15900001
0.059865776 0.08027532 0.15750001
0.06075751 0.079638205 0.15625
0.061428592 0.078746259 0.15450001
0.062170632 0.077981733 0.15300001
0.062990203 0.077344634 0.15175001
0.063258104 0.076070413 0.14925
0.064347446 0.075815573 0.14875001
0.065428033 0.075560734 0.14825001
0 0 0
0 0 0
0 0 0
0 0 0
0 0 0
0 0 0
0 0 0
0 0 0
0 0 0
0 0 0
0 0 0
0 0 0
0 0 0
0 0 0
0 0 0
0.074842758 0.065621883 0.12875001
0.075379014 0.065112203 0.12775001
0.075897761 0.064602517 0.12675001
0.075943351 0.063710563 0.125
0.076420553 0.063200884 0.12400001
0.076880261 0.062691197 0.123
0.077480912 0.062308934 0.12225001
0.077907808 0.061799247 0.12125
0.078642853 0.061544403 0.12075
0.079039142 0.061034724 0.11975001
0.079585113 0.060652457 0.119
0.079948597 0.060142774 0.11800001
0.080466136 0.059760511 0.11725
