# .PCD v0.7 - Point Cloud Data file format
VERSION 0.7
FIELDS x y z
SIZE 4 4 4
TYPE F F F
COUNT 1 1 1
WIDTH 19200
HEIGHT 1
VIEWPOINT 0 0 0 1 0 0 0
POINTS 19200
DATA ascii
-0 -0 0
-0 -0 0
-0 -0 0
-0 -0 0
-0 -0 0
-0 -0 0
-0 -0 0
-0 -0 0
-0 -0 0
-0 -0 0
-0 -0 0
-0 -0 0
-0 -0 0
-0 -0 0
-0 -0 0
-0 -0 0
-0 -0 0
-0 -0 0
-0 -0 0
-0 -0 0
-0 -0 0
-0 -0 0
-0 -0 0
-0 -0 0
-0 -0 0
-0 -0 0
-0 -0 0
-0 -0 0
-0 -0 0
-0 -0 0
-0 -0 0
-0 -0 0
-0 -0 0
-0 -0 0
-0 -0 0
-0 -0 0
-0 -0 0
-0 -0 0
-0 -0 0
-0 -0 0
-0 -0 0
-0 -0 0
-0 -0 0
-0 -0 0
-0 -0 0
-0 -0 0
-0 -0 0
-0 -0 0
-0 -0 0
-0 -0 0
-0 -0 0
-0 -0 0
-0 -0 0
-0 -0 0
-0 -0 0
-0 -0 0
-0 -0 0
-0 -0 0
-0 -0 0
-0 -0 0
-0 -0 0
-0 -0 0
-0 -0 0
-0 -0 0
-0 -0 0
-0 -0 0
-0 -0 0
-0 -0 0
-0 -0 0
-0 -0 0
-0 -0 0
-0 -0 0
-0 -0 0
-0 -0 0
-0 -0 0
-0 -0 0
-0 -0 0
-0 -0 0
-0 -0 0
-0 -0 0
-0 -0 0
0 -0 0
0 -0 0
0 -0 0
0 -0 0
0 -0 0
0 -0 0
0 -0 0
0 -0 0
0 -0 0
0 -0 0
0 -0 0
0 -0 0
0 -0 0
0 -0 0
0 -0 0
0 -0 0
0 -0 0
0 -0 0
0 -0 0
0 -0 0
0 -0 0
0 -0 0
0 -0 0
0 -0 0
0 -0 0
0 -0 0
0 -0 0
0 -0 0
0 -0 0
0 -0 0
0 -0 0
0 -0 0
0 -0 0
0 -0 0
0 -0 0
0 -0 0
0 -0 0
0 -0 0
0 -0 0
0 -0 0
0 -0 0
0 -0 0
0 -0 0
0 -0 0
0 -0 0
0 -0 0
0 -0 0
0 -0 0
0 -0 0
0 -0 0
0 -0 0
0 -0 0
0 -0 0
0 -0 0
0 -0 0
0 -0 0
0 -0 0
0 -0 0
0 -0 0
0 -0 0
0 -0 0
0 -0 0
0 -0 0
0 -0 0
0 -0 0
0 -0 0
0 -0 0
0 -0 0
0 -0 0
0 -0 0
0 -0 0
0 -0 0
0 -0 0
0 -0 0
0 -0 0
0 -0 0
0 -0 0
0 -0 0
0 -0 0
-0 -0 0
-0 -0 0
-0 -0 0
-0 -0 0
-0 -0 0
-0 -0 0
-0 -0 0
-0 -0 0
-0 -0 0
-0 -0 0
-0 -0 0
-0 -0 0
-0 -0 0
-0 -0 0
-0 -0 0
-0 -0 0
-0 -0 0
-0 -0 0
-0 -0 0
-0 -0 0
-0 -0 0
-0 -0 0
-0 -0 0
-0 -0 0
-0 -0 0
-0 -0 0
-0 -0 0
-0 -0 0
-0 -0 0
-0 -0 0
-0 -0 0
-0 -0 0
-0 -0 0
-0 -0 0
-0 -0 0
-0 -0 0
-0 -0 0
-0 -0 0
-0 -0 0
-0 -0 0
-0 -0 0
-0 -0 0
-0 -0 0
-0 -0 0
-0 -0 0
-0 -0 0
-0 -0 0
-0 -0 0
-0 -0 0
-0 -0 0
-0 -0 0
-0 -0 0
-0 -0 0
-0 -0 0
-0 -0 0
-0 -0 0
-0 -0 0
-0 -0 0
-0 -0 0
-0 -0 0
-0 -0 0
-0 -0 0
-0 -0 0
-0 -0 0
-0 -0 0
-0 -0 0
-0 -0 0
-0 -0 0
-0 -0 0
-0 -0 0
-0 -0 0
-0 -0 0
-0 -0 0
-0 -0 0
-0 -0 0
-0 -0 0
-0 -0 0
-0 -0 0
-0 -0 0
-0 -0 0
-0 -0 0
0 -0 0
0 -0 0
0 -0 0
0 -0 0
0 -0 0
0 -0 0
0 -0 0
0 -0 0
0 -0 0
0 -0 0
0 -0 0
0 -0 0
0 -0 0
0 -0 0
0 -0 0
0 -0 0
0 -0 0
0 -0 0
0 -0 0
0 -0 0
0 -0 0
0 -0 0
0 -0 0
0 -0 0
0 -0 0
0 -0 0
0 -0 0
0 -0 0
0 -0 0
0 -0 0
0 -0 0
0 -0 0
0 -0 0
0 -0 0
0 -0 0
0 -0 0
0 -0 0
0 -0 0
0 -0 0
0 -0 0
0 -0 0
0 -0 0
0 -0 0
0 -0 0
0 -0 0
0 -0 0
0 -0 0
0 -0 0
0 -0 0
0 -0 0
0 -0 0
0 -0 0
0 -0 0
0 -0 0
0 -0 0
0 -0 0
0 -0 0
0 -0 0
0 -0 0
0 -0 0
0 -0 0
0 -0 0
0 -0 0
0 -0 0
0 -0 0
0 -0 0
0 -0 0
0 -0 0
0 -0 0
0 -0 0
0 -0 0
0 -0 0
0 -0 0
0 -0 0
0 -0 0
0 -0 0
0 -0 0
0 -0 0
0 -0 0
-0 -0 0
-0 -0 0
-0 -0 0
-0 -0 0
-0 -0 0
-0 -0 0
-0 -0 0
-0 -0 0
-0 -0 0
-0 -0 0
-0 -0 0
-0 -0 0
-0 -0 0
-0 -0 0
-0 -0 0
-0 -0 0
-0 -0 0
-0 -0 0
-0 -0 0
-0 -0 0
-0 -0 0
-0 -0 0
-0 -0 0
-0 -0 0
-0 -0 0
-0 -0 0
-0 -0 0
-0 -0 0
-0 -0 0
-0 -0 0
-0 -0 0
-0 -0 0
-0 -0 0
-0 -0 0
-0 -0 0
-0 -0 0
-0 -0 0
-0 -0 0
-0 -0 0
-0 -0 0
-0 -0 0
-0 -0 0
-0 -0 0
-0 -0 0
-0 -0 0
-0 -0 0
-0 -0 0
-0 -0 0
-0 -0 0
-0 -0 0
-0 -0 0
-0 -0 0
-0 -0 0
-0 -0 0
-0 -0 0
-0 -0 0
-0 -0 0
-0 -0 0
-0 -0 0
-0 -0 0
-0 -0 0
-0 -0 0
-0 -0 0
-0 -0 0
-0 -0 0
-0 -0 0
-0 -0 0
-0 -0 0
-0 -0 0
-0 -0 0
-0 -0 0
-0 -0 0
-0 -0 0
-0 -0 0
-0 -0 0
-0 -0 0
-0 -0 0
-0 -0 0
-0 -0 0
-0 -0 0
-0 -0 0
0 -0 0
0 -0 0
0 -0 0
0 -0 0
0 -0 0
0 -0 0
0 -0 0
0 -0 0
0 -0 0
0 -0 0
0 -0 0
0 -0 0
0 -0 0
0 -0 0
0 -0 0
0 -0 0
0 -0 0
0 -0 0
0 -0 0
0 -0 0
0 -0 0
0 -0 0
0 -0 0
0 -0 0
0 -0 0
0 -0 0
0 -0 0
0 -0 0
0 -0 0
0 -0 0
0 -0 0
0 -0 0
0 -0 0
0 -0 0
0 -0 0
0 -0 0
0 -0 0
0 -0 0
0 -0 0
0 -0 0
0 -0 0
0 -0 0
0 -0 0
0 -0 0
0 -0 0
0 -0 0
0 -0 0
0 -0 0
0 -0 0
0 -0 0
0 -0 0
0 -0 0
0 -0 0
0 -0 0
0 -0 0
0 -0 0
0 -0 0
0 -0 0
0 -0 0
0 -0 0
0 -0 0
0 -0 0
0 -0 0
0 -0 0
0 -0 0
0 -0 0
0 -0 0
0 -0 0
0 -0 0
0 -0 0
0 -0 0
0 -0 0
0 -0 0
0 -0 0
0 -0 0
0 -0 0
0 -0 0
0 -0 0
0 -0 0
-0 -0 0
-0 -0 0
-0 -0 0
-0 -0 0
-0 -0 0
-0 -0 0
-0 -0 0
-0 -0 0
-0 -0 0
-0 -0 0
-0 -0 0
-0 -0 0
-0 -0 0
-0 -0 0
-0 -0 0
-0 -0 0
-0 -0 0
-0 -0 0
-0 -0 0
-0 -0 0
-0 -0 0
-0 -0 0
-0 -0 0
-0 -0 0
-0 -0 0
-0 -0 0
-0 -0 0
-0 -0 0
-0 -0 0
-0 -0 0
-0 -0 0
-0 -0 0
-0 -0 0
-0 -0 0
-0 -0 0
-0 -0 0
-0 -0 0
-0 -0 0
-0 -0 0
-0 -0 0
-0 -0 0
-0 -0 0
-0 -0 0
-0 -0 0
-0 -0 0
-0 -0 0
-0 -0 0
-0 -0 0
-0 -0 0
-0 -0 0
-0 -0 0
-0 -0 0
-0 -0 0
-0 -0 0
-0 -0 0
-0 -0 0
-0 -0 0
-0 -0 0
-0 -0 0
-0 -0 0
-0 -0 0
-0 -0 0
-0 -0 0
-0 -0 0
-0 -0 0
-0 -0 0
-0 -0 0
-0 -0 0
-0 -0 0
-0 -0 0
-0 -0 0
-0 -0 0
-0 -0 0
-0 -0 0
-0 -0 0
-0 -0 0
-0 -0 0
-0 -0 0
-0 -0 0
-0 -0 0
-0 -0 0
0 -0 0
0 -0 0
0 -0 0
0 -0 0
0 -0 0
0 -0 0
0 -0 0
0 -0 0
0 -0 0
0 -0 0
0 -0 0
0 -0 0
0 -0 0
0 -0 0
0 -0 0
0 -0 0
0 -0 0
0 -0 0
0 -0 0
0 -0 0
0 -0 0
0 -0 0
0 -0 0
0 -0 0
0 -0 0
0 -0 0
0 -0 0
0 -0 0
0 -0 0
0 -0 0
0 -0 0
0 -0 0
0 -0 0
0 -0 0
0 -0 0
0 -0 0
0 -0 0
0 -0 0
0 -0 0
0 -0 0
0 -0 0
0 -0 0
0 -0 0
0 -0 0
0 -0 0
0 -0 0
0 -0 0
0 -0 0
0 -0 0
0 -0 0
0 -0 0
0 -0 0
0 -0 0
0 -0 0
0 -0 0
0 -0 0
0 -0 0
0 -0 0
0 -0 0
0 -0 0
0 -0 0
0 -0 0
0 -0 0
0 -0 0
0 -0 0
0 -0 0
0 -0 0
0 -0 0
0 -0 0
0 -0 0
0 -0 0
0 -0 0
0 -0 0
0 -0 0
0 -0 0
0 -0 0
0 -0 0
0 -0 0
0 -0 0
-0 -0 0
-0 -0 0
-0 -0 0
-0 -0 0
-0 -0 0
-0 -0 0
-0 -0 0
-0 -0 0
-0 -0 0
-0 -0 0
-0 -0 0
-0 -0 0
-0 -0 0
-0 -0 0
-0 -0 0
-0 -0 0
-0 -0 0
-0 -0 0
-0 -0 0
-0 -0 0
-0 -0 0
-0 -0 0
-0 -0 0
-0 -0 0
-0 -0 0
-0 -0 0
-0 -0 0
-0 -0 0
-0 -0 0
-0 -0 0
-0 -0 0
-0 -0 0
-0 -0 0
-0 -0 0
-0 -0 0
-0 -0 0
-0 -0 0
-0 -0 0
-0 -0 0
-0 -0 0
-0 -0 0
-0 -0 0
-0 -0 0
-0 -0 0
-0 -0 0
-0 -0 0
-0 -0 0
-0 -0 0
-0 -0 0
-0 -0 0
-0 -0 0
-0 -0 0
-0 -0 0
-0 -0 0
-0 -0 0
-0 -0 0
-0 -0 0
-0 -0 0
-0 -0 0
-0 -0 0
-0 -0 0
-0 -0 0
-0 -0 0
-0 -0 0
-0 -0 0
-0 -0 0
-0 -0 0
-0 -0 0
-0 -0 0
-0 -0 0
-0 -0 0
-0 -0 0
-0 -0 0
-0 -0 0
-0 -0 0
-0 -0 0
-0 -0 0
-0 -0 0
-0 -0 0
-0 -0 0
-0 -0 0
0 -0 0
0 -0 0
0 -0 0
0 -0 0
0 -0 0
0 -0 0
0 -0 0
0 -0 0
0 -0 0
0 -0 0
0 -0 0
0 -0 0
0 -0 0
0 -0 0
0 -0 0
0 -0 0
0 -0 0
0 -0 0
0 -0 0
0 -0 0
0 -0 0
0 -0 0
0 -0 0
0 -0 0
0 -0 0
0 -0 0
0 -0 0
0 -0 0
0 -0 0
0 -0 0
0 -0 0
0 -0 0
0 -0 0
0 -0 0
0 -0 0
0 -0 0
0 -0 0
0 -0 0
0 -0 0
0 -0 0
0 -0 0
0 -0 0
0 -0 0
0 -0 0
0 -0 0
0 -0 0
0 -0 0
0 -0 0
0 -0 0
0 -0 0
0 -0 0
0 -0 0
0 -0 0
0 -0 0
0 -0 0
0 -0 0
0 -0 0
0 -0 0
0 -0 0
0 -0 0
0 -0 0
0 -0 0
0 -0 0
0 -0 0
0 -0 0
0 -0 0
0 -0 0
0 -0 0
0 -0 0
0 -0 0
0 -0 0
0 -0 0
0 -0 0
0 -0 0
0 -0 0
0 -0 0
0 -0 0
0 -0 0
0 -0 0
-0 -0 0
-0 -0 0
-0 -0 0
-0 -0 0
-0 -0 0
-0 -0 0
-0 -0 0
-0 -0 0
-0 -0 0
-0 -0 0
-0 -0 0
-0 -0 0
-0 -0 0
-0 -0 0
-0 -0 0
-0 -0 0
-0 -0 0
-0 -0 0
-0 -0 0
-0 -0 0
-0 -0 0
-0 -0 0
-0 -0 0
-0 -0 0
-0 -0 0
-0 -0 0
-0 -0 0
-0 -0 0
-0 -0 0
-0 -0 0
-0 -0 0
-0 -0 0
-0 -0 0
-0 -0 0
-0 -0 0
-0 -0 0
-0 -0 0
-0 -0 0
-0 -0 0
-0 -0 0
-0 -0 0
-0 -0 0
-0 -0 0
-0 -0 0
-0 -0 0
-0 -0 0
-0 -0 0
-0 -0 0
-0 -0 0
-0 -0 0
-0 -0 0
-0 -0 0
-0 -0 0
-0 -0 0
-0 -0 0
-0 -0 0
-0 -0 0
-0 -0 0
-0 -0 0
-0 -0 0
-0 -0 0
-0 -0 0
-0 -0 0
-0 -0 0
-0 -0 0
-0 -0 0
-0 -0 0
-0 -0 0
-0 -0 0
-0 -0 0
-0 -0 0
-0 -0 0
-0 -0 0
-0 -0 0
-0 -0 0
-0 -0 0
-0 -0 0
-0 -0 0
-0 -0 0
-0 -0 0
-0 -0 0
0 -0 0
0 -0 0
0 -0 0
0 -0 0
0 -0 0
0 -0 0
0 -0 0
0 -0 0
0 -0 0
0 -0 0
0 -0 0
0 -0 0
0 -0 0
0 -0 0
0 -0 0
0 -0 0
0 -0 0
0 -0 0
0 -0 0
0 -0 0
0 -0 0
0 -0 0
0 -0 0
0 -0 0
0 -0 0
0 -0 0
0 -0 0
0 -0 0
0 -0 0
0 -0 0
0 -0 0
0 -0 0
0 -0 0
0 -0 0
0 -0 0
0 -0 0
0 -0 0
0 -0 0
0 -0 0
0 -0 0
0 -0 0
0 -0 0
0 -0 0
0 -0 0
0 -0 0
0 -0 0
0 -0 0
0 -0 0
0 -0 0
0 -0 0
0 -0 0
0 -0 0
0 -0 0
0 -0 0
0 -0 0
0 -0 0
0 -0 0
0 -0 0
0 -0 0
0 -0 0
0 -0 0
0 -0 0
0 -0 0
0 -0 0
0 -0 0
0 -0 0
0 -0 0
0 -0 0
0 -0 0
0 -0 0
0 -0 0
0 -0 0
0 -0 0
0 -0 0
0 -0 0
0 -0 0
0 -0 0
0 -0 0
0 -0 0
-0 -0 0
-0 -0 0
-0 -0 0
-0 -0 0
-0 -0 0
-0 -0 0
-0 -0 0
-0 -0 0
-0 -0 0
-0 -0 0
-0 -0 0
-0 -0 0
-0 -0 0
-0 -0 0
-0 -0 0
-0 -0 0
-0 -0 0
-0 -0 0
-0 -0 0
-0 -0 0
-0 -0 0
-0 -0 0
-0 -0 0
-0 -0 0
-0 -0 0
-0 -0 0
-0 -0 0
-0 -0 0
-0 -0 0
-0 -0 0
-0 -0 0
-0 -0 0
-0 -0 0
-0 -0 0
-0 -0 0
-0 -0 0
-0 -0 0
-0 -0 0
-0 -0 0
-0 -0 0
-0 -0 0
-0 -0 0
-0 -0 0
-0 -0 0
-0 -0 0
-0 -0 0
-0 -0 0
-0 -0 0
-0 -0 0
-0 -0 0
-0 -0 0
-0 -0 0
-0 -0 0
-0 -0 0
-0 -0 0
-0 -0 0
-0 -0 0
-0 -0 0
-0 -0 0
-0 -0 0
-0 -0 0
-0 -0 0
-0 -0 0
-0 -0 0
-0 -0 0
-0 -0 0
-0 -0 0
-0 -0 0
-0 -0 0
-0 -0 0
-0 -0 0
-0 -0 0
-0 -0 0
-0 -0 0
-0 -0 0
-0 -0 0
-0 -0 0
-0 -0 0
-0 -0 0
-0 -0 0
-0 -0 0
0 -0 0
0 -0 0
0 -0 0
0 -0 0
0 -0 0
0 -0 0
0 -0 0
0 -0 0
0 -0 0
0 -0 0
0 -0 0
0 -0 0
0 -0 0
0 -0 0
0 -0 0
0 -0 0
0 -0 0
0 -0 0
0 -0 0
0 -0 0
0 -0 0
0 -0 0
0 -0 0
0 -0 0
0 -0 0
0 -0 0
0 -0 0
0 -0 0
0 -0 0
0 -0 0
0 -0 0
0 -0 0
0 -0 0
0 -0 0
0 -0 0
0 -0 0
0 -0 0
0 -0 0
0 -0 0
0 -0 0
0 -0 0
0 -0 0
0 -0 0
0 -0 0
0 -0 0
0 -0 0
0 -0 0
0 -0 0
0 -0 0
0 -0 0
0 -0 0
0 -0 0
0 -0 0
0 -0 0
0 -0 0
0 -0 0
0 -0 0
0 -0 0
0 -0 0
0 -0 0
0 -0 0
0 -0 0
0 -0 0
0 -0 0
0 -0 0
0 -0 0
0 -0 0
0 -0 0
0 -0 0
0 -0 0
0 -0 0
0 -0 0
0 -0 0
0 -0 0
0 -0 0
0 -0 0
0 -0 0
0 -0 0
0 -0 0
-0 -0 0
-0 -0 0
-0 -0 0
-0 -0 0
-0 -0 0
-0 -0 0
-0 -0 0
-0 -0 0
-0 -0 0
-0 -0 0
-0 -0 0
-0 -0 0
-0 -0 0
-0 -0 0
-0 -0 0
-0 -0 0
-0 -0 0
-0 -0 0
-0 -0 0
-0 -0 0
-0 -0 0
-0 -0 0
-0 -0 0
-0 -0 0
-0 -0 0
-0 -0 0
-0 -0 0
-0 -0 0
-0 -0 0
-0 -0 0
-0 -0 0
-0 -0 0
-0 -0 0
-0 -0 0
-0 -0 0
-0 -0 0
-0 -0 0
-0 -0 0
-0 -0 0
-0 -0 0
-0 -0 0
-0 -0 0
-0 -0 0
-0 -0 0
-0 -0 0
-0 -0 0
-0 -0 0
-0 -0 0
-0 -0 0
-0 -0 0
-0 -0 0
-0 -0 0
-0 -0 0
-0 -0 0
-0 -0 0
-0 -0 0
-0 -0 0
-0 -0 0
-0 -0 0
-0 -0 0
-0 -0 0
-0 -0 0
-0 -0 0
-0 -0 0
-0 -0 0
-0 -0 0
-0 -0 0
-0 -0 0
-0 -0 0
-0 -0 0
-0 -0 0
-0 -0 0
-0 -0 0
-0 -0 0
-0 -0 0
-0 -0 0
-0 -0 0
-0 -0 0
-0 -0 0
-0 -0 0
-0 -0 0
0 -0 0
0 -0 0
0 -0 0
0 -0 0
0 -0 0
0 -0 0
0 -0 0
0 -0 0
0 -0 0
0 -0 0
0 -0 0
0 -0 0
0 -0 0
0 -0 0
0 -0 0
0 -0 0
0 -0 0
0 -0 0
0 -0 0
0 -0 0
0 -0 0
0 -0 0
0 -0 0
0 -0 0
0 -0 0
0 -0 0
0 -0 0
0 -0 0
0 -0 0
0 -0 0
0 -0 0
0 -0 0
0 -0 0
0 -0 0
0 -0 0
0 -0 0
0 -0 0
0 -0 0
0 -0 0
0 -0 0
0 -0 0
0 -0 0
0 -0 0
0 -0 0
0 -0 0
0 -0 0
0 -0 0
0 -0 0
0 -0 0
0 -0 0
0 -0 0
0 -0 0
0 -0 0
0 -0 0
0 -0 0
0 -0 0
0 -0 0
0 -0 0
0 -0 0
0 -0 0
0 -0 0
0 -0 0
0 -0 0
0 -0 0
0 -0 0
0 -0 0
0 -0 0
0 -0 0
0 -0 0
0 -0 0
0 -0 0
0 -0 0
0 -0 0
0 -0 0
0 -0 0
0 -0 0
0 -0 0
0 -0 0
0 -0 0
-0 -0 0
-0 -0 0
-0 -0 0
-0 -0 0
-0 -0 0
-0 -0 0
-0 -0 0
-0 -0 0
-0 -0 0
-0 -0 0
-0 -0 0
-0 -0 0
-0 -0 0
-0 -0 0
-0 -0 0
-0 -0 0
-0 -0 0
-0 -0 0
-0 -0 0
-0 -0 0
-0 -0 0
-0 -0 0
-0 -0 0
-0 -0 0
-0 -0 0
-0 -0 0
-0 -0 0
-0 -0 0
-0 -0 0
-0 -0 0
-0 -0 0
-0 -0 0
-0 -0 0
-0 -0 0
-0 -0 0
-0 -0 0
-0 -0 0
-0 -0 0
-0 -0 0
-0 -0 0
-0 -0 0
-0 -0 0
-0 -0 0
-0 -0 0
-0 -0 0
-0 -0 0
-0 -0 0
-0 -0 0
-0 -0 0
-0 -0 0
-0 -0 0
-0 -0 0
-0 -0 0
-0 -0 0
-0 -0 0
-0 -0 0
-0 -0 0
-0 -0 0
-0 -0 0
-0 -0 0
-0 -0 0
-0 -0 0
-0 -0 0
-0 -0 0
-0 -0 0
-0 -0 0
-0 -0 0
-0 -0 0
-0 -0 0
-0 -0 0
-0 -0 0
-0 -0 0
-0 -0 0
-0 -0 0
-0 -0 0
-0 -0 0
-0 -0 0
-0 -0 0
-0 -0 0
-0 -0 0
-0 -0 0
0 -0 0
0 -0 0
0 -0 0
0 -0 0
0 -0 0
0 -0 0
0 -0 0
0 -0 0
0 -0 0
0 -0 0
0 -0 0
0 -0 0
0 -0 0
0 -0 0
0 -0 0
0 -0 0
0 -0 0
0 -0 0
0 -0 0
0 -0 0
0 -0 0
0 -0 0
0 -0 0
0 -0 0
0 -0 0
0 -0 0
0 -0 0
0 -0 0
0 -0 0
0 -0 0
0 -0 0
0 -0 0
0 -0 0
0 -0 0
0 -0 0
0 -0 0
0 -0 0
0 -0 0
0 -0 0
0 -0 0
0 -0 0
0 -0 0
0 -0 0
0 -0 0
0 -0 0
0 -0 0
0 -0 0
0 -0 0
0 -0 0
0 -0 0
0 -0 0
0 -0 0
0 -0 0
0 -0 0
0 -0 0
0 -0 0
0 -0 0
0 -0 0
0 -0 0
0 -0 0
0 -0 0
0 -0 0
0 -0 0
0 -0 0
0 -0 0
0 -0 0
0 -0 0
0 -0 0
0 -0 0
0 -0 0
0 -0 0
0 -0 0
0 -0 0
0 -0 0
0 -0 0
0 -0 0
0 -0 0
0 -0 0
0 -0 0
-0 -0 0
-0 -0 0
-0 -0 0
-0 -0 0
-0 -0 0
-0 -0 0
-0 -0 0
-0 -0 0
-0 -0 0
-0 -0 0
-0 -0 0
-0 -0 0
-0 -0 0
-0 -0 0
-0 -0 0
-0 -0 0
-0 -0 0
-0 -0 0
-0 -0 0
-0 -0 0
-0 -0 0
-0 -0 0
-0 -0 0
-0 -0 0
-0 -0 0
-0 -0 0
-0 -0 0
-0 -0 0
-0 -0 0
-0 -0 0
-0 -0 0
-0 -0 0
-0 -0 0
-0 -0 0
-0 -0 0
-0 -0 0
-0 -0 0
-0 -0 0
-0 -0 0
-0 -0 0
-0 -0 0
-0 -0 0
-0 -0 0
-0 -0 0
-0 -0 0
-0 -0 0
-0 -0 0
-0 -0 0
-0 -0 0
-0 -0 0
-0 -0 0
-0 -0 0
-0 -0 0
-0 -0 0
-0 -0 0
-0 -0 0
-0 -0 0
-0 -0 0
-0 -0 0
-0 -0 0
-0 -0 0
-0 -0 0
-0 -0 0
-0 -0 0
-0 -0 0
-0 -0 0
-0 -0 0
-0 -0 0
-0 -0 0
-0 -0 0
-0 -0 0
-0 -0 0
-0 -0 0
-0 -0 0
-0 -0 0
-0 -0 0
-0 -0 0
-0 -0 0
-0 -0 0
-0 -0 0
-0 -0 0
0 -0 0
0 -0 0
0 -0 0
0 -0 0
0 -0 0
0 -0 0
0 -0 0
0 -0 0
0 -0 0
0 -0 0
0 -0 0
0 -0 0
0 -0 0
0 -0 0
0 -0 0
0 -0 0
0 -0 0
0 -0 0
0 -0 0
0 -0 0
0 -0 0
0 -0 0
0 -0 0
0 -0 0
0 -0 0
0 -0 0
0 -0 0
0 -0 0
0.18753175 -0.34046951 0.75350004
0.19399451 -0.34024358 0.75300002
0.20031534 -0.33979172 0.75200003
0 -0 0
0 -0 0
0 -0 0
0 -0 0
0 -0 0
0 -0 0
0 -0 0
0 -0 0
0 -0 0
0 -0 0
0 -0 0
0 -0 0
0 -0 0
0 -0 0
0 -0 0
0 -0 0
0 -0 0
0 -0 0
0 -0 0
0 -0 0
0 -0 0
0 -0 0
0 -0 0
0 -0 0
0 -0 0
0 -0 0
0 -0 0
0 -0 0
0 -0 0
0 -0 0
0 -0 0
0 -0 0
0 -0 0
0 -0 0
0 -0 0
0 -0 0
0 -0 0
0 -0 0
0 -0 0
0 -0 0
0 -0 0
0 -0 0
0 -0 0
0 -0 0
0 -0 0
0 -0 0
0 -0 0
0 -0 0
-0 -0 0
-0 -0 0
-0 -0 0
-0 -0 0
-0 -0 0
-0 -0 0
-0 -0 0
-0 -0 0
-0 -0 0
-0 -0 0
-0 -0 0
-0 -0 0
-0 -0 0
-0 -0 0
-0 -0 0
-0 -0 0
-0 -0 0
-0 -0 0
-0 -0 0
-0 -0 0
-0 -0 0
-0 -0 0
-0 -0 0
-0 -0 0
-0 -0 0
-0 -0 0
-0 -0 0
-0 -0 0
-0 -0 0
-0 -0 0
-0 -0 0
-0 -0 0
-0 -0 0
-0 -0 0
-0 -0 0
-0 -0 0
-0 -0 0
-0 -0 0
-0 -0 0
-0 -0 0
-0 -0 0
-0 -0 0
-0 -0 0
-0 -0 0
-0 -0 0
-0 -0 0
-0 -0 0
-0 -0 0
-0 -0 0
-0 -0 0
-0 -0 0
-0 -0 0
-0 -0 0
-0 -0 0
-0 -0 0
-0 -0 0
-0 -0 0
-0 -0 0
-0 -0 0
-0 -0 0
-0 -0 0
-0 -0 0
-0 -0 0
-0 -0 0
-0 -0 0
-0 -0 0
-0 -0 0
-0 -0 0
-0 -0 0
-0 -0 0
-0 -0 0
-0 -0 0
-0 -0 0
-0 -0 0
-0 -0 0
-0 -0 0
-0 -0 0
-0 -0 0
-0 -0 0
-0 -0 0
-0 -0 0
0 -0 0
0 -0 0
0 -0 0
0 -0 0
0 -0 0
0 -0 0
0 -0 0
0 -0 0
0 -0 0
0 -0 0
0 -0 0
0 -0 0
0 -0 0
0 -0 0
0 -0 0
0 -0 0
0 -0 0
0 -0 0
0 -0 0
0 -0 0
0 -0 0
0 -0 0
0 -0 0
0 -0 0
0 -0 0
0 -0 0
0 -0 0
0 -0 0
0.18765618 -0.33410454 0.75400001
0.19412333 -0.33388299 0.75350004
0.20051512 -0.33355066 0.75275004
0 -0 0
0 -0 0
0 -0 0
0 -0 0
0 -0 0
0 -0 0
0 -0 0
0 -0 0
0 -0 0
0 -0 0
0 -0 0
0 -0 0
0 -0 0
0 -0 0
0 -0 0
0 -0 0
0 -0 0
0 -0 0
0 -0 0
0 -0 0
0 -0 0
0 -0 0
0 -0 0
0 -0 0
0 -0 0
0 -0 0
0 -0 0
0 -0 0
0 -0 0
0 -0 0
0 -0 0
0 -0 0
0 -0 0
0 -0 0
0 -0 0
0 -0 0
0 -0 0
0 -0 0
0 -0 0
0 -0 0
0 -0 0
0 -0 0
0 -0 0
0 -0 0
0 -0 0
0 -0 0
0 -0 0
0 -0 0
-0 -0 0
-0 -0 0
-0 -0 0
-0 -0 0
-0 -0 0
-0 -0 0
-0 -0 0
-0 -0 0
-0 -0 0
-0 -0 0
-0 -0 0
-0 -0 0
-0 -0 0
-0 -0 0
-0 -0 0
-0 -0 0
-0 -0 0
-0 -0 0
-0 -0 0
-0 -0 0
-0 -0 0
-0 -0 0
-0 -0 0
-0 -0 0
-0 -0 0
-0 -0 0
-0 -0 0
-0 -0 0
-0 -0 0
-0 -0 0
-0 -0 0
-0 -0 0
-0 -0 0
-0 -0 0
-0 -0 0
-0 -0 0
-0 -0 0
-0 -0 0
-0 -0 0
-0 -0 0
-0 -0 0
-0 -0 0
-0 -0 0
-0 -0 0
-0 -0 0
-0 -0 0
-0 -0 0
-0 -0 0
-0 -0 0
-0 -0 0
-0 -0 0
-0 -0 0
-0 -0 0
-0 -0 0
-0 -0 0
-0 -0 0
-0 -0 0
-0 -0 0
-0 -0 0
-0 -0 0
-0 -0 0
-0 -0 0
-0 -0 0
-0 -0 0
-0 -0 0
-0 -0 0
-0 -0 0
-0 -0 0
-0 -0 0
-0 -0 0
-0 -0 0
-0 -0 0
-0 -0 0
-0 -0 0
-0 -0 0
-0 -0 0
-0 -0 0
-0 -0 0
-0 -0 0
-0 -0 0
-0 -0 0
0 -0 0
0 -0 0
0 -0 0
0 -0 0
0 -0 0
0 -0 0
0 -0 0
0 -0 0
0 -0 0
0 -0 0
0 -0 0
0 -0 0
0 -0 0
0 -0 0
0 -0 0
0 -0 0
0 -0 0
0 -0 0
0 -0 0
0 -0 0
0 -0 0
0 -0 0
0 -0 0
0 -0 0
0 -0 0
0 -0 0
0 -0 0
0 -0 0
0.18790507 -0.32794803 0.75500005
0.194703 -0.3282738 0.75575006
0.20091468 -0.32762226 0.75425005
0.20716892 -0.32707927 0.75300002
0 -0 0
0 -0 0
0 -0 0
0 -0 0
0 -0 0
0 -0 0
0 -0 0
0 -0 0
0 -0 0
0 -0 0
0 -0 0
0 -0 0
0 -0 0
0 -0 0
0 -0 0
0 -0 0
0 -0 0
0 -0 0
0 -0 0
0 -0 0
0 -0 0
0 -0 0
0 -0 0
0 -0 0
0 -0 0
0 -0 0
0 -0 0
0 -0 0
0 -0 0
0 -0 0
0 -0 0
0 -0 0
0 -0 0
0 -0 0
0 -0 0
0 -0 0
0 -0 0
0 -0 0
0 -0 0
0 -0 0
0 -0 0
0 -0 0
0 -0 0
0 -0 0
0 -0 0
0 -0 0
0 -0 0
-0 -0 0
-0 -0 0
-0 -0 0
-0 -0 0
-0 -0 0
-0 -0 0
-0 -0 0
-0 -0 0
-0 -0 0
-0 -0 0
-0 -0 0
-0 -0 0
-0 -0 0
-0 -0 0
-0 -0 0
-0 -0 0
-0 -0 0
-0 -0 0
-0 -0 0
-0 -0 0
-0 -0 0
-0 -0 0
-0 -0 0
-0 -0 0
-0 -0 0
-0 -0 0
-0 -0 0
-0 -0 0
-0 -0 0
-0 -0 0
-0 -0 0
-0 -0 0
-0 -0 0
-0 -0 0
-0 -0 0
-0 -0 0
-0 -0 0
-0 -0 0
-0 -0 0
-0 -0 0
-0 -0 0
-0 -0 0
-0 -0 0
-0 -0 0
-0 -0 0
-0 -0 0
-0 -0 0
-0 -0 0
-0 -0 0
-0 -0 0
-0 -0 0
-0 -0 0
-0 -0 0
-0 -0 0
-0 -0 0
-0 -0 0
-0 -0 0
-0 -0 0
-0 -0 0
-0 -0 0
-0 -0 0
-0 -0 0
-0 -0 0
-0 -0 0
-0 -0 0
-0 -0 0
-0 -0 0
-0 -0 0
-0 -0 0
-0 -0 0
-0 -0 0
-0 -0 0
-0 -0 0
-0 -0 0
-0 -0 0
-0 -0 0
-0 -0 0
-0 -0 0
-0 -0 0
-0 -0 0
-0 -0 0
0 -0 0
0 -0 0
0 -0 0
0 -0 0
0 -0 0
0 -0 0
0 -0 0
0 -0 0
0 -0 0
0 -0 0
0 -0 0
0 -0 0
0 -0 0
0 -0 0
0 -0 0
0 -0 0
0 -0 0
0 -0 0
0 -0 0
0 -0 0
0 -0 0
0 -0 0
0 -0 0
0 -0 0
0 -0 0
0 -0 0
0 -0 0
0 -0 0
0 -0 0
0.19554029 -0.32305092 0.75900006
0.20178041 -0.32241246 0.75750005
0.20792553 -0.32166761 0.75575006
0.21418193 -0.32113558 0.75450003
0.22070913 -0.32102919 0.75425005
0 -0 0
0 -0 0
0 -0 0
0.24202369 -0.31443197 0.73875004
0 -0 0
0 -0 0
0 -0 0
0 -0 0
0 -0 0
0 -0 0
0 -0 0
0 -0 0
0 -0 0
0 -0 0
0 -0 0
0 -0 0
0 -0 0
0 -0 0
0 -0 0
0 -0 0
0 -0 0
0 -0 0
0 -0 0
0 -0 0
0 -0 0
0 -0 0
0 -0 0
0 -0 0
0 -0 0
0.067855984 -0.052032903 0.12225001
0 -0 0
0 -0 0
0 -0 0
0 -0 0
0 -0 0
0 -0 0
0 -0 0
0 -0 0
0 -0 0
0 -0 0
0 -0 0
0 -0 0
0 -0 0
0 -0 0
0 -0 0
-0 -0 0
-0 -0 0
-0 -0 0
-0 -0 0
-0 -0 0
-0 -0 0
-0 -0 0
-0 -0 0
-0 -0 0
-0 -0 0
-0 -0 0
-0 -0 0
-0 -0 0
-0 -0 0
-0 -0 0
-0 -0 0
-0 -0 0
-0 -0 0
-0 -0 0
-0 -0 0
-0 -0 0
-0 -0 0
-0 -0 0
-0 -0 0
-0 -0 0
-0 -0 0
-0 -0 0
-0 -0 0
-0 -0 0
-0 -0 0
-0 -0 0
-0 -0 0
-0 -0 0
-0 -0 0
-0 -0 0
-0 -0 0
-0 -0 0
-0 -0 0
-0 -0 0
-0 -0 0
-0 -0 0
-0 -0 0
-0 -0 0
-0 -0 0
-0 -0 0
-0 -0 0
-0 -0 0
-0 -0 0
-0 -0 0
-0 -0 0
-0 -0 0
-0 -0 0
-0 -0 0
-0 -0 0
-0 -0 0
-0 -0 0
-0 -0 0
-0 -0 0
-0 -0 0
-0 -0 0
-0 -0 0
-0 -0 0
-0 -0 0
-0 -0 0
-0 -0 0
-0 -0 0
-0 -0 0
-0 -0 0
-0 -0 0
-0 -0 0
-0 -0 0
-0 -0 0
-0 -0 0
-0 -0 0
-0 -0 0
-0 -0 0
-0 -0 0
-0 -0 0
-0 -0 0
-0 -0 0
-0 -0 0
0 -0 0
0 -0 0
0 -0 0
0 -0 0
0 -0 0
0 -0 0
0 -0 0
0 -0 0
0 -0 0
0 -0 0
0 -0 0
0 -0 0
0 -0 0
0 -0 0
0 -0 0
0 -0 0
0 -0 0
0 -0 0
0 -0 0
0 -0 0
0 -0 0
0 -0 0
0 -0 0
0 -0 0
0 -0 0
0 -0 0
0 -0 0
0 -0 0
0 -0 0
0.1956691 -0.31662476 0.75950003
0.20211338 -0.31631207 0.75875002
0.20826943 -0.31558254 0.75700003
0.21439484 -0.31485298 0.75525004
0.22085543 -0.31464455 0.75475001
0 -0 0
0 -0 0
0 -0 0
0.24366176 -0.3100588 0.74375004
0.2504203 -0.31037146 0.74450004
0 -0 0
0 -0 0
0 -0 0
0 -0 0
0 -0 0
0 -0 0
0 -0 0
0 -0 0
0 -0 0
0 -0 0
0 -0 0
0 -0 0
0 -0 0
0 -0 0
0 -0 0
0 -0 0
0 -0 0
0 -0 0
0 -0 0
0 -0 0
0 -0 0
0 -0 0
0 -0 0
0 -0 0
0.066468336 -0.049922075 0.11975001
0.067233995 -0.04971363 0.11925001
0 -0 0
0 -0 0
0 -0 0
0 -0 0
0 -0 0
0 -0 0
0 -0 0
0 -0 0
0 -0 0
0 -0 0
0 -0 0
0 -0 0
0 -0 0
0 -0 0
-0 -0 0
-0 -0 0
-0 -0 0
-0 -0 0
-0 -0 0
-0 -0 0
-0 -0 0
-0 -0 0
-0 -0 0
-0 -0 0
-0 -0 0
-0 -0 0
-0 -0 0
-0 -0 0
-0 -0 0
-0 -0 0
-0 -0 0
-0 -0 0
-0 -0 0
-0 -0 0
-0 -0 0
-0 -0 0
-0 -0 0
-0 -0 0
-0 -0 0
-0 -0 0
-0 -0 0
-0 -0 0
-0 -0 0
-0 -0 0
-0 -0 0
-0 -0 0
-0 -0 0
-0 -0 0
-0 -0 0
-0 -0 0
-0 -0 0
-0 -0 0
-0 -0 0
-0 -0 0
-0 -0 0
-0 -0 0
-0 -0 0
-0 -0 0
-0 -0 0
-0 -0 0
-0 -0 0
-0 -0 0
-0 -0 0
-0 -0 0
-0 -0 0
-0 -0 0
-0 -0 0
-0 -0 0
-0 -0 0
-0 -0 0
-0 -0 0
-0 -0 0
-0 -0 0
-0 -0 0
-0 -0 0
-0 -0 0
-0 -0 0
-0 -0 0
-0 -0 0
-0 -0 0
-0 -0 0
-0 -0 0
-0 -0 0
-0 -0 0
-0 -0 0
-0 -0 0
-0 -0 0
-0 -0 0
-0 -0 0
-0 -0 0
-0 -0 0
-0 -0 0
-0 -0 0
-0 -0 0
-0 -0 0
0 -0 0
0 -0 0
0 -0 0
0 -0 0
0 -0 0
0 -0 0
0 -0 0
0 -0 0
0 -0 0
0 -0 0
0 -0 0
0 -0 0
0 -0 0
0 -0 0
0 -0 0
0 -0 0
0 -0 0
0 -0 0
0 -0 0
0 -0 0
0 -0 0
0 -0 0
0 -0 0
0 -0 0
0 -0 0
0 -0 0
0 -0 0
0 -0 0
0 -0 0
0.19586232 -0.31029189 0.76025003
0.20237975 -0.3100878 0.75975001
0.20875089 -0.30967969 0.75875002
0.21503356 -0.3091695 0.75750005
0.22173329 -0.30927154 0.75775003
0 -0 0
0 -0 0
0 -0 0
0.24415317 -0.30416974 0.74525005
0 -0 0
0 -0 0
0 -0 0
0 -0 0
0 -0 0
0 -0 0
0 -0 0
0 -0 0
0 -0 0
0 -0 0
0 -0 0
0 -0 0
0 -0 0
0 -0 0
0 -0 0
0 -0 0
0 -0 0
0 -0 0
0 -0 0
0 -0 0
0 -0 0
0 -0 0
0 -0 0
0 -0 0
0 -0 0
0 -0 0
0 -0 0
0 -0 0
0 -0 0
0 -0 0
0 -0 0
0 -0 0
0 -0 0
0 -0 0
0 -0 0
0 -0 0
0 -0 0
0 -0 0
0 -0 0
0 -0 0
0.075490624 -0.044895902 0.11000001
-0 -0 0
-0 -0 0
-0 -0 0
-0 -0 0
-0 -0 0
-0 -0 0
-0 -0 0
-0 -0 0
-0 -0 0
-0 -0 0
-0 -0 0
-0 -0 0
-0 -0 0
-0 -0 0
-0 -0 0
-0 -0 0
-0 -0 0
-0 -0 0
-0 -0 0
-0 -0 0
-0 -0 0
-0 -0 0
-0 -0 0
-0 -0 0
-0 -0 0
-0 -0 0
-0 -0 0
-0 -0 0
-0 -0 0
-0 -0 0
-0 -0 0
-0 -0 0
-0 -0 0
-0 -0 0
-0 -0 0
-0 -0 0
-0 -0 0
-0 -0 0
-0 -0 0
-0 -0 0
-0 -0 0
-0 -0 0
-0 -0 0
-0 -0 0
-0 -0 0
-0 -0 0
-0 -0 0
-0 -0 0
-0 -0 0
-0 -0 0
-0 -0 0
-0 -0 0
-0 -0 0
-0 -0 0
-0 -0 0
-0 -0 0
-0 -0 0
-0 -0 0
-0 -0 0
-0 -0 0
-0 -0 0
-0 -0 0
-0 -0 0
-0 -0 0
-0 -0 0
-0 -0 0
-0 -0 0
-0 -0 0
-0 -0 0
-0 -0 0
-0 -0 0
-0 -0 0
-0 -0 0
-0 -0 0
-0 -0 0
-0 -0 0
-0 -0 0
-0 -0 0
-0 -0 0
-0 -0 0
-0 -0 0
0 -0 0
0 -0 0
0 -0 0
0 -0 0
0 -0 0
0 -0 0
0 -0 0
0 -0 0
0 -0 0
0 -0 0
0 -0 0
0 -0 0
0 -0 0
0 -0 0
0 -0 0
0 -0 0
0 -0 0
0 -0 0
0 -0 0
0 -0 0
0 -0 0
0 -0 0
0 -0 0
0 -0 0
0 -0 0
0 -0 0
0 -0 0
0 -0 0
0 -0 0
0 -0 0
0.20324548 -0.30474472 0.76300001
0.20930116 -0.30384609 0.76075006
0.21567225 -0.30344665 0.75975001
0.22231853 -0.30344665 0.75975001
0.22888944 -0.30334681 0.75950003
0 -0 0
0 -0 0
0 -0 0
0 -0 0
0 -0 0
0 -0 0
0 -0 0
0 -0 0
0 -0 0
0 -0 0
0 -0 0
0 -0 0
0 -0 0
0 -0 0
0 -0 0
0 -0 0
0 -0 0
0 -0 0
0 -0 0
0 -0 0
0 -0 0
0 -0 0
0 -0 0
0 -0 0
0 -0 0
0 -0 0
0 -0 0
0 -0 0
0 -0 0
0 -0 0
0 -0 0
0 -0 0
0 -0 0
0 -0 0
0 -0 0
0 -0 0
0 -0 0
0 -0 0
0 -0 0
0 -0 0
0 -0 0
0 -0 0
0.073850818 -0.043534961 0.109
0.074632779 -0.043435112 0.10875001
-0 -0 0
-0 -0 0
-0 -0 0
-0 -0 0
-0 -0 0
-0 -0 0
-0 -0 0
-0 -0 0
-0 -0 0
-0 -0 0
-0 -0 0
-0 -0 0
-0 -0 0
-0 -0 0
-0 -0 0
-0 -0 0
-0 -0 0
-0 -0 0
-0 -0 0
-0 -0 0
-0 -0 0
-0 -0 0
-0 -0 0
-0 -0 0
-0 -0 0
-0 -0 0
-0 -0 0
-0 -0 0
-0 -0 0
-0 -0 0
-0 -0 0
-0 -0 0
-0 -0 0
-0 -0 0
-0 -0 0
-0 -0 0
-0 -0 0
-0 -0 0
-0 -0 0
-0 -0 0
-0 -0 0
-0 -0 0
-0 -0 0
-0 -0 0
-0 -0 0
-0 -0 0
-0 -0 0
-0 -0 0
-0 -0 0
-0 -0 0
-0 -0 0
-0 -0 0
-0 -0 0
-0 -0 0
-0 -0 0
-0 -0 0
-0 -0 0
-0 -0 0
-0 -0 0
-0 -0 0
-0 -0 0
-0 -0 0
-0 -0 0
-0 -0 0
-0 -0 0
-0 -0 0
-0 -0 0
-0 -0 0
-0 -0 0
-0 -0 0
-0 -0 0
-0 -0 0
-0 -0 0
-0 -0 0
-0 -0 0
-0 -0 0
-0 -0 0
-0 -0 0
-0 -0 0
-0 -0 0
-0 -0 0
0 -0 0
0 -0 0
0 -0 0
0 -0 0
0 -0 0
0 -0 0
0 -0 0
0 -0 0
0 -0 0
0 -0 0
0 -0 0
0 -0 0
0 -0 0
0 -0 0
0 -0 0
0 -0 0
0 -0 0
0 -0 0
0 -0 0
0 -0 0
0 -0 0
0 -0 0
0 -0 0
0 -0 0
0 -0 0
0 -0 0
0 -0 0
0 -0 0
0 -0 0
0 -0 0
0.20404461 -0.29924718 0.76600003
0.21012652 -0.29836816 0.76375002
0.21645293 -0.29787984 0.76250005
0.22319639 -0.29797751 0.76275003
0.22986887 -0.29797751 0.76275003
0 -0 0
0 -0 0
0 -0 0
0 -0 0
0 -0 0
0 -0 0
0 -0 0
0 -0 0
0 -0 0
0 -0 0
0 -0 0
0 -0 0
0 -0 0
0 -0 0
0 -0 0
0 -0 0
0 -0 0
0 -0 0
0 -0 0
0 -0 0
0 -0 0
0 -0 0
0 -0 0
0 -0 0
0 -0 0
0 -0 0
0 -0 0
0 -0 0
0 -0 0
0 -0 0
0 -0 0
0 -0 0
0 -0 0
0 -0 0
0 -0 0
0 -0 0
0 -0 0
0 -0 0
0 -0 0
0 -0 0
0 -0 0
0.073398881 -0.042875163 0.10975
0.074020199 -0.042679831 0.10925
0.074461199 -0.042386837 0.1085
-0 -0 0
-0 -0 0
-0 -0 0
-0 -0 0
-0 -0 0
-0 -0 0
-0 -0 0
-0 -0 0
-0 -0 0
-0 -0 0
-0 -0 0
-0 -0 0
-0 -0 0
-0 -0 0
-0 -0 0
-0 -0 0
-0 -0 0
-0 -0 0
-0 -0 0
-0 -0 0
-0 -0 0
-0 -0 0
-0 -0 0
-0 -0 0
-0 -0 0
-0 -0 0
-0 -0 0
-0 -0 0
-0 -0 0
-0 -0 0
-0 -0 0
-0 -0 0
-0 -0 0
-0 -0 0
-0 -0 0
-0 -0 0
-0 -0 0
-0 -0 0
-0 -0 0
-0 -0 0
-0 -0 0
-0 -0 0
-0 -0 0
-0 -0 0
-0 -0 0
-0 -0 0
-0 -0 0
-0 -0 0
-0 -0 0
-0 -0 0
-0 -0 0
-0 -0 0
-0 -0 0
-0 -0 0
-0 -0 0
-0 -0 0
-0 -0 0
-0 -0 0
-0 -0 0
-0 -0 0
-0 -0 0
-0 -0 0
-0 -0 0
-0 -0 0
-0 -0 0
-0 -0 0
-0 -0 0
-0 -0 0
-0 -0 0
-0 -0 0
-0 -0 0
-0 -0 0
-0 -0 0
-0 -0 0
-0 -0 0
-0 -0 0
-0 -0 0
-0 -0 0
-0 -0 0
-0 -0 0
-0 -0 0
0 -0 0
0 -0 0
0 -0 0
0 -0 0
0 -0 0
0 -0 0
0 -0 0
0 -0 0
0 -0 0
0 -0 0
0 -0 0
0 -0 0
0 -0 0
0 -0 0
0 -0 0
0 -0 0
0 -0 0
0 -0 0
0 -0 0
0 -0 0
0 -0 0
0 -0 0
0.15637808 -0.30410448 0.79625005
0 -0 0
0 -0 0
0 -0 0
0 -0 0
0 -0 0
0 -0 0
0 -0 0
0.20424439 -0.29283783 0.76675004
0.21074556 -0.29255137 0.76600003
0.21716259 -0.29216945 0.76500005
0.22370848 -0.29197851 0.76450002
0 -0 0
0 -0 0
0 -0 0
0 -0 0
0 -0 0
0 -0 0
0 -0 0
0 -0 0
0 -0 0
0 -0 0
0 -0 0
0 -0 0
0 -0 0
0 -0 0
0 -0 0
0 -0 0
0 -0 0
0 -0 0
0 -0 0
0 -0 0
0 -0 0
0 -0 0
0 -0 0
0 -0 0
0 -0 0
0 -0 0
0 -0 0
0 -0 0
0 -0 0
0 -0 0
0 -0 0
0 -0 0
0 -0 0
0 -0 0
0 -0 0
0 -0 0
0 -0 0
0 -0 0
0 -0 0
0 -0 0
0 -0 0
0.073593855 -0.042584173 0.1115
0.073900469 -0.042202257 0.11050001
0.074189581 -0.041820336 0.10950001
0.074461199 -0.041438412 0.1085
-0 -0 0
-0 -0 0
-0 -0 0
-0 -0 0
-0 -0 0
-0 -0 0
-0 -0 0
-0 -0 0
-0 -0 0
-0 -0 0
-0 -0 0
-0 -0 0
-0 -0 0
-0 -0 0
-0 -0 0
-0 -0 0
-0 -0 0
-0 -0 0
-0 -0 0
-0 -0 0
-0 -0 0
-0 -0 0
-0 -0 0
-0 -0 0
-0 -0 0
-0 -0 0
-0 -0 0
-0 -0 0
-0 -0 0
-0 -0 0
-0 -0 0
-0 -0 0
-0 -0 0
-0 -0 0
-0 -0 0
-0 -0 0
-0 -0 0
-0 -0 0
-0 -0 0
-0 -0 0
-0 -0 0
-0 -0 0
-0 -0 0
-0 -0 0
-0 -0 0
-0 -0 0
-0 -0 0
-0 -0 0
-0 -0 0
-0 -0 0
-0 -0 0
-0 -0 0
-0 -0 0
-0 -0 0
-0 -0 0
-0 -0 0
-0 -0 0
-0 -0 0
-0 -0 0
-0 -0 0
-0 -0 0
-0 -0 0
-0 -0 0
-0 -0 0
-0 -0 0
-0 -0 0
-0 -0 0
-0 -0 0
-0 -0 0
-0 -0 0
-0 -0 0
-0 -0 0
-0 -0 0
-0 -0 0
-0 -0 0
-0 -0 0
-0 -0 0
-0 -0 0
-0 -0 0
-0 -0 0
-0 -0 0
0 -0 0
0 -0 0
0 -0 0
0 -0 0
0 -0 0
0 -0 0
0 -0 0
0 -0 0
0 -0 0
0 -0 0
0 -0 0
0 -0 0
0 -0 0
0 -0 0
0 -0 0
0 -0 0
0 -0 0
0 -0 0
0 -0 0
0 -0 0
0 -0 0
0.14964707 -0.29761076 0.79750001
0.15647626 -0.29733086 0.79675001
0.16329235 -0.29705098 0.79600006
0 -0 0
0 -0 0
0 -0 0
0 -0 0
0 -0 0
0 -0 0
0.20451076 -0.28650865 0.76775002
0.21108946 -0.28632209 0.76725006
0.21744648 -0.28585559 0.76600003
0.2238548 -0.28548244 0.76500005
0 -0 0
0 -0 0
0 -0 0
0 -0 0
0 -0 0
0 -0 0
0 -0 0
0 -0 0
0 -0 0
0 -0 0
0 -0 0
0 -0 0
0 -0 0
0 -0 0
0 -0 0
0 -0 0
0 -0 0
0 -0 0
0 -0 0
0 -0 0
0 -0 0
0 -0 0
0 -0 0
0 -0 0
0 -0 0
0 -0 0
0 -0 0
0 -0 0
0 -0 0
0 -0 0
0 -0 0
0 -0 0
0 -0 0
0 -0 0
0 -0 0
0 -0 0
0 -0 0
0 -0 0
0 -0 0
0 -0 0
0 -0 0
0.073758863 -0.041702826 0.11175001
0.07406766 -0.041329645 0.11075
0.073850818 -0.040676579 0.109
0.074118063 -0.040303398 0.108
-0 -0 0
-0 -0 0
-0 -0 0
-0 -0 0
-0 -0 0
-0 -0 0
-0 -0 0
-0 -0 0
-0 -0 0
-0 -0 0
-0 -0 0
-0 -0 0
-0 -0 0
-0 -0 0
-0 -0 0
-0 -0 0
-0 -0 0
-0 -0 0
-0 -0 0
-0 -0 0
-0 -0 0
-0 -0 0
-0 -0 0
-0 -0 0
-0 -0 0
-0 -0 0
-0 -0 0
-0 -0 0
-0 -0 0
-0 -0 0
-0 -0 0
-0 -0 0
-0 -0 0
-0 -0 0
-0 -0 0
-0 -0 0
-0 -0 0
-0 -0 0
-0 -0 0
-0 -0 0
-0 -0 0
-0 -0 0
-0 -0 0
-0 -0 0
-0 -0 0
-0 -0 0
-0 -0 0
-0 -0 0
-0 -0 0
-0 -0 0
-0 -0 0
-0 -0 0
-0 -0 0
-0 -0 0
-0 -0 0
-0 -0 0
-0 -0 0
-0 -0 0
-0 -0 0
-0 -0 0
-0 -0 0
-0 -0 0
-0 -0 0
-0 -0 0
-0.043505449 -0.10951374 0.30050001
-0 -0 0
-0 -0 0
-0 -0 0
-0 -0 0
-0 -0 0
-0 -0 0
-0 -0 0
-0 -0 0
-0 -0 0
-0 -0 0
-0 -0 0
-0 -0 0
-0 -0 0
-0 -0 0
-0 -0 0
-0 -0 0
0 -0 0
0 -0 0
0 -0 0
0 -0 0
0 -0 0
0 -0 0
0 -0 0
0 -0 0
0 -0 0
0 -0 0
0 -0 0
0 -0 0
0 -0 0
0 -0 0
0 -0 0
0 -0 0
0 -0 0
0 -0 0
0 -0 0
0 -0 0
0 -0 0
0 -0 0
0.15691815 -0.29118627 0.79900002
0.16390777 -0.29118627 0.79900002
0 -0 0
0 -0 0
0 -0 0
0 -0 0
0 -0 0
0 -0 0
0 -0 0
0.21143337 -0.2800709 0.76850003
0.21801421 -0.27988869 0.76800001
0.22400109 -0.27897757 0.76550001
0 -0 0
0 -0 0
0 -0 0
0 -0 0
0 -0 0
0 -0 0
0 -0 0
0 -0 0
0 -0 0
0 -0 0
0 -0 0
0 -0 0
0 -0 0
0 -0 0
0 -0 0
0 -0 0
0 -0 0
0 -0 0
0 -0 0
0 -0 0
0 -0 0
0 -0 0
0 -0 0
0 -0 0
0 -0 0
0 -0 0
0 -0 0
0 -0 0
0 -0 0
0 -0 0
0 -0 0
0 -0 0
0 -0 0
0 -0 0
0 -0 0
0 -0 0
0 -0 0
0 -0 0
0 -0 0
0 -0 0
0.074246667 -0.04154598 0.11400001
0.073923871 -0.040817101 0.112
0.07373327 -0.040179335 0.11025
0.073512055 -0.039541565 0.1085
0.073774926 -0.039177127 0.1075
-0 -0 0
-0 -0 0
-0 -0 0
-0 -0 0
-0 -0 0
-0 -0 0
-0 -0 0
-0 -0 0
-0 -0 0
-0 -0 0
-0 -0 0
-0 -0 0
-0 -0 0
-0 -0 0
-0 -0 0
-0 -0 0
-0 -0 0
-0 -0 0
-0 -0 0
-0 -0 0
-0 -0 0
-0 -0 0
-0 -0 0
-0 -0 0
-0 -0 0
-0 -0 0
-0 -0 0
-0 -0 0
-0 -0 0
-0 -0 0
-0 -0 0
-0 -0 0
-0 -0 0
-0 -0 0
-0 -0 0
-0 -0 0
-0 -0 0
-0 -0 0
-0 -0 0
-0 -0 0
-0 -0 0
-0 -0 0
-0.097122751 -0.10244079 0.28800002
-0.094439097 -0.10226294 0.28750002
-0 -0 0
-0 -0 0
-0 -0 0
-0 -0 0
-0 -0 0
-0 -0 0
-0 -0 0
-0 -0 0
-0 -0 0
-0 -0 0
-0 -0 0
-0 -0 0
-0 -0 0
-0 -0 0
-0 -0 0
-0 -0 0
-0 -0 0
-0.050707642 -0.10546421 0.29650003
-0.048195012 -0.10564207 0.29700002
-0.045865539 -0.10626453 0.29875001
-0.043541644 -0.10697593 0.30075002
-0 -0 0
-0 -0 0
-0 -0 0
-0 -0 0
-0 -0 0
-0 -0 0
-0 -0 0
-0 -0 0
-0 -0 0
-0 -0 0
-0 -0 0
-0 -0 0
-0 -0 0
-0 -0 0
-0 -0 0
-0 -0 0
0 -0 0
0 -0 0
0 -0 0
0 -0 0
0 -0 0
0 -0 0
0 -0 0
0 -0 0
0 -0 0
0 -0 0
0 -0 0
0 -0 0
0 -0 0
0 -0 0
0 -0 0
0 -0 0
0 -0 0
0 -0 0
0 -0 0
0 -0 0
0 -0 0
0 -0 0
0.15721275 -0.28473559 0.80050004
0.16426677 -0.28482449 0.80075002
0 -0 0
0 -0 0
0 -0 0
0 -0 0
0 -0 0
0 -0 0
0 -0 0
0.21232753 -0.27450928 0.77175003
0.218511 -0.2737979 0.76975006
0.22458635 -0.27299759 0.76750004
0 -0 0
0 -0 0
0 -0 0
0 -0 0
0 -0 0
0 -0 0
0 -0 0
0 -0 0
0 -0 0
0 -0 0
0 -0 0
0 -0 0
0 -0 0
0 -0 0
0 -0 0
0 -0 0
0 -0 0
0 -0 0
0 -0 0
0 -0 0
0 -0 0
0 -0 0
0 -0 0
0 -0 0
0 -0 0
0 -0 0
0 -0 0
0 -0 0
0 -0 0
0 -0 0
0 -0 0
0 -0 0
0 -0 0
0 -0 0
0 -0 0
0 -0 0
0 -0 0
0 -0 0
0 -0 0
0.073731311 -0.040816251 0.11475001
0.07408385 -0.040460553 0.11375
0.073593855 -0.039660234 0.1115
0.073398881 -0.039037764 0.10975
0.073173285 -0.038415294 0.108
0.073088646 -0.037881751 0.10650001
-0 -0 0
-0 -0 0
-0 -0 0
-0 -0 0
-0 -0 0
-0 -0 0
-0 -0 0
-0 -0 0
-0 -0 0
-0 -0 0
-0 -0 0
-0 -0 0
-0 -0 0
-0 -0 0
-0 -0 0
-0 -0 0
-0 -0 0
-0 -0 0
-0 -0 0
-0 -0 0
-0 -0 0
-0 -0 0
-0 -0 0
-0 -0 0
-0 -0 0
-0 -0 0
-0 -0 0
-0 -0 0
-0 -0 0
-0 -0 0
-0 -0 0
-0.26993674 -0.21606682 0.62275004
-0 -0 0
-0 -0 0
-0.25491685 -0.21719442 0.62600005
-0 -0 0
-0 -0 0
-0 -0 0
-0 -0 0
-0 -0 0
-0 -0 0
-0 -0 0
-0.097207054 -0.10001004 0.28825
-0.094603337 -0.099923313 0.28800002
-0 -0 0
-0 -0 0
-0 -0 0
-0 -0 0
-0 -0 0
-0 -0 0
-0 -0 0
-0 -0 0
-0 -0 0
-0 -0 0
-0 -0 0
-0 -0 0
-0 -0 0
-0 -0 0
-0 -0 0
-0 -0 0
-0 -0 0
-0 -0 0
-0.048195012 -0.10304592 0.29700002
-0.04578878 -0.10347961 0.29825002
-0.043505449 -0.10426026 0.30050001
-0.040842686 -0.10417353 0.30025002
-0 -0 0
-0 -0 0
-0 -0 0
-0 -0 0
-0 -0 0
-0 -0 0
-0 -0 0
-0 -0 0
-0 -0 0
-0 -0 0
-0 -0 0
-0 -0 0
-0 -0 0
-0 -0 0
-0 -0 0
0 -0 0
0 -0 0
0 -0 0
0 -0 0
0 -0 0
0 -0 0
0 -0 0
0 -0 0
0 -0 0
0 -0 0
0 -0 0
0 -0 0
0 -0 0
0 -0 0
0 -0 0
0 -0 0
0 -0 0
0 -0 0
0 -0 0
0 -0 0
0 -0 0
0 -0 0
0.15731095 -0.27791172 0.80100006
0.16442062 -0.27808517 0.80150002
0 -0 0
0 -0 0
0 -0 0
0 -0 0
0 -0 0
0 -0 0
0 -0 0
0 -0 0
0.21844003 -0.26698259 0.76950002
0 -0 0
0 -0 0
0 -0 0
0 -0 0
0 -0 0
0 -0 0
0 -0 0
0 -0 0
0 -0 0
0 -0 0
0 -0 0
0 -0 0
0 -0 0
0 -0 0
0 -0 0
0 -0 0
0 -0 0
0 -0 0
0 -0 0
0 -0 0
0 -0 0
0 -0 0
0 -0 0
0 -0 0
0 -0 0
0 -0 0
0 -0 0
0 -0 0
0 -0 0
0 -0 0
0 -0 0
0 -0 0
0 -0 0
0 -0 0
0.07449393 -0.043803185 0.12625
0 -0 0
0 -0 0
0 -0 0
0 -0 0
0 -0 0
0.073731311 -0.039813194 0.11475001
0.073595382 -0.039206021 0.11300001
0.073098831 -0.038425371 0.11075
0.073064484 -0.037904937 0.10925
0.072834522 -0.037297763 0.1075
0.072917074 -0.036864068 0.10625
-0 -0 0
-0 -0 0
-0 -0 0
-0 -0 0
-0 -0 0
-0 -0 0
-0 -0 0
-0 -0 0
-0 -0 0
-0 -0 0
-0 -0 0
-0 -0 0
-0 -0 0
-0 -0 0
-0 -0 0
-0 -0 0
-0 -0 0
-0 -0 0
-0 -0 0
-0 -0 0
-0 -0 0
-0 -0 0
-0 -0 0
-0 -0 0
-0 -0 0
-0 -0 0
-0 -0 0
-0 -0 0
-0 -0 0
-0 -0 0
-0 -0 0
-0 -0 0
-0 -0 0
-0 -0 0
-0 -0 0
-0 -0 0
-0 -0 0
-0 -0 0
-0 -0 0
-0 -0 0
-0 -0 0
-0 -0 0
-0.097291365 -0.097574942 0.28850001
-0.094849698 -0.097659498 0.28875002
-0.092243798 -0.097574942 0.28850001
-0.089797758 -0.097659498 0.28875002
-0 -0 0
-0 -0 0
-0 -0 0
-0 -0 0
-0 -0 0
-0 -0 0
-0 -0 0
-0 -0 0
-0 -0 0
-0 -0 0
-0 -0 0
-0 -0 0
-0 -0 0
-0 -0 0
-0 -0 0
-0 -0 0
-0.048235577 -0.10053432 0.29725
-0.04578878 -0.10087254 0.29825002
-0.043396864 -0.10137986 0.29975
-0.040774666 -0.10137986 0.29975
-0.03812065 -0.10129531 0.29950002
-0 -0 0
-0 -0 0
-0 -0 0
-0 -0 0
-0 -0 0
-0 -0 0
-0 -0 0
-0 -0 0
-0 -0 0
-0 -0 0
-0 -0 0
-0 -0 0
-0 -0 0
-0 -0 0
0 -0 0
0 -0 0
0 -0 0
0 -0 0
0 -0 0
0 -0 0
0 -0 0
0 -0 0
0 -0 0
0 -0 0
0 -0 0
0 -0 0
0 -0 0
0 -0 0
0 -0 0
0 -0 0
0 -0 0
0 -0 0
0 -0 0
0 -0 0
0 -0 0
0 -0 0
0.15912758 -0.27403846 0.81025004
0 -0 0
0 -0 0
0 -0 0
0 -0 0
0 -0 0
0 -0 0
0 -0 0
0 -0 0
0 -0 0
0 -0 0
0 -0 0
0 -0 0
0 -0 0
0 -0 0
0 -0 0
0 -0 0
0 -0 0
0 -0 0
0 -0 0
0 -0 0
0 -0 0
0 -0 0
0 -0 0
0 -0 0
0 -0 0
0 -0 0
0 -0 0
0 -0 0
0 -0 0
0 -0 0
0 -0 0
0 -0 0
0 -0 0
0 -0 0
0 -0 0
0 -0 0
0 -0 0
0 -0 0
0 -0 0
0 -0 0
0 -0 0
0 -0 0
0 -0 0
0 -0 0
0 -0 0
0 -0 0
0 -0 0
0 -0 0
0 -0 0
0.072885931 -0.038894691 0.115
0.073570676 -0.038725585 0.11450001
0.07326974 -0.038049154 0.1125
0.072768807 -0.03728817 0.11025
0.072562903 -0.036696296 0.1085
0.07266514 -0.036273528 0.10725001
0.072917074 -0.035935313 0.10625
-0 -0 0
-0 -0 0
-0 -0 0
-0 -0 0
-0 -0 0
-0 -0 0
-0 -0 0
-0 -0 0
-0 -0 0
-0 -0 0
-0 -0 0
-0 -0 0
-0 -0 0
-0 -0 0
-0 -0 0
-0 -0 0
-0 -0 0
-0 -0 0
-0 -0 0
-0 -0 0
-0 -0 0
-0 -0 0
-0 -0 0
-0 -0 0
-0 -0 0
-0 -0 0
-0 -0 0
-0 -0 0
-0 -0 0
-0 -0 0
-0 -0 0
-0 -0 0
-0 -0 0
-0 -0 0
-0 -0 0
-0 -0 0
-0 -0 0
-0 -0 0
-0 -0 0
-0 -0 0
-0 -0 0
-0 -0 0
-0.097375676 -0.095135473 0.28875002
-0 -0 0
-0.09256354 -0.095382579 0.28950003
-0 -0 0
-0 -0 0
-0 -0 0
-0 -0 0
-0 -0 0
-0 -0 0
-0 -0 0
-0 -0 0
-0 -0 0
-0 -0 0
-0 -0 0
-0 -0 0
-0 -0 0
-0 -0 0
-0 -0 0
-0 -0 0
-0 -0 0
-0.048276145 -0.098018363 0.29750001
-0.04578878 -0.098265469 0.29825002
-0.043360673 -0.098677307 0.29950002
-0.040808678 -0.098842047 0.30000001
-0.038152471 -0.098759674 0.29975
-0.035648804 -0.099089153 0.30075002
-0 -0 0
-0 -0 0
-0 -0 0
-0 -0 0
-0 -0 0
-0 -0 0
-0 -0 0
-0 -0 0
-0 -0 0
-0 -0 0
-0 -0 0
-0 -0 0
-0 -0 0
0 -0 0
0 -0 0
0 -0 0
0 -0 0
0 -0 0
0 -0 0
0 -0 0
0 -0 0
0 -0 0
0 -0 0
0 -0 0
0 -0 0
0 -0 0
0 -0 0
0 -0 0
0 -0 0
0 -0 0
0 -0 0
0 -0 0
0 -0 0
0 -0 0
0 -0 0
0.15917668 -0.26703826 0.81050003
0 -0 0
0 -0 0
0 -0 0
0 -0 0
0 -0 0
0 -0 0
0 -0 0
0 -0 0
0 -0 0
0 -0 0
0 -0 0
0 -0 0
0 -0 0
0 -0 0
0 -0 0
0 -0 0
0 -0 0
0 -0 0
0 -0 0
0 -0 0
0 -0 0
0 -0 0
0 -0 0
0 -0 0
0 -0 0
0 -0 0
0 -0 0
0 -0 0
0 -0 0
0 -0 0
0 -0 0
0 -0 0
0 -0 0
0 -0 0
0 -0 0
0 -0 0
0 -0 0
0 -0 0
0 -0 0
0 -0 0
0 -0 0
0 -0 0
0 -0 0
0 -0 0
0 -0 0
0 -0 0
0 -0 0
0 -0 0
0.072973743 -0.038466029 0.11675
0.073361278 -0.038136557 0.11575001
0.073570676 -0.037724715 0.11450001
0.07326974 -0.037065767 0.1125
0.072603807 -0.036242083 0.11000001
0.072395705 -0.035665505 0.10825001
0.072495759 -0.035253663 0.10700001
0.073088646 -0.035088927 0.10650001
-0 -0 0
-0 -0 0
-0 -0 0
-0 -0 0
-0 -0 0
-0 -0 0
-0 -0 0
-0 -0 0
-0 -0 0
-0 -0 0
-0 -0 0
-0 -0 0
-0 -0 0
-0 -0 0
-0 -0 0
-0 -0 0
-0 -0 0
-0 -0 0
-0 -0 0
-0 -0 0
-0 -0 0
-0 -0 0
-0 -0 0
-0 -0 0
-0 -0 0
-0 -0 0
-0 -0 0
-0 -0 0
-0 -0 0
-0 -0 0
-0 -0 0
-0 -0 0
-0 -0 0
-0 -0 0
-0 -0 0
-0 -0 0
-0 -0 0
-0 -0 0
-0 -0 0
-0 -0 0
-0 -0 0
-0.098777212 -0.091569059 0.28550002
-0.096869826 -0.092130341 0.28725001
-0.094110608 -0.091889791 0.28650001
-0.091684259 -0.091969974 0.28675002
-0.088942543 -0.091729425 0.28600001
-0 -0 0
-0 -0 0
-0 -0 0
-0 -0 0
-0 -0 0
-0 -0 0
-0 -0 0
-0 -0 0
-0 -0 0
-0 -0 0
-0 -0 0
-0 -0 0
-0 -0 0
-0 -0 0
-0 -0 0
-0 -0 0
-0.048276145 -0.095417842 0.29750001
-0.04578878 -0.095658399 0.29825002
-0.043179702 -0.095658399 0.29825002
-0.040604632 -0.095738575 0.2985
-0.038088828 -0.095979124 0.29925001
-0.035589539 -0.096299864 0.30025002
-0.032661058 -0.095417842 0.29750001
-0 -0 0
-0 -0 0
-0 -0 0
-0 -0 0
-0 -0 0
-0 -0 0
-0 -0 0
-0 -0 0
-0 -0 0
-0 -0 0
-0 -0 0
-0 -0 0
0 -0 0
0 -0 0
0 -0 0
0 -0 0
0 -0 0
0 -0 0
0 -0 0
0 -0 0
0 -0 0
0 -0 0
0 -0 0
0 -0 0
0 -0 0
0 -0 0
0 -0 0
0 -0 0
0.12199587 -0.27190077 0.84775007
0 -0 0
0 -0 0
0 -0 0
0 -0 0
0 -0 0
0 -0 0
0 -0 0
0 -0 0
0 -0 0
0 -0 0
0 -0 0
0 -0 0
0 -0 0
0 -0 0
0 -0 0
0 -0 0
0 -0 0
0 -0 0
0 -0 0
0 -0 0
0 -0 0
0 -0 0
0 -0 0
0 -0 0
0 -0 0
0 -0 0
0 -0 0
0 -0 0
0 -0 0
0 -0 0
0 -0 0
0 -0 0
0 -0 0
0 -0 0
0 -0 0
0 -0 0
0 -0 0
0 -0 0
0 -0 0
0 -0 0
0 -0 0
0 -0 0
0 -0 0
0 -0 0
0 -0 0
0 -0 0
0 -0 0
0 -0 0
0 -0 0
0 -0 0
0 -0 0
0 -0 0
0 -0 0
0 -0 0
0.072973743 -0.037445489 0.11675
0.073202826 -0.037044574 0.1155
0.072606869 -0.036242746 0.11300001
0.07245563 -0.035681464 0.11125001
0.072108775 -0.035039999 0.10925
0.072228506 -0.034639083 0.108
0.072495759 -0.03431835 0.10700001
0.073260218 -0.034238167 0.10675
-0 -0 0
-0 -0 0
-0 -0 0
-0 -0 0
-0 -0 0
-0 -0 0
-0 -0 0
-0 -0 0
-0 -0 0
-0 -0 0
-0 -0 0
-0 -0 0
-0 -0 0
-0 -0 0
-0 -0 0
-0 -0 0
-0 -0 0
-0 -0 0
-0 -0 0
-0 -0 0
-0 -0 0
-0 -0 0
-0 -0 0
-0 -0 0
-0 -0 0
-0 -0 0
-0 -0 0
-0 -0 0
-0 -0 0
-0 -0 0
-0 -0 0
-0 -0 0
-0 -0 0
-0 -0 0
-0 -0 0
-0 -0 0
-0 -0 0
-0 -0 0
-0 -0 0
-0 -0 0
-0 -0 0
-0.098517723 -0.088839442 0.28475001
-0.096279673 -0.089073442 0.28550002
-0.093946368 -0.089229435 0.28600001
-0.091604322 -0.089385428 0.28650001
-0.089098036 -0.089385428 0.28650001
-0 -0 0
-0 -0 0
-0 -0 0
-0 -0 0
-0 -0 0
-0 -0 0
-0 -0 0
-0 -0 0
-0 -0 0
-0 -0 0
-0 -0 0
-0 -0 0
-0 -0 0
-0 -0 0
-0 -0 0
-0 -0 0
-0 -0 0
-0.045673635 -0.092817329 0.29750001
-0.043107316 -0.092895329 0.29775003
-0.04053662 -0.092973322 0.29800001
-0.038025189 -0.093207315 0.29875001
-0.035500638 -0.093441315 0.29950002
-0.032798287 -0.093207315 0.29875001
-0.030184837 -0.093207315 0.29875001
-0 -0 0
-0 -0 0
-0 -0 0
-0 -0 0
-0 -0 0
-0 -0 0
-0 -0 0
-0 -0 0
-0 -0 0
-0 -0 0
-0 -0 0
0 -0 0
0 -0 0
0 -0 0
0 -0 0
0 -0 0
0 -0 0
0 -0 0
0 -0 0
0 -0 0
0 -0 0
0 -0 0
0 -0 0
0 -0 0
0.09980648 -0.26464638 0.84825003
0.10719533 -0.26456839 0.84800005
0.11461359 -0.26456839 0.84800005
0.12206782 -0.26464638 0.84825003
0 -0 0
0 -0 0
0 -0 0
0 -0 0
0 -0 0
0 -0 0
0 -0 0
0 -0 0
0 -0 0
0 -0 0
0 -0 0
0 -0 0
0 -0 0
0 -0 0
0 -0 0
0 -0 0
0 -0 0
0 -0 0
0 -0 0
0 -0 0
0 -0 0
0 -0 0
0 -0 0
0 -0 0
0 -0 0
0 -0 0
0 -0 0
0 -0 0
0 -0 0
0 -0 0
0 -0 0
0 -0 0
0 -0 0
0 -0 0
0 -0 0
0 -0 0
0 -0 0
0 -0 0
0 -0 0
0 -0 0
0 -0 0
0 -0 0
0 -0 0
0 -0 0
0 -0 0
0 -0 0
0 -0 0
0 -0 0
0 -0 0
0 -0 0
0 -0 0
0 -0 0
0 -0 0
0.072414637 -0.036658946 0.11750001
0.07250496 -0.036190957 0.116
0.072410583 -0.035644975 0.11425
0.072124965 -0.035020992 0.11225001
0.072129987 -0.034553006 0.11075
0.071943767 -0.03400702 0.109
0.072228506 -0.033695031 0.108
0.072834522 -0.033539034 0.1075
0.073603354 -0.033461038 0.10725001
-0 -0 0
-0 -0 0
-0 -0 0
-0 -0 0
-0 -0 0
-0 -0 0
-0 -0 0
-0 -0 0
-0 -0 0
-0 -0 0
-0 -0 0
-0 -0 0
-0 -0 0
-0 -0 0
-0 -0 0
-0 -0 0
-0 -0 0
-0 -0 0
-0 -0 0
-0 -0 0
-0 -0 0
-0 -0 0
-0 -0 0
-0 -0 0
-0 -0 0
-0 -0 0
-0 -0 0
-0 -0 0
-0 -0 0
-0 -0 0
-0 -0 0
-0 -0 0
-0 -0 0
-0 -0 0
-0 -0 0
-0 -0 0
-0 -0 0
-0 -0 0
-0 -0 0
-0 -0 0
-0.1000332 -0.085516438 0.28200001
-0.098690711 -0.086502001 0.28525001
-0.096279673 -0.086577818 0.28550002
-0.094028495 -0.086805254 0.28625003
-0.0915244 -0.086805254 0.28625003
-0.089020289 -0.086805254 0.28625003
-0.08659175 -0.086881064 0.28650001
-0 -0 0
-0 -0 0
-0 -0 0
-0 -0 0
-0 -0 0
-0 -0 0
-0 -0 0
-0 -0 0
-0 -0 0
-0 -0 0
-0 -0 0
-0 -0 0
-0 -0 0
-0 -0 0
-0 -0 0
-0 -0 0
-0.045673635 -0.090216815 0.29750001
-0.043107316 -0.090292625 0.29775003
-0.040570628 -0.090444252 0.29825002
-0.038057011 -0.090671688 0.29900002
-0.035471004 -0.090747498 0.29925001
-0.032908071 -0.090899117 0.29975
-0.030235356 -0.090747498 0.29925001
-0.02750217 -0.090368435 0.29800001
-0.024937052 -0.090520062 0.2985
-0 -0 0
-0 -0 0
-0 -0 0
-0 -0 0
-0 -0 0
-0 -0 0
-0 -0 0
-0 -0 0
-0 -0 0
0 -0 0
0 -0 0
0 -0 0
0 -0 0
0 -0 0
0 -0 0
0 -0 0
0 -0 0
0 -0 0
0 -0 0
0 -0 0
0 -0 0
0 -0 0
0.099835895 -0.25730744 0.84850001
0.10741654 -0.2576865 0.84975004
0.11481632 -0.25761071 0.84950006
0.12217575 -0.25745907 0.84900004
0 -0 0
0 -0 0
0 -0 0
0 -0 0
0 -0 0
0 -0 0
0 -0 0
0 -0 0
0 -0 0
0 -0 0
0 -0 0
0 -0 0
0 -0 0
0 -0 0
0 -0 0
0 -0 0
0 -0 0
0 -0 0
0 -0 0
0 -0 0
0 -0 0
0 -0 0
0 -0 0
0 -0 0
0 -0 0
0 -0 0
0 -0 0
0 -0 0
0 -0 0
0 -0 0
0 -0 0
0 -0 0
0 -0 0
0 -0 0
0 -0 0
0 -0 0
0 -0 0
0 -0 0
0 -0 0
0 -0 0
0 -0 0
0 -0 0
0 -0 0
0 -0 0
0 -0 0
0 -0 0
0 -0 0
0 -0 0
0 -0 0
0 -0 0
0 -0 0
0 -0 0
0.072753735 -0.036314163 0.11975001
0.072568707 -0.035707664 0.11775
0.072661221 -0.035252787 0.11625001
0.072093688 -0.034494665 0.11375
0.071964324 -0.033963975 0.112
0.07196717 -0.033509102 0.11050001
0.071943767 -0.033054229 0.109
0.072395705 -0.032826789 0.10825001
0.073342673 -0.032826789 0.10825001
0.073946498 -0.032675166 0.10775001
-0 -0 0
-0 -0 0
-0 -0 0
-0 -0 0
-0 -0 0
-0 -0 0
-0 -0 0
-0 -0 0
-0 -0 0
-0 -0 0
-0 -0 0
-0 -0 0
-0 -0 0
-0 -0 0
-0 -0 0
-0 -0 0
-0 -0 0
-0 -0 0
-0 -0 0
-0 -0 0
-0 -0 0
-0 -0 0
-0 -0 0
-0 -0 0
-0 -0 0
-0 -0 0
-0 -0 0
-0 -0 0
-0 -0 0
-0 -0 0
-0 -0 0
-0 -0 0
-0 -0 0
-0 -0 0
-0 -0 0
-0 -0 0
-0 -0 0
-0 -0 0
-0 -0 0
-0 -0 0
-0.10021056 -0.083198674 0.2825
-0.098344736 -0.083714068 0.28425002
-0.095942438 -0.083787687 0.2845
-0.093782127 -0.084082201 0.28550002
-0.0915244 -0.084303088 0.28625003
-0.089175783 -0.084450342 0.28675002
-0.086516194 -0.084303088 0.28625003
-0 -0 0
-0 -0 0
-0 -0 0
-0.076098919 -0.083861321 0.28475001
-0 -0 0
-0 -0 0
-0 -0 0
-0 -0 0
-0 -0 0
-0 -0 0
-0 -0 0
-0 -0 0
-0 -0 0
-0 -0 0
-0 -0 0
-0 -0 0
-0.045673635 -0.087616302 0.29750001
-0.043143507 -0.087763555 0.29800001
-0.040502612 -0.087689936 0.29775003
-0.037993368 -0.087910809 0.2985
-0.035500638 -0.088205323 0.29950002
-0.033017859 -0.088573456 0.30075002
-0.030386912 -0.088573456 0.30075002
-0.027525242 -0.087837189 0.29825002
-0.024937052 -0.087910809 0.2985
-0.022344489 -0.087984443 0.29875001
-0 -0 0
-0 -0 0
-0 -0 0
-0 -0 0
-0 -0 0
-0 -0 0
-0 -0 0
-0 -0 0
0 -0 0
0 -0 0
0 -0 0
0 -0 0
0 -0 0
0 -0 0
0 -0 0
0 -0 0
0 -0 0
0 -0 0
0 -0 0
0 -0 0
0 -0 0
0.10013005 -0.2506268 0.85100001
0.10757455 -0.2506268 0.85100001
0.1148839 -0.2503323 0.85000002
0.12242759 -0.25055319 0.85075003
0 -0 0
0 -0 0
0 -0 0
0 -0 0
0 -0 0
0 -0 0
0 -0 0
0 -0 0
0 -0 0
0 -0 0
0 -0 0
0 -0 0
0 -0 0
0 -0 0
0 -0 0
0 -0 0
0 -0 0
0 -0 0
0 -0 0
0 -0 0
0 -0 0
0 -0 0
0 -0 0
0 -0 0
0 -0 0
0 -0 0
0 -0 0
0 -0 0
0 -0 0
0 -0 0
0 -0 0
0 -0 0
0 -0 0
0 -0 0
0 -0 0
0 -0 0
0 -0 0
0 -0 0
0 -0 0
0 -0 0
0 -0 0
0 -0 0
0 -0 0
0 -0 0
0 -0 0
0 -0 0
0 -0 0
0 -0 0
0 -0 0
0 -0 0
0 -0 0
0 -0 0
0.072146185 -0.034972895 0.11875001
0.072722785 -0.034752015 0.11800001
0.072661221 -0.034236625 0.11625001
0.072093688 -0.033500351 0.11375
0.071643054 -0.032837708 0.1115
0.071804345 -0.032469571 0.11025
0.072108775 -0.032175064 0.10925
0.072730102 -0.032027811 0.10875001
0.073681436 -0.032027811 0.10875001
0.074289635 -0.031880554 0.10825001
-0 -0 0
-0 -0 0
-0 -0 0
-0 -0 0
-0 -0 0
-0 -0 0
-0 -0 0
-0 -0 0
-0 -0 0
-0 -0 0
-0 -0 0
-0 -0 0
-0 -0 0
-0 -0 0
-0 -0 0
-0 -0 0
-0 -0 0
-0 -0 0
-0 -0 0
-0 -0 0
-0 -0 0
-0 -0 0
-0 -0 0
-0 -0 0
-0 -0 0
-0 -0 0
-0 -0 0
-0 -0 0
-0 -0 0
-0 -0 0
-0 -0 0
-0 -0 0
-0 -0 0
-0 -0 0
-0 -0 0
-0 -0 0
-0 -0 0
-0 -0 0
-0.10496704 -0.080586396 0.28200001
-0.10259099 -0.08065784 0.28225002
-0.10047661 -0.080943599 0.28325
-0.098431222 -0.08130081 0.2845
-0.096026748 -0.081372254 0.28475001
-0.093617886 -0.081443705 0.28500003
-0.091604322 -0.081872344 0.28650001
-0.089331277 -0.082086675 0.28725001
-0.08659175 -0.081872344 0.28650001
-0 -0 0
-0 -0 0
-0 -0 0
-0 -0 0
-0 -0 0
-0 -0 0
-0 -0 0
-0 -0 0
-0 -0 0
-0 -0 0
-0 -0 0
-0 -0 0
-0 -0 0
-0.051953141 -0.082586765 0.289
-0.049082942 -0.082015231 0.287
-0 -0 0
-0.045596875 -0.084872909 0.29700002
-0.042998731 -0.084872909 0.29700002
-0.040128533 -0.084301375 0.29500002
-0.03780245 -0.084872909 0.29700002
-0.035471004 -0.085515879 0.29925001
-0.032935519 -0.08573021 0.30000001
-0 -0 0
-0 -0 0
-0 -0 0
-0 -0 0
-0.01765061 -0.076371327 0.26725
-0.015341369 -0.076514214 0.26775002
-0.012999107 -0.076514214 0.26775002
-0.010656843 -0.076514214 0.26775002
-0.0083533954 -0.076871425 0.26900002
-0.006028079 -0.077228636 0.27025002
-0.0036741137 -0.077442959 0.27100003
-0.0013118358 -0.077943049 0.27275002
0.0010751521 -0.078014486 0.273
0.0034569993 -0.077871606 0.27250001
0.0058354577 -0.07780017 0.27225003
0.0082397228 -0.078014486 0.273
0.010666844 -0.07830026 0.27400002
0.013063783 -0.07830026 0.27400002
0 -0 0
0 -0 0
0 -0 0
0 -0 0
0 -0 0
0 -0 0
0 -0 0
0.10039479 -0.24383099 0.85325003
0.10779577 -0.24368812 0.85275006
0.11518801 -0.24354523 0.85225004
0 -0 0
0 -0 0
0 -0 0
0 -0 0
0 -0 0
0 -0 0
0 -0 0
0 -0 0
0 -0 0
0 -0 0
0 -0 0
0 -0 0
0 -0 0
0 -0 0
0 -0 0
0 -0 0
0 -0 0
0 -0 0
0 -0 0
0 -0 0
0 -0 0
0 -0 0
0 -0 0
0 -0 0
0 -0 0
0 -0 0
0 -0 0
0 -0 0
0 -0 0
0 -0 0
0 -0 0
0 -0 0
0 -0 0
0 -0 0
0 -0 0
0 -0 0
0 -0 0
0 -0 0
0 -0 0
0 -0 0
0 -0 0
0 -0 0
0 -0 0
0 -0 0
0 -0 0
0 -0 0
0 -0 0
0.35593167 -0.18324831 0.64125001
0.3615413 -0.18324831 0.64125001
0 -0 0
0 -0 0
0 -0 0
0 -0 0
0.072146185 -0.033934873 0.11875001
0.072260559 -0.033506222 0.11725
0.072036177 -0.032934688 0.11525001
0.071935244 -0.032434594 0.11350001
0.07148242 -0.03179162 0.11125001
0.071804345 -0.031505849 0.11025
0.072438791 -0.031362966 0.10975
0.073064484 -0.031220082 0.10925
0.074020199 -0.031220082 0.10925
0.074461199 -0.031005759 0.1085
-0 -0 0
-0 -0 0
-0 -0 0
-0 -0 0
-0 -0 0
-0 -0 0
-0 -0 0
-0 -0 0
-0 -0 0
-0 -0 0
-0 -0 0
-0 -0 0
-0 -0 0
-0 -0 0
-0 -0 0
-0 -0 0
-0 -0 0
-0 -0 0
-0 -0 0
-0 -0 0
-0 -0 0
-0 -0 0
-0 -0 0
-0 -0 0
-0 -0 0
-0 -0 0
-0 -0 0
-0 -0 0
-0 -0 0
-0 -0 0
-0 -0 0
-0 -0 0
-0 -0 0
-0 -0 0
-0 -0 0
-0 -0 0
-0 -0 0
-0 -0 0
-0.10487399 -0.078052118 0.28175002
-0.10259099 -0.078190625 0.28225002
-0.10047661 -0.078467652 0.28325
-0.098344736 -0.07874468 0.28425002
-0.095942438 -0.078813933 0.2845
-0.093864247 -0.079160213 0.28575
-0.091684259 -0.079437241 0.28675002
-0.089020289 -0.079298735 0.28625003
-0.086365066 -0.079160213 0.28575
-0.084012091 -0.079298735 0.28625003
-0 -0 0
-0 -0 0
-0.075965293 -0.07874468 0.28425002
-0.074189566 -0.079506494 0.287
-0 -0 0
-0 -0 0
-0 -0 0
-0 -0 0
-0 -0 0
-0 -0 0
-0 -0 0
-0 -0 0
-0 -0 0
-0 -0 0
-0 -0 0
-0.040300269 -0.072719358 0.26250002
-0.037967734 -0.072650097 0.26225001
-0 -0 0
-0.033570357 -0.073065646 0.26375002
-0.031351984 -0.073273413 0.26450002
-0.02912049 -0.073481187 0.26525003
-0.026825354 -0.073550433 0.26550001
-0.024502773 -0.073550433 0.26550001
-0.02224285 -0.073758207 0.26625001
-0.019969802 -0.073965982 0.26700002
-0.017667122 -0.074104488 0.26750001
-0.015341369 -0.074173748 0.26775002
-0.012999107 -0.074173748 0.26775002
-0.010676743 -0.074312262 0.26825002
-0.0083533954 -0.074520029 0.26900002
-0.006028079 -0.074866317 0.27025002
-0.003677503 -0.075143337 0.27125001
-0.0013070261 -0.075281851 0.27175
0.0010712139 -0.075351112 0.27200001
0.0034538279 -0.075420365 0.27225003
0.0058408161 -0.075489618 0.27250001
0.0082548149 -0.075766653 0.27350003
0.010666844 -0.075905159 0.27400002
0.013075701 -0.075974412 0.27425
0.015488934 -0.076043673 0.27450001
0 -0 0
0 -0 0
0 -0 0
0 -0 0
0 -0 0
0 -0 0
0 -0 0
0 -0 0
0 -0 0
0 -0 0
0 -0 0
0 -0 0
0 -0 0
0 -0 0
0 -0 0
0 -0 0
0 -0 0
0 -0 0
0 -0 0
0 -0 0
0 -0 0
0 -0 0
0 -0 0
0 -0 0
0 -0 0
0 -0 0
0 -0 0
0 -0 0
0 -0 0
0 -0 0
0 -0 0
0 -0 0
0 -0 0
0 -0 0
0 -0 0
0 -0 0
0 -0 0
0 -0 0
0 -0 0
0 -0 0
0 -0 0
0 -0 0
0 -0 0
0 -0 0
0 -0 0
0 -0 0
0 -0 0
0 -0 0
0 -0 0
0 -0 0
0 -0 0
0 -0 0
0 -0 0
0 -0 0
0 -0 0
0 -0 0
0 -0 0
0.36323273 -0.17847408 0.64425004
0.3690117 -0.17854334 0.64450002
0 -0 0
0 -0 0
0.07200557 -0.033312391 0.12025001
0.072146185 -0.032896854 0.11875001
0.071798339 -0.032273546 0.11650001
0.071567401 -0.031719491 0.11450001
0.071301453 -0.03116544 0.1125
0.071321793 -0.030749902 0.11100001
0.07196717 -0.030611388 0.11050001
0.072933823 -0.030611388 0.11050001
0.07373327 -0.03054213 0.11025
0.074358962 -0.030403618 0.10975
0.074804343 -0.030195847 0.109
-0 -0 0
-0 -0 0
-0 -0 0
-0 -0 0
-0 -0 0
-0 -0 0
-0 -0 0
-0 -0 0
-0 -0 0
-0 -0 0
-0 -0 0
-0 -0 0
-0 -0 0
-0 -0 0
-0 -0 0
-0 -0 0
-0 -0 0
-0 -0 0
-0 -0 0
-0 -0 0
-0 -0 0
-0 -0 0
-0 -0 0
-0 -0 0
-0 -0 0
-0 -0 0
-0 -0 0
-0 -0 0
-0 -0 0
-0 -0 0
-0 -0 0
-0 -0 0
-0 -0 0
-0 -0 0
-0 -0 0
-0 -0 0
-0.1086343 -0.074784413 0.27875
-0.10676727 -0.075186841 0.28025001
-0.10459483 -0.075388059 0.28100002
-0.10250012 -0.07565634 0.28200001
-0.10038793 -0.075924627 0.28300002
-0.098258235 -0.076192908 0.28400001
-0.09568952 -0.076125845 0.28375003
-0.093535766 -0.076394126 0.28475001
-0.0915244 -0.076796554 0.28625003
-0.088631555 -0.076461203 0.28500003
-0.085307233 -0.075723417 0.28225002
-0 -0 0
-0 -0 0
-0 -0 0
-0.06888321 -0.069150433 0.25775
-0.066628434 -0.069150433 0.25775
-0.064436086 -0.069217503 0.25800002
-0.062179115 -0.069217503 0.25800002
-0.059922144 -0.069217503 0.25800002
-0.057944559 -0.069552861 0.25925002
-0.05567665 -0.069552861 0.25925002
-0.053151228 -0.069217503 0.25800002
-0.051042207 -0.069418721 0.25875002
-0.04896719 -0.069687001 0.25975001
-0.046784792 -0.069821142 0.26025
-0.044764671 -0.07022357 0.26175001
-0.042637166 -0.07049185 0.26275
-0.040261883 -0.07035771 0.26225001
-0.037895348 -0.07022357 0.26175001
-0.035707593 -0.070424788 0.26250002
-0.033538535 -0.070693068 0.26350001
-0.031263083 -0.070760146 0.26375002
-0.02903815 -0.070961356 0.26450002
-0.026800096 -0.071162574 0.26525003
-0.024525845 -0.071296714 0.26575002
-0.02224285 -0.071430854 0.26625001
-0.019951103 -0.071564995 0.26675001
-0.017667122 -0.071766213 0.26750001
-0.015341369 -0.071833283 0.26775002
-0.013023381 -0.071967423 0.26825002
-0.010686693 -0.072034493 0.2685
-0.0083378684 -0.072034493 0.2685
-0.0060113496 -0.072302781 0.26950002
-0.0036707241 -0.072638139 0.27075002
-0.0013046213 -0.072772279 0.27125001
0.0010692448 -0.07283935 0.27150002
0.0034506563 -0.07297349 0.27200001
0.0058354577 -0.073040567 0.27225003
0.0082397228 -0.073241778 0.273
0.010647379 -0.073375925 0.27350003
0.013087621 -0.073644206 0.27450001
0.015517146 -0.073778346 0.27500001
0 -0 0
0 -0 0
0 -0 0
0 -0 0
0 -0 0
0 -0 0
0 -0 0
0 -0 0
0 -0 0
0 -0 0
0 -0 0
0 -0 0
0 -0 0
0 -0 0
0 -0 0
0 -0 0
0 -0 0
0 -0 0
0 -0 0
0 -0 0
0 -0 0
0 -0 0
0 -0 0
0 -0 0
0 -0 0
0 -0 0
0 -0 0
0 -0 0
0 -0 0
0 -0 0
0 -0 0
0 -0 0
0 -0 0
0 -0 0
0 -0 0
0 -0 0
0 -0 0
0 -0 0
0 -0 0
0 -0 0
0 -0 0
0 -0 0
0 -0 0
0 -0 0
0 -0 0
0 -0 0
0 -0 0
0 -0 0
0 -0 0
0 -0 0
0 -0 0
0 -0 0
0 -0 0
0 -0 0
0 -0 0
0 -0 0
0 -0 0
0.36464223 -0.17351326 0.64675003
0.37144506 -0.17404982 0.64875001
0 -0 0
0 -0 0
0.071706168 -0.032127116 0.11975001
0.07169053 -0.031657618 0.11800001
0.07133612 -0.031053977 0.11575001
0.071254879 -0.030584479 0.11400001
0.071301453 -0.030182051 0.1125
0.071803696 -0.029980838 0.11175001
0.072292812 -0.029779624 0.11100001
0.073263839 -0.029779624 0.11100001
0.07406766 -0.029712552 0.11075
0.074867114 -0.029645482 0.11050001
0.075490624 -0.02951134 0.11000001
-0 -0 0
-0 -0 0
-0 -0 0
-0 -0 0
-0 -0 0
-0 -0 0
-0 -0 0
-0 -0 0
-0 -0 0
-0 -0 0
-0 -0 0
-0 -0 0
-0 -0 0
-0 -0 0
-0 -0 0
-0 -0 0
-0 -0 0
-0 -0 0
-0 -0 0
-0 -0 0
-0 -0 0
-0 -0 0
-0 -0 0
-0 -0 0
-0 -0 0
-0 -0 0
-0 -0 0
-0 -0 0
-0 -0 0
-0 -0 0
-0 -0 0
-0 -0 0
-0 -0 0
-0 -0 0
-0 -0 0
-0 -0 0
-0.10853688 -0.07228291 0.27850002
-0.10657679 -0.072607346 0.27975002
-0.10440872 -0.072802 0.28050002
-0 -0 0
-0 -0 0
-0.08753287 -0.065664552 0.25300002
-0.085235327 -0.065599665 0.25275001
-0.082860038 -0.065469891 0.25225002
-0.080973104 -0.065729432 0.25325
-0.078913182 -0.065859213 0.25375003
-0.07661783 -0.065794319 0.25350001
-0.074620344 -0.06598898 0.25425002
-0.072609738 -0.066183642 0.25500003
-0.07072401 -0.06650807 0.25625002
-0.068682775 -0.066702716 0.257
-0.066499181 -0.066767611 0.25725001
-0.06424877 -0.066767611 0.25725001
-0.062058613 -0.066832498 0.25750002
-0.059922144 -0.066962264 0.25800002
-0.057832804 -0.067156926 0.25875002
-0.05551558 -0.067092039 0.25850001
-0.05320273 -0.067027152 0.25825
-0.051140837 -0.0672867 0.25925002
-0.049014319 -0.067481354 0.26000002
-0.046829738 -0.067611128 0.26050001
-0.044764671 -0.067935556 0.26175001
-0.042596601 -0.068130217 0.26250002
-0.040185124 -0.067935556 0.26175001
-0.037859149 -0.067870669 0.2615
-0.035809614 -0.068324871 0.26325002
-0.033602174 -0.068519525 0.264
-0.031233449 -0.068389758 0.26350001
-0.028983256 -0.068519525 0.264
-0.026800096 -0.068843961 0.26525003
-0.024525845 -0.068973735 0.26575002
-0.02220108 -0.068973735 0.26575002
-0.019876311 -0.068973735 0.26575002
-0.017601078 -0.069168389 0.26650003
-0.015355693 -0.069557704 0.26800001
-0.013035517 -0.069687471 0.2685
-0.010686693 -0.069687471 0.2685
-0.0083456319 -0.069752358 0.26875001
-0.0060057729 -0.069882132 0.26925001
-0.0036639455 -0.070141681 0.27025002
-0.0013046213 -0.070401222 0.27125001
0.0010692448 -0.070466109 0.27150002
0.0034474847 -0.070530988 0.27175
0.0058354577 -0.07066077 0.27225003
0.0082321782 -0.070790537 0.27275002
0.010647379 -0.070985198 0.27350003
0.013063783 -0.071114965 0.27400002
0.015446614 -0.071050078 0.27375001
0 -0 0
0 -0 0
0 -0 0
0 -0 0
0 -0 0
0 -0 0
0 -0 0
0 -0 0
0 -0 0
0 -0 0
0 -0 0
0 -0 0
0 -0 0
0 -0 0
0 -0 0
0 -0 0
0 -0 0
0 -0 0
0 -0 0
0 -0 0
0 -0 0
0 -0 0
0 -0 0
0 -0 0
0 -0 0
0 -0 0
0 -0 0
0 -0 0
0 -0 0
0 -0 0
0 -0 0
0 -0 0
0 -0 0
0 -0 0
0 -0 0
0 -0 0
0 -0 0
0 -0 0
0 -0 0
0 -0 0
0 -0 0
0 -0 0
0 -0 0
0 -0 0
0 -0 0
0 -0 0
0 -0 0
0 -0 0
0 -0 0
0 -0 0
0 -0 0
0 -0 0
0 -0 0
0 -0 0
0 -0 0
0 -0 0
0 -0 0
0 -0 0
0.37173134 -0.16850872 0.64925003
0 -0 0
0 -0 0
0.071406767 -0.030950584 0.11925001
0.071386755 -0.030496381 0.11750001
0.071182042 -0.029977294 0.1155
0.071411133 -0.029652864 0.11425
0.071776792 -0.029393319 0.11325
0.072285593 -0.029198663 0.1125
0.072781272 -0.029004006 0.11175001
0.073428847 -0.028874233 0.11125001
0.074402057 -0.028874233 0.11125001
0.075205885 -0.028809348 0.11100001
0.07583376 -0.028679576 0.11050001
-0 -0 0
-0 -0 0
-0 -0 0
-0 -0 0
-0 -0 0
-0 -0 0
-0 -0 0
-0 -0 0
-0 -0 0
-0 -0 0
-0 -0 0
-0 -0 0
-0 -0 0
-0 -0 0
-0 -0 0
-0 -0 0
-0 -0 0
-0 -0 0
-0 -0 0
-0 -0 0
-0 -0 0
-0 -0 0
-0 -0 0
-0 -0 0
-0 -0 0
-0 -0 0
-0 -0 0
-0 -0 0
-0 -0 0
-0 -0 0
-0.107788 -0.061133094 0.24375001
-0 -0 0
-0.10394809 -0.061383896 0.24475001
-0.10295092 -0.062073607 0.24750002
-0.10078581 -0.062073607 0.24750002
-0.098819919 -0.062199004 0.24800001
-0.09674786 -0.062261704 0.24825001
-0.094766662 -0.062387109 0.24875002
-0.093242012 -0.062826015 0.25050002
-0.091141507 -0.062888712 0.25075001
-0.088770598 -0.062763311 0.25025001
-0.087013893 -0.063076816 0.25150001
-0.085066713 -0.063264914 0.25225002
-0.082695805 -0.063139513 0.25175002
-0.080813244 -0.063390315 0.25275001
-0.078913182 -0.063641123 0.25375003
-0.076693393 -0.063641123 0.25375003
-0.074620344 -0.063766524 0.25425002
-0.072538555 -0.063891925 0.25475001
-0.070655011 -0.064205423 0.25600001
-0.068549156 -0.064330824 0.25650001
-0.066240691 -0.064268127 0.25625002
-0.064186327 -0.064456224 0.257
-0.062118862 -0.064644329 0.25775
-0.059864078 -0.064644329 0.25775
-0.057609294 -0.064644329 0.25775
-0.055408198 -0.064707033 0.25800002
-0.05320273 -0.06476973 0.25825
-0.051140837 -0.065020531 0.25925002
-0.049014319 -0.065208636 0.26000002
-0.046919618 -0.065459438 0.26100001
-0.044764671 -0.065647535 0.26175001
-0.042515464 -0.065710239 0.26200002
-0.040223505 -0.065710239 0.26200002
-0.038003929 -0.06583564 0.26250002
-0.035911635 -0.066211842 0.264
-0.033633996 -0.066274546 0.26425001
-0.031292714 -0.066211842 0.264
-0.02903815 -0.06633725 0.26450002
-0.026774835 -0.066462651 0.26500002
-0.024456628 -0.066462651 0.26500002
-0.022138422 -0.066462651 0.26500002
-0.019820217 -0.066462651 0.26500002
-0.017551543 -0.066650748 0.26575002
-0.015312719 -0.06702695 0.26725
-0.013035517 -0.067340448 0.2685
-0.010686693 -0.067340448 0.2685
-0.0083456319 -0.067403153 0.26875001
-0.006000197 -0.067465857 0.26900002
-0.0036605559 -0.067716658 0.27000001
-0.0013046213 -0.068030164 0.27125001
0.0010682602 -0.068030164 0.27125001
0.0034411417 -0.068030164 0.27125001
0.00582474 -0.068155557 0.27175
0.0082321782 -0.068406366 0.27275002
0.010618181 -0.068406366 0.27275002
0.013016104 -0.068469062 0.273
0.015404294 -0.068469062 0.273
0.017792484 -0.068469062 0.273
0 -0 0
0 -0 0
0 -0 0
0 -0 0
0 -0 0
0 -0 0
0 -0 0
0 -0 0
0 -0 0
0 -0 0
0 -0 0
0 -0 0
0 -0 0
0 -0 0
0 -0 0
0 -0 0
0 -0 0
0 -0 0
0 -0 0
0 -0 0
0 -0 0
0 -0 0
0 -0 0
0 -0 0
0 -0 0
0 -0 0
0 -0 0
0 -0 0
0 -0 0
0 -0 0
0 -0 0
0 -0 0
0 -0 0
0 -0 0
0 -0 0
0 -0 0
0 -0 0
0 -0 0
0 -0 0
0 -0 0
0 -0 0
0 -0 0
0 -0 0
0 -0 0
0 -0 0
0 -0 0
0 -0 0
0 -0 0
0 -0 0
0 -0 0
0 -0 0
0 -0 0
0 -0 0
0 -0 0
0 -0 0
0 -0 0
0 -0 0
0 -0 0
0 -0 0
0.071248651 -0.030284394 0.12075
0.071556464 -0.029970892 0.1195
0.071234867 -0.029406585 0.11725
0.071490191 -0.029093083 0.116
0.071879916 -0.02884228 0.115
0.072252139 -0.028591478 0.11400001
0.072767496 -0.028403375 0.11325
0.07326974 -0.028215274 0.1125
0.073923871 -0.028089873 0.112
0.074736446 -0.028027173 0.11175001
0.07554464 -0.027964471 0.1115
0.076348469 -0.027901772 0.11125001
-0 -0 0
-0 -0 0
-0 -0 0
-0 -0 0
-0 -0 0
-0 -0 0
-0 -0 0
-0 -0 0
-0 -0 0
-0 -0 0
-0 -0 0
-0 -0 0
-0 -0 0
-0 -0 0
-0 -0 0
-0 -0 0
-0 -0 0
-0 -0 0
-0 -0 0
-0 -0 0
-0 -0 0
-0 -0 0
-0.12433431 -0.058760356 0.24275002
-0.12221076 -0.058760356 0.24275002
-0.1199635 -0.058699839 0.24250001
-0.11820659 -0.058881387 0.24325001
-0.11643656 -0.059062932 0.24400002
-0.11418493 -0.059002414 0.24375001
-0.11182278 -0.058881387 0.24325001
-0.10969483 -0.058881387 0.24325001
-0.1082302 -0.059244476 0.24475001
-0.10641424 -0.059426025 0.24550001
-0.10426662 -0.059426025 0.24550001
-0.10263894 -0.0597286 0.24675001
-0.100684 -0.059849627 0.24725001
-0.098819919 -0.060031176 0.24800001
-0.096845284 -0.060152207 0.2485
-0.094671421 -0.060152207 0.2485
-0.092869781 -0.060394268 0.24950001
-0.091050647 -0.06063633 0.25050002
-0.088770598 -0.060575813 0.25025001
-0.086667918 -0.06063633 0.25050002
-0.084645174 -0.060757361 0.25100002
-0.082449436 -0.060757361 0.25100002
-0.080653377 -0.061059937 0.25225002
-0.078757681 -0.061301995 0.25325
-0.076693393 -0.06142303 0.25375003
-0.07454697 -0.061483543 0.25400001
-0.072396182 -0.061544061 0.25425002
-0.070586011 -0.061907146 0.25575
-0.068281911 -0.061846636 0.25550002
-0.066111431 -0.061907146 0.25575
-0.064061455 -0.062088694 0.25650001
-0.06199836 -0.062270243 0.25725001
-0.059747949 -0.062270243 0.25725001
-0.057553418 -0.06233076 0.25750002
-0.055408198 -0.062451787 0.25800002
-0.053254236 -0.062572815 0.25850001
-0.051091518 -0.062693849 0.259
-0.049014319 -0.062935911 0.26000002
-0.046829738 -0.063056938 0.26050001
-0.044679161 -0.063238487 0.26125002
-0.042474896 -0.063359521 0.26175001
-0.040223505 -0.063420035 0.26200002
-0.038003929 -0.063541062 0.26250002
-0.035809614 -0.06372261 0.26325002
-0.033602174 -0.063904151 0.264
-0.031292714 -0.063904151 0.264
-0.028983256 -0.063904151 0.264
-0.026648538 -0.063843638 0.26375002
-0.02438741 -0.063964672 0.26425001
-0.022117537 -0.0640857 0.26475
-0.019820217 -0.064146221 0.26500002
-0.017568054 -0.064388275 0.266
-0.015298396 -0.064630337 0.26700002
-0.013011243 -0.064872399 0.26800001
-0.010676743 -0.06493292 0.26825002
-0.0083378684 -0.064993426 0.2685
-0.0059946203 -0.065053947 0.26875001
-0.0036571664 -0.065296002 0.26975
-0.0013022166 -0.065538071 0.27075002
0.001066291 -0.065538071 0.27075002
0.0034379703 -0.065598585 0.27100003
0.0058193821 -0.065719619 0.27150002
0.0082095414 -0.065840647 0.27200001
0.010588984 -0.065840647 0.27200001
0.013004185 -0.066022195 0.27275002
0.015432509 -0.066203743 0.27350003
0.017792484 -0.066082701 0.273
0 -0 0
0 -0 0
0 -0 0
0 -0 0
0 -0 0
0 -0 0
0 -0 0
0 -0 0
0 -0 0
0 -0 0
0 -0 0
0 -0 0
0 -0 0
0 -0 0
0 -0 0
0 -0 0
0 -0 0
0 -0 0
0 -0 0
0 -0 0
0 -0 0
0 -0 0
0 -0 0
0 -0 0
0 -0 0
0 -0 0
0 -0 0
0 -0 0
0 -0 0
0 -0 0
0 -0 0
0 -0 0
0 -0 0
0 -0 0
0 -0 0
0 -0 0
0 -0 0
0 -0 0
0 -0 0
0 -0 0
0 -0 0
0 -0 0
0 -0 0
0 -0 0
0 -0 0
0 -0 0
0 -0 0
0 -0 0
0 -0 0
0 -0 0
0 -0 0
0 -0 0
0 -0 0
0 -0 0
0 -0 0
0 -0 0
0 -0 0
0 -0 0
0 -0 0
0.07095363 -0.029107859 0.12025001
0.071107373 -0.028744766 0.11875001
0.071234867 -0.028381674 0.11725
0.071644269 -0.028139615 0.11625001
0.072036177 -0.027897554 0.11525001
0.072410583 -0.027655492 0.11425
0.072928138 -0.027473945 0.11350001
0.073595382 -0.027352914 0.11300001
0.074583903 -0.027352914 0.11300001
0.075572424 -0.027352914 0.11300001
0.076391563 -0.027292401 0.11275001
0.077034749 -0.02717137 0.11225001
-0 -0 0
-0 -0 0
-0 -0 0
-0 -0 0
-0 -0 0
-0 -0 0
-0 -0 0
-0 -0 0
-0 -0 0
-0 -0 0
-0 -0 0
-0 -0 0
-0 -0 0
-0 -0 0
-0 -0 0
-0 -0 0
-0 -0 0
-0 -0 0
-0 -0 0
-0.12962814 -0.056171782 0.24075001
-0.1277869 -0.05628844 0.24125001
-0.12593694 -0.056405101 0.24175002
-0.12407821 -0.056521762 0.24225001
-0.12221076 -0.056638423 0.24275002
-0.1199635 -0.056580089 0.24250001
-0.11832807 -0.056813411 0.24350001
-0.11655585 -0.056988403 0.24425001
-0.11418493 -0.056871738 0.24375001
-0.11205262 -0.056871738 0.24375001
-0.11037126 -0.057105061 0.24475001
-0.10878296 -0.05739671 0.24600001
-0.10717279 -0.057688359 0.24725001
-0.10500986 -0.057688359 0.24725001
-0.10263894 -0.057571702 0.24675001
-0.100684 -0.057688359 0.24725001
-0.098919533 -0.057921682 0.24825001
-0.097040147 -0.05809667 0.24900001
-0.094766662 -0.058038343 0.24875002
-0.092683673 -0.05809667 0.24900001
-0.090959772 -0.058388323 0.25025001
-0.088859282 -0.058446653 0.25050002
-0.086754411 -0.05850498 0.25075001
-0.084645174 -0.058563311 0.25100002
-0.082367308 -0.05850498 0.25075001
-0.080333635 -0.058621638 0.25125
-0.078602195 -0.058971621 0.25275001
-0.07661783 -0.059146613 0.25350001
-0.074473597 -0.059204943 0.25375003
-0.072396182 -0.059321601 0.25425002
-0.070310012 -0.059438262 0.25475001
-0.068148285 -0.059496593 0.25500003
-0.065982185 -0.05955492 0.25525001
-0.063936576 -0.059729911 0.25600001
-0.061877858 -0.059904903 0.25675002
-0.059747949 -0.060021561 0.25725001
-0.057553418 -0.060079895 0.25750002
-0.055461887 -0.060254879 0.25825
-0.053305738 -0.060371544 0.25875002
-0.051190156 -0.060546532 0.25950003
-0.049014319 -0.060663193 0.26000002
-0.046739854 -0.060663193 0.26000002
-0.044550896 -0.060779851 0.26050001
-0.042393759 -0.060954843 0.26125002
-0.040146738 -0.06101317 0.2615
-0.037931543 -0.061129835 0.26200002
-0.035741597 -0.061304819 0.26275
-0.033506718 -0.061421484 0.26325002
-0.031263083 -0.061538141 0.26375002
-0.028955812 -0.061538141 0.26375002
-0.026623279 -0.061479811 0.26350001
-0.02438741 -0.061654799 0.26425001
-0.02215931 -0.061888125 0.26525003
-0.019838916 -0.061888125 0.26525003
-0.017568054 -0.062063109 0.266
-0.015298396 -0.062296432 0.26700002
-0.012986969 -0.062413089 0.26750001
-0.010656843 -0.062471423 0.26775002
-0.0083301058 -0.062588081 0.26825002
-0.0059946203 -0.062704742 0.26875001
-0.0036469984 -0.062763073 0.26900002
-0.0012962044 -0.062879734 0.26950002
0.0010653064 -0.063113049 0.2705
0.0034411417 -0.06328804 0.27125001
0.0058193821 -0.063346371 0.27150002
0.0082095414 -0.063463032 0.27200001
0.010588984 -0.063463032 0.27200001
0.013004185 -0.063638024 0.27275002
0.015446614 -0.063871339 0.27375001
0.017792484 -0.063696347 0.273
0 -0 0
0 -0 0
0 -0 0
0 -0 0
0 -0 0
0 -0 0
0 -0 0
0 -0 0
0 -0 0
0 -0 0
0 -0 0
0 -0 0
0 -0 0
0 -0 0
0 -0 0
0 -0 0
0 -0 0
0 -0 0
0 -0 0
0 -0 0
0 -0 0
0 -0 0
0 -0 0
0 -0 0
0 -0 0
0 -0 0
0 -0 0
0 -0 0
0 -0 0
0 -0 0
0 -0 0
0 -0 0
0 -0 0
0 -0 0
0 -0 0
0 -0 0
0 -0 0
0 -0 0
0 -0 0
0 -0 0
0 -0 0
0 -0 0
0 -0 0
0 -0 0
0 -0 0
0 -0 0
0 -0 0
0 -0 0
0 -0 0
0 -0 0
0 -0 0
0 -0 0
0 -0 0
0 -0 0
0 -0 0
0 -0 0
0 -0 0
0 -0 0
0.070482984 -0.028290045 0.12125
0.07095363 -0.028056726 0.12025001
0.07125707 -0.027765075 0.119
0.071538642 -0.027473425 0.11775
0.07195241 -0.027240105 0.11675
0.072348699 -0.027006786 0.11575001
0.072727486 -0.026773466 0.11475001
0.073410042 -0.026656806 0.11425
0.074246667 -0.026598476 0.11400001
0.075243942 -0.026598476 0.11400001
0.07624121 -0.026598476 0.11400001
0.077069089 -0.026540145 0.11375
0.077721022 -0.026423486 0.11325
-0 -0 0
-0 -0 0
-0 -0 0
-0 -0 0
-0 -0 0
-0 -0 0
-0 -0 0
-0 -0 0
-0 -0 0
-0 -0 0
-0 -0 0
-0 -0 0
-0 -0 0
-0 -0 0
-0 -0 0
-0 -0 0
-0 -0 0
-0 -0 0
-0 -0 0
-0.13016658 -0.054291915 0.24175002
-0.12791933 -0.054235768 0.24150001
-0.12593694 -0.054291915 0.24175002
-0.12407821 -0.054404203 0.24225001
-0.12208489 -0.054460347 0.24250001
-0.12008718 -0.054516494 0.24275002
-0.11832807 -0.054684926 0.24350001
-0.11643656 -0.054797217 0.24400002
-0.11430205 -0.054797217 0.24400002
-0.11216755 -0.054797217 0.24400002
-0.11025853 -0.054909505 0.24450001
-0.10845131 -0.05507794 0.24525002
-0.1068477 -0.055358663 0.24650002
-0.10469133 -0.055358663 0.24650002
-0.10253496 -0.055358663 0.24650002
-0.100684 -0.055527095 0.24725001
-0.098819919 -0.05569553 0.24800001
-0.09674786 -0.055751674 0.24825001
-0.094671421 -0.055807818 0.2485
-0.092776723 -0.055976253 0.24925001
-0.090868898 -0.056144685 0.25
-0.088859282 -0.05625698 0.25050002
-0.086754411 -0.05631312 0.25075001
-0.084645174 -0.056369267 0.25100002
-0.082531549 -0.056425408 0.25125
-0.080413572 -0.056481555 0.25150001
-0.078524441 -0.056706131 0.2525
-0.076542266 -0.056874566 0.25325
-0.074473597 -0.056986861 0.25375003
-0.072324991 -0.057043001 0.25400001
-0.070241012 -0.057155289 0.2545
-0.068148285 -0.057267584 0.25500003
-0.065982185 -0.057323724 0.25525001
-0.06387414 -0.057436012 0.25575
-0.06175736 -0.057548307 0.25625002
-0.059631824 -0.057660595 0.25675002
-0.057497539 -0.057772882 0.25725001
-0.055408198 -0.057941318 0.25800002
-0.053254236 -0.058053605 0.25850001
-0.051140837 -0.058222041 0.25925002
-0.04896719 -0.058334328 0.25975001
-0.046694908 -0.058334328 0.25975001
-0.044508137 -0.058446616 0.26025
-0.042312626 -0.058558911 0.26075003
-0.040146738 -0.058727339 0.2615
-0.037967734 -0.058895774 0.26225001
-0.035707593 -0.058951922 0.26250002
-0.033411257 -0.058951922 0.26250002
-0.031203818 -0.059120357 0.26325002
-0.028955812 -0.059232645 0.26375002
-0.026648538 -0.059232645 0.26375002
-0.02438741 -0.059344932 0.26425001
-0.02215931 -0.059569515 0.26525003
-0.019820217 -0.059513368 0.26500002
-0.017551543 -0.059681803 0.26575002
-0.015284072 -0.059906378 0.26675001
-0.012962694 -0.059962526 0.26700002
-0.010617041 -0.059906378 0.26675001
-0.0082990518 -0.06001867 0.26725
-0.0059834677 -0.060243249 0.26825002
-0.0036436089 -0.06035554 0.26875001
-0.0012950019 -0.060467828 0.26925001
0.0010623527 -0.060580116 0.26975
0.0034347984 -0.060804699 0.27075002
0.0058140233 -0.060916986 0.27125001
0.0082095414 -0.061085422 0.27200001
0.010598716 -0.061141569 0.27225003
0.012992265 -0.061197709 0.27250001
0.015418401 -0.061366145 0.27325001
0.01772731 -0.061085422 0.27200001
0 -0 0
0 -0 0
0 -0 0
0 -0 0
0 -0 0
0 -0 0
0 -0 0
0 -0 0
0 -0 0
0 -0 0
0 -0 0
0 -0 0
0 -0 0
0 -0 0
0 -0 0
0 -0 0
0 -0 0
0 -0 0
0 -0 0
0 -0 0
0 -0 0
0 -0 0
0 -0 0
0 -0 0
0 -0 0
0 -0 0
0 -0 0
0 -0 0
0 -0 0
0 -0 0
0 -0 0
0 -0 0
0 -0 0
0 -0 0
0 -0 0
0 -0 0
0 -0 0
0 -0 0
0 -0 0
0 -0 0
0 -0 0
0 -0 0
0 -0 0
0 -0 0
0 -0 0
0 -0 0
0 -0 0
0 -0 0
0 -0 0
0 -0 0
0 -0 0
0 -0 0
0 -0 0
0 -0 0
0 -0 0
0 -0 0
0 -0 0
0 -0 0
0.070773639 -0.027342463 0.12175
0.071101144 -0.02706174 0.12050001
0.07125707 -0.026724871 0.119
0.07184241 -0.026556438 0.11825
0.072414637 -0.026388003 0.11750001
0.072661221 -0.02610728 0.11625001
0.073361278 -0.02599499 0.11575001
0.07405258 -0.0258827 0.11525001
0.074897952 -0.025826555 0.115
0.075903974 -0.025826555 0.115
0.076742791 -0.025770411 0.11475001
0.077407852 -0.025658121 0.11425
0.078235738 -0.025601977 0.11400001
-0 -0 0
-0 -0 0
-0 -0 0
-0 -0 0
-0 -0 0
-0 -0 0
-0 -0 0
-0 -0 0
-0 -0 0
-0 -0 0
-0 -0 0
-0 -0 0
-0 -0 0
-0 -0 0
-0 -0 0
-0 -0 0
-0 -0 0
-0 -0 0
-0 -0 0
-0.12976275 -0.052016843 0.24100001
-0.12738964 -0.051908925 0.24050002
-0.12554623 -0.052016843 0.24100001
-0.12395017 -0.052232679 0.24200001
-0.12195903 -0.05228664 0.24225001
-0.1199635 -0.052340597 0.24250001
-0.1180851 -0.052448519 0.24300002
-0.11619795 -0.052556437 0.24350001
-0.11441916 -0.052718315 0.24425001
-0.1123974 -0.052772272 0.24450001
-0.11037126 -0.052826233 0.24475001
-0.10856187 -0.052988112 0.24550001
-0.10641424 -0.052988112 0.24550001
-0.1043728 -0.053042069 0.24575001
-0.10253496 -0.053203948 0.24650002
-0.10078581 -0.053419787 0.24750002
-0.098620683 -0.053419787 0.24750002
-0.096552998 -0.053473745 0.24775001
-0.094766662 -0.053689584 0.24875002
-0.092869781 -0.053851459 0.24950001
-0.090778038 -0.05390542 0.24975002
-0.088681914 -0.053959377 0.25
-0.086581424 -0.054013338 0.25025001
-0.084560864 -0.054121256 0.25075001
-0.082531549 -0.054229174 0.25125
-0.080413572 -0.054283135 0.25150001
-0.078368947 -0.054391053 0.252
-0.076391153 -0.054552931 0.25275001
-0.07432685 -0.054660849 0.25325
-0.072182626 -0.05471481 0.25350001
-0.070172019 -0.054876693 0.25425002
-0.068081468 -0.054984607 0.25475001
-0.065982185 -0.055092525 0.25525001
-0.063811705 -0.055146486 0.25550002
-0.06163685 -0.055200443 0.25575
-0.059515696 -0.055308368 0.25625002
-0.057385787 -0.055416282 0.25675002
-0.055300821 -0.055578165 0.25750002
-0.053151228 -0.055686079 0.25800002
-0.050992887 -0.055793997 0.25850001
-0.0488258 -0.055901915 0.259
-0.046694908 -0.056063794 0.25975001
-0.044508137 -0.056171712 0.26025
-0.042312626 -0.056279637 0.26075003
-0.04010836 -0.056387555 0.26125002
-0.037859149 -0.056441508 0.2615
-0.035537556 -0.056387555 0.26125002
-0.033315793 -0.056495469 0.26175001
-0.031174183 -0.056765266 0.26300001
-0.028900919 -0.05681923 0.26325002
-0.026623279 -0.056873184 0.26350001
-0.024364337 -0.056981102 0.264
-0.022117537 -0.05714298 0.26475
-0.019801516 -0.05714298 0.26475
-0.017518522 -0.057250906 0.26525003
-0.015241098 -0.057412777 0.266
-0.01293842 -0.057520702 0.26650003
-0.010597141 -0.057466738 0.26625001
-0.0082912883 -0.05762862 0.26700002
-0.0059834677 -0.057898417 0.26825002
-0.0036436089 -0.058006331 0.26875001
-0.0012950019 -0.058114249 0.26925001
0.0010603835 -0.058114249 0.26925001
0.0034189408 -0.058168214 0.26950002
0.0057925894 -0.058330093 0.27025002
0.0081869038 -0.058545925 0.27125001
0.010579251 -0.058653843 0.27175
0.012992265 -0.058815721 0.27250001
0.015404294 -0.058923639 0.273
0.01772731 -0.058707807 0.27200001
0 -0 0
0 -0 0
0 -0 0
0 -0 0
0 -0 0
0 -0 0
0 -0 0
0 -0 0
0 -0 0
0 -0 0
0 -0 0
0 -0 0
0 -0 0
0 -0 0
0 -0 0
0 -0 0
0 -0 0
0 -0 0
0 -0 0
0 -0 0
0 -0 0
0 -0 0
0 -0 0
0 -0 0
0 -0 0
0 -0 0
0 -0 0
0 -0 0
0 -0 0
0 -0 0
0 -0 0
0 -0 0
0 -0 0
0 -0 0
0 -0 0
0 -0 0
0 -0 0
0 -0 0
0 -0 0
0 -0 0
0 -0 0
0 -0 0
0 -0 0
0 -0 0
0 -0 0
0 -0 0
0 -0 0
0 -0 0
0 -0 0
0 -0 0
0 -0 0
0 -0 0
0 -0 0
0 -0 0
0 -0 0
0 -0 0
0 -0 0
0.070281133 -0.026494056 0.12275001
0.070773639 -0.026278218 0.12175
0.07095363 -0.025954463 0.12025001
0.071406767 -0.025738625 0.11925001
0.072146185 -0.025630705 0.11875001
0.072722785 -0.025468828 0.11800001
0.073130004 -0.02525299 0.11700001
0.073836617 -0.025145071 0.11650001
0.074695118 -0.025091112 0.11625001
0.075549245 -0.025037153 0.116
0.076399006 -0.024983194 0.11575001
0.077244379 -0.024929233 0.1155
0.078085385 -0.024875274 0.11525001
0.078922011 -0.024821313 0.115
-0 -0 0
-0 -0 0
-0 -0 0
-0 -0 0
-0 -0 0
-0 -0 0
-0 -0 0
-0 -0 0
-0 -0 0
-0 -0 0
-0 -0 0
-0 -0 0
-0 -0 0
-0 -0 0
-0 -0 0
-0 -0 0
-0 -0 0
-0 -0 0
-0 -0 0
-0.1289551 -0.049599562 0.23950002
-0.12699237 -0.049651336 0.23975001
-0.125416 -0.049858432 0.24075001
-0.12356602 -0.04996198 0.24125001
-0.12183317 -0.050117303 0.24200001
-0.11983983 -0.050169077 0.24225001
-0.11796362 -0.050272625 0.24275002
-0.11619795 -0.050427947 0.24350001
-0.11441916 -0.050583269 0.24425001
-0.11251233 -0.050686818 0.24475001
-0.110484 -0.050738588 0.245
-0.10856187 -0.05084214 0.24550001
-0.10641424 -0.05084214 0.24550001
-0.10447897 -0.050945684 0.24600001
-0.10263894 -0.05110101 0.24675001
-0.100684 -0.051204555 0.24725001
-0.098421447 -0.051152784 0.24700001
-0.096455574 -0.051256333 0.24750002
-0.094671421 -0.051463425 0.2485
-0.092683673 -0.051566977 0.24900001
-0.090687163 -0.051670521 0.24950001
-0.088593237 -0.051722299 0.24975002
-0.086581424 -0.051825847 0.25025001
-0.084560864 -0.051929392 0.25075001
-0.082531549 -0.05203294 0.25125
-0.080413572 -0.052084718 0.25150001
-0.078368947 -0.052188262 0.252
-0.076240033 -0.05224004 0.25225002
-0.074106723 -0.052291811 0.2525
-0.072040252 -0.052395362 0.25300002
-0.07003402 -0.052550685 0.25375003
-0.068014659 -0.052706003 0.2545
-0.065917559 -0.052809555 0.25500003
-0.063749261 -0.052861325 0.25525001
-0.06163685 -0.052964874 0.25575
-0.059515696 -0.053068426 0.25625002
-0.057385787 -0.053171974 0.25675002
-0.055193435 -0.053223744 0.257
-0.053151228 -0.053430844 0.25800002
-0.050992887 -0.053534389 0.25850001
-0.048731543 -0.053534389 0.25850001
-0.046560083 -0.053637937 0.259
-0.044465385 -0.053845037 0.26000002
-0.042272054 -0.053948585 0.26050001
-0.040031601 -0.054000359 0.26075003
-0.037750572 -0.054000359 0.26075003
-0.035503548 -0.054052129 0.26100001
-0.033315793 -0.054207455 0.26175001
-0.031144548 -0.054414548 0.26275
-0.028873472 -0.054466322 0.26300001
-0.026623279 -0.05456987 0.26350001
-0.024341267 -0.054621648 0.26375002
-0.022075767 -0.054725192 0.26425001
-0.019782821 -0.05477697 0.26450002
-0.017485498 -0.054828741 0.26475
-0.015198126 -0.054932293 0.26525003
-0.012902007 -0.055035841 0.26575002
-0.010587189 -0.055087611 0.266
-0.0082835248 -0.055242933 0.26675001
-0.0059723151 -0.055450033 0.26775002
-0.0036402193 -0.055605352 0.2685
-0.0012913947 -0.055605352 0.2685
0.0010574298 -0.055605352 0.2685
0.003415769 -0.055760674 0.26925001
0.0057872306 -0.055915996 0.27000001
0.0081642671 -0.056019545 0.2705
0.010530588 -0.056019545 0.2705
0.012944588 -0.056226645 0.27150002
0.015347869 -0.056330189 0.27200001
0.017711015 -0.056278415 0.27175
0 -0 0
0 -0 0
0 -0 0
0 -0 0
0 -0 0
0 -0 0
0 -0 0
0 -0 0
0 -0 0
0 -0 0
0 -0 0
0 -0 0
0 -0 0
0 -0 0
0 -0 0
0 -0 0
0 -0 0
0 -0 0
0 -0 0
0 -0 0
0 -0 0
0 -0 0
0 -0 0
0 -0 0
0 -0 0
0 -0 0
0 -0 0
0 -0 0
0 -0 0
0 -0 0
0 -0 0
0 -0 0
0 -0 0
0 -0 0
0 -0 0
0 -0 0
0 -0 0
0 -0 0
0 -0 0
0 -0 0
0 -0 0
0 -0 0
0 -0 0
0 -0 0
0 -0 0
0 -0 0
0 -0 0
0 -0 0
0 -0 0
0 -0 0
0 -0 0
0 -0 0
0 -0 0
0 -0 0
0 -0 0
0 -0 0
0 -0 0
0.070281133 -0.02542107 0.12275001
0.070918962 -0.025265748 0.12200001
0.071101144 -0.024955103 0.12050001
0.071556464 -0.024748007 0.1195
0.072298072 -0.024644457 0.119
0.073030934 -0.02454091 0.11850001
0.073755048 -0.024437362 0.11800001
0.074628852 -0.024385588 0.11775
0.07549829 -0.024333814 0.11750001
0.076037705 -0.02417849 0.11675
0.076729022 -0.024074944 0.11625001
0.077745967 -0.024074944 0.11625001
0.07859353 -0.02402317 0.116
0.079436727 -0.023971396 0.11575001
-0 -0 0
-0 -0 0
-0 -0 0
-0 -0 0
-0 -0 0
-0 -0 0
-0 -0 0
-0 -0 0
-0 -0 0
-0 -0 0
-0 -0 0
-0 -0 0
-0 -0 0
-0 -0 0
-0 -0 0
-0 -0 0
-0 -0 0
-0 -0 0
-0 -0 0
-0.12868588 -0.04740686 0.23900001
-0.12699237 -0.047555625 0.23975001
-0.125416 -0.047753982 0.24075001
-0.12343798 -0.04780357 0.24100001
-0.12145559 -0.047853157 0.24125001
-0.11971616 -0.048001923 0.24200001
-0.11784212 -0.048101101 0.24250001
-0.11595935 -0.048200279 0.24300002
-0.11418493 -0.048349045 0.24375001
-0.11216755 -0.048398636 0.24400002
-0.11014578 -0.048448224 0.24425001
-0.1082302 -0.048547398 0.24475001
-0.10630587 -0.04864658 0.24525002
-0.1043728 -0.048745755 0.24575001
-0.10232697 -0.048795342 0.24600001
-0.10027679 -0.048844934 0.24625002
-0.098222218 -0.048894521 0.24650002
-0.096358135 -0.049043287 0.24725001
-0.094480932 -0.049192056 0.24800001
-0.092497557 -0.049291231 0.2485
-0.090596296 -0.049439996 0.24925001
-0.088681914 -0.049588762 0.25
-0.086667918 -0.049687944 0.25050002
-0.084560864 -0.049737528 0.25075001
-0.082449436 -0.049787119 0.25100002
-0.080333635 -0.049836706 0.25125
-0.078291208 -0.049935888 0.25175002
-0.076164469 -0.049985472 0.252
-0.073959984 -0.049985472 0.252
-0.071826689 -0.050035063 0.25225002
-0.06982702 -0.050183833 0.25300002
-0.067814223 -0.050332598 0.25375003
-0.065788306 -0.05048136 0.2545
-0.063624389 -0.050530951 0.25475001
-0.061516348 -0.050630126 0.25525001
-0.05945763 -0.050778896 0.25600001
-0.057329908 -0.05087807 0.25650001
-0.05513975 -0.050927661 0.25675002
-0.053048223 -0.051076431 0.25750002
-0.050992887 -0.051274784 0.25850001
-0.048778675 -0.051324375 0.25875002
-0.046605024 -0.05142355 0.25925002
-0.044508137 -0.051621903 0.26025
-0.042272054 -0.051671494 0.26050001
-0.039993215 -0.051671494 0.26050001
-0.037786763 -0.051770668 0.26100001
-0.035537556 -0.05182026 0.26125002
-0.033283971 -0.051869847 0.2615
-0.031085283 -0.052018613 0.26225001
-0.028873472 -0.052167378 0.26300001
-0.02657276 -0.052167378 0.26300001
-0.024295123 -0.052216969 0.26325002
-0.022033997 -0.052316148 0.26375002
-0.019745423 -0.052365731 0.264
-0.017468987 -0.052464914 0.26450002
-0.015183802 -0.052564092 0.26500002
-0.01288987 -0.052663267 0.26550001
-0.01057724 -0.052712858 0.26575002
-0.0082757622 -0.052861627 0.26650003
-0.0059555857 -0.052960802 0.26700002
-0.0036300514 -0.053109568 0.26775002
-0.0012877876 -0.053109568 0.26775002
0.0010544762 -0.053109568 0.26775002
0.0034221122 -0.053506274 0.26975
0.0057925894 -0.053605456 0.27025002
0.0081567224 -0.053605456 0.27025002
0.010530588 -0.053655043 0.2705
0.012932668 -0.053803809 0.27125001
0.015333761 -0.053902984 0.27175
0.017711015 -0.053902984 0.27175
0.020051312 -0.053803809 0.27125001
0 -0 0
0 -0 0
0 -0 0
0 -0 0
0 -0 0
0 -0 0
0 -0 0
0 -0 0
0 -0 0
0 -0 0
0 -0 0
0 -0 0
0 -0 0
0 -0 0
0 -0 0
0 -0 0
0 -0 0
0 -0 0
0 -0 0
0 -0 0
0 -0 0
0 -0 0
0 -0 0
0 -0 0
0 -0 0
0 -0 0
0 -0 0
0 -0 0
0 -0 0
0 -0 0
0 -0 0
0 -0 0
0 -0 0
0 -0 0
0 -0 0
0 -0 0
0 -0 0
0 -0 0
0 -0 0
0 -0 0
0 -0 0
0 -0 0
0 -0 0
0 -0 0
0 -0 0
0 -0 0
0 -0 0
0 -0 0
0 -0 0
0 -0 0
0 -0 0
0 -0 0
0 -0 0
0 -0 0
0 -0 0
0 -0 0
0 -0 0
0.071500264 -0.024397671 0.123
0.071543679 -0.024050551 0.12125
0.07200557 -0.023852196 0.12025001
0.072753735 -0.023753019 0.11975001
0.073493153 -0.023653841 0.11925001
0.074380085 -0.023604251 0.119
0.075104199 -0.023505075 0.11850001
0.075980194 -0.023455486 0.11825
0.07668899 -0.023356307 0.11775
0.077224046 -0.023207542 0.11700001
0.077913165 -0.023108365 0.11650001
0.078932293 -0.023108365 0.11650001
0.079608291 -0.023009187 0.116
-0 -0 0
-0 -0 0
-0 -0 0
-0 -0 0
-0 -0 0
-0 -0 0
-0 -0 0
-0 -0 0
-0 -0 0
-0 -0 0
-0 -0 0
-0 -0 0
-0 -0 0
-0 -0 0
-0 -0 0
-0 -0 0
-0 -0 0
-0 -0 0
-0 -0 0
-0 -0 0
-0.1271248 -0.045507319 0.24000001
-0.12528576 -0.045602128 0.24050002
-0.12330993 -0.045649529 0.24075001
-0.12132972 -0.045696933 0.24100001
-0.11946881 -0.045791738 0.24150001
-0.11772064 -0.045933951 0.24225001
-0.11584006 -0.046028759 0.24275002
-0.1138336 -0.04607616 0.24300002
-0.1119377 -0.046170965 0.24350001
-0.11003305 -0.046265773 0.24400002
-0.10789856 -0.046265773 0.24400002
-0.10608914 -0.046407983 0.24475001
-0.10426662 -0.046550196 0.24550001
-0.10232697 -0.046645001 0.24600001
-0.10017498 -0.046645001 0.24600001
-0.098122604 -0.046692405 0.24625002
-0.096260712 -0.046834614 0.24700001
-0.094385691 -0.046976827 0.24775001
-0.0924045 -0.047071632 0.24825001
-0.090596296 -0.047261246 0.24925001
-0.088504553 -0.04730865 0.24950001
-0.086494923 -0.047403455 0.25
-0.08439225 -0.047450859 0.25025001
-0.082367308 -0.047545668 0.25075001
-0.080093838 -0.047498267 0.25050002
-0.078135706 -0.047640473 0.25125
-0.076088913 -0.047735285 0.25175002
-0.073886618 -0.047735285 0.25175002
-0.071755506 -0.047782682 0.252
-0.06975802 -0.047924895 0.25275001
-0.067747414 -0.048067104 0.25350001
-0.065723687 -0.048209317 0.25425002
-0.063561946 -0.048256718 0.2545
-0.061456103 -0.04835153 0.25500003
-0.059341501 -0.048446335 0.25550002
-0.057329908 -0.048635945 0.25650001
-0.05513975 -0.048683353 0.25675002
-0.052893713 -0.048683353 0.25675002
-0.050844938 -0.048872963 0.25775
-0.048684411 -0.048967768 0.25825
-0.046560083 -0.04910998 0.259
-0.04442263 -0.04925219 0.25975001
-0.042231485 -0.049346998 0.26025
-0.039954834 -0.049346998 0.26025
-0.037750572 -0.049441807 0.26075003
-0.035469543 -0.049441807 0.26075003
-0.033252154 -0.049536616 0.26125002
-0.031055652 -0.049678825 0.26200002
-0.028791131 -0.049726225 0.26225001
-0.026471725 -0.049678825 0.26200002
-0.024248976 -0.04982103 0.26275
-0.022013111 -0.049963243 0.26350001
-0.019726725 -0.050010648 0.26375002
-0.017435962 -0.050058048 0.264
-0.015169476 -0.050200261 0.26475
-0.012877733 -0.05029507 0.26525003
-0.010567289 -0.05034247 0.26550001
-0.0082447082 -0.05034247 0.26550001
-0.0059388564 -0.050484683 0.26625001
-0.0036198832 -0.050626893 0.26700002
-0.0012865851 -0.050721698 0.26750001
0.0010544762 -0.050769106 0.26775002
0.0034189408 -0.051100928 0.26950002
0.0057765134 -0.051100928 0.26950002
0.0081340857 -0.051100928 0.26950002
0.010520856 -0.051243138 0.27025002
0.012920748 -0.051385351 0.27100003
0.015291443 -0.051385351 0.27100003
0.017694723 -0.051480155 0.27150002
0.020125234 -0.051622368 0.27225003
0 -0 0
0 -0 0
0 -0 0
0 -0 0
0 -0 0
0 -0 0
0 -0 0
0 -0 0
0 -0 0
0 -0 0
0 -0 0
0 -0 0
0 -0 0
0 -0 0
0 -0 0
0 -0 0
0 -0 0
0 -0 0
0 -0 0
0 -0 0
0 -0 0
0 -0 0
0 -0 0
0 -0 0
0 -0 0
0 -0 0
0 -0 0
0 -0 0
0 -0 0
0 -0 0
0 -0 0
0 -0 0
0 -0 0
0 -0 0
0 -0 0
0 -0 0
0 -0 0
0 -0 0
0 -0 0
0 -0 0
0 -0 0
0 -0 0
0 -0 0
0 -0 0
0 -0 0
0 -0 0
0 -0 0
0 -0 0
0 -0 0
0 -0 0
0 -0 0
0 -0 0
0 -0 0
0 -0 0
0 -0 0
0 -0 0
0 -0 0
0.074697427 -0.024365375 0.1285
0.074198909 -0.023843938 0.12575001
0.073352866 -0.023227694 0.1225
0.074120715 -0.023132887 0.12200001
0.07410945 -0.022801064 0.12025001
0.075005129 -0.02275366 0.12
0.075579539 -0.022611449 0.11925001
0.076622732 -0.022611449 0.11925001
0.077177465 -0.022469239 0.11850001
0.077554062 -0.022279626 0.11750001
0.077745967 -0.022042608 0.11625001
0 -0 0
0.07514748 -0.020762714 0.10950001
-0 -0 0
-0 -0 0
-0 -0 0
-0 -0 0
-0 -0 0
-0 -0 0
-0 -0 0
-0 -0 0
-0 -0 0
-0 -0 0
-0 -0 0
-0 -0 0
-0 -0 0
-0 -0 0
-0 -0 0
-0 -0 0
-0 -0 0
-0 -0 0
-0 -0 0
-0 -0 0
-0.12699237 -0.043364204 0.23975001
-0.12489506 -0.043364204 0.23975001
-0.12305383 -0.04345464 0.24025001
-0.12132972 -0.043590296 0.24100001
-0.11934514 -0.043635514 0.24125001
-0.11759915 -0.04377117 0.24200001
-0.11572075 -0.043861605 0.24250001
-0.11371649 -0.043906823 0.24275002
-0.1119377 -0.044042476 0.24350001
-0.10992031 -0.044087693 0.24375001
-0.10789856 -0.044132914 0.24400002
-0.10587242 -0.044178132 0.24425001
-0.10405426 -0.044313785 0.245
-0.10222299 -0.044449441 0.24575001
-0.10017498 -0.044494659 0.24600001
-0.097923368 -0.044449441 0.24575001
-0.096065849 -0.044585098 0.24650002
-0.094099961 -0.044675533 0.24700001
-0.092218392 -0.044811185 0.24775001
-0.090414561 -0.044992059 0.24875002
-0.088327192 -0.045037277 0.24900001
-0.086321935 -0.045127712 0.24950001
-0.084223635 -0.045172933 0.24975002
-0.082203075 -0.045263369 0.25025001
-0.080093838 -0.045308586 0.25050002
-0.078057967 -0.045399021 0.25100002
-0.076013349 -0.045489457 0.25150001
-0.073886618 -0.045534678 0.25175002
-0.071755506 -0.045579892 0.252
-0.06975802 -0.045715548 0.25275001
-0.067747414 -0.045851205 0.25350001
-0.065659061 -0.04594164 0.25400001
-0.063499518 -0.045986861 0.25425002
-0.06139585 -0.046077296 0.25475001
-0.059283435 -0.046167731 0.25525001
-0.057218153 -0.046303384 0.25600001
-0.055032372 -0.046348605 0.25625002
-0.052790709 -0.046348605 0.25625002
-0.050647676 -0.04643904 0.25675002
-0.048590153 -0.046619911 0.25775
-0.046470199 -0.046755567 0.25850001
-0.04433712 -0.04689122 0.25925002
-0.042109784 -0.046936441 0.25950003
-0.039878074 -0.046981655 0.25975001
-0.037641987 -0.047026876 0.26000002
-0.035435535 -0.047117312 0.26050001
-0.033220332 -0.047207747 0.26100001
-0.031026017 -0.047343403 0.26175001
-0.028763687 -0.047388624 0.26200002
-0.026446464 -0.047343403 0.26175001
-0.024202833 -0.047433838 0.26225001
-0.022013111 -0.04765993 0.26350001
-0.019726725 -0.047705147 0.26375002
-0.017435962 -0.047750365 0.264
-0.015183802 -0.047931239 0.26500002
-0.012877733 -0.04797646 0.26525003
-0.01055734 -0.04797646 0.26525003
-0.0082447082 -0.048021674 0.26550001
-0.0059332796 -0.048112109 0.266
-0.0036131043 -0.048202548 0.26650003
-0.0012865851 -0.048383418 0.26750001
0.0010554607 -0.048473854 0.26800001
0.003403083 -0.048519075 0.26825002
0.0057497206 -0.048519075 0.26825002
0.008111449 -0.04860951 0.26875001
0.01050139 -0.04879038 0.26975
0.012896908 -0.048926037 0.2705
0.01526323 -0.048926037 0.2705
0.01767843 -0.049061693 0.27125001
0.020125234 -0.049242567 0.27225003
0.022527531 -0.049287781 0.27250001
0 -0 0
0 -0 0
0 -0 0
0 -0 0
0 -0 0
0 -0 0
0 -0 0
0 -0 0
0 -0 0
0 -0 0
0 -0 0
0 -0 0
0 -0 0
0 -0 0
0 -0 0
0 -0 0
0 -0 0
0 -0 0
0 -0 0
0 -0 0
0 -0 0
0 -0 0
0 -0 0
0 -0 0
0 -0 0
0 -0 0
0 -0 0
0 -0 0
0 -0 0
0 -0 0
0 -0 0
0 -0 0
0 -0 0
0 -0 0
0 -0 0
0 -0 0
0 -0 0
0 -0 0
0 -0 0
0 -0 0
0 -0 0
0 -0 0
0 -0 0
0 -0 0
0 -0 0
0 -0 0
0 -0 0
0 -0 0
0 -0 0
0 -0 0
0 -0 0
0 -0 0
0 -0 0
0 -0 0
0 -0 0
0 -0 0
0 -0 0
0.074198909 -0.022744728 0.12575001
0.074700162 -0.022563856 0.12475
0.075791463 -0.022563856 0.12475
0.076882772 -0.022563856 0.12475
0.077192783 -0.022337766 0.1235
0.076530226 -0.021840366 0.12075
0.077425905 -0.021795148 0.12050001
0.078154385 -0.021704711 0.12
0.073428847 -0.020122077 0.11125001
0.073900469 -0.019986423 0.11050001
0.074020199 -0.019760331 0.10925
0.072917074 -0.019217713 0.10625
-0 -0 0
-0 -0 0
-0 -0 0
-0 -0 0
-0 -0 0
-0 -0 0
-0 -0 0
-0 -0 0
-0 -0 0
-0 -0 0
-0 -0 0
-0 -0 0
-0 -0 0
-0 -0 0
-0 -0 0
-0 -0 0
-0 -0 0
-0 -0 0
-0 -0 0
-0 -0 0
-0.12672752 -0.041182429 0.23925
-0.12476482 -0.041225463 0.23950002
-0.12305383 -0.041354559 0.24025001
-0.12132972 -0.041483659 0.24100001
-0.11934514 -0.04152669 0.24125001
-0.11735617 -0.041569725 0.24150001
-0.11548215 -0.04165579 0.24200001
-0.11371649 -0.04178489 0.24275002
-0.11182278 -0.041870955 0.24325001
-0.10969483 -0.041870955 0.24325001
-0.107788 -0.041957021 0.24375001
-0.10576405 -0.042000055 0.24400002
-0.10373573 -0.042043086 0.24425001
-0.10191101 -0.042172182 0.245
-0.099971376 -0.042258251 0.24550001
-0.097923368 -0.042301282 0.24575001
-0.095968425 -0.042387351 0.24625002
-0.09400472 -0.042473417 0.24675001
-0.092032276 -0.042559478 0.24725001
-0.090141952 -0.042688578 0.24800001
-0.088061146 -0.042731613 0.24825001
-0.086148947 -0.042860709 0.24900001
-0.084139325 -0.042946775 0.24950001
-0.082038835 -0.042989809 0.24975002
-0.080013901 -0.043075874 0.25025001
-0.077980213 -0.04316194 0.25075001
-0.075937785 -0.043248005 0.25125
-0.073886618 -0.043334074 0.25175002
-0.071826689 -0.04342014 0.25225002
-0.069620028 -0.04342014 0.25225002
-0.067613788 -0.043549236 0.25300002
-0.065594435 -0.043678336 0.25375003
-0.063374639 -0.043678336 0.25375003
-0.061275348 -0.043764401 0.25425002
-0.059225377 -0.043893501 0.25500003
-0.057106402 -0.043979567 0.25550002
-0.054871298 -0.043979567 0.25550002
-0.052687697 -0.044022594 0.25575
-0.050549045 -0.044108666 0.25625002
-0.048448768 -0.044237759 0.257
-0.046425253 -0.044452924 0.25825
-0.044294361 -0.044582024 0.259
-0.042069212 -0.044625059 0.25925002
-0.039801311 -0.044625059 0.25925002
-0.037605792 -0.04471112 0.25975001
-0.035401527 -0.044797186 0.26025
-0.033156693 -0.04484022 0.26050001
-0.030937117 -0.044926286 0.26100001
-0.028681349 -0.04496932 0.26125002
-0.026421204 -0.045012351 0.2615
-0.024179762 -0.04509842 0.26200002
-0.021971341 -0.045270551 0.26300001
-0.019689329 -0.045313586 0.26325002
-0.017435962 -0.045442678 0.264
-0.015155153 -0.045528747 0.26450002
-0.012853458 -0.045571778 0.26475
-0.010547388 -0.045614813 0.26500002
-0.0082524717 -0.045743912 0.26575002
-0.0059388564 -0.045829978 0.26625001
-0.0036131043 -0.045873012 0.26650003
-0.0012877876 -0.046088174 0.26775002
0.0010564453 -0.046174239 0.26825002
0.003403083 -0.046174239 0.26825002
0.005755079 -0.04621727 0.2685
0.0081265401 -0.04634637 0.26925001
0.010491658 -0.046389405 0.26950002
0.01287307 -0.04647547 0.27000001
0.015277336 -0.04660457 0.27075002
0.017711015 -0.046776697 0.27175
0.020106753 -0.046819732 0.27200001
0.022506865 -0.046862766 0.27225003
0 -0 0
0 -0 0
0 -0 0
0 -0 0
0 -0 0
0 -0 0
0 -0 0
0 -0 0
0 -0 0
0 -0 0
0 -0 0
0 -0 0
0 -0 0
0 -0 0
0 -0 0
0 -0 0
0 -0 0
0 -0 0
0 -0 0
0 -0 0
0 -0 0
0 -0 0
0 -0 0
0 -0 0
0 -0 0
0 -0 0
0 -0 0
0 -0 0
0 -0 0
0 -0 0
0 -0 0
0 -0 0
0 -0 0
0 -0 0
0 -0 0
0 -0 0
0 -0 0
0 -0 0
0 -0 0
0 -0 0
0 -0 0
0 -0 0
0 -0 0
0 -0 0
0 -0 0
0 -0 0
0 -0 0
0 -0 0
0 -0 0
0 -0 0
0 -0 0
0 -0 0
0 -0 0
0 -0 0
0 -0 0
0 -0 0
0 -0 0
0.074198909 -0.02164552 0.12575001
0.075298958 -0.02164552 0.12575001
0.076095246 -0.021559455 0.12525001
0.077190921 -0.021559455 0.12525001
0.078442872 -0.021602487 0.12550001
0 -0 0
0.073410042 -0.019666009 0.11425
0.074409492 -0.019666009 0.11425
0.072933823 -0.019020516 0.11050001
0 -0 0
0 -0 0
0.070515104 -0.017686497 0.10275
-0 -0 0
-0 -0 0
-0 -0 0
-0 -0 0
-0 -0 0
-0 -0 0
-0 -0 0
-0 -0 0
-0 -0 0
-0 -0 0
-0 -0 0
-0 -0 0
-0 -0 0
-0 -0 0
-0 -0 0
-0 -0 0
-0 -0 0
-0 -0 0
-0 -0 0
-0 -0 0
-0.12659511 -0.039050244 0.23900001
-0.12476482 -0.039131939 0.23950002
-0.12292579 -0.039213631 0.24000001
-0.12107801 -0.039295331 0.24050002
-0.11909779 -0.039336175 0.24075001
-0.11711321 -0.039377023 0.24100001
-0.11536285 -0.039499566 0.24175002
-0.11359937 -0.039622109 0.24250001
-0.11170785 -0.039703805 0.24300002
-0.1095821 -0.039703805 0.24300002
-0.10767744 -0.039785497 0.24350001
-0.10565568 -0.039826345 0.24375001
-0.10362955 -0.039867196 0.24400002
-0.10180702 -0.039989736 0.24475001
-0.099971376 -0.040112279 0.24550001
-0.098022982 -0.040193971 0.24600001
-0.096065849 -0.040275671 0.24650002
-0.094099961 -0.040357362 0.24700001
-0.091939218 -0.040357362 0.24700001
-0.089960217 -0.040439058 0.24750002
-0.087972462 -0.040520754 0.24800001
-0.086062454 -0.040643297 0.24875002
-0.084055021 -0.040724993 0.24925001
-0.081956707 -0.040765837 0.24950001
-0.079933964 -0.040847532 0.25
-0.077980213 -0.040970076 0.25075001
-0.075862236 -0.041010924 0.25100002
-0.073813237 -0.041092619 0.25150001
-0.071684323 -0.041133467 0.25175002
-0.069551021 -0.041174315 0.252
-0.067480162 -0.041256007 0.2525
-0.065465182 -0.04137855 0.25325
-0.063249759 -0.04137855 0.25325
-0.061215095 -0.041501094 0.25400001
-0.059167311 -0.041623637 0.25475001
-0.057106402 -0.041746181 0.25550002
-0.054871298 -0.041746181 0.25550002
-0.052687697 -0.041787025 0.25575
-0.050549045 -0.041868724 0.25625002
-0.04835451 -0.041909568 0.25650001
-0.046290431 -0.042072963 0.25750002
-0.044166096 -0.042195499 0.25825
-0.041947506 -0.04223635 0.25850001
-0.039686166 -0.04223635 0.25850001
-0.037497208 -0.042318042 0.259
-0.035299506 -0.042399742 0.25950003
-0.033124872 -0.042522281 0.26025
-0.030877851 -0.042563129 0.26050001
-0.028653901 -0.042644825 0.26100001
-0.026421204 -0.04272652 0.2615
-0.024156688 -0.042767368 0.26175001
-0.021950454 -0.042930756 0.26275
-0.01967063 -0.042971607 0.26300001
-0.017402941 -0.043053299 0.26350001
-0.015126503 -0.043134995 0.264
-0.012841321 -0.043216694 0.26450002
-0.010547388 -0.043298386 0.26500002
-0.0082524717 -0.043420929 0.26575002
-0.0059444332 -0.043543473 0.26650003
-0.0036164937 -0.043584317 0.26675001
-0.0012877876 -0.043747712 0.26775002
0.0010574298 -0.043870252 0.2685
0.0034125978 -0.043951947 0.26900002
0.0057765134 -0.044033643 0.26950002
0.0081491768 -0.044115338 0.27000001
0.010530588 -0.04419703 0.2705
0.012944588 -0.044360425 0.27150002
0.015390188 -0.044564661 0.27275002
0.017841363 -0.044728048 0.27375001
0.020254597 -0.0447689 0.27400002
0.022610201 -0.044687204 0.27350003
0 -0 0
0 -0 0
0 -0 0
0 -0 0
0 -0 0
0 -0 0
0 -0 0
0 -0 0
0 -0 0
0 -0 0
0 -0 0
0 -0 0
0 -0 0
0 -0 0
0 -0 0
0 -0 0
0 -0 0
0 -0 0
0 -0 0
0 -0 0
0 -0 0
0 -0 0
0 -0 0
0 -0 0
0 -0 0
0 -0 0
0 -0 0
0 -0 0
0.2505044 -0.1216848 0.74475002
0 -0 0
0 -0 0
0 -0 0
0 -0 0
0 -0 0
0 -0 0
0 -0 0
0 -0 0
0 -0 0
0 -0 0
0 -0 0
0 -0 0
0 -0 0
0 -0 0
0 -0 0
0 -0 0
0 -0 0
0 -0 0
0 -0 0
0 -0 0
0 -0 0
0 -0 0
0 -0 0
0 -0 0
0 -0 0
0 -0 0
0 -0 0
0 -0 0
0.07449393 -0.020628003 0.12625
0.07514926 -0.020505462 0.12550001
0.076095246 -0.020464616 0.12525001
0.077190921 -0.020464616 0.12525001
0 -0 0
0 -0 0
0 -0 0
0 -0 0
0 -0 0
0 -0 0
0 -0 0
0 -0 0
-0 -0 0
-0 -0 0
-0 -0 0
-0 -0 0
-0 -0 0
-0 -0 0
-0 -0 0
-0 -0 0
-0 -0 0
-0 -0 0
-0 -0 0
-0 -0 0
-0 -0 0
-0 -0 0
-0 -0 0
-0 -0 0
-0 -0 0
-0 -0 0
-0 -0 0
-0 -0 0
-0.12685996 -0.037038416 0.23950002
-0.12476482 -0.037038416 0.23950002
-0.12292579 -0.037115738 0.24000001
-0.12082628 -0.037115738 0.24000001
-0.11872677 -0.037115738 0.24000001
-0.11687024 -0.037193064 0.24050002
-0.11512426 -0.037309047 0.24125001
-0.11348226 -0.037463699 0.24225001
-0.11170785 -0.037579685 0.24300002
-0.10946935 -0.037541024 0.24275002
-0.1073458 -0.037541024 0.24275002
-0.10554732 -0.037657008 0.24350001
-0.10362955 -0.037734333 0.24400002
-0.10191101 -0.037888981 0.245
-0.10007318 -0.038004968 0.24575001
-0.097923368 -0.038004968 0.24575001
-0.095968425 -0.038082294 0.24625002
-0.09390948 -0.038120955 0.24650002
-0.091939218 -0.038198281 0.24700001
-0.089960217 -0.038275607 0.24750002
-0.087883785 -0.038314268 0.24775001
-0.085975952 -0.038430251 0.2485
-0.084139325 -0.038584903 0.24950001
-0.082038835 -0.038623564 0.24975002
-0.080013901 -0.03870089 0.25025001
-0.078057967 -0.038816877 0.25100002
-0.075937785 -0.038855538 0.25125
-0.073739864 -0.038855538 0.25125
-0.071613133 -0.038894199 0.25150001
-0.069482028 -0.038932864 0.25175002
-0.067413352 -0.039010186 0.25225002
-0.065400563 -0.039126176 0.25300002
-0.063249759 -0.039164834 0.25325
-0.06115485 -0.039242163 0.25375003
-0.059167311 -0.039396808 0.25475001
-0.057106402 -0.039512798 0.25550002
-0.054817606 -0.039474133 0.25525001
-0.052687697 -0.039551456 0.25575
-0.050549045 -0.039628785 0.25625002
-0.04835451 -0.039667442 0.25650001
-0.046200544 -0.039744768 0.257
-0.044080585 -0.039860755 0.25775
-0.041866373 -0.03989942 0.25800002
-0.039609406 -0.03989942 0.25800002
-0.037424821 -0.039976742 0.25850001
-0.03533351 -0.040170055 0.25975001
-0.033156693 -0.040286042 0.26050001
-0.030937117 -0.040363364 0.26100001
-0.028708793 -0.040440686 0.2615
-0.026446464 -0.040479351 0.26175001
-0.024179762 -0.040518016 0.26200002
-0.021950454 -0.040633999 0.26275
-0.019689329 -0.040711325 0.26325002
-0.017419452 -0.040788651 0.26375002
-0.015155153 -0.040904637 0.26450002
-0.012877733 -0.041020624 0.26525003
-0.010597141 -0.041175272 0.26625001
-0.0082990518 -0.04132992 0.26725
-0.0059834677 -0.041484572 0.26825002
-0.0036368303 -0.041484572 0.26825002
-0.0012937996 -0.041600559 0.26900002
0.001064322 -0.041793868 0.27025002
0.0034443133 -0.041987181 0.27150002
0.0058408161 -0.042141825 0.27250001
0.0082774507 -0.04241246 0.27425
0.010686309 -0.042451125 0.27450001
0.013099541 -0.042489789 0.27475002
0.015531253 -0.042567112 0.27525002
0.017971713 -0.042644437 0.27575001
0.02042092 -0.04272176 0.27625
0 -0 0
0 -0 0
0 -0 0
0 -0 0
0 -0 0
0 -0 0
0 -0 0
0 -0 0
0 -0 0
0 -0 0
0 -0 0
0 -0 0
0 -0 0
0 -0 0
0 -0 0
0 -0 0
0 -0 0
0 -0 0
0 -0 0
0 -0 0
0 -0 0
0 -0 0
0 -0 0
0 -0 0
0 -0 0
0 -0 0
0 -0 0
0 -0 0
0 -0 0
0.25067258 -0.1152521 0.74525005
0.25727826 -0.11529076 0.74550003
0 -0 0
0 -0 0
0 -0 0
0 -0 0
0 -0 0
0 -0 0
0 -0 0
0 -0 0
0 -0 0
0 -0 0
0 -0 0
0 -0 0
0 -0 0
0 -0 0
0 -0 0
0 -0 0
0 -0 0
0 -0 0
0 -0 0
0 -0 0
0 -0 0
0 -0 0
0 -0 0
0 -0 0
0 -0 0
0 -0 0
0 -0 0
0.074641451 -0.019563088 0.12650001
0.075448662 -0.019485762 0.126
0.076399013 -0.019447099 0.12575001
0 -0 0
0 -0 0
0 -0 0
0 -0 0
0 -0 0
0 -0 0
0 -0 0
0 -0 0
0 -0 0
-0 -0 0
-0 -0 0
-0 -0 0
-0 -0 0
-0 -0 0
-0 -0 0
-0 -0 0
-0 -0 0
-0 -0 0
-0 -0 0
-0 -0 0
-0 -0 0
-0 -0 0
-0 -0 0
-0 -0 0
-0 -0 0
-0 -0 0
-0 -0 0
-0 -0 0
-0 -0 0
-0.12659511 -0.034871936 0.23900001
-0.12450435 -0.034871936 0.23900001
-0.1226697 -0.034944888 0.23950002
-0.12070043 -0.034981366 0.23975001
-0.1186031 -0.034981366 0.23975001
-0.11674874 -0.035054319 0.24025001
-0.11512426 -0.035200227 0.24125001
-0.11336514 -0.035309657 0.24200001
-0.11147799 -0.03538261 0.24250001
-0.10946935 -0.035419088 0.24275002
-0.1073458 -0.035419088 0.24275002
-0.10543896 -0.035492044 0.24325001
-0.10362955 -0.035601474 0.24400002
-0.10191101 -0.035747379 0.245
-0.099971376 -0.035820335 0.24550001
-0.097923368 -0.035856813 0.24575001
-0.095870987 -0.035893288 0.24600001
-0.09390948 -0.035966244 0.24650002
-0.091939218 -0.036039196 0.24700001
-0.090323687 -0.036258057 0.2485
-0.088504553 -0.036403965 0.24950001
-0.086321935 -0.036403965 0.24950001
-0.084729478 -0.0366593 0.25125
-0.082367308 -0.036586348 0.25075001
-0.080013901 -0.036513396 0.25025001
-0.077902474 -0.036549874 0.25050002
-0.075786673 -0.036586348 0.25075001
-0.073593117 -0.036586348 0.25075001
-0.071613133 -0.036695782 0.25150001
-0.069551021 -0.036768734 0.252
-0.067413352 -0.036805212 0.25225002
-0.065465182 -0.036951117 0.25325
-0.063312203 -0.036987595 0.25350001
-0.06115485 -0.037024073 0.25375003
-0.059167311 -0.037169982 0.25475001
-0.056994647 -0.03720646 0.25500003
-0.054763921 -0.03720646 0.25500003
-0.052636199 -0.037279412 0.25550002
-0.050549045 -0.037388843 0.25625002
-0.04835451 -0.037425317 0.25650001
-0.046155605 -0.037461799 0.25675002
-0.044037834 -0.037571229 0.25750002
-0.041866373 -0.037644181 0.25800002
-0.039647784 -0.037680656 0.25825
-0.037533406 -0.037826564 0.25925002
-0.035775606 -0.03837372 0.26300001
-0.033761278 -0.038702015 0.26525003
-0.031737216 -0.039066784 0.26775002
-0.029477287 -0.039176211 0.2685
-0.027406316 -0.039577458 0.27125001
-0.024894999 -0.039358594 0.26975
-0.022221964 -0.038811442 0.266
-0.019838916 -0.038702015 0.26525003
-0.017568054 -0.038811442 0.266
-0.015312719 -0.038993824 0.26725
-0.013011243 -0.039103258 0.26800001
-0.010696644 -0.039212689 0.26875001
-0.0083999755 -0.039468024 0.2705
-0.0060448083 -0.039540984 0.27100003
-0.003677503 -0.039577458 0.27125001
-0.0013082286 -0.039686888 0.27200001
0.0010761367 -0.039869271 0.27325001
0.0034760288 -0.039978705 0.27400002
0.0058890432 -0.040088136 0.27475002
0.0083227241 -0.04023404 0.27575001
0.010744704 -0.040270519 0.27600002
0.013218736 -0.040452905 0.27725002
0.015672319 -0.040525857 0.27775002
0.018102061 -0.040525857 0.27775002
0.020550285 -0.040562335 0.27800003
0 -0 0
0 -0 0
0 -0 0
0 -0 0
0 -0 0
0 -0 0
0 -0 0
0 -0 0
0 -0 0
0 -0 0
0 -0 0
0 -0 0
0 -0 0
0 -0 0
0 -0 0
0 -0 0
0 -0 0
0 -0 0
0 -0 0
0 -0 0
0 -0 0
0 -0 0
0 -0 0
0 -0 0
0 -0 0
0 -0 0
0 -0 0
0 -0 0
0 -0 0
0.2512612 -0.10899304 0.74700004
0.25762337 -0.10892007 0.74650002
0 -0 0
0 -0 0
0 -0 0
0 -0 0
0 -0 0
0 -0 0
0 -0 0
0 -0 0
0 -0 0
0 -0 0
0 -0 0
0 -0 0
0 -0 0
0 -0 0
0 -0 0
0 -0 0
0 -0 0
0 -0 0
0 -0 0
0 -0 0
0 -0 0
0 -0 0
0 -0 0
0 -0 0
0 -0 0
0 -0 0
0 -0 0
0 -0 0
0 -0 0
0 -0 0
0 -0 0
0 -0 0
0 -0 0
0 -0 0
0 -0 0
0 -0 0
0 -0 0
0 -0 0
0 -0 0
-0 -0 0
-0 -0 0
-0 -0 0
-0 -0 0
-0 -0 0
-0 -0 0
-0 -0 0
-0 -0 0
-0 -0 0
-0 -0 0
-0 -0 0
-0 -0 0
-0 -0 0
-0 -0 0
-0 -0 0
-0 -0 0
-0 -0 0
-0 -0 0
-0 -0 0
-0 -0 0
-0.12540331 -0.032474156 0.23675001
-0.12385318 -0.032611322 0.23775001
-0.1224136 -0.032782782 0.23900001
-0.12070043 -0.032885656 0.23975001
-0.11872677 -0.032919947 0.24000001
-0.11699172 -0.033022821 0.24075001
-0.11512426 -0.033091404 0.24125001
-0.11336514 -0.033194281 0.24200001
-0.11159293 -0.033297155 0.24275002
-0.10969483 -0.033365738 0.24325001
-0.10767744 -0.033400029 0.24350001
-0.10576405 -0.033468615 0.24400002
-0.10405426 -0.033605777 0.245
-0.10232697 -0.033742946 0.24600001
-0.10109121 -0.034051571 0.24825001
-0.099517241 -0.034257323 0.24975002
-0.098111883 -0.034531653 0.25175002
-0.096195303 -0.034634527 0.2525
-0.094079509 -0.034668818 0.25275001
-0.092141069 -0.034771696 0.25350001
-0.090189517 -0.03487457 0.25425002
-0.088657305 -0.035148904 0.25625002
-0.086668558 -0.035251774 0.257
-0.083763376 -0.034977447 0.25500003
-0.080093838 -0.034360196 0.25050002
-0.077746972 -0.03429161 0.25
-0.075484432 -0.034257323 0.24975002
-0.073372997 -0.03429161 0.25
-0.07147076 -0.034428779 0.25100002
-0.069413029 -0.034497362 0.25150001
-0.067346536 -0.034565944 0.252
-0.065400563 -0.034703113 0.25300002
-0.063249759 -0.034737401 0.25325
-0.06115485 -0.034805987 0.25375003
-0.059051182 -0.03487457 0.25425002
-0.056938767 -0.034943152 0.25475001
-0.054817606 -0.035011735 0.25525001
-0.052739203 -0.035114609 0.25600001
-0.050647676 -0.035217486 0.25675002
-0.048448768 -0.035251774 0.257
-0.046335369 -0.035354652 0.25775
-0.044166096 -0.035423234 0.25825
-0.042069212 -0.035560403 0.25925002
-0.039916456 -0.035663277 0.26000002
-0.037895348 -0.035903316 0.26175001
-0.036829833 -0.037137818 0.27075002
-0.034715887 -0.037412148 0.27275002
-0.032448411 -0.037549313 0.27375001
-0.030163446 -0.037686482 0.27475002
-0.027860984 -0.037823647 0.27575001
-0.025356447 -0.037686482 0.27475002
-0.022472588 -0.036897775 0.26900002
-0.020044595 -0.036760606 0.26800001
-0.017766191 -0.036897775 0.26900002
-0.015441639 -0.036966357 0.26950002
-0.01312048 -0.037069235 0.27025002
-0.010786198 -0.037172109 0.27100003
-0.0084620826 -0.037377857 0.27250001
-0.0061005722 -0.037515026 0.27350003
-0.0037181757 -0.037617896 0.27425
-0.00132386 -0.037755065 0.27525002
0.0010889361 -0.037926525 0.27650002
0.0035109157 -0.037960812 0.27675
0.0059372699 -0.037995104 0.27700001
0.0084132701 -0.038235147 0.27875
0.010851761 -0.038235147 0.27875
0.013326011 -0.03833802 0.27950001
0.015855704 -0.038543772 0.28100002
0.018379049 -0.038680937 0.28200001
0.020827493 -0.03864665 0.28175002
0 -0 0
0 -0 0
0 -0 0
0 -0 0
0 -0 0
0 -0 0
0 -0 0
0 -0 0
0 -0 0
0 -0 0
0 -0 0
0 -0 0
0 -0 0
0 -0 0
0 -0 0
0 -0 0
0 -0 0
0 -0 0
0 -0 0
0 -0 0
0 -0 0
0 -0 0
0 -0 0
0 -0 0
0 -0 0
0 -0 0
0 -0 0
0 -0 0
0 -0 0
0.25117713 -0.10242905 0.74675006
0 -0 0
0 -0 0
0 -0 0
0 -0 0
0 -0 0
0 -0 0
0 -0 0
0 -0 0
0 -0 0
0 -0 0
0 -0 0
0 -0 0
0 -0 0
0 -0 0
0 -0 0
0 -0 0
0 -0 0
0 -0 0
0 -0 0
0 -0 0
0 -0 0
0 -0 0
0 -0 0
0 -0 0
0 -0 0
0 -0 0
0 -0 0
0 -0 0
0 -0 0
0 -0 0
0 -0 0
0 -0 0
0 -0 0
0 -0 0
0 -0 0
0 -0 0
0 -0 0
0 -0 0
0 -0 0
0 -0 0
-0 -0 0
-0 -0 0
-0 -0 0
-0 -0 0
-0 -0 0
-0 -0 0
-0 -0 0
-0 -0 0
-0 -0 0
-0 -0 0
-0 -0 0
-0 -0 0
-0 -0 0
-0 -0 0
-0 -0 0
-0 -0 0
-0 -0 0
-0 -0 0
-0 -0 0
-0 -0 0
-0.12566817 -0.030468883 0.23725002
-0.12372295 -0.030500989 0.23750001
-0.12215751 -0.030629415 0.23850001
-0.12082628 -0.030822052 0.24000001
-0.11946881 -0.031014688 0.24150001
-0.11784212 -0.031143114 0.24250001
-0.11619795 -0.03127154 0.24350001
-0.11465339 -0.03143207 0.24475001
-0.11343174 -0.031688921 0.24675001
-0.11206234 -0.031913664 0.2485
-0.11055179 -0.032106303 0.25
-0.10858154 -0.032170519 0.25050002
-0.10723959 -0.032427367 0.2525
-0.1054467 -0.032555792 0.25350001
-0.10343271 -0.032620005 0.25400001
-0.10150957 -0.032716323 0.25475001
-0.099670753 -0.032844748 0.25575
-0.098004922 -0.033037387 0.25725001
-0.096219793 -0.033197917 0.25850001
-0.09377671 -0.033133708 0.25800002
-0.092051834 -0.033326346 0.25950003
-0.089954726 -0.033390556 0.26000002
-0.087511651 -0.033326346 0.25950003
-0.08483094 -0.033165809 0.25825
-0.080093838 -0.032170519 0.25050002
-0.077669233 -0.032074198 0.24975002
-0.075484432 -0.032074198 0.24975002
-0.073372997 -0.032106303 0.25
-0.07147076 -0.032234728 0.25100002
-0.069482028 -0.032331049 0.25175002
-0.067480162 -0.032427367 0.2525
-0.065400563 -0.03249158 0.25300002
-0.063374639 -0.032587901 0.25375003
-0.061275348 -0.032652114 0.25425002
-0.059109241 -0.032684218 0.2545
-0.057218153 -0.032876857 0.25600001
-0.055193435 -0.033005279 0.257
-0.053151228 -0.033133708 0.25800002
-0.051140837 -0.033294238 0.25925002
-0.049014319 -0.033390556 0.26000002
-0.046829738 -0.033454768 0.26050001
-0.044679161 -0.033551089 0.26125002
-0.042474896 -0.033615302 0.26175001
-0.040300269 -0.03371162 0.26250002
-0.03825729 -0.033936363 0.26425001
-0.037101891 -0.035027977 0.27275002
-0.034970447 -0.035284828 0.27475002
-0.032744743 -0.035477467 0.27625
-0.030465353 -0.035637997 0.2775
-0.028088318 -0.035702214 0.27800003
-0.025633315 -0.035670105 0.27775002
-0.022702325 -0.034899551 0.27175
-0.020212881 -0.034706917 0.27025002
-0.017914793 -0.034835339 0.27125001
-0.015613531 -0.034995873 0.27250001
-0.013229716 -0.034995873 0.27250001
-0.010885702 -0.035124298 0.27350003
-0.0085319532 -0.035284828 0.27475002
-0.0061674886 -0.035509571 0.27650002
-0.0037554591 -0.035573784 0.27700001
-0.0013370867 -0.035702214 0.27800003
0.0010968128 -0.035766423 0.27850002
0.00353946 -0.035830636 0.27900001
0.006006931 -0.035991166 0.28025001
0.0084811803 -0.036087487 0.28100002
0.010929622 -0.036055379 0.28075001
0.013445206 -0.036215909 0.28200001
0.015982661 -0.036376443 0.28325
0.01847681 -0.036408551 0.28350002
0.020882931 -0.036280122 0.2825
0 -0 0
0 -0 0
0 -0 0
0 -0 0
0 -0 0
0 -0 0
0 -0 0
0 -0 0
0 -0 0
0 -0 0
0 -0 0
0 -0 0
0 -0 0
0 -0 0
0 -0 0
0 -0 0
0 -0 0
0 -0 0
0 -0 0
0 -0 0
0 -0 0
0 -0 0
0 -0 0
0 -0 0
0 -0 0
0 -0 0
0 -0 0
0 -0 0
0 -0 0
0 -0 0
0 -0 0
0 -0 0
0 -0 0
0 -0 0
0 -0 0
0 -0 0
0 -0 0
0 -0 0
0 -0 0
0 -0 0
0 -0 0
0 -0 0
0 -0 0
0 -0 0
0 -0 0
0 -0 0
0 -0 0
0 -0 0
0 -0 0
0 -0 0
0 -0 0
0 -0 0
0 -0 0
0 -0 0
0 -0 0
0 -0 0
0 -0 0
0 -0 0
0 -0 0
0 -0 0
0 -0 0
0 -0 0
0.067192093 -0.013805711 0.1075
0.066706471 -0.013516755 0.10525001
0.066020846 -0.013195691 0.10275
0.066268407 -0.013067265 0.10175
0.066498481 -0.012938841 0.10075001
0.06704545 -0.012874628 0.10025001
0.067922428 -0.012874628 0.10025001
0.066912144 -0.012521459 0.097500004
-0 -0 0
-0 -0 0
-0 -0 0
-0 -0 0
-0 -0 0
-0 -0 0
-0 -0 0
-0 -0 0
-0 -0 0
-0 -0 0
-0 -0 0
-0 -0 0
-0 -0 0
-0 -0 0
-0 -0 0
-0 -0 0
-0 -0 0
-0 -0 0
-0 -0 0
-0 -0 0
-0 -0 0
-0.12463459 -0.028634394 0.23925
-0.12369407 -0.028903682 0.24150001
-0.12309178 -0.029262735 0.24450001
-0.12181862 -0.029472183 0.24625002
-0.12051483 -0.029681629 0.24800001
-0.11882254 -0.029801313 0.24900001
-0.1175812 -0.030040681 0.25100002
-0.11596011 -0.030190285 0.25225002
-0.11364069 -0.030160364 0.252
-0.11232062 -0.030399732 0.25400001
-0.11031537 -0.030459573 0.2545
-0.10872608 -0.030639101 0.25600001
-0.10659061 -0.030669022 0.25625002
-0.10495976 -0.030848546 0.25775
-0.10320306 -0.030998152 0.259
-0.10113221 -0.031057997 0.25950003
-0.099052593 -0.031117838 0.26000002
-0.097522579 -0.031357206 0.26200002
-0.095503211 -0.031446967 0.26275
-0.093470737 -0.031536728 0.26350001
-0.091425136 -0.031626493 0.26425001
-0.089366421 -0.031716257 0.26500002
-0.086227 -0.031417046 0.26250002
-0.08057344 -0.030160364 0.252
-0.077824727 -0.029950917 0.25025001
-0.075786673 -0.030010758 0.25075001
-0.073813237 -0.030100523 0.25150001
-0.071897872 -0.030220205 0.2525
-0.06996502 -0.030339891 0.25350001
-0.067881033 -0.030399732 0.25400001
-0.065723687 -0.030429654 0.25425002
-0.063811705 -0.03057926 0.25550002
-0.06175736 -0.030669022 0.25625002
-0.059864078 -0.030848546 0.25775
-0.057776924 -0.030938311 0.25850001
-0.055622958 -0.030998152 0.259
-0.05366626 -0.031177679 0.26050001
-0.051633999 -0.031327285 0.26175001
-0.049391355 -0.031357206 0.26200002
-0.047144331 -0.031387124 0.26225001
-0.045021202 -0.03150681 0.26325002
-0.042840008 -0.031596571 0.264
-0.040760841 -0.031776097 0.26550001
-0.038655426 -0.031955626 0.26700002
-0.037339941 -0.032853253 0.27450001
-0.035256829 -0.033152465 0.27700001
-0.033011444 -0.03333199 0.27850002
-0.030712372 -0.033481594 0.27975002
-0.028265134 -0.033481594 0.27975002
-0.025748676 -0.033391833 0.27900001
-0.022994721 -0.032943018 0.27525002
-0.020381166 -0.032613885 0.27250001
-0.018046884 -0.032703649 0.27325001
-0.015699478 -0.032793414 0.27400002
-0.013375363 -0.032972936 0.2755
-0.010985205 -0.033032782 0.27600002
-0.0086095873 -0.033182386 0.27725002
-0.0062176757 -0.033361912 0.27875
-0.0037859641 -0.033421755 0.27925003
-0.0013479083 -0.033541437 0.28025001
0.0011056738 -0.033601277 0.28075001
0.0035838615 -0.033810724 0.2825
0.006076592 -0.03393041 0.28350002
0.0085566351 -0.03393041 0.28350002
0.011036679 -0.03393041 0.28350002
0.013576321 -0.034080014 0.28475001
0.01615194 -0.034259543 0.28625003
0.018672332 -0.034289461 0.28650001
0.021012297 -0.034020174 0.28425002
0 -0 0
0 -0 0
0 -0 0
0 -0 0
0 -0 0
0 -0 0
0 -0 0
0 -0 0
0 -0 0
0 -0 0
0 -0 0
0 -0 0
0 -0 0
0 -0 0
0 -0 0
0 -0 0
0 -0 0
0 -0 0
0 -0 0
0 -0 0
0 -0 0
0 -0 0
0 -0 0
0 -0 0
0 -0 0
0 -0 0
0 -0 0
0 -0 0
0 -0 0
0 -0 0
0 -0 0
0 -0 0
0 -0 0
0 -0 0
0 -0 0
0 -0 0
0 -0 0
0 -0 0
0 -0 0
0 -0 0
0 -0 0
0 -0 0
0 -0 0
0 -0 0
0 -0 0
0 -0 0
0 -0 0
0 -0 0
0 -0 0
0 -0 0
0 -0 0
0 -0 0
0 -0 0
0 -0 0
0 -0 0
0 -0 0
0 -0 0
0.063798003 -0.013135317 0.10975
0.064610578 -0.013105396 0.10950001
0.064370878 -0.012866029 0.1075
0.065007515 -0.012806187 0.10700001
0.06548132 -0.012716424 0.10625
0.065473229 -0.012536898 0.10475001
0.065438889 -0.012357372 0.10325
0.065378301 -0.012177845 0.10175
0.065454297 -0.012028241 0.1005
0.065673441 -0.011908557 0.099500008
0.066042274 -0.011818794 0.098750003
0.066228606 -0.01169911 0.097750008
0.066054292 -0.011519584 0.096250005
-0 -0 0
-0 -0 0
-0 -0 0
-0 -0 0
-0 -0 0
-0 -0 0
-0 -0 0
-0 -0 0
-0 -0 0
-0 -0 0
-0 -0 0
-0 -0 0
-0 -0 0
-0 -0 0
-0 -0 0
-0 -0 0
-0 -0 0
-0 -0 0
-0 -0 0
-0 -0 0
-0 -0 0
-0 -0 0
-0.12523064 -0.027125506 0.24450001
-0.12485383 -0.027513806 0.24800001
-0.12404474 -0.027818898 0.25075001
-0.12245862 -0.027957575 0.252
-0.12025414 -0.027957575 0.252
-0.11910368 -0.028207198 0.25425002
-0.11710936 -0.028262669 0.25475001
-0.11510629 -0.028318141 0.25525001
-0.11320504 -0.028401347 0.25600001
-0.11194084 -0.028650967 0.25825
-0.11000022 -0.028734175 0.259
-0.10825445 -0.028872853 0.26025
-0.10658862 -0.029039269 0.26175001
-0.10469731 -0.02915021 0.26275
-0.10269108 -0.029233417 0.26350001
-0.10086221 -0.029372096 0.26475
-0.098546185 -0.029372096 0.26475
-0.096866257 -0.029566249 0.26650003
-0.09497834 -0.029704927 0.26775002
-0.092809059 -0.029760396 0.26825002
-0.090546727 -0.029788131 0.2685
-0.088280022 -0.029815868 0.26875001
-0.082731657 -0.028706441 0.25875002
-0.078679942 -0.02806852 0.25300002
-0.076693393 -0.028151728 0.25375003
-0.074620344 -0.028207198 0.25425002
-0.072538555 -0.028262669 0.25475001
-0.070655011 -0.028401347 0.25600001
-0.068682775 -0.02851229 0.257
-0.066628434 -0.028595496 0.25775
-0.064311214 -0.028567763 0.25750002
-0.06223936 -0.028650967 0.25825
-0.060386658 -0.02884512 0.26000002
-0.058335695 -0.028956061 0.26100001
-0.056159858 -0.029011531 0.2615
-0.05397528 -0.029067006 0.26200002
-0.051929899 -0.029205684 0.26325002
-0.049768381 -0.029288888 0.264
-0.047548812 -0.029344361 0.26450002
-0.045363247 -0.029427569 0.26525003
-0.043286256 -0.029593982 0.26675001
-0.041183036 -0.029760396 0.26825002
-0.038981173 -0.029871339 0.26925001
-0.037646003 -0.030703409 0.27675
-0.035670493 -0.031091709 0.28025001
-0.033307776 -0.031174917 0.28100002
-0.030986834 -0.031313594 0.28225002
-0.028542982 -0.031341329 0.2825
-0.026002472 -0.031258125 0.28175002
-0.023161804 -0.030758882 0.27725002
-0.020605544 -0.030564729 0.2755
-0.018211996 -0.030592468 0.27575001
-0.015900018 -0.030786617 0.2775
-0.0134846 -0.030814353 0.27775002
-0.011084708 -0.030897561 0.27850002
-0.0086872205 -0.031036239 0.27975002
-0.006262287 -0.03114718 0.28075001
-0.0038266368 -0.031313594 0.28225002
-0.0013635397 -0.031452272 0.28350002
0.0011194579 -0.03153548 0.28425002
0.0036124059 -0.031590953 0.28475001
0.0061087436 -0.031618688 0.28500003
0.0086396364 -0.031757366 0.28625003
0.011202132 -0.031923778 0.28775001
0.013767034 -0.032034725 0.28875002
0.016335323 -0.032117933 0.28950003
0.018867856 -0.032117933 0.28950003
0 -0 0
0 -0 0
0 -0 0
0 -0 0
0 -0 0
0 -0 0
0 -0 0
0 -0 0
0 -0 0
0 -0 0
0 -0 0
0 -0 0
0 -0 0
0 -0 0
0 -0 0
0 -0 0
0 -0 0
0 -0 0
0 -0 0
0 -0 0
0 -0 0
0 -0 0
0 -0 0
0 -0 0
0 -0 0
0 -0 0
0 -0 0
0 -0 0
0 -0 0
0 -0 0
0 -0 0
0 -0 0
0 -0 0
0 -0 0
0 -0 0
0 -0 0
0 -0 0
0 -0 0
0 -0 0
0 -0 0
0 -0 0
0 -0 0
0 -0 0
0 -0 0
0 -0 0
0 -0 0
0 -0 0
0 -0 0
0 -0 0
0 -0 0
0 -0 0
0 -0 0
0 -0 0
0 -0 0
0 -0 0
0.064664394 -0.012924832 0.11650001
0.063146397 -0.012425589 0.112
0.063267335 -0.012259176 0.11050001
0.063507348 -0.012120496 0.10925
0.063725501 -0.011981818 0.108
0.064221181 -0.011898612 0.10725001
0.064551853 -0.011787669 0.10625
0.064710952 -0.01164899 0.105
0.065004446 -0.011538047 0.104
0.065280445 -0.011427105 0.10300001
0.065217674 -0.01126069 0.1015
0.065128654 -0.011094276 0.1
0.065343425 -0.010983334 0.099000007
0.065707877 -0.010900126 0.098250002
0.065720454 -0.010761448 0.097000003
0.065711156 -0.01062277 0.095750004
-0 -0 0
-0 -0 0
-0 -0 0
-0 -0 0
-0 -0 0
-0 -0 0
-0 -0 0
-0 -0 0
-0 -0 0
-0 -0 0
-0 -0 0
-0 -0 0
-0 -0 0
-0 -0 0
-0 -0 0
-0 -0 0
-0 -0 0
-0 -0 0
-0 -0 0
-0 -0 0
-0 -0 0
-0 -0 0
-0.12817575 -0.025575934 0.25025001
-0.12737104 -0.025856989 0.25300002
-0.12577617 -0.02598474 0.25425002
-0.12403795 -0.026086941 0.25525001
-0.12240154 -0.026214693 0.25650001
-0.12039191 -0.026265793 0.257
-0.11860339 -0.026367996 0.25800002
-0.11713559 -0.026546847 0.25975001
-0.11486331 -0.026546847 0.25975001
-0.11324123 -0.026700152 0.26125002
-0.11127436 -0.026776804 0.26200002
-0.10971033 -0.026955655 0.26375002
-0.10811568 -0.027134506 0.26550001
-0.10609195 -0.027211158 0.26625001
-0.10376281 -0.027211158 0.26625001
-0.10162415 -0.027262259 0.26675001
-0.099848978 -0.027415562 0.26825002
-0.09804754 -0.027568862 0.26975
-0.096219882 -0.027722165 0.27125001
-0.093933493 -0.027747717 0.27150002
-0.091558427 -0.027747717 0.27150002
-0.089183353 -0.027747717 0.27150002
-0.085129678 -0.027211158 0.26625001
-0.079535156 -0.026138041 0.25575
-0.077448994 -0.026189145 0.25625002
-0.07520733 -0.026189145 0.25625002
-0.07310804 -0.026240245 0.25675002
-0.071275994 -0.026393544 0.25825
-0.069284089 -0.026495747 0.25925002
-0.067339309 -0.026623501 0.26050001
-0.06512291 -0.02664905 0.26075003
-0.062962376 -0.026700152 0.26125002
-0.060851172 -0.026776804 0.26200002
-0.058894467 -0.026930103 0.26350001
-0.056804143 -0.027032306 0.26450002
-0.054490313 -0.027032306 0.26450002
-0.052373741 -0.027134506 0.26550001
-0.050145417 -0.027185608 0.266
-0.047953289 -0.027262259 0.26675001
-0.045919057 -0.02744111 0.2685
-0.043773074 -0.027568862 0.26975
-0.041528463 -0.027645513 0.2705
-0.039306924 -0.027747717 0.27150002
-0.038156115 -0.028667532 0.28050002
-0.036020517 -0.028923035 0.28300002
-0.033663377 -0.029025234 0.28400001
-0.031261295 -0.029101888 0.28475001
-0.028846096 -0.029178539 0.28550002
-0.026302412 -0.029127438 0.28500003
-0.023370657 -0.02859088 0.27975002
-0.020811226 -0.028437577 0.27825001
-0.018377108 -0.028437577 0.27825001
-0.016014613 -0.028565329 0.27950001
-0.013593836 -0.028616428 0.28
-0.011204112 -0.028769732 0.28150001
-0.0087648546 -0.028846383 0.28225002
-0.0063068983 -0.028897483 0.28275001
-0.003853752 -0.029050786 0.28425002
-0.0013731591 -0.029178539 0.28550002
0.0011293036 -0.029306291 0.28675002
0.0036441213 -0.02935739 0.28725001
0.0061730458 -0.029434042 0.28800002
0.0087301824 -0.029561793 0.28925002
0.011299457 -0.029663995 0.29025
0.013886228 -0.029766198 0.29125002
0.016476389 -0.02984285 0.29200003
0.019030789 -0.02984285 0.29200003
0 -0 0
0 -0 0
0 -0 0
0 -0 0
0 -0 0
0 -0 0
0 -0 0
0 -0 0
0 -0 0
0 -0 0
0 -0 0
0 -0 0
0 -0 0
0 -0 0
0 -0 0
0 -0 0
0 -0 0
0 -0 0
0 -0 0
0 -0 0
0 -0 0
0 -0 0
0 -0 0
0 -0 0
0 -0 0
0 -0 0
0 -0 0
0 -0 0
0 -0 0
0 -0 0
0 -0 0
0 -0 0
0 -0 0
0 -0 0
0 -0 0
0 -0 0
0 -0 0
0 -0 0
0 -0 0
0 -0 0
0 -0 0
0 -0 0
0 -0 0
0 -0 0
0 -0 0
0 -0 0
0 -0 0
0 -0 0
0 -0 0
0 -0 0
0 -0 0
0 -0 0
0 -0 0
0.063029289 -0.011983129 0.11725
0.062825784 -0.011753176 0.115
0.062721685 -0.011548773 0.11300001
0.06286449 -0.011395471 0.1115
0.062981054 -0.011242169 0.11000001
0.063216701 -0.011114417 0.10875001
0.063577995 -0.011012215 0.10775001
0.064071484 -0.010935565 0.10700001
0.064248078 -0.010807812 0.10575
0.064402804 -0.01068006 0.1045
0.064848185 -0.010603409 0.10375001
0.065280445 -0.010526759 0.10300001
0.065217674 -0.010373455 0.1015
0.065291479 -0.010245704 0.10025001
0.065508433 -0.010143502 0.099250004
0.065707877 -0.0100413 0.098250002
0.065720454 -0.0099135488 0.097000003
0.06588272 -0.0098113464 0.096000001
-0 -0 0
-0 -0 0
-0 -0 0
-0 -0 0
-0 -0 0
-0 -0 0
-0 -0 0
-0 -0 0
-0 -0 0
-0 -0 0
-0 -0 0
-0 -0 0
-0 -0 0
-0 -0 0
-0 -0 0
-0 -0 0
-0 -0 0
-0 -0 0
-0 -0 0
-0 -0 0
-0 -0 0
-0 -0 0
-0 -0 0
-0.12913309 -0.023972567 0.25650001
-0.12775494 -0.024136122 0.25825
-0.12586024 -0.024206217 0.259
-0.12359453 -0.024206217 0.259
-0.12238283 -0.024416504 0.26125002
-0.12032728 -0.024463234 0.26175001
-0.1186012 -0.02458006 0.26300001
-0.11652159 -0.02462679 0.26350001
-0.11475832 -0.024743615 0.26475
-0.11307938 -0.024883807 0.26625001
-0.11106221 -0.024953902 0.26700002
-0.10903192 -0.025023997 0.26775002
-0.10708812 -0.025117457 0.26875001
-0.1050294 -0.025187552 0.26950002
-0.10305279 -0.025281012 0.2705
-0.10133787 -0.025444569 0.27225003
-0.099228837 -0.025514662 0.273
-0.097018026 -0.025561394 0.27350003
-0.095057927 -0.025678219 0.27475002
-0.092907347 -0.025748312 0.2755
-0.090579405 -0.025771679 0.27575001
-0.087048098 -0.025444569 0.27225003
-0.080701366 -0.024252949 0.25950003
-0.078053467 -0.024136122 0.25825
-0.075720936 -0.024112759 0.25800002
-0.073891088 -0.024252949 0.25950003
-0.071827993 -0.024323042 0.26025
-0.069818586 -0.024416504 0.26125002
-0.067856312 -0.02453333 0.26250002
-0.065684848 -0.02458006 0.26300001
-0.063444391 -0.024603426 0.26325002
-0.061373744 -0.024696885 0.26425001
-0.059397362 -0.024837077 0.26575002
-0.057233665 -0.024907172 0.26650003
-0.055005342 -0.024953902 0.26700002
-0.052768271 -0.025000632 0.26750001
-0.050428193 -0.025000632 0.26750001
-0.048402712 -0.025164187 0.26925001
-0.046261102 -0.025281012 0.2705
-0.044138189 -0.025421202 0.27200001
-0.041835513 -0.025467932 0.27250001
-0.039632667 -0.025584757 0.27375001
-0.038428169 -0.026402535 0.2825
-0.036370534 -0.02670628 0.28575
-0.033959709 -0.026776377 0.28650001
-0.0316181 -0.026916567 0.28800002
-0.029174468 -0.026986664 0.28875002
-0.02660235 -0.02693993 0.28825
-0.02357951 -0.026379172 0.28225002
-0.020960813 -0.02619225 0.28025001
-0.018542223 -0.02623898 0.28075001
-0.016129207 -0.026309075 0.28150001
-0.013763759 -0.026495997 0.28350002
-0.011323516 -0.026589455 0.2845
-0.0088424888 -0.026612822 0.28475001
-0.0063738148 -0.02670628 0.28575
-0.0038808673 -0.026753012 0.28625003
-0.0013851832 -0.026916567 0.28800002
0.0011411185 -0.027080122 0.28975001
0.0036853517 -0.027150217 0.29050002
0.0062427069 -0.027220314 0.29125002
0.0087980926 -0.027243678 0.2915
0.011396782 -0.027360503 0.29275
0.014017343 -0.027477328 0.294
0.01667388 -0.02761752 0.29550001
0.019226311 -0.02757079 0.29500002
0 -0 0
0 -0 0
0 -0 0
0 -0 0
0 -0 0
0 -0 0
0 -0 0
0 -0 0
0 -0 0
0 -0 0
0 -0 0
0 -0 0
0 -0 0
0 -0 0
0 -0 0
0 -0 0
0 -0 0
0 -0 0
0 -0 0
0 -0 0
0 -0 0
0 -0 0
0 -0 0
0 -0 0
0 -0 0
0 -0 0
0 -0 0
0 -0 0
0 -0 0
0 -0 0
0 -0 0
0 -0 0
0 -0 0
0 -0 0
0 -0 0
0 -0 0
0 -0 0
0 -0 0
0 -0 0
0 -0 0
0 -0 0
0 -0 0
0 -0 0
0 -0 0
0 -0 0
0 -0 0
0 -0 0
0 -0 0
0 -0 0
0 -0 0
0 -0 0
0.061367951 -0.011028316 0.11800001
0.06200359 -0.01095822 0.11725
0.062491726 -0.010864761 0.11625001
0.062416051 -0.01067784 0.11425
0.062721685 -0.010561015 0.11300001
0.06286449 -0.010420823 0.1115
0.062981054 -0.010280633 0.11000001
0.063507348 -0.010210538 0.10925
0.064020529 -0.010140443 0.1085
0.064370878 -0.010046982 0.1075
0.064551853 -0.0099301571 0.10625
0.064710952 -0.009813332 0.105
0.064848185 -0.0096965069 0.10375001
0.065121993 -0.0096030459 0.10275
0.065378301 -0.0095095858 0.10175
0.065454297 -0.0093927607 0.1005
0.065673441 -0.0092993006 0.099500008
0.065875076 -0.0092058396 0.098500006
0.065889835 -0.0090890145 0.097250007
0.06588272 -0.0089721885 0.096000001
-0 -0 0
-0 -0 0
-0 -0 0
-0 -0 0
-0 -0 0
-0 -0 0
-0 -0 0
-0 -0 0
-0 -0 0
-0 -0 0
-0 -0 0
-0 -0 0
-0 -0 0
-0 -0 0
-0 -0 0
-0 -0 0
-0 -0 0
-0 -0 0
-0 -0 0
-0 -0 0
-0 -0 0
-0 -0 0
-0 -0 0
-0.13051756 -0.021963419 0.25925002
-0.12849699 -0.02200578 0.25975001
-0.12683214 -0.022111678 0.26100001
-0.12550333 -0.022281116 0.26300001
-0.1239053 -0.022408195 0.26450002
-0.12182131 -0.022450555 0.26500002
-0.11995406 -0.022535272 0.266
-0.11795876 -0.022598812 0.26675001
-0.11649216 -0.022768252 0.26875001
-0.11424734 -0.022789432 0.26900002
-0.11199812 -0.02281061 0.26925001
-0.10994815 -0.02287415 0.27000001
-0.10828351 -0.023022408 0.27175
-0.10629599 -0.023107128 0.27275002
-0.10429095 -0.023191845 0.27375001
-0.10226843 -0.023276566 0.27475002
-0.09986493 -0.023276566 0.27475002
-0.098259561 -0.023467183 0.27700001
-0.096095867 -0.023530724 0.27775002
-0.09375044 -0.023551904 0.27800003
-0.091482744 -0.023594262 0.27850002
-0.08864677 -0.023488363 0.27725002
-0.082023062 -0.022344656 0.26375002
-0.078657947 -0.022048138 0.26025
-0.076381288 -0.022048138 0.26025
-0.074531756 -0.022175217 0.26175001
-0.072517984 -0.022259936 0.26275
-0.070553511 -0.022365835 0.264
-0.068567187 -0.022471735 0.26525003
-0.066246793 -0.022471735 0.26525003
-0.064046897 -0.022514094 0.26575002
-0.062128577 -0.022662353 0.26750001
-0.059844382 -0.022683533 0.26775002
-0.05766318 -0.02274707 0.2685
-0.055520374 -0.02283179 0.26950002
-0.053360064 -0.022916509 0.2705
-0.051088005 -0.022958871 0.27100003
-0.048897076 -0.023043588 0.27200001
-0.046688654 -0.023128306 0.273
-0.044584442 -0.023276566 0.27475002
-0.042334471 -0.023361284 0.27575001
-0.039958417 -0.023382464 0.27600002
-0.038700227 -0.024102576 0.2845
-0.03665692 -0.024399094 0.28800002
-0.034344941 -0.024547352 0.28975001
-0.031920008 -0.024632072 0.29075003
-0.0294018 -0.02465325 0.29100001
-0.026833074 -0.024632072 0.29075003
-0.023809249 -0.024144936 0.28500003
-0.021185193 -0.023996677 0.28325
-0.01874036 -0.024039038 0.28375003
-0.016315425 -0.024123756 0.28475001
-0.013897271 -0.024250835 0.28625003
-0.01141307 -0.024293195 0.28675002
-0.0089123584 -0.024314374 0.287
-0.0064295786 -0.024420273 0.28825
-0.0039283186 -0.024547352 0.28975001
-0.0014008146 -0.02467443 0.29125002
0.0011509642 -0.024759149 0.29225001
0.003720239 -0.02484387 0.29325002
0.0063123684 -0.024949769 0.29450002
0.0089037297 -0.024992127 0.29500002
0.011494108 -0.025013307 0.29525003
0.014160377 -0.025161566 0.29700002
0.016758518 -0.025161566 0.29700002
0.019324072 -0.025119206 0.29650003
0 -0 0
0 -0 0
0 -0 0
0 -0 0
0 -0 0
0 -0 0
0 -0 0
0 -0 0
0 -0 0
0 -0 0
0 -0 0
0 -0 0
0 -0 0
0 -0 0
0 -0 0
0 -0 0
0 -0 0
0 -0 0
0 -0 0
0 -0 0
0 -0 0
0 -0 0
0 -0 0
0 -0 0
0 -0 0
0 -0 0
0 -0 0
0 -0 0
0 -0 0
0 -0 0
0 -0 0
0 -0 0
0 -0 0
0 -0 0
0 -0 0
0 -0 0
0 -0 0
0 -0 0
0 -0 0
0 -0 0
0 -0 0
0 -0 0
0 -0 0
0 -0 0
0 -0 0
0 -0 0
0 -0 0
0 -0 0
0 -0 0
0.060811143 -0.010251008 0.12100001
0.061230496 -0.010145109 0.11975001
0.061497964 -0.01001803 0.11825
0.061871391 -0.0099121314 0.11700001
0.062357333 -0.0098274127 0.116
0.062689207 -0.0097215138 0.11475001
0.062999219 -0.009615615 0.11350001
0.063146397 -0.009488536 0.112
0.063410468 -0.0093826372 0.11075
0.063943326 -0.0093190987 0.11000001
0.064463064 -0.0092555583 0.10925
0.064969681 -0.0091920197 0.1085
0.065311283 -0.0091073001 0.1075
0.065327249 -0.008980222 0.10600001
0.065316968 -0.0088531431 0.1045
0.065755785 -0.0087896036 0.10375001
0.065699577 -0.0086625246 0.10225
0.065779947 -0.0085566267 0.101
0.065673441 -0.0084295478 0.099500008
0.065707877 -0.0083236489 0.098250002
0.065551072 -0.0081965709 0.096750006
0.065539584 -0.0080906721 0.095500007
-0 -0 0
-0 -0 0
-0 -0 0
-0 -0 0
-0 -0 0
-0 -0 0
-0 -0 0
-0 -0 0
-0 -0 0
-0 -0 0
-0 -0 0
-0 -0 0
-0 -0 0
-0 -0 0
-0 -0 0
-0 -0 0
-0 -0 0
-0 -0 0
-0 -0 0
-0 -0 0
-0 -0 0
-0 -0 0
-0 -0 0
-0 -0 0
-0.1293627 -0.019868204 0.2615
-0.12828998 -0.020058149 0.264
-0.12693493 -0.020210106 0.266
-0.1249593 -0.02026709 0.26675001
-0.12320042 -0.020362062 0.26800001
-0.12119418 -0.020419044 0.26875001
-0.11917484 -0.020476028 0.26950002
-0.11746746 -0.020589996 0.27100003
-0.11530911 -0.020627985 0.27150002
-0.11324602 -0.020684969 0.27225003
-0.11137341 -0.020779941 0.27350003
-0.10937931 -0.020855919 0.27450001
-0.10717285 -0.020893907 0.27500001
-0.10514814 -0.020969886 0.27600002
-0.10301287 -0.021026867 0.27675
-0.10104623 -0.021121841 0.27800003
-0.098880336 -0.021178823 0.27875
-0.096874312 -0.021273796 0.28
-0.094593517 -0.021311786 0.28050002
-0.092139713 -0.021311786 0.28050002
-0.089925706 -0.021368768 0.28125
-0.083966732 -0.020514017 0.27000001
-0.079413548 -0.019963177 0.26275
-0.077188395 -0.019982172 0.26300001
-0.075314805 -0.02009614 0.26450002
-0.073207974 -0.020153124 0.26525003
-0.071021199 -0.020191113 0.26575002
-0.069019563 -0.020286085 0.26700002
-0.066933602 -0.020362062 0.26800001
-0.064830162 -0.020438042 0.26900002
-0.062535025 -0.020457033 0.26925001
-0.06040315 -0.020533012 0.27025002
-0.058307469 -0.020627985 0.27150002
-0.056035403 -0.020665973 0.27200001
-0.05390254 -0.020760946 0.27325001
-0.051653553 -0.02081793 0.27400002
-0.049391441 -0.020874914 0.27475002
-0.047244471 -0.020988878 0.27625
-0.045030691 -0.02108385 0.2775
-0.042641521 -0.021102846 0.27775002
-0.040320359 -0.02115983 0.27850002
-0.039074309 -0.021824636 0.28725001
-0.037070584 -0.022128547 0.29125002
-0.034582008 -0.022166535 0.29175001
-0.032249361 -0.022318492 0.29375002
-0.02975543 -0.022375476 0.29450002
-0.027133012 -0.022337485 0.294
-0.024018101 -0.021843631 0.28750002
-0.021409573 -0.021748658 0.28625003
-0.01898803 -0.021843631 0.28750002
-0.016487315 -0.021862624 0.28775001
-0.013994369 -0.021900613 0.28825
-0.011532474 -0.022014581 0.28975001
-0.0090210456 -0.022071563 0.29050002
-0.0065243775 -0.022223519 0.29250002
-0.0039757704 -0.022280503 0.29325002
-0.0014164461 -0.022375476 0.29450002
0.0011647482 -0.022470448 0.29575002
0.0037741554 -0.022603408 0.29750001
0.0064034634 -0.02269838 0.29875001
0.0090244589 -0.022717375 0.29900002
0.011659561 -0.022755364 0.29950002
0.014315331 -0.022812348 0.30025002
0.016927795 -0.022793353 0.30000001
0.019372951 -0.022584412 0.29725
0 -0 0
0 -0 0
0 -0 0
0 -0 0
0 -0 0
0 -0 0
0 -0 0
0 -0 0
0 -0 0
0 -0 0
0 -0 0
0 -0 0
0 -0 0
0 -0 0
0 -0 0
0 -0 0
0 -0 0
0 -0 0
0 -0 0
0 -0 0
0 -0 0
0 -0 0
0 -0 0
0 -0 0
0 -0 0
0 -0 0
0 -0 0
0 -0 0
0 -0 0
0 -0 0
0 -0 0
0 -0 0
0 -0 0
0 -0 0
0 -0 0
0 -0 0
0 -0 0
0 -0 0
0 -0 0
0 -0 0
0 -0 0
0 -0 0
0 -0 0
0 -0 0
0 -0 0
0 -0 0
0 -0 0
0 -0 0
0.060493376 -0.0093072858 0.1225
0.061062429 -0.0092313085 0.12150001
0.061486155 -0.0091363359 0.12025001
0.061758 -0.009022369 0.11875001
0.062135797 -0.0089273965 0.11750001
0.062626116 -0.0088514183 0.11650001
0.063098937 -0.008775441 0.1155
0.063554272 -0.0086994637 0.11450001
0.063710205 -0.0085854959 0.11300001
0.063983023 -0.0084905243 0.11175001
0.064524628 -0.0084335413 0.11100001
0.064758092 -0.0083385678 0.10975
0.065269083 -0.0082815848 0.109
0.065918833 -0.0082435962 0.1085
0.067022055 -0.0082625905 0.10875001
0.069067225 -0.0083955517 0.11050001
0 -0 0
0.065860212 -0.0077877291 0.10250001
0.066105589 -0.0077117509 0.1015
0 -0 0
0 -0 0
0 -0 0
0 -0 0
-0 -0 0
-0 -0 0
-0 -0 0
-0 -0 0
-0 -0 0
-0 -0 0
-0 -0 0
-0 -0 0
-0 -0 0
-0 -0 0
-0 -0 0
-0 -0 0
-0 -0 0
-0 -0 0
-0 -0 0
-0 -0 0
-0 -0 0
-0 -0 0
-0 -0 0
-0 -0 0
-0 -0 0
-0 -0 0
-0 -0 0
-0 -0 0
-0.13097046 -0.017800892 0.26475
-0.12974782 -0.017952176 0.26700002
-0.12836653 -0.018086649 0.26900002
-0.12648177 -0.018153885 0.27000001
-0.12423476 -0.018170696 0.27025002
-0.1220961 -0.018204313 0.27075002
-0.1201698 -0.018271549 0.27175
-0.11865946 -0.018406022 0.27375001
-0.11637089 -0.018422833 0.27400002
-0.11428592 -0.01847326 0.27475002
-0.11239145 -0.018557306 0.27600002
-0.11017624 -0.018590923 0.27650002
-0.10814715 -0.018658159 0.2775
-0.10600532 -0.018708587 0.27825001
-0.10394344 -0.018775824 0.27925003
-0.10177317 -0.01882625 0.28
-0.099589795 -0.018876679 0.28075001
-0.097652771 -0.018977534 0.28225002
-0.095605209 -0.01906158 0.28350002
-0.093453638 -0.019128816 0.2845
-0.091044791 -0.019145625 0.28475001
-0.086299144 -0.018658159 0.2775
-0.080395825 -0.017884938 0.266
-0.077995501 -0.01786813 0.26575002
-0.075884297 -0.017918559 0.26650003
-0.073828965 -0.017985795 0.26750001
-0.071689323 -0.018036222 0.26825002
-0.069536567 -0.018086649 0.26900002
-0.067620426 -0.018204313 0.27075002
-0.065372422 -0.018237932 0.27125001
-0.063231796 -0.018305169 0.27225003
-0.061073676 -0.018372405 0.27325001
-0.058736987 -0.018389214 0.27350003
-0.05649893 -0.018439639 0.27425
-0.054445021 -0.018557306 0.27600002
-0.052171968 -0.018607732 0.27675
-0.049795918 -0.018624542 0.27700001
-0.047629271 -0.018725397 0.27850002
-0.045395806 -0.018809443 0.27975002
-0.043025333 -0.01884306 0.28025001
-0.040790886 -0.018943917 0.28175002
-0.039380375 -0.019465001 0.28950003
-0.037388787 -0.019750755 0.29375002
-0.03496724 -0.019834802 0.29500002
-0.032523826 -0.019918846 0.29625002
-0.030008024 -0.019969275 0.29700002
-0.027317591 -0.019902037 0.296
-0.024310494 -0.019565854 0.29100001
-0.021633953 -0.019448191 0.28925002
-0.019169653 -0.019515427 0.29025
-0.016702181 -0.019599471 0.2915
-0.014212841 -0.019683518 0.29275
-0.011661829 -0.019700328 0.29300001
-0.0091219703 -0.019750755 0.29375002
-0.0065801414 -0.019834802 0.29500002
-0.0040028859 -0.01985161 0.29525003
-0.0014332798 -0.020036511 0.29800001
0.0011775476 -0.020103749 0.29900002
0.0037995279 -0.020137366 0.29950002
0.0064516906 -0.020238221 0.30100003
0.0091225505 -0.020322267 0.30225003
0.011776351 -0.020339075 0.30250001
0.014458365 -0.020389503 0.30325001
0.0171535 -0.02043993 0.30400002
0 -0 0
0 -0 0
0 -0 0
0 -0 0
0 -0 0
0 -0 0
0 -0 0
0 -0 0
0 -0 0
0 -0 0
0 -0 0
0 -0 0
0 -0 0
0 -0 0
0 -0 0
0 -0 0
0 -0 0
0 -0 0
0 -0 0
0 -0 0
0 -0 0
0 -0 0
0 -0 0
0 -0 0
0 -0 0
0 -0 0
0 -0 0
0 -0 0
0 -0 0
0 -0 0
0 -0 0
0 -0 0
0 -0 0
0 -0 0
0 -0 0
0 -0 0
0 -0 0
0 -0 0
0 -0 0
0 -0 0
0 -0 0
0 -0 0
0 -0 0
0 -0 0
0 -0 0
0 -0 0
0 -0 0
0.060493603 -0.0085390499 0.127
0.061362062 -0.0085054319 0.12650001
0.060987201 -0.0083037214 0.1235
0.061188072 -0.0081860572 0.12175
0.061613984 -0.0081020119 0.12050001
0.062018033 -0.0080179665 0.11925001
0.06253241 -0.0079507297 0.11825
0.063163683 -0.0079003023 0.11750001
0.063645251 -0.0078330655 0.11650001
0.0642481 -0.0077826381 0.11575001
0.064555913 -0.0076985923 0.11450001
0.064985 -0.0076313554 0.11350001
0 -0 0
0 -0 0
0 -0 0
0 -0 0
0 -0 0
0 -0 0
0 -0 0
0 -0 0
0 -0 0
0 -0 0
0 -0 0
0 -0 0
0 -0 0
-0 -0 0
-0 -0 0
-0 -0 0
-0 -0 0
-0 -0 0
-0 -0 0
-0 -0 0
-0 -0 0
-0 -0 0
-0 -0 0
-0 -0 0
-0 -0 0
-0 -0 0
-0 -0 0
-0 -0 0
-0 -0 0
-0 -0 0
-0 -0 0
-0 -0 0
-0 -0 0
-0 -0 0
-0 -0 0
-0 -0 0
-0 -0 0
-0 -0 0
-0.13059823 -0.015720634 0.26875001
-0.12944022 -0.015866872 0.27125001
-0.12777002 -0.015954616 0.27275002
-0.12584372 -0.01601311 0.27375001
-0.12378718 -0.016056983 0.27450001
-0.12149642 -0.016071606 0.27475002
-0.11952638 -0.016130101 0.27575001
-0.11743267 -0.016173974 0.27650002
-0.11542982 -0.016232468 0.2775
-0.11340948 -0.016290965 0.27850002
-0.11127203 -0.016334835 0.27925003
-0.1096086 -0.016451826 0.28125
-0.10733873 -0.016481075 0.28175002
-0.10496704 -0.016495697 0.28200001
-0.10268185 -0.016524944 0.2825
-0.10065398 -0.016598066 0.28375003
-0.098517723 -0.016656561 0.28475001
-0.096363977 -0.016715055 0.28575
-0.094110608 -0.016758926 0.28650001
-0.091604322 -0.016758926 0.28650001
-0.088320561 -0.016612688 0.28400001
-0.081302553 -0.015735259 0.26900002
-0.078729235 -0.015691387 0.26825002
-0.076738529 -0.015764507 0.26950002
-0.074587956 -0.015808377 0.27025002
-0.072290629 -0.015823001 0.2705
-0.070118189 -0.015866872 0.27125001
-0.068119936 -0.015954616 0.27275002
-0.06585443 -0.015983863 0.27325001
-0.063870497 -0.01608623 0.27500001
-0.061632443 -0.016130101 0.27575001
-0.059273891 -0.016144726 0.27600002
-0.057065465 -0.016203221 0.27700001
-0.054839551 -0.016261717 0.27800003
-0.052596133 -0.016320212 0.27900001
-0.050290283 -0.016364085 0.27975002
-0.048056819 -0.016437203 0.28100002
-0.045760918 -0.016495697 0.28200001
-0.043601051 -0.016612688 0.28400001
-0.041261412 -0.016671184 0.28500003
-0.039720446 -0.017080652 0.29200003
-0.03780245 -0.01737313 0.29700002
-0.035322838 -0.017431624 0.29800001
-0.032853179 -0.017504742 0.29925001
-0.030336393 -0.017563239 0.30025002
-0.027732892 -0.017577862 0.30050001
-0.024477577 -0.017139148 0.29300001
-0.021820936 -0.017066028 0.29175001
-0.019334765 -0.017124522 0.29275
-0.016788127 -0.017139148 0.29300001
-0.01430994 -0.017241513 0.29475001
-0.011761333 -0.017285386 0.29550001
-0.0092461845 -0.017417001 0.29775003
-0.0066470578 -0.017431624 0.29800001
-0.0040571159 -0.017504742 0.29925001
-0.0014453039 -0.017577862 0.30050001
0.0011864087 -0.017621733 0.30125001
0.0038280718 -0.017650981 0.30175
0.0065159928 -0.017782597 0.30400002
0.009220642 -0.017870339 0.3055
0.011912607 -0.017899588 0.30600002
0.014601398 -0.017914211 0.30625001
0.01735099 -0.01798733 0.3075
0 -0 0
0 -0 0
0 -0 0
0 -0 0
0 -0 0
0 -0 0
0 -0 0
0 -0 0
0 -0 0
0 -0 0
0 -0 0
0 -0 0
0 -0 0
0 -0 0
0 -0 0
0 -0 0
0 -0 0
0 -0 0
0 -0 0
0 -0 0
0 -0 0
0 -0 0
0 -0 0
0 -0 0
0 -0 0
0 -0 0
0 -0 0
0 -0 0
0 -0 0
0 -0 0
0 -0 0
0 -0 0
0 -0 0
0 -0 0
0 -0 0
0 -0 0
0 -0 0
0 -0 0
0 -0 0
0 -0 0
0 -0 0
0 -0 0
0 -0 0
0 -0 0
0 -0 0
0 -0 0
0.059616409 -0.0074581616 0.12750001
0.060612682 -0.007443537 0.12725
0.061119519 -0.0073704179 0.126
0.060987201 -0.0072241798 0.1235
0.061439358 -0.0071510607 0.12225001
0.061997473 -0.0070925648 0.12125
0.062668115 -0.0070486935 0.12050001
0.063193426 -0.006990198 0.1195
0.063701242 -0.0069317031 0.11850001
0.063918404 -0.0068439599 0.11700001
0 -0 0
0 -0 0
0 -0 0
0 -0 0
0 -0 0
0 -0 0
0 -0 0
0 -0 0
0 -0 0
0 -0 0
0 -0 0
0 -0 0
0 -0 0
0 -0 0
0 -0 0
0 -0 0
-0 -0 0
-0 -0 0
-0 -0 0
-0 -0 0
-0 -0 0
-0 -0 0
-0 -0 0
-0 -0 0
-0 -0 0
-0 -0 0
-0 -0 0
-0 -0 0
-0 -0 0
-0 -0 0
-0 -0 0
-0 -0 0
-0 -0 0
-0 -0 0
-0 -0 0
-0 -0 0
-0 -0 0
-0 -0 0
-0 -0 0
-0 -0 0
-0 -0 0
-0 -0 0
-0.13063322 -0.0136202 0.27375001
-0.12870692 -0.013669955 0.27475002
-0.1271079 -0.013757024 0.27650002
-0.12502731 -0.01379434 0.27725002
-0.1229336 -0.013831656 0.27800003
-0.1207184 -0.013856533 0.27850002
-0.11828209 -0.013856533 0.27850002
-0.11646973 -0.013931164 0.28
-0.11463113 -0.014005795 0.28150001
-0.11246743 -0.01404311 0.28225002
-0.11029062 -0.014080427 0.28300002
-0.10819591 -0.01413018 0.28400001
-0.10599066 -0.014167496 0.28475001
-0.10377229 -0.014204812 0.28550002
-0.10136343 -0.014217249 0.28575
-0.099209681 -0.014267005 0.28675002
-0.09703844 -0.014316758 0.28775001
-0.094767578 -0.014354074 0.28850001
-0.092483602 -0.01439139 0.28925002
-0.089875504 -0.014378951 0.289
-0.082889311 -0.013645077 0.27425
-0.07968308 -0.013508254 0.27150002
-0.077450387 -0.01353313 0.27200001
-0.075277947 -0.013570447 0.27275002
-0.073159181 -0.0136202 0.27375001
-0.070958316 -0.013657516 0.27450001
-0.068744309 -0.013694832 0.27525002
-0.066577442 -0.013744585 0.27625
-0.064276949 -0.013769462 0.27675
-0.062079463 -0.013819217 0.27775002
-0.059971862 -0.013893849 0.27925003
-0.057632003 -0.013918726 0.27975002
-0.055431344 -0.013980919 0.28100002
-0.053161684 -0.014030672 0.28200001
-0.050829589 -0.014067988 0.28275001
-0.04856988 -0.01413018 0.28400001
-0.046491146 -0.014254565 0.28650001
-0.044023246 -0.014267005 0.28675002
-0.041514769 -0.014267005 0.28675002
-0.039958496 -0.014615283 0.29375002
-0.03812065 -0.01490137 0.29950002
-0.03570807 -0.014988439 0.30125001
-0.033182535 -0.015038194 0.30225003
-0.030563725 -0.015050632 0.30250001
-0.027871327 -0.015025755 0.30200002
-0.024749085 -0.014739669 0.29625002
-0.021989219 -0.014627721 0.294
-0.019549413 -0.01472723 0.296
-0.017088939 -0.014839177 0.29825002
-0.014528412 -0.014888931 0.29925001
-0.01195039 -0.014938686 0.30025002
-0.0093315812 -0.014951124 0.30050001
-0.006719551 -0.014988439 0.30125001
-0.0041079572 -0.015075509 0.303
-0.0014633401 -0.015137701 0.30425
0.0012001928 -0.01516258 0.30475003
0.0038788167 -0.015212333 0.30575001
0.0066017299 -0.015324281 0.30800003
0.0093262801 -0.015374035 0.30900002
0.012048862 -0.015398911 0.30950001
0.014768273 -0.01541135 0.30975002
0.017463842 -0.015398911 0.30950001
0 -0 0
0 -0 0
0 -0 0
0 -0 0
0 -0 0
0 -0 0
0 -0 0
0 -0 0
0 -0 0
0 -0 0
0 -0 0
0 -0 0
0 -0 0
0 -0 0
0 -0 0
0 -0 0
0 -0 0
0 -0 0
0 -0 0
0 -0 0
0 -0 0
0 -0 0
0 -0 0
0 -0 0
0 -0 0
0 -0 0
0 -0 0
0 -0 0
0 -0 0
0 -0 0
0 -0 0
0 -0 0
0 -0 0
0 -0 0
0 -0 0
0 -0 0
0 -0 0
0 -0 0
0 -0 0
0 -0 0
0 -0 0
0 -0 0
0 -0 0
0 -0 0
0 -0 0
0 -0 0
0.060668465 -0.0064556021 0.12975001
0.060850851 -0.0063560936 0.12775001
0.06099825 -0.006256585 0.12575001
0.061357565 -0.0061819539 0.12425
0.061941929 -0.0061321999 0.12325001
0.062636621 -0.0060948841 0.1225
0.063578233 -0.0060824454 0.12225001
0.063722245 -0.005995376 0.12050001
0 -0 0
0 -0 0
0 -0 0
0 -0 0
0 -0 0
0 -0 0
0 -0 0
0 -0 0
0 -0 0
0 -0 0
0 -0 0
0 -0 0
0 -0 0
0 -0 0
0 -0 0
0 -0 0
0 -0 0
0 -0 0
-0 -0 0
-0 -0 0
-0 -0 0
-0 -0 0
-0 -0 0
-0 -0 0
-0 -0 0
-0 -0 0
-0 -0 0
-0 -0 0
-0 -0 0
-0 -0 0
-0 -0 0
-0 -0 0
-0 -0 0
-0 -0 0
-0 -0 0
-0 -0 0
-0 -0 0
-0 -0 0
-0 -0 0
-0 -0 0
-0 -0 0
-0 -0 0
-0 -0 0
-0 -0 0
-0 -0 0
-0.13011228 -0.011391341 0.27775002
-0.12791239 -0.011411847 0.27825001
-0.12570374 -0.011432352 0.27875
-0.12359691 -0.011463112 0.27950001
-0.12180204 -0.011524633 0.28100002
-0.1196624 -0.011555392 0.28175002
-0.11740565 -0.011575898 0.28225002
-0.11554737 -0.011637419 0.28375003
-0.11316475 -0.011647671 0.28400001
-0.11107005 -0.011688684 0.28500003
-0.10895785 -0.011729697 0.28600001
-0.10682816 -0.011770709 0.287
-0.10477184 -0.011821975 0.28825
-0.10260498 -0.011862989 0.28925002
-0.10024762 -0.011883495 0.28975001
-0.097965829 -0.011914255 0.29050002
-0.095670909 -0.011945015 0.29125002
-0.093282938 -0.011965522 0.29175001
-0.090963967 -0.011996281 0.29250002
-0.084400512 -0.01145286 0.27925003
-0.080270067 -0.011217035 0.27350003
-0.07801988 -0.011237542 0.27400002
-0.075898938 -0.011278555 0.27500001
-0.073760495 -0.011319568 0.27600002
-0.071604565 -0.01136058 0.27700001
-0.06936869 -0.011391341 0.27775002
-0.067300461 -0.01145286 0.27925003
-0.065031782 -0.011483619 0.28
-0.062749982 -0.011514379 0.28075001
-0.06056245 -0.011565645 0.28200001
-0.058301542 -0.011606659 0.28300002
-0.056023136 -0.011647671 0.28400001
-0.053727236 -0.011688684 0.28500003
-0.051413838 -0.011729697 0.28600001
-0.049168456 -0.011791216 0.28750002
-0.046977967 -0.011873242 0.28950003
-0.0445222 -0.011893749 0.29000002
-0.042057682 -0.011914255 0.29050002
-0.040434595 -0.012191092 0.29725
-0.038661595 -0.012457676 0.30375001
-0.036093302 -0.012488436 0.30450001
-0.033511892 -0.012519196 0.30525002
-0.030892096 -0.012539702 0.30575001
-0.028148193 -0.012508942 0.30500001
-0.02504148 -0.012293624 0.29975
-0.022288393 -0.012221851 0.29800001
-0.019797083 -0.012293624 0.29975
-0.017232182 -0.012334637 0.30075002
-0.014637649 -0.012365398 0.30150002
-0.012039943 -0.01240641 0.30250001
-0.0094169788 -0.012437169 0.30325001
-0.0068143494 -0.012529449 0.3055
-0.0041520195 -0.012560208 0.30625001
-0.001480174 -0.012621728 0.30775002
0.0012120076 -0.012621728 0.30775002
0.0039295619 -0.012703754 0.30975002
0.0066821082 -0.01278578 0.31175002
0.0094168261 -0.012796032 0.31200001
0.012155919 -0.012806286 0.31225002
0.014958985 -0.012867806 0.31375003
0.017675441 -0.012847299 0.31325001
0 -0 0
0 -0 0
0 -0 0
0 -0 0
0 -0 0
0 -0 0
0 -0 0
0 -0 0
0 -0 0
0 -0 0
0 -0 0
0 -0 0
0 -0 0
0 -0 0
0 -0 0
0 -0 0
0 -0 0
0 -0 0
0 -0 0
0 -0 0
0 -0 0
0 -0 0
0 -0 0
0 -0 0
0 -0 0
0 -0 0
0 -0 0
0 -0 0
0 -0 0
0 -0 0
0 -0 0
0 -0 0
0 -0 0
0 -0 0
0 -0 0
0 -0 0
0 -0 0
0 -0 0
0 -0 0
0 -0 0
0 -0 0
0 -0 0
0 -0 0
0 -0 0
0 -0 0
0.060565781 -0.0054137059 0.132
0.060434669 -0.0053009205 0.12925
0.06096993 -0.0052496544 0.12800001
0.061240785 -0.0051778816 0.12625
0.06197485 -0.0051471223 0.12550001
0.062821425 -0.0051266155 0.125
0.063531429 -0.0050958558 0.12425
0 -0 0
0 -0 0
0.065179542 -0.0049728174 0.12125
0 -0 0
0 -0 0
0 -0 0
0 -0 0
0 -0 0
0 -0 0
0 -0 0
0 -0 0
0 -0 0
0 -0 0
0 -0 0
0 -0 0
0 -0 0
0 -0 0
0 -0 0
0 -0 0
0 -0 0
-0 -0 0
-0 -0 0
-0 -0 0
-0 -0 0
-0 -0 0
-0 -0 0
-0 -0 0
-0 -0 0
-0 -0 0
-0 -0 0
-0 -0 0
-0 -0 0
-0 -0 0
-0 -0 0
-0 -0 0
-0 -0 0
-0 -0 0
-0 -0 0
-0 -0 0
-0 -0 0
-0 -0 0
-0 -0 0
-0 -0 0
-0 -0 0
-0 -0 0
-0 -0 0
-0 -0 0
-0.13081495 -0.0090118712 0.27925003
-0.12883179 -0.0090441424 0.28025001
-0.12660564 -0.0090602785 0.28075001
-0.12448132 -0.0090844827 0.28150001
-0.12277732 -0.0091409571 0.28325
-0.120618 -0.0091651613 0.28400001
-0.11844555 -0.0091893654 0.28475001
-0.11615819 -0.0092055015 0.28525001
-0.1140613 -0.0092377737 0.28625003
-0.11204435 -0.009278113 0.28750002
-0.1097198 -0.0092942482 0.28800002
-0.10766567 -0.0093345884 0.28925002
-0.10558967 -0.0093749277 0.29050002
-0.10340311 -0.009407199 0.2915
-0.10111257 -0.0094314031 0.29225001
-0.098808907 -0.0094556073 0.29300001
-0.096327879 -0.0094636753 0.29325002
-0.094002344 -0.0094878785 0.294
-0.091508187 -0.0094959466 0.29425001
-0.08659175 -0.0092458408 0.28650001
-0.081150539 -0.0089231236 0.27650002
-0.078589365 -0.0089069884 0.27600002
-0.076657929 -0.0089634638 0.27775002
-0.074562237 -0.0090038031 0.27900001
-0.072186194 -0.0090118712 0.27925003
-0.069930628 -0.0090360744 0.28
-0.067842714 -0.0090844827 0.28150001
-0.06561242 -0.0091167539 0.2825
-0.063308753 -0.0091409571 0.28325
-0.060991969 -0.0091651613 0.28400001
-0.058816575 -0.0092135696 0.28550002
-0.056713562 -0.009278113 0.28750002
-0.054245654 -0.0092861801 0.28775001
-0.051818315 -0.0093023162 0.28825
-0.049638759 -0.0093668597 0.29025
-0.047302507 -0.009407199 0.2915
-0.044752486 -0.009407199 0.2915
-0.042419624 -0.0094556073 0.29300001
-0.040842686 -0.0096895769 0.30025002
-0.038979795 -0.0098832063 0.30625001
-0.036478534 -0.0099316146 0.30775002
-0.033868693 -0.0099558188 0.30850002
-0.031245729 -0.009980022 0.30925003
-0.028586568 -0.0099961581 0.30975002
-0.025312988 -0.0097783236 0.303
-0.022531472 -0.0097218482 0.30125001
-0.019962197 -0.0097541204 0.30225003
-0.017375425 -0.0097863916 0.30325001
-0.014795435 -0.0098347999 0.30475003
-0.012169298 -0.0098670712 0.30575001
-0.009525666 -0.0098993434 0.30675003
-0.0068701142 -0.0099396827 0.30800003
-0.0041926922 -0.009980022 0.30925003
-0.0014934007 -0.010020362 0.31050003
0.0012287453 -0.010068769 0.31200001
0.0039771353 -0.010117177 0.31350002
0.0067517692 -0.010165584 0.31500003
0.0095451009 -0.010205925 0.31625003
0.012331105 -0.01022206 0.31675002
0.015137778 -0.010246264 0.31750003
0 -0 0
0 -0 0
0 -0 0
0 -0 0
0 -0 0
0 -0 0
0 -0 0
0 -0 0
0 -0 0
0 -0 0
0 -0 0
0 -0 0
0 -0 0
0 -0 0
0 -0 0
0 -0 0
0 -0 0
0 -0 0
0 -0 0
0 -0 0
0 -0 0
0 -0 0
0 -0 0
0 -0 0
0 -0 0
0 -0 0
0 -0 0
0 -0 0
0 -0 0
0 -0 0
0 -0 0
0 -0 0
0 -0 0
0 -0 0
0 -0 0
0 -0 0
0 -0 0
0 -0 0
0 -0 0
0 -0 0
0 -0 0
0 -0 0
0 -0 0
0 -0 0
0 -0 0
0.061211392 -0.0043889508 0.13600001
0.060451072 -0.0042517958 0.13175
0.060668465 -0.0041872528 0.12975001
0.061327178 -0.0041549811 0.12875001
0.061968405 -0.0041227094 0.12775001
0.062839039 -0.0041065733 0.12725
0.063700929 -0.0040904377 0.12675001
0 -0 0
0 -0 0
0 -0 0
0.065582715 -0.0039371471 0.12200001
0 -0 0
0 -0 0
0 -0 0
0 -0 0
0 -0 0
0 -0 0
0 -0 0
0 -0 0
0 -0 0
0 -0 0
0 -0 0
0 -0 0
0 -0 0
0 -0 0
0 -0 0
0 -0 0
0 -0 0
-0 -0 0
-0 -0 0
-0 -0 0
-0 -0 0
-0 -0 0
-0 -0 0
-0 -0 0
-0 -0 0
-0 -0 0
-0 -0 0
-0 -0 0
-0 -0 0
-0 -0 0
-0 -0 0
-0 -0 0
-0 -0 0
-0 -0 0
-0 -0 0
-0 -0 0
-0 -0 0
-0 -0 0
-0 -0 0
-0 -0 0
-0 -0 0
-0 -0 0
-0 -0 0
-0 -0 0
-0.13151762 -0.0066061788 0.28075001
-0.12952134 -0.0066297096 0.28175002
-0.12762029 -0.0066591226 0.28300002
-0.12547629 -0.0066767703 0.28375003
-0.12331914 -0.0066944179 0.2845
-0.12114889 -0.0067120655 0.28525001
-0.1190695 -0.0067355968 0.28625003
-0.11687081 -0.006753244 0.287
-0.114659 -0.0067708921 0.28775001
-0.11262892 -0.0068003051 0.289
-0.11048174 -0.0068238359 0.29000002
-0.10841012 -0.0068532489 0.29125002
-0.10613488 -0.006870897 0.29200003
-0.1040239 -0.0069003101 0.29325002
-0.10171803 -0.0069179572 0.294
-0.099314757 -0.0069297231 0.29450002
-0.0968206 -0.0069356053 0.29475001
-0.094641812 -0.0069650183 0.296
-0.092207916 -0.0069767837 0.29650003
-0.088102944 -0.0068591312 0.2915
-0.081957646 -0.0065708836 0.27925003
-0.079443596 -0.0065650004 0.27900001
-0.077485912 -0.0066061788 0.28075001
-0.075497605 -0.0066473568 0.2825
-0.073220186 -0.0066650049 0.28325
-0.070804767 -0.0066708876 0.28350002
-0.068384975 -0.0066767703 0.28375003
-0.066193067 -0.0067061838 0.28500003
-0.063923404 -0.0067297136 0.28600001
-0.06163625 -0.006753244 0.287
-0.059383105 -0.006782657 0.28825
-0.057157405 -0.0068179527 0.28975001
-0.05466982 -0.0068238359 0.29000002
-0.05231268 -0.0068473658 0.29100001
-0.049980801 -0.0068767788 0.29225001
-0.047627054 -0.0069061923 0.29350001
-0.045213062 -0.0069297231 0.29450002
-0.04289015 -0.006970901 0.29625002
-0.041148748 -0.0071179662 0.30250001
-0.039329819 -0.0072709145 0.30900002
-0.036923032 -0.0073297406 0.31150001
-0.03430783 -0.0073532709 0.3125
-0.031599358 -0.0073591536 0.31275001
-0.028863436 -0.0073591536 0.31275001
-0.02562627 -0.0072179711 0.30675003
-0.022774549 -0.0071650273 0.30450001
-0.020110799 -0.0071650273 0.30450001
-0.01759029 -0.0072238534 0.30700001
-0.014965357 -0.0072532664 0.30825001
-0.012318553 -0.0072826794 0.30950001
-0.0096421167 -0.0073062102 0.31050003
-0.0069481833 -0.0073297406 0.31150001
-0.0042367545 -0.0073532709 0.3125
-0.0015102344 -0.0073885666 0.31400001
0.0012444984 -0.0074356277 0.31600001
0.0040183654 -0.0074532758 0.31675002
0.0068375054 -0.0075062187 0.31900001
0.0096582836 -0.00752975 0.32000002
0.012496557 -0.0075532799 0.32100001
0.015304649 -0.0075532799 0.32100001
0 -0 0
0 -0 0
0 -0 0
0 -0 0
0 -0 0
0 -0 0
0 -0 0
0 -0 0
0 -0 0
0 -0 0
0 -0 0
0 -0 0
0 -0 0
0 -0 0
0 -0 0
0 -0 0
0 -0 0
0 -0 0
0 -0 0
0 -0 0
0 -0 0
0 -0 0
0 -0 0
0 -0 0
0 -0 0
0 -0 0
0 -0 0
0 -0 0
0 -0 0
0 -0 0
0 -0 0
0 -0 0
0 -0 0
0 -0 0
0 -0 0
0 -0 0
0 -0 0
0 -0 0
0 -0 0
0 -0 0
0 -0 0
0 -0 0
0 -0 0
0 -0 0
0.060242333 -0.0032119087 0.1365
0.060648788 -0.0031707305 0.13475001
0.060680494 -0.0031119045 0.13225001
0.061252937 -0.0030824915 0.13100001
0.061922587 -0.0030589609 0.13000001
0.062696017 -0.0030413128 0.12925
0.063456319 -0.0030236649 0.1285
0.06608814 -0.0030942564 0.13150001
0 -0 0
0 -0 0
0 -0 0
0 -0 0
0 -0 0
0.072712757 -0.0030824915 0.13100001
0 -0 0
0 -0 0
0 -0 0
0 -0 0
0 -0 0
0 -0 0
0 -0 0
0 -0 0
0 -0 0
0 -0 0
0 -0 0
0 -0 0
0 -0 0
0 -0 0
0 -0 0
-0 -0 0
-0 -0 0
-0 -0 0
-0 -0 0
-0 -0 0
-0 -0 0
-0 -0 0
-0 -0 0
-0 -0 0
-0 -0 0
-0 -0 0
-0 -0 0
-0 -0 0
-0 -0 0
-0 -0 0
-0 -0 0
-0 -0 0
-0 -0 0
-0 -0 0
-0 -0 0
-0 -0 0
-0 -0 0
-0 -0 0
-0 -0 0
-0 -0 0
-0 -0 0
-0 -0 0
-0.13315721 -0.0042038411 0.28425002
-0.13078552 -0.004207538 0.2845
-0.12874769 -0.0042223278 0.28550002
-0.12647125 -0.0042297221 0.28600001
-0.12429443 -0.0042408141 0.28675002
-0.1221045 -0.0042519062 0.28750002
-0.1202134 -0.0042740898 0.289
-0.11778705 -0.0042777872 0.28925002
-0.11545593 -0.0042851819 0.28975001
-0.11331094 -0.0042999713 0.29075003
-0.11124369 -0.0043184576 0.29200003
-0.10896844 -0.0043295491 0.29275
-0.10677096 -0.004344339 0.29375002
-0.10455598 -0.004359128 0.29475001
-0.102237 -0.00437022 0.29550001
-0.099820599 -0.0043776142 0.296
-0.09747757 -0.0043887063 0.29675001
-0.095201358 -0.0044034957 0.29775003
-0.092752144 -0.0044108904 0.29825002
-0.089614153 -0.0043850094 0.29650003
-0.083425105 -0.0042038411 0.28425002
-0.080297828 -0.0041705649 0.28200001
-0.078037903 -0.004181657 0.28275001
-0.075831674 -0.0041964464 0.28375003
-0.073737189 -0.00421863 0.28525001
-0.071491592 -0.0042334194 0.28625003
-0.069047734 -0.0042371168 0.28650001
-0.066657573 -0.004244511 0.287
-0.064705692 -0.0042814845 0.28950003
-0.062441606 -0.0042999713 0.29075003
-0.05994964 -0.0043036682 0.29100001
-0.057551935 -0.0043147602 0.29175001
-0.0552825 -0.0043369443 0.29325002
-0.052941874 -0.0043554306 0.29450002
-0.050536618 -0.00437022 0.29550001
-0.048113875 -0.0043850094 0.29650003
-0.045750398 -0.004407193 0.29800001
-0.043324478 -0.0044256793 0.29925001
-0.041352794 -0.0044959285 0.30400002
-0.040029865 -0.0046512154 0.3145
-0.037604596 -0.0046918858 0.31725001
-0.034884203 -0.0046992805 0.31775001
-0.032079283 -0.0046955831 0.31750003
-0.029232593 -0.0046844911 0.31675002
-0.026043976 -0.004610545 0.31175002
-0.02311112 -0.0045698746 0.30900002
-0.020490559 -0.0045883614 0.31025001
-0.017819481 -0.0045994534 0.31100002
-0.015147418 -0.0046142424 0.31200001
-0.012477759 -0.0046364265 0.31350002
-0.0097585674 -0.004647518 0.31425002
-0.0070429817 -0.0046697017 0.31575
-0.0043045427 -0.0046955831 0.31750003
-0.0015318779 -0.0047103725 0.31850001
0.0012582826 -0.0047251619 0.31950003
0.0041103405 -0.0047917129 0.324
0.0069714696 -0.0048102001 0.32525003
0.0099148313 -0.0048582647 0.3285
0.012749603 -0.0048434758 0.32750002
0.015328488 -0.0047547398 0.3215
0 -0 0
0 -0 0
0 -0 0
0 -0 0
0 -0 0
0 -0 0
0 -0 0
0 -0 0
0 -0 0
0 -0 0
0 -0 0
0 -0 0
0 -0 0
0 -0 0
0 -0 0
0 -0 0
0 -0 0
0 -0 0
0 -0 0
0 -0 0
0 -0 0
0 -0 0
0 -0 0
0 -0 0
0 -0 0
0 -0 0
0 -0 0
0 -0 0
0 -0 0
0 -0 0
0 -0 0
0 -0 0
0 -0 0
0 -0 0
0 -0 0
0 -0 0
0 -0 0
0 -0 0
0 -0 0
0 -0 0
0 -0 0
0 -0 0
0 -0 0
0 -0 0
0.060242333 -0.0020187309 0.1365
0.060873825 -0.0020002443 0.13525
0.061139327 -0.001970666 0.13325001
0.061720513 -0.0019521794 0.132
0.062398918 -0.0019373903 0.13100001
0.063544899 -0.0019373903 0.13100001
0 -0 0
0 -0 0
0 -0 0
0 -0 0
0 -0 0
0 -0 0
0.071020454 -0.001922601 0.13000001
0.072157696 -0.001922601 0.13000001
0 -0 0
0 -0 0
0 -0 0
0 -0 0
0 -0 0
0 -0 0
0 -0 0
0 -0 0
0 -0 0
0 -0 0
0 -0 0
0 -0 0
0 -0 0
0 -0 0
0 -0 0
-0 -0 0
-0 -0 0
-0 -0 0
-0 -0 0
-0 -0 0
-0 -0 0
-0 -0 0
-0 -0 0
-0 -0 0
-0 -0 0
-0 -0 0
-0 -0 0
-0 -0 0
-0 -0 0
-0 -0 0
-0 -0 0
-0 -0 0
-0 -0 0
-0 -0 0
-0 -0 0
-0 -0 0
-0 -0 0
-0 -0 0
-0 -0 0
-0 -0 0
-0 -0 0
-0 -0 0
-0 -0 0
-0.13159001 -0.0017312425 0.28625003
-0.12953685 -0.0017372904 0.28725001
-0.12746622 -0.0017433384 0.28825
-0.12526971 -0.0017478744 0.289
-0.12295392 -0.0017508985 0.28950003
-0.12083735 -0.0017569466 0.29050002
-0.11870328 -0.0017629944 0.2915
-0.1164521 -0.0017675305 0.29225001
-0.11399295 -0.0017690426 0.29250002
-0.1117199 -0.0017735786 0.29325002
-0.10943373 -0.0017781145 0.294
-0.10713443 -0.0017826505 0.29475001
-0.10491071 -0.0017886986 0.29575002
-0.10258299 -0.0017932346 0.29650003
-0.10024214 -0.0017977705 0.29725
-0.098052412 -0.0018053305 0.2985
-0.095441155 -0.0018053305 0.2985
-0.092985384 -0.0018083546 0.29900002
-0.09044531 -0.0018098665 0.29925001
-0.08525943 -0.0017569466 0.29050002
-0.081223242 -0.0017251944 0.28525001
-0.078934893 -0.0017297305 0.28600001
-0.076767035 -0.0017372904 0.28725001
-0.074383438 -0.0017403144 0.28775001
-0.071991086 -0.0017433384 0.28825
-0.069891252 -0.0017539226 0.29000002
-0.067702726 -0.0017629944 0.2915
-0.065320335 -0.0017675305 0.29225001
-0.062817439 -0.0017690426 0.29250002
-0.060722187 -0.0017826505 0.29475001
-0.058390308 -0.0017902105 0.296
-0.055942304 -0.0017947465 0.29675001
-0.053660944 -0.0018053305 0.2985
-0.051006928 -0.0018038186 0.29825002
-0.048722398 -0.0018159146 0.30025002
-0.046210974 -0.0018204506 0.30100003
-0.043722615 -0.0018264987 0.30200002
-0.042407017 -0.0018854667 0.31175002
-0.04177998 -0.0019852589 0.32825002
-0.039530762 -0.0020170109 0.33350003
-0.036613319 -0.0020170109 0.33350003
-0.033418026 -0.0020003789 0.33075002
-0.030086266 -0.0019716506 0.32600001
-0.026879387 -0.0019459467 0.32175002
-0.024064735 -0.0019459467 0.32175002
-0.02110148 -0.0019323388 0.31950003
-0.018134614 -0.0019141947 0.31650001
-0.015353753 -0.0019126828 0.31625003
-0.012726518 -0.0019338507 0.31975001
-0.0099992324 -0.0019474588 0.32200003
-0.0072660376 -0.0019701389 0.32575002
-0.0044401186 -0.0019807229 0.32750002
-0.0015932012 -0.0020034029 0.33125001
0.0013134185 -0.0020170109 0.33350003
0.004265747 -0.002033643 0.33625001
0.0072340379 -0.0020412027 0.33750001
0.010201562 -0.002044227 0.33800003
0.013168101 -0.002045739 0.33825001
0 -0 0
0 -0 0
0 -0 0
0 -0 0
0 -0 0
0 -0 0
0 -0 0
0 -0 0
0 -0 0
0 -0 0
0 -0 0
0 -0 0
0 -0 0
0 -0 0
0 -0 0
0 -0 0
0 -0 0
0 -0 0
0 -0 0
0 -0 0
0 -0 0
0 -0 0
0 -0 0
0 -0 0
0 -0 0
0 -0 0
0 -0 0
0 -0 0
0 -0 0
0 -0 0
0 -0 0
0 -0 0
0 -0 0
0 -0 0
0 -0 0
0 -0 0
0 -0 0
0 -0 0
0 -0 0
0 -0 0
0 -0 0
0 -0 0
0 -0 0
0 -0 0
0.060021561 -0.00083916116 0.13875
0.060573336 -0.00083008921 0.13725001
0.06109887 -0.00082101719 0.13575001
0.061598152 -0.00081194512 0.13425
0.062421884 -0.00080740917 0.13350001
0.063708812 -0.00080892118 0.13375001
0 -0 0
0 -0 0
0 -0 0
0.065832369 -0.00077868113 0.12875001
0 -0 0
0 -0 0
0.070958346 -0.0007983371 0.132
0.072659381 -0.00080438511 0.133
0.073406577 -0.00079984916 0.13225001
0 -0 0
0 -0 0
0 -0 0
0 -0 0
0 -0 0
0 -0 0
0 -0 0
0 -0 0
0 -0 0
0 -0 0
0 -0 0
0 -0 0
0 -0 0
0 -0 0
0 -0 0
-0 0 0
-0 0 0
-0 0 0
-0 0 0
-0 0 0
-0 0 0
-0 0 0
-0 0 0
-0 0 0
-0 0 0
-0 0 0
-0 0 0
-0 0 0
-0 0 0
-0 0 0
-0 0 0
-0 0 0
-0 0 0
-0 0 0
-0 0 0
-0 0 0
-0 0 0
-0 0 0
-0 0 0
-0 0 0
-0 0 0
-0 0 0
-0 0 0
-0.13250941 0.00077632081 0.28825
-0.13010055 0.00077699416 0.28850001
-0.12801899 0.00077968743 0.28950003
-0.12591991 0.00078238058 0.29050002
-0.12369716 0.0007844005 0.29125002
-0.12166927 0.00078776706 0.29250002
-0.11961952 0.00079113356 0.29375002
-0.11704981 0.00079113356 0.29375002
-0.11467496 0.00079248019 0.29425001
-0.11248184 0.00079517346 0.29525003
-0.11008512 0.00079652003 0.29575002
-0.10777052 0.00079853996 0.29650003
-0.1054428 0.00080055982 0.29725
-0.10310195 0.00080257974 0.29800001
-0.1009166 0.00080594624 0.29925001
-0.098545142 0.00080796616 0.30000001
-0.095920764 0.00080796616 0.30000001
-0.093529612 0.00080998609 0.30075002
-0.091200911 0.0008126793 0.30175
-0.086726889 0.00079584669 0.29550001
-0.082291029 0.00077834073 0.289
-0.079969876 0.00078036066 0.28975001
-0.077368349 0.00077968743 0.28950003
-0.07509432 0.00078238058 0.29050002
-0.072927661 0.00078642048 0.29200003
-0.070674516 0.00078978698 0.29325002
-0.068457559 0.00079382677 0.29475001
-0.065934986 0.00079450011 0.29500002
-0.063622788 0.00079786661 0.29625002
-0.061237216 0.00080055982 0.29725
-0.058834158 0.00080325309 0.29825002
-0.056602113 0.00080863951 0.30025002
-0.054110371 0.00081065943 0.30100003
-0.051648255 0.00081335264 0.30200002
-0.049371485 0.00081941235 0.30425
-0.046901833 0.00082277885 0.3055
-0.045387551 0.00084432465 0.31350002
-0.044685498 0.00088472292 0.3285
-0.042384561 0.00089684245 0.333
-0.039619658 0.00090020895 0.33425
-0.036695655 0.00090020895 0.33425
-0.033443287 0.00089145609 0.33100003
-0.030409278 0.00088741619 0.32950002
-0.02744329 0.00088472292 0.3285
-0.024532191 0.00088337634 0.32800001
-0.021745421 0.0008867429 0.32925001
-0.018879481 0.00088741619 0.32950002
-0.015997034 0.00088741619 0.32950002
-0.013253887 0.00089684245 0.333
-0.010356347 0.00089818909 0.33350003
-0.0074612112 0.0009008823 0.33450001
-0.0045451904 0.00090290222 0.33525002
-0.0016112374 0.00090222887 0.33500001
0.0013203105 0.00090290222 0.33525002
0.0042720903 0.00090694206 0.33675003
0.0072393967 0.00090963527 0.33775002
0.010201562 0.00091030862 0.33800003
0.013119439 0.00090761535 0.33700001
0 0 0
0 0 0
0 0 0
0 0 0
0 0 0
0 0 0
0 0 0
0 0 0
0 0 0
0 0 0
0 0 0
0 0 0
0 0 0
0 0 0
0 0 0
0 0 0
0 0 0
0 0 0
0 0 0
0 0 0
0 0 0
0 0 0
0 0 0
0 0 0
0 0 0
0 0 0
0 0 0
0 0 0
0 0 0
0 0 0
0 0 0
0 0 0
0 0 0
0 0 0
0 0 0
0 0 0
0 0 0
0 0 0
0 0 0
0 0 0
0 0 0
0 0 0
0 0 0
0 0 0
0.060562298 0.00037705086 0.14
0.060794003 0.00037099113 0.13775
0.061323911 0.00036695131 0.13625
0.062286403 0.0003656047 0.13575001
0.06347394 0.0003656047 0.13575001
0.065256879 0.00036897123 0.13700001
0 0 0
0 0 0
0 0 0
0 0 0
0 0 0
0.07033243 0.00035819833 0.133
0.071630307 0.00035887168 0.13325001
0.073478855 0.00036223818 0.13450001
0.074932985 0.00036358478 0.13500001
0 0 0
0 0 0
0 0 0
0 0 0
0 0 0
0 0 0
0 0 0
0 0 0
0 0 0
0 0 0
0 0 0
0 0 0
0 0 0
0 0 0
0 0 0
-0 0 0
-0 0 0
-0 0 0
-0 0 0
-0 0 0
-0 0 0
-0 0 0
-0 0 0
-0 0 0
-0 0 0
-0 0 0
-0 0 0
-0 0 0
-0 0 0
-0 0 0
-0 0 0
-0 0 0
-0 0 0
-0 0 0
-0 0 0
-0 0 0
-0 0 0
-0 0 0
-0 0 0
-0 0 0
-0 0 0
-0 0 0
-0 0 0
-0.13285418 0.0033045558 0.289
-0.13055152 0.0033102732 0.28950003
-0.12857175 0.0033245664 0.29075003
-0.12646173 0.0033360007 0.29175001
-0.12433422 0.003347435 0.29275
-0.12218922 0.0033588696 0.29375002
-0.12012853 0.0033731626 0.29500002
-0.11784674 0.0033817384 0.29575002
-0.11555183 0.0033903143 0.29650003
-0.11314854 0.0033960314 0.29700002
-0.11073651 0.0034017486 0.29750001
-0.10858834 0.0034160418 0.29875001
-0.10597489 0.0034160418 0.29875001
-0.10370741 0.0034274762 0.29975
-0.10209692 0.0034617796 0.30275002
-0.098955743 0.0034446279 0.30125001
-0.097839177 0.0034989417 0.30600002
-0.098038934 0.0036047101 0.31525001
-0.096112311 0.003636155 0.31800002
-0.088707961 0.0034560624 0.30225003
-0.082931712 0.0033302836 0.29125002
-0.080383874 0.0033302836 0.29125002
-0.077902839 0.0033331418 0.2915
-0.075740568 0.0033502937 0.29300001
-0.073614478 0.0033703039 0.29475001
-0.071337275 0.0033845969 0.296
-0.069212392 0.0034074658 0.29800001
-0.06671726 0.0034131829 0.2985
-0.064428136 0.0034303349 0.30000001
-0.061700746 0.0034246177 0.29950002
-0.059376635 0.0034417694 0.30100003
-0.057026275 0.0034589209 0.30250001
-0.054739557 0.0034817897 0.30450001
-0.052332338 0.0034989417 0.30600002
-0.050304554 0.0035446791 0.31
-0.048936039 0.0036447309 0.31875002
-0.046871513 0.0037019032 0.32375002
-0.044855535 0.0037705095 0.32975
-0.042289104 0.003799096 0.33225003
-0.039412227 0.0038019544 0.33250001
-0.036613319 0.003813389 0.33350003
-0.033594839 0.0038019544 0.33250001
-0.030570785 0.0037876614 0.33125001
-0.027652144 0.003784803 0.33100003
-0.02486876 0.0038019544 0.33250001
-0.022026114 0.003813389 0.33350003
-0.01908002 0.0038076716 0.333
-0.016166955 0.0038076716 0.333
-0.013283739 0.0038162475 0.33375001
-0.010364111 0.0038162475 0.33375001
-0.0074500586 0.0038191061 0.33400002
-0.0045316326 0.0038219646 0.33425
-0.0016088325 0.0038248233 0.33450001
0.0013203105 0.0038333992 0.33525002
0.0042689187 0.0038476922 0.33650002
0.00722868 0.0038562682 0.33725002
0.01017138 0.0038534093 0.33700001
0.013099974 0.0038476922 0.33650002
0 0 0
0 0 0
0 0 0
0 0 0
0 0 0
0 0 0
0 0 0
0 0 0
0 0 0
0 0 0
0 0 0
0 0 0
0 0 0
0 0 0
0 0 0
0 0 0
0 0 0
0 0 0
0 0 0
0 0 0
0 0 0
0 0 0
0 0 0
0 0 0
0 0 0
0 0 0
0 0 0
0 0 0
0 0 0
0 0 0
0 0 0
0 0 0
0 0 0
0 0 0
0 0 0
0 0 0
0 0 0
0 0 0
0 0 0
0 0 0
0 0 0
0 0 0
0 0 0
0.060715061 0.0016379849 0.14325
0.060562298 0.0016008229 0.14
0.060904343 0.001577954 0.13800001
0.061661474 0.0015665196 0.13700001
0.062745236 0.001563661 0.13675001
0.063707724 0.0015579438 0.13625
0 0 0
0 0 0
0 0 0
0 0 0
0 0 0
0.070079081 0.0015407921 0.13475001
0.070993453 0.0015350748 0.13425
0.07230226 0.0015379335 0.13450001
0.074025169 0.001549368 0.13550001
0 0 0
0 0 0
0 0 0
0 0 0
0 0 0
0 0 0
0 0 0
0 0 0
0 0 0
0 0 0
0 0 0
0 0 0
0 0 0
0 0 0
0 0 0
0 0 0
-0 0 0
-0 0 0
-0 0 0
-0 0 0
-0 0 0
-0 0 0
-0 0 0
-0 0 0
-0 0 0
-0 0 0
-0 0 0
-0 0 0
-0 0 0
-0 0 0
-0 0 0
-0 0 0
-0 0 0
-0 0 0
-0 0 0
-0 0 0
-0 0 0
-0 0 0
-0 0 0
-0 0 0
-0 0 0
-0 0 0
-0 0 0
-0 0 0
-0 0 0
-0.1311152 0.0058660791 0.29075003
-0.12901394 0.0058862544 0.29175001
-0.12711191 0.0059165182 0.29325002
-0.12475894 0.0059266058 0.29375002
-0.1225012 0.0059417379 0.29450002
-0.12084116 0.0059871329 0.29675001
-0.11894251 0.0060224403 0.2985
-0.11652613 0.0060325284 0.29900002
-0.11352951 0.0060123522 0.29800001
-0.11324902 0.0061384505 0.30425
-0.11185962 0.0062090652 0.30775002
-0.11253735 0.0064007342 0.31725001
-0 0 0
-0 0 0
-0.10708572 0.0065772715 0.32600001
-0.1056727 0.0066680619 0.33050001
-0.10270376 0.0066630184 0.33025002
-0.10109927 0.0067487648 0.33450001
-0.096632242 0.0066428422 0.32925001
-0.085138477 0.0060325284 0.29900002
-0.081556857 0.0059619131 0.29550001
-0.078971833 0.0059619131 0.29550001
-0.076774567 0.0059921769 0.29700002
-0.074675933 0.0060325284 0.29900002
-0.072241038 0.0060476596 0.29975
-0.069676906 0.0060527041 0.30000001
-0.067387789 0.0060829674 0.30150002
-0.065018728 0.0061081871 0.30275002
-0.062782317 0.0061485386 0.30475003
-0.060560219 0.0061939335 0.30700001
-0.058204502 0.0062292409 0.30875
-0.056222647 0.0063099437 0.31275001
-0.053957034 0.0063654268 0.31550002
-0.052130125 0.006481437 0.32125002
-0.049933951 0.0065621403 0.32525003
-0.04719726 0.0065772715 0.32600001
-0.044583481 0.0066125793 0.32775003
-0.042161822 0.0066831936 0.33125001
-0.039352961 0.0066983257 0.33200002
-0.036558423 0.006718501 0.333
-0.033695877 0.0067285895 0.33350003
-0.030847652 0.0067437207 0.33425
-0.027986307 0.0067588524 0.33500001
-0.02509314 0.00676894 0.3355
-0.022026114 0.0067285895 0.33350003
-0.018979751 0.0066831936 0.33125001
-0.016081994 0.0066831936 0.33125001
-0.013214086 0.0066983257 0.33200002
-0.01034082 0.006718501 0.333
-0.0074333292 0.006723545 0.33325002
-0.0045248535 0.0067336331 0.33375001
-0.0016100351 0.0067538088 0.33475003
0.0013242487 0.0067840721 0.33625001
0.0042879479 0.00681938 0.33800003
0.0072554722 0.0068294676 0.33850002
0.010216653 0.0068294676 0.33850002
0.013129172 0.0068042483 0.33725002
0 0 0
0 0 0
0 0 0
0 0 0
0 0 0
0 0 0
0 0 0
0 0 0
0 0 0
0 0 0
0 0 0
0 0 0
0 0 0
0 0 0
0 0 0
0 0 0
0 0 0
0 0 0
0 0 0
0 0 0
0 0 0
0 0 0
0 0 0
0 0 0
0 0 0
0 0 0
0 0 0
0 0 0
0 0 0
0 0 0
0 0 0
0 0 0
0 0 0
0 0 0
0 0 0
0 0 0
0 0 0
0 0 0
0 0 0
0 0 0
0 0 0
0 0 0
0 0 0
0.060291223 0.0028699904 0.14225
0.06067045 0.0028296392 0.14025001
0.061235338 0.0027993754 0.13875
0.06211156 0.0027842438 0.13800001
0.063089356 0.0027741559 0.1375
0.06347394 0.0027388486 0.13575001
0 0 0
0 0 0
0 0 0
0 0 0
0 0 0
0.070339106 0.0027287605 0.13525
0.071390063 0.0027237167 0.13500001
0.072571039 0.0027237167 0.13500001
0.074434899 0.0027489364 0.13625
0 0 0
0 0 0
0 0 0
0 0 0
0 0 0
0 0 0
0 0 0
0 0 0
0 0 0
0 0 0
0 0 0
0 0 0
0 0 0
0 0 0
0 0 0
0 0 0
-0 0 0
-0 0 0
-0 0 0
-0 0 0
-0 0 0
-0 0 0
-0 0 0
-0 0 0
-0 0 0
-0 0 0
-0 0 0
-0 0 0
-0 0 0
-0 0 0
-0 0 0
-0 0 0
-0 0 0
-0 0 0
-0 0 0
-0 0 0
-0 0 0
-0 0 0
-0 0 0
-0 0 0
-0 0 0
-0 0 0
-0 0 0
-0 0 0
-0 0 0
-0.13145341 0.0084292786 0.2915
-0.12945615 0.0084654242 0.29275
-0.12949593 0.0086389259 0.29875001
-0.12858135 0.0087545943 0.30275002
-0.13030051 0.0090582212 0.31325001
-0.1243025 0.0088268863 0.30525002
-0.12581608 0.0091305133 0.31575
-0.12441795 0.0092317229 0.31925002
-0 0 0
-0.11752959 0.0091305133 0.31575
-0.11876565 0.0094485991 0.32675001
-0.12007532 0.0097883735 0.33850002
-0.11659516 0.0097449981 0.33700001
-0.1136471 0.0097449981 0.33700001
-0.1105348 0.0097305393 0.33650002
-0.10926974 0.0098823532 0.34175003
-0.10744632 0.0099907918 0.34550002
-0.10593511 0.010135376 0.35050002
-0.10015414 0.0098678945 0.34125
-0.087487616 0.0088847205 0.30725002
-0.08238484 0.0086316969 0.2985
-0.079974011 0.0086533846 0.29925001
-0.077873193 0.0087112188 0.30125001
-0.076049566 0.0088051986 0.30450001
-0.073988326 0.0088774906 0.30700001
-0.071709149 0.008928095 0.30875
-0.069678754 0.0090148468 0.31175002
-0.067595854 0.0091015967 0.31475002
-0.065408975 0.0091811186 0.31750003
-0.063124664 0.0092534106 0.32000002
-0.06070235 0.0093112448 0.32200003
-0.058065277 0.0093401615 0.32300001
-0.055410709 0.0093690781 0.324
-0.052941486 0.0094341412 0.32625002
-0.050317764 0.0094775166 0.32775003
-0.047595397 0.0095064333 0.32875001
-0.045093589 0.0095859552 0.33150002
-0.042320922 0.0096148718 0.33250001
-0.039530762 0.0096437894 0.33350003
-0.036832888 0.0097016227 0.3355
-0.034100026 0.0097594559 0.33750001
-0.031193737 0.0097739156 0.33800003
-0.028174277 0.009752227 0.33725002
-0.025130538 0.0097160814 0.33600003
-0.022009602 0.0096365595 0.33325002
-0.019022724 0.009600413 0.33200002
-0.016142681 0.0096148718 0.33250001
-0.01327379 0.0096437894 0.33350003
-0.010387401 0.009672706 0.33450001
-0.0074667879 0.0096799349 0.33475003
-0.004551969 0.0097088516 0.33575001
-0.0016232615 0.0097594559 0.33750001
0.0013390173 0.009831748 0.34
0.0043355213 0.0098823532 0.34175003
0.0073412093 0.009904041 0.34250003
0.010344927 0.0099112699 0.34275001
0 0 0
0 0 0
0 0 0
0 0 0
0 0 0
0 0 0
0 0 0
0 0 0
0 0 0
0 0 0
0 0 0
0 0 0
0 0 0
0 0 0
0 0 0
0 0 0
0 0 0
0 0 0
0 0 0
0 0 0
0 0 0
0 0 0
0 0 0
0 0 0
0 0 0
0 0 0
0 0 0
0 0 0
0 0 0
0 0 0
0 0 0
0 0 0
0 0 0
0 0 0
0 0 0
0 0 0
0 0 0
0 0 0
0 0 0
0 0 0
0 0 0
0 0 0
0 0 0
0 0 0
0.060821023 0.0041495762 0.1435
0.060778596 0.0040628258 0.14050001
0.06145601 0.0040266793 0.13925001
0.062561646 0.0040194504 0.13900001
0.063433483 0.0039977627 0.13825001
0 0 0
0 0 0
0 0 0
0 0 0
0 0 0
0.069667265 0.0039399285 0.13625
0.070729159 0.0039326996 0.13600001
0.071786679 0.0039254702 0.13575001
0.073242992 0.0039399285 0.13625
0 0 0
0 0 0
0 0 0
0 0 0
0 0 0
0 0 0
0 0 0
0 0 0
0 0 0
0 0 0
0 0 0
0 0 0
0 0 0
0 0 0
0 0 0
0 0 0
0 0 0
-0 0 0
-0 0 0
-0 0 0
-0 0 0
-0 0 0
-0 0 0
-0 0 0
-0 0 0
-0 0 0
-0 0 0
-0 0 0
-0 0 0
-0 0 0
-0 0 0
-0 0 0
-0 0 0
-0 0 0
-0 0 0
-0 0 0
-0 0 0
-0 0 0
-0 0 0
-0 0 0
-0 0 0
-0 0 0
-0 0 0
-0 0 0
-0 0 0
-0 0 0
-0 0 0
-0 0 0
-0.13383053 0.01162695 0.30875
-0.13272227 0.011768168 0.3125
-0.13227634 0.011975288 0.31800002
-0.1325486 0.012257724 0.32550001
-0.13039845 0.012323625 0.32725
-0.12558709 0.012135334 0.32225001
-0.12962556 0.012813182 0.34025002
-0.12692824 0.012841425 0.34100002
-0.124763 0.012926156 0.34325001
-0.122115 0.012963815 0.34425002
-0.11979548 0.013039131 0.34625003
-0 0 0
-0 0 0
-0 0 0
-0 0 0
-0 0 0
-0 0 0
-0.086704567 0.011466903 0.30450001
-0.084730811 0.011561048 0.30700001
-0.08331462 0.011739925 0.31175002
-0.080781318 0.011768168 0.3125
-0.078734398 0.011871728 0.31525001
-0.076518871 0.011956459 0.31750003
-0.074031718 0.012003532 0.31875002
-0.071410939 0.012031776 0.31950003
-0.068830729 0.012069433 0.32050002
-0.066130012 0.012088262 0.32100001
-0.063469872 0.012116506 0.32175002
-0.060796607 0.01214475 0.32250002
-0.058065277 0.012163579 0.32300001
-0.055367954 0.012191823 0.32375002
-0.053022623 0.012304797 0.32675001
-0.050586428 0.012408357 0.32950002
-0.048029725 0.012493087 0.33175001
-0.045433659 0.012577819 0.33400002
-0.042798225 0.012662549 0.33625001
-0.040271591 0.012794353 0.33975002
-0.037354369 0.012813182 0.34025002
-0.034377877 0.012813182 0.34025002
-0.031332169 0.012784937 0.33950001
-0.02815339 0.012690793 0.33700001
-0.025055744 0.012615476 0.33500001
-0.022026114 0.012558989 0.33350003
-0.019180292 0.012606062 0.33475003
-0.01632474 0.012662549 0.33625001
-0.013413094 0.012690793 0.33700001
-0.010488325 0.012719036 0.33775002
-0.0075560096 0.012756694 0.33875
-0.0046095885 0.012803767 0.34
-0.0016461075 0.012888498 0.34225002
0.0013567396 0.012973228 0.34450001
0.004379923 0.013001472 0.34525001
0.0074055116 0.013010886 0.34550002
0 0 0
0 0 0
0 0 0
0 0 0
0 0 0
0 0 0
0 0 0
0 0 0
0 0 0
0 0 0
0 0 0
0 0 0
0 0 0
0 0 0
0 0 0
0 0 0
0 0 0
0 0 0
0 0 0
0 0 0
0 0 0
0 0 0
0 0 0
0 0 0
0 0 0
0 0 0
0 0 0
0 0 0
0 0 0
0 0 0
0 0 0
0 0 0
0 0 0
0 0 0
0 0 0
0 0 0
0 0 0
0 0 0
0 0 0
0 0 0
0 0 0
0 0 0
0 0 0
0 0 0
0 0 0
0.061138902 0.0054321862 0.14425001
0.060346007 0.0052533103 0.13950001
0.061345678 0.0052344813 0.13900001
0.062786683 0.0052533103 0.13950001
0.064007021 0.0052533103 0.13950001
0 0 0
0 0 0
0 0 0
0 0 0
0 0 0
0.069667265 0.005130921 0.13625
0.070989192 0.0051403358 0.1365
0.072051086 0.005130921 0.13625
0 0 0
0 0 0
0 0 0
0 0 0
0 0 0
0 0 0
0 0 0
0 0 0
0 0 0
0 0 0
0 0 0
0 0 0
0 0 0
0 0 0
0 0 0
0 0 0
0 0 0
0 0 0
-0 0 0
-0 0 0
-0 0 0
-0 0 0
-0 0 0
-0 0 0
-0 0 0
-0 0 0
-0 0 0
-0 0 0
-0 0 0
-0 0 0
-0 0 0
-0 0 0
-0 0 0
-0 0 0
-0 0 0
-0 0 0
-0 0 0
-0 0 0
-0 0 0
-0 0 0
-0 0 0
-0 0 0
-0 0 0
-0 0 0
-0 0 0
-0 0 0
-0 0 0
-0 0 0
-0 0 0
-0 0 0
-0 0 0
-0 0 0
-0 0 0
-0 0 0
-0 0 0
-0 0 0
-0 0 0
-0 0 0
-0 0 0
-0 0 0
-0 0 0
-0 0 0
-0.50718105 0.073601 1.5862501
-0.49330455 0.073601 1.5862501
-0.48063713 0.073786601 1.5902501
-0.46643218 0.073740199 1.5892501
-0 0 0
-0.087283783 0.014673801 0.31625003
-0.084851295 0.0147318 0.31750003
-0.08194457 0.014708599 0.317
-0.079358779 0.014743399 0.31775001
-0.076759875 0.014778199 0.31850001
-0.074031718 0.014789799 0.31875002
-0.071410939 0.014824599 0.31950003
-0.068777032 0.014859397 0.32025
-0.066027008 0.014870998 0.32050002
-0.063321926 0.014894197 0.32100001
-0.060608089 0.014917396 0.3215
-0.057930451 0.014952196 0.32225001
-0.055239689 0.014986996 0.32300001
-0.052738648 0.015079794 0.32500002
-0.050548047 0.015276992 0.32925001
-0.048029725 0.01539299 0.33175001
-0.045671709 0.015578588 0.33575001
-0.043402813 0.015822185 0.34100002
-0.040627189 0.015903383 0.34275001
-0.037738618 0.015949784 0.34375003
-0.034756765 0.015961383 0.34400001
-0.031585965 0.015880184 0.34225002
-0.028174277 0.015648188 0.33725002
-0.025111839 0.015578588 0.33575001
-0.022240762 0.015624988 0.33675003
-0.019395158 0.015706187 0.33850002
-0.016470389 0.015740987 0.33925003
-0.013612101 0.015868584 0.34200001
-0.010643592 0.015903383 0.34275001
-0.0076508089 0.015914984 0.34300002
-0.0046773772 0.016007783 0.34500003
-0.0016689533 0.01610058 0.347
0.0013705236 0.01614698 0.34800002
0.0044084671 0.016123781 0.34750003
0.0074376627 0.01610058 0.347
0 0 0
0 0 0
0 0 0
0 0 0
0 0 0
0 0 0
0 0 0
0 0 0
0 0 0
0 0 0
0 0 0
0 0 0
0 0 0
0 0 0
0 0 0
0 0 0
0 0 0
0 0 0
0 0 0
0 0 0
0 0 0
0 0 0
0 0 0
0 0 0
0 0 0
0 0 0
0 0 0
0 0 0
0 0 0
0 0 0
0 0 0
0 0 0
0 0 0
0 0 0
0 0 0
0 0 0
0 0 0
0 0 0
0 0 0
0 0 0
0 0 0
0 0 0
0 0 0
0 0 0
0 0 0
0 0 0
0 0 0
0 0 0
0 0 0
0 0 0
0 0 0
0 0 0
0 0 0
0 0 0
0.068475358 0.006321914 0.13625
0.069667265 0.006321914 0.13625
0.070859179 0.006321914 0.13625
0 0 0
0 0 0
0 0 0
0 0 0
0 0 0
0 0 0
0 0 0
0 0 0
0 0 0
0 0 0
0 0 0
0 0 0
0 0 0
0 0 0
0 0 0
0 0 0
0 0 0
0 0 0
0 0 0
-0 0 0
-0 0 0
-0 0 0
-0 0 0
-0 0 0
-0 0 0
-0 0 0
-0 0 0
-0 0 0
-0 0 0
-0 0 0
-0 0 0
-0 0 0
-0 0 0
-0 0 0
-0 0 0
-0 0 0
-0 0 0
-0 0 0
-0 0 0
-0 0 0
-0 0 0
-0 0 0
-0 0 0
-0 0 0
-0 0 0
-0 0 0
-0 0 0
-0 0 0
-0 0 0
-0 0 0
-0 0 0
-0 0 0
-0 0 0
-0 0 0
-0 0 0
-0 0 0
-0 0 0
-0 0 0
-0 0 0
-0 0 0
-0 0 0
-0 0 0
-0 0 0
-0.50686127 0.087411627 1.58525
-0.49307135 0.087425418 1.5855001
-0.48018375 0.08760462 1.5887501
-0.46569842 0.087494336 1.58675
-0 0 0
-0.087352775 0.017451998 0.31650001
-0.084517233 0.017438214 0.31625003
-0.081879951 0.017465783 0.31675002
-0.079233907 0.017493354 0.31725001
-0.076579116 0.017520923 0.31775001
-0.073915586 0.017548494 0.31825
-0.071243308 0.017576065 0.31875002
-0.068615973 0.017617421 0.31950003
-0.065975502 0.017658776 0.32025
-0.06327261 0.017686347 0.32075003
-0.060655221 0.017741486 0.32175002
-0.058200106 0.017851768 0.32375002
-0.05558173 0.017920693 0.32500002
-0.052941486 0.017989619 0.32625002
-0.050317764 0.018072331 0.32775003
-0.047884952 0.018237751 0.33075002
-0.045501675 0.018444529 0.33450001
-0.043816477 0.01898215 0.34425002
-0.040982787 0.01906486 0.34575
-0.038040522 0.019106215 0.34650001
-0.035085138 0.019147571 0.34725001
-0.031793617 0.018995935 0.34450001
-0.028341359 0.018706447 0.33925003
-0.025392314 0.018720232 0.33950001
-0.022521453 0.018802943 0.34100002
-0.019610023 0.018871868 0.34225002
-0.01665245 0.018913224 0.34300002
-0.013751406 0.019051075 0.34550002
-0.010775569 0.019133786 0.347
-0.0077511836 0.019161357 0.34750003
-0.0047349967 0.019257853 0.34925002
-0.0016869897 0.019340564 0.35075003
0.0013803693 0.019326778 0.35050002
0.0044370112 0.019285424 0.34975001
0 0 0
0 0 0
0 0 0
0 0 0
0 0 0
0 0 0
0 0 0
0 0 0
0 0 0
0 0 0
0 0 0
0 0 0
0 0 0
0 0 0
0 0 0
0 0 0
0 0 0
0 0 0
0 0 0
0 0 0
0 0 0
0 0 0
0 0 0
0 0 0
0 0 0
0 0 0
0 0 0
0 0 0
0 0 0
0 0 0
0 0 0
0 0 0
0 0 0
0 0 0
0 0 0
0 0 0
0 0 0
0 0 0
0 0 0
0 0 0
0 0 0
0 0 0
0 0 0
0 0 0
0 0 0
0 0 0
0 0 0
0 0 0
0 0 0
0 0 0
0 0 0
0 0 0
0 0 0
0 0 0
0 0 0
0.069103569 0.0075818314 0.1375
0.070050754 0.0075542615 0.13700001
0.070989192 0.0075266911 0.1365
0 0 0
0 0 0
0 0 0
0 0 0
0 0 0
0 0 0
0 0 0
0 0 0
0 0 0
0 0 0
0 0 0
0 0 0
0 0 0
0 0 0
0 0 0
0 0 0
0 0 0
0 0 0
0 0 0
-0 0 0
-0 0 0
-0 0 0
-0 0 0
-0 0 0
-0 0 0
-0 0 0
-0 0 0
-0 0 0
-0 0 0
-0 0 0
-0 0 0
-0 0 0
-0 0 0
-0 0 0
-0 0 0
-0 0 0
-0 0 0
-0 0 0
-0 0 0
-0 0 0
-0 0 0
-0 0 0
-0 0 0
-0 0 0
-0 0 0
-0 0 0
-0 0 0
-0 0 0
-0 0 0
-0 0 0
-0 0 0
-0 0 0
-0 0 0
-0 0 0
-0 0 0
-0 0 0
-0 0 0
-0 0 0
-0 0 0
-0 0 0
-0 0 0
-0 0 0
-0 0 0
-0 0 0
-0.49229383 0.10112493 1.5830001
-0.47942814 0.10133255 1.5862501
-0.46569842 0.10136449 1.58675
-0.45309898 0.10165195 1.5912501
-0.086938784 0.020122776 0.31500003
-0.084183179 0.020122776 0.31500003
-0.081686072 0.020186657 0.31600001
-0.079109028 0.020234568 0.31675002
-0.076699622 0.02033039 0.31825
-0.074205913 0.020410243 0.31950003
-0.07152269 0.020442184 0.32000002
-0.069045484 0.020538006 0.3215
-0.066645049 0.02066577 0.32350001
-0.064012349 0.020729654 0.32450002
-0.061409287 0.020809505 0.32575002
-0.058739409 0.020873386 0.32675001
-0.056180302 0.020985179 0.3285
-0.05350944 0.02106503 0.32975
-0.050778337 0.021128913 0.33075002
-0.048210695 0.021272646 0.333
-0.045671709 0.021448324 0.33575001
-0.044102855 0.022135051 0.34650001
-0.041456919 0.022342669 0.34975001
-0.038534556 0.02242252 0.35100001
-0.035691362 0.022566255 0.35325003
-0.032162774 0.022262815 0.34850001
-0.028654639 0.021911466 0.34300002
-0.025691487 0.021943407 0.34350002
-0.022752611 0.022007288 0.34450001
-0.019810563 0.02208714 0.34575
-0.016858784 0.022182964 0.34725001
-0.013900662 0.022310728 0.34925002
-0.010892021 0.02240655 0.35075003
-0.0078348294 0.022438491 0.35125002
-0.0047824485 0.022534313 0.35275
-0.0016954065 0.022518344 0.35250002
0.0013843076 0.022454461 0.3515
0 0 0
0 0 0
0 0 0
0 0 0
0 0 0
0 0 0
0 0 0
0 0 0
0 0 0
0 0 0
0 0 0
0 0 0
0 0 0
0 0 0
0 0 0
0 0 0
0 0 0
0 0 0
0 0 0
0 0 0
0 0 0
0 0 0
0 0 0
0 0 0
0 0 0
0 0 0
0 0 0
0 0 0
0 0 0
0 0 0
0 0 0
0 0 0
0 0 0
0 0 0
0 0 0
0 0 0
0 0 0
0 0 0
0 0 0
0 0 0
0 0 0
0 0 0
0 0 0
0 0 0
0 0 0
0 0 0
0 0 0
0 0 0
0 0 0
0 0 0
0 0 0
0 0 0
0 0 0
0 0 0
0 0 0
0 0 0
0.069480501 0.0088316621 0.13825001
0 0 0
0 0 0
0 0 0
0 0 0
0 0 0
0 0 0
0 0 0
0 0 0
0 0 0
0 0 0
0 0 0
0 0 0
0 0 0
0 0 0
0 0 0
0 0 0
0 0 0
0 0 0
0 0 0
0 0 0
0 0 0
-0 0 0
-0 0 0
-0 0 0
-0 0 0
-0 0 0
-0 0 0
-0 0 0
-0 0 0
-0 0 0
-0 0 0
-0 0 0
-0 0 0
-0 0 0
-0 0 0
-0 0 0
-0 0 0
-0 0 0
-0 0 0
-0 0 0
-0 0 0
-0 0 0
-0 0 0
-0 0 0
-0 0 0
-0 0 0
-0 0 0
-0 0 0
-0 0 0
-0 0 0
-0 0 0
-0 0 0
-0 0 0
-0 0 0
-0 0 0
-0 0 0
-0 0 0
-0 0 0
-0 0 0
-0 0 0
-0 0 0
-0 0 0
-0 0 0
-0 0 0
-0 0 0
-0 0 0
-0.49221611 0.11494414 1.5827501
-0.48010817 0.11536172 1.5885
-0.46643218 0.11541619 1.5892501
-0.45295665 0.11552513 1.5907501
-0.087421775 0.023003353 0.31675002
-0.084650859 0.023003353 0.31675002
-0.082138449 0.023075975 0.31775001
-0.079670973 0.023166753 0.31900001
-0.077543139 0.023366468 0.32175002
-0.074902676 0.023420935 0.32250002
-0.0722491 0.023475403 0.32325003
-0.069797151 0.023602493 0.32500002
-0.067469098 0.023784051 0.32750002
-0.064801402 0.023856673 0.3285
-0.061974835 0.023874829 0.32875001
-0.059503429 0.024038233 0.33100003
-0.056778874 0.024110854 0.33200002
-0.053996261 0.024165323 0.33275002
-0.051354054 0.024292411 0.33450001
-0.048717417 0.024437658 0.33650002
-0.046079796 0.024601059 0.33875
-0.044484701 0.025381759 0.34950003
-0.041990321 0.025726717 0.35425001
-0.039028589 0.025817497 0.35550001
-0.035918694 0.025817497 0.35550001
-0.032624219 0.025672249 0.35350001
-0.028967917 0.025182044 0.34675002
-0.025953263 0.025200199 0.347
-0.023000281 0.025290977 0.34825
-0.020082725 0.025454381 0.35050002
-0.017125806 0.025617782 0.35275
-0.014089718 0.02570856 0.354
-0.011000708 0.025726717 0.35425001
-0.0078850165 0.025672249 0.35350001
-0.0047926167 0.025672249 0.35350001
-0 0 0
0 0 0
0 0 0
0 0 0
0 0 0
0 0 0
0 0 0
0 0 0
0 0 0
0 0 0
0 0 0
0 0 0
0 0 0
0 0 0
0 0 0
0 0 0
0 0 0
0 0 0
0 0 0
0 0 0
0 0 0
0 0 0
0 0 0
0 0 0
0 0 0
0 0 0
0 0 0
0 0 0
0 0 0
0 0 0
0 0 0
0 0 0
0 0 0
0 0 0
0 0 0
0 0 0
0 0 0
0 0 0
0 0 0
0 0 0
0 0 0
0 0 0
0 0 0
0 0 0
0 0 0
0 0 0
0 0 0
0 0 0
0 0 0
0 0 0
0 0 0
0 0 0
0 0 0
0 0 0
0 0 0
0 0 0
0 0 0
0 0 0
0 0 0
0 0 0
0 0 0
0 0 0
0 0 0
0 0 0
0 0 0
0 0 0
0 0 0
0 0 0
0 0 0
0 0 0
0 0 0
0 0 0
0 0 0
0 0 0
0 0 0
0 0 0
0 0 0
0 0 0
0 0 0
0 0 0
-0 0 0
-0 0 0
-0 0 0
-0 0 0
-0 0 0
-0 0 0
-0 0 0
-0 0 0
-0 0 0
-0 0 0
-0 0 0
-0 0 0
-0 0 0
-0 0 0
-0 0 0
-0 0 0
-0 0 0
-0 0 0
-0 0 0
-0 0 0
-0 0 0
-0 0 0
-0 0 0
-0 0 0
-0 0 0
-0 0 0
-0 0 0
-0 0 0
-0 0 0
-0 0 0
-0 0 0
-0 0 0
-0 0 0
-0 0 0
-0 0 0
-0 0 0
-0 0 0
-0 0 0
-0 0 0
-0 0 0
-0 0 0
-0 0 0
-0 0 0
-0 0 0
-0 0 0
-0.49190509 0.12869796 1.58175
-0.47950369 0.12908444 1.5865
-0.4665789 0.12934887 1.5897501
-0.45245832 0.12928785 1.5890001
-0 0 0
-0.084918104 0.025853502 0.31775001
-0.08291395 0.026097596 0.32075003
-0.080669984 0.026280664 0.32300001
-0.078507155 0.026504416 0.32575002
-0.075715572 0.026524756 0.32600001
-0.073143125 0.026626462 0.32725
-0.070656195 0.02676885 0.32900003
-0.068344645 0.0269926 0.33175001
-0.065541156 0.027033284 0.33225003
-0.062870294 0.02713499 0.33350003
-0.060222499 0.027257035 0.33500001
-0.057505712 0.027358741 0.33625001
-0.054604784 0.027379083 0.33650002
-0.051929772 0.027521469 0.33825001
-0.049296528 0.027704541 0.34050003
-0.046555899 0.027846927 0.34225002
-0.044962004 0.028741935 0.35325003
-0.042464454 0.029148756 0.35825002
-0.03946773 0.029250462 0.35950002
-0.036272325 0.02920978 0.35900003
-0.033016447 0.029108074 0.35775003
-0.029385624 0.028619887 0.35175002
-0.026327232 0.028640229 0.35200003
-0.02333051 0.028741935 0.35325003
-0.020354889 0.028904663 0.35525003
-0.017295729 0.028986027 0.35625002
-0.014179272 0.028986027 0.35625002
-0.010977417 0.028762273 0.35350001
-0.0079073226 0.028843639 0.35450003
-0 0 0
-0 0 0
0 0 0
0 0 0
0 0 0
0 0 0
0 0 0
0 0 0
0 0 0
0 0 0
0 0 0
0 0 0
0 0 0
0 0 0
0 0 0
0 0 0
0 0 0
0 0 0
0 0 0
0 0 0
0 0 0
0 0 0
0 0 0
0 0 0
0 0 0
0 0 0
0 0 0
0 0 0
0 0 0
0 0 0
0 0 0
0 0 0
0 0 0
0 0 0
0 0 0
0 0 0
0 0 0
0 0 0
0 0 0
0 0 0
0 0 0
0 0 0
0 0 0
0 0 0
0 0 0
0 0 0
0 0 0
0 0 0
0 0 0
0 0 0
0 0 0
0 0 0
0 0 0
0 0 0
0 0 0
0 0 0
0 0 0
0 0 0
0 0 0
0 0 0
0 0 0
0 0 0
0 0 0
0 0 0
0 0 0
0 0 0
0 0 0
0 0 0
0 0 0
0 0 0
0 0 0
0 0 0
0 0 0
0 0 0
0 0 0
0 0 0
0 0 0
0 0 0
0 0 0
0 0 0
0 0 0
-0 0 0
-0 0 0
-0 0 0
-0 0 0
-0 0 0
-0 0 0
-0 0 0
-0 0 0
-0 0 0
-0 0 0
-0 0 0
-0 0 0
-0 0 0
-0 0 0
-0 0 0
-0 0 0
-0 0 0
-0 0 0
-0 0 0
-0 0 0
-0 0 0
-0 0 0
-0 0 0
-0 0 0
-0 0 0
-0 0 0
-0 0 0
-0 0 0
-0 0 0
-0 0 0
-0 0 0
-0 0 0
-0 0 0
-0 0 0
-0 0 0
-0 0 0
-0 0 0
-0 0 0
-0 0 0
-0 0 0
-0 0 0
-0 0 0
-0 0 0
-0 0 0
-0 0 0
-0.49182737 0.14250188 1.5815001
-0.47844586 0.14263703 1.5830001
-0.46635881 0.14317767 1.5890001
-0.45238715 0.14315514 1.5887501
-0 0 0
-0 0 0
-0.083301701 0.029036501 0.32225001
-0.081606552 0.029441977 0.32675001
-0.079230167 0.029622188 0.32875001
-0.07658653 0.029712293 0.32975
-0.073869526 0.029779872 0.33050001
-0.071461543 0.029982612 0.33275002
-0.069014192 0.030185347 0.33500001
-0.066428848 0.030343033 0.33675003
-0.063577227 0.030388085 0.33725002
-0.060582038 0.030365558 0.33700001
-0.058061529 0.030590821 0.33950001
-0.055335011 0.030725982 0.34100002
-0.052505489 0.030816086 0.34200001
-0.049767051 0.030973772 0.34375003
-0.047270052 0.031311668 0.34750003
-0.045280207 0.032055039 0.35575002
-0.042879317 0.032595668 0.36175001
-0.039769642 0.032640725 0.36225003
-0.036474399 0.032528091 0.36100003
-0.033085663 0.032302827 0.3585
-0.029678019 0.032009985 0.35525003
-0.026570309 0.032009985 0.35525003
-0.023561666 0.032145143 0.35675001
-0.020498132 0.03223525 0.35775003
-0.017392829 0.0322803 0.35825002
-0.014219073 0.032190192 0.35725001
-0 0 0
-0 0 0
-0 0 0
-0 0 0
0 0 0
0 0 0
0 0 0
0 0 0
0 0 0
0 0 0
0 0 0
0 0 0
0 0 0
0 0 0
0 0 0
0 0 0
0 0 0
0 0 0
0 0 0
0 0 0
0 0 0
0 0 0
0 0 0
0 0 0
0 0 0
0 0 0
0 0 0
0 0 0
0 0 0
0 0 0
0 0 0
0 0 0
0 0 0
0 0 0
0 0 0
0 0 0
0 0 0
0 0 0
0 0 0
0 0 0
0 0 0
0 0 0
0 0 0
0 0 0
0 0 0
0 0 0
0 0 0
0 0 0
0 0 0
0 0 0
0 0 0
0 0 0
0 0 0
0 0 0
0 0 0
0 0 0
0 0 0
0 0 0
0 0 0
0 0 0
0 0 0
0 0 0
0 0 0
0 0 0
0 0 0
0 0 0
0 0 0
0 0 0
0 0 0
0 0 0
0 0 0
0 0 0
0 0 0
0 0 0
0 0 0
0 0 0
0 0 0
0 0 0
0 0 0
0 0 0
0 0 0
0 0 0
0 0 0
-0 0 0
-0 0 0
-0 0 0
-0 0 0
-0 0 0
-0 0 0
-0 0 0
-0 0 0
-0 0 0
-0 0 0
-0 0 0
-0 0 0
-0 0 0
-0 0 0
-0 0 0
-0 0 0
-0 0 0
-0 0 0
-0 0 0
-0 0 0
-0 0 0
-0 0 0
-0 0 0
-0 0 0
-0 0 0
-0 0 0
-0 0 0
-0 0 0
-0 0 0
-0 0 0
-0 0 0
-0 0 0
-0 0 0
-0 0 0
-0 0 0
-0 0 0
-0 0 0
-0 0 0
-0 0 0
-0 0 0
-0 0 0
-0 0 0
-0 0 0
-0 0 0
-0 0 0
-0.49206063 0.15640026 1.5822501
-0.47837031 0.15644969 1.5827501
-0.46613866 0.15699334 1.58825
-0.45210239 0.15694392 1.5877501
-0 0 0
-0 0 0
-0 0 0
-0 0 0
-0.079591677 0.032644138 0.33025002
-0.077283308 0.032891255 0.33275002
-0.074707687 0.033039525 0.33425
-0.072105825 0.033187795 0.33575001
-0.06952922 0.033360776 0.33750001
-0.066971317 0.033558469 0.33950001
-0.064142779 0.033632606 0.34025002
-0.061525825 0.0338303 0.34225002
-0.059002146 0.034102127 0.34500003
-0.056186944 0.034225687 0.34625003
-0.053273112 0.034299821 0.347
-0.050527126 0.034497514 0.34900001
-0.047712147 0.034670498 0.35075003
-0.044866543 0.034843478 0.35250002
-0 0 0
-0 0 0
-0 0 0
-0.032993376 0.035337713 0.35750002
-0.0298451 0.035312999 0.35725001
-0.026701197 0.035288289 0.35700002
-0.023611201 0.035337713 0.35750002
-0 0 0
-0 0 0
-0 0 0
-0 0 0
-0 0 0
-0 0 0
-0 0 0
0 0 0
0 0 0
0 0 0
0 0 0
0 0 0
0 0 0
0 0 0
0 0 0
0 0 0
0 0 0
0 0 0
0 0 0
0 0 0
0 0 0
0 0 0
0 0 0
0 0 0
0 0 0
0 0 0
0 0 0
0 0 0
0 0 0
0 0 0
0 0 0
0 0 0
0 0 0
0 0 0
0 0 0
0 0 0
0 0 0
0 0 0
0 0 0
0 0 0
0 0 0
0 0 0
0 0 0
0 0 0
0 0 0
0 0 0
0 0 0
0 0 0
0 0 0
0 0 0
0 0 0
0 0 0
0 0 0
0 0 0
0 0 0
0 0 0
0 0 0
0 0 0
0 0 0
0 0 0
0 0 0
0 0 0
0 0 0
0 0 0
0 0 0
0 0 0
0 0 0
0 0 0
0 0 0
0 0 0
0 0 0
0 0 0
0 0 0
0 0 0
0 0 0
0 0 0
0 0 0
0 0 0
0 0 0
0 0 0
0 0 0
0 0 0
0 0 0
0 0 0
0 0 0
0 0 0
-0 0 0
-0 0 0
-0 0 0
-0 0 0
-0 0 0
-0 0 0
-0 0 0
-0 0 0
-0 0 0
-0 0 0
-0 0 0
-0 0 0
-0 0 0
-0 0 0
-0 0 0
-0 0 0
-0 0 0
-0 0 0
-0 0 0
-0 0 0
-0 0 0
-0 0 0
-0 0 0
-0 0 0
-0 0 0
-0 0 0
-0 0 0
-0 0 0
-0 0 0
-0 0 0
-0 0 0
-0 0 0
-0 0 0
-0 0 0
-0 0 0
-0 0 0
-0 0 0
-0 0 0
-0 0 0
-0 0 0
-0 0 0
-0 0 0
-0 0 0
-0 0 0
-0 0 0
-0 0 0
-0.47844586 0.17031176 1.5830001
-0.46525818 0.17055383 1.58525
-0.45174646 0.17068832 1.5865
-0.43779886 0.17066142 1.5862501
-0 0 0
-0 0 0
-0 0 0
-0 0 0
-0 0 0
-0.074819446 0.036015075 0.33475003
-0.072266899 0.036203355 0.33650002
-0.069992751 0.036553014 0.33975002
-0.067661747 0.036902677 0.34300002
-0.065038234 0.037117854 0.34500003
-0.062334783 0.03730613 0.34675002
-0.059515208 0.037440617 0.34800002
-0.056633193 0.037548203 0.34900001
-0.05377207 0.037682686 0.35025001
-0.050889067 0.037817173 0.3515
-0.047814164 0.037817173 0.3515
-0.044580158 0.037682686 0.35025001
-0 0 0
-0 0 0
-0 0 0
-0 0 0
-0 0 0
-0 0 0
-0 0 0
-0 0 0
-0 0 0
-0 0 0
-0 0 0
-0 0 0
-0 0 0
-0 0 0
0 0 0
0 0 0
0 0 0
0 0 0
0 0 0
0 0 0
0 0 0
0 0 0
0 0 0
0 0 0
0 0 0
0 0 0
0 0 0
0 0 0
0 0 0
0 0 0
0 0 0
0 0 0
0 0 0
0 0 0
0 0 0
0 0 0
0 0 0
0 0 0
0 0 0
0 0 0
0 0 0
0 0 0
0 0 0
0 0 0
0 0 0
0 0 0
0 0 0
0 0 0
0 0 0
0 0 0
0 0 0
0 0 0
0 0 0
0 0 0
0 0 0
0 0 0
0 0 0
0 0 0
0 0 0
0 0 0
0 0 0
0 0 0
0 0 0
0 0 0
0 0 0
0 0 0
0 0 0
0 0 0
0 0 0
0 0 0
0 0 0
0 0 0
0 0 0
0 0 0
0 0 0
0 0 0
0 0 0
0 0 0
0 0 0
0 0 0
0 0 0
0 0 0
0 0 0
0 0 0
0 0 0
0 0 0
0 0 0
0 0 0
0 0 0
0 0 0
0 0 0
0 0 0
0 0 0
-0 0 0
-0 0 0
-0 0 0
-0 0 0
-0 0 0
-0 0 0
-0 0 0
-0 0 0
-0 0 0
-0 0 0
-0 0 0
-0 0 0
-0 0 0
-0 0 0
-0 0 0
-0 0 0
-0 0 0
-0 0 0
-0 0 0
-0 0 0
-0 0 0
-0 0 0
-0 0 0
-0 0 0
-0 0 0
-0 0 0
-0 0 0
-0 0 0
-0 0 0
-0 0 0
-0 0 0
-0 0 0
-0 0 0
-0 0 0
-0 0 0
-0 0 0
-0 0 0
-0 0 0
-0 0 0
-0 0 0
-0 0 0
-0 0 0
-0 0 0
-0 0 0
-0 0 0
-0 0 0
-0.4781436 0.18403278 1.582
-0.46481797 0.18423638 1.5837501
-0.45167527 0.18452719 1.5862501
-0 0 0
-0 0 0
-0 0 0
-0 0 0
-0 0 0
-0 0 0
-0 0 0
-0 0 0
-0 0 0
-0 0 0
-0.065321006 0.040308066 0.34650001
-0.062469613 0.040424399 0.34750003
-0.059600718 0.040540725 0.34850001
-0.056754898 0.040686138 0.34975001
-0.053848833 0.040802468 0.35075003
-0.051033847 0.041006044 0.35250002
-0.047814164 0.04088971 0.3515
-0 0 0
-0 0 0
-0 0 0
-0 0 0
-0 0 0
-0 0 0
-0 0 0
-0 0 0
-0 0 0
-0 0 0
-0 0 0
-0 0 0
-0 0 0
-0 0 0
-0 0 0
0 0 0
0 0 0
0 0 0
0 0 0
0 0 0
0 0 0
0 0 0
0 0 0
0 0 0
0 0 0
0 0 0
0 0 0
0 0 0
0 0 0
0 0 0
0 0 0
0 0 0
0 0 0
0 0 0
0 0 0
0 0 0
0 0 0
0 0 0
0 0 0
0 0 0
0 0 0
0 0 0
0 0 0
0 0 0
0 0 0
0 0 0
0 0 0
0 0 0
0 0 0
0 0 0
0 0 0
0 0 0
0 0 0
0 0 0
0 0 0
0 0 0
0 0 0
0 0 0
0 0 0
0 0 0
0 0 0
0 0 0
0 0 0
0 0 0
0 0 0
0 0 0
0 0 0
0 0 0
0 0 0
0 0 0
0 0 0
0 0 0
0 0 0
0 0 0
0 0 0
0 0 0
0 0 0
0 0 0
0 0 0
0 0 0
0 0 0
0 0 0
0 0 0
0 0 0
0 0 0
0 0 0
0 0 0
0 0 0
0 0 0
0 0 0
0 0 0
0 0 0
0 0 0
0 0 0
-0 0 0
-0 0 0
-0 0 0
-0 0 0
-0 0 0
-0 0 0
-0 0 0
-0 0 0
-0 0 0
-0 0 0
-0 0 0
-0 0 0
-0 0 0
-0 0 0
-0 0 0
-0 0 0
-0 0 0
-0 0 0
-0 0 0
-0 0 0
-0 0 0
-0 0 0
-0 0 0
-0 0 0
-0 0 0
-0 0 0
-0 0 0
-0 0 0
-0 0 0
-0 0 0
-0 0 0
-0 0 0
-0 0 0
-0 0 0
-0 0 0
-0 0 0
-0 0 0
-0 0 0
-0 0 0
-0 0 0
-0 0 0
-0 0 0
-0 0 0
-0 0 0
-0 0 0
-0 0 0
-0 0 0
-0.46408424 0.19776762 1.5812501
-0 0 0
-0.43800586 0.19848678 1.5870001
-0 0 0
-0 0 0
-0 0 0
-0 0 0
-0 0 0
-0 0 0
-0 0 0
-0 0 0
-0 0 0
-0 0 0
-0 0 0
-0 0 0
-0 0 0
-0 0 0
-0 0 0
-0 0 0
-0 0 0
-0 0 0
-0 0 0
-0 0 0
-0 0 0
-0 0 0
-0 0 0
-0 0 0
-0.016902722 0.036895778 0.29500002
-0.01417643 0.036520567 0.29200003
-0 0 0
-0 0 0
-0 0 0
-0.0037995214 0.035050988 0.28025001
-0.0013767664 0.035801411 0.28625003
0.0011253653 0.035738874 0.28575
0.0036599792 0.036082819 0.28850001
0.0061355364 0.035801411 0.28625003
0.0086698188 0.03592648 0.28725001
0.01115347 0.035832677 0.28650001
0.013612079 0.035707608 0.28550002
0.016053192 0.035582535 0.2845
0.018590864 0.035676338 0.28525001
0 0 0
0 0 0
0 0 0
0 0 0
0 0 0
0 0 0
0 0 0
0 0 0
0 0 0
0 0 0
0 0 0
0 0 0
0 0 0
0 0 0
0 0 0
0 0 0
0 0 0
0 0 0
0 0 0
0 0 0
0 0 0
0 0 0
0 0 0
0 0 0
0 0 0
0 0 0
0 0 0
0 0 0
0 0 0
0 0 0
0 0 0
0 0 0
0 0 0
0 0 0
0 0 0
0 0 0
0 0 0
0 0 0
0 0 0
0 0 0
0 0 0
0 0 0
0 0 0
0 0 0
0 0 0
0 0 0
0 0 0
0 0 0
0 0 0
0 0 0
0 0 0
0 0 0
0 0 0
0 0 0
0 0 0
0 0 0
0 0 0
0 0 0
0 0 0
0 0 0
0 0 0
0 0 0
0 0 0
0 0 0
0 0 0
0 0 0
0 0 0
0 0 0
0 0 0
0 0 0
0 0 0
-0 0 0
-0 0 0
-0 0 0
-0 0 0
-0 0 0
-0 0 0
-0 0 0
-0 0 0
-0 0 0
-0 0 0
-0 0 0
-0 0 0
-0 0 0
-0 0 0
-0 0 0
-0 0 0
-0 0 0
-0 0 0
-0 0 0
-0 0 0
-0 0 0
-0 0 0
-0 0 0
-0 0 0
-0 0 0
-0 0 0
-0 0 0
-0 0 0
-0 0 0
-0 0 0
-0 0 0
-0 0 0
-0 0 0
-0 0 0
-0 0 0
-0 0 0
-0 0 0
-0 0 0
-0 0 0
-0 0 0
-0 0 0
-0 0 0
-0 0 0
-0 0 0
-0 0 0
-0 0 0
-0 0 0
-0 0 0
-0 0 0
-0 0 0
-0 0 0
-0 0 0
-0 0 0
-0 0 0
-0 0 0
-0 0 0
-0 0 0
-0 0 0
-0 0 0
-0 0 0
-0 0 0
-0 0 0
-0 0 0
-0 0 0
-0 0 0
-0 0 0
-0 0 0
-0 0 0
-0 0 0
-0 0 0
-0 0 0
-0.026754074 0.042853184 0.32025
-0.022737155 0.040678743 0.30400002
-0.019499881 0.039507896 0.29525003
-0 0 0
-0 0 0
-0 0 0
-0.0088890688 0.038303588 0.28625003
-0.0063905441 0.038337041 0.28650001
-0.0039079823 0.038571209 0.28825
-0.001387588 0.038604662 0.28850001
0.0011371803 0.038638119 0.28875002
0.0036726657 0.038738478 0.28950003
0.0062212725 0.038838834 0.29025
0.0087603647 0.038838834 0.29025
0.011221597 0.038571209 0.28825
0.013719355 0.038504303 0.28775001
0.016208366 0.0384374 0.28725001
0.018639745 0.038270134 0.28600001
0.021049257 0.038102869 0.28475001
0.023498902 0.038035966 0.28425002
0.025939798 0.03796906 0.28375003
0 0 0
0 0 0
0 0 0
0 0 0
0 0 0
0 0 0
0 0 0
0 0 0
0 0 0
0 0 0
0 0 0
0 0 0
0 0 0
0 0 0
0 0 0
0 0 0
0 0 0
0 0 0
0 0 0
0 0 0
0 0 0
0 0 0
0 0 0
0 0 0
0 0 0
0 0 0
0 0 0
0 0 0
0 0 0
0 0 0
0 0 0
0 0 0
0 0 0
0 0 0
0 0 0
0 0 0
0 0 0
0 0 0
0 0 0
0 0 0
0 0 0
0 0 0
0 0 0
0 0 0
0 0 0
0 0 0
0 0 0
0 0 0
0 0 0
0 0 0
0 0 0
0 0 0
0 0 0
0 0 0
0 0 0
0 0 0
0 0 0
0 0 0
0 0 0
0 0 0
0 0 0
0 0 0
0 0 0
0 0 0
0 0 0
0 0 0
0 0 0
0 0 0
-0 0 0
-0 0 0
-0 0 0
-0 0 0
-0 0 0
-0 0 0
-0 0 0
-0 0 0
-0 0 0
-0 0 0
-0 0 0
-0 0 0
-0 0 0
-0 0 0
-0 0 0
-0 0 0
-0 0 0
-0 0 0
-0 0 0
-0 0 0
-0 0 0
-0 0 0
-0 0 0
-0 0 0
-0 0 0
-0 0 0
-0 0 0
-0 0 0
-0 0 0
-0 0 0
-0 0 0
-0 0 0
-0 0 0
-0 0 0
-0 0 0
-0 0 0
-0 0 0
-0 0 0
-0 0 0
-0 0 0
-0 0 0
-0 0 0
-0 0 0
-0 0 0
-0 0 0
-0 0 0
-0 0 0
-0 0 0
-0 0 0
-0 0 0
-0 0 0
-0 0 0
-0 0 0
-0 0 0
-0 0 0
-0 0 0
-0 0 0
-0 0 0
-0 0 0
-0 0 0
-0 0 0
-0 0 0
-0 0 0
-0 0 0
-0 0 0
-0 0 0
-0 0 0
-0 0 0
-0.033457 0.043442994 0.30475003
-0.032483429 0.045830753 0.3215
-0.029832473 0.046080224 0.32325003
-0.025960432 0.04429831 0.31075001
-0.022194901 0.042302568 0.29675001
-0 0 0
-0 0 0
-0.013800172 0.040520661 0.28425002
-0.011383219 0.040770125 0.28600001
-0.008951175 0.041090868 0.28825
-0.006446308 0.041197784 0.289
-0.0039147614 0.041162148 0.28875002
-0.0013851832 0.041055232 0.28800002
0.0011342264 0.041055232 0.28800002
0.0036536362 0.041055232 0.28800002
0.0061730458 0.041055232 0.28800002
0.0086924555 0.041055232 0.28800002
0.011182668 0.040948316 0.28725001
0.013683596 0.040912677 0.287
0.016194258 0.040912677 0.287
0.018639745 0.040770125 0.28600001
0.021086218 0.040663213 0.28525001
0.023560904 0.040627576 0.28500003
0.02600836 0.040556297 0.2845
0.028296819 0.040271189 0.2825
0.030523062 0.039950445 0.28025001
0 0 0
0 0 0
0 0 0
0 0 0
0 0 0
0 0 0
0 0 0
0 0 0
0 0 0
0 0 0
0 0 0
0 0 0
0 0 0
0 0 0
0 0 0
0 0 0
0 0 0
0 0 0
0 0 0
0 0 0
0 0 0
0 0 0
0 0 0
0 0 0
0 0 0
0 0 0
0 0 0
0 0 0
0 0 0
0 0 0
0 0 0
0 0 0
0 0 0
0 0 0
0 0 0
0 0 0
0 0 0
0 0 0
0 0 0
0 0 0
0 0 0
0 0 0
0 0 0
0 0 0
0 0 0
0 0 0
0 0 0
0 0 0
0 0 0
0 0 0
0 0 0
0 0 0
0 0 0
0 0 0
0 0 0
0 0 0
0 0 0
0 0 0
0 0 0
0 0 0
0 0 0
0 0 0
0 0 0
0 0 0
0 0 0
0 0 0
-0 0 0
-0 0 0
-0 0 0
-0 0 0
-0 0 0
-0 0 0
-0 0 0
-0 0 0
-0 0 0
-0 0 0
-0 0 0
-0 0 0
-0 0 0
-0 0 0
-0 0 0
-0 0 0
-0 0 0
-0 0 0
-0 0 0
-0 0 0
-0 0 0
-0 0 0
-0 0 0
-0 0 0
-0 0 0
-0 0 0
-0 0 0
-0 0 0
-0 0 0
-0 0 0
-0 0 0
-0 0 0
-0 0 0
-0 0 0
-0 0 0
-0 0 0
-0 0 0
-0 0 0
-0 0 0
-0 0 0
-0 0 0
-0 0 0
-0 0 0
-0 0 0
-0 0 0
-0 0 0
-0 0 0
-0 0 0
-0 0 0
-0 0 0
-0 0 0
-0 0 0
-0 0 0
-0 0 0
-0 0 0
-0 0 0
-0 0 0
-0 0 0
-0 0 0
-0 0 0
-0 0 0
-0 0 0
-0 0 0
-0 0 0
-0 0 0
-0 0 0
-0.038407031 0.045653 0.30175
-0.035945136 0.045879941 0.30325001
-0.03447251 0.047506351 0.31400001
-0.032281358 0.048338473 0.31950003
-0.028840361 0.04727941 0.3125
-0.024790857 0.044896528 0.29675001
-0 0 0
-0 0 0
-0.016057586 0.042400178 0.28025001
-0.013824446 0.043081 0.28475001
-0.011403119 0.043345764 0.28650001
-0.0089201219 0.043459237 0.28725001
-0.0064184261 0.043534882 0.28775001
-0.0038944248 0.043459237 0.28725001
-0.0013755639 0.043270119 0.28600001
0.001128319 0.043345764 0.28650001
0.0036219205 0.043194473 0.28550002
0.0061087436 0.043118827 0.28500003
0.0086019095 0.043118827 0.28500003
0.011075609 0.043043174 0.2845
0.013588241 0.043118827 0.28500003
0.016081408 0.043118827 0.28500003
0.018541984 0.043043174 0.2845
0.020993816 0.042967528 0.28400001
0.023519568 0.043043174 0.2845
0.02600836 0.043043174 0.2845
0.028396986 0.042891882 0.28350002
0.030686432 0.042627119 0.28175002
0.032857016 0.042248886 0.27925003
0 0 0
0 0 0
0 0 0
0 0 0
0 0 0
0 0 0
0 0 0
0 0 0
0 0 0
0 0 0
0 0 0
0 0 0
0 0 0
0 0 0
0 0 0
0 0 0
0 0 0
0 0 0
0 0 0
0 0 0
0 0 0
0 0 0
0 0 0
0 0 0
0 0 0
0 0 0
0 0 0
0 0 0
0 0 0
0 0 0
0 0 0
0 0 0
0 0 0
0 0 0
0 0 0
0 0 0
0 0 0
0 0 0
0 0 0
0 0 0
0 0 0
0 0 0
0 0 0
0 0 0
0 0 0
0 0 0
0 0 0
0 0 0
0 0 0
0 0 0
0 0 0
0 0 0
0 0 0
0 0 0
0 0 0
0 0 0
0 0 0
0 0 0
0 0 0
0 0 0
0 0 0
0 0 0
0 0 0
0 0 0
0 0 0
-0 0 0
-0 0 0
-0 0 0
-0 0 0
-0 0 0
-0 0 0
-0 0 0
-0 0 0
-0 0 0
-0 0 0
-0 0 0
-0 0 0
-0 0 0
-0 0 0
-0 0 0
-0 0 0
-0 0 0
-0 0 0
-0 0 0
-0 0 0
-0 0 0
-0 0 0
-0 0 0
-0 0 0
-0 0 0
-0 0 0
-0 0 0
-0 0 0
-0 0 0
-0 0 0
-0 0 0
-0 0 0
-0 0 0
-0 0 0
-0 0 0
-0 0 0
-0 0 0
-0 0 0
-0 0 0
-0 0 0
-0 0 0
-0 0 0
-0 0 0
-0 0 0
-0 0 0
-0 0 0
-0 0 0
-0 0 0
-0 0 0
-0 0 0
-0 0 0
-0 0 0
-0 0 0
-0 0 0
-0 0 0
-0 0 0
-0 0 0
-0 0 0
-0 0 0
-0 0 0
-0 0 0
-0 0 0
-0 0 0
-0 0 0
-0.042853951 0.047370464 0.296
-0.040332578 0.047450483 0.29650003
-0.038534313 0.048450705 0.30275002
-0.03727863 0.050331116 0.3145
-0.034856759 0.050811224 0.31750003
-0.03149832 0.049891021 0.31175002
-0.027456025 0.047610518 0.29750001
-0 0 0
-0 0 0
-0.018525712 0.044889916 0.28050002
-0.016229477 0.04533001 0.28325
-0.013800172 0.045490049 0.28425002
-0.011273765 0.04533001 0.28325
-0.0087648546 0.045169979 0.28225002
-0.0062399819 0.044769891 0.27975002
-0.0037859641 0.044689875 0.27925003
-0.0013394915 0.044569846 0.27850002
0.0010948436 0.044489831 0.27800003
0.0035236022 0.044449817 0.27775002
0.0059479866 0.044409808 0.2775
0.0083830878 0.044449817 0.27775002
0.010832297 0.044529837 0.27825001
0.013278333 0.044569846 0.27850002
0.015785171 0.044769891 0.27975002
0.018362757 0.04508996 0.28175002
0.020864453 0.045169979 0.28225002
0.023374896 0.045249995 0.28275001
0.025871234 0.045290004 0.28300002
0.028321862 0.045249995 0.28275001
0.030713659 0.045129966 0.28200001
0.03312175 0.04504995 0.28150001
0.035521094 0.044969935 0.28100002
0 0 0
0 0 0
0.035644576 0.037368253 0.2335
0 0 0
0 0 0
0 0 0
0 0 0
0 0 0
0 0 0
0 0 0
0 0 0
0 0 0
0 0 0
0 0 0
0 0 0
0 0 0
0 0 0
0 0 0
0 0 0
0 0 0
0 0 0
0 0 0
0 0 0
0 0 0
0 0 0
0 0 0
0 0 0
0 0 0
0 0 0
0 0 0
0 0 0
0 0 0
0 0 0
0 0 0
0 0 0
0 0 0
0 0 0
0 0 0
0 0 0
0 0 0
0 0 0
0 0 0
0 0 0
0 0 0
0 0 0
0 0 0
0 0 0
0 0 0
0 0 0
0 0 0
0 0 0
0 0 0
0 0 0
0 0 0
0 0 0
0 0 0
0 0 0
0 0 0
0 0 0
0 0 0
0 0 0
0 0 0
0 0 0
0 0 0
-0 0 0
-0 0 0
-0 0 0
-0 0 0
-0 0 0
-0 0 0
-0 0 0
-0 0 0
-0 0 0
-0 0 0
-0 0 0
-0 0 0
-0 0 0
-0 0 0
-0 0 0
-0 0 0
-0 0 0
-0 0 0
-0 0 0
-0 0 0
-0 0 0
-0 0 0
-0 0 0
-0 0 0
-0 0 0
-0 0 0
-0 0 0
-0 0 0
-0 0 0
-0 0 0
-0 0 0
-0 0 0
-0 0 0
-0 0 0
-0 0 0
-0 0 0
-0 0 0
-0 0 0
-0 0 0
-0 0 0
-0 0 0
-0 0 0
-0 0 0
-0 0 0
-0 0 0
-0 0 0
-0 0 0
-0 0 0
-0 0 0
-0 0 0
-0 0 0
-0 0 0
-0 0 0
-0 0 0
-0 0 0
-0 0 0
-0 0 0
-0 0 0
-0 0 0
-0 0 0
-0 0 0
-0 0 0
-0 0 0
-0 0 0
-0 0 0
-0.040672649 0.050464198 0.29900002
-0.03942528 0.052278545 0.30975002
-0.037574966 0.053502172 0.317
-0.034362726 0.052827071 0.31300002
-0.030412173 0.050801754 0.30100003
-0 0 0
-0 0 0
-0.020586846 0.046455756 0.27525002
-0.0183606 0.04691989 0.27800003
-0.016000289 0.04713086 0.27925003
-0.013448188 0.046751112 0.27700001
-0.011015055 0.046708915 0.27675
-0.0085940594 0.046708915 0.27675
-0.0061786412 0.046751112 0.27700001
-0.0037588486 0.046793308 0.27725002
-0.0013310744 0.046708915 0.27675
0.0010879516 0.04662453 0.27625
0.0035077445 0.046666726 0.27650002
0.0059211939 0.04662453 0.27625
0.0083302697 0.046582337 0.27600002
0.010734972 0.046540141 0.27575001
0.013135298 0.046497945 0.2755
0.015559466 0.046540141 0.27575001
0.017971713 0.046540141 0.27575001
0.02038396 0.046540141 0.27575001
0.022878876 0.046708915 0.27675
0.025528418 0.04713086 0.27925003
0.028121529 0.047384024 0.28075001
0.030631972 0.047468409 0.28125
0.03306292 0.04742622 0.28100002
0.035521094 0.04742622 0.28100002
0.037911691 0.047341831 0.28050002
0.033673882 0.039493721 0.23400001
0.03533927 0.03907178 0.23150001
0.037122317 0.038818613 0.23
0 0 0
0.050449032 0.047594994 0.28200001
0.053525802 0.048143517 0.28525001
0 0 0
0 0 0
0 0 0
0 0 0
0 0 0
0 0 0
0 0 0
0 0 0
0 0 0
0 0 0
0 0 0
0 0 0
0 0 0
0 0 0
0 0 0
0 0 0
0 0 0
0 0 0
0 0 0
0 0 0
0 0 0
0 0 0
0 0 0
0 0 0
0 0 0
0 0 0
0 0 0
0 0 0
0 0 0
0 0 0
0 0 0
0 0 0
0 0 0
0 0 0
0 0 0
0 0 0
0 0 0
0 0 0
0 0 0
0 0 0
0 0 0
0 0 0
0 0 0
0 0 0
0 0 0
0 0 0
0 0 0
0 0 0
0 0 0
0 0 0
0 0 0
0 0 0
0 0 0
0 0 0
0 0 0
0 0 0
0 0 0
-0 0 0
-0 0 0
-0 0 0
-0 0 0
-0 0 0
-0 0 0
-0 0 0
-0 0 0
-0 0 0
-0 0 0
-0 0 0
-0 0 0
-0 0 0
-0 0 0
-0 0 0
-0 0 0
-0 0 0
-0 0 0
-0 0 0
-0 0 0
-0 0 0
-0 0 0
-0 0 0
-0 0 0
-0 0 0
-0 0 0
-0 0 0
-0 0 0
-0 0 0
-0 0 0
-0 0 0
-0 0 0
-0 0 0
-0 0 0
-0 0 0
-0 0 0
-0 0 0
-0 0 0
-0 0 0
-0 0 0
-0 0 0
-0 0 0
-0 0 0
-0 0 0
-0 0 0
-0 0 0
-0 0 0
-0 0 0
-0 0 0
-0 0 0
-0 0 0
-0 0 0
-0 0 0
-0 0 0
-0 0 0
-0 0 0
-0 0 0
-0 0 0
-0 0 0
-0 0 0
-0 0 0
-0 0 0
-0.047627054 0.052101474 0.29350001
-0.04525144 0.052323371 0.29475001
-0.043107316 0.052855931 0.29775003
-0.041692864 0.05440921 0.30650002
-0.040125325 0.055962488 0.31525001
-0.037308265 0.055873729 0.31475002
-0.032962967 0.053299725 0.30025002
-0 0 0
-0 0 0
-0 0 0
-0.020586846 0.048861779 0.27525002
-0.01827804 0.049128052 0.27675
-0.015828395 0.049039293 0.27625
-0.013387501 0.048950534 0.27575001
-0.010975254 0.048950534 0.27575001
-0.0085630063 0.048950534 0.27575001
-0.0061563361 0.048994917 0.27600002
-0.0037385121 0.048950534 0.27575001
-0.00132386 0.048861779 0.27525002
0.0010830287 0.048817396 0.27500001
0.003488715 0.048817396 0.27500001
0.0058944011 0.048817396 0.27500001
0.0082925418 0.048773021 0.27475002
0.010705774 0.048817396 0.27500001
0.013087621 0.048728637 0.27450001
0.015517146 0.048817396 0.27500001
0.017939126 0.048861779 0.27525002
0.020328518 0.048817396 0.27500001
0.02269287 0.048728637 0.27450001
0.025117038 0.048773021 0.27475002
0.02757062 0.048861779 0.27525002
0.030141862 0.049128052 0.27675
0.032739349 0.049394328 0.27825001
0.03539468 0.049704984 0.28
0.037877899 0.049749367 0.28025001
0.040293533 0.049704984 0.28
0.035072125 0.040784717 0.22975001
0.036920566 0.040607199 0.22875001
0.038921658 0.040607199 0.22875001
0.05040431 0.050015643 0.28175002
0.053478893 0.050592579 0.28500003
0 0 0
0 0 0
0 0 0
0 0 0
0 0 0
0 0 0
0 0 0
0 0 0
0 0 0
0 0 0
0 0 0
0 0 0
0 0 0
0 0 0
0 0 0
0 0 0
0 0 0
0 0 0
0 0 0
0 0 0
0 0 0
0 0 0
0 0 0
0 0 0
0 0 0
0 0 0
0 0 0
0 0 0
0 0 0
0 0 0
0 0 0
0 0 0
0 0 0
0 0 0
0 0 0
0 0 0
0 0 0
0 0 0
0 0 0
0 0 0
0 0 0
0 0 0
0 0 0
0 0 0
0 0 0
0 0 0
0 0 0
0 0 0
0 0 0
0 0 0
0 0 0
0 0 0
0 0 0
0 0 0
0 0 0
0 0 0
0 0 0
-0 0 0
-0 0 0
-0 0 0
-0 0 0
-0 0 0
-0 0 0
-0 0 0
-0 0 0
-0 0 0
-0 0 0
-0 0 0
-0 0 0
-0 0 0
-0 0 0
-0 0 0
-0 0 0
-0 0 0
-0 0 0
-0 0 0
-0 0 0
-0 0 0
-0 0 0
-0 0 0
-0 0 0
-0 0 0
-0 0 0
-0 0 0
-0 0 0
-0 0 0
-0 0 0
-0 0 0
-0 0 0
-0 0 0
-0 0 0
-0 0 0
-0 0 0
-0 0 0
-0 0 0
-0 0 0
-0 0 0
-0 0 0
-0 0 0
-0 0 0
-0 0 0
-0 0 0
-0 0 0
-0 0 0
-0 0 0
-0 0 0
-0 0 0
-0 0 0
-0 0 0
-0 0 0
-0 0 0
-0 0 0
-0 0 0
-0 0 0
-0 0 0
-0 0 0
-0 0 0
-0 0 0
-0.050023559 0.054480769 0.29250002
-0.047545917 0.054573897 0.29300001
-0.045136295 0.054760154 0.294
-0.043288287 0.055691455 0.29900002
-0.042509034 0.058205947 0.3125
-0.040157147 0.05876473 0.31550002
-0.036300734 0.057041828 0.30625001
-0 0 0
-0 0 0
-0 0 0
-0.022932064 0.051128108 0.27450001
-0.020624243 0.051360931 0.27575001
-0.018211996 0.051360931 0.27575001
-0.0157711 0.051267803 0.27525002
-0.013351089 0.051221233 0.27500001
-0.010935453 0.051174674 0.27475002
-0.0085319532 0.051174674 0.27475002
-0.0061228774 0.051128108 0.27450001
-0.0037147864 0.05103498 0.27400002
-0.0013166454 0.05098841 0.27375001
0.0010781059 0.05098841 0.27375001
0.0034728572 0.05098841 0.27375001
0.0058622505 0.050941851 0.27350003
0.0082548149 0.050941851 0.27350003
0.010647379 0.050941851 0.27350003
0.013016104 0.050848715 0.273
0.015404294 0.050848715 0.273
0.017825073 0.050941851 0.27350003
0.020217637 0.050941851 0.27350003
0.022630867 0.05098841 0.27375001
0.025071327 0.051081538 0.27425
0.027520537 0.051174674 0.27475002
0.029896807 0.051128108 0.27450001
0.032298118 0.051128108 0.27450001
0.034857441 0.051360931 0.27575001
0.037742741 0.052012838 0.27925003
0.040293533 0.052152529 0.28
0.042361327 0.051686883 0.2775
0.036880217 0.04256019 0.22850001
0.038964197 0.042653322 0.22900002
0 0 0
0 0 0
0.056168452 0.053270087 0.28600001
0 0 0
0 0 0
0 0 0
0 0 0
0 0 0
0 0 0
0 0 0
0 0 0
0 0 0
0 0 0
0 0 0
0 0 0
0 0 0
0 0 0
0 0 0
0 0 0
0 0 0
0 0 0
0 0 0
0 0 0
0 0 0
0 0 0
0 0 0
0 0 0
0 0 0
0.063893862 0.02807855 0.15075001
0.065320767 0.028125115 0.15100001
0 0 0
0 0 0
0.067448258 0.027380077 0.147
0.068967998 0.027473209 0.14750001
0 0 0
0 0 0
0 0 0
0 0 0
0 0 0
0 0 0
0 0 0
0 0 0
0 0 0
0 0 0
0 0 0
0 0 0
0 0 0
0 0 0
0 0 0
0 0 0
0 0 0
0 0 0
0 0 0
0 0 0
0 0 0
0 0 0
0 0 0
0 0 0
0 0 0
-0 0 0
-0 0 0
-0 0 0
-0 0 0
-0 0 0
-0 0 0
-0 0 0
-0 0 0
-0 0 0
-0 0 0
-0 0 0
-0 0 0
-0 0 0
-0 0 0
-0 0 0
-0 0 0
-0 0 0
-0 0 0
-0 0 0
-0 0 0
-0 0 0
-0 0 0
-0 0 0
-0 0 0
-0 0 0
-0 0 0
-0 0 0
-0 0 0
-0 0 0
-0 0 0
-0 0 0
-0 0 0
-0 0 0
-0 0 0
-0 0 0
-0 0 0
-0 0 0
-0 0 0
-0 0 0
-0 0 0
-0 0 0
-0 0 0
-0 0 0
-0 0 0
-0 0 0
-0 0 0
-0 0 0
-0 0 0
-0 0 0
-0 0 0
-0 0 0
-0 0 0
-0 0 0
-0 0 0
-0 0 0
-0 0 0
-0 0 0
-0 0 0
-0 0 0
-0 0 0
-0 0 0
-0.04989529 0.05689133 0.29175001
-0.047343079 0.05689133 0.29175001
-0.044752486 0.056842577 0.2915
-0.043758813 0.058938835 0.30225003
-0.042747092 0.061278835 0.31425002
-0.039775301 0.060937583 0.3125
-0 0 0
-0 0 0
-0 0 0
-0.02517187 0.053186323 0.27275002
-0.022952951 0.053576328 0.27475002
-0.020549452 0.053576328 0.27475002
-0.018162461 0.053625073 0.27500001
-0.015728125 0.053527575 0.27450001
-0.013326814 0.053527575 0.27450001
-0.010915551 0.053478822 0.27425
-0.0085164262 0.053478822 0.27425
-0.0061173006 0.053478822 0.27425
-0.0037080077 0.053332575 0.27350003
-0.0013142406 0.053283826 0.27325001
0.0010761367 0.053283826 0.27325001
0.0034665142 0.053283826 0.27325001
0.0058515328 0.053235073 0.273
0.0082397228 0.053235073 0.273
0.010627913 0.053235073 0.273
0.013004185 0.053186323 0.27275002
0.015390188 0.053186323 0.27275002
0.017776191 0.053186323 0.27275002
0.020162195 0.053186323 0.27275002
0.022548199 0.053186323 0.27275002
0.025002766 0.053332575 0.27350003
0.027445413 0.053430077 0.27400002
0.029869577 0.053478822 0.27425
0.032268703 0.053478822 0.27425
0.034604624 0.053381324 0.27375001
0.037066951 0.053478822 0.27425
0.039861817 0.054015074 0.27700001
0.042361327 0.054112572 0.2775
0.044466078 0.053722572 0.2755
0.039049271 0.044752561 0.22950001
0.040922754 0.044606309 0.22875001
0 0 0
0.056070257 0.055672579 0.28550002
0.05769594 0.054843824 0.28125
0 0 0
0 0 0
0 0 0
0 0 0
0 0 0
0 0 0
0 0 0
0 0 0
0 0 0
0 0 0
0 0 0
0 0 0
0 0 0
0 0 0
0 0 0
0 0 0
0 0 0
0 0 0
0 0 0
0 0 0
0 0 0
0 0 0
0 0 0
0 0 0
0.064105779 0.02949379 0.15125
0.065320767 0.029445041 0.15100001
0 0 0
0 0 0
0 0 0
0 0 0
0 0 0
0 0 0
0 0 0
0 0 0
0 0 0
0 0 0
0 0 0
0 0 0
0 0 0
0 0 0
0 0 0
0 0 0
0 0 0
0 0 0
0 0 0
0 0 0
0 0 0
0 0 0
0 0 0
0 0 0
0 0 0
0 0 0
0 0 0
0 0 0
0 0 0
-0 0 0
-0 0 0
-0 0 0
-0 0 0
-0 0 0
-0 0 0
-0 0 0
-0 0 0
-0 0 0
-0 0 0
-0 0 0
-0 0 0
-0 0 0
-0 0 0
-0 0 0
-0 0 0
-0 0 0
-0 0 0
-0 0 0
-0 0 0
-0 0 0
-0 0 0
-0 0 0
-0 0 0
-0 0 0
-0 0 0
-0 0 0
-0 0 0
-0 0 0
-0 0 0
-0 0 0
-0 0 0
-0 0 0
-0 0 0
-0 0 0
-0 0 0
-0 0 0
-0 0 0
-0 0 0
-0 0 0
-0 0 0
-0 0 0
-0 0 0
-0 0 0
-0 0 0
-0 0 0
-0 0 0
-0 0 0
-0 0 0
-0 0 0
-0 0 0
-0 0 0
-0 0 0
-0 0 0
-0 0 0
-0 0 0
-0 0 0
-0 0 0
-0 0 0
-0 0 0
-0.052222796 0.059186906 0.29050002
-0.049809784 0.059339713 0.29125002
-0.047261942 0.059339713 0.29125002
-0.04525144 0.060052805 0.29475001
-0.044591278 0.062752388 0.30800003
-0.042543046 0.063720152 0.31275001
-0 0 0
-0 0 0
-0 0 0
-0.026749574 0.053940561 0.26475
-0.025218014 0.055672366 0.27325001
-0.022932064 0.055927042 0.27450001
-0.020530753 0.055927042 0.27450001
-0.01812944 0.055927042 0.27450001
-0.015728125 0.055927042 0.27450001
-0.013314676 0.055876102 0.27425
-0.010895651 0.055774234 0.27375001
-0.0084931366 0.055723302 0.27350003
-0.0060949954 0.055672366 0.27325001
-0.0036978393 0.055570494 0.27275002
-0.0013106334 0.055519558 0.27250001
0.0010751521 0.055621427 0.273
0.0034633423 0.055621427 0.273
0.0058461749 0.055570494 0.27275002
0.0082246317 0.055519558 0.27250001
0.010618181 0.055570494 0.27275002
0.012992265 0.055519558 0.27250001
0.015361976 0.055468626 0.27225003
0.017759897 0.055519558 0.27250001
0.020143714 0.055519558 0.27250001
0.022527531 0.055519558 0.27250001
0.024934202 0.055570494 0.27275002
0.027345246 0.055621427 0.273
0.029733436 0.055621427 0.273
0.032180458 0.055723302 0.27350003
0.034573022 0.055723302 0.27350003
0.036965586 0.055723302 0.27350003
0.039430104 0.055825174 0.27400002
0.041903369 0.055927042 0.27450001
0.044546783 0.056232657 0.27600002
0.046833605 0.05607985 0.27525002
0.040788583 0.046453062 0.22800002
0.042970762 0.046656806 0.22900002
0 0 0
0.05769594 0.057302296 0.28125
0.05988894 0.057047617 0.28
0 0 0
0 0 0
0 0 0
0 0 0
0 0 0
0 0 0
0 0 0
0 0 0
0 0 0
0 0 0
0 0 0
0 0 0
0 0 0
0 0 0
0 0 0
0 0 0
0 0 0
0 0 0
0 0 0
0 0 0
0 0 0
0 0 0
0 0 0
0.063999824 0.030764967 0.15100001
0 0 0
0 0 0
0 0 0
0.067562968 0.030000936 0.14725001
0 0 0
0 0 0
0 0 0
0 0 0
0 0 0
0 0 0
0 0 0
0 0 0
0 0 0
0 0 0
0 0 0
0 0 0
0 0 0
0 0 0
0 0 0
0 0 0
0 0 0
0 0 0
0 0 0
0 0 0
0 0 0
0 0 0
0 0 0
0 0 0
0 0 0
0 0 0
-0 0 0
-0 0 0
-0 0 0
-0 0 0
-0 0 0
-0 0 0
-0 0 0
-0 0 0
-0 0 0
-0 0 0
-0 0 0
-0 0 0
-0 0 0
-0 0 0
-0 0 0
-0 0 0
-0 0 0
-0 0 0
-0 0 0
-0 0 0
-0 0 0
-0 0 0
-0 0 0
-0 0 0
-0 0 0
-0 0 0
-0 0 0
-0 0 0
-0 0 0
-0 0 0
-0 0 0
-0 0 0
-0 0 0
-0 0 0
-0 0 0
-0 0 0
-0 0 0
-0 0 0
-0 0 0
-0 0 0
-0 0 0
-0 0 0
-0 0 0
-0 0 0
-0 0 0
-0 0 0
-0 0 0
-0 0 0
-0 0 0
-0 0 0
-0 0 0
-0 0 0
-0 0 0
-0 0 0
-0 0 0
-0 0 0
-0 0 0
-0 0 0
-0 0 0
-0.05466982 0.061619993 0.29000002
-0.05217785 0.061673112 0.29025
-0.049681515 0.061726235 0.29050002
-0.047180805 0.061779357 0.29075003
-0.046095829 0.063797943 0.30025002
-0.044482697 0.065285318 0.30725002
-0 0 0
-0 0 0
-0 0 0
-0 0 0
-0.027355798 0.057529699 0.27075002
-0.025310302 0.058273386 0.27425
-0.022911178 0.058273386 0.27425
-0.020493357 0.058220271 0.27400002
-0.018079905 0.058167145 0.27375001
-0.015670829 0.058114029 0.27350003
-0.01325399 0.058007784 0.273
-0.0108459 0.057901543 0.27250001
-0.00845432 0.057848427 0.27225003
-0.0060671135 0.057795305 0.27200001
-0.0036842816 0.057742178 0.27175
-0.0013058238 0.057689063 0.27150002
0.0010702292 0.057742178 0.27175
0.0034474847 0.057742178 0.27175
0.00582474 0.057742178 0.27175
0.0081869038 0.057635941 0.27125001
0.010559786 0.057635941 0.27125001
0.012932668 0.057635941 0.27125001
0.015305549 0.057635941 0.27125001
0.017711015 0.057742178 0.27175
0.020088272 0.057742178 0.27175
0.022465527 0.057742178 0.27175
0.024911346 0.057901543 0.27250001
0.027295163 0.057901543 0.27250001
0.02967898 0.057901543 0.27250001
0.032062795 0.057901543 0.27250001
0.034478214 0.057954665 0.27275002
0.036931794 0.058060907 0.27325001
0.039394125 0.058167145 0.27375001
0.041750714 0.058114029 0.27350003
0.044183627 0.058167145 0.27375001
0.046791065 0.05843275 0.27500001
0.04906258 0.058273386 0.27425
0.043017671 0.048711665 0.22925001
0.044630352 0.048286699 0.22725001
0.057952367 0.06002637 0.2825
0.060316719 0.059920128 0.28200001
0 0 0
0 0 0
0 0 0
0 0 0
0 0 0
0 0 0
0 0 0
0 0 0
0 0 0
0 0 0
0 0 0
0 0 0
0 0 0
0 0 0
0 0 0
0 0 0
0 0 0
0 0 0
0 0 0
0 0 0
0 0 0
0 0 0
0.063093975 0.032297377 0.15200001
0.064317703 0.032244254 0.15175001
0 0 0
0 0 0
0 0 0
0.068824753 0.03187241 0.15000001
0 0 0
0 0 0
0 0 0
0 0 0
0 0 0
0 0 0
0 0 0
0 0 0
0 0 0
0 0 0
0 0 0
0 0 0
0 0 0
0 0 0
0 0 0
0 0 0
0 0 0
0 0 0
0 0 0
0 0 0
0 0 0
0 0 0
0 0 0
0 0 0
0 0 0
0 0 0
-0 0 0
-0 0 0
-0 0 0
-0 0 0
-0 0 0
-0 0 0
-0 0 0
-0 0 0
-0 0 0
-0 0 0
-0 0 0
-0 0 0
-0 0 0
-0 0 0
-0 0 0
-0 0 0
-0 0 0
-0 0 0
-0 0 0
-0 0 0
-0 0 0
-0 0 0
-0 0 0
-0 0 0
-0 0 0
-0 0 0
-0 0 0
-0 0 0
-0 0 0
-0 0 0
-0 0 0
-0 0 0
-0 0 0
-0 0 0
-0 0 0
-0 0 0
-0 0 0
-0 0 0
-0 0 0
-0 0 0
-0 0 0
-0 0 0
-0 0 0
-0 0 0
-0 0 0
-0 0 0
-0 0 0
-0 0 0
-0 0 0
-0 0 0
-0 0 0
-0 0 0
-0 0 0
-0 0 0
-0 0 0
-0 0 0
-0 0 0
-0 0 0
-0.056960143 0.063878417 0.28875002
-0.054622687 0.06409964 0.28975001
-0.051998086 0.063989028 0.28925002
-0.049510498 0.064044334 0.28950003
-0.047180805 0.064320862 0.29075003
-0.046172593 0.066533104 0.30075002
-0.044229332 0.067583911 0.3055
-0 0 0
-0 0 0
-0 0 0
-0.029669415 0.059785772 0.27025002
-0.027709426 0.060670663 0.27425
-0.025264157 0.060560055 0.27375001
-0.022848524 0.060504753 0.27350003
-0.020437261 0.060449444 0.27325001
-0.018013861 0.060338832 0.27275002
-0.015599208 0.060228221 0.27225003
-0.013193304 0.060117606 0.27175
-0.010806099 0.060062304 0.27150002
-0.008423266 0.060006995 0.27125001
-0.0060448083 0.059951693 0.27100003
-0.0036673346 0.059841074 0.2705
-0.0012998118 0.059785772 0.27025002
0.001064322 0.059785772 0.27025002
0.0034284554 0.059785772 0.27025002
0.0057979473 0.059841074 0.2705
0.0081416303 0.059675157 0.26975
0.01050139 0.059675157 0.26975
0.01287307 0.059730466 0.27000001
0.015249124 0.059785772 0.27025002
0.017645843 0.059896383 0.27075002
0.019977391 0.059785772 0.27025002
0.022341523 0.059785772 0.27025002
0.024842782 0.060117606 0.27175
0.02724508 0.060172915 0.27200001
0.029624524 0.060172915 0.27200001
0.032033384 0.060228221 0.27225003
0.03441501 0.060228221 0.27225003
0.036864217 0.060338832 0.27275002
0.03935815 0.060504753 0.27350003
0.041750714 0.060504753 0.27350003
0.044143282 0.060504753 0.27350003
0.046535846 0.060504753 0.27350003
0.048838958 0.060394134 0.273
0.05118024 0.060338832 0.27275002
0.044090271 0.049664777 0.22450002
0 0 0
0 0 0
0 0 0
0 0 0
0 0 0
0 0 0
0 0 0
0 0 0
0 0 0
0 0 0
0 0 0
0 0 0
0 0 0
0 0 0
0 0 0
0 0 0
0 0 0
0 0 0
0 0 0
0 0 0
0 0 0
0 0 0
0 0 0
0 0 0
0.06340529 0.033791956 0.15275
0.06452962 0.033681344 0.15225001
0 0 0
0 0 0
0 0 0
0 0 0
0 0 0
0 0 0
0 0 0
0 0 0
0 0 0
0 0 0
0 0 0
0 0 0
0 0 0
0 0 0
0 0 0
0 0 0
0 0 0
0 0 0
0 0 0
0 0 0
0 0 0
0 0 0
0 0 0
0 0 0
0 0 0
0 0 0
0 0 0
0 0 0
0 0 0
0 0 0
-0 0 0
-0 0 0
-0 0 0
-0 0 0
-0 0 0
-0 0 0
-0 0 0
-0 0 0
-0 0 0
-0 0 0
-0 0 0
-0 0 0
-0 0 0
-0 0 0
-0 0 0
-0 0 0
-0 0 0
-0 0 0
-0 0 0
-0 0 0
-0 0 0
-0 0 0
-0 0 0
-0 0 0
-0 0 0
-0 0 0
-0 0 0
-0 0 0
-0 0 0
-0 0 0
-0 0 0
-0 0 0
-0 0 0
-0 0 0
-0 0 0
-0 0 0
-0 0 0
-0 0 0
-0 0 0
-0 0 0
-0 0 0
-0 0 0
-0 0 0
-0 0 0
-0 0 0
-0 0 0
-0 0 0
-0 0 0
-0 0 0
-0 0 0
-0 0 0
-0 0 0
-0 0 0
-0 0 0
-0 0 0
-0 0 0
-0 0 0
-0.059383105 0.066287458 0.28825
-0.056910824 0.066344954 0.28850001
-0.05438704 0.066344954 0.28850001
-0.051683493 0.066114992 0.28750002
-0.049082942 0.066 0.287
-0.046734557 0.066229969 0.28800002
-0 0 0
-0 0 0
-0 0 0
-0 0 0
-0 0 0
-0.02991643 0.062665507 0.27250001
-0.027633652 0.062895477 0.27350003
-0.02517187 0.062723003 0.27275002
-0.022744099 0.062608026 0.27225003
-0.020343769 0.06255053 0.27200001
-0.017947813 0.062493034 0.27175
-0.015556235 0.062435549 0.27150002
-0.013156893 0.062320568 0.27100003
-0.010766296 0.062205579 0.2705
-0.0083844485 0.062090598 0.27000001
-0.0060057729 0.061918121 0.26925001
-0.0036469984 0.061860636 0.26900002
-0.0012950019 0.061918121 0.26925001
0.0010603835 0.061918121 0.26925001
0.003409426 0.06180314 0.26875001
0.005755079 0.061745647 0.2685
0.0080963578 0.061688159 0.26825002
0.010442995 0.061688159 0.26825002
0.012801552 0.061745647 0.2685
0.015192697 0.061918121 0.26925001
0.017580668 0.062033102 0.26975
0.019921949 0.061975617 0.26950002
0.022300187 0.062033102 0.26975
0.024751365 0.062263072 0.27075002
0.027144916 0.062320568 0.27100003
0.029515611 0.062320568 0.27100003
0.031945135 0.062435549 0.27150002
0.034351803 0.062493034 0.27175
0.036762848 0.06255053 0.27200001
0.039214242 0.062665507 0.27250001
0.041712552 0.062837988 0.27325001
0.044143282 0.062895477 0.27350003
0.046535846 0.062895477 0.27350003
0.048883684 0.062837988 0.27325001
0.051227149 0.062780492 0.273
0.053173456 0.062263072 0.27075002
0.04590033 0.051454708 0.22375001
0 0 0
0 0 0
0 0 0
0 0 0
0 0 0
0 0 0
0 0 0
0 0 0
0 0 0
0 0 0
0 0 0
0 0 0
0 0 0
0 0 0
0 0 0
0 0 0
0 0 0
0 0 0
0 0 0
0 0 0
0 0 0
0 0 0
0.062576979 0.03541464 0.15400001
0.063612841 0.035242163 0.15325001
0.06452962 0.035012197 0.15225001
0 0 0
0 0 0
0 0 0
0 0 0
0 0 0
0 0 0
0 0 0
0 0 0
0 0 0
0 0 0
0 0 0
0 0 0
0 0 0
0 0 0
0 0 0
0 0 0
0 0 0
0 0 0
0 0 0
0 0 0
0 0 0
0 0 0
0 0 0
0 0 0
0 0 0
0 0 0
0 0 0
0 0 0
0 0 0
0 0 0
-0 0 0
-0 0 0
-0 0 0
-0 0 0
-0 0 0
-0 0 0
-0 0 0
-0 0 0
-0 0 0
-0 0 0
-0 0 0
-0 0 0
-0 0 0
-0 0 0
-0 0 0
-0 0 0
-0 0 0
-0 0 0
-0 0 0
-0 0 0
-0 0 0
-0 0 0
-0 0 0
-0 0 0
-0 0 0
-0 0 0
-0 0 0
-0 0 0
-0 0 0
-0 0 0
-0 0 0
-0 0 0
-0 0 0
-0 0 0
-0 0 0
-0 0 0
-0 0 0
-0 0 0
-0 0 0
-0 0 0
-0 0 0
-0 0 0
-0 0 0
-0 0 0
-0 0 0
-0 0 0
-0 0 0
-0 0 0
-0 0 0
-0 0 0
-0 0 0
-0 0 0
-0 0 0
-0 0 0
-0 0 0
-0 0 0
-0 0 0
-0.059383105 0.068807118 0.28825
-0.056812193 0.068747446 0.28800002
-0.054010008 0.068389386 0.28650001
-0.051279008 0.068090998 0.28525001
-0.048270594 0.067374885 0.28225002
-0.045801487 0.067374885 0.28225002
-0 0 0
-0 0 0
-0 0 0
-0 0 0
-0.032152079 0.064749114 0.27125001
-0.02991643 0.065047495 0.27250001
-0.027507355 0.064987823 0.27225003
-0.025079578 0.064868465 0.27175
-0.022639671 0.064689443 0.27100003
-0.020268977 0.064689443 0.27100003
-0.01788177 0.064629763 0.27075002
-0.015498936 0.064570084 0.2705
-0.013084068 0.064331375 0.26950002
-0.010706594 0.064212024 0.26900002
-0.0083145788 0.063913643 0.26775002
-0.0059555857 0.063734613 0.26700002
-0.0036131043 0.063615263 0.26650003
-0.0012769657 0.063376553 0.26550001
0.0010475841 0.063495904 0.266
0.0033681956 0.063376553 0.26550001
0.0056854184 0.063316874 0.26525003
0.0080133574 0.063376553 0.26550001
0.010355403 0.063495904 0.266
0.012682358 0.063495904 0.266
0.015079845 0.063794285 0.26725
0.017499201 0.064092666 0.2685
0.019866506 0.064152345 0.26875001
0.022258854 0.064271696 0.26925001
0.024682801 0.064450726 0.27000001
0.027044749 0.064450726 0.27000001
0.029406695 0.064450726 0.27000001
0.031886306 0.064689443 0.27100003
0.0342886 0.064749114 0.27125001
0.036627695 0.064689443 0.27100003
0.039070338 0.064808793 0.27150002
0.041559901 0.064987823 0.27225003
0.043981876 0.065047495 0.27250001
0.046493307 0.065226525 0.27325001
0.048973132 0.065345876 0.27375001
0.051320974 0.065286204 0.27350003
0.053566243 0.065107174 0.27275002
0.050875001 0.059199188 0.24800001
0 0 0
0 0 0
0 0 0
0 0 0
0 0 0
0 0 0
0 0 0
0 0 0
0 0 0
0 0 0
0 0 0
0 0 0
0 0 0
0 0 0
0 0 0
0 0 0
0 0 0
0 0 0
0 0 0
0 0 0
0 0 0
0 0 0
0.062475387 0.036701109 0.15375
0.063716613 0.036641434 0.15350001
0.064741537 0.0364624 0.15275
0 0 0
0 0 0
0 0 0
0.069742419 0.036283374 0.15200001
0 0 0
0 0 0
0 0 0
0 0 0
0 0 0
0 0 0
0 0 0
0 0 0
0 0 0
0 0 0
0 0 0
0 0 0
0 0 0
0 0 0
0 0 0
0 0 0
0 0 0
0 0 0
0 0 0
0 0 0
0 0 0
0 0 0
0 0 0
0 0 0
0 0 0
0 0 0
-0 0 0
-0 0 0
-0 0 0
-0 0 0
-0 0 0
-0 0 0
-0 0 0
-0 0 0
-0 0 0
-0 0 0
-0 0 0
-0 0 0
-0 0 0
-0 0 0
-0 0 0
-0 0 0
-0 0 0
-0 0 0
-0 0 0
-0 0 0
-0 0 0
-0 0 0
-0 0 0
-0 0 0
-0 0 0
-0 0 0
-0 0 0
-0 0 0
-0 0 0
-0 0 0
-0 0 0
-0 0 0
-0 0 0
-0 0 0
-0 0 0
-0 0 0
-0 0 0
-0 0 0
-0 0 0
-0 0 0
-0 0 0
-0 0 0
-0 0 0
-0 0 0
-0 0 0
-0 0 0
-0 0 0
-0 0 0
-0 0 0
-0 0 0
-0 0 0
-0 0 0
-0 0 0
-0 0 0
-0 0 0
-0 0 0
-0.061797321 0.071203053 0.28775001
-0.059280097 0.071203053 0.28775001
-0.056614928 0.071017466 0.287
-0.053868618 0.070708156 0.28575
-0.050559934 0.069594644 0.28125
-0.047329977 0.068481132 0.27675
-0.045071259 0.068728581 0.27775002
-0 0 0
-0 0 0
-0 0 0
-0.032329366 0.062851697 0.25400001
-0.031944647 0.066687137 0.26950002
-0.029806646 0.067182034 0.27150002
-0.027406316 0.067120172 0.27125001
-0.024987292 0.066996448 0.27075002
-0.022535242 0.066748999 0.26975
-0.020156786 0.066687137 0.26950002
-0.017733166 0.066439688 0.2685
-0.015312719 0.066130377 0.26725
-0.01288987 0.06569735 0.26550001
-0.010537437 0.065511763 0.26475
-0.0082214177 0.065511763 0.26475
-0.0058998219 0.065449901 0.26450002
-0.0035859891 0.065449901 0.26450002
-0.0012733585 0.065511763 0.26475
0.0010436459 0.065573625 0.26500002
0.003358681 0.065511763 0.26475
0.005663984 0.065388039 0.26425001
0.007968083 0.065326169 0.264
0.010287276 0.065388039 0.26425001
0.012587002 0.065326169 0.264
0.01489646 0.065326169 0.264
0.017271092 0.065573625 0.26500002
0.019700183 0.065944798 0.26650003
0.022072846 0.066068523 0.26700002
0.024522822 0.066377833 0.26825002
0.026944585 0.06656342 0.26900002
0.02932501 0.066625275 0.26925001
0.031768642 0.066810861 0.27000001
0.03416219 0.066872723 0.27025002
0.036526326 0.066872723 0.27025002
0.038998388 0.06705831 0.27100003
0.041445408 0.067182034 0.27150002
0.043820478 0.067182034 0.27150002
0.046365693 0.067429483 0.27250001
0.048973132 0.067738786 0.27375001
0.051367883 0.067738786 0.27375001
0.053566243 0.067491345 0.27275002
0.055849679 0.067367621 0.27225003
0 0 0
0.049815036 0.055366408 0.22375001
0 0 0
0 0 0
0 0 0
0 0 0
0 0 0
0 0 0
0 0 0
0 0 0
0 0 0
0 0 0
0 0 0
0 0 0
0 0 0
0 0 0
0 0 0
0 0 0
0 0 0
0 0 0
0 0 0
0 0 0
0.062475387 0.038045071 0.15375
0.063820384 0.038045071 0.15375
0.065377302 0.038168799 0.15425001
0 0 0
0 0 0
0.068525255 0.037673902 0.15225001
0.06997183 0.037735764 0.1525
0 0 0
0 0 0
0 0 0
0 0 0
0 0 0
0 0 0
0 0 0
0 0 0
0 0 0
0 0 0
0 0 0
0 0 0
0 0 0
0 0 0
0 0 0
0 0 0
0 0 0
0 0 0
0 0 0
0 0 0
0 0 0
0 0 0
0 0 0
0 0 0
0 0 0
0 0 0
-0 0 0
-0 0 0
-0 0 0
-0 0 0
-0 0 0
-0 0 0
-0 0 0
-0 0 0
-0 0 0
-0 0 0
-0 0 0
-0 0 0
-0 0 0
-0 0 0
-0 0 0
-0 0 0
-0 0 0
-0 0 0
-0 0 0
-0 0 0
-0 0 0
-0 0 0
-0 0 0
-0 0 0
-0 0 0
-0 0 0
-0 0 0
-0 0 0
-0 0 0
-0 0 0
-0 0 0
-0 0 0
-0 0 0
-0 0 0
-0 0 0
-0 0 0
-0 0 0
-0 0 0
-0 0 0
-0 0 0
-0 0 0
-0 0 0
-0 0 0
-0 0 0
-0 0 0
-0 0 0
-0 0 0
-0 0 0
-0 0 0
-0 0 0
-0 0 0
-0 0 0
-0 0 0
-0 0 0
-0 0 0
-0 0 0
-0.061475184 0.073334068 0.28625003
-0.059125587 0.073526204 0.287
-0.056466982 0.073334068 0.28625003
-0.053727236 0.073013835 0.28500003
-0.049750973 0.070900269 0.27675
-0.047030695 0.070451938 0.27500001
-0.044584442 0.0703879 0.27475002
-0 0 0
-0 0 0
-0 0 0
-0.033952199 0.068338379 0.26675001
-0.032063179 0.069299087 0.2705
-0.029696859 0.069299087 0.2705
-0.027305281 0.069235049 0.27025002
-0.024825785 0.068914808 0.26900002
-0.022347275 0.068530522 0.26750001
-0.019857612 0.068018146 0.26550001
-0.017535031 0.068018146 0.26550001
-0.015198126 0.067954108 0.26525003
-0.012902007 0.068082199 0.26575002
-0.010656843 0.068594575 0.26775002
-0.0083999755 0.069299087 0.2705
-0.0060838428 0.069875516 0.27275002
-0.0037080077 0.070067659 0.27350003
-0.0013178479 0.070195757 0.27400002
0.0010830287 0.070451938 0.27500001
0.0034792002 0.070259795 0.27425
0.0058783256 0.070259795 0.27425
0.0082321782 0.069875516 0.27275002
0.010540321 0.06936314 0.27075002
0.012753875 0.068530522 0.26750001
0.014952887 0.067890055 0.26500002
0.017254798 0.067826003 0.26475
0.019589299 0.067890055 0.26500002
0.021886839 0.067826003 0.26475
0.024248568 0.067954108 0.26525003
0.026719211 0.068338379 0.26675001
0.029216098 0.068722665 0.26825002
0.031650983 0.068914808 0.26900002
0.03403578 0.068978854 0.26925001
0.036458742 0.069106944 0.26975
0.038962409 0.06936314 0.27075002
0.041445408 0.069555283 0.27150002
0.043820478 0.069555283 0.27150002
0.04623808 0.069619328 0.27175
0.048838958 0.069939561 0.273
0.051320974 0.070067659 0.27350003
0.053615339 0.069939561 0.273
0.055952247 0.069875516 0.27275002
0.058338251 0.069875516 0.27275002
0 0 0
0 0 0
0 0 0
0 0 0
0 0 0
0 0 0
0 0 0
0 0 0
0 0 0
0 0 0
0 0 0
0 0 0
0 0 0
0 0 0
0 0 0
0 0 0
0 0 0
0 0 0
0 0 0
0 0 0
0 0 0
0.062475387 0.03938904 0.15375
0.063612841 0.039260946 0.15325001
0 0 0
0 0 0
0 0 0
0 0 0
0 0 0
0 0 0
0 0 0
0 0 0
0 0 0
0 0 0
0 0 0
0 0 0
0 0 0
0 0 0
0 0 0
0 0 0
0 0 0
0 0 0
0 0 0
0 0 0
0 0 0
0 0 0
0 0 0
0 0 0
0 0 0
0 0 0
0 0 0
0 0 0
0 0 0
0 0 0
0 0 0
-0 0 0
-0 0 0
-0 0 0
-0 0 0
-0 0 0
-0 0 0
-0 0 0
-0 0 0
-0 0 0
-0 0 0
-0 0 0
-0 0 0
-0 0 0
-0 0 0
-0 0 0
-0 0 0
-0 0 0
-0 0 0
-0 0 0
-0 0 0
-0 0 0
-0 0 0
-0 0 0
-0 0 0
-0 0 0
-0 0 0
-0 0 0
-0 0 0
-0 0 0
-0 0 0
-0 0 0
-0 0 0
-0 0 0
-0 0 0
-0 0 0
-0 0 0
-0 0 0
-0 0 0
-0 0 0
-0 0 0
-0 0 0
-0 0 0
-0 0 0
-0 0 0
-0 0 0
-0 0 0
-0 0 0
-0 0 0
-0 0 0
-0 0 0
-0 0 0
-0 0 0
-0 0 0
-0 0 0
-0 0 0
-0.064314544 0.07623364 0.28775001
-0.061367799 0.075703777 0.28575
-0.058816575 0.075637549 0.28550002
-0.056121767 0.075372614 0.2845
-0.052643266 0.07398174 0.27925003
-0.049391441 0.07278955 0.27475002
-0.046859674 0.07259085 0.27400002
-0.044422168 0.072524615 0.27375001
-0 0 0
-0 0 0
-0 0 0
-0.034015838 0.070802569 0.26725
-0.031885382 0.071266204 0.26900002
-0.029477287 0.071133733 0.2685
-0.027027428 0.070868805 0.26750001
-0.024595063 0.070603877 0.26650003
-0.022138422 0.070206478 0.26500002
-0.019801516 0.070140243 0.26475
-0.01765061 0.070802569 0.26725
-0.015556235 0.071928531 0.27150002
-0.01330254 0.07259085 0.27400002
-0.011005105 0.073253177 0.27650002
-0.0085862968 0.073253177 0.27650002
-0.0061786412 0.073385641 0.27700001
-0.0037554591 0.073385641 0.27700001
-0.0013310744 0.073319405 0.27675
0.0010909053 0.073385641 0.27700001
0.0035172591 0.073451877 0.27725002
0.0059372699 0.073385641 0.27700001
0.0083453609 0.073253177 0.27650002
0.010773901 0.073319405 0.27675
0.013171057 0.073186941 0.27625
0.015474826 0.072657079 0.27425
0.017759897 0.072193451 0.27250001
0.019866506 0.071199968 0.26875001
0.021907507 0.070206478 0.26500002
0.02415715 0.070007779 0.26425001
0.026493838 0.070074014 0.26450002
0.028998269 0.070537642 0.26625001
0.03153332 0.071001269 0.26800001
0.033940971 0.071133733 0.2685
0.036323588 0.071199968 0.26875001
0.03878253 0.071398668 0.26950002
0.041330919 0.071729831 0.27075002
0.043780126 0.071862295 0.27125001
0.046153005 0.071862295 0.27125001
0.048525888 0.071862295 0.27125001
0.05118024 0.072259687 0.27275002
0.053664438 0.072392151 0.27325001
0.05600353 0.072325915 0.273
0.058498669 0.072458386 0.27350003
0.061225183 0.072855778 0.27500001
0 0 0
0 0 0
0 0 0
0 0 0
0 0 0
0 0 0
0 0 0
0 0 0
0 0 0
0 0 0
0 0 0
0 0 0
0 0 0
0 0 0
0 0 0
0 0 0
0 0 0
0 0 0
0 0 0
0.061329193 0.04086547 0.15425001
0.062576979 0.040799238 0.15400001
0.06340529 0.040468074 0.15275
0 0 0
0 0 0
0 0 0
0 0 0
0 0 0
0 0 0
0 0 0
0 0 0
0 0 0
0 0 0
0 0 0
0 0 0
0 0 0
0 0 0
0 0 0
0 0 0
0 0 0
0 0 0
0 0 0
0 0 0
0 0 0
0 0 0
0 0 0
0 0 0
0 0 0
0 0 0
0 0 0
0 0 0
0 0 0
0 0 0
0 0 0
-0 0 0
-0 0 0
-0 0 0
-0 0 0
-0 0 0
-0 0 0
-0 0 0
-0 0 0
-0 0 0
-0 0 0
-0 0 0
-0 0 0
-0 0 0
-0 0 0
-0 0 0
-0 0 0
-0 0 0
-0 0 0
-0 0 0
-0 0 0
-0 0 0
-0 0 0
-0 0 0
-0 0 0
-0 0 0
-0 0 0
-0 0 0
-0 0 0
-0 0 0
-0 0 0
-0 0 0
-0 0 0
-0 0 0
-0 0 0
-0 0 0
-0 0 0
-0 0 0
-0 0 0
-0 0 0
-0 0 0
-0 0 0
-0 0 0
-0 0 0
-0 0 0
-0 0 0
-0 0 0
-0 0 0
-0 0 0
-0 0 0
-0 0 0
-0 0 0
-0 0 0
-0 0 0
-0 0 0
-0 0 0
-0.064482175 0.078954183 0.28850001
-0.061528873 0.078406841 0.28650001
-0.05871357 0.077996336 0.28500003
-0.055480655 0.076970063 0.28125
-0.0518892 0.075328037 0.27525002
-0.049121786 0.074780695 0.27325001
-0.046774168 0.074849114 0.27350003
-0.0443816 0.074849114 0.27350003
-0 0 0
-0 0 0
-0 0 0
-0.034111299 0.073343918 0.26800001
-0.031796481 0.073412336 0.26825002
-0.02925772 0.072933413 0.26650003
-0.026774835 0.072522908 0.26500002
-0.024433555 0.072454482 0.26475
-0.02228462 0.073001832 0.26675001
-0.020306373 0.074301772 0.27150002
-0.018195484 0.075396448 0.2755
-0.015828395 0.075601704 0.27625
-0.013411776 0.075601704 0.27625
-0.011015055 0.075738542 0.27675
-0.0086095873 0.075875379 0.27725002
-0.0061897938 0.075943798 0.2775
-0.0037588486 0.075875379 0.27725002
-0.0013310744 0.075738542 0.27675
0.0010918899 0.075875379 0.27725002
0.0035204305 0.075943798 0.2775
0.0059426287 0.075875379 0.27725002
0.0083529055 0.075738542 0.27675
0.010773901 0.075738542 0.27675
0.013194896 0.075738542 0.27675
0.015601786 0.075670131 0.27650002
0.017988006 0.075533293 0.27600002
0.020402441 0.075533293 0.27600002
0.022589533 0.074780695 0.27325001
0.024499966 0.073343918 0.26800001
0.026594004 0.072659738 0.26550001
0.028807672 0.072386071 0.26450002
0.031209752 0.072591327 0.26525003
0.033688154 0.072933413 0.26650003
0.036222219 0.073343918 0.26800001
0.038674597 0.073549174 0.26875001
0.04117826 0.073822841 0.26975
0.043659072 0.074028097 0.2705
0.046067934 0.074096516 0.27075002
0.048481166 0.074164934 0.27100003
0.050992589 0.074370183 0.27175
0.053566243 0.074643858 0.27275002
0.05600353 0.074712276 0.273
0.058445193 0.074780695 0.27325001
0.061113868 0.075122781 0.27450001
0.063688718 0.075328037 0.27525002
0 0 0
0 0 0
0 0 0
0 0 0
0 0 0
0 0 0
0 0 0
0 0 0
0 0 0
0 0 0
0 0 0
0 0 0
0 0 0
0 0 0
0 0 0
0 0 0
0 0 0
0 0 0
0.06172679 0.042487476 0.15525001
0.062983312 0.042419057 0.155
0.064235479 0.042350639 0.15475
0 0 0
0 0 0
0 0 0
0.069650456 0.042350639 0.15475
0 0 0
0 0 0
0 0 0
0 0 0
0 0 0
0 0 0
0 0 0
0 0 0
0 0 0
0 0 0
0 0 0
0 0 0
0 0 0
0 0 0
0 0 0
0 0 0
0 0 0
0 0 0
0 0 0
0 0 0
0 0 0
0 0 0
0 0 0
0 0 0
0 0 0
0 0 0
0 0 0
-0 0 0
-0 0 0
-0 0 0
-0 0 0
-0 0 0
-0 0 0
-0 0 0
-0 0 0
-0 0 0
-0 0 0
-0 0 0
-0 0 0
-0 0 0
-0 0 0
-0 0 0
-0 0 0
-0 0 0
-0 0 0
-0 0 0
-0 0 0
-0 0 0
-0 0 0
-0 0 0
-0 0 0
-0 0 0
-0 0 0
-0 0 0
-0 0 0
-0 0 0
-0 0 0
-0 0 0
-0 0 0
-0 0 0
-0 0 0
-0 0 0
-0 0 0
-0 0 0
-0 0 0
-0 0 0
-0 0 0
-0 0 0
-0 0 0
-0 0 0
-0 0 0
-0 0 0
-0 0 0
-0 0 0
-0 0 0
-0 0 0
-0 0 0
-0 0 0
-0 0 0
-0 0 0
-0 0 0
-0.066599511 0.080981806 0.28675002
-0.064091042 0.080981806 0.28675002
-0.061260421 0.080558188 0.28525001
-0.058301542 0.079922758 0.28300002
-0.054642282 0.07822828 0.27700001
-0.051700678 0.077451646 0.27425
-0.049076844 0.07709863 0.273
-0.046731409 0.077169232 0.27325001
-0.043975919 0.076533809 0.27100003
-0 0 0
-0 0 0
-0 0 0
-0.034779526 0.077169232 0.27325001
-0.031796481 0.075757176 0.26825002
-0.028955812 0.074486315 0.26375002
-0.026699057 0.074627519 0.26425001
-0.024918074 0.076251395 0.27000001
-0.022952951 0.077592857 0.27475002
-0.020605544 0.077804662 0.2755
-0.018245019 0.078016467 0.27625
-0.015842721 0.078087077 0.27650002
-0.013423914 0.078087077 0.27650002
-0.011005105 0.078087077 0.27650002
-0.0086018238 0.07822828 0.27700001
-0.006184218 0.078298889 0.27725002
-0.0037554591 0.07822828 0.27700001
-0.0013286696 0.078016467 0.27625
0.0010889361 0.078087077 0.27650002
0.0035109157 0.078157678 0.27675
0.0059319111 0.078157678 0.27675
0.0083453609 0.078087077 0.27650002
0.010773901 0.078157678 0.27675
0.013182977 0.078087077 0.27650002
0.015601786 0.078087077 0.27650002
0.018020593 0.078087077 0.27650002
0.020457881 0.078157678 0.27675
0.022837542 0.078016467 0.27625
0.025208455 0.077875264 0.27575001
0.027345246 0.07709863 0.273
0.029188868 0.075686567 0.26800001
0.031121504 0.074698128 0.26450002
0.033372127 0.074556917 0.264
0.036019485 0.075262956 0.26650003
0.038566668 0.075686567 0.26800001
0.041063774 0.075968988 0.26900002
0.043538023 0.076180786 0.26975
0.04598286 0.076321997 0.27025002
0.048481166 0.076533809 0.27100003
0.050945684 0.076675013 0.27150002
0.053418946 0.076816224 0.27200001
0.055952247 0.077028029 0.27275002
0.058445193 0.077169232 0.27325001
0.061002549 0.077381045 0.27400002
0.063630871 0.077663459 0.27500001
0 0 0
0 0 0
0 0 0
0 0 0
0 0 0
0 0 0
0 0 0
0 0 0
0 0 0
0 0 0
0 0 0
0 0 0
0 0 0
0 0 0
0 0 0
0 0 0
0 0 0
0 0 0
0.061925586 0.043985758 0.15575001
0.063084908 0.043844555 0.15525001
0.064235479 0.043703344 0.15475
0 0 0
0 0 0
0 0 0
0.069087856 0.043350328 0.15350001
0 0 0
0 0 0
0 0 0
0 0 0
0 0 0
0 0 0
0 0 0
0 0 0
0 0 0
0 0 0
0 0 0
0 0 0
0 0 0
0 0 0
0 0 0
0 0 0
0 0 0
0 0 0
0 0 0
0 0 0
0 0 0
0 0 0
0 0 0
0 0 0
0 0 0
0 0 0
0 0 0
-0 0 0
-0 0 0
-0 0 0
-0 0 0
-0 0 0
-0 0 0
-0 0 0
-0 0 0
-0 0 0
-0 0 0
-0 0 0
-0 0 0
-0 0 0
-0 0 0
-0 0 0
-0 0 0
-0 0 0
-0 0 0
-0 0 0
-0 0 0
-0 0 0
-0 0 0
-0 0 0
-0 0 0
-0 0 0
-0 0 0
-0 0 0
-0 0 0
-0 0 0
-0 0 0
-0 0 0
-0 0 0
-0 0 0
-0 0 0
-0 0 0
-0 0 0
-0 0 0
-0 0 0
-0 0 0
-0 0 0
-0 0 0
-0 0 0
-0 0 0
-0 0 0
-0 0 0
-0 0 0
-0 0 0
-0 0 0
-0 0 0
-0 0 0
-0 0 0
-0 0 0
-0 0 0
-0 0 0
-0 0 0
-0.063923404 0.083269991 0.28600001
-0.061260421 0.083051622 0.28525001
-0.057580497 0.081377484 0.27950001
-0.054247752 0.080067292 0.27500001
-0.051559296 0.079630569 0.27350003
-0.049076844 0.079484984 0.273
-0.046645898 0.0794122 0.27275002
-0.043773074 0.078538731 0.26975
-0 0 0
-0 0 0
-0 0 0
-0.034938626 0.079921715 0.27450001
-0.031826112 0.078174792 0.2685
-0.029093042 0.077155761 0.26500002
-0.027381059 0.078902684 0.27100003
-0.025379518 0.080067292 0.27500001
-0.022994721 0.080140084 0.27525002
-0.020624243 0.080285661 0.27575001
-0.018228509 0.080358453 0.27600002
-0.015828395 0.080431238 0.27625
-0.013411776 0.080431238 0.27625
-0.010995154 0.080431238 0.27625
-0.0085785333 0.080431238 0.27625
-0.0061563361 0.080358453 0.27600002
-0.0037419018 0.080358453 0.27600002
-0.00132386 0.080140084 0.27525002
0.0010790905 0.079776146 0.27400002
0.0034792002 0.07984893 0.27425
0.0058997599 0.080140084 0.27525002
0.0083151776 0.080212869 0.2755
0.010754436 0.080431238 0.27625
0.013171057 0.080431238 0.27625
0.015573573 0.080358453 0.27600002
0.018020593 0.08050403 0.27650002
0.020476362 0.080649599 0.27700001
0.022899544 0.080649599 0.27700001
0.025322726 0.080649599 0.27700001
0.027620701 0.080285661 0.27575001
0.029842351 0.079776146 0.27400002
0.031680394 0.078393161 0.26925001
0.033308923 0.076719023 0.26350001
0.03561401 0.076719023 0.26350001
0.038278855 0.077446908 0.266
0.040872958 0.077956431 0.26775002
0.043416973 0.078320377 0.26900002
0.045940321 0.078611523 0.27000001
0.048391715 0.0787571 0.2705
0.050898768 0.078975469 0.27125001
0.053271651 0.078975469 0.27125001
0.055798389 0.079193838 0.27200001
0.05839172 0.079484984 0.273
0.060891233 0.079630569 0.27350003
0.063920103 0.080431238 0.27625
0.067177191 0.081450276 0.27975002
0.069624431 0.081450276 0.27975002
0 0 0
0 0 0
0 0 0
0 0 0
0 0 0
0 0 0
0 0 0
0 0 0
0 0 0
0 0 0
0 0 0
0 0 0
0 0 0
0 0 0
0 0 0
0 0 0
0.061826188 0.045274418 0.15550001
0.062983312 0.045128837 0.155
0.064131707 0.044983264 0.15450001
0 0 0
0 0 0
0 0 0
0.068975337 0.044619322 0.15325001
0 0 0
0 0 0
0 0 0
0 0 0
0 0 0
0 0 0
0 0 0
0 0 0
0 0 0
0 0 0
0 0 0
0 0 0
0 0 0
0 0 0
0 0 0
0 0 0
0 0 0
0 0 0
0 0 0
0 0 0
0 0 0
0 0 0
0 0 0
0 0 0
0 0 0
0 0 0
0 0 0
-0 0 0
-0 0 0
-0 0 0
-0 0 0
-0 0 0
-0 0 0
-0 0 0
-0 0 0
-0 0 0
-0 0 0
-0 0 0
-0 0 0
-0 0 0
-0 0 0
-0 0 0
-0 0 0
-0 0 0
-0 0 0
-0 0 0
-0 0 0
-0 0 0
-0 0 0
-0 0 0
-0 0 0
-0 0 0
-0 0 0
-0 0 0
-0 0 0
-0 0 0
-0 0 0
-0 0 0
-0 0 0
-0 0 0
-0 0 0
-0 0 0
-0 0 0
-0 0 0
-0 0 0
-0 0 0
-0 0 0
-0 0 0
-0 0 0
-0 0 0
-0 0 0
-0 0 0
-0 0 0
-0 0 0
-0 0 0
-0 0 0
-0 0 0
-0 0 0
-0 0 0
-0 0 0
-0 0 0
-0.066483386 0.085844949 0.28625003
-0.063923404 0.085769974 0.28600001
-0.061153043 0.085395105 0.28475001
-0.056859456 0.082771026 0.27600002
-0.05405049 0.082171232 0.27400002
-0.051465034 0.081871331 0.273
-0.04898696 0.081721388 0.27250001
-0.046432123 0.081421494 0.27150002
-0.043854214 0.081046626 0.27025002
-0 0 0
-0 0 0
-0 0 0
-0 0 0
-0.032892909 0.083220862 0.2775
-0.03005366 0.082096256 0.27375001
-0.027684169 0.082171232 0.27400002
-0.025333375 0.082321174 0.27450001
-0.022973834 0.082471125 0.27500001
-0.020568147 0.082471125 0.27500001
-0.018211996 0.082696043 0.27575001
-0.015814073 0.082771026 0.27600002
-0.013399639 0.082771026 0.27600002
-0.010985205 0.082771026 0.27600002
-0.0085552428 0.082621068 0.2755
-0.0061228774 0.082321174 0.27450001
-0.0037147864 0.082171232 0.27400002
-0.0013058238 0.081421494 0.27150002
0.0010515224 0.080071971 0.26700002
0.003409426 0.080596782 0.26875001
0.0058408161 0.081721388 0.27250001
0.0082623595 0.082096256 0.27375001
0.010715506 0.0825461 0.27525002
0.013135298 0.082621068 0.2755
0.015531253 0.0825461 0.27525002
0.017988006 0.082771026 0.27600002
0.020457881 0.082995936 0.27675
0.02285821 0.082920969 0.27650002
0.025299871 0.082995936 0.27675
0.027670784 0.082845993 0.27625
0.03003295 0.082696043 0.27575001
0.032386366 0.0825461 0.27525002
0.034130588 0.080971651 0.27000001
0.035647798 0.079097308 0.26375002
0.037919093 0.079022333 0.26350001
0.040605813 0.07977207 0.266
0.043255571 0.080371857 0.26800001
0.045770172 0.080671757 0.26900002
0.048257541 0.080896676 0.26975
0.050758034 0.081121594 0.2705
0.053173456 0.081196576 0.27075002
0.055644535 0.081346519 0.27125001
0.058231305 0.08164642 0.27225003
0.060724255 0.081796363 0.27275002
0.06334164 0.082096256 0.27375001
0.066937052 0.08359573 0.27875
0.069686644 0.083970599 0.28
0 0 0
0 0 0
0 0 0
0 0 0
0 0 0
0 0 0
0 0 0
0 0 0
0 0 0
0 0 0
0 0 0
0 0 0
0 0 0
0 0 0
0 0 0
0 0 0
0.06172679 0.046558701 0.15525001
0.063084908 0.046558701 0.15525001
0.064546801 0.046633672 0.15550001
0 0 0
0 0 0
0 0 0
0.068862818 0.045883939 0.15300001
0 0 0
0 0 0
0 0 0
0 0 0
0 0 0
0 0 0
0 0 0
0 0 0
0 0 0
0 0 0
0 0 0
0 0 0
0 0 0
0 0 0
0 0 0
0 0 0
0 0 0
0 0 0
0 0 0
0 0 0
0 0 0
0 0 0
0 0 0
0 0 0
0 0 0
0 0 0
0 0 0
-0 0 0
-0 0 0
-0 0 0
-0 0 0
-0 0 0
-0 0 0
-0 0 0
-0 0 0
-0 0 0
-0 0 0
-0 0 0
-0 0 0
-0 0 0
-0 0 0
-0 0 0
-0 0 0
-0 0 0
-0 0 0
-0 0 0
-0 0 0
-0 0 0
-0 0 0
-0 0 0
-0 0 0
-0 0 0
-0 0 0
-0 0 0
-0 0 0
-0 0 0
-0 0 0
-0 0 0
-0 0 0
-0 0 0
-0 0 0
-0 0 0
-0 0 0
-0 0 0
-0 0 0
-0 0 0
-0 0 0
-0 0 0
-0 0 0
-0 0 0
-0 0 0
-0 0 0
-0 0 0
-0 0 0
-0 0 0
-0 0 0
-0 0 0
-0 0 0
-0 0 0
-0 0 0
-0 0 0
-0.066193067 0.087961331 0.28500003
-0.063699901 0.087961331 0.28500003
-0.060293999 0.086649619 0.28075001
-0.056447428 0.084566332 0.27400002
-0.053951859 0.084412016 0.27350003
-0.051417906 0.084180534 0.27275002
-0.048852131 0.083871894 0.27175
-0.046303857 0.083563261 0.27075002
-0.043894779 0.083486095 0.2705
-0 0 0
-0 0 0
-0 0 0
-0.03640236 0.088269964 0.28600001
-0.034552373 0.089967459 0.2915
-0.030904494 0.086881101 0.28150001
-0.027785204 0.084874965 0.27500001
-0.025310302 0.084643483 0.27425
-0.022911178 0.084643483 0.27425
-0.020530753 0.084720649 0.27450001
-0.018162461 0.084874965 0.27500001
-0.0157711 0.084952123 0.27525002
-0.013375363 0.085029282 0.2755
-0.010955353 0.084952123 0.27525002
-0.0085319532 0.084797807 0.27475002
-0.0061117248 0.084566332 0.27400002
-0.0037046182 0.08433485 0.27325001
-0.001309431 0.084026217 0.27225003
0.0010682602 0.083717577 0.27125001
0.0034474847 0.083871894 0.27175
0.0058515328 0.084257685 0.273
0.0082548149 0.084412016 0.27350003
0.010676576 0.084643483 0.27425
0.013075701 0.084643483 0.27425
0.015488934 0.084720649 0.27450001
0.017955419 0.085029282 0.2755
0.020402441 0.085183606 0.27600002
0.022775538 0.085029282 0.2755
0.025208455 0.08510644 0.27575001
0.027670784 0.085260756 0.27625
0.030114636 0.085337922 0.27650002
0.032474615 0.085183606 0.27600002
0.034794237 0.084952123 0.27525002
0.036526326 0.083408944 0.27025002
0.038063001 0.081634283 0.26450002
0.040414996 0.081711441 0.26475
0.043013472 0.082251564 0.26650003
0.045642558 0.082791671 0.26825002
0.048123371 0.083023153 0.26900002
0.050570391 0.08317747 0.26950002
0.053075261 0.083408944 0.27025002
0.055541962 0.083563261 0.27075002
0.058177833 0.083949059 0.27200001
0.060779911 0.084257685 0.273
0.063168101 0.084257685 0.273
0.066096589 0.084952123 0.27525002
0.06993553 0.086726785 0.28100002
0.072458111 0.086803935 0.28125
0 0 0
0 0 0
0 0 0
0 0 0
0 0 0
0 0 0
0 0 0
0 0 0
0 0 0
0 0 0
0 0 0
0 0 0
0 0 0
0 0 0
0 0 0
0.06172679 0.047915775 0.15525001
0.062983312 0.047838613 0.155
0.064443029 0.047915775 0.15525001
0 0 0
0 0 0
0 0 0
0 0 0
0 0 0
0 0 0
0 0 0
0 0 0
0 0 0
0 0 0
0 0 0
0 0 0
0 0 0
0 0 0
0 0 0
0 0 0
0 0 0
0 0 0
0 0 0
0 0 0
0 0 0
0 0 0
0 0 0
0 0 0
0 0 0
0 0 0
0 0 0
0 0 0
0 0 0
0 0 0
0 0 0
-0 0 0
-0 0 0
-0 0 0
-0 0 0
-0 0 0
-0 0 0
-0 0 0
-0 0 0
-0 0 0
-0 0 0
-0 0 0
-0 0 0
-0 0 0
-0 0 0
-0 0 0
-0 0 0
-0 0 0
-0 0 0
-0 0 0
-0 0 0
-0 0 0
-0 0 0
-0 0 0
-0 0 0
-0 0 0
-0 0 0
-0 0 0
-0 0 0
-0 0 0
-0 0 0
-0 0 0
-0 0 0
-0 0 0
-0 0 0
-0 0 0
-0 0 0
-0 0 0
-0 0 0
-0 0 0
-0 0 0
-0 0 0
-0 0 0
-0 0 0
-0 0 0
-0 0 0
-0 0 0
-0 0 0
-0 0 0
-0 0 0
-0 0 0
-0 0 0
-0 0 0
-0 0 0
-0.068505481 0.090214543 0.28425002
-0.06596081 0.090135202 0.28400001
-0.063476391 0.090135202 0.28400001
-0.059488647 0.087913558 0.27700001
-0.056292918 0.086723395 0.27325001
-0.053951859 0.086802743 0.27350003
-0.051417906 0.086564705 0.27275002
-0.048762247 0.086088635 0.27125001
-0.046261102 0.085850604 0.2705
-0.043813646 0.085691914 0.27000001
-0 0 0
-0 0 0
-0 0 0
-0 0 0
-0.034996875 0.093705699 0.29525003
-0.031727884 0.091722086 0.289
-0.028164094 0.088468961 0.27875
-0.025287231 0.086961426 0.27400002
-0.022869408 0.086882077 0.27375001
-0.020512052 0.087040767 0.27425
-0.01812944 0.087120116 0.27450001
-0.015728125 0.087120116 0.27450001
-0.013338952 0.087199464 0.27475002
-0.010935453 0.087199464 0.27475002
-0.0085241897 0.087120116 0.27450001
-0.0061117248 0.086961426 0.27400002
-0.0037080077 0.086802743 0.27350003
-0.0013130382 0.086644046 0.273
0.001073183 0.086485356 0.27250001
0.0034601712 0.086564705 0.27275002
0.0058568916 0.086723395 0.27325001
0.0082548149 0.086802743 0.27350003
0.010647379 0.086802743 0.27350003
0.013039944 0.086802743 0.27350003
0.015432509 0.086802743 0.27350003
0.017906539 0.087199464 0.27475002
0.020365478 0.087437488 0.2755
0.022734204 0.087278798 0.27500001
0.025185598 0.087437488 0.2755
0.027670784 0.087675519 0.27625
0.030087406 0.087675519 0.27625
0.032474615 0.087596186 0.27600002
0.034857441 0.087516837 0.27575001
0.037202112 0.087358147 0.27525002
0.03885448 0.085691914 0.27000001
0.040376835 0.08394634 0.26450002
0.042731013 0.084025681 0.26475
0.045472406 0.084819123 0.26725
0.048033919 0.085215844 0.2685
0.05047657 0.085374542 0.26900002
0.053026158 0.085691914 0.27000001
0.055593252 0.086009294 0.27100003
0.058124356 0.086247325 0.27175
0.060724255 0.086564705 0.27275002
0.063110255 0.086564705 0.27275002
0.065916494 0.087120116 0.27450001
0.069624431 0.088786349 0.27975002
0.072136074 0.088865682 0.28
0 0 0
0 0 0
0 0 0
0 0 0
0 0 0
0 0 0
0 0 0
0 0 0
0 0 0
0 0 0
0 0 0
0 0 0
0 0 0
0 0 0
0 0 0
0.062124379 0.049590226 0.15625
0.062983312 0.049193505 0.155
0 0 0
0 0 0
0 0 0
0 0 0
0 0 0
0 0 0
0 0 0
0 0 0
0 0 0
0 0 0
0 0 0
0 0 0
0 0 0
0 0 0
0 0 0
0 0 0
0 0 0
0 0 0
0 0 0
0 0 0
0 0 0
0 0 0
0 0 0
0 0 0
0 0 0
0 0 0
0 0 0
0 0 0
0 0 0
0 0 0
0 0 0
0 0 0
-0 0 0
-0 0 0
-0 0 0
-0 0 0
-0 0 0
-0 0 0
-0 0 0
-0 0 0
-0 0 0
-0 0 0
-0 0 0
-0 0 0
-0 0 0
-0 0 0
-0 0 0
-0 0 0
-0 0 0
-0 0 0
-0 0 0
-0 0 0
-0 0 0
-0 0 0
-0 0 0
-0 0 0
-0 0 0
-0 0 0
-0 0 0
-0 0 0
-0 0 0
-0 0 0
-0 0 0
-0 0 0
-0 0 0
-0 0 0
-0 0 0
-0 0 0
-0 0 0
-0 0 0
-0 0 0
-0 0 0
-0 0 0
-0 0 0
-0 0 0
-0 0 0
-0 0 0
-0 0 0
-0 0 0
-0 0 0
-0 0 0
-0 0 0
-0 0 0
-0 0 0
-0.07155402 0.093433 0.28650001
-0.068625979 0.092862301 0.28475001
-0.06596081 0.092617705 0.28400001
-0.063141122 0.092128523 0.2825
-0.059059124 0.089682639 0.27500001
-0.056241412 0.0890304 0.273
-0.05390254 0.089111932 0.27325001
-0.051512163 0.089111932 0.27325001
-0.048717309 0.088378169 0.27100003
-0.046175592 0.088052049 0.27000001
-0.043367393 0.087155215 0.26725
-0 0 0
-0 0 0
-0 0 0
-0 0 0
-0.035204306 0.096857257 0.29700002
-0.032386594 0.096205018 0.29500002
-0.028846096 0.093106888 0.28550002
-0.025425663 0.089845695 0.2755
-0.022848524 0.089193463 0.27350003
-0.020437261 0.089111932 0.27325001
-0.018030372 0.0890304 0.273
-0.015642179 0.0890304 0.273
-0.013290402 0.089274988 0.27375001
-0.010895651 0.089274988 0.27375001
-0.0084931366 0.089193463 0.27350003
-0.0061005722 0.089193463 0.27350003
-0.0037046182 0.089111932 0.27325001
-0.0013130382 0.0890304 0.273
0.001073183 0.088867344 0.27250001
0.0034633423 0.0890304 0.273
0.0058515328 0.0890304 0.273
0.0082246317 0.088867344 0.27250001
0.010627913 0.0890304 0.273
0.013028024 0.089111932 0.27325001
0.015418401 0.089111932 0.27325001
0.01787395 0.089438051 0.27425
0.020346999 0.08976417 0.27525002
0.022713538 0.089601114 0.27475002
0.025139891 0.089682639 0.27500001
0.027620701 0.089927226 0.27575001
0.03003295 0.089927226 0.27575001
0.032445196 0.089927226 0.27575001
0.034857441 0.089927226 0.27575001
0.037235897 0.089845695 0.2755
0.039502054 0.089519583 0.27450001
0.040872958 0.087318286 0.26775002
0.042609964 0.086095333 0.264
0.045089573 0.086421452 0.26500002
0.047810297 0.087155215 0.26725
0.050335836 0.087481342 0.26825002
0.052878864 0.087807454 0.26925001
0.055541962 0.088296637 0.27075002
0.058124356 0.088622749 0.27175
0.060668591 0.088867344 0.27250001
0.063110255 0.088948876 0.27275002
0.065616325 0.089111932 0.27325001
0.069064446 0.090497933 0.2775
0.071878448 0.090987116 0.27900001
0 0 0
0 0 0
0 0 0
0 0 0
0 0 0
0 0 0
0 0 0
0 0 0
0 0 0
0 0 0
0 0 0
0 0 0
0 0 0
0 0 0
0 0 0
0.062124379 0.050956044 0.15625
0.063186489 0.050711457 0.15550001
0 0 0
0 0 0
0 0 0
0 0 0
0 0 0
0 0 0
0 0 0
0 0 0
0 0 0
0 0 0
0 0 0
0 0 0
0 0 0
0 0 0
0 0 0
0 0 0
0 0 0
0 0 0
0 0 0
0 0 0
0 0 0
0 0 0
0 0 0
0 0 0
0 0 0
0 0 0
0 0 0
0 0 0
0 0 0
0 0 0
0 0 0
0 0 0
-0 0 0
-0 0 0
-0 0 0
-0 0 0
-0 0 0
-0 0 0
-0 0 0
-0 0 0
-0 0 0
-0 0 0
-0 0 0
-0 0 0
-0 0 0
-0 0 0
-0 0 0
-0 0 0
-0 0 0
-0 0 0
-0 0 0
-0 0 0
-0 0 0
-0 0 0
-0 0 0
-0 0 0
-0 0 0
-0 0 0
-0 0 0
-0 0 0
-0 0 0
-0 0 0
-0 0 0
-0 0 0
-0 0 0
-0 0 0
-0 0 0
-0 0 0
-0 0 0
-0 0 0
-0 0 0
-0 0 0
-0 0 0
-0 0 0
-0 0 0
-0 0 0
-0 0 0
-0 0 0
-0 0 0
-0 0 0
-0 0 0
-0 0 0
-0 0 0
-0 0 0
-0.071366705 0.09568622 0.28575
-0.068565726 0.095267646 0.2845
-0.065902747 0.095016509 0.28375003
-0.062135343 0.093091063 0.27800003
-0.059005439 0.092002764 0.27475002
-0.056292918 0.091500476 0.27325001
-0.053853225 0.091416754 0.273
-0.05127652 0.091081902 0.27200001
-0.048627421 0.090579607 0.2705
-0.046004571 0.090077326 0.26900002
-0.043042853 0.088821597 0.26525003
-0 0 0
-0 0 0
-0 0 0
-0 0 0
-0.035589539 0.1005417 0.30025002
-0.033045307 0.10079284 0.30100003
-0.02970491 0.098448813 0.294
-0.026140904 0.094849072 0.28325
-0.022890294 0.09175162 0.27400002
-0.020381166 0.091249324 0.27250001
-0.017964326 0.091081902 0.27200001
-0.015599208 0.091165617 0.27225003
-0.013241854 0.091333047 0.27275002
-0.0108459 0.091249324 0.27250001
-0.0084620826 0.091249324 0.27250001
-0.0060782661 0.091249324 0.27250001
-0.0036910607 0.091165617 0.27225003
-0.0013082286 0.091081902 0.27200001
0.0010712139 0.091081902 0.27200001
0.0034538279 0.091165617 0.27225003
0.0058354577 0.091165617 0.27225003
0.0082019949 0.09099818 0.27175
0.010598716 0.091165617 0.27225003
0.012992265 0.091249324 0.27250001
0.015390188 0.091333047 0.27275002
0.017857658 0.09175162 0.27400002
0.020310039 0.092002764 0.27475002
0.022651536 0.09175162 0.27400002
0.025071327 0.091835327 0.27425
0.027545577 0.092086479 0.27500001
0.029978493 0.092170194 0.27525002
0.032415781 0.092253901 0.2755
0.034857441 0.092337623 0.27575001
0.037235897 0.092253901 0.2755
0.039502054 0.09191905 0.27450001
0.041674387 0.091416754 0.273
0.042892419 0.088989027 0.26575002
0.044919424 0.088403016 0.264
0.047586676 0.089072734 0.266
0.050242014 0.089658752 0.26775002
0.052780669 0.089993604 0.26875001
0.055336818 0.090328462 0.26975
0.058070891 0.090914473 0.27150002
0.060612936 0.091165617 0.27225003
0.063052408 0.091249324 0.27250001
0.065556288 0.091416754 0.273
0.06856668 0.092253901 0.2755
0.071749635 0.093258493 0.27850002
0 0 0
0 0 0
0 0 0
0 0 0
0 0 0
0 0 0
0 0 0
0 0 0
0 0 0
0 0 0
0 0 0
0 0 0
0 0 0
0 0 0
0.06075751 0.052321859 0.15625
0.062124379 0.052321859 0.15625
0.063288078 0.052154433 0.15575001
0 0 0
0 0 0
0 0 0
0 0 0
0 0 0
0 0 0
0 0 0
0 0 0
0 0 0
0 0 0
0 0 0
0 0 0
0 0 0
0 0 0
0 0 0
0 0 0
0 0 0
0 0 0
0 0 0
0 0 0
0 0 0
0 0 0
0 0 0
0 0 0
0 0 0
0 0 0
0 0 0
0 0 0
0 0 0
0 0 0
0 0 0
0 0 0
-0 0 0
-0 0 0
-0 0 0
-0 0 0
-0 0 0
-0 0 0
-0 0 0
-0 0 0
-0 0 0
-0 0 0
-0 0 0
-0 0 0
-0 0 0
-0 0 0
-0 0 0
-0 0 0
-0 0 0
-0 0 0
-0 0 0
-0 0 0
-0 0 0
-0 0 0
-0 0 0
-0 0 0
-0 0 0
-0 0 0
-0 0 0
-0 0 0
-0 0 0
-0 0 0
-0 0 0
-0 0 0
-0 0 0
-0 0 0
-0 0 0
-0 0 0
-0 0 0
-0 0 0
-0 0 0
-0 0 0
-0 0 0
-0 0 0
-0 0 0
-0 0 0
-0 0 0
-0 0 0
-0 0 0
-0 0 0
-0 0 0
-0 0 0
-0 0 0
-0.073931068 0.098269932 0.28600001
-0.071241833 0.098012224 0.28525001
-0.068505481 0.097668633 0.28425002
-0.065728553 0.097239129 0.28300002
-0.061744198 0.094919816 0.27625
-0.058736987 0.093974918 0.27350003
-0.056138407 0.093631312 0.27250001
-0.05375459 0.093631312 0.27250001
-0.051088005 0.093115918 0.27100003
-0.048492592 0.092686407 0.26975
-0.045961816 0.092342809 0.26875001
-0.042921145 0.09088251 0.26450002
-0.039532643 0.088477299 0.25750002
-0 0 0
-0 0 0
-0 0 0
-0 0 0
-0.033182535 0.10385346 0.30225003
-0.030487947 0.10368165 0.30175
-0.027017651 0.10058923 0.29275
-0.023412427 0.096294224 0.28025001
-0.020381166 0.093631312 0.27250001
-0.017931305 0.093287714 0.27150002
-0.015556235 0.093287714 0.27150002
-0.013193304 0.093373612 0.27175
-0.010806099 0.093287714 0.27150002
-0.008423266 0.093201809 0.27125001
-0.0060559609 0.093287714 0.27150002
-0.003677503 0.093201809 0.27125001
-0.001301014 0.092944108 0.2705
0.0010672756 0.093115918 0.27100003
0.0034443133 0.093287714 0.27150002
0.0058140233 0.093201809 0.27125001
0.0081642671 0.092944108 0.2705
0.010559786 0.093201809 0.27125001
0.012932668 0.093201809 0.27125001
0.015333761 0.093373612 0.27175
0.017776191 0.093717217 0.27275002
0.020236116 0.094060816 0.27375001
0.022630867 0.094060816 0.27375001
0.025048474 0.094146721 0.27400002
0.027495494 0.094318517 0.27450001
0.029896807 0.094318517 0.27450001
0.032356951 0.094490312 0.27500001
0.034825839 0.094662115 0.2755
0.037235897 0.094662115 0.2755
0.039574008 0.094490312 0.27500001
0.041941531 0.094404422 0.27475002
0.043618724 0.092858218 0.27025002
0.044876888 0.090624809 0.26375002
0.04740778 0.091054305 0.26500002
0.050195102 0.091913305 0.26750001
0.05273157 0.092256904 0.2685
0.055285536 0.09260051 0.26950002
0.057963945 0.093115918 0.27100003
0.060445957 0.093287714 0.27150002
0.06299457 0.093545422 0.27225003
0.065556288 0.093803108 0.273
0.06856668 0.094662115 0.2755
0.071749635 0.095692925 0.27850002
0 0 0
0 0 0
0 0 0
0 0 0
0 0 0
0 0 0
0 0 0
0 0 0
0 0 0
0 0 0
0 0 0
0 0 0
0 0 0
0 0 0
0 0 0
0.062223785 0.053773582 0.15650001
0.063186489 0.05342998 0.15550001
0 0 0
0 0 0
0 0 0
0 0 0
0 0 0
0 0 0
0 0 0
0 0 0
0 0 0
0 0 0
0 0 0
0 0 0
0 0 0
0 0 0
0 0 0
0 0 0
0 0 0
0 0 0
0 0 0
0 0 0
0 0 0
0 0 0
0 0 0
0 0 0
0 0 0
0 0 0
0 0 0
0 0 0
0 0 0
0 0 0
0 0 0
0 0 0
-0 0 0
-0 0 0
-0 0 0
-0 0 0
-0 0 0
-0 0 0
-0 0 0
-0 0 0
-0 0 0
-0 0 0
-0 0 0
-0 0 0
-0 0 0
-0 0 0
-0 0 0
-0 0 0
-0 0 0
-0 0 0
-0 0 0
-0 0 0
-0 0 0
-0 0 0
-0 0 0
-0 0 0
-0 0 0
-0 0 0
-0 0 0
-0 0 0
-0 0 0
-0 0 0
-0 0 0
-0 0 0
-0 0 0
-0 0 0
-0 0 0
-0 0 0
-0 0 0
-0 0 0
-0 0 0
-0 0 0
-0 0 0
-0 0 0
-0 0 0
-0 0 0
-0 0 0
-0 0 0
-0 0 0
-0 0 0
-0 0 0
-0 0 0
-0 0 0
-0 0 0
-0.071366705 0.10068183 0.28575
-0.068445228 0.10006524 0.28400001
-0.065496296 0.099360548 0.28200001
-0.061744198 0.097334579 0.27625
-0.058683295 0.096277557 0.27325001
-0.055983897 0.095749043 0.27175
-0.053606644 0.095749043 0.27175
-0.051040873 0.095396705 0.27075002
-0.048447654 0.094956271 0.26950002
-0.045876306 0.094515845 0.26825002
-0.042921145 0.093194567 0.26450002
-0.040223505 0.092313707 0.26200002
-0 0 0
-0 0 0
-0 0 0
-0 0 0
-0.032825734 0.10535038 0.29900002
-0.0307658 0.10728826 0.30450001
-0.027779039 0.10605507 0.30100003
-0.024164299 0.10191504 0.28925002
-0.020792529 0.097951189 0.27800003
-0.017931305 0.095660962 0.27150002
-0.015513261 0.095396705 0.27075002
-0.01312048 0.095220536 0.27025002
-0.010726495 0.094956271 0.26950002
-0.0083611589 0.094868183 0.26925001
-0.0060057729 0.094868183 0.26925001
-0.0036571664 0.095044352 0.26975
-0.0012950019 0.094868183 0.26925001
0.0010613682 0.094956271 0.26950002
0.0034221122 0.095044352 0.26975
0.0057765134 0.094956271 0.26950002
0.0081189945 0.094780102 0.26900002
0.01050139 0.095044352 0.26975
0.012896908 0.095308609 0.2705
0.015291443 0.095484793 0.27100003
0.017711015 0.095749043 0.27175
0.020162195 0.096101388 0.27275002
0.022610201 0.096365646 0.27350003
0.025048474 0.096541815 0.27400002
0.027445413 0.096541815 0.27400002
0.029842351 0.096541815 0.27400002
0.032327536 0.096806072 0.27475002
0.034794237 0.096982241 0.27525002
0.037202112 0.096982241 0.27525002
0.039609984 0.096982241 0.27525002
0.042017858 0.096982241 0.27525002
0.044264328 0.096629895 0.27425
0.045259722 0.093723074 0.266
0.04722888 0.093018383 0.264
0.04991363 0.093723074 0.266
0.052682474 0.094515845 0.26825002
0.055285536 0.094956271 0.26950002
0.057856996 0.095308609 0.2705
0.060334641 0.095484793 0.27100003
0.062936716 0.095837131 0.27200001
0.065616325 0.096277557 0.27325001
0.06856668 0.097070321 0.2755
0.072136074 0.098655865 0.28
0 0 0
0 0 0
0 0 0
0 0 0
0 0 0
0 0 0
0 0 0
0 0 0
0 0 0
0 0 0
0 0 0
0 0 0
0 0 0
0 0 0
0 0 0
0.062223785 0.055141583 0.15650001
0.063389659 0.05496541 0.156
0.064027935 0.054348815 0.15425001
0 0 0
0 0 0
0 0 0
0 0 0
0 0 0
0 0 0
0 0 0
0 0 0
0 0 0
0 0 0
0 0 0
0 0 0
0 0 0
0 0 0
0 0 0
0 0 0
0 0 0
0 0 0
0 0 0
0 0 0
0 0 0
0 0 0
0 0 0
0 0 0
0 0 0
0 0 0
0 0 0
0 0 0
0 0 0
0 0 0
0 0 0
-0 0 0
-0 0 0
-0 0 0
-0 0 0
-0 0 0
-0 0 0
-0 0 0
-0 0 0
-0 0 0
-0 0 0
-0 0 0
-0 0 0
-0 0 0
-0 0 0
-0 0 0
-0 0 0
-0 0 0
-0 0 0
-0 0 0
-0 0 0
-0 0 0
-0 0 0
-0 0 0
-0 0 0
-0 0 0
-0 0 0
-0 0 0
-0 0 0
-0 0 0
-0 0 0
-0 0 0
-0 0 0
-0 0 0
-0 0 0
-0 0 0
-0 0 0
-0 0 0
-0 0 0
-0 0 0
-0 0 0
-0 0 0
-0 0 0
-0 0 0
-0 0 0
-0 0 0
-0 0 0
-0 0 0
-0 0 0
-0 0 0
-0 0 0
-0 0 0
-0 0 0
-0.071616463 0.10354073 0.28675002
-0.068625979 0.10281856 0.28475001
-0.065554358 0.10191585 0.28225002
-0.061632443 0.099568807 0.27575001
-0.058629602 0.098575823 0.273
-0.056035403 0.098214746 0.27200001
-0.053557329 0.098034203 0.27150002
-0.050993741 0.097673118 0.2705
-0.048402712 0.097221762 0.26925001
-0.045534264 0.096138515 0.26625001
-0.042921145 0.095506616 0.26450002
-0.040952746 0.09631905 0.26675001
-0 0 0
-0 0 0
-0 0 0
-0 0 0
-0 0 0
-0.030791061 0.11004023 0.30475003
-0.028217411 0.11040132 0.30575001
-0.024957938 0.10787373 0.29875001
-0.021390874 0.10326991 0.28600001
-0.018228509 0.099659078 0.27600002
-0.015484612 0.097582847 0.27025002
-0.013047655 0.097041219 0.26875001
-0.010676743 0.096860684 0.26825002
-0.0083223414 0.096770406 0.26800001
-0.0059723151 0.096680142 0.26775002
-0.0036368303 0.096860684 0.26825002
-0.0012901924 0.096860684 0.26825002
0.0010554607 0.096770406 0.26800001
0.0033999113 0.096770406 0.26800001
0.0057443618 0.096770406 0.26800001
0.0080737211 0.096589863 0.26750001
0.010442995 0.096860684 0.26825002
0.012837311 0.097221762 0.26925001
0.015220909 0.097402297 0.26975
0.017629549 0.097673118 0.2705
0.020051312 0.097943932 0.27125001
0.022527531 0.098395281 0.27250001
0.024957055 0.098575823 0.273
0.02739533 0.098756373 0.27350003
0.029815121 0.098846637 0.27375001
0.032298118 0.09911745 0.27450001
0.034762636 0.099297993 0.27500001
0.037202112 0.099388264 0.27525002
0.039609984 0.099388264 0.27525002
0.041979693 0.099297993 0.27500001
0.04430468 0.09911745 0.27450001
0.046153005 0.097943932 0.27125001
0.04722888 0.095326066 0.264
0.049725987 0.095687158 0.26500002
0.052682474 0.096860684 0.26825002
0.05523425 0.097221762 0.26925001
0.057856996 0.097673118 0.2705
0.060390297 0.097943932 0.27125001
0.06299457 0.098305017 0.27225003
0.065736391 0.098846637 0.27375001
0.068380028 0.099207729 0.27475002
0.071363188 0.10002016 0.27700001
0 0 0
0 0 0
0 0 0
0 0 0
0 0 0
0 0 0
0 0 0
0 0 0
0 0 0
0 0 0
0 0 0
0 0 0
0 0 0
0 0 0
0 0 0
0.062323183 0.056599855 0.15675001
0.063288078 0.056238774 0.15575001
0.064546801 0.056148503 0.15550001
0 0 0
0 0 0
0 0 0
0 0 0
0.072380699 0.05696094 0.15775001
0.074228272 0.057322025 0.15875001
0 0 0
0 0 0
0 0 0
0 0 0
0 0 0
0 0 0
0 0 0
0 0 0
0 0 0
0 0 0
0 0 0
0 0 0
0 0 0
0 0 0
0 0 0
0 0 0
0 0 0
0 0 0
0 0 0
0 0 0
0 0 0
0 0 0
0 0 0
0 0 0
0 0 0
-0 0 0
-0 0 0
-0 0 0
-0 0 0
-0 0 0
-0 0 0
-0 0 0
-0 0 0
-0 0 0
-0 0 0
-0 0 0
-0 0 0
-0 0 0
-0 0 0
-0 0 0
-0 0 0
-0 0 0
-0 0 0
-0 0 0
-0 0 0
-0 0 0
-0 0 0
-0 0 0
-0 0 0
-0 0 0
-0 0 0
-0 0 0
-0 0 0
-0 0 0
-0 0 0
-0 0 0
-0 0 0
-0 0 0
-0 0 0
-0 0 0
-0 0 0
-0 0 0
-0 0 0
-0 0 0
-0 0 0
-0 0 0
-0 0 0
-0 0 0
-0 0 0
-0 0 0
-0 0 0
-0 0 0
-0 0 0
-0 0 0
-0 0 0
-0 0 0
-0 0 0
-0.071741335 0.10623219 0.28725001
-0.068987489 0.10586236 0.28625003
-0.065380163 0.1041057 0.28150001
-0.061408941 0.10160938 0.27475002
-0.058575917 0.10086973 0.27275002
-0.056035403 0.10059236 0.27200001
-0.053508013 0.10031499 0.27125001
-0.050899483 0.099852704 0.27000001
-0.048222944 0.099205516 0.26825002
-0.045320489 0.098003581 0.26500002
-0.043164551 0.098373406 0.266
-0.041797135 0.10068482 0.27225003
-0.039524086 0.10096218 0.273
-0 0 0
-0 0 0
-0 0 0
-0 0 0
-0.030083802 0.11011535 0.29775003
-0.027732892 0.11113236 0.30050001
-0.025271218 0.11187201 0.30250001
-0.021989219 0.1087285 0.294
-0.01875687 0.10503025 0.28400001
-0.015742451 0.10160938 0.27475002
-0.013047655 0.099390425 0.26875001
-0.010656843 0.099020608 0.26775002
-0.0082990518 0.098835684 0.26725
-0.0059555857 0.098743238 0.26700002
-0.0036164937 0.098650776 0.26675001
-0.0012853827 0.098835684 0.26725
0.0010515224 0.098743238 0.26700002
0.0033808821 0.098558329 0.26650003
0.0057122111 0.098558329 0.26650003
0.0080359941 0.098465867 0.26625001
0.010384601 0.098650776 0.26675001
0.012753875 0.098928146 0.26750001
0.015136272 0.099205516 0.26825002
0.017548081 0.099575333 0.26925001
0.019977391 0.099945165 0.27025002
0.022444861 0.10040745 0.27150002
0.024842782 0.1004999 0.27175
0.027295163 0.10077727 0.27250001
0.029733436 0.10096218 0.273
0.032209873 0.10123955 0.27375001
0.034699429 0.10151692 0.27450001
0.037202112 0.10179429 0.27525002
0.039609984 0.10179429 0.27525002
0.041979693 0.10170183 0.27500001
0.044264328 0.10142446 0.27425
0.046408232 0.10086973 0.27275002
0.047318332 0.097818673 0.26450002
0.04953834 0.097633757 0.264
0.052682474 0.099205516 0.26825002
0.055285536 0.099667795 0.26950002
0.057963945 0.10022254 0.27100003
0.060501613 0.1004999 0.27175
0.062878869 0.1004999 0.27175
0.065736391 0.10123955 0.27375001
0.068131141 0.10123955 0.27375001
0.071234375 0.10225657 0.27650002
0.074252523 0.10308867 0.27875
0 0 0
0 0 0
0 0 0
0 0 0
0 0 0
0 0 0
0 0 0
0 0 0
0 0 0
0 0 0
0 0 0
0 0 0
0 0 0
0 0 0
0.062422577 0.058062501 0.15700001
0.063694417 0.057970043 0.15675001
0.065169439 0.058062501 0.15700001
0 0 0
0 0 0
0 0 0
0 0 0
0.072954237 0.05880215 0.15900001
0.074695855 0.05907952 0.15975001
0 0 0
0 0 0
0 0 0
0 0 0
0 0 0
0 0 0
0 0 0
0 0 0
0 0 0
0 0 0
0 0 0
0 0 0
0 0 0
0 0 0
0 0 0
0 0 0
0 0 0
0 0 0
0 0 0
0 0 0
0 0 0
0 0 0
0 0 0
0 0 0
0 0 0
-0 0 0
-0 0 0
-0 0 0
-0 0 0
-0 0 0
-0 0 0
-0 0 0
-0 0 0
-0 0 0
-0 0 0
-0 0 0
-0 0 0
-0 0 0
-0 0 0
-0 0 0
-0 0 0
-0 0 0
-0 0 0
-0 0 0
-0 0 0
-0 0 0
-0 0 0
-0 0 0
-0 0 0
-0 0 0
-0 0 0
-0 0 0
-0 0 0
-0 0 0
-0 0 0
-0 0 0
-0 0 0
-0 0 0
-0 0 0
-0 0 0
-0 0 0
-0 0 0
-0 0 0
-0 0 0
-0 0 0
-0 0 0
-0 0 0
-0 0 0
-0 0 0
-0 0 0
-0 0 0
-0 0 0
-0 0 0
-0 0 0
-0 0 0
-0 0 0
-0 0 0
-0.071491592 0.10836454 0.28625003
-0.06880673 0.10808062 0.28550002
-0.065264039 0.10637707 0.28100002
-0.061632443 0.10438959 0.27575001
-0.058575917 0.1032539 0.27275002
-0.055983897 0.10287533 0.27175
-0.053409379 0.10249677 0.27075002
-0.050805226 0.10202356 0.26950002
-0.047998235 0.10107715 0.26700002
-0.045234978 0.10013073 0.26450002
-0.043773074 0.10211819 0.26975
-0.042104181 0.10382174 0.27425
-0.039632667 0.10363246 0.27375001
-0 0 0
-0 0 0
-0 0 0
-0 0 0
-0 0 0
-0.02720223 0.11158235 0.29475001
-0.024874398 0.11271805 0.29775003
-0.022475377 0.1137591 0.30050001
-0.019433834 0.11139306 0.29425001
-0.016114883 0.1064717 0.28125
-0.013144755 0.10249677 0.27075002
-0.010666792 0.1014557 0.26800001
-0.0082912883 0.10107715 0.26700002
-0.005922127 0.10050929 0.26550001
-0.0035961575 0.10041466 0.26525003
-0.0012769657 0.10050929 0.26550001
0.0010465996 0.10060394 0.26575002
0.003352338 0.10003608 0.26425001
0.005663984 0.10003608 0.26425001
0.0079756295 0.10003608 0.26425001
0.010316473 0.10032001 0.26500002
0.012682358 0.10069858 0.266
0.015065739 0.10107715 0.26700002
0.017466614 0.1014557 0.26800001
0.019903466 0.10192891 0.26925001
0.022341523 0.10230748 0.27025002
0.024774222 0.10259141 0.27100003
0.02724508 0.10296997 0.27200001
0.02967898 0.10315926 0.27250001
0.032180458 0.10353783 0.27350003
0.034636226 0.10372711 0.27400002
0.037134532 0.10401104 0.27475002
0.039574008 0.10410567 0.27500001
0.041941531 0.10401104 0.27475002
0.04430468 0.10391638 0.27450001
0.04662092 0.10372711 0.27400002
0.047631402 0.10079322 0.26625001
0.049444519 0.099752158 0.26350001
0.052338786 0.10088786 0.26650003
0.05523425 0.10192891 0.26925001
0.057910472 0.10249677 0.27075002
0.060390297 0.10268605 0.27125001
0.062878869 0.10287533 0.27175
0.065736391 0.10363246 0.27375001
0.068131141 0.10363246 0.27375001
0.071492001 0.10505208 0.2775
0.075184844 0.10685027 0.28225002
0.077997863 0.10732348 0.28350002
0 0 0
0 0 0
0 0 0
0 0 0
0 0 0
0 0 0
0 0 0
0 0 0
0 0 0
0 0 0
0 0 0
0 0 0
0 0 0
0.062124379 0.059150945 0.15625
0.063592836 0.059245594 0.15650001
0.065169439 0.059434872 0.15700001
0 0 0
0 0 0
0 0 0
0 0 0
0.072954237 0.060192008 0.15900001
0.074695855 0.060475934 0.15975001
0 0 0
0 0 0
0 0 0
0 0 0
0 0 0
0 0 0
0 0 0
0 0 0
0 0 0
0 0 0
0 0 0
0 0 0
0 0 0
0 0 0
0 0 0
0 0 0
0 0 0
0 0 0
0 0 0
0 0 0
0 0 0
0 0 0
0 0 0
0 0 0
0 0 0
-0 0 0
-0 0 0
-0 0 0
-0 0 0
-0 0 0
-0 0 0
-0 0 0
-0 0 0
-0 0 0
-0 0 0
-0 0 0
-0 0 0
-0 0 0
-0 0 0
-0 0 0
-0 0 0
-0 0 0
-0 0 0
-0 0 0
-0 0 0
-0 0 0
-0 0 0
-0 0 0
-0 0 0
-0 0 0
-0 0 0
-0 0 0
-0 0 0
-0 0 0
-0 0 0
-0 0 0
-0 0 0
-0 0 0
-0 0 0
-0 0 0
-0 0 0
-0 0 0
-0 0 0
-0 0 0
-0 0 0
-0 0 0
-0 0 0
-0 0 0
-0 0 0
-0 0 0
-0 0 0
-0 0 0
-0 0 0
-0 0 0
-0 0 0
-0 0 0
-0 0 0
-0.071366705 0.11067306 0.28575
-0.068565726 0.11018892 0.2845
-0.065496296 0.10922065 0.28200001
-0.061297178 0.10621902 0.27425
-0.058414847 0.10534759 0.27200001
-0.055932399 0.10515393 0.27150002
-0.053310748 0.1046698 0.27025002
-0.050710969 0.10418567 0.26900002
-0.047728579 0.10283009 0.26550001
-0.04527773 0.10253961 0.26475
-0.044300463 0.10573489 0.273
-0.042257708 0.10660633 0.27525002
-0.039813638 0.10650951 0.27500001
-0.036727808 0.10457297 0.27000001
-0 0 0
-0 0 0
-0 0 0
-0 0 0
-0 0 0
-0.024582004 0.11396518 0.29425001
-0.022568868 0.11686998 0.30175
-0.01976406 0.11590171 0.29925001
-0.016472992 0.11135086 0.28750002
-0.013557425 0.10815557 0.27925003
-0.010726495 0.10437932 0.26950002
-0.0082679987 0.10312057 0.26625001
-0.0059053977 0.10253961 0.26475
-0.0035724314 0.10205548 0.26350001
-0.0012637391 0.10176499 0.26275
0.0010298619 0.10128085 0.2615
0.0032984216 0.1006999 0.26000002
0.0055996813 0.10118403 0.26125002
0.0079001738 0.10137769 0.26175001
0.010248345 0.10195865 0.26325002
0.01263468 0.10263643 0.26500002
0.015009312 0.10302374 0.266
0.017368855 0.1032174 0.26650003
0.019774104 0.1036047 0.26750001
0.022176184 0.10389519 0.26825002
0.024682801 0.10457297 0.27000001
0.027194999 0.10515393 0.27150002
0.02967898 0.10554124 0.27250001
0.032151043 0.10583172 0.27325001
0.034636226 0.1061222 0.27400002
0.037134532 0.10641269 0.27475002
0.039574008 0.10650951 0.27500001
0.041941531 0.10641269 0.27475002
0.044385381 0.10650951 0.27500001
0.04674853 0.10641269 0.27475002
0.048302267 0.10457297 0.27000001
0.049350698 0.10186182 0.26300001
0.052093297 0.10273327 0.26525003
0.055080391 0.10399201 0.2685
0.057696577 0.10447614 0.26975
0.060167663 0.1046698 0.27025002
0.062705338 0.10496029 0.27100003
0.065676361 0.10592856 0.27350003
0.068006702 0.10583172 0.27325001
0.071298778 0.10718729 0.27675
0.074851878 0.10883336 0.28100002
0 0 0
0 0 0
0 0 0
0 0 0
0 0 0
0 0 0
0 0 0
0 0 0
0 0 0
0 0 0
0 0 0
0 0 0
0 0 0
0 0 0
0.062621377 0.061000902 0.15750001
0.063592836 0.060613595 0.15650001
0.064961895 0.060613595 0.15650001
0 0 0
0 0 0
0 0 0
0 0 0
0.073183656 0.061775513 0.1595
0.074812748 0.061969168 0.16000001
0 0 0
0 0 0
0 0 0
0 0 0
0 0 0
0 0 0
0 0 0
0 0 0
0 0 0
0 0 0
0 0 0
0 0 0
0 0 0
0 0 0
0 0 0
0 0 0
0 0 0
0 0 0
0 0 0
0 0 0
0 0 0
0 0 0
0 0 0
0 0 0
0 0 0
-0 0 0
-0 0 0
-0 0 0
-0 0 0
-0 0 0
-0 0 0
-0 0 0
-0 0 0
-0 0 0
-0 0 0
-0 0 0
-0 0 0
-0 0 0
-0 0 0
-0 0 0
-0 0 0
-0 0 0
-0 0 0
-0 0 0
-0 0 0
-0 0 0
-0 0 0
-0 0 0
-0 0 0
-0 0 0
-0 0 0
-0 0 0
-0 0 0
-0 0 0
-0 0 0
-0 0 0
-0 0 0
-0 0 0
-0 0 0
-0 0 0
-0 0 0
-0 0 0
-0 0 0
-0 0 0
-0 0 0
-0 0 0
-0 0 0
-0 0 0
-0 0 0
-0 0 0
-0 0 0
-0 0 0
-0 0 0
-0 0 0
-0 0 0
-0 0 0
-0.073220186 0.11218075 0.28325
-0.070867211 0.11237878 0.28375003
-0.06826447 0.11218075 0.28325
-0.065496296 0.11168569 0.28200001
-0.061129555 0.10831928 0.27350003
-0.058414847 0.1077252 0.27200001
-0.055880893 0.10742816 0.27125001
-0.053212114 0.10683408 0.26975
-0.050616708 0.10633903 0.2685
-0.047638696 0.10495286 0.26500002
-0.045363247 0.10505188 0.26525003
-0.044462737 0.1085173 0.27400002
-0.042219326 0.10891335 0.27500001
-0.039813638 0.10891335 0.27500001
-0.037339941 0.10871533 0.27450001
-0.034588601 0.10762618 0.27175
-0 0 0
-0 0 0
-0 0 0
-0 0 0
-0 0 0
-0 0 0
-0.019797083 0.11871554 0.29975
-0.016745154 0.11574518 0.29225001
-0.013800172 0.1125768 0.28425002
-0.010935453 0.10881434 0.27475002
-0.0082602343 0.10534891 0.266
-0.0058384812 0.1036657 0.26175001
-0.0034843069 0.10178447 0.257
-0.0012204522 0.10049732 0.25375003
0.00099540188 0.10010127 0.25275001
0.0032001033 0.099903241 0.25225002
0.0054174908 0.10010127 0.25275001
0.007681353 0.10079435 0.2545
0.010092625 0.10267559 0.25925002
0.012491646 0.10376472 0.26200002
0.014924674 0.10475484 0.26450002
0.017303679 0.10515089 0.26550001
0.019737143 0.10574496 0.26700002
0.022176184 0.10624002 0.26825002
0.024637094 0.10673508 0.26950002
0.027169956 0.10742816 0.27125001
0.02967898 0.10792322 0.27250001
0.032151043 0.10822026 0.27325001
0.034667827 0.10861631 0.27425
0.03716832 0.10891335 0.27500001
0.039609984 0.10901236 0.27525002
0.042017858 0.10901236 0.27525002
0.044425733 0.10901236 0.27525002
0.046833605 0.10901236 0.27525002
0.048660062 0.1077252 0.27200001
0.049350698 0.10416076 0.26300001
0.051798705 0.1044578 0.26375002
0.055080391 0.10633903 0.2685
0.057696577 0.10683408 0.26975
0.060167663 0.10703212 0.27025002
0.062647484 0.10723014 0.27075002
0.065436222 0.10792322 0.27250001
0.067882262 0.10802224 0.27275002
0.071298778 0.10960642 0.27675
0.075118251 0.11168569 0.28200001
0 0 0
0 0 0
0 0 0
0 0 0
0 0 0
0 0 0
0 0 0
0 0 0
0 0 0
0 0 0
0 0 0
0 0 0
0 0 0
0 0 0
0.063217774 0.062971719 0.15900001
0.063897587 0.062278628 0.15725
0.065169439 0.062179618 0.15700001
0 0 0
0 0 0
0 0 0
0 0 0
0.073183656 0.06316974 0.1595
0.074812748 0.063367769 0.16000001
0 0 0
0 0 0
0 0 0
0 0 0
0 0 0
0 0 0
0 0 0
0 0 0
0 0 0
0 0 0
0 0 0
0 0 0
0 0 0
0 0 0
0 0 0
0 0 0
0 0 0
0 0 0
0 0 0
0 0 0
0 0 0
0 0 0
0 0 0
0 0 0
0 0 0
-0 0 0
-0 0 0
-0 0 0
-0 0 0
-0 0 0
-0 0 0
-0 0 0
-0 0 0
-0 0 0
-0 0 0
-0 0 0
-0 0 0
-0 0 0
-0 0 0
-0 0 0
-0 0 0
-0 0 0
-0 0 0
-0 0 0
-0 0 0
-0 0 0
-0 0 0
-0 0 0
-0 0 0
-0 0 0
-0 0 0
-0 0 0
-0 0 0
-0 0 0
-0 0 0
-0 0 0
-0 0 0
-0 0 0
-0 0 0
-0 0 0
-0 0 0
-0 0 0
-0 0 0
-0 0 0
-0 0 0
-0 0 0
-0 0 0
-0 0 0
-0 0 0
-0 0 0
-0 0 0
-0 0 0
-0 0 0
-0 0 0
-0 0 0
-0 0 0
-0.073220186 0.11465669 0.28325
-0.070617452 0.11445431 0.28275001
-0.067963213 0.11415071 0.28200001
-0.065380163 0.11394832 0.28150001
-0.061129555 0.11071 0.27350003
-0.058414847 0.11010282 0.27200001
-0.055932399 0.10990042 0.27150002
-0.053212114 0.10919204 0.26975
-0.050569583 0.10858486 0.26825002
-0.047458924 0.10686449 0.264
-0.045405999 0.10747168 0.26550001
-0.044503301 0.11101359 0.27425
-0.042219326 0.11131718 0.27500001
-0.039886028 0.11151958 0.2755
-0.037475966 0.11151958 0.2755
-0.034811348 0.11071 0.27350003
-0 0 0
-0 0 0
-0 0 0
-0 0 0
-0 0 0
-0 0 0
-0.019417323 0.11900818 0.294
-0.016587587 0.11718664 0.28950003
-0.013897271 0.11587107 0.28625003
-0.011164311 0.11354353 0.28050002
-0.0083068153 0.10828126 0.26750001
-0.0057046479 0.10352498 0.25575
-0.0033961826 0.10139984 0.25050002
-0.0011927966 0.10038786 0.24800001
0.00097472587 0.10018547 0.24750002
0.0031461867 0.10038786 0.24800001
0.0053424709 0.10089385 0.24925001
0.0075606252 0.10139984 0.25050002
0.0098298462 0.10220941 0.2525
0.012229417 0.10382857 0.25650001
0.014684862 0.10534653 0.26025
0.017205918 0.10686449 0.264
0.019700183 0.10787648 0.26650003
0.022114182 0.10828126 0.26750001
0.024591386 0.10888845 0.26900002
0.027144916 0.10969803 0.27100003
0.02967898 0.11030521 0.27250001
0.032209873 0.1108112 0.27375001
0.034699429 0.11111479 0.27450001
0.03716832 0.11131718 0.27500001
0.039645959 0.11151958 0.2755
0.04205602 0.11151958 0.2755
0.044466078 0.11151958 0.2755
0.046791065 0.11131718 0.27500001
0.048883684 0.1106088 0.27325001
0.049725987 0.10726929 0.26500002
0.051847797 0.10686449 0.264
0.054670114 0.10787648 0.26650003
0.057536166 0.10888845 0.26900002
0.060167663 0.10939444 0.27025002
0.062589638 0.10949562 0.2705
0.065436222 0.11030521 0.27250001
0.067882262 0.11040641 0.27275002
0.070976742 0.11151958 0.2755
0.074985065 0.11394832 0.28150001
0 0 0
0 0 0
0 0 0
0 0 0
0 0 0
0 0 0
0 0 0
0 0 0
0 0 0
0 0 0
0 0 0
0 0 0
0 0 0
0 0 0
0.062720776 0.063855588 0.15775001
0.063796006 0.063551992 0.15700001
0.065065667 0.063450798 0.15675001
0 0 0
0 0 0
0 0 0
0 0 0
0.073413074 0.064766362 0.16000001
0.074812748 0.064766362 0.16000001
0 0 0
0 0 0
0 0 0
0 0 0
0 0 0
0 0 0
0 0 0
0 0 0
0 0 0
0 0 0
0 0 0
0 0 0
0 0 0
0 0 0
0 0 0
0 0 0
0 0 0
0 0 0
0 0 0
0 0 0
0 0 0
0 0 0
0 0 0
0 0 0
0 0 0
-0 0 0
-0 0 0
-0 0 0
-0 0 0
-0 0 0
-0 0 0
-0 0 0
-0 0 0
-0 0 0
-0 0 0
-0 0 0
-0 0 0
-0 0 0
-0 0 0
-0 0 0
-0 0 0
-0 0 0
-0 0 0
-0 0 0
-0 0 0
-0 0 0
-0 0 0
-0 0 0
-0 0 0
-0 0 0
-0 0 0
-0 0 0
-0 0 0
-0 0 0
-0 0 0
-0 0 0
-0 0 0
-0 0 0
-0 0 0
-0 0 0
-0 0 0
-0 0 0
-0 0 0
-0 0 0
-0 0 0
-0 0 0
-0 0 0
-0 0 0
-0 0 0
-0 0 0
-0 0 0
-0 0 0
-0 0 0
-0 0 0
-0 0 0
-0 0 0
-0 0 0
-0.070430137 0.11661573 0.28200001
-0.067842714 0.11640897 0.28150001
-0.065322101 0.11630559 0.28125
-0.061185427 0.11320411 0.27375001
-0.058468539 0.11258382 0.27225003
-0.055983897 0.11237705 0.27175
-0.053162802 0.1114466 0.26950002
-0.050381061 0.11051615 0.26725
-0.047458924 0.10917218 0.264
-0.04566253 0.11041278 0.26700002
-0.044625007 0.11372102 0.27500001
-0.042219326 0.11372102 0.27500001
-0.039886028 0.11392778 0.2755
-0.037441961 0.1138244 0.27525002
-0.034970447 0.11361764 0.27475002
-0.031944647 0.1114466 0.26950002
-0 0 0
-0 0 0
-0 0 0
-0 0 0
-0 0 0
-0 0 0
-0.016501641 0.11909693 0.28800002
-0.013872995 0.11816648 0.28575
-0.011154361 0.11589206 0.28025001
-0.0083223414 0.11082631 0.26800001
-0.0057548354 0.106691 0.25800002
-0.003392793 0.10348613 0.25025001
-0.0011891894 0.10224554 0.24725001
0.00096881838 0.10172863 0.24600001
0.0031112996 0.10141848 0.24525002
0.0053103198 0.10245231 0.24775001
0.0074851695 0.10255568 0.24800001
0.0097422544 0.10348613 0.25025001
0.011979106 0.10389966 0.25125
0.014303988 0.10483011 0.25350001
0.016912637 0.1073113 0.25950003
0.01962626 0.10979248 0.26550001
0.022031512 0.11020602 0.26650003
0.024522822 0.11092969 0.26825002
0.027044749 0.11165337 0.27000001
0.029570067 0.11227367 0.27150002
0.032180458 0.11310073 0.27350003
0.034636226 0.1133075 0.27400002
0.037100744 0.11351426 0.27450001
0.039609984 0.1138244 0.27525002
0.042017858 0.1138244 0.27525002
0.044385381 0.11372102 0.27500001
0.04674853 0.11361764 0.27475002
0.049017858 0.1133075 0.27400002
0.049866721 0.10989586 0.26575002
0.051847797 0.10917218 0.264
0.054618828 0.11010263 0.26625001
0.057429217 0.11103307 0.2685
0.060223319 0.11186013 0.2705
0.062705338 0.1120669 0.27100003
0.065436222 0.11268719 0.27250001
0.068006702 0.11299735 0.27325001
0.070525892 0.11320411 0.27375001
0.075184844 0.11671913 0.28225002
0 0 0
0 0 0
0 0 0
0 0 0
0 0 0
0 0 0
0 0 0
0 0 0
0 0 0
0 0 0
0 0 0
0 0 0
0 0 0
0 0 0
0 0 0
0.063796006 0.064924367 0.15700001
0.065065667 0.064820983 0.15675001
0 0 0
0 0 0
0 0 0
0 0 0
0.073068947 0.06585481 0.15925001
0.074578956 0.065958194 0.1595
0.075974248 0.065958194 0.1595
0 0 0
0 0 0
0 0 0
0 0 0
0 0 0
0 0 0
0 0 0
0 0 0
0 0 0
0 0 0
0 0 0
0 0 0
0 0 0
0 0 0
0 0 0
0 0 0
0 0 0
0 0 0
0 0 0
0 0 0
0 0 0
0 0 0
0 0 0
0 0 0
-0 0 0
-0 0 0
-0 0 0
-0 0 0
-0 0 0
-0 0 0
-0 0 0
-0 0 0
-0 0 0
-0 0 0
-0 0 0
-0 0 0
-0 0 0
-0 0 0
-0 0 0
-0 0 0
-0 0 0
-0 0 0
-0 0 0
-0 0 0
-0 0 0
-0 0 0
-0 0 0
-0 0 0
-0 0 0
-0 0 0
-0 0 0
-0 0 0
-0 0 0
-0 0 0
-0 0 0
-0 0 0
-0 0 0
-0 0 0
-0 0 0
-0 0 0
-0 0 0
-0 0 0
-0 0 0
-0 0 0
-0 0 0
-0 0 0
-0 0 0
-0 0 0
-0 0 0
-0 0 0
-0 0 0
-0 0 0
-0 0 0
-0 0 0
-0 0 0
-0 0 0
-0 0 0
-0.06826447 0.1196086 0.28325
-0.06561242 0.11929189 0.2825
-0.061408941 0.1160193 0.27475002
-0.058468539 0.11496362 0.27225003
-0.055880893 0.11454134 0.27125001
-0.053162802 0.11380237 0.26950002
-0.050428193 0.11295782 0.26750001
-0.047638696 0.11190214 0.26500002
-0.04574804 0.11295782 0.26750001
-0.044665579 0.11623044 0.27525002
-0.042219326 0.11612486 0.27500001
-0.039849836 0.11623044 0.27525002
-0.037441961 0.11623044 0.27525002
-0.034970447 0.1160193 0.27475002
-0.032300245 0.11506918 0.27250001
-0.029861538 0.11485805 0.27200001
-0 0 0
-0 0 0
-0 0 0
-0 0 0
-0 0 0
-0.016014613 0.11802509 0.27950001
-0.013557425 0.11791953 0.27925003
-0 0 0
-0.0083145788 0.1130634 0.26775002
-0.0059109745 0.11190214 0.26500002
-0.0034538023 0.10757385 0.25475001
-0.0011976063 0.10514578 0.24900001
0.00098161784 0.10525135 0.24925001
0.0031525297 0.10493465 0.2485
0.005321037 0.10482908 0.24825001
0.007492715 0.10482908 0.24825001
0.0096935919 0.10514578 0.24900001
0.01190759 0.10546249 0.24975002
0.014106496 0.10556805 0.25
0.016586766 0.10746828 0.2545
0.019478416 0.11126873 0.26350001
0.021990176 0.11232441 0.266
0.024454258 0.11295782 0.26750001
0.026994666 0.11380237 0.26950002
0.029542837 0.11454134 0.27125001
0.032062795 0.11506918 0.27250001
0.034541417 0.11538588 0.27325001
0.037033163 0.11570259 0.27400002
0.039538033 0.1160193 0.27475002
0.041979693 0.11612486 0.27500001
0.044345032 0.1160193 0.27475002
0.046663452 0.11580815 0.27425
0.049017858 0.11570259 0.27400002
0.049819808 0.11211327 0.26550001
0.051847797 0.11147986 0.264
0.054772686 0.11274669 0.26700002
0.057536166 0.11359123 0.26900002
0.060278978 0.11433021 0.27075002
0.062763177 0.11454134 0.27125001
0.065556288 0.11528032 0.273
0.067944482 0.11528032 0.273
0.070847929 0.11612486 0.27500001
0.075051658 0.11897521 0.28175002
0.077447616 0.11886963 0.28150001
0 0 0
0 0 0
0 0 0
0 0 0
0 0 0
0 0 0
0 0 0
0 0 0
0 0 0
0 0 0
0 0 0
0 0 0
0 0 0
0 0 0
0.064303935 0.066824578 0.15825
0.06527321 0.066402309 0.15725
0 0 0
0 0 0
0 0 0
0 0 0
0.072954237 0.067141287 0.15900001
0.074695855 0.067457989 0.15975001
0.076212414 0.067563556 0.16000001
0 0 0
0 0 0
0 0 0
0 0 0
0 0 0
0 0 0
0 0 0
0 0 0
0 0 0
0 0 0
0 0 0
0 0 0
0 0 0
0 0 0
0 0 0
0 0 0
0 0 0
0 0 0
0 0 0
0 0 0
0 0 0
0 0 0
0 0 0
0 0 0
-0 0 0
-0 0 0
-0 0 0
-0 0 0
-0 0 0
-0 0 0
-0 0 0
-0 0 0
-0 0 0
-0 0 0
-0 0 0
-0 0 0
-0 0 0
-0 0 0
-0 0 0
-0 0 0
-0 0 0
-0 0 0
-0 0 0
-0 0 0
-0 0 0
-0 0 0
-0 0 0
-0 0 0
-0 0 0
-0 0 0
-0 0 0
-0 0 0
-0 0 0
-0 0 0
-0 0 0
-0 0 0
-0 0 0
-0 0 0
-0 0 0
-0 0 0
-0 0 0
-0 0 0
-0 0 0
-0 0 0
-0 0 0
-0 0 0
-0 0 0
-0 0 0
-0 0 0
-0 0 0
-0 0 0
-0 0 0
-0 0 0
-0 0 0
-0 0 0
-0 0 0
-0 0 0
-0.068143971 0.12186905 0.28275001
-0.065496296 0.12154579 0.28200001
-0.061632443 0.11885196 0.27575001
-0.058468539 0.11734342 0.27225003
-0.055829395 0.11680465 0.27100003
-0.053162802 0.11615813 0.26950002
-0.050475325 0.11540386 0.26775002
-0.047503866 0.1138953 0.26425001
-0.045619775 0.11497284 0.26675001
-0.044706143 0.1187442 0.2755
-0.042334471 0.11885196 0.27575001
-0.039886028 0.1187442 0.2755
-0.037475966 0.1187442 0.2755
-0.035034087 0.11863646 0.27525002
-0.032389145 0.11777443 0.27325001
-0.029888986 0.11734342 0.27225003
-0 0 0
-0 0 0
-0 0 0
-0 0 0
-0 0 0
-0 0 0
-0 0 0
-0 0 0
-0 0 0
-0.006000197 0.11594263 0.26900002
-0.003562263 0.11324878 0.26275
-0.0012493102 0.11195575 0.25975001
0.0010269082 0.11238676 0.26075003
0.0032889068 0.11174024 0.25925002
0.0055032275 0.11066271 0.25675002
0.0075983531 0.10850764 0.25175002
0.0096838595 0.1072146 0.24875002
0.011859911 0.1072146 0.24875002
0.014021858 0.10710684 0.2485
0.016342364 0.10807662 0.25075001
0.019219691 0.1120635 0.26000002
0.021907507 0.11421857 0.26500002
0.024385694 0.11497284 0.26675001
0.026944585 0.11594263 0.26900002
0.029488381 0.11669689 0.27075002
0.032062795 0.11745116 0.27250001
0.034573022 0.11788218 0.27350003
0.036999375 0.11798993 0.27375001
0.039466076 0.11820544 0.27425
0.041979693 0.11852869 0.27500001
0.044345032 0.11842095 0.27475002
0.046663452 0.11820544 0.27425
0.048973132 0.11798993 0.27375001
0.049725987 0.11421857 0.26500002
0.051847797 0.11378755 0.264
0.054823965 0.11518834 0.26725
0.057589635 0.11605037 0.26925001
0.060167663 0.11648139 0.27025002
0.062763177 0.11691239 0.27125001
0.065616325 0.11777443 0.27325001
0.068068929 0.11788218 0.27350003
0.070654705 0.11820544 0.27425
0 0 0
0 0 0
0 0 0
0 0 0
0 0 0
0 0 0
0 0 0
0 0 0
0 0 0
0 0 0
0 0 0
0 0 0
0 0 0
0 0 0
0 0 0
0 0 0
0.063999183 0.067884624 0.15750001
0.064961895 0.067453608 0.15650001
0.066860743 0.067992374 0.15775001
0 0 0
0 0 0
0 0 0
0.072954237 0.068531141 0.15900001
0.074578956 0.068746641 0.1595
0.076093338 0.068854399 0.15975001
0 0 0
0 0 0
0 0 0
0 0 0
0 0 0
0 0 0
0 0 0
0 0 0
0 0 0
0 0 0
0 0 0
0 0 0
0 0 0
0 0 0
0 0 0
0 0 0
0 0 0
0 0 0
0 0 0
0 0 0
0 0 0
0 0 0
0 0 0
0 0 0
-0 0 0
-0 0 0
-0 0 0
-0 0 0
-0 0 0
-0 0 0
-0 0 0
-0 0 0
-0 0 0
-0 0 0
-0 0 0
-0 0 0
-0 0 0
-0 0 0
-0 0 0
-0 0 0
-0 0 0
-0 0 0
-0 0 0
-0 0 0
-0 0 0
-0 0 0
-0 0 0
-0 0 0
-0 0 0
-0 0 0
-0 0 0
-0 0 0
-0 0 0
-0 0 0
-0 0 0
-0 0 0
-0 0 0
-0 0 0
-0 0 0
-0 0 0
-0 0 0
-0 0 0
-0 0 0
-0 0 0
-0 0 0
-0 0 0
-0 0 0
-0 0 0
-0 0 0
-0 0 0
-0 0 0
-0 0 0
-0 0 0
-0 0 0
-0 0 0
-0 0 0
-0 0 0
-0 0 0
-0.065089844 0.12324125 0.28025001
-0.061855949 0.1217021 0.27675
-0.058522224 0.11983315 0.27250001
-0.055932399 0.1193934 0.27150002
-0.053360064 0.11895364 0.2705
-0.050710969 0.11829402 0.26900002
-0.047548812 0.11631512 0.26450002
-0.045619775 0.11730456 0.26675001
-0.044584442 0.12082261 0.27475002
-0.042296086 0.12115241 0.2755
-0.039994609 0.12148223 0.27625
-0.037543982 0.1213723 0.27600002
-0.035065904 0.12115241 0.2755
-0.032537311 0.12071266 0.27450001
-0.02997132 0.12005302 0.273
-0.027305281 0.1188437 0.27025002
-0 0 0
-0 0 0
-0 0 0
-0 0 0
-0 0 0
-0 0 0
-0 0 0
-0 0 0
-0.0061228774 0.12071266 0.27450001
-0.0036402193 0.11807413 0.2685
-0.0012889899 0.11785425 0.26800001
0.0010534916 0.11763438 0.26750001
0.0033872253 0.1174145 0.26700002
0.0057175695 0.11730456 0.26675001
0.0079529928 0.11587536 0.26350001
0.0099174399 0.1120275 0.25475001
0.011847991 0.10927904 0.2485
0.013993645 0.10905916 0.24800001
0.016260896 0.10971879 0.24950001
0.018850083 0.11213745 0.25500003
0.021804169 0.1159853 0.26375002
0.024408549 0.1174145 0.26700002
0.026894499 0.11807413 0.2685
0.029433925 0.1188437 0.27025002
0.032062795 0.11983315 0.27250001
0.034541417 0.12016297 0.27325001
0.036931794 0.12016297 0.27325001
0.039430104 0.12049279 0.27400002
0.041941531 0.12082261 0.27475002
0.044385381 0.12093253 0.27500001
0.046705991 0.12071266 0.27450001
0.048973132 0.12038285 0.27375001
0.049679074 0.11642505 0.26475
0.0518969 0.11620518 0.26425001
0.054772686 0.1174145 0.26700002
0.057589635 0.11840395 0.26925001
0.060223319 0.11895364 0.2705
0.062763177 0.11928346 0.27125001
0.065436222 0.11983315 0.27250001
0.068006702 0.12016297 0.27325001
0.071169965 0.12148223 0.27625
0 0 0
0 0 0
0 0 0
0 0 0
0 0 0
0 0 0
0 0 0
0 0 0
0 0 0
0 0 0
0 0 0
0 0 0
0 0 0
0 0 0
0 0 0
0 0 0
0.063999183 0.069261365 0.15750001
0.065169439 0.069041483 0.15700001
0.066542864 0.069041483 0.15700001
0 0 0
0 0 0
0 0 0
0.073068947 0.070030935 0.15925001
0.074462056 0.070030935 0.15925001
0.075617008 0.069811061 0.15875001
0 0 0
0 0 0
0 0 0
0 0 0
0 0 0
0 0 0
0 0 0
0 0 0
0 0 0
0 0 0
0 0 0
0 0 0
0 0 0
0 0 0
0 0 0
0 0 0
0 0 0
0 0 0
0 0 0
0 0 0
0 0 0
0 0 0
0 0 0
0 0 0
-0 0 0
-0 0 0
-0 0 0
-0 0 0
-0 0 0
-0 0 0
-0 0 0
-0 0 0
-0 0 0
-0 0 0
-0 0 0
-0 0 0
-0 0 0
-0 0 0
-0 0 0
-0 0 0
-0 0 0
-0 0 0
-0 0 0
-0 0 0
-0 0 0
-0 0 0
-0 0 0
-0 0 0
-0 0 0
-0 0 0
-0 0 0
-0 0 0
-0 0 0
-0 0 0
-0 0 0
-0 0 0
-0 0 0
-0 0 0
-0 0 0
-0 0 0
-0 0 0
-0 0 0
-0 0 0
-0 0 0
-0 0 0
-0 0 0
-0 0 0
-0 0 0
-0 0 0
-0 0 0
-0 0 0
-0 0 0
-0 0 0
-0 0 0
-0 0 0
-0 0 0
-0 0 0
-0 0 0
-0.064799525 0.12513036 0.27900001
-0.061073676 0.12255151 0.27325001
-0.058468539 0.12210302 0.27225003
-0.055932399 0.12176664 0.27150002
-0.053458698 0.1215424 0.27100003
-0.050710969 0.1206454 0.26900002
-0.04759375 0.11873929 0.26475
-0.045405999 0.11907566 0.26550001
-0.0443816 0.12266364 0.27350003
-0.042219326 0.12333637 0.27500001
-0.039994609 0.12389699 0.27625
-0.037543982 0.12378488 0.27600002
-0.035097729 0.12367275 0.27575001
-0.032566946 0.12322426 0.27475002
-0.029998768 0.12255151 0.27325001
-0.027482094 0.12199089 0.27200001
-0.024964217 0.12131814 0.2705
-0 0 0
-0 0 0
-0 0 0
-0 0 0
-0 0 0
-0 0 0
-0 0 0
-0.0061451825 0.12356062 0.2755
-0.0036469984 0.1206454 0.26900002
-0.0012901924 0.12030903 0.26825002
0.0010544762 0.12008478 0.26775002
0.0033713675 0.11918779 0.26575002
0.0056050397 0.11728168 0.2615
0.008020903 0.11918779 0.26575002
0.010365136 0.11941203 0.26625001
0.012169818 0.11447858 0.25525001
0.013993645 0.11122698 0.24800001
0.016146842 0.11111487 0.24775001
0.018591354 0.11279672 0.25150001
0.021845505 0.11851504 0.26425001
0.024454258 0.11997266 0.26750001
0.026969625 0.12075752 0.26925001
0.029488381 0.12143027 0.27075002
0.032062795 0.12221514 0.27250001
0.034509815 0.12243938 0.273
0.036931794 0.12255151 0.27325001
0.039430104 0.12288789 0.27400002
0.041903369 0.12311213 0.27450001
0.044345032 0.12322426 0.27475002
0.04674853 0.12322426 0.27475002
0.04892841 0.12266364 0.27350003
0.049772903 0.11896355 0.26525003
0.052044194 0.11885142 0.26500002
0.055029113 0.12030903 0.26825002
0.057803527 0.12120602 0.27025002
0.060612936 0.12210302 0.27225003
0.063052408 0.12221514 0.27250001
0.065436222 0.12221514 0.27250001
0.067820042 0.12221514 0.27250001
0 0 0
0 0 0
0 0 0
0 0 0
0 0 0
0 0 0
0 0 0
0 0 0
0 0 0
0 0 0
0 0 0
0 0 0
0 0 0
0 0 0
0 0 0
0 0 0
0 0 0
0.063999183 0.070638113 0.15750001
0.065065667 0.070301734 0.15675001
0.066224977 0.070077486 0.15625
0 0 0
0 0 0
0 0 0
0.072724819 0.0710866 0.1585
0.074462056 0.071422972 0.15925001
0.075855166 0.071422972 0.15925001
0 0 0
0 0 0
0 0 0
0 0 0
0 0 0
0 0 0
0 0 0
0 0 0
0 0 0
0 0 0
0 0 0
0 0 0
0 0 0
0 0 0
0 0 0
0 0 0
0 0 0
0 0 0
0 0 0
0 0 0
0 0 0
0 0 0
0 0 0
0 0 0
-0 0 0
-0 0 0
-0 0 0
-0 0 0
-0 0 0
-0 0 0
-0 0 0
-0 0 0
-0 0 0
-0 0 0
-0 0 0
-0 0 0
-0 0 0
-0 0 0
-0 0 0
-0 0 0
-0 0 0
-0 0 0
-0 0 0
-0 0 0
-0 0 0
-0 0 0
-0 0 0
-0 0 0
-0 0 0
-0 0 0
-0 0 0
-0 0 0
-0 0 0
-0 0 0
-0 0 0
-0 0 0
-0 0 0
-0 0 0
-0 0 0
-0 0 0
-0 0 0
-0 0 0
-0 0 0
-0 0 0
-0 0 0
-0 0 0
-0 0 0
-0 0 0
-0 0 0
-0 0 0
-0 0 0
-0 0 0
-0 0 0
-0 0 0
-0 0 0
-0 0 0
-0 0 0
-0 0 0
-0 0 0
-0.063029371 0.12894087 0.28200001
-0.058575917 0.12471143 0.27275002
-0.055932399 0.12413989 0.27150002
-0.053360064 0.12368264 0.2705
-0.050475325 0.12242525 0.26775002
-0.04759375 0.12105353 0.26475
-0.045149464 0.1207106 0.264
-0.044178762 0.12448282 0.27225003
-0.042257708 0.12585452 0.27525002
-0.039958417 0.12619746 0.27600002
-0.037543982 0.12619746 0.27600002
-0.035129551 0.12619746 0.27600002
-0.032626212 0.12585452 0.27525002
-0.030081108 0.12528299 0.27400002
-0.027557872 0.12471143 0.27275002
-0.024987292 0.12379696 0.27075002
-0.022577016 0.12356834 0.27025002
-0 0 0
-0 0 0
-0 0 0
-0 0 0
-0 0 0
-0 0 0
-0 0 0
-0 0 0
-0 0 0
0 0 0
0 0 0
0.0051817149 0.11053708 0.24175002
0.007590807 0.11499514 0.25150001
0.010277542 0.1207106 0.264
0.012515485 0.12002476 0.26250002
0.014078284 0.11408067 0.24950001
0.01613055 0.1131662 0.24750002
0.018609835 0.11510946 0.25175002
0.021886839 0.12105353 0.26475
0.024522822 0.12265386 0.26825002
0.027019706 0.12333971 0.26975
0.029515611 0.12391128 0.27100003
0.032003965 0.1243685 0.27200001
0.034478214 0.12471143 0.27275002
0.036965586 0.12505436 0.27350003
0.039466076 0.12539728 0.27425
0.041903369 0.1255116 0.27450001
0.044345032 0.12562591 0.27475002
0.04674853 0.12562591 0.27475002
0.048704788 0.12448282 0.27225003
0.049772903 0.12128216 0.26525003
0.052044194 0.12116785 0.26500002
0.055285536 0.12322541 0.26950002
0.058017414 0.12402558 0.27125001
0.060557276 0.1243685 0.27200001
0.063052408 0.12459712 0.27250001
0.065556288 0.12482574 0.273
0.068504468 0.12585452 0.27525002
0 0 0
0 0 0
0 0 0
0 0 0
0 0 0
0 0 0
0 0 0
0 0 0
0 0 0
0 0 0
0 0 0
0 0 0
0 0 0
0 0 0
0 0 0
0 0 0
0 0 0
0 0 0
0.064858116 0.071443304 0.15625
0.066119023 0.07132899 0.156
0 0 0
0 0 0
0 0 0
0.072265998 0.072014853 0.15750001
0.074111372 0.072472088 0.1585
0.075855166 0.072815016 0.15925001
0.077369548 0.072929323 0.1595
0 0 0
0 0 0
0 0 0
0 0 0
0 0 0
0 0 0
0 0 0
0 0 0
0 0 0
0 0 0
0 0 0
0 0 0
0 0 0
0 0 0
0 0 0
0 0 0
0 0 0
0 0 0
0 0 0
0 0 0
0 0 0
0 0 0
0 0 0
-0 0 0
-0 0 0
-0 0 0
-0 0 0
-0 0 0
-0 0 0
-0 0 0
-0 0 0
-0 0 0
-0 0 0
-0 0 0
-0 0 0
-0 0 0
-0 0 0
-0 0 0
-0 0 0
-0 0 0
-0 0 0
-0 0 0
-0 0 0
-0 0 0
-0 0 0
-0 0 0
-0 0 0
-0 0 0
-0 0 0
-0 0 0
-0 0 0
-0 0 0
-0 0 0
-0 0 0
-0 0 0
-0 0 0
-0 0 0
-0 0 0
-0 0 0
-0 0 0
-0 0 0
-0 0 0
-0 0 0
-0 0 0
-0 0 0
-0 0 0
-0 0 0
-0 0 0
-0 0 0
-0 0 0
-0 0 0
-0 0 0
-0 0 0
-0 0 0
-0 0 0
-0 0 0
-0 0 0
-0 0 0
-0 0 0
-0.058951747 0.12791106 0.27450001
-0.056035403 0.12674612 0.27200001
-0.053409379 0.12616365 0.27075002
-0.050616708 0.12511519 0.2685
-0.047773521 0.12383376 0.26575002
-0.045106713 0.1229018 0.26375002
-0.044016484 0.12639663 0.27125001
-0.042219326 0.12814406 0.27500001
-0.039922222 0.12849353 0.27575001
-0.037509974 0.12849353 0.27575001
-0.035097729 0.12849353 0.27575001
-0.032596577 0.12814406 0.27500001
-0.03005366 0.12756158 0.27375001
-0.027532613 0.12697911 0.27250001
-0.024987292 0.12616365 0.27075002
-0.022451703 0.12523168 0.26875001
-0 0 0
-0 0 0
-0 0 0
-0 0 0
-0 0 0
-0 0 0
-0 0 0
-0 0 0
-0 0 0
0 0 0
0 0 0
0 0 0
0 0 0
0 0 0
0.012265175 0.11987294 0.25725001
0.014261669 0.11777604 0.25275001
0.016114255 0.11521315 0.24725001
0.01844351 0.1162616 0.24950001
0.021907507 0.12348427 0.26500002
0.024637094 0.12558118 0.26950002
0.027069792 0.12593067 0.27025002
0.029488381 0.12616365 0.27075002
0.03197455 0.12662962 0.27175
0.034478214 0.12709561 0.27275002
0.036999375 0.12756158 0.27375001
0.039502054 0.12791106 0.27450001
0.041941531 0.12802756 0.27475002
0.044345032 0.12802756 0.27475002
0.046705991 0.12791106 0.27450001
0.048436441 0.12616365 0.27075002
0.04953834 0.12301829 0.264
0.052044194 0.12348427 0.26500002
0.055285536 0.12558118 0.26950002
0.058070891 0.12651314 0.27150002
0.060501613 0.12662962 0.27175
0.06299457 0.12686262 0.27225003
0.065556288 0.12721209 0.273
0.068380028 0.12802756 0.27475002
0 0 0
0 0 0
0 0 0
0 0 0
0 0 0
0 0 0
0 0 0
0 0 0
0 0 0
0 0 0
0 0 0
0 0 0
0 0 0
0 0 0
0 0 0
0 0 0
0 0 0
0 0 0
0.064754345 0.072692625 0.156
0.066119023 0.072692625 0.156
0.067591846 0.072809115 0.15625
0 0 0
0 0 0
0.072265998 0.073391594 0.15750001
0.07399448 0.073741078 0.15825
0.075736091 0.074090563 0.15900001
0.077127017 0.074090563 0.15900001
0 0 0
0 0 0
0 0 0
0 0 0
0 0 0
0 0 0
0 0 0
0 0 0
0 0 0
0 0 0
0 0 0
0 0 0
0 0 0
0 0 0
0 0 0
0 0 0
0 0 0
0 0 0
0 0 0
0 0 0
0 0 0
0 0 0
0 0 0
-0 0 0
-0 0 0
-0 0 0
-0 0 0
-0 0 0
-0 0 0
-0 0 0
-0 0 0
-0 0 0
-0 0 0
-0 0 0
-0 0 0
-0 0 0
-0 0 0
-0 0 0
-0 0 0
-0 0 0
-0 0 0
-0 0 0
-0 0 0
-0 0 0
-0 0 0
-0 0 0
-0 0 0
-0 0 0
-0 0 0
-0 0 0
-0 0 0
-0 0 0
-0 0 0
-0 0 0
-0 0 0
-0 0 0
-0 0 0
-0 0 0
-0 0 0
-0 0 0
-0 0 0
-0 0 0
-0 0 0
-0 0 0
-0 0 0
-0 0 0
-0 0 0
-0 0 0
-0 0 0
-0 0 0
-0 0 0
-0 0 0
-0 0 0
-0 0 0
-0 0 0
-0 0 0
-0 0 0
-0 0 0
-0 0 0
-0.058736987 0.12983581 0.27350003
-0.055932399 0.12888637 0.27150002
-0.053310748 0.12829298 0.27025002
-0.050805226 0.12793693 0.26950002
-0.047818463 0.12627541 0.266
-0.045106713 0.1252073 0.26375002
-0.043610804 0.1275809 0.26875001
-0.042180948 0.13042922 0.27475002
-0.039849836 0.13066657 0.27525002
-0.037441961 0.13066657 0.27525002
-0.035034087 0.13066657 0.27525002
-0.032566946 0.13042922 0.27475002
-0.030026216 0.12983581 0.27350003
-0.027532613 0.12936109 0.27250001
-0.025010364 0.12864903 0.27100003
-0.022451703 0.1275809 0.26875001
-0.020007199 0.1269875 0.26750001
-0 0 0
-0 0 0
-0 0 0
-0 0 0
-0 0 0
-0 0 0
-0 0 0
-0 0 0
0 0 0
0 0 0
0 0 0
0 0 0
0 0 0
0 0 0
0.014050071 0.11820518 0.24900001
0.016097961 0.11725574 0.24700001
0.018517433 0.11891726 0.25050002
0.022072846 0.12675014 0.26700002
0.024705658 0.12829298 0.27025002
0.027069792 0.12829298 0.27025002
0.029406695 0.12817429 0.27000001
0.03197455 0.12900504 0.27175
0.034541417 0.12971713 0.27325001
0.037033163 0.13007317 0.27400002
0.039538033 0.13042922 0.27475002
0.041979693 0.13054788 0.27500001
0.04430468 0.13031054 0.27450001
0.046663452 0.13019185 0.27425
0.048212819 0.12793693 0.26950002
0.049350698 0.12485126 0.26300001
0.052338786 0.12651278 0.26650003
0.055336818 0.1280556 0.26975
0.057963945 0.12864903 0.27100003
0.060501613 0.12900504 0.27175
0.062936716 0.12912373 0.27200001
0.065496258 0.12947978 0.27275002
0 0 0
0 0 0
0 0 0
0 0 0
0 0 0
0 0 0
0 0 0
0 0 0
0 0 0
0 0 0
0 0 0
0 0 0
0 0 0
0 0 0
0 0 0
0 0 0
0 0 0
0 0 0
0 0 0
0.065169439 0.074530974 0.15700001
0.066224977 0.074174933 0.15625
0.067483701 0.07405626 0.156
0 0 0
0 0 0
0.072265998 0.074768342 0.15750001
0.074111372 0.075243056 0.1585
0.075617008 0.075361744 0.15875001
0.077127017 0.075480416 0.15900001
0 0 0
0 0 0
0 0 0
0 0 0
0 0 0
0 0 0
0 0 0
0 0 0
0 0 0
0 0 0
0 0 0
0 0 0
0 0 0
0 0 0
0 0 0
0 0 0
0 0 0
0 0 0
0 0 0
0 0 0
0 0 0
0 0 0
0 0 0
-0 0 0
-0 0 0
-0 0 0
-0 0 0
-0 0 0
-0 0 0
-0 0 0
-0 0 0
-0 0 0
-0 0 0
-0 0 0
-0 0 0
-0 0 0
-0 0 0
-0 0 0
-0 0 0
-0 0 0
-0 0 0
-0 0 0
-0 0 0
-0 0 0
-0 0 0
-0 0 0
-0 0 0
-0 0 0
-0 0 0
-0 0 0
-0 0 0
-0 0 0
-0 0 0
-0 0 0
-0 0 0
-0 0 0
-0 0 0
-0 0 0
-0 0 0
-0 0 0
-0 0 0
-0 0 0
-0 0 0
-0 0 0
-0 0 0
-0 0 0
-0 0 0
-0 0 0
-0 0 0
-0 0 0
-0 0 0
-0 0 0
-0 0 0
-0 0 0
-0 0 0
-0 0 0
-0 0 0
-0 0 0
-0.062861741 0.13597335 0.28125
-0.060079239 0.13524817 0.27975002
-0.055932399 0.13125962 0.27150002
-0.053458698 0.13101789 0.27100003
-0.050946616 0.13065529 0.27025002
-0.04813306 0.12944664 0.26775002
-0.04527773 0.12799625 0.26475
-0.043205123 0.12872145 0.26625001
-0.042065803 0.13246827 0.27400002
-0.039777447 0.13283087 0.27475002
-0.037373949 0.13283087 0.27475002
-0.035002265 0.13295172 0.27500001
-0.032566946 0.13283087 0.27475002
-0.030026216 0.13222654 0.27350003
-0.027532613 0.13174307 0.27250001
-0.025010364 0.13101789 0.27100003
-0.022535242 0.13041355 0.26975
-0.02010069 0.12993009 0.26875001
-0.017733166 0.12980923 0.2685
-0 0 0
-0 0 0
-0 0 0
-0 0 0
-0 0 0
-0 0 0
-0 0 0
0 0 0
0 0 0
0 0 0
0 0 0
0 0 0
0 0 0
0 0 0
0.016097961 0.11941483 0.24700001
0.018702237 0.12231559 0.25300002
0.022279521 0.1302927 0.26950002
0.024705658 0.13065529 0.27025002
0.027019706 0.13041355 0.26975
0.029379467 0.13041355 0.26975
0.031886306 0.13101789 0.27100003
0.034541417 0.13210568 0.27325001
0.037033163 0.13246827 0.27400002
0.039538033 0.13283087 0.27475002
0.041903369 0.13270999 0.27450001
0.044223979 0.13246827 0.27400002
0.046450768 0.1319848 0.273
0.047541954 0.12847972 0.26575002
0.049350698 0.12715019 0.26300001
0.052584279 0.12944664 0.26775002
0.05523425 0.13017182 0.26925001
0.057910472 0.13089703 0.27075002
0.060557276 0.13150135 0.27200001
0.062936716 0.13150135 0.27200001
0.065436222 0.13174307 0.27250001
0 0 0
0 0 0
0 0 0
0 0 0
0 0 0
0 0 0
0 0 0
0 0 0
0 0 0
0 0 0
0 0 0
0 0 0
0 0 0
0 0 0
0 0 0
0 0 0
0 0 0
0 0 0
0 0 0
0.065065667 0.075782485 0.15675001
0.066330947 0.075661622 0.15650001
0.067699999 0.075661622 0.15650001
0 0 0
0 0 0
0.072380699 0.076265946 0.15775001
0.07399448 0.076507673 0.15825
0.075497918 0.076628536 0.1585
0.076884471 0.076628536 0.1585
0.078271016 0.076628536 0.1585
0 0 0
0 0 0
0 0 0
0 0 0
0 0 0
0 0 0
0 0 0
0 0 0
0 0 0
0 0 0
0 0 0
0 0 0
0 0 0
0 0 0
0 0 0
0 0 0
0 0 0
0 0 0
0 0 0
0 0 0
0 0 0
0 0 0
-0 0 0
-0 0 0
-0 0 0
-0 0 0
-0 0 0
-0 0 0
-0 0 0
-0 0 0
-0 0 0
-0 0 0
-0 0 0
-0 0 0
-0 0 0
-0 0 0
-0 0 0
-0 0 0
-0 0 0
-0 0 0
-0 0 0
-0 0 0
-0 0 0
-0 0 0
-0 0 0
-0 0 0
-0 0 0
-0 0 0
-0 0 0
-0 0 0
-0 0 0
-0 0 0
-0 0 0
-0 0 0
-0 0 0
-0 0 0
-0 0 0
-0 0 0
-0 0 0
-0 0 0
-0 0 0
-0 0 0
-0 0 0
-0 0 0
-0 0 0
-0 0 0
-0 0 0
-0 0 0
-0 0 0
-0 0 0
-0 0 0
-0 0 0
-0 0 0
-0 0 0
-0 0 0
-0 0 0
-0 0 0
-0 0 0
-0 0 0
-0 0 0
-0.053508013 0.13350981 0.27125001
-0.050946616 0.13301761 0.27025002
-0.048447654 0.13264845 0.26950002
-0.045534264 0.1310488 0.26625001
-0.043002281 0.13043354 0.26500002
-0.04168199 0.13363287 0.27150002
-0.039668866 0.13486338 0.27400002
-0.037305929 0.13498642 0.27425
-0.034938626 0.13510947 0.27450001
-0.032537311 0.13510947 0.27450001
-0.03005366 0.13474031 0.27375001
-0.027532613 0.13412505 0.27250001
-0.024964217 0.13314065 0.2705
-0.022577016 0.13301761 0.27025002
-0.020231578 0.13314065 0.2705
-0 0 0
-0 0 0
-0 0 0
-0 0 0
-0 0 0
-0 0 0
-0 0 0
-0 0 0
0 0 0
0 0 0
0 0 0
0 0 0
0 0 0
0 0 0
0 0 0
0.016179429 0.12218916 0.24825001
0.019219691 0.12797254 0.26000002
0.022424193 0.13350981 0.27125001
0.024751365 0.13326371 0.27075002
0.027069792 0.13301761 0.27025002
0.029406695 0.13289456 0.27000001
0.031915721 0.13350981 0.27125001
0.034478214 0.13424812 0.27275002
0.036931794 0.13449422 0.27325001
0.039430104 0.13486338 0.27400002
0.041865204 0.13498642 0.27425
0.044143282 0.13461727 0.27350003
0.045940321 0.13289456 0.27000001
0.047363054 0.13031049 0.26475
0.049585253 0.1300644 0.26425001
0.052682474 0.13203321 0.26825002
0.055285536 0.13264845 0.26950002
0.058017414 0.13350981 0.27125001
0.060668591 0.13412505 0.27250001
0.063225947 0.13449422 0.27325001
0.066216655 0.13572472 0.27575001
0 0 0
0 0 0
0 0 0
0 0 0
0 0 0
0 0 0
0 0 0
0 0 0
0 0 0
0 0 0
0 0 0
0 0 0
0 0 0
0 0 0
0 0 0
0 0 0
0 0 0
0 0 0
0 0 0
0 0 0
0.066119023 0.076783523 0.156
0.067483701 0.076783523 0.156
0 0 0
0 0 0
0.071807161 0.077029623 0.15650001
0.073760688 0.077644877 0.15775001
0.075378843 0.077890977 0.15825
0.07664194 0.077767923 0.15800001
0.079135217 0.078875378 0.16025001
0 0 0
0 0 0
0 0 0
0 0 0
0 0 0
0 0 0
0 0 0
0 0 0
0 0 0
0 0 0
0 0 0
0 0 0
0 0 0
0 0 0
0 0 0
0 0 0
0 0 0
0 0 0
0 0 0
0 0 0
0 0 0
0 0 0
-0 0 0
-0 0 0
-0 0 0
-0 0 0
-0 0 0
-0 0 0
-0 0 0
-0 0 0
-0 0 0
-0 0 0
-0 0 0
-0 0 0
-0 0 0
-0 0 0
-0 0 0
-0 0 0
-0 0 0
-0 0 0
-0 0 0
-0 0 0
-0 0 0
-0 0 0
-0 0 0
-0 0 0
-0 0 0
-0 0 0
-0 0 0
-0 0 0
-0 0 0
-0 0 0
-0 0 0
-0 0 0
-0 0 0
-0 0 0
-0 0 0
-0 0 0
-0 0 0
-0 0 0
-0 0 0
-0 0 0
-0 0 0
-0 0 0
-0 0 0
-0 0 0
-0 0 0
-0 0 0
-0 0 0
-0 0 0
-0 0 0
-0 0 0
-0 0 0
-0 0 0
-0 0 0
-0 0 0
-0 0 0
-0 0 0
-0 0 0
-0 0 0
-0 0 0
-0 0 0
-0.048492592 0.13512944 0.26975
-0.046047326 0.13487898 0.26925001
-0.042961713 0.13262473 0.26475
-0.04114465 0.13425279 0.26800001
-0.039524086 0.13675751 0.273
-0.037237916 0.13713321 0.27375001
-0.034874987 0.13725846 0.27400002
-0.032478046 0.13725846 0.27400002
-0.030026216 0.137008 0.27350003
-0.027532613 0.13650703 0.27250001
-0.024964217 0.13550515 0.2705
-0.022556128 0.13525468 0.27000001
-0.020231578 0.13550515 0.2705
-0 0 0
-0 0 0
-0 0 0
-0 0 0
-0 0 0
-0 0 0
-0 0 0
-0 0 0
0 0 0
0 0 0
0 0 0
0 0 0
0 0 0
0 0 0
0 0 0
0 0 0
0 0 0
0 0 0
0.024797074 0.13588086 0.27125001
0.027119873 0.13563038 0.27075002
0.029488381 0.13563038 0.27075002
0.03197455 0.13613133 0.27175
0.034446612 0.13650703 0.27250001
0.036898006 0.13675751 0.273
0.039322171 0.13688275 0.27325001
0.041750714 0.137008 0.27350003
0.043981876 0.13650703 0.27250001
0.045472406 0.13387708 0.26725
0.047318332 0.1324995 0.26450002
0.05010128 0.13375185 0.26700002
0.052829769 0.13475375 0.26900002
0.055388108 0.13525468 0.27000001
0.058124356 0.13613133 0.27175
0.060779911 0.13675751 0.273
0.063283794 0.137008 0.27350003
0 0 0
0 0 0
0 0 0
0 0 0
0 0 0
0 0 0
0 0 0
0 0 0
0 0 0
0 0 0
0 0 0
0 0 0
0 0 0
0 0 0
0 0 0
0 0 0
0 0 0
0 0 0
0 0 0
0 0 0
0 0 0
0.066119023 0.078147151 0.156
0.067375556 0.078021914 0.15575001
0.068296716 0.077520967 0.15475
0 0 0
0 0 0
0.073643796 0.078898571 0.15750001
0.075140677 0.079023801 0.15775001
0.076520674 0.079023801 0.15775001
0.078147568 0.079274267 0.15825
0 0 0
0 0 0
0 0 0
0 0 0
0 0 0
0 0 0
0 0 0
0 0 0
0 0 0
0 0 0
0 0 0
0 0 0
0 0 0
0 0 0
0 0 0
0 0 0
0 0 0
0 0 0
0 0 0
0 0 0
0 0 0
0 0 0
-0 0 0
-0 0 0
-0 0 0
-0 0 0
-0 0 0
-0 0 0
-0 0 0
-0 0 0
-0 0 0
-0 0 0
-0 0 0
-0 0 0
-0 0 0
-0 0 0
-0 0 0
-0 0 0
-0 0 0
-0 0 0
-0 0 0
-0 0 0
-0 0 0
-0 0 0
-0 0 0
-0 0 0
-0 0 0
-0 0 0
-0 0 0
-0 0 0
-0 0 0
-0 0 0
-0 0 0
-0 0 0
-0 0 0
-0 0 0
-0 0 0
-0 0 0
-0 0 0
-0 0 0
-0 0 0
-0 0 0
-0 0 0
-0 0 0
-0 0 0
-0 0 0
-0 0 0
-0 0 0
-0 0 0
-0 0 0
-0 0 0
-0 0 0
-0 0 0
-0 0 0
-0 0 0
-0 0 0
-0 0 0
-0 0 0
-0 0 0
-0.057786513 0.14296651 0.28050002
-0 0 0
-0 0 0
-0.048537537 0.13761482 0.27000001
-0.045876306 0.13672288 0.26825002
-0.043123987 0.13544866 0.26575002
-0.040722463 0.13519382 0.26525003
-0.039198339 0.13799709 0.27075002
-0.037067879 0.13888903 0.27250001
-0.034779526 0.1392713 0.27325001
-0.03241878 0.13939872 0.27350003
-0.02997132 0.13914387 0.273
-0.027532613 0.13888903 0.27250001
-0.02517187 0.13901646 0.27275002
-0.022785868 0.13901646 0.27275002
-0 0 0
-0 0 0
-0 0 0
-0 0 0
-0 0 0
-0 0 0
-0 0 0
-0 0 0
-0 0 0
0 0 0
0 0 0
0 0 0
0 0 0
0 0 0
0 0 0
0 0 0
0 0 0
0 0 0
0 0 0
0 0 0
0.027220039 0.13850677 0.27175
0.02970621 0.13901646 0.27275002
0.032062795 0.13888903 0.27250001
0.034446612 0.13888903 0.27250001
0.036864217 0.13901646 0.27275002
0.039286196 0.13914387 0.273
0.041712552 0.1392713 0.27325001
0.043699425 0.13799709 0.27075002
0.044961963 0.13468413 0.26425001
0.04740778 0.1350664 0.26500002
0.050288923 0.13659544 0.26800001
0.052682474 0.13672288 0.26825002
0 0 0
0.058124356 0.13850677 0.27175
0.060668591 0.13888903 0.27250001
0.063283794 0.13939872 0.27350003
0 0 0
0 0 0
0 0 0
0 0 0
0 0 0
0 0 0
0 0 0
0 0 0
0 0 0
0 0 0
0 0 0
0 0 0
0 0 0
0 0 0
0 0 0
0 0 0
0 0 0
0 0 0
0 0 0
0 0 0
0 0 0
0.066119023 0.079510786 0.156
0.067591846 0.079638205 0.15625
0.068076044 0.078618839 0.15425001
0 0 0
0 0 0
0.073526897 0.080147892 0.15725
0.075021602 0.08027532 0.15750001
0.076520674 0.080402739 0.15775001
0.077530287 0.080020472 0.15700001
0 0 0
0 0 0
0 0 0
0 0 0
0 0 0
0 0 0
0 0 0
0 0 0
0 0 0
0 0 0
0 0 0
0 0 0
0 0 0
0 0 0
0 0 0
0 0 0
0 0 0
0 0 0
0 0 0
0 0 0
0 0 0
0 0 0
