# .PCD v0.7 - Point Cloud Data file format
VERSION 0.7
FIELDS x y z
SIZE 4 4 4
TYPE F F F
COUNT 1 1 1
WIDTH 19200
HEIGHT 1
VIEWPOINT 0 0 0 1 0 0 0
POINTS 19200
DATA ascii
-0 -0 0
-0 -0 0
-0 -0 0
-0 -0 0
-0 -0 0
-0 -0 0
-0 -0 0
-0 -0 0
-0 -0 0
-0 -0 0
-0 -0 0
-0 -0 0
-0 -0 0
-0 -0 0
-0 -0 0
-0 -0 0
-0 -0 0
-0 -0 0
-0 -0 0
-0 -0 0
-0 -0 0
-0 -0 0
-0 -0 0
-0 -0 0
-0 -0 0
-0 -0 0
-0 -0 0
-0 -0 0
-0 -0 0
-0 -0 0
-0 -0 0
-0 -0 0
-0 -0 0
-0 -0 0
-0 -0 0
-0 -0 0
-0 -0 0
-0 -0 0
-0 -0 0
-0 -0 0
-0 -0 0
-0 -0 0
-0 -0 0
-0 -0 0
-0 -0 0
-0 -0 0
-0 -0 0
-0 -0 0
-0 -0 0
-0 -0 0
-0 -0 0
-0 -0 0
-0 -0 0
-0 -0 0
-0 -0 0
-0 -0 0
-0 -0 0
-0 -0 0
-0 -0 0
-0 -0 0
-0 -0 0
-0 -0 0
-0 -0 0
-0 -0 0
-0 -0 0
-0 -0 0
-0 -0 0
-0 -0 0
-0 -0 0
-0 -0 0
-0 -0 0
-0 -0 0
-0 -0 0
-0 -0 0
-0 -0 0
-0 -0 0
-0 -0 0
-0 -0 0
-0 -0 0
-0 -0 0
-0 -0 0
0 -0 0
0 -0 0
0 -0 0
0 -0 0
0 -0 0
0 -0 0
0 -0 0
0 -0 0
0 -0 0
0 -0 0
0 -0 0
0 -0 0
0 -0 0
0 -0 0
0 -0 0
0 -0 0
0 -0 0
0 -0 0
0 -0 0
0 -0 0
0 -0 0
0 -0 0
0 -0 0
0 -0 0
0 -0 0
0 -0 0
0 -0 0
0 -0 0
0 -0 0
0 -0 0
0 -0 0
0 -0 0
0 -0 0
0 -0 0
0 -0 0
0 -0 0
0 -0 0
0 -0 0
0 -0 0
0 -0 0
0 -0 0
0 -0 0
0 -0 0
0 -0 0
0 -0 0
0 -0 0
0 -0 0
0 -0 0
0 -0 0
0 -0 0
0 -0 0
0 -0 0
0 -0 0
0 -0 0
0 -0 0
0 -0 0
0 -0 0
0 -0 0
0 -0 0
0 -0 0
0 -0 0
0 -0 0
0 -0 0
0 -0 0
0 -0 0
0 -0 0
0 -0 0
0 -0 0
0 -0 0
0 -0 0
0 -0 0
0 -0 0
0 -0 0
0 -0 0
0 -0 0
0 -0 0
0 -0 0
0 -0 0
0 -0 0
-0 -0 0
-0 -0 0
-0 -0 0
-0 -0 0
-0 -0 0
-0 -0 0
-0 -0 0
-0 -0 0
-0 -0 0
-0 -0 0
-0 -0 0
-0 -0 0
-0 -0 0
-0 -0 0
-0 -0 0
-0 -0 0
-0 -0 0
-0 -0 0
-0 -0 0
-0 -0 0
-0 -0 0
-0 -0 0
-0 -0 0
-0 -0 0
-0 -0 0
-0 -0 0
-0 -0 0
-0 -0 0
-0 -0 0
-0 -0 0
-0 -0 0
-0 -0 0
-0 -0 0
-0 -0 0
-0 -0 0
-0 -0 0
-0 -0 0
-0 -0 0
-0 -0 0
-0 -0 0
-0 -0 0
-0 -0 0
-0 -0 0
-0 -0 0
-0 -0 0
-0 -0 0
-0 -0 0
-0 -0 0
-0 -0 0
-0 -0 0
-0 -0 0
-0 -0 0
-0 -0 0
-0 -0 0
-0 -0 0
-0 -0 0
-0 -0 0
-0 -0 0
-0 -0 0
-0 -0 0
-0 -0 0
-0 -0 0
-0 -0 0
-0 -0 0
-0 -0 0
-0 -0 0
-0 -0 0
-0 -0 0
-0 -0 0
-0 -0 0
-0 -0 0
-0 -0 0
-0 -0 0
-0 -0 0
-0 -0 0
-0 -0 0
-0 -0 0
-0 -0 0
-0 -0 0
-0 -0 0
-0 -0 0
0 -0 0
0 -0 0
0 -0 0
0 -0 0
0 -0 0
0 -0 0
0 -0 0
0 -0 0
0 -0 0
0 -0 0
0 -0 0
0 -0 0
0 -0 0
0 -0 0
0 -0 0
0 -0 0
0 -0 0
0 -0 0
0 -0 0
0 -0 0
0 -0 0
0 -0 0
0 -0 0
0 -0 0
0 -0 0
0 -0 0
0 -0 0
0 -0 0
0 -0 0
0 -0 0
0 -0 0
0 -0 0
0 -0 0
0 -0 0
0 -0 0
0 -0 0
0 -0 0
0 -0 0
0 -0 0
0 -0 0
0 -0 0
0 -0 0
0 -0 0
0 -0 0
0 -0 0
0 -0 0
0 -0 0
0 -0 0
0 -0 0
0 -0 0
0 -0 0
0 -0 0
0 -0 0
0 -0 0
0 -0 0
0 -0 0
0 -0 0
0 -0 0
0 -0 0
0 -0 0
0 -0 0
0 -0 0
0 -0 0
0 -0 0
0 -0 0
0 -0 0
0 -0 0
0 -0 0
0 -0 0
0 -0 0
0 -0 0
0 -0 0
0 -0 0
0 -0 0
0 -0 0
0 -0 0
0 -0 0
0 -0 0
0 -0 0
-0 -0 0
-0 -0 0
-0 -0 0
-0 -0 0
-0 -0 0
-0 -0 0
-0 -0 0
-0 -0 0
-0 -0 0
-0 -0 0
-0 -0 0
-0 -0 0
-0 -0 0
-0 -0 0
-0 -0 0
-0 -0 0
-0 -0 0
-0 -0 0
-0 -0 0
-0 -0 0
-0 -0 0
-0 -0 0
-0 -0 0
-0 -0 0
-0 -0 0
-0 -0 0
-0 -0 0
-0 -0 0
-0 -0 0
-0 -0 0
-0 -0 0
-0 -0 0
-0 -0 0
-0 -0 0
-0 -0 0
-0 -0 0
-0 -0 0
-0 -0 0
-0 -0 0
-0 -0 0
-0 -0 0
-0 -0 0
-0 -0 0
-0 -0 0
-0 -0 0
-0 -0 0
-0 -0 0
-0 -0 0
-0 -0 0
-0 -0 0
-0 -0 0
-0 -0 0
-0 -0 0
-0 -0 0
-0 -0 0
-0 -0 0
-0 -0 0
-0 -0 0
-0 -0 0
-0 -0 0
-0 -0 0
-0 -0 0
-0 -0 0
-0 -0 0
-0 -0 0
-0 -0 0
-0 -0 0
-0 -0 0
-0 -0 0
-0 -0 0
-0 -0 0
-0 -0 0
-0 -0 0
-0 -0 0
-0 -0 0
-0 -0 0
-0 -0 0
-0 -0 0
-0 -0 0
-0 -0 0
-0 -0 0
0 -0 0
0 -0 0
0 -0 0
0 -0 0
0 -0 0
0 -0 0
0 -0 0
0 -0 0
0 -0 0
0 -0 0
0 -0 0
0 -0 0
0 -0 0
0 -0 0
0 -0 0
0 -0 0
0 -0 0
0 -0 0
0 -0 0
0 -0 0
0 -0 0
0 -0 0
0 -0 0
0 -0 0
0 -0 0
0 -0 0
0 -0 0
0 -0 0
0 -0 0
0 -0 0
0 -0 0
0 -0 0
0 -0 0
0 -0 0
0 -0 0
0 -0 0
0 -0 0
0 -0 0
0 -0 0
0 -0 0
0 -0 0
0 -0 0
0 -0 0
0 -0 0
0 -0 0
0 -0 0
0 -0 0
0 -0 0
0 -0 0
0 -0 0
0 -0 0
0 -0 0
0 -0 0
0 -0 0
0 -0 0
0 -0 0
0 -0 0
0 -0 0
0 -0 0
0 -0 0
0 -0 0
0 -0 0
0 -0 0
0 -0 0
0 -0 0
0 -0 0
0 -0 0
0 -0 0
0 -0 0
0 -0 0
0 -0 0
0 -0 0
0 -0 0
0 -0 0
0 -0 0
0 -0 0
0 -0 0
0 -0 0
0 -0 0
-0 -0 0
-0 -0 0
-0 -0 0
-0 -0 0
-0 -0 0
-0 -0 0
-0 -0 0
-0 -0 0
-0 -0 0
-0 -0 0
-0 -0 0
-0 -0 0
-0 -0 0
-0 -0 0
-0 -0 0
-0 -0 0
-0 -0 0
-0 -0 0
-0 -0 0
-0 -0 0
-0 -0 0
-0 -0 0
-0 -0 0
-0 -0 0
-0 -0 0
-0 -0 0
-0 -0 0
-0 -0 0
-0 -0 0
-0 -0 0
-0 -0 0
-0 -0 0
-0 -0 0
-0 -0 0
-0 -0 0
-0 -0 0
-0 -0 0
-0 -0 0
-0 -0 0
-0 -0 0
-0 -0 0
-0 -0 0
-0 -0 0
-0 -0 0
-0 -0 0
-0 -0 0
-0 -0 0
-0 -0 0
-0 -0 0
-0 -0 0
-0 -0 0
-0 -0 0
-0 -0 0
-0 -0 0
-0 -0 0
-0 -0 0
-0 -0 0
-0 -0 0
-0 -0 0
-0 -0 0
-0 -0 0
-0 -0 0
-0 -0 0
-0 -0 0
-0 -0 0
-0 -0 0
-0 -0 0
-0 -0 0
-0 -0 0
-0 -0 0
-0 -0 0
-0 -0 0
-0 -0 0
-0 -0 0
-0 -0 0
-0 -0 0
-0 -0 0
-0 -0 0
-0 -0 0
-0 -0 0
-0 -0 0
0 -0 0
0 -0 0
0 -0 0
0 -0 0
0 -0 0
0 -0 0
0 -0 0
0 -0 0
0 -0 0
0 -0 0
0 -0 0
0 -0 0
0 -0 0
0 -0 0
0 -0 0
0 -0 0
0 -0 0
0 -0 0
0 -0 0
0 -0 0
0 -0 0
0 -0 0
0 -0 0
0 -0 0
0 -0 0
0 -0 0
0 -0 0
0 -0 0
0 -0 0
0 -0 0
0 -0 0
0 -0 0
0 -0 0
0 -0 0
0 -0 0
0 -0 0
0 -0 0
0 -0 0
0 -0 0
0 -0 0
0 -0 0
0 -0 0
0 -0 0
0 -0 0
0 -0 0
0 -0 0
0 -0 0
0 -0 0
0 -0 0
0 -0 0
0 -0 0
0 -0 0
0 -0 0
0 -0 0
0 -0 0
0 -0 0
0 -0 0
0 -0 0
0 -0 0
0 -0 0
0 -0 0
0 -0 0
0 -0 0
0 -0 0
0 -0 0
0 -0 0
0 -0 0
0 -0 0
0 -0 0
0 -0 0
0 -0 0
0 -0 0
0 -0 0
0 -0 0
0 -0 0
0 -0 0
0 -0 0
0 -0 0
0 -0 0
-0 -0 0
-0 -0 0
-0 -0 0
-0 -0 0
-0 -0 0
-0 -0 0
-0 -0 0
-0 -0 0
-0 -0 0
-0 -0 0
-0 -0 0
-0 -0 0
-0 -0 0
-0 -0 0
-0 -0 0
-0 -0 0
-0 -0 0
-0 -0 0
-0 -0 0
-0 -0 0
-0 -0 0
-0 -0 0
-0 -0 0
-0 -0 0
-0 -0 0
-0 -0 0
-0 -0 0
-0 -0 0
-0 -0 0
-0 -0 0
-0 -0 0
-0 -0 0
-0 -0 0
-0 -0 0
-0 -0 0
-0 -0 0
-0 -0 0
-0 -0 0
-0 -0 0
-0 -0 0
-0 -0 0
-0 -0 0
-0 -0 0
-0 -0 0
-0 -0 0
-0 -0 0
-0 -0 0
-0 -0 0
-0 -0 0
-0 -0 0
-0 -0 0
-0 -0 0
-0 -0 0
-0 -0 0
-0 -0 0
-0 -0 0
-0 -0 0
-0 -0 0
-0 -0 0
-0 -0 0
-0 -0 0
-0 -0 0
-0 -0 0
-0 -0 0
-0 -0 0
-0 -0 0
-0 -0 0
-0 -0 0
-0 -0 0
-0 -0 0
-0 -0 0
-0 -0 0
-0 -0 0
-0 -0 0
-0 -0 0
-0 -0 0
-0 -0 0
-0 -0 0
-0 -0 0
-0 -0 0
-0 -0 0
0 -0 0
0 -0 0
0 -0 0
0 -0 0
0 -0 0
0 -0 0
0 -0 0
0 -0 0
0 -0 0
0 -0 0
0 -0 0
0 -0 0
0 -0 0
0 -0 0
0 -0 0
0 -0 0
0 -0 0
0 -0 0
0 -0 0
0 -0 0
0 -0 0
0 -0 0
0 -0 0
0 -0 0
0 -0 0
0 -0 0
0 -0 0
0 -0 0
0 -0 0
0 -0 0
0 -0 0
0 -0 0
0 -0 0
0 -0 0
0 -0 0
0 -0 0
0 -0 0
0 -0 0
0 -0 0
0 -0 0
0 -0 0
0 -0 0
0 -0 0
0 -0 0
0 -0 0
0 -0 0
0 -0 0
0 -0 0
0 -0 0
0 -0 0
0 -0 0
0 -0 0
0 -0 0
0 -0 0
0 -0 0
0 -0 0
0 -0 0
0 -0 0
0 -0 0
0 -0 0
0 -0 0
0 -0 0
0 -0 0
0 -0 0
0 -0 0
0 -0 0
0 -0 0
0 -0 0
0 -0 0
0 -0 0
0 -0 0
0 -0 0
0 -0 0
0 -0 0
0 -0 0
0 -0 0
0 -0 0
0 -0 0
0 -0 0
-0 -0 0
-0 -0 0
-0 -0 0
-0 -0 0
-0 -0 0
-0 -0 0
-0 -0 0
-0 -0 0
-0 -0 0
-0 -0 0
-0 -0 0
-0 -0 0
-0 -0 0
-0 -0 0
-0 -0 0
-0 -0 0
-0 -0 0
-0 -0 0
-0 -0 0
-0 -0 0
-0 -0 0
-0 -0 0
-0 -0 0
-0 -0 0
-0 -0 0
-0 -0 0
-0 -0 0
-0 -0 0
-0 -0 0
-0 -0 0
-0 -0 0
-0 -0 0
-0 -0 0
-0 -0 0
-0 -0 0
-0 -0 0
-0 -0 0
-0 -0 0
-0 -0 0
-0 -0 0
-0 -0 0
-0 -0 0
-0 -0 0
-0 -0 0
-0 -0 0
-0 -0 0
-0 -0 0
-0 -0 0
-0 -0 0
-0 -0 0
-0 -0 0
-0 -0 0
-0 -0 0
-0 -0 0
-0 -0 0
-0 -0 0
-0 -0 0
-0 -0 0
-0 -0 0
-0 -0 0
-0 -0 0
-0 -0 0
-0 -0 0
-0 -0 0
-0 -0 0
-0 -0 0
-0 -0 0
-0 -0 0
-0 -0 0
-0 -0 0
-0 -0 0
-0 -0 0
-0 -0 0
-0 -0 0
-0 -0 0
-0 -0 0
-0 -0 0
-0 -0 0
-0 -0 0
-0 -0 0
-0 -0 0
0 -0 0
0 -0 0
0 -0 0
0 -0 0
0 -0 0
0 -0 0
0 -0 0
0 -0 0
0 -0 0
0 -0 0
0 -0 0
0 -0 0
0 -0 0
0 -0 0
0 -0 0
0 -0 0
0 -0 0
0 -0 0
0 -0 0
0 -0 0
0 -0 0
0 -0 0
0 -0 0
0 -0 0
0 -0 0
0 -0 0
0 -0 0
0 -0 0
0 -0 0
0 -0 0
0 -0 0
0 -0 0
0 -0 0
0 -0 0
0 -0 0
0 -0 0
0 -0 0
0 -0 0
0 -0 0
0 -0 0
0 -0 0
0 -0 0
0 -0 0
0 -0 0
0 -0 0
0 -0 0
0 -0 0
0 -0 0
0 -0 0
0 -0 0
0 -0 0
0 -0 0
0 -0 0
0 -0 0
0 -0 0
0 -0 0
0 -0 0
0 -0 0
0 -0 0
0 -0 0
0 -0 0
0 -0 0
0 -0 0
0 -0 0
0 -0 0
0 -0 0
0 -0 0
0 -0 0
0 -0 0
0 -0 0
0 -0 0
0 -0 0
0 -0 0
0 -0 0
0 -0 0
0 -0 0
0 -0 0
0 -0 0
0 -0 0
-0 -0 0
-0 -0 0
-0 -0 0
-0 -0 0
-0 -0 0
-0 -0 0
-0 -0 0
-0 -0 0
-0 -0 0
-0 -0 0
-0 -0 0
-0 -0 0
-0 -0 0
-0 -0 0
-0 -0 0
-0 -0 0
-0 -0 0
-0 -0 0
-0 -0 0
-0 -0 0
-0 -0 0
-0 -0 0
-0 -0 0
-0 -0 0
-0 -0 0
-0 -0 0
-0 -0 0
-0 -0 0
-0 -0 0
-0 -0 0
-0 -0 0
-0 -0 0
-0 -0 0
-0 -0 0
-0 -0 0
-0 -0 0
-0 -0 0
-0 -0 0
-0 -0 0
-0 -0 0
-0 -0 0
-0 -0 0
-0 -0 0
-0 -0 0
-0 -0 0
-0 -0 0
-0 -0 0
-0 -0 0
-0 -0 0
-0 -0 0
-0 -0 0
-0 -0 0
-0 -0 0
-0 -0 0
-0 -0 0
-0 -0 0
-0 -0 0
-0 -0 0
-0 -0 0
-0 -0 0
-0 -0 0
-0 -0 0
-0 -0 0
-0 -0 0
-0 -0 0
-0 -0 0
-0 -0 0
-0 -0 0
-0 -0 0
-0 -0 0
-0 -0 0
-0 -0 0
-0 -0 0
-0 -0 0
-0 -0 0
-0 -0 0
-0 -0 0
-0 -0 0
-0 -0 0
-0 -0 0
-0 -0 0
0 -0 0
0 -0 0
0 -0 0
0 -0 0
0 -0 0
0 -0 0
0 -0 0
0 -0 0
0 -0 0
0 -0 0
0 -0 0
0 -0 0
0 -0 0
0 -0 0
0 -0 0
0 -0 0
0 -0 0
0 -0 0
0 -0 0
0 -0 0
0 -0 0
0 -0 0
0 -0 0
0 -0 0
0 -0 0
0 -0 0
0 -0 0
0 -0 0
0 -0 0
0 -0 0
0 -0 0
0 -0 0
0 -0 0
0 -0 0
0 -0 0
0 -0 0
0 -0 0
0 -0 0
0 -0 0
0 -0 0
0 -0 0
0 -0 0
0 -0 0
0 -0 0
0 -0 0
0 -0 0
0 -0 0
0 -0 0
0 -0 0
0 -0 0
0 -0 0
0 -0 0
0 -0 0
0 -0 0
0 -0 0
0 -0 0
0 -0 0
0 -0 0
0 -0 0
0 -0 0
0 -0 0
0 -0 0
0 -0 0
0 -0 0
0 -0 0
0 -0 0
0 -0 0
0 -0 0
0 -0 0
0 -0 0
0 -0 0
0 -0 0
0 -0 0
0 -0 0
0 -0 0
0 -0 0
0 -0 0
0 -0 0
0 -0 0
-0 -0 0
-0 -0 0
-0 -0 0
-0 -0 0
-0 -0 0
-0 -0 0
-0 -0 0
-0 -0 0
-0 -0 0
-0 -0 0
-0 -0 0
-0 -0 0
-0 -0 0
-0 -0 0
-0 -0 0
-0 -0 0
-0 -0 0
-0 -0 0
-0 -0 0
-0 -0 0
-0 -0 0
-0 -0 0
-0 -0 0
-0 -0 0
-0 -0 0
-0 -0 0
-0 -0 0
-0 -0 0
-0 -0 0
-0 -0 0
-0 -0 0
-0 -0 0
-0 -0 0
-0 -0 0
-0 -0 0
-0 -0 0
-0 -0 0
-0 -0 0
-0 -0 0
-0 -0 0
-0 -0 0
-0 -0 0
-0 -0 0
-0 -0 0
-0 -0 0
-0 -0 0
-0 -0 0
-0 -0 0
-0 -0 0
-0 -0 0
-0 -0 0
-0 -0 0
-0 -0 0
-0 -0 0
-0 -0 0
-0 -0 0
-0 -0 0
-0 -0 0
-0 -0 0
-0 -0 0
-0 -0 0
-0 -0 0
-0 -0 0
-0 -0 0
-0 -0 0
-0 -0 0
-0 -0 0
-0 -0 0
-0 -0 0
-0 -0 0
-0 -0 0
-0 -0 0
-0 -0 0
-0 -0 0
-0 -0 0
-0 -0 0
-0 -0 0
-0 -0 0
-0 -0 0
-0 -0 0
-0 -0 0
0 -0 0
0 -0 0
0 -0 0
0 -0 0
0 -0 0
0 -0 0
0 -0 0
0 -0 0
0 -0 0
0 -0 0
0 -0 0
0 -0 0
0 -0 0
0 -0 0
0 -0 0
0 -0 0
0 -0 0
0 -0 0
0 -0 0
0 -0 0
0 -0 0
0 -0 0
0 -0 0
0 -0 0
0 -0 0
0 -0 0
0 -0 0
0 -0 0
0 -0 0
0 -0 0
0 -0 0
0 -0 0
0 -0 0
0 -0 0
0 -0 0
0 -0 0
0 -0 0
0 -0 0
0 -0 0
0 -0 0
0 -0 0
0 -0 0
0 -0 0
0 -0 0
0 -0 0
0 -0 0
0 -0 0
0 -0 0
0 -0 0
0 -0 0
0 -0 0
0 -0 0
0 -0 0
0 -0 0
0 -0 0
0 -0 0
0 -0 0
0 -0 0
0 -0 0
0 -0 0
0 -0 0
0 -0 0
0 -0 0
0 -0 0
0 -0 0
0 -0 0
0 -0 0
0 -0 0
0 -0 0
0 -0 0
0 -0 0
0 -0 0
0 -0 0
0 -0 0
0 -0 0
0 -0 0
0 -0 0
0 -0 0
0 -0 0
-0 -0 0
-0 -0 0
-0 -0 0
-0 -0 0
-0 -0 0
-0 -0 0
-0 -0 0
-0 -0 0
-0 -0 0
-0 -0 0
-0 -0 0
-0 -0 0
-0 -0 0
-0 -0 0
-0 -0 0
-0 -0 0
-0 -0 0
-0 -0 0
-0 -0 0
-0 -0 0
-0 -0 0
-0 -0 0
-0 -0 0
-0 -0 0
-0 -0 0
-0 -0 0
-0 -0 0
-0 -0 0
-0 -0 0
-0 -0 0
-0 -0 0
-0 -0 0
-0 -0 0
-0 -0 0
-0 -0 0
-0 -0 0
-0 -0 0
-0 -0 0
-0 -0 0
-0 -0 0
-0 -0 0
-0 -0 0
-0 -0 0
-0 -0 0
-0 -0 0
-0 -0 0
-0 -0 0
-0 -0 0
-0 -0 0
-0 -0 0
-0 -0 0
-0 -0 0
-0 -0 0
-0 -0 0
-0 -0 0
-0 -0 0
-0 -0 0
-0 -0 0
-0 -0 0
-0 -0 0
-0 -0 0
-0 -0 0
-0 -0 0
-0 -0 0
-0 -0 0
-0 -0 0
-0 -0 0
-0 -0 0
-0 -0 0
-0 -0 0
-0 -0 0
-0 -0 0
-0 -0 0
-0 -0 0
-0 -0 0
-0 -0 0
-0 -0 0
-0 -0 0
-0 -0 0
-0 -0 0
-0 -0 0
0 -0 0
0 -0 0
0 -0 0
0 -0 0
0 -0 0
0 -0 0
0 -0 0
0 -0 0
0 -0 0
0 -0 0
0 -0 0
0 -0 0
0 -0 0
0 -0 0
0 -0 0
0 -0 0
0 -0 0
0 -0 0
0 -0 0
0 -0 0
0 -0 0
0 -0 0
0 -0 0
0 -0 0
0 -0 0
0 -0 0
0 -0 0
0 -0 0
0 -0 0
0 -0 0
0 -0 0
0 -0 0
0 -0 0
0 -0 0
0 -0 0
0 -0 0
0 -0 0
0 -0 0
0 -0 0
0 -0 0
0 -0 0
0 -0 0
0 -0 0
0 -0 0
0 -0 0
0 -0 0
0 -0 0
0 -0 0
0 -0 0
0 -0 0
0 -0 0
0 -0 0
0 -0 0
0 -0 0
0 -0 0
0 -0 0
0 -0 0
0 -0 0
0 -0 0
0 -0 0
0 -0 0
0 -0 0
0 -0 0
0 -0 0
0 -0 0
0 -0 0
0 -0 0
0 -0 0
0 -0 0
0 -0 0
0 -0 0
0 -0 0
0 -0 0
0 -0 0
0 -0 0
0 -0 0
0 -0 0
0 -0 0
0 -0 0
-0 -0 0
-0 -0 0
-0 -0 0
-0 -0 0
-0 -0 0
-0 -0 0
-0 -0 0
-0 -0 0
-0 -0 0
-0 -0 0
-0 -0 0
-0 -0 0
-0 -0 0
-0 -0 0
-0 -0 0
-0 -0 0
-0 -0 0
-0 -0 0
-0 -0 0
-0 -0 0
-0 -0 0
-0 -0 0
-0 -0 0
-0 -0 0
-0 -0 0
-0 -0 0
-0 -0 0
-0 -0 0
-0 -0 0
-0 -0 0
-0 -0 0
-0 -0 0
-0 -0 0
-0 -0 0
-0 -0 0
-0 -0 0
-0 -0 0
-0 -0 0
-0 -0 0
-0 -0 0
-0 -0 0
-0 -0 0
-0 -0 0
-0 -0 0
-0 -0 0
-0 -0 0
-0 -0 0
-0 -0 0
-0 -0 0
-0 -0 0
-0 -0 0
-0 -0 0
-0 -0 0
-0 -0 0
-0 -0 0
-0 -0 0
-0 -0 0
-0 -0 0
-0 -0 0
-0 -0 0
-0 -0 0
-0 -0 0
-0 -0 0
-0 -0 0
-0 -0 0
-0 -0 0
-0 -0 0
-0 -0 0
-0 -0 0
-0 -0 0
-0 -0 0
-0 -0 0
-0 -0 0
-0 -0 0
-0 -0 0
-0 -0 0
-0 -0 0
-0 -0 0
-0 -0 0
-0 -0 0
-0 -0 0
0 -0 0
0 -0 0
0 -0 0
0 -0 0
0 -0 0
0 -0 0
0 -0 0
0 -0 0
0 -0 0
0 -0 0
0 -0 0
0 -0 0
0 -0 0
0 -0 0
0 -0 0
0 -0 0
0 -0 0
0 -0 0
0 -0 0
0 -0 0
0 -0 0
0 -0 0
0 -0 0
0 -0 0
0 -0 0
0 -0 0
0 -0 0
0 -0 0
0 -0 0
0 -0 0
0 -0 0
0 -0 0
0 -0 0
0 -0 0
0 -0 0
0 -0 0
0 -0 0
0 -0 0
0 -0 0
0 -0 0
0 -0 0
0 -0 0
0 -0 0
0 -0 0
0 -0 0
0 -0 0
0 -0 0
0 -0 0
0 -0 0
0 -0 0
0 -0 0
0 -0 0
0 -0 0
0 -0 0
0 -0 0
0 -0 0
0 -0 0
0 -0 0
0 -0 0
0 -0 0
0 -0 0
0 -0 0
0 -0 0
0 -0 0
0 -0 0
0 -0 0
0 -0 0
0 -0 0
0 -0 0
0 -0 0
0 -0 0
0 -0 0
0 -0 0
0 -0 0
0 -0 0
0 -0 0
0 -0 0
0 -0 0
0 -0 0
-0 -0 0
-0 -0 0
-0 -0 0
-0 -0 0
-0 -0 0
-0 -0 0
-0 -0 0
-0 -0 0
-0 -0 0
-0 -0 0
-0 -0 0
-0 -0 0
-0 -0 0
-0 -0 0
-0 -0 0
-0 -0 0
-0 -0 0
-0 -0 0
-0 -0 0
-0 -0 0
-0 -0 0
-0 -0 0
-0 -0 0
-0 -0 0
-0 -0 0
-0 -0 0
-0 -0 0
-0 -0 0
-0 -0 0
-0 -0 0
-0 -0 0
-0 -0 0
-0 -0 0
-0 -0 0
-0 -0 0
-0 -0 0
-0 -0 0
-0 -0 0
-0 -0 0
-0 -0 0
-0 -0 0
-0 -0 0
-0 -0 0
-0 -0 0
-0 -0 0
-0 -0 0
-0 -0 0
-0 -0 0
-0 -0 0
-0 -0 0
-0 -0 0
-0 -0 0
-0 -0 0
-0 -0 0
-0 -0 0
-0 -0 0
-0 -0 0
-0 -0 0
-0 -0 0
-0 -0 0
-0 -0 0
-0 -0 0
-0 -0 0
-0 -0 0
-0 -0 0
-0 -0 0
-0 -0 0
-0 -0 0
-0 -0 0
-0 -0 0
-0 -0 0
-0 -0 0
-0 -0 0
-0 -0 0
-0 -0 0
-0 -0 0
-0 -0 0
-0 -0 0
-0 -0 0
-0 -0 0
-0 -0 0
0 -0 0
0 -0 0
0 -0 0
0 -0 0
0 -0 0
0 -0 0
0 -0 0
0 -0 0
0 -0 0
0 -0 0
0 -0 0
0 -0 0
0 -0 0
0 -0 0
0 -0 0
0 -0 0
0 -0 0
0 -0 0
0 -0 0
0 -0 0
0 -0 0
0 -0 0
0 -0 0
0 -0 0
0 -0 0
0 -0 0
0 -0 0
0 -0 0
0 -0 0
0 -0 0
0 -0 0
0 -0 0
0 -0 0
0 -0 0
0 -0 0
0 -0 0
0 -0 0
0 -0 0
0 -0 0
0 -0 0
0 -0 0
0 -0 0
0 -0 0
0 -0 0
0 -0 0
0 -0 0
0 -0 0
0 -0 0
0 -0 0
0 -0 0
0 -0 0
0 -0 0
0 -0 0
0 -0 0
0 -0 0
0 -0 0
0 -0 0
0 -0 0
0 -0 0
0 -0 0
0 -0 0
0 -0 0
0 -0 0
0 -0 0
0 -0 0
0 -0 0
0 -0 0
0 -0 0
0 -0 0
0 -0 0
0 -0 0
0 -0 0
0 -0 0
0 -0 0
0 -0 0
0 -0 0
0 -0 0
0 -0 0
0 -0 0
-0 -0 0
-0 -0 0
-0 -0 0
-0 -0 0
-0 -0 0
-0 -0 0
-0 -0 0
-0 -0 0
-0 -0 0
-0 -0 0
-0 -0 0
-0 -0 0
-0 -0 0
-0 -0 0
-0 -0 0
-0 -0 0
-0 -0 0
-0 -0 0
-0 -0 0
-0 -0 0
-0 -0 0
-0 -0 0
-0 -0 0
-0 -0 0
-0 -0 0
-0 -0 0
-0 -0 0
-0 -0 0
-0 -0 0
-0 -0 0
-0 -0 0
-0 -0 0
-0 -0 0
-0 -0 0
-0 -0 0
-0 -0 0
-0 -0 0
-0 -0 0
-0 -0 0
-0 -0 0
-0 -0 0
-0 -0 0
-0 -0 0
-0 -0 0
-0 -0 0
-0 -0 0
-0 -0 0
-0 -0 0
-0 -0 0
-0 -0 0
-0 -0 0
-0 -0 0
-0 -0 0
-0 -0 0
-0 -0 0
-0 -0 0
-0 -0 0
-0 -0 0
-0 -0 0
-0 -0 0
-0 -0 0
-0 -0 0
-0 -0 0
-0 -0 0
-0 -0 0
-0 -0 0
-0 -0 0
-0 -0 0
-0 -0 0
-0 -0 0
-0 -0 0
-0 -0 0
-0 -0 0
-0 -0 0
-0 -0 0
-0 -0 0
-0 -0 0
-0 -0 0
-0 -0 0
-0 -0 0
-0 -0 0
0 -0 0
0 -0 0
0 -0 0
0 -0 0
0 -0 0
0 -0 0
0 -0 0
0 -0 0
0 -0 0
0 -0 0
0 -0 0
0 -0 0
0 -0 0
0 -0 0
0 -0 0
0 -0 0
0 -0 0
0 -0 0
0 -0 0
0 -0 0
0 -0 0
0 -0 0
0 -0 0
0 -0 0
0 -0 0
0 -0 0
0 -0 0
0 -0 0
0 -0 0
0 -0 0
0 -0 0
0 -0 0
0 -0 0
0 -0 0
0 -0 0
0 -0 0
0 -0 0
0 -0 0
0 -0 0
0 -0 0
0 -0 0
0 -0 0
0 -0 0
0 -0 0
0 -0 0
0 -0 0
0 -0 0
0 -0 0
0 -0 0
0 -0 0
0 -0 0
0 -0 0
0 -0 0
0 -0 0
0 -0 0
0 -0 0
0 -0 0
0 -0 0
0 -0 0
0 -0 0
0 -0 0
0 -0 0
0 -0 0
0 -0 0
0 -0 0
0 -0 0
0 -0 0
0 -0 0
0 -0 0
0 -0 0
0 -0 0
0 -0 0
0 -0 0
0 -0 0
0 -0 0
0 -0 0
0 -0 0
0 -0 0
0 -0 0
-0 -0 0
-0 -0 0
-0 -0 0
-0 -0 0
-0 -0 0
-0 -0 0
-0 -0 0
-0 -0 0
-0 -0 0
-0 -0 0
-0 -0 0
-0 -0 0
-0 -0 0
-0 -0 0
-0 -0 0
-0 -0 0
-0 -0 0
-0 -0 0
-0 -0 0
-0 -0 0
-0 -0 0
-0 -0 0
-0 -0 0
-0 -0 0
-0 -0 0
-0 -0 0
-0 -0 0
-0 -0 0
-0 -0 0
-0 -0 0
-0 -0 0
-0 -0 0
-0 -0 0
-0 -0 0
-0 -0 0
-0 -0 0
-0 -0 0
-0 -0 0
-0 -0 0
-0 -0 0
-0 -0 0
-0 -0 0
-0 -0 0
-0 -0 0
-0 -0 0
-0 -0 0
-0 -0 0
-0 -0 0
-0 -0 0
-0 -0 0
-0 -0 0
-0 -0 0
-0 -0 0
-0 -0 0
-0 -0 0
-0 -0 0
-0 -0 0
-0 -0 0
-0 -0 0
-0 -0 0
-0 -0 0
-0 -0 0
-0 -0 0
-0 -0 0
-0 -0 0
-0 -0 0
-0 -0 0
-0 -0 0
-0 -0 0
-0 -0 0
-0 -0 0
-0 -0 0
-0 -0 0
-0 -0 0
-0 -0 0
-0 -0 0
-0 -0 0
-0 -0 0
-0 -0 0
-0 -0 0
-0 -0 0
0 -0 0
0 -0 0
0 -0 0
0 -0 0
0 -0 0
0 -0 0
0 -0 0
0 -0 0
0 -0 0
0 -0 0
0 -0 0
0 -0 0
0 -0 0
0 -0 0
0 -0 0
0 -0 0
0 -0 0
0 -0 0
0 -0 0
0 -0 0
0 -0 0
0 -0 0
0 -0 0
0 -0 0
0 -0 0
0 -0 0
0 -0 0
0 -0 0
0 -0 0
0 -0 0
0 -0 0
0 -0 0
0 -0 0
0 -0 0
0 -0 0
0 -0 0
0 -0 0
0 -0 0
0 -0 0
0 -0 0
0 -0 0
0 -0 0
0 -0 0
0 -0 0
0 -0 0
0 -0 0
0 -0 0
0 -0 0
0 -0 0
0 -0 0
0 -0 0
0 -0 0
0 -0 0
0 -0 0
0 -0 0
0 -0 0
0 -0 0
0 -0 0
0 -0 0
0 -0 0
0 -0 0
0 -0 0
0 -0 0
0 -0 0
0 -0 0
0 -0 0
0 -0 0
0 -0 0
0 -0 0
0 -0 0
0 -0 0
0 -0 0
0 -0 0
0 -0 0
0 -0 0
0 -0 0
0 -0 0
0 -0 0
0 -0 0
-0 -0 0
-0 -0 0
-0 -0 0
-0 -0 0
-0 -0 0
-0 -0 0
-0 -0 0
-0 -0 0
-0 -0 0
-0 -0 0
-0 -0 0
-0 -0 0
-0 -0 0
-0 -0 0
-0 -0 0
-0 -0 0
-0 -0 0
-0 -0 0
-0 -0 0
-0 -0 0
-0 -0 0
-0 -0 0
-0 -0 0
-0 -0 0
-0 -0 0
-0 -0 0
-0 -0 0
-0 -0 0
-0 -0 0
-0 -0 0
-0 -0 0
-0 -0 0
-0 -0 0
-0 -0 0
-0 -0 0
-0 -0 0
-0 -0 0
-0 -0 0
-0 -0 0
-0 -0 0
-0 -0 0
-0 -0 0
-0 -0 0
-0 -0 0
-0 -0 0
-0 -0 0
-0 -0 0
-0 -0 0
-0 -0 0
-0 -0 0
-0 -0 0
-0 -0 0
-0 -0 0
-0 -0 0
-0 -0 0
-0 -0 0
-0 -0 0
-0 -0 0
-0 -0 0
-0 -0 0
-0 -0 0
-0 -0 0
-0 -0 0
-0 -0 0
-0 -0 0
-0 -0 0
-0 -0 0
-0 -0 0
-0 -0 0
-0 -0 0
-0 -0 0
-0 -0 0
-0 -0 0
-0 -0 0
-0 -0 0
-0 -0 0
-0 -0 0
-0 -0 0
-0 -0 0
-0 -0 0
-0 -0 0
0 -0 0
0 -0 0
0 -0 0
0 -0 0
0 -0 0
0 -0 0
0 -0 0
0 -0 0
0 -0 0
0 -0 0
0 -0 0
0 -0 0
0 -0 0
0 -0 0
0 -0 0
0 -0 0
0 -0 0
0 -0 0
0 -0 0
0 -0 0
0 -0 0
0 -0 0
0 -0 0
0 -0 0
0 -0 0
0 -0 0
0 -0 0
0 -0 0
0 -0 0
0 -0 0
0 -0 0
0 -0 0
0 -0 0
0 -0 0
0 -0 0
0 -0 0
0 -0 0
0 -0 0
0 -0 0
0 -0 0
0 -0 0
0 -0 0
0 -0 0
0 -0 0
0 -0 0
0 -0 0
0 -0 0
0 -0 0
0 -0 0
0 -0 0
0 -0 0
0 -0 0
0 -0 0
0 -0 0
0 -0 0
0 -0 0
0 -0 0
0 -0 0
0 -0 0
0 -0 0
0 -0 0
0 -0 0
0 -0 0
0 -0 0
0 -0 0
0 -0 0
0 -0 0
0 -0 0
0 -0 0
0 -0 0
0 -0 0
0 -0 0
0 -0 0
0 -0 0
0 -0 0
0 -0 0
0 -0 0
0 -0 0
0 -0 0
-0 -0 0
-0 -0 0
-0 -0 0
-0 -0 0
-0 -0 0
-0 -0 0
-0 -0 0
-0 -0 0
-0 -0 0
-0 -0 0
-0 -0 0
-0 -0 0
-0 -0 0
-0 -0 0
-0 -0 0
-0 -0 0
-0 -0 0
-0 -0 0
-0 -0 0
-0 -0 0
-0 -0 0
-0 -0 0
-0 -0 0
-0 -0 0
-0 -0 0
-0 -0 0
-0 -0 0
-0 -0 0
-0 -0 0
-0 -0 0
-0 -0 0
-0 -0 0
-0 -0 0
-0 -0 0
-0 -0 0
-0 -0 0
-0 -0 0
-0 -0 0
-0 -0 0
-0 -0 0
-0 -0 0
-0 -0 0
-0 -0 0
-0 -0 0
-0 -0 0
-0 -0 0
-0 -0 0
-0 -0 0
-0 -0 0
-0 -0 0
-0 -0 0
-0 -0 0
-0 -0 0
-0 -0 0
-0 -0 0
-0 -0 0
-0 -0 0
-0 -0 0
-0 -0 0
-0 -0 0
-0 -0 0
-0 -0 0
-0 -0 0
-0 -0 0
-0 -0 0
-0 -0 0
-0 -0 0
-0 -0 0
-0 -0 0
-0 -0 0
-0 -0 0
-0 -0 0
-0 -0 0
-0 -0 0
-0 -0 0
-0 -0 0
-0 -0 0
-0 -0 0
-0 -0 0
-0 -0 0
-0 -0 0
0 -0 0
0 -0 0
0 -0 0
0 -0 0
0 -0 0
0 -0 0
0 -0 0
0 -0 0
0 -0 0
0 -0 0
0 -0 0
0 -0 0
0 -0 0
0 -0 0
0 -0 0
0 -0 0
0 -0 0
0 -0 0
0 -0 0
0 -0 0
0 -0 0
0 -0 0
0 -0 0
0 -0 0
0 -0 0
0 -0 0
0 -0 0
0 -0 0
0 -0 0
0 -0 0
0 -0 0
0 -0 0
0 -0 0
0 -0 0
0 -0 0
0 -0 0
0 -0 0
0 -0 0
0 -0 0
0 -0 0
0 -0 0
0 -0 0
0 -0 0
0 -0 0
0 -0 0
0 -0 0
0 -0 0
0 -0 0
0 -0 0
0 -0 0
0 -0 0
0 -0 0
0 -0 0
0 -0 0
0 -0 0
0 -0 0
0 -0 0
0 -0 0
0 -0 0
0 -0 0
0 -0 0
0 -0 0
0 -0 0
0 -0 0
0 -0 0
0 -0 0
0 -0 0
0 -0 0
0 -0 0
0 -0 0
0 -0 0
0 -0 0
0 -0 0
0 -0 0
0 -0 0
0 -0 0
0 -0 0
0 -0 0
0 -0 0
-0 -0 0
-0 -0 0
-0 -0 0
-0 -0 0
-0 -0 0
-0 -0 0
-0 -0 0
-0 -0 0
-0 -0 0
-0 -0 0
-0 -0 0
-0 -0 0
-0 -0 0
-0 -0 0
-0 -0 0
-0 -0 0
-0 -0 0
-0 -0 0
-0 -0 0
-0 -0 0
-0 -0 0
-0 -0 0
-0 -0 0
-0 -0 0
-0 -0 0
-0 -0 0
-0 -0 0
-0 -0 0
-0 -0 0
-0 -0 0
-0 -0 0
-0 -0 0
-0 -0 0
-0 -0 0
-0 -0 0
-0 -0 0
-0 -0 0
-0 -0 0
-0 -0 0
-0 -0 0
-0 -0 0
-0 -0 0
-0 -0 0
-0 -0 0
-0 -0 0
-0 -0 0
-0 -0 0
-0 -0 0
-0 -0 0
-0 -0 0
-0 -0 0
-0 -0 0
-0 -0 0
-0 -0 0
-0 -0 0
-0 -0 0
-0 -0 0
-0 -0 0
-0 -0 0
-0 -0 0
-0 -0 0
-0 -0 0
-0 -0 0
-0 -0 0
-0 -0 0
-0 -0 0
-0 -0 0
-0 -0 0
-0 -0 0
-0 -0 0
-0 -0 0
-0 -0 0
-0 -0 0
-0 -0 0
-0 -0 0
-0 -0 0
-0 -0 0
-0 -0 0
-0 -0 0
-0 -0 0
-0 -0 0
0 -0 0
0 -0 0
0 -0 0
0 -0 0
0 -0 0
0 -0 0
0 -0 0
0 -0 0
0 -0 0
0 -0 0
0 -0 0
0 -0 0
0 -0 0
0 -0 0
0 -0 0
0 -0 0
0 -0 0
0 -0 0
0 -0 0
0 -0 0
0 -0 0
0 -0 0
0 -0 0
0 -0 0
0 -0 0
0 -0 0
0 -0 0
0 -0 0
0 -0 0
0 -0 0
0 -0 0
0 -0 0
0 -0 0
0 -0 0
0 -0 0
0 -0 0
0 -0 0
0 -0 0
0 -0 0
0 -0 0
0 -0 0
0 -0 0
0 -0 0
0 -0 0
0 -0 0
0 -0 0
0 -0 0
0 -0 0
0 -0 0
0 -0 0
0 -0 0
0 -0 0
0 -0 0
0 -0 0
0 -0 0
0 -0 0
0 -0 0
0 -0 0
0 -0 0
0 -0 0
0 -0 0
0 -0 0
0 -0 0
0 -0 0
0 -0 0
0 -0 0
0 -0 0
0 -0 0
0 -0 0
0 -0 0
0 -0 0
0 -0 0
0 -0 0
0 -0 0
0 -0 0
0 -0 0
0 -0 0
0 -0 0
0 -0 0
-0 -0 0
-0 -0 0
-0 -0 0
-0 -0 0
-0 -0 0
-0 -0 0
-0 -0 0
-0 -0 0
-0 -0 0
-0 -0 0
-0 -0 0
-0 -0 0
-0 -0 0
-0 -0 0
-0 -0 0
-0 -0 0
-0 -0 0
-0 -0 0
-0 -0 0
-0 -0 0
-0 -0 0
-0 -0 0
-0 -0 0
-0 -0 0
-0 -0 0
-0 -0 0
-0 -0 0
-0 -0 0
-0 -0 0
-0 -0 0
-0 -0 0
-0 -0 0
-0 -0 0
-0 -0 0
-0 -0 0
-0 -0 0
-0 -0 0
-0 -0 0
-0 -0 0
-0 -0 0
-0 -0 0
-0 -0 0
-0 -0 0
-0 -0 0
-0 -0 0
-0 -0 0
-0 -0 0
-0 -0 0
-0 -0 0
-0 -0 0
-0 -0 0
-0 -0 0
-0 -0 0
-0 -0 0
-0 -0 0
-0 -0 0
-0 -0 0
-0 -0 0
-0 -0 0
-0 -0 0
-0 -0 0
-0 -0 0
-0 -0 0
-0 -0 0
-0 -0 0
-0 -0 0
-0 -0 0
-0 -0 0
-0 -0 0
-0 -0 0
-0 -0 0
-0 -0 0
-0 -0 0
-0 -0 0
-0 -0 0
-0 -0 0
-0 -0 0
-0 -0 0
-0 -0 0
-0 -0 0
-0 -0 0
0 -0 0
0 -0 0
0 -0 0
0 -0 0
0 -0 0
0 -0 0
0 -0 0
0 -0 0
0 -0 0
0 -0 0
0 -0 0
0 -0 0
0 -0 0
0 -0 0
0 -0 0
0 -0 0
0 -0 0
0 -0 0
0 -0 0
0 -0 0
0 -0 0
0 -0 0
0 -0 0
0 -0 0
0 -0 0
0.1736569 -0.30471644 0.78000003
0.18053813 -0.3048141 0.78025001
0 -0 0
0 -0 0
0 -0 0
0 -0 0
0 -0 0
0 -0 0
0 -0 0
0 -0 0
0 -0 0
0 -0 0
0 -0 0
0 -0 0
0 -0 0
0 -0 0
0 -0 0
0 -0 0
0 -0 0
0 -0 0
0 -0 0
0 -0 0
0 -0 0
0 -0 0
0 -0 0
0 -0 0
0 -0 0
0 -0 0
0 -0 0
0 -0 0
0 -0 0
0 -0 0
0 -0 0
0 -0 0
0 -0 0
0 -0 0
0 -0 0
0 -0 0
0 -0 0
0 -0 0
0 -0 0
0 -0 0
0 -0 0
0 -0 0
0 -0 0
0 -0 0
0 -0 0
0 -0 0
0 -0 0
0 -0 0
0 -0 0
0 -0 0
0 -0 0
0 -0 0
-0 -0 0
-0 -0 0
-0 -0 0
-0 -0 0
-0 -0 0
-0 -0 0
-0 -0 0
-0 -0 0
-0 -0 0
-0 -0 0
-0 -0 0
-0 -0 0
-0 -0 0
-0 -0 0
-0 -0 0
-0 -0 0
-0 -0 0
-0 -0 0
-0 -0 0
-0 -0 0
-0 -0 0
-0 -0 0
-0 -0 0
-0 -0 0
-0 -0 0
-0 -0 0
-0 -0 0
-0 -0 0
-0 -0 0
-0 -0 0
-0 -0 0
-0 -0 0
-0 -0 0
-0 -0 0
-0 -0 0
-0 -0 0
-0 -0 0
-0 -0 0
-0 -0 0
-0 -0 0
-0 -0 0
-0 -0 0
-0 -0 0
-0 -0 0
-0 -0 0
-0 -0 0
-0 -0 0
-0 -0 0
-0 -0 0
-0 -0 0
-0 -0 0
-0 -0 0
-0 -0 0
-0 -0 0
-0 -0 0
-0 -0 0
-0 -0 0
-0 -0 0
-0 -0 0
-0 -0 0
-0 -0 0
-0 -0 0
-0 -0 0
-0 -0 0
-0 -0 0
-0 -0 0
-0 -0 0
-0 -0 0
-0 -0 0
-0 -0 0
-0 -0 0
-0 -0 0
-0 -0 0
-0 -0 0
-0 -0 0
-0 -0 0
-0 -0 0
-0 -0 0
-0 -0 0
-0 -0 0
-0 -0 0
0 -0 0
0 -0 0
0 -0 0
0 -0 0
0 -0 0
0 -0 0
0 -0 0
0 -0 0
0 -0 0
0 -0 0
0 -0 0
0 -0 0
0 -0 0
0 -0 0
0 -0 0
0 -0 0
0 -0 0
0 -0 0
0 -0 0
0 -0 0
0 -0 0
0 -0 0
0 -0 0
0 -0 0
0.16726127 -0.29866213 0.78200006
0 -0 0
0 -0 0
0 -0 0
0 -0 0
0 -0 0
0 -0 0
0 -0 0
0 -0 0
0 -0 0
0 -0 0
0 -0 0
0 -0 0
0 -0 0
0 -0 0
0 -0 0
0 -0 0
0 -0 0
0 -0 0
0 -0 0
0 -0 0
0 -0 0
0 -0 0
0 -0 0
0 -0 0
0 -0 0
0 -0 0
0 -0 0
0 -0 0
0 -0 0
0 -0 0
0 -0 0
0 -0 0
0 -0 0
0 -0 0
0 -0 0
0 -0 0
0 -0 0
0 -0 0
0 -0 0
0 -0 0
0 -0 0
0 -0 0
0 -0 0
0 -0 0
0 -0 0
0 -0 0
0 -0 0
0 -0 0
0 -0 0
0 -0 0
0 -0 0
0 -0 0
0 -0 0
0 -0 0
-0 -0 0
-0 -0 0
-0 -0 0
-0 -0 0
-0 -0 0
-0 -0 0
-0 -0 0
-0 -0 0
-0 -0 0
-0 -0 0
-0 -0 0
-0 -0 0
-0 -0 0
-0 -0 0
-0 -0 0
-0 -0 0
-0 -0 0
-0 -0 0
-0 -0 0
-0 -0 0
-0 -0 0
-0 -0 0
-0 -0 0
-0 -0 0
-0 -0 0
-0 -0 0
-0 -0 0
-0 -0 0
-0 -0 0
-0 -0 0
-0 -0 0
-0 -0 0
-0 -0 0
-0 -0 0
-0 -0 0
-0 -0 0
-0 -0 0
-0 -0 0
-0 -0 0
-0 -0 0
-0 -0 0
-0 -0 0
-0 -0 0
-0 -0 0
-0 -0 0
-0 -0 0
-0 -0 0
-0 -0 0
-0 -0 0
-0 -0 0
-0 -0 0
-0 -0 0
-0 -0 0
-0 -0 0
-0 -0 0
-0 -0 0
-0 -0 0
-0 -0 0
-0 -0 0
-0 -0 0
-0 -0 0
-0 -0 0
-0 -0 0
-0 -0 0
-0 -0 0
-0 -0 0
-0 -0 0
-0 -0 0
-0 -0 0
-0 -0 0
-0 -0 0
-0 -0 0
-0 -0 0
-0 -0 0
-0 -0 0
-0 -0 0
-0 -0 0
-0 -0 0
-0 -0 0
-0 -0 0
-0 -0 0
0 -0 0
0 -0 0
0 -0 0
0 -0 0
0 -0 0
0 -0 0
0 -0 0
0 -0 0
0 -0 0
0 -0 0
0 -0 0
0 -0 0
0 -0 0
0 -0 0
0 -0 0
0 -0 0
0 -0 0
0 -0 0
0 -0 0
0 -0 0
0 -0 0
0 -0 0
0 -0 0
0 -0 0
0.16752863 -0.29229295 0.78325003
0.17421348 -0.29201305 0.78250003
0 -0 0
0 -0 0
0 -0 0
0 -0 0
0 -0 0
0 -0 0
0 -0 0
0 -0 0
0 -0 0
0 -0 0
0 -0 0
0 -0 0
0 -0 0
0 -0 0
0 -0 0
0 -0 0
0 -0 0
0 -0 0
0 -0 0
0 -0 0
0 -0 0
0 -0 0
0 -0 0
0 -0 0
0 -0 0
0 -0 0
0 -0 0
0 -0 0
0 -0 0
0 -0 0
0 -0 0
0 -0 0
0 -0 0
0 -0 0
0 -0 0
0 -0 0
0 -0 0
0 -0 0
0 -0 0
0 -0 0
0 -0 0
0 -0 0
0 -0 0
0 -0 0
0 -0 0
0 -0 0
0 -0 0
0 -0 0
0 -0 0
0 -0 0
0 -0 0
0 -0 0
0 -0 0
-0 -0 0
-0 -0 0
-0 -0 0
-0 -0 0
-0 -0 0
-0 -0 0
-0 -0 0
-0 -0 0
-0 -0 0
-0 -0 0
-0 -0 0
-0 -0 0
-0 -0 0
-0 -0 0
-0 -0 0
-0 -0 0
-0 -0 0
-0 -0 0
-0 -0 0
-0 -0 0
-0 -0 0
-0 -0 0
-0 -0 0
-0 -0 0
-0 -0 0
-0 -0 0
-0 -0 0
-0 -0 0
-0 -0 0
-0 -0 0
-0 -0 0
-0 -0 0
-0 -0 0
-0 -0 0
-0 -0 0
-0 -0 0
-0 -0 0
-0 -0 0
-0 -0 0
-0 -0 0
-0 -0 0
-0 -0 0
-0 -0 0
-0 -0 0
-0 -0 0
-0 -0 0
-0 -0 0
-0 -0 0
-0 -0 0
-0 -0 0
-0 -0 0
-0 -0 0
-0 -0 0
-0 -0 0
-0 -0 0
-0 -0 0
-0 -0 0
-0 -0 0
-0 -0 0
-0 -0 0
-0 -0 0
-0 -0 0
-0 -0 0
-0 -0 0
-0 -0 0
-0 -0 0
-0 -0 0
-0 -0 0
-0 -0 0
-0 -0 0
-0 -0 0
-0 -0 0
-0 -0 0
-0 -0 0
-0 -0 0
-0 -0 0
-0 -0 0
-0 -0 0
-0 -0 0
-0 -0 0
-0 -0 0
0 -0 0
0 -0 0
0 -0 0
0 -0 0
0 -0 0
0 -0 0
0 -0 0
0 -0 0
0 -0 0
0 -0 0
0 -0 0
0 -0 0
0 -0 0
0 -0 0
0 -0 0
0 -0 0
0 -0 0
0 -0 0
0 -0 0
0 -0 0
0 -0 0
0 -0 0
0.1555434 -0.28863522 0.79200006
0.16144608 -0.28681302 0.78700006
0.16838418 -0.28690413 0.78725004
0.17521535 -0.28681302 0.78700006
0 -0 0
0 -0 0
0 -0 0
0 -0 0
0 -0 0
0 -0 0
0 -0 0
0 -0 0
0 -0 0
0 -0 0
0 -0 0
0 -0 0
0 -0 0
0 -0 0
0 -0 0
0 -0 0
0 -0 0
0 -0 0
0 -0 0
0 -0 0
0 -0 0
0 -0 0
0 -0 0
0 -0 0
0 -0 0
0 -0 0
0 -0 0
0 -0 0
0 -0 0
0 -0 0
0 -0 0
0 -0 0
0 -0 0
0 -0 0
0 -0 0
0 -0 0
0 -0 0
0 -0 0
0 -0 0
0 -0 0
0 -0 0
0 -0 0
0 -0 0
0 -0 0
0 -0 0
0 -0 0
0 -0 0
0 -0 0
0 -0 0
0 -0 0
0 -0 0
0 -0 0
0 -0 0
-0 -0 0
-0 -0 0
-0 -0 0
-0 -0 0
-0 -0 0
-0 -0 0
-0 -0 0
-0 -0 0
-0 -0 0
-0 -0 0
-0 -0 0
-0 -0 0
-0 -0 0
-0 -0 0
-0 -0 0
-0 -0 0
-0 -0 0
-0 -0 0
-0 -0 0
-0 -0 0
-0 -0 0
-0 -0 0
-0 -0 0
-0 -0 0
-0 -0 0
-0 -0 0
-0 -0 0
-0 -0 0
-0 -0 0
-0 -0 0
-0 -0 0
-0 -0 0
-0 -0 0
-0 -0 0
-0 -0 0
-0 -0 0
-0 -0 0
-0 -0 0
-0 -0 0
-0 -0 0
-0 -0 0
-0 -0 0
-0 -0 0
-0 -0 0
-0 -0 0
-0 -0 0
-0 -0 0
-0 -0 0
-0 -0 0
-0 -0 0
-0 -0 0
-0 -0 0
-0 -0 0
-0 -0 0
-0 -0 0
-0 -0 0
-0 -0 0
-0 -0 0
-0 -0 0
-0 -0 0
-0 -0 0
-0 -0 0
-0 -0 0
-0 -0 0
-0 -0 0
-0 -0 0
-0 -0 0
-0 -0 0
-0 -0 0
-0 -0 0
-0 -0 0
-0 -0 0
-0 -0 0
-0 -0 0
-0 -0 0
-0 -0 0
-0 -0 0
-0 -0 0
-0 -0 0
-0 -0 0
-0 -0 0
0 -0 0
0 -0 0
0 -0 0
0 -0 0
0 -0 0
0 -0 0
0 -0 0
0 -0 0
0 -0 0
0 -0 0
0 -0 0
0 -0 0
0 -0 0
0 -0 0
0 -0 0
0 -0 0
0 -0 0
0 -0 0
0 -0 0
0 -0 0
0 -0 0
0 -0 0
0 -0 0
0 -0 0
0 -0 0
0 -0 0
0 -0 0
0 -0 0
0 -0 0
0 -0 0
0 -0 0
0 -0 0
0 -0 0
0 -0 0
0 -0 0
0 -0 0
0 -0 0
0 -0 0
0 -0 0
0 -0 0
0 -0 0
0 -0 0
0 -0 0
0 -0 0
0 -0 0
0 -0 0
0 -0 0
0 -0 0
0 -0 0
0 -0 0
0 -0 0
0 -0 0
0 -0 0
0 -0 0
0 -0 0
0 -0 0
0 -0 0
0 -0 0
0 -0 0
0 -0 0
0 -0 0
0 -0 0
0 -0 0
0 -0 0
0 -0 0
0 -0 0
0 -0 0
0 -0 0
0 -0 0
0 -0 0
0 -0 0
0 -0 0
0 -0 0
0 -0 0
0 -0 0
0 -0 0
0 -0 0
0 -0 0
0 -0 0
-0 -0 0
-0 -0 0
-0 -0 0
-0 -0 0
-0 -0 0
-0 -0 0
-0 -0 0
-0 -0 0
-0 -0 0
-0 -0 0
-0 -0 0
-0 -0 0
-0 -0 0
-0 -0 0
-0 -0 0
-0 -0 0
-0 -0 0
-0 -0 0
-0 -0 0
-0 -0 0
-0 -0 0
-0 -0 0
-0 -0 0
-0 -0 0
-0 -0 0
-0 -0 0
-0 -0 0
-0 -0 0
-0 -0 0
-0 -0 0
-0 -0 0
-0 -0 0
-0 -0 0
-0 -0 0
-0 -0 0
-0 -0 0
-0 -0 0
-0 -0 0
-0 -0 0
-0 -0 0
-0 -0 0
-0 -0 0
-0 -0 0
-0 -0 0
-0 -0 0
-0 -0 0
-0 -0 0
-0 -0 0
-0 -0 0
-0 -0 0
-0 -0 0
-0 -0 0
-0 -0 0
-0 -0 0
-0 -0 0
-0 -0 0
-0 -0 0
-0 -0 0
-0 -0 0
-0 -0 0
-0 -0 0
-0 -0 0
-0 -0 0
-0 -0 0
-0 -0 0
-0 -0 0
-0 -0 0
-0 -0 0
-0 -0 0
-0 -0 0
-0 -0 0
-0 -0 0
-0 -0 0
-0 -0 0
-0 -0 0
-0 -0 0
-0 -0 0
-0 -0 0
-0 -0 0
-0 -0 0
-0 -0 0
0 -0 0
0 -0 0
0 -0 0
0 -0 0
0 -0 0
0 -0 0
0 -0 0
0 -0 0
0 -0 0
0 -0 0
0 -0 0
0 -0 0
0 -0 0
0 -0 0
0 -0 0
0 -0 0
0 -0 0
0 -0 0
0 -0 0
0 -0 0
0 -0 0
0 -0 0
0 -0 0
0 -0 0
0 -0 0
0 -0 0
0 -0 0
0 -0 0
0 -0 0
0 -0 0
0 -0 0
0 -0 0
0 -0 0
0 -0 0
0 -0 0
0 -0 0
0 -0 0
0 -0 0
0 -0 0
0 -0 0
0 -0 0
0 -0 0
0 -0 0
0 -0 0
0 -0 0
0 -0 0
0 -0 0
0 -0 0
0 -0 0
0 -0 0
0 -0 0
0 -0 0
0 -0 0
0 -0 0
0 -0 0
0 -0 0
0 -0 0
0 -0 0
0 -0 0
0 -0 0
0 -0 0
0 -0 0
0 -0 0
0 -0 0
0 -0 0
0 -0 0
0 -0 0
0 -0 0
0 -0 0
0 -0 0
0 -0 0
0 -0 0
0 -0 0
0 -0 0
0 -0 0
0 -0 0
0 -0 0
0 -0 0
0 -0 0
-0 -0 0
-0 -0 0
-0 -0 0
-0 -0 0
-0 -0 0
-0 -0 0
-0 -0 0
-0 -0 0
-0 -0 0
-0 -0 0
-0 -0 0
-0 -0 0
-0 -0 0
-0 -0 0
-0 -0 0
-0 -0 0
-0 -0 0
-0 -0 0
-0 -0 0
-0 -0 0
-0 -0 0
-0 -0 0
-0 -0 0
-0 -0 0
-0 -0 0
-0 -0 0
-0 -0 0
-0 -0 0
-0 -0 0
-0 -0 0
-0 -0 0
-0 -0 0
-0 -0 0
-0 -0 0
-0 -0 0
-0 -0 0
-0 -0 0
-0 -0 0
-0 -0 0
-0 -0 0
-0 -0 0
-0 -0 0
-0 -0 0
-0 -0 0
-0 -0 0
-0 -0 0
-0 -0 0
-0 -0 0
-0 -0 0
-0 -0 0
-0 -0 0
-0 -0 0
-0 -0 0
-0 -0 0
-0 -0 0
-0 -0 0
-0 -0 0
-0 -0 0
-0 -0 0
-0 -0 0
-0 -0 0
-0 -0 0
-0 -0 0
-0 -0 0
-0 -0 0
-0 -0 0
-0 -0 0
-0 -0 0
-0 -0 0
-0 -0 0
-0 -0 0
-0 -0 0
-0 -0 0
-0 -0 0
-0 -0 0
-0 -0 0
-0 -0 0
-0 -0 0
-0 -0 0
-0 -0 0
-0 -0 0
0 -0 0
0 -0 0
0 -0 0
0 -0 0
0 -0 0
0 -0 0
0 -0 0
0 -0 0
0 -0 0
0 -0 0
0 -0 0
0 -0 0
0 -0 0
0 -0 0
0 -0 0
0 -0 0
0 -0 0
0 -0 0
0 -0 0
0 -0 0
0 -0 0
0 -0 0
0 -0 0
0 -0 0
0 -0 0
0 -0 0
0 -0 0
0 -0 0
0 -0 0
0 -0 0
0 -0 0
0 -0 0
0 -0 0
0 -0 0
0 -0 0
0 -0 0
0 -0 0
0 -0 0
0 -0 0
0 -0 0
0 -0 0
0 -0 0
0 -0 0
0 -0 0
0 -0 0
0 -0 0
0 -0 0
0 -0 0
0 -0 0
0 -0 0
0 -0 0
0 -0 0
0 -0 0
0 -0 0
0 -0 0
0 -0 0
0 -0 0
0 -0 0
0 -0 0
0 -0 0
0 -0 0
0 -0 0
0 -0 0
0 -0 0
0 -0 0
0 -0 0
0 -0 0
0 -0 0
0 -0 0
0 -0 0
0 -0 0
0 -0 0
0 -0 0
0 -0 0
0 -0 0
0 -0 0
0 -0 0
0 -0 0
0 -0 0
-0 -0 0
-0 -0 0
-0 -0 0
-0 -0 0
-0 -0 0
-0 -0 0
-0 -0 0
-0 -0 0
-0 -0 0
-0 -0 0
-0 -0 0
-0 -0 0
-0 -0 0
-0 -0 0
-0 -0 0
-0 -0 0
-0 -0 0
-0 -0 0
-0 -0 0
-0 -0 0
-0 -0 0
-0 -0 0
-0 -0 0
-0 -0 0
-0 -0 0
-0 -0 0
-0 -0 0
-0 -0 0
-0 -0 0
-0 -0 0
-0 -0 0
-0 -0 0
-0 -0 0
-0 -0 0
-0 -0 0
-0 -0 0
-0 -0 0
-0 -0 0
-0 -0 0
-0 -0 0
-0 -0 0
-0 -0 0
-0 -0 0
-0 -0 0
-0 -0 0
-0 -0 0
-0 -0 0
-0 -0 0
-0 -0 0
-0 -0 0
-0 -0 0
-0 -0 0
-0 -0 0
-0 -0 0
-0 -0 0
-0 -0 0
-0 -0 0
-0 -0 0
-0 -0 0
-0 -0 0
-0 -0 0
-0 -0 0
-0 -0 0
-0 -0 0
-0 -0 0
-0 -0 0
-0 -0 0
-0 -0 0
-0 -0 0
-0 -0 0
-0 -0 0
-0 -0 0
-0 -0 0
-0 -0 0
-0 -0 0
-0 -0 0
-0 -0 0
-0 -0 0
-0 -0 0
-0 -0 0
-0 -0 0
0 -0 0
0 -0 0
0 -0 0
0 -0 0
0 -0 0
0 -0 0
0 -0 0
0 -0 0
0 -0 0
0 -0 0
0 -0 0
0 -0 0
0 -0 0
0 -0 0
0 -0 0
0 -0 0
0 -0 0
0 -0 0
0 -0 0
0 -0 0
0 -0 0
0 -0 0
0 -0 0
0 -0 0
0 -0 0
0 -0 0
0 -0 0
0 -0 0
0 -0 0
0 -0 0
0 -0 0
0 -0 0
0 -0 0
0 -0 0
0 -0 0
0 -0 0
0 -0 0
0 -0 0
0 -0 0
0 -0 0
0 -0 0
0 -0 0
0 -0 0
0 -0 0
0 -0 0
0 -0 0
0 -0 0
0 -0 0
0 -0 0
0 -0 0
0 -0 0
0 -0 0
0 -0 0
0 -0 0
0 -0 0
0 -0 0
0 -0 0
0 -0 0
0 -0 0
0 -0 0
0 -0 0
0 -0 0
0 -0 0
0 -0 0
0 -0 0
0 -0 0
0 -0 0
0 -0 0
0 -0 0
0 -0 0
0 -0 0
0 -0 0
0 -0 0
0 -0 0
0 -0 0
0 -0 0
0 -0 0
0 -0 0
0 -0 0
-0 -0 0
-0 -0 0
-0 -0 0
-0 -0 0
-0 -0 0
-0 -0 0
-0 -0 0
-0 -0 0
-0 -0 0
-0 -0 0
-0 -0 0
-0 -0 0
-0 -0 0
-0 -0 0
-0 -0 0
-0 -0 0
-0 -0 0
-0 -0 0
-0 -0 0
-0 -0 0
-0 -0 0
-0 -0 0
-0 -0 0
-0 -0 0
-0 -0 0
-0 -0 0
-0 -0 0
-0 -0 0
-0 -0 0
-0 -0 0
-0 -0 0
-0 -0 0
-0 -0 0
-0 -0 0
-0 -0 0
-0 -0 0
-0 -0 0
-0 -0 0
-0 -0 0
-0 -0 0
-0 -0 0
-0 -0 0
-0 -0 0
-0 -0 0
-0 -0 0
-0 -0 0
-0 -0 0
-0 -0 0
-0 -0 0
-0 -0 0
-0 -0 0
-0 -0 0
-0 -0 0
-0 -0 0
-0 -0 0
-0 -0 0
-0 -0 0
-0 -0 0
-0 -0 0
-0 -0 0
-0 -0 0
-0 -0 0
-0 -0 0
-0 -0 0
-0 -0 0
-0 -0 0
-0 -0 0
-0 -0 0
-0 -0 0
-0 -0 0
-0 -0 0
-0 -0 0
-0 -0 0
-0 -0 0
-0 -0 0
-0 -0 0
-0 -0 0
-0 -0 0
-0 -0 0
-0 -0 0
-0 -0 0
0 -0 0
0 -0 0
0 -0 0
0 -0 0
0 -0 0
0 -0 0
0 -0 0
0 -0 0
0 -0 0
0 -0 0
0 -0 0
0 -0 0
0 -0 0
0 -0 0
0 -0 0
0 -0 0
0 -0 0
0 -0 0
0 -0 0
0 -0 0
0 -0 0
0 -0 0
0 -0 0
0 -0 0
0 -0 0
0 -0 0
0 -0 0
0 -0 0
0 -0 0
0 -0 0
0 -0 0
0 -0 0
0 -0 0
0 -0 0
0 -0 0
0 -0 0
0 -0 0
0 -0 0
0 -0 0
0 -0 0
0 -0 0
0 -0 0
0 -0 0
0 -0 0
0 -0 0
0 -0 0
0 -0 0
0 -0 0
0 -0 0
0 -0 0
0 -0 0
0 -0 0
0 -0 0
0 -0 0
0 -0 0
0 -0 0
0 -0 0
0 -0 0
0 -0 0
0 -0 0
0 -0 0
0 -0 0
0 -0 0
0 -0 0
0 -0 0
0 -0 0
0 -0 0
0 -0 0
0 -0 0
0 -0 0
0 -0 0
0 -0 0
0 -0 0
0 -0 0
0 -0 0
0 -0 0
0 -0 0
0 -0 0
0 -0 0
-0 -0 0
-0 -0 0
-0 -0 0
-0 -0 0
-0 -0 0
-0 -0 0
-0 -0 0
-0 -0 0
-0 -0 0
-0 -0 0
-0 -0 0
-0 -0 0
-0 -0 0
-0 -0 0
-0 -0 0
-0 -0 0
-0 -0 0
-0 -0 0
-0 -0 0
-0 -0 0
-0 -0 0
-0 -0 0
-0 -0 0
-0 -0 0
-0 -0 0
-0 -0 0
-0 -0 0
-0 -0 0
-0 -0 0
-0 -0 0
-0 -0 0
-0 -0 0
-0 -0 0
-0 -0 0
-0 -0 0
-0 -0 0
-0 -0 0
-0 -0 0
-0 -0 0
-0 -0 0
-0 -0 0
-0 -0 0
-0 -0 0
-0 -0 0
-0 -0 0
-0 -0 0
-0 -0 0
-0 -0 0
-0 -0 0
-0 -0 0
-0 -0 0
-0 -0 0
-0 -0 0
-0 -0 0
-0 -0 0
-0 -0 0
-0 -0 0
-0 -0 0
-0 -0 0
-0 -0 0
-0 -0 0
-0 -0 0
-0 -0 0
-0 -0 0
-0 -0 0
-0 -0 0
-0 -0 0
-0 -0 0
-0 -0 0
-0 -0 0
-0 -0 0
-0 -0 0
-0 -0 0
-0 -0 0
-0 -0 0
-0 -0 0
-0 -0 0
-0 -0 0
-0 -0 0
-0 -0 0
-0 -0 0
0 -0 0
0 -0 0
0 -0 0
0 -0 0
0 -0 0
0 -0 0
0 -0 0
0 -0 0
0 -0 0
0 -0 0
0 -0 0
0 -0 0
0 -0 0
0 -0 0
0 -0 0
0 -0 0
0 -0 0
0 -0 0
0 -0 0
0 -0 0
0 -0 0
0 -0 0
0 -0 0
0 -0 0
0 -0 0
0 -0 0
0 -0 0
0 -0 0
0 -0 0
0 -0 0
0 -0 0
0 -0 0
0 -0 0
0 -0 0
0 -0 0
0 -0 0
0 -0 0
0 -0 0
0 -0 0
0 -0 0
0 -0 0
0 -0 0
0 -0 0
0 -0 0
0 -0 0
0 -0 0
0 -0 0
0 -0 0
0 -0 0
0 -0 0
0 -0 0
0 -0 0
0 -0 0
0 -0 0
0 -0 0
0 -0 0
0 -0 0
0 -0 0
0 -0 0
0 -0 0
0 -0 0
0 -0 0
0 -0 0
0 -0 0
0 -0 0
0 -0 0
0 -0 0
0 -0 0
0 -0 0
0 -0 0
0 -0 0
0 -0 0
0 -0 0
0 -0 0
0 -0 0
0 -0 0
0 -0 0
0 -0 0
0 -0 0
-0 -0 0
-0 -0 0
-0 -0 0
-0 -0 0
-0 -0 0
-0 -0 0
-0 -0 0
-0 -0 0
-0 -0 0
-0 -0 0
-0 -0 0
-0 -0 0
-0 -0 0
-0 -0 0
-0 -0 0
-0 -0 0
-0 -0 0
-0 -0 0
-0 -0 0
-0 -0 0
-0 -0 0
-0 -0 0
-0 -0 0
-0 -0 0
-0 -0 0
-0 -0 0
-0 -0 0
-0 -0 0
-0 -0 0
-0 -0 0
-0 -0 0
-0 -0 0
-0 -0 0
-0 -0 0
-0 -0 0
-0 -0 0
-0 -0 0
-0 -0 0
-0 -0 0
-0 -0 0
-0 -0 0
-0 -0 0
-0 -0 0
-0 -0 0
-0 -0 0
-0 -0 0
-0 -0 0
-0 -0 0
-0 -0 0
-0 -0 0
-0 -0 0
-0 -0 0
-0 -0 0
-0 -0 0
-0 -0 0
-0 -0 0
-0 -0 0
-0 -0 0
-0 -0 0
-0 -0 0
-0 -0 0
-0 -0 0
-0 -0 0
-0 -0 0
-0 -0 0
-0 -0 0
-0 -0 0
-0 -0 0
-0 -0 0
-0 -0 0
-0 -0 0
-0 -0 0
-0 -0 0
-0.026814399 -0.12311941 0.40600002
-0.023277054 -0.12319523 0.40625003
-0.019698925 -0.1230436 0.40575001
-0.016238999 -0.12372591 0.40800002
-0.012677598 -0.12380173 0.40825003
-0.0091397045 -0.1242566 0.40975001
-0.0055416748 -0.12395336 0.40875003
-0.0019635453 -0.12380173 0.40825003
0.0016068208 -0.12372591 0.40800002
0.0051981853 -0.1242566 0.40975001
0 -0 0
0 -0 0
0 -0 0
0 -0 0
0 -0 0
0 -0 0
0 -0 0
0 -0 0
0 -0 0
0 -0 0
0 -0 0
0 -0 0
0 -0 0
0 -0 0
0 -0 0
0 -0 0
0 -0 0
0 -0 0
0 -0 0
0 -0 0
0 -0 0
0 -0 0
0 -0 0
0 -0 0
0 -0 0
0 -0 0
0 -0 0
0 -0 0
0 -0 0
0 -0 0
0 -0 0
0 -0 0
0 -0 0
0 -0 0
0 -0 0
0 -0 0
0 -0 0
0 -0 0
0 -0 0
0 -0 0
0 -0 0
0 -0 0
0 -0 0
0 -0 0
0 -0 0
0 -0 0
0 -0 0
0 -0 0
0 -0 0
0 -0 0
0 -0 0
0 -0 0
0 -0 0
0 -0 0
0 -0 0
0 -0 0
0 -0 0
0 -0 0
0 -0 0
0 -0 0
0 -0 0
0 -0 0
0 -0 0
0 -0 0
0 -0 0
0 -0 0
0 -0 0
0 -0 0
0 -0 0
0 -0 0
0 -0 0
0 -0 0
0 -0 0
0 -0 0
0 -0 0
0 -0 0
0 -0 0
-0 -0 0
-0 -0 0
-0 -0 0
-0 -0 0
-0 -0 0
-0 -0 0
-0 -0 0
-0 -0 0
-0 -0 0
-0 -0 0
-0 -0 0
-0 -0 0
-0 -0 0
-0 -0 0
-0 -0 0
-0 -0 0
-0 -0 0
-0 -0 0
-0 -0 0
-0 -0 0
-0 -0 0
-0 -0 0
-0 -0 0
-0 -0 0
-0 -0 0
-0 -0 0
-0 -0 0
-0 -0 0
-0 -0 0
-0 -0 0
-0 -0 0
-0 -0 0
-0 -0 0
-0 -0 0
-0 -0 0
-0 -0 0
-0 -0 0
-0 -0 0
-0 -0 0
-0 -0 0
-0 -0 0
-0 -0 0
-0 -0 0
-0 -0 0
-0 -0 0
-0 -0 0
-0 -0 0
-0 -0 0
-0 -0 0
-0 -0 0
-0 -0 0
-0 -0 0
-0 -0 0
-0 -0 0
-0 -0 0
-0 -0 0
-0 -0 0
-0 -0 0
-0 -0 0
-0 -0 0
-0 -0 0
-0 -0 0
-0 -0 0
-0 -0 0
-0 -0 0
-0 -0 0
-0 -0 0
-0 -0 0
-0 -0 0
-0 -0 0
-0 -0 0
-0 -0 0
-0.030440859 -0.11986499 0.40700001
-0.02684742 -0.11971774 0.40650001
-0.023291377 -0.11971774 0.40650001
-0.019771749 -0.11993862 0.40725002
-0.016268849 -0.12038039 0.40875003
-0.012708651 -0.12052764 0.40925002
-0.0091675865 -0.12104303 0.41100001
-0.0055586221 -0.12074853 0.41000003
-0.0019671526 -0.12045401 0.40900001
0.0016176511 -0.12096941 0.41075003
0.0052172146 -0.12111666 0.41125003
0 -0 0
0 -0 0
0 -0 0
0 -0 0
0 -0 0
0 -0 0
0 -0 0
0 -0 0
0 -0 0
0 -0 0
0 -0 0
0 -0 0
0 -0 0
0 -0 0
0 -0 0
0 -0 0
0 -0 0
0 -0 0
0 -0 0
0 -0 0
0 -0 0
0 -0 0
0 -0 0
0 -0 0
0 -0 0
0 -0 0
0 -0 0
0 -0 0
0 -0 0
0 -0 0
0 -0 0
0 -0 0
0 -0 0
0 -0 0
0 -0 0
0 -0 0
0 -0 0
0 -0 0
0 -0 0
0 -0 0
0 -0 0
0 -0 0
0 -0 0
0 -0 0
0 -0 0
0 -0 0
0 -0 0
0 -0 0
0 -0 0
0 -0 0
0 -0 0
0 -0 0
0 -0 0
0 -0 0
0 -0 0
0 -0 0
0 -0 0
0 -0 0
0 -0 0
0 -0 0
0 -0 0
0 -0 0
0 -0 0
0 -0 0
0 -0 0
0 -0 0
0 -0 0
0 -0 0
0 -0 0
0 -0 0
0 -0 0
0 -0 0
0 -0 0
0 -0 0
0 -0 0
0 -0 0
0 -0 0
-0 -0 0
-0 -0 0
-0 -0 0
-0 -0 0
-0 -0 0
-0 -0 0
-0 -0 0
-0 -0 0
-0 -0 0
-0 -0 0
-0 -0 0
-0 -0 0
-0 -0 0
-0 -0 0
-0 -0 0
-0 -0 0
-0 -0 0
-0 -0 0
-0 -0 0
-0 -0 0
-0 -0 0
-0 -0 0
-0 -0 0
-0 -0 0
-0 -0 0
-0 -0 0
-0 -0 0
-0 -0 0
-0 -0 0
-0 -0 0
-0 -0 0
-0 -0 0
-0 -0 0
-0 -0 0
-0 -0 0
-0 -0 0
-0 -0 0
-0 -0 0
-0 -0 0
-0 -0 0
-0 -0 0
-0 -0 0
-0 -0 0
-0 -0 0
-0 -0 0
-0 -0 0
-0 -0 0
-0 -0 0
-0 -0 0
-0 -0 0
-0 -0 0
-0 -0 0
-0 -0 0
-0 -0 0
-0 -0 0
-0 -0 0
-0 -0 0
-0 -0 0
-0 -0 0
-0 -0 0
-0 -0 0
-0 -0 0
-0 -0 0
-0 -0 0
-0 -0 0
-0 -0 0
-0 -0 0
-0 -0 0
-0 -0 0
-0 -0 0
-0 -0 0
-0 -0 0
-0.030459559 -0.11637875 0.40725002
-0.02684742 -0.11616443 0.40650001
-0.02333435 -0.11637875 0.40725002
-0.019844575 -0.11680741 0.40875003
-0.0162987 -0.11702174 0.40950003
-0.012731941 -0.11716462 0.41000003
-0.0091675865 -0.11745039 0.41100001
-0.0055654007 -0.1173075 0.41050002
-0.0019707598 -0.11709318 0.40975001
0.0016235585 -0.11780759 0.41225001
0.0052330727 -0.11787904 0.41250002
0 -0 0
0 -0 0
0 -0 0
0 -0 0
0 -0 0
0 -0 0
0 -0 0
0 -0 0
0 -0 0
0 -0 0
0 -0 0
0 -0 0
0 -0 0
0 -0 0
0 -0 0
0 -0 0
0 -0 0
0 -0 0
0 -0 0
0 -0 0
0 -0 0
0 -0 0
0 -0 0
0 -0 0
0 -0 0
0 -0 0
0 -0 0
0 -0 0
0 -0 0
0 -0 0
0 -0 0
0 -0 0
0 -0 0
0 -0 0
0 -0 0
0 -0 0
0 -0 0
0 -0 0
0 -0 0
0 -0 0
0 -0 0
0 -0 0
0 -0 0
0 -0 0
0 -0 0
0 -0 0
0 -0 0
0 -0 0
0 -0 0
0 -0 0
0 -0 0
0 -0 0
0 -0 0
0 -0 0
0 -0 0
0 -0 0
0 -0 0
0 -0 0
0 -0 0
0 -0 0
0 -0 0
0 -0 0
0 -0 0
0 -0 0
0 -0 0
0 -0 0
0 -0 0
0 -0 0
0 -0 0
0 -0 0
0 -0 0
0 -0 0
0 -0 0
0 -0 0
0.24176487 -0.1033049 0.36150002
0 -0 0
0 -0 0
-0 -0 0
-0 -0 0
-0 -0 0
-0 -0 0
-0 -0 0
-0 -0 0
-0 -0 0
-0 -0 0
-0 -0 0
-0 -0 0
-0 -0 0
-0 -0 0
-0 -0 0
-0 -0 0
-0 -0 0
-0 -0 0
-0 -0 0
-0 -0 0
-0 -0 0
-0 -0 0
-0 -0 0
-0 -0 0
-0 -0 0
-0 -0 0
-0 -0 0
-0 -0 0
-0 -0 0
-0 -0 0
-0 -0 0
-0 -0 0
-0 -0 0
-0 -0 0
-0 -0 0
-0 -0 0
-0 -0 0
-0 -0 0
-0 -0 0
-0 -0 0
-0 -0 0
-0 -0 0
-0 -0 0
-0 -0 0
-0 -0 0
-0 -0 0
-0 -0 0
-0 -0 0
-0 -0 0
-0 -0 0
-0 -0 0
-0 -0 0
-0 -0 0
-0 -0 0
-0 -0 0
-0 -0 0
-0 -0 0
-0 -0 0
-0 -0 0
-0 -0 0
-0 -0 0
-0 -0 0
-0 -0 0
-0 -0 0
-0 -0 0
-0 -0 0
-0 -0 0
-0 -0 0
-0 -0 0
-0 -0 0
-0 -0 0
-0 -0 0
-0 -0 0
-0.034105703 -0.11309592 0.40825003
-0.030459559 -0.11281889 0.40725002
-0.026880443 -0.11274963 0.40700001
-0.023363 -0.1129574 0.40775001
-0.01985671 -0.11330368 0.40900001
-0.01630865 -0.11351146 0.40975001
-0.012747467 -0.11371922 0.41050002
-0.0091731632 -0.113927 0.41125003
-0.0055755689 -0.113927 0.41125003
-0.0019755694 -0.11378849 0.41075003
0.0016225739 -0.11413477 0.41200003
0.0052362438 -0.11434253 0.41275001
0.0088576777 -0.11448105 0.41325003
0 -0 0
0 -0 0
0 -0 0
0 -0 0
0 -0 0
0 -0 0
0 -0 0
0 -0 0
0 -0 0
0 -0 0
0 -0 0
0 -0 0
0 -0 0
0 -0 0
0 -0 0
0 -0 0
0 -0 0
0 -0 0
0 -0 0
0 -0 0
0 -0 0
0 -0 0
0 -0 0
0 -0 0
0 -0 0
0 -0 0
0 -0 0
0 -0 0
0 -0 0
0 -0 0
0 -0 0
0 -0 0
0 -0 0
0 -0 0
0 -0 0
0 -0 0
0 -0 0
0 -0 0
0 -0 0
0 -0 0
0 -0 0
0 -0 0
0 -0 0
0 -0 0
0 -0 0
0 -0 0
0 -0 0
0 -0 0
0 -0 0
0 -0 0
0 -0 0
0 -0 0
0 -0 0
0 -0 0
0 -0 0
0 -0 0
0 -0 0
0 -0 0
0 -0 0
0 -0 0
0 -0 0
0 -0 0
0 -0 0
0 -0 0
0 -0 0
0 -0 0
0 -0 0
0 -0 0
0 -0 0
0 -0 0
0 -0 0
0 -0 0
0 -0 0
0 -0 0
0 -0 0
0 -0 0
-0 -0 0
-0 -0 0
-0 -0 0
-0 -0 0
-0 -0 0
-0 -0 0
-0 -0 0
-0 -0 0
-0 -0 0
-0 -0 0
-0 -0 0
-0 -0 0
-0 -0 0
-0 -0 0
-0 -0 0
-0 -0 0
-0 -0 0
-0 -0 0
-0 -0 0
-0 -0 0
-0 -0 0
-0 -0 0
-0 -0 0
-0 -0 0
-0 -0 0
-0 -0 0
-0 -0 0
-0 -0 0
-0 -0 0
-0 -0 0
-0 -0 0
-0 -0 0
-0 -0 0
-0 -0 0
-0 -0 0
-0 -0 0
-0 -0 0
-0 -0 0
-0 -0 0
-0 -0 0
-0 -0 0
-0 -0 0
-0 -0 0
-0 -0 0
-0 -0 0
-0 -0 0
-0 -0 0
-0 -0 0
-0 -0 0
-0 -0 0
-0 -0 0
-0 -0 0
-0 -0 0
-0 -0 0
-0 -0 0
-0 -0 0
-0 -0 0
-0 -0 0
-0 -0 0
-0 -0 0
-0 -0 0
-0 -0 0
-0 -0 0
-0 -0 0
-0 -0 0
-0 -0 0
-0 -0 0
-0 -0 0
-0 -0 0
-0 -0 0
-0.037746266 -0.10972852 0.40900001
-0.034168359 -0.10972852 0.40900001
-0.030534353 -0.10952731 0.40825003
-0.026963001 -0.10952731 0.40825003
-0.02343462 -0.10972852 0.40900001
-0.019893123 -0.10992973 0.40975001
-0.016328551 -0.11006388 0.41025001
-0.012755232 -0.11019803 0.41075003
-0.009178739 -0.11039923 0.41150001
-0.0055857375 -0.11053338 0.41200003
-0.0019839865 -0.11066752 0.41250002
0.0016245431 -0.11066752 0.41250002
0.0052330727 -0.11066752 0.41250002
0.0088576777 -0.11086874 0.41325003
0 -0 0
0 -0 0
0 -0 0
0 -0 0
0 -0 0
0 -0 0
0 -0 0
0 -0 0
0 -0 0
0 -0 0
0 -0 0
0 -0 0
0 -0 0
0 -0 0
0 -0 0
0 -0 0
0 -0 0
0 -0 0
0 -0 0
0 -0 0
0 -0 0
0 -0 0
0 -0 0
0 -0 0
0 -0 0
0 -0 0
0 -0 0
0 -0 0
0 -0 0
0 -0 0
0 -0 0
0 -0 0
0 -0 0
0 -0 0
0 -0 0
0 -0 0
0 -0 0
0 -0 0
0 -0 0
0 -0 0
0 -0 0
0 -0 0
0 -0 0
0 -0 0
0 -0 0
0 -0 0
0 -0 0
0 -0 0
0 -0 0
0 -0 0
0 -0 0
0 -0 0
0 -0 0
0 -0 0
0 -0 0
0 -0 0
0 -0 0
0 -0 0
0 -0 0
0 -0 0
0 -0 0
0 -0 0
0 -0 0
0 -0 0
0 -0 0
0 -0 0
0 -0 0
0 -0 0
0 -0 0
0 -0 0
0 -0 0
0 -0 0
0 -0 0
0 -0 0
0 -0 0
0 -0 0
-0 -0 0
-0 -0 0
-0 -0 0
-0 -0 0
-0 -0 0
-0 -0 0
-0 -0 0
-0 -0 0
-0 -0 0
-0 -0 0
-0 -0 0
-0 -0 0
-0 -0 0
-0 -0 0
-0 -0 0
-0 -0 0
-0 -0 0
-0 -0 0
-0 -0 0
-0 -0 0
-0 -0 0
-0 -0 0
-0 -0 0
-0 -0 0
-0 -0 0
-0 -0 0
-0 -0 0
-0 -0 0
-0 -0 0
-0 -0 0
-0 -0 0
-0 -0 0
-0 -0 0
-0 -0 0
-0 -0 0
-0 -0 0
-0 -0 0
-0 -0 0
-0 -0 0
-0 -0 0
-0 -0 0
-0 -0 0
-0 -0 0
-0 -0 0
-0 -0 0
-0 -0 0
-0 -0 0
-0 -0 0
-0 -0 0
-0 -0 0
-0 -0 0
-0 -0 0
-0 -0 0
-0 -0 0
-0 -0 0
-0 -0 0
-0 -0 0
-0 -0 0
-0 -0 0
-0 -0 0
-0 -0 0
-0 -0 0
-0 -0 0
-0 -0 0
-0 -0 0
-0 -0 0
-0 -0 0
-0 -0 0
-0 -0 0
-0 -0 0
-0.037677053 -0.10595871 0.40825003
-0.034147475 -0.10608847 0.40875003
-0.030571749 -0.10608847 0.40875003
-0.026996024 -0.10608847 0.40875003
-0.023491919 -0.10641291 0.41000003
-0.019929536 -0.10654268 0.41050002
-0.016358402 -0.10667244 0.41100001
-0.012762995 -0.10667244 0.41100001
-0.0091731632 -0.10673734 0.41125003
-0.005582348 -0.1068671 0.41175002
-0.0019839865 -0.10706177 0.41250002
0.0016245431 -0.10706177 0.41250002
0.0052425875 -0.10725643 0.41325003
0.0088683954 -0.10738619 0.41375002
0 -0 0
0 -0 0
0 -0 0
0 -0 0
0 -0 0
0 -0 0
0 -0 0
0 -0 0
0 -0 0
0 -0 0
0 -0 0
0 -0 0
0 -0 0
0 -0 0
0 -0 0
0 -0 0
0 -0 0
0 -0 0
0 -0 0
0 -0 0
0 -0 0
0 -0 0
0 -0 0
0 -0 0
0 -0 0
0 -0 0
0 -0 0
0 -0 0
0 -0 0
0 -0 0
0 -0 0
0 -0 0
0 -0 0
0 -0 0
0 -0 0
0 -0 0
0 -0 0
0 -0 0
0 -0 0
0 -0 0
0 -0 0
0 -0 0
0 -0 0
0 -0 0
0 -0 0
0 -0 0
0 -0 0
0 -0 0
0 -0 0
0 -0 0
0 -0 0
0 -0 0
0 -0 0
0 -0 0
0 -0 0
0 -0 0
0 -0 0
0 -0 0
0 -0 0
0 -0 0
0 -0 0
0 -0 0
0 -0 0
0 -0 0
0 -0 0
0 -0 0
0 -0 0
0 -0 0
0 -0 0
0 -0 0
0 -0 0
0 -0 0
0 -0 0
0 -0 0
0 -0 0
0 -0 0
-0 -0 0
-0 -0 0
-0 -0 0
-0 -0 0
-0 -0 0
-0 -0 0
-0 -0 0
-0 -0 0
-0 -0 0
-0 -0 0
-0 -0 0
-0 -0 0
-0 -0 0
-0 -0 0
-0 -0 0
-0 -0 0
-0 -0 0
-0 -0 0
-0 -0 0
-0 -0 0
-0 -0 0
-0 -0 0
-0 -0 0
-0 -0 0
-0 -0 0
-0 -0 0
-0 -0 0
-0 -0 0
-0 -0 0
-0 -0 0
-0 -0 0
-0 -0 0
-0 -0 0
-0 -0 0
-0 -0 0
-0 -0 0
-0 -0 0
-0 -0 0
-0 -0 0
-0 -0 0
-0 -0 0
-0 -0 0
-0 -0 0
-0 -0 0
-0 -0 0
-0 -0 0
-0 -0 0
-0 -0 0
-0 -0 0
-0 -0 0
-0 -0 0
-0 -0 0
-0 -0 0
-0 -0 0
-0 -0 0
-0 -0 0
-0 -0 0
-0 -0 0
-0 -0 0
-0 -0 0
-0 -0 0
-0 -0 0
-0 -0 0
-0 -0 0
-0 -0 0
-0 -0 0
-0 -0 0
-0 -0 0
-0 -0 0
-0 -0 0
-0.03770012 -0.10245279 0.40850002
-0.034126587 -0.10245279 0.40850002
-0.030571749 -0.1025155 0.40875003
-0.027045559 -0.1027036 0.40950003
-0.023577863 -0.1032052 0.41150001
-0.019965947 -0.10314251 0.41125003
-0.016388254 -0.1032679 0.41175002
-0.012801811 -0.1033933 0.41225001
-0.0091898926 -0.1033306 0.41200003
-0.0055925162 -0.10345601 0.41250002
-0.0019863911 -0.10358141 0.41300002
0.001629466 -0.10376951 0.41375002
0.0052616163 -0.10402031 0.41475001
0.0088791121 -0.10389491 0.41425002
0 -0 0
0 -0 0
0 -0 0
0 -0 0
0 -0 0
0 -0 0
0 -0 0
0 -0 0
0 -0 0
0 -0 0
0 -0 0
0 -0 0
0 -0 0
0 -0 0
0 -0 0
0 -0 0
0 -0 0
0 -0 0
0 -0 0
0 -0 0
0 -0 0
0 -0 0
0 -0 0
0 -0 0
0 -0 0
0 -0 0
0 -0 0
0 -0 0
0 -0 0
0 -0 0
0 -0 0
0 -0 0
0 -0 0
0 -0 0
0 -0 0
0 -0 0
0 -0 0
0 -0 0
0 -0 0
0 -0 0
0 -0 0
0 -0 0
0 -0 0
0 -0 0
0 -0 0
0 -0 0
0 -0 0
0 -0 0
0 -0 0
0 -0 0
0 -0 0
0 -0 0
0 -0 0
0 -0 0
0 -0 0
0 -0 0
0 -0 0
0 -0 0
0 -0 0
0 -0 0
0 -0 0
0 -0 0
0 -0 0
0 -0 0
0 -0 0
0 -0 0
0 -0 0
0 -0 0
0 -0 0
0.28964233 -0.11461671 0.45700002
0 -0 0
0.29535848 -0.11373891 0.45350003
0 -0 0
0.30078495 -0.1127984 0.44975004
0.30573562 -0.1131746 0.45125002
0.30968311 -0.1131746 0.45125002
-0 -0 0
-0 -0 0
-0 -0 0
-0 -0 0
-0 -0 0
-0 -0 0
-0 -0 0
-0 -0 0
-0 -0 0
-0 -0 0
-0 -0 0
-0 -0 0
-0 -0 0
-0 -0 0
-0 -0 0
-0 -0 0
-0 -0 0
-0 -0 0
-0 -0 0
-0 -0 0
-0 -0 0
-0 -0 0
-0 -0 0
-0 -0 0
-0 -0 0
-0 -0 0
-0 -0 0
-0 -0 0
-0 -0 0
-0 -0 0
-0 -0 0
-0 -0 0
-0 -0 0
-0 -0 0
-0 -0 0
-0 -0 0
-0 -0 0
-0 -0 0
-0 -0 0
-0 -0 0
-0 -0 0
-0 -0 0
-0 -0 0
-0 -0 0
-0 -0 0
-0 -0 0
-0 -0 0
-0 -0 0
-0 -0 0
-0 -0 0
-0 -0 0
-0 -0 0
-0 -0 0
-0 -0 0
-0 -0 0
-0 -0 0
-0 -0 0
-0 -0 0
-0 -0 0
-0 -0 0
-0 -0 0
-0 -0 0
-0 -0 0
-0 -0 0
-0 -0 0
-0 -0 0
-0 -0 0
-0 -0 0
-0 -0 0
-0.041298922 -0.098942518 0.40875003
-0.037746266 -0.099003024 0.40900001
-0.034168359 -0.099003024 0.40900001
-0.030609146 -0.099063545 0.40925002
-0.027029047 -0.099063545 0.40925002
-0.023563541 -0.099547669 0.41125003
-0.020014497 -0.099789724 0.41225001
-0.016438005 -0.099971272 0.41300002
-0.012832865 -0.10003179 0.41325003
-0.0092177745 -0.10003179 0.41325003
-0.0056060734 -0.1000923 0.41350001
-0.0019887961 -0.1000923 0.41350001
0.0016284813 -0.1000923 0.41350001
0.0052521019 -0.10021334 0.41400003
0.0088951876 -0.1004554 0.41500002
0 -0 0
0 -0 0
0 -0 0
0 -0 0
0 -0 0
0 -0 0
0 -0 0
0 -0 0
0 -0 0
0 -0 0
0 -0 0
0 -0 0
0 -0 0
0 -0 0
0 -0 0
0 -0 0
0 -0 0
0 -0 0
0 -0 0
0 -0 0
0 -0 0
0 -0 0
0 -0 0
0 -0 0
0 -0 0
0 -0 0
0 -0 0
0 -0 0
0 -0 0
0 -0 0
0 -0 0
0 -0 0
0 -0 0
0 -0 0
0 -0 0
0 -0 0
0 -0 0
0 -0 0
0 -0 0
0 -0 0
0 -0 0
0 -0 0
0 -0 0
0 -0 0
0 -0 0
0 -0 0
0 -0 0
0 -0 0
0 -0 0
0 -0 0
0 -0 0
0 -0 0
0 -0 0
0 -0 0
0 -0 0
0 -0 0
0 -0 0
0 -0 0
0 -0 0
0 -0 0
0.26157165 -0.11407134 0.47125003
0.26527125 -0.11388979 0.47050002
0.26809889 -0.11334516 0.46825004
0.27161381 -0.11310309 0.46725002
0.2745212 -0.11261897 0.46525002
0.27889058 -0.11274 0.46575001
0.28174984 -0.11225588 0.46375003
0.28457412 -0.11177175 0.46175003
0.28767592 -0.11140867 0.46025002
0.29122683 -0.11122712 0.45950001
0.29444334 -0.11092454 0.45825002
0.29796359 -0.11074299 0.45750001
0.29982069 -0.10995629 0.45425001
0.30228969 -0.10941166 0.45200002
0.30607438 -0.10935114 0.45175001
0.30933997 -0.10910908 0.45075002
-0 -0 0
-0 -0 0
-0 -0 0
-0 -0 0
-0 -0 0
-0 -0 0
-0 -0 0
-0 -0 0
-0 -0 0
-0 -0 0
-0 -0 0
-0 -0 0
-0 -0 0
-0 -0 0
-0 -0 0
-0 -0 0
-0 -0 0
-0 -0 0
-0 -0 0
-0 -0 0
-0 -0 0
-0 -0 0
-0 -0 0
-0 -0 0
-0 -0 0
-0 -0 0
-0 -0 0
-0 -0 0
-0 -0 0
-0 -0 0
-0 -0 0
-0 -0 0
-0 -0 0
-0 -0 0
-0 -0 0
-0 -0 0
-0 -0 0
-0 -0 0
-0 -0 0
-0 -0 0
-0 -0 0
-0 -0 0
-0 -0 0
-0 -0 0
-0 -0 0
-0 -0 0
-0 -0 0
-0 -0 0
-0 -0 0
-0 -0 0
-0 -0 0
-0 -0 0
-0 -0 0
-0 -0 0
-0 -0 0
-0 -0 0
-0 -0 0
-0 -0 0
-0 -0 0
-0 -0 0
-0 -0 0
-0 -0 0
-0 -0 0
-0 -0 0
-0 -0 0
-0 -0 0
-0 -0 0
-0 -0 0
-0 -0 0
-0.041223142 -0.095194548 0.40800002
-0.037746266 -0.095427863 0.40900001
-0.034251899 -0.095661186 0.41000003
-0.030683937 -0.095719516 0.41025001
-0.027045559 -0.095544532 0.40950003
-0.023491919 -0.095661186 0.41000003
-0.019978084 -0.096011162 0.41150001
-0.016418105 -0.096244484 0.41250002
-0.012825102 -0.096361145 0.41300002
-0.0092233503 -0.096477807 0.41350001
-0.0056128525 -0.096594468 0.41400003
-0.001991201 -0.096594468 0.41400003
0.001629466 -0.096536137 0.41375002
0.0052521019 -0.096594468 0.41400003
0.0088844709 -0.096711129 0.41450003
0 -0 0
0 -0 0
0 -0 0
0 -0 0
0 -0 0
0 -0 0
0 -0 0
0 -0 0
0 -0 0
0 -0 0
0 -0 0
0 -0 0
0 -0 0
0 -0 0
0 -0 0
0 -0 0
0 -0 0
0 -0 0
0 -0 0
0 -0 0
0 -0 0
0 -0 0
0 -0 0
0 -0 0
0 -0 0
0 -0 0
0 -0 0
0 -0 0
0 -0 0
0.14704604 -0.12085973 0.51800001
0.15194327 -0.1211514 0.51925004
0.15671167 -0.12132639 0.52000004
0.1609505 -0.12109306 0.51900005
0.16525152 -0.12091808 0.51825005
0.16937563 -0.12062642 0.51700002
0.1732256 -0.12015979 0.51500005
0.17712687 -0.11975148 0.51325005
0.18108596 -0.11940149 0.51175004
0.18538141 -0.11928483 0.51125002
0.18846124 -0.11840989 0.50750005
0.1920456 -0.11788491 0.50525004
0.19471568 -0.11683497 0.50075001
0 -0 0
0.19707683 -0.11316018 0.48500001
0.19955546 -0.11216857 0.48075002
0.20248951 -0.11146861 0.47775003
0.20591182 -0.1110603 0.47600001
0.2099655 -0.11100198 0.47575003
0.21210197 -0.10995203 0.47125003
0 -0 0
0 -0 0
0 -0 0
0 -0 0
0.22419587 -0.10592727 0.45400003
0.22791615 -0.1058106 0.45350003
0.2317555 -0.10575227 0.45325002
0 -0 0
0 -0 0
0 -0 0
0.25799546 -0.11018535 0.47225001
0.26198792 -0.11012702 0.47200003
0.26555315 -0.1098937 0.47100002
0.26910087 -0.10966039 0.47000003
0.27248576 -0.10936873 0.46875003
0.27599633 -0.10913541 0.46775001
0.27978879 -0.10901875 0.46725002
0.28296494 -0.10866877 0.46575001
0.28626892 -0.10837712 0.46450001
0.2893948 -0.10802715 0.46300003
0.29233596 -0.10761883 0.46125001
0.29572842 -0.10738552 0.46025002
0.29910338 -0.10715219 0.45925003
0.30246085 -0.10691887 0.45825002
0.30479762 -0.10633557 0.45575002
0.30658251 -0.10557728 0.45250002
0.30951154 -0.10522731 0.45100003
-0 -0 0
-0 -0 0
-0 -0 0
-0 -0 0
-0 -0 0
-0 -0 0
-0 -0 0
-0 -0 0
-0 -0 0
-0 -0 0
-0 -0 0
-0 -0 0
-0 -0 0
-0 -0 0
-0 -0 0
-0 -0 0
-0 -0 0
-0 -0 0
-0 -0 0
-0 -0 0
-0 -0 0
-0 -0 0
-0 -0 0
-0 -0 0
-0 -0 0
-0 -0 0
-0 -0 0
-0 -0 0
-0 -0 0
-0 -0 0
-0 -0 0
-0 -0 0
-0 -0 0
-0 -0 0
-0 -0 0
-0 -0 0
-0 -0 0
-0 -0 0
-0 -0 0
-0 -0 0
-0 -0 0
-0 -0 0
-0 -0 0
-0 -0 0
-0 -0 0
-0 -0 0
-0 -0 0
-0 -0 0
-0 -0 0
-0 -0 0
-0 -0 0
-0 -0 0
-0 -0 0
-0 -0 0
-0 -0 0
-0 -0 0
-0 -0 0
-0 -0 0
-0 -0 0
-0 -0 0
-0 -0 0
-0 -0 0
-0 -0 0
-0 -0 0
-0 -0 0
-0 -0 0
-0 -0 0
-0 -0 0
-0.044819754 -0.091684274 0.40825003
-0.041248403 -0.091684274 0.40825003
-0.037861627 -0.092133433 0.41025001
-0.03429367 -0.09218958 0.41050002
-0.030740032 -0.092301868 0.41100001
-0.027128115 -0.09224572 0.41075003
-0.023520568 -0.09218958 0.41050002
-0.019965947 -0.092358008 0.41125003
-0.016398204 -0.092526443 0.41200003
-0.012809575 -0.092638738 0.41250002
-0.0092177745 -0.092807174 0.41325003
-0.0056128525 -0.092975609 0.41400003
-0.0019936056 -0.093087897 0.41450003
0.0016314351 -0.093031749 0.41425002
0.0052584452 -0.093087897 0.41450003
0.0088898288 -0.093144037 0.41475001
0 -0 0
0 -0 0
0 -0 0
0 -0 0
0 -0 0
0 -0 0
0 -0 0
0 -0 0
0 -0 0
0.051625088 -0.10645033 0.47400004
0.055771619 -0.10645033 0.47400004
0 -0 0
0 -0 0
0 -0 0
0 -0 0
0 -0 0
0 -0 0
0 -0 0
0 -0 0
0 -0 0
0 -0 0
0.10801398 -0.11341226 0.505
0.11276565 -0.11374913 0.50650001
0.11748573 -0.11402986 0.50775003
0.12228771 -0.11436673 0.50925004
0.12742701 -0.11498432 0.51200002
0.13235681 -0.11537733 0.51375002
0.13731723 -0.11577034 0.51550001
0.14251462 -0.11633179 0.51800001
0.14718798 -0.11644408 0.51850003
0.15201642 -0.11666866 0.51950002
0.15663631 -0.1167248 0.51975
0.1609505 -0.11655638 0.51900005
0.1651718 -0.11633179 0.51800001
0.16929373 -0.11605107 0.51675004
0.17339377 -0.11577034 0.51550001
0.17738569 -0.11543347 0.514
0.18117441 -0.11498432 0.51200002
0.18538141 -0.11481588 0.51125002
0.18846124 -0.11397372 0.50750005
0.19024013 -0.11240166 0.50050002
0.18878575 -0.10903299 0.48550004
0.19263528 -0.10880841 0.48450002
0.19626413 -0.10847154 0.48300001
0.19955546 -0.10796624 0.48075002
0.20248951 -0.1072925 0.47775003
0.20601997 -0.10695563 0.47625002
0.2099655 -0.10684334 0.47575003
0.21277709 -0.1061696 0.47275001
0 -0 0
0 -0 0
0 -0 0
0 -0 0
0 -0 0
0.22804178 -0.1019026 0.45375001
0.2317555 -0.10179032 0.45325002
0 -0 0
0.24232961 -0.10291321 0.45825002
0.25157958 -0.10510285 0.46800002
0.25744915 -0.10583273 0.47125003
0.26184916 -0.10594502 0.47175002
0.26555315 -0.10577659 0.47100002
0.26967341 -0.10577659 0.47100002
0.2732124 -0.10555201 0.47000003
0.27673391 -0.10532743 0.46900001
0.28038758 -0.105159 0.46825004
0.28372437 -0.10487827 0.46700001
0.28657708 -0.10442912 0.46500003
0.29001984 -0.10420454 0.46400002
0.29328665 -0.10392381 0.46275002
0.29637092 -0.10358694 0.46125001
0.29926619 -0.10319393 0.45950001
0.30279085 -0.1030255 0.45875001
0.30646959 -0.10291321 0.45825002
0.30844572 -0.10223947 0.45525002
0.31088409 -0.10173417 0.45300001
-0 -0 0
-0 -0 0
-0 -0 0
-0 -0 0
-0 -0 0
-0 -0 0
-0 -0 0
-0 -0 0
-0 -0 0
-0 -0 0
-0 -0 0
-0 -0 0
-0 -0 0
-0 -0 0
-0 -0 0
-0 -0 0
-0 -0 0
-0 -0 0
-0 -0 0
-0 -0 0
-0 -0 0
-0 -0 0
-0 -0 0
-0 -0 0
-0 -0 0
-0 -0 0
-0 -0 0
-0 -0 0
-0 -0 0
-0 -0 0
-0 -0 0
-0 -0 0
-0 -0 0
-0 -0 0
-0 -0 0
-0 -0 0
-0 -0 0
-0 -0 0
-0 -0 0
-0 -0 0
-0 -0 0
-0 -0 0
-0 -0 0
-0 -0 0
-0 -0 0
-0 -0 0
-0 -0 0
-0 -0 0
-0 -0 0
-0 -0 0
-0 -0 0
-0 -0 0
-0 -0 0
-0 -0 0
-0 -0 0
-0 -0 0
-0 -0 0
-0 -0 0
-0 -0 0
-0 -0 0
-0 -0 0
-0 -0 0
-0 -0 0
-0 -0 0
-0 -0 0
-0 -0 0
-0 -0 0
-0.048568901 -0.08843942 0.40975001
-0.044929538 -0.088331506 0.40925002
-0.041425217 -0.088493384 0.41000003
-0.037930846 -0.08870922 0.41100001
-0.034335442 -0.08870922 0.41100001
-0.030740032 -0.08870922 0.41100001
-0.027194159 -0.088871099 0.41175002
-0.023620838 -0.088979013 0.41225001
-0.019990223 -0.088871099 0.41175002
-0.016398204 -0.088925064 0.41200003
-0.012809575 -0.089032978 0.41250002
-0.0092289271 -0.089302771 0.41375002
-0.0056264102 -0.089572571 0.41500002
-0.0019972129 -0.089626536 0.41525003
0.0016334042 -0.089518607 0.41475001
0.00526796 -0.089626536 0.41525003
0.008916622 -0.089788407 0.41600001
0.012917954 -0.09237846 0.42800003
0.016691275 -0.092540331 0.42875001
0.020620752 -0.093349732 0.43250003
0 -0 0
0.030322172 -0.1004184 0.46525002
0.034687843 -0.10128175 0.46925002
0 -0 0
0 -0 0
0 -0 0
0.051706772 -0.10246886 0.47475001
0.055948108 -0.10263074 0.47550002
0.060265768 -0.10290053 0.47675002
0.064233616 -0.10257678 0.47525004
0.069578305 -0.10435744 0.48350003
0 -0 0
0.078239322 -0.10462724 0.48475003
0 -0 0
0 -0 0
0.092321455 -0.10619206 0.49200001
0.096576348 -0.1061381 0.49175003
0 -0 0
0.10769316 -0.1086742 0.50350004
0.11220907 -0.10878211 0.50400001
0.11806419 -0.11013109 0.51025003
0.12270793 -0.11029297 0.51100004
0.12780035 -0.11083256 0.51350003
0.13255003 -0.1110484 0.51450002
0.13731723 -0.11126424 0.51550001
0.14265218 -0.11191175 0.51850003
0.14725895 -0.11196571 0.51875001
0.15201642 -0.11212759 0.51950002
0.15663631 -0.11218154 0.51975
0.16087295 -0.11196571 0.51875001
0.16509208 -0.11174987 0.51775002
0.16921182 -0.11148007 0.5165
0.17347787 -0.11131821 0.51575005
0.1777308 -0.11115633 0.51500005
0.18143982 -0.11067069 0.51275003
0.18556273 -0.11045486 0.51175004
0.18911111 -0.10991526 0.50925004
0.18881474 -0.10721729 0.49675003
0.18927181 -0.10505892 0.48675004
0.19492146 -0.10581435 0.49025002
0.19870222 -0.10554454 0.48900002
0.20235732 -0.10522079 0.48750001
0.20609213 -0.10495099 0.48625001
0 -0 0
0 -0 0
0.21817811 -0.10462724 0.48475003
0.22218923 -0.10451932 0.48425001
0 -0 0
0 -0 0
0 -0 0
0 -0 0
0.22791615 -0.097882316 0.45350003
0.23188333 -0.097882316 0.45350003
0 -0 0
0.24285842 -0.099123381 0.45925003
0.25104201 -0.10079612 0.46700001
0.25662968 -0.10138968 0.46975002
0.26143286 -0.10165947 0.47100002
0.26569411 -0.10171343 0.47125003
0.26981655 -0.10171343 0.47125003
0.27335772 -0.10149759 0.47025001
0.27702895 -0.10133572 0.46950004
0.28068697 -0.10117384 0.46875003
0.28463569 -0.10111988 0.46850002
0.28703928 -0.10052632 0.46575001
0.29080114 -0.1004184 0.46525002
0.293762 -0.10004069 0.46350002
0.29733476 -0.09987881 0.46275002
0.30105722 -0.099770896 0.46225002
0.30394593 -0.099393182 0.46050003
0.30697116 -0.099069424 0.45900002
0.3098008 -0.098691709 0.45725003
0.31174195 -0.098044187 0.45425001
-0 -0 0
-0 -0 0
-0 -0 0
-0 -0 0
-0 -0 0
-0 -0 0
-0 -0 0
-0 -0 0
-0 -0 0
-0 -0 0
-0 -0 0
-0 -0 0
-0 -0 0
-0 -0 0
-0 -0 0
-0 -0 0
-0 -0 0
-0 -0 0
-0 -0 0
-0 -0 0
-0 -0 0
-0 -0 0
-0 -0 0
-0 -0 0
-0 -0 0
-0 -0 0
-0 -0 0
-0 -0 0
-0 -0 0
-0 -0 0
-0 -0 0
-0 -0 0
-0 -0 0
-0 -0 0
-0 -0 0
-0 -0 0
-0 -0 0
-0 -0 0
-0 -0 0
-0 -0 0
-0 -0 0
-0 -0 0
-0 -0 0
-0 -0 0
-0 -0 0
-0 -0 0
-0 -0 0
-0 -0 0
-0 -0 0
-0 -0 0
-0 -0 0
-0 -0 0
-0 -0 0
-0 -0 0
-0 -0 0
-0 -0 0
-0 -0 0
-0 -0 0
-0 -0 0
-0 -0 0
-0 -0 0
-0 -0 0
-0 -0 0
-0 -0 0
-0 -0 0
-0 -0 0
-0 -0 0
-0.048657801 -0.085013025 0.41050002
-0.045039322 -0.08496125 0.41025001
-0.041450474 -0.08496125 0.41025001
-0.037884701 -0.085013025 0.41050002
-0.034356326 -0.085168347 0.41125003
-0.030758731 -0.085168347 0.41125003
-0.027227182 -0.085375443 0.41225001
-0.023649486 -0.085478991 0.41275001
-0.020026634 -0.085427217 0.41250002
-0.016428053 -0.085478991 0.41275001
-0.012832865 -0.085582547 0.41325003
-0.0092512323 -0.085893184 0.41475001
-0.0056331889 -0.086048506 0.41550002
-0.0019960105 -0.085944958 0.41500002
0.0016343888 -0.085944958 0.41500002
0.0052774744 -0.086152054 0.41600001
0.0089434143 -0.086410925 0.41725001
0.012925499 -0.088688985 0.42825001
0.016817797 -0.089465596 0.43200001
0.021812702 -0.094746552 0.45750001
0.026181659 -0.096092679 0.46400002
0.030305881 -0.096299775 0.46500003
0.034484558 -0.096610419 0.46650001
0.038627479 -0.096765742 0.46725002
0.04287494 -0.09712816 0.46900001
0.047253188 -0.097697675 0.47175002
0.052006286 -0.098888479 0.47750002
0.056154016 -0.098836698 0.47725001
0.060328972 -0.098836698 0.47725001
0.064605296 -0.098992027 0.47800002
0.069614276 -0.10018283 0.48375002
0 -0 0
0 -0 0
0 -0 0
0.087972738 -0.1018396 0.49175003
0.092321455 -0.10189137 0.49200001
0 -0 0
0 -0 0
0 -0 0
0 -0 0
0.11708081 -0.10479072 0.50600004
0.12246781 -0.10561911 0.51000005
0.12780035 -0.10634395 0.51350003
0.13267885 -0.10665459 0.51500005
0.1375836 -0.10696523 0.5165
0.14251462 -0.10727587 0.51800001
0.14718798 -0.10737943 0.51850003
0.15179695 -0.1074312 0.51875001
0.15641031 -0.10748298 0.51900005
0.16087295 -0.1074312 0.51875001
0.16509208 -0.10722411 0.51775002
0.16912992 -0.10691345 0.51625001
0.17347787 -0.10680991 0.51575005
0.17755824 -0.10655104 0.51450002
0.18099748 -0.10592975 0.5115
0.18547207 -0.10592975 0.5115
0.18920393 -0.10551556 0.50950003
0.18966997 -0.10334104 0.49900001
0.18975787 -0.10106299 0.48800004
0.19462326 -0.10137364 0.48950002
0.1988038 -0.10132186 0.48925003
0 -0 0
0.2049266 -0.10013106 0.48350003
0 -0 0
0 -0 0
0.21829061 -0.1004417 0.48500001
0.22230396 -0.10033815 0.48450002
0 -0 0
0 -0 0
0 -0 0
0 -0 0
0.22791615 -0.093918167 0.45350003
0.23162766 -0.093814619 0.45300001
0 -0 0
0.2418008 -0.094694778 0.45725003
0.25023568 -0.096403323 0.46550003
0.25635651 -0.097179934 0.46925002
0.26157165 -0.097594127 0.47125003
0.26668075 -0.097956546 0.47300002
0.27067539 -0.097904764 0.47275001
0.27495632 -0.097956546 0.47300002
0.27879909 -0.097852997 0.47250003
0.28173488 -0.097438805 0.47050002
0.28524324 -0.097231708 0.46950004
0.28873411 -0.097024612 0.46850002
0.29252002 -0.096921064 0.46800002
0.29518801 -0.096455097 0.46575001
0.29765603 -0.095937356 0.46325001
0.3025226 -0.096196227 0.46450001
0.30576101 -0.095937356 0.46325001
0.30780715 -0.095316067 0.46025002
0.31081709 -0.095005423 0.45875001
0.31397235 -0.094746552 0.45750001
-0 -0 0
-0 -0 0
-0 -0 0
-0 -0 0
-0 -0 0
-0 -0 0
-0 -0 0
-0 -0 0
-0 -0 0
-0 -0 0
-0 -0 0
-0 -0 0
-0 -0 0
-0 -0 0
-0 -0 0
-0 -0 0
-0 -0 0
-0 -0 0
-0 -0 0
-0 -0 0
-0 -0 0
-0 -0 0
-0 -0 0
-0 -0 0
-0 -0 0
-0 -0 0
-0 -0 0
-0 -0 0
-0 -0 0
-0 -0 0
-0 -0 0
-0 -0 0
-0 -0 0
-0 -0 0
-0 -0 0
-0 -0 0
-0 -0 0
-0 -0 0
-0 -0 0
-0 -0 0
-0 -0 0
-0 -0 0
-0 -0 0
-0 -0 0
-0 -0 0
-0 -0 0
-0 -0 0
-0 -0 0
-0 -0 0
-0 -0 0
-0 -0 0
-0 -0 0
-0 -0 0
-0 -0 0
-0 -0 0
-0 -0 0
-0 -0 0
-0 -0 0
-0 -0 0
-0 -0 0
-0 -0 0
-0 -0 0
-0 -0 0
-0 -0 0
-0 -0 0
-0 -0 0
-0 -0 0
-0.048598535 -0.081325576 0.41000003
-0.044956986 -0.081226401 0.40950003
-0.041349437 -0.08117681 0.40925002
-0.037838556 -0.081325576 0.41000003
-0.03437721 -0.081623107 0.41150001
-0.030814826 -0.081722289 0.41200003
-0.027243694 -0.081821464 0.41250002
-0.023649486 -0.081871048 0.41275001
-0.020075183 -0.082019813 0.41350001
-0.016487757 -0.082168579 0.41425002
-0.012879445 -0.082267761 0.41475001
-0.0092623858 -0.082366943 0.41525003
-0.0056297998 -0.082366943 0.41525003
-0.0019960105 -0.082317352 0.41500002
0.0016353735 -0.082366943 0.41525003
0.0052774744 -0.082515702 0.41600001
0.0089326976 -0.082664467 0.41675001
0.012834953 -0.084350489 0.42525002
0.016827529 -0.085738972 0.43225002
0.021896139 -0.091094561 0.45925003
0.026153445 -0.091937572 0.46350002
0.030273292 -0.092135921 0.46450001
0.034429118 -0.092383869 0.46575001
0.038606811 -0.092631809 0.46700001
0.042966358 -0.09322688 0.47000003
0.047503602 -0.094069883 0.47425002
0.052006286 -0.094714537 0.47750002
0.056154016 -0.094664946 0.47725001
0.060328972 -0.094664946 0.47725001
0.064639091 -0.09486331 0.47825003
0.069038659 -0.095160842 0.47975004
0 -0 0
0.078400724 -0.096350968 0.48575002
0 -0 0
0.087838568 -0.097392336 0.49100003
0.092321455 -0.097590685 0.49200001
0 -0 0
0 -0 0
0 -0 0
0.11248737 -0.10021889 0.50525004
0.11690727 -0.10021889 0.50525004
0.1221076 -0.10086355 0.50850004
0.12773812 -0.10180574 0.51325005
0.1321636 -0.10175614 0.51300001
0.13718404 -0.10215286 0.51500005
0.14182679 -0.10225203 0.51550001
0.14647831 -0.10235121 0.51600003
0.15113856 -0.10245039 0.5165
0.15550619 -0.10235121 0.51600003
0.1607179 -0.10279752 0.51825005
0.16493264 -0.10259915 0.51725
0.16912992 -0.10240079 0.51625001
0.17314149 -0.10210326 0.51475
0.17678174 -0.10160737 0.51225001
0.18011284 -0.10096272 0.509
0.18501882 -0.10121067 0.51025003
0 -0 0
0 -0 0
0.18956344 -0.09669809 0.48750001
0.19372869 -0.096648507 0.48725003
0.19463877 -0.095012076 0.47900003
0.19851772 -0.09486331 0.47825003
0.20460871 -0.095755905 0.48275003
0.2098051 -0.096202202 0.48500001
0.21437886 -0.096350968 0.48575002
0 -0 0
0 -0 0
0 -0 0
0 -0 0
0 -0 0
0 -0 0
0.22879565 -0.090301141 0.45525002
0.23277815 -0.090301141 0.45525002
0.23754077 -0.090598673 0.45675004
0.24246182 -0.090945795 0.45850003
0.25117642 -0.0926814 0.46725002
0.25826859 -0.093772352 0.47275001
0.26379186 -0.094268247 0.47525004
0.26851314 -0.094466597 0.47625002
0.27267933 -0.094466597 0.47625002
0.27597359 -0.094169065 0.47475001
0.27938911 -0.093921117 0.47350001
0.28233367 -0.093524404 0.47150001
0.28554702 -0.09322688 0.47000003
0.28888819 -0.092978932 0.46875003
0.29236376 -0.092780575 0.46775001
0.29534647 -0.09243346 0.46600002
0.29813793 -0.092036746 0.46400002
0.30203417 -0.091987163 0.46375003
0.30477098 -0.091590449 0.46175003
0.30730554 -0.091144145 0.45950001
0.31047833 -0.090896204 0.45825002
0.31362921 -0.090648264 0.45700002
-0 -0 0
-0 -0 0
-0 -0 0
-0 -0 0
-0 -0 0
-0 -0 0
-0 -0 0
-0 -0 0
-0 -0 0
-0 -0 0
-0 -0 0
-0 -0 0
-0 -0 0
-0 -0 0
-0 -0 0
-0 -0 0
-0 -0 0
-0 -0 0
-0 -0 0
-0 -0 0
-0 -0 0
-0 -0 0
-0 -0 0
-0 -0 0
-0 -0 0
-0 -0 0
-0 -0 0
-0 -0 0
-0 -0 0
-0 -0 0
-0 -0 0
-0 -0 0
-0 -0 0
-0 -0 0
-0 -0 0
-0 -0 0
-0 -0 0
-0 -0 0
-0 -0 0
-0 -0 0
-0 -0 0
-0 -0 0
-0 -0 0
-0 -0 0
-0 -0 0
-0 -0 0
-0 -0 0
-0 -0 0
-0 -0 0
-0 -0 0
-0 -0 0
-0 -0 0
-0 -0 0
-0 -0 0
-0 -0 0
-0 -0 0
-0 -0 0
-0 -0 0
-0 -0 0
-0 -0 0
-0 -0 0
-0 -0 0
-0 -0 0
-0 -0 0
-0 -0 0
-0 -0 0
-0.052057914 -0.07755205 0.40900001
-0.04853927 -0.077646866 0.40950003
-0.045039322 -0.077789068 0.41025001
-0.041500997 -0.077883884 0.41075003
-0.037953917 -0.077978685 0.41125003
-0.034418982 -0.078120902 0.41200003
-0.030814826 -0.078120902 0.41200003
-0.027243694 -0.078215703 0.41250002
-0.023678135 -0.078357913 0.41325003
-0.020111596 -0.07854753 0.41425002
-0.01652756 -0.078737147 0.41525003
-0.012902735 -0.078784548 0.41550002
-0.0092735384 -0.078831948 0.41575003
-0.0056365784 -0.078831948 0.41575003
-0.0019972129 -0.078737147 0.41525003
0.0016334042 -0.078642331 0.41475001
0.0052743028 -0.078831948 0.41575003
0.0089326976 -0.079021558 0.41675001
0.012872681 -0.080870301 0.42650002
0.016808065 -0.081865773 0.43175003
0.021693507 -0.086274289 0.45500001
0.025885422 -0.086985342 0.45875001
0.029768195 -0.086606115 0.45675004
0.034004066 -0.08722236 0.46000001
0.038627479 -0.088597059 0.46725002
0.04287494 -0.088928886 0.46900001
0.04735335 -0.089639932 0.47275001
0.053231563 -0.092673756 0.48875001
0.057889525 -0.093290001 0.49200001
0.062319923 -0.093479618 0.49300003
0.066734031 -0.093621828 0.49375004
0.0714131 -0.094095863 0.49625003
0.075563453 -0.093858846 0.49500003
0.079732284 -0.093669228 0.49400002
0.084521681 -0.094190672 0.49675003
0.089225024 -0.094569899 0.49875003
0.094010264 -0.094996534 0.50100005
0.098589383 -0.095186144 0.50200003
0.10308342 -0.095280945 0.5025
0.10753274 -0.095328353 0.50275004
0.11220907 -0.095565364 0.50400001
0.11719649 -0.0960394 0.50650001
0.12180743 -0.096181609 0.50725001
0.12724036 -0.09694007 0.51125002
0.13190597 -0.09708228 0.51200002
0.1365847 -0.097224489 0.51275003
0.14141411 -0.097461499 0.514
0.14612345 -0.097603716 0.51475
0.15048017 -0.097508915 0.51425004
0.15467744 -0.097319305 0.51325005
0.15994261 -0.097793333 0.51575005
0.16477323 -0.097982951 0.51675004
0.16888422 -0.097745925 0.51550001
0.17288923 -0.097461499 0.514
0.17686804 -0.097177088 0.51250005
0 -0 0
0 -0 0
0 -0 0
0 -0 0
0.18966065 -0.092484146 0.48775002
0.19382808 -0.092436738 0.48750001
0.19453718 -0.090777621 0.47875002
0.19831018 -0.090588011 0.47775003
0.20524447 -0.091820493 0.48425001
0.21034583 -0.09219972 0.48625001
0 -0 0
0 -0 0
0 -0 0
0 -0 0
0 -0 0
0 -0 0
0 -0 0
0.2292982 -0.086511306 0.45625001
0.23316163 -0.086463906 0.45600003
0 -0 0
0.24484149 -0.087791204 0.46300003
0.25238594 -0.089023694 0.46950004
0.25936121 -0.090019166 0.47475001
0.26406941 -0.090208776 0.47575003
0.26837218 -0.090256177 0.47600001
0.2721068 -0.090113975 0.47525004
0.27524695 -0.089782149 0.47350001
0.27894658 -0.089639932 0.47275001
0.28218397 -0.089355521 0.47125003
0.28539512 -0.089071095 0.46975002
0.28873411 -0.088834077 0.46850002
0.29189497 -0.088549659 0.46700001
0.29471269 -0.088170432 0.46500003
0.29813793 -0.087980814 0.46400002
0.30154568 -0.087791204 0.46300003
0.30444095 -0.087459378 0.46125001
0.30680397 -0.086985342 0.45875001
0.30997017 -0.086748324 0.45750001
0.31259981 -0.086369105 0.45550004
-0 -0 0
-0 -0 0
-0 -0 0
-0 -0 0
-0 -0 0
-0 -0 0
-0 -0 0
-0 -0 0
-0 -0 0
-0 -0 0
-0 -0 0
-0 -0 0
-0 -0 0
-0 -0 0
-0 -0 0
-0 -0 0
-0 -0 0
-0 -0 0
-0 -0 0
-0 -0 0
-0 -0 0
-0 -0 0
-0 -0 0
-0 -0 0
-0 -0 0
-0 -0 0
-0 -0 0
-0 -0 0
-0 -0 0
-0 -0 0
-0 -0 0
-0 -0 0
-0 -0 0
-0 -0 0
-0 -0 0
-0 -0 0
-0 -0 0
-0 -0 0
-0 -0 0
-0 -0 0
-0 -0 0
-0 -0 0
-0 -0 0
-0 -0 0
-0 -0 0
-0 -0 0
-0 -0 0
-0 -0 0
-0 -0 0
-0 -0 0
-0 -0 0
-0 -0 0
-0 -0 0
-0 -0 0
-0 -0 0
-0 -0 0
-0 -0 0
-0 -0 0
-0 -0 0
-0 -0 0
-0 -0 0
-0 -0 0
-0 -0 0
-0 -0 0
-0 -0 0
-0 -0 0
-0.052153379 -0.074112549 0.40975001
-0.048628166 -0.074202985 0.41025001
-0.045149107 -0.074383855 0.41125003
-0.041652549 -0.074564725 0.41225001
-0.038092349 -0.07465516 0.41275001
-0.034481637 -0.07465516 0.41275001
-0.03087092 -0.07465516 0.41275001
-0.02732625 -0.074836038 0.41375002
-0.023721108 -0.074881256 0.41400003
-0.020123733 -0.074971691 0.41450003
-0.01654746 -0.075197786 0.41575003
-0.012910499 -0.075197786 0.41575003
-0.0092735384 -0.075197786 0.41575003
-0.0056433571 -0.075288221 0.41625002
-0.002003225 -0.075333439 0.41650003
0.0016412808 -0.075378656 0.41675001
0.0052965037 -0.075514309 0.41750002
0.0089702066 -0.075695179 0.41850001
0.012917954 -0.077413477 0.42800003
0.016827529 -0.078182183 0.43225002
0.021383598 -0.081121355 0.44850001
0.025828997 -0.082794435 0.45775002
0.029768195 -0.082613565 0.45675004
0.033930145 -0.083020523 0.45900002
0.039309505 -0.08600492 0.47550002
0.042989213 -0.085055336 0.47025001
0.047453519 -0.085688397 0.47375003
0.053367704 -0.088627569 0.49000001
0.057889525 -0.088989317 0.49200001
0.062414732 -0.089305848 0.49375004
0.066936769 -0.089577153 0.49525002
0.0714131 -0.089758031 0.49625003
0.075601615 -0.089577153 0.49525002
0.079772636 -0.089396283 0.49425003
0.084351532 -0.089667588 0.49575001
0.089225024 -0.090210207 0.49875003
0.094104081 -0.090707608 0.50150001
0.098491177 -0.090707608 0.50150001
0.10318599 -0.090978913 0.50300002
0.10769316 -0.091069356 0.50350004
0.11209776 -0.091069356 0.50350004
0.11737003 -0.091747619 0.50725001
0.12186747 -0.091792852 0.50750005
0.1273648 -0.092561558 0.51175004
0.13203479 -0.092697211 0.51250005
0.1365847 -0.092742428 0.51275003
0.14230826 -0.093556345 0.51725
0.14775573 -0.09414418 0.5205
0.15165065 -0.09373723 0.51825005
0.15656097 -0.09396331 0.51950002
0.16102801 -0.0939181 0.51925004
0.16509208 -0.093646787 0.51775002
0.16986705 -0.09378244 0.51850003
0.17440286 -0.09378244 0.51850003
0.17781708 -0.093194604 0.51525003
0.18152827 -0.092787638 0.51300001
0.18574402 -0.092651986 0.51225001
0.18966812 -0.092380673 0.51075
0.18995504 -0.090391077 0.49975002
0.1900495 -0.088401482 0.48875001
0.19561726 -0.088989317 0.49200001
0.20032759 -0.089170195 0.49300003
0 -0 0
0 -0 0
0 -0 0
0 -0 0
0.21919079 -0.088084951 0.48700002
0.22241867 -0.087677993 0.48475003
0 -0 0
0 -0 0
0 -0 0
0 -0 0
0.22954951 -0.082613565 0.45675004
0.23354512 -0.082613565 0.45675004
0 -0 0
0.2452381 -0.083879672 0.46375003
0.25278911 -0.085055336 0.47025001
0.2600441 -0.086095355 0.47600001
0.26420817 -0.086095355 0.47600001
0.26823124 -0.086050138 0.47575003
0.27182049 -0.085869268 0.47475001
0.27510163 -0.085597962 0.47325003
0.27879909 -0.085462302 0.47250003
0.28218397 -0.085236214 0.47125003
0.28524324 -0.084919684 0.46950004
0.28873411 -0.084738813 0.46850002
0.29173872 -0.084422283 0.46675003
0.29423735 -0.083970107 0.46425003
0.2979773 -0.083879672 0.46375003
0.30154568 -0.083744012 0.46300003
0.30477098 -0.083517924 0.46175003
0.30680397 -0.082975306 0.45875001
0.30997017 -0.08274921 0.45750001
0.31242824 -0.082342252 0.45525002
-0 -0 0
-0 -0 0
-0 -0 0
-0 -0 0
-0 -0 0
-0 -0 0
-0 -0 0
-0 -0 0
-0 -0 0
-0 -0 0
-0 -0 0
-0 -0 0
-0 -0 0
-0 -0 0
-0 -0 0
-0 -0 0
-0 -0 0
-0 -0 0
-0 -0 0
-0 -0 0
-0 -0 0
-0 -0 0
-0 -0 0
-0 -0 0
-0 -0 0
-0 -0 0
-0 -0 0
-0 -0 0
-0 -0 0
-0 -0 0
-0 -0 0
-0 -0 0
-0 -0 0
-0 -0 0
-0 -0 0
-0 -0 0
-0 -0 0
-0 -0 0
-0 -0 0
-0 -0 0
-0 -0 0
-0 -0 0
-0 -0 0
-0 -0 0
-0 -0 0
-0 -0 0
-0 -0 0
-0 -0 0
-0 -0 0
-0 -0 0
-0 -0 0
-0 -0 0
-0 -0 0
-0 -0 0
-0 -0 0
-0 -0 0
-0 -0 0
-0 -0 0
-0 -0 0
-0 -0 0
-0 -0 0
-0 -0 0
-0 -0 0
-0 -0 0
-0 -0 0
-0.056043919 -0.070918128 0.41200003
-0.0523443 -0.070789024 0.41125003
-0.048746701 -0.070789024 0.41125003
-0.045203999 -0.070875093 0.41175002
-0.041652549 -0.070961155 0.41225001
-0.038138498 -0.071133286 0.41325003
-0.034544293 -0.07117632 0.41350001
-0.030927015 -0.07117632 0.41350001
-0.02732625 -0.071219355 0.41375002
-0.023735432 -0.071305417 0.41425002
-0.020123733 -0.071348451 0.41450003
-0.01654746 -0.071563616 0.41575003
-0.012918262 -0.071606643 0.41600001
-0.009284691 -0.071649686 0.41625002
-0.0056501357 -0.071735747 0.41675001
-0.0020080346 -0.071864843 0.41750002
0.0016462037 -0.071950912 0.41800001
0.0053091897 -0.072036974 0.41850001
0.0089755654 -0.072080009 0.41875002
0.012910409 -0.073629193 0.42775002
0.016817797 -0.074360751 0.43200001
0.021693507 -0.078319773 0.45500001
0.025955953 -0.079180427 0.46000001
0.029963717 -0.0791374 0.45975003
0.034632403 -0.080643542 0.46850002
0.038834155 -0.080858707 0.46975002
0.043034922 -0.081030846 0.47075003
0.04735335 -0.0813751 0.47275001
0.05208797 -0.08232183 0.47825003
0.056301091 -0.082364857 0.47850001
0 -0 0
0 -0 0
0.069758184 -0.083440684 0.48475003
0.07407508 -0.083526745 0.48525003
0.079046331 -0.084301338 0.48975003
0.083670937 -0.084645599 0.49175003
0.088598877 -0.085248061 0.49525002
0 -0 0
0 -0 0
0 -0 0
0.1081744 -0.087055437 0.50575
0 -0 0
0.11835342 -0.088045187 0.5115
0.12348837 -0.08851856 0.51425004
0.12873363 -0.089034945 0.51725
0.13358055 -0.089250118 0.51850003
0.13838273 -0.089422241 0.51950002
0.14313364 -0.089551345 0.52025002
0.14789766 -0.089680441 0.52100003
0.15245536 -0.089680441 0.52100003
0.15716372 -0.08976651 0.52150005
0.16164824 -0.089723475 0.52125001
0.16588925 -0.089551345 0.52025002
0.17035848 -0.089508317 0.52000004
0.17465512 -0.089379214 0.51925004
0.17807591 -0.088819787 0.51600003
0.1819706 -0.08851856 0.51425004
0.18610664 -0.088346429 0.51325005
0.19022515 -0.088174291 0.51225001
0.18995504 -0.086022653 0.49975002
0.19063278 -0.084387399 0.49025002
0.19651185 -0.08507593 0.49425003
0.20053075 -0.084946834 0.49350002
0.20526296 -0.085118957 0.49450001
0.20842327 -0.084645599 0.49175003
0 -0 0
0 -0 0
0.21975338 -0.084043138 0.48825002
0.22379516 -0.083957076 0.48775002
0 -0 0
0 -0 0
0 -0 0
0.22629461 -0.0788792 0.45825002
0.22967514 -0.078664035 0.45700002
0.23380078 -0.078707069 0.45725003
0 -0 0
0.24497367 -0.079739854 0.46325001
0.25359544 -0.081202969 0.47175002
0.26031727 -0.082020596 0.47650003
0.26448569 -0.082020596 0.47650003
0.26809028 -0.081848465 0.47550002
0.27196366 -0.081762403 0.47500002
0.27524695 -0.081504203 0.47350001
0.2790941 -0.081418134 0.47300002
0.28248337 -0.081202969 0.47175002
0.28524324 -0.08081568 0.46950004
0.28842595 -0.08055748 0.46800002
0.29220751 -0.080471419 0.46750003
0.29455423 -0.079998054 0.46475002
0.2979773 -0.079825923 0.46375003
0.30138287 -0.079653792 0.46275002
0.30510098 -0.079567723 0.46225002
0.30763996 -0.079180427 0.46000001
0.31013957 -0.078793131 0.45775002
0.31259981 -0.078405842 0.45550004
-0 -0 0
-0 -0 0
-0 -0 0
-0 -0 0
-0 -0 0
-0 -0 0
-0 -0 0
-0 -0 0
-0 -0 0
-0 -0 0
-0 -0 0
-0 -0 0
-0 -0 0
-0 -0 0
-0 -0 0
-0 -0 0
-0 -0 0
-0 -0 0
-0 -0 0
-0 -0 0
-0 -0 0
-0 -0 0
-0 -0 0
-0 -0 0
-0 -0 0
-0 -0 0
-0 -0 0
-0 -0 0
-0 -0 0
-0 -0 0
-0 -0 0
-0 -0 0
-0 -0 0
-0 -0 0
-0 -0 0
-0 -0 0
-0 -0 0
-0 -0 0
-0 -0 0
-0 -0 0
-0 -0 0
-0 -0 0
-0 -0 0
-0 -0 0
-0 -0 0
-0 -0 0
-0 -0 0
-0 -0 0
-0 -0 0
-0 -0 0
-0 -0 0
-0 -0 0
-0 -0 0
-0 -0 0
-0 -0 0
-0 -0 0
-0 -0 0
-0 -0 0
-0 -0 0
-0 -0 0
-0 -0 0
-0 -0 0
-0 -0 0
-0 -0 0
-0 -0 0
-0.056043919 -0.067316741 0.41200003
-0.052376118 -0.067235038 0.41150001
-0.048835602 -0.067316741 0.41200003
-0.045286339 -0.067398429 0.41250002
-0.041703068 -0.06743928 0.41275001
-0.038138498 -0.067520976 0.41325003
-0.034565181 -0.067602672 0.41375002
-0.030945715 -0.067602672 0.41375002
-0.027309738 -0.06756182 0.41350001
-0.023721108 -0.067643516 0.41400003
-0.02013587 -0.067766055 0.41475001
-0.01654746 -0.067929454 0.41575003
-0.012926025 -0.068011142 0.41625002
-0.009284691 -0.068011142 0.41625002
-0.0056501357 -0.068092838 0.41675001
-0.0020104395 -0.068297073 0.41800001
0.0016481727 -0.068378769 0.41850001
0.0053123613 -0.06841962 0.41875002
0.0089755654 -0.06841962 0.41875002
0.013016046 -0.070461996 0.43125001
0.016817797 -0.070584536 0.43200001
0.021848461 -0.074873529 0.45825002
0.02633683 -0.076262347 0.46675003
0.030419935 -0.076262347 0.46675003
0.034706324 -0.07671167 0.46950004
0.038772151 -0.076629974 0.46900001
0.043034922 -0.076915912 0.47075003
0.047453519 -0.077406079 0.47375003
0.052060742 -0.078100488 0.47800002
0.056389339 -0.078304723 0.47925001
0.060961023 -0.078794897 0.48225003
0.0655514 -0.079244219 0.48500001
0.069722205 -0.079162523 0.48450002
0.074189566 -0.07940761 0.48600003
0.079127029 -0.080102012 0.49025002
0.083628394 -0.080306254 0.49150002
0 -0 0
0 -0 0
0.098245695 -0.081735916 0.50025004
0 -0 0
0 -0 0
0.11426847 -0.083859995 0.51325005
0.1188162 -0.083900839 0.51350003
0.12384857 -0.084268466 0.51575005
0.12867142 -0.084472701 0.51700002
0.1340314 -0.085003719 0.52025002
0.13884889 -0.08516711 0.52125001
0.14375268 -0.085371353 0.52250004
0.14874929 -0.08561644 0.52400005
0.15282112 -0.085330494 0.52225
0.15738973 -0.085330494 0.52225
0.16188084 -0.08528965 0.52200001
0.1662081 -0.08516711 0.52125001
0.17052227 -0.085044563 0.5205
0.17465512 -0.084840328 0.51925004
0.17842102 -0.084472701 0.51700002
0.18223599 -0.084145926 0.51500005
0.18646924 -0.084023379 0.51425004
0.19041084 -0.083778292 0.51275003
0.18966997 -0.081531674 0.49900001
0.19063278 -0.080102012 0.49025002
0.19690944 -0.080918968 0.49525002
0.20083551 -0.080755576 0.49425003
0.20422524 -0.080387942 0.49200001
0.20821135 -0.08026541 0.49125004
0.21272507 -0.080347098 0.49175003
0.21592353 -0.079938628 0.48925003
0.21997842 -0.079856925 0.48875001
0.22390987 -0.079734392 0.48800004
0 -0 0
0 -0 0
0 -0 0
0 -0 0
0.22954951 -0.07462845 0.45675004
0.23341729 -0.074587598 0.45650002
0 -0 0
0.24444488 -0.075527094 0.46225002
0.25372985 -0.077120148 0.47200003
0.25977096 -0.07769201 0.47550002
0.26448569 -0.077855401 0.47650003
0.26837218 -0.077773705 0.47600001
0.27224991 -0.07769201 0.47550002
0.27582827 -0.077528618 0.47450003
0.27968416 -0.07744693 0.47400004
0.28293249 -0.077201843 0.47250003
0.28615457 -0.076956756 0.47100002
0.28935039 -0.07671167 0.46950004
0.29267627 -0.076507434 0.46825004
0.29550493 -0.076180652 0.46625003
0.2979773 -0.075772181 0.46375003
0.30138287 -0.075608782 0.46275002
0.30493596 -0.075486243 0.46200001
0.30797434 -0.075241163 0.46050003
0.31047833 -0.074873529 0.45825002
0.31328607 -0.074587598 0.45650002
-0 -0 0
-0 -0 0
-0 -0 0
-0 -0 0
-0 -0 0
-0 -0 0
-0 -0 0
-0 -0 0
-0 -0 0
-0 -0 0
-0 -0 0
-0 -0 0
-0 -0 0
-0 -0 0
-0 -0 0
-0 -0 0
-0 -0 0
-0 -0 0
-0 -0 0
-0 -0 0
-0 -0 0
-0 -0 0
-0 -0 0
-0 -0 0
-0 -0 0
-0 -0 0
-0 -0 0
-0 -0 0
-0 -0 0
-0 -0 0
-0 -0 0
-0 -0 0
-0 -0 0
-0 -0 0
-0 -0 0
-0 -0 0
-0 -0 0
-0 -0 0
-0 -0 0
-0 -0 0
-0 -0 0
-0 -0 0
-0 -0 0
-0 -0 0
-0 -0 0
-0 -0 0
-0 -0 0
-0 -0 0
-0 -0 0
-0 -0 0
-0 -0 0
-0 -0 0
-0 -0 0
-0 -0 0
-0 -0 0
-0 -0 0
-0 -0 0
-0 -0 0
-0 -0 0
-0 -0 0
-0 -0 0
-0 -0 0
-0 -0 0
-0 -0 0
-0 -0 0
-0.056043919 -0.063715354 0.41200003
-0.052471578 -0.063754007 0.41225001
-0.048894867 -0.063792676 0.41250002
-0.045286339 -0.063792676 0.41250002
-0.041728329 -0.063869998 0.41300002
-0.038115423 -0.063869998 0.41300002
-0.034544293 -0.06394732 0.41350001
-0.030945715 -0.063985988 0.41375002
-0.027342763 -0.06402465 0.41400003
-0.023764081 -0.064140633 0.41475001
-0.020172281 -0.064256623 0.41550002
-0.016577311 -0.064411275 0.41650003
-0.012949316 -0.064488597 0.41700003
-0.0092902677 -0.064411275 0.41650003
-0.0056535252 -0.064488597 0.41700003
-0.0020116419 -0.064681903 0.41825002
0.0016481727 -0.064720564 0.41850001
0.0053091897 -0.064720564 0.41850001
0.0089702066 -0.064720564 0.41850001
0 -0 0
0.0167886 -0.066692337 0.43125001
0.021836542 -0.070829198 0.45800003
0.026421469 -0.072414353 0.46825004
0.030533988 -0.072453015 0.46850002
0.034780245 -0.072762311 0.47050002
0.03887549 -0.072723649 0.47025001
0.043217756 -0.073110268 0.47275001
0.047678888 -0.073612876 0.47600001
0.052469168 -0.07450211 0.48175001
0.056536417 -0.074308798 0.48050001
0.060771406 -0.074347459 0.48075002
0.065281086 -0.074695423 0.48300001
0 -0 0
0.074304059 -0.075275354 0.48675004
0 -0 0
0 -0 0
0.088285811 -0.076319233 0.49350002
0.09363497 -0.077169806 0.49900001
0.098343886 -0.077440441 0.50075001
0 -0 0
0.10967163 -0.079296231 0.51275003
0.11399017 -0.079180241 0.51200002
0.1187005 -0.079334885 0.51300001
0.12348837 -0.079528205 0.51425004
0.12867142 -0.079953484 0.51700002
0.13390258 -0.080378763 0.51975
0.13911526 -0.080765389 0.52225
0.14395903 -0.080920041 0.52325004
0.14874929 -0.081036031 0.52400005
0.15311375 -0.080920041 0.52325004
0.15738973 -0.080765389 0.52225
0.16180331 -0.080688067 0.52175003
0.1662081 -0.080610737 0.52125001
0.17019466 -0.08034011 0.51950002
0.17448695 -0.080224119 0.51875001
0.17842102 -0.079953484 0.51700002
0.18241291 -0.07972151 0.51550001
0.18646924 -0.079528205 0.51425004
0.19003949 -0.07914158 0.51175004
0.19043018 -0.077479109 0.50100005
0.19043835 -0.075739302 0.48975003
0.19730705 -0.076744519 0.49625003
0.20174979 -0.07678318 0.49650002
0.2047441 -0.076280572 0.49325001
0.20852922 -0.076087259 0.49200001
0.21272507 -0.076048605 0.49175003
0.2161442 -0.075739302 0.48975003
0.21997842 -0.07558465 0.48875001
0.22390987 -0.075468667 0.48800004
0 -0 0
0 -0 0
0 -0 0
0.22814645 -0.071447797 0.46200001
0.22967514 -0.070674554 0.45700002
0.23303379 -0.070481241 0.45575002
0 -0 0
0.2452381 -0.071718432 0.46375003
0.2544018 -0.073187597 0.47325003
0.26018068 -0.073651545 0.47625002
0.26462445 -0.073728867 0.47675002
0.26851314 -0.073651545 0.47625002
0.27253619 -0.073612876 0.47600001
0.27655488 -0.073574215 0.47575003
0.28027421 -0.073458232 0.47500002
0.28323188 -0.073148936 0.47300002
0.28661022 -0.072955623 0.47175002
0.28950447 -0.07264632 0.46975002
0.29267627 -0.072414353 0.46825004
0.29566336 -0.072143711 0.46650001
0.29878047 -0.071911745 0.46500003
0.30187133 -0.071679771 0.46350002
0.30510098 -0.071486458 0.46225002
0.30847591 -0.071331806 0.46125001
0.31183338 -0.071177162 0.46025002
0.3143155 -0.070829198 0.45800003
-0 -0 0
-0 -0 0
-0 -0 0
-0 -0 0
-0 -0 0
-0 -0 0
-0 -0 0
-0 -0 0
-0 -0 0
-0 -0 0
-0 -0 0
-0 -0 0
-0 -0 0
-0 -0 0
-0 -0 0
-0 -0 0
-0 -0 0
-0 -0 0
-0 -0 0
-0 -0 0
-0 -0 0
-0 -0 0
-0 -0 0
-0 -0 0
-0 -0 0
-0 -0 0
-0 -0 0
-0 -0 0
-0 -0 0
-0 -0 0
-0 -0 0
-0 -0 0
-0 -0 0
-0 -0 0
-0 -0 0
-0 -0 0
-0 -0 0
-0 -0 0
-0 -0 0
-0 -0 0
-0 -0 0
-0 -0 0
-0 -0 0
-0 -0 0
-0 -0 0
-0 -0 0
-0 -0 0
-0 -0 0
-0 -0 0
-0 -0 0
-0 -0 0
-0 -0 0
-0 -0 0
-0 -0 0
-0 -0 0
-0 -0 0
-0 -0 0
-0 -0 0
-0 -0 0
-0 -0 0
-0 -0 0
-0 -0 0
-0 -0 0
-0 -0 0
-0 -0 0
-0 -0 0
-0.052535221 -0.060223393 0.41275001
-0.048894867 -0.060186919 0.41250002
-0.045231447 -0.060113963 0.41200003
-0.041627292 -0.060113963 0.41200003
-0.038023137 -0.060113963 0.41200003
-0.034502525 -0.060259871 0.41300002
-0.030945715 -0.060369302 0.41375002
-0.027375784 -0.060478732 0.41450003
-0.023821378 -0.060661118 0.41575003
-0.020245107 -0.060843501 0.41700003
-0.016607162 -0.060879976 0.41725001
-0.012949316 -0.060843501 0.41700003
-0.0092958435 -0.060807023 0.41675001
-0.0056569143 -0.060879976 0.41725001
-0.0020116419 -0.061025888 0.41825002
0.0016481727 -0.061062362 0.41850001
0.0053091897 -0.061062362 0.41850001
0.0089970008 -0.061244749 0.41975003
0.01285759 -0.062156674 0.42600003
0.016798332 -0.062959164 0.43150002
0.021776944 -0.066643335 0.45675004
0.026435575 -0.068357743 0.46850002
0.030566575 -0.068430699 0.46900001
0.034761764 -0.068613082 0.47025001
0.038978826 -0.068795465 0.47150001
0.043263469 -0.069050811 0.47325003
0.047728974 -0.069525011 0.47650003
0.052686997 -0.070582837 0.48375002
0.05677174 -0.070400454 0.48250002
0.061024226 -0.070436932 0.48275003
0.065145932 -0.070327498 0.48200002
0 -0 0
0.074227728 -0.07094761 0.48625001
0.078844577 -0.071275905 0.48850003
0 -0 0
0.089001402 -0.07258907 0.49750003
0.093775705 -0.072917365 0.49975002
0.098392993 -0.073099747 0.50100005
0 -0 0
0 -0 0
0.11343357 -0.074339963 0.50950003
0.1187005 -0.074850634 0.51300001
0.12342832 -0.074996546 0.514
0.12966694 -0.076017901 0.52100003
0 -0 0
0.13938165 -0.076346196 0.52325004
0.14450927 -0.076638006 0.52525002
0.14917508 -0.076674484 0.5255
0.15391846 -0.07674744 0.52600002
0.15897192 -0.076966301 0.52750003
0.16265613 -0.076528572 0.52450001
0.16676612 -0.076309711 0.523
0.1708499 -0.076090857 0.52150005
0.1749074 -0.075871997 0.52000004
0.17928378 -0.07579904 0.51950002
0.18338603 -0.075616658 0.51825005
0.18710379 -0.075288363 0.51600003
0.190318 -0.074777685 0.51250005
0.18957496 -0.072771452 0.49875003
0.19092441 -0.07164067 0.49100003
0.19730705 -0.072406687 0.49625003
0.20144503 -0.072333731 0.49575001
0.20505542 -0.072078392 0.49400002
0.20948286 -0.07211487 0.49425003
0.21337396 -0.071968958 0.49325001
0.21636488 -0.071531236 0.49025002
0.22054103 -0.071494758 0.49000001
0.22436869 -0.071348853 0.48900002
0 -0 0
0 -0 0
0 -0 0
0.22703536 -0.067081057 0.45975003
0.23017772 -0.066825718 0.45800003
0 -0 0
0 -0 0
0.24656014 -0.068029456 0.46625003
0.2560145 -0.069488533 0.47625002
0.26113674 -0.069743872 0.47800002
0.26504076 -0.069670916 0.47750002
0.26893598 -0.06959796 0.47700003
0.27296561 -0.069561481 0.47675002
0.27699086 -0.069525011 0.47650003
0.28071675 -0.069415577 0.47575003
0.28383067 -0.069160238 0.47400004
0.28706589 -0.068941377 0.47250003
0.29012078 -0.068686038 0.47075003
0.29283252 -0.068357743 0.46850002
0.29582182 -0.068102412 0.46675003
0.29894111 -0.067883544 0.46525002
0.30235979 -0.067737639 0.46425003
0.30576101 -0.067591727 0.46325001
0.30931193 -0.0674823 0.46250004
0.31251091 -0.067299917 0.46125001
0.31448707 -0.066862196 0.45825002
-0 -0 0
-0 -0 0
-0 -0 0
-0 -0 0
-0 -0 0
-0 -0 0
-0 -0 0
-0 -0 0
-0 -0 0
-0 -0 0
-0 -0 0
-0 -0 0
-0 -0 0
-0 -0 0
-0 -0 0
-0 -0 0
-0 -0 0
-0 -0 0
-0 -0 0
-0 -0 0
-0 -0 0
-0 -0 0
-0 -0 0
-0 -0 0
-0 -0 0
-0 -0 0
-0 -0 0
-0 -0 0
-0 -0 0
-0 -0 0
-0 -0 0
-0 -0 0
-0 -0 0
-0 -0 0
-0 -0 0
-0 -0 0
-0 -0 0
-0 -0 0
-0 -0 0
-0 -0 0
-0 -0 0
-0 -0 0
-0 -0 0
-0 -0 0
-0 -0 0
-0 -0 0
-0 -0 0
-0 -0 0
-0 -0 0
-0 -0 0
-0 -0 0
-0 -0 0
-0 -0 0
-0 -0 0
-0 -0 0
-0 -0 0
-0 -0 0
-0 -0 0
-0 -0 0
-0 -0 0
-0 -0 0
-0 -0 0
-0 -0 0
-0 -0 0
-0 -0 0
-0.056009907 -0.056478284 0.41175002
-0.052598864 -0.056684036 0.41325003
-0.049102299 -0.056821201 0.41425002
-0.045423571 -0.056752618 0.41375002
-0.041728329 -0.056649741 0.41300002
-0.038046207 -0.056546867 0.41225001
-0.034565181 -0.056752618 0.41375002
-0.03100181 -0.056855492 0.41450003
-0.027425319 -0.05695837 0.41525003
-0.023864353 -0.057129826 0.41650003
-0.020257244 -0.057232697 0.41725001
-0.016607162 -0.057232697 0.41725001
-0.012964843 -0.057266992 0.41750002
-0.0093237255 -0.057335574 0.41800001
-0.0056704725 -0.057369865 0.41825002
-0.0020152491 -0.057472743 0.41900003
0.001650142 -0.057472743 0.41900003
0.0053218761 -0.057541326 0.41950002
0.009023793 -0.057747077 0.42100003
0.012736862 -0.057884242 0.42200002
0.016837263 -0.059324492 0.43250003
0.021753104 -0.062582187 0.45625001
0.026463788 -0.064331062 0.46900001
0.030599164 -0.064399652 0.46950004
0.034817208 -0.064605393 0.47100002
0.038999494 -0.06470827 0.47175002
0.043217756 -0.064845435 0.47275001
0.04765385 -0.065256938 0.47575003
0.052768681 -0.066457145 0.48450002
0.057007063 -0.066457145 0.48450002
0 -0 0
0 -0 0
0.070405759 -0.067108683 0.48925003
0 -0 0
0 -0 0
0 -0 0
0 -0 0
0 -0 0
0 -0 0
0 -0 0
0 -0 0
0.11554863 -0.071189389 0.51900005
0.1210722 -0.071772344 0.52325004
0.12558952 -0.071738049 0.523
0.13041359 -0.071875222 0.52400005
0.13551277 -0.072149552 0.52600002
0.14044717 -0.072321013 0.52725005
0.14533465 -0.072458178 0.52825004
0.15002671 -0.072492465 0.52850002
0.15472315 -0.072526753 0.52875
0.1592733 -0.072492465 0.52850002
0.16350895 -0.072321013 0.52725005
0.16748357 -0.072046675 0.52525002
0.17183273 -0.071943797 0.52450001
0.1756642 -0.071635172 0.52225
0.17954262 -0.071360841 0.52025002
0.18365142 -0.071189389 0.51900005
0.18755704 -0.070949338 0.51725
0.19143204 -0.070709303 0.51550001
0.18986003 -0.068514645 0.49950004
0.19141047 -0.067520186 0.49225003
0.19750585 -0.06813743 0.49675003
0.20164821 -0.068068847 0.49625003
0.20536675 -0.067863099 0.49475002
0.20948286 -0.067794517 0.49425003
0.21359026 -0.067725934 0.49375004
0 -0 0
0.22076608 -0.067280143 0.49050003
0 -0 0
0 -0 0
0 -0 0
0 -0 0
0.22641808 -0.06289082 0.45850003
0.22980079 -0.06271936 0.45725003
0 -0 0
0 -0 0
0.25026184 -0.064914025 0.47325003
0.25641766 -0.065428399 0.47700003
0.26127332 -0.065599851 0.47825003
0.26545703 -0.065599851 0.47825003
0.26978168 -0.065634146 0.47850001
0.27368131 -0.065565564 0.47800002
0.27728152 -0.065428399 0.47700003
0.28101176 -0.065325521 0.47625002
0.28442949 -0.065154061 0.47500002
0.28782532 -0.064982608 0.47375003
0.29104519 -0.064776853 0.47225001
0.29408261 -0.06453681 0.47050002
0.29629716 -0.064125314 0.46750003
0.29910174 -0.063850984 0.46550003
0.30268544 -0.063748106 0.46475002
0.30642104 -0.063679524 0.46425003
0.30998069 -0.063576646 0.46350002
0.31369659 -0.063508064 0.46300003
0.31465864 -0.06289082 0.45850003
-0 -0 0
-0 -0 0
-0 -0 0
-0 -0 0
-0 -0 0
-0 -0 0
-0 -0 0
-0 -0 0
-0 -0 0
-0 -0 0
-0 -0 0
-0 -0 0
-0 -0 0
-0 -0 0
-0 -0 0
-0 -0 0
-0 -0 0
-0 -0 0
-0 -0 0
-0 -0 0
-0 -0 0
-0 -0 0
-0 -0 0
-0 -0 0
-0 -0 0
-0 -0 0
-0 -0 0
-0 -0 0
-0 -0 0
-0 -0 0
-0 -0 0
-0 -0 0
-0 -0 0
-0 -0 0
-0 -0 0
-0 -0 0
-0 -0 0
-0 -0 0
-0 -0 0
-0 -0 0
-0 -0 0
-0 -0 0
-0 -0 0
-0 -0 0
-0 -0 0
-0 -0 0
-0 -0 0
-0 -0 0
-0 -0 0
-0 -0 0
-0 -0 0
-0 -0 0
-0 -0 0
-0 -0 0
-0 -0 0
-0 -0 0
-0 -0 0
-0 -0 0
-0 -0 0
-0 -0 0
-0 -0 0
-0 -0 0
-0 -0 0
-0 -0 0
-0 -0 0
-0.056145936 -0.053007506 0.41275001
-0.052598864 -0.053071722 0.41325003
-0.049102299 -0.053200144 0.41425002
-0.045478463 -0.053200144 0.41425002
-0.041854624 -0.053200144 0.41425002
-0.038253859 -0.053232253 0.41450003
-0.034711376 -0.053360678 0.41550002
-0.031039206 -0.053296465 0.41500002
-0.027425319 -0.053328574 0.41525003
-0.023864353 -0.053489104 0.41650003
-0.020257244 -0.053585421 0.41725001
-0.016617112 -0.05361753 0.41750002
-0.012988132 -0.053713847 0.41825002
-0.0093460316 -0.053810168 0.41900003
-0.0056874193 -0.053874377 0.41950002
-0.002017654 -0.053874377 0.41950002
0.0016530957 -0.053906485 0.41975003
0.005331391 -0.053970698 0.42025003
0.0090291509 -0.05409912 0.42125002
0.012774589 -0.054355972 0.42325002
0.016885925 -0.055704441 0.43375003
0.021776944 -0.05865822 0.45675004
0.026520215 -0.060359854 0.47000003
0.030648042 -0.060391955 0.47025001
0.034891132 -0.060616702 0.47200003
0.039061498 -0.060680915 0.47250003
0.043217756 -0.060713019 0.47275001
0.047453519 -0.060841449 0.47375003
0.052741453 -0.062189911 0.48425001
0.057007063 -0.062222019 0.48450002
0 -0 0
0 -0 0
0 -0 0
0 -0 0
0 -0 0
0 -0 0
0 -0 0
0 -0 0
0 -0 0
0 -0 0
0 -0 0
0.11532598 -0.06652426 0.51800001
0.1208408 -0.067070067 0.52225
0.12600976 -0.067391135 0.52475005
0.1307869 -0.067487448 0.5255
0.13589922 -0.0677443 0.52750003
0.14091332 -0.067936942 0.52900004
0.14526586 -0.067808509 0.528
0.1498138 -0.067776404 0.52775002
0.15465 -0.067872725 0.52850002
0.15942398 -0.067936942 0.52900004
0.16358648 -0.0677443 0.52750003
0.16756327 -0.067487448 0.5255
0.17191464 -0.067391135 0.52475005
0.17616874 -0.067262702 0.52375001
0.17971517 -0.066877432 0.52075005
0.18382834 -0.066716902 0.51950002
0.18782899 -0.06652426 0.51800001
0.19133921 -0.066171095 0.51525003
0.1905252 -0.064373143 0.50125003
0.19121605 -0.063153103 0.49175003
0.19720764 -0.06369891 0.49600002
0.20154661 -0.06369891 0.49600002
0.20557429 -0.063602589 0.49525002
0.2093769 -0.063442059 0.49400002
0 -0 0
0 -0 0
0.22042853 -0.062896252 0.48975003
0 -0 0
0 -0 0
0 -0 0
0 -0 0
0.22654152 -0.058915067 0.45875001
0.23005207 -0.058786642 0.45775002
0.2317555 -0.05820873 0.45325002
0.24144128 -0.059621409 0.46425003
0.24735335 -0.060070895 0.46775001
0.25641766 -0.06125883 0.47700003
0.26168305 -0.061515681 0.47900003
0.26628965 -0.061611999 0.47975004
0.27076837 -0.061676212 0.48025003
0.27454013 -0.061579891 0.47950003
0.27800813 -0.06141936 0.47825003
0.28204435 -0.061387252 0.47800002
0.28562707 -0.06125883 0.47700003
0.28888851 -0.061066192 0.47550002
0.29258594 -0.060969871 0.47475001
0.29595774 -0.06080934 0.47350001
0.29867387 -0.060520384 0.47125003
0.30183253 -0.060327746 0.46975002
0.30512777 -0.060167212 0.46850002
0.30807114 -0.059942469 0.46675003
0.31115106 -0.059749831 0.46525002
0.31471288 -0.059653513 0.46450001
0.31671748 -0.059268236 0.46150002
-0 -0 0
-0 -0 0
-0 -0 0
-0 -0 0
-0 -0 0
-0 -0 0
-0 -0 0
-0 -0 0
-0 -0 0
-0 -0 0
-0 -0 0
-0 -0 0
-0 -0 0
-0 -0 0
-0 -0 0
-0 -0 0
-0 -0 0
-0 -0 0
-0 -0 0
-0 -0 0
-0 -0 0
-0 -0 0
-0 -0 0
-0 -0 0
-0 -0 0
-0 -0 0
-0 -0 0
-0 -0 0
-0 -0 0
-0 -0 0
-0 -0 0
-0 -0 0
-0 -0 0
-0 -0 0
-0 -0 0
-0 -0 0
-0 -0 0
-0 -0 0
-0 -0 0
-0 -0 0
-0 -0 0
-0 -0 0
-0 -0 0
-0 -0 0
-0 -0 0
-0 -0 0
-0 -0 0
-0 -0 0
-0 -0 0
-0 -0 0
-0 -0 0
-0 -0 0
-0 -0 0
-0 -0 0
-0 -0 0
-0 -0 0
-0 -0 0
-0 -0 0
-0 -0 0
-0 -0 0
-0 -0 0
-0 -0 0
-0.067099787 -0.049489327 0.41350001
-0.063597657 -0.049579091 0.41425002
-0.059865236 -0.049489327 0.41350001
-0.056281965 -0.049519248 0.41375002
-0.052694324 -0.049549174 0.41400003
-0.049043033 -0.049519248 0.41375002
-0.045423571 -0.049519248 0.41375002
-0.041829366 -0.049549174 0.41400003
-0.038346145 -0.049728695 0.41550002
-0.034753148 -0.049788538 0.41600001
-0.031113999 -0.049788538 0.41600001
-0.027458342 -0.049758617 0.41575003
-0.023893001 -0.049908224 0.41700003
-0.02028152 -0.049997985 0.41775003
-0.016637012 -0.050027907 0.41800001
-0.012995896 -0.050087746 0.41850001
-0.0093516074 -0.050177511 0.41925001
-0.0056975875 -0.050297197 0.42025003
-0.0020212613 -0.050297197 0.42025003
0.0016560494 -0.050327115 0.42050001
0.0053377338 -0.050357036 0.42075002
0.0090184342 -0.050357036 0.42075002
0.012729315 -0.050476719 0.42175001
0.016915122 -0.052002691 0.43450001
0.021741185 -0.054575898 0.45600003
0.026548427 -0.056311317 0.47050002
0.030713217 -0.056401078 0.47125003
0.034891132 -0.056490842 0.47200003
0.039082162 -0.056580603 0.47275001
0.043240614 -0.056610525 0.47300002
0.047528643 -0.056790054 0.47450003
0.052850366 -0.058076654 0.48525003
0.057124726 -0.058106579 0.48550004
0 -0 0
0.066463716 -0.058854602 0.49175003
0 -0 0
0 -0 0
0 -0 0
0 -0 0
0 -0 0
0 -0 0
0 -0 0
0 -0 0
0 -0 0
0 -0 0
0 -0 0
0.12600976 -0.062804177 0.52475005
0.13097356 -0.062983699 0.52625
0.13564159 -0.063013621 0.52650005
0.14064693 -0.063193142 0.528
0.14505953 -0.063103385 0.52725005
0.14960089 -0.063073456 0.52700001
0.15428424 -0.063103385 0.52725005
0.15942398 -0.063312829 0.52900004
0.16389659 -0.063252985 0.52850002
0.16740386 -0.062834091 0.52500004
0.17191464 -0.062804177 0.52475005
0.17667329 -0.062864013 0.52525002
0.18006028 -0.062445123 0.52175003
0.18373989 -0.062145911 0.51925004
0.18782899 -0.061996303 0.51800001
0.19133921 -0.061667174 0.51525003
0.19157048 -0.060320728 0.50400001
0.19150768 -0.058944367 0.49250004
0.19581605 -0.058944367 0.49250004
0.19626413 -0.057807364 0.48300001
0.20131959 -0.058046732 0.48500001
0.20746963 -0.058585312 0.48950002
0.2118599 -0.058615234 0.48975003
0 -0 0
0 -0 0
0 -0 0
0 -0 0
0 -0 0
0 -0 0
0.22728226 -0.055084556 0.46025002
0.23118284 -0.055054631 0.46000001
0.2355904 -0.055144396 0.46075001
0 -0 0
0.24589911 -0.055653054 0.46500003
0.2560145 -0.056999497 0.47625002
0.26195621 -0.057388473 0.47950003
0.26670593 -0.057508156 0.48050001
0.27147311 -0.057627842 0.48150003
0.27539897 -0.057567999 0.48100004
0.27946141 -0.057538077 0.48075002
0.28263441 -0.05732863 0.47900003
0.28592646 -0.057149105 0.47750002
0.28934419 -0.056999497 0.47625002
0.2928941 -0.056879815 0.47525004
0.29580149 -0.056640446 0.47325003
0.29899076 -0.056460921 0.47175002
0.30247506 -0.056341238 0.47075003
0.30529058 -0.05610187 0.46875003
0.30823612 -0.055892419 0.46700001
0.31131825 -0.055712897 0.46550003
0.31403536 -0.055473529 0.46350002
0.31568804 -0.055054631 0.46000001
-0 -0 0
-0 -0 0
-0 -0 0
-0 -0 0
-0 -0 0
-0 -0 0
-0 -0 0
-0 -0 0
-0 -0 0
-0 -0 0
-0 -0 0
-0 -0 0
-0 -0 0
-0 -0 0
-0 -0 0
-0 -0 0
-0 -0 0
-0 -0 0
-0 -0 0
-0 -0 0
-0 -0 0
-0 -0 0
-0 -0 0
-0 -0 0
-0 -0 0
-0 -0 0
-0 -0 0
-0 -0 0
-0 -0 0
-0 -0 0
-0 -0 0
-0 -0 0
-0 -0 0
-0 -0 0
-0 -0 0
-0 -0 0
-0 -0 0
-0 -0 0
-0 -0 0
-0 -0 0
-0 -0 0
-0 -0 0
-0 -0 0
-0 -0 0
-0 -0 0
-0 -0 0
-0 -0 0
-0 -0 0
-0 -0 0
-0 -0 0
-0 -0 0
-0 -0 0
-0 -0 0
-0 -0 0
-0 -0 0
-0 -0 0
-0 -0 0
-0 -0 0
-0 -0 0
-0 -0 0
-0 -0 0
-0 -0 0
-0.067221493 -0.045958038 0.41425002
-0.063597657 -0.045958038 0.41425002
-0.059937626 -0.045930307 0.41400003
-0.05638399 -0.045985777 0.41450003
-0.052821603 -0.046041247 0.41500002
-0.049161565 -0.046013512 0.41475001
-0.045478463 -0.045958038 0.41425002
-0.041905142 -0.046013512 0.41475001
-0.03839229 -0.046152189 0.41600001
-0.034794919 -0.046207663 0.41650003
-0.031170094 -0.046235397 0.41675001
-0.027507875 -0.046207663 0.41650003
-0.023921648 -0.046318606 0.41750002
-0.020330068 -0.046457283 0.41875002
-0.016666863 -0.046457283 0.41875002
-0.013019186 -0.046512753 0.41925001
-0.0093794893 -0.04665143 0.42050001
-0.0057043661 -0.046679169 0.42075002
-0.0020224636 -0.04665143 0.42050001
0.0016590031 -0.046734639 0.42125002
0.0053377338 -0.046679169 0.42075002
0.009023793 -0.046706904 0.42100003
0.012729315 -0.046790108 0.42175001
0.016973518 -0.048371043 0.43600002
0.021621991 -0.050312545 0.45350003
0.026590748 -0.052281778 0.47125003
0.030745804 -0.052337248 0.47175002
0.034891132 -0.052364986 0.47200003
0.039123502 -0.052503664 0.47325003
0.043400593 -0.052670076 0.47475001
0.047804095 -0.052947432 0.47725001
0.053013738 -0.054001391 0.48675004
0.057183556 -0.053918183 0.48600003
0 -0 0
0 -0 0
0 -0 0
0 -0 0
0 -0 0
0 -0 0
0.091103449 -0.056497604 0.50925004
0 -0 0
0.1009952 -0.057052318 0.51425004
0.10575026 -0.057190992 0.51550001
0.11068761 -0.057412881 0.51750004
0.11571559 -0.057662498 0.51975
0 -0 0
0.12546946 -0.057967596 0.52250004
0.13035136 -0.05810627 0.52375001
0.13499752 -0.058134012 0.52400005
0.13998099 -0.058300421 0.5255
0.14505953 -0.058494575 0.52725005
0.15023962 -0.058716457 0.52925003
0.1550158 -0.058771931 0.52975005
0.15965001 -0.058771931 0.52975005
0.16412918 -0.058716457 0.52925003
0.16788216 -0.058411367 0.52650005
0.17281556 -0.05852231 0.52750003
0.17726192 -0.058466833 0.52700001
0.18100932 -0.058189478 0.52450001
0.18444759 -0.057828914 0.52125001
0 -0 0
0 -0 0
0 -0 0
0.1916049 -0.054667048 0.49275002
0.19442447 -0.054251011 0.48900002
0.19656891 -0.053668562 0.48375002
0.20163092 -0.053890448 0.48575002
0.20736367 -0.05427875 0.48925003
0.21175174 -0.054306481 0.48950002
0 -0 0
0 -0 0
0 -0 0
0 -0 0
0.23101887 -0.05380724 0.48500001
0 -0 0
0.22740573 -0.051089145 0.46050003
0.23143415 -0.051089145 0.46050003
0.2355904 -0.051116876 0.46075001
0.24118124 -0.051449709 0.46375003
0.24682455 -0.051782537 0.46675003
0.25628325 -0.052891962 0.47675002
0.26181963 -0.053169318 0.47925001
0.26615086 -0.053197056 0.47950003
0.27105027 -0.053335734 0.48075002
0.27496955 -0.053280264 0.48025003
0.27873477 -0.053197056 0.47950003
0.28160182 -0.052947432 0.47725001
0.28547737 -0.052891962 0.47675002
0.28904042 -0.052781019 0.47575003
0.29212373 -0.052586872 0.47400004
0.29502019 -0.052364986 0.47200003
0.29835698 -0.052226309 0.47075003
0.30151126 -0.052059893 0.46925002
0.30431366 -0.051838007 0.46725002
0.30708107 -0.051616121 0.46525002
0.31031507 -0.051477443 0.46400002
0.31301907 -0.051255558 0.46200001
0.31551647 -0.051005937 0.45975003
-0 -0 0
-0 -0 0
-0 -0 0
-0 -0 0
-0 -0 0
-0 -0 0
-0 -0 0
-0 -0 0
-0 -0 0
-0 -0 0
-0 -0 0
-0 -0 0
-0 -0 0
-0 -0 0
-0 -0 0
-0 -0 0
-0 -0 0
-0 -0 0
-0 -0 0
-0 -0 0
-0 -0 0
-0 -0 0
-0 -0 0
-0 -0 0
-0 -0 0
-0 -0 0
-0 -0 0
-0 -0 0
-0 -0 0
-0 -0 0
-0 -0 0
-0 -0 0
-0 -0 0
-0 -0 0
-0 -0 0
-0 -0 0
-0 -0 0
-0 -0 0
-0 -0 0
-0 -0 0
-0 -0 0
-0 -0 0
-0 -0 0
-0 -0 0
-0 -0 0
-0 -0 0
-0 -0 0
-0 -0 0
-0 -0 0
-0 -0 0
-0 -0 0
-0 -0 0
-0 -0 0
-0 -0 0
-0 -0 0
-0 -0 0
-0 -0 0
-0 -0 0
-0 -0 0
-0 -0 0
-0 -0 0
-0.071401149 -0.04266914 0.41750002
-0.067546032 -0.042541388 0.41625002
-0.063827947 -0.042490289 0.41575003
-0.060190987 -0.042490289 0.41575003
-0.056520015 -0.042464737 0.41550002
-0.052948881 -0.042515837 0.41600001
-0.049309731 -0.042515837 0.41600001
-0.045615692 -0.042464737 0.41550002
-0.042031437 -0.042515837 0.41600001
-0.038415365 -0.042541388 0.41625002
-0.034815803 -0.042592488 0.41675001
-0.03122619 -0.04266914 0.41750002
-0.027573921 -0.04266914 0.41750002
-0.023964623 -0.042745791 0.41825002
-0.020342207 -0.042822443 0.41900003
-0.016696716 -0.042873543 0.41950002
-0.013058003 -0.042975742 0.42050001
-0.0093962187 -0.043052394 0.42125002
-0.0057077557 -0.043026846 0.42100003
-0.0020188566 -0.042899095 0.41975003
0.0016629414 -0.043154597 0.42225003
0.0053662779 -0.043231249 0.42300001
0.009061303 -0.043205701 0.42275003
0.012759498 -0.043205701 0.42275003
0.01698325 -0.044585422 0.43625003
0.021645829 -0.046399496 0.45400003
0.0267036 -0.048366878 0.47325003
0 -0 0
0.034318235 -0.047447063 0.46425003
0.038482808 -0.047574814 0.46550003
0.043537721 -0.048673481 0.47625002
0.04765385 -0.048622381 0.47575003
0.053449392 -0.050155401 0.49075001
0.058654327 -0.050947465 0.49850002
0.06317319 -0.051075216 0.49975002
0.067882866 -0.051330719 0.50225002
0.072636291 -0.051586222 0.50475001
0.076670185 -0.051330719 0.50225002
0.081709452 -0.051739525 0.50625002
0.086478397 -0.051943928 0.50825
0.091371782 -0.052199431 0.51075
0.096308924 -0.052454941 0.51325005
0.10109339 -0.052608237 0.51475
0.10580155 -0.052710444 0.51575005
0.11063413 -0.052863739 0.51725
0.11593824 -0.053221449 0.52075005
0.12043588 -0.053195897 0.5205
0.1255295 -0.053425852 0.52275002
0.13028915 -0.053502504 0.52350003
0.13512632 -0.053604703 0.52450001
0.14004759 -0.053732459 0.52575004
0.14567855 -0.054115709 0.52950001
0.15038157 -0.054141264 0.52975005
0.1550158 -0.054141264 0.52975005
0.15957466 -0.054115709 0.52950001
0.16397412 -0.054039057 0.52875
0.16836044 -0.053962406 0.528
0.17289746 -0.053936858 0.52775002
0.17700964 -0.053783555 0.52625
0.18066423 -0.053502504 0.52350003
0.18435912 -0.053247001 0.52100003
0.18810095 -0.053017043 0.51875001
0.19143204 -0.052684888 0.51550001
0.19128539 -0.051432919 0.50325
0.19189653 -0.050436456 0.49350002
0.19651185 -0.050513107 0.49425003
0 -0 0
0 -0 0
0.20736367 -0.050002102 0.48925003
0 -0 0
0 -0 0
0.22144121 -0.050283153 0.49200001
0 -0 0
0 -0 0
0 -0 0
0 -0 0
0.22728226 -0.047038257 0.46025002
0.23143415 -0.047063809 0.46050003
0.2355904 -0.047089357 0.46075001
0.24131125 -0.047421511 0.46400002
0.24669233 -0.047677014 0.46650001
0.25641766 -0.048750132 0.47700003
0.2620928 -0.049031187 0.47975004
0.26642838 -0.049056735 0.48000002
0.27076837 -0.049082287 0.48025003
0.27439699 -0.048980083 0.47925001
0.27800813 -0.048877884 0.47825003
0.28204435 -0.048852332 0.47800002
0.28562707 -0.048750132 0.47700003
0.28828096 -0.04849463 0.47450003
0.29119927 -0.048290227 0.47250003
0.2945514 -0.048162472 0.47125003
0.29788163 -0.04803472 0.47000003
0.30118999 -0.047906969 0.46875003
0.30349955 -0.047625914 0.46600002
0.30691609 -0.047523715 0.46500003
0.30998069 -0.047370411 0.46350002
0.31386596 -0.04734486 0.46325001
0.31551647 -0.046987157 0.45975003
-0 -0 0
-0 -0 0
-0 -0 0
-0 -0 0
-0 -0 0
-0 -0 0
-0 -0 0
-0 -0 0
-0 -0 0
-0 -0 0
-0 -0 0
-0 -0 0
-0 -0 0
-0 -0 0
-0 -0 0
-0 -0 0
-0 -0 0
-0 -0 0
-0 -0 0
-0 -0 0
-0 -0 0
-0 -0 0
-0 -0 0
-0 -0 0
-0 -0 0
-0 -0 0
-0 -0 0
-0 -0 0
-0 -0 0
-0 -0 0
-0 -0 0
-0 -0 0
-0 -0 0
-0 -0 0
-0 -0 0
-0 -0 0
-0 -0 0
-0 -0 0
-0 -0 0
-0 -0 0
-0 -0 0
-0 -0 0
-0 -0 0
-0 -0 0
-0 -0 0
-0 -0 0
-0 -0 0
-0 -0 0
-0 -0 0
-0 -0 0
-0 -0 0
-0 -0 0
-0 -0 0
-0 -0 0
-0 -0 0
-0 -0 0
-0 -0 0
-0 -0 0
-0 -0 0
-0 -0 0
-0 -0 0
-0.07174319 -0.039206598 0.41950002
-0.06787058 -0.039089773 0.41825002
-0.064135 -0.039043043 0.41775003
-0.060444344 -0.039019678 0.41750002
-0.056690052 -0.038949583 0.41675001
-0.053044345 -0.038949583 0.41675001
-0.049369 -0.038926218 0.41650003
-0.04572548 -0.038926218 0.41650003
-0.042056698 -0.038902853 0.41625002
-0.038415365 -0.038902853 0.41625002
-0.034836687 -0.038972948 0.41700003
-0.031263586 -0.039066408 0.41800001
-0.027606942 -0.039066408 0.41800001
-0.023950297 -0.039066408 0.41800001
-0.020330068 -0.039136503 0.41875002
-0.016686764 -0.039183233 0.41925001
-0.013042476 -0.039253328 0.42000002
-0.0093850661 -0.039323423 0.42075002
-0.0057111452 -0.039370153 0.42125002
-0.0020236662 -0.039323423 0.42075002
0.0016619568 -0.039440248 0.42200002
0.0053694495 -0.039557073 0.42325002
0.0090773785 -0.039580438 0.42350003
0.012925499 -0.040024374 0.42825001
0.01698325 -0.040772058 0.43625003
0.021765023 -0.042664628 0.45650002
0.026816452 -0.044417009 0.47525004
0.030289587 -0.043435674 0.46475002
0.034318235 -0.043388948 0.46425003
0.038482808 -0.043505773 0.46550003
0.043537721 -0.044510469 0.47625002
0.047603767 -0.044417009 0.47525004
0.053612761 -0.046005834 0.49225003
0.05877199 -0.046683423 0.49950004
0.063236393 -0.046753518 0.50025004
0.067815296 -0.046893708 0.50175005
0 -0 0
0.077204473 -0.047267545 0.50575
0.081709452 -0.047314279 0.50625002
0.086478397 -0.047501195 0.50825
0 -0 0
0 -0 0
0 -0 0
0 -0 0
0 -0 0
0 -0 0
0.12055158 -0.048692819 0.52100003
0.12600976 -0.049043298 0.52475005
0.13116023 -0.049253579 0.52700001
0.13660769 -0.049557324 0.53025001
0.14097992 -0.049463864 0.52925003
0.14595369 -0.049580693 0.53050005
0.15059446 -0.049580693 0.53050005
0.15508895 -0.049533963 0.53000003
0.15957466 -0.049487229 0.52950001
0.16405165 -0.049440503 0.52900004
0.16851987 -0.049393769 0.52850002
0.17281556 -0.049300309 0.52750003
0.17675737 -0.049113385 0.5255
0.18075049 -0.048949834 0.52375001
0.18471298 -0.048786279 0.52200001
0.1887355 -0.048646085 0.5205
0.1927318 -0.048505899 0.51900005
0.19081028 -0.046917073 0.50200003
0.1924798 -0.046262853 0.49500003
0.19820163 -0.046589959 0.49850002
0.20276564 -0.046636689 0.49900001
0.20681956 -0.046566598 0.49825004
0.21054247 -0.046426404 0.49675003
0 -0 0
0.21790954 -0.046146028 0.49375004
0.22144121 -0.045982469 0.49200001
0 -0 0
0 -0 0
0 -0 0
0 -0 0
0.22802301 -0.043155298 0.46175003
0.23193671 -0.043131929 0.46150002
0 -0 0
0.24053116 -0.043225393 0.46250004
0.24722116 -0.043692693 0.46750003
0.25614887 -0.044533834 0.47650003
0.26277569 -0.044954408 0.48100004
0.26698345 -0.044954408 0.48100004
0.27090931 -0.044907674 0.48050001
0.27454013 -0.044814214 0.47950003
0.27844414 -0.044767488 0.47900003
0.28233936 -0.044720754 0.47850001
0.28517798 -0.044510469 0.47625002
0.28812909 -0.044323549 0.47425002
0.29150742 -0.044206724 0.47300002
0.2945514 -0.044043168 0.47125003
0.29772317 -0.043902978 0.46975002
0.30102935 -0.043786153 0.46850002
0.30333671 -0.043529134 0.46575001
0.30675107 -0.043435674 0.46475002
0.31014788 -0.043342218 0.46375003
0.31318843 -0.043202024 0.46225002
0.31483018 -0.042874914 0.45875001
-0 -0 0
-0 -0 0
-0 -0 0
-0 -0 0
-0 -0 0
-0 -0 0
-0 -0 0
-0 -0 0
-0 -0 0
-0 -0 0
-0 -0 0
-0 -0 0
-0 -0 0
-0 -0 0
-0 -0 0
-0 -0 0
-0 -0 0
-0 -0 0
-0 -0 0
-0 -0 0
-0 -0 0
-0 -0 0
-0 -0 0
-0 -0 0
-0 -0 0
-0 -0 0
-0 -0 0
-0 -0 0
-0 -0 0
-0 -0 0
-0 -0 0
-0 -0 0
-0 -0 0
-0 -0 0
-0 -0 0
-0 -0 0
-0 -0 0
-0 -0 0
-0 -0 0
-0 -0 0
-0 -0 0
-0 -0 0
-0 -0 0
-0 -0 0
-0 -0 0
-0 -0 0
-0 -0 0
-0 -0 0
-0 -0 0
-0 -0 0
-0 -0 0
-0 -0 0
-0 -0 0
-0 -0 0
-0 -0 0
-0 -0 0
-0 -0 0
-0 -0 0
-0 -0 0
-0 -0 0
-0.075592719 -0.03562437 0.42050001
-0.071956962 -0.035645552 0.42075002
-0.06811399 -0.035560831 0.41975003
-0.064326905 -0.035497293 0.41900003
-0.060733899 -0.035539653 0.41950002
-0.057064135 -0.035539653 0.41950002
-0.05339437 -0.035539653 0.41950002
-0.049635701 -0.035476111 0.41875002
-0.045890156 -0.035412572 0.41800001
-0.042031437 -0.035243135 0.41600001
-0.038438436 -0.035285495 0.41650003
-0.034878459 -0.035370212 0.41750002
-0.031282283 -0.035433754 0.41825002
-0.027606942 -0.035412572 0.41800001
-0.023950297 -0.035412572 0.41800001
-0.020342207 -0.035497293 0.41900003
-0.016696716 -0.035539653 0.41950002
-0.01305024 -0.035603192 0.42025003
-0.0093906429 -0.03566673 0.42100003
-0.0057145348 -0.035709091 0.42150003
-0.0020272734 -0.035709091 0.42150003
0.0016619568 -0.035751451 0.42200002
0.0053599346 -0.035793807 0.42250001
0.0090720197 -0.035857346 0.42325002
0.013031137 -0.036577459 0.43175003
0.016973518 -0.036937516 0.43600002
0.021598151 -0.038377739 0.45300001
0.026590748 -0.039923865 0.47125003
0.03072951 -0.039945044 0.47150001
0.034336716 -0.039352007 0.46450001
0.038400136 -0.039352007 0.46450001
0.043537721 -0.040347457 0.47625002
0.047804095 -0.040432177 0.47725001
0.05347662 -0.041597065 0.49100003
0 -0 0
0.06178268 -0.041406445 0.48875001
0 -0 0
0 -0 0
0 -0 0
0 -0 0
0 -0 0
0 -0 0
0 -0 0
0 -0 0
0 -0 0
0 -0 0
0 -0 0
0.1209565 -0.044286896 0.52275002
0.12636995 -0.04458341 0.52625
0.13172022 -0.044837568 0.52925003
0.13699414 -0.045049366 0.53175002
0.14157926 -0.045028187 0.53150004
0.14629757 -0.045049366 0.53175002
0.15109123 -0.04509173 0.53225005
0.15567417 -0.045070544 0.53200001
0.15972535 -0.04490111 0.53000003
0.16443929 -0.044922289 0.53025001
0.16891846 -0.044879932 0.52975005
0.17297935 -0.044731669 0.528
0.17675737 -0.044519871 0.5255
0.18100932 -0.044435155 0.52450001
0.18506683 -0.044308074 0.523
0.18900746 -0.044159815 0.52125001
0.19301029 -0.044032738 0.51975
0.19128539 -0.042634871 0.50325
0.1924798 -0.041935943 0.49500003
0.19830103 -0.04225364 0.49875003
0.20225771 -0.042168919 0.49775001
0.2051592 -0.041872401 0.49425003
0.20672791 -0.041321728 0.48775002
0.20937252 -0.041004032 0.48400003
0.21272385 -0.040834595 0.48200002
0.21592769 -0.040643975 0.47975004
0 -0 0
0 -0 0
0 -0 0
0 -0 0
0.22839338 -0.039182574 0.46250004
0.232188 -0.03914021 0.46200001
0 -0 0
0.23962103 -0.039034311 0.46075001
0.24391605 -0.039076671 0.46125001
0 -0 0
0.26291224 -0.040771052 0.48125002
0.26698345 -0.040749874 0.48100004
0.27090931 -0.040707514 0.48050001
0.27439699 -0.040601615 0.47925001
0.2782988 -0.040559255 0.47875002
0.2813068 -0.040389817 0.47675002
0.28502828 -0.040326279 0.47600001
0.28828096 -0.040199202 0.47450003
0.29135334 -0.040050942 0.47275001
0.2942389 -0.039881505 0.47075003
0.29756474 -0.039775606 0.46950004
0.30086872 -0.039669707 0.46825004
0.30333671 -0.039457906 0.46575001
0.30658606 -0.039352007 0.46450001
0.30998069 -0.03926729 0.46350002
0.31200278 -0.039013132 0.46050003
0.31500179 -0.038886055 0.45900002
-0 -0 0
-0 -0 0
-0 -0 0
-0 -0 0
-0 -0 0
-0 -0 0
-0 -0 0
-0 -0 0
-0 -0 0
-0 -0 0
-0 -0 0
-0 -0 0
-0 -0 0
-0 -0 0
-0 -0 0
-0 -0 0
-0 -0 0
-0 -0 0
-0 -0 0
-0 -0 0
-0 -0 0
-0 -0 0
-0 -0 0
-0 -0 0
-0 -0 0
-0 -0 0
-0 -0 0
-0 -0 0
-0 -0 0
-0 -0 0
-0 -0 0
-0 -0 0
-0 -0 0
-0 -0 0
-0 -0 0
-0 -0 0
-0 -0 0
-0 -0 0
-0 -0 0
-0 -0 0
-0 -0 0
-0 -0 0
-0 -0 0
-0 -0 0
-0 -0 0
-0 -0 0
-0 -0 0
-0 -0 0
-0 -0 0
-0 -0 0
-0 -0 0
-0 -0 0
-0 -0 0
-0 -0 0
-0 -0 0
-0 -0 0
-0 -0 0
-0 -0 0
-0 -0 0
-0 -0 0
-0.075817429 -0.032043654 0.42175001
-0.072256252 -0.032100637 0.42250001
-0.068438537 -0.032043654 0.42175001
-0.064672329 -0.032005668 0.42125002
-0.061132036 -0.032081645 0.42225003
-0.057404205 -0.03206265 0.42200002
-0.053617109 -0.032005668 0.42125002
-0.049843132 -0.031948682 0.42050001
-0.046054833 -0.031872705 0.41950002
-0.042132478 -0.03168276 0.41700003
-0.038461506 -0.031663764 0.41675001
-0.034920231 -0.031758737 0.41800001
-0.031300981 -0.031796727 0.41850001
-0.027639965 -0.031796727 0.41850001
-0.02399327 -0.031815723 0.41875002
-0.020378618 -0.0318917 0.41975003
-0.016736517 -0.031948682 0.42050001
-0.01309682 -0.032043654 0.42175001
-0.0094073713 -0.032043654 0.42175001
-0.0057111452 -0.032005668 0.42125002
-0.0020284757 -0.032043654 0.42175001
0.0016649106 -0.032119635 0.42275003
0.0053757927 -0.032195609 0.42375001
0.009098812 -0.032252595 0.42450002
0 -0 0
0.01698325 -0.033145335 0.43625003
0.021550473 -0.034341983 0.45200002
0.026618959 -0.035842549 0.47175002
0.030810976 -0.035918523 0.47275001
0.035057455 -0.03603249 0.47425002
0.039392177 -0.036203444 0.47650003
0.04358343 -0.036222436 0.47675002
0.048029471 -0.036431376 0.47950003
0.053394936 -0.037248138 0.49025002
0 -0 0
0 -0 0
0 -0 0
0 -0 0
0 -0 0
0 -0 0
0 -0 0
0 -0 0
0 -0 0
0 -0 0
0 -0 0
0 -0 0
0 -0 0
0.1218242 -0.040002335 0.52650005
0.12667012 -0.040078312 0.52750003
0.13178243 -0.040230267 0.52950001
0.13712296 -0.040439207 0.53225005
0.14184563 -0.040458202 0.53250003
0.14684783 -0.040553171 0.53375
0.15172994 -0.040610157 0.5345
0.1559668 -0.040496193 0.53300005
0.16002671 -0.040344235 0.53100002
0.16474941 -0.040363226 0.53125
0.16923733 -0.040325239 0.53075004
0.17314318 -0.040154289 0.52850002
0.17692555 -0.039964344 0.52600002
0.18100932 -0.039850377 0.52450001
0.1851553 -0.039755408 0.52325004
0.18882617 -0.039565463 0.52075005
0.19291745 -0.03947049 0.51950002
0.19594163 -0.039166577 0.51550001
0 -0 0
0.19840042 -0.037912942 0.49900001
0.20174979 -0.037722997 0.49650002
0.20381016 -0.03730512 0.49100003
0.20619811 -0.036963221 0.48650002
0.20904808 -0.036716294 0.48325002
0.21228252 -0.036545344 0.48100004
0.21592769 -0.036450371 0.47975004
0 -0 0
0 -0 0
0 -0 0
0 -0 0
0.22876373 -0.035196736 0.46325001
0.23243929 -0.035139754 0.46250004
0.23597388 -0.035063773 0.46150002
0 -0 0
0 -0 0
0 -0 0
0 -0 0
0 -0 0
0 -0 0
0 -0 0
0 -0 0
0 -0 0
0 -0 0
0 -0 0
0 -0 0
0 -0 0
0 -0 0
0 -0 0
0 -0 0
0 -0 0
0 -0 0
0 -0 0
0 -0 0
-0 -0 0
-0 -0 0
-0 -0 0
-0 -0 0
-0 -0 0
-0 -0 0
-0 -0 0
-0 -0 0
-0 -0 0
-0 -0 0
-0 -0 0
-0 -0 0
-0 -0 0
-0 -0 0
-0 -0 0
-0 -0 0
-0 -0 0
-0 -0 0
-0 -0 0
-0 -0 0
-0 -0 0
-0 -0 0
-0 -0 0
-0 -0 0
-0 -0 0
-0 -0 0
-0 -0 0
-0 -0 0
-0 -0 0
-0 -0 0
-0 -0 0
-0 -0 0
-0 -0 0
-0 -0 0
-0 -0 0
-0 -0 0
-0 -0 0
-0 -0 0
-0 -0 0
-0 -0 0
-0 -0 0
-0 -0 0
-0 -0 0
-0 -0 0
-0 -0 0
-0 -0 0
-0 -0 0
-0 -0 0
-0 -0 0
-0 -0 0
-0 -0 0
-0 -0 0
-0 -0 0
-0 -0 0
-0 -0 0
-0 -0 0
-0 -0 0
-0 -0 0
-0 -0 0
-0.080119558 -0.02857556 0.42500001
-0.076401681 -0.02857556 0.42500001
-0.072769307 -0.028609177 0.42550001
-0.068925358 -0.028558752 0.42475003
-0.065056145 -0.028491514 0.42375001
-0.061385393 -0.028508324 0.42400002
-0.057608251 -0.028474707 0.42350003
-0.053776208 -0.028407469 0.42250001
-0.049991298 -0.02835704 0.42175001
-0.046192065 -0.028289804 0.42075002
-0.042233512 -0.028104903 0.41800001
-0.038599942 -0.028121714 0.41825002
-0.035045542 -0.02820576 0.41950002
-0.031375777 -0.02820576 0.41950002
-0.027672989 -0.028172141 0.41900003
-0.024007596 -0.028172141 0.41900003
-0.020378618 -0.02822257 0.41975003
-0.016736517 -0.028272996 0.42050001
-0.013104583 -0.028373851 0.42200002
-0.0094073713 -0.02835704 0.42175001
-0.0057145348 -0.028340233 0.42150003
-0.0020332853 -0.028424278 0.42275003
0.0016698334 -0.028508324 0.42400002
0.0053853071 -0.028541941 0.42450002
0.0090934532 -0.028525133 0.42425001
0 -0 0
0.017041644 -0.029432828 0.43775001
0.021383598 -0.03015562 0.44850001
0.02657664 -0.031668443 0.47100002
0.030843565 -0.031819727 0.47325003
0.035168339 -0.03198782 0.47575003
0.039412845 -0.032055054 0.47675002
0.043629136 -0.032088671 0.47725001
0.048580382 -0.032609757 0.48500001
0 -0 0
0 -0 0
0.062035501 -0.032996368 0.49075001
0 -0 0
0 -0 0
0 -0 0
0 -0 0
0 -0 0
0 -0 0
0 -0 0
0 -0 0
0 -0 0
0 -0 0
0 -0 0
0 -0 0
0.12679018 -0.035500929 0.528
0.13190687 -0.035635404 0.53000003
0.13757381 -0.035904352 0.53400004
0.14191222 -0.035820305 0.53275001
0.14712296 -0.035954781 0.53475004
0.15201382 -0.036005206 0.53550005
0.15603995 -0.035853926 0.53325003
0.16010205 -0.035719451 0.53125
0.16482694 -0.035736259 0.53150004
0.16939674 -0.035719451 0.53125
0.17330699 -0.03556817 0.52900004
0.17642102 -0.035265602 0.52450001
0.18083678 -0.035231985 0.52400005
0.18550916 -0.035248794 0.52425003
0 -0 0
0.19301029 -0.034946229 0.51975
0 -0 0
0 -0 0
0 -0 0
0 -0 0
0 -0 0
0 -0 0
0 -0 0
0 -0 0
0 -0 0
0 -0 0
0 -0 0
0 -0 0
0 -0 0
0 -0 0
0 -0 0
0 -0 0
0 -0 0
0 -0 0
0 -0 0
0 -0 0
0 -0 0
0 -0 0
0 -0 0
0 -0 0
0 -0 0
0 -0 0
0 -0 0
0 -0 0
0 -0 0
0 -0 0
0 -0 0
0 -0 0
0 -0 0
0 -0 0
0 -0 0
0 -0 0
-0 -0 0
-0 -0 0
-0 -0 0
-0 -0 0
-0 -0 0
-0 -0 0
-0 -0 0
-0 -0 0
-0 -0 0
-0 -0 0
-0 -0 0
-0 -0 0
-0 -0 0
-0 -0 0
-0 -0 0
-0 -0 0
-0 -0 0
-0 -0 0
-0 -0 0
-0 -0 0
-0 -0 0
-0 -0 0
-0 -0 0
-0 -0 0
-0 -0 0
-0 -0 0
-0 -0 0
-0 -0 0
-0 -0 0
-0 -0 0
-0 -0 0
-0 -0 0
-0 -0 0
-0 -0 0
-0 -0 0
-0 -0 0
-0 -0 0
-0 -0 0
-0 -0 0
-0 -0 0
-0 -0 0
-0 -0 0
-0 -0 0
-0 -0 0
-0 -0 0
-0 -0 0
-0 -0 0
-0 -0 0
-0 -0 0
-0 -0 0
-0 -0 0
-0 -0 0
-0 -0 0
-0 -0 0
-0 -0 0
-0 -0 0
-0 -0 0
-0 -0 0
-0 -0 0
-0.081062138 -0.025153013 0.43000001
-0.077300519 -0.025153013 0.43000001
-0.073196866 -0.025036024 0.42800003
-0.069533877 -0.025065271 0.42850003
-0.065555096 -0.024977528 0.42700002
-0.061602559 -0.024889784 0.42550001
-0.057778288 -0.024845915 0.42475003
-0.054062594 -0.024845915 0.42475003
-0.050257999 -0.024802042 0.42400002
-0.046301849 -0.024670428 0.42175001
-0.042258773 -0.024465695 0.41825002
-0.038576867 -0.02445107 0.41800001
-0.034961998 -0.024480317 0.41850001
-0.031319682 -0.024494942 0.41875002
-0.027689498 -0.02452419 0.41925001
-0.024064893 -0.02456806 0.42000002
-0.020415029 -0.024597308 0.42050001
-0.016756417 -0.024626557 0.42100003
-0.01312011 -0.024714299 0.42250001
-0.0094296774 -0.024728924 0.42275003
-0.005724703 -0.024699677 0.42225003
-0.0020344877 -0.024743546 0.42300001
0.0016698334 -0.024802042 0.42400002
0.0053821355 -0.024816666 0.42425001
0.0090773785 -0.024772795 0.42350003
0 -0 0
0.017051378 -0.025620978 0.43800002
0.021002175 -0.025767216 0.44050002
0 -0 0
0 -0 0
0 -0 0
0 -0 0
0 -0 0
0.048830796 -0.028516499 0.48750001
0.053204335 -0.028574996 0.48850003
0 -0 0
0 -0 0
0 -0 0
0 -0 0
0 -0 0
0 -0 0
0 -0 0
0 -0 0
0 -0 0
0 -0 0
0 -0 0
0 -0 0
0 -0 0
0 -0 0
0 -0 0
0 -0 0
0 -0 0
0 -0 0
0 -0 0
0 -0 0
0 -0 0
0 -0 0
0 -0 0
0 -0 0
0 -0 0
0 -0 0
0 -0 0
0 -0 0
0 -0 0
0 -0 0
0 -0 0
0 -0 0
0 -0 0
0 -0 0
0 -0 0
0 -0 0
0 -0 0
0 -0 0
0 -0 0
0 -0 0
0 -0 0
0 -0 0
0 -0 0
0 -0 0
0 -0 0
0 -0 0
0 -0 0
0 -0 0
0 -0 0
0 -0 0
0 -0 0
0 -0 0
0 -0 0
0 -0 0
0 -0 0
0 -0 0
0 -0 0
0 -0 0
0 -0 0
0 -0 0
0 -0 0
0 -0 0
0 -0 0
0 -0 0
0 -0 0
0 -0 0
-0 -0 0
-0 -0 0
-0 -0 0
-0 -0 0
-0 -0 0
-0 -0 0
-0 -0 0
-0 -0 0
-0 -0 0
-0 -0 0
-0 -0 0
-0 -0 0
-0 -0 0
-0 -0 0
-0 -0 0
-0 -0 0
-0 -0 0
-0 -0 0
-0 -0 0
-0 -0 0
-0 -0 0
-0 -0 0
-0 -0 0
-0 -0 0
-0 -0 0
-0 -0 0
-0 -0 0
-0 -0 0
-0 -0 0
-0 -0 0
-0 -0 0
-0 -0 0
-0 -0 0
-0 -0 0
-0 -0 0
-0 -0 0
-0 -0 0
-0 -0 0
-0 -0 0
-0 -0 0
-0 -0 0
-0 -0 0
-0 -0 0
-0 -0 0
-0 -0 0
-0 -0 0
-0 -0 0
-0 -0 0
-0 -0 0
-0 -0 0
-0 -0 0
-0 -0 0
-0 -0 0
-0 -0 0
-0 -0 0
-0 -0 0
-0 -0 0
-0 -0 0
-0 -0 0
-0.082287498 -0.021717688 0.43650001
-0.078289255 -0.021667935 0.43550003
-0.07409472 -0.021555988 0.43325001
-0.070020698 -0.021468919 0.43150002
-0.066130817 -0.021431603 0.43075001
-0.062109277 -0.021344533 0.42900002
-0.058356408 -0.021344533 0.42900002
-0.054476257 -0.02129478 0.42800003
-0.050495066 -0.02119527 0.42600003
-0.04657631 -0.021108201 0.42425001
-0.042334549 -0.020846993 0.41900003
-0.038530726 -0.02077236 0.41750002
-0.034920231 -0.020797238 0.41800001
-0.031319682 -0.020834552 0.41875002
-0.02770601 -0.020871868 0.41950002
-0.024079217 -0.020909185 0.42025003
-0.020427167 -0.020934062 0.42075002
-0.016756417 -0.020946501 0.42100003
-0.013158927 -0.021083323 0.42375001
-0.0094519826 -0.021083323 0.42375001
-0.0057382602 -0.021058446 0.42325002
-0.0020392975 -0.021095762 0.42400002
0.0016718025 -0.02112064 0.42450002
0.0053884792 -0.021133078 0.42475003
0.0091041708 -0.021133078 0.42475003
0 -0 0
0.017090308 -0.021842074 0.43900001
0 -0 0
0 -0 0
0 -0 0
0 -0 0
0 -0 0
0 -0 0
0 -0 0
0 -0 0
0 -0 0
0 -0 0
0 -0 0
0 -0 0
0 -0 0
0 -0 0
0 -0 0
0 -0 0
0 -0 0
0 -0 0
0 -0 0
0 -0 0
0 -0 0
0 -0 0
0 -0 0
0 -0 0
0 -0 0
0 -0 0
0 -0 0
0 -0 0
0 -0 0
0 -0 0
0 -0 0
0 -0 0
0 -0 0
0 -0 0
0 -0 0
0 -0 0
0 -0 0
0 -0 0
0 -0 0
0 -0 0
0 -0 0
0 -0 0
0 -0 0
0 -0 0
0 -0 0
0 -0 0
0 -0 0
0 -0 0
0 -0 0
0 -0 0
0 -0 0
0 -0 0
0 -0 0
0 -0 0
0 -0 0
0 -0 0
0 -0 0
0 -0 0
0 -0 0
0 -0 0
0 -0 0
0 -0 0
0 -0 0
0 -0 0
0 -0 0
0 -0 0
0 -0 0
0 -0 0
0 -0 0
0 -0 0
0 -0 0
0 -0 0
0 -0 0
0 -0 0
-0 -0 0
-0 -0 0
-0 -0 0
-0 -0 0
-0 -0 0
-0 -0 0
-0 -0 0
-0 -0 0
-0 -0 0
-0 -0 0
-0 -0 0
-0 -0 0
-0 -0 0
-0 -0 0
-0 -0 0
-0 -0 0
-0 -0 0
-0 -0 0
-0 -0 0
-0 -0 0
-0 -0 0
-0 -0 0
-0 -0 0
-0 -0 0
-0 -0 0
-0 -0 0
-0 -0 0
-0 -0 0
-0 -0 0
-0 -0 0
-0 -0 0
-0 -0 0
-0 -0 0
-0 -0 0
-0 -0 0
-0 -0 0
-0 -0 0
-0 -0 0
-0 -0 0
-0 -0 0
-0 -0 0
-0 -0 0
-0 -0 0
-0 -0 0
-0 -0 0
-0 -0 0
-0 -0 0
-0 -0 0
-0 -0 0
-0 -0 0
-0 -0 0
-0 -0 0
-0 -0 0
-0 -0 0
-0 -0 0
-0 -0 0
-0 -0 0
-0 -0 0
-0 -0 0
-0.083088696 -0.018076448 0.44075003
-0.079188094 -0.018066194 0.44050002
-0.074992582 -0.017984169 0.43850002
-0.070669785 -0.01786113 0.43550003
-0.066514626 -0.017768851 0.43325001
-0.062688388 -0.017758597 0.43300003
-0.058832511 -0.017738091 0.43250003
-0.0548581 -0.017676571 0.43100002
-0.050998829 -0.017645812 0.43025002
-0.04690567 -0.017522773 0.42725003
-0.042410329 -0.017215176 0.41975003
-0.038599942 -0.017153656 0.41825002
-0.034982886 -0.017174162 0.41875002
-0.031338379 -0.017184416 0.41900003
-0.027739033 -0.017225429 0.42000002
-0.024107866 -0.017256189 0.42075002
-0.020451441 -0.017276695 0.42125002
-0.016796218 -0.017307455 0.42200002
-0.013151164 -0.017368974 0.42350003
-0.00944083 -0.01735872 0.42325002
-0.0057450389 -0.017379228 0.42375001
-0.002046512 -0.017450999 0.42550001
0.00167771 -0.017471507 0.42600003
0.0054043368 -0.017471507 0.42600003
0.0091202464 -0.017450999 0.42550001
0 -0 0
0 -0 0
0 -0 0
0 -0 0
0 -0 0
0 -0 0
0 -0 0
0 -0 0
0 -0 0
0 -0 0
0 -0 0
0 -0 0
0 -0 0
0 -0 0
0 -0 0
0 -0 0
0 -0 0
0 -0 0
0 -0 0
0 -0 0
0 -0 0
0 -0 0
0 -0 0
0 -0 0
0 -0 0
0 -0 0
0 -0 0
0 -0 0
0 -0 0
0 -0 0
0 -0 0
0 -0 0
0 -0 0
0 -0 0
0 -0 0
0 -0 0
0 -0 0
0 -0 0
0 -0 0
0 -0 0
0 -0 0
0 -0 0
0 -0 0
0 -0 0
0 -0 0
0 -0 0
0 -0 0
0 -0 0
0 -0 0
0 -0 0
0 -0 0
0 -0 0
0 -0 0
0 -0 0
0 -0 0
0 -0 0
0 -0 0
0 -0 0
0 -0 0
0 -0 0
0 -0 0
0 -0 0
0 -0 0
0 -0 0
0 -0 0
0 -0 0
0 -0 0
0 -0 0
0 -0 0
0 -0 0
0 -0 0
0 -0 0
0 -0 0
0 -0 0
0 -0 0
0 -0 0
-0 -0 0
-0 -0 0
-0 -0 0
-0 -0 0
-0 -0 0
-0 -0 0
-0 -0 0
-0 -0 0
-0 -0 0
-0 -0 0
-0 -0 0
-0 -0 0
-0 -0 0
-0 -0 0
-0 -0 0
-0 -0 0
-0 -0 0
-0 -0 0
-0 -0 0
-0 -0 0
-0 -0 0
-0 -0 0
-0 -0 0
-0 -0 0
-0 -0 0
-0 -0 0
-0 -0 0
-0 -0 0
-0 -0 0
-0 -0 0
-0 -0 0
-0 -0 0
-0 -0 0
-0 -0 0
-0 -0 0
-0 -0 0
-0 -0 0
-0 -0 0
-0 -0 0
-0 -0 0
-0 -0 0
-0 -0 0
-0 -0 0
-0 -0 0
-0 -0 0
-0 -0 0
-0 -0 0
-0 -0 0
-0 -0 0
-0 -0 0
-0 -0 0
-0 -0 0
-0 -0 0
-0 -0 0
-0 -0 0
-0 -0 0
-0 -0 0
-0 -0 0
-0 -0 0
-0 -0 0
-0 -0 0
-0.075975947 -0.014336701 0.44425002
-0.070953764 -0.014110799 0.43725002
-0.067435779 -0.014175342 0.43925002
-0.06312272 -0.01407046 0.43600002
-0.059138574 -0.014030119 0.43475002
-0.055208124 -0.013997848 0.43375003
-0.051206261 -0.013941373 0.43200001
-0.047289915 -0.013901033 0.43075001
-0.042511366 -0.013578316 0.42075002
-0.038692228 -0.013529908 0.41925001
-0.035045542 -0.013537977 0.41950002
-0.031375777 -0.013537977 0.41950002
-0.027755545 -0.01356218 0.42025003
-0.024150839 -0.01360252 0.42150003
-0.020524265 -0.01364286 0.42275003
-0.01686587 -0.013675131 0.42375001
-0.013151164 -0.013667064 0.42350003
-0.00944083 -0.013658996 0.42325002
-0.005751818 -0.013691267 0.42425001
-0.0020441071 -0.01371547 0.42500001
0.0016767253 -0.013739674 0.42575002
0.0054011652 -0.013739674 0.42575002
0.0091148885 -0.013723539 0.42525002
0 -0 0
0 -0 0
0 -0 0
0 -0 0
0 -0 0
0 -0 0
0 -0 0
0 -0 0
0 -0 0
0 -0 0
0 -0 0
0 -0 0
0 -0 0
0 -0 0
0 -0 0
0 -0 0
0 -0 0
0 -0 0
0 -0 0
0 -0 0
0 -0 0
0 -0 0
0 -0 0
0 -0 0
0 -0 0
0 -0 0
0 -0 0
0 -0 0
0 -0 0
0 -0 0
0 -0 0
0 -0 0
0 -0 0
0 -0 0
0 -0 0
0 -0 0
0 -0 0
0 -0 0
0 -0 0
0 -0 0
0 -0 0
0 -0 0
0 -0 0
0 -0 0
0 -0 0
0 -0 0
0 -0 0
0 -0 0
0 -0 0
0 -0 0
0 -0 0
0 -0 0
0 -0 0
0 -0 0
0 -0 0
0 -0 0
0 -0 0
0 -0 0
0 -0 0
0 -0 0
0 -0 0
0 -0 0
0 -0 0
0 -0 0
0 -0 0
0 -0 0
0 -0 0
0 -0 0
0 -0 0
0 -0 0
0 -0 0
0 -0 0
0 -0 0
0 -0 0
0 -0 0
0 -0 0
-0 -0 0
-0 -0 0
-0 -0 0
-0 -0 0
-0 -0 0
-0 -0 0
-0 -0 0
-0 -0 0
-0 -0 0
-0 -0 0
-0 -0 0
-0 -0 0
-0 -0 0
-0 -0 0
-0 -0 0
-0 -0 0
-0 -0 0
-0 -0 0
-0 -0 0
-0 -0 0
-0 -0 0
-0 -0 0
-0 -0 0
-0 -0 0
-0 -0 0
-0 -0 0
-0 -0 0
-0 -0 0
-0 -0 0
-0 -0 0
-0 -0 0
-0 -0 0
-0 -0 0
-0 -0 0
-0 -0 0
-0 -0 0
-0 -0 0
-0 -0 0
-0 -0 0
-0 -0 0
-0 -0 0
-0 -0 0
-0 -0 0
-0 -0 0
-0 -0 0
-0 -0 0
-0 -0 0
-0 -0 0
-0 -0 0
-0 -0 0
-0 -0 0
-0 -0 0
-0 -0 0
-0 -0 0
-0 -0 0
-0 -0 0
-0 -0 0
-0 -0 0
-0 -0 0
-0 -0 0
-0 -0 0
-0 -0 0
-0 -0 0
-0.067857973 -0.010400467 0.44200003
-0.06395518 -0.010394584 0.44175002
-0.060260814 -0.010423997 0.44300002
-0.055653606 -0.010288697 0.43725002
-0.051591493 -0.010241636 0.43525001
-0.047509484 -0.01018281 0.43275002
-0.042536624 -0.0099063274 0.42100003
-0.038715303 -0.0098710312 0.41950002
-0.03508731 -0.0098827966 0.42000002
-0.03145057 -0.009894561 0.42050001
-0.027821589 -0.0099122096 0.42125002
-0.024165163 -0.0099239741 0.42175001
-0.020499991 -0.0099357404 0.42225003
-0.016855922 -0.0099651534 0.42350003
-0.01316669 -0.0099769188 0.42400002
-0.0094742887 -0.0099945664 0.42475003
-0.005758597 -0.0099945664 0.42475003
-0.0020417024 -0.0099886833 0.42450002
0.0016727871 -0.0099945664 0.42475003
0.005394822 -0.010006332 0.42525002
0.0091095297 -0.010000449 0.42500001
0.012827408 -0.010000449 0.42500001
0 -0 0
0 -0 0
0 -0 0
0 -0 0
0 -0 0
0 -0 0
0 -0 0
0 -0 0
0 -0 0
0 -0 0
0 -0 0
0 -0 0
0 -0 0
0 -0 0
0 -0 0
0 -0 0
0 -0 0
0 -0 0
0 -0 0
0 -0 0
0 -0 0
0 -0 0
0 -0 0
0 -0 0
0 -0 0
0 -0 0
0 -0 0
0 -0 0
0 -0 0
0 -0 0
0 -0 0
0 -0 0
0 -0 0
0 -0 0
0 -0 0
0 -0 0
0 -0 0
0 -0 0
0 -0 0
0 -0 0
0 -0 0
0 -0 0
0 -0 0
0 -0 0
0 -0 0
0 -0 0
0 -0 0
0 -0 0
0 -0 0
0 -0 0
0 -0 0
0 -0 0
0 -0 0
0 -0 0
0 -0 0
0 -0 0
0 -0 0
0 -0 0
0 -0 0
0 -0 0
0 -0 0
0 -0 0
0 -0 0
0 -0 0
0 -0 0
0 -0 0
0 -0 0
0 -0 0
0 -0 0
0 -0 0
0 -0 0
0 -0 0
0 -0 0
0 -0 0
0 -0 0
-0 -0 0
-0 -0 0
-0 -0 0
-0 -0 0
-0 -0 0
-0 -0 0
-0 -0 0
-0 -0 0
-0 -0 0
-0 -0 0
-0 -0 0
-0 -0 0
-0 -0 0
-0 -0 0
-0 -0 0
-0 -0 0
-0 -0 0
-0 -0 0
-0 -0 0
-0 -0 0
-0 -0 0
-0 -0 0
-0 -0 0
-0 -0 0
-0 -0 0
-0 -0 0
-0 -0 0
-0 -0 0
-0 -0 0
-0 -0 0
-0 -0 0
-0 -0 0
-0 -0 0
-0 -0 0
-0 -0 0
-0 -0 0
-0 -0 0
-0 -0 0
-0 -0 0
-0 -0 0
-0 -0 0
-0 -0 0
-0 -0 0
-0 -0 0
-0 -0 0
-0 -0 0
-0 -0 0
-0 -0 0
-0 -0 0
-0 -0 0
-0 -0 0
-0 -0 0
-0 -0 0
-0 -0 0
-0 -0 0
-0 -0 0
-0 -0 0
-0 -0 0
-0 -0 0
-0 -0 0
-0 -0 0
-0 -0 0
-0 -0 0
-0 -0 0
-0 -0 0
-0.06080493 -0.0066107898 0.44700003
-0.056608211 -0.0065775136 0.44475001
-0.052035991 -0.0064924755 0.43900001
-0.047811396 -0.0064407135 0.43550003
-0.0426124 -0.0062373611 0.42175001
-0.038830664 -0.0062225722 0.42075002
-0.035149969 -0.0062225722 0.42075002
-0.031487968 -0.0062262695 0.42100003
-0.027854612 -0.0062373611 0.42175001
-0.024208136 -0.0062484532 0.42250001
-0.020524265 -0.0062521505 0.42275003
-0.016855922 -0.0062632426 0.42350003
-0.013182217 -0.0062780315 0.42450002
-0.0094854413 -0.0062891236 0.42525002
-0.0057552075 -0.0062780315 0.42450002
-0.0020417024 -0.0062780315 0.42450002
0.0016727871 -0.0062817293 0.42475003
0.0053979936 -0.0062928209 0.42550001
0.0091202464 -0.0062928209 0.42550001
0.012850044 -0.0062965183 0.42575002
0 -0 0
0 -0 0
0 -0 0
0 -0 0
0 -0 0
0 -0 0
0 -0 0
0 -0 0
0 -0 0
0 -0 0
0 -0 0
0 -0 0
0 -0 0
0 -0 0
0 -0 0
0 -0 0
0 -0 0
0 -0 0
0 -0 0
0 -0 0
0 -0 0
0 -0 0
0 -0 0
0 -0 0
0 -0 0
0 -0 0
0 -0 0
0 -0 0
0 -0 0
0 -0 0
0 -0 0
0 -0 0
0 -0 0
0 -0 0
0 -0 0
0 -0 0
0 -0 0
0 -0 0
0 -0 0
0 -0 0
0 -0 0
0 -0 0
0 -0 0
0 -0 0
0 -0 0
0 -0 0
0 -0 0
0 -0 0
0 -0 0
0 -0 0
0 -0 0
0 -0 0
0 -0 0
0 -0 0
0 -0 0
0 -0 0
0 -0 0
0 -0 0
0 -0 0
0 -0 0
0 -0 0
0 -0 0
0 -0 0
0 -0 0
0 -0 0
0 -0 0
0 -0 0
0 -0 0
0 -0 0
0 -0 0
0 -0 0
0 -0 0
0 -0 0
0 -0 0
0 -0 0
-0 -0 0
-0 -0 0
-0 -0 0
-0 -0 0
-0 -0 0
-0 -0 0
-0 -0 0
-0 -0 0
-0 -0 0
-0 -0 0
-0 -0 0
-0 -0 0
-0 -0 0
-0 -0 0
-0 -0 0
-0 -0 0
-0 -0 0
-0 -0 0
-0 -0 0
-0 -0 0
-0 -0 0
-0 -0 0
-0 -0 0
-0 -0 0
-0 -0 0
-0 -0 0
-0 -0 0
-0 -0 0
-0 -0 0
-0 -0 0
-0 -0 0
-0 -0 0
-0 -0 0
-0 -0 0
-0 -0 0
-0 -0 0
-0 -0 0
-0 -0 0
-0 -0 0
-0 -0 0
-0 -0 0
-0 -0 0
-0 -0 0
-0 -0 0
-0 -0 0
-0 -0 0
-0 -0 0
-0 -0 0
-0 -0 0
-0 -0 0
-0 -0 0
-0 -0 0
-0 -0 0
-0 -0 0
-0 -0 0
-0 -0 0
-0 -0 0
-0 -0 0
-0 -0 0
-0 -0 0
-0 -0 0
-0 -0 0
-0 -0 0
-0 -0 0
-0 -0 0
-0 -0 0
-0 -0 0
-0 -0 0
-0.047921181 -0.0026399556 0.43650001
-0.042763956 -0.0025598197 0.42325002
-0.038830664 -0.0025446997 0.42075002
-0.035149969 -0.0025446997 0.42075002
-0.031506665 -0.0025477237 0.42125002
-0.027871124 -0.0025522597 0.42200002
-0.02422246 -0.0025567957 0.42275003
-0.020524265 -0.0025567957 0.42275003
-0.016855922 -0.0025613317 0.42350003
-0.013197743 -0.0025704035 0.42500001
-0.0094742887 -0.0025688917 0.42475003
-0.0057552075 -0.0025673797 0.42450002
-0.0020441071 -0.0025704035 0.42500001
0.0016747563 -0.0025719157 0.42525002
0.005407508 -0.0025779635 0.42625001
0.0091631152 -0.0025855235 0.42750001
0 -0 0
0 -0 0
0 -0 0
0 -0 0
0 -0 0
0 -0 0
0 -0 0
0 -0 0
0 -0 0
0 -0 0
0 -0 0
0 -0 0
0 -0 0
0 -0 0
0 -0 0
0 -0 0
0 -0 0
0 -0 0
0 -0 0
0 -0 0
0 -0 0
0.18421198 -0.0052088476 0.86125004
0 -0 0
0 -0 0
0 -0 0
0 -0 0
0 -0 0
0 -0 0
0 -0 0
0 -0 0
0 -0 0
0 -0 0
0 -0 0
0 -0 0
0 -0 0
0 -0 0
0 -0 0
0 -0 0
0 -0 0
0 -0 0
0 -0 0
0 -0 0
0 -0 0
0 -0 0
0 -0 0
0 -0 0
0 -0 0
0 -0 0
0 -0 0
0 -0 0
0 -0 0
0 -0 0
0 -0 0
0 -0 0
0 -0 0
0 -0 0
0 -0 0
0 -0 0
0 -0 0
0 -0 0
0 -0 0
0 -0 0
0 -0 0
0 -0 0
0 -0 0
0 -0 0
0 -0 0
0 -0 0
0 -0 0
0 -0 0
0 -0 0
0 -0 0
0 -0 0
0 -0 0
0 -0 0
0 -0 0
-0 0 0
-0 0 0
-0 0 0
-0 0 0
-0 0 0
-0 0 0
-0 0 0
-0 0 0
-0 0 0
-0 0 0
-0 0 0
-0 0 0
-0 0 0
-0 0 0
-0 0 0
-0 0 0
-0 0 0
-0 0 0
-0 0 0
-0 0 0
-0 0 0
-0 0 0
-0 0 0
-0 0 0
-0 0 0
-0 0 0
-0 0 0
-0 0 0
-0 0 0
-0 0 0
-0 0 0
-0 0 0
-0 0 0
-0 0 0
-0 0 0
-0 0 0
-0 0 0
-0 0 0
-0 0 0
-0 0 0
-0 0 0
-0 0 0
-0 0 0
-0 0 0
-0 0 0
-0 0 0
-0 0 0
-0 0 0
-0 0 0
-0 0 0
-0 0 0
-0 0 0
-0 0 0
-0 0 0
-0 0 0
-0 0 0
-0 0 0
-0 0 0
-0 0 0
-0 0 0
-0 0 0
-0 0 0
-0 0 0
-0 0 0
-0 0 0
-0 0 0
-0 0 0
-0 0 0
-0 0 0
-0.042738698 0.0011392323 0.42300001
-0.038876809 0.0011345192 0.42125002
-0.035170853 0.0011338459 0.42100003
-0.031525362 0.0011351925 0.42150003
-0.027887637 0.0011372125 0.42225003
-0.024236783 0.0011392323 0.42300001
-0.020572815 0.0011412522 0.42375001
-0.016895723 0.0011432722 0.42450002
-0.01321327 0.0011459653 0.42550001
-0.0094798645 0.0011446187 0.42500001
-0.005758597 0.0011439455 0.42475003
-0.002046512 0.0011459653 0.42550001
0.0016796791 0.0011486586 0.42650002
0.0054233661 0.0011513518 0.42750001
0.0092006251 0.001156065 0.42925003
0.012985864 0.0011587582 0.43025002
0 0 0
0 0 0
0 0 0
0 0 0
0 0 0
0 0 0
0 0 0
0 0 0
0 0 0
0 0 0
0 0 0
0 0 0
0 0 0
0 0 0
0 0 0
0 0 0
0 0 0
0 0 0
0 0 0
0 0 0
0.1843724 0.0023215562 0.86200005
0 0 0
0 0 0
0 0 0
0 0 0
0 0 0
0 0 0
0 0 0
0 0 0
0 0 0
0 0 0
0 0 0
0 0 0
0 0 0
0 0 0
0 0 0
0 0 0
0 0 0
0 0 0
0 0 0
0 0 0
0 0 0
0 0 0
0 0 0
0 0 0
0 0 0
0 0 0
0 0 0
0 0 0
0 0 0
0 0 0
0 0 0
0 0 0
0 0 0
0 0 0
0 0 0
0 0 0
0 0 0
0 0 0
0 0 0
0 0 0
0 0 0
0 0 0
0 0 0
0 0 0
0 0 0
0 0 0
0 0 0
0 0 0
0 0 0
0 0 0
0 0 0
0 0 0
0 0 0
0 0 0
-0 0 0
-0 0 0
-0 0 0
-0 0 0
-0 0 0
-0 0 0
-0 0 0
-0 0 0
-0 0 0
-0 0 0
-0 0 0
-0 0 0
-0 0 0
-0 0 0
-0 0 0
-0 0 0
-0 0 0
-0 0 0
-0 0 0
-0 0 0
-0 0 0
-0 0 0
-0 0 0
-0 0 0
-0 0 0
-0 0 0
-0 0 0
-0 0 0
-0 0 0
-0 0 0
-0 0 0
-0 0 0
-0 0 0
-0 0 0
-0 0 0
-0 0 0
-0 0 0
-0 0 0
-0 0 0
-0 0 0
-0 0 0
-0 0 0
-0 0 0
-0 0 0
-0 0 0
-0 0 0
-0 0 0
-0 0 0
-0 0 0
-0 0 0
-0 0 0
-0 0 0
-0 0 0
-0 0 0
-0 0 0
-0 0 0
-0 0 0
-0 0 0
-0 0 0
-0 0 0
-0 0 0
-0 0 0
-0 0 0
-0 0 0
-0 0 0
-0 0 0
-0 0 0
-0 0 0
-0 0 0
-0.042587142 0.0048196204 0.42150003
-0.038946025 0.0048253378 0.42200002
-0.03527528 0.0048281965 0.42225003
-0.031618856 0.0048339134 0.42275003
-0.027937168 0.0048367721 0.42300001
-0.024251109 0.0048396308 0.42325002
-0.020657776 0.0048653581 0.42550001
-0.016955424 0.0048710755 0.42600003
-0.013221034 0.0048682168 0.42575002
-0.0094910171 0.0048653581 0.42550001
-0.0057653757 0.0048624999 0.42525002
-0.002054929 0.0048853685 0.42725003
0.001684602 0.0048910859 0.42775002
0.0054265377 0.0048910859 0.42775002
0.0091952663 0.0049053789 0.42900002
0 0 0
0 0 0
0 0 0
0 0 0
0 0 0
0 0 0
0 0 0
0 0 0
0 0 0
0 0 0
0 0 0
0 0 0
0 0 0
0 0 0
0 0 0
0 0 0
0 0 0
0 0 0
0 0 0
0 0 0
0 0 0
0.18469323 0.0098736472 0.86350006
0.19202444 0.0098622125 0.86250001
0 0 0
0 0 0
0 0 0
0 0 0
0 0 0
0 0 0
0 0 0
0 0 0
0 0 0
0 0 0
0 0 0
0 0 0
0 0 0
0 0 0
0 0 0
0 0 0
0 0 0
0 0 0
0 0 0
0 0 0
0 0 0
0 0 0
0 0 0
0 0 0
0 0 0
0 0 0
0 0 0
0 0 0
0 0 0
0 0 0
0 0 0
0 0 0
0 0 0
0 0 0
0 0 0
0 0 0
0 0 0
0 0 0
0 0 0
0 0 0
0 0 0
0 0 0
0 0 0
0 0 0
0 0 0
0 0 0
0 0 0
0 0 0
0 0 0
0 0 0
0 0 0
0 0 0
0 0 0
-0 0 0
-0 0 0
-0 0 0
-0 0 0
-0 0 0
-0 0 0
-0 0 0
-0 0 0
-0 0 0
-0 0 0
-0 0 0
-0 0 0
-0 0 0
-0 0 0
-0 0 0
-0 0 0
-0 0 0
-0 0 0
-0 0 0
-0 0 0
-0 0 0
-0 0 0
-0 0 0
-0 0 0
-0 0 0
-0 0 0
-0 0 0
-0 0 0
-0 0 0
-0 0 0
-0 0 0
-0 0 0
-0 0 0
-0 0 0
-0 0 0
-0 0 0
-0 0 0
-0 0 0
-0 0 0
-0 0 0
-0 0 0
-0 0 0
-0 0 0
-0 0 0
-0 0 0
-0 0 0
-0 0 0
-0 0 0
-0 0 0
-0 0 0
-0 0 0
-0 0 0
-0 0 0
-0 0 0
-0 0 0
-0 0 0
-0 0 0
-0 0 0
-0 0 0
-0 0 0
-0 0 0
-0 0 0
-0 0 0
-0 0 0
-0 0 0
-0 0 0
-0 0 0
-0 0 0
-0 0 0
-0.042637661 0.008514137 0.42200002
-0.039015245 0.0085292691 0.42275003
-0.035400592 0.0085494444 0.42375001
-0.031674951 0.0085444003 0.42350003
-0.027953681 0.0085393563 0.42325002
-0.024279756 0.0085494444 0.42375001
-0.020657776 0.0085847517 0.42550001
-0.016955424 0.0085948398 0.42600003
-0.01321327 0.0085847517 0.42550001
-0.0094910171 0.0085847517 0.42550001
-0.0057755439 0.0085948398 0.42600003
-0.0020573337 0.0086301472 0.42775002
0.0016855865 0.0086351912 0.42800003
0.0054297093 0.0086351912 0.42800003
0.0091952663 0.0086553665 0.42900002
0 0 0
0 0 0
0 0 0
0 0 0
0 0 0
0 0 0
0 0 0
0 0 0
0 0 0
0 0 0
0 0 0
0 0 0
0 0 0
0 0 0
0 0 0
0 0 0
0 0 0
0 0 0
0 0 0
0 0 0
0 0 0
0.18469323 0.0174217 0.86350006
0.19213577 0.017411612 0.86300004
0 0 0
0 0 0
0 0 0
0 0 0
0 0 0
0 0 0
0 0 0
0 0 0
0 0 0
0 0 0
0 0 0
0 0 0
0 0 0
0 0 0
0 0 0
0 0 0
0 0 0
0 0 0
0 0 0
0 0 0
0 0 0
0 0 0
0 0 0
0 0 0
0 0 0
0 0 0
0 0 0
0 0 0
0 0 0
0 0 0
0 0 0
0 0 0
0 0 0
0 0 0
0 0 0
0 0 0
0 0 0
0 0 0
0 0 0
0 0 0
0 0 0
0 0 0
0 0 0
0 0 0
0 0 0
0 0 0
0 0 0
0 0 0
0 0 0
0 0 0
0 0 0
0 0 0
0 0 0
-0 0 0
-0 0 0
-0 0 0
-0 0 0
-0 0 0
-0 0 0
-0 0 0
-0 0 0
-0 0 0
-0 0 0
-0 0 0
-0 0 0
-0 0 0
-0 0 0
-0 0 0
-0 0 0
-0 0 0
-0 0 0
-0 0 0
-0 0 0
-0 0 0
-0 0 0
-0 0 0
-0 0 0
-0 0 0
-0 0 0
-0 0 0
-0 0 0
-0 0 0
-0 0 0
-0 0 0
-0 0 0
-0 0 0
-0 0 0
-0 0 0
-0 0 0
-0 0 0
-0 0 0
-0 0 0
-0 0 0
-0 0 0
-0 0 0
-0 0 0
-0 0 0
-0 0 0
-0 0 0
-0 0 0
-0 0 0
-0 0 0
-0 0 0
-0 0 0
-0 0 0
-0 0 0
-0 0 0
-0 0 0
-0 0 0
-0 0 0
-0 0 0
-0 0 0
-0 0 0
-0 0 0
-0 0 0
-0 0 0
-0 0 0
-0 0 0
-0 0 0
-0 0 0
-0 0 0
-0 0 0
-0.042637661 0.012202935 0.42200002
-0.0389691 0.012210165 0.42225003
-0.03535882 0.012239081 0.42325002
-0.03165625 0.012239081 0.42325002
-0.027970193 0.012246311 0.42350003
-0.024308406 0.012267997 0.42425001
-0.020633502 0.012289685 0.42500001
-0.016935524 0.012304144 0.42550001
-0.013221034 0.012311374 0.42575002
-0.0095021706 0.012318603 0.42600003
-0.005785712 0.01234029 0.42675003
-0.0020585363 0.012376437 0.42800003
0.001684602 0.012369207 0.42775002
0.0054328805 0.012383666 0.42825001
0.0092006251 0.012412583 0.42925003
0.012933046 0.012390895 0.42850003
0 0 0
0 0 0
0 0 0
0 0 0
0 0 0
0 0 0
0 0 0
0 0 0
0 0 0
0 0 0
0 0 0
0 0 0
0 0 0
0 0 0
0 0 0
0 0 0
0 0 0
0 0 0
0 0 0
0 0 0
0 0 0
0 0 0
0 0 0
0 0 0
0 0 0
0 0 0
0 0 0
0 0 0
0 0 0
0 0 0
0 0 0
0 0 0
0 0 0
0 0 0
0 0 0
0 0 0
0 0 0
0 0 0
0 0 0
0 0 0
0 0 0
0 0 0
0 0 0
0 0 0
0 0 0
0 0 0
0 0 0
0 0 0
0 0 0
0 0 0
0 0 0
0 0 0
0 0 0
0 0 0
0 0 0
0 0 0
0 0 0
0 0 0
0 0 0
0 0 0
0 0 0
0 0 0
0 0 0
0 0 0
0 0 0
0 0 0
0 0 0
0 0 0
0 0 0
0 0 0
0 0 0
0 0 0
0 0 0
0 0 0
0 0 0
-0 0 0
-0 0 0
-0 0 0
-0 0 0
-0 0 0
-0 0 0
-0 0 0
-0 0 0
-0 0 0
-0 0 0
-0 0 0
-0 0 0
-0 0 0
-0 0 0
-0 0 0
-0 0 0
-0 0 0
-0 0 0
-0 0 0
-0 0 0
-0 0 0
-0 0 0
-0 0 0
-0 0 0
-0 0 0
-0 0 0
-0 0 0
-0 0 0
-0 0 0
-0 0 0
-0 0 0
-0 0 0
-0 0 0
-0 0 0
-0 0 0
-0 0 0
-0 0 0
-0 0 0
-0 0 0
-0 0 0
-0 0 0
-0 0 0
-0 0 0
-0 0 0
-0 0 0
-0 0 0
-0 0 0
-0 0 0
-0 0 0
-0 0 0
-0 0 0
-0 0 0
-0 0 0
-0 0 0
-0 0 0
-0 0 0
-0 0 0
-0 0 0
-0 0 0
-0 0 0
-0 0 0
-0 0 0
-0 0 0
-0 0 0
-0 0 0
-0 0 0
-0 0 0
-0 0 0
-0 0 0
-0.042435586 0.015816418 0.42000002
-0.038899884 0.015872905 0.42150003
-0.035296164 0.015910564 0.42250001
-0.031731043 0.015976464 0.42425001
-0.02806926 0.016004708 0.42500001
-0.024365705 0.016014123 0.42525002
-0.020682052 0.016042367 0.42600003
-0.016955424 0.016042367 0.42600003
-0.013244324 0.016061196 0.42650002
-0.0095189 0.016070612 0.42675003
-0.0057958802 0.016098853 0.42750001
-0.002060941 0.016136512 0.42850003
0.0016875557 0.016136512 0.42850003
0.0054360526 0.016136512 0.42850003
0.0091952663 0.016155342 0.42900002
0.012925499 0.016127098 0.42825001
0.016652344 0.016108269 0.42775002
0 0 0
0 0 0
0 0 0
0 0 0
0 0 0
0 0 0
0 0 0
0 0 0
0 0 0
0 0 0
0 0 0
0 0 0
0 0 0
0 0 0
0 0 0
0 0 0
0 0 0
0 0 0
0 0 0
0 0 0
0 0 0
0 0 0
0 0 0
0 0 0
0 0 0
0 0 0
0 0 0
0 0 0
0 0 0
0 0 0
0 0 0
0 0 0
0 0 0
0 0 0
0 0 0
0 0 0
0 0 0
0 0 0
0 0 0
0 0 0
0 0 0
0 0 0
0 0 0
0 0 0
0 0 0
0 0 0
0 0 0
0 0 0
0 0 0
0 0 0
0 0 0
0 0 0
0 0 0
0 0 0
0 0 0
0 0 0
0 0 0
0 0 0
0 0 0
0 0 0
0 0 0
0 0 0
0 0 0
0 0 0
0 0 0
0 0 0
0 0 0
0 0 0
0 0 0
0 0 0
0 0 0
0 0 0
0 0 0
0 0 0
-0 0 0
-0 0 0
-0 0 0
-0 0 0
-0 0 0
-0 0 0
-0 0 0
-0 0 0
-0 0 0
-0 0 0
-0 0 0
-0 0 0
-0 0 0
-0 0 0
-0 0 0
-0 0 0
-0 0 0
-0 0 0
-0 0 0
-0 0 0
-0 0 0
-0 0 0
-0 0 0
-0 0 0
-0 0 0
-0 0 0
-0 0 0
-0 0 0
-0 0 0
-0 0 0
-0 0 0
-0 0 0
-0 0 0
-0 0 0
-0 0 0
-0 0 0
-0 0 0
-0 0 0
-0 0 0
-0 0 0
-0 0 0
-0 0 0
-0 0 0
-0 0 0
-0 0 0
-0 0 0
-0 0 0
-0 0 0
-0 0 0
-0 0 0
-0 0 0
-0 0 0
-0 0 0
-0 0 0
-0 0 0
-0 0 0
-0 0 0
-0 0 0
-0 0 0
-0 0 0
-0 0 0
-0 0 0
-0 0 0
-0 0 0
-0 0 0
-0 0 0
-0 0 0
-0 0 0
-0 0 0
-0.042713441 0.019615334 0.42275003
-0.039107531 0.019661732 0.42375001
-0.035400592 0.019661732 0.42375001
-0.031824533 0.01974293 0.42550001
-0.028118793 0.019754531 0.42575002
-0.024380026 0.01974293 0.42550001
-0.020682052 0.019766131 0.42600003
-0.016965374 0.01977773 0.42625001
-0.013252088 0.019800931 0.42675003
-0.0095244758 0.01981253 0.42700002
-0.0057958802 0.019835729 0.42750001
-0.0020597386 0.019870529 0.42825001
0.0016944477 0.019963328 0.43025002
0.0054550814 0.019951727 0.43000001
0.0091952663 0.019905329 0.42900002
0.012948136 0.019905329 0.42900002
0.016652344 0.01984733 0.42775002
0 0 0
0 0 0
0 0 0
0 0 0
0 0 0
0 0 0
0 0 0
0 0 0
0 0 0
0 0 0
0 0 0
0 0 0
0 0 0
0 0 0
0 0 0
0 0 0
0 0 0
0 0 0
0 0 0
0 0 0
0 0 0
0 0 0
0 0 0
0 0 0
0 0 0
0 0 0
0 0 0
0 0 0
0 0 0
0 0 0
0 0 0
0 0 0
0 0 0
0 0 0
0 0 0
0 0 0
0 0 0
0 0 0
0 0 0
0 0 0
0 0 0
0 0 0
0 0 0
0 0 0
0 0 0
0 0 0
0 0 0
0 0 0
0 0 0
0 0 0
0 0 0
0 0 0
0 0 0
0 0 0
0 0 0
0 0 0
0 0 0
0 0 0
0 0 0
0 0 0
0 0 0
0 0 0
0 0 0
0 0 0
0 0 0
0 0 0
0 0 0
0 0 0
0 0 0
0 0 0
0 0 0
0 0 0
0 0 0
0 0 0
-0 0 0
-0 0 0
-0 0 0
-0 0 0
-0 0 0
-0 0 0
-0 0 0
-0 0 0
-0 0 0
-0 0 0
-0 0 0
-0 0 0
-0 0 0
-0 0 0
-0 0 0
-0 0 0
-0 0 0
-0 0 0
-0 0 0
-0 0 0
-0 0 0
-0 0 0
-0 0 0
-0 0 0
-0 0 0
-0 0 0
-0 0 0
-0 0 0
-0 0 0
-0 0 0
-0 0 0
-0 0 0
-0 0 0
-0 0 0
-0 0 0
-0 0 0
-0 0 0
-0 0 0
-0 0 0
-0 0 0
-0 0 0
-0 0 0
-0 0 0
-0 0 0
-0 0 0
-0 0 0
-0 0 0
-0 0 0
-0 0 0
-0 0 0
-0 0 0
-0 0 0
-0 0 0
-0 0 0
-0 0 0
-0 0 0
-0 0 0
-0 0 0
-0 0 0
-0 0 0
-0 0 0
-0 0 0
-0 0 0
-0 0 0
-0 0 0
-0 0 0
-0 0 0
-0 0 0
-0 0 0
-0.042864993 0.023393396 0.42425001
-0.039130606 0.023379613 0.42400002
-0.035484135 0.023420969 0.42475003
-0.031861931 0.023489894 0.42600003
-0.028135305 0.023489894 0.42600003
-0.024365705 0.023448538 0.42525002
-0.020633502 0.023434753 0.42500001
-0.016905673 0.023420969 0.42475003
-0.013252088 0.023531249 0.42675003
-0.0095300525 0.02355882 0.42725003
-0.0057958802 0.023572603 0.42750001
-0 0 0
0 0 0
0 0 0
0 0 0
0 0 0
0 0 0
0 0 0
0 0 0
0 0 0
0 0 0
0 0 0
0 0 0
0 0 0
0 0 0
0 0 0
0 0 0
0 0 0
0 0 0
0 0 0
0 0 0
0 0 0
0 0 0
0 0 0
0 0 0
0 0 0
0 0 0
0 0 0
0 0 0
0 0 0
0 0 0
0 0 0
0 0 0
0 0 0
0 0 0
0 0 0
0 0 0
0 0 0
0 0 0
0 0 0
0 0 0
0 0 0
0 0 0
0 0 0
0 0 0
0 0 0
0 0 0
0 0 0
0 0 0
0 0 0
0 0 0
0 0 0
0 0 0
0 0 0
0 0 0
0 0 0
0 0 0
0 0 0
0 0 0
0 0 0
0 0 0
0 0 0
0 0 0
0 0 0
0 0 0
0 0 0
0 0 0
0 0 0
0 0 0
0 0 0
0 0 0
0 0 0
0 0 0
0 0 0
0 0 0
0 0 0
0 0 0
0 0 0
0 0 0
0 0 0
0 0 0
-0 0 0
-0 0 0
-0 0 0
-0 0 0
-0 0 0
-0 0 0
-0 0 0
-0 0 0
-0 0 0
-0 0 0
-0 0 0
-0 0 0
-0 0 0
-0 0 0
-0 0 0
-0 0 0
-0 0 0
-0 0 0
-0 0 0
-0 0 0
-0 0 0
-0 0 0
-0 0 0
-0 0 0
-0 0 0
-0 0 0
-0 0 0
-0 0 0
-0 0 0
-0 0 0
-0 0 0
-0 0 0
-0 0 0
-0 0 0
-0 0 0
-0 0 0
-0 0 0
-0 0 0
-0 0 0
-0 0 0
-0 0 0
-0 0 0
-0 0 0
-0 0 0
-0 0 0
-0 0 0
-0 0 0
-0 0 0
-0 0 0
-0 0 0
-0 0 0
-0 0 0
-0 0 0
-0 0 0
-0 0 0
-0 0 0
-0 0 0
-0 0 0
-0 0 0
-0 0 0
-0 0 0
-0 0 0
-0 0 0
-0 0 0
-0 0 0
-0 0 0
-0 0 0
-0 0 0
-0 0 0
-0 0 0
-0 0 0
-0 0 0
-0 0 0
-0 0 0
-0 0 0
-0 0 0
-0 0 0
-0 0 0
-0 0 0
-0 0 0
-0 0 0
0 0 0
0 0 0
0 0 0
0 0 0
0 0 0
0 0 0
0 0 0
0 0 0
0 0 0
0 0 0
0 0 0
0 0 0
0 0 0
0 0 0
0 0 0
0 0 0
0 0 0
0 0 0
0 0 0
0 0 0
0 0 0
0 0 0
0 0 0
0 0 0
0 0 0
0 0 0
0 0 0
0 0 0
0 0 0
0 0 0
0 0 0
0 0 0
0 0 0
0 0 0
0 0 0
0 0 0
0 0 0
0 0 0
0 0 0
0 0 0
0 0 0
0 0 0
0 0 0
0 0 0
0 0 0
0 0 0
0 0 0
0 0 0
0 0 0
0 0 0
0 0 0
0 0 0
0 0 0
0 0 0
0 0 0
0 0 0
0 0 0
0 0 0
0 0 0
0 0 0
0 0 0
0 0 0
0 0 0
0 0 0
0 0 0
0 0 0
0 0 0
0 0 0
0 0 0
0 0 0
0 0 0
0 0 0
0 0 0
0 0 0
0 0 0
0 0 0
0 0 0
0 0 0
0 0 0
-0 0 0
-0 0 0
-0 0 0
-0 0 0
-0 0 0
-0 0 0
-0 0 0
-0 0 0
-0 0 0
-0 0 0
-0 0 0
-0 0 0
-0 0 0
-0 0 0
-0 0 0
-0 0 0
-0 0 0
-0 0 0
-0 0 0
-0 0 0
-0 0 0
-0 0 0
-0 0 0
-0 0 0
-0 0 0
-0 0 0
-0 0 0
-0 0 0
-0 0 0
-0 0 0
-0 0 0
-0 0 0
-0 0 0
-0 0 0
-0 0 0
-0 0 0
-0 0 0
-0 0 0
-0 0 0
-0 0 0
-0 0 0
-0 0 0
-0 0 0
-0 0 0
-0 0 0
-0 0 0
-0 0 0
-0 0 0
-0 0 0
-0 0 0
-0 0 0
-0 0 0
-0 0 0
-0 0 0
-0 0 0
-0 0 0
-0 0 0
-0 0 0
-0 0 0
-0 0 0
-0 0 0
-0 0 0
-0 0 0
-0 0 0
-0 0 0
-0 0 0
-0 0 0
-0 0 0
-0 0 0
-0 0 0
-0 0 0
-0 0 0
-0 0 0
-0 0 0
-0 0 0
-0 0 0
-0 0 0
-0 0 0
-0 0 0
-0 0 0
-0 0 0
0 0 0
0 0 0
0 0 0
0 0 0
0 0 0
0 0 0
0 0 0
0 0 0
0 0 0
0 0 0
0 0 0
0 0 0
0 0 0
0 0 0
0 0 0
0 0 0
0 0 0
0 0 0
0 0 0
0 0 0
0 0 0
0 0 0
0 0 0
0 0 0
0 0 0
0 0 0
0 0 0
0 0 0
0 0 0
0 0 0
0 0 0
0 0 0
0 0 0
0 0 0
0 0 0
0 0 0
0 0 0
0 0 0
0 0 0
0 0 0
0 0 0
0 0 0
0 0 0
0 0 0
0 0 0
0 0 0
0 0 0
0 0 0
0 0 0
0 0 0
0 0 0
0 0 0
0 0 0
0 0 0
0 0 0
0 0 0
0 0 0
0 0 0
0 0 0
0 0 0
0 0 0
0 0 0
0 0 0
0 0 0
0 0 0
0 0 0
0 0 0
0 0 0
0 0 0
0 0 0
0 0 0
0 0 0
0 0 0
0 0 0
0 0 0
0 0 0
0 0 0
0 0 0
0 0 0
-0 0 0
-0 0 0
-0 0 0
-0 0 0
-0 0 0
-0 0 0
-0 0 0
-0 0 0
-0 0 0
-0 0 0
-0 0 0
-0 0 0
-0 0 0
-0 0 0
-0 0 0
-0 0 0
-0 0 0
-0 0 0
-0 0 0
-0 0 0
-0 0 0
-0 0 0
-0 0 0
-0 0 0
-0 0 0
-0 0 0
-0 0 0
-0 0 0
-0 0 0
-0 0 0
-0 0 0
-0 0 0
-0 0 0
-0 0 0
-0 0 0
-0 0 0
-0 0 0
-0 0 0
-0 0 0
-0 0 0
-0 0 0
-0 0 0
-0 0 0
-0 0 0
-0 0 0
-0 0 0
-0 0 0
-0 0 0
-0 0 0
-0 0 0
-0 0 0
-0 0 0
-0 0 0
-0 0 0
-0 0 0
-0 0 0
-0 0 0
-0 0 0
-0 0 0
-0 0 0
-0 0 0
-0 0 0
-0 0 0
-0 0 0
-0 0 0
-0 0 0
-0 0 0
-0 0 0
-0 0 0
-0 0 0
-0 0 0
-0 0 0
-0 0 0
-0 0 0
-0 0 0
-0 0 0
-0 0 0
-0 0 0
-0 0 0
-0 0 0
-0 0 0
0 0 0
0 0 0
0 0 0
0 0 0
0 0 0
0 0 0
0 0 0
0 0 0
0 0 0
0 0 0
0 0 0
0 0 0
0 0 0
0 0 0
0 0 0
0 0 0
0 0 0
0 0 0
0 0 0
0 0 0
0 0 0
0 0 0
0 0 0
0 0 0
0 0 0
0 0 0
0 0 0
0 0 0
0 0 0
0 0 0
0 0 0
0 0 0
0 0 0
0 0 0
0 0 0
0 0 0
0 0 0
0 0 0
0 0 0
0 0 0
0 0 0
0 0 0
0 0 0
0 0 0
0 0 0
0 0 0
0 0 0
0 0 0
0 0 0
0 0 0
0 0 0
0 0 0
0 0 0
0 0 0
0 0 0
0 0 0
0 0 0
0 0 0
0 0 0
0 0 0
0 0 0
0 0 0
0 0 0
0 0 0
0 0 0
0 0 0
0 0 0
0 0 0
0 0 0
0 0 0
0 0 0
0 0 0
0 0 0
0 0 0
0 0 0
0 0 0
0 0 0
0 0 0
0 0 0
-0 0 0
-0 0 0
-0 0 0
-0 0 0
-0 0 0
-0 0 0
-0 0 0
-0 0 0
-0 0 0
-0 0 0
-0 0 0
-0 0 0
-0 0 0
-0 0 0
-0 0 0
-0 0 0
-0 0 0
-0 0 0
-0 0 0
-0 0 0
-0 0 0
-0 0 0
-0 0 0
-0 0 0
-0 0 0
-0 0 0
-0 0 0
-0 0 0
-0 0 0
-0 0 0
-0 0 0
-0 0 0
-0 0 0
-0 0 0
-0 0 0
-0 0 0
-0 0 0
-0 0 0
-0 0 0
-0 0 0
-0 0 0
-0 0 0
-0 0 0
-0 0 0
-0 0 0
-0 0 0
-0 0 0
-0 0 0
-0 0 0
-0 0 0
-0 0 0
-0 0 0
-0 0 0
-0 0 0
-0 0 0
-0 0 0
-0 0 0
-0 0 0
-0 0 0
-0 0 0
-0 0 0
-0 0 0
-0 0 0
-0 0 0
-0 0 0
-0 0 0
-0 0 0
-0 0 0
-0 0 0
-0 0 0
-0 0 0
-0 0 0
-0 0 0
-0 0 0
-0 0 0
-0 0 0
-0 0 0
-0 0 0
-0 0 0
-0 0 0
-0 0 0
0 0 0
0 0 0
0 0 0
0 0 0
0 0 0
0 0 0
0 0 0
0 0 0
0 0 0
0 0 0
0 0 0
0 0 0
0 0 0
0 0 0
0 0 0
0 0 0
0 0 0
0 0 0
0 0 0
0 0 0
0 0 0
0 0 0
0 0 0
0 0 0
0 0 0
0 0 0
0 0 0
0 0 0
0 0 0
0 0 0
0 0 0
0 0 0
0 0 0
0 0 0
0 0 0
0 0 0
0 0 0
0 0 0
0 0 0
0 0 0
0 0 0
0 0 0
0 0 0
0 0 0
0 0 0
0 0 0
0 0 0
0 0 0
0 0 0
0 0 0
0 0 0
0 0 0
0 0 0
0 0 0
0 0 0
0 0 0
0 0 0
0 0 0
0 0 0
0 0 0
0 0 0
0 0 0
0 0 0
0 0 0
0 0 0
0 0 0
0 0 0
0 0 0
0 0 0
0 0 0
0 0 0
0 0 0
0 0 0
0 0 0
0 0 0
0 0 0
0 0 0
0 0 0
0 0 0
-0 0 0
-0 0 0
-0 0 0
-0 0 0
-0 0 0
-0 0 0
-0 0 0
-0 0 0
-0 0 0
-0 0 0
-0 0 0
-0 0 0
-0 0 0
-0 0 0
-0 0 0
-0 0 0
-0 0 0
-0 0 0
-0 0 0
-0 0 0
-0 0 0
-0 0 0
-0 0 0
-0 0 0
-0 0 0
-0 0 0
-0 0 0
-0 0 0
-0 0 0
-0 0 0
-0 0 0
-0 0 0
-0 0 0
-0 0 0
-0 0 0
-0 0 0
-0 0 0
-0 0 0
-0 0 0
-0 0 0
-0 0 0
-0 0 0
-0 0 0
-0 0 0
-0 0 0
-0 0 0
-0 0 0
-0 0 0
-0 0 0
-0 0 0
-0 0 0
-0 0 0
-0 0 0
-0 0 0
-0 0 0
-0 0 0
-0 0 0
-0 0 0
-0 0 0
-0 0 0
-0 0 0
-0 0 0
-0 0 0
-0 0 0
-0 0 0
-0 0 0
-0 0 0
-0 0 0
-0 0 0
-0 0 0
-0 0 0
-0 0 0
-0 0 0
-0 0 0
-0 0 0
-0 0 0
-0 0 0
-0 0 0
-0 0 0
-0 0 0
-0 0 0
0 0 0
0 0 0
0 0 0
0 0 0
0 0 0
0 0 0
0 0 0
0 0 0
0 0 0
0 0 0
0 0 0
0 0 0
0 0 0
0 0 0
0 0 0
0 0 0
0 0 0
0 0 0
0 0 0
0 0 0
0 0 0
0 0 0
0 0 0
0 0 0
0 0 0
0 0 0
0 0 0
0 0 0
0 0 0
0 0 0
0 0 0
0 0 0
0 0 0
0 0 0
0 0 0
0 0 0
0 0 0
0 0 0
0 0 0
0 0 0
0 0 0
0 0 0
0 0 0
0 0 0
0 0 0
0 0 0
0 0 0
0 0 0
0 0 0
0 0 0
0 0 0
0 0 0
0 0 0
0 0 0
0 0 0
0 0 0
0 0 0
0 0 0
0 0 0
0 0 0
0 0 0
0 0 0
0 0 0
0 0 0
0 0 0
0 0 0
0 0 0
0 0 0
0 0 0
0 0 0
0 0 0
0 0 0
0 0 0
0 0 0
0 0 0
0 0 0
0 0 0
0 0 0
0 0 0
-0 0 0
-0 0 0
-0 0 0
-0 0 0
-0 0 0
-0 0 0
-0 0 0
-0 0 0
-0 0 0
-0 0 0
-0 0 0
-0 0 0
-0 0 0
-0 0 0
-0 0 0
-0 0 0
-0 0 0
-0 0 0
-0 0 0
-0 0 0
-0 0 0
-0 0 0
-0 0 0
-0 0 0
-0 0 0
-0 0 0
-0 0 0
-0 0 0
-0 0 0
-0 0 0
-0 0 0
-0 0 0
-0 0 0
-0 0 0
-0 0 0
-0 0 0
-0 0 0
-0 0 0
-0 0 0
-0 0 0
-0 0 0
-0 0 0
-0 0 0
-0 0 0
-0 0 0
-0 0 0
-0 0 0
-0 0 0
-0 0 0
-0 0 0
-0 0 0
-0 0 0
-0 0 0
-0 0 0
-0 0 0
-0 0 0
-0 0 0
-0 0 0
-0 0 0
-0 0 0
-0 0 0
-0 0 0
-0 0 0
-0 0 0
-0 0 0
-0 0 0
-0 0 0
-0 0 0
-0 0 0
-0 0 0
-0 0 0
-0 0 0
-0 0 0
-0 0 0
-0 0 0
-0 0 0
-0 0 0
-0 0 0
-0 0 0
-0 0 0
-0 0 0
0 0 0
0 0 0
0 0 0
0 0 0
0 0 0
0 0 0
0 0 0
0 0 0
0 0 0
0 0 0
0 0 0
0 0 0
0 0 0
0 0 0
0 0 0
0 0 0
0 0 0
0 0 0
0 0 0
0 0 0
0 0 0
0 0 0
0 0 0
0 0 0
0 0 0
0 0 0
0 0 0
0 0 0
0 0 0
0 0 0
0 0 0
0 0 0
0 0 0
0 0 0
0 0 0
0 0 0
0 0 0
0 0 0
0 0 0
0 0 0
0 0 0
0 0 0
0 0 0
0 0 0
0 0 0
0 0 0
0 0 0
0 0 0
0 0 0
0 0 0
0 0 0
0 0 0
0 0 0
0 0 0
0 0 0
0 0 0
0 0 0
0 0 0
0 0 0
0 0 0
0 0 0
0 0 0
0 0 0
0 0 0
0 0 0
0 0 0
0 0 0
0 0 0
0 0 0
0 0 0
0 0 0
0 0 0
0 0 0
0 0 0
0 0 0
0 0 0
0 0 0
0 0 0
0 0 0
-0 0 0
-0 0 0
-0 0 0
-0 0 0
-0 0 0
-0 0 0
-0 0 0
-0 0 0
-0 0 0
-0 0 0
-0 0 0
-0 0 0
-0 0 0
-0 0 0
-0 0 0
-0 0 0
-0 0 0
-0 0 0
-0 0 0
-0 0 0
-0 0 0
-0 0 0
-0 0 0
-0 0 0
-0 0 0
-0 0 0
-0 0 0
-0 0 0
-0 0 0
-0 0 0
-0 0 0
-0 0 0
-0 0 0
-0 0 0
-0 0 0
-0 0 0
-0 0 0
-0 0 0
-0 0 0
-0 0 0
-0 0 0
-0 0 0
-0 0 0
-0 0 0
-0 0 0
-0 0 0
-0 0 0
-0 0 0
-0 0 0
-0 0 0
-0 0 0
-0 0 0
-0 0 0
-0 0 0
-0 0 0
-0 0 0
-0 0 0
-0 0 0
-0 0 0
-0 0 0
-0 0 0
-0 0 0
-0 0 0
-0 0 0
-0 0 0
-0 0 0
-0 0 0
-0 0 0
-0 0 0
-0 0 0
-0 0 0
-0 0 0
-0 0 0
-0 0 0
-0 0 0
-0 0 0
-0 0 0
-0 0 0
-0.0064295786 0.033531889 0.28825
-0.0039079823 0.033531889 0.28825
-0 0 0
0 0 0
0 0 0
0 0 0
0 0 0
0 0 0
0 0 0
0 0 0
0 0 0
0 0 0
0 0 0
0 0 0
0 0 0
0 0 0
0 0 0
0 0 0
0 0 0
0 0 0
0 0 0
0 0 0
0 0 0
0 0 0
0 0 0
0 0 0
0 0 0
0 0 0
0 0 0
0 0 0
0 0 0
0 0 0
0 0 0
0 0 0
0 0 0
0 0 0
0 0 0
0 0 0
0 0 0
0 0 0
0 0 0
0 0 0
0 0 0
0 0 0
0 0 0
0 0 0
0 0 0
0 0 0
0 0 0
0 0 0
0 0 0
0 0 0
0 0 0
0 0 0
0 0 0
0 0 0
0 0 0
0 0 0
0 0 0
0 0 0
0 0 0
0 0 0
0 0 0
0 0 0
0 0 0
0 0 0
0 0 0
0 0 0
0 0 0
0 0 0
0 0 0
0 0 0
0 0 0
0 0 0
0 0 0
0 0 0
0 0 0
0 0 0
0 0 0
0 0 0
0 0 0
0 0 0
-0 0 0
-0 0 0
-0 0 0
-0 0 0
-0 0 0
-0 0 0
-0 0 0
-0 0 0
-0 0 0
-0 0 0
-0 0 0
-0 0 0
-0 0 0
-0 0 0
-0 0 0
-0 0 0
-0 0 0
-0 0 0
-0 0 0
-0 0 0
-0 0 0
-0 0 0
-0 0 0
-0 0 0
-0 0 0
-0 0 0
-0 0 0
-0 0 0
-0 0 0
-0 0 0
-0 0 0
-0 0 0
-0 0 0
-0 0 0
-0 0 0
-0 0 0
-0 0 0
-0 0 0
-0 0 0
-0 0 0
-0 0 0
-0 0 0
-0 0 0
-0 0 0
-0 0 0
-0 0 0
-0 0 0
-0 0 0
-0 0 0
-0 0 0
-0 0 0
-0 0 0
-0 0 0
-0 0 0
-0 0 0
-0 0 0
-0 0 0
-0 0 0
-0 0 0
-0 0 0
-0 0 0
-0 0 0
-0 0 0
-0 0 0
-0 0 0
-0 0 0
-0 0 0
-0 0 0
-0 0 0
-0 0 0
-0 0 0
-0 0 0
-0 0 0
-0 0 0
-0.016430018 0.035863947 0.28675002
-0.014127879 0.036395494 0.29100001
-0.011512574 0.036176622 0.28925002
-0.0089045959 0.035863947 0.28675002
-0.0064184261 0.035989016 0.28775001
-0.0038944248 0.03592648 0.28725001
-0.0013803735 0.03589521 0.287
0.0011302881 0.03589521 0.287
0.0036377783 0.035863947 0.28675002
0.0061301775 0.035770144 0.28600001
0.0086245453 0.035738874 0.28575
0.011182668 0.03592648 0.28725001
0.013671678 0.035863947 0.28675002
0.016208366 0.03592648 0.28725001
0.018721212 0.03592648 0.28725001
0.021160141 0.035801411 0.28625003
0.023664242 0.035801411 0.28625003
0 0 0
0.028972941 0.036176622 0.28925002
0 0 0
0 0 0
0 0 0
0 0 0
0 0 0
0 0 0
0 0 0
0 0 0
0 0 0
0 0 0
0 0 0
0 0 0
0 0 0
0 0 0
0 0 0
0 0 0
0 0 0
0 0 0
0 0 0
0 0 0
0 0 0
0 0 0
0 0 0
0 0 0
0 0 0
0 0 0
0 0 0
0 0 0
0 0 0
0 0 0
0 0 0
0 0 0
0 0 0
0 0 0
0 0 0
0 0 0
0 0 0
0 0 0
0 0 0
0 0 0
0 0 0
0 0 0
0 0 0
0 0 0
0 0 0
0 0 0
0 0 0
0 0 0
0 0 0
0 0 0
0 0 0
0 0 0
0 0 0
0 0 0
0 0 0
0 0 0
0 0 0
0 0 0
0 0 0
0 0 0
0 0 0
0 0 0
0 0 0
0 0 0
0 0 0
0 0 0
0 0 0
-0 0 0
-0 0 0
-0 0 0
-0 0 0
-0 0 0
-0 0 0
-0 0 0
-0 0 0
-0 0 0
-0 0 0
-0 0 0
-0 0 0
-0 0 0
-0 0 0
-0 0 0
-0 0 0
-0 0 0
-0 0 0
-0 0 0
-0 0 0
-0 0 0
-0 0 0
-0 0 0
-0 0 0
-0 0 0
-0 0 0
-0 0 0
-0 0 0
-0 0 0
-0 0 0
-0 0 0
-0 0 0
-0 0 0
-0 0 0
-0 0 0
-0 0 0
-0 0 0
-0 0 0
-0 0 0
-0 0 0
-0 0 0
-0 0 0
-0 0 0
-0 0 0
-0 0 0
-0 0 0
-0 0 0
-0 0 0
-0 0 0
-0 0 0
-0 0 0
-0 0 0
-0 0 0
-0 0 0
-0 0 0
-0 0 0
-0 0 0
-0 0 0
-0 0 0
-0 0 0
-0 0 0
-0 0 0
-0 0 0
-0 0 0
-0 0 0
-0 0 0
-0 0 0
-0 0 0
-0 0 0
-0 0 0
-0 0 0
-0.023997216 0.0384374 0.28725001
-0.021484366 0.0384374 0.28725001
-0.018938495 0.038370494 0.28675002
-0.016387045 0.038270134 0.28600001
-0.013921545 0.038370494 0.28675002
-0.01139317 0.038303588 0.28625003
-0.0088813053 0.038270134 0.28600001
-0.0063682385 0.038203228 0.28550002
-0.0038639202 0.038136326 0.28500003
-0.0013659445 0.03800251 0.28400001
0.0011194579 0.038035966 0.28425002
0.0036187489 0.038169775 0.28525001
0.006114102 0.038169775 0.28525001
0.0086019095 0.038136326 0.28500003
0.011134005 0.038270134 0.28600001
0.013623999 0.038236681 0.28575
0.01615194 0.038303588 0.28625003
0.018623451 0.038236681 0.28575
0.021086218 0.038169775 0.28525001
0.023622904 0.038236681 0.28575
0.02621405 0.038370494 0.28675002
0.028797651 0.038470853 0.28750002
0.03139437 0.038571209 0.28825
0 0 0
0 0 0
0 0 0
0 0 0
0 0 0
0 0 0
0 0 0
0 0 0
0 0 0
0 0 0
0 0 0
0 0 0
0 0 0
0 0 0
0 0 0
0 0 0
0 0 0
0 0 0
0 0 0
0 0 0
0 0 0
0 0 0
0 0 0
0 0 0
0 0 0
0 0 0
0 0 0
0 0 0
0 0 0
0 0 0
0 0 0
0 0 0
0 0 0
0 0 0
0 0 0
0 0 0
0 0 0
0 0 0
0 0 0
0 0 0
0 0 0
0 0 0
0 0 0
0 0 0
0 0 0
0 0 0
0 0 0
0 0 0
0 0 0
0 0 0
0 0 0
0 0 0
0 0 0
0 0 0
0 0 0
0 0 0
0 0 0
0 0 0
0 0 0
0 0 0
0 0 0
0 0 0
0 0 0
0 0 0
0 0 0
0 0 0
-0 0 0
-0 0 0
-0 0 0
-0 0 0
-0 0 0
-0 0 0
-0 0 0
-0 0 0
-0 0 0
-0 0 0
-0 0 0
-0 0 0
-0 0 0
-0 0 0
-0 0 0
-0 0 0
-0 0 0
-0 0 0
-0 0 0
-0 0 0
-0 0 0
-0 0 0
-0 0 0
-0 0 0
-0 0 0
-0 0 0
-0 0 0
-0 0 0
-0 0 0
-0 0 0
-0 0 0
-0 0 0
-0 0 0
-0 0 0
-0 0 0
-0 0 0
-0 0 0
-0 0 0
-0 0 0
-0 0 0
-0 0 0
-0 0 0
-0 0 0
-0 0 0
-0 0 0
-0 0 0
-0 0 0
-0 0 0
-0 0 0
-0 0 0
-0 0 0
-0 0 0
-0 0 0
-0 0 0
-0 0 0
-0 0 0
-0 0 0
-0 0 0
-0 0 0
-0 0 0
-0 0 0
-0 0 0
-0 0 0
-0 0 0
-0 0 0
-0 0 0
-0 0 0
-0 0 0
-0.031371079 0.040734485 0.28575
-0.028871354 0.040734485 0.28575
-0.026556205 0.041019592 0.28775001
-0.023871902 0.040734485 0.28575
-0.021334779 0.040663213 0.28525001
-0.018789891 0.040556297 0.2845
-0.016301099 0.040556297 0.2845
-0.013800172 0.040520661 0.28425002
-0.011303616 0.040485021 0.28400001
-0.0088191982 0.040485021 0.28400001
-0.006329204 0.040449385 0.28375003
-0.0038435836 0.040413745 0.28350002
-0.0013599325 0.040306829 0.28275001
0.001114535 0.040342469 0.28300002
0.003596548 0.040413745 0.28350002
0.0060819509 0.040449385 0.28375003
0.0085490895 0.040378105 0.28325
0.011046412 0.040449385 0.28375003
0.013528644 0.040449385 0.28375003
0.016081408 0.040627576 0.28500003
0.018541984 0.040556297 0.2845
0.020975336 0.040449385 0.28375003
0.023498902 0.040520661 0.28425002
0.02600836 0.040556297 0.2845
0.028522193 0.040591937 0.28475001
0.031094858 0.040698852 0.28550002
0.033739474 0.04087704 0.28675002
0 0 0
0 0 0
0 0 0
0 0 0
0 0 0
0 0 0
0 0 0
0 0 0
0 0 0
0 0 0
0 0 0
0 0 0
0 0 0
0 0 0
0 0 0
0 0 0
0 0 0
0 0 0
0 0 0
0 0 0
0 0 0
0 0 0
0 0 0
0 0 0
0 0 0
0 0 0
0 0 0
0 0 0
0 0 0
0 0 0
0 0 0
0 0 0
0 0 0
0 0 0
0 0 0
0 0 0
0 0 0
0 0 0
0 0 0
0 0 0
0 0 0
0 0 0
0 0 0
0 0 0
0 0 0
0 0 0
0 0 0
0 0 0
0 0 0
0 0 0
0 0 0
0 0 0
0 0 0
0 0 0
0 0 0
0 0 0
0 0 0
0 0 0
0 0 0
0 0 0
0 0 0
0 0 0
0 0 0
0 0 0
0 0 0
-0 0 0
-0 0 0
-0 0 0
-0 0 0
-0 0 0
-0 0 0
-0 0 0
-0 0 0
-0 0 0
-0 0 0
-0 0 0
-0 0 0
-0 0 0
-0 0 0
-0 0 0
-0 0 0
-0 0 0
-0 0 0
-0 0 0
-0 0 0
-0 0 0
-0 0 0
-0 0 0
-0 0 0
-0 0 0
-0 0 0
-0 0 0
-0 0 0
-0 0 0
-0 0 0
-0 0 0
-0 0 0
-0 0 0
-0 0 0
-0 0 0
-0 0 0
-0 0 0
-0 0 0
-0 0 0
-0 0 0
-0 0 0
-0 0 0
-0 0 0
-0 0 0
-0 0 0
-0 0 0
-0 0 0
-0 0 0
-0 0 0
-0 0 0
-0 0 0
-0 0 0
-0 0 0
-0 0 0
-0 0 0
-0 0 0
-0 0 0
-0 0 0
-0 0 0
-0 0 0
-0 0 0
-0 0 0
-0 0 0
-0 0 0
-0 0 0
-0 0 0
-0 0 0
-0 0 0
-0.031288743 0.043118827 0.28500003
-0.028820835 0.043156646 0.28525001
-0.026325483 0.043156646 0.28525001
-0.023746591 0.043005355 0.28425002
-0.021241289 0.042967528 0.28400001
-0.018723847 0.042891882 0.28350002
-0.016243802 0.042891882 0.28350002
-0.013751621 0.042854059 0.28325
-0.011253865 0.04277841 0.28275001
-0.0087648546 0.042702764 0.28225002
-0.006290169 0.042664941 0.28200001
-0.0038266368 0.042702764 0.28225002
-0.0013551229 0.042627119 0.28175002
0.0011096122 0.042627119 0.28175002
0.0035711755 0.042589296 0.28150001
0.0060444404 0.042664941 0.28200001
0.008503817 0.042627119 0.28175002
0.010978284 0.042664941 0.28200001
0.013445206 0.042664941 0.28200001
0.015954448 0.04277841 0.28275001
0.018444223 0.042816237 0.28300002
0.020901414 0.04277841 0.28275001
0.023395564 0.042816237 0.28300002
0.025894087 0.042854059 0.28325
0.028396986 0.042891882 0.28350002
0.030931488 0.042967528 0.28400001
0.033357076 0.042891882 0.28350002
0.035679106 0.042702764 0.28225002
0.038114421 0.042664941 0.28200001
0.040761225 0.042854059 0.28325
0 0 0
0 0 0
0 0 0
0 0 0
0 0 0
0 0 0
0 0 0
0 0 0
0 0 0
0 0 0
0 0 0
0 0 0
0 0 0
0 0 0
0 0 0
0 0 0
0 0 0
0 0 0
0 0 0
0 0 0
0 0 0
0 0 0
0 0 0
0 0 0
0 0 0
0 0 0
0 0 0
0 0 0
0 0 0
0 0 0
0 0 0
0 0 0
0 0 0
0 0 0
0 0 0
0 0 0
0 0 0
0 0 0
0 0 0
0 0 0
0 0 0
0 0 0
0 0 0
0 0 0
0 0 0
0 0 0
0 0 0
0 0 0
0 0 0
0 0 0
0 0 0
0 0 0
0 0 0
0 0 0
0 0 0
0 0 0
0 0 0
0 0 0
0 0 0
0 0 0
0 0 0
0 0 0
-0 0 0
-0 0 0
-0 0 0
-0 0 0
-0 0 0
-0 0 0
-0 0 0
-0 0 0
-0 0 0
-0 0 0
-0 0 0
-0 0 0
-0 0 0
-0 0 0
-0 0 0
-0 0 0
-0 0 0
-0 0 0
-0 0 0
-0 0 0
-0 0 0
-0 0 0
-0 0 0
-0 0 0
-0 0 0
-0 0 0
-0 0 0
-0 0 0
-0 0 0
-0 0 0
-0 0 0
-0 0 0
-0 0 0
-0 0 0
-0 0 0
-0 0 0
-0 0 0
-0 0 0
-0 0 0
-0 0 0
-0 0 0
-0 0 0
-0 0 0
-0 0 0
-0 0 0
-0 0 0
-0 0 0
-0 0 0
-0 0 0
-0 0 0
-0 0 0
-0 0 0
-0 0 0
-0 0 0
-0 0 0
-0 0 0
-0 0 0
-0 0 0
-0 0 0
-0 0 0
-0 0 0
-0 0 0
-0 0 0
-0 0 0
-0 0 0
-0 0 0
-0.036306895 0.045650084 0.28525001
-0.033811543 0.045650084 0.28525001
-0.031316187 0.045650084 0.28525001
-0.028795578 0.045610078 0.28500003
-0.026256265 0.045530055 0.2845
-0.023704821 0.045410033 0.28375003
-0.021166496 0.045290004 0.28300002
-0.018690825 0.045290004 0.28300002
-0.016200829 0.045249995 0.28275001
-0.013654523 0.045009941 0.28125
-0.011124509 0.044729881 0.27950001
-0.0086328778 0.044489831 0.27800003
-0.0061897938 0.044409808 0.2775
-0.0037656275 0.044449817 0.27775002
-0.0013334793 0.044369802 0.27725002
0.0010899206 0.044289779 0.27675
0.0035014013 0.044169758 0.27600002
0.0059211939 0.044209763 0.27625
0.0083453609 0.044249773 0.27650002
0.010793366 0.044369802 0.27725002
0.013254495 0.044489831 0.27800003
0.015728744 0.044609852 0.27875
0.018232409 0.044769891 0.27975002
0.02080901 0.04504995 0.28150001
0.023333561 0.045169979 0.28225002
0.025779815 0.045129966 0.28200001
0.028246736 0.045129966 0.28200001
0.030768115 0.045209985 0.2825
0.033268828 0.045249995 0.28275001
0.035679106 0.045169979 0.28225002
0.038080636 0.04508996 0.28175002
0.040689275 0.045249995 0.28275001
0.043277249 0.045370024 0.28350002
0 0 0
0 0 0
0 0 0
0 0 0
0 0 0
0 0 0
0 0 0
0 0 0
0 0 0
0 0 0
0 0 0
0 0 0
0 0 0
0 0 0
0 0 0
0 0 0
0 0 0
0 0 0
0 0 0
0 0 0
0 0 0
0 0 0
0 0 0
0 0 0
0 0 0
0 0 0
0 0 0
0 0 0
0 0 0
0 0 0
0 0 0
0 0 0
0 0 0
0 0 0
0 0 0
0 0 0
0 0 0
0 0 0
0 0 0
0 0 0
0 0 0
0 0 0
0 0 0
0 0 0
0 0 0
0 0 0
0 0 0
0 0 0
0 0 0
0 0 0
0 0 0
0 0 0
0 0 0
0 0 0
0 0 0
0 0 0
0 0 0
0 0 0
0 0 0
0 0 0
0 0 0
-0 0 0
-0 0 0
-0 0 0
-0 0 0
-0 0 0
-0 0 0
-0 0 0
-0 0 0
-0 0 0
-0 0 0
-0 0 0
-0 0 0
-0 0 0
-0 0 0
-0 0 0
-0 0 0
-0 0 0
-0 0 0
-0 0 0
-0 0 0
-0 0 0
-0 0 0
-0 0 0
-0 0 0
-0 0 0
-0 0 0
-0 0 0
-0 0 0
-0 0 0
-0 0 0
-0 0 0
-0 0 0
-0 0 0
-0 0 0
-0 0 0
-0 0 0
-0 0 0
-0 0 0
-0 0 0
-0 0 0
-0 0 0
-0 0 0
-0 0 0
-0 0 0
-0 0 0
-0 0 0
-0 0 0
-0 0 0
-0 0 0
-0 0 0
-0 0 0
-0 0 0
-0 0 0
-0 0 0
-0 0 0
-0 0 0
-0 0 0
-0 0 0
-0 0 0
-0 0 0
-0 0 0
-0 0 0
-0 0 0
-0 0 0
-0.04136999 0.048227906 0.28575
-0.038768243 0.048101328 0.28500003
-0.036306895 0.048143517 0.28525001
-0.033811543 0.048143517 0.28525001
-0.031261295 0.048059132 0.28475001
-0.0287198 0.047974743 0.28425002
-0.026233194 0.047974743 0.28425002
-0.023683935 0.047848161 0.28350002
-0.021073004 0.047552802 0.28175002
-0.018426644 0.047088668 0.27900001
-0.015928667 0.04691989 0.27800003
-0.013399639 0.046582337 0.27600002
-0.010975254 0.046540141 0.27575001
-0.0085552428 0.046497945 0.2755
-0.0061284541 0.046371367 0.27475002
-0.0037215652 0.04632917 0.27450001
-0.00132386 0.046455756 0.27525002
0.0010849978 0.046497945 0.2755
0.003488715 0.046413559 0.27500001
0.0058890432 0.046371367 0.27475002
0.0082925418 0.046371367 0.27475002
0.010705774 0.046413559 0.27500001
0.01312338 0.046455756 0.27525002
0.015545359 0.046497945 0.2755
0.017955419 0.046497945 0.2755
0.020402441 0.046582337 0.27600002
0.022920212 0.046793308 0.27725002
0.025528418 0.04713086 0.27925003
0.02809649 0.047341831 0.28050002
0.030631972 0.047468409 0.28125
0.03318058 0.047594994 0.28200001
0.035679106 0.047637191 0.28225002
0.038046844 0.047510605 0.28150001
0.040509392 0.047510605 0.28150001
0.043162759 0.047721576 0.28275001
0.04563624 0.047721576 0.28275001
0.048024651 0.047637191 0.28225002
0 0 0
0 0 0
0 0 0
0 0 0
0 0 0
0 0 0
0 0 0
0 0 0
0 0 0
0 0 0
0 0 0
0 0 0
0 0 0
0 0 0
0 0 0
0 0 0
0 0 0
0 0 0
0 0 0
0 0 0
0 0 0
0 0 0
0 0 0
0 0 0
0 0 0
0 0 0
0 0 0
0 0 0
0 0 0
0 0 0
0 0 0
0 0 0
0 0 0
0 0 0
0 0 0
0 0 0
0 0 0
0 0 0
0 0 0
0 0 0
0 0 0
0 0 0
0 0 0
0 0 0
0 0 0
0 0 0
0 0 0
0 0 0
0 0 0
0 0 0
0 0 0
0 0 0
0 0 0
0 0 0
0 0 0
0 0 0
0 0 0
0 0 0
0 0 0
-0 0 0
-0 0 0
-0 0 0
-0 0 0
-0 0 0
-0 0 0
-0 0 0
-0 0 0
-0 0 0
-0 0 0
-0 0 0
-0 0 0
-0 0 0
-0 0 0
-0 0 0
-0 0 0
-0 0 0
-0 0 0
-0 0 0
-0 0 0
-0 0 0
-0 0 0
-0 0 0
-0 0 0
-0 0 0
-0 0 0
-0 0 0
-0 0 0
-0 0 0
-0 0 0
-0 0 0
-0 0 0
-0 0 0
-0 0 0
-0 0 0
-0 0 0
-0 0 0
-0 0 0
-0 0 0
-0 0 0
-0 0 0
-0 0 0
-0 0 0
-0 0 0
-0 0 0
-0 0 0
-0 0 0
-0 0 0
-0 0 0
-0 0 0
-0 0 0
-0 0 0
-0 0 0
-0 0 0
-0 0 0
-0 0 0
-0 0 0
-0 0 0
-0 0 0
-0 0 0
-0 0 0
-0 0 0
-0 0 0
-0.043831337 0.050681334 0.28550002
-0.04136999 0.050725713 0.28575
-0.038802247 0.050636955 0.28525001
-0.036243256 0.050548196 0.28475001
-0.033633742 0.050370682 0.28375003
-0.031041726 0.050193161 0.28275001
-0.028492466 0.050060023 0.28200001
-0.025933255 0.049882505 0.28100002
-0.023287114 0.049483087 0.27875
-0.020642942 0.048994917 0.27600002
-0.018162461 0.048817396 0.27500001
-0.015756775 0.048817396 0.27500001
-0.013351089 0.048817396 0.27500001
-0.010945403 0.048817396 0.27500001
-0.0085241897 0.048728637 0.27450001
-0.0061117248 0.048639882 0.27400002
-0.0037147864 0.048639882 0.27400002
-0.0013190502 0.048684258 0.27425
0.0010800749 0.048684258 0.27425
0.0034760288 0.048639882 0.27400002
0.0058676084 0.048595499 0.27375001
0.0082699051 0.048639882 0.27400002
0.010676576 0.048684258 0.27425
0.013087621 0.048728637 0.27450001
0.015503041 0.048773021 0.27475002
0.017939126 0.048861779 0.27525002
0.020328518 0.048817396 0.27500001
0.022734204 0.048817396 0.27500001
0.025094183 0.048728637 0.27450001
0.027495494 0.048728637 0.27450001
0.030141862 0.049128052 0.27675
0.03300409 0.049793746 0.28050002
0.035521094 0.049882505 0.28100002
0.037945475 0.049838126 0.28075001
0.040329512 0.049749367 0.28025001
0.042971943 0.049971264 0.28150001
0.045555539 0.050104402 0.28225002
0.047982112 0.050060023 0.28200001
0 0 0
0 0 0
0 0 0
0 0 0
0 0 0
0 0 0
0 0 0
0 0 0
0 0 0
0 0 0
0 0 0
0 0 0
0 0 0
0 0 0
0 0 0
0 0 0
0 0 0
0 0 0
0 0 0
0 0 0
0 0 0
0 0 0
0 0 0
0 0 0
0 0 0
0 0 0
0 0 0
0 0 0
0 0 0
0 0 0
0 0 0
0 0 0
0 0 0
0 0 0
0 0 0
0 0 0
0 0 0
0 0 0
0 0 0
0 0 0
0 0 0
0 0 0
0 0 0
0 0 0
0 0 0
0 0 0
0 0 0
0 0 0
0 0 0
0 0 0
0 0 0
0 0 0
0 0 0
0 0 0
0 0 0
0 0 0
0 0 0
0 0 0
0 0 0
-0 0 0
-0 0 0
-0 0 0
-0 0 0
-0 0 0
-0 0 0
-0 0 0
-0 0 0
-0 0 0
-0 0 0
-0 0 0
-0 0 0
-0 0 0
-0 0 0
-0 0 0
-0 0 0
-0 0 0
-0 0 0
-0 0 0
-0 0 0
-0 0 0
-0 0 0
-0 0 0
-0 0 0
-0 0 0
-0 0 0
-0 0 0
-0 0 0
-0 0 0
-0 0 0
-0 0 0
-0 0 0
-0 0 0
-0 0 0
-0 0 0
-0 0 0
-0 0 0
-0 0 0
-0 0 0
-0 0 0
-0 0 0
-0 0 0
-0 0 0
-0 0 0
-0 0 0
-0 0 0
-0 0 0
-0 0 0
-0 0 0
-0 0 0
-0 0 0
-0 0 0
-0 0 0
-0 0 0
-0 0 0
-0 0 0
-0 0 0
-0 0 0
-0 0 0
-0 0 0
-0 0 0
-0 0 0
-0.046450578 0.053316653 0.28625003
-0.043831337 0.053176958 0.28550002
-0.041333798 0.053176958 0.28550002
-0.038836259 0.053176958 0.28550002
-0.036179617 0.052944135 0.28425002
-0.033574473 0.05275787 0.28325
-0.030959386 0.052525047 0.28200001
-0.028088318 0.051780015 0.27800003
-0.025356447 0.051174674 0.27475002
-0.022952951 0.051174674 0.27475002
-0.020568147 0.051221233 0.27500001
-0.018145952 0.051174674 0.27475002
-0.015713802 0.051081538 0.27425
-0.01330254 0.05103498 0.27400002
-0.010895651 0.05098841 0.27375001
-0.0084776096 0.050848715 0.273
-0.0060782661 0.050755586 0.27250001
-0.0036978393 0.050802156 0.27275002
-0.0013118358 0.050802156 0.27275002
0.0010741677 0.050802156 0.27275002
0.0034601712 0.050802156 0.27275002
0.0058408161 0.050755586 0.27250001
0.0082246317 0.050755586 0.27250001
0.010608449 0.050755586 0.27250001
0.013004185 0.050802156 0.27275002
0.015446614 0.05098841 0.27375001
0.017857658 0.05103498 0.27400002
0.020254597 0.05103498 0.27400002
0.02269287 0.051128108 0.27450001
0.025094183 0.051128108 0.27450001
0.027445413 0.05103498 0.27400002
0.029815121 0.05098841 0.27375001
0.032298118 0.051128108 0.27450001
0.034920644 0.05145406 0.27625
0.037607584 0.051826578 0.27825001
0.040149629 0.051966272 0.27900001
0.042704798 0.052105967 0.27975002
0.045394138 0.052385353 0.28125
0.047982112 0.052525047 0.28200001
0.050449032 0.052525047 0.28200001
0.053009775 0.052618176 0.2825
0 0 0
0 0 0
0 0 0
0 0 0
0 0 0
0 0 0
0 0 0
0 0 0
0 0 0
0 0 0
0 0 0
0 0 0
0 0 0
0 0 0
0 0 0
0 0 0
0 0 0
0 0 0
0 0 0
0 0 0
0 0 0
0 0 0
0 0 0
0 0 0
0 0 0
0 0 0
0 0 0
0 0 0
0 0 0
0 0 0
0 0 0
0 0 0
0 0 0
0 0 0
0 0 0
0 0 0
0 0 0
0 0 0
0 0 0
0 0 0
0 0 0
0 0 0
0 0 0
0 0 0
0 0 0
0 0 0
0 0 0
0 0 0
0 0 0
0 0 0
0 0 0
0 0 0
0 0 0
0 0 0
0 0 0
0 0 0
0 0 0
-0 0 0
-0 0 0
-0 0 0
-0 0 0
-0 0 0
-0 0 0
-0 0 0
-0 0 0
-0 0 0
-0 0 0
-0 0 0
-0 0 0
-0 0 0
-0 0 0
-0 0 0
-0 0 0
-0 0 0
-0 0 0
-0 0 0
-0 0 0
-0 0 0
-0 0 0
-0 0 0
-0 0 0
-0 0 0
-0 0 0
-0 0 0
-0 0 0
-0 0 0
-0 0 0
-0 0 0
-0 0 0
-0 0 0
-0 0 0
-0 0 0
-0 0 0
-0 0 0
-0 0 0
-0 0 0
-0 0 0
-0 0 0
-0 0 0
-0 0 0
-0 0 0
-0 0 0
-0 0 0
-0 0 0
-0 0 0
-0 0 0
-0 0 0
-0 0 0
-0 0 0
-0 0 0
-0 0 0
-0 0 0
-0 0 0
-0 0 0
-0 0 0
-0 0 0
-0 0 0
-0 0 0
-0.049040191 0.055916328 0.28675002
-0.046450578 0.05581883 0.28625003
-0.043831337 0.055672579 0.28550002
-0.041333798 0.055672579 0.28550002
-0.038802247 0.055623826 0.28525001
-0.036084156 0.055282578 0.28350002
-0.033189241 0.054600075 0.28
-0.030328123 0.053868823 0.27625
-0.027734688 0.053527575 0.27450001
-0.025264157 0.053381324 0.27375001
-0.022869408 0.053381324 0.27375001
-0.02045596 0.053332575 0.27350003
-0.018046884 0.053283826 0.27325001
-0.015656505 0.053283826 0.27325001
-0.013266128 0.053283826 0.27325001
-0.010865799 0.053235073 0.273
-0.00845432 0.053088825 0.27225003
-0.0060671135 0.053040072 0.27200001
-0.0036910607 0.053088825 0.27225003
-0.0013106334 0.053137574 0.27250001
0.001073183 0.053137574 0.27250001
0.0034538279 0.053088825 0.27225003
0.0058408161 0.053137574 0.27250001
0.0082246317 0.053137574 0.27250001
0.010588984 0.053040072 0.27200001
0.012968427 0.053040072 0.27200001
0.015390188 0.053186323 0.27275002
0.017776191 0.053186323 0.27275002
0.020143714 0.053137574 0.27250001
0.022589533 0.053283826 0.27325001
0.025025619 0.053381324 0.27375001
0.02739533 0.053332575 0.27350003
0.029787894 0.053332575 0.27350003
0.032209873 0.053381324 0.27375001
0.034604624 0.053381324 0.27375001
0.037100744 0.053527575 0.27450001
0.039753888 0.053868823 0.27625
0.042475816 0.054258823 0.27825001
0.045192387 0.054600075 0.28
0.047982112 0.054990076 0.28200001
0.050493758 0.055038828 0.28225002
0.052915953 0.054990076 0.28200001
0.05523558 0.054843824 0.28125
0.05774723 0.054892577 0.28150001
0.060209777 0.054892577 0.28150001
0 0 0
0 0 0
0 0 0
0 0 0
0 0 0
0 0 0
0 0 0
0 0 0
0 0 0
0 0 0
0 0 0
0 0 0
0 0 0
0 0 0
0 0 0
0 0 0
0 0 0
0 0 0
0 0 0
0 0 0
0 0 0
0 0 0
0 0 0
0 0 0
0 0 0
0 0 0
0 0 0
0 0 0
0 0 0
0 0 0
0 0 0
0 0 0
0 0 0
0 0 0
0 0 0
0 0 0
0 0 0
0 0 0
0 0 0
0 0 0
0 0 0
0 0 0
0 0 0
0 0 0
0 0 0
0 0 0
0 0 0
0 0 0
0 0 0
0 0 0
0 0 0
0 0 0
0 0 0
0 0 0
-0 0 0
-0 0 0
-0 0 0
-0 0 0
-0 0 0
-0 0 0
-0 0 0
-0 0 0
-0 0 0
-0 0 0
-0 0 0
-0 0 0
-0 0 0
-0 0 0
-0 0 0
-0 0 0
-0 0 0
-0 0 0
-0 0 0
-0 0 0
-0 0 0
-0 0 0
-0 0 0
-0 0 0
-0 0 0
-0 0 0
-0 0 0
-0 0 0
-0 0 0
-0 0 0
-0 0 0
-0 0 0
-0 0 0
-0 0 0
-0 0 0
-0 0 0
-0 0 0
-0 0 0
-0 0 0
-0 0 0
-0 0 0
-0 0 0
-0 0 0
-0 0 0
-0 0 0
-0 0 0
-0 0 0
-0 0 0
-0 0 0
-0 0 0
-0 0 0
-0 0 0
-0 0 0
-0 0 0
-0 0 0
-0 0 0
-0 0 0
-0 0 0
-0 0 0
-0.053821493 0.058168199 0.28550002
-0.051099245 0.057913523 0.28425002
-0.048826415 0.058168199 0.28550002
-0.046288304 0.058117263 0.28525001
-0.043754578 0.058066331 0.28500003
-0.041261412 0.058066331 0.28500003
-0.038700227 0.057964455 0.2845
-0.035479568 0.056792941 0.27875
-0.032566946 0.055977978 0.27475002
-0.030108552 0.055876102 0.27425
-0.027633652 0.055723302 0.27350003
-0.025218014 0.055672366 0.27325001
-0.022827638 0.055672366 0.27325001
-0.020362468 0.055468626 0.27225003
-0.017964326 0.055417687 0.27200001
-0.015599208 0.055468626 0.27225003
-0.013229716 0.055519558 0.27250001
-0.010825999 0.055417687 0.27200001
-0.0084387921 0.055366751 0.27175
-0.0060559609 0.055315819 0.27150002
-0.0036808925 0.055315819 0.27150002
-0.0013070261 0.055366751 0.27175
0.0010702292 0.055366751 0.27175
0.0034411417 0.055264883 0.27125001
0.00582474 0.055366751 0.27175
0.0082019949 0.055366751 0.27175
0.010579251 0.055366751 0.27175
0.012956506 0.055366751 0.27175
0.015333761 0.055366751 0.27175
0.017711015 0.055366751 0.27175
0.020088272 0.055366751 0.27175
0.022486195 0.055417687 0.27200001
0.024888493 0.055468626 0.27225003
0.027295163 0.055519558 0.27250001
0.02970621 0.055570494 0.27275002
0.032121625 0.055621427 0.273
0.034541417 0.055672366 0.27325001
0.036999375 0.055774234 0.27375001
0.039394125 0.055774234 0.27375001
0.041903369 0.055927042 0.27450001
0.044708181 0.056436393 0.27700001
0.047726892 0.057149492 0.28050002
0.050225411 0.057200424 0.28075001
0.052681398 0.057200424 0.28075001
0.055088293 0.057149492 0.28050002
0.057644662 0.057251364 0.28100002
0.060209777 0.057353232 0.28150001
0 0 0
0 0 0
0 0 0
0 0 0
0 0 0
0 0 0
0 0 0
0 0 0
0 0 0
0 0 0
0 0 0
0 0 0
0 0 0
0 0 0
0 0 0
0 0 0
0 0 0
0 0 0
0 0 0
0 0 0
0 0 0
0 0 0
0 0 0
0 0 0
0 0 0
0 0 0
0 0 0
0 0 0
0 0 0
0 0 0
0 0 0
0 0 0
0 0 0
0 0 0
0 0 0
0 0 0
0 0 0
0 0 0
0 0 0
0 0 0
0 0 0
0 0 0
0 0 0
0 0 0
0 0 0
0 0 0
0 0 0
0 0 0
0 0 0
0 0 0
0 0 0
0 0 0
0 0 0
0 0 0
-0 0 0
-0 0 0
-0 0 0
-0 0 0
-0 0 0
-0 0 0
-0 0 0
-0 0 0
-0 0 0
-0 0 0
-0 0 0
-0 0 0
-0 0 0
-0 0 0
-0 0 0
-0 0 0
-0 0 0
-0 0 0
-0 0 0
-0 0 0
-0 0 0
-0 0 0
-0 0 0
-0 0 0
-0 0 0
-0 0 0
-0 0 0
-0 0 0
-0 0 0
-0 0 0
-0 0 0
-0 0 0
-0 0 0
-0 0 0
-0 0 0
-0 0 0
-0 0 0
-0 0 0
-0 0 0
-0 0 0
-0 0 0
-0 0 0
-0 0 0
-0 0 0
-0 0 0
-0 0 0
-0 0 0
-0 0 0
-0 0 0
-0 0 0
-0 0 0
-0 0 0
-0 0 0
-0 0 0
-0 0 0
-0 0 0
-0 0 0
-0 0 0
-0 0 0
-0.053868618 0.060716938 0.28575
-0.051279008 0.060610697 0.28525001
-0.048740905 0.060557581 0.28500003
-0.046126034 0.060398217 0.28425002
-0.043562669 0.060291979 0.28375003
-0.040935662 0.060079493 0.28275001
-0.037816044 0.059070203 0.27800003
-0.035002265 0.05843275 0.27500001
-0.03241878 0.058114029 0.27350003
-0.02991643 0.057901543 0.27250001
-0.027532613 0.057901543 0.27250001
-0.02517187 0.057954665 0.27275002
-0.022785868 0.057954665 0.27275002
-0.020362468 0.057848427 0.27225003
-0.017947813 0.057742178 0.27175
-0.015556235 0.057689063 0.27150002
-0.013181167 0.057689063 0.27150002
-0.010776247 0.057529699 0.27075002
-0.0083999755 0.057476576 0.2705
-0.0060392315 0.057529699 0.27075002
-0.0036707241 0.057529699 0.27075002
-0.0013022166 0.057529699 0.27075002
0.001066291 0.057529699 0.27075002
0.0034252838 0.057370339 0.27000001
0.0057872306 0.057370339 0.27000001
0.0081567224 0.057423461 0.27025002
0.010520856 0.057423461 0.27025002
0.012896908 0.057476576 0.2705
0.01526323 0.057476576 0.2705
0.017645843 0.057529699 0.27075002
0.020051312 0.057635941 0.27125001
0.022424193 0.057635941 0.27125001
0.024819929 0.057689063 0.27150002
0.027220039 0.057742178 0.27175
0.029624524 0.057795305 0.27200001
0.032033384 0.057848427 0.27225003
0.034446612 0.057901543 0.27250001
0.036931794 0.058060907 0.27325001
0.03935815 0.058114029 0.27350003
0.041750714 0.058114029 0.27350003
0.044223979 0.058220271 0.27400002
0.047216438 0.058963954 0.2775
0.04995707 0.059335805 0.27925003
0.052493755 0.059442047 0.27975002
0.05503919 0.059548285 0.28025001
0.057644662 0.059707649 0.28100002
0.060530614 0.060132615 0.28300002
0.063117601 0.060238853 0.28350002
0 0 0
0 0 0
0 0 0
0 0 0
0 0 0
0 0 0
0 0 0
0 0 0
0 0 0
0 0 0
0 0 0
0 0 0
0 0 0
0 0 0
0 0 0
0 0 0
0 0 0
0 0 0
0 0 0
0 0 0
0 0 0
0 0 0
0 0 0
0 0 0
0 0 0
0 0 0
0 0 0
0 0 0
0 0 0
0 0 0
0 0 0
0 0 0
0 0 0
0 0 0
0 0 0
0 0 0
0 0 0
0 0 0
0 0 0
0 0 0
0 0 0
0 0 0
0 0 0
0 0 0
0 0 0
0 0 0
0 0 0
0 0 0
0 0 0
0 0 0
0 0 0
0 0 0
0 0 0
-0 0 0
-0 0 0
-0 0 0
-0 0 0
-0 0 0
-0 0 0
-0 0 0
-0 0 0
-0 0 0
-0 0 0
-0 0 0
-0 0 0
-0 0 0
-0 0 0
-0 0 0
-0 0 0
-0 0 0
-0 0 0
-0 0 0
-0 0 0
-0 0 0
-0 0 0
-0 0 0
-0 0 0
-0 0 0
-0 0 0
-0 0 0
-0 0 0
-0 0 0
-0 0 0
-0 0 0
-0 0 0
-0 0 0
-0 0 0
-0 0 0
-0 0 0
-0 0 0
-0 0 0
-0 0 0
-0 0 0
-0 0 0
-0 0 0
-0 0 0
-0 0 0
-0 0 0
-0 0 0
-0 0 0
-0 0 0
-0 0 0
-0 0 0
-0 0 0
-0 0 0
-0 0 0
-0 0 0
-0 0 0
-0 0 0
-0 0 0
-0 0 0
-0 0 0
-0.053962883 0.06332536 0.28625003
-0.051413838 0.063270047 0.28600001
-0.048655391 0.062938213 0.2845
-0.045842052 0.062495761 0.2825
-0.043063715 0.062053319 0.28050002
-0.039922222 0.061002504 0.27575001
-0.037373949 0.060781281 0.27475002
-0.034843165 0.060560055 0.27375001
-0.03232988 0.060338832 0.27275002
-0.029861538 0.060172915 0.27200001
-0.027482094 0.060172915 0.27200001
-0.025125725 0.060228221 0.27225003
-0.022723211 0.060172915 0.27200001
-0.020306373 0.060062304 0.27150002
-0.017898282 0.059951693 0.27100003
-0.015513261 0.059896383 0.27075002
-0.01312048 0.059785772 0.27025002
-0.010726495 0.059619855 0.26950002
-0.0083533954 0.059509244 0.26900002
-0.0060057729 0.059564546 0.26925001
-0.0036503875 0.059564546 0.26925001
-0.0012962044 0.059619855 0.26950002
0.0010623527 0.059675157 0.26975
0.0034125978 0.059509244 0.26900002
0.0057604378 0.059453934 0.26875001
0.0081189945 0.059509244 0.26900002
0.010481926 0.059564546 0.26925001
0.012825392 0.059509244 0.26900002
0.015192697 0.059564546 0.26925001
0.017580668 0.059675157 0.26975
0.01999587 0.059841074 0.2705
0.022382859 0.059896383 0.27075002
0.024774222 0.059951693 0.27100003
0.027194999 0.060062304 0.27150002
0.029597294 0.060117606 0.27175
0.03197455 0.060117606 0.27175
0.034351803 0.060117606 0.27175
0.036830425 0.060283523 0.27250001
0.039286196 0.060394134 0.273
0.041712552 0.060449444 0.27325001
0.044143282 0.060504753 0.27350003
0.04662092 0.060615361 0.27400002
0.04950982 0.061223723 0.27675
0.052399933 0.061776791 0.27925003
0.05503919 0.06199801 0.28025001
0.05769594 0.062219232 0.28125
0.060477138 0.062551074 0.28275001
0.063173264 0.062772296 0.28375003
0 0 0
0 0 0
0 0 0
0 0 0
0 0 0
0 0 0
0 0 0
0 0 0
0 0 0
0 0 0
0 0 0
0 0 0
0 0 0
0 0 0
0 0 0
0 0 0
0 0 0
0 0 0
0 0 0
0 0 0
0 0 0
0 0 0
0 0 0
0 0 0
0 0 0
0 0 0
0 0 0
0 0 0
0 0 0
0 0 0
0 0 0
0 0 0
0 0 0
0 0 0
0 0 0
0 0 0
0 0 0
0 0 0
0 0 0
0 0 0
0 0 0
0 0 0
0 0 0
0 0 0
0 0 0
0 0 0
0 0 0
0 0 0
0 0 0
0 0 0
0 0 0
0 0 0
0 0 0
-0 0 0
-0 0 0
-0 0 0
-0 0 0
-0 0 0
-0 0 0
-0 0 0
-0 0 0
-0 0 0
-0 0 0
-0 0 0
-0 0 0
-0 0 0
-0 0 0
-0 0 0
-0 0 0
-0 0 0
-0 0 0
-0 0 0
-0 0 0
-0 0 0
-0 0 0
-0 0 0
-0 0 0
-0 0 0
-0 0 0
-0 0 0
-0 0 0
-0 0 0
-0 0 0
-0 0 0
-0 0 0
-0 0 0
-0 0 0
-0 0 0
-0 0 0
-0 0 0
-0 0 0
-0 0 0
-0 0 0
-0 0 0
-0 0 0
-0 0 0
-0 0 0
-0 0 0
-0 0 0
-0 0 0
-0 0 0
-0 0 0
-0 0 0
-0 0 0
-0 0 0
-0 0 0
-0 0 0
-0 0 0
-0 0 0
-0 0 0
-0 0 0
-0.056417666 0.065770037 0.28600001
-0.053962883 0.065827534 0.28625003
-0.051368892 0.065712549 0.28575
-0.048612639 0.065367602 0.28425002
-0.04531467 0.064217776 0.27925003
-0.042257708 0.063297912 0.27525002
-0.039668866 0.063010462 0.27400002
-0.037203912 0.062895477 0.27350003
-0.034715887 0.062723003 0.27275002
-0.032270614 0.062608026 0.27225003
-0.029861538 0.06255053 0.27200001
-0.027431577 0.062435549 0.27150002
-0.025033435 0.062378053 0.27125001
-0.022660555 0.062378053 0.27125001
-0.020231578 0.062205579 0.2705
-0.017832236 0.062090598 0.27000001
-0.015455963 0.062033102 0.26975
-0.01307193 0.061918121 0.26925001
-0.010696644 0.06180314 0.26875001
-0.0083301058 0.061688159 0.26825002
-0.0059778909 0.061630666 0.26800001
-0.0036368303 0.061688159 0.26825002
-0.0012901924 0.061688159 0.26825002
0.0010584145 0.06180314 0.26875001
0.00339674 0.061573178 0.26775002
0.0057390039 0.061573178 0.26775002
0.0080812676 0.061573178 0.26775002
0.010423531 0.061573178 0.26775002
0.012777714 0.061630666 0.26800001
0.015150377 0.061745647 0.2685
0.017515495 0.06180314 0.26875001
0.019921949 0.061975617 0.26950002
0.022320855 0.062090598 0.27000001
0.024705658 0.06214809 0.27025002
0.027094832 0.062205579 0.2705
0.029515611 0.062320568 0.27100003
0.031915721 0.062378053 0.27125001
0.034320202 0.062435549 0.27150002
0.036729056 0.062493034 0.27175
0.039178271 0.062608026 0.27225003
0.041598059 0.062665507 0.27250001
0.04410293 0.062837988 0.27325001
0.046578377 0.062952965 0.27375001
0.049017858 0.063010462 0.27400002
0.051930815 0.063642859 0.27675
0.05499009 0.06439025 0.28
0.057593372 0.064562723 0.28075001
0.060209777 0.064735197 0.28150001
0.062894963 0.064965159 0.2825
0.065366253 0.064965159 0.2825
0 0 0
0 0 0
0 0 0
0 0 0
0 0 0
0 0 0
0 0 0
0 0 0
0 0 0
0 0 0
0 0 0
0 0 0
0 0 0
0 0 0
0 0 0
0 0 0
0 0 0
0 0 0
0 0 0
0 0 0
0 0 0
0 0 0
0 0 0
0 0 0
0 0 0
0 0 0
0 0 0
0 0 0
0 0 0
0 0 0
0 0 0
0 0 0
0 0 0
0 0 0
0 0 0
0 0 0
0 0 0
0 0 0
0 0 0
0 0 0
0 0 0
0 0 0
0 0 0
0 0 0
0 0 0
0 0 0
0 0 0
0 0 0
0 0 0
0 0 0
0 0 0
0 0 0
-0 0 0
-0 0 0
-0 0 0
-0 0 0
-0 0 0
-0 0 0
-0 0 0
-0 0 0
-0 0 0
-0 0 0
-0 0 0
-0 0 0
-0 0 0
-0 0 0
-0 0 0
-0 0 0
-0 0 0
-0 0 0
-0 0 0
-0 0 0
-0 0 0
-0 0 0
-0 0 0
-0 0 0
-0 0 0
-0 0 0
-0 0 0
-0 0 0
-0 0 0
-0 0 0
-0 0 0
-0 0 0
-0 0 0
-0 0 0
-0 0 0
-0 0 0
-0 0 0
-0 0 0
-0 0 0
-0 0 0
-0 0 0
-0 0 0
-0 0 0
-0 0 0
-0 0 0
-0 0 0
-0 0 0
-0 0 0
-0 0 0
-0 0 0
-0 0 0
-0 0 0
-0 0 0
-0 0 0
-0 0 0
-0 0 0
-0 0 0
-0.058507554 0.067792617 0.28400001
-0.056171086 0.067971647 0.28475001
-0.053821493 0.068150677 0.28550002
-0.051144183 0.067911968 0.2845
-0.048099574 0.067136176 0.28125
-0.044543874 0.065524906 0.27450001
-0.042027421 0.065345876 0.27375001
-0.039487895 0.065107174 0.27275002
-0.037101891 0.065107174 0.27275002
-0.034684066 0.065047495 0.27250001
-0.032240979 0.064928144 0.27200001
-0.029806646 0.064808793 0.27150002
-0.027381059 0.064689443 0.27100003
-0.024987292 0.064629763 0.27075002
-0.0225979 0.064570084 0.2705
-0.020175483 0.064391047 0.26975
-0.017799214 0.064331375 0.26950002
-0.015412991 0.064212024 0.26900002
-0.012999107 0.063913643 0.26775002
-0.010646892 0.063853964 0.26750001
-0.0082679987 0.063555583 0.26625001
-0.0059165512 0.063316874 0.26525003
-0.0035961575 0.063316874 0.26525003
-0.0012757634 0.063316874 0.26525003
0.0010465996 0.063436233 0.26575002
0.0033650245 0.063316874 0.26525003
0.0056854184 0.063316874 0.26525003
0.0080058118 0.063316874 0.26525003
0.010335938 0.063376553 0.26550001
0.012694278 0.063555583 0.26625001
0.015093951 0.063853964 0.26750001
0.017417733 0.063794285 0.26725
0.019792587 0.063913643 0.26775002
0.02219685 0.064092666 0.2685
0.024614239 0.064271696 0.26925001
0.027019706 0.064391047 0.26975
0.029406695 0.064450726 0.27000001
0.031827472 0.064570084 0.2705
0.034256998 0.064689443 0.27100003
0.03666148 0.064749114 0.27125001
0.039106313 0.064868465 0.27175
0.041521735 0.064928144 0.27200001
0.043981876 0.065047495 0.27250001
0.046493307 0.065226525 0.27325001
0.049017858 0.065405555 0.27400002
0.051461704 0.065465227 0.27425
0.054400913 0.066121675 0.27700001
0.057388235 0.066778116 0.27975002
0.05988894 0.066837788 0.28
0.06250535 0.067016825 0.28075001
0.065192722 0.067255534 0.28175002
0.067657456 0.067255534 0.28175002
0 0 0
0 0 0
0 0 0
0 0 0
0 0 0
0 0 0
0 0 0
0 0 0
0 0 0
0 0 0
0 0 0
0 0 0
0 0 0
0 0 0
0 0 0
0 0 0
0 0 0
0 0 0
0 0 0
0 0 0
0 0 0
0 0 0
0 0 0
0 0 0
0 0 0
0 0 0
0 0 0
0 0 0
0 0 0
0 0 0
0 0 0
0 0 0
0 0 0
0 0 0
0 0 0
0 0 0
0 0 0
0 0 0
0 0 0
0 0 0
0 0 0
0 0 0
0 0 0
0 0 0
0 0 0
0 0 0
0 0 0
0 0 0
0 0 0
0 0 0
0 0 0
-0 0 0
-0 0 0
-0 0 0
-0 0 0
-0 0 0
-0 0 0
-0 0 0
-0 0 0
-0 0 0
-0 0 0
-0 0 0
-0 0 0
-0 0 0
-0 0 0
-0 0 0
-0 0 0
-0 0 0
-0 0 0
-0 0 0
-0 0 0
-0 0 0
-0 0 0
-0 0 0
-0 0 0
-0 0 0
-0 0 0
-0 0 0
-0 0 0
-0 0 0
-0 0 0
-0 0 0
-0 0 0
-0 0 0
-0 0 0
-0 0 0
-0 0 0
-0 0 0
-0 0 0
-0 0 0
-0 0 0
-0 0 0
-0 0 0
-0 0 0
-0 0 0
-0 0 0
-0 0 0
-0 0 0
-0 0 0
-0 0 0
-0 0 0
-0 0 0
-0 0 0
-0 0 0
-0 0 0
-0 0 0
-0 0 0
-0.061367799 0.070708156 0.28575
-0.058610559 0.070398852 0.2845
-0.056072455 0.07033699 0.28425002
-0.053491592 0.070213273 0.28375003
-0.050514996 0.069532789 0.28100002
-0.047030695 0.068048097 0.27500001
-0.0443816 0.067676932 0.27350003
-0.041912276 0.0675532 0.273
-0.039451696 0.067429483 0.27250001
-0.037033875 0.067367621 0.27225003
-0.034620423 0.067305759 0.27200001
-0.032181714 0.067182034 0.27150002
-0.029751753 0.06705831 0.27100003
-0.02728002 0.066810861 0.27000001
-0.024894999 0.066748999 0.26975
-0.022493472 0.066625275 0.26925001
-0.02010069 0.06650155 0.26875001
-0.017683635 0.066254109 0.26775002
-0.015269748 0.065944798 0.26650003
-0.012902007 0.065759212 0.26575002
-0.010547388 0.065573625 0.26500002
-0.0082136551 0.065449901 0.26450002
-0.0058886688 0.065326169 0.264
-0.00357921 0.065326169 0.264
-0.0012709537 0.065388039 0.26425001
0.0010426613 0.065511763 0.26475
0.0033555096 0.065449901 0.26450002
0.0056586252 0.065326169 0.264
0.0079605384 0.065264314 0.26375002
0.010277542 0.065326169 0.264
0.012598922 0.065388039 0.26425001
0.014924674 0.065449901 0.26450002
0.017254798 0.065511763 0.26475
0.019644741 0.065759212 0.26575002
0.022031512 0.065944798 0.26650003
0.024477113 0.066254109 0.26775002
0.026894499 0.066439688 0.2685
0.02932501 0.066625275 0.26925001
0.031739224 0.066748999 0.26975
0.034130588 0.066810861 0.27000001
0.036593903 0.066996448 0.27075002
0.039034363 0.067120172 0.27125001
0.041445408 0.067182034 0.27150002
0.043901175 0.067305759 0.27200001
0.046365693 0.067429483 0.27250001
0.04892841 0.067676932 0.27350003
0.051414795 0.067800656 0.27400002
0.053762633 0.067738786 0.27375001
0.056772806 0.068481132 0.27675
0.05962158 0.068976022 0.27875
0.062338367 0.069285333 0.28
0.065019183 0.069532789 0.28100002
0.067657456 0.069718376 0.28175002
0 0 0
0 0 0
0 0 0
0 0 0
0 0 0
0 0 0
0.21434839 0.17599712 0.71125001
0.22126815 0.17655389 0.71350002
0 0 0
0 0 0
0 0 0
0 0 0
0 0 0
0 0 0
0 0 0
0 0 0
0 0 0
0 0 0
0 0 0
0 0 0
0 0 0
0 0 0
0 0 0
0 0 0
0 0 0
0 0 0
0 0 0
0 0 0
0 0 0
0 0 0
0 0 0
0 0 0
0 0 0
0 0 0
0 0 0
0 0 0
0 0 0
0 0 0
0 0 0
0 0 0
0 0 0
0 0 0
0 0 0
0 0 0
0 0 0
0 0 0
0 0 0
0 0 0
0 0 0
0 0 0
0 0 0
-0 0 0
-0 0 0
-0 0 0
-0 0 0
-0 0 0
-0 0 0
-0 0 0
-0 0 0
-0 0 0
-0 0 0
-0 0 0
-0 0 0
-0 0 0
-0 0 0
-0 0 0
-0 0 0
-0 0 0
-0 0 0
-0 0 0
-0 0 0
-0 0 0
-0 0 0
-0 0 0
-0 0 0
-0 0 0
-0 0 0
-0 0 0
-0 0 0
-0 0 0
-0 0 0
-0 0 0
-0 0 0
-0 0 0
-0 0 0
-0 0 0
-0 0 0
-0 0 0
-0 0 0
-0 0 0
-0 0 0
-0 0 0
-0 0 0
-0 0 0
-0 0 0
-0 0 0
-0 0 0
-0 0 0
-0 0 0
-0 0 0
-0 0 0
-0 0 0
-0 0 0
-0 0 0
-0 0 0
-0 0 0
-0 0 0
-0.061367799 0.07320597 0.28575
-0.058765069 0.07307788 0.28525001
-0.056023136 0.072757639 0.28400001
-0.053161684 0.072245263 0.28200001
-0.049706034 0.070836224 0.27650002
-0.046731409 0.070003614 0.27325001
-0.044219326 0.069811471 0.27250001
-0.041835513 0.069811471 0.27250001
-0.039451696 0.069811471 0.27250001
-0.036965858 0.069619328 0.27175
-0.034493145 0.069427192 0.27100003
-0.032092813 0.06936314 0.27075002
-0.029641967 0.069170997 0.27000001
-0.027128464 0.068786711 0.2685
-0.024733495 0.06865862 0.26800001
-0.022347275 0.068530522 0.26750001
-0.019913707 0.068210289 0.26625001
-0.017468987 0.067761965 0.26450002
-0.015155153 0.067761965 0.26450002
-0.012902007 0.068082199 0.26575002
-0.010626991 0.068402432 0.26700002
-0.0083145788 0.068594575 0.26775002
-0.006028079 0.069235049 0.27025002
-0.0037046182 0.070003614 0.27325001
-0.0013142406 0.070003614 0.27325001
0.0010771214 0.070067659 0.27350003
0.0034696858 0.070067659 0.27350003
0.0058622505 0.070067659 0.27350003
0.0082246317 0.069811471 0.27250001
0.01050139 0.069106944 0.26975
0.012753875 0.068530522 0.26750001
0.014981099 0.068018146 0.26550001
0.017205918 0.06763386 0.264
0.019515377 0.06763386 0.264
0.021866173 0.067761965 0.26450002
0.024225714 0.067890055 0.26500002
0.026669128 0.068210289 0.26625001
0.029161641 0.068594575 0.26775002
0.031562734 0.068722665 0.26825002
0.034004178 0.068914808 0.26900002
0.036424957 0.069042906 0.26950002
0.038890459 0.069235049 0.27025002
0.041369084 0.069427192 0.27100003
0.043860823 0.069619328 0.27175
0.046323158 0.069747426 0.27225003
0.048838958 0.069939561 0.273
0.051320974 0.070067659 0.27350003
0.053664438 0.070003614 0.27325001
0.056106102 0.070067659 0.27350003
0.059193801 0.070900269 0.27675
0.062227052 0.071604788 0.27950001
0.065077022 0.07205312 0.28125
0.067717485 0.072245263 0.28200001
0 0 0
0 0 0
0 0 0
0 0 0
0 0 0
0 0 0
0 0 0
0 0 0
0 0 0
0 0 0
0 0 0
0 0 0
0 0 0
0 0 0
0 0 0
0 0 0
0 0 0
0 0 0
0 0 0
0 0 0
0 0 0
0 0 0
0 0 0
0 0 0
0 0 0
0 0 0
0 0 0
0 0 0
0 0 0
0 0 0
0 0 0
0 0 0
0 0 0
0 0 0
0 0 0
0 0 0
0 0 0
0 0 0
0 0 0
0 0 0
0 0 0
0 0 0
0 0 0
0 0 0
0 0 0
0 0 0
0 0 0
0 0 0
0 0 0
0 0 0
0 0 0
-0 0 0
-0 0 0
-0 0 0
-0 0 0
-0 0 0
-0 0 0
-0 0 0
-0 0 0
-0 0 0
-0 0 0
-0 0 0
-0 0 0
-0 0 0
-0 0 0
-0 0 0
-0 0 0
-0 0 0
-0 0 0
-0 0 0
-0 0 0
-0 0 0
-0 0 0
-0 0 0
-0 0 0
-0 0 0
-0 0 0
-0 0 0
-0 0 0
-0 0 0
-0 0 0
-0 0 0
-0 0 0
-0 0 0
-0 0 0
-0 0 0
-0 0 0
-0 0 0
-0 0 0
-0 0 0
-0 0 0
-0 0 0
-0 0 0
-0 0 0
-0 0 0
-0 0 0
-0 0 0
-0 0 0
-0 0 0
-0 0 0
-0 0 0
-0 0 0
-0 0 0
-0 0 0
-0 0 0
-0 0 0
-0 0 0
-0.061260421 0.075571314 0.28525001
-0.05871357 0.075505085 0.28500003
-0.055776555 0.074908987 0.28275001
-0.052313358 0.073518105 0.2775
-0.049166732 0.072458386 0.27350003
-0.046517633 0.072060987 0.27200001
-0.044138189 0.072060987 0.27200001
-0.041797135 0.072127223 0.27225003
-0.03937931 0.072060987 0.27200001
-0.036897846 0.071862295 0.27125001
-0.034397684 0.071597368 0.27025002
-0.031974278 0.071464896 0.26975
-0.029532183 0.071266204 0.26900002
-0.026951648 0.070670106 0.26675001
-0.024525845 0.070405178 0.26575002
-0.02215931 0.070272714 0.26525003
-0.019801516 0.070140243 0.26475
-0.017617589 0.070670106 0.26675001
-0.015455963 0.071464896 0.26975
-0.01330254 0.07259085 0.27400002
-0.011005105 0.073253177 0.27650002
-0.0085862968 0.073253177 0.27650002
-0.0061730645 0.073319405 0.27675
-0.0037554591 0.073385641 0.27700001
-0.0013310744 0.073319405 0.27675
0.0010899206 0.073319405 0.27675
0.0035077445 0.073253177 0.27650002
0.0059372699 0.073385641 0.27700001
0.0083604511 0.073385641 0.27700001
0.010773901 0.073319405 0.27675
0.013182977 0.073253177 0.27650002
0.015545359 0.072988242 0.2755
0.01772731 0.072060987 0.27200001
0.019774104 0.070868805 0.26750001
0.021928174 0.070272714 0.26525003
0.024134295 0.069941543 0.264
0.026443753 0.069941543 0.264
0.028834898 0.070140243 0.26475
0.031356826 0.070603877 0.26650003
0.033909369 0.071067505 0.26825002
0.036323588 0.071199968 0.26875001
0.038746551 0.071332432 0.26925001
0.041254591 0.071597368 0.27025002
0.043739777 0.071796067 0.27100003
0.046280619 0.072060987 0.27200001
0.048704788 0.072127223 0.27225003
0.05118024 0.072259687 0.27275002
0.053615339 0.072325915 0.273
0.056054816 0.072392151 0.27325001
0.05865908 0.072657079 0.27425
0.062060073 0.073849268 0.27875
0.064961337 0.074379124 0.28075001
0.067597419 0.074577823 0.28150001
0.07005997 0.074577823 0.28150001
0 0 0
0 0 0
0 0 0
0 0 0
0 0 0
0 0 0
0 0 0
0 0 0
0 0 0
0 0 0
0 0 0
0 0 0
0 0 0
0 0 0
0 0 0
0 0 0
0 0 0
0 0 0
0 0 0
0 0 0
0 0 0
0 0 0
0 0 0
0 0 0
0 0 0
0 0 0
0 0 0
0 0 0
0 0 0
0 0 0
0 0 0
0 0 0
0 0 0
0 0 0
0 0 0
0 0 0
0 0 0
0 0 0
0 0 0
0 0 0
0 0 0
0 0 0
0 0 0
0 0 0
0 0 0
0 0 0
0 0 0
0 0 0
0 0 0
0 0 0
-0 0 0
-0 0 0
-0 0 0
-0 0 0
-0 0 0
-0 0 0
-0 0 0
-0 0 0
-0 0 0
-0 0 0
-0 0 0
-0 0 0
-0 0 0
-0 0 0
-0 0 0
-0 0 0
-0 0 0
-0 0 0
-0 0 0
-0 0 0
-0 0 0
-0 0 0
-0 0 0
-0 0 0
-0 0 0
-0 0 0
-0 0 0
-0 0 0
-0 0 0
-0 0 0
-0 0 0
-0 0 0
-0 0 0
-0 0 0
-0 0 0
-0 0 0
-0 0 0
-0 0 0
-0 0 0
-0 0 0
-0 0 0
-0 0 0
-0 0 0
-0 0 0
-0 0 0
-0 0 0
-0 0 0
-0 0 0
-0 0 0
-0 0 0
-0 0 0
-0 0 0
-0 0 0
-0 0 0
-0 0 0
-0 0 0
-0.061314113 0.078133173 0.28550002
-0.058507554 0.077722661 0.28400001
-0.055382024 0.076833226 0.28075001
-0.05160642 0.074917525 0.27375001
-0.04898696 0.074575439 0.27250001
-0.046474878 0.074370183 0.27175
-0.044138189 0.074438609 0.27200001
-0.041758753 0.074438609 0.27200001
-0.039306924 0.074301772 0.27150002
-0.036761817 0.073959686 0.27025002
-0.034302223 0.07375443 0.26950002
-0.031855747 0.073549174 0.26875001
-0.029312612 0.07307025 0.26700002
-0.026800096 0.072591327 0.26525003
-0.024456628 0.072522908 0.26500002
-0.022221964 0.072796576 0.266
-0.020268977 0.074164934 0.27100003
-0.018195484 0.075396448 0.2755
-0.015842721 0.075670131 0.27650002
-0.01343605 0.075738542 0.27675
-0.011034956 0.075875379 0.27725002
-0.0086095873 0.075875379 0.27725002
-0.006184218 0.075875379 0.27725002
-0.0037554591 0.07580696 0.27700001
-0.0013310744 0.075738542 0.27675
0.0010899206 0.075738542 0.27675
0.0035077445 0.075670131 0.27650002
0.0059372699 0.07580696 0.27700001
0.0083529055 0.075738542 0.27675
0.010783634 0.07580696 0.27700001
0.013206816 0.07580696 0.27700001
0.015629997 0.07580696 0.27700001
0.018036885 0.075738542 0.27675
0.020457881 0.075738542 0.27675
0.022630867 0.074917525 0.27375001
0.02456853 0.073549174 0.26875001
0.026493838 0.072386071 0.26450002
0.028753212 0.072249234 0.264
0.03106267 0.072249234 0.264
0.033688154 0.072933413 0.26650003
0.036222219 0.073343918 0.26800001
0.038674597 0.073549174 0.26875001
0.041140102 0.07375443 0.26950002
0.043578375 0.07389126 0.27000001
0.046025392 0.074028097 0.2705
0.048525888 0.074233353 0.27125001
0.050992589 0.074370183 0.27175
0.053566243 0.074643858 0.27275002
0.056106102 0.074849114 0.27350003
0.058605611 0.074985951 0.27400002
0.061392162 0.075464875 0.27575001
0.064498566 0.076285884 0.27875
0.067357294 0.076764815 0.28050002
0.069873311 0.076833226 0.28075001
0.072200485 0.076696396 0.28025001
0 0 0
0 0 0
0 0 0
0 0 0
0 0 0
0 0 0
0 0 0
0 0 0
0 0 0
0 0 0
0 0 0
0 0 0
0 0 0
0 0 0
0 0 0
0 0 0
0 0 0
0 0 0
0 0 0
0 0 0
0 0 0
0 0 0
0 0 0
0 0 0
0 0 0
0 0 0
0 0 0
0 0 0
0 0 0
0 0 0
0 0 0
0 0 0
0 0 0
0 0 0
0 0 0
0 0 0
0 0 0
0 0 0
0 0 0
0 0 0
0 0 0
0 0 0
0 0 0
0 0 0
0 0 0
0 0 0
0 0 0
0 0 0
0 0 0
-0 0 0
-0 0 0
-0 0 0
-0 0 0
-0 0 0
-0 0 0
-0 0 0
-0 0 0
-0 0 0
-0 0 0
-0 0 0
-0 0 0
-0 0 0
-0 0 0
-0 0 0
-0 0 0
-0 0 0
-0 0 0
-0 0 0
-0 0 0
-0 0 0
-0 0 0
-0 0 0
-0 0 0
-0 0 0
-0 0 0
-0 0 0
-0 0 0
-0 0 0
-0 0 0
-0 0 0
-0 0 0
-0 0 0
-0 0 0
-0 0 0
-0 0 0
-0 0 0
-0 0 0
-0 0 0
-0 0 0
-0 0 0
-0 0 0
-0 0 0
-0 0 0
-0 0 0
-0 0 0
-0 0 0
-0 0 0
-0 0 0
-0 0 0
-0 0 0
-0 0 0
-0 0 0
-0 0 0
-0 0 0
-0.063755773 0.080558188 0.28525001
-0.061260421 0.080558188 0.28525001
-0.058250036 0.079852156 0.28275001
-0.054346383 0.077804662 0.2755
-0.051465034 0.07709863 0.273
-0.048942022 0.076886825 0.27225003
-0.046474878 0.076745614 0.27175
-0.044097621 0.076745614 0.27175
-0.041643608 0.076604411 0.27125001
-0.039125953 0.076321997 0.27025002
-0.036591783 0.075968988 0.26900002
-0.034174938 0.07582777 0.2685
-0.031618681 0.075333551 0.26675001
-0.029093042 0.074839331 0.26500002
-0.026774835 0.074839331 0.26500002
-0.024802713 0.075898379 0.26875001
-0.022952951 0.077592857 0.27475002
-0.020680338 0.078087077 0.27650002
-0.01827804 0.078157678 0.27675
-0.015857045 0.078157678 0.27675
-0.01343605 0.078157678 0.27675
-0.011044906 0.078369483 0.2775
-0.0086095873 0.078298889 0.27725002
-0.0061619119 0.078016467 0.27625
-0.0037419018 0.077945873 0.27600002
-0.0013262648 0.077875264 0.27575001
0.0010869671 0.077945873 0.27600002
0.0035014013 0.077945873 0.27600002
0.0059211939 0.078016467 0.27625
0.0083378144 0.078016467 0.27625
0.010764169 0.078087077 0.27650002
0.013194896 0.078157678 0.27675
0.015629997 0.07822828 0.27700001
0.018069474 0.078298889 0.27725002
0.020494843 0.078298889 0.27725002
0.02285821 0.078087077 0.27650002
0.025208455 0.077875264 0.27575001
0.027320206 0.077028029 0.27275002
0.029107181 0.075474754 0.26725
0.03106267 0.074556917 0.264
0.033308923 0.074415714 0.26350001
0.035951901 0.075121738 0.266
0.038530696 0.075615972 0.26775002
0.041025609 0.075898379 0.26875001
0.043457322 0.076039582 0.26925001
0.045940321 0.076251395 0.27000001
0.048391715 0.076392598 0.2705
0.050851863 0.076533809 0.27100003
0.053369846 0.076745614 0.27175
0.056054816 0.077169232 0.27325001
0.058552135 0.077310443 0.27375001
0.061002549 0.077381045 0.27400002
0.064325027 0.078510702 0.27800003
0.067357294 0.079216726 0.28050002
0.069811091 0.079216726 0.28050002
0.072200485 0.079146124 0.28025001
0 0 0
0 0 0
0 0 0
0 0 0
0 0 0
0 0 0
0 0 0
0 0 0
0 0 0
0 0 0
0 0 0
0 0 0
0 0 0
0 0 0
0 0 0
0 0 0
0 0 0
0 0 0
0 0 0
0 0 0
0 0 0
0 0 0
0 0 0
0 0 0
0 0 0
0 0 0
0 0 0
0 0 0
0 0 0
0 0 0
0 0 0
0 0 0
0 0 0
0 0 0
0 0 0
0 0 0
0 0 0
0 0 0
0 0 0
0 0 0
0 0 0
0 0 0
0 0 0
0 0 0
0 0 0
0 0 0
0 0 0
0 0 0
0 0 0
-0 0 0
-0 0 0
-0 0 0
-0 0 0
-0 0 0
-0 0 0
-0 0 0
-0 0 0
-0 0 0
-0 0 0
-0 0 0
-0 0 0
-0 0 0
-0 0 0
-0 0 0
-0 0 0
-0 0 0
-0 0 0
-0 0 0
-0 0 0
-0 0 0
-0 0 0
-0 0 0
-0 0 0
-0 0 0
-0 0 0
-0 0 0
-0 0 0
-0 0 0
-0 0 0
-0 0 0
-0 0 0
-0 0 0
-0 0 0
-0 0 0
-0 0 0
-0 0 0
-0 0 0
-0 0 0
-0 0 0
-0 0 0
-0 0 0
-0 0 0
-0 0 0
-0 0 0
-0 0 0
-0 0 0
-0 0 0
-0 0 0
-0 0 0
-0 0 0
-0 0 0
-0 0 0
-0 0 0
-0.066193067 0.082978837 0.28500003
-0.063644022 0.082906045 0.28475001
-0.060938284 0.082614899 0.28375003
-0.057683501 0.081523061 0.28
-0.053853225 0.079484984 0.273
-0.051417906 0.0794122 0.27275002
-0.048942022 0.07926663 0.27225003
-0.046474878 0.079121046 0.27175
-0.044016484 0.078975469 0.27125001
-0.041490085 0.078684315 0.27025002
-0.038981173 0.078393161 0.26925001
-0.036523763 0.078174792 0.2685
-0.03398402 0.077738069 0.26700002
-0.031440884 0.077228554 0.26525003
-0.029093042 0.077155761 0.26500002
-0.027406316 0.078975469 0.27125001
-0.02547181 0.080358453 0.27600002
-0.023099147 0.08050403 0.27650002
-0.020699035 0.080576807 0.27675
-0.018294552 0.080649599 0.27700001
-0.015857045 0.080576807 0.27675
-0.01343605 0.080576807 0.27675
-0.011025006 0.080649599 0.27700001
-0.0085785333 0.080431238 0.27625
-0.0061396067 0.080140084 0.27525002
-0.0037249548 0.079994507 0.27475002
-0.0013202528 0.079921715 0.27450001
0.0010810596 0.079921715 0.27450001
0.0034823718 0.079921715 0.27450001
0.0058890432 0.079994507 0.27475002
0.0083000874 0.080067292 0.27500001
0.010725238 0.080212869 0.2755
0.013159139 0.080358453 0.27600002
0.015601786 0.08050403 0.27650002
0.018036885 0.080576807 0.27675
0.020457881 0.080576807 0.27675
0.022878876 0.080576807 0.27675
0.025299871 0.080576807 0.27675
0.027645744 0.080358453 0.27600002
0.029869577 0.07984893 0.27425
0.031562734 0.078102008 0.26825002
0.033403732 0.076937392 0.26425001
0.035647798 0.076791815 0.26375002
0.038314834 0.0775197 0.26625001
0.040872958 0.077956431 0.26775002
0.043295924 0.078102008 0.26825002
0.045770172 0.078320377 0.26900002
0.048302267 0.078611523 0.27000001
0.050804947 0.078829892 0.27075002
0.053271651 0.078975469 0.27125001
0.055798389 0.079193838 0.27200001
0.058338251 0.0794122 0.27275002
0.060779911 0.079484984 0.273
0.06380441 0.080285661 0.27575001
0.067177191 0.081450276 0.27975002
0.069686644 0.081523061 0.28
0.072071671 0.081450276 0.27975002
0.074652091 0.081595853 0.28025001
0 0 0
0 0 0
0 0 0
0 0 0
0 0 0
0 0 0
0 0 0
0 0 0
0 0 0
0 0 0
0 0 0
0 0 0
0 0 0
0 0 0
0 0 0
0 0 0
0 0 0
0 0 0
0 0 0
0 0 0
0 0 0
0 0 0
0 0 0
0 0 0
0 0 0
0 0 0
0 0 0
0 0 0
0 0 0
0 0 0
0 0 0
0 0 0
0 0 0
0 0 0
0 0 0
0 0 0
0 0 0
0 0 0
0 0 0
0 0 0
0 0 0
0 0 0
0 0 0
0 0 0
0 0 0
0 0 0
0 0 0
0 0 0
-0 0 0
-0 0 0
-0 0 0
-0 0 0
-0 0 0
-0 0 0
-0 0 0
-0 0 0
-0 0 0
-0 0 0
-0 0 0
-0 0 0
-0 0 0
-0 0 0
-0 0 0
-0 0 0
-0 0 0
-0 0 0
-0 0 0
-0 0 0
-0 0 0
-0 0 0
-0 0 0
-0 0 0
-0 0 0
-0 0 0
-0 0 0
-0 0 0
-0 0 0
-0 0 0
-0 0 0
-0 0 0
-0 0 0
-0 0 0
-0 0 0
-0 0 0
-0 0 0
-0 0 0
-0 0 0
-0 0 0
-0 0 0
-0 0 0
-0 0 0
-0 0 0
-0 0 0
-0 0 0
-0 0 0
-0 0 0
-0 0 0
-0 0 0
-0 0 0
-0 0 0
-0 0 0
-0.067782462 0.084345467 0.28125
-0.065844677 0.085020237 0.28350002
-0.063420512 0.085095212 0.28375003
-0.06056245 0.084570386 0.28200001
-0.056704946 0.0825461 0.27525002
-0.05380391 0.081796363 0.27275002
-0.051370777 0.081721388 0.27250001
-0.048897076 0.081571445 0.27200001
-0.046432123 0.081421494 0.27150002
-0.043894779 0.081121594 0.2705
-0.04137494 0.080821708 0.26950002
-0.038908783 0.080596782 0.26875001
-0.036285713 0.079996988 0.26675001
-0.033697635 0.079397202 0.26475
-0.03150015 0.079697102 0.26575002
-0.02991643 0.081721388 0.27250001
-0.027911501 0.082845993 0.27625
-0.025541024 0.082995936 0.27675
-0.023120031 0.082995936 0.27675
-0.020680338 0.082920969 0.27650002
-0.01827804 0.082995936 0.27675
-0.015842721 0.082920969 0.27650002
-0.013411776 0.082845993 0.27625
-0.010985205 0.082771026 0.27600002
-0.0085552428 0.082621068 0.2755
-0.0061228774 0.082321174 0.27450001
-0.0037113968 0.082096256 0.27375001
-0.0012986092 0.080971651 0.27000001
0.001052507 0.080146939 0.26725
0.0033903965 0.080146939 0.26725
0.0058354577 0.08164642 0.27225003
0.0082623595 0.082096256 0.27375001
0.010686309 0.082321174 0.27450001
0.01311146 0.082471125 0.27500001
0.015545359 0.082621068 0.2755
0.018004298 0.082845993 0.27625
0.020439401 0.082920969 0.27650002
0.022878876 0.082995936 0.27675
0.025299871 0.082995936 0.27675
0.027670784 0.082845993 0.27625
0.03000572 0.082621068 0.2755
0.032268703 0.082246199 0.27425
0.034067381 0.080821708 0.26950002
0.035715379 0.079247251 0.26425001
0.037991047 0.079172276 0.264
0.040643975 0.079847045 0.26625001
0.04317487 0.080221914 0.26750001
0.045642558 0.080446839 0.26825002
0.048212819 0.080821708 0.26950002
0.050758034 0.081121594 0.2705
0.053222556 0.081271552 0.27100003
0.055644535 0.081346519 0.27125001
0.058231305 0.08164642 0.27225003
0.060779911 0.081871331 0.273
0.06334164 0.082096256 0.27375001
0.066997088 0.083670706 0.27900001
0.069873311 0.084195517 0.28075001
0.072329298 0.084195517 0.28075001
0 0 0
0 0 0
0 0 0
0 0 0
0 0 0
0 0 0
0 0 0
0 0 0
0 0 0
0 0 0
0 0 0
0 0 0
0 0 0
0 0 0
0 0 0
0 0 0
0 0 0
0 0 0
0 0 0
0 0 0
0 0 0
0 0 0
0 0 0
0 0 0
0 0 0
0 0 0
0 0 0
0 0 0
0 0 0
0 0 0
0 0 0
0 0 0
0 0 0
0 0 0
0 0 0
0 0 0
0 0 0
0 0 0
0 0 0
0 0 0
0 0 0
0 0 0
0 0 0
0 0 0
0 0 0
0 0 0
0 0 0
0 0 0
0 0 0
-0 0 0
-0 0 0
-0 0 0
-0 0 0
-0 0 0
-0 0 0
-0 0 0
-0 0 0
-0 0 0
-0 0 0
-0 0 0
-0 0 0
-0 0 0
-0 0 0
-0 0 0
-0 0 0
-0 0 0
-0 0 0
-0 0 0
-0 0 0
-0 0 0
-0 0 0
-0 0 0
-0 0 0
-0 0 0
-0 0 0
-0 0 0
-0 0 0
-0 0 0
-0 0 0
-0 0 0
-0 0 0
-0 0 0
-0 0 0
-0 0 0
-0 0 0
-0 0 0
-0 0 0
-0 0 0
-0 0 0
-0 0 0
-0 0 0
-0 0 0
-0 0 0
-0 0 0
-0 0 0
-0 0 0
-0 0 0
-0 0 0
-0 0 0
-0 0 0
-0 0 0
-0 0 0
-0.068445228 0.087652691 0.28400001
-0.065902747 0.087575532 0.28375003
-0.063308753 0.087421209 0.28325
-0.060025547 0.086263828 0.27950001
-0.056447428 0.084566332 0.27400002
-0.053705279 0.084026217 0.27225003
-0.05127652 0.083949059 0.27200001
-0.048762247 0.083717577 0.27125001
-0.046261102 0.083486095 0.2705
-0.043732509 0.08317747 0.26950002
-0.041221414 0.082868822 0.2685
-0.038691618 0.082483031 0.26725
-0.035979651 0.081634283 0.26450002
-0.033697635 0.081711441 0.26475
-0.032270614 0.084026217 0.27225003
-0.030328123 0.085260756 0.27625
-0.027936762 0.085337922 0.27650002
-0.025517954 0.085337922 0.27650002
-0.023078261 0.085260756 0.27625
-0.020661639 0.085260756 0.27625
-0.018228509 0.085183606 0.27600002
-0.015814073 0.085183606 0.27600002
-0.013363227 0.084952123 0.27525002
-0.010945403 0.084874965 0.27500001
-0.0085319532 0.084797807 0.27475002
-0.0061228774 0.084720649 0.27450001
-0.0037147864 0.084566332 0.27400002
-0.001309431 0.084026217 0.27225003
0.001066291 0.083563261 0.27075002
0.0034411417 0.083717577 0.27125001
0.0058515328 0.084257685 0.273
0.0082548149 0.084412016 0.27350003
0.010666844 0.084566332 0.27400002
0.013063783 0.084566332 0.27400002
0.015488934 0.084720649 0.27450001
0.017922832 0.084874965 0.27500001
0.02038396 0.08510644 0.27575001
0.022837542 0.085260756 0.27625
0.025254162 0.085260756 0.27625
0.027645744 0.085183606 0.27600002
0.03003295 0.08510644 0.27575001
0.032386366 0.084952123 0.27525002
0.034762636 0.084874965 0.27500001
0.036492534 0.083331779 0.27000001
0.038063001 0.081634283 0.26450002
0.040338669 0.081557125 0.26425001
0.04297312 0.082174398 0.26625001
0.045514949 0.082560189 0.26750001
0.048123371 0.083023153 0.26900002
0.0506173 0.08325462 0.26975
0.053124357 0.083486095 0.2705
0.055593252 0.083640426 0.27100003
0.058124356 0.083871894 0.27175
0.060779911 0.084257685 0.273
0.063283794 0.084412016 0.27350003
0.066456787 0.085415073 0.27675
0.070495509 0.087421209 0.28325
0.07335981 0.087884165 0.28475001
0.075983971 0.088038482 0.28525001
0 0 0
0 0 0
0 0 0
0 0 0
0 0 0
0 0 0
0 0 0
0 0 0
0 0 0
0 0 0
0 0 0
0 0 0
0 0 0
0 0 0
0 0 0
0 0 0
0 0 0
0 0 0
0 0 0
0 0 0
0 0 0
0 0 0
0 0 0
0 0 0
0 0 0
0 0 0
0 0 0
0 0 0
0 0 0
0 0 0
0 0 0
0 0 0
0 0 0
0 0 0
0 0 0
0 0 0
0 0 0
0 0 0
0 0 0
0 0 0
0 0 0
0 0 0
0 0 0
0 0 0
0 0 0
0 0 0
0 0 0
0 0 0
-0 0 0
-0 0 0
-0 0 0
-0 0 0
-0 0 0
-0 0 0
-0 0 0
-0 0 0
-0 0 0
-0 0 0
-0 0 0
-0 0 0
-0 0 0
-0 0 0
-0 0 0
-0 0 0
-0 0 0
-0 0 0
-0 0 0
-0 0 0
-0 0 0
-0 0 0
-0 0 0
-0 0 0
-0 0 0
-0 0 0
-0 0 0
-0 0 0
-0 0 0
-0 0 0
-0 0 0
-0 0 0
-0 0 0
-0 0 0
-0 0 0
-0 0 0
-0 0 0
-0 0 0
-0 0 0
-0 0 0
-0 0 0
-0 0 0
-0 0 0
-0 0 0
-0 0 0
-0 0 0
-0 0 0
-0 0 0
-0 0 0
-0 0 0
-0 0 0
-0 0 0
-0.071241833 0.090531923 0.28525001
-0.068746477 0.090531923 0.28525001
-0.066018872 0.090214543 0.28425002
-0.06291762 0.089341752 0.28150001
-0.059488647 0.087913558 0.27700001
-0.056344423 0.086802743 0.27350003
-0.053705279 0.086406022 0.27225003
-0.051229388 0.086247325 0.27175
-0.048672367 0.085929953 0.27075002
-0.046090081 0.085533224 0.26950002
-0.043570235 0.085215844 0.2685
-0.041067891 0.084898472 0.26750001
-0.038438261 0.084263712 0.26550001
-0.036013655 0.084025681 0.26475
-0.034397684 0.085771263 0.27025002
-0.032655843 0.087437488 0.2755
-0.030328123 0.087675519 0.27625
-0.027936762 0.087754868 0.27650002
-0.025494881 0.087675519 0.27625
-0.023036491 0.087516837 0.27575001
-0.020605544 0.087437488 0.2755
-0.018178973 0.087358147 0.27525002
-0.015756775 0.087278798 0.27500001
-0.013326814 0.087120116 0.27450001
-0.010935453 0.087199464 0.27475002
-0.0085164262 0.087040767 0.27425
-0.0061117248 0.086961426 0.27400002
-0.0037147864 0.086961426 0.27400002
-0.0013154431 0.086802743 0.27350003
0.0010771214 0.086802743 0.27350003
0.0034665142 0.086723395 0.27325001
0.0058622505 0.086802743 0.27350003
0.0082623595 0.086882077 0.27375001
0.010657111 0.086882077 0.27375001
0.013063783 0.086961426 0.27400002
0.015460721 0.086961426 0.27400002
0.017857658 0.086961426 0.27400002
0.020291558 0.087120116 0.27450001
0.022754872 0.087358147 0.27525002
0.025185598 0.087437488 0.2755
0.02759566 0.087437488 0.2755
0.03003295 0.087516837 0.27575001
0.032445196 0.087516837 0.27575001
0.034889046 0.087596186 0.27600002
0.037235897 0.087437488 0.2755
0.038818501 0.085612565 0.26975
0.040376835 0.08394634 0.26450002
0.042650316 0.083866991 0.26425001
0.0453448 0.084581099 0.26650003
0.047989197 0.085136503 0.26825002
0.050523479 0.085453883 0.26925001
0.053075261 0.085771263 0.27025002
0.055541962 0.085929953 0.27075002
0.057963945 0.086009294 0.27100003
0.060612936 0.086406022 0.27225003
0.063168101 0.086644046 0.273
0.065796427 0.086961426 0.27400002
0.07018441 0.089500442 0.28200001
0.073617436 0.090690605 0.28575
0.076250352 0.090849303 0.28625003
0 0 0
0 0 0
0 0 0
0 0 0
0 0 0
0 0 0
0 0 0
0 0 0
0 0 0
0 0 0
0 0 0
0 0 0
0 0 0
0 0 0
0 0 0
0 0 0
0 0 0
0 0 0
0 0 0
0 0 0
0 0 0
0 0 0
0 0 0
0 0 0
0 0 0
0 0 0
0 0 0
0 0 0
0 0 0
0 0 0
0 0 0
0 0 0
0 0 0
0 0 0
0 0 0
0 0 0
0 0 0
0 0 0
0 0 0
0 0 0
0 0 0
0 0 0
0 0 0
0 0 0
0 0 0
0 0 0
0 0 0
0 0 0
-0 0 0
-0 0 0
-0 0 0
-0 0 0
-0 0 0
-0 0 0
-0 0 0
-0 0 0
-0 0 0
-0 0 0
-0 0 0
-0 0 0
-0 0 0
-0 0 0
-0 0 0
-0 0 0
-0 0 0
-0 0 0
-0 0 0
-0 0 0
-0 0 0
-0 0 0
-0 0 0
-0 0 0
-0 0 0
-0 0 0
-0 0 0
-0 0 0
-0 0 0
-0 0 0
-0 0 0
-0 0 0
-0 0 0
-0 0 0
-0 0 0
-0 0 0
-0 0 0
-0 0 0
-0 0 0
-0 0 0
-0 0 0
-0 0 0
-0 0 0
-0 0 0
-0 0 0
-0 0 0
-0 0 0
-0 0 0
-0 0 0
-0 0 0
-0 0 0
-0 0 0
-0 0 0
-0.068625979 0.092862301 0.28475001
-0.066018872 0.092699245 0.28425002
-0.062582351 0.091313228 0.28
-0.059059124 0.089682639 0.27500001
-0.056292918 0.089111932 0.27325001
-0.05375459 0.088867344 0.27250001
-0.051229388 0.088622749 0.27175
-0.048492592 0.08797051 0.26975
-0.046004571 0.08772593 0.26900002
-0.043529667 0.087481342 0.26825002
-0.040837601 0.086747572 0.266
-0.038329676 0.086339921 0.26475
-0.036557771 0.087644398 0.26875001
-0.035034087 0.08976417 0.27525002
-0.032744743 0.09009029 0.27625
-0.030328123 0.09009029 0.27625
-0.027911501 0.09009029 0.27625
-0.025494881 0.09009029 0.27625
-0.023057377 0.090008765 0.27600002
-0.020605544 0.089845695 0.2755
-0.018162461 0.089682639 0.27500001
-0.015713802 0.089438051 0.27425
-0.013314676 0.089438051 0.27425
-0.010925503 0.089519583 0.27450001
-0.0084931366 0.089193463 0.27350003
-0.0060949954 0.089111932 0.27325001
-0.0037046182 0.089111932 0.27325001
-0.0013118358 0.088948876 0.27275002
0.0010751521 0.0890304 0.273
0.0034601712 0.088948876 0.27275002
0.0058461749 0.088948876 0.27275002
0.0082321782 0.088948876 0.27275002
0.010637647 0.089111932 0.27325001
0.013051862 0.089274988 0.27375001
0.015460721 0.089356527 0.27400002
0.017841363 0.089274988 0.27375001
0.020254597 0.089356527 0.27400002
0.022672201 0.089438051 0.27425
0.025094183 0.089519583 0.27450001
0.027520537 0.089601114 0.27475002
0.029978493 0.08976417 0.27525002
0.032415781 0.089845695 0.2755
0.034920644 0.09009029 0.27625
0.037269689 0.089927226 0.27575001
0.039394125 0.089274988 0.27375001
0.040949285 0.087481342 0.26825002
0.042609964 0.086095333 0.264
0.045047034 0.086339921 0.26475
0.047855023 0.087236747 0.26750001
0.050382745 0.087562867 0.2685
0.052927963 0.087888986 0.26950002
0.055490676 0.088215105 0.2705
0.057963945 0.088378169 0.27100003
0.060501613 0.088622749 0.27175
0.063052408 0.088867344 0.27250001
0.065616325 0.089111932 0.27325001
0.069437772 0.090987116 0.27900001
0.07342422 0.092943832 0.28500003
0 0 0
0 0 0
0 0 0
0 0 0
0 0 0
0 0 0
0 0 0
0 0 0
0 0 0
0 0 0
0 0 0
0 0 0
0 0 0
0 0 0
0 0 0
0 0 0
0 0 0
0 0 0
0 0 0
0 0 0
0 0 0
0 0 0
0 0 0
0 0 0
0 0 0
0 0 0
0 0 0
0 0 0
0 0 0
0 0 0
0 0 0
0 0 0
0 0 0
0 0 0
0 0 0
0 0 0
0 0 0
0 0 0
0 0 0
0 0 0
0 0 0
0 0 0
0 0 0
0 0 0
0 0 0
0 0 0
0 0 0
0 0 0
0 0 0
-0 0 0
-0 0 0
-0 0 0
-0 0 0
-0 0 0
-0 0 0
-0 0 0
-0 0 0
-0 0 0
-0 0 0
-0 0 0
-0 0 0
-0 0 0
-0 0 0
-0 0 0
-0 0 0
-0 0 0
-0 0 0
-0 0 0
-0 0 0
-0 0 0
-0 0 0
-0 0 0
-0 0 0
-0 0 0
-0 0 0
-0 0 0
-0 0 0
-0 0 0
-0 0 0
-0 0 0
-0 0 0
-0 0 0
-0 0 0
-0 0 0
-0 0 0
-0 0 0
-0 0 0
-0 0 0
-0 0 0
-0 0 0
-0 0 0
-0 0 0
-0 0 0
-0 0 0
-0 0 0
-0 0 0
-0 0 0
-0 0 0
-0 0 0
-0 0 0
-0 0 0
-0.071304277 0.095602512 0.28550002
-0.068445228 0.095100217 0.28400001
-0.065728553 0.094765358 0.28300002
-0.062638231 0.093844496 0.28025001
-0.058898054 0.091835327 0.27425
-0.056189913 0.091333047 0.27275002
-0.053705279 0.091165617 0.27225003
-0.05113513 0.090830751 0.27125001
-0.048447654 0.090244748 0.26950002
-0.045961816 0.089993604 0.26875001
-0.043448534 0.089658752 0.26775002
-0.040568933 0.088486731 0.26425001
-0.038438261 0.088905312 0.26550001
-0.037305929 0.091835327 0.27425
-0.035161369 0.092505053 0.27625
-0.032744743 0.092505053 0.27625
-0.030355571 0.092588767 0.27650002
-0.027886244 0.092421345 0.27600002
-0.025425663 0.092253901 0.2755
-0.023036491 0.092337623 0.27575001
-0.020586846 0.092170194 0.27525002
-0.018112928 0.091835327 0.27425
-0.015685152 0.091667905 0.27375001
-0.013290402 0.091667905 0.27375001
-0.010885702 0.091584191 0.27350003
-0.0084620826 0.091249324 0.27250001
-0.0060726902 0.091165617 0.27225003
-0.0036910607 0.091165617 0.27225003
-0.0013070261 0.09099818 0.27175
0.0010712139 0.091081902 0.27200001
0.0034474847 0.09099818 0.27175
0.0058193821 0.090914473 0.27150002
0.0081869038 0.090830751 0.27125001
0.010598716 0.091165617 0.27225003
0.013028024 0.091500476 0.27325001
0.015432509 0.091584191 0.27350003
0.017841363 0.091667905 0.27375001
0.020254597 0.09175162 0.27400002
0.022651536 0.09175162 0.27400002
0.025071327 0.091835327 0.27425
0.027495494 0.09191905 0.27450001
0.029924037 0.092002764 0.27475002
0.032386366 0.092170194 0.27525002
0.034857441 0.092337623 0.27575001
0.037269689 0.092337623 0.27575001
0.039574008 0.092086479 0.27500001
0.041712552 0.091500476 0.27325001
0.042892419 0.088989027 0.26575002
0.044919424 0.088403016 0.264
0.047586676 0.089072734 0.266
0.050288923 0.089742459 0.26800001
0.052829769 0.090077326 0.26900002
0.055439394 0.090495899 0.27025002
0.057963945 0.090747043 0.27100003
0.060445957 0.090914473 0.27150002
0.063052408 0.091249324 0.27250001
0.065556288 0.091416754 0.273
0.068940006 0.092756197 0.27700001
0.072522521 0.094263069 0.28150001
0.076316945 0.095937364 0.28650001
0 0 0
0 0 0
0 0 0
0 0 0
0 0 0
0 0 0
0 0 0
0 0 0
0 0 0
0 0 0
0 0 0
0 0 0
0 0 0
0 0 0
0 0 0
0 0 0
0 0 0
0 0 0
0 0 0
0 0 0
0 0 0
0 0 0
0 0 0
0 0 0
0 0 0
0 0 0
0 0 0
0 0 0
0 0 0
0 0 0
0 0 0
0 0 0
0 0 0
0 0 0
0 0 0
0 0 0
0 0 0
0 0 0
0 0 0
0 0 0
0 0 0
0 0 0
0 0 0
0 0 0
0 0 0
0 0 0
0 0 0
0 0 0
-0 0 0
-0 0 0
-0 0 0
-0 0 0
-0 0 0
-0 0 0
-0 0 0
-0 0 0
-0 0 0
-0 0 0
-0 0 0
-0 0 0
-0 0 0
-0 0 0
-0 0 0
-0 0 0
-0 0 0
-0 0 0
-0 0 0
-0 0 0
-0 0 0
-0 0 0
-0 0 0
-0 0 0
-0 0 0
-0 0 0
-0 0 0
-0 0 0
-0 0 0
-0 0 0
-0 0 0
-0 0 0
-0 0 0
-0 0 0
-0 0 0
-0 0 0
-0 0 0
-0 0 0
-0 0 0
-0 0 0
-0 0 0
-0 0 0
-0 0 0
-0 0 0
-0 0 0
-0 0 0
-0 0 0
-0 0 0
-0 0 0
-0 0 0
-0 0 0
-0 0 0
-0.07155402 0.098441727 0.28650001
-0.068927236 0.098269932 0.28600001
-0.065728553 0.097239129 0.28300002
-0.062302969 0.095778815 0.27875
-0.058951747 0.094318517 0.27450001
-0.056138407 0.093631312 0.27250001
-0.053557329 0.093287714 0.27150002
-0.051088005 0.093115918 0.27100003
-0.048537537 0.092772312 0.27000001
-0.045919057 0.092256904 0.2685
-0.043083418 0.091226108 0.26550001
-0.040568933 0.090796605 0.26425001
-0.039198339 0.093030013 0.27075002
-0.03757799 0.094919816 0.27625
-0.03519319 0.095005721 0.27650002
-0.032774378 0.095005721 0.27650002
-0.030328123 0.094919816 0.27625
-0.027835723 0.094662115 0.2755
-0.025379518 0.094490312 0.27500001
-0.022952951 0.094404422 0.27475002
-0.020549452 0.094404422 0.27475002
-0.018096417 0.094146721 0.27400002
-0.015656505 0.093889013 0.27325001
-0.013266128 0.093889013 0.27325001
-0.01085585 0.093717217 0.27275002
-0.0084310295 0.093287714 0.27150002
-0.0060448083 0.093115918 0.27100003
-0.0036707241 0.093030013 0.27075002
-0.0012998118 0.092858218 0.27025002
0.001066291 0.093030013 0.27075002
0.0034347984 0.093030013 0.27075002
0.0057925894 0.092858218 0.27025002
0.0081567224 0.092858218 0.27025002
0.010550054 0.093115918 0.27100003
0.012944588 0.093287714 0.27150002
0.015347869 0.093459517 0.27200001
0.017759897 0.093631312 0.27250001
0.020199155 0.093889013 0.27325001
0.022630867 0.094060816 0.27375001
0.025048474 0.094146721 0.27400002
0.027470453 0.094232611 0.27425
0.029896807 0.094318517 0.27450001
0.032298118 0.094318517 0.27450001
0.034762636 0.094490312 0.27500001
0.037235897 0.094662115 0.2755
0.039609984 0.094576217 0.27525002
0.041979693 0.094490312 0.27500001
0.043618724 0.092858218 0.27025002
0.044961963 0.090796605 0.26425001
0.04740778 0.091054305 0.26500002
0.050242014 0.09199921 0.26775002
0.052878864 0.092514612 0.26925001
0.055439394 0.092858218 0.27025002
0.058017414 0.093201809 0.27125001
0.060557276 0.093459517 0.27200001
0.063052408 0.093631312 0.27250001
0.065556288 0.093803108 0.273
0.068131141 0.094060816 0.27375001
0.072329298 0.09646602 0.28075001
0.075318031 0.097153224 0.28275001
0 0 0
0 0 0
0 0 0
0 0 0
0 0 0
0 0 0
0 0 0
0 0 0
0 0 0
0 0 0
0 0 0
0 0 0
0 0 0
0 0 0
0 0 0
0 0 0
0 0 0
0 0 0
0 0 0
0 0 0
0 0 0
0 0 0
0 0 0
0 0 0
0 0 0
0 0 0
0 0 0
0 0 0
0 0 0
0 0 0
0 0 0
0 0 0
0 0 0
0 0 0
0 0 0
0 0 0
0 0 0
0 0 0
0 0 0
0 0 0
0 0 0
0 0 0
0 0 0
0 0 0
0 0 0
0 0 0
0 0 0
0 0 0
-0 0 0
-0 0 0
-0 0 0
-0 0 0
-0 0 0
-0 0 0
-0 0 0
-0 0 0
-0 0 0
-0 0 0
-0 0 0
-0 0 0
-0 0 0
-0 0 0
-0 0 0
-0 0 0
-0 0 0
-0 0 0
-0 0 0
-0 0 0
-0 0 0
-0 0 0
-0 0 0
-0 0 0
-0 0 0
-0 0 0
-0 0 0
-0 0 0
-0 0 0
-0 0 0
-0 0 0
-0 0 0
-0 0 0
-0 0 0
-0 0 0
-0 0 0
-0 0 0
-0 0 0
-0 0 0
-0 0 0
-0 0 0
-0 0 0
-0 0 0
-0 0 0
-0 0 0
-0 0 0
-0 0 0
-0 0 0
-0 0 0
-0 0 0
-0 0 0
-0 0 0
-0.071366705 0.10068183 0.28575
-0.068686232 0.10041758 0.28500003
-0.065844677 0.09988907 0.28350002
-0.062358849 0.098303527 0.27900001
-0.058844369 0.096541815 0.27400002
-0.056086909 0.095925219 0.27225003
-0.053606644 0.095749043 0.27175
-0.050993741 0.095308609 0.2705
-0.048402712 0.094868183 0.26925001
-0.04574804 0.094251588 0.26750001
-0.042961713 0.09328264 0.26475
-0.040875986 0.093811162 0.26625001
-0.039813638 0.096894152 0.27500001
-0.03757799 0.097334579 0.27625
-0.035161369 0.097334579 0.27625
-0.032744743 0.097334579 0.27625
-0.030273231 0.09715841 0.27575001
-0.027835723 0.097070321 0.2755
-0.025356447 0.096806072 0.27475002
-0.022911178 0.096629895 0.27425
-0.020493357 0.096541815 0.27400002
-0.018063394 0.096365646 0.27350003
-0.015613531 0.0960133 0.27250001
-0.013205442 0.095837131 0.27200001
-0.010806099 0.095660962 0.27150002
-0.0083999755 0.095308609 0.2705
-0.0060225022 0.09513244 0.27000001
-0.0036571664 0.095044352 0.26975
-0.0012937996 0.094780102 0.26900002
0.0010603835 0.094868183 0.26925001
0.003415769 0.094868183 0.26925001
0.0057657966 0.094780102 0.26900002
0.0081189945 0.094780102 0.26900002
0.01050139 0.095044352 0.26975
0.01288499 0.095220536 0.27025002
0.015291443 0.095484793 0.27100003
0.017694723 0.095660962 0.27150002
0.020106753 0.095837131 0.27200001
0.022568865 0.096189469 0.273
0.025002766 0.096365646 0.27350003
0.027445413 0.096541815 0.27400002
0.029869577 0.096629895 0.27425
0.032268703 0.096629895 0.27425
0.034699429 0.096717983 0.27450001
0.037202112 0.096982241 0.27525002
0.039645959 0.097070321 0.2755
0.042017858 0.096982241 0.27525002
0.044223979 0.096541815 0.27400002
0.045429874 0.094075419 0.26700002
0.047363054 0.09328264 0.26475
0.050007459 0.09389925 0.26650003
0.052780669 0.094692014 0.26875001
0.055336818 0.095044352 0.26975
0.057910472 0.095396705 0.27075002
0.060445957 0.095660962 0.27150002
0.063052408 0.0960133 0.27250001
0.065616325 0.096277557 0.27325001
0.068131141 0.096453726 0.27375001
0.071749635 0.098127358 0.27850002
0.074918464 0.099096291 0.28125
0 0 0
0 0 0
0 0 0
0 0 0
0 0 0
0 0 0
0 0 0
0 0 0
0 0 0
0 0 0
0 0 0
0 0 0
0 0 0
0 0 0
0 0 0
0 0 0
0 0 0
0 0 0
0 0 0
0 0 0
0 0 0
0 0 0
0 0 0
0 0 0
0 0 0
0 0 0
0 0 0
0 0 0
0 0 0
0 0 0
0 0 0
0 0 0
0 0 0
0 0 0
0 0 0
0 0 0
0 0 0
0 0 0
0 0 0
0 0 0
0 0 0
0 0 0
0 0 0
0 0 0
0 0 0
0 0 0
0 0 0
0 0 0
-0 0 0
-0 0 0
-0 0 0
-0 0 0
-0 0 0
-0 0 0
-0 0 0
-0 0 0
-0 0 0
-0 0 0
-0 0 0
-0 0 0
-0 0 0
-0 0 0
-0 0 0
-0 0 0
-0 0 0
-0 0 0
-0 0 0
-0 0 0
-0 0 0
-0 0 0
-0 0 0
-0 0 0
-0 0 0
-0 0 0
-0 0 0
-0 0 0
-0 0 0
-0 0 0
-0 0 0
-0 0 0
-0 0 0
-0 0 0
-0 0 0
-0 0 0
-0 0 0
-0 0 0
-0 0 0
-0 0 0
-0 0 0
-0 0 0
-0 0 0
-0 0 0
-0 0 0
-0 0 0
-0 0 0
-0 0 0
-0 0 0
-0 0 0
-0 0 0
-0 0 0
-0.070867211 0.10245748 0.28375003
-0.068384975 0.10245748 0.28375003
-0.065728553 0.10218666 0.28300002
-0.061911829 0.10002016 0.27700001
-0.058575917 0.098485559 0.27275002
-0.055983897 0.098124467 0.27175
-0.053508013 0.097943932 0.27125001
-0.050852355 0.097402297 0.26975
-0.048177999 0.096770406 0.26800001
-0.045534264 0.096138515 0.26625001
-0.043002281 0.095687158 0.26500002
-0.041566845 0.097763389 0.27075002
-0.039922222 0.099568807 0.27575001
-0.03757799 0.099749349 0.27625
-0.035161369 0.099749349 0.27625
-0.032744743 0.099749349 0.27625
-0.030273231 0.099568807 0.27575001
-0.027810466 0.099388264 0.27525002
-0.025356447 0.099207729 0.27475002
-0.022911178 0.099027179 0.27425
-0.020474657 0.098846637 0.27375001
-0.018013861 0.098485559 0.27275002
-0.015556235 0.098034203 0.27150002
-0.013156893 0.097853668 0.27100003
-0.010756346 0.097582847 0.27025002
-0.0083456319 0.097041219 0.26875001
-0.0059890435 0.096950948 0.2685
-0.0036368303 0.096860684 0.26825002
-0.0012865851 0.096589863 0.26750001
0.001052507 0.096499592 0.26725
0.0033935683 0.096589863 0.26750001
0.0057336451 0.096589863 0.26750001
0.0080812676 0.096680142 0.26775002
0.010452728 0.096950948 0.2685
0.012825392 0.097131498 0.26900002
0.015235016 0.097492576 0.27000001
0.017629549 0.097673118 0.2705
0.020032832 0.097853668 0.27100003
0.022486195 0.098214746 0.27200001
0.024934202 0.098485559 0.27275002
0.02742037 0.098846637 0.27375001
0.029842351 0.098936915 0.27400002
0.032209873 0.098846637 0.27375001
0.034731034 0.099207729 0.27475002
0.037235897 0.099478528 0.2755
0.039645959 0.099478528 0.2755
0.042017858 0.099388264 0.27525002
0.044264328 0.099027179 0.27425
0.046025392 0.097673118 0.2705
0.047273606 0.095416345 0.26425001
0.049772903 0.095777437 0.26525003
0.052584279 0.096680142 0.26775002
0.055182967 0.097131498 0.26900002
0.057750054 0.097492576 0.27000001
0.060334641 0.097853668 0.27100003
0.062936716 0.098214746 0.27200001
0.065556288 0.098575823 0.273
0.068068929 0.098756373 0.27350003
0.070976742 0.099478528 0.2755
0.074652091 0.10119368 0.28025001
0 0 0
0 0 0
0 0 0
0 0 0
0 0 0
0 0 0
0 0 0
0 0 0
0 0 0
0 0 0
0 0 0
0 0 0
0 0 0
0 0 0
0 0 0
0 0 0
0 0 0
0 0 0
0 0 0
0 0 0
0 0 0
0 0 0
0 0 0
0 0 0
0 0 0
0 0 0
0 0 0
0 0 0
0 0 0
0 0 0
0 0 0
0 0 0
0 0 0
0 0 0
0 0 0
0 0 0
0 0 0
0 0 0
0 0 0
0 0 0
0 0 0
0 0 0
0 0 0
0 0 0
0 0 0
0 0 0
0 0 0
0 0 0
-0 0 0
-0 0 0
-0 0 0
-0 0 0
-0 0 0
-0 0 0
-0 0 0
-0 0 0
-0 0 0
-0 0 0
-0 0 0
-0 0 0
-0 0 0
-0 0 0
-0 0 0
-0 0 0
-0 0 0
-0 0 0
-0 0 0
-0 0 0
-0 0 0
-0 0 0
-0 0 0
-0 0 0
-0 0 0
-0 0 0
-0 0 0
-0 0 0
-0 0 0
-0 0 0
-0 0 0
-0 0 0
-0 0 0
-0 0 0
-0 0 0
-0 0 0
-0 0 0
-0 0 0
-0 0 0
-0 0 0
-0 0 0
-0 0 0
-0 0 0
-0 0 0
-0 0 0
-0 0 0
-0 0 0
-0 0 0
-0 0 0
-0 0 0
-0 0 0
-0.073414065 0.10503025 0.28400001
-0.070867211 0.10493781 0.28375003
-0.068384975 0.10493781 0.28375003
-0.065728553 0.10466044 0.28300002
-0.062079463 0.10271885 0.27775002
-0.058629602 0.10096218 0.273
-0.055983897 0.1004999 0.27175
-0.053458698 0.10022254 0.27100003
-0.050805226 0.099667795 0.26950002
-0.048088118 0.098928146 0.26750001
-0.045320489 0.098003581 0.26500002
-0.043286256 0.098650776 0.26675001
-0.042142563 0.10151692 0.27450001
-0.039958417 0.10207166 0.27600002
-0.037543982 0.10207166 0.27600002
-0.035161369 0.10216411 0.27625
-0.032744743 0.10216411 0.27625
-0.030273231 0.1019792 0.27575001
-0.027785204 0.10170183 0.27500001
-0.025310302 0.10142446 0.27425
-0.022869408 0.10123955 0.27375001
-0.020418562 0.10096218 0.273
-0.017964326 0.10059236 0.27200001
-0.015498936 0.10003762 0.2705
-0.013096204 0.099760249 0.26975
-0.010696644 0.099390425 0.26875001
-0.0083068153 0.098928146 0.26750001
-0.0059555857 0.098743238 0.26700002
-0.0036131043 0.098558329 0.26650003
-0.0012781682 0.098280959 0.26575002
0.0010456149 0.098188497 0.26550001
0.0033681956 0.098188497 0.26550001
0.0056961356 0.098280959 0.26575002
0.0080284476 0.098373406 0.266
0.010394333 0.098743238 0.26700002
0.012741955 0.098835684 0.26725
0.015136272 0.099205516 0.26825002
0.017548081 0.099575333 0.26925001
0.01995891 0.099852704 0.27000001
0.022403527 0.10022254 0.27100003
0.024888493 0.10068482 0.27225003
0.027370287 0.10105464 0.27325001
0.029787894 0.1011471 0.27350003
0.032180458 0.1011471 0.27350003
0.034667827 0.10142446 0.27425
0.037202112 0.10179429 0.27525002
0.039574008 0.10170183 0.27500001
0.041979693 0.10170183 0.27500001
0.04430468 0.10151692 0.27450001
0.046535846 0.1011471 0.27350003
0.047676127 0.098558329 0.26650003
0.049585253 0.097726211 0.26425001
0.052387882 0.098650776 0.26675001
0.055029113 0.099205516 0.26825002
0.057643112 0.099667795 0.26950002
0.060223319 0.10003762 0.2705
0.062763177 0.10031499 0.27125001
0.065496258 0.10086973 0.27275002
0.068068929 0.1011471 0.27350003
0.070976742 0.10188674 0.2755
0.074319124 0.10318113 0.27900001
0 0 0
0 0 0
0 0 0
0 0 0
0 0 0
0 0 0
0 0 0
0 0 0
0 0 0
0 0 0
0 0 0
0 0 0
0 0 0
0 0 0
0 0 0
0 0 0
0 0 0
0 0 0
0 0 0
0 0 0
0 0 0
0 0 0
0 0 0
0 0 0
0 0 0
0 0 0
0 0 0
0 0 0
0 0 0
0 0 0
0 0 0
0 0 0
0 0 0
0 0 0
0 0 0
0 0 0
0 0 0
0 0 0
0 0 0
0 0 0
0 0 0
0 0 0
0 0 0
0 0 0
0 0 0
0 0 0
0 0 0
0 0 0
-0 0 0
-0 0 0
-0 0 0
-0 0 0
-0 0 0
-0 0 0
-0 0 0
-0 0 0
-0 0 0
-0 0 0
-0 0 0
-0 0 0
-0 0 0
-0 0 0
-0 0 0
-0 0 0
-0 0 0
-0 0 0
-0 0 0
-0 0 0
-0 0 0
-0 0 0
-0 0 0
-0 0 0
-0 0 0
-0 0 0
-0 0 0
-0 0 0
-0 0 0
-0 0 0
-0 0 0
-0 0 0
-0 0 0
-0 0 0
-0 0 0
-0 0 0
-0 0 0
-0 0 0
-0 0 0
-0 0 0
-0 0 0
-0 0 0
-0 0 0
-0 0 0
-0 0 0
-0 0 0
-0 0 0
-0 0 0
-0 0 0
-0 0 0
-0 0 0
-0 0 0
-0.070867211 0.10741813 0.28375003
-0.068324722 0.10732348 0.28350002
-0.065670483 0.10703956 0.28275001
-0.061632443 0.10438959 0.27575001
-0.058414847 0.10296997 0.27200001
-0.055880893 0.10268605 0.27125001
-0.053409379 0.10249677 0.27075002
-0.050710969 0.10183427 0.26900002
-0.047998235 0.10107715 0.26700002
-0.04527773 0.10022537 0.26475
-0.043691941 0.10192891 0.26925001
-0.042219326 0.10410567 0.27500001
-0.039922222 0.10438959 0.27575001
-0.037543982 0.10448424 0.27600002
-0.035161369 0.10457888 0.27625
-0.032744743 0.10457888 0.27625
-0.030273231 0.10438959 0.27575001
-0.027785204 0.10410567 0.27500001
-0.025264157 0.10363246 0.27375001
-0.022806752 0.10334853 0.273
-0.020343769 0.10296997 0.27200001
-0.017898282 0.10259141 0.27100003
-0.015441639 0.10202356 0.26950002
-0.013035517 0.10164499 0.2685
-0.010636942 0.10117178 0.26725
-0.0082524717 0.10060394 0.26575002
-0.0059109745 0.10032001 0.26500002
-0.0035825996 0.10003608 0.26425001
-0.0012709537 0.10003608 0.26425001
0.0010406921 0.10003608 0.26425001
0.003345995 0.099846803 0.26375002
0.0056532668 0.099846803 0.26375002
0.007968083 0.09994144 0.264
0.010335938 0.10050929 0.26550001
0.012682358 0.10069858 0.266
0.015051632 0.1009825 0.26675001
0.017450321 0.10136107 0.26775002
0.019884989 0.10183427 0.26900002
0.022341523 0.10230748 0.27025002
0.024774222 0.10259141 0.27100003
0.02724508 0.10296997 0.27200001
0.02970621 0.1032539 0.27275002
0.032121625 0.10334853 0.273
0.034604624 0.10363246 0.27375001
0.037134532 0.10401104 0.27475002
0.039502054 0.10391638 0.27450001
0.041941531 0.10401104 0.27475002
0.044345032 0.10401104 0.27475002
0.046663452 0.10382174 0.27425
0.048168093 0.10192891 0.26925001
0.04953834 0.09994144 0.264
0.052191492 0.10060394 0.26575002
0.055080391 0.10164499 0.2685
0.057696577 0.10211819 0.26975
0.060223319 0.10240212 0.2705
0.062763177 0.10268605 0.27125001
0.065496258 0.1032539 0.27275002
0.068006702 0.10344318 0.27325001
0.071169965 0.10457888 0.27625
0.074252523 0.10552529 0.27875
0 0 0
0 0 0
0 0 0
0 0 0
0 0 0
0 0 0
0 0 0
0 0 0
0 0 0
0 0 0
0 0 0
0 0 0
0 0 0
0 0 0
0 0 0
0 0 0
0 0 0
0 0 0
0 0 0
0 0 0
0 0 0
0 0 0
0 0 0
0 0 0
0 0 0
0 0 0
0 0 0
0 0 0
0 0 0
0 0 0
0 0 0
0 0 0
0 0 0
0 0 0
0 0 0
0 0 0
0 0 0
0 0 0
0 0 0
0 0 0
0 0 0
0 0 0
0 0 0
0 0 0
0 0 0
0 0 0
0 0 0
0 0 0
-0 0 0
-0 0 0
-0 0 0
-0 0 0
-0 0 0
-0 0 0
-0 0 0
-0 0 0
-0 0 0
-0 0 0
-0 0 0
-0 0 0
-0 0 0
-0 0 0
-0 0 0
-0 0 0
-0 0 0
-0 0 0
-0 0 0
-0 0 0
-0 0 0
-0 0 0
-0 0 0
-0 0 0
-0 0 0
-0 0 0
-0 0 0
-0 0 0
-0 0 0
-0 0 0
-0 0 0
-0 0 0
-0 0 0
-0 0 0
-0 0 0
-0 0 0
-0 0 0
-0 0 0
-0 0 0
-0 0 0
-0 0 0
-0 0 0
-0 0 0
-0 0 0
-0 0 0
-0 0 0
-0 0 0
-0 0 0
-0 0 0
-0 0 0
-0 0 0
-0 0 0
-0.070804767 0.10980162 0.28350002
-0.068384975 0.10989846 0.28375003
-0.065438233 0.10912383 0.28175002
-0.061185427 0.10602538 0.27375001
-0.058200087 0.10496029 0.27100003
-0.055674884 0.1046698 0.27025002
-0.053310748 0.1046698 0.27025002
-0.050710969 0.10418567 0.26900002
-0.047953289 0.10331422 0.26675001
-0.045363247 0.10273327 0.26525003
-0.043975919 0.10496029 0.27100003
-0.042257708 0.10660633 0.27525002
-0.039922222 0.10679999 0.27575001
-0.037509974 0.10679999 0.27575001
-0.035129551 0.10689682 0.27600002
-0.032655843 0.10670315 0.2755
-0.030190891 0.10650951 0.27500001
-0.027684169 0.1061222 0.27400002
-0.025218014 0.10583172 0.27325001
-0.022723211 0.10534759 0.27200001
-0.020268977 0.10496029 0.27100003
-0.017815724 0.10447614 0.26975
-0.015355693 0.10379835 0.26800001
-0.012950556 0.10331422 0.26675001
-0.01055734 0.10273327 0.26525003
-0.0082058916 0.10234595 0.26425001
-0.0058775158 0.10205548 0.26350001
-0.003562263 0.10176499 0.26275
-0.0012613343 0.10157134 0.26225001
0.0010288773 0.10118403 0.26125002
0.003301593 0.10079672 0.26025
0.0056050397 0.10128085 0.2615
0.0079303561 0.10176499 0.26275
0.010267811 0.1021523 0.26375002
0.01263468 0.10263643 0.26500002
0.015009312 0.10302374 0.266
0.017385148 0.10331422 0.26675001
0.019774104 0.1036047 0.26750001
0.02219685 0.10399201 0.2685
0.024705658 0.1046698 0.27025002
0.027144916 0.10496029 0.27100003
0.029570067 0.10515393 0.27150002
0.032033384 0.10544442 0.27225003
0.034573022 0.10592856 0.27350003
0.037066951 0.10621902 0.27425
0.039502054 0.10631585 0.27450001
0.041979693 0.10650951 0.27500001
0.044385381 0.10650951 0.27500001
0.046663452 0.10621902 0.27425
0.048481166 0.10496029 0.27100003
0.049632166 0.10244279 0.26450002
0.052093297 0.10273327 0.26525003
0.054977823 0.10379835 0.26800001
0.057589635 0.10428249 0.26925001
0.060167663 0.1046698 0.27025002
0.062705338 0.10496029 0.27100003
0.065496258 0.10563807 0.27275002
0.068006702 0.10583172 0.27325001
0.071234375 0.10709047 0.27650002
0.074319124 0.10805874 0.27900001
0 0 0
0 0 0
0 0 0
0 0 0
0 0 0
0 0 0
0 0 0
0 0 0
0 0 0
0 0 0
0 0 0
0 0 0
0 0 0
0 0 0
0 0 0
0 0 0
0 0 0
0 0 0
0 0 0
0 0 0
0 0 0
0 0 0
0 0 0
0 0 0
0 0 0
0 0 0
0 0 0
0 0 0
0 0 0
0 0 0
0 0 0
0 0 0
0 0 0
0 0 0
0 0 0
0 0 0
0 0 0
0 0 0
0 0 0
0 0 0
0 0 0
0 0 0
0 0 0
0 0 0
0 0 0
0 0 0
0 0 0
0 0 0
-0 0 0
-0 0 0
-0 0 0
-0 0 0
-0 0 0
-0 0 0
-0 0 0
-0 0 0
-0 0 0
-0 0 0
-0 0 0
-0 0 0
-0 0 0
-0 0 0
-0 0 0
-0 0 0
-0 0 0
-0 0 0
-0 0 0
-0 0 0
-0 0 0
-0 0 0
-0 0 0
-0 0 0
-0 0 0
-0 0 0
-0 0 0
-0 0 0
-0 0 0
-0 0 0
-0 0 0
-0 0 0
-0 0 0
-0 0 0
-0 0 0
-0 0 0
-0 0 0
-0 0 0
-0 0 0
-0 0 0
-0 0 0
-0 0 0
-0 0 0
-0 0 0
-0 0 0
-0 0 0
-0 0 0
-0 0 0
-0 0 0
-0 0 0
-0 0 0
-0 0 0
-0 0 0
-0.068505481 0.1125768 0.28425002
-0.065670483 0.11198273 0.28275001
-0.061185427 0.10841829 0.27375001
-0.058361154 0.10762618 0.27175
-0.055726383 0.10713112 0.2705
-0.053261433 0.1069331 0.27000001
-0.050616708 0.10633903 0.2685
-0.047818463 0.10534891 0.266
-0.045405999 0.10515089 0.26550001
-0.044219326 0.10792322 0.27250001
-0.042411231 0.1094084 0.27625
-0.039958417 0.1093094 0.27600002
-0.037509974 0.10921038 0.27575001
-0.035129551 0.1093094 0.27600002
-0.032596577 0.10891335 0.27500001
-0.030081108 0.1085173 0.27400002
-0.027608391 0.10822026 0.27325001
-0.025125725 0.10782422 0.27225003
-0.022660555 0.10742816 0.27125001
-0.020194182 0.1069331 0.27000001
-0.017749678 0.10643804 0.26875001
-0.015255423 0.10544793 0.26625001
-0.012865596 0.10495286 0.26500002
-0.010507586 0.10455681 0.264
-0.0081282575 0.1036657 0.26175001
-0.0057771411 0.10257657 0.259
-0.0034673598 0.10128941 0.25575
-0.0012180473 0.10029929 0.25325
0.00099638652 0.10020028 0.25300002
0.0032032744 0.10000225 0.2525
0.0054228497 0.10020028 0.25300002
0.0076888991 0.10089336 0.25475001
0.010053694 0.10227953 0.25825
0.012491646 0.10376472 0.26200002
0.014868247 0.10435878 0.26350001
0.017287387 0.10505188 0.26525003
0.019700183 0.10554694 0.26650003
0.022093512 0.10584397 0.26725
0.024614239 0.10663606 0.26925001
0.027094832 0.10713112 0.2705
0.029542837 0.10742816 0.27125001
0.031945135 0.10752718 0.27150002
0.034478214 0.10802224 0.27275002
0.037033163 0.1085173 0.27400002
0.039502054 0.10871533 0.27450001
0.041979693 0.10891335 0.27500001
0.044385381 0.10891335 0.27500001
0.046663452 0.10861631 0.27425
0.04874951 0.10792322 0.27250001
0.049772903 0.10505188 0.26525003
0.051995095 0.10485385 0.26475
0.054772686 0.10574496 0.26700002
0.057482693 0.10643804 0.26875001
0.060112 0.1069331 0.27000001
0.062647484 0.10723014 0.27075002
0.065496258 0.10802224 0.27275002
0.068068929 0.10831928 0.27350003
0.070976742 0.10911137 0.2755
0.074252523 0.11039852 0.27875
0 0 0
0 0 0
0 0 0
0 0 0
0 0 0
0 0 0
0 0 0
0 0 0
0 0 0
0 0 0
0 0 0
0 0 0
0 0 0
0 0 0
0 0 0
0 0 0
0 0 0
0 0 0
0 0 0
0 0 0
0 0 0
0 0 0
0 0 0
0 0 0
0 0 0
0 0 0
0 0 0
0 0 0
0 0 0
0 0 0
0 0 0
0 0 0
0 0 0
0 0 0
0 0 0
0 0 0
0 0 0
0 0 0
0 0 0
0 0 0
0 0 0
0 0 0
0 0 0
0 0 0
0 0 0
0 0 0
0 0 0
0 0 0
-0 0 0
-0 0 0
-0 0 0
-0 0 0
-0 0 0
-0 0 0
-0 0 0
-0 0 0
-0 0 0
-0 0 0
-0 0 0
-0 0 0
-0 0 0
-0 0 0
-0 0 0
-0 0 0
-0 0 0
-0 0 0
-0 0 0
-0 0 0
-0 0 0
-0 0 0
-0 0 0
-0 0 0
-0 0 0
-0 0 0
-0 0 0
-0 0 0
-0 0 0
-0 0 0
-0 0 0
-0 0 0
-0 0 0
-0 0 0
-0 0 0
-0 0 0
-0 0 0
-0 0 0
-0 0 0
-0 0 0
-0 0 0
-0 0 0
-0 0 0
-0 0 0
-0 0 0
-0 0 0
-0 0 0
-0 0 0
-0 0 0
-0 0 0
-0 0 0
-0 0 0
-0 0 0
-0.068686232 0.11536509 0.28500003
-0.065554358 0.11425191 0.28225002
-0.061408941 0.11121599 0.27475002
-0.058468539 0.11020402 0.27225003
-0.055932399 0.10990042 0.27150002
-0.053261433 0.10929324 0.27000001
-0.05052245 0.10848366 0.26800001
-0.047728579 0.10747168 0.26550001
-0.045491505 0.10767408 0.266
-0.044665579 0.11141838 0.27525002
-0.042487994 0.11202556 0.27675
-0.040030807 0.11192437 0.27650002
-0.03757799 0.11182317 0.27625
-0.035129551 0.11172198 0.27600002
-0.032596577 0.11131718 0.27500001
-0.030081108 0.1109124 0.27400002
-0.02758313 0.1105076 0.273
-0.025056507 0.10990042 0.27150002
-0.0225979 0.10949562 0.2705
-0.020138087 0.10898964 0.26925001
-0.017683635 0.10838246 0.26775002
-0.015198126 0.10737049 0.26525003
-0.012841321 0.1070669 0.26450002
-0.010427984 0.10605492 0.26200002
-0.0079108831 0.10312019 0.25475001
-0.0056098495 0.10180463 0.25150001
-0.0033792353 0.10089385 0.24925001
-0.0011964039 0.10069145 0.24875002
0.00097866415 0.10059025 0.2485
0.0031461867 0.10038786 0.24800001
0.0053263954 0.10059025 0.2485
0.0075304429 0.10099504 0.24950001
0.0098006492 0.10190583 0.25175002
0.012181738 0.10342379 0.25550002
0.014628437 0.10494175 0.25925002
0.017140744 0.10645971 0.26300001
0.01962626 0.10747168 0.26550001
0.022010844 0.10777528 0.26625001
0.024522822 0.10858486 0.26825002
0.027069792 0.10939444 0.27025002
0.029570067 0.10990042 0.27150002
0.03197455 0.11000162 0.27175
0.034446612 0.11030521 0.27250001
0.037033163 0.1109124 0.27400002
0.039538033 0.11121599 0.27475002
0.041979693 0.11131718 0.27500001
0.044385381 0.11131718 0.27500001
0.046705991 0.11111479 0.27450001
0.048973132 0.1108112 0.27375001
0.050007459 0.10787648 0.26650003
0.0518969 0.10696569 0.26425001
0.054670114 0.10787648 0.26650003
0.057322275 0.10848366 0.26800001
0.060000684 0.10909084 0.26950002
0.062531799 0.10939444 0.27025002
0.065436222 0.11030521 0.27250001
0.068068929 0.11071 0.27350003
0.070590302 0.1109124 0.27400002
0 0 0
0 0 0
0 0 0
0 0 0
0 0 0
0 0 0
0 0 0
0 0 0
0 0 0
0 0 0
0 0 0
0 0 0
0 0 0
0 0 0
0 0 0
0 0 0
0 0 0
0 0 0
0 0 0
0 0 0
0 0 0
0 0 0
0 0 0
0 0 0
0 0 0
0 0 0
0 0 0
0 0 0
0 0 0
0 0 0
0 0 0
0 0 0
0 0 0
0 0 0
0 0 0
0 0 0
0 0 0
0 0 0
0 0 0
0 0 0
0 0 0
0 0 0
0 0 0
0 0 0
0 0 0
0 0 0
0 0 0
0 0 0
0 0 0
-0 0 0
-0 0 0
-0 0 0
-0 0 0
-0 0 0
-0 0 0
-0 0 0
-0 0 0
-0 0 0
-0 0 0
-0 0 0
-0 0 0
-0 0 0
-0 0 0
-0 0 0
-0 0 0
-0 0 0
-0 0 0
-0 0 0
-0 0 0
-0 0 0
-0 0 0
-0 0 0
-0 0 0
-0 0 0
-0 0 0
-0 0 0
-0 0 0
-0 0 0
-0 0 0
-0 0 0
-0 0 0
-0 0 0
-0 0 0
-0 0 0
-0 0 0
-0 0 0
-0 0 0
-0 0 0
-0 0 0
-0 0 0
-0 0 0
-0 0 0
-0 0 0
-0 0 0
-0 0 0
-0 0 0
-0 0 0
-0 0 0
-0 0 0
-0 0 0
-0 0 0
-0 0 0
-0.068324722 0.11723604 0.28350002
-0.065322101 0.11630559 0.28125
-0.061800078 0.11434132 0.27650002
-0.058736987 0.11310073 0.27350003
-0.055880893 0.11217028 0.27125001
-0.053360064 0.11186013 0.2705
-0.05066384 0.11113645 0.26875001
-0.047728579 0.10979248 0.26550001
-0.045577023 0.11020602 0.26650003
-0.044706143 0.11392778 0.2755
-0.042449616 0.11434132 0.27650002
-0.040066998 0.1144447 0.27675
-0.03757799 0.11423793 0.27625
-0.035129551 0.11413456 0.27600002
-0.032596577 0.11372102 0.27500001
-0.030136 0.11351426 0.27450001
-0.027633652 0.11310073 0.27350003
-0.025010364 0.1120669 0.27100003
-0.022556128 0.11165337 0.27000001
-0.020063294 0.11092969 0.26825002
-0.017568054 0.10999924 0.266
-0.015169476 0.10948233 0.26475
-0.012756359 0.10865527 0.26275
-0.010149375 0.10545041 0.25500003
-0.0077556153 0.10327937 0.24975002
-0.0055485093 0.10286584 0.24875002
-0.0033622885 0.10255568 0.24800001
-0.0011879869 0.10214216 0.24700001
0.00096586475 0.10141848 0.24525002
0.0031112996 0.10141848 0.24525002
0.0052888854 0.10203877 0.24675001
0.0074776243 0.10245231 0.24775001
0.0096838595 0.10286584 0.24875002
0.011931429 0.10348613 0.25025001
0.014318096 0.10493349 0.25375003
0.016912637 0.1073113 0.25950003
0.019533858 0.10927556 0.26425001
0.021928174 0.1096891 0.26525003
0.024499966 0.11082631 0.26800001
0.026994666 0.1114466 0.26950002
0.029542837 0.11217028 0.27125001
0.03197455 0.11237705 0.27175
0.034446612 0.11268719 0.27250001
0.037033163 0.1133075 0.27400002
0.039574008 0.11372102 0.27500001
0.042017858 0.1138244 0.27525002
0.044425733 0.1138244 0.27525002
0.04674853 0.11361764 0.27475002
0.048883684 0.11299735 0.27325001
0.050054364 0.11030939 0.26675001
0.051651407 0.10875865 0.26300001
0.054823965 0.11051615 0.26725
0.057322275 0.11082631 0.26800001
0.060000684 0.1114466 0.26950002
0.062589638 0.11186013 0.2705
0.065376192 0.11258382 0.27225003
0.068006702 0.11299735 0.27325001
0.070397079 0.11299735 0.27325001
0.074652091 0.11589206 0.28025001
0 0 0
0 0 0
0 0 0
0 0 0
0 0 0
0 0 0
0 0 0
0 0 0
0 0 0
0 0 0
0 0 0
0 0 0
0 0 0
0 0 0
0 0 0
0 0 0
0 0 0
0 0 0
0 0 0
0 0 0
0 0 0
0 0 0
0 0 0
0 0 0
0 0 0
0 0 0
0 0 0
0 0 0
0 0 0
0 0 0
0 0 0
0 0 0
0 0 0
0 0 0
0 0 0
0 0 0
0 0 0
0 0 0
0 0 0
0 0 0
0 0 0
0 0 0
0 0 0
0 0 0
0 0 0
0 0 0
0 0 0
0 0 0
-0 0 0
-0 0 0
-0 0 0
-0 0 0
-0 0 0
-0 0 0
-0 0 0
-0 0 0
-0 0 0
-0 0 0
-0 0 0
-0 0 0
-0 0 0
-0 0 0
-0 0 0
-0 0 0
-0 0 0
-0 0 0
-0 0 0
-0 0 0
-0 0 0
-0 0 0
-0 0 0
-0 0 0
-0 0 0
-0 0 0
-0 0 0
-0 0 0
-0 0 0
-0 0 0
-0 0 0
-0 0 0
-0 0 0
-0 0 0
-0 0 0
-0 0 0
-0 0 0
-0 0 0
-0 0 0
-0 0 0
-0 0 0
-0 0 0
-0 0 0
-0 0 0
-0 0 0
-0 0 0
-0 0 0
-0 0 0
-0 0 0
-0 0 0
-0 0 0
-0 0 0
-0 0 0
-0 0 0
-0.065438233 0.11897521 0.28175002
-0.061911829 0.11696941 0.27700001
-0.058898054 0.11580815 0.27425
-0.055777889 0.11433021 0.27075002
-0.053261433 0.1140135 0.27000001
-0.050569583 0.11327453 0.26825002
-0.047728579 0.11211327 0.26550001
-0.04566253 0.11274669 0.26700002
-0.044665579 0.11623044 0.27525002
-0.042449616 0.11675827 0.27650002
-0.040066998 0.11686383 0.27675
-0.03757799 0.1166527 0.27625
-0.035129551 0.11654714 0.27600002
-0.032596577 0.11612486 0.27500001
-0.030136 0.11591373 0.27450001
-0.02765891 0.11559702 0.27375001
-0.025056507 0.11464691 0.27150002
-0.022514358 0.11380237 0.26950002
-0.020025898 0.1130634 0.26775002
-0.017551543 0.11221885 0.26575002
-0.015040558 0.11084646 0.26250002
-0.012392238 0.10778499 0.25525001
-0.0099503659 0.10556805 0.25
-0.0076935082 0.10461795 0.24775001
-0.0055206274 0.10451238 0.24750002
-0.0033690671 0.10493465 0.2485
-0.0011976063 0.10514578 0.24900001
0.00097767951 0.10482908 0.24825001
0.0031366718 0.1044068 0.24725001
0.005321037 0.10482908 0.24825001
0.007492715 0.10482908 0.24825001
0.0096546616 0.10472351 0.24800001
0.011859911 0.10504021 0.24875002
0.014106496 0.10556805 0.25
0.016521592 0.10704601 0.25350001
0.019330572 0.11042418 0.2615
0.021866173 0.11169101 0.26450002
0.024477113 0.1130634 0.26775002
0.026969625 0.11369679 0.26925001
0.029542837 0.11454134 0.27125001
0.03197455 0.11475247 0.27175
0.03441501 0.11496362 0.27225003
0.036999375 0.11559702 0.27375001
0.039538033 0.1160193 0.27475002
0.041979693 0.11612486 0.27500001
0.044385381 0.11612486 0.27500001
0.046663452 0.11580815 0.27425
0.048883684 0.11538588 0.27325001
0.050195102 0.11295782 0.26750001
0.051602308 0.11095202 0.26275
0.054823965 0.11285225 0.26725
0.057322275 0.11316895 0.26800001
0.059945021 0.11369679 0.26925001
0.062589638 0.11422464 0.2705
0.065376192 0.11496362 0.27225003
0.068068929 0.11549146 0.27350003
0.070654705 0.11580815 0.27425
0.074518904 0.11813065 0.27975002
0 0 0
0 0 0
0 0 0
0 0 0
0 0 0
0 0 0
0 0 0
0 0 0
0 0 0
0 0 0
0 0 0
0 0 0
0 0 0
0 0 0
0 0 0
0 0 0
0 0 0
0 0 0
0 0 0
0 0 0
0 0 0
0 0 0
0 0 0
0 0 0
0 0 0
0 0 0
0 0 0
0 0 0
0 0 0
0 0 0
0 0 0
0 0 0
0 0 0
0 0 0
0 0 0
0 0 0
0 0 0
0 0 0
0 0 0
0 0 0
0 0 0
0 0 0
0 0 0
0 0 0
0 0 0
0 0 0
0 0 0
0 0 0
-0 0 0
-0 0 0
-0 0 0
-0 0 0
-0 0 0
-0 0 0
-0 0 0
-0 0 0
-0 0 0
-0 0 0
-0 0 0
-0 0 0
-0 0 0
-0 0 0
-0 0 0
-0 0 0
-0 0 0
-0 0 0
-0 0 0
-0 0 0
-0 0 0
-0 0 0
-0 0 0
-0 0 0
-0 0 0
-0 0 0
-0 0 0
-0 0 0
-0 0 0
-0 0 0
-0 0 0
-0 0 0
-0 0 0
-0 0 0
-0 0 0
-0 0 0
-0 0 0
-0 0 0
-0 0 0
-0 0 0
-0 0 0
-0 0 0
-0 0 0
-0 0 0
-0 0 0
-0 0 0
-0 0 0
-0 0 0
-0 0 0
-0 0 0
-0 0 0
-0 0 0
-0 0 0
-0 0 0
-0.065728553 0.12197682 0.28300002
-0.062135343 0.11982175 0.27800003
-0.058575917 0.11755893 0.27275002
-0.055829395 0.11680465 0.27100003
-0.053212114 0.11626587 0.26975
-0.05052245 0.1155116 0.26800001
-0.047638696 0.11421857 0.26500002
-0.045619775 0.11497284 0.26675001
-0.044543874 0.11831319 0.27450001
-0.042372853 0.11895972 0.27600002
-0.040066998 0.11928297 0.27675
-0.037611999 0.11917523 0.27650002
-0.035097729 0.11885196 0.27575001
-0.032566946 0.11842095 0.27475002
-0.030136 0.11831319 0.27450001
-0.02765891 0.11798993 0.27375001
-0.025125725 0.11734342 0.27225003
-0.022556128 0.11637364 0.27000001
-0.020007199 0.1152961 0.26750001
-0.017551543 0.11454183 0.26575002
-0.014754072 0.11098597 0.25750002
-0.012149491 0.10786112 0.25025001
-0.0098807132 0.10699909 0.24825001
-0.0076857451 0.10667583 0.24750002
-0.0055206274 0.10667583 0.24750002
-0.0034063505 0.10829213 0.25125
-0.0012336788 0.11055495 0.25650001
0.0010200161 0.11163248 0.259
0.0032825638 0.11152474 0.25875002
0.0054978686 0.11055495 0.25650001
0.0075681703 0.10807662 0.25075001
0.0096741263 0.10710684 0.2485
0.011836072 0.10699909 0.24825001
0.014007751 0.10699909 0.24825001
0.016228309 0.10732235 0.24900001
0.018979445 0.11066271 0.25675002
0.021824835 0.11378755 0.264
0.024339985 0.11475734 0.26625001
0.026969625 0.11605037 0.26925001
0.029570067 0.11702016 0.27150002
0.032033384 0.11734342 0.27225003
0.03441501 0.11734342 0.27225003
0.036999375 0.11798993 0.27375001
0.039574008 0.11852869 0.27500001
0.041979693 0.11852869 0.27500001
0.044345032 0.11842095 0.27475002
0.046663452 0.11820544 0.27425
0.048838958 0.11766667 0.273
0.050195102 0.1152961 0.26750001
0.051651407 0.11335654 0.26300001
0.054721396 0.11497284 0.26675001
0.057322275 0.1155116 0.26800001
0.059945021 0.11605037 0.26925001
0.062705338 0.11680465 0.27100003
0.065436222 0.11745116 0.27250001
0.068131141 0.11798993 0.27375001
0.070976742 0.1187442 0.2755
0 0 0
0 0 0
0 0 0
0 0 0
0 0 0
0 0 0
0 0 0
0 0 0
0 0 0
0 0 0
0 0 0
0 0 0
0 0 0
0 0 0
0 0 0
0 0 0
0 0 0
0 0 0
0 0 0
0 0 0
0 0 0
0 0 0
0 0 0
0 0 0
0 0 0
0 0 0
0 0 0
0 0 0
0 0 0
0 0 0
0 0 0
0 0 0
0 0 0
0 0 0
0 0 0
0 0 0
0 0 0
0 0 0
0 0 0
0 0 0
0 0 0
0 0 0
0 0 0
0 0 0
0 0 0
0 0 0
0 0 0
0 0 0
0 0 0
-0 0 0
-0 0 0
-0 0 0
-0 0 0
-0 0 0
-0 0 0
-0 0 0
-0 0 0
-0 0 0
-0 0 0
-0 0 0
-0 0 0
-0 0 0
-0 0 0
-0 0 0
-0 0 0
-0 0 0
-0 0 0
-0 0 0
-0 0 0
-0 0 0
-0 0 0
-0 0 0
-0 0 0
-0 0 0
-0 0 0
-0 0 0
-0 0 0
-0 0 0
-0 0 0
-0 0 0
-0 0 0
-0 0 0
-0 0 0
-0 0 0
-0 0 0
-0 0 0
-0 0 0
-0 0 0
-0 0 0
-0 0 0
-0 0 0
-0 0 0
-0 0 0
-0 0 0
-0 0 0
-0 0 0
-0 0 0
-0 0 0
-0 0 0
-0 0 0
-0 0 0
-0 0 0
-0 0 0
-0.065902747 0.1247804 0.28375003
-0.062638231 0.12324125 0.28025001
-0.058575917 0.1199431 0.27275002
-0.055829395 0.11917353 0.27100003
-0.053162802 0.11851389 0.26950002
-0.05052245 0.11785425 0.26800001
-0.047638696 0.11653499 0.26500002
-0.045491505 0.11697474 0.266
-0.044543874 0.12071266 0.27450001
-0.042334471 0.12126236 0.27575001
-0.039994609 0.12148223 0.27625
-0.037543982 0.1213723 0.27600002
-0.035065904 0.12115241 0.2755
-0.032566946 0.12082261 0.27475002
-0.030136 0.12071266 0.27450001
-0.027608391 0.12016297 0.27325001
-0.025102653 0.11961327 0.27200001
-0.022577016 0.1188437 0.27025002
-0.020044595 0.11785425 0.26800001
-0.017468987 0.11631512 0.26450002
-0.014467583 0.11103805 0.2525
-0.012076668 0.10938898 0.24875002
-0.0098707629 0.10905916 0.24800001
-0.0077167982 0.10927904 0.2485
-0.005687919 0.11213745 0.25500003
-0.0035825996 0.11620518 0.26425001
-0.0012781682 0.11686481 0.26575002
0.0010465996 0.11686481 0.26575002
0.0033650245 0.11664493 0.26525003
0.0056854184 0.11664493 0.26525003
0.0079454472 0.11576542 0.26325002
0.0099077066 0.11191756 0.2545
0.011871831 0.10949892 0.24900001
0.013993645 0.10905916 0.24800001
0.016163135 0.10905916 0.24800001
0.018591354 0.1105983 0.25150001
0.021659497 0.11521573 0.26200002
0.02431713 0.11697474 0.266
0.026944585 0.11829402 0.26900002
0.029570067 0.1193934 0.27150002
0.032033384 0.11972322 0.27225003
0.03441501 0.11972322 0.27225003
0.036931794 0.12016297 0.27325001
0.039538033 0.12082261 0.27475002
0.042017858 0.12104248 0.27525002
0.044425733 0.12104248 0.27525002
0.046705991 0.12071266 0.27450001
0.048883684 0.12016297 0.27325001
0.050007459 0.11719463 0.26650003
0.051798705 0.1159853 0.26375002
0.054618828 0.11708469 0.26625001
0.057215329 0.11763438 0.26750001
0.059889365 0.11829402 0.26900002
0.062821023 0.1193934 0.27150002
0.065556288 0.12005302 0.273
0.068255581 0.12060272 0.27425
0.070912339 0.12104248 0.27525002
0 0 0
0 0 0
0 0 0
0 0 0
0 0 0
0 0 0
0 0 0
0 0 0
0 0 0
0 0 0
0 0 0
0 0 0
0 0 0
0 0 0
0 0 0
0 0 0
0 0 0
0 0 0
0 0 0
0 0 0
0 0 0
0 0 0
0 0 0
0 0 0
0 0 0
0 0 0
0 0 0
0 0 0
0 0 0
0 0 0
0 0 0
0 0 0
0 0 0
0 0 0
0 0 0
0 0 0
0 0 0
0 0 0
0 0 0
0 0 0
0 0 0
0 0 0
0 0 0
0 0 0
0 0 0
0 0 0
0 0 0
0 0 0
0 0 0
-0 0 0
-0 0 0
-0 0 0
-0 0 0
-0 0 0
-0 0 0
-0 0 0
-0 0 0
-0 0 0
-0 0 0
-0 0 0
-0 0 0
-0 0 0
-0 0 0
-0 0 0
-0 0 0
-0 0 0
-0 0 0
-0 0 0
-0 0 0
-0 0 0
-0 0 0
-0 0 0
-0 0 0
-0 0 0
-0 0 0
-0 0 0
-0 0 0
-0 0 0
-0 0 0
-0 0 0
-0 0 0
-0 0 0
-0 0 0
-0 0 0
-0 0 0
-0 0 0
-0 0 0
-0 0 0
-0 0 0
-0 0 0
-0 0 0
-0 0 0
-0 0 0
-0 0 0
-0 0 0
-0 0 0
-0 0 0
-0 0 0
-0 0 0
-0 0 0
-0 0 0
-0 0 0
-0 0 0
-0.065844677 0.1271486 0.28350002
-0.062526479 0.12546673 0.27975002
-0.058844369 0.12288789 0.27400002
-0.055983897 0.12187876 0.27175
-0.053310748 0.12120602 0.27025002
-0.050569583 0.12030903 0.26825002
-0.047458924 0.11840291 0.264
-0.045491505 0.11929991 0.266
-0.044503301 0.123 0.27425
-0.042334471 0.12367275 0.27575001
-0.039886028 0.12356062 0.2755
-0.037475966 0.12356062 0.2755
-0.035065904 0.12356062 0.2755
-0.032626212 0.12344851 0.27525002
-0.030136 0.12311213 0.27450001
-0.027608391 0.12255151 0.27325001
-0.025079578 0.12187876 0.27175
-0.022577016 0.12120602 0.27025002
-0.02011939 0.1206454 0.26900002
-0.017320383 0.11761805 0.26225001
-0.014395962 0.11268459 0.25125
-0.012040255 0.11122698 0.24800001
-0.0098807132 0.11133911 0.24825001
-0.0079496996 0.11481495 0.25600001
-0.005922127 0.11907566 0.26550001
-0.0036029362 0.11918779 0.26575002
-0.0012469054 0.11627257 0.25925002
0.00098654081 0.11234823 0.25050002
0.0031620443 0.11178761 0.24925001
0.0055193035 0.1154877 0.25750002
0.0079907198 0.11873929 0.26475
0.010297008 0.11862718 0.26450002
0.012193657 0.11470283 0.25575
0.014007751 0.11133911 0.24825001
0.016146842 0.11111487 0.24775001
0.01848047 0.11212397 0.25
0.021638829 0.11739381 0.26175001
0.024477113 0.12008478 0.26775002
0.026994666 0.12086965 0.26950002
0.029515611 0.1215424 0.27100003
0.03197455 0.12187876 0.27175
0.034351803 0.12187876 0.27175
0.036864217 0.12232726 0.27275002
0.039394125 0.12277576 0.27375001
0.041979693 0.12333637 0.27500001
0.044425733 0.12344851 0.27525002
0.046663452 0.123 0.27425
0.048794236 0.12232726 0.27275002
0.050007459 0.11952417 0.26650003
0.0518969 0.11851504 0.26425001
0.054772686 0.11974841 0.26700002
0.057536166 0.1206454 0.26900002
0.060112 0.1210939 0.27000001
0.062878869 0.12187876 0.27175
0.065556288 0.12243938 0.273
0.068317801 0.12311213 0.27450001
0.071427599 0.1243455 0.27725002
0 0 0
0 0 0
0 0 0
0 0 0
0 0 0
0 0 0
0 0 0
0 0 0
0 0 0
0 0 0
0 0 0
0 0 0
0 0 0
0 0 0
0 0 0
0 0 0
0 0 0
0 0 0
0 0 0
0 0 0
0 0 0
0 0 0
0 0 0
0 0 0
0 0 0
0 0 0
0 0 0
0 0 0
0 0 0
0 0 0
0 0 0
0 0 0
0 0 0
0 0 0
0 0 0
0 0 0
0 0 0
0 0 0
0 0 0
0 0 0
0 0 0
0 0 0
0 0 0
0 0 0
0 0 0
0 0 0
0 0 0
0 0 0
0 0 0
-0 0 0
-0 0 0
-0 0 0
-0 0 0
-0 0 0
-0 0 0
-0 0 0
-0 0 0
-0 0 0
-0 0 0
-0 0 0
-0 0 0
-0 0 0
-0 0 0
-0 0 0
-0 0 0
-0 0 0
-0 0 0
-0 0 0
-0 0 0
-0 0 0
-0 0 0
-0 0 0
-0 0 0
-0 0 0
-0 0 0
-0 0 0
-0 0 0
-0 0 0
-0 0 0
-0 0 0
-0 0 0
-0 0 0
-0 0 0
-0 0 0
-0 0 0
-0 0 0
-0 0 0
-0 0 0
-0 0 0
-0 0 0
-0 0 0
-0 0 0
-0 0 0
-0 0 0
-0 0 0
-0 0 0
-0 0 0
-0 0 0
-0 0 0
-0 0 0
-0 0 0
-0 0 0
-0 0 0
-0.06561242 0.12916949 0.2825
-0.062861741 0.12859794 0.28125
-0.058683295 0.12494005 0.27325001
-0.055829395 0.12391128 0.27100003
-0.053261433 0.12345403 0.27000001
-0.050758097 0.1231111 0.26925001
-0.047683641 0.12128216 0.26525003
-0.04527773 0.12105353 0.26475
-0.044300463 0.12482574 0.273
-0.042257708 0.12585452 0.27525002
-0.039886028 0.12596883 0.2755
-0.037475966 0.12596883 0.2755
-0.035097729 0.12608314 0.27575001
-0.032596577 0.12574022 0.27500001
-0.030108552 0.12539728 0.27425
-0.02758313 0.12482574 0.273
-0.025079578 0.12425419 0.27175
-0.022618786 0.12379696 0.27075002
-0.02010069 0.12288249 0.26875001
-0.017303875 0.11979613 0.26200002
-0.014252719 0.11373774 0.24875002
-0.012003843 0.11305188 0.24725001
-0.010069771 0.115681 0.25300002
-0.0082214177 0.12105353 0.26475
-0.005922127 0.12139646 0.26550001
-0.0034300766 0.115681 0.25300002
-0.0010785671 0.10253543 0.22425
0.00085263897 0.098991841 0.21650001
0.0027433988 0.098877534 0.21625002
0.0047423141 0.10116372 0.22125001
0.0073116221 0.1107657 0.24225001
0.010131555 0.11899596 0.26025
0.012455887 0.11945321 0.26125002
0.014177029 0.11488083 0.25125
0.01613055 0.1131662 0.24750002
0.018406549 0.11385205 0.24900001
0.021659497 0.11979613 0.26200002
0.02456853 0.12288249 0.26875001
0.027019706 0.12333971 0.26975
0.029488381 0.12379696 0.27075002
0.031945135 0.12413989 0.27150002
0.034351803 0.12425419 0.27175
0.036796641 0.12448282 0.27225003
0.039322171 0.12494005 0.27325001
0.041903369 0.1255116 0.27450001
0.044345032 0.12562591 0.27475002
0.046578377 0.12516867 0.27375001
0.048704788 0.12448282 0.27225003
0.049772903 0.12128216 0.26525003
0.0518969 0.12082492 0.26425001
0.054772686 0.12208232 0.26700002
0.057696577 0.12333971 0.26975
0.060334641 0.12391128 0.27100003
0.06299457 0.12448282 0.27225003
0.065496258 0.12471143 0.27275002
0.068131141 0.12516867 0.27375001
0 0 0
0 0 0
0 0 0
0 0 0
0 0 0
0 0 0
0 0 0
0 0 0
0 0 0
0 0 0
0 0 0
0 0 0
0 0 0
0 0 0
0 0 0
0 0 0
0 0 0
0 0 0
0 0 0
0 0 0
0 0 0
0 0 0
0 0 0
0 0 0
0 0 0
0 0 0
0 0 0
0 0 0
0 0 0
0 0 0
0 0 0
0 0 0
0 0 0
0 0 0
0 0 0
0 0 0
0 0 0
0 0 0
0 0 0
0 0 0
0 0 0
0 0 0
0 0 0
0 0 0
0 0 0
0 0 0
0 0 0
0 0 0
0 0 0
0 0 0
-0 0 0
-0 0 0
-0 0 0
-0 0 0
-0 0 0
-0 0 0
-0 0 0
-0 0 0
-0 0 0
-0 0 0
-0 0 0
-0 0 0
-0 0 0
-0 0 0
-0 0 0
-0 0 0
-0 0 0
-0 0 0
-0 0 0
-0 0 0
-0 0 0
-0 0 0
-0 0 0
-0 0 0
-0 0 0
-0 0 0
-0 0 0
-0 0 0
-0 0 0
-0 0 0
-0 0 0
-0 0 0
-0 0 0
-0 0 0
-0 0 0
-0 0 0
-0 0 0
-0 0 0
-0 0 0
-0 0 0
-0 0 0
-0 0 0
-0 0 0
-0 0 0
-0 0 0
-0 0 0
-0 0 0
-0 0 0
-0 0 0
-0 0 0
-0 0 0
-0 0 0
-0 0 0
-0 0 0
-0.066076934 0.13257085 0.2845
-0.062861741 0.13105641 0.28125
-0.059273891 0.12861003 0.27600002
-0.055932399 0.12651314 0.27150002
-0.053261433 0.12581415 0.27000001
-0.050805226 0.12558118 0.26950002
-0.047908351 0.12418325 0.26650003
-0.045192223 0.12313478 0.26425001
-0.044138189 0.12674612 0.27200001
-0.042296086 0.12837704 0.2755
-0.039922222 0.12849353 0.27575001
-0.037543982 0.12861003 0.27600002
-0.035097729 0.12849353 0.27575001
-0.032537311 0.12791106 0.27450001
-0.030081108 0.12767808 0.27400002
-0.027557872 0.12709561 0.27275002
-0.025056507 0.12651314 0.27150002
-0.022577016 0.12593067 0.27025002
-0.02010069 0.12523168 0.26875001
-0.017353406 0.12243582 0.26275
-0.014252719 0.11591212 0.24875002
-0.012003843 0.11521315 0.24725001
-0.010328481 0.1209214 0.25950003
-0.0082291812 0.12348427 0.26500002
-0 0 0
-0 0 0
-0.0010412922 0.10088432 0.21650001
0.00085165445 0.10076783 0.21625002
0.0027370555 0.10053483 0.21575001
0.0046137087 0.10030185 0.21525002
0 0 0
0 0 0
0.012372451 0.1209214 0.25950003
0.014360413 0.11859149 0.2545
0.016114255 0.11521315 0.24725001
0.018332627 0.11556264 0.24800001
0.021659497 0.12208634 0.26200002
0.024522822 0.1249987 0.26825002
0.026969625 0.12546468 0.26925001
0.029379467 0.12569766 0.26975
0.031856891 0.12616365 0.27075002
0.034351803 0.12662962 0.27175
0.036830425 0.12697911 0.27250001
0.03935815 0.12744509 0.27350003
0.041865204 0.12779456 0.27425
0.044264328 0.12779456 0.27425
0.046578377 0.12756158 0.27375001
0.048570614 0.12651314 0.27150002
0.049679074 0.12336777 0.26475
0.051945999 0.12325128 0.26450002
0.054772686 0.12441623 0.26700002
0.057429217 0.12511519 0.2685
0.060223319 0.12604715 0.2705
0.062936716 0.12674612 0.27200001
0.065376192 0.12686262 0.27225003
0.067757823 0.12686262 0.27225003
0 0 0
0 0 0
0 0 0
0 0 0
0 0 0
0 0 0
0 0 0
0 0 0
0 0 0
0 0 0
0 0 0
0 0 0
0 0 0
0 0 0
0 0 0
0 0 0
0 0 0
0 0 0
0 0 0
0 0 0
0 0 0
0 0 0
0 0 0
0 0 0
0 0 0
0 0 0
0 0 0
0 0 0
0 0 0
0 0 0
0 0 0
0 0 0
0 0 0
0 0 0
0 0 0
0 0 0
0 0 0
0 0 0
0 0 0
0 0 0
0 0 0
0 0 0
0 0 0
0 0 0
0 0 0
0 0 0
0 0 0
0 0 0
0 0 0
0 0 0
-0 0 0
-0 0 0
-0 0 0
-0 0 0
-0 0 0
-0 0 0
-0 0 0
-0 0 0
-0 0 0
-0 0 0
-0 0 0
-0 0 0
-0 0 0
-0 0 0
-0 0 0
-0 0 0
-0 0 0
-0 0 0
-0 0 0
-0 0 0
-0 0 0
-0 0 0
-0 0 0
-0 0 0
-0 0 0
-0 0 0
-0 0 0
-0 0 0
-0 0 0
-0 0 0
-0 0 0
-0 0 0
-0 0 0
-0 0 0
-0 0 0
-0 0 0
-0 0 0
-0 0 0
-0 0 0
-0 0 0
-0 0 0
-0 0 0
-0 0 0
-0 0 0
-0 0 0
-0 0 0
-0 0 0
-0 0 0
-0 0 0
-0 0 0
-0 0 0
-0 0 0
-0 0 0
-0 0 0
-0 0 0
-0 0 0
-0.060186621 0.13304017 0.28025001
-0.056292918 0.12971713 0.27325001
-0.053606644 0.12900504 0.27175
-0.050852355 0.1280556 0.26975
-0.04813306 0.12710617 0.26775002
-0.045192223 0.12544465 0.26425001
-0.043448534 0.12710617 0.26775002
-0.042257708 0.13066657 0.27525002
-0.039958417 0.13102262 0.27600002
-0.03757799 0.13114129 0.27625
-0.035002265 0.13054788 0.27500001
-0.032448411 0.12995449 0.27375001
-0.03005366 0.12995449 0.27375001
-0.027507355 0.12924242 0.27225003
-0.025010364 0.12864903 0.27100003
-0.022556128 0.12817429 0.27000001
-0.020156786 0.12793693 0.26950002
-0.017485498 0.12568201 0.26475
-0.014267043 0.11820518 0.24900001
-0.012040255 0.11773046 0.24800001
-0.010248878 0.1222403 0.25750002
-0 0 0
-0 0 0
-0 0 0
-0.0010557212 0.10420095 0.21950001
0.0008565773 0.10325152 0.21750002
0.0027592564 0.10325152 0.21750002
0.0046726526 0.10348888 0.21800001
0 0 0
0 0 0
0 0 0
0.014106496 0.1186799 0.25
0.016081668 0.11713706 0.24675001
0.018295666 0.11749311 0.24750002
0.021804169 0.1252073 0.26375002
0.024614239 0.12781826 0.26925001
0.026994666 0.12793693 0.26950002
0.029406695 0.12817429 0.27000001
0.031856891 0.12853034 0.27075002
0.034383405 0.12912373 0.27200001
0.036931794 0.12971713 0.27325001
0.039430104 0.13007317 0.27400002
0.041865204 0.13019185 0.27425
0.044223979 0.13007317 0.27400002
0.046493307 0.12971713 0.27325001
0.048346993 0.12829298 0.27025002
0.049444519 0.12508862 0.26350001
0.051995095 0.12568201 0.26475
0.054772686 0.12675014 0.26700002
0.057268806 0.12710617 0.26775002
0.060000684 0.12793693 0.26950002
0.062878869 0.12900504 0.27175
0.065316163 0.12912373 0.27200001
0.067882262 0.12947978 0.27275002
0 0 0
0 0 0
0 0 0
0 0 0
0 0 0
0 0 0
0 0 0
0 0 0
0 0 0
0 0 0
0 0 0
0 0 0
0 0 0
0 0 0
0 0 0
0 0 0
0 0 0
0 0 0
0 0 0
0 0 0
0 0 0
0 0 0
0 0 0
0 0 0
0 0 0
0 0 0
0 0 0
0 0 0
0 0 0
0 0 0
0 0 0
0 0 0
0 0 0
0 0 0
0 0 0
0 0 0
0 0 0
0 0 0
0 0 0
0 0 0
0 0 0
0 0 0
0 0 0
0 0 0
0 0 0
0 0 0
0 0 0
0 0 0
0 0 0
0 0 0
-0 0 0
-0 0 0
-0 0 0
-0 0 0
-0 0 0
-0 0 0
-0 0 0
-0 0 0
-0 0 0
-0 0 0
-0 0 0
-0 0 0
-0 0 0
-0 0 0
-0 0 0
-0 0 0
-0 0 0
-0 0 0
-0 0 0
-0 0 0
-0 0 0
-0 0 0
-0 0 0
-0 0 0
-0 0 0
-0 0 0
-0 0 0
-0 0 0
-0 0 0
-0 0 0
-0 0 0
-0 0 0
-0 0 0
-0 0 0
-0 0 0
-0 0 0
-0 0 0
-0 0 0
-0 0 0
-0 0 0
-0 0 0
-0 0 0
-0 0 0
-0 0 0
-0 0 0
-0 0 0
-0 0 0
-0 0 0
-0 0 0
-0 0 0
-0 0 0
-0 0 0
-0 0 0
-0 0 0
-0 0 0
-0.063085251 0.13645682 0.28225002
-0.060616143 0.13645682 0.28225002
-0.056292918 0.13210568 0.27325001
-0.05365596 0.13150135 0.27200001
-0.050899483 0.13053443 0.27000001
-0.048402712 0.13017182 0.26925001
-0.045234978 0.1278754 0.26450002
-0.043164551 0.12860058 0.266
-0.041912276 0.1319848 0.273
-0.039777447 0.13283087 0.27475002
-0.037339941 0.13270999 0.27450001
-0.034874987 0.13246827 0.27400002
-0.032478046 0.13246827 0.27400002
-0.03005366 0.1323474 0.27375001
-0.027507355 0.13162223 0.27225003
-0.024987292 0.13089703 0.27075002
-0.022535242 0.13041355 0.26975
-0.020138087 0.13017182 0.26925001
-0.017617589 0.12896317 0.26675001
-0.014424612 0.12171127 0.25175002
-0.012100942 0.12050261 0.24925001
-0 0 0
-0 0 0
-0 0 0
-0 0 0
-0 0 0
0.00085953099 0.10551532 0.21825001
0.002768771 0.10551532 0.21825001
0 0 0
0 0 0
0 0 0
0 0 0
0 0 0
0.016049081 0.11905223 0.24625002
0.018461991 0.12074435 0.24975002
0.022072846 0.12908405 0.26700002
0.024637094 0.1302927 0.26950002
0.027044749 0.13053443 0.27000001
0.029488381 0.13089703 0.27075002
0.031915721 0.13113876 0.27125001
0.034478214 0.13186395 0.27275002
0.036965586 0.13222654 0.27350003
0.039466076 0.13258913 0.27425
0.041941531 0.13283087 0.27475002
0.044183627 0.1323474 0.27375001
0.046408232 0.13186395 0.27275002
0.047899749 0.12944664 0.26775002
0.049350698 0.12715019 0.26300001
0.052191492 0.12847972 0.26575002
0.054875255 0.12932578 0.26750001
0.057429217 0.12980923 0.2685
0.060167663 0.13065529 0.27025002
0.06299457 0.13162223 0.27225003
0.065736391 0.1323474 0.27375001
0 0 0
0 0 0
0 0 0
0 0 0
0 0 0
0 0 0
0 0 0
0 0 0
0 0 0
0 0 0
0 0 0
0 0 0
0 0 0
0 0 0
0 0 0
0 0 0
0 0 0
0 0 0
0 0 0
0 0 0
0 0 0
0 0 0
0 0 0
0 0 0
0 0 0
0 0 0
0 0 0
0 0 0
0 0 0
0 0 0
0 0 0
0 0 0
0 0 0
0 0 0
0 0 0
0 0 0
0 0 0
0 0 0
0 0 0
0 0 0
0 0 0
0 0 0
0 0 0
0 0 0
0 0 0
0 0 0
0 0 0
0 0 0
0 0 0
0 0 0
0 0 0
-0 0 0
-0 0 0
-0 0 0
-0 0 0
-0 0 0
-0 0 0
-0 0 0
-0 0 0
-0 0 0
-0 0 0
-0 0 0
-0 0 0
-0 0 0
-0 0 0
-0 0 0
-0 0 0
-0 0 0
-0 0 0
-0 0 0
-0 0 0
-0 0 0
-0 0 0
-0 0 0
-0 0 0
-0 0 0
-0 0 0
-0 0 0
-0 0 0
-0 0 0
-0 0 0
-0 0 0
-0 0 0
-0 0 0
-0 0 0
-0 0 0
-0 0 0
-0 0 0
-0 0 0
-0 0 0
-0 0 0
-0 0 0
-0 0 0
-0 0 0
-0 0 0
-0 0 0
-0 0 0
-0 0 0
-0 0 0
-0 0 0
-0 0 0
-0 0 0
-0 0 0
-0 0 0
-0 0 0
-0 0 0
-0 0 0
-0 0 0
-0 0 0
-0.053508013 0.13350981 0.27125001
-0.050946616 0.13301761 0.27025002
-0.048447654 0.13264845 0.26950002
-0.045363247 0.1305566 0.26525003
-0.042961713 0.13031049 0.26475
-0.041528463 0.13314065 0.2705
-0.039560281 0.13449422 0.27325001
-0.037237916 0.13474031 0.27375001
-0.034874987 0.13486338 0.27400002
-0.032478046 0.13486338 0.27400002
-0.03005366 0.13474031 0.27375001
-0.027532613 0.13412505 0.27250001
-0.024987292 0.13326371 0.27075002
-0.022514358 0.13264845 0.26950002
-0.020138087 0.1325254 0.26925001
-0.017782701 0.1325254 0.26925001
-0.01455353 0.12501933 0.25400001
-0.012185903 0.12354272 0.25100002
-0 0 0
-0 0 0
-0 0 0
-0 0 0
-0 0 0
0 0 0
0 0 0
0 0 0
0 0 0
0 0 0
0 0 0
0 0 0
0 0 0
0 0 0
0.022258854 0.1325254 0.26925001
0.024705658 0.13301761 0.27025002
0.027094832 0.13314065 0.2705
0.029488381 0.13326371 0.27075002
0.031945135 0.13363287 0.27150002
0.034478214 0.13424812 0.27275002
0.036931794 0.13449422 0.27325001
0.039394125 0.13474031 0.27375001
0.041827042 0.13486338 0.27400002
0.044143282 0.13461727 0.27350003
0.046153005 0.13350981 0.27125001
0.047363054 0.13031049 0.26475
0.049350698 0.12944914 0.26300001
0.052633371 0.13191015 0.26800001
0.055182967 0.13240236 0.26900002
0.057643112 0.13264845 0.26950002
0.060557276 0.13387896 0.27200001
0.063283794 0.13461727 0.27350003
0.065916494 0.13510947 0.27450001
0 0 0
0 0 0
0 0 0
0 0 0
0 0 0
0 0 0
0 0 0
0 0 0
0 0 0
0 0 0
0 0 0
0 0 0
0 0 0
0 0 0
0 0 0
0 0 0
0 0 0
0 0 0
0 0 0
0 0 0
0 0 0
0 0 0
0 0 0
0 0 0
0 0 0
0 0 0
0 0 0
0 0 0
0 0 0
0 0 0
0 0 0
0 0 0
0 0 0
0 0 0
0 0 0
0 0 0
0 0 0
0 0 0
0 0 0
0 0 0
0 0 0
0 0 0
0 0 0
0 0 0
0 0 0
0 0 0
0 0 0
0 0 0
0 0 0
0 0 0
0 0 0
-0 0 0
-0 0 0
-0 0 0
-0 0 0
-0 0 0
-0 0 0
-0 0 0
-0 0 0
-0 0 0
-0 0 0
-0 0 0
-0 0 0
-0 0 0
-0 0 0
-0 0 0
-0 0 0
-0 0 0
-0 0 0
-0 0 0
-0 0 0
-0 0 0
-0 0 0
-0 0 0
-0 0 0
-0 0 0
-0 0 0
-0 0 0
-0 0 0
-0 0 0
-0 0 0
-0 0 0
-0 0 0
-0 0 0
-0 0 0
-0 0 0
-0 0 0
-0 0 0
-0 0 0
-0 0 0
-0 0 0
-0 0 0
-0 0 0
-0 0 0
-0 0 0
-0 0 0
-0 0 0
-0 0 0
-0 0 0
-0 0 0
-0 0 0
-0 0 0
-0 0 0
-0 0 0
-0 0 0
-0 0 0
-0 0 0
-0 0 0
-0 0 0
-0 0 0
-0 0 0
-0.048312828 0.1346285 0.26875001
-0.045577023 0.13350138 0.26650003
-0.042921145 0.1324995 0.26450002
-0.041029509 0.13387708 0.26725
-0.039560281 0.13688275 0.27325001
-0.037271924 0.13725846 0.27400002
-0.034874987 0.13725846 0.27400002
-0.032478046 0.13725846 0.27400002
-0.030026216 0.137008 0.27350003
-0.027532613 0.13650703 0.27250001
-0.025056507 0.1360061 0.27150002
-0.0225979 0.13550515 0.2705
-0.020156786 0.13500421 0.26950002
-0 0 0
-0 0 0
-0 0 0
-0 0 0
-0 0 0
-0 0 0
-0 0 0
-0 0 0
0 0 0
0 0 0
0 0 0
0 0 0
0 0 0
0 0 0
0 0 0
0 0 0
0 0 0
0 0 0
0.024797074 0.13588086 0.27125001
0.027144916 0.13575563 0.27100003
0.029515611 0.13575563 0.27100003
0.031945135 0.1360061 0.27150002
0.034351803 0.13613133 0.27175
0.036864217 0.13663228 0.27275002
0.039322171 0.13688275 0.27325001
0.041750714 0.137008 0.27350003
0.044062577 0.13675751 0.273
0.045600019 0.13425279 0.26800001
0.047094714 0.13187332 0.26325002
0.049819808 0.13300043 0.26550001
0.052780669 0.1346285 0.26875001
0.055182967 0.13475375 0.26900002
0.057910472 0.13563038 0.27075002
0.060445957 0.1360061 0.27150002
0.063168101 0.13675751 0.273
0 0 0
0 0 0
0 0 0
0 0 0
0 0 0
0 0 0
0 0 0
0 0 0
0 0 0
0 0 0
0 0 0
0 0 0
0 0 0
0 0 0
0 0 0
0 0 0
0 0 0
0 0 0
0 0 0
0 0 0
0 0 0
0 0 0
0 0 0
0 0 0
0 0 0
0 0 0
0 0 0
0 0 0
0 0 0
0 0 0
0 0 0
0 0 0
0 0 0
0 0 0
0 0 0
0 0 0
0 0 0
0 0 0
0 0 0
0 0 0
0 0 0
0 0 0
0 0 0
0 0 0
0 0 0
0 0 0
0 0 0
0 0 0
0 0 0
0 0 0
0 0 0
0 0 0
-0 0 0
-0 0 0
-0 0 0
-0 0 0
-0 0 0
-0 0 0
-0 0 0
-0 0 0
-0 0 0
-0 0 0
-0 0 0
-0 0 0
-0 0 0
-0 0 0
-0 0 0
-0 0 0
-0 0 0
-0 0 0
-0 0 0
-0 0 0
-0 0 0
-0 0 0
-0 0 0
-0 0 0
-0 0 0
-0 0 0
-0 0 0
-0 0 0
-0 0 0
-0 0 0
-0 0 0
-0 0 0
-0 0 0
-0 0 0
-0 0 0
-0 0 0
-0 0 0
-0 0 0
-0 0 0
-0 0 0
-0 0 0
-0 0 0
-0 0 0
-0 0 0
-0 0 0
-0 0 0
-0 0 0
-0 0 0
-0 0 0
-0 0 0
-0 0 0
-0 0 0
-0 0 0
-0 0 0
-0 0 0
-0 0 0
-0 0 0
-0 0 0
-0 0 0
-0 0 0
-0 0 0
-0.045919057 0.13685028 0.2685
-0.043083418 0.13532124 0.26550001
-0.040568933 0.13468413 0.26425001
-0.039053559 0.1374874 0.26975
-0.037237916 0.13952614 0.27375001
-0.034906805 0.13978097 0.27425
-0.032507677 0.13978097 0.27425
-0.029998768 0.1392713 0.27325001
-0.027507355 0.13876162 0.27225003
-0.025102653 0.13863419 0.27200001
-0.022744099 0.13876162 0.27225003
-0 0 0
-0 0 0
-0 0 0
-0 0 0
-0 0 0
-0 0 0
-0 0 0
-0 0 0
-0 0 0
0 0 0
0 0 0
0 0 0
0 0 0
0 0 0
0 0 0
0 0 0
0 0 0
0 0 0
0 0 0
0 0 0
0.027169956 0.13825193 0.27125001
0.02967898 0.13888903 0.27250001
0.031945135 0.13837935 0.27150002
0.034256998 0.13812451 0.27100003
0.036762848 0.13863419 0.27200001
0.039286196 0.13914387 0.273
0.041712552 0.1392713 0.27325001
0.043981876 0.13888903 0.27250001
0.045217186 0.13544866 0.26575002
0.047049984 0.13404703 0.26300001
0.049350698 0.13404703 0.26300001
0 0 0
0 0 0
0.058017414 0.13825193 0.27125001
0.060501613 0.13850677 0.27175
0.063052408 0.13888903 0.27250001
0 0 0
0 0 0
0 0 0
0 0 0
0 0 0
0 0 0
0 0 0
0 0 0
0 0 0
0 0 0
0 0 0
0 0 0
0 0 0
0 0 0
0 0 0
0 0 0
0 0 0
0 0 0
0 0 0
0 0 0
0 0 0
0 0 0
0 0 0
0 0 0
0 0 0
0 0 0
0 0 0
0 0 0
0 0 0
0 0 0
0 0 0
0 0 0
0 0 0
0 0 0
0 0 0
0 0 0
0 0 0
0 0 0
0 0 0
0 0 0
0 0 0
0 0 0
0 0 0
0 0 0
0 0 0
0 0 0
0 0 0
0 0 0
0 0 0
0 0 0
0 0 0
0 0 0
