# .PCD v0.7 - Point Cloud Data file format
VERSION 0.7
FIELDS x y z
SIZE 4 4 4
TYPE F F F
COUNT 1 1 1
WIDTH 19200
HEIGHT 1
VIEWPOINT 0 0 0 1 0 0 0
POINTS 19200
DATA ascii
-0 -0 0
-0 -0 0
-0 -0 0
-0 -0 0
-0 -0 0
-0 -0 0
-0 -0 0
-0 -0 0
-0 -0 0
-0 -0 0
-0 -0 0
-0 -0 0
-0 -0 0
-0 -0 0
-0 -0 0
-0 -0 0
-0 -0 0
-0 -0 0
-0 -0 0
-0 -0 0
-0 -0 0
-0 -0 0
-0 -0 0
-0 -0 0
-0 -0 0
-0 -0 0
-0 -0 0
-0 -0 0
-0 -0 0
-0 -0 0
-0 -0 0
-0 -0 0
-0 -0 0
-0 -0 0
-0 -0 0
-0 -0 0
-0 -0 0
-0 -0 0
-0 -0 0
-0 -0 0
-0 -0 0
-0 -0 0
-0 -0 0
-0 -0 0
-0 -0 0
-0 -0 0
-0 -0 0
-0 -0 0
-0.068765692 -0.128121 0.24150001
-0.066446073 -0.12772311 0.24075001
-0.064206369 -0.12745786 0.24025001
-0.062169306 -0.12759049 0.24050002
-0.060252734 -0.12798838 0.24125001
-0.058202539 -0.128121 0.24150001
-0.056322169 -0.12865153 0.24250001
-0.054144911 -0.12851889 0.24225001
-0.05202572 -0.12851889 0.24225001
-0.049906529 -0.12851889 0.24225001
-0.047787338 -0.12851889 0.24225001
-0.045903794 -0.12918206 0.24350001
-0.043818612 -0.12931468 0.24375001
-0.041771811 -0.12957995 0.24425001
-0.039797395 -0.13011047 0.24525002
-0.037651964 -0.13011047 0.24525002
-0.035397947 -0.12971257 0.24450001
-0.03329308 -0.1298452 0.24475001
-0.031247478 -0.13024309 0.24550001
-0.029218389 -0.13077362 0.24650002
-0.02711691 -0.13103887 0.24700001
-0.024956167 -0.13103887 0.24700001
-0.022841567 -0.13130414 0.24750002
-0.020676453 -0.13130414 0.24750002
-0.018567428 -0.13170204 0.24825001
-0.01641226 -0.13183466 0.2485
-0.014267043 -0.13209993 0.24900001
-0.012113079 -0.13236518 0.24950001
-0.0099404166 -0.13249782 0.24975002
-0.0077866688 -0.13302833 0.25075001
-0.0055986969 -0.13316096 0.25100002
-0.0034029612 -0.13316096 0.25100002
-0.0012144401 -0.13395675 0.2525
0.00099441723 -0.13395675 0.2525
0.0032096179 -0.13422202 0.25300002
0.0054442836 -0.13475253 0.25400001
0 -0 0
0 -0 0
0 -0 0
0.014374521 -0.13515042 0.25475001
0.01660306 -0.13515042 0.25475001
0.01886856 -0.13541567 0.25525001
0.021163478 -0.13581358 0.25600001
0.023425808 -0.13594621 0.25625002
0.025717553 -0.13621147 0.25675002
0.028154189 -0.13713987 0.25850001
0.03044495 -0.13727251 0.25875002
0.032771684 -0.13753778 0.25925002
0.035107169 -0.13780303 0.25975001
0.037343476 -0.13767041 0.25950003
0.039766219 -0.13820092 0.26050001
0.042166114 -0.13859881 0.26125002
0.044579126 -0.13899671 0.26200002
0.046826363 -0.13886407 0.26175001
0.049022321 -0.13859881 0.26125002
0.051405918 -0.13886407 0.26175001
0.05390083 -0.1393946 0.26275
0.056466717 -0.14005774 0.264
0.058664858 -0.13979249 0.26350001
0.061027791 -0.13992512 0.26375002
0.063755296 -0.14085352 0.26550001
0.06626454 -0.14125143 0.26625001
0.068658091 -0.14138407 0.26650003
0.071189187 -0.14178194 0.26725
0.073595867 -0.14191458 0.26750001
0.076006912 -0.14204721 0.26775002
0 -0 0
0 -0 0
0 -0 0
0 -0 0
0 -0 0
0 -0 0
0 -0 0
0 -0 0
0 -0 0
0 -0 0
0 -0 0
0 -0 0
0 -0 0
0 -0 0
0 -0 0
0 -0 0
0 -0 0
0 -0 0
0 -0 0
0 -0 0
0 -0 0
0 -0 0
0 -0 0
0 -0 0
0 -0 0
0 -0 0
0 -0 0
0 -0 0
0 -0 0
0 -0 0
0 -0 0
0 -0 0
0 -0 0
0 -0 0
0 -0 0
0 -0 0
0 -0 0
0 -0 0
0 -0 0
0 -0 0
0 -0 0
0 -0 0
0 -0 0
0 -0 0
0 -0 0
0 -0 0
-0 -0 0
-0 -0 0
-0 -0 0
-0 -0 0
-0 -0 0
-0 -0 0
-0 -0 0
-0 -0 0
-0 -0 0
-0 -0 0
-0 -0 0
-0 -0 0
-0 -0 0
-0 -0 0
-0 -0 0
-0 -0 0
-0 -0 0
-0 -0 0
-0 -0 0
-0 -0 0
-0 -0 0
-0 -0 0
-0 -0 0
-0 -0 0
-0 -0 0
-0 -0 0
-0 -0 0
-0 -0 0
-0 -0 0
-0 -0 0
-0 -0 0
-0 -0 0
-0 -0 0
-0 -0 0
-0 -0 0
-0 -0 0
-0 -0 0
-0 -0 0
-0 -0 0
-0 -0 0
-0 -0 0
-0 -0 0
-0 -0 0
-0 -0 0
-0 -0 0
-0 -0 0
-0.073595434 -0.12705356 0.24350001
-0.071245186 -0.12666222 0.24275002
-0.068979248 -0.12640134 0.24225001
-0.066722065 -0.12614045 0.24175002
-0.064607248 -0.12614045 0.24175002
-0.062557057 -0.12627089 0.24200001
-0.060440049 -0.12627089 0.24200001
-0.058443546 -0.12653178 0.24250001
-0.056554426 -0.12705356 0.24350001
-0.054424297 -0.12705356 0.24350001
-0.052401554 -0.12731445 0.24400002
-0.05037006 -0.12757534 0.24450001
-0.048231184 -0.12757534 0.24450001
-0.046233699 -0.12796667 0.24525002
-0.044178147 -0.12822756 0.24575001
-0.042028338 -0.12822756 0.24575001
-0.039959669 -0.12848845 0.24625002
-0.03780549 -0.12848845 0.24625002
-0.035578918 -0.12822756 0.24575001
-0.033565138 -0.12874934 0.24675001
-0.031438399 -0.12887979 0.24700001
-0.029336922 -0.12914068 0.24750002
-0.027254142 -0.12953201 0.24825001
-0.025208758 -0.13018423 0.24950001
-0.023118436 -0.13070603 0.25050002
-0.020885304 -0.13044512 0.25
-0.018717015 -0.13057557 0.25025001
-0.016511329 -0.13044512 0.25
-0.014367313 -0.13083646 0.25075001
-0.01219804 -0.13109735 0.25125
-0.010049869 -0.13174957 0.2525
-0.0078565395 -0.13201047 0.25300002
-0.0056377314 -0.13188003 0.25275001
-0.0034266871 -0.13188003 0.25275001
-0.0012192498 -0.13227136 0.25350001
0.0010013094 -0.1326627 0.25425002
0.0032318188 -0.13292359 0.25475001
0.005465718 -0.13305403 0.25500003
0 -0 0
0 -0 0
0 -0 0
0.01445916 -0.13370626 0.25625002
0.016684527 -0.13357581 0.25600001
0.018942485 -0.13370626 0.25625002
0.02130815 -0.13448893 0.25775
0.023562934 -0.13448893 0.25775
0.025892843 -0.13488026 0.25850001
0.028344786 -0.13579337 0.26025
0.030650858 -0.13592382 0.26050001
0.032929696 -0.13592382 0.26050001
0.035242327 -0.13605428 0.26075003
0.03755933 -0.13618471 0.26100001
0.039957035 -0.13657606 0.26175001
0.042287163 -0.1367065 0.26200002
0.044706736 -0.13709782 0.26275
0.047139432 -0.13748915 0.26350001
0.049444519 -0.13748915 0.26350001
0.05170051 -0.13735873 0.26325002
0.054105975 -0.13761961 0.26375002
0.056734085 -0.13840228 0.26525003
0.058943152 -0.13814139 0.26475
0.061374873 -0.13840228 0.26525003
0.064295597 -0.13970675 0.26775002
0.066575639 -0.13957629 0.26750001
0.068851307 -0.13944584 0.26725
0.071522161 -0.14009807 0.2685
0.073870987 -0.14009807 0.2685
0.076006912 -0.13970675 0.26775002
0 -0 0
0 -0 0
0 -0 0
0 -0 0
0 -0 0
0 -0 0
0 -0 0
0 -0 0
0 -0 0
0 -0 0
0 -0 0
0 -0 0
0 -0 0
0 -0 0
0 -0 0
0 -0 0
0 -0 0
0 -0 0
0 -0 0
0.13053761 -0.14844655 0.2845
0 -0 0
0 -0 0
0 -0 0
0 -0 0
0 -0 0
0 -0 0
0 -0 0
0 -0 0
0 -0 0
0 -0 0
0 -0 0
0 -0 0
0 -0 0
0 -0 0
0 -0 0
0 -0 0
0 -0 0
0 -0 0
0 -0 0
0 -0 0
0 -0 0
0 -0 0
0 -0 0
0 -0 0
0 -0 0
0 -0 0
-0 -0 0
-0 -0 0
-0 -0 0
-0 -0 0
-0 -0 0
-0 -0 0
-0 -0 0
-0 -0 0
-0 -0 0
-0 -0 0
-0 -0 0
-0 -0 0
-0 -0 0
-0 -0 0
-0 -0 0
-0 -0 0
-0 -0 0
-0 -0 0
-0 -0 0
-0 -0 0
-0 -0 0
-0 -0 0
-0 -0 0
-0 -0 0
-0 -0 0
-0 -0 0
-0 -0 0
-0 -0 0
-0 -0 0
-0 -0 0
-0 -0 0
-0 -0 0
-0 -0 0
-0 -0 0
-0 -0 0
-0 -0 0
-0 -0 0
-0 -0 0
-0 -0 0
-0 -0 0
-0 -0 0
-0 -0 0
-0 -0 0
-0 -0 0
-0 -0 0
-0.075803302 -0.12505333 0.24375001
-0.073595434 -0.12492507 0.24350001
-0.071318559 -0.12466855 0.24300002
-0.069121622 -0.1245403 0.24275002
-0.067067064 -0.12466855 0.24300002
-0.065008119 -0.12479682 0.24325001
-0.062880181 -0.12479682 0.24325001
-0.060752239 -0.12479682 0.24325001
-0.058805056 -0.1251816 0.24400002
-0.056902807 -0.12569463 0.245
-0.054703683 -0.12556636 0.24475001
-0.052670006 -0.1258229 0.24525002
-0.050679076 -0.12620766 0.24600001
-0.048625715 -0.12646419 0.24650002
-0.046516474 -0.12659246 0.24675001
-0.044447802 -0.12684897 0.24725001
-0.042327628 -0.12697724 0.24750002
-0.040203076 -0.12710549 0.24775001
-0.038035776 -0.12710549 0.24775001
-0.035977051 -0.12749027 0.2485
-0.033939216 -0.1280033 0.24950001
-0.031820241 -0.12825982 0.25
-0.029662887 -0.12838809 0.25025001
-0.027528604 -0.1286446 0.25075001
-0.025410833 -0.12902939 0.25150001
-0.023256868 -0.1292859 0.252
-0.021073272 -0.12941417 0.25225002
-0.0188853 -0.12954243 0.2525
-0.016676441 -0.12954243 0.2525
-0.014510557 -0.1299272 0.25325
-0.012307277 -0.13005547 0.25350001
-0.010119523 -0.13044025 0.25425002
-0.0079186466 -0.13082503 0.25500003
-0.0056934953 -0.13095328 0.25525001
-0.0034538023 -0.13069677 0.25475001
-0.0012264644 -0.13082503 0.25500003
0.0010082013 -0.13133806 0.25600001
0.0032476764 -0.13133806 0.25600001
0 -0 0
0 -0 0
0 -0 0
0.012277095 -0.13210763 0.25750002
0.014614331 -0.13287717 0.259
0.016977809 -0.13364674 0.26050001
0.01923817 -0.13351847 0.26025
0.021514824 -0.13351847 0.26025
0.023791477 -0.13351847 0.26025
0.0261683 -0.13403152 0.26125002
0.028508158 -0.13428804 0.26175001
0.030797934 -0.13428804 0.26175001
0.033150911 -0.13454455 0.26225001
0.03561401 -0.13518585 0.26350001
0.038027022 -0.13557063 0.26425001
0.040262345 -0.13531412 0.26375002
0.042448565 -0.13492934 0.26300001
0.044961963 -0.13557063 0.26425001
0.04740778 -0.13595542 0.26500002
0.049772903 -0.13608369 0.26525003
0.052093297 -0.13608369 0.26525003
0.054618828 -0.13659672 0.26625001
0.057215329 -0.13723801 0.26750001
0.059555408 -0.13723801 0.26750001
0.062069025 -0.1376228 0.26825002
0.064655796 -0.13813584 0.26925001
0.067011178 -0.13813584 0.26925001
0.069559783 -0.13852061 0.27000001
0.072121516 -0.13890539 0.27075002
0.074490026 -0.13890539 0.27075002
0.076929502 -0.13903366 0.27100003
0.079446509 -0.13929018 0.27150002
0 -0 0
0 -0 0
0 -0 0
0 -0 0
0 -0 0
0 -0 0
0 -0 0
0 -0 0
0 -0 0
0 -0 0
0 -0 0
0 -0 0
0 -0 0
0 -0 0
0 -0 0
0 -0 0
0 -0 0
0.12647353 -0.14416406 0.28100002
0.12927583 -0.14454883 0.28175002
0 -0 0
0 -0 0
0 -0 0
0 -0 0
0 -0 0
0 -0 0
0 -0 0
0 -0 0
0 -0 0
0 -0 0
0 -0 0
0 -0 0
0 -0 0
0 -0 0
0 -0 0
0 -0 0
0 -0 0
0 -0 0
0 -0 0
0 -0 0
0 -0 0
0 -0 0
0 -0 0
0 -0 0
0 -0 0
0 -0 0
-0 -0 0
-0 -0 0
-0 -0 0
-0 -0 0
-0 -0 0
-0 -0 0
-0 -0 0
-0 -0 0
-0 -0 0
-0 -0 0
-0 -0 0
-0 -0 0
-0 -0 0
-0 -0 0
-0 -0 0
-0 -0 0
-0 -0 0
-0 -0 0
-0 -0 0
-0 -0 0
-0 -0 0
-0 -0 0
-0 -0 0
-0 -0 0
-0 -0 0
-0 -0 0
-0 -0 0
-0 -0 0
-0 -0 0
-0 -0 0
-0 -0 0
-0 -0 0
-0 -0 0
-0 -0 0
-0 -0 0
-0 -0 0
-0 -0 0
-0 -0 0
-0 -0 0
-0 -0 0
-0 -0 0
-0 -0 0
-0 -0 0
-0.080396414 -0.12342694 0.24475001
-0.078015551 -0.12304873 0.24400002
-0.075881049 -0.12304873 0.24400002
-0.073595434 -0.12279657 0.24350001
-0.071318559 -0.12254443 0.24300002
-0.069263995 -0.1226705 0.24325001
-0.067343056 -0.12304873 0.24400002
-0.065342173 -0.12330087 0.24450001
-0.063203305 -0.12330087 0.24450001
-0.061251745 -0.1236791 0.24525002
-0.05928706 -0.12405732 0.24600001
-0.057367321 -0.12456162 0.24700001
-0.055206578 -0.12456162 0.24700001
-0.053153217 -0.12481377 0.24750002
-0.051142607 -0.12519199 0.24825001
-0.048970927 -0.12519199 0.24825001
-0.046846375 -0.12531807 0.2485
-0.044717453 -0.12544414 0.24875002
-0.042669665 -0.12582237 0.24950001
-0.040568188 -0.12607451 0.25
-0.038342826 -0.12594844 0.24975002
-0.036158025 -0.12594844 0.24975002
-0.034177266 -0.12670489 0.25125
-0.032106627 -0.12720919 0.25225002
-0.029899953 -0.12720919 0.25225002
-0.027775621 -0.12758741 0.25300002
-0.025587648 -0.12771347 0.25325
-0.023418376 -0.12796564 0.25375003
-0.02121947 -0.12809171 0.25400001
-0.01901619 -0.12821779 0.25425002
-0.016825045 -0.12846993 0.25475001
-0.014610828 -0.12859601 0.25500003
-0.012380102 -0.12859601 0.25500003
-0.010179224 -0.12897423 0.25575
-0.0079652267 -0.12935245 0.25650001
-0.0057325298 -0.12960459 0.257
-0.0034809175 -0.12947853 0.25675002
-0.0012348812 -0.12947853 0.25675002
0.0010160779 -0.13010889 0.25800002
0.0032635343 -0.12973067 0.25725001
0 -0 0
0 -0 0
0.010063428 -0.13036105 0.25850001
0.012360531 -0.13073927 0.25925002
0.014727183 -0.13162179 0.26100001
0.017042983 -0.13187394 0.2615
0.019330572 -0.13187394 0.2615
0.021721499 -0.13250431 0.26275
0.024088586 -0.13288254 0.26350001
0.026418714 -0.13300861 0.26375002
0.028753212 -0.13313468 0.264
0.03100384 -0.13288254 0.26350001
0.033435337 -0.13338684 0.26450002
0.035918117 -0.13401721 0.26575002
0.038206905 -0.13389114 0.26550001
0.040567651 -0.13401721 0.26575002
0.043013472 -0.13439544 0.26650003
0.045429874 -0.13464758 0.26700002
0.04772085 -0.1345215 0.26675001
0.050195102 -0.13489974 0.26750001
0.052633371 -0.13515188 0.26800001
0.05523425 -0.13578224 0.26925001
0.057750054 -0.13616048 0.27000001
0.060112 -0.13616048 0.27000001
0.062705338 -0.13666478 0.27100003
0.065076031 -0.13666478 0.27100003
0.067633383 -0.13704298 0.27175
0.070139453 -0.13729516 0.27225003
0.072587669 -0.13742122 0.27250001
0.075040273 -0.1375473 0.27275002
0.077497236 -0.13767336 0.273
0.079885431 -0.13767336 0.273
0 -0 0
0 -0 0
0 -0 0
0 -0 0
0 -0 0
0 -0 0
0 -0 0
0 -0 0
0 -0 0
0 -0 0
0 -0 0
0 -0 0
0 -0 0
0 -0 0
0 -0 0
0 -0 0
0 -0 0
0 -0 0
0 -0 0
0 -0 0
0 -0 0
0 -0 0
0 -0 0
0 -0 0
0 -0 0
0 -0 0
0 -0 0
0 -0 0
0 -0 0
0 -0 0
0 -0 0
0 -0 0
0 -0 0
0 -0 0
0 -0 0
0 -0 0
0 -0 0
0 -0 0
0 -0 0
0 -0 0
0 -0 0
0 -0 0
0 -0 0
0 -0 0
0 -0 0
-0 -0 0
-0 -0 0
-0 -0 0
-0 -0 0
-0 -0 0
-0 -0 0
-0 -0 0
-0 -0 0
-0 -0 0
-0 -0 0
-0 -0 0
-0 -0 0
-0 -0 0
-0 -0 0
-0 -0 0
-0 -0 0
-0 -0 0
-0 -0 0
-0 -0 0
-0 -0 0
-0 -0 0
-0 -0 0
-0 -0 0
-0 -0 0
-0 -0 0
-0 -0 0
-0 -0 0
-0 -0 0
-0 -0 0
-0 -0 0
-0 -0 0
-0 -0 0
-0 -0 0
-0 -0 0
-0 -0 0
-0 -0 0
-0 -0 0
-0 -0 0
-0 -0 0
-0 -0 0
-0 -0 0
-0.084851526 -0.12153532 0.24525002
-0.083211936 -0.12227865 0.24675001
-0.080724895 -0.12178309 0.24575001
-0.078095488 -0.12103976 0.24425001
-0.075958796 -0.12103976 0.24425001
-0.073822111 -0.12103976 0.24425001
-0.071612053 -0.12091587 0.24400002
-0.069477551 -0.12091587 0.24400002
-0.067688055 -0.12153532 0.24525002
-0.065743044 -0.12190698 0.24600001
-0.063720308 -0.12215476 0.24650002
-0.061688811 -0.12240254 0.24700001
-0.059588317 -0.12252643 0.24725001
-0.05765764 -0.12302199 0.24825001
-0.055597719 -0.12326977 0.24875002
-0.053475354 -0.12339365 0.24900001
-0.051503126 -0.12388921 0.25
-0.049316138 -0.12388921 0.25
-0.047223412 -0.124137 0.25050002
-0.045076989 -0.12426088 0.25075001
-0.042883441 -0.12426088 0.25075001
-0.040811598 -0.12463254 0.25150001
-0.038688254 -0.12488032 0.252
-0.036519967 -0.12500422 0.25225002
-0.03441532 -0.12537588 0.25300002
-0.032233905 -0.12549977 0.25325
-0.030048119 -0.12562366 0.25350001
-0.027912853 -0.12599534 0.25425002
-0.025764465 -0.126367 0.25500003
-0.023533737 -0.126367 0.25500003
-0.021365665 -0.12673865 0.25575
-0.019165777 -0.12698644 0.25625002
-0.017006669 -0.1276059 0.25750002
-0.01478272 -0.12785368 0.25800002
-0.012513611 -0.12772977 0.25775
-0.010248878 -0.1276059 0.25750002
-0.0080118068 -0.12785368 0.25800002
-0.0057715648 -0.12822534 0.25875002
-0.0035046432 -0.12810145 0.25850001
-0.0012469054 -0.12847312 0.25925002
0.0010229698 -0.12872089 0.25975001
0.0032603627 -0.12735811 0.257
0 -0 0
0 -0 0
0.010160753 -0.12934034 0.26100001
0.012491646 -0.1298359 0.26200002
0.01478361 -0.1298359 0.26200002
0.017140744 -0.13033146 0.26300001
0.019515377 -0.13082701 0.264
0.021886839 -0.13119867 0.26475
0.024202859 -0.13119867 0.26475
0.026594004 -0.13157034 0.26550001
0.028943812 -0.13169424 0.26575002
0.031239165 -0.13157034 0.26550001
0.033719756 -0.1321898 0.26675001
0.036120851 -0.13243756 0.26725
0.038458738 -0.13243756 0.26725
0.040987443 -0.13305701 0.2685
0.043376621 -0.1331809 0.26875001
0.045812707 -0.13342868 0.26925001
0.048346993 -0.13392425 0.27025002
0.050804947 -0.13417202 0.27075002
0.053222556 -0.13429591 0.27100003
0.055695821 -0.13454369 0.27150002
0.058177833 -0.13479146 0.27200001
0.060612936 -0.13491537 0.27225003
0.063168101 -0.13528702 0.273
0.065616325 -0.1354109 0.27325001
0.068006702 -0.1354109 0.27325001
0.070590302 -0.13578258 0.27400002
0.073187023 -0.13615425 0.27475002
0.075590529 -0.13615425 0.27475002
0.078135952 -0.13640203 0.27525002
0.08098276 -0.13714536 0.27675
0 -0 0
0 -0 0
0 -0 0
0 -0 0
0 -0 0
0 -0 0
0 -0 0
0 -0 0
0 -0 0
0 -0 0
0 -0 0
0 -0 0
0 -0 0
0 -0 0
0 -0 0
0 -0 0
0 -0 0
0 -0 0
0 -0 0
0 -0 0
0 -0 0
0 -0 0
0 -0 0
0 -0 0
0 -0 0
0 -0 0
0 -0 0
0 -0 0
0 -0 0
0 -0 0
0 -0 0
0 -0 0
0 -0 0
0 -0 0
0 -0 0
0 -0 0
0 -0 0
0 -0 0
0 -0 0
0 -0 0
0 -0 0
0 -0 0
0 -0 0
0 -0 0
0 -0 0
-0 -0 0
-0 -0 0
-0 -0 0
-0 -0 0
-0 -0 0
-0 -0 0
-0 -0 0
-0 -0 0
-0 -0 0
-0 -0 0
-0 -0 0
-0 -0 0
-0 -0 0
-0 -0 0
-0 -0 0
-0 -0 0
-0 -0 0
-0 -0 0
-0 -0 0
-0 -0 0
-0 -0 0
-0 -0 0
-0 -0 0
-0 -0 0
-0 -0 0
-0 -0 0
-0 -0 0
-0 -0 0
-0 -0 0
-0 -0 0
-0 -0 0
-0 -0 0
-0 -0 0
-0 -0 0
-0 -0 0
-0 -0 0
-0 -0 0
-0 -0 0
-0 -0 0
-0 -0 0
-0.088061146 -0.12085198 0.24825001
-0.085629977 -0.12048687 0.24750002
-0.08338055 -0.12036516 0.24725001
-0.080807015 -0.11975664 0.24600001
-0.078335285 -0.11926983 0.245
-0.076192036 -0.11926983 0.245
-0.074577712 -0.12012175 0.24675001
-0.072419152 -0.12012175 0.24675001
-0.070118226 -0.11987835 0.24625002
-0.068171047 -0.12024346 0.24700001
-0.066277549 -0.12073027 0.24800001
-0.06430193 -0.12109539 0.24875002
-0.062250752 -0.12133879 0.24925001
-0.06019083 -0.1215822 0.24975002
-0.058122154 -0.12182561 0.25025001
-0.056156486 -0.12231242 0.25125
-0.05406595 -0.12255584 0.25175002
-0.05191515 -0.12267753 0.252
-0.049710669 -0.12267753 0.252
-0.04774183 -0.12328605 0.25325
-0.045481473 -0.12316436 0.25300002
-0.043139976 -0.12279924 0.25225002
-0.041136146 -0.12340776 0.25350001
-0.039033689 -0.12377287 0.25425002
-0.036845714 -0.12389457 0.2545
-0.034687378 -0.12413799 0.25500003
-0.032488469 -0.12425969 0.25525001
-0.030196285 -0.12401628 0.25475001
-0.028077528 -0.12450309 0.25575
-0.025916019 -0.12486821 0.25650001
-0.023741387 -0.12523332 0.25725001
-0.021553636 -0.12559843 0.25800002
-0.019334059 -0.12584184 0.25850001
-0.017089227 -0.12596355 0.25875002
-0.014854342 -0.12620695 0.25925002
-0.012586436 -0.12620695 0.25925002
-0.010328481 -0.12632866 0.25950003
-0.0080739139 -0.12657207 0.26000002
-0.0058161761 -0.12693718 0.26075003
-0.0035385373 -0.12705888 0.26100001
-0.0012565247 -0.12718059 0.26125002
0.0010308464 -0.12742399 0.26175001
0 -0 0
0 -0 0
0 -0 0
0.010258078 -0.12827592 0.26350001
0.012598922 -0.12864102 0.26425001
0.014981099 -0.12924954 0.26550001
0.017352561 -0.12961467 0.26625001
0.019700183 -0.12973636 0.26650003
0.022052178 -0.12985806 0.26675001
0.024431402 -0.13010147 0.26725
0.026844418 -0.13046658 0.26800001
0.029270554 -0.1308317 0.26875001
0.031650983 -0.1309534 0.26900002
0.03403578 -0.1310751 0.26925001
0.036391165 -0.1310751 0.26925001
0.03878253 -0.13119681 0.26950002
0.04117826 -0.13131851 0.26975
0.043578375 -0.13144022 0.27000001
0.046025392 -0.13168362 0.2705
0.048615336 -0.13229214 0.27175
0.051133327 -0.13265726 0.27250001
0.053468049 -0.13253556 0.27225003
0.056106102 -0.13314408 0.27350003
0.05865908 -0.13350917 0.27425
0.061002549 -0.13338749 0.27400002
0.063573025 -0.1337526 0.27475002
0.066156618 -0.13411769 0.2755
0.068628907 -0.13423941 0.27575001
0.071427599 -0.13496964 0.27725002
0.074052751 -0.13533475 0.27800003
0.076415896 -0.13521305 0.27775002
0.078987569 -0.13545644 0.27825001
0.081787467 -0.13606496 0.27950001
0.084985934 -0.137282 0.28200001
0 -0 0
0 -0 0
0 -0 0
0 -0 0
0 -0 0
0 -0 0
0 -0 0
0 -0 0
0 -0 0
0 -0 0
0 -0 0
0 -0 0
0 -0 0
0 -0 0
0 -0 0
0 -0 0
0 -0 0
0 -0 0
0 -0 0
0 -0 0
0 -0 0
0 -0 0
0 -0 0
0 -0 0
0 -0 0
0 -0 0
0 -0 0
0 -0 0
0 -0 0
0 -0 0
0 -0 0
0 -0 0
0 -0 0
0 -0 0
0 -0 0
0 -0 0
0 -0 0
0 -0 0
0 -0 0
0 -0 0
0 -0 0
0 -0 0
0 -0 0
0 -0 0
-0 -0 0
-0 -0 0
-0 -0 0
-0 -0 0
-0 -0 0
-0 -0 0
-0 -0 0
-0 -0 0
-0 -0 0
-0 -0 0
-0 -0 0
-0 -0 0
-0 -0 0
-0 -0 0
-0 -0 0
-0 -0 0
-0 -0 0
-0 -0 0
-0 -0 0
-0 -0 0
-0 -0 0
-0 -0 0
-0 -0 0
-0 -0 0
-0 -0 0
-0 -0 0
-0 -0 0
-0 -0 0
-0 -0 0
-0 -0 0
-0 -0 0
-0 -0 0
-0 -0 0
-0 -0 0
-0 -0 0
-0 -0 0
-0 -0 0
-0 -0 0
-0 -0 0
-0.090414561 -0.118921 0.24875002
-0.088238508 -0.118921 0.24875002
-0.085802965 -0.11856245 0.24800001
-0.083296247 -0.11808437 0.24700001
-0.080889143 -0.11772582 0.24625002
-0.078655019 -0.1176063 0.24600001
-0.076736264 -0.11796486 0.24675001
-0.075031072 -0.11868197 0.24825001
-0.072932757 -0.11880148 0.2485
-0.070687711 -0.11868197 0.24825001
-0.068585038 -0.11880148 0.2485
-0.066812038 -0.11951859 0.25
-0.064754307 -0.11975764 0.25050002
-0.06275025 -0.12011618 0.25125
-0.060672838 -0.12035523 0.25175002
-0.058528602 -0.12047474 0.252
-0.056491751 -0.1208333 0.25275001
-0.054334398 -0.12095283 0.25300002
-0.052275676 -0.12131138 0.25375003
-0.05020383 -0.12166993 0.2545
-0.048071738 -0.12190898 0.25500003
-0.045706183 -0.12155042 0.25425002
-0.043482017 -0.12155042 0.25425002
-0.041501258 -0.12226752 0.25575
-0.039340738 -0.12250657 0.25625002
-0.037135266 -0.12262608 0.25650001
-0.03499344 -0.12298464 0.25725001
-0.032806668 -0.12322367 0.25775
-0.030522252 -0.12310416 0.25750002
-0.028406886 -0.12370175 0.25875002
-0.026143353 -0.12370175 0.25875002
-0.023925966 -0.12394079 0.25925002
-0.021699831 -0.12417983 0.25975001
-0.019464947 -0.12441885 0.26025
-0.017204804 -0.12453838 0.26050001
-0.014954612 -0.12477741 0.26100001
-0.012732084 -0.125375 0.26225001
-0.010437934 -0.125375 0.26225001
-0.008151548 -0.12549452 0.26250002
-0.0058663632 -0.12573357 0.26300001
-0.003562263 -0.12561405 0.26275
-0.0012685489 -0.12609212 0.26375002
0.0010397076 -0.12621163 0.264
0 -0 0
0 -0 0
0.0080661755 -0.12776537 0.26725
0.010365136 -0.12728731 0.26625001
0.012718116 -0.12752634 0.26675001
0.015079845 -0.12776537 0.26725
0.017466614 -0.12812394 0.26800001
0.019829545 -0.12824346 0.26825002
0.022176184 -0.12824346 0.26825002
0.024614239 -0.12872152 0.26925001
0.027044749 -0.12908009 0.27000001
0.029488381 -0.12943864 0.27075002
0.031915721 -0.12967768 0.27125001
0.0342886 -0.12967768 0.27125001
0.036627695 -0.12955816 0.27100003
0.039106313 -0.12991671 0.27175
0.041559901 -0.13015576 0.27225003
0.043901175 -0.13003623 0.27200001
0.04662092 -0.13099238 0.27400002
0.049196754 -0.13147046 0.27500001
0.051649351 -0.13158998 0.27525002
0.054057226 -0.13158998 0.27525002
0.056618955 -0.13194853 0.27600002
0.059140332 -0.13218758 0.27650002
0.061559141 -0.13218758 0.27650002
0.064151488 -0.13254613 0.27725002
0.066756964 -0.13290469 0.27800003
0.069375545 -0.13326323 0.27875
0.072007261 -0.1336218 0.27950001
0.074518904 -0.13374132 0.27975002
0.07689736 -0.1336218 0.27950001
0.079484344 -0.13386083 0.28
0.082153246 -0.13421938 0.28075001
0.084759906 -0.13445842 0.28125
0 -0 0
0 -0 0
0 -0 0
0 -0 0
0 -0 0
0 -0 0
0 -0 0
0 -0 0
0 -0 0
0 -0 0
0 -0 0
0 -0 0
0 -0 0
0 -0 0
0 -0 0
0 -0 0
0 -0 0
0 -0 0
0 -0 0
0 -0 0
0 -0 0
0 -0 0
0 -0 0
0 -0 0
0 -0 0
0 -0 0
0 -0 0
0 -0 0
0 -0 0
0 -0 0
0 -0 0
0 -0 0
0 -0 0
0 -0 0
0 -0 0
0 -0 0
0 -0 0
0 -0 0
0 -0 0
0 -0 0
0 -0 0
0 -0 0
0 -0 0
0 -0 0
-0 -0 0
-0 -0 0
-0 -0 0
-0 -0 0
-0 -0 0
-0 -0 0
-0 -0 0
-0 -0 0
-0 -0 0
-0 -0 0
-0 -0 0
-0 -0 0
-0 -0 0
-0 -0 0
-0 -0 0
-0 -0 0
-0 -0 0
-0 -0 0
-0 -0 0
-0 -0 0
-0 -0 0
-0 -0 0
-0 -0 0
-0 -0 0
-0 -0 0
-0 -0 0
-0 -0 0
-0 -0 0
-0 -0 0
-0 -0 0
-0 -0 0
-0 -0 0
-0 -0 0
-0 -0 0
-0 -0 0
-0 -0 0
-0 -0 0
-0 -0 0
-0.09352117 -0.11791995 0.25125
-0.090959772 -0.11745062 0.25025001
-0.088327192 -0.11686396 0.24900001
-0.085802965 -0.11639462 0.24800001
-0.08338055 -0.11604262 0.24725001
-0.081299745 -0.11615996 0.24750002
-0.079294495 -0.11639462 0.24800001
-0.077124998 -0.11639462 0.24800001
-0.075484432 -0.11721596 0.24975002
-0.073446371 -0.11745062 0.25025001
-0.071114831 -0.11721596 0.24975002
-0.069206029 -0.11768529 0.25075001
-0.067212917 -0.11803729 0.25150001
-0.065206684 -0.11838929 0.25225002
-0.063249759 -0.11885862 0.25325
-0.061094593 -0.11897596 0.25350001
-0.058993116 -0.11921062 0.25400001
-0.056938767 -0.11956263 0.25475001
-0.054817606 -0.11979729 0.25525001
-0.052687697 -0.12003195 0.25575
-0.050499726 -0.12014929 0.25600001
-0.048401643 -0.12050129 0.25675002
-0.046155605 -0.12050129 0.25675002
-0.043909568 -0.12050129 0.25675002
-0.041906938 -0.12120529 0.25825
-0.039839692 -0.12179197 0.25950003
-0.037497208 -0.12155729 0.259
-0.035265498 -0.12167463 0.25925002
-0.033029415 -0.12179197 0.25950003
-0.030848216 -0.12214395 0.26025
-0.028626457 -0.12237863 0.26075003
-0.026320169 -0.12226129 0.26050001
-0.024110544 -0.1226133 0.26125002
-0.021908684 -0.12308262 0.26225001
-0.019633234 -0.12319995 0.26250002
-0.017303875 -0.12296529 0.26200002
-0.015040558 -0.12319995 0.26250002
-0.012829183 -0.12402128 0.26425001
-0.010517538 -0.12402128 0.26425001
-0.0082369456 -0.12449063 0.26525003
-0.0059332796 -0.12484261 0.266
-0.0036164937 -0.12519462 0.26675001
-0.0012793705 -0.12484261 0.266
0.0010416767 -0.12413862 0.26450002
0 -0 0
0 -0 0
0.0080963578 -0.12589863 0.26825002
0.010452728 -0.12601595 0.2685
0.012801552 -0.12601595 0.2685
0.015150377 -0.12601595 0.2685
0.017596962 -0.12671995 0.27000001
0.020014351 -0.12707196 0.27075002
0.022444861 -0.12742396 0.27150002
0.024819929 -0.12742396 0.27150002
0.027169956 -0.12730663 0.27125001
0.02970621 -0.12801063 0.27275002
0.032209873 -0.12847996 0.27375001
0.034573022 -0.12836263 0.27350003
0.037033163 -0.12859729 0.27400002
0.03935815 -0.12836263 0.27350003
0.041827042 -0.12859729 0.27400002
0.044466078 -0.12930128 0.2755
0.047003753 -0.12965329 0.27625
0.049465101 -0.12977062 0.27650002
0.052024644 -0.13012262 0.27725002
0.054499108 -0.13023995 0.2775
0.057131808 -0.13070929 0.27850002
0.059675056 -0.13094395 0.27900001
0.062115733 -0.13094395 0.27900001
0.064729951 -0.13129595 0.27975002
0.067297257 -0.13153061 0.28025001
0.069811091 -0.13164796 0.28050002
0.072329298 -0.13176528 0.28075001
0.074985065 -0.13211729 0.28150001
0.077516399 -0.13223462 0.28175002
0.079910159 -0.13211729 0.28150001
0.082445867 -0.13223462 0.28175002
0.084759906 -0.13199994 0.28125
0.086755104 -0.13129595 0.27975002
0 -0 0
0 -0 0
0 -0 0
0 -0 0
0 -0 0
0 -0 0
0 -0 0
0 -0 0
0 -0 0
0 -0 0
0 -0 0
0 -0 0
0 -0 0
0 -0 0
0 -0 0
0 -0 0
0 -0 0
0 -0 0
0 -0 0
0 -0 0
0 -0 0
0 -0 0
0 -0 0
0 -0 0
0 -0 0
0 -0 0
0 -0 0
0 -0 0
0 -0 0
0 -0 0
0 -0 0
0 -0 0
0 -0 0
0 -0 0
0 -0 0
0 -0 0
0 -0 0
0 -0 0
0 -0 0
0 -0 0
0 -0 0
0 -0 0
0 -0 0
-0 -0 0
-0 -0 0
-0 -0 0
-0 -0 0
-0 -0 0
-0 -0 0
-0 -0 0
-0 -0 0
-0 -0 0
-0 -0 0
-0 -0 0
-0 -0 0
-0 -0 0
-0 -0 0
-0 -0 0
-0 -0 0
-0 -0 0
-0 -0 0
-0 -0 0
-0 -0 0
-0 -0 0
-0 -0 0
-0 -0 0
-0 -0 0
-0 -0 0
-0 -0 0
-0 -0 0
-0 -0 0
-0 -0 0
-0 -0 0
-0 -0 0
-0 -0 0
-0 -0 0
-0 -0 0
-0 -0 0
-0 -0 0
-0.097722158 -0.11549342 0.25075001
-0.095528603 -0.11549342 0.25075001
-0.093614228 -0.11583887 0.25150001
-0.091050647 -0.11537828 0.25050002
-0.088593237 -0.11503284 0.24975002
-0.086235441 -0.11480254 0.24925001
-0.083970711 -0.11468739 0.24900001
-0.082038835 -0.11503284 0.24975002
-0.080013901 -0.11526313 0.25025001
-0.078213461 -0.11583887 0.25150001
-0.076391153 -0.11641461 0.25275001
-0.074106723 -0.11629946 0.2525
-0.071969062 -0.11641461 0.25275001
-0.06982702 -0.11652976 0.25300002
-0.067680597 -0.1166449 0.25325
-0.065788306 -0.11722064 0.2545
-0.063811705 -0.11768124 0.25550002
-0.061576605 -0.11768124 0.25550002
-0.059399564 -0.11779638 0.25575
-0.057274032 -0.11802669 0.25625002
-0.055193435 -0.11837212 0.257
-0.053048223 -0.11860242 0.25750002
-0.050844938 -0.11871757 0.25775
-0.048684411 -0.11894786 0.25825
-0.046470199 -0.11906301 0.25850001
-0.044294361 -0.11929331 0.259
-0.042150348 -0.11963876 0.25975001
-0.040031601 -0.12009935 0.26075003
-0.037859149 -0.12044478 0.2615
-0.03557156 -0.12044478 0.2615
-0.033315793 -0.12055994 0.26175001
-0.031055652 -0.12067509 0.26200002
-0.028818579 -0.12090538 0.26250002
-0.026522243 -0.12090538 0.26250002
-0.024318194 -0.12136597 0.26350001
-0.022075767 -0.12171142 0.26425001
-0.019764122 -0.12171142 0.26425001
-0.017485498 -0.12194171 0.26475
-0.015226775 -0.12240231 0.26575002
-0.012926282 -0.1226326 0.26625001
-0.010607091 -0.12274776 0.26650003
-0.0082990518 -0.12309319 0.26725
-0.0059723151 -0.12332349 0.26775002
-0.0036402193 -0.12366893 0.2685
-0.0012913947 -0.12366893 0.2685
0.0010534916 -0.12320834 0.26750001
0 -0 0
0 -0 0
0.0081340857 -0.12412953 0.26950002
0.010530588 -0.12459011 0.2705
0.012920748 -0.12482042 0.27100003
0.015361976 -0.12539616 0.27225003
0.017792484 -0.12574159 0.273
0.020217637 -0.1259719 0.27350003
0.022568865 -0.12574159 0.273
0.024957055 -0.12574159 0.273
0.02739533 -0.1259719 0.27350003
0.03003295 -0.12700823 0.27575001
0.032504026 -0.12723851 0.27625
0.034952249 -0.12735367 0.27650002
0.037371058 -0.12735367 0.27650002
0.039717916 -0.12712339 0.27600002
0.04217051 -0.12723851 0.27625
0.044708181 -0.12758397 0.27700001
0.04738659 -0.12827486 0.27850002
0.049912341 -0.12850516 0.27900001
0.052306108 -0.12839 0.27875
0.054793701 -0.12850516 0.27900001
0.057439517 -0.12896574 0.28
0.05999589 -0.12919605 0.28050002
0.06244969 -0.12919605 0.28050002
0.065019183 -0.12942633 0.28100002
0.067717485 -0.12988693 0.28200001
0.070308849 -0.13011721 0.2825
0.072780147 -0.13011721 0.2825
0.075318031 -0.13023236 0.28275001
0.077791519 -0.13023236 0.28275001
0.080265 -0.13023236 0.28275001
0.082738489 -0.13023236 0.28275001
0.084985934 -0.12988693 0.28200001
0.087452866 -0.12988693 0.28200001
0 -0 0
0 -0 0
0 -0 0
0 -0 0
0 -0 0
0 -0 0
0 -0 0
0 -0 0
0 -0 0
0 -0 0
0 -0 0
0 -0 0
0 -0 0
0 -0 0
0 -0 0
0 -0 0
0 -0 0
0 -0 0
0 -0 0
0 -0 0
0 -0 0
0 -0 0
0 -0 0
0 -0 0
0 -0 0
0 -0 0
0 -0 0
0 -0 0
0 -0 0
0 -0 0
0 -0 0
0 -0 0
0 -0 0
0 -0 0
0 -0 0
0 -0 0
0 -0 0
0 -0 0
0 -0 0
0 -0 0
0 -0 0
0 -0 0
0 -0 0
-0 -0 0
-0 -0 0
-0 -0 0
-0 -0 0
-0 -0 0
-0 -0 0
-0 -0 0
-0 -0 0
-0 -0 0
-0 -0 0
-0 -0 0
-0 -0 0
-0 -0 0
-0 -0 0
-0 -0 0
-0 -0 0
-0 -0 0
-0 -0 0
-0 -0 0
-0 -0 0
-0 -0 0
-0 -0 0
-0 -0 0
-0 -0 0
-0 -0 0
-0 -0 0
-0 -0 0
-0 -0 0
-0 -0 0
-0 -0 0
-0 -0 0
-0 -0 0
-0 -0 0
-0 -0 0
-0 -0 0
-0 -0 0
-0.098696455 -0.11443119 0.25325
-0.096385792 -0.11431823 0.25300002
-0.09352117 -0.11352748 0.25125
-0.091141507 -0.11330156 0.25075001
-0.088947959 -0.11330156 0.25075001
-0.086581424 -0.11307564 0.25025001
-0.084560864 -0.11330156 0.25075001
-0.082613677 -0.11364045 0.25150001
-0.080813244 -0.11420526 0.25275001
-0.079146415 -0.114996 0.2545
-0.076995634 -0.11510897 0.25475001
-0.07476709 -0.11510897 0.25475001
-0.07268092 -0.11533489 0.25525001
-0.070517011 -0.11544786 0.25550002
-0.06841553 -0.11567378 0.25600001
-0.066369936 -0.11601267 0.25675002
-0.064311214 -0.11635156 0.25750002
-0.06199836 -0.11623859 0.25725001
-0.059864078 -0.11646452 0.25775
-0.05805631 -0.11736822 0.25975001
-0.055730343 -0.11725526 0.25950003
-0.05351175 -0.11736822 0.25975001
-0.051288787 -0.11748119 0.26000002
-0.049108576 -0.11770711 0.26050001
-0.046829738 -0.11770711 0.26050001
-0.044508137 -0.11759414 0.26025
-0.042272054 -0.11770711 0.26050001
-0.040185124 -0.11827192 0.26175001
-0.03804012 -0.11872377 0.26275
-0.035809614 -0.1189497 0.26325002
-0.033506718 -0.1189497 0.26325002
-0.031233449 -0.11906265 0.26350001
-0.02903815 -0.11951452 0.26450002
-0.026825354 -0.11996636 0.26550001
-0.024571989 -0.12030525 0.26625001
-0.02220108 -0.12007933 0.26575002
-0.019895008 -0.12019228 0.266
-0.017716657 -0.12120895 0.26825002
-0.015427315 -0.1216608 0.26925001
-0.01307193 -0.1216608 0.26925001
-0.010686693 -0.12132191 0.2685
-0.0083456319 -0.12143487 0.26875001
-0.0060057729 -0.1216608 0.26925001
-0.0036537771 -0.12177376 0.26950002
-0.0012974067 -0.12188672 0.26975
0.0010574298 -0.12132191 0.2685
0 -0 0
0 -0 0
0.0082246317 -0.12312932 0.27250001
0.010657111 -0.12369413 0.27375001
0.013028024 -0.12346821 0.27325001
0.015432509 -0.12358117 0.27350003
0.01787395 -0.12392005 0.27425
0.020310039 -0.12414598 0.27475002
0.022734204 -0.12425894 0.27500001
0.025139891 -0.12425894 0.27500001
0.02759566 -0.12448486 0.2755
0.03019632 -0.12527561 0.27725002
0.032680519 -0.12550153 0.27775002
0.03520507 -0.12584043 0.27850002
0.037708953 -0.12606634 0.27900001
0.040149629 -0.12606634 0.27900001
0.042552143 -0.12595338 0.27875
0.045152038 -0.12640524 0.27975002
0.047726892 -0.12674412 0.28050002
0.050180692 -0.12674412 0.28050002
0.052728314 -0.12697005 0.28100002
0.05523558 -0.127083 0.28125
0.057952367 -0.12764782 0.2825
0.060370196 -0.12753487 0.28225002
0.062783644 -0.1274219 0.28200001
0.065539792 -0.12798671 0.28325
0.067957625 -0.12787375 0.28300002
0.070495509 -0.12798671 0.28325
0.073037773 -0.12809968 0.28350002
0.075517818 -0.12809968 0.28350002
0.078066647 -0.12821265 0.28375003
0.080619842 -0.1283256 0.28400001
0.083396889 -0.12877746 0.28500003
0.086116068 -0.12911633 0.28575
0.089003444 -0.12968114 0.287
0 -0 0
0 -0 0
0 -0 0
0 -0 0
0 -0 0
0 -0 0
0 -0 0
0 -0 0
0 -0 0
0 -0 0
0 -0 0
0 -0 0
0 -0 0
0 -0 0
0 -0 0
0 -0 0
0 -0 0
0 -0 0
0 -0 0
0 -0 0
0 -0 0
0 -0 0
0 -0 0
0 -0 0
0 -0 0
0 -0 0
0 -0 0
0 -0 0
0 -0 0
0 -0 0
0 -0 0
0 -0 0
0 -0 0
0 -0 0
0 -0 0
0 -0 0
0 -0 0
0 -0 0
0 -0 0
0 -0 0
0 -0 0
0 -0 0
0 -0 0
-0 -0 0
-0 -0 0
-0 -0 0
-0 -0 0
-0 -0 0
-0 -0 0
-0 -0 0
-0 -0 0
-0 -0 0
-0 -0 0
-0 -0 0
-0 -0 0
-0 -0 0
-0 -0 0
-0 -0 0
-0 -0 0
-0 -0 0
-0 -0 0
-0 -0 0
-0 -0 0
-0 -0 0
-0 -0 0
-0 -0 0
-0 -0 0
-0 -0 0
-0 -0 0
-0 -0 0
-0 -0 0
-0 -0 0
-0 -0 0
-0 -0 0
-0 -0 0
-0 -0 0
-0 -0 0
-0 -0 0
-0.10111111 -0.11243904 0.25375003
-0.098891325 -0.11243904 0.25375003
-0.096481033 -0.11221747 0.25325
-0.09352117 -0.11133125 0.25125
-0.091232382 -0.11122048 0.25100002
-0.089391373 -0.11166359 0.252
-0.08718688 -0.11166359 0.252
-0.085741177 -0.11266059 0.25425002
-0.083845489 -0.11310369 0.25525001
-0.081932321 -0.11354681 0.25625002
-0.079846144 -0.11376836 0.25675002
-0.07767567 -0.11387913 0.257
-0.075427443 -0.11387913 0.257
-0.073321603 -0.11410069 0.25750002
-0.071275994 -0.11443301 0.25825
-0.069150463 -0.11465458 0.25875002
-0.066951558 -0.11476535 0.259
-0.064748272 -0.11487613 0.25925002
-0.062600873 -0.11509769 0.25975001
-0.060560849 -0.1155408 0.26075003
-0.058335695 -0.11565157 0.26100001
-0.056106173 -0.11576235 0.26125002
-0.053923775 -0.1159839 0.26175001
-0.051781949 -0.11631624 0.26250002
-0.049626999 -0.11664858 0.26325002
-0.047279157 -0.11653779 0.26300001
-0.045063954 -0.11675934 0.26350001
-0.042799439 -0.11687013 0.26375002
-0.040645696 -0.11731323 0.26475
-0.038510647 -0.11786711 0.266
-0.036183693 -0.11786711 0.266
-0.03388856 -0.11797789 0.26625001
-0.03152978 -0.11786711 0.266
-0.029285165 -0.11819945 0.26675001
-0.027077945 -0.11875334 0.26800001
-0.024733495 -0.11875334 0.26800001
-0.022389047 -0.11875334 0.26800001
-0.02011939 -0.11919645 0.26900002
-0.017815724 -0.11952878 0.26975
-0.015498936 -0.11986111 0.2705
-0.013169029 -0.12019344 0.27125001
-0.010776247 -0.11997189 0.27075002
-0.008423266 -0.12019344 0.27125001
-0.0060671135 -0.12052578 0.27200001
-0.0036978393 -0.12085811 0.27275002
-0.0013118358 -0.12085811 0.27275002
0.0010741677 -0.12085811 0.27275002
0 -0 0
0 -0 0
0 -0 0
0.010744704 -0.12229822 0.27600002
0.013159139 -0.12229822 0.27600002
0.015629997 -0.12274132 0.27700001
0.018036885 -0.12263054 0.27675
0.020476362 -0.12274132 0.27700001
0.022940878 -0.12296288 0.2775
0.025436999 -0.12329521 0.27825001
0.028046405 -0.12407064 0.28
0.030495832 -0.12407064 0.28
0.033033505 -0.12440298 0.28075001
0.035521094 -0.12451377 0.28100002
0.037979268 -0.12451377 0.28100002
0.040509392 -0.12473532 0.28150001
0.042971943 -0.12473532 0.28150001
0.045474842 -0.1248461 0.28175002
0.047982112 -0.12495687 0.28200001
0.05053848 -0.12517843 0.2825
0.053150512 -0.12551075 0.28325
0.05567747 -0.12562154 0.28350002
0.058157511 -0.12562154 0.28350002
0.060637556 -0.12562154 0.28350002
0.06322892 -0.12584309 0.28400001
0.066060416 -0.12650776 0.28550002
0.068437889 -0.12628621 0.28500003
0.070931055 -0.12628621 0.28500003
0.073488623 -0.12639697 0.28525001
0.075917386 -0.12628621 0.28500003
0.078341767 -0.12617542 0.28475001
0.081329517 -0.12695086 0.28650001
0.084274746 -0.12761553 0.28800002
0.086944833 -0.12783708 0.28850001
0.089933798 -0.12850176 0.29000002
0 -0 0
0 -0 0
0 -0 0
0 -0 0
0 -0 0
0 -0 0
0 -0 0
0 -0 0
0 -0 0
0 -0 0
0 -0 0
0 -0 0
0 -0 0
0 -0 0
0 -0 0
0 -0 0
0 -0 0
0 -0 0
0 -0 0
0 -0 0
0 -0 0
0 -0 0
0 -0 0
0 -0 0
0 -0 0
0 -0 0
0 -0 0
0 -0 0
0 -0 0
0 -0 0
0 -0 0
0 -0 0
0 -0 0
0 -0 0
0 -0 0
0 -0 0
0 -0 0
0 -0 0
0 -0 0
0 -0 0
0 -0 0
0 -0 0
0 -0 0
-0 -0 0
-0 -0 0
-0 -0 0
-0 -0 0
-0 -0 0
-0 -0 0
-0 -0 0
-0 -0 0
-0 -0 0
-0 -0 0
-0 -0 0
-0 -0 0
-0 -0 0
-0 -0 0
-0 -0 0
-0 -0 0
-0 -0 0
-0 -0 0
-0 -0 0
-0 -0 0
-0 -0 0
-0 -0 0
-0 -0 0
-0 -0 0
-0 -0 0
-0 -0 0
-0 -0 0
-0 -0 0
-0 -0 0
-0 -0 0
-0 -0 0
-0 -0 0
-0 -0 0
-0.10669459 -0.11141545 0.25650001
-0.10404353 -0.11098109 0.25550002
-0.10131034 -0.11043813 0.25425002
-0.098599032 -0.10989517 0.25300002
-0.096481033 -0.11000375 0.25325
-0.094079509 -0.10978657 0.25275001
-0.09186846 -0.10978657 0.25275001
-0.090189517 -0.11043813 0.25425002
-0.088397816 -0.11098109 0.25550002
-0.086415648 -0.11130687 0.25625002
-0.084256098 -0.11141545 0.25650001
-0.082172118 -0.11163263 0.257
-0.080234878 -0.11206701 0.25800002
-0.078053467 -0.11217559 0.25825
-0.075941056 -0.11239279 0.25875002
-0.073819898 -0.11260997 0.25925002
-0.071689993 -0.11282715 0.25975001
-0.069618151 -0.11315293 0.26050001
-0.067533188 -0.11347871 0.26125002
-0.065372653 -0.11369589 0.26175001
-0.063143134 -0.11380448 0.26200002
-0.060851172 -0.11380448 0.26200002
-0.058726832 -0.11413025 0.26275
-0.056482002 -0.11423885 0.26300001
-0.054181289 -0.11423885 0.26300001
-0.052077841 -0.11467321 0.264
-0.04990977 -0.11499899 0.26475
-0.047638696 -0.11510759 0.26500002
-0.045405999 -0.11532477 0.26550001
-0.043245692 -0.11575914 0.26650003
-0.041067891 -0.1161935 0.26750001
-0.038691618 -0.11608491 0.26725
-0.036319721 -0.11597633 0.26700002
-0.03414312 -0.11651929 0.26825002
-0.031885382 -0.11684506 0.26900002
-0.029477287 -0.11662786 0.2685
-0.027229503 -0.11706224 0.26950002
-0.025010364 -0.1177138 0.27100003
-0.022660555 -0.11782239 0.27125001
-0.020306373 -0.11793098 0.27150002
-0.017931305 -0.11793098 0.27150002
-0.015570558 -0.11803956 0.27175
-0.013241854 -0.11847394 0.27275002
-0.010865799 -0.11858252 0.273
-0.0085008992 -0.1189083 0.27375001
-0.0061173006 -0.11912549 0.27425
-0.0037215652 -0.11923409 0.27450001
-0.0013250624 -0.11966845 0.2755
0.0010889361 -0.12010282 0.27650002
0.0034792002 -0.11912549 0.27425
0 -0 0
0 -0 0
0.010793366 -0.1204286 0.27725002
0.013278333 -0.12097156 0.27850002
0.015742851 -0.12118874 0.27900001
0.018199822 -0.12129734 0.27925003
0.020679647 -0.12151452 0.27975002
0.023147553 -0.12162311 0.28
0.025734106 -0.12227466 0.28150001
0.028246736 -0.12249184 0.28200001
0.030740889 -0.12260044 0.28225002
0.033298243 -0.12292622 0.28300002
0.035773914 -0.12292622 0.28300002
0.038249582 -0.12292622 0.28300002
0.040833183 -0.123252 0.28375003
0.043315414 -0.123252 0.28375003
0.045878343 -0.12346917 0.28425002
0.048322409 -0.12336058 0.28400001
0.050851554 -0.12346917 0.28425002
0.053525802 -0.12390354 0.28525001
0.056021154 -0.12390354 0.28525001
0.058619078 -0.12412072 0.28575
0.061118804 -0.12412072 0.28575
0.063674189 -0.12422932 0.28600001
0.066233955 -0.12433791 0.28625003
0.068798088 -0.1244465 0.28650001
0.071428813 -0.12466368 0.287
0.073939472 -0.12466368 0.287
0.076583326 -0.12488087 0.28750002
0.07985495 -0.12607537 0.29025
0.08296179 -0.12694411 0.29225001
0.08559154 -0.12705271 0.29250002
0.088074967 -0.12694411 0.29225001
0.090631559 -0.12694411 0.29225001
0.093267865 -0.12705271 0.29250002
0 -0 0
0 -0 0
0 -0 0
0 -0 0
0 -0 0
0 -0 0
0 -0 0
0 -0 0
0 -0 0
0 -0 0
0 -0 0
0 -0 0
0 -0 0
0 -0 0
0 -0 0
0 -0 0
0 -0 0
0 -0 0
0 -0 0
0 -0 0
0 -0 0
0 -0 0
0 -0 0
0 -0 0
0 -0 0
0 -0 0
0 -0 0
0 -0 0
0 -0 0
0 -0 0
0 -0 0
0 -0 0
0 -0 0
0 -0 0
0 -0 0
0 -0 0
0 -0 0
0 -0 0
0 -0 0
0 -0 0
0 -0 0
0 -0 0
-0 -0 0
-0 -0 0
-0 -0 0
-0 -0 0
-0 -0 0
-0 -0 0
-0 -0 0
-0 -0 0
-0 -0 0
-0 -0 0
-0 -0 0
-0 -0 0
-0 -0 0
-0 -0 0
-0 -0 0
-0 -0 0
-0 -0 0
-0 -0 0
-0 -0 0
-0 -0 0
-0 -0 0
-0 -0 0
-0 -0 0
-0 -0 0
-0 -0 0
-0 -0 0
-0 -0 0
-0 -0 0
-0 -0 0
-0 -0 0
-0 -0 0
-0 -0 0
-0.10946933 -0.10970536 0.25775
-0.10669459 -0.10917333 0.25650001
-0.10373811 -0.10842849 0.25475001
-0.10121072 -0.10810926 0.25400001
-0.098891325 -0.10800286 0.25375003
-0.096957244 -0.10832207 0.2545
-0.094730899 -0.10832207 0.2545
-0.092868023 -0.10874771 0.25550002
-0.091165006 -0.10938614 0.257
-0.089176267 -0.10970536 0.25775
-0.087005801 -0.10981177 0.25800002
-0.08483094 -0.10991817 0.25825
-0.082971461 -0.11045022 0.25950003
-0.08085686 -0.11066303 0.26000002
-0.078733511 -0.11087584 0.26050001
-0.076381288 -0.11076943 0.26025
-0.074389391 -0.11119506 0.26125002
-0.072310992 -0.11151429 0.26200002
-0.070286267 -0.11193991 0.26300001
-0.067985557 -0.11193991 0.26300001
-0.065809719 -0.11215272 0.26350001
-0.063625135 -0.11236553 0.264
-0.06143181 -0.11257835 0.26450002
-0.059397362 -0.11311039 0.26575002
-0.056965217 -0.11289757 0.26525003
-0.054747827 -0.11311039 0.26575002
-0.052521691 -0.11332319 0.26625001
-0.050239678 -0.11342961 0.26650003
-0.047953289 -0.113536 0.26675001
-0.045790795 -0.11396164 0.26775002
-0.043610804 -0.11438726 0.26875001
-0.041298181 -0.11449367 0.26900002
-0.038944982 -0.11449367 0.26900002
-0.0366938 -0.11481288 0.26975
-0.034461323 -0.11523852 0.27075002
-0.032181714 -0.11555774 0.27150002
-0.029724305 -0.11523852 0.27075002
-0.027482094 -0.11577055 0.27200001
-0.02517187 -0.11608977 0.27275002
-0.022806752 -0.11619617 0.273
-0.020418562 -0.11619617 0.273
-0.018079905 -0.11651539 0.27375001
-0.0157711 -0.11715384 0.27525002
-0.013338952 -0.11694103 0.27475002
-0.010935453 -0.11694103 0.27475002
-0.0085552428 -0.11726024 0.2755
-0.0061730645 -0.11779227 0.27675
-0.003762238 -0.11811149 0.2775
-0.0013334793 -0.11800509 0.27725002
0.0010948436 -0.11832432 0.27800003
0.0035172591 -0.11800509 0.27725002
0 -0 0
0 -0 0
0.010910157 -0.11928197 0.28025001
0.01334985 -0.11917556 0.28
0.015813382 -0.11928197 0.28025001
0.018297581 -0.11949478 0.28075001
0.020827493 -0.11992042 0.28175002
0.023374896 -0.12034604 0.28275001
0.025871234 -0.12045245 0.28300002
0.028396986 -0.12066526 0.28350002
0.030985942 -0.12109088 0.2845
0.033562981 -0.1214101 0.28525001
0.036089934 -0.12151652 0.28550002
0.038587477 -0.12151652 0.28550002
0.041049037 -0.1214101 0.28525001
0.043658882 -0.12172933 0.28600001
0.046160795 -0.12172933 0.28600001
0.048662711 -0.12172933 0.28600001
0.051209349 -0.12183574 0.28625003
0.053854179 -0.12215494 0.287
0.056413941 -0.12226136 0.28725001
0.058926791 -0.12226136 0.28725001
0.061546583 -0.12247417 0.28775001
0.064008154 -0.12236777 0.28750002
0.066465341 -0.12226136 0.28725001
0.069098249 -0.12247417 0.28775001
0.071926571 -0.1230062 0.289
0.074647956 -0.12332542 0.28975001
0.077915207 -0.1244959 0.29250002
0.080749109 -0.12492152 0.29350001
0.083387598 -0.12502794 0.29375002
0.086469397 -0.12577277 0.29550001
0.088828385 -0.12545356 0.29475001
0.091794491 -0.12598559 0.296
0.09470275 -0.12641123 0.29700002
0 -0 0
0 -0 0
0 -0 0
0 -0 0
0 -0 0
0 -0 0
0 -0 0
0 -0 0
0 -0 0
0 -0 0
0 -0 0
0 -0 0
0 -0 0
0 -0 0
0 -0 0
0 -0 0
0 -0 0
0 -0 0
0 -0 0
0 -0 0
0 -0 0
0 -0 0
0 -0 0
0 -0 0
0 -0 0
0 -0 0
0 -0 0
0 -0 0
0 -0 0
0 -0 0
0 -0 0
0 -0 0
0 -0 0
0 -0 0
0 -0 0
0 -0 0
0 -0 0
0 -0 0
0 -0 0
0 -0 0
0 -0 0
0 -0 0
-0 -0 0
-0 -0 0
-0 -0 0
-0 -0 0
-0 -0 0
-0 -0 0
-0 -0 0
-0 -0 0
-0 -0 0
-0 -0 0
-0 -0 0
-0 -0 0
-0 -0 0
-0 -0 0
-0 -0 0
-0 -0 0
-0 -0 0
-0 -0 0
-0 -0 0
-0 -0 0
-0 -0 0
-0 -0 0
-0 -0 0
-0 -0 0
-0 -0 0
-0 -0 0
-0 -0 0
-0 -0 0
-0 -0 0
-0 -0 0
-0.11464221 -0.10807764 0.25925002
-0.11226593 -0.10797341 0.259
-0.10946933 -0.10745231 0.25775
-0.10627863 -0.10651432 0.25550002
-0.10353451 -0.10599321 0.25425002
-0.10150957 -0.10620166 0.25475001
-0.099378474 -0.10630588 0.25500003
-0.097623952 -0.10682698 0.25625002
-0.095475346 -0.1069312 0.25650001
-0.093504101 -0.10724387 0.25725001
-0.091697104 -0.10776497 0.25850001
-0.089608744 -0.10797341 0.259
-0.08742734 -0.10807764 0.25925002
-0.08548791 -0.10849452 0.26025
-0.08361093 -0.10901563 0.2615
-0.081478834 -0.10922408 0.26200002
-0.079337992 -0.10943252 0.26250002
-0.077261776 -0.10974519 0.26325002
-0.075101249 -0.10995363 0.26375002
-0.072931975 -0.11016206 0.26425001
-0.07095439 -0.11068317 0.26550001
-0.068761058 -0.11089162 0.266
-0.066371664 -0.1107874 0.26575002
-0.064167403 -0.11099584 0.26625001
-0.061954383 -0.11120428 0.26675001
-0.059956133 -0.11182962 0.26825002
-0.057502117 -0.11162117 0.26775002
-0.055159852 -0.11162117 0.26775002
-0.052916221 -0.11182962 0.26825002
-0.050569583 -0.11182962 0.26825002
-0.04835777 -0.11214228 0.26900002
-0.046218347 -0.11266339 0.27025002
-0.043935351 -0.11287183 0.27075002
-0.041566845 -0.11287183 0.27075002
-0.039162144 -0.1127676 0.2705
-0.036863841 -0.11297605 0.27100003
-0.034652248 -0.11349716 0.27225003
-0.03241878 -0.11401827 0.27350003
-0.03005366 -0.11412248 0.27375001
-0.02765891 -0.11412248 0.27375001
-0.025333375 -0.11443514 0.27450001
-0.023015605 -0.11485203 0.2755
-0.020680338 -0.11526892 0.27650002
-0.01827804 -0.11537313 0.27675
-0.015885694 -0.11558159 0.27725002
-0.013460326 -0.11558159 0.27725002
-0.011044906 -0.1156858 0.2775
-0.0086328778 -0.11589425 0.27800003
-0.0062232525 -0.11631113 0.27900001
-0.0037893532 -0.11651957 0.27950001
-0.0013515155 -0.11714491 0.28100002
0.001107643 -0.11724912 0.28125
0.003552146 -0.11672802 0.28
0.0060283649 -0.11724912 0.28125
0 -0 0
0 -0 0
0.013469045 -0.11777022 0.2825
0.015982661 -0.1180829 0.28325
0.018444223 -0.11797868 0.28300002
0.020975336 -0.11829135 0.28375003
0.023478232 -0.11839556 0.28400001
0.02600836 -0.118604 0.2845
0.028622359 -0.11912511 0.28575
0.031231001 -0.119542 0.28675002
0.033739474 -0.119542 0.28675002
0.036279548 -0.11964621 0.287
0.038823999 -0.11975044 0.28725001
0.041264899 -0.119542 0.28675002
0.043964189 -0.1200631 0.28800002
0.046604652 -0.12037577 0.28875002
0.049088083 -0.12027155 0.28850001
0.051477693 -0.11995888 0.28775001
0.054323297 -0.12068844 0.28950003
0.056855831 -0.12068844 0.28950003
0.059337076 -0.12058421 0.28925002
0.061974362 -0.12079266 0.28975001
0.064453423 -0.12068844 0.28950003
0.066928111 -0.12058421 0.28925002
0.069638558 -0.12089688 0.29000002
0.072486557 -0.12141798 0.29125002
0.075485252 -0.12214753 0.29300001
0.078780934 -0.12329397 0.29575002
0.081574492 -0.12360664 0.29650003
0.084239215 -0.12371086 0.29675001
0.087347262 -0.1244404 0.2985
0.089807838 -0.12423196 0.29800001
0.09249226 -0.12433619 0.29825002
0.09518104 -0.1244404 0.2985
0 -0 0
0 -0 0
0 -0 0
0 -0 0
0 -0 0
0 -0 0
0 -0 0
0 -0 0
0 -0 0
0 -0 0
0 -0 0
0 -0 0
0 -0 0
0 -0 0
0 -0 0
0 -0 0
0 -0 0
0 -0 0
0 -0 0
0 -0 0
0 -0 0
0 -0 0
0 -0 0
0 -0 0
0 -0 0
0 -0 0
0 -0 0
0 -0 0
0 -0 0
0 -0 0
0 -0 0
0 -0 0
0 -0 0
0 -0 0
0 -0 0
0 -0 0
0 -0 0
0 -0 0
0 -0 0
0 -0 0
0 -0 0
0 -0 0
-0 -0 0
-0 -0 0
-0 -0 0
-0 -0 0
-0 -0 0
-0 -0 0
-0 -0 0
-0 -0 0
-0 -0 0
-0 -0 0
-0 -0 0
-0 -0 0
-0 -0 0
-0 -0 0
-0 -0 0
-0 -0 0
-0 -0 0
-0 -0 0
-0 -0 0
-0 -0 0
-0 -0 0
-0 -0 0
-0 -0 0
-0 -0 0
-0 -0 0
-0 -0 0
-0 -0 0
-0 -0 0
-0 -0 0
-0.11724833 -0.10611758 0.26000002
-0.11464221 -0.10581148 0.25925002
-0.11204921 -0.10550537 0.25850001
-0.10925698 -0.10499518 0.25725001
-0.10669459 -0.10468908 0.25650001
-0.10455255 -0.10479112 0.25675002
-0.10250574 -0.10499518 0.25725001
-0.1001579 -0.10489315 0.257
-0.098385885 -0.10540333 0.25825
-0.096685074 -0.10601555 0.25975001
-0.094503663 -0.10611758 0.26000002
-0.092495248 -0.1064237 0.26075003
-0.090387203 -0.10662777 0.26125002
-0.088523343 -0.10713795 0.26250002
-0.086144879 -0.10703591 0.26225001
-0.084250398 -0.10754608 0.26350001
-0.082178555 -0.1078522 0.26425001
-0.080244713 -0.10836238 0.26550001
-0.077922128 -0.10836238 0.26550001
-0.075670741 -0.10846442 0.26575002
-0.073483974 -0.10866849 0.26625001
-0.071355261 -0.1089746 0.26700002
-0.069213443 -0.10928071 0.26775002
-0.066996045 -0.10948478 0.26825002
-0.064830162 -0.10979089 0.26900002
-0.06265115 -0.11009699 0.26975
-0.060514905 -0.11050514 0.27075002
-0.058200087 -0.11060718 0.27100003
-0.055571873 -0.11009699 0.26975
-0.053360064 -0.1104031 0.2705
-0.05127652 -0.11101532 0.27200001
-0.04898696 -0.11121939 0.27250001
-0.046645898 -0.11132143 0.27275002
-0.044341031 -0.1115255 0.27325001
-0.042027421 -0.11172957 0.27375001
-0.039451696 -0.11121939 0.27250001
-0.037203912 -0.11162754 0.27350003
-0.035097729 -0.11254586 0.27575001
-0.032685477 -0.11254586 0.27575001
-0.030300679 -0.1126479 0.27600002
-0.02801254 -0.11315808 0.27725002
-0.025633315 -0.11336215 0.27775002
-0.023203574 -0.11336215 0.27775002
-0.020829925 -0.11366826 0.27850002
-0.018410131 -0.11377029 0.27875
-0.016014613 -0.1140764 0.27950001
-0.013605974 -0.11438251 0.28025001
-0.011164311 -0.11448455 0.28050002
-0.0087338006 -0.11479065 0.28125
-0.0062678638 -0.11468862 0.28100002
-0.0038232473 -0.11509676 0.28200001
-0.00135873 -0.11530083 0.2825
0.0011115813 -0.1151988 0.28225002
0.0035743474 -0.11499473 0.28175002
0.0060390825 -0.11499473 0.28175002
0 -0 0
0 -0 0
0.013576321 -0.11621916 0.28475001
0.016137833 -0.11672934 0.28600001
0.018672332 -0.11693341 0.28650001
0.02121558 -0.11713748 0.287
0.023684908 -0.11693341 0.28650001
0.026259759 -0.11723952 0.28725001
0.02882269 -0.11744359 0.28775001
0.031476054 -0.11795377 0.289
0.03409246 -0.11825988 0.28975001
0.036658779 -0.11836192 0.29000002
0.039229471 -0.11846396 0.29025
0.041768566 -0.11846396 0.29025
0.044345822 -0.11856599 0.29050002
0.046846751 -0.11846396 0.29025
0.049385842 -0.11846396 0.29025
0.051924936 -0.11846396 0.29025
0.054604761 -0.11877006 0.29100001
0.057150416 -0.11877006 0.29100001
0.059747357 -0.11887211 0.29125002
0.062241722 -0.11877006 0.29100001
0.065121338 -0.11938228 0.29250002
0.068142883 -0.12019858 0.29450002
0.070719153 -0.12019858 0.29450002
0.07373096 -0.12091283 0.29625002
0.076580167 -0.12132096 0.29725
0.079513468 -0.12183114 0.2985
0.082606204 -0.12254541 0.30025002
0.085232772 -0.12254541 0.30025002
0.088078819 -0.12285151 0.30100003
0.090862632 -0.12305558 0.30150002
0.093577661 -0.12315761 0.30175
0.096376792 -0.1233617 0.30225003
0 -0 0
0 -0 0
0 -0 0
0 -0 0
0 -0 0
0 -0 0
0 -0 0
0 -0 0
0 -0 0
0 -0 0
0 -0 0
0 -0 0
0 -0 0
0 -0 0
0 -0 0
0 -0 0
0 -0 0
0 -0 0
0 -0 0
0 -0 0
0 -0 0
0 -0 0
0 -0 0
0 -0 0
0 -0 0
0 -0 0
0 -0 0
0 -0 0
0 -0 0
0 -0 0
0 -0 0
0 -0 0
0 -0 0
0 -0 0
0 -0 0
0 -0 0
0 -0 0
0 -0 0
0 -0 0
0 -0 0
0 -0 0
0 -0 0
-0 -0 0
-0 -0 0
-0 -0 0
-0 -0 0
-0 -0 0
-0 -0 0
-0 -0 0
-0 -0 0
-0 -0 0
-0 -0 0
-0 -0 0
-0 -0 0
-0 -0 0
-0 -0 0
-0 -0 0
-0 -0 0
-0 -0 0
-0 -0 0
-0 -0 0
-0 -0 0
-0 -0 0
-0 -0 0
-0 -0 0
-0 -0 0
-0 -0 0
-0 -0 0
-0 -0 0
-0 -0 0
-0.1195228 -0.10384487 0.26000002
-0.11724833 -0.10384487 0.26000002
-0.11453166 -0.10344546 0.259
-0.11204921 -0.10324576 0.25850001
-0.10978787 -0.10324576 0.25850001
-0.10763051 -0.10334561 0.25875002
-0.10526517 -0.10324576 0.25850001
-0.10310344 -0.10334561 0.25875002
-0.10142449 -0.10394471 0.26025
-0.099528812 -0.10434412 0.26125002
-0.097336464 -0.10444397 0.2615
-0.095139742 -0.10454382 0.26175001
-0.093116015 -0.10484338 0.26250002
-0.091252148 -0.10534263 0.26375002
-0.089197807 -0.10564218 0.26450002
-0.087212451 -0.10604158 0.26550001
-0.085049741 -0.10624128 0.266
-0.082878284 -0.10644099 0.26650003
-0.080773629 -0.10674053 0.26725
-0.078435734 -0.10674053 0.26725
-0.076097846 -0.10674053 0.26725
-0.073897965 -0.10694025 0.26775002
-0.071956567 -0.10753934 0.26925001
-0.069730431 -0.10773904 0.26975
-0.067495555 -0.10793875 0.27025002
-0.065312169 -0.10823831 0.27100003
-0.062941477 -0.10823831 0.27100003
-0.06079429 -0.10863771 0.27200001
-0.058629602 -0.1090371 0.273
-0.056189913 -0.10893726 0.27275002
-0.053853225 -0.1090371 0.273
-0.05160642 -0.10933666 0.27375001
-0.049481325 -0.10993577 0.27525002
-0.047116201 -0.11003561 0.2755
-0.044746712 -0.11013547 0.27575001
-0.042372853 -0.11023532 0.27600002
-0.039958417 -0.11023532 0.27600002
-0.037680011 -0.11063472 0.27700001
-0.035320468 -0.11083442 0.2775
-0.032922544 -0.11093427 0.27775002
-0.030575141 -0.11123383 0.27850002
-0.028214615 -0.11153338 0.27925003
-0.025840964 -0.11183292 0.28
-0.023454197 -0.11213248 0.28075001
-0.020979512 -0.11203264 0.28050002
-0.018542223 -0.11213248 0.28075001
-0.016143532 -0.11253189 0.28175002
-0.013703072 -0.11273159 0.28225002
-0.011224013 -0.11263173 0.28200001
-0.0087881451 -0.11303114 0.28300002
-0.006340357 -0.1135304 0.28425002
-0.0038571411 -0.11363024 0.2845
-0.0013659445 -0.11343054 0.28400001
0.0011194579 -0.1135304 0.28425002
0.0036250919 -0.11412949 0.28575
0.0061355364 -0.1143292 0.28625003
0 -0 0
0 -0 0
0 -0 0
0.016222471 -0.11482846 0.28750002
0.018770093 -0.11502816 0.28800002
0.021381905 -0.11552741 0.28925002
0.023974253 -0.11582696 0.29000002
0.026534012 -0.11592681 0.29025
0.029048065 -0.11582696 0.29000002
0.031666655 -0.11612652 0.29075003
0.034268953 -0.11632622 0.29125002
0.036848392 -0.11642607 0.2915
0.039398421 -0.11642607 0.2915
0.042020403 -0.11662578 0.29200003
0.044612966 -0.11672562 0.29225001
0.047169555 -0.11672562 0.29225001
0.049683608 -0.11662578 0.29200003
0.052148558 -0.11642607 0.2915
0.054792412 -0.11662578 0.29200003
0.057395909 -0.11672562 0.29225001
0.06020892 -0.11722487 0.29350001
0.063311167 -0.11822338 0.296
0.06595622 -0.11832324 0.29625002
0.068663493 -0.11852293 0.29675001
0.071799755 -0.1194216 0.29900002
0.074850932 -0.12012055 0.30075002
0.077546284 -0.12022041 0.30100003
0.080246001 -0.12032025 0.30125001
0.082950115 -0.12042011 0.30150002
0.08587148 -0.1208195 0.30250001
0.088956676 -0.12141861 0.30400002
0.091992758 -0.12191787 0.30525002
0.094973192 -0.12231726 0.30625001
0.097572535 -0.12221742 0.30600002
0.1000856 -0.12201771 0.3055
0 -0 0
0 -0 0
0 -0 0
0 -0 0
0 -0 0
0 -0 0
0 -0 0
0 -0 0
0 -0 0
0 -0 0
0 -0 0
0 -0 0
0 -0 0
0 -0 0
0 -0 0
0 -0 0
0 -0 0
0 -0 0
0 -0 0
0 -0 0
0 -0 0
0 -0 0
0 -0 0
0 -0 0
0 -0 0
0 -0 0
0 -0 0
0 -0 0
0 -0 0
0 -0 0
0 -0 0
0 -0 0
0 -0 0
0 -0 0
0 -0 0
0 -0 0
0 -0 0
0 -0 0
0 -0 0
0 -0 0
0 -0 0
-0 -0 0
-0 -0 0
-0 -0 0
-0 -0 0
-0 -0 0
-0 -0 0
-0 -0 0
-0 -0 0
-0 -0 0
-0 -0 0
-0 -0 0
-0 -0 0
-0 -0 0
-0 -0 0
-0 -0 0
-0 -0 0
-0 -0 0
-0 -0 0
-0 -0 0
-0 -0 0
-0 -0 0
-0 -0 0
-0 -0 0
-0 -0 0
-0 -0 0
-0 -0 0
-0.12395243 -0.10147448 0.25975001
-0.12203149 -0.10176747 0.26050001
-0.1199825 -0.1019628 0.26100001
-0.11758655 -0.10186514 0.26075003
-0.11475277 -0.10137682 0.25950003
-0.11248267 -0.10137682 0.25950003
-0.11042494 -0.10157215 0.26000002
-0.10825445 -0.1016698 0.26025
-0.10618141 -0.10186514 0.26075003
-0.10469731 -0.10264646 0.26275
-0.10278852 -0.10303713 0.26375002
-0.10048123 -0.10303713 0.26375002
-0.098267019 -0.10313479 0.264
-0.095866695 -0.10303713 0.26375002
-0.09409152 -0.10362313 0.26525003
-0.091944113 -0.10381845 0.26575002
-0.089956574 -0.10420911 0.26675001
-0.088115782 -0.10479511 0.26825002
-0.085529342 -0.10450211 0.26750001
-0.083422504 -0.10479511 0.26825002
-0.08137811 -0.10518576 0.26925001
-0.079169467 -0.10538109 0.26975
-0.076952085 -0.10557643 0.27025002
-0.074794956 -0.10586943 0.27100003
-0.072557881 -0.10606476 0.27150002
-0.070182815 -0.10606476 0.27150002
-0.067932613 -0.10626009 0.27200001
-0.065794177 -0.10665075 0.273
-0.063405983 -0.10665075 0.273
-0.061185427 -0.10694375 0.27375001
-0.059005439 -0.10733441 0.27475002
-0.05680795 -0.10772507 0.27575001
-0.054346383 -0.1076274 0.2755
-0.051936325 -0.1076274 0.2755
-0.049706034 -0.10801807 0.27650002
-0.047329977 -0.10811573 0.27675
-0.045030691 -0.10840873 0.2775
-0.04271828 -0.10870173 0.27825001
-0.040284164 -0.10870173 0.27825001
-0.037986077 -0.10909239 0.27925003
-0.035575032 -0.10919005 0.27950001
-0.033189241 -0.10938538 0.28
-0.030794712 -0.10958072 0.28050002
-0.028391428 -0.10977605 0.28100002
-0.026002472 -0.11006905 0.28175002
-0.023600394 -0.11036204 0.2825
-0.021110401 -0.11026438 0.28225002
-0.018657802 -0.11036204 0.2825
-0.016301099 -0.11114336 0.2845
-0.013812308 -0.11114336 0.2845
-0.011293666 -0.11085037 0.28375003
-0.0088657783 -0.11153403 0.28550002
-0.0064072735 -0.11221769 0.28725001
-0.0038944248 -0.11221769 0.28725001
-0.0013791712 -0.11202236 0.28675002
0.0011322574 -0.11231536 0.28750002
0.0036504644 -0.11241301 0.28775001
0.0061730458 -0.11251068 0.28800002
0 -0 0
0 -0 0
0 -0 0
0 -0 0
0.018867856 -0.11309668 0.28950003
0.021474307 -0.11348734 0.29050002
0.024098257 -0.113878 0.2915
0.026693994 -0.11407334 0.29200003
0.029298479 -0.11426866 0.29250002
0.031857256 -0.11426866 0.29250002
0.034416031 -0.11426866 0.29250002
0.037006404 -0.11436632 0.29275
0.039601158 -0.11446399 0.29300001
0.042236257 -0.11465932 0.29350001
0.044841945 -0.11475699 0.29375002
0.047371306 -0.11465932 0.29350001
0.049938828 -0.11465932 0.29350001
0.052461632 -0.11456166 0.29325002
0.055120789 -0.11475699 0.29375002
0.058083285 -0.11553831 0.29575002
0.061080776 -0.11631964 0.29775003
0.063899368 -0.1167103 0.29875001
0.066512816 -0.1167103 0.29875001
0.069704726 -0.11768696 0.30125001
0.072580181 -0.11807762 0.30225003
0.07534869 -0.11827295 0.30275002
0.078383572 -0.11885893 0.30425
0.081244916 -0.11915193 0.30500001
0.083981827 -0.1192496 0.30525002
0.086865045 -0.11954261 0.30600002
0.089907698 -0.12003093 0.30725002
0.092670836 -0.12012859 0.3075
0.095670953 -0.12051926 0.30850002
0.098768272 -0.12100758 0.30975002
0.10172367 -0.12130059 0.31050003
0 -0 0
0 -0 0
0 -0 0
0 -0 0
0 -0 0
0 -0 0
0 -0 0
0 -0 0
0 -0 0
0 -0 0
0 -0 0
0 -0 0
0 -0 0
0 -0 0
0 -0 0
0 -0 0
0 -0 0
0 -0 0
0 -0 0
0 -0 0
0 -0 0
0 -0 0
0 -0 0
0 -0 0
0 -0 0
0 -0 0
0 -0 0
0 -0 0
0 -0 0
0 -0 0
0 -0 0
0 -0 0
0 -0 0
0 -0 0
0 -0 0
0 -0 0
0 -0 0
0 -0 0
0 -0 0
0 -0 0
0 -0 0
-0 -0 0
-0 -0 0
-0 -0 0
-0 -0 0
-0 -0 0
-0 -0 0
-0 -0 0
-0 -0 0
-0 -0 0
-0 -0 0
-0 -0 0
-0 -0 0
-0 -0 0
-0 -0 0
-0 -0 0
-0 -0 0
-0 -0 0
-0 -0 0
-0 -0 0
-0 -0 0
-0 -0 0
-0 -0 0
-0 -0 0
-0 -0 0
-0.13109414 -0.10120903 0.26500002
-0.12780404 -0.10044519 0.26300001
-0.12454893 -0.09968134 0.26100001
-0.12261705 -0.099967785 0.26175001
-0.12078698 -0.1003497 0.26275
-0.11837572 -0.10025423 0.26250002
-0.11552663 -0.099776827 0.26125002
-0.11324123 -0.099776827 0.26125002
-0.11159288 -0.1003497 0.26275
-0.10950235 -0.10054067 0.26325002
-0.10781027 -0.10111354 0.26475
-0.1057931 -0.10139999 0.26550001
-0.10356795 -0.10149547 0.26575002
-0.10152891 -0.10178191 0.26650003
-0.099476747 -0.10206835 0.26725
-0.097229727 -0.10216383 0.26750001
-0.095333062 -0.10264123 0.26875001
-0.093241535 -0.10292768 0.26950002
-0.091136888 -0.10321411 0.27025002
-0.088854864 -0.10330959 0.2705
-0.08656849 -0.10340507 0.27075002
-0.084277727 -0.10350056 0.27100003
-0.08198259 -0.10359603 0.27125001
-0.0799032 -0.10397796 0.27225003
-0.077735126 -0.10426439 0.273
-0.075346939 -0.10426439 0.273
-0.073025562 -0.10435987 0.27325001
-0.070893683 -0.10474179 0.27425
-0.068681873 -0.10502823 0.27500001
-0.066456936 -0.10531468 0.27575001
-0.064160816 -0.10550564 0.27625
-0.061967708 -0.10588756 0.27725002
-0.059596028 -0.10598303 0.2775
-0.057374485 -0.10636497 0.27850002
-0.055086132 -0.1066514 0.27925003
-0.052454747 -0.10626948 0.27825001
-0.050110511 -0.10646044 0.27875
-0.047843043 -0.10684236 0.27975002
-0.04547694 -0.10703332 0.28025001
-0.043102093 -0.10722428 0.28075001
-0.040718492 -0.10741524 0.28125
-0.038326152 -0.10760621 0.28175002
-0.035861414 -0.10760621 0.28175002
-0.033455942 -0.10779717 0.28225002
-0.031069174 -0.10808361 0.28300002
-0.028644022 -0.10827456 0.28350002
-0.026210122 -0.10846552 0.28400001
-0.023767475 -0.10865648 0.2845
-0.021278683 -0.10865648 0.2845
-0.018839426 -0.10894293 0.28525001
-0.016444342 -0.10961128 0.287
-0.013957958 -0.10980225 0.28750002
-0.011442922 -0.10980225 0.28750002
-0.0089589385 -0.11018417 0.28850001
-0.0064518843 -0.11047061 0.28925002
-0.00392154 -0.11047061 0.28925002
-0.0013911952 -0.11047061 0.28925002
0.0011440722 -0.11094801 0.29050002
0.0036885233 -0.1110435 0.29075003
0.0062480653 -0.11132993 0.2915
0.008790547 -0.11123446 0.29125002
0 -0 0
0 -0 0
0 -0 0
0.01912855 -0.11209377 0.29350001
0.021677593 -0.1119983 0.29325002
0.024263596 -0.11209377 0.29350001
0.026945392 -0.11257117 0.29475001
0.029548893 -0.11266666 0.29500002
0.032156769 -0.11276214 0.29525003
0.034651354 -0.1124757 0.29450002
0.037196018 -0.11238021 0.29425001
0.039837681 -0.11257117 0.29475001
0.042488094 -0.11276214 0.29525003
0.045070928 -0.11276214 0.29525003
0.047573056 -0.11257117 0.29475001
0.050194055 -0.11266666 0.29500002
0.052953593 -0.11304857 0.296
0.055965193 -0.1139079 0.29825002
0.058967058 -0.11467174 0.30025002
0.061696198 -0.1148627 0.30075002
0.064380616 -0.11495818 0.30100003
0.067681663 -0.11610395 0.30400002
0.070398882 -0.11619942 0.30425
0.073180519 -0.11639038 0.30475003
0.076095335 -0.1167723 0.30575001
0.079220869 -0.11744066 0.3075
0.081977457 -0.11753614 0.30775002
0.084807202 -0.1177271 0.30825001
0.08757472 -0.11782259 0.30850002
0.090419777 -0.11801355 0.30900002
0.093273573 -0.1182045 0.30950001
0.096446246 -0.11877739 0.31100002
0.099485718 -0.1191593 0.31200001
0.1026246 -0.11963671 0.31325001
0 -0 0
0 -0 0
0 -0 0
0 -0 0
0 -0 0
0 -0 0
0 -0 0
0 -0 0
0 -0 0
0 -0 0
0 -0 0
0 -0 0
0 -0 0
0 -0 0
0 -0 0
0 -0 0
0 -0 0
0 -0 0
0 -0 0
0 -0 0
0 -0 0
0 -0 0
0 -0 0
0 -0 0
0 -0 0
0 -0 0
0 -0 0
0 -0 0
0 -0 0
0 -0 0
0 -0 0
0 -0 0
0 -0 0
0 -0 0
0 -0 0
0 -0 0
0 -0 0
0 -0 0
0 -0 0
0 -0 0
0 -0 0
-0 -0 0
-0 -0 0
-0 -0 0
-0 -0 0
-0 -0 0
-0 -0 0
-0 -0 0
-0 -0 0
-0 -0 0
-0 -0 0
-0 -0 0
-0 -0 0
-0 -0 0
-0 -0 0
-0 -0 0
-0 -0 0
-0 -0 0
-0 -0 0
-0 -0 0
-0 -0 0
-0 -0 0
-0 -0 0
-0 -0 0
-0.13366407 -0.099079192 0.26550001
-0.13121782 -0.098985903 0.26525003
-0.12865444 -0.098799303 0.26475
-0.12609982 -0.098612718 0.26425001
-0.1239053 -0.098706014 0.26450002
-0.12170639 -0.098799303 0.26475
-0.11916489 -0.098612718 0.26425001
-0.11674269 -0.098519415 0.264
-0.11530015 -0.099265777 0.266
-0.11318556 -0.099452376 0.26650003
-0.11075024 -0.09935908 0.26625001
-0.10872651 -0.099638961 0.26700002
-0.10649041 -0.09973225 0.26725
-0.10454225 -0.10010544 0.26825002
-0.10257658 -0.10047861 0.26925001
-0.10059343 -0.1008518 0.27025002
-0.098138414 -0.1007585 0.27000001
-0.09586516 -0.1008518 0.27025002
-0.093933493 -0.10131827 0.27150002
-0.091811351 -0.10159816 0.27225003
-0.089347593 -0.10150486 0.27200001
-0.087048098 -0.10159816 0.27225003
-0.084821954 -0.10178475 0.27275002
-0.082662635 -0.10206463 0.27350003
-0.080563553 -0.10243781 0.27450001
-0.078304619 -0.10262439 0.27500001
-0.075967938 -0.1027177 0.27525002
-0.073760495 -0.10299758 0.27600002
-0.071539938 -0.10327746 0.27675
-0.069181375 -0.10337076 0.27700001
-0.066938952 -0.10365064 0.27775002
-0.0646834 -0.10393053 0.27850002
-0.062414728 -0.10421041 0.27925003
-0.060025547 -0.1043037 0.27950001
-0.057735007 -0.10458359 0.28025001
-0.055382024 -0.10477018 0.28075001
-0.052926037 -0.10477018 0.28075001
-0.050559934 -0.10495677 0.28125
-0.048185088 -0.10514337 0.28175002
-0.045923192 -0.10560984 0.28300002
-0.043485906 -0.10570313 0.28325
-0.041008048 -0.10570313 0.28325
-0.038666222 -0.10607632 0.28425002
-0.036179617 -0.10607632 0.28425002
-0.033722643 -0.1061696 0.2845
-0.031425975 -0.10682268 0.28625003
-0.02899765 -0.10710255 0.287
-0.026486987 -0.10710255 0.287
-0.023976328 -0.10710255 0.287
-0.021503065 -0.10728915 0.28750002
-0.019087097 -0.10784891 0.289
-0.016573261 -0.10794221 0.28925002
-0.014067193 -0.10812879 0.28975001
-0.011572276 -0.10850199 0.29075003
-0.0090598632 -0.10887516 0.29175001
-0.0065132249 -0.10896846 0.29200003
-0.0039588236 -0.10896846 0.29200003
-0.0014056242 -0.10906175 0.29225001
0.001155887 -0.10952822 0.29350001
0.003720239 -0.10943493 0.29325002
0.0063016508 -0.10971481 0.294
0.008881093 -0.1098081 0.29425001
0.011474643 -0.10999469 0.29475001
0 -0 0
0 -0 0
0 -0 0
0.021769997 -0.10990141 0.29450002
0.024428936 -0.11027458 0.29550001
0.027105374 -0.11064777 0.29650003
0.029774264 -0.11092764 0.29725
0.032347366 -0.11083435 0.29700002
0.034974921 -0.11092764 0.29725
0.037512042 -0.11074106 0.29675001
0.040040419 -0.11055446 0.29625002
0.042739928 -0.11083435 0.29700002
0.045261744 -0.11064777 0.29650003
0.04789586 -0.11074106 0.29675001
0.050832115 -0.11148742 0.29875001
0.053803358 -0.11223377 0.30075002
0.056668863 -0.11270025 0.30200002
0.05945804 -0.11298013 0.30275002
0.062362906 -0.11344661 0.30400002
0.065450065 -0.11419297 0.30600002
0.06834957 -0.11456615 0.30700001
0.071150884 -0.11475273 0.3075
0.074201077 -0.11531251 0.30900002
0.07696642 -0.11540581 0.30925003
0.079800531 -0.11559239 0.30975002
0.082576796 -0.11568568 0.31
0.085701354 -0.11624546 0.31150001
0.088426337 -0.11624546 0.31150001
0.091224492 -0.11633875 0.31175002
0.094177678 -0.11661863 0.3125
0.097066484 -0.11680523 0.31300002
0.10052203 -0.11764488 0.31525001
0.10336173 -0.11773818 0.31550002
0.10603761 -0.11764488 0.31525001
0 -0 0
0 -0 0
0 -0 0
0 -0 0
0 -0 0
0 -0 0
0 -0 0
0 -0 0
0 -0 0
0 -0 0
0 -0 0
0 -0 0
0 -0 0
0 -0 0
0 -0 0
0 -0 0
0 -0 0
0 -0 0
0 -0 0
0 -0 0
0 -0 0
0 -0 0
0 -0 0
0 -0 0
0 -0 0
0 -0 0
0 -0 0
0 -0 0
0 -0 0
0 -0 0
0 -0 0
0 -0 0
0 -0 0
0 -0 0
0 -0 0
0 -0 0
0 -0 0
0 -0 0
0 -0 0
0 -0 0
-0 -0 0
-0 -0 0
-0 -0 0
-0 -0 0
-0 -0 0
-0 -0 0
-0 -0 0
-0 -0 0
-0 -0 0
-0 -0 0
-0 -0 0
-0 -0 0
-0 -0 0
-0 -0 0
-0 -0 0
-0 -0 0
-0 -0 0
-0 -0 0
-0 -0 0
-0 -0 0
-0 -0 0
-0.138179 -0.09666729 0.26525003
-0.13649885 -0.097122841 0.26650003
-0.1339158 -0.096940614 0.266
-0.13121782 -0.09666729 0.26525003
-0.12877594 -0.096576177 0.26500002
-0.12657703 -0.09666729 0.26525003
-0.12449086 -0.096849509 0.26575002
-0.12239595 -0.097031727 0.26625001
-0.12040502 -0.097305059 0.26700002
-0.11817987 -0.097396158 0.26725
-0.11616707 -0.09766949 0.26800001
-0.11414116 -0.097942822 0.26875001
-0.11210211 -0.098216154 0.26950002
-0.10964274 -0.098125041 0.26925001
-0.10718774 -0.098033935 0.26900002
-0.10522426 -0.098398365 0.27000001
-0.10333852 -0.098853916 0.27125001
-0.10124481 -0.099127248 0.27200001
-0.099047102 -0.099309459 0.27250001
-0.09684065 -0.099491678 0.273
-0.094625451 -0.099673904 0.27350003
-0.092570119 -0.10003834 0.27450001
-0.090168804 -0.10003834 0.27450001
-0.087927364 -0.10022056 0.27500001
-0.085832663 -0.10058501 0.27600002
-0.083644904 -0.10085832 0.27675
-0.081370659 -0.10104055 0.27725002
-0.079158857 -0.10131388 0.27800003
-0.076864928 -0.1014961 0.27850002
-0.074562237 -0.10167831 0.27900001
-0.072056934 -0.1015872 0.27875
-0.069680884 -0.10167831 0.27900001
-0.067481205 -0.10204275 0.28
-0.065205969 -0.10231608 0.28075001
-0.062805869 -0.10240719 0.28100002
-0.060455069 -0.10258941 0.28150001
-0.058095526 -0.10277162 0.28200001
-0.055875186 -0.10322718 0.28325
-0.053538717 -0.10350051 0.28400001
-0.050964415 -0.10331829 0.28350002
-0.04856988 -0.10350051 0.28400001
-0.046247739 -0.10386495 0.28500003
-0.043869715 -0.10413827 0.28575
-0.041442383 -0.1043205 0.28625003
-0.038972285 -0.1044116 0.28650001
-0.036625098 -0.10486715 0.28775001
-0.034078244 -0.10477605 0.28750002
-0.0316181 -0.10495826 0.28800002
-0.029174468 -0.10523159 0.28875002
-0.026740784 -0.10559603 0.28975001
-0.02428961 -0.10596047 0.29075003
-0.021802237 -0.10623379 0.2915
-0.019235699 -0.10614268 0.29125002
-0.016687857 -0.10614268 0.29125002
-0.014200704 -0.10659824 0.29250002
-0.01167178 -0.10687157 0.29325002
-0.0091297328 -0.10714488 0.294
-0.006563412 -0.107236 0.29425001
-0.0039893282 -0.107236 0.29425001
-0.0014188509 -0.10750933 0.29500002
0.0011647482 -0.10778266 0.29575002
0.0037519545 -0.10778266 0.29575002
0.0063498779 -0.10796488 0.29625002
0.0089640943 -0.10823821 0.29700002
0.0115817 -0.10842042 0.29750001
0 -0 0
0 -0 0
0 -0 0
0 -0 0
0.024676945 -0.10878486 0.2985
0.027356772 -0.10905819 0.29925001
0.029924514 -0.10887598 0.29875001
0.032510735 -0.10878486 0.2985
0.035121996 -0.10878486 0.2985
0.037670054 -0.10860264 0.29800001
0.040209364 -0.10842042 0.29750001
0.042955786 -0.10878486 0.2985
0.045834195 -0.10942263 0.30025002
0.048904616 -0.11042483 0.303
0.051597785 -0.11051594 0.30325001
0.054384775 -0.11078928 0.30400002
0.057231795 -0.11115371 0.30500001
0.059998117 -0.11133593 0.3055
0.063132182 -0.11215592 0.30775002
0.066145204 -0.11270258 0.30925003
0.069128804 -0.11315813 0.31050003
0.071902886 -0.11324923 0.31075001
0.074621312 -0.11324923 0.31075001
0.077339731 -0.11324923 0.31075001
0.080380194 -0.11370478 0.31200001
0.083509117 -0.11425144 0.31350002
0.086595513 -0.11470699 0.31475002
0.089277953 -0.11461587 0.3145
0.092248656 -0.1148892 0.31525001
0.094931103 -0.1147981 0.31500003
0.098229416 -0.11543587 0.31675002
0.10115976 -0.11561808 0.31725001
0.10409885 -0.1158003 0.31775001
0.10679442 -0.11570919 0.31750003
0 -0 0
0 -0 0
0 -0 0
0 -0 0
0 -0 0
0 -0 0
0 -0 0
0 -0 0
0 -0 0
0 -0 0
0 -0 0
0 -0 0
0 -0 0
0 -0 0
0 -0 0
0 -0 0
0 -0 0
0 -0 0
0 -0 0
0 -0 0
0 -0 0
0 -0 0
0 -0 0
0 -0 0
0 -0 0
0 -0 0
0 -0 0
0 -0 0
0 -0 0
0 -0 0
0 -0 0
0 -0 0
0 -0 0
0 -0 0
0 -0 0
0 -0 0
0 -0 0
0 -0 0
0 -0 0
0 -0 0
-0 -0 0
-0 -0 0
-0 -0 0
-0 -0 0
-0 -0 0
-0 -0 0
-0 -0 0
-0 -0 0
-0 -0 0
-0 -0 0
-0 -0 0
-0 -0 0
-0 -0 0
-0 -0 0
-0 -0 0
-0 -0 0
-0 -0 0
-0 -0 0
-0 -0 0
-0 -0 0
-0.14407477 -0.096749634 0.27200001
-0.14026275 -0.095771462 0.26925001
-0.13701104 -0.095148996 0.26750001
-0.13404165 -0.094704375 0.26625001
-0.13146517 -0.094526529 0.26575002
-0.12938337 -0.094704375 0.26625001
-0.12741213 -0.09497115 0.26700002
-0.12542777 -0.095237926 0.26775002
-0.12331536 -0.095415771 0.26825002
-0.12164514 -0.095949307 0.26975
-0.11928538 -0.095949307 0.26975
-0.11725071 -0.096216083 0.2705
-0.11530911 -0.096571788 0.27150002
-0.11303803 -0.096660703 0.27175
-0.11096619 -0.096927479 0.27250001
-0.10858237 -0.096927479 0.27250001
-0.10619856 -0.096927479 0.27250001
-0.10400522 -0.097105324 0.273
-0.10208231 -0.097549945 0.27425
-0.09986493 -0.097727805 0.27475002
-0.097816154 -0.098083496 0.27575001
-0.09557689 -0.098261341 0.27625
-0.093413197 -0.098528117 0.27700001
-0.091072135 -0.098617047 0.27725002
-0.088806637 -0.098794892 0.27775002
-0.086610131 -0.099061668 0.27850002
-0.084400512 -0.099328443 0.27925003
-0.082104392 -0.099506289 0.27975002
-0.079799525 -0.099684134 0.28025001
-0.077278912 -0.099595204 0.28
-0.075096734 -0.09995091 0.28100002
-0.073026314 -0.10048445 0.2825
-0.070555009 -0.10048445 0.2825
-0.068143971 -0.10057338 0.28275001
-0.065902747 -0.10092907 0.28375003
-0.063588142 -0.10119584 0.2845
-0.061153043 -0.10128477 0.28475001
-0.058610559 -0.10119584 0.2845
-0.056417666 -0.10172939 0.28600001
-0.054010008 -0.10190724 0.28650001
-0.051593602 -0.10208508 0.287
-0.048911922 -0.10172939 0.28600001
-0.046693984 -0.10235186 0.28775001
-0.044253528 -0.1025297 0.28825
-0.041804325 -0.10270756 0.28875002
-0.039312359 -0.10279648 0.289
-0.036879662 -0.10306326 0.28975001
-0.034344941 -0.10306326 0.28975001
-0.031837668 -0.10315219 0.29000002
-0.029427059 -0.10359681 0.29125002
-0.026971506 -0.1039525 0.29225001
-0.024435807 -0.10404143 0.29250002
-0.021970524 -0.10448605 0.29375002
-0.019400813 -0.10448605 0.29375002
-0.016859749 -0.10466389 0.29425001
-0.014297804 -0.10475282 0.29450002
-0.011721532 -0.10475282 0.29450002
-0.0091763139 -0.10510851 0.29550001
-0.0066136001 -0.10546421 0.29650003
-0.0040266118 -0.10564207 0.29700002
-0.0014296725 -0.10573098 0.29725
0.0011736093 -0.10599776 0.29800001
0.003777327 -0.10590883 0.29775003
0.0064034634 -0.10626453 0.29875001
0.0090244589 -0.10635346 0.29900002
0.011640096 -0.10635346 0.29900002
0.014255733 -0.10635346 0.29900002
0 -0 0
0 -0 0
0 -0 0
0 -0 0
0.027562464 -0.1072427 0.30150002
0.029999638 -0.10653131 0.29950002
0.032646876 -0.10662022 0.29975
0.035327908 -0.10679808 0.30025002
0.037922874 -0.10670915 0.30000001
0.040614836 -0.106887 0.30050001
0.043567386 -0.10768732 0.30275002
0.046330318 -0.10795409 0.30350003
0.049308121 -0.10866548 0.3055
0.052150771 -0.10902119 0.30650002
0.055100366 -0.10955473 0.30800003
0.058076199 -0.11008827 0.30950001
0.060881887 -0.11026612 0.31
0.063798897 -0.11062182 0.31100002
0.066679925 -0.1108886 0.31175002
0.069462754 -0.11097752 0.31200001
0.072481349 -0.11142214 0.31325001
0.07528168 -0.11151107 0.31350002
0.078024156 -0.11151107 0.31350002
0.0812819 -0.11222246 0.31550002
0.084308244 -0.11257815 0.31650001
0.087145761 -0.11266708 0.31675002
0.090200543 -0.11302277 0.31775001
0.092980206 -0.11302277 0.31775001
0.096287265 -0.11364525 0.31950003
0.099314816 -0.11391202 0.32025
0.10211635 -0.11391202 0.32025
0.10483599 -0.1138231 0.32000002
0.10763533 -0.1138231 0.32000002
0 -0 0
0 -0 0
0 -0 0
0 -0 0
0 -0 0
0 -0 0
0 -0 0
0 -0 0
0 -0 0
0 -0 0
0 -0 0
0 -0 0
0 -0 0
0 -0 0
0 -0 0
0 -0 0
0 -0 0
0 -0 0
0 -0 0
0 -0 0
0 -0 0
0 -0 0
0 -0 0
0 -0 0
0 -0 0
0 -0 0
0 -0 0
0 -0 0
0 -0 0
0 -0 0
0 -0 0
0 -0 0
0 -0 0
0 -0 0
0 -0 0
0 -0 0
0 -0 0
0 -0 0
0 -0 0
0 -0 0
-0 -0 0
-0 -0 0
-0 -0 0
-0 -0 0
-0 -0 0
-0 -0 0
-0 -0 0
-0 -0 0
-0 -0 0
-0 -0 0
-0 -0 0
-0 -0 0
-0 -0 0
-0 -0 0
-0 -0 0
-0 -0 0
-0 -0 0
-0 -0 0
-0.14897047 -0.094458759 0.27225003
-0.14645423 -0.094372019 0.27200001
-0.14407477 -0.094372019 0.27200001
-0.14065345 -0.093678102 0.27000001
-0.13701104 -0.092810713 0.26750001
-0.1345451 -0.092723973 0.26725
-0.13233088 -0.092810713 0.26750001
-0.1299908 -0.092810713 0.26750001
-0.12848583 -0.093417883 0.26925001
-0.12659889 -0.093764849 0.27025002
-0.12457954 -0.094025068 0.27100003
-0.12254705 -0.094285272 0.27175
-0.1201698 -0.094285272 0.27175
-0.11833436 -0.09471897 0.273
-0.11626471 -0.094979189 0.27375001
-0.11407793 -0.095152661 0.27425
-0.11178062 -0.095239408 0.27450001
-0.10937931 -0.095239408 0.27450001
-0.10707543 -0.095326148 0.27475002
-0.10533863 -0.095933318 0.27650002
-0.10319899 -0.096193537 0.27725002
-0.10059187 -0.09602005 0.27675
-0.098525614 -0.096367016 0.27775002
-0.096528336 -0.096800707 0.27900001
-0.094171979 -0.096887454 0.27925003
-0.091811225 -0.096974187 0.27950001
-0.089366175 -0.096974187 0.27950001
-0.087076612 -0.097147658 0.28
-0.084929429 -0.097494625 0.28100002
-0.082764745 -0.097841576 0.28200001
-0.080369011 -0.097928315 0.28225002
-0.077830903 -0.097841576 0.28200001
-0.075831674 -0.098448753 0.28375003
-0.07367257 -0.098882444 0.28500003
-0.071116954 -0.098795705 0.28475001
-0.068686232 -0.098882444 0.28500003
-0.066425323 -0.099229403 0.28600001
-0.064035162 -0.099402875 0.28650001
-0.061582565 -0.099489614 0.28675002
-0.059125587 -0.099576354 0.287
-0.056861509 -0.10001004 0.28825
-0.054481298 -0.10027026 0.289
-0.05208797 -0.10053048 0.28975001
-0.049467742 -0.100357 0.28925002
-0.047018532 -0.10053048 0.28975001
-0.044637345 -0.10087744 0.29075003
-0.042166267 -0.10105092 0.29125002
-0.039618425 -0.10105092 0.29125002
-0.037229683 -0.10148461 0.29250002
-0.034670908 -0.10148461 0.29250002
-0.032167025 -0.10165809 0.29300001
-0.029654391 -0.10183156 0.29350001
-0.02720223 -0.10226526 0.29475001
-0.024665546 -0.10243875 0.29525003
-0.022120109 -0.10261222 0.29575002
-0.019549413 -0.10269895 0.296
-0.016988669 -0.10287244 0.29650003
-0.014431314 -0.10313265 0.29725
-0.011850887 -0.10330614 0.29775003
-0.0092461845 -0.10330614 0.29775003
-0.0066693639 -0.10373983 0.29900002
-0.0040571159 -0.10382656 0.29925001
-0.0014404943 -0.10391331 0.29950002
0.0011824705 -0.10417353 0.30025002
0.0038122139 -0.10426026 0.30050001
0.0064463317 -0.104347 0.30075002
0.009077277 -0.104347 0.30075002
0.011727689 -0.10452048 0.30125001
0.014351089 -0.10443375 0.30100003
0.016927795 -0.10408678 0.30000001
0 -0 0
0 -0 0
0 -0 0
0.027882423 -0.10582156 0.30500001
0.030425342 -0.10538787 0.30375001
0.032946389 -0.10495417 0.30250001
0.03562206 -0.10504092 0.30275002
0.03839691 -0.10538787 0.30375001
0.041493364 -0.10651547 0.30700001
0.044250935 -0.10668895 0.3075
0.04694093 -0.10668895 0.3075
0.049792327 -0.10703591 0.30850002
0.052746292 -0.10755634 0.31
0.055681776 -0.10799003 0.31125
0.05873296 -0.10859721 0.31300002
0.061569266 -0.10877069 0.31350002
0.064414315 -0.10894416 0.31400001
0.067321591 -0.10920438 0.31475002
0.070241988 -0.1094646 0.31550002
0.073175505 -0.10972482 0.31625003
0.076182172 -0.11007177 0.31725001
0.07926856 -0.11050547 0.31850001
0.082183599 -0.11067894 0.31900001
0.084907599 -0.11059221 0.31875002
0.087971136 -0.11093916 0.31975001
0.091123126 -0.11137286 0.32100001
0.094150692 -0.11163308 0.32175002
0.097191371 -0.1118933 0.32250002
0.10016765 -0.11206677 0.32300001
0.10299323 -0.11206677 0.32300001
0.10581882 -0.11206677 0.32300001
0.10881258 -0.11224025 0.32350001
0.11310927 -0.11371481 0.32775003
0 -0 0
0 -0 0
0 -0 0
0 -0 0
0 -0 0
0 -0 0
0 -0 0
0 -0 0
0 -0 0
0 -0 0
0 -0 0
0 -0 0
0 -0 0
0 -0 0
0 -0 0
0 -0 0
0 -0 0
0 -0 0
0 -0 0
0 -0 0
0 -0 0
0 -0 0
0 -0 0
0 -0 0
0 -0 0
0 -0 0
0 -0 0
0 -0 0
0 -0 0
0 -0 0
0 -0 0
0 -0 0
0 -0 0
0 -0 0
0 -0 0
0 -0 0
0 -0 0
0 -0 0
0 -0 0
-0 -0 0
-0 -0 0
-0 -0 0
-0 -0 0
-0 -0 0
-0 -0 0
-0 -0 0
-0 -0 0
-0 -0 0
-0 -0 0
-0 -0 0
-0 -0 0
-0 -0 0
-0 -0 0
-0 -0 0
-0 -0 0
-0 -0 0
-0.15232496 -0.092670836 0.27400002
-0.14965445 -0.09250173 0.27350003
-0.14672343 -0.092163511 0.27250001
-0.14341266 -0.091571636 0.27075002
-0.13961157 -0.090641543 0.26800001
-0.13739517 -0.0907261 0.26825002
-0.13542613 -0.090979762 0.26900002
-0.13344394 -0.091233417 0.26975
-0.13144864 -0.09148708 0.2705
-0.12979813 -0.091994405 0.27200001
-0.1276529 -0.092163511 0.27250001
-0.12538402 -0.092248067 0.27275002
-0.12389992 -0.092924498 0.27475002
-0.12171753 -0.093093604 0.27525002
-0.11930965 -0.093093604 0.27525002
-0.11700795 -0.093178146 0.2755
-0.11490986 -0.093431808 0.27625
-0.11249325 -0.093431808 0.27625
-0.1105747 -0.093854576 0.2775
-0.10843945 -0.094108239 0.27825001
-0.10610057 -0.094192803 0.27850002
-0.10394344 -0.094446465 0.27925003
-0.10177317 -0.094700113 0.28
-0.099412426 -0.09478467 0.28025001
-0.097047314 -0.094869234 0.28050002
-0.094930746 -0.095207438 0.28150001
-0.092796668 -0.09554565 0.2825
-0.090325378 -0.09554565 0.2825
-0.08808732 -0.095799312 0.28325
-0.08568503 -0.095883869 0.28350002
-0.083278358 -0.095968433 0.28375003
-0.081080876 -0.096306637 0.28475001
-0.078589901 -0.096306637 0.28475001
-0.076432973 -0.096729405 0.28600001
-0.074189566 -0.097067617 0.287
-0.071803778 -0.09723673 0.28750002
-0.069409244 -0.097405836 0.28800002
-0.066947892 -0.097490385 0.28825
-0.064593926 -0.097744048 0.289
-0.062173158 -0.097913161 0.28950003
-0.05979513 -0.098166816 0.29025
-0.057403985 -0.098420478 0.29100001
-0.05499972 -0.098674141 0.29175001
-0.052492451 -0.098758698 0.29200003
-0.049852535 -0.098589584 0.2915
-0.047505349 -0.099012353 0.29275
-0.045213062 -0.099604234 0.29450002
-0.042600594 -0.099519677 0.29425001
-0.040162541 -0.099857897 0.29525003
-0.037643347 -0.100027 0.29575002
-0.035115406 -0.10019611 0.29625002
-0.032523826 -0.10019611 0.29625002
-0.029982762 -0.10036521 0.29675001
-0.027456025 -0.10061888 0.29750001
-0.024895282 -0.10078798 0.29800001
-0.022381885 -0.10121075 0.29925001
-0.019780573 -0.10129531 0.29950002
-0.017189208 -0.10146441 0.30000001
-0.014625511 -0.10188718 0.30125001
-0.011940439 -0.10146441 0.30000001
-0.0093160542 -0.10146441 0.30000001
-0.0067083985 -0.10171808 0.30075002
-0.0040842313 -0.10188718 0.30125001
-0.0014513161 -0.10205629 0.30175
0.0011903471 -0.1022254 0.30225003
0.0038344152 -0.1022254 0.30225003
0.0064838417 -0.10230995 0.30250001
0.0091376416 -0.10239451 0.30275002
0.011805548 -0.10256361 0.30325001
0.014482204 -0.10273272 0.30375001
0.0171535 -0.10281727 0.30400002
0 -0 0
0 -0 0
0 -0 0
0 -0 0
0.031201627 -0.10535388 0.31150001
0.033572644 -0.10425469 0.30825001
0.036269199 -0.10425469 0.30825001
0.039092164 -0.1045929 0.30925003
0.042202938 -0.10560755 0.31225002
0.04497046 -0.10569209 0.3125
0.047742359 -0.10577665 0.31275001
0.05035723 -0.10552299 0.31200001
0.053341817 -0.10603032 0.31350002
0.056442093 -0.10670675 0.31550002
0.059295893 -0.10687585 0.31600001
0.062256638 -0.10721406 0.317
0.065286167 -0.10763682 0.31825
0.068177149 -0.10780594 0.31875002
0.071188189 -0.10814415 0.31975001
0.074101038 -0.10831326 0.32025
0.076962605 -0.10839781 0.32050002
0.079952985 -0.10865148 0.32125002
0.082698859 -0.10856692 0.32100001
0.085906513 -0.10907424 0.32250002
0.089071639 -0.10949701 0.32375002
0.091974743 -0.10958156 0.324
0.0949554 -0.10975067 0.32450002
0.098246157 -0.11025799 0.32600001
0.10102047 -0.11017344 0.32575002
0.10418896 -0.11051165 0.32675001
0.10737498 -0.11084987 0.32775003
0.11007393 -0.11068076 0.32725
0.11319554 -0.11093442 0.32800001
0 -0 0
0 -0 0
0 -0 0
0 -0 0
0 -0 0
0 -0 0
0 -0 0
0 -0 0
0 -0 0
0 -0 0
0 -0 0
0 -0 0
0 -0 0
0 -0 0
0 -0 0
0 -0 0
0 -0 0
0 -0 0
0 -0 0
0 -0 0
0 -0 0
0 -0 0
0 -0 0
0 -0 0
0 -0 0
0 -0 0
0 -0 0
0 -0 0
0 -0 0
0 -0 0
0 -0 0
0 -0 0
0 -0 0
0 -0 0
0 -0 0
0 -0 0
0 -0 0
0 -0 0
0 -0 0
-0 -0 0
-0 -0 0
-0 -0 0
-0 -0 0
-0 -0 0
-0 -0 0
-0 -0 0
-0 -0 0
-0 -0 0
-0 -0 0
-0 -0 0
-0 -0 0
-0 -0 0
-0 -0 0
-0 -0 0
-0 -0 0
-0.15571009 -0.090852313 0.27575001
-0.15315886 -0.090769939 0.2755
-0.14965445 -0.090111002 0.27350003
-0.14578119 -0.089204945 0.27075002
-0.14328024 -0.089122571 0.2705
-0.1407837 -0.089040212 0.27025002
-0.13841957 -0.089040212 0.27025002
-0.13655888 -0.089369677 0.27125001
-0.13480435 -0.089781523 0.27250001
-0.13290648 -0.090111002 0.27350003
-0.13087182 -0.090358101 0.27425
-0.12858981 -0.090440467 0.27450001
-0.12641834 -0.090605207 0.27500001
-0.12502731 -0.091346525 0.27725002
-0.12282304 -0.091511257 0.27775002
-0.12028493 -0.091428891 0.2775
-0.11796356 -0.091511257 0.27775002
-0.11563781 -0.091593631 0.27800003
-0.11361309 -0.091923103 0.27900001
-0.11147126 -0.092170209 0.27975002
-0.10921888 -0.092334941 0.28025001
-0.10676727 -0.092334941 0.28025001
-0.10478093 -0.092746787 0.28150001
-0.10250012 -0.092911519 0.28200001
-0.1000332 -0.092911519 0.28200001
-0.097912259 -0.093240999 0.28300002
-0.095520899 -0.093323357 0.28325
-0.093207285 -0.093488105 0.28375003
-0.091284595 -0.094064683 0.28550002
-0.089098036 -0.094394147 0.28650001
-0.08644063 -0.094229415 0.28600001
-0.08393871 -0.094229415 0.28600001
-0.081721544 -0.094558887 0.287
-0.079624884 -0.095053099 0.28850001
-0.077167913 -0.095135473 0.28875002
-0.074706562 -0.095217831 0.289
-0.072365716 -0.095464937 0.28975001
-0.070011757 -0.095712043 0.29050002
-0.067586601 -0.095876783 0.29100001
-0.065264456 -0.096206263 0.29200003
-0.062871121 -0.096453354 0.29275
-0.060310159 -0.096453354 0.29275
-0.057946466 -0.096782833 0.29375002
-0.055423882 -0.0968652 0.294
-0.052896928 -0.096947573 0.29425001
-0.050408352 -0.097112305 0.29475001
-0.04799217 -0.097441785 0.29575002
-0.04548173 -0.097606517 0.29625002
-0.042962536 -0.097771257 0.29675001
-0.040400591 -0.097853623 0.29700002
-0.037866089 -0.098018363 0.29750001
-0.035411738 -0.098430201 0.29875001
-0.032908071 -0.098759674 0.29975
-0.030361651 -0.099006779 0.30050001
-0.027779039 -0.099171519 0.30100003
-0.025208563 -0.099418618 0.30175
-0.022587568 -0.099500991 0.30200002
-0.019962197 -0.099583365 0.30225003
-0.017361101 -0.099830464 0.303
-0.014710473 -0.099830464 0.303
-0.012029993 -0.099583365 0.30225003
-0.0094014518 -0.099748097 0.30275002
-0.0067753149 -0.10007757 0.30375001
-0.0041113468 -0.09991283 0.30325001
-0.0014609353 -0.10007757 0.30375001
0.0012001928 -0.10040705 0.30475003
0.0038597872 -0.1002423 0.30425
0.0065374267 -0.10048941 0.30500001
0.0091980062 -0.10040705 0.30475003
0.011883409 -0.10057178 0.30525002
0.014565639 -0.10065415 0.3055
0.017238138 -0.10065415 0.3055
0.019845463 -0.10032468 0.30450001
0 -0 0
0 -0 0
0 -0 0
0 -0 0
0.034416724 -0.10411362 0.31600001
0.036739849 -0.10287809 0.31225002
0.039597802 -0.10320757 0.31325001
0.042540833 -0.10370178 0.31475002
0.04540218 -0.10394888 0.31550002
0.048238486 -0.10411362 0.31600001
0.051123887 -0.10436073 0.31675002
0.054064948 -0.10469019 0.31775001
0.056934059 -0.10485493 0.31825
0.059999563 -0.10534915 0.31975001
0.063140407 -0.10592572 0.3215
0.065747738 -0.10559625 0.32050002
0.068711869 -0.10584336 0.32125002
0.071689129 -0.10609046 0.32200003
0.074563809 -0.10617283 0.32225001
0.077863105 -0.10683177 0.32425001
0.08082407 -0.10699651 0.32475001
0.083729371 -0.10707888 0.32500002
0.086772233 -0.10732599 0.32575002
0.089621887 -0.10732599 0.32575002
0.092613459 -0.10749073 0.32625002
0.095979571 -0.1080673 0.32800001
0.098622866 -0.10782019 0.32725
0.1016407 -0.10798494 0.32775003
0.10522528 -0.10872625 0.33000001
0.1081121 -0.10872625 0.33000001
0.1112512 -0.10897335 0.33075002
0.11388575 -0.10872625 0.33000001
0.11703797 -0.10897335 0.33075002
0 -0 0
0 -0 0
0 -0 0
0 -0 0
0 -0 0
0 -0 0
0 -0 0
0.14177445 -0.11020888 0.33450001
0 -0 0
0 -0 0
0 -0 0
0 -0 0
0 -0 0
0 -0 0
0 -0 0
0 -0 0
0 -0 0
0 -0 0
0 -0 0
0 -0 0
0 -0 0
0 -0 0
0 -0 0
0 -0 0
0 -0 0
0 -0 0
0 -0 0
0 -0 0
0 -0 0
0 -0 0
0 -0 0
0 -0 0
0 -0 0
0 -0 0
0 -0 0
0 -0 0
0 -0 0
0 -0 0
-0 -0 0
-0 -0 0
-0 -0 0
-0 -0 0
-0 -0 0
-0 -0 0
-0 -0 0
-0 -0 0
-0 -0 0
-0 -0 0
-0 -0 0
-0 -0 0
-0 -0 0
-0 -0 0
-0.16199002 -0.089243747 0.27825001
-0.15869574 -0.088762648 0.27675
-0.15641592 -0.088842832 0.27700001
-0.15301988 -0.088281557 0.27525002
-0.14842327 -0.086998619 0.27125001
-0.14578119 -0.08683826 0.27075002
-0.14394234 -0.087158985 0.27175
-0.14221627 -0.087559901 0.273
-0.14021222 -0.087800451 0.27375001
-0.1380692 -0.087960817 0.27425
-0.13604109 -0.088201366 0.27500001
-0.13424283 -0.088602282 0.27625
-0.13218412 -0.088842832 0.27700001
-0.12987804 -0.088923022 0.27725002
-0.12791239 -0.089243747 0.27825001
-0.12581648 -0.089484297 0.27900001
-0.12370746 -0.089724846 0.27975002
-0.12136857 -0.089805029 0.28
-0.11902533 -0.089885212 0.28025001
-0.11667772 -0.089965403 0.28050002
-0.11493654 -0.090526678 0.28225002
-0.11266666 -0.090687044 0.28275001
-0.11019318 -0.090687044 0.28275001
-0.10810067 -0.091007784 0.28375003
-0.10580456 -0.091168143 0.28425002
-0.10359056 -0.091408692 0.28500003
-0.10127475 -0.091569059 0.28550002
-0.099036694 -0.091809608 0.28625003
-0.096363977 -0.091649234 0.28575
-0.09452121 -0.092290699 0.28775001
-0.092323735 -0.09261144 0.28875002
-0.090031005 -0.092851989 0.28950003
-0.087271795 -0.09261144 0.28875002
-0.084745817 -0.09261144 0.28875002
-0.082575783 -0.093012355 0.29000002
-0.080176875 -0.093172722 0.29050002
-0.077635594 -0.093172722 0.29050002
-0.075546689 -0.093733996 0.29225001
-0.073114969 -0.093894362 0.29275
-0.070734762 -0.094134912 0.29350001
-0.068341434 -0.094375461 0.29425001
-0.065934986 -0.094616018 0.29500002
-0.063354336 -0.094616018 0.29500002
-0.060722187 -0.094535828 0.29475001
-0.058587577 -0.095257483 0.29700002
-0.056036562 -0.095337659 0.29725
-0.053481176 -0.095417842 0.29750001
-0.050878663 -0.095417842 0.29750001
-0.048357282 -0.095578209 0.29800001
-0.045865539 -0.095818758 0.29875001
-0.043360673 -0.096059307 0.29950002
-0.040740661 -0.096059307 0.29950002
-0.038247932 -0.09638004 0.30050001
-0.03570807 -0.096620589 0.30125001
-0.033155087 -0.096861139 0.30200002
-0.030639505 -0.097262055 0.30325001
-0.027986689 -0.097262055 0.30325001
-0.025333874 -0.097262055 0.30325001
-0.022718454 -0.097422421 0.30375001
-0.020127311 -0.097743154 0.30475003
-0.017518669 -0.098063886 0.30575001
-0.01481971 -0.09790352 0.30525002
-0.012119547 -0.09766297 0.30450001
-0.0094790859 -0.09790352 0.30525002
-0.0068366555 -0.098304436 0.30650002
-0.0041587986 -0.098384626 0.30675003
-0.0014753644 -0.098384626 0.30675003
0.001211023 -0.098625161 0.3075
0.0039010176 -0.098625161 0.3075
0.0065856543 -0.098544985 0.30725002
0.0092583708 -0.098384626 0.30675003
0.011961269 -0.098544985 0.30725002
0.014637157 -0.098464802 0.30700001
0.017336885 -0.098544985 0.30725002
0.019975811 -0.098304436 0.30650002
0.022453772 -0.097422421 0.30375001
0 -0 0
0 -0 0
0 -0 0
0 -0 0
0.037034001 -0.10095048 0.31475002
0.040008631 -0.10151175 0.31650001
0.042811148 -0.10159194 0.31675002
0.045761943 -0.10199286 0.31800002
0.048810933 -0.10255414 0.31975001
0.051809844 -0.10295505 0.32100001
0.054703008 -0.10311542 0.3215
0.057604928 -0.10327579 0.32200003
0.060562499 -0.10351633 0.32275
0.063533194 -0.10375688 0.32350001
0.06651701 -0.10399743 0.32425001
0.069513954 -0.10423798 0.32500002
0.07263533 -0.1046389 0.32625002
0.075547203 -0.10471909 0.32650003
0.078403406 -0.10471909 0.32650003
0.081259616 -0.10471909 0.32650003
0.084309034 -0.10495962 0.32725
0.087504767 -0.10536054 0.3285
0.090653606 -0.10568128 0.32950002
0.093677983 -0.10584164 0.33000001
0.096784279 -0.10608219 0.33075002
0.099526979 -0.10592183 0.33025002
0.10241599 -0.10592183 0.33025002
0.105863 -0.10648311 0.33200002
0.10909494 -0.10680383 0.333
0.11242846 -0.10720475 0.33425
0.11466225 -0.10656329 0.33225003
0.1179226 -0.10688403 0.33325002
0 -0 0
0 -0 0
0 -0 0
0 -0 0
0 -0 0
0 -0 0
0 -0 0
0 -0 0
0 -0 0
0 -0 0
0 -0 0
0 -0 0
0 -0 0
0 -0 0
0 -0 0
0 -0 0
0 -0 0
0 -0 0
0 -0 0
0 -0 0
0 -0 0
0 -0 0
0 -0 0
0 -0 0
0 -0 0
0 -0 0
0 -0 0
0 -0 0
0 -0 0
0 -0 0
0 -0 0
0 -0 0
0 -0 0
0 -0 0
0 -0 0
0 -0 0
0 -0 0
0 -0 0
-0 -0 0
-0 -0 0
-0 -0 0
-0 -0 0
-0 -0 0
-0 -0 0
-0 -0 0
-0 -0 0
-0 -0 0
-0 -0 0
-0 -0 0
-0 -0 0
-0 -0 0
-0.16442414 -0.086811498 0.27825001
-0.16199002 -0.086811498 0.27825001
-0.15941255 -0.086733505 0.27800003
-0.15585126 -0.086109526 0.27600002
-0.15218598 -0.08540754 0.27375001
-0.14924406 -0.085095555 0.27275002
-0.14699265 -0.085173547 0.273
-0.14473689 -0.085251547 0.27325001
-0.14299768 -0.085641533 0.27450001
-0.14136466 -0.086109526 0.27600002
-0.13932779 -0.086343512 0.27675
-0.13740151 -0.086655505 0.27775002
-0.13533622 -0.086889498 0.27850002
-0.13301921 -0.086967491 0.27875
-0.13116628 -0.087357484 0.28
-0.12906164 -0.087591477 0.28075001
-0.12705661 -0.08790347 0.28175002
-0.12470242 -0.087981462 0.28200001
-0.12245222 -0.088137455 0.2825
-0.1201933 -0.088293463 0.28300002
-0.1179256 -0.088449456 0.28350002
-0.11595458 -0.088839442 0.28475001
-0.11356322 -0.088917442 0.28500003
-0.11116748 -0.088995434 0.28525001
-0.10876737 -0.089073442 0.28550002
-0.106549 -0.089307435 0.28625003
-0.10468098 -0.089853413 0.28800002
-0.10225025 -0.089931406 0.28825
-0.099815145 -0.090009406 0.28850001
-0.097628601 -0.090321407 0.28950003
-0.095260307 -0.0904774 0.29000002
-0.093123071 -0.090867385 0.29125002
-0.091119453 -0.091413371 0.29300001
-0.088329628 -0.091179371 0.29225001
-0.085552916 -0.090945378 0.2915
-0.083145268 -0.091101378 0.29200003
-0.080797866 -0.091335364 0.29275
-0.078437336 -0.091569364 0.29350001
-0.076322198 -0.09211535 0.29525003
-0.073676921 -0.09203735 0.29500002
-0.071156524 -0.09211535 0.29525003
-0.068805948 -0.092427343 0.29625002
-0.066605508 -0.092973322 0.29800001
-0.063998617 -0.092973322 0.29800001
-0.061340228 -0.092895329 0.29775003
-0.058834158 -0.093051322 0.29825002
-0.056413595 -0.093363307 0.29925001
-0.054020479 -0.093753301 0.30050001
-0.05151999 -0.093987294 0.30125001
-0.048965804 -0.094143286 0.30175
-0.046364497 -0.094221286 0.30200002
-0.043831199 -0.094455287 0.30275002
-0.041080736 -0.094221286 0.30200002
-0.038566131 -0.09453328 0.303
-0.036182202 -0.095235258 0.30525002
-0.033594232 -0.095469259 0.30600002
-0.030942615 -0.095547244 0.30625001
-0.028217411 -0.095391251 0.30575001
-0.025563614 -0.095469259 0.30600002
-0.022924136 -0.095625252 0.30650002
-0.020259403 -0.095703252 0.30675003
-0.017633263 -0.096015237 0.30775002
-0.014941083 -0.096015237 0.30775002
-0.01223895 -0.095937237 0.3075
-0.0095489556 -0.095937237 0.3075
-0.0068979962 -0.096483231 0.30925003
-0.0041893027 -0.096405223 0.30900002
-0.0014873886 -0.096483231 0.30925003
0.0012188996 -0.096561216 0.30950001
0.0039168755 -0.096327223 0.30875
0.006617805 -0.096327223 0.30875
0.0093111889 -0.09624923 0.30850002
0.012019664 -0.096327223 0.30875
0.014708675 -0.09624923 0.30850002
0.017590802 -0.097263202 0.31175002
0.020432029 -0.097809188 0.31350002
0.023248432 -0.098121174 0.3145
0.026102999 -0.098511159 0.31575
0 -0 0
0 -0 0
0 -0 0
0 -0 0
0.040956702 -0.10108509 0.324
0.04372346 -0.1009291 0.32350001
0.046589401 -0.1010071 0.32375002
0.049268894 -0.1006951 0.32275
0.05237475 -0.10124109 0.32450002
0.05517092 -0.10116309 0.32425001
0.058052171 -0.10124109 0.32450002
0.061078522 -0.10155308 0.32550001
0.06402418 -0.10170907 0.32600001
0.067132436 -0.10209906 0.32725
0.070102148 -0.10225506 0.32775003
0.073024943 -0.10233305 0.32800001
0.076067813 -0.10256705 0.32875001
0.079363935 -0.10311303 0.33050001
0.08237958 -0.10326903 0.33100003
0.085017517 -0.10295703 0.33000001
0.088237308 -0.10334703 0.33125001
0.091341414 -0.10358102 0.33200002
0.094316699 -0.10365902 0.33225003
0.097442672 -0.103893 0.333
0.10073245 -0.104283 0.33425
0.10381152 -0.104439 0.33475003
0.10658045 -0.104283 0.33425
0.10991397 -0.10467298 0.3355
0.11335345 -0.10514098 0.33700001
0.11630151 -0.10514098 0.33700001
0.11933804 -0.10521898 0.33725002
0 -0 0
0 -0 0
0 -0 0
0 -0 0
0 -0 0
0 -0 0
0 -0 0
0 -0 0
0 -0 0
0 -0 0
0 -0 0
0 -0 0
0 -0 0
0 -0 0
0 -0 0
0 -0 0
0 -0 0
0 -0 0
0 -0 0
0 -0 0
0 -0 0
0 -0 0
0 -0 0
0 -0 0
0 -0 0
0 -0 0
0 -0 0
0 -0 0
0 -0 0
0 -0 0
0 -0 0
0 -0 0
0 -0 0
0 -0 0
0 -0 0
0 -0 0
0 -0 0
0 -0 0
-0 -0 0
-0 -0 0
-0 -0 0
-0 -0 0
-0 -0 0
-0 -0 0
-0 -0 0
-0 -0 0
-0 -0 0
-0 -0 0
-0 -0 0
-0 -0 0
-0.16685824 -0.084379256 0.27825001
-0.16457187 -0.084455065 0.27850002
-0.16169894 -0.084227629 0.27775002
-0.15855239 -0.083848566 0.27650002
-0.15528657 -0.083393693 0.27500001
-0.15274192 -0.083317883 0.27475002
-0.1504752 -0.083393693 0.27500001
-0.14914639 -0.084000193 0.27700001
-0.14659077 -0.083924375 0.27675
-0.14456049 -0.084151812 0.2775
-0.14290123 -0.084606692 0.27900001
-0.14058642 -0.084682509 0.27925003
-0.13826722 -0.084758312 0.27950001
-0.13655108 -0.085213192 0.28100002
-0.1348087 -0.085668065 0.2825
-0.13233741 -0.085668065 0.2825
-0.13032582 -0.085971318 0.28350002
-0.12795852 -0.086047135 0.28375003
-0.12558684 -0.086122938 0.28400001
-0.12353588 -0.086426191 0.28500003
-0.12114889 -0.086502001 0.28525001
-0.1190695 -0.086805254 0.28625003
-0.11687081 -0.087032683 0.287
-0.11436014 -0.087032683 0.287
-0.11243407 -0.087487563 0.28850001
-0.11000553 -0.087563381 0.28875002
-0.10757261 -0.08763919 0.289
-0.10531706 -0.087866627 0.28975001
-0.1029597 -0.088018246 0.29025
-0.1005936 -0.08816988 0.29075003
-0.098471679 -0.088548943 0.29200003
-0.09616363 -0.088776372 0.29275
-0.093842477 -0.089003809 0.29350001
-0.091508187 -0.089231253 0.29425001
-0.088858545 -0.089155436 0.294
-0.086139902 -0.089003809 0.29350001
-0.0839995 -0.089458689 0.29500002
-0.081556857 -0.089610308 0.29550001
-0.079239085 -0.089913569 0.29650003
-0.07690382 -0.090216815 0.29750001
-0.074238859 -0.090140998 0.29725
-0.071819283 -0.090368435 0.29800001
-0.069618843 -0.090899117 0.29975
-0.067052521 -0.090974934 0.30000001
-0.064481832 -0.091050752 0.30025002
-0.06185526 -0.091050752 0.30025002
-0.059672531 -0.091733061 0.30250001
-0.057073407 -0.091808878 0.30275002
-0.054469902 -0.09188468 0.303
-0.051904786 -0.092036314 0.30350003
-0.049249783 -0.092036314 0.30350003
-0.046633165 -0.092112124 0.30375001
-0.044229332 -0.092642806 0.3055
-0.041658856 -0.092870243 0.30625001
-0.03901162 -0.09294606 0.30650002
-0.0364489 -0.093249306 0.3075
-0.033896137 -0.093628369 0.30875
-0.031169949 -0.09355256 0.30850002
-0.028494278 -0.093628369 0.30875
-0.025835123 -0.093780003 0.30925003
-0.023092421 -0.093628369 0.30875
-0.020441025 -0.093855806 0.30950001
-0.017747859 -0.093931623 0.30975002
-0.015074594 -0.094159067 0.31050003
-0.012358355 -0.094159067 0.31050003
-0.0096421167 -0.094159067 0.31050003
-0.0069593359 -0.094613932 0.31200001
-0.0042231968 -0.094462313 0.31150001
-0.0014994127 -0.094538122 0.31175002
0.0012307144 -0.094765559 0.3125
0.0039485907 -0.094386496 0.31125
0.0066606733 -0.094234869 0.31075001
0.0093715535 -0.094159067 0.31050003
0.012136455 -0.094538122 0.31175002
0.014982823 -0.095296249 0.31425002
0.017915251 -0.096281812 0.31750003
0.020709017 -0.096357621 0.31775001
0.023562601 -0.096660875 0.31875002
0.026413014 -0.096888311 0.31950003
0 -0 0
0 -0 0
0 -0 0
0 -0 0
0 -0 0
0.04395999 -0.098632 0.32525003
0.046949163 -0.098935246 0.32625002
0.049803182 -0.098935246 0.32625002
0.052899305 -0.099390119 0.32775003
0.055766445 -0.099390119 0.32775003
0.05885721 -0.099769183 0.32900003
0.061688371 -0.099693365 0.32875001
0.064809754 -0.10007243 0.33000001
0.067696571 -0.10007243 0.33000001
0.070690341 -0.10022406 0.33050001
0.073748522 -0.10045149 0.33125001
0.076935507 -0.10083055 0.33250001
0.080204405 -0.10128544 0.33400002
0.083001778 -0.10113381 0.33350003
0.085726 -0.10090637 0.33275002
0.089036435 -0.10136124 0.33425
0.092235573 -0.10166449 0.33525002
0.095168315 -0.10166449 0.33525002
0.098686315 -0.102271 0.33725002
0.10163656 -0.102271 0.33725002
0.10474186 -0.10242262 0.33775002
0.10785591 -0.10257424 0.33825001
0.11122442 -0.1029533 0.33950001
0.11427844 -0.10302912 0.33975002
0.11733683 -0.10310493 0.34
0.12048807 -0.10325655 0.34050003
0 -0 0
0 -0 0
0 -0 0
0 -0 0
0 -0 0
0 -0 0
0 -0 0
0 -0 0
0 -0 0
0 -0 0
0 -0 0
0 -0 0
0 -0 0
0 -0 0
0 -0 0
0 -0 0
0 -0 0
0 -0 0
0 -0 0
0 -0 0
0 -0 0
0 -0 0
0 -0 0
0 -0 0
0 -0 0
0 -0 0
0 -0 0
0 -0 0
0 -0 0
0 -0 0
0 -0 0
0 -0 0
0 -0 0
0 -0 0
0 -0 0
0 -0 0
0 -0 0
0 -0 0
-0 -0 0
-0 -0 0
-0 -0 0
-0 -0 0
-0 -0 0
-0 -0 0
-0 -0 0
-0 -0 0
-0 -0 0
-0 -0 0
-0 -0 0
-0.17035709 -0.0824624 0.28
-0.16760783 -0.082315147 0.27950001
-0.16442414 -0.081947014 0.27825001
-0.16155338 -0.081726134 0.2775
-0.15912582 -0.081726134 0.2775
-0.15669827 -0.081726134 0.2775
-0.15427071 -0.081726134 0.2775
-0.15280074 -0.082241528 0.27925003
-0.15049247 -0.082315147 0.27950001
-0.14817984 -0.082388781 0.27975002
-0.14638378 -0.082756914 0.28100002
-0.1441817 -0.082904167 0.28150001
-0.14209674 -0.083125047 0.28225002
-0.13987498 -0.083272301 0.28275001
-0.13825189 -0.083787687 0.2845
-0.13588241 -0.083861321 0.28475001
-0.13374276 -0.084082201 0.28550002
-0.13181986 -0.084450342 0.28675002
-0.12964959 -0.084671222 0.28750002
-0.12702401 -0.084597595 0.28725001
-0.12429443 -0.084450342 0.28675002
-0.1221045 -0.084671222 0.28750002
-0.11979744 -0.084818475 0.28800002
-0.11758345 -0.085039355 0.28875002
-0.11535632 -0.085260242 0.28950003
-0.11301865 -0.085407495 0.29000002
-0.11057698 -0.085481115 0.29025
-0.10822401 -0.085628375 0.29075003
-0.10604401 -0.085922882 0.29175001
-0.10358048 -0.085996509 0.29200003
-0.10128555 -0.086217389 0.29275
-0.099230446 -0.086659148 0.29425001
-0.09739545 -0.087321803 0.29650003
-0.095041484 -0.087542675 0.29725
-0.09236341 -0.087469056 0.29700002
-0.089916393 -0.087616302 0.29750001
-0.087240495 -0.087542675 0.29725
-0.084853731 -0.087763555 0.29800001
-0.082177855 -0.087689936 0.29775003
-0.079840392 -0.087984443 0.29875001
-0.077420823 -0.088205323 0.29950002
-0.074925676 -0.088352576 0.30000001
-0.072421797 -0.088499829 0.30050001
-0.069967225 -0.088720709 0.30125001
-0.067499541 -0.088941596 0.30200002
-0.065018728 -0.089162476 0.30275002
-0.062524803 -0.089383364 0.30350003
-0.060017742 -0.089604236 0.30425
-0.057497565 -0.089825116 0.30500001
-0.054874383 -0.08989875 0.30525002
-0.052332338 -0.09011963 0.30600002
-0.049655467 -0.09011963 0.30600002
-0.047170505 -0.090487763 0.30725002
-0.044699859 -0.090929523 0.30875
-0.041930914 -0.09078227 0.30825001
-0.039297998 -0.090929523 0.30875
-0.036745232 -0.091297656 0.31
-0.034225494 -0.091813058 0.31175002
-0.03149832 -0.091813058 0.31175002
-0.028794218 -0.091886677 0.31200001
-0.026085746 -0.091960311 0.31225002
-0.023298103 -0.091739424 0.31150001
-0.020589629 -0.091813058 0.31175002
-0.017905425 -0.09203393 0.3125
-0.015171692 -0.09203393 0.3125
-0.012437957 -0.09203393 0.3125
-0.0097119864 -0.092107564 0.31275001
-0.0070039472 -0.092475697 0.31400001
-0.0042435336 -0.092181191 0.31300002
-0.0015042224 -0.092107564 0.31275001
0.0012326837 -0.092181191 0.31300002
0.0039676204 -0.092107564 0.31275001
0.0067356937 -0.092549324 0.31425002
0.0095677366 -0.093359217 0.317
0.012408965 -0.093874618 0.31875002
0.015209293 -0.093948238 0.31900001
0.018126849 -0.094610885 0.32125002
0.020953419 -0.094684511 0.3215
0.023858288 -0.095052645 0.32275
0.026702357 -0.095126271 0.32300001
0.029596509 -0.095347159 0.32375002
0 -0 0
0 -0 0
0 -0 0
0 -0 0
0 -0 0
0.0478126 -0.097850487 0.33225003
0.050337467 -0.097114205 0.32975
0.053343154 -0.097335085 0.33050001
0.056276891 -0.097408719 0.33075002
0.059259724 -0.097555973 0.33125001
0.06229822 -0.097776853 0.33200002
0.065349832 -0.097997732 0.33275002
0.068414569 -0.09821862 0.33350003
0.071438953 -0.098365873 0.33400002
0.074527748 -0.098586753 0.33475003
0.077629663 -0.098807625 0.3355
0.080684669 -0.098954886 0.33600003
0.083748423 -0.099102139 0.33650002
0.086692102 -0.099102139 0.33650002
0.089968756 -0.09947028 0.33775002
0.093404852 -0.099985667 0.33950001
0.096516706 -0.10013292 0.34
0.099564172 -0.10020655 0.34025002
0.10269134 -0.1003538 0.34075001
0.10567221 -0.1003538 0.34075001
0.10889222 -0.10057468 0.34150001
0.11204346 -0.10072193 0.34200001
0.11511934 -0.10079557 0.34225002
0.11819962 -0.10086919 0.34250003
0.12119578 -0.10086919 0.34250003
0.12437326 -0.10101645 0.34300002
0 -0 0
0 -0 0
0 -0 0
0 -0 0
0 -0 0
0 -0 0
0 -0 0
0 -0 0
0 -0 0
0 -0 0
0 -0 0
0 -0 0
0 -0 0
0 -0 0
0 -0 0
0 -0 0
0 -0 0
0 -0 0
0 -0 0
0 -0 0
0 -0 0
0 -0 0
0 -0 0
0 -0 0
0 -0 0
0 -0 0
0 -0 0
0 -0 0
0 -0 0
0 -0 0
0 -0 0
0 -0 0
0 -0 0
0 -0 0
0 -0 0
0 -0 0
0 -0 0
-0 -0 0
-0 -0 0
-0 -0 0
-0 -0 0
-0 -0 0
-0 -0 0
-0 -0 0
-0 -0 0
-0 -0 0
-0 -0 0
-0.17326941 -0.080229186 0.28075001
-0.17066132 -0.080157749 0.28050002
-0.16760783 -0.079871975 0.27950001
-0.16457187 -0.079586215 0.27850002
-0.16213557 -0.079586215 0.27850002
-0.16012932 -0.079800539 0.27925003
-0.15810996 -0.080014855 0.28
-0.15635546 -0.080372065 0.28125
-0.15444228 -0.08065784 0.28225002
-0.15197319 -0.08065784 0.28225002
-0.14963648 -0.080729276 0.2825
-0.14781637 -0.081086494 0.28375003
-0.14584632 -0.081372254 0.28475001
-0.14335535 -0.081372254 0.28475001
-0.14160642 -0.081800908 0.28625003
-0.13934527 -0.081943795 0.28675002
-0.1367175 -0.081872344 0.28650001
-0.13456255 -0.082086675 0.28725001
-0.13262434 -0.082443886 0.28850001
-0.13077699 -0.08287254 0.29000002
-0.12812953 -0.082801089 0.28975001
-0.12537807 -0.082658209 0.28925002
-0.12316627 -0.08287254 0.29000002
-0.12083735 -0.08301542 0.29050002
-0.11880509 -0.08337263 0.29175001
-0.11655172 -0.083586954 0.29250002
-0.11438266 -0.083872721 0.29350001
-0.11210086 -0.084087044 0.29425001
-0.10980596 -0.084301375 0.29500002
-0.10758878 -0.084587134 0.296
-0.10491071 -0.084515698 0.29575002
-0.10240999 -0.084587134 0.296
-0.10024214 -0.084944345 0.29725
-0.09821666 -0.085444443 0.29900002
-0.09568096 -0.085515879 0.29925001
-0.093063131 -0.085515879 0.29925001
-0.09044531 -0.085515879 0.29925001
-0.087900855 -0.085587323 0.29950002
-0.085565589 -0.08587309 0.30050001
-0.083212838 -0.086158864 0.30150002
-0.08077576 -0.086373188 0.30225003
-0.078196317 -0.086444624 0.30250001
-0.075550057 -0.086444624 0.30250001
-0.072903804 -0.086444624 0.30250001
-0.070605934 -0.086873278 0.30400002
-0.068058312 -0.087016158 0.30450001
-0.065609321 -0.087301925 0.3055
-0.06309133 -0.087516248 0.30625001
-0.060560219 -0.087730579 0.30700001
-0.057968855 -0.087873459 0.3075
-0.055413689 -0.08808779 0.30825001
-0.05293091 -0.088444993 0.30950001
-0.050142284 -0.088302113 0.30900002
-0.047669459 -0.088730767 0.31050003
-0.045170382 -0.089159414 0.31200001
-0.042543046 -0.089373738 0.31275001
-0.039902586 -0.089588068 0.31350002
-0.037189733 -0.089659512 0.31375003
-0.034445066 -0.089659512 0.31375003
-0.031725653 -0.089730948 0.31400001
-0.02902494 -0.089873828 0.3145
-0.026273713 -0.089873828 0.3145
-0.023522481 -0.089873828 0.3145
-0.020804275 -0.090016723 0.31500003
-0.018062994 -0.090088159 0.31525001
-0.015305203 -0.090088159 0.31525001
-0.012527511 -0.089945279 0.31475002
-0.009781858 -0.090016723 0.31500003
-0.0070318291 -0.090088159 0.31525001
-0.0042706486 -0.090016723 0.31500003
-0.0015090321 -0.089659512 0.31375003
0.0012444984 -0.090302482 0.31600001
0.0040405663 -0.091016904 0.31850001
0.0069286013 -0.092374302 0.32325003
0.009741284 -0.092231415 0.32275
0.012525755 -0.091945648 0.32175002
0.015423845 -0.092445739 0.32350001
0.01832434 -0.092802949 0.32475001
0.021148942 -0.092731513 0.32450002
0.024190936 -0.093517363 0.32725
0.027115706 -0.093731694 0.32800001
0.02996218 -0.093660258 0.32775003
0.032804281 -0.093588814 0.32750002
0 -0 0
0 -0 0
0 -0 0
0 -0 0
0 -0 0
0.050719105 -0.094946206 0.33225003
0.053908061 -0.095446303 0.33400002
0.057000026 -0.095732063 0.33500001
0.060154211 -0.096089274 0.33625001
0.063095711 -0.096089274 0.33625001
0.066037208 -0.096089274 0.33625001
0.069081284 -0.096232161 0.33675003
0.072027154 -0.096232161 0.33675003
0.075084344 -0.096375048 0.33725002
0.077918895 -0.096232161 0.33675003
0.081345029 -0.096803688 0.33875
0.084370621 -0.096875139 0.33900002
0.087529399 -0.097089462 0.33975002
0.090634696 -0.097232342 0.34025002
0.0939551 -0.097589552 0.34150001
0.097226396 -0.097875327 0.34250003
0.10029572 -0.097946763 0.34275001
0.10344476 -0.098089643 0.34325001
0.10675763 -0.098375417 0.34425002
0.11000825 -0.098589741 0.34500003
0.113272 -0.098804064 0.34575
0.11621252 -0.098732628 0.34550002
0.11906239 -0.098589741 0.34500003
0.12216888 -0.098661177 0.34525001
0.12582366 -0.099161267 0.347
0 -0 0
0 -0 0
0 -0 0
0 -0 0
0 -0 0
0 -0 0
0 -0 0
0 -0 0
0 -0 0
0 -0 0
0 -0 0
0 -0 0
0 -0 0
0 -0 0
0 -0 0
0 -0 0
0 -0 0
0 -0 0
0 -0 0
0 -0 0
0 -0 0
0 -0 0
0 -0 0
0 -0 0
0 -0 0
0 -0 0
0 -0 0
0 -0 0
0 -0 0
0 -0 0
0 -0 0
0 -0 0
0 -0 0
0 -0 0
0 -0 0
0 -0 0
0 -0 0
-0 -0 0
-0 -0 0
-0 -0 0
-0 -0 0
-0 -0 0
-0 -0 0
-0 -0 0
-0 -0 0
-0 -0 0
-0.17603834 -0.077913597 0.28125
-0.17373228 -0.077982858 0.28150001
-0.17096552 -0.077844344 0.28100002
-0.16790767 -0.077567317 0.28
-0.16516279 -0.077428803 0.27950001
-0.16286328 -0.077498063 0.27975002
-0.16113281 -0.077844344 0.28100002
-0.1588158 -0.077913597 0.28125
-0.15732834 -0.078398399 0.28300002
-0.15539986 -0.078675419 0.28400001
-0.15331927 -0.078883193 0.28475001
-0.1509607 -0.078952454 0.28500003
-0.14924894 -0.079367988 0.28650001
-0.1473829 -0.079714268 0.28775001
-0.14499155 -0.079783529 0.28800002
-0.14271948 -0.079922035 0.28850001
-0.14056015 -0.08012981 0.28925002
-0.13850699 -0.08040683 0.29025
-0.13573368 -0.080268323 0.28975001
-0.13400345 -0.08075311 0.2915
-0.13167889 -0.080891632 0.29200003
-0.1293456 -0.081030145 0.29250002
-0.12689517 -0.081099398 0.29275
-0.12454659 -0.081237912 0.29325002
-0.1222932 -0.081445679 0.294
-0.12012853 -0.081722707 0.29500002
-0.11774712 -0.08186122 0.29550001
-0.11535696 -0.081999734 0.296
-0.11286281 -0.082068995 0.29625002
-0.1105504 -0.082276762 0.29700002
-0.10822487 -0.082484536 0.29775003
-0.10579753 -0.082623042 0.29825002
-0.10327494 -0.082692295 0.2985
-0.10108522 -0.083038576 0.29975
-0.098627269 -0.083177097 0.30025002
-0.096080624 -0.08324635 0.30050001
-0.093607366 -0.083384871 0.30100003
-0.091200911 -0.083592631 0.30175
-0.089221574 -0.084215946 0.30400002
-0.086491011 -0.084146686 0.30375001
-0.083833821 -0.084146686 0.30375001
-0.081377067 -0.084354453 0.30450001
-0.079165697 -0.084839247 0.30625001
-0.076361753 -0.084700741 0.30575001
-0.073747322 -0.084770001 0.30600002
-0.071418829 -0.085185535 0.3075
-0.068952344 -0.085462563 0.30850002
-0.066414677 -0.085670337 0.30925003
-0.064018384 -0.086085871 0.31075001
-0.061250649 -0.086016618 0.31050003
-0.058581535 -0.086085871 0.31075001
-0.055997938 -0.086293638 0.31150001
-0.053315707 -0.086362898 0.31175002
-0.050750803 -0.086639918 0.31275001
-0.048130032 -0.086847693 0.31350002
-0.045604717 -0.087263234 0.31500003
-0.042917125 -0.087401748 0.31550002
-0.040220786 -0.087540254 0.31600001
-0.037426796 -0.087471001 0.31575
-0.034692079 -0.087540254 0.31600001
-0.032003507 -0.087748028 0.31675002
-0.029209519 -0.087678768 0.31650001
-0.026482565 -0.087817281 0.317
-0.023746863 -0.087955803 0.31750003
-0.02101892 -0.088163562 0.31825
-0.018220562 -0.088094309 0.31800002
-0.015402302 -0.087886542 0.31725001
-0.012597163 -0.087678768 0.31650001
-0.0098284371 -0.087678768 0.31650001
-0.0070652873 -0.087748028 0.31675002
-0.0043181004 -0.088232823 0.31850001
-0.0015511166 -0.089340925 0.32250002
0.0012720665 -0.089479439 0.32300001
0.0041071689 -0.089687213 0.32375002
0.0069661108 -0.090033494 0.32500002
0.0098167397 -0.090102755 0.32525003
0.012710674 -0.090449035 0.32650003
0.015662234 -0.091003083 0.3285
0.01856415 -0.091141596 0.32900003
0.021474812 -0.09128011 0.32950002
0.02437574 -0.091349363 0.32975
0.027363718 -0.091695651 0.33100003
0.030304996 -0.091834165 0.33150002
0.03315486 -0.091695651 0.33100003
0.036104888 -0.091834165 0.33150002
0 -0 0
0 -0 0
0 -0 0
0 -0 0
0 -0 0
0 -0 0
0.057595551 -0.09377335 0.33850002
0.060601454 -0.093842596 0.33875
0.063611738 -0.093911856 0.33900002
0.066626392 -0.093981117 0.33925003
0.06959413 -0.093981117 0.33925003
0.072722286 -0.094188884 0.34
0.075919233 -0.094465911 0.34100002
0.079075821 -0.094673686 0.34175003
0.082185499 -0.094812192 0.34225002
0.085366145 -0.095019966 0.34300002
0.088559918 -0.095227733 0.34375003
0.091899991 -0.095574021 0.34500003
0.094780467 -0.0954355 0.34450001
0.097936079 -0.095574021 0.34500003
0.10102727 -0.095643267 0.34525001
0.1045749 -0.096128061 0.347
0.10807561 -0.096543603 0.34850001
0.11120399 -0.096612863 0.34875003
0.11433674 -0.096682116 0.34900001
0.11755796 -0.096820638 0.34950003
0.12096047 -0.097097658 0.35050002
0.12393816 -0.097028397 0.35025001
0.1272741 -0.097236171 0.35100001
0 -0 0
0 -0 0
0 -0 0
0 -0 0
0 -0 0
0 -0 0
0 -0 0
0 -0 0
0 -0 0
0 -0 0
0 -0 0
0 -0 0
0 -0 0
0 -0 0
0 -0 0
0 -0 0
0 -0 0
0 -0 0
0 -0 0
0 -0 0
0 -0 0
0 -0 0
0 -0 0
0 -0 0
0 -0 0
0 -0 0
0 -0 0
0 -0 0
0 -0 0
0 -0 0
0 -0 0
0 -0 0
0 -0 0
0 -0 0
0 -0 0
0 -0 0
0 -0 0
-0 -0 0
-0 -0 0
-0 -0 0
-0 -0 0
-0 -0 0
-0 -0 0
-0 -0 0
-0 -0 0
-0.17818137 -0.075320981 0.28075001
-0.17619483 -0.075522199 0.28150001
-0.17450374 -0.075857557 0.28275001
-0.17263867 -0.076125845 0.28375003
-0.16970669 -0.075924627 0.28300002
-0.16723102 -0.075924627 0.28300002
-0.16562861 -0.076327048 0.2845
-0.16414331 -0.076796554 0.28625003
-0.16065101 -0.076327048 0.2845
-0.15899613 -0.076729484 0.28600001
-0.15745178 -0.077198975 0.28775001
-0.15533839 -0.077400193 0.28850001
-0.15268217 -0.077333115 0.28825
-0.15081176 -0.077668481 0.28950003
-0.14866337 -0.077869691 0.29025
-0.14650187 -0.078070901 0.29100001
-0.14420356 -0.078205042 0.2915
-0.1418965 -0.078339197 0.29200003
-0.1394614 -0.078406259 0.29225001
-0.13713902 -0.0785404 0.29275
-0.13526763 -0.078942828 0.29425001
-0.13280629 -0.079009905 0.29450002
-0.13045111 -0.079144046 0.29500002
-0.12830392 -0.079412326 0.296
-0.1259269 -0.079546474 0.29650003
-0.12333313 -0.079546474 0.29650003
-0.12094297 -0.079680614 0.29700002
-0.11834482 -0.079680614 0.29700002
-0.11603898 -0.079881832 0.29775003
-0.11391049 -0.08021719 0.29900002
-0.11166707 -0.080485471 0.30000001
-0.10913356 -0.080552541 0.30025002
-0.10677303 -0.080753759 0.30100003
-0.10422639 -0.080820829 0.30125001
-0.101844 -0.081022039 0.30200002
-0.099612713 -0.081357397 0.30325001
-0.096959904 -0.081357397 0.30325001
-0.094618067 -0.081625678 0.30425
-0.092258751 -0.081893966 0.30525002
-0.089808553 -0.082095183 0.30600002
-0.08727406 -0.082229324 0.30650002
-0.084730811 -0.082363464 0.30700001
-0.082312442 -0.082631752 0.30800003
-0.080005817 -0.083034173 0.30950001
-0.0774232 -0.083168313 0.31
-0.074590832 -0.083034173 0.30950001
-0.072057538 -0.08323539 0.31025001
-0.069790505 -0.083771959 0.31225002
-0.06711264 -0.083839029 0.3125
-0.064430416 -0.083906099 0.31275001
-0.061990391 -0.084308535 0.31425002
-0.059382733 -0.084509745 0.31500003
-0.056627132 -0.084509745 0.31500003
-0.053871527 -0.084509745 0.31500003
-0.05123762 -0.084710956 0.31575
-0.04862899 -0.084979244 0.31675002
-0.045930464 -0.085113384 0.31725001
-0.043223187 -0.085247524 0.31775001
-0.040538989 -0.085448742 0.31850001
-0.037812032 -0.085582882 0.31900001
-0.035076328 -0.08571703 0.31950003
-0.032230839 -0.085582882 0.31900001
-0.029463315 -0.085649952 0.31925002
-0.02673319 -0.08585117 0.32000002
-0.023933847 -0.08585117 0.32000002
-0.02110148 -0.08571703 0.31950003
-0.018292183 -0.085649952 0.31925002
-0.015462989 -0.085448742 0.31850001
-0.012646915 -0.085247524 0.31775001
-0.0098750181 -0.085314602 0.31800002
-0.0071991207 -0.086588949 0.32275
-0.0044163931 -0.087393805 0.32575002
-0.0015703553 -0.087595023 0.32650003
0.0012897888 -0.087863304 0.32750002
0.0041515706 -0.087796234 0.32725
0.0070625646 -0.088399872 0.32950002
0.0099601047 -0.08853402 0.33000001
0.012846928 -0.08853402 0.33000001
0.015745671 -0.08860109 0.33025002
0.018789854 -0.089338869 0.333
0.021702919 -0.089338869 0.333
0.024689911 -0.089607157 0.33400002
0.027715063 -0.089942515 0.33525002
0.030624958 -0.089875437 0.33500001
0.033630647 -0.090076655 0.33575001
0.036785599 -0.090613224 0.33775002
0.039593142 -0.090277873 0.33650002
0 -0 0
0 -0 0
0 -0 0
0 -0 0
0 -0 0
0 -0 0
0.061227597 -0.091820508 0.34225002
0.064080849 -0.09161929 0.34150001
0.067117371 -0.091686368 0.34175003
0.070260845 -0.091887586 0.34250003
0.073684789 -0.092424147 0.34450001
0.076865435 -0.092625357 0.34525001
0.079769976 -0.092491217 0.34475002
0.083146036 -0.092893653 0.34625003
0.086423889 -0.093161933 0.34725001
0.089526027 -0.093229003 0.34750003
0.092699118 -0.093363144 0.34800002
0.096224874 -0.093832642 0.34975001
0.099355437 -0.093899719 0.35000002
0.10241723 -0.093899719 0.35000002
0.10578037 -0.094168 0.35100001
0.1090835 -0.09436921 0.35175002
0.11192143 -0.094168 0.35100001
0.11499196 -0.094168 0.35100001
0.11865112 -0.094637498 0.35275
0.12190953 -0.094771646 0.35325003
0.12499973 -0.094771646 0.35325003
0.12808995 -0.094771646 0.35325003
0.13136584 -0.094905786 0.35375002
0 -0 0
0 -0 0
0 -0 0
0 -0 0
0 -0 0
0 -0 0
0 -0 0
0 -0 0
0 -0 0
0 -0 0
0 -0 0
0 -0 0
0 -0 0
0 -0 0
0 -0 0
0 -0 0
0 -0 0
0 -0 0
0 -0 0
0 -0 0
0 -0 0
0 -0 0
0 -0 0
0 -0 0
0 -0 0
0 -0 0
0 -0 0
0 -0 0
0 -0 0
0 -0 0
0 -0 0
0 -0 0
0 -0 0
0 -0 0
0 -0 0
0 -0 0
-0 -0 0
-0 -0 0
-0 -0 0
-0 -0 0
-0 -0 0
-0 -0 0
-0.18716933 -0.074489027 0.287
-0.18305014 -0.073840171 0.2845
-0.18024403 -0.073710404 0.28400001
-0.17822905 -0.073905058 0.28475001
-0.17604665 -0.074034832 0.28525001
-0.17415972 -0.074294381 0.28625003
-0.17240521 -0.074618809 0.28750002
-0.17033336 -0.074813455 0.28825
-0.16781177 -0.074813455 0.28825
-0.16529015 -0.074813455 0.28825
-0.16290973 -0.07487835 0.28850001
-0.16052495 -0.074943237 0.28875002
-0.15895654 -0.075397439 0.29050002
-0.15668447 -0.075527206 0.29100001
-0.15440366 -0.07565698 0.2915
-0.15237458 -0.075916521 0.29250002
-0.14994384 -0.075981408 0.29275
-0.14738289 -0.075981408 0.29275
-0.14556397 -0.076370724 0.29425001
-0.1435973 -0.076695152 0.29550001
-0.14089301 -0.076630272 0.29525003
-0.1385444 -0.076760039 0.29575002
-0.13630196 -0.0769547 0.29650003
-0.13382092 -0.07701958 0.29675001
-0.13133554 -0.077084474 0.29700002
-0.12938757 -0.077473782 0.2985
-0.12709485 -0.077668443 0.29925001
-0.12458102 -0.07773333 0.29950002
-0.12196101 -0.07773333 0.29950002
-0.11973945 -0.077992871 0.30050001
-0.11769528 -0.078382187 0.30200002
-0.11505339 -0.078382187 0.30200002
-0.11250458 -0.078447081 0.30225003
-0.1101331 -0.078641728 0.303
-0.10765985 -0.078771509 0.30350003
-0.10535082 -0.07903105 0.30450001
-0.10319293 -0.079420365 0.30600002
-0.10043392 -0.079355478 0.30575001
-0.097759239 -0.079355478 0.30575001
-0.095162302 -0.079420365 0.30600002
-0.092787668 -0.079679906 0.30700001
-0.090468906 -0.080004334 0.30825001
-0.088199474 -0.08039365 0.30975002
-0.085558794 -0.080458537 0.31
-0.082913741 -0.080523424 0.31025001
-0.080652073 -0.080977626 0.31200001
-0.078110017 -0.08117228 0.31275001
-0.075434349 -0.081237167 0.31300002
-0.072812371 -0.081366941 0.31350002
-0.070349276 -0.081691369 0.31475002
-0.067756929 -0.081886031 0.31550002
-0.065048449 -0.08195091 0.31575
-0.06258218 -0.082340226 0.31725001
-0.059995409 -0.082599767 0.31825
-0.057166435 -0.082534887 0.31800002
-0.054384585 -0.082534887 0.31800002
-0.051643305 -0.082599767 0.31825
-0.048936039 -0.082729548 0.31875002
-0.046509571 -0.083378404 0.32125002
-0.043733295 -0.083443284 0.3215
-0.040889014 -0.083378404 0.32125002
-0.038137998 -0.083508179 0.32175002
-0.035295896 -0.083443284 0.3215
-0.03258447 -0.083702832 0.32250002
-0.029786326 -0.08376772 0.32275
-0.026900273 -0.083573066 0.32200003
-0.024046035 -0.083443284 0.3215
-0.021200547 -0.083313517 0.32100001
-0.01834948 -0.083118856 0.32025
-0.01554795 -0.083118856 0.32025
-0.012905625 -0.084157035 0.32425001
-0.010146736 -0.084805891 0.32675001
-0.0073385308 -0.085389867 0.32900003
-0.0044706231 -0.085584521 0.32975
-0.0015907963 -0.08584407 0.33075002
0.001307511 -0.086168498 0.33200002
0.0042150021 -0.086233385 0.33225003
0.0071643768 -0.086752467 0.33425
0.010088379 -0.086752467 0.33425
0.013061044 -0.087076895 0.3355
0.015984062 -0.087012015 0.33525002
0.018945025 -0.087141789 0.33575001
0.02193103 -0.087336443 0.33650002
0.024985598 -0.087725766 0.33800003
0.028025074 -0.087985307 0.33900002
0.031082045 -0.088244848 0.34
0.034031309 -0.088179961 0.33975002
0.037030652 -0.088244848 0.34
0.040004954 -0.088244848 0.34
0.042979255 -0.088244848 0.34
0 -0 0
0 -0 0
0 -0 0
0 -0 0
0 -0 0
0 -0 0
0.064456142 -0.089153253 0.34350002
0.067657448 -0.089412794 0.34450001
0.0710814 -0.089931883 0.34650001
0.07421951 -0.09006165 0.347
0.077366374 -0.090191431 0.34750003
0.08081121 -0.090645626 0.34925002
0.083926469 -0.090710513 0.34950003
0.087046087 -0.0907754 0.34975001
0.090234496 -0.090905167 0.35025001
0.093631431 -0.091229595 0.3515
0.096775129 -0.091294482 0.35175002
0.099852212 -0.091294482 0.35175002
0.10329509 -0.091618918 0.35300002
0.10675982 -0.091943346 0.35425001
0.1101689 -0.092202894 0.35525003
0.11327661 -0.092202894 0.35525003
0.11654813 -0.092332661 0.35575002
0.11991248 -0.092527322 0.35650003
0.12328995 -0.092721976 0.35725001
0.1263267 -0.092657089 0.35700002
0.12926842 -0.092527322 0.35650003
0.13442948 -0.093954809 0.36200002
0 -0 0
0 -0 0
0 -0 0
0 -0 0
0 -0 0
0 -0 0
0 -0 0
0 -0 0
0 -0 0
0 -0 0
0 -0 0
0 -0 0
0 -0 0
0 -0 0
0 -0 0
0 -0 0
0 -0 0
0 -0 0
0 -0 0
0 -0 0
0 -0 0
0 -0 0
0 -0 0
0 -0 0
0 -0 0
0 -0 0
0 -0 0
0 -0 0
0 -0 0
0 -0 0
0 -0 0
0 -0 0
0 -0 0
0 -0 0
0 -0 0
0 -0 0
-0 -0 0
-0 -0 0
-0 -0 0
-0 -0 0
-0 -0 0
-0.19017568 -0.072168402 0.28775001
-0.18749543 -0.072105706 0.28750002
-0.18465866 -0.071980298 0.287
-0.18183067 -0.071854897 0.28650001
-0.17995031 -0.072105706 0.28750002
-0.17774387 -0.072231106 0.28800002
-0.17568076 -0.072419204 0.28875002
-0.17375445 -0.072670005 0.28975001
-0.17195839 -0.072983511 0.29100001
-0.16941275 -0.072983511 0.29100001
-0.16658036 -0.07285811 0.29050002
-0.16403909 -0.07285811 0.29050002
-0.16219273 -0.073171608 0.29175001
-0.16046129 -0.073547818 0.29325002
-0.15816519 -0.073673218 0.29375002
-0.15586029 -0.073798619 0.29425001
-0.15367693 -0.073986724 0.29500002
-0.15122433 -0.074049421 0.29525003
-0.14901908 -0.074237518 0.296
-0.1468007 -0.074425623 0.29675001
-0.14481218 -0.074739128 0.29800001
-0.1423246 -0.074801832 0.29825002
-0.1395984 -0.074739128 0.29800001
-0.13722137 -0.074864522 0.2985
-0.1346101 -0.074864522 0.2985
-0.1325516 -0.075178027 0.29975
-0.13057959 -0.075554237 0.30125001
-0.12805045 -0.075616941 0.30150002
-0.12582891 -0.075867735 0.30250001
-0.12358987 -0.076118544 0.30350003
-0.1212337 -0.076306641 0.30425
-0.11866958 -0.076369345 0.30450001
-0.11610107 -0.076432049 0.30475003
-0.11380736 -0.076682843 0.30575001
-0.11122354 -0.076745547 0.30600002
-0.10854667 -0.076745547 0.30600002
-0.10664824 -0.077309854 0.30825001
-0.10420462 -0.077497952 0.30900002
-0.10141937 -0.077435248 0.30875
-0.098878324 -0.077560656 0.30925003
-0.096794978 -0.078062259 0.31125
-0.094072185 -0.078062259 0.31125
-0.091422759 -0.078124963 0.31150001
-0.089053705 -0.078438461 0.31275001
-0.086317793 -0.078438461 0.31275001
-0.0837823 -0.078626566 0.31350002
-0.081362948 -0.078940071 0.31475002
-0.078859277 -0.079190865 0.31575
-0.076277867 -0.07937897 0.31650001
-0.073451079 -0.079316273 0.31625003
-0.070963927 -0.079629779 0.31750003
-0.068240136 -0.079692475 0.31775001
-0.065666489 -0.079943277 0.31875002
-0.063124664 -0.080256782 0.32000002
-0.060419574 -0.080382183 0.32050002
-0.057615858 -0.080382183 0.32050002
-0.054897647 -0.080507584 0.32100001
-0.052211259 -0.080695681 0.32175002
-0.049588516 -0.081009187 0.32300001
-0.046943899 -0.081322692 0.32425001
-0.044107378 -0.081322692 0.32425001
-0.041270856 -0.081322692 0.32425001
-0.03843433 -0.081322692 0.32425001
-0.035597805 -0.081322692 0.32425001
-0.032761283 -0.081322692 0.32425001
-0.02992476 -0.081322692 0.32425001
-0.027067354 -0.081259988 0.324
-0.024158224 -0.081009187 0.32300001
-0.021316126 -0.080946483 0.32275
-0.018650291 -0.08163619 0.32550001
-0.015936347 -0.082325906 0.32825002
-0.013204136 -0.083203703 0.33175001
-0.01029424 -0.083141014 0.33150002
-0.0074054473 -0.083266407 0.33200002
-0.0045146854 -0.083517209 0.333
-0.0016064277 -0.083768018 0.33400002
0.0013242487 -0.084332317 0.33625001
0.0042689187 -0.084395021 0.33650002
0.0072340379 -0.084645823 0.33750001
0.010201562 -0.084771231 0.33800003
0.013207032 -0.085084729 0.33925003
0.016174775 -0.085084729 0.33925003
0.019198943 -0.08533553 0.34025002
0.022159137 -0.085272826 0.34
0.025170403 -0.085398234 0.34050003
0.028190413 -0.085523635 0.34100002
0.031264883 -0.085774429 0.34200001
0.034331806 -0.085962534 0.34275001
0.037357397 -0.086025238 0.34300002
0.040446188 -0.086213343 0.34375003
0.043516498 -0.086338744 0.34425002
0.046460405 -0.086213343 0.34375003
0 -0 0
0 -0 0
0 -0 0
0 -0 0
0 -0 0
0 -0 0
0.068492122 -0.08746735 0.34875003
0.072004534 -0.088031657 0.35100001
0.075075068 -0.088031657 0.35100001
0.078201264 -0.088094361 0.35125002
0.081447519 -0.088282458 0.35200003
0.084826961 -0.088595964 0.35325003
0.087854952 -0.08853326 0.35300002
0.091329426 -0.08890947 0.35450003
0.094363973 -0.088846765 0.35425001
0.097738065 -0.089097567 0.35525003
0.10120061 -0.089411072 0.35650003
0.10439241 -0.089473769 0.35675001
0.10758858 -0.089536473 0.35700002
0.1109442 -0.089724578 0.35775003
0.11415348 -0.089787275 0.35800001
0.11753096 -0.089975372 0.35875002
0.12134201 -0.090476982 0.36075002
0.12510177 -0.090915881 0.36250001
0.12871522 -0.091229387 0.36375001
0.13198794 -0.091292091 0.36400002
0.13535787 -0.091417491 0.36450002
0 -0 0
0 -0 0
0 -0 0
0 -0 0
0 -0 0
0 -0 0
0 -0 0
0 -0 0
0 -0 0
0 -0 0
0 -0 0
0 -0 0
0 -0 0
0 -0 0
0 -0 0
0 -0 0
0 -0 0
0 -0 0
0 -0 0
0 -0 0
0 -0 0
0 -0 0
0 -0 0
0 -0 0
0 -0 0
0 -0 0
0 -0 0
0 -0 0
0 -0 0
0 -0 0
0 -0 0
0 -0 0
0 -0 0
0 -0 0
0 -0 0
0 -0 0
-0 -0 0
-0 -0 0
-0 -0 0
-0 -0 0
-0.19302772 -0.069774136 0.28825
-0.19034091 -0.069713622 0.28800002
-0.18798453 -0.069774136 0.28825
-0.18514122 -0.069653109 0.28775001
-0.18341734 -0.069955684 0.289
-0.18167157 -0.07025826 0.29025
-0.17944108 -0.070379294 0.29075003
-0.1770497 -0.070439808 0.29100001
-0.17480387 -0.070560835 0.2915
-0.17328797 -0.070984446 0.29325002
-0.17101373 -0.07110548 0.29375002
-0.16887408 -0.071287021 0.29450002
-0.16615663 -0.071226507 0.29425001
-0.16372155 -0.071287021 0.29450002
-0.16251323 -0.07189218 0.29700002
-0.16004969 -0.071952686 0.29725
-0.15718451 -0.071831658 0.29675001
-0.15445834 -0.071771145 0.29650003
-0.15224871 -0.071952686 0.29725
-0.15002596 -0.072134234 0.29800001
-0.14791377 -0.072376303 0.29900002
-0.14590557 -0.072678879 0.30025002
-0.14339828 -0.072739385 0.30050001
-0.14065242 -0.072678879 0.30025002
-0.13883033 -0.073102482 0.30200002
-0.13686489 -0.073465578 0.30350003
-0.13454153 -0.073647112 0.30425
-0.13209669 -0.073768154 0.30475003
-0.12943077 -0.073768154 0.30475003
-0.12718078 -0.074010208 0.30575001
-0.12460791 -0.074070729 0.30600002
-0.12203064 -0.074131235 0.30625001
-0.11974131 -0.074373305 0.30725002
-0.11724398 -0.074494332 0.30775002
-0.11483098 -0.07467588 0.30850002
-0.11258657 -0.074978456 0.30975002
-0.11005426 -0.075099483 0.31025001
-0.1074267 -0.075160004 0.31050003
-0.10479477 -0.075220518 0.31075001
-0.10248695 -0.075523093 0.31200001
-0.10015726 -0.075825669 0.31325001
-0.097494707 -0.075886182 0.31350002
-0.094827794 -0.075946704 0.31375003
-0.092303231 -0.076128244 0.3145
-0.089623198 -0.076188758 0.31475002
-0.087283783 -0.076551855 0.31625003
-0.084918104 -0.076914944 0.31775001
-0.082396954 -0.077157006 0.31875002
-0.07998316 -0.077520095 0.32025
-0.076940626 -0.07727804 0.31925002
-0.0743801 -0.077520095 0.32025
-0.071634449 -0.077580616 0.32050002
-0.069045484 -0.07782267 0.3215
-0.066490538 -0.078125246 0.32275
-0.063716456 -0.078185767 0.32300001
-0.060937997 -0.078246281 0.32325003
-0.05837987 -0.07860937 0.32475001
-0.05558173 -0.078669891 0.32500002
-0.052779216 -0.078730404 0.32525003
-0.050010711 -0.078851439 0.32575002
-0.04726965 -0.07903298 0.32650003
-0.044413444 -0.07903298 0.32650003
-0.041493595 -0.078911945 0.32600001
-0.038641762 -0.078911945 0.32600001
-0.035762485 -0.078851439 0.32575002
-0.032912839 -0.078851439 0.32575002
-0.030063195 -0.078851439 0.32575002
-0.027276209 -0.07903298 0.32650003
-0.024588287 -0.079577617 0.32875001
-0.02187751 -0.080182768 0.33125001
-0.019051373 -0.080485344 0.33250001
-0.016215505 -0.080848441 0.33400002
-0.013363342 -0.081272043 0.33575001
-0.010426218 -0.081272043 0.33575001
-0.0074890931 -0.081272043 0.33575001
-0.0045655267 -0.081514113 0.33675003
-0.0016196544 -0.081514113 0.33675003
0.0013331099 -0.081937715 0.33850002
0.0043069771 -0.082179777 0.33950001
0.007298341 -0.082421839 0.34050003
0.010277018 -0.082421839 0.34050003
0.013294624 -0.082663894 0.34150001
0.016329728 -0.082905963 0.34250003
0.01936822 -0.083087504 0.34325001
0.022354661 -0.08302699 0.34300002
0.025392167 -0.083148018 0.34350002
0.028479757 -0.083390079 0.34450001
0.031630553 -0.083753176 0.34600002
0.034607261 -0.083632141 0.34550002
0.037738591 -0.083874203 0.34650001
0.040916834 -0.084176779 0.34775001
0.043990534 -0.0842373 0.34800002
0.047068607 -0.084297806 0.34825
0.050223012 -0.084479354 0.34900001
0 -0 0
0 -0 0
0 -0 0
0 -0 0
0 -0 0
0 -0 0
0.072722532 -0.085810699 0.35450003
0.076037571 -0.086052753 0.35550001
0.078980491 -0.085871205 0.35475001
0.082373053 -0.08617378 0.35600001
0.085667424 -0.086355329 0.35675001
0.089037143 -0.086597398 0.35775003
0.092359938 -0.086778931 0.3585
0.09582904 -0.087081514 0.35975
0.099113688 -0.087202549 0.36025003
0.10219416 -0.087142028 0.36000001
0.10607498 -0.087747179 0.36250001
0.10954748 -0.087989248 0.36350003
0.11303748 -0.088231303 0.36450002
0.11638553 -0.088352337 0.36500001
0.11941474 -0.088231303 0.36450002
0.12327608 -0.088715427 0.36650002
0.12691359 -0.089018002 0.36775002
0.13013065 -0.089018002 0.36775002
0.13334772 -0.089018002 0.36775002
0.13656476 -0.089018002 0.36775002
0 -0 0
0 -0 0
0 -0 0
0 -0 0
0 -0 0
0 -0 0
0 -0 0
0 -0 0
0 -0 0
0 -0 0
0 -0 0
0 -0 0
0 -0 0
0 -0 0
0 -0 0
0 -0 0
0 -0 0
0 -0 0
0 -0 0
0 -0 0
0 -0 0
0 -0 0
0 -0 0
0 -0 0
0 -0 0
0 -0 0
0 -0 0
0 -0 0
0 -0 0
0 -0 0
0 -0 0
0 -0 0
0 -0 0
0 -0 0
0 -0 0
0 -0 0
-0 -0 0
-0 -0 0
-0 -0 0
-0.19673653 -0.06766279 0.29000002
-0.19369738 -0.067487799 0.28925002
-0.19116704 -0.067487799 0.28925002
-0.18977797 -0.067896105 0.29100001
-0.1872323 -0.067896105 0.29100001
-0.18532133 -0.068129435 0.29200003
-0.18292341 -0.068187758 0.29225001
-0.18067539 -0.06830442 0.29275
-0.17857073 -0.068479411 0.29350001
-0.17690273 -0.068829387 0.29500002
-0.17432208 -0.068829387 0.29500002
-0.17232361 -0.06906271 0.296
-0.17030764 -0.069296032 0.29700002
-0.16799185 -0.069412686 0.29750001
-0.16580628 -0.069587678 0.29825002
-0.16347079 -0.069704339 0.29875001
-0.16099197 -0.06976267 0.29900002
-0.15877357 -0.069937654 0.29975
-0.15602115 -0.069879331 0.29950002
-0.15352918 -0.069937654 0.29975
-0.15141043 -0.070170976 0.30075002
-0.14927417 -0.070404299 0.30175
-0.14724191 -0.070695944 0.303
-0.1448299 -0.070812613 0.30350003
-0.14217488 -0.070812613 0.30350003
-0.13997959 -0.071045928 0.30450001
-0.13799226 -0.071395911 0.30600002
-0.13553651 -0.071512572 0.30650002
-0.13296361 -0.071570903 0.30675003
-0.13081108 -0.071862549 0.30800003
-0.12842867 -0.072037533 0.30875
-0.12593137 -0.072154202 0.30925003
-0.12332566 -0.072212525 0.30950001
-0.12091047 -0.072387516 0.31025001
-0.11810116 -0.072329186 0.31
-0.11566848 -0.072504178 0.31075001
-0.113677 -0.072970815 0.31275001
-0.11111844 -0.073087476 0.31325001
-0.10863762 -0.073262468 0.31400001
-0.10597508 -0.073320799 0.31425002
-0.10330816 -0.073379129 0.3145
-0.10103653 -0.073729105 0.31600001
-0.098194428 -0.073670775 0.31575
-0.09550783 -0.073729105 0.31600001
-0.093110338 -0.074020758 0.31725001
-0.090833358 -0.074429065 0.31900001
-0.088111766 -0.074487396 0.31925002
-0.085452601 -0.074604057 0.31975001
-0.082978569 -0.07489571 0.32100001
-0.080420233 -0.075129032 0.32200003
-0.077603392 -0.075129032 0.32200003
-0.074960738 -0.075304016 0.32275
-0.072304972 -0.075479008 0.32350001
-0.069743462 -0.075770654 0.32475001
-0.066902563 -0.075770654 0.32475001
-0.064209618 -0.075945646 0.32550001
-0.061550677 -0.076178968 0.32650003
-0.058874235 -0.07641229 0.32750002
-0.056009281 -0.07641229 0.32750002
-0.053225465 -0.076528944 0.32800001
-0.050432902 -0.076645605 0.3285
-0.047631592 -0.076762274 0.32900003
-0.044753518 -0.076762274 0.32900003
-0.04177998 -0.076587282 0.32825002
-0.038908463 -0.076587282 0.32825002
-0.035927162 -0.076353952 0.32725
-0.033140171 -0.076528944 0.32800001
-0.030432349 -0.076937258 0.32975
-0.027819226 -0.077695549 0.333
-0.025130538 -0.078395508 0.33600003
-0.022207737 -0.078453839 0.33625001
-0.019251915 -0.078395508 0.33600003
-0.016361153 -0.078628831 0.33700001
-0.013442945 -0.078803815 0.33775002
-0.010519378 -0.079037137 0.33875
-0.0075894683 -0.079387121 0.34025002
-0.0046163681 -0.079445451 0.34050003
-0.0016425002 -0.079678766 0.34150001
0.0013547705 -0.080262065 0.34400001
0.004367237 -0.080320403 0.34425002
0.0074055116 -0.080612049 0.34550002
0.010435473 -0.080670372 0.34575
0.013440612 -0.080553718 0.34525001
0.016484682 -0.080670372 0.34575
0.019565711 -0.080903701 0.34675002
0.022713115 -0.081312008 0.34850001
0.025780259 -0.081370339 0.34875003
0.028810438 -0.081312008 0.34850001
0.031904805 -0.081428662 0.34900001
0.035083048 -0.081720315 0.35025001
0.038174249 -0.081778646 0.35050002
0.04126982 -0.081836984 0.35075003
0.04446457 -0.082070298 0.35175002
0.047575451 -0.082128629 0.35200003
0.050762657 -0.082303613 0.35275
0.05377217 -0.082186952 0.35225001
0 -0 0
0 -0 0
0 -0 0
0 -0 0
0 -0 0
0 -0 0
0.076572292 -0.083528548 0.35800001
0.079815373 -0.083645202 0.3585
0.083125055 -0.083820194 0.35925001
0.086447857 -0.083995186 0.36000001
0.08972156 -0.084111847 0.36050001
0.092939608 -0.084170178 0.36075002
0.096561581 -0.084578484 0.36250001
0.10021418 -0.084986791 0.36425
0.10347159 -0.085045129 0.36450002
0.10680653 -0.085161783 0.36500001
0.11037624 -0.085453436 0.36625001
0.11443301 -0.086095065 0.36900002
0.11774071 -0.086153403 0.36925003
0.12129851 -0.086386718 0.37025002
0.12436926 -0.086270057 0.36975002
0.12769008 -0.086328387 0.37
0.13110375 -0.086445048 0.37050003
0.13443552 -0.086503372 0.37075001
0.13795733 -0.086678363 0.37150002
0.14101715 -0.08656171 0.37100002
0 -0 0
0 -0 0
0 -0 0
0 -0 0
0 -0 0
0 -0 0
0 -0 0
0 -0 0
0 -0 0
0 -0 0
0 -0 0
0 -0 0
0 -0 0
0 -0 0
0 -0 0
0 -0 0
0 -0 0
0 -0 0
0 -0 0
0 -0 0
0 -0 0
0 -0 0
0 -0 0
0 -0 0
0 -0 0
0 -0 0
0 -0 0
0 -0 0
0 -0 0
0 -0 0
0 -0 0
0 -0 0
0 -0 0
0 -0 0
0 -0 0
-0.20593269 -0.065633141 0.29225001
-0.20372406 -0.065745428 0.29275
-0.20030415 -0.065464705 0.2915
-0.19707572 -0.06524013 0.29050002
-0.19470187 -0.065296277 0.29075003
-0.19298454 -0.065577 0.29200003
-0.19091925 -0.065745428 0.29275
-0.18884084 -0.065913863 0.29350001
-0.18690798 -0.066138446 0.29450002
-0.18433172 -0.066138446 0.29450002
-0.1825269 -0.066419169 0.29575002
-0.18024389 -0.066531457 0.29625002
-0.1784019 -0.06681218 0.29750001
-0.17624259 -0.066980615 0.29825002
-0.17407015 -0.067149051 0.29900002
-0.17188455 -0.067317478 0.29975
-0.16982704 -0.067542061 0.30075002
-0.16733509 -0.067598209 0.30100003
-0.16470197 -0.067598209 0.30100003
-0.16260727 -0.067822784 0.30200002
-0.16009779 -0.067878932 0.30225003
-0.15784442 -0.06804736 0.303
-0.15519381 -0.06804736 0.303
-0.15304662 -0.068271942 0.30400002
-0.15075827 -0.068440378 0.30475003
-0.1482138 -0.068496518 0.30500001
-0.14578429 -0.068608806 0.3055
-0.14358024 -0.068833388 0.30650002
-0.14158855 -0.069170259 0.30800003
-0.13900691 -0.069226399 0.30825001
-0.13664202 -0.069394834 0.30900002
-0.13383053 -0.069338687 0.30875
-0.13144813 -0.069507122 0.30950001
-0.12978055 -0.070068568 0.31200001
-0.12715301 -0.070124716 0.31225002
-0.12452106 -0.070180856 0.3125
-0.12217706 -0.070405439 0.31350002
-0.11943457 -0.070405439 0.31350002
-0.11678515 -0.070461586 0.31375003
-0.11467656 -0.070854597 0.31550002
-0.11218263 -0.071023032 0.31625003
-0.10958908 -0.07113532 0.31675002
-0.10698678 -0.071247607 0.31725001
-0.10453997 -0.071472183 0.31825
-0.10215562 -0.071752913 0.31950003
-0.099438384 -0.071809053 0.31975001
-0.096867912 -0.071977489 0.32050002
-0.094137564 -0.072033636 0.32075003
-0.091474034 -0.072145924 0.32125002
-0.089008756 -0.072426647 0.32250002
-0.08638797 -0.072595082 0.32325003
-0.083689451 -0.07270737 0.32375002
-0.080919728 -0.07276351 0.324
-0.078446902 -0.073100381 0.32550001
-0.076063961 -0.073549539 0.32750002
-0.073199004 -0.073549539 0.32750002
-0.070441432 -0.073661827 0.32800001
-0.067572102 -0.073661827 0.32800001
-0.064850725 -0.073830262 0.32875001
-0.062116224 -0.073998697 0.32950002
-0.059323657 -0.074110985 0.33000001
-0.056394078 -0.074054837 0.32975
-0.05350944 -0.074054837 0.32975
-0.050663192 -0.074110985 0.33000001
-0.047848754 -0.074223273 0.33050001
-0.044923551 -0.074167132 0.33025002
-0.04203454 -0.074167132 0.33025002
-0.03917516 -0.074223273 0.33050001
-0.036366303 -0.074391708 0.33125001
-0.033822175 -0.075177737 0.33475003
-0.030916868 -0.075233877 0.33500001
-0.028174277 -0.075739183 0.33725002
-0.025354918 -0.076132193 0.33900002
-0.022372851 -0.076076046 0.33875
-0.019423805 -0.076132193 0.33900002
-0.016518939 -0.076412916 0.34025002
-0.013602152 -0.076749787 0.34175003
-0.010628065 -0.076862074 0.34225002
-0.0076452321 -0.076974362 0.34275001
-0.004667209 -0.077311233 0.34425002
-0.0016617388 -0.077591956 0.34550002
0.0013656007 -0.077872679 0.34675002
0.0044084671 -0.078041114 0.34750003
0.0074483803 -0.078041114 0.34750003
0.010495838 -0.078097261 0.34775001
0.013557402 -0.078209549 0.34825
0.016651554 -0.078434132 0.34925002
0.019791415 -0.078771003 0.35075003
0.022859758 -0.078771003 0.35075003
0.025965063 -0.07888329 0.35125002
0.029058447 -0.07893943 0.3515
0.032201916 -0.079107866 0.35225001
0.035358503 -0.079276301 0.35300002
0.038555443 -0.079500876 0.354
0.041828711 -0.079837747 0.35550001
0.045096617 -0.08011847 0.35675001
0.048318818 -0.080286905 0.35750002
0.051518161 -0.080399193 0.35800001
0.054649927 -0.080399193 0.35800001
0.058064144 -0.080792204 0.35975
0 -0 0
0 -0 0
0 -0 0
0 -0 0
0 -0 0
0 -0 0
0.08065027 -0.081353657 0.36225003
0.084281981 -0.081802808 0.36425
0.087588489 -0.081915103 0.36475003
0.090841524 -0.081971243 0.36500001
0.094292156 -0.082195826 0.36600003
0.097760275 -0.082420401 0.36700001
0.10117713 -0.082588837 0.36775002
0.10474902 -0.08286956 0.36900002
0.1084891 -0.08326257 0.37075001
0.11241049 -0.083767876 0.37300003
0.11590606 -0.083936311 0.37375003
0.11917561 -0.083936311 0.37375003
0.12236325 -0.083880164 0.37350002
0.12546243 -0.083767876 0.37300003
0.1291568 -0.084048599 0.37425002
0.13260764 -0.084160887 0.37475002
0.13588594 -0.084160887 0.37475002
0.13953558 -0.084385462 0.37575001
0.14339279 -0.084722333 0.37725002
0 -0 0
0 -0 0
0 -0 0
0 -0 0
0 -0 0
0 -0 0
0 -0 0
0 -0 0
0 -0 0
0 -0 0
0 -0 0
0 -0 0
0 -0 0
0 -0 0
0 -0 0
0 -0 0
0 -0 0
0 -0 0
0 -0 0
0 -0 0
0 -0 0
0 -0 0
0 -0 0
0 -0 0
0 -0 0
0 -0 0
0 -0 0
0 -0 0
0 -0 0
0 -0 0
0 -0 0
0 -0 0
0 -0 0
0 -0 0
0 -0 0
-0.20822279 -0.063779987 0.29550001
-0.20389803 -0.063240394 0.29300001
-0.20099132 -0.063132472 0.29250002
-0.19877173 -0.063240394 0.29300001
-0.19654341 -0.063348308 0.29350001
-0.19430633 -0.06345623 0.294
-0.19254966 -0.06372603 0.29525003
-0.19141448 -0.064211659 0.29750001
-0.18865329 -0.064157702 0.29725
-0.18620946 -0.064211659 0.29750001
-0.1845327 -0.064535417 0.29900002
-0.18191704 -0.064535417 0.29900002
-0.17960125 -0.064643338 0.29950002
-0.17757215 -0.064859174 0.30050001
-0.17538004 -0.065021053 0.30125001
-0.17360485 -0.06534481 0.30275002
-0.17123874 -0.065452725 0.30325001
-0.16858593 -0.065452725 0.30325001
-0.16648029 -0.065668561 0.30425
-0.16408797 -0.06577649 0.30475003
-0.16155443 -0.065830439 0.30500001
-0.15927701 -0.065992318 0.30575001
-0.15698647 -0.066154197 0.30650002
-0.15430523 -0.066154197 0.30650002
-0.15211867 -0.066370033 0.3075
-0.14967166 -0.066477962 0.30800003
-0.14733519 -0.066639833 0.30875
-0.14568827 -0.067125469 0.31100002
-0.14308257 -0.067179427 0.31125
-0.14024705 -0.067125469 0.31100002
-0.13774754 -0.067233384 0.31150001
-0.13480581 -0.067125469 0.31100002
-0.13282844 -0.067503184 0.31275001
-0.13071647 -0.067826942 0.31425002
-0.12817104 -0.067934856 0.31475002
-0.12591571 -0.068204656 0.31600001
-0.12344365 -0.068366535 0.31675002
-0.12086321 -0.068474449 0.31725001
-0.11808793 -0.068474449 0.31725001
-0.11622132 -0.069014043 0.31975001
-0.11342417 -0.069014043 0.31975001
-0.11054052 -0.068960093 0.31950003
-0.10808279 -0.069175921 0.32050002
-0.10536119 -0.069229886 0.32075003
-0.10279508 -0.069391757 0.3215
-0.10037134 -0.069661558 0.32275
-0.097850189 -0.069877401 0.32375002
-0.095091403 -0.069931351 0.324
-0.092399456 -0.07003928 0.32450002
-0.090043738 -0.070416994 0.32625002
-0.087189712 -0.070416994 0.32625002
-0.084529579 -0.070578873 0.32700002
-0.081981182 -0.070848666 0.32825002
-0.079049416 -0.070794702 0.32800001
-0.07635428 -0.07095658 0.32875001
-0.073590145 -0.071064502 0.32925001
-0.071085714 -0.071442224 0.33100003
-0.068241641 -0.071496174 0.33125001
-0.065343887 -0.071496174 0.33125001
-0.062540382 -0.071604095 0.33175001
-0.059638251 -0.071604095 0.33175001
-0.056778874 -0.07165806 0.33200002
-0.053915128 -0.071712017 0.33225003
-0.051123764 -0.071873888 0.333
-0.048174504 -0.071819939 0.33275002
-0.045161601 -0.07165806 0.33200002
-0.042416383 -0.071927853 0.33325002
-0.039708558 -0.072305568 0.33500001
-0.036750551 -0.07225161 0.33475003
-0.033998989 -0.072629325 0.33650002
-0.031193737 -0.072953083 0.33800003
-0.02838313 -0.073330797 0.33975002
-0.025523202 -0.073654547 0.34125
-0.022554476 -0.073708512 0.34150001
-0.019638671 -0.073978312 0.34275001
-0.01674955 -0.074463949 0.34500003
-0.013781258 -0.074733742 0.34625003
-0.010767806 -0.074841663 0.34675002
-0.0077567599 -0.075057492 0.34775001
-0.004721439 -0.075165413 0.34825
-0.0016749654 -0.075165413 0.34825
0.0013764311 -0.075435214 0.34950003
0.0044338396 -0.075435214 0.34950003
0.007496607 -0.075489171 0.34975001
0.010578838 -0.07565105 0.35050002
0.01366446 -0.075758971 0.35100001
0.01677075 -0.07592085 0.35175002
0.019904267 -0.076136678 0.35275
0.02305528 -0.076352522 0.35375002
0.026205309 -0.076514401 0.35450003
0.02945113 -0.076892115 0.35625002
0.032613296 -0.077000037 0.35675001
0.035784207 -0.077107951 0.35725001
0.039045557 -0.077377744 0.3585
0.042152282 -0.077323794 0.35825002
0.045286234 -0.077323794 0.35825002
0.04872429 -0.077809423 0.36050001
0.051913902 -0.077863388 0.36075002
0.055107892 -0.077917345 0.36100003
0.05822555 -0.077863388 0.36075002
0.061296299 -0.077755466 0.36025003
0 -0 0
0 -0 0
0 -0 0
0 -0 0
0 -0 0
0 -0 0
0.085207522 -0.079482168 0.36825001
0.088428952 -0.079482168 0.36825001
0.091774829 -0.079590082 0.36875001
0.095258266 -0.079805925 0.36975002
0.099158756 -0.080345519 0.37225002
0.10269031 -0.080561355 0.37325001
0.10631032 -0.080831148 0.37450001
0.1098059 -0.080993026 0.37525001
0.1131639 -0.081046991 0.37550002
0.11660382 -0.081154905 0.37600002
0.12005247 -0.081262827 0.37650001
0.12342799 -0.081316784 0.37675002
0.12689196 -0.081424706 0.37725002
0.13036467 -0.08153262 0.37775001
0.13384615 -0.081640542 0.37825003
0.1372457 -0.081694499 0.37850001
0.14083531 -0.081856377 0.37925002
0.14481816 -0.082234092 0.38100001
0 -0 0
0 -0 0
0 -0 0
0 -0 0
0 -0 0
0 -0 0
0 -0 0
0 -0 0
0 -0 0
0 -0 0
0 -0 0
0 -0 0
0 -0 0
0 -0 0
0 -0 0
0 -0 0
0 -0 0
0 -0 0
0 -0 0
0 -0 0
0 -0 0
0 -0 0
0 -0 0
0 -0 0
0 -0 0
0 -0 0
0 -0 0
0 -0 0
0 -0 0
0 -0 0
0 -0 0
0 -0 0
0 -0 0
0 -0 0
0 -0 0
-0.20892745 -0.061404053 0.29650003
-0.20581175 -0.061248727 0.29575002
-0.20288099 -0.061145183 0.29525003
-0.20080693 -0.061300498 0.296
-0.19938944 -0.061662924 0.29775003
-0.19694996 -0.061714694 0.29800001
-0.19450612 -0.061766468 0.29825002
-0.193023 -0.062128887 0.30000001
-0.19055729 -0.062180664 0.30025002
-0.1880872 -0.062232431 0.30050001
-0.18545844 -0.062232431 0.30050001
-0.18359019 -0.062491301 0.30175
-0.18170008 -0.062750176 0.303
-0.17934494 -0.062853724 0.30350003
-0.17698102 -0.062957272 0.30400002
-0.17460833 -0.06306082 0.30450001
-0.17222692 -0.063164368 0.30500001
-0.17025372 -0.063423239 0.30625001
-0.16757466 -0.063423239 0.30625001
-0.16489561 -0.063423239 0.30625001
-0.16287865 -0.063682109 0.3075
-0.1607096 -0.063889205 0.30850002
-0.1586511 -0.064148076 0.30975002
-0.15619314 -0.064251624 0.31025001
-0.15347908 -0.064251624 0.31025001
-0.151008 -0.064355172 0.31075001
-0.14900538 -0.064665817 0.31225002
-0.14662518 -0.064821139 0.31300002
-0.14423184 -0.064976461 0.31375003
-0.14182538 -0.065131783 0.3145
-0.13995858 -0.065545976 0.31650001
-0.13708147 -0.065494202 0.31625003
-0.13431494 -0.065494202 0.31625003
-0.1315484 -0.065494202 0.31625003
-0.12929088 -0.065753073 0.31750003
-0.12740995 -0.066219039 0.31975001
-0.12451538 -0.066167265 0.31950003
-0.1217204 -0.066167265 0.31950003
-0.11939072 -0.066426136 0.32075003
-0.11694828 -0.066633232 0.32175002
-0.11413363 -0.066633232 0.32175002
-0.11131897 -0.066633232 0.32175002
-0.10884155 -0.066840321 0.32275
-0.10634664 -0.067047425 0.32375002
-0.10407402 -0.067409843 0.32550001
-0.10122656 -0.067409843 0.32550001
-0.098530225 -0.067513391 0.32600001
-0.09597189 -0.067720488 0.32700002
-0.093538426 -0.068031125 0.3285
-0.090733729 -0.068082906 0.32875001
-0.087791018 -0.068031125 0.3285
-0.085175827 -0.068238229 0.32950002
-0.08254312 -0.068445325 0.33050001
-0.079772435 -0.068548873 0.33100003
-0.076992989 -0.068652421 0.33150002
-0.074260674 -0.068807743 0.33225003
-0.071622618 -0.069066614 0.33350003
-0.068756677 -0.069118388 0.33375001
-0.065738417 -0.06901484 0.33325002
-0.062870294 -0.069066614 0.33350003
-0.059907906 -0.06901484 0.33325002
-0.05707816 -0.069118388 0.33375001
-0.054199103 -0.069170162 0.33400002
-0.051277291 -0.069170162 0.33400002
-0.048427865 -0.06927371 0.33450001
-0.045739725 -0.069636129 0.33625001
-0.04308461 -0.070102096 0.33850002
-0.039945625 -0.069791451 0.33700001
-0.036723103 -0.06927371 0.33450001
-0.033670619 -0.06901484 0.33325002
-0.031124521 -0.069843225 0.33725002
-0.0284249 -0.070464514 0.34025002
-0.025579296 -0.070826925 0.34200001
-0.022637032 -0.070982255 0.34275001
-0.019810563 -0.071603537 0.34575
-0.016870923 -0.071965963 0.34750003
-0.01387081 -0.072173059 0.34850001
-0.010860967 -0.072431929 0.34975001
-0.0078236768 -0.072639026 0.35075003
-0.0047621122 -0.072742574 0.35125002
-0.0016930017 -0.072897896 0.35200003
0.0013931688 -0.073260315 0.35375002
0.0044782413 -0.073104993 0.35300002
0.0075769848 -0.073208533 0.35350001
0.010684475 -0.073312081 0.354
0.013810447 -0.073467404 0.35475001
0.016937623 -0.073570959 0.35525003
0.020144077 -0.073933378 0.35700002
0.023299681 -0.074036926 0.35750002
0.026500994 -0.074244015 0.3585
0.029740471 -0.074502885 0.35975
0.032956112 -0.074658208 0.36050001
0.036134791 -0.074709989 0.36075002
0.039345071 -0.07481353 0.36125001
0.042564098 -0.074917078 0.36175001
0.045981485 -0.075331271 0.36375001
0.049298711 -0.075538374 0.36475003
0.052525502 -0.075590141 0.36500001
0.055604011 -0.075434819 0.36425
0.058951855 -0.075641923 0.36525002
0.062147044 -0.075641923 0.36525002
0.065252788 -0.075538374 0.36475003
0 -0 0
0 -0 0
0 -0 0
0 -0 0
0 -0 0
0 -0 0
0.08968965 -0.077350467 0.37350002
0.093392551 -0.077712879 0.37525001
0.097126067 -0.078075297 0.377
0.10082361 -0.078385942 0.37850001
0.10392837 -0.078230619 0.37775001
0.10758774 -0.07848949 0.37900001
0.11075691 -0.078385942 0.37850001
0.11406801 -0.078385942 0.37850001
0.1176117 -0.078541271 0.37925002
0.12124822 -0.07874836 0.38025001
0.12465654 -0.078800134 0.38050002
0.12806922 -0.078851916 0.38075003
0.13165884 -0.079007231 0.38150001
0.13508463 -0.079059005 0.38175002
0.13860548 -0.079162553 0.38225001
0.14324911 -0.079887398 0.38575003
0.14633855 -0.079732068 0.38500002
0 -0 0
0 -0 0
0 -0 0
0 -0 0
0 -0 0
0 -0 0
0 -0 0
0 -0 0
0 -0 0
0 -0 0
0 -0 0
0 -0 0
0 -0 0
0 -0 0
0 -0 0
0 -0 0
0 -0 0
0 -0 0
0 -0 0
0 -0 0
0 -0 0
0 -0 0
0 -0 0
0 -0 0
0 -0 0
0 -0 0
0 -0 0
0 -0 0
0 -0 0
0 -0 0
0 -0 0
0 -0 0
0 -0 0
0 -0 0
0 -0 0
-0.20945592 -0.058961038 0.29725
-0.20737752 -0.059109807 0.29800001
-0.205286 -0.059258573 0.29875001
-0.20335093 -0.059456926 0.29975
-0.20123099 -0.059605692 0.30050001
-0.19876745 -0.059655283 0.30075002
-0.19678867 -0.059853636 0.30175
-0.19447067 -0.059952818 0.30225003
-0.19214395 -0.060051996 0.30275002
-0.1894955 -0.060051996 0.30275002
-0.18715565 -0.060151171 0.30325001
-0.18480702 -0.060250349 0.30375001
-0.18259959 -0.060399115 0.30450001
-0.18096995 -0.060746234 0.30625001
-0.17843646 -0.060795825 0.30650002
-0.17632861 -0.060994178 0.3075
-0.1737798 -0.061043769 0.30775002
-0.17164354 -0.061242122 0.30875
-0.1697634 -0.061539657 0.31025001
-0.16718397 -0.061589248 0.31050003
-0.16446771 -0.061589248 0.31050003
-0.16201195 -0.061688423 0.31100002
-0.15993157 -0.061936367 0.31225002
-0.15745175 -0.062035546 0.31275001
-0.15508685 -0.062184311 0.31350002
-0.15270883 -0.062333077 0.31425002
-0.14995979 -0.062333077 0.31425002
-0.14756207 -0.062481847 0.31500003
-0.14515124 -0.062630609 0.31575
-0.14317825 -0.062977731 0.31750003
-0.14084299 -0.063176088 0.31850001
-0.13794839 -0.063126497 0.31825
-0.13527054 -0.063176088 0.31850001
-0.13269229 -0.063275263 0.31900001
-0.13102154 -0.063820742 0.32175002
-0.12830651 -0.063870333 0.32200003
-0.12519738 -0.063721567 0.32125002
-0.12276807 -0.063919917 0.32225001
-0.12032127 -0.064118274 0.32325003
-0.11785696 -0.06431663 0.32425001
-0.11537518 -0.064514987 0.32525003
-0.11261639 -0.064564571 0.32550001
-0.11027479 -0.064862102 0.32700002
-0.10774269 -0.065060459 0.32800001
-0.10511316 -0.065209225 0.32875001
-0.10239276 -0.065308399 0.32925001
-0.099663623 -0.065407574 0.32975
-0.096925735 -0.065506756 0.33025002
-0.09446384 -0.065804288 0.33175001
-0.091699719 -0.06590347 0.33225003
-0.088993639 -0.066052236 0.333
-0.0861452 -0.066101827 0.33325002
-0.08329238 -0.066151418 0.33350003
-0.080676198 -0.066399358 0.33475003
-0.077805877 -0.066448942 0.33500001
-0.074875318 -0.066448942 0.33500001
-0.072052129 -0.066548117 0.3355
-0.069168702 -0.066597708 0.33575001
-0.066231579 -0.066597708 0.33575001
-0.063247323 -0.066548117 0.3355
-0.060312383 -0.066548117 0.3355
-0.057420202 -0.066597708 0.33575001
-0.054401942 -0.066498533 0.33525002
-0.051699486 -0.066796072 0.33675003
-0.049296528 -0.067539901 0.34050003
-0.046521891 -0.067837425 0.34200001
-0.043370992 -0.067589484 0.34075001
-0.039975259 -0.066895247 0.33725002
-0.036668211 -0.066250592 0.33400002
-0.033670619 -0.066101827 0.33325002
-0.030939942 -0.066498533 0.33525002
-0.028216047 -0.066994421 0.33775002
-0.025504505 -0.067639075 0.34100002
-0.022604009 -0.067887016 0.34225002
-0.019810563 -0.068581261 0.34575
-0.016919471 -0.06912674 0.34850001
-0.013930514 -0.069424272 0.35000002
-0.010907548 -0.069672212 0.35125002
-0.0078682872 -0.069969743 0.35275
-0.0047960063 -0.0701681 0.35375002
-0.0017074307 -0.070416048 0.35500002
0.0014030145 -0.070663989 0.35625002
0.0045258147 -0.070763163 0.35675001
0.0076680807 -0.070961528 0.35775003
0.010835387 -0.071209468 0.35900003
0.014034295 -0.071506999 0.36050001
0.017211773 -0.071606182 0.36100003
0.0204121 -0.07175494 0.36175001
0.023576669 -0.07175494 0.36175001
0.026852125 -0.072052471 0.36325002
0.030153824 -0.07235001 0.36475003
0.033390347 -0.072449185 0.36525002
0.036510412 -0.072300419 0.36450002
0.039753497 -0.072399594 0.36500001
0.043064162 -0.072597951 0.36600003
0.046297509 -0.072647542 0.36625001
0.049704183 -0.072945073 0.36775002
0.052957218 -0.072994664 0.36800003
0.056138299 -0.072945073 0.36775002
0.059516758 -0.073143423 0.36875001
0.062827647 -0.073242605 0.36925003
0.065923654 -0.073093839 0.36850002
0 -0 0
0 -0 0
0 -0 0
0 -0 0
0 -0 0
0 -0 0
0 -0 0
0.094325855 -0.075176567 0.37900001
0.09783455 -0.075325333 0.37975001
0.10128976 -0.075424507 0.38025001
0.10468496 -0.075474098 0.38050002
0.10815549 -0.075573273 0.38100001
0.11170793 -0.075722046 0.38175002
0.11542416 -0.075969987 0.38300002
0.11885217 -0.076019578 0.38325003
0.12252367 -0.076217927 0.38425002
0.12645841 -0.07656505 0.38600001
0.13050783 -0.076961763 0.38800001
0.13372949 -0.076862589 0.38750002
0.13729623 -0.076961763 0.38800001
0.141325 -0.077308878 0.38975
0.14482735 -0.077358469 0.39000002
0.14871418 -0.077606417 0.39125001
0.15252566 -0.077804774 0.39225003
0 -0 0
0 -0 0
0 -0 0
0 -0 0
0 -0 0
0 -0 0
0 -0 0
0 -0 0
0 -0 0
0 -0 0
0 -0 0
0 -0 0
0 -0 0
0 -0 0
0 -0 0
0 -0 0
0 -0 0
0 -0 0
0 -0 0
0 -0 0
0 -0 0
0 -0 0
0 -0 0
0 -0 0
0 -0 0
0 -0 0
0 -0 0
0 -0 0
0 -0 0
0 -0 0
0 -0 0
0 -0 0
0 -0 0
0 -0 0
-0.21033673 -0.056599725 0.2985
-0.20876932 -0.056884147 0.30000001
-0.20717567 -0.057168569 0.30150002
-0.20555574 -0.057452988 0.303
-0.20290512 -0.057452988 0.303
-0.20075017 -0.057595201 0.30375001
-0.19841906 -0.057690006 0.30425
-0.19656174 -0.057927024 0.3055
-0.19357193 -0.057832215 0.30500001
-0.19152974 -0.058021832 0.30600002
-0.18916143 -0.058116637 0.30650002
-0.1872407 -0.058353655 0.30775002
-0.18454853 -0.058353655 0.30775002
-0.18215181 -0.05844846 0.30825001
-0.18032852 -0.058732886 0.30975002
-0.17862232 -0.059064709 0.31150001
-0.17575616 -0.059017301 0.31125
-0.17317235 -0.059064709 0.31150001
-0.17058417 -0.059112113 0.31175002
-0.16799161 -0.059159514 0.31200001
-0.16579193 -0.059349131 0.31300002
-0.16435617 -0.059823163 0.31550002
-0.16172424 -0.059870563 0.31575
-0.15871036 -0.059775759 0.31525001
-0.15644726 -0.059965376 0.31625003
-0.15392369 -0.060060181 0.31675002
-0.15174928 -0.060297199 0.31800002
-0.14920165 -0.060392004 0.31850001
-0.14699006 -0.060629021 0.31975001
-0.14453112 -0.060771231 0.32050002
-0.14194851 -0.060866039 0.32100001
-0.13914041 -0.060866039 0.32100001
-0.1364385 -0.060913444 0.32125002
-0.13383619 -0.061008248 0.32175002
-0.13193777 -0.061434876 0.324
-0.12960154 -0.061671901 0.32525003
-0.12704855 -0.061814107 0.32600001
-0.12419671 -0.061814107 0.32600001
-0.12125183 -0.061766706 0.32575002
-0.11894739 -0.062051125 0.32725
-0.11635067 -0.062193334 0.32800001
-0.11365433 -0.062288139 0.3285
-0.11120217 -0.062525161 0.32975
-0.10872815 -0.062762178 0.33100003
-0.10583258 -0.062762178 0.33100003
-0.10309249 -0.062856987 0.33150002
-0.1002681 -0.062904388 0.33175001
-0.097806208 -0.063188806 0.33325002
-0.095033333 -0.063283615 0.33375001
-0.092251703 -0.063378416 0.33425
-0.089594945 -0.063568033 0.33525002
-0.086856082 -0.06371025 0.33600003
-0.08404164 -0.063805051 0.33650002
-0.081097953 -0.063805051 0.33650002
-0.078096204 -0.063757651 0.33625001
-0.075210579 -0.063805051 0.33650002
-0.072427966 -0.063947268 0.33725002
-0.069426216 -0.06389986 0.33700001
-0.066428848 -0.063852459 0.33675003
-0.06348297 -0.063852459 0.33675003
-0.060492154 -0.063805051 0.33650002
-0.057719488 -0.063994668 0.33750001
-0.055132169 -0.064421296 0.33975002
-0.052850921 -0.065274559 0.34425002
-0.050020412 -0.065511577 0.34550002
-0.04689597 -0.065369368 0.34475002
-0.043370992 -0.064610913 0.34075001
-0.039886359 -0.063805051 0.33650002
-0.036640763 -0.063283615 0.33375001
-0.033594839 -0.063046597 0.33250001
-0.030847652 -0.063378416 0.33425
-0.02815339 -0.06389986 0.33700001
-0.025411014 -0.064421296 0.33975002
-0.022554476 -0.064753123 0.34150001
-0.019724617 -0.065274559 0.34425002
-0.01683451 -0.065748595 0.34675002
-0.013900662 -0.06622263 0.34925002
-0.010884257 -0.066459648 0.35050002
-0.0078627113 -0.066838875 0.35250002
-0.0048163426 -0.067360312 0.35525003
-0.00171705 -0.067692138 0.35700002
0.0014158139 -0.068166174 0.35950002
0.004573388 -0.068355784 0.36050001
0.0077377418 -0.068450592 0.36100003
0.010918387 -0.068592802 0.36175001
0.014170552 -0.069019437 0.36400002
0.017342886 -0.068972029 0.36375001
0.020595485 -0.069209047 0.36500001
0.023869952 -0.069446065 0.36625001
0.027129332 -0.069588274 0.36700001
0.030422501 -0.069777891 0.36800003
0.033733163 -0.069967501 0.36900002
0.037111405 -0.070251927 0.37050003
0.040270835 -0.070109718 0.36975002
0.043534804 -0.070157111 0.37
0.046739943 -0.070109718 0.36975002
0.050211024 -0.070441537 0.37150002
0.053496864 -0.070488945 0.37175003
0.056787077 -0.070536345 0.37200001
0.060162365 -0.070678554 0.37275001
0.063423164 -0.070678554 0.37275001
0.066907585 -0.070915572 0.37400001
0.07022623 -0.070962973 0.37425002
0 -0 0
0 -0 0
0 -0 0
0 -0 0
0 -0 0
0 -0 0
0 -0 0
0.098220997 -0.072290272 0.38125002
0.10248847 -0.072953917 0.38475001
0.10599181 -0.073048733 0.38525003
0.1097168 -0.073285744 0.38650003
0.1127321 -0.073048733 0.38525003
0.1165543 -0.073333144 0.38675001
0.12009263 -0.073427953 0.38725001
0.12395857 -0.073712379 0.38875002
0.12801456 -0.074091606 0.39075002
0.13210554 -0.074470833 0.39275002
0.13562758 -0.074518234 0.39300001
0.1395963 -0.074802652 0.39450002
0.14359128 -0.075087078 0.39600003
0.14705546 -0.075087078 0.39600003
0.15185 -0.075750723 0.39950001
0.15553923 -0.075845532 0.40000001
0 -0 0
0 -0 0
0 -0 0
0 -0 0
0 -0 0
0 -0 0
0 -0 0
0 -0 0
0 -0 0
0 -0 0
0 -0 0
0 -0 0
0 -0 0
0 -0 0
0 -0 0
0 -0 0
0 -0 0
0 -0 0
0 -0 0
0 -0 0
0 -0 0
0 -0 0
0 -0 0
0 -0 0
0 -0 0
0 -0 0
0 -0 0
0 -0 0
0 -0 0
0 -0 0
0 -0 0
0 -0 0
0 -0 0
0 -0 0
-0.21385998 -0.054894835 0.30350003
-0.21137893 -0.054940052 0.30375001
-0.20975249 -0.055211361 0.30525002
-0.20826936 -0.055527888 0.30700001
-0.20508149 -0.055392232 0.30625001
-0.20223722 -0.055347018 0.30600002
-0.20021251 -0.055527888 0.30700001
-0.19784857 -0.055618323 0.3075
-0.19579326 -0.055799197 0.30850002
-0.19403337 -0.056070503 0.31
-0.19132151 -0.056070503 0.31
-0.18891385 -0.056160945 0.31050003
-0.18694721 -0.056387033 0.31175002
-0.18466322 -0.056522682 0.3125
-0.18222059 -0.056613125 0.31300002
-0.17962581 -0.056658339 0.31325001
-0.1770267 -0.05670356 0.31350002
-0.17470117 -0.056839217 0.31425002
-0.17236252 -0.056974869 0.31500003
-0.16974153 -0.057020087 0.31525001
-0.16804309 -0.057381831 0.31725001
-0.16552827 -0.057472266 0.31775001
-0.16274862 -0.057472266 0.31775001
-0.16034655 -0.057607923 0.31850001
-0.15793134 -0.057743579 0.31925002
-0.15586747 -0.058014888 0.32075003
-0.15353878 -0.058195759 0.32175002
-0.15130968 -0.05842185 0.32300001
-0.14859903 -0.058467068 0.32325003
-0.14588398 -0.058512285 0.32350001
-0.14327513 -0.05860272 0.324
-0.14054915 -0.058647938 0.32425001
-0.13803117 -0.058783595 0.32500002
-0.13518807 -0.058783595 0.32500002
-0.13265041 -0.058919251 0.32575002
-0.13039845 -0.059190556 0.32725
-0.12792543 -0.05937143 0.32825002
-0.12514913 -0.059416644 0.3285
-0.1223685 -0.059461866 0.32875001
-0.11985607 -0.059642736 0.32975
-0.11776958 -0.060049701 0.33200002
-0.11503825 -0.060140137 0.33250001
-0.11221387 -0.060185358 0.33275002
-0.1093851 -0.060230572 0.333
-0.10655198 -0.060275793 0.33325002
-0.10402545 -0.060501885 0.33450001
-0.10155264 -0.060773194 0.33600003
-0.098539941 -0.060727973 0.33575001
-0.095460452 -0.060637537 0.33525002
-0.092872702 -0.060863629 0.33650002
-0.09012945 -0.060999285 0.33725002
-0.087373078 -0.061134942 0.33800003
-0.084541142 -0.061225377 0.33850002
-0.08139921 -0.061089721 0.33775002
-0.078444585 -0.061089721 0.33775002
-0.075601719 -0.061180156 0.33825001
-0.072750106 -0.061270591 0.33875
-0.069786735 -0.061270591 0.33875
-0.066774055 -0.061225377 0.33850002
-0.063812874 -0.061225377 0.33850002
-0.061166286 -0.0615419 0.34025002
-0.058831122 -0.062220171 0.34400001
-0.056227509 -0.062672354 0.34650001
-0.053388257 -0.062898442 0.34775001
-0.050454739 -0.063034102 0.34850001
-0.047168028 -0.062717572 0.34675002
-0.043434631 -0.06172277 0.34125
-0.039915994 -0.06090885 0.33675003
-0.036613319 -0.060321014 0.33350003
-0.033519059 -0.060004484 0.33175001
-0.030570785 -0.059914049 0.33125001
-0.027944537 -0.060501885 0.33450001
-0.025186634 -0.06090885 0.33675003
-0.022537963 -0.06172277 0.34125
-0.019681644 -0.062129736 0.34350002
-0.01674955 -0.062401049 0.34500003
-0.013801158 -0.062717572 0.34675002
-0.010837676 -0.063124537 0.34900001
-0.0078404052 -0.063576713 0.3515
-0.0048027849 -0.064074114 0.35425001
-0.0017218597 -0.064752392 0.35800001
0.0014177831 -0.065114133 0.36000001
0.0045892461 -0.065430664 0.36175001
0.0077966852 -0.065792404 0.36375001
0.011039116 -0.066154152 0.36575001
0.014287341 -0.06638024 0.36700001
0.017581275 -0.06669677 0.36875001
0.020849403 -0.066832423 0.36950001
0.024081768 -0.066832423 0.36950001
0.027388059 -0.067013301 0.37050003
0.030753179 -0.067284606 0.37200001
0.034258816 -0.067782007 0.37475002
0.037436947 -0.067601137 0.37375003
0.040760949 -0.067691572 0.37425002
0.044064283 -0.06773679 0.37450001
0.047498398 -0.067962877 0.37575001
0.050785441 -0.067962877 0.37575001
0.053964559 -0.067827225 0.37500003
0.0572832 -0.067872442 0.37525001
0.060727272 -0.06805332 0.37625003
0.06410376 -0.068143755 0.37675002
0.06757845 -0.068324625 0.37775001
0.070789166 -0.06823419 0.37725002
0.074236624 -0.068369843 0.37800002
0 -0 0
0 -0 0
0 -0 0
0 -0 0
0 -0 0
0 -0 0
0 -0 0
0.103221 -0.070088133 0.38750002
0.10702353 -0.070359446 0.38900003
0.11078131 -0.070585534 0.39025003
0.11448783 -0.070766404 0.39125001
0.11813648 -0.070902057 0.39200002
0.12195333 -0.071128152 0.39325002
0.12579204 -0.07135424 0.39450002
0.13006213 -0.071806423 0.39700001
0.13403961 -0.072077729 0.39850003
0.13812962 -0.072394259 0.40025002
0.14260408 -0.07289166 0.40300003
0.14612952 -0.07289166 0.40300003
0.1490979 -0.072620347 0.40150002
0.15270524 -0.072665565 0.40175003
0.15680298 -0.07293687 0.40325001
0 -0 0
0 -0 0
0 -0 0
0 -0 0
0 -0 0
0 -0 0
0 -0 0
0 -0 0
0 -0 0
0 -0 0
0 -0 0
0 -0 0
0 -0 0
0 -0 0
0 -0 0
0 -0 0
0 -0 0
0 -0 0
0 -0 0
0 -0 0
0 -0 0
0 -0 0
0 -0 0
0 -0 0
0 -0 0
0 -0 0
0 -0 0
0 -0 0
0 -0 0
0 -0 0
0 -0 0
0 -0 0
0 -0 0
0 -0 0
-0.21579772 -0.052715231 0.30625001
-0.2136406 -0.052844331 0.30700001
-0.21164215 -0.053016465 0.30800003
-0.20979576 -0.053231627 0.30925003
-0.20692304 -0.053188592 0.30900002
-0.2040547 -0.053145558 0.30875
-0.20216897 -0.053360723 0.31
-0.20026135 -0.053575885 0.31125
-0.19833189 -0.05379105 0.3125
-0.19544169 -0.053748019 0.31225002
-0.19332731 -0.05392015 0.31325001
-0.19165173 -0.054221384 0.31500003
-0.18844639 -0.054092284 0.31425002
-0.18614054 -0.054221384 0.31500003
-0.18411265 -0.054436546 0.31625003
-0.18148945 -0.054479577 0.31650001
-0.17872073 -0.054479577 0.31650001
-0.17720287 -0.054866876 0.31875002
-0.17414086 -0.054780804 0.31825
-0.17135681 -0.054780804 0.31825
-0.16897003 -0.054909904 0.31900001
-0.16643992 -0.054995973 0.31950003
-0.16441324 -0.055254169 0.32100001
-0.16261204 -0.05559843 0.32300001
-0.15991013 -0.055641465 0.32325003
-0.15720382 -0.055684496 0.32350001
-0.15461247 -0.055770561 0.324
-0.15201236 -0.05585663 0.32450002
-0.1494035 -0.055942696 0.32500002
-0.14689863 -0.056071796 0.32575002
-0.1447123 -0.056329988 0.32725
-0.14174117 -0.056286957 0.32700002
-0.13941148 -0.056502122 0.32825002
-0.13664395 -0.056545153 0.3285
-0.13387205 -0.056588188 0.32875001
-0.13159387 -0.056846384 0.33025002
-0.12899715 -0.056975484 0.33100003
-0.1263873 -0.05710458 0.33175001
-0.12376434 -0.05723368 0.33250001
-0.12140086 -0.057491876 0.33400002
-0.11856772 -0.057534907 0.33425
-0.11607619 -0.057750072 0.3355
-0.11314125 -0.057750072 0.3355
-0.11028843 -0.057793107 0.33575001
-0.10767106 -0.057965241 0.33675003
-0.10519166 -0.058223434 0.33825001
-0.10230823 -0.058266468 0.33850002
-0.099273667 -0.058223434 0.33825001
-0.096243501 -0.058180403 0.33800003
-0.093493685 -0.058309499 0.33875
-0.090730749 -0.058438599 0.33950001
-0.0879547 -0.058567699 0.34025002
-0.085165523 -0.058696799 0.34100002
-0.082182474 -0.058696799 0.34100002
-0.079083294 -0.058610734 0.34050003
-0.07599286 -0.058524664 0.34
-0.073125944 -0.058610734 0.34050003
-0.070147261 -0.058610734 0.34050003
-0.067316532 -0.058739826 0.34125
-0.064896844 -0.059256226 0.34425002
-0.062694319 -0.060030814 0.34875003
-0.06002827 -0.06041811 0.35100001
-0.056957737 -0.06041811 0.35100001
-0.053963974 -0.060504172 0.3515
-0.050708096 -0.06028901 0.35025001
-0.047236044 -0.059772618 0.34725001
-0.043530092 -0.058868926 0.34200001
-0.040093791 -0.058223434 0.33825001
-0.036640763 -0.057448842 0.33375001
-0.033392765 -0.056889415 0.33050001
-0.030547714 -0.056975484 0.33100003
-0.027798342 -0.057276715 0.33275002
-0.025018347 -0.057577942 0.33450001
-0.022356341 -0.058266468 0.33850002
-0.01956705 -0.058782861 0.34150001
-0.016640313 -0.058998026 0.34275001
-0.013751406 -0.059471387 0.34550002
-0.010806623 -0.059901718 0.34800002
-0.0078069475 -0.06024598 0.35000002
-0.0047960063 -0.060891472 0.35375002
-0.0017158475 -0.061407864 0.35675001
0.0014158139 -0.061881226 0.35950002
0.0045829029 -0.062182456 0.36125001
0.0077966852 -0.062612787 0.36375001
0.01103157 -0.062914014 0.3655
0.014336004 -0.063387372 0.36825001
0.017652793 -0.063731641 0.37025002
0.020934042 -0.063860737 0.37100002
0.02432617 -0.064248033 0.37325001
0.027720708 -0.064549267 0.37500003
0.031125193 -0.06480746 0.37650001
0.034487359 -0.064936556 0.37725002
0.037837606 -0.065022625 0.37775001
0.041278288 -0.06523779 0.37900001
0.044505518 -0.065108694 0.37825003
0.047940835 -0.065280825 0.37925002
0.051359862 -0.065409921 0.38000003
0.054756038 -0.065495983 0.38050002
0.058084633 -0.065495983 0.38050002
0.061453577 -0.065539017 0.38075003
0.064869434 -0.065625086 0.38125002
0.068472937 -0.065883279 0.38275
0.072431058 -0.066442706 0.38600001
0.076200552 -0.066786967 0.38800001
0.079594761 -0.066786967 0.38800001
0 -0 0
0 -0 0
0 -0 0
0 -0 0
0 -0 0
0 -0 0
0 -0 0
0.10888062 -0.068120986 0.39575002
0.11220068 -0.068034925 0.39525002
0.115512 -0.067948855 0.39475003
0.11971867 -0.068379186 0.39725003
0.12365897 -0.068637379 0.39875001
0.12746608 -0.068809517 0.39975002
0.1317821 -0.06923984 0.40225002
0.13563731 -0.069411971 0.40325001
0.13968261 -0.069670171 0.40475002
0.1433118 -0.069713205 0.40500003
0.14685473 -0.069713205 0.40500003
0.1510475 -0.070014432 0.40675002
0.15489082 -0.070143536 0.40750003
0.15865003 -0.070229597 0.40800002
0.16251738 -0.070358701 0.40875003
0 -0 0
0 -0 0
0 -0 0
0 -0 0
0 -0 0
0 -0 0
0 -0 0
0 -0 0
0 -0 0
0 -0 0
0 -0 0
0 -0 0
0 -0 0
0 -0 0
0 -0 0
0 -0 0
0 -0 0
0 -0 0
0 -0 0
0 -0 0
0 -0 0
0 -0 0
0 -0 0
0 -0 0
0 -0 0
0 -0 0
0 -0 0
0 -0 0
0 -0 0
0 -0 0
0 -0 0
0 -0 0
0 -0 0
-0.21703087 -0.050324164 0.30800003
-0.21520638 -0.050528403 0.30925003
-0.21336003 -0.050732639 0.31050003
-0.21132216 -0.050896026 0.31150001
-0.2087646 -0.050936878 0.31175002
-0.20686357 -0.051141113 0.31300002
-0.20461458 -0.051263656 0.31375003
-0.20203073 -0.051304504 0.31400001
-0.19960122 -0.051386196 0.3145
-0.19731942 -0.05150874 0.31525001
-0.19533309 -0.051712979 0.31650001
-0.19332488 -0.051917214 0.31775001
-0.19039531 -0.05187637 0.31750003
-0.18820876 -0.052039757 0.31850001
-0.18571362 -0.052121453 0.31900001
-0.18335308 -0.052243996 0.31975001
-0.18140295 -0.052489083 0.32125002
-0.17873165 -0.052529927 0.3215
-0.17550883 -0.052407388 0.32075003
-0.17324135 -0.052570775 0.32175002
-0.17082395 -0.052693319 0.32250002
-0.16800274 -0.052693319 0.32250002
-0.16633396 -0.053060945 0.32475001
-0.16361892 -0.053101797 0.32500002
-0.16102318 -0.053183489 0.32550001
-0.15841869 -0.053265184 0.32600001
-0.15580547 -0.053346884 0.32650003
-0.15365192 -0.053591963 0.32800001
-0.15089753 -0.053632814 0.32825002
-0.14836423 -0.053755358 0.32900003
-0.14614947 -0.054000437 0.33050001
-0.14336663 -0.054041289 0.33075002
-0.14036708 -0.054000437 0.33050001
-0.13747588 -0.054000437 0.33050001
-0.1350937 -0.054204676 0.33175001
-0.13278927 -0.054449763 0.33325002
-0.13026373 -0.054613151 0.33425
-0.1277207 -0.054776546 0.33525002
-0.12488101 -0.05481739 0.3355
-0.12240042 -0.055021632 0.33675003
-0.11972059 -0.055144168 0.33750001
-0.11694115 -0.055225868 0.33800003
-0.11390003 -0.05518502 0.33775002
-0.11135601 -0.055389255 0.33900002
-0.10863026 -0.055511799 0.33975002
-0.10573588 -0.055552647 0.34
-0.10283715 -0.055593494 0.34025002
-0.10022752 -0.055797733 0.34150001
-0.097382471 -0.055879425 0.34200001
-0.094183676 -0.055756882 0.34125
-0.091198429 -0.055756882 0.34125
-0.088277832 -0.055797733 0.34150001
-0.085540153 -0.055961125 0.34250003
-0.082543984 -0.055961125 0.34250003
-0.079431675 -0.055879425 0.34200001
-0.076384 -0.055838581 0.34175003
-0.073501766 -0.055920277 0.34225002
-0.071177326 -0.056451295 0.34550002
-0.068845332 -0.057023156 0.34900001
-0.065980814 -0.057186548 0.35000002
-0.063413389 -0.05763587 0.35275
-0.060584087 -0.057880957 0.35425001
-0.057525694 -0.057921804 0.35450003
-0.054194264 -0.057676718 0.35300002
-0.050671905 -0.057186548 0.35000002
-0.047066007 -0.056532986 0.34600002
-0.043498274 -0.055838581 0.34175003
-0.039975259 -0.055103324 0.33725002
-0.036585871 -0.054449763 0.33325002
-0.03326647 -0.053796202 0.32925001
-0.030478496 -0.053959593 0.33025002
-0.027735684 -0.054245524 0.33200002
-0.024924856 -0.054449763 0.33325002
-0.022125181 -0.054735694 0.33500001
-0.019438131 -0.055430107 0.33925003
-0.01655535 -0.055716038 0.34100002
-0.013711604 -0.0562879 0.34450001
-0.010767806 -0.05665553 0.34675002
-0.0077790655 -0.056982312 0.34875003
-0.0047688908 -0.057472482 0.35175002
-0.0017026209 -0.057840105 0.354
0.0014069527 -0.058371123 0.35725001
0.0045638732 -0.058779601 0.35975
0.0077538169 -0.05910638 0.36175001
0.010993843 -0.059514854 0.36425
0.01427761 -0.059923336 0.36675003
0.017676631 -0.060576893 0.37075001
0.020990467 -0.060781129 0.37200001
0.024423933 -0.061230455 0.37475002
0.027850071 -0.061557233 0.37675002
0.031311203 -0.061884016 0.37875003
0.034761611 -0.062129099 0.38025001
0.038238268 -0.062374186 0.38175002
0.041659486 -0.062496729 0.38250002
0.045152653 -0.062700965 0.38375002
0.048446473 -0.062619269 0.38325003
0.051866703 -0.062700965 0.38375002
0.05529568 -0.06278266 0.38425002
0.058733407 -0.062864356 0.38475001
0.062583387 -0.063354529 0.38775003
0.066273168 -0.06364046 0.38950002
0.069725215 -0.063681304 0.38975
0.073463112 -0.063967243 0.39150003
0.076838836 -0.063926391 0.39125001
0.080158897 -0.063844696 0.39075002
0.083042443 -0.063436225 0.38825002
0.08660581 -0.063558765 0.38900003
0 -0 0
0 -0 0
0 -0 0
0 -0 0
0 -0 0
0 -0 0
0.11369101 -0.065437749 0.40050003
0.11719457 -0.065437749 0.40050003
0.12062278 -0.065396905 0.40025002
0.12474438 -0.06572368 0.40225002
0.12921983 -0.066213854 0.40525001
0.13317445 -0.066418089 0.40650001
0.13731913 -0.066704027 0.40825003
0.14140815 -0.066949107 0.40975001
0.14525801 -0.067071654 0.41050002
0.14939295 -0.067316741 0.41200003
0.15318277 -0.067398429 0.41250002
0.15669629 -0.067357585 0.41225001
0.16117753 -0.067725211 0.41450003
0.16539995 -0.067970298 0.41600001
0 -0 0
0 -0 0
0 -0 0
0 -0 0
0 -0 0
0 -0 0
0 -0 0
0 -0 0
0 -0 0
0 -0 0
0 -0 0
0 -0 0
0 -0 0
0 -0 0
0 -0 0
0 -0 0
0 -0 0
0 -0 0
0 -0 0
0 -0 0
0 -0 0
0 -0 0
0 -0 0
0 -0 0
0 -0 0
0 -0 0
0 -0 0
0 -0 0
0 -0 0
0 -0 0
0 -0 0
0 -0 0
0 -0 0
-0.218264 -0.047902498 0.30975002
-0.21798995 -0.048443768 0.31325001
-0.21576503 -0.048559755 0.31400001
-0.21318777 -0.04859842 0.31425002
-0.21043873 -0.04859842 0.31425002
-0.20835058 -0.048753068 0.31525001
-0.20640799 -0.048946377 0.31650001
-0.20492609 -0.049255677 0.31850001
-0.20229854 -0.049294341 0.31875002
-0.1996666 -0.049332999 0.31900001
-0.19672173 -0.049294341 0.31875002
-0.19454172 -0.049448989 0.31975001
-0.19219431 -0.049564976 0.32050002
-0.1898338 -0.049680963 0.32125002
-0.18716906 -0.04971962 0.3215
-0.18478665 -0.049835611 0.32225001
-0.18239114 -0.049951598 0.32300001
-0.17984352 -0.05002892 0.32350001
-0.17756075 -0.050183572 0.32450002
-0.17552969 -0.050415542 0.32600001
-0.17228059 -0.050299559 0.32525003
-0.17021672 -0.050531529 0.32675001
-0.16787054 -0.050686181 0.32775003
-0.16487753 -0.050647516 0.32750002
-0.16250727 -0.050802164 0.3285
-0.16048397 -0.051072802 0.33025002
-0.15759496 -0.051072802 0.33025002
-0.15552574 -0.051343437 0.33200002
-0.15285127 -0.051420759 0.33250001
-0.14982985 -0.051382102 0.33225003
-0.14747609 -0.051575411 0.33350003
-0.14455865 -0.051575411 0.33350003
-0.14185357 -0.051652737 0.33400002
-0.13913973 -0.051730059 0.33450001
-0.13672256 -0.051923372 0.33575001
-0.13398467 -0.052000694 0.33625001
-0.13133547 -0.052116681 0.33700001
-0.12886362 -0.052309994 0.33825001
-0.12655601 -0.052580625 0.34
-0.12367257 -0.05261929 0.34025002
-0.12078477 -0.052657954 0.34050003
-0.11806557 -0.052773938 0.34125
-0.11533327 -0.052889924 0.34200001
-0.11266994 -0.053044576 0.34300002
-0.10982927 -0.053121898 0.34350002
-0.10674659 -0.053083237 0.34325001
-0.10374387 -0.053083237 0.34325001
-0.10081451 -0.053121898 0.34350002
-0.09780959 -0.053121898 0.34350002
-0.094804674 -0.053121898 0.34350002
-0.091799743 -0.053121898 0.34350002
-0.089117952 -0.053315211 0.34475002
-0.085977219 -0.053237889 0.34425002
-0.082845233 -0.053160563 0.34375003
-0.079721995 -0.053083237 0.34325001
-0.077278033 -0.053469859 0.34575
-0.075058788 -0.054049794 0.34950003
-0.072413392 -0.05435909 0.3515
-0.069782339 -0.05470705 0.35375002
-0.066970527 -0.054939028 0.35525003
-0.064042583 -0.055093672 0.35625002
-0.061097145 -0.05524832 0.35725001
-0.058093648 -0.055364307 0.35800001
-0.054616459 -0.05501635 0.35575002
-0.050961461 -0.054436415 0.35200003
-0.047100015 -0.053547185 0.34625003
-0.043466453 -0.052812602 0.34150001
-0.039945625 -0.052116681 0.33700001
-0.036448643 -0.051343437 0.33200002
-0.03319069 -0.050802164 0.3285
-0.0302247 -0.050647516 0.32750002
-0.027714798 -0.051304772 0.33175001
-0.024831366 -0.051343437 0.33200002
-0.022092158 -0.051730059 0.33450001
-0.019266238 -0.052000694 0.33625001
-0.016446114 -0.052387316 0.33875
-0.0135922 -0.052812602 0.34150001
-0.010682409 -0.053199224 0.34400001
-0.0077344547 -0.053624511 0.34675002
-0.0047248285 -0.053895142 0.34850001
-0.0016978113 -0.054591063 0.35300002
0.0013951379 -0.054784376 0.35425001
0.0045353295 -0.055286985 0.35750002
0.0077216662 -0.055712271 0.36025003
0.010933479 -0.056021567 0.36225003
0.014228946 -0.056524172 0.3655
0.017545518 -0.056910802 0.36800003
0.020891722 -0.057258759 0.37025002
0.024375051 -0.05783869 0.37400001
0.027776148 -0.058109324 0.37575001
0.031311203 -0.058573276 0.37875003
0.034830175 -0.058921233 0.38100001
0.038438603 -0.059346519 0.38375002
0.041986227 -0.059617154 0.38550001
0.045799792 -0.060197085 0.38925001
0.049299736 -0.060313072 0.39000002
0.052745227 -0.060351737 0.39025003
0.0564829 -0.060699694 0.39250001
0.059954636 -0.060738359 0.39275002
0.063793898 -0.06112498 0.39525002
0.067166455 -0.061047658 0.39475003
0.070530251 -0.060970329 0.39425001
0.074026048 -0.061008994 0.39450002
0.077526212 -0.061047658 0.39475003
0.081543602 -0.061472937 0.39750001
0.084913969 -0.061395615 0.39700001
0.088720858 -0.061627589 0.39850003
0 -0 0
0 -0 0
0 -0 0
0 -0 0
0 -0 0
0 -0 0
0 -0 0
0.1176335 -0.062168859 0.40200001
0.12288304 -0.063058093 0.40775001
0.12722531 -0.063444711 0.41025001
0.13129245 -0.063676685 0.41175002
0.13497633 -0.063715354 0.41200003
0.13908501 -0.06394732 0.41350001
0.14321996 -0.064179294 0.41500002
0.14693883 -0.064217962 0.41525003
0.15138727 -0.064565919 0.41750002
0.15559657 -0.064797893 0.41900003
0.15869181 -0.064565919 0.41750002
0.16341341 -0.064991206 0.42025003
0.16718914 -0.065029867 0.42050001
0.17178193 -0.065377824 0.42275003
0 -0 0
0 -0 0
0 -0 0
0 -0 0
0 -0 0
0 -0 0
0 -0 0
0 -0 0
0 -0 0
0 -0 0
0 -0 0
0 -0 0
0 -0 0
0 -0 0
0 -0 0
0 -0 0
0 -0 0
0 -0 0
0 -0 0
0 -0 0
0 -0 0
0 -0 0
0 -0 0
0 -0 0
0 -0 0
0 -0 0
0 -0 0
0 -0 0
0 -0 0
0 -0 0
0 -0 0
0 -0 0
-0.22161105 -0.045887962 0.3145
-0.21972971 -0.046070348 0.31575
-0.21713933 -0.046106827 0.31600001
-0.21454458 -0.046143305 0.31625003
-0.2126151 -0.046325687 0.31750003
-0.21115945 -0.046617504 0.31950003
-0.20869057 -0.046690457 0.32000002
-0.20573035 -0.046653979 0.31975001
-0.20356786 -0.046799891 0.32075003
-0.20185731 -0.047055226 0.32250002
-0.19949898 -0.04716466 0.32325003
-0.1969754 -0.047237612 0.32375002
-0.19399333 -0.047201134 0.32350001
-0.19145882 -0.047274087 0.324
-0.18862449 -0.047274087 0.324
-0.18708037 -0.047602382 0.32625002
-0.18479101 -0.047748286 0.32725
-0.18206725 -0.047784764 0.32750002
-0.17961268 -0.047894195 0.32825002
-0.177145 -0.048003629 0.32900003
-0.17413449 -0.047967147 0.32875001
-0.17138885 -0.048003629 0.32900003
-0.16927905 -0.048222486 0.33050001
-0.1666396 -0.048295442 0.33100003
-0.16436239 -0.048477829 0.33225003
-0.16230628 -0.048733164 0.33400002
-0.15950376 -0.048769638 0.33425
-0.15657975 -0.048769638 0.33425
-0.15400054 -0.048879072 0.33500001
-0.15140818 -0.048988502 0.33575001
-0.14924492 -0.049243841 0.33750001
-0.14596739 -0.049134411 0.33675003
-0.14323388 -0.049207367 0.33725002
-0.1405956 -0.049316797 0.33800003
-0.13794421 -0.049426224 0.33875
-0.13498083 -0.049426224 0.33875
-0.13260205 -0.049645089 0.34025002
-0.13029225 -0.049900424 0.34200001
-0.12720741 -0.049863949 0.34175003
-0.12458126 -0.050009854 0.34275001
-0.12167159 -0.050046336 0.34300002
-0.11884403 -0.050119288 0.34350002
-0.11617634 -0.050265193 0.34450001
-0.11349116 -0.050411105 0.34550002
-0.11038881 -0.050374623 0.34525001
-0.10752407 -0.050447576 0.34575
-0.10449947 -0.050447576 0.34575
-0.10140149 -0.050411105 0.34550002
-0.098450258 -0.050447576 0.34575
-0.095563665 -0.050520536 0.34625003
-0.09240105 -0.050447576 0.34575
-0.089441076 -0.050484058 0.34600002
-0.086351842 -0.050447576 0.34575
-0.083327241 -0.050447576 0.34575
-0.081231661 -0.05103121 0.34975001
-0.079010226 -0.051578362 0.35350001
-0.076293655 -0.051833704 0.35525003
-0.073340453 -0.051943131 0.35600001
-0.070768662 -0.052344378 0.35875002
-0.067913108 -0.052563243 0.36025003
-0.064806603 -0.052599717 0.36050001
-0.061781231 -0.052709147 0.36125001
-0.058337059 -0.052453812 0.35950002
-0.054501314 -0.051797226 0.35500002
-0.050961461 -0.051359504 0.35200003
-0.047134019 -0.05055701 0.34650001
-0.043339171 -0.049681567 0.34050003
-0.039915994 -0.049134411 0.33675003
-0.03631141 -0.048258964 0.33075002
-0.032938097 -0.0475659 0.32600001
-0.030109338 -0.047602382 0.32625002
-0.027464176 -0.047967147 0.32875001
-0.024681779 -0.048149534 0.33000001
-0.021976579 -0.048550781 0.33275002
-0.019208942 -0.04891555 0.33525002
-0.016361153 -0.049170885 0.33700001
-0.013492697 -0.049462702 0.33900002
-0.010604776 -0.049827471 0.34150001
-0.0076842667 -0.050265193 0.34450001
-0.0047180499 -0.050775871 0.34800002
-0.0016845848 -0.051104162 0.35025001
0.0013911997 -0.051541887 0.35325003
0.0045036138 -0.051797226 0.35500002
0.0076680807 -0.052198473 0.35775003
0.010865569 -0.052526765 0.36000001
0.014121889 -0.052928012 0.36275002
0.017450161 -0.053402212 0.36600003
0.020764764 -0.053694028 0.36800003
0.024260998 -0.054314133 0.37225002
0.027609825 -0.054496519 0.37350002
0.03106319 -0.054824807 0.37575001
0.034715906 -0.055408441 0.37975001
0.038313396 -0.055809688 0.38250002
0.042095143 -0.056393318 0.38650003
0.045799792 -0.056794561 0.38925001
0.049457747 -0.057086378 0.39125001
0.05304933 -0.057268761 0.39250001
0.056806691 -0.057597056 0.39475003
0.060641579 -0.057961825 0.39725003
0.064358801 -0.058180686 0.39875001
0.067591824 -0.057961825 0.39725003
0.071424745 -0.058253642 0.39925003
0.075198829 -0.058472499 0.40075001
0.078851864 -0.058581933 0.40150002
0.082723163 -0.058837269 0.40325001
0.086304247 -0.058873747 0.40350002
0.09005668 -0.059019655 0.40450001
0.093305998 -0.058837269 0.40325001
0 -0 0
0 -0 0
0 -0 0
0 -0 0
0 -0 0
0 -0 0
0 -0 0
0.12431454 -0.060186919 0.41250002
0.12776802 -0.060113963 0.41200003
0.13216934 -0.060478732 0.41450003
0.13645059 -0.060770549 0.41650003
0.14076681 -0.061062362 0.41850001
0.1449455 -0.061281223 0.42000002
0.14923888 -0.061536562 0.42175001
0.15347224 -0.061755423 0.42325002
0.15754616 -0.061901331 0.42425001
0.16116247 -0.061864857 0.42400002
0.16584371 -0.062229626 0.42650002
0.16947532 -0.062193148 0.42625001
0.17533743 -0.062959164 0.43150002
0 -0 0
0 -0 0
0 -0 0
0 -0 0
0 -0 0
0 -0 0
0 -0 0
0 -0 0
0 -0 0
0 -0 0
0 -0 0
0 -0 0
0 -0 0
0 -0 0
0 -0 0
0 -0 0
0 -0 0
0 -0 0
0 -0 0
0 -0 0
0 -0 0
0 -0 0
0 -0 0
0 -0 0
0 -0 0
0 -0 0
0 -0 0
0 -0 0
0 -0 0
0 -0 0
0 -0 0
0 -0 0
-0.22319652 -0.043447472 0.31675002
-0.2211215 -0.043584637 0.31775001
-0.21851364 -0.043618932 0.31800002
-0.21590136 -0.04365322 0.31825
-0.21529371 -0.044099011 0.3215
-0.21281172 -0.044167597 0.32200003
-0.21129918 -0.044441927 0.324
-0.20862569 -0.044476219 0.32425001
-0.20626517 -0.044579096 0.32500002
-0.20310915 -0.044510514 0.32450002
-0.20057902 -0.044579096 0.32500002
-0.19849643 -0.044750553 0.32625002
-0.19639201 -0.044922013 0.32750002
-0.19352706 -0.044922013 0.32750002
-0.19138983 -0.045093469 0.32875001
-0.18908735 -0.045230635 0.32975
-0.18648507 -0.045299221 0.33025002
-0.18387403 -0.045367803 0.33075002
-0.18139103 -0.045470677 0.33150002
-0.17889492 -0.045573555 0.33225003
-0.17651808 -0.04571072 0.33325002
-0.17386329 -0.045779299 0.33375001
-0.17094368 -0.045779299 0.33375001
-0.16840163 -0.045882177 0.33450001
-0.16584647 -0.04598505 0.33525002
-0.16364263 -0.046190802 0.33675003
-0.16129327 -0.046362262 0.33800003
-0.15857068 -0.046430845 0.33850002
-0.15595427 -0.046533719 0.33925003
-0.15309925 -0.046568006 0.33950001
-0.15046099 -0.046670884 0.34025002
-0.14737612 -0.046636589 0.34
-0.14450802 -0.046670884 0.34025002
-0.14215547 -0.046876635 0.34175003
-0.13906404 -0.04684234 0.34150001
-0.13697317 -0.04715097 0.34375003
-0.13425836 -0.04725384 0.34450001
-0.13114944 -0.047219552 0.34425002
-0.12813796 -0.047219552 0.34425002
-0.12521735 -0.04725384 0.34450001
-0.12264709 -0.047425296 0.34575
-0.11962248 -0.047425296 0.34575
-0.11693512 -0.047562465 0.34675002
-0.11414813 -0.047665343 0.34750003
-0.11134801 -0.047768213 0.34825
-0.10822379 -0.047733925 0.34800002
-0.10487726 -0.047596756 0.347
-0.10213522 -0.047733925 0.34800002
-0.099090934 -0.047733925 0.34800002
-0.096115649 -0.047768213 0.34825
-0.092935547 -0.04769963 0.34775001
-0.090022698 -0.047768213 0.34825
-0.087600611 -0.048111133 0.35075003
-0.085496277 -0.048659794 0.35475001
-0.083205841 -0.04913988 0.35825002
-0.080071889 -0.04913988 0.35825002
-0.077528529 -0.049517088 0.36100003
-0.074731037 -0.04975713 0.36275002
-0.071607031 -0.049791418 0.36300001
-0.068525791 -0.049860004 0.36350003
-0.065660506 -0.050100047 0.36525002
-0.062251538 -0.049928587 0.36400002
-0.058621034 -0.049551379 0.36125001
-0.054539695 -0.04872838 0.35525003
-0.05078049 -0.048111133 0.35075003
-0.047134019 -0.047528174 0.34650001
-0.043307349 -0.046670884 0.34025002
-0.039856724 -0.046122216 0.33625001
-0.036119286 -0.045127764 0.32900003
-0.033013877 -0.044819135 0.32675001
-0.030178556 -0.04485343 0.32700002
-0.02740152 -0.044990595 0.32800001
-0.024588287 -0.045093469 0.32875001
-0.021745421 -0.045162052 0.32925001
-0.018979751 -0.045436386 0.33125001
-0.016264053 -0.045950759 0.33500001
-0.013442945 -0.046327967 0.33775002
-0.010558194 -0.046636589 0.34
-0.0076731141 -0.047185257 0.34400001
-0.0046875449 -0.047425296 0.34575
-0.0016725606 -0.04769963 0.34775001
0.0013843076 -0.048214003 0.3515
0.0044814129 -0.04845405 0.35325003
0.007641288 -0.048899841 0.35650003
0.01081275 -0.04913988 0.35825002
0.014053762 -0.049517088 0.36100003
0.017366724 -0.049962878 0.36425
0.020623697 -0.050134335 0.3655
0.024065476 -0.050648712 0.36925003
0.027535904 -0.051094502 0.37250003
0.030877184 -0.051231667 0.37350002
0.034304522 -0.05147171 0.37525001
0.038163144 -0.052260414 0.38100001
0.041822854 -0.052671913 0.384
0.045564469 -0.053117704 0.38725001
0.049331341 -0.053529207 0.39025003
0.053083122 -0.053872123 0.39275002
0.056842666 -0.054180745 0.39500001
0.061099537 -0.05490087 0.40025002
0.064843006 -0.055106621 0.40175003
0.068612717 -0.055312369 0.40325001
0.072319232 -0.055449538 0.40425003
0.076137051 -0.055655286 0.40575001
0.080030225 -0.055895329 0.40750003
0.083697587 -0.055963911 0.40800002
0.087320223 -0.055998202 0.40825003
0.091336839 -0.056272533 0.41025001
0.094694309 -0.056135368 0.40925002
0.097794138 -0.055861033 0.40725002
0 -0 0
0 -0 0
0 -0 0
0 -0 0
0 -0 0
0 -0 0
0 -0 0
0.12869836 -0.056924075 0.41500002
0.13440138 -0.05781566 0.42150003
0.13849816 -0.057987116 0.42275003
0.14312133 -0.058364321 0.42550001
0.14701615 -0.058432907 0.42600003
0.15047738 -0.058330033 0.42525002
0.15573852 -0.058912989 0.42950001
0.15977427 -0.059015863 0.43025002
0.16382317 -0.05911874 0.43100002
0.16788517 -0.059221614 0.43175003
0.17205968 -0.059358779 0.43275002
0.17757231 -0.059941735 0.43700001
0 -0 0
0 -0 0
0 -0 0
0 -0 0
0 -0 0
0 -0 0
0 -0 0
0 -0 0
0 -0 0
0 -0 0
0 -0 0
0 -0 0
0 -0 0
0 -0 0
0 -0 0
0 -0 0
0 -0 0
0 -0 0
0 -0 0
0 -0 0
0 -0 0
0 -0 0
0 -0 0
0 -0 0
0 -0 0
0 -0 0
0 -0 0
0 -0 0
0 -0 0
0 -0 0
0 -0 0
0 -0 0
-0.22601511 -0.04119239 0.32075003
-0.22407907 -0.04135292 0.32200003
-0.22212118 -0.041513454 0.32325003
-0.2201414 -0.041673984 0.32450002
-0.21730268 -0.041673984 0.32450002
-0.21462919 -0.041706089 0.32475001
-0.21292959 -0.041930836 0.32650003
-0.21071677 -0.042059258 0.32750002
-0.20848648 -0.042187683 0.3285
-0.20608222 -0.042284001 0.32925001
-0.20381914 -0.04241243 0.33025002
-0.20093012 -0.04241243 0.33025002
-0.19804111 -0.04241243 0.33025002
-0.19633394 -0.042669281 0.33225003
-0.1932819 -0.042637173 0.33200002
-0.19052093 -0.042669281 0.33225003
-0.18846144 -0.042861916 0.33375001
-0.18581977 -0.042926125 0.33425
-0.18330616 -0.043022446 0.33500001
-0.180241 -0.042990342 0.33475003
-0.17784229 -0.043118767 0.33575001
-0.17516564 -0.043182977 0.33625001
-0.17299244 -0.043375619 0.33775002
-0.16978611 -0.043311406 0.33725002
-0.16745423 -0.043471936 0.33850002
-0.16497898 -0.043600362 0.33950001
-0.16284415 -0.043825105 0.34125
-0.16021024 -0.043921422 0.34200001
-0.15721846 -0.043921422 0.34200001
-0.15400118 -0.043857213 0.34150001
-0.15156651 -0.044017743 0.34275001
-0.14900161 -0.044146169 0.34375003
-0.14641921 -0.044274595 0.34475002
-0.14361133 -0.044338804 0.34525001
-0.14099833 -0.044467233 0.34625003
-0.1383678 -0.044595655 0.34725001
-0.13494037 -0.044467233 0.34625003
-0.13210188 -0.044531446 0.34675002
-0.12944074 -0.044659868 0.34775001
-0.12676212 -0.044788297 0.34875003
-0.12371128 -0.044788297 0.34875003
-0.12074692 -0.044820398 0.34900001
-0.11786251 -0.044884615 0.34950003
-0.11496934 -0.044948827 0.35000002
-0.11206742 -0.04501304 0.35050002
-0.10907901 -0.045045145 0.35075003
-0.10601068 -0.045045145 0.35075003
-0.10301569 -0.045077249 0.35100001
-0.099945165 -0.045077249 0.35100001
-0.096874639 -0.045077249 0.35100001
-0.094071358 -0.045205679 0.35200003
-0.091638334 -0.045526739 0.35450003
-0.089348875 -0.045944124 0.35775003
-0.086821809 -0.046265185 0.36025003
-0.083902612 -0.046393611 0.36125001
-0.081245311 -0.046682566 0.36350003
-0.078656018 -0.047035735 0.36625001
-0.075555094 -0.047099952 0.36675003
-0.072691992 -0.047324695 0.36850002
-0.069562629 -0.047388904 0.36900002
-0.066244751 -0.047324695 0.36850002
-0.062465314 -0.046907309 0.36525002
-0.058702167 -0.04645782 0.36175001
-0.054616459 -0.045687273 0.35575002
-0.05063571 -0.044916719 0.34975001
-0.046963986 -0.044338804 0.34525001
-0.04324371 -0.043632466 0.33975002
-0.039590027 -0.042894024 0.33400002
-0.036201622 -0.042348213 0.32975
-0.033316985 -0.042348213 0.32975
-0.030432349 -0.042348213 0.32975
-0.027568601 -0.042380322 0.33000001
-0.024719175 -0.042444535 0.33050001
-0.021894023 -0.04257296 0.33150002
-0.018951103 -0.042476639 0.33075002
-0.016094131 -0.04257296 0.33150002
-0.013313591 -0.042958234 0.33450001
-0.010465034 -0.043279298 0.33700001
-0.0076173502 -0.043857213 0.34150001
-0.0046739876 -0.044274595 0.34475002
-0.001667751 -0.044531446 0.34675002
0.0013734774 -0.044788297 0.34875003
0.0044623837 -0.045173571 0.35175002
0.007587702 -0.045462526 0.354
0.010767477 -0.045815695 0.35675001
0.014005098 -0.046200968 0.35975
0.017223692 -0.046393611 0.36125001
0.02053906 -0.046746779 0.36400002
0.023951421 -0.047196265 0.36750001
0.027406538 -0.047613647 0.37075001
0.030794514 -0.047838394 0.37250003
0.034075979 -0.047870498 0.37275001
0.037987854 -0.048705265 0.37925002
0.041605029 -0.049058434 0.38200003
0.045211483 -0.049347389 0.38425002
0.048983712 -0.049764771 0.38750002
0.052677646 -0.050053727 0.38975
0.056626808 -0.050535325 0.39350003
0.060336269 -0.050760068 0.39525002
0.065125458 -0.051819574 0.40350002
0.069080628 -0.052140638 0.40600002
0.07299009 -0.05239749 0.40800002
0.076793812 -0.05255802 0.40925002
0.080815792 -0.052846976 0.41150001
0.084877148 -0.053135935 0.41375002
0.088710494 -0.053264357 0.41475001
0.092171736 -0.053168043 0.41400003
0.09596692 -0.053264357 0.41475001
0.1000754 -0.053521208 0.41675001
0.10396999 -0.053649634 0.41775003
0 -0 0
0 -0 0
0 -0 0
0 -0 0
0 -0 0
0 -0 0
0 -0 0
0.13567683 -0.054644927 0.42550001
0.14013623 -0.054933887 0.42775002
0.14446679 -0.05515863 0.42950001
0.14839658 -0.055222843 0.43000001
0.15260051 -0.055383373 0.43125001
0.15700763 -0.05560812 0.43300003
0.16107401 -0.055704441 0.43375003
0.16591372 -0.056057606 0.43650001
0.1706071 -0.056346565 0.43875003
0.17484286 -0.056474987 0.43975002
0.17899452 -0.056571309 0.44050002
0.18295178 -0.056603417 0.44075003
0 -0 0
0 -0 0
0 -0 0
0 -0 0
0 -0 0
0 -0 0
0 -0 0
0 -0 0
0 -0 0
0 -0 0
0 -0 0
0 -0 0
0 -0 0
0 -0 0
0 -0 0
0 -0 0
0 -0 0
0 -0 0
0 -0 0
0 -0 0
0 -0 0
0 -0 0
0 -0 0
0 -0 0
0 -0 0
0 -0 0
0 -0 0
0 -0 0
0 -0 0
0 -0 0
0 -0 0
-0.22865753 -0.038837455 0.32450002
-0.2266887 -0.038987059 0.32575002
-0.22469799 -0.039136663 0.32700002
-0.2223462 -0.039226428 0.32775003
-0.21947907 -0.039226428 0.32775003
-0.21661192 -0.039226428 0.32775003
-0.21537519 -0.039525639 0.33025002
-0.21264701 -0.039555557 0.33050001
-0.2107078 -0.039735083 0.33200002
-0.20795998 -0.039765008 0.33225003
-0.20505348 -0.039765008 0.33225003
-0.20245115 -0.039824847 0.33275002
-0.19999003 -0.039914612 0.33350003
-0.19751579 -0.040004373 0.33425
-0.19488288 -0.040064216 0.33475003
-0.19281462 -0.040243741 0.33625001
-0.19015548 -0.040303584 0.33675003
-0.18734859 -0.040333502 0.33700001
-0.18467411 -0.040393345 0.33750001
-0.18212552 -0.04048311 0.33825001
-0.18022588 -0.040722478 0.34025002
-0.17764011 -0.040812239 0.34100002
-0.1750412 -0.040902004 0.34175003
-0.17318434 -0.04117129 0.34400001
-0.16980401 -0.041081525 0.34325001
-0.16716574 -0.04117129 0.34400001
-0.16463366 -0.041290976 0.34500003
-0.16138136 -0.041231133 0.34450001
-0.15859757 -0.041290976 0.34500003
-0.15603048 -0.041410659 0.34600002
-0.15311424 -0.04144058 0.34625003
-0.15030198 -0.041500423 0.34675002
-0.14748099 -0.041560262 0.34725001
-0.14496322 -0.04170987 0.34850001
-0.14211816 -0.041769709 0.34900001
-0.13916475 -0.041799631 0.34925002
-0.13640182 -0.041889396 0.35000002
-0.13391148 -0.042068921 0.3515
-0.13120881 -0.042188607 0.35250002
-0.12794341 -0.042128764 0.35200003
-0.12468677 -0.042068921 0.3515
-0.12178486 -0.042128764 0.35200003
-0.11853696 -0.042068921 0.3515
-0.11554418 -0.042098843 0.35175002
-0.11270689 -0.042188607 0.35250002
-0.10962324 -0.042188607 0.35250002
-0.10646403 -0.042158682 0.35225001
-0.1035293 -0.042218525 0.35275
-0.10087059 -0.04239805 0.35425001
-0.09873762 -0.042816948 0.35775003
-0.096476592 -0.043205921 0.36100003
-0.093577087 -0.043325603 0.36200002
-0.090660073 -0.043445285 0.36300001
-0.087906323 -0.043654736 0.36475003
-0.085005835 -0.04380434 0.36600003
-0.082474604 -0.044163391 0.36900002
-0.079461366 -0.044283073 0.37
-0.076224625 -0.044283073 0.37
-0.07343173 -0.044552363 0.37225002
-0.070316695 -0.044642128 0.37300003
-0.066559345 -0.044312995 0.37025002
-0.06255082 -0.043774419 0.36575001
-0.058337059 -0.043026395 0.35950002
-0.0547316 -0.042667344 0.35650003
-0.05063571 -0.041859474 0.34975001
-0.046827957 -0.041201212 0.34425002
-0.042893685 -0.040333502 0.33700001
-0.039619658 -0.040004373 0.33425
-0.036613319 -0.039914612 0.33350003
-0.033721134 -0.03994453 0.33375001
-0.030663075 -0.039765008 0.33225003
-0.027840111 -0.03988469 0.33325002
-0.025055744 -0.040094133 0.33500001
-0.02210867 -0.040064216 0.33475003
-0.019122994 -0.03994453 0.33375001
-0.016191231 -0.039914612 0.33350003
-0.013313591 -0.040034294 0.33450001
-0.010379637 -0.040004373 0.33425
-0.0075225518 -0.040363427 0.33725002
-0.0046333149 -0.040902004 0.34175003
-0.0016581316 -0.041261055 0.34475002
0.0013685545 -0.041590188 0.34750003
0.0044401828 -0.041889396 0.35000002
0.0075448342 -0.042128764 0.35200003
0.010684475 -0.042368129 0.354
0.013829914 -0.042517737 0.35525003
0.017092576 -0.042906709 0.3585
0.020369783 -0.043205921 0.36100003
0.023690727 -0.043505132 0.36350003
0.027184773 -0.044013787 0.36775002
0.030670509 -0.04440276 0.37100002
0.034007415 -0.044522442 0.37200001
0.037637275 -0.044971257 0.37575001
0.041414429 -0.045509834 0.38025001
0.045005579 -0.045779124 0.38250002
0.048667688 -0.046078335 0.38500002
0.052508701 -0.046497226 0.38850001
0.056338996 -0.04685628 0.39150003
0.060145453 -0.047155492 0.39400002
0.064036004 -0.047484625 0.39675003
0.067761973 -0.047664147 0.39825001
0.072006159 -0.048172805 0.40250003
0.076277785 -0.048651539 0.40650001
0.080815792 -0.049249958 0.41150001
0.085441284 -0.049848381 0.41650003
0.089619532 -0.050147593 0.41900003
0.093730196 -0.050386962 0.42100003
0.097644463 -0.050506644 0.42200002
0.10127606 -0.050476719 0.42175001
0.10508996 -0.050536565 0.42225003
0 -0 0
0 -0 0
0 -0 0
0 -0 0
0 -0 0
0 -0 0
0 -0 0
0.13711172 -0.051464114 0.43000001
0.1421838 -0.051942851 0.43400002
0.14614858 -0.052002691 0.43450001
0.15089862 -0.052331824 0.43725002
0.15569676 -0.052660953 0.44000003
0.15936457 -0.052601114 0.43950003
0.16367348 -0.052750718 0.44075003
0.16800427 -0.052900322 0.44200003
0.17196806 -0.052930243 0.44225001
0.17583685 -0.052930243 0.44225001
0.18001038 -0.053020004 0.44300002
0.18367819 -0.052960165 0.44250003
0 -0 0
0 -0 0
0 -0 0
0 -0 0
0 -0 0
0 -0 0
0 -0 0
0 -0 0
0 -0 0
0 -0 0
0 -0 0
0 -0 0
0 -0 0
0 -0 0
0 -0 0
0 -0 0
0 -0 0
0 -0 0
0 -0 0
0 -0 0
0 -0 0
0 -0 0
0 -0 0
0 -0 0
0 -0 0
0 -0 0
0 -0 0
0 -0 0
0 -0 0
0 -0 0
0 -0 0
-0.23182844 -0.036500171 0.32900003
-0.22825445 -0.036389224 0.32800001
-0.22538513 -0.036389224 0.32800001
-0.22370298 -0.036583375 0.32975
-0.22199026 -0.036777526 0.33150002
-0.21925554 -0.036805261 0.33175001
-0.2163534 -0.036805261 0.33175001
-0.21489894 -0.037054885 0.33400002
-0.21181846 -0.037027147 0.33375001
-0.20936827 -0.037110355 0.33450001
-0.20736785 -0.037276771 0.33600003
-0.20534113 -0.037443183 0.33750001
-0.20193897 -0.037359979 0.33675003
-0.19869763 -0.037304502 0.33625001
-0.19662941 -0.037470918 0.33775002
-0.19467826 -0.037665069 0.33950001
-0.19255535 -0.037831482 0.34100002
-0.1895723 -0.037831482 0.34100002
-0.18686286 -0.037886955 0.34150001
-0.18454847 -0.038025633 0.34275001
-0.18168253 -0.038053367 0.34300002
-0.17894246 -0.038108841 0.34350002
-0.17708996 -0.038358457 0.34575
-0.17456882 -0.038469404 0.34675002
-0.17153545 -0.038469404 0.34675002
-0.16862357 -0.038497139 0.347
-0.16558804 -0.038497139 0.347
-0.16231827 -0.038441665 0.34650001
-0.16009159 -0.038635816 0.34825
-0.15738334 -0.038719025 0.34900001
-0.15455142 -0.038774498 0.34950003
-0.15192746 -0.038885441 0.35050002
-0.14907366 -0.03894091 0.35100001
-0.14652307 -0.039079588 0.35225001
-0.14323801 -0.039024118 0.35175002
-0.14026053 -0.039051853 0.35200003
-0.13737611 -0.039107326 0.35250002
-0.13486391 -0.039273735 0.354
-0.13213937 -0.039384682 0.35500002
-0.1288521 -0.039329212 0.35450003
-0.12539622 -0.039218266 0.35350001
-0.1227363 -0.039356943 0.35475001
-0.11954866 -0.039329212 0.35450003
-0.11652963 -0.039356943 0.35475001
-0.1134263 -0.039356943 0.35475001
-0.11008971 -0.039273735 0.354
-0.10737076 -0.03941242 0.35525003
-0.10565712 -0.039939396 0.36000001
-0.10343328 -0.040299959 0.36325002
-0.10073858 -0.040494107 0.36500001
-0.097879641 -0.040632788 0.36625001
-0.095128089 -0.040826939 0.36800003
-0.092533216 -0.041104294 0.37050003
-0.089653604 -0.041270707 0.37200001
-0.086747751 -0.041437123 0.37350002
-0.083648026 -0.041520331 0.37425002
-0.080427788 -0.041548062 0.37450001
-0.0774092 -0.041686743 0.37575001
-0.074270107 -0.041769952 0.37650001
-0.070693731 -0.041603539 0.37500003
-0.06669417 -0.041159768 0.37100002
-0.06267909 -0.040660523 0.36650002
-0.058418192 -0.039939396 0.36000001
-0.054501314 -0.039384682 0.35500002
-0.05063571 -0.038802233 0.34975001
-0.046691924 -0.038081102 0.34325001
-0.042893685 -0.03738771 0.33700001
-0.039886359 -0.03733224 0.33650002
-0.037079904 -0.037470918 0.33775002
-0.034150545 -0.037498657 0.33800003
-0.031147592 -0.037443183 0.33750001
-0.028132506 -0.037359979 0.33675003
-0.025261426 -0.037470918 0.33775002
-0.022257272 -0.03738771 0.33700001
-0.019294888 -0.037359979 0.33675003
-0.01632474 -0.037304502 0.33625001
-0.013363342 -0.037249032 0.33575001
-0.010418454 -0.037221294 0.3355
-0.0074946699 -0.037276771 0.33600003
-0.0045756949 -0.037443183 0.33750001
-0.0016340833 -0.037692804 0.33975002
0.0013567396 -0.03821978 0.34450001
0.0044148103 -0.038608082 0.34800002
0.0075019654 -0.038829967 0.35000002
0.010616566 -0.039024118 0.35175002
0.013761785 -0.039218266 0.35350001
0.016949542 -0.039440151 0.35550001
0.020299248 -0.039911658 0.35975
0.023544084 -0.040078074 0.36125001
0.026944527 -0.040438637 0.36450002
0.030422501 -0.040826939 0.36800003
0.033847436 -0.04107656 0.37025002
0.037261654 -0.041270707 0.37200001
0.040842634 -0.041603539 0.37500003
0.044623177 -0.042075042 0.37925002
0.048414871 -0.042491078 0.38300002
0.052407335 -0.043018058 0.38775003
0.056087159 -0.04323994 0.38975
0.059878312 -0.043517299 0.39225003
0.0637132 -0.043794658 0.39475003
0 -0 0
0.071737811 -0.04448805 0.40100002
0.075949408 -0.044904083 0.40475002
0.080128424 -0.045264646 0.40800002
0.084569432 -0.045736153 0.41225001
0.090582028 -0.046984263 0.42350003
0.095232993 -0.047455769 0.42775002
0.099206313 -0.047566708 0.42875001
0.10301703 -0.047594447 0.42900002
0.10695656 -0.047677655 0.42975003
0.11058718 -0.047622181 0.42925003
0 -0 0
0 -0 0
0 -0 0
0 -0 0
0 -0 0
0 -0 0
0 -0 0
0.14333045 -0.048537459 0.43750003
0.14808266 -0.048842549 0.44025001
0.15288299 -0.049147643 0.44300002
0.15790837 -0.04950821 0.44625002
0.1619028 -0.049535945 0.44650003
0.16599442 -0.049591415 0.44700003
0.16980974 -0.04956368 0.44675002
0.17294018 -0.049341794 0.44475001
0.17643325 -0.049230851 0.44375002
0.18061991 -0.049314059 0.44450003
0.18492346 -0.049425002 0.44550002
0 -0 0
0 -0 0
0 -0 0
0 -0 0
0 -0 0
0 -0 0
0 -0 0
0 -0 0
0 -0 0
0 -0 0
0 -0 0
0 -0 0
0 -0 0
0 -0 0
0 -0 0
0 -0 0
0 -0 0
0 -0 0
0 -0 0
0 -0 0
0 -0 0
0 -0 0
0 -0 0
0 -0 0
0 -0 0
0 -0 0
0 -0 0
0 -0 0
0 -0 0
0 -0 0
0 -0 0
-0.23464701 -0.034033109 0.333
-0.23086406 -0.033905357 0.33175001
-0.22813374 -0.033930909 0.33200002
-0.22556859 -0.033982009 0.33250001
-0.22349697 -0.03410976 0.33375001
-0.22090779 -0.03416086 0.33425
-0.21961421 -0.034416366 0.33675003
-0.21699002 -0.03446747 0.33725002
-0.21499176 -0.034620769 0.33875
-0.21296728 -0.034774072 0.34025002
-0.2098365 -0.034748521 0.34
-0.20671009 -0.034722973 0.33975002
-0.20418774 -0.034799624 0.34050003
-0.20209543 -0.034952924 0.34200001
-0.20026799 -0.035157327 0.34400001
-0.19725868 -0.035157327 0.34400001
-0.19396704 -0.035106227 0.34350002
-0.19151805 -0.035208426 0.34450001
-0.18905158 -0.03531063 0.34550002
-0.18616377 -0.035336178 0.34575
-0.18327159 -0.03536173 0.34600002
-0.18128668 -0.035566133 0.34800002
-0.17888263 -0.035693888 0.34925002
-0.17544983 -0.035617232 0.34850001
-0.1726485 -0.035668336 0.34900001
-0.17056736 -0.035872739 0.35100001
-0.16785474 -0.03594939 0.35175002
-0.16512899 -0.036026042 0.35250002
-0.16193041 -0.03600049 0.35225001
-0.15839799 -0.035898291 0.35125002
-0.15598857 -0.03605159 0.35275
-0.15322782 -0.036128242 0.35350001
-0.15024161 -0.036153793 0.35375002
-0.14756298 -0.036255993 0.35475001
-0.14435786 -0.036230445 0.35450003
-0.14165516 -0.036332645 0.35550001
-0.13864271 -0.036358196 0.35575002
-0.1357211 -0.036409296 0.35625002
-0.13288382 -0.036485948 0.35700002
-0.12985165 -0.036511496 0.35725001
-0.12690383 -0.036562599 0.35775003
-0.12368774 -0.036537047 0.35750002
-0.12039174 -0.036485948 0.35700002
-0.11726872 -0.036485948 0.35700002
-0.11454538 -0.036613699 0.35825002
-0.11265537 -0.037022509 0.36225003
-0.11061983 -0.037405763 0.36600003
-0.10807843 -0.037635714 0.36825001
-0.10492819 -0.037661266 0.36850002
-0.10232557 -0.037891217 0.37075001
-0.099483132 -0.03804452 0.37225002
-0.096485205 -0.038146723 0.37325001
-0.093469784 -0.038248926 0.37425002
-0.090677872 -0.038453329 0.37625003
-0.087328389 -0.038427778 0.37600002
-0.084262669 -0.038529977 0.377
-0.081233151 -0.038657732 0.37825003
-0.078233249 -0.038811032 0.37975001
-0.074763268 -0.03873438 0.37900001
-0.070835114 -0.038402226 0.37575001
-0.066559345 -0.037840117 0.37025002
-0.062636331 -0.037431311 0.36625001
-0.058499329 -0.036843654 0.36050001
-0.054271024 -0.036128242 0.35350001
-0.050273769 -0.035489481 0.34725001
-0.046419866 -0.034876272 0.34125
-0.043211889 -0.034697421 0.33950001
-0.040241957 -0.034697421 0.33950001
-0.037272029 -0.034697421 0.33950001
-0.034478914 -0.034876272 0.34125
-0.031516749 -0.034901824 0.34150001
-0.02850844 -0.034876272 0.34125
-0.025560601 -0.034927376 0.34175003
-0.022504941 -0.034825172 0.34075001
-0.019452455 -0.034697421 0.33950001
-0.016482526 -0.034697421 0.33950001
-0.013452896 -0.034544121 0.33800003
-0.010519378 -0.034620769 0.33875
-0.0075560096 -0.034620769 0.33875
-0.0046061995 -0.034722973 0.33975002
-0.0016388929 -0.034825172 0.34075001
0.0013528013 -0.035106227 0.34350002
0.0043735802 -0.035233978 0.34475002
0.0074162288 -0.03536173 0.34600002
0.010510928 -0.035591684 0.34825
0.013683924 -0.035923839 0.3515
0.016878024 -0.036179341 0.354
0.020200504 -0.036588147 0.35800001
0.023430029 -0.03674145 0.35950002
0.026741242 -0.036971405 0.36175001
0.030319164 -0.037482414 0.36675003
0.033687454 -0.037661266 0.36850002
0.037161488 -0.037916768 0.37100002
0.040597577 -0.03809562 0.37275001
0.044211358 -0.038402226 0.37575001
0.047972437 -0.038785484 0.37950003
0.05193428 -0.039270937 0.38425002
0.055727396 -0.039577544 0.38725001
0.059573002 -0.03988415 0.39025003
0.06326934 -0.040063001 0.39200002
0.067379139 -0.040471807 0.39600003
0.071469463 -0.040829513 0.39950001
0.075574115 -0.041161668 0.40275002
0.079882927 -0.041570473 0.40675002
0.083954014 -0.041825976 0.40925002
0.090742439 -0.043359 0.42425001
0.095900901 -0.044023309 0.43075001
0.10042109 -0.044355463 0.43400002
0.10469796 -0.04455987 0.43600002
0.10888539 -0.044713173 0.43750003
0.11271262 -0.044713173 0.43750003
0.11653984 -0.044713173 0.43750003
0 -0 0
0 -0 0
0 -0 0
0 -0 0
0 -0 0
0 -0 0
0 -0 0
0.14993264 -0.045556333 0.44575003
0.15460853 -0.045786288 0.44800001
0.15888147 -0.045888491 0.44900003
0.16271865 -0.045862939 0.44875002
0.16655146 -0.045837387 0.44850001
0.17066497 -0.045888491 0.44900003
0.17468999 -0.045914039 0.44925001
0.18190019 -0.046757199 0.45750001
0.18681665 -0.046987157 0.45975003
0.19125362 -0.047089357 0.46075001
0 -0 0
0 -0 0
0 -0 0
0 -0 0
0 -0 0
0 -0 0
0 -0 0
0 -0 0
0 -0 0
0 -0 0
0 -0 0
0 -0 0
0 -0 0
0 -0 0
0 -0 0
0 -0 0
0 -0 0
0 -0 0
0 -0 0
0 -0 0
0 -0 0
0 -0 0
0 -0 0
0 -0 0
0 -0 0
0 -0 0
0 -0 0
0 -0 0
0 -0 0
0 -0 0
0 -0 0
-0.2355278 -0.031239105 0.33425
-0.23364766 -0.031379297 0.33575001
-0.23105411 -0.031426027 0.33625001
-0.22929981 -0.031589583 0.33800003
-0.22617559 -0.031566218 0.33775002
-0.22338621 -0.031589583 0.33800003
-0.22140764 -0.031729773 0.33950001
-0.21875939 -0.031776503 0.34
-0.21705443 -0.031963423 0.34200001
-0.21406263 -0.031963423 0.34200001
-0.21107084 -0.031963423 0.34200001
-0.20929585 -0.032150343 0.34400001
-0.20673633 -0.032220438 0.34475002
-0.20416367 -0.032290537 0.34550002
-0.20186897 -0.032407362 0.34675002
-0.19926567 -0.032477457 0.34750003
-0.19622576 -0.032477457 0.34750003
-0.19332483 -0.032500818 0.34775001
-0.19124033 -0.032664377 0.34950003
-0.18872134 -0.032757837 0.35050002
-0.18592001 -0.032804567 0.35100001
-0.18284948 -0.032804567 0.35100001
-0.18003505 -0.032851297 0.3515
-0.17708603 -0.032874662 0.35175002
-0.17487463 -0.033038218 0.35350001
-0.1720252 -0.033084948 0.354
-0.16904774 -0.033108313 0.35425001
-0.16606589 -0.033131678 0.35450003
-0.16353938 -0.033248503 0.35575002
-0.16054001 -0.033271868 0.35600001
-0.15764686 -0.033318598 0.35650003
-0.15528676 -0.033482153 0.35825002
-0.15247135 -0.033552252 0.35900003
-0.14922684 -0.033528883 0.35875002
-0.14588492 -0.033482153 0.35825002
-0.14295018 -0.033528883 0.35875002
-0.13971442 -0.033505518 0.3585
-0.13648304 -0.033482153 0.35825002
-0.13344215 -0.033505518 0.3585
-0.13057861 -0.033575613 0.35925001
-0.12770197 -0.033645708 0.36000001
-0.1244662 -0.033622343 0.35975
-0.12148775 -0.033669077 0.36025003
-0.11948598 -0.033996183 0.36375001
-0.11798254 -0.034486853 0.36900002
-0.11514327 -0.034603678 0.37025002
-0.11197991 -0.034627043 0.37050003
-0.10947252 -0.034860693 0.37300003
-0.10649428 -0.034954153 0.37400001
-0.10342955 -0.035024248 0.37475002
-0.10095299 -0.035304628 0.37775001
-0.098359339 -0.035561647 0.38050002
-0.095093176 -0.035585012 0.38075003
-0.09152139 -0.035491548 0.37975001
-0.088431612 -0.035585012 0.38075003
-0.08526846 -0.035655104 0.38150001
-0.082199566 -0.035771929 0.38275
-0.0790058 -0.035842024 0.38350001
-0.075355068 -0.035701837 0.38200003
-0.070646599 -0.035024248 0.37475002
-0.066379577 -0.034510218 0.36925003
-0.062465314 -0.034136377 0.36525002
-0.057890806 -0.033341963 0.35675001
-0.054155879 -0.032968123 0.35275
-0.050056603 -0.032313898 0.34575
-0.04665792 -0.032056887 0.34300002
-0.043593735 -0.032010157 0.34250003
-0.040686455 -0.032080248 0.34325001
-0.037848402 -0.032220438 0.34475002
-0.034807283 -0.032197073 0.34450001
-0.031747472 -0.032150343 0.34400001
-0.028800836 -0.032220438 0.34475002
-0.025747582 -0.032173712 0.34425002
-0.022719588 -0.032150343 0.34400001
-0.019652996 -0.032056887 0.34300002
-0.016628176 -0.032010157 0.34250003
-0.0135723 -0.031869963 0.34100002
-0.010597011 -0.031893328 0.34125
-0.0076285028 -0.031963423 0.34200001
-0.0046705981 -0.032197073 0.34450001
-0.0016545244 -0.032150343 0.34400001
0.0013656007 -0.032407362 0.34675002
0.0043894378 -0.032337263 0.34600002
0.0074162288 -0.032337263 0.34600002
0.010473201 -0.032430723 0.347
0.013557402 -0.032547548 0.34825
0.016758829 -0.032851297 0.3515
0.019876054 -0.032921392 0.35225001
0.023153041 -0.033201773 0.35525003
0.026482515 -0.033482153 0.35825002
0.029823143 -0.033715803 0.36075002
0.033527475 -0.034276567 0.36675003
0.037036281 -0.034556948 0.36975002
0.040434204 -0.034697138 0.37125
0.04388779 -0.034860693 0.37300003
0.047530003 -0.035141073 0.37600002
0.051495019 -0.035608374 0.38100001
0.05529568 -0.035912123 0.38425002
0.059191372 -0.036239233 0.38775003
0.06302724 -0.036496248 0.39050001
0.067081369 -0.036846723 0.39425001
0.07102222 -0.037103739 0.39700001
0.075105004 -0.037407488 0.40025002
0.079146452 -0.037664503 0.40300003
0.083697587 -0.038131803 0.40800002
0.089352168 -0.039043043 0.41775003
0.096902773 -0.040678598 0.43525001
0.1018094 -0.041122533 0.44000003
0.10589863 -0.041215993 0.44100001
0.11000536 -0.041309454 0.44200003
0.11367872 -0.041239358 0.44125003
0.11727237 -0.041145898 0.44025001
0.12139879 -0.041239358 0.44125003
0 -0 0
0 -0 0
0 -0 0
0 -0 0
0 -0 0
0 -0 0
0 -0 0
0.15607525 -0.042267423 0.45225003
0.15994304 -0.042244058 0.45200002
0.16380647 -0.042220689 0.45175001
0.16757268 -0.042173963 0.45125002
0.17247044 -0.042407613 0.45375001
0.17877291 -0.042968374 0.45975003
0.18349057 -0.043131929 0.46150002
0.18955946 -0.043599229 0.46650001
0.19457436 -0.043809518 0.46875003
0 -0 0
0 -0 0
0 -0 0
0 -0 0
0 -0 0
0 -0 0
0 -0 0
0 -0 0
0 -0 0
0 -0 0
0 -0 0
0 -0 0
0 -0 0
0 -0 0
0 -0 0
0 -0 0
0 -0 0
0 -0 0
0 -0 0
0 -0 0
0 -0 0
0 -0 0
0 -0 0
0 -0 0
0 -0 0
0 -0 0
0 -0 0
0 -0 0
0 -0 0
0 -0 0
0 -0 0
-0.23746559 -0.028550327 0.33700001
-0.23573534 -0.028698586 0.33875
-0.23345914 -0.028783306 0.33975002
-0.23184383 -0.028952744 0.34175003
-0.22868679 -0.028931564 0.34150001
-0.2258646 -0.028952744 0.34175003
-0.22385323 -0.029079821 0.34325001
-0.2214939 -0.029164542 0.34425002
-0.21911708 -0.02924926 0.34525001
-0.21656629 -0.029312799 0.34600002
-0.21384808 -0.029355159 0.34650001
-0.21096902 -0.029376339 0.34675002
-0.20928492 -0.029566957 0.34900001
-0.20697054 -0.029672854 0.35025001
-0.20419767 -0.029715216 0.35075003
-0.20112932 -0.029715216 0.35075003
-0.19806097 -0.029715216 0.35075003
-0.19638246 -0.029927013 0.35325003
-0.19342904 -0.029948192 0.35350001
-0.19060586 -0.02999055 0.354
-0.18724422 -0.029948192 0.35350001
-0.18415183 -0.029948192 0.35350001
-0.18144359 -0.030011732 0.35425001
-0.17884807 -0.030096453 0.35525003
-0.17685342 -0.030287068 0.35750002
-0.17433345 -0.030392967 0.35875002
-0.17083724 -0.030329427 0.35800001
-0.16770546 -0.030329427 0.35800001
-0.16480355 -0.030371787 0.3585
-0.16211836 -0.030456508 0.35950002
-0.1596368 -0.030583587 0.36100003
-0.15647878 -0.030583587 0.36100003
-0.15321459 -0.030562406 0.36075002
-0.15026675 -0.030604765 0.36125001
-0.14720836 -0.030625945 0.36150002
-0.14414558 -0.030647123 0.36175001
-0.14146817 -0.030753022 0.36300001
-0.13791169 -0.030668305 0.36200002
-0.13427965 -0.030562406 0.36075002
-0.13103296 -0.030541224 0.36050001
-0.12823406 -0.030625945 0.36150002
-0.1261961 -0.030901283 0.36475003
-0.12435421 -0.031240158 0.36875001
-0.12194961 -0.031451955 0.37125
-0.11910161 -0.031557854 0.37250003
-0.11638723 -0.031706113 0.37425002
-0.11379334 -0.031896729 0.37650001
-0.11130685 -0.032129709 0.37925002
-0.10827393 -0.032214426 0.38025001
-0.10529252 -0.032320324 0.38150001
-0.10269011 -0.032553304 0.38425002
-0.099587217 -0.032638025 0.38525003
-0.096279494 -0.032659203 0.38550001
-0.092907161 -0.032659203 0.38550001
-0.089825146 -0.032765102 0.38675001
-0.086665392 -0.032849822 0.38775003
-0.08343444 -0.032913357 0.38850001
-0.079417825 -0.032659203 0.38550001
-0.075157799 -0.032277968 0.38100001
-0.070693731 -0.031769652 0.37500003
-0.066379577 -0.031282518 0.36925003
-0.062294289 -0.030858921 0.36425
-0.057971939 -0.030265888 0.35725001
-0.053963974 -0.029778752 0.3515
-0.050346155 -0.029461058 0.34775001
-0.047168028 -0.029376339 0.34675002
-0.044134676 -0.029376339 0.34675002
-0.041368019 -0.029566957 0.34900001
-0.038287543 -0.029545778 0.34875003
-0.035186172 -0.029503416 0.34825
-0.03204741 -0.029418698 0.34725001
-0.029009689 -0.029418698 0.34725001
-0.025971962 -0.029418698 0.34725001
-0.022901215 -0.029376339 0.34675002
-0.019867862 -0.029376339 0.34675002
-0.016773824 -0.02927044 0.34550002
-0.013741456 -0.02924926 0.34525001
-0.010690173 -0.029164542 0.34425002
-0.0077065728 -0.02927044 0.34550002
-0.004721439 -0.029503416 0.34825
-0.0016845848 -0.029672854 0.35025001
0.0013793848 -0.029672854 0.35025001
0.004443354 -0.029672854 0.35025001
0.0074912487 -0.029609317 0.34950003
0.010510928 -0.029503416 0.34825
0.013606066 -0.029609317 0.34950003
0.01674691 -0.029757574 0.35125002
0.019861948 -0.029821115 0.35200003
0.023038985 -0.029948192 0.35350001
0.02626075 -0.030096453 0.35525003
0.029533798 -0.030265888 0.35725001
0.032933258 -0.030520046 0.36025003
0.036685701 -0.03102836 0.36625001
0.040025778 -0.031134259 0.36750001
0.043534804 -0.031346057 0.37
0.047213979 -0.031642575 0.37350002
0.05088681 -0.031896729 0.37650001
0.054576155 -0.032129709 0.37925002
0.058618914 -0.032532122 0.384
0.062381636 -0.032743923 0.38650003
0.066485852 -0.033103976 0.39075002
0.070440806 -0.033358134 0.39375001
0.074495159 -0.033633471 0.39700001
0.078900963 -0.034035888 0.40175003
0.08297959 -0.034268863 0.40450001
0.088015355 -0.034861896 0.41150001
0.09723673 -0.037001055 0.43675002
0.10279278 -0.037636448 0.44425002
0.10703926 -0.037763529 0.44575003
0.11156086 -0.037975326 0.44825003
0.11541772 -0.037954144 0.44800001
0.11973636 -0.038081225 0.44950002
0.12359979 -0.038060043 0.44925001
0.12696205 -0.037890606 0.44725001
0 -0 0
0 -0 0
0 -0 0
0 -0 0
0 -0 0
0 -0 0
0.15598898 -0.038293023 0.45200002
0.16003151 -0.038314201 0.45225003
0.16852033 -0.039373189 0.46475002
0.17212173 -0.03926729 0.46350002
0.1764615 -0.039330829 0.46425003
0.18314745 -0.039902683 0.47100002
0.18567735 -0.039563805 0.46700001
0.18996581 -0.039606169 0.46750003
0.19831018 -0.040474538 0.47775003
0 -0 0
0 -0 0
0 -0 0
0 -0 0
0 -0 0
0 -0 0
0 -0 0
0 -0 0
0 -0 0
0 -0 0
0 -0 0
0 -0 0
0 -0 0
0 -0 0
0 -0 0
0 -0 0
0 -0 0
0 -0 0
0 -0 0
0 -0 0
0 -0 0
0 -0 0
0 -0 0
0 -0 0
0 -0 0
0 -0 0
0 -0 0
0 -0 0
0 -0 0
0 -0 0
0 -0 0
-0.24186961 -0.026079394 0.34325001
-0.2388669 -0.026079394 0.34325001
-0.23569238 -0.026060401 0.34300002
-0.23353982 -0.026155373 0.34425002
-0.2310306 -0.026212357 0.34500003
-0.22900391 -0.026326323 0.34650001
-0.22532059 -0.026250346 0.34550002
-0.22342412 -0.026383305 0.34725001
-0.22149706 -0.026516266 0.34900001
-0.21875699 -0.026554257 0.34950003
-0.21523671 -0.026497273 0.34875003
-0.21294637 -0.026592245 0.35000002
-0.21108393 -0.026744202 0.35200003
-0.20844784 -0.026801184 0.35275
-0.20579864 -0.026858168 0.35350001
-0.20256288 -0.026839174 0.35325003
-0.20003735 -0.026915152 0.35425001
-0.19707738 -0.026934147 0.35450003
-0.1946602 -0.027029118 0.35575002
-0.19195196 -0.027086101 0.35650003
-0.19002509 -0.027257051 0.35875002
-0.18701701 -0.027276047 0.35900003
-0.18413259 -0.027314035 0.35950002
-0.18086185 -0.02729504 0.35925001
-0.17821383 -0.027371019 0.36025003
-0.17542684 -0.027428003 0.36100003
-0.17262673 -0.027484983 0.36175001
-0.16969639 -0.027522976 0.36225003
-0.16606773 -0.027446996 0.36125001
-0.16335849 -0.027522976 0.36225003
-0.16074231 -0.027617946 0.36350003
-0.15734568 -0.027579956 0.36300001
-0.15438256 -0.027617946 0.36350003
-0.15141065 -0.027655935 0.36400002
-0.1482264 -0.027655935 0.36400002
-0.14504214 -0.027655935 0.36400002
-0.1422476 -0.027731912 0.36500001
-0.13876887 -0.027674928 0.36425
-0.13521022 -0.027598951 0.36325002
-0.13248686 -0.027693924 0.36450002
-0.13124923 -0.028111801 0.37
-0.12861796 -0.028244764 0.37175003
-0.12637761 -0.028472697 0.37475002
-0.12375627 -0.028624652 0.37675002
-0.12117989 -0.028795602 0.37900001
-0.11840865 -0.028928565 0.38075003
-0.11553123 -0.029042531 0.38225001
-0.11248081 -0.02911851 0.38325003
-0.10955527 -0.029232474 0.38475001
-0.1065345 -0.029327447 0.38600001
-0.10382591 -0.029517392 0.38850001
-0.10055659 -0.029555382 0.38900003
-0.097278506 -0.029593371 0.38950002
-0.09411218 -0.029669346 0.39050001
-0.091102563 -0.029802309 0.39225003
-0.087727048 -0.029821303 0.39250001
-0.084025033 -0.02972633 0.39125001
-0.079778343 -0.029422419 0.38725001
-0.074911214 -0.028852586 0.37975001
-0.070646599 -0.028472697 0.37475002
-0.066514403 -0.028111801 0.37
-0.062251538 -0.027655935 0.36400002
-0.057971939 -0.027143084 0.35725001
-0.053925596 -0.026687218 0.35125002
-0.050708096 -0.026611239 0.35025001
-0.047848172 -0.026725207 0.35175002
-0.044962004 -0.026839174 0.35325003
-0.04181252 -0.026801184 0.35275
-0.038644344 -0.026744202 0.35200003
-0.035514545 -0.026706211 0.3515
-0.032462712 -0.026725207 0.35175002
-0.029343853 -0.026687218 0.35125002
-0.026196342 -0.026611239 0.35025001
-0.023115862 -0.026592245 0.35000002
-0.020025428 -0.026554257 0.34950003
-0.016943745 -0.026516266 0.34900001
-0.013910613 -0.026554257 0.34950003
-0.01084544 -0.026535261 0.34925002
-0.0078069475 -0.026592245 0.35000002
-0.0047824485 -0.026801184 0.35275
-0.0017038235 -0.026915152 0.35425001
0.0014000607 -0.027010122 0.35550001
0.0044718985 -0.02678219 0.35250002
0.0075341165 -0.026706211 0.3515
0.010586385 -0.026649229 0.35075003
0.013674193 -0.026687218 0.35125002
0.016818427 -0.026801184 0.35275
0.019988906 -0.026915152 0.35425001
0.023136746 -0.026972134 0.35500002
0.026334671 -0.027067106 0.35625002
0.029678471 -0.027276047 0.35900003
0.033001821 -0.027428003 0.36100003
0.036385205 -0.027598951 0.36325002
0.039807953 -0.027769901 0.3655
0.043328896 -0.027978841 0.36825001
0.046739943 -0.028092807 0.36975002
0.0502786 -0.028263757 0.37200001
0.053892601 -0.028453702 0.37450001
0.057931978 -0.028833592 0.37950003
0.061857082 -0.02911851 0.38325003
0.065805256 -0.02938443 0.38675001
0.069904111 -0.029688342 0.39075002
0.074072957 -0.029992254 0.39475003
0.078311779 -0.030296164 0.39875001
0.0822616 -0.030467115 0.40100002
0.086892441 -0.030865999 0.40625003
0.095511287 -0.032594495 0.42900002
0.10371833 -0.03405707 0.44825003
0.10848005 -0.034322988 0.45175001
0.11286749 -0.034455951 0.45350003
0.11702789 -0.034512933 0.45425001
0.12126803 -0.034588914 0.45525002
0.125732 -0.034721874 0.45700002
0.1290911 -0.034550924 0.45475003
0 -0 0
0 -0 0
0 -0 0
0 -0 0
0 -0 0
0 -0 0
0 -0 0
0 -0 0
0.1706053 -0.035747577 0.47050002
0.17620662 -0.036051486 0.47450003
0.17988239 -0.035956513 0.47325003
0.1860638 -0.036355399 0.47850001
0.18995152 -0.036298417 0.47775003
0.19362292 -0.036203444 0.47650003
0.19914037 -0.036450371 0.47975004
0.20598619 -0.036925234 0.48600003
0 -0 0
0 -0 0
0 -0 0
0 -0 0
0 -0 0
0 -0 0
0 -0 0
0 -0 0
0 -0 0
0 -0 0
0 -0 0
0 -0 0
0 -0 0
0 -0 0
0 -0 0
0 -0 0
0 -0 0
0 -0 0
0 -0 0
0 -0 0
0 -0 0
0 -0 0
0 -0 0
0 -0 0
0 -0 0
0 -0 0
0 -0 0
0 -0 0
0 -0 0
0 -0 0
-0.24345508 -0.023230251 0.34550002
-0.24060664 -0.023247058 0.34575
-0.23826919 -0.023314295 0.34675002
-0.23574463 -0.023364723 0.34750003
-0.23270473 -0.023364723 0.34750003
-0.23131707 -0.023532815 0.35000002
-0.22841834 -0.023549624 0.35025001
-0.22535434 -0.023549624 0.35025001
-0.22276638 -0.023600051 0.35100001
-0.22032177 -0.023667289 0.35200003
-0.21785967 -0.023734525 0.35300002
-0.21629266 -0.023902616 0.35550001
-0.2134826 -0.023936234 0.35600001
-0.21051608 -0.023953043 0.35625002
-0.20769072 -0.023986662 0.35675001
-0.20456986 -0.023986662 0.35675001
-0.20187254 -0.024037089 0.35750002
-0.19930108 -0.024104325 0.3585
-0.19698574 -0.02420518 0.36000001
-0.19437492 -0.024272418 0.36100003
-0.19121689 -0.024272418 0.36100003
-0.18779841 -0.024238799 0.36050001
-0.18566915 -0.024373272 0.36250001
-0.18287562 -0.0244237 0.36325002
-0.17957424 -0.024406889 0.36300001
-0.17700616 -0.024490936 0.36425
-0.17429693 -0.024558173 0.36525002
-0.17133595 -0.024591791 0.36575001
-0.1685961 -0.024659028 0.36675003
-0.16538779 -0.024659028 0.36675003
-0.16217948 -0.024659028 0.36675003
-0.15875444 -0.024625409 0.36625001
-0.15586904 -0.024675837 0.36700001
-0.15255456 -0.024659028 0.36675003
-0.14924444 -0.024642218 0.36650002
-0.14603831 -0.024642218 0.36650002
-0.14302705 -0.024675837 0.36700001
-0.14019752 -0.024743075 0.36800003
-0.13753662 -0.024843927 0.36950001
-0.13512206 -0.024995212 0.37175003
-0.13364366 -0.025331395 0.37675002
-0.1311263 -0.025482675 0.37900001
-0.12814808 -0.025549913 0.38000003
-0.12572718 -0.025734812 0.38275
-0.12293845 -0.025852479 0.38450003
-0.12011908 -0.025970142 0.38625002
-0.11674019 -0.025970142 0.38625002
-0.11380152 -0.026070997 0.38775003
-0.11062307 -0.026121423 0.38850001
-0.10784549 -0.026272707 0.39075002
-0.10502852 -0.026423989 0.39300001
-0.10184909 -0.026491227 0.39400002
-0.098652139 -0.026558461 0.39500001
-0.095437713 -0.026625698 0.39600003
-0.09226384 -0.026709745 0.39725003
-0.088788718 -0.026709745 0.39725003
-0.084293477 -0.02639037 0.39250001
-0.079932854 -0.026087806 0.38800001
-0.074960537 -0.025549913 0.38000003
-0.070458084 -0.025129685 0.37375003
-0.066469461 -0.024860738 0.36975002
-0.062508069 -0.024574982 0.3655
-0.057728536 -0.023919426 0.35575002
-0.054040741 -0.023667289 0.35200003
-0.050925266 -0.023650479 0.35175002
-0.048052218 -0.023751333 0.35325003
-0.045121107 -0.02383538 0.35450003
-0.042079221 -0.023868999 0.35500002
-0.039001144 -0.023885807 0.35525003
-0.035842914 -0.023852188 0.35475001
-0.03273958 -0.023852188 0.35475001
-0.029636247 -0.023852188 0.35475001
-0.026420722 -0.023751333 0.35325003
-0.023247952 -0.023667289 0.35200003
-0.020182995 -0.023684096 0.35225001
-0.017150082 -0.023751333 0.35325003
-0.014059868 -0.023751333 0.35325003
-0.010985181 -0.023784952 0.35375002
-0.0079184752 -0.023868999 0.35500002
-0.0048265108 -0.023936234 0.35600001
-0.0017146452 -0.023969853 0.35650003
0.0014049836 -0.023986662 0.35675001
0.004497271 -0.02383538 0.35450003
0.0075823436 -0.023784952 0.35375002
0.010676931 -0.023784952 0.35375002
0.013790983 -0.023818569 0.35425001
0.01697338 -0.023936234 0.35600001
0.020144077 -0.02400347 0.35700002
0.023332268 -0.024070706 0.35800001
0.026611878 -0.02420518 0.36000001
0.029823143 -0.024255609 0.36075002
0.033253219 -0.024457317 0.36375001
0.036610577 -0.024574982 0.3655
0.04005301 -0.024726264 0.36775002
0.043387726 -0.0247935 0.36875001
0.046739943 -0.024860738 0.36975002
0.050177231 -0.024961591 0.37125
0.053712718 -0.025096064 0.37325001
0.057512183 -0.025331395 0.37675002
0.061493926 -0.025617149 0.38100001
0.065209731 -0.025768433 0.38325003
0.068607107 -0.025785241 0.38350001
0.07355693 -0.026356753 0.39200002
0.077771701 -0.026625698 0.39600003
0.08149232 -0.026709745 0.39725003
0.085662581 -0.026928265 0.40050003
0.091336839 -0.027583819 0.41025001
0.10516448 -0.030559041 0.45450002
0.10998089 -0.030794369 0.45800003
0.11423633 -0.030861605 0.45900002
0.11831605 -0.030878415 0.45925003
0.12246672 -0.030912032 0.45975003
0.12669495 -0.030962462 0.46050003
0.13079433 -0.030979268 0.46075001
0.13431287 -0.030861605 0.45900002
0 -0 0
0 -0 0
0 -0 0
0 -0 0
0 -0 0
0 -0 0
0 -0 0
0 -0 0
0.17759918 -0.032155909 0.47825003
0.18235305 -0.032256767 0.47975004
0.18771641 -0.032458477 0.48275003
0.19223769 -0.032508902 0.48350003
0.19616257 -0.032458477 0.48275003
0 -0 0
0.20630407 -0.032727424 0.48675004
0 -0 0
0 -0 0
0 -0 0
0 -0 0
0 -0 0
0 -0 0
0 -0 0
0 -0 0
0 -0 0
0 -0 0
0 -0 0
0 -0 0
0 -0 0
0 -0 0
0 -0 0
0 -0 0
0 -0 0
0 -0 0
0 -0 0
0 -0 0
0 -0 0
0 -0 0
0 -0 0
0 -0 0
0 -0 0
0 -0 0
0 -0 0
0 -0 0
0 -0 0
0 -0 0
-0.24627367 -0.020444138 0.34950003
-0.24304229 -0.020429512 0.34925002
-0.23998706 -0.020429512 0.34925002
-0.23744063 -0.020473385 0.35000002
-0.23538333 -0.020561127 0.3515
-0.23329979 -0.020648871 0.35300002
-0.23102696 -0.020721989 0.35425001
-0.22808886 -0.020736614 0.35450003
-0.22562236 -0.020795109 0.35550001
-0.22219951 -0.020765861 0.35500002
-0.21971115 -0.020824356 0.35600001
-0.21796583 -0.020955971 0.35825002
-0.2151317 -0.020985218 0.35875002
-0.21287978 -0.021072961 0.36025003
-0.20972833 -0.021072961 0.36025003
-0.20729364 -0.021146081 0.36150002
-0.20370775 -0.021102209 0.36075002
-0.20096889 -0.021146081 0.36150002
-0.19917446 -0.02129232 0.36400002
-0.19652864 -0.021350814 0.36500001
-0.19360046 -0.021380061 0.3655
-0.19066358 -0.02140931 0.36600003
-0.18810207 -0.02148243 0.36725003
-0.18539283 -0.021540925 0.36825001
-0.18217139 -0.021540925 0.36825001
-0.17931442 -0.021584796 0.36900002
-0.17608643 -0.021584796 0.36900002
-0.17274131 -0.021570172 0.36875001
-0.17009014 -0.02164329 0.37
-0.16752982 -0.021731034 0.37150002
-0.16372721 -0.021657916 0.37025002
-0.1603799 -0.02164329 0.37
-0.15671846 -0.021584796 0.36900002
-0.15338647 -0.021570172 0.36875001
-0.15005887 -0.021555549 0.36850002
-0.14693485 -0.021570172 0.36875001
-0.14517051 -0.02178953 0.37250003
-0.14286432 -0.021935768 0.37500003
-0.139863 -0.021979639 0.37575001
-0.13757552 -0.022140503 0.37850001
-0.13532861 -0.022315988 0.38150001
-0.13276972 -0.022447603 0.38375002
-0.13034008 -0.022608466 0.38650003
-0.12720536 -0.022652335 0.38725001
-0.12453713 -0.022783952 0.38950002
-0.12167402 -0.022886319 0.39125001
-0.11885587 -0.02300331 0.39325002
-0.11600272 -0.023120301 0.39525002
-0.11268746 -0.023149548 0.39575002
-0.10963947 -0.023237292 0.39725003
-0.10616434 -0.023237292 0.39725003
-0.10262459 -0.023222666 0.39700001
-0.099214092 -0.023237292 0.39725003
-0.096341476 -0.02338353 0.39975002
-0.092902541 -0.023398152 0.40000001
-0.089068107 -0.02331041 0.39850003
-0.084025033 -0.022886319 0.39125001
-0.079881355 -0.022681585 0.38775003
-0.075207114 -0.022301365 0.38125002
-0.070552342 -0.021891898 0.37425002
-0.066559345 -0.021657916 0.37025002
-0.061995007 -0.021204576 0.36250001
-0.057403989 -0.020692741 0.35375002
-0.053963974 -0.020561127 0.3515
-0.050997652 -0.020604998 0.35225001
-0.048052218 -0.020663494 0.35325003
-0.045152925 -0.020751236 0.35475001
-0.042257022 -0.020853605 0.35650003
-0.039248161 -0.0209121 0.35750002
-0.036171287 -0.020941347 0.35800001
-0.033016447 -0.020926723 0.35775003
-0.0298451 -0.020897474 0.35725001
-0.026626403 -0.020824356 0.35600001
-0.023413066 -0.020736614 0.35450003
-0.020354889 -0.020780485 0.35525003
-0.017368553 -0.020926723 0.35775003
-0.014238975 -0.020926723 0.35775003
-0.011148212 -0.020999843 0.35900003
-0.0080467323 -0.021102209 0.36075002
-0.0048909094 -0.021102209 0.36075002
-0.0017278717 -0.021014465 0.35925001
0.001408922 -0.020926723 0.35775003
0.0045194719 -0.02083898 0.35625002
0.0076198536 -0.020795109 0.35550001
0.010759932 -0.020853605 0.35650003
0.013907772 -0.020897474 0.35725001
0.017080657 -0.020955971 0.35825002
0.020271035 -0.021014465 0.35925001
0.023560379 -0.021146081 0.36150002
0.026778204 -0.021189952 0.36225003
0.030050486 -0.021263072 0.36350003
0.03350462 -0.021438558 0.36650002
0.03683595 -0.021511678 0.36775002
0.040216379 -0.021599421 0.36925003
0.043534804 -0.02164329 0.37
0.046992764 -0.021745659 0.37175003
0.050582707 -0.021891898 0.37425002
0.054072484 -0.021979639 0.37575001
0.057664834 -0.02209663 0.37775001
0.061453577 -0.022272117 0.38075003
0.065039583 -0.022359859 0.38225001
0.068696558 -0.022462226 0.384
0.072759442 -0.022681585 0.38775003
0.076789737 -0.022871695 0.39100003
0.081133313 -0.023134923 0.3955
0.085288271 -0.023325033 0.39875001
0.08899916 -0.02338353 0.39975002
0.1048174 -0.026498407 0.45300001
0.11088139 -0.027010243 0.46175003
0.11523186 -0.027083363 0.46300003
0.11921775 -0.027068738 0.46275002
0.12346563 -0.027112611 0.46350002
0.12752032 -0.027112611 0.46350002
0.13143305 -0.027083363 0.46300003
0.1354102 -0.027068738 0.46275002
0 -0 0
0 -0 0
0 -0 0
0 -0 0
0 -0 0
0 -0 0
0 -0 0
0 -0 0
0 -0 0
0.18491872 -0.028458003 0.48650002
0.18927181 -0.028472628 0.48675004
0.19412626 -0.02856037 0.48825002
0.1988038 -0.028618867 0.48925003
0.2051592 -0.028911343 0.49425003
0 -0 0
0 -0 0
0 -0 0
0 -0 0
0 -0 0
0 -0 0
0 -0 0
0 -0 0
0 -0 0
0 -0 0
0 -0 0
0 -0 0
0 -0 0
0 -0 0
0 -0 0
0 -0 0
0 -0 0
0 -0 0
0 -0 0
0 -0 0
0 -0 0
0 -0 0
0 -0 0
0 -0 0
0 -0 0
0 -0 0
0 -0 0
0 -0 0
0 -0 0
0 -0 0
0 -0 0
-0.2483876 -0.017538341 0.35250002
-0.24617383 -0.017600533 0.35375002
-0.24342281 -0.01762541 0.35425001
-0.24134144 -0.017700041 0.35575002
-0.23940125 -0.01778711 0.35750002
-0.23610863 -0.017774671 0.35725001
-0.23314649 -0.01778711 0.35750002
-0.23114504 -0.017874179 0.35925001
-0.22863701 -0.017923934 0.36025003
-0.22658092 -0.018011004 0.36200002
-0.22372274 -0.018035881 0.36250001
-0.22131212 -0.018098075 0.36375001
-0.21798015 -0.018085636 0.36350003
-0.214948 -0.018098075 0.36375001
-0.21191148 -0.018110514 0.36400002
-0.20930062 -0.018160267 0.36500001
-0.20596647 -0.01814783 0.36475003
-0.20333159 -0.018197583 0.36575001
-0.20095281 -0.018272214 0.36725003
-0.19841318 -0.018334407 0.36850002
-0.19532195 -0.018346844 0.36875001
-0.19261709 -0.018396599 0.36975002
-0.18976669 -0.018433915 0.37050003
-0.18665144 -0.018446352 0.37075001
-0.18353181 -0.018458793 0.37100002
-0.18052928 -0.018483669 0.37150002
-0.17739873 -0.018496107 0.37175003
-0.1743809 -0.018520985 0.37225002
-0.17112447 -0.018520985 0.37225002
-0.16809352 -0.018545862 0.37275001
-0.16494328 -0.018558301 0.37300003
-0.1616803 -0.018558301 0.37300003
-0.15788642 -0.018496107 0.37175003
-0.15442638 -0.01847123 0.37125
-0.15219675 -0.018595617 0.37375003
-0.15002298 -0.01873244 0.37650001
-0.14682682 -0.018744878 0.37675002
-0.14448345 -0.018869264 0.37925002
-0.14191024 -0.018968772 0.38125002
-0.13993812 -0.01915535 0.38500002
-0.13719092 -0.019242419 0.38675001
-0.1347591 -0.019379243 0.38950002
-0.13202624 -0.019478753 0.39150003
-0.12909414 -0.019553382 0.39300001
-0.12573613 -0.019565823 0.39325002
-0.12315121 -0.019702647 0.39600003
-0.12044263 -0.019827032 0.39850003
-0.11717669 -0.019864347 0.39925003
-0.11425355 -0.019963855 0.40125
-0.11081245 -0.019976294 0.40150002
-0.10790145 -0.020088241 0.40375003
-0.10475722 -0.020162871 0.40525001
-0.10133698 -0.020187749 0.40575001
-0.097606748 -0.020150434 0.40500003
-0.093715444 -0.020075802 0.40350002
-0.088732839 -0.0197524 0.39700001
-0.084078722 -0.019478753 0.39150003
-0.079881355 -0.019292174 0.38775003
-0.07525643 -0.018981211 0.38150001
-0.070693731 -0.018657809 0.37500003
-0.066379577 -0.018371724 0.36925003
-0.061823986 -0.017986128 0.36150002
-0.057079442 -0.017501025 0.35175002
-0.053848833 -0.017451271 0.35075003
-0.050925266 -0.017501025 0.35175002
-0.04801821 -0.017563216 0.35300002
-0.045121107 -0.017637849 0.35450003
-0.042286653 -0.017749796 0.35675001
-0.039357945 -0.017836865 0.3585
-0.036297582 -0.017874179 0.35925001
-0.033224098 -0.017911496 0.36000001
-0.030158382 -0.017961251 0.36100003
-0.026925577 -0.017911496 0.36000001
-0.023776313 -0.017911496 0.36000001
-0.020655699 -0.017936373 0.36050001
-0.017562751 -0.017998565 0.36175001
-0.014447931 -0.018060759 0.36300001
-0.01130348 -0.018110514 0.36400002
-0.0081415307 -0.018160267 0.36500001
-0.0049281931 -0.018085636 0.36350003
-0.0017350862 -0.017948812 0.36075002
0.0014108911 -0.017824426 0.35825002
0.0045289863 -0.017762234 0.35700002
0.0076787975 -0.017824426 0.35825002
0.010827841 -0.017849304 0.35875002
0.014014831 -0.017911496 0.36000001
0.017223692 -0.017973689 0.36125001
0.020426208 -0.018011004 0.36200002
0.023739604 -0.018122951 0.36425
0.027018448 -0.018185144 0.3655
0.03033983 -0.018259775 0.36700001
0.033824578 -0.018409038 0.37
0.037136447 -0.018446352 0.37075001
0.040488664 -0.018496107 0.37175003
0.043946624 -0.018583177 0.37350002
0.0474668 -0.018682687 0.37550002
0.050920602 -0.018744878 0.37675002
0.054396272 -0.01880707 0.37800002
0.05797014 -0.018894142 0.37975001
0.06181673 -0.019055841 0.38300002
0.065507494 -0.01915535 0.38500002
0.06918852 -0.019242419 0.38675001
0.073322378 -0.019441437 0.39075002
0.077084325 -0.019528506 0.39250001
0.080774322 -0.019590698 0.39375001
0.084753551 -0.019715084 0.39625001
0.089444429 -0.019988732 0.40175003
0.10366047 -0.022289861 0.44800001
0.11190195 -0.023185438 0.46600002
0.11622737 -0.023235191 0.46700001
0.12018386 -0.023210313 0.46650001
0.12406498 -0.023172997 0.46575001
0.12834568 -0.023210313 0.46650001
0.13271049 -0.023260068 0.46750003
0.14148208 -0.024056135 0.48350003
0.14473227 -0.023894435 0.48025003
0 -0 0
0 -0 0
0 -0 0
0 -0 0
0 -0 0
0 -0 0
0 -0 0
0 -0 0
0 -0 0
0.19189653 -0.024553677 0.49350002
0 -0 0
0 -0 0
0 -0 0
0 -0 0
0 -0 0
0 -0 0
0 -0 0
0 -0 0
0 -0 0
0 -0 0
0 -0 0
0 -0 0
0 -0 0
0 -0 0
0 -0 0
0 -0 0
0 -0 0
0 -0 0
0 -0 0
0 -0 0
0 -0 0
0 -0 0
0 -0 0
0 -0 0
0 -0 0
0 -0 0
0 -0 0
0 -0 0
0 -0 0
0 -0 0
0 -0 0
0 -0 0
0 -0 0
0 -0 0
-0.25050154 -0.014580095 0.35550001
-0.24826151 -0.014631361 0.35675001
-0.24617141 -0.014692881 0.35825002
-0.24405503 -0.0147544 0.35975
-0.2410754 -0.014764654 0.36000001
-0.23809136 -0.014774907 0.36025003
-0.23542905 -0.014805667 0.36100003
-0.23339698 -0.014877439 0.36275002
-0.23133431 -0.014949212 0.36450002
-0.22798921 -0.014938958 0.36425
-0.22588283 -0.015010731 0.36600003
-0.22268106 -0.015010731 0.36600003
-0.21962923 -0.015020984 0.36625001
-0.21672077 -0.015041491 0.36675003
-0.21496791 -0.015144023 0.36925003
-0.21245448 -0.01519529 0.37050003
-0.20893103 -0.015174782 0.37
-0.20625022 -0.015215795 0.37100002
-0.20314153 -0.015226048 0.37125
-0.2004323 -0.015267062 0.37225002
-0.19757313 -0.015297822 0.37300003
-0.19444036 -0.015308075 0.37325001
-0.19168741 -0.015349088 0.37425002
-0.18879108 -0.015379848 0.37500003
-0.18526323 -0.01535934 0.37450001
-0.18186563 -0.015349088 0.37425002
-0.17906891 -0.0153901 0.37525001
-0.17590337 -0.015400354 0.37550002
-0.17227373 -0.015369594 0.37475002
-0.16876996 -0.015349088 0.37425002
-0.16549604 -0.015349088 0.37425002
-0.16222212 -0.015349088 0.37425002
-0.15916055 -0.015369594 0.37475002
-0.15713014 -0.015492632 0.37775001
-0.15514906 -0.015625924 0.38100001
-0.1525134 -0.015697697 0.38275
-0.14945741 -0.015728457 0.38350001
-0.14676929 -0.01580023 0.38525003
-0.1443297 -0.015902763 0.38775003
-0.14166461 -0.015984787 0.38975
-0.13887589 -0.01605656 0.39150003
-0.13605651 -0.016128333 0.39325002
-0.13337517 -0.016220612 0.3955
-0.13065444 -0.016312892 0.39775002
-0.12765455 -0.016374411 0.39925003
-0.1246284 -0.016435931 0.40075001
-0.12150046 -0.016487196 0.40200001
-0.11879089 -0.016599981 0.40475002
-0.11560609 -0.016651249 0.40600002
-0.11198543 -0.016640995 0.40575001
-0.10943813 -0.016794793 0.40950003
-0.10585584 -0.016794793 0.40950003
-0.10233599 -0.016805047 0.40975001
-0.098269507 -0.01672302 0.40775001
-0.094238013 -0.016640995 0.40575001
-0.088621087 -0.016261626 0.39650002
-0.084186099 -0.016077068 0.39200002
-0.079932854 -0.015913015 0.38800001
-0.074960537 -0.015584912 0.38000003
-0.070222437 -0.015277316 0.37250003
-0.0659751 -0.015051744 0.36700001
-0.061139904 -0.014662121 0.35750002
-0.057282284 -0.014477563 0.35300002
-0.054386169 -0.014528829 0.35425001
-0.051431987 -0.014569842 0.35525003
-0.048256259 -0.014549335 0.35475001
-0.045280207 -0.014590349 0.35575002
-0.042405188 -0.014672374 0.35775003
-0.03938539 -0.014713387 0.35875002
-0.036348101 -0.0147544 0.35975
-0.033316389 -0.014805667 0.36100003
-0.030283691 -0.014867186 0.36250001
-0.027168654 -0.014897945 0.36325002
-0.024023984 -0.014918451 0.36375001
-0.020956511 -0.015000477 0.36575001
-0.017805498 -0.015041491 0.36675003
-0.01464694 -0.015092758 0.36800003
-0.011466511 -0.015144023 0.36925003
-0.0081805661 -0.015041491 0.36675003
-0.004921414 -0.014887691 0.36300001
-0.0017350862 -0.014795413 0.36075002
0.0014108911 -0.014692881 0.35825002
0.0045511872 -0.014713387 0.35875002
0.0077270241 -0.014785159 0.36050001
0.010903296 -0.014815919 0.36125001
0.014141354 -0.014897945 0.36325002
0.017378645 -0.014949212 0.36450002
0.020623697 -0.014990224 0.3655
0.023935128 -0.015061998 0.36725003
0.027277175 -0.01513377 0.36900002
0.030753179 -0.015256808 0.37200001
0.034098834 -0.015297822 0.37300003
0.037512068 -0.01535934 0.37450001
0.041087687 -0.015472126 0.37725002
0.044505518 -0.01551314 0.37825003
0.047846027 -0.015523393 0.37850001
0.051461231 -0.015615672 0.38075003
0.055079821 -0.015697697 0.38275
0.05865708 -0.015759217 0.38425002
0.062179886 -0.01580023 0.38525003
0.065890327 -0.015882256 0.38725001
0.070217185 -0.016097574 0.39250001
0.07444825 -0.01627188 0.39675003
0.078360878 -0.016364157 0.39900002
0.081953883 -0.016384663 0.39950001
0.087534107 -0.016784539 0.40925002
0.098516889 -0.018148219 0.44250003
0.10840387 -0.019214556 0.46850002
0.11274242 -0.019255569 0.46950004
0.11672513 -0.019235061 0.46900001
0.12102114 -0.019265821 0.46975002
0.1273281 -0.019604178 0.47800002
0.13377941 -0.019942535 0.48625001
0.13888471 -0.020065574 0.48925003
0.14338411 -0.020096334 0.49000001
0.14789663 -0.020127093 0.49075001
0.15350769 -0.0203014 0.49500003
0 -0 0
0 -0 0
0 -0 0
0 -0 0
0 -0 0
0 -0 0
0 -0 0
0 -0 0
0 -0 0
0 -0 0
0 -0 0
0 -0 0
0 -0 0
0 -0 0
0 -0 0
0 -0 0
0 -0 0
0 -0 0
0 -0 0
0 -0 0
0 -0 0
0 -0 0
0 -0 0
0 -0 0
0 -0 0
0 -0 0
0 -0 0
0 -0 0
0 -0 0
0 -0 0
0 -0 0
0 -0 0
0 -0 0
0 -0 0
0 -0 0
0 -0 0
0 -0 0
0 -0 0
0 -0 0
0 -0 0
0 -0 0
0 -0 0
0 -0 0
-0.25367245 -0.01161781 0.36000001
-0.25139305 -0.01165815 0.36125001
-0.24823286 -0.01165815 0.36125001
-0.24575107 -0.011690422 0.36225003
-0.24408883 -0.011763033 0.36450002
-0.24056976 -0.011746897 0.36400002
-0.23917896 -0.011835645 0.36675003
-0.2356489 -0.011819508 0.36625001
-0.2337143 -0.011884052 0.36825001
-0.23096231 -0.011908256 0.36900002
-0.22835149 -0.011940527 0.37
-0.22511472 -0.011940527 0.37
-0.22202791 -0.011948596 0.37025002
-0.21952765 -0.011988935 0.37150002
-0.2180243 -0.01208575 0.37450001
-0.21532162 -0.012118022 0.37550002
-0.21217792 -0.012126089 0.37575001
-0.20889089 -0.012126089 0.37575001
-0.20601425 -0.012150293 0.37650001
-0.20298986 -0.012166429 0.377
-0.19955945 -0.012158361 0.37675002
-0.1960032 -0.012142226 0.37625003
-0.19309592 -0.012166429 0.377
-0.19055311 -0.012214837 0.37850001
-0.18724202 -0.012214837 0.37850001
-0.18405239 -0.012222905 0.37875003
-0.18061981 -0.012214837 0.37850001
-0.1771916 -0.01220677 0.37825003
-0.17319314 -0.012158361 0.37675002
-0.16955912 -0.012134158 0.37600002
-0.166491 -0.012150293 0.37650001
-0.16384758 -0.012198702 0.37800002
-0.16181499 -0.012295516 0.38100001
-0.15910597 -0.012343924 0.38250002
-0.15626889 -0.012384264 0.38375002
-0.15400766 -0.01247301 0.38650003
-0.15160088 -0.01255369 0.38900003
-0.14915034 -0.01263437 0.39150003
-0.14656302 -0.01270698 0.39375001
-0.14393635 -0.012779592 0.39600003
-0.14091557 -0.012819932 0.39725003
-0.1383054 -0.01290061 0.39975002
-0.13539855 -0.012957086 0.40150002
-0.13221474 -0.012989358 0.40250003
-0.12909336 -0.013029697 0.40375003
-0.12610559 -0.013086173 0.40550002
-0.12338948 -0.01317492 0.40825003
-0.12018498 -0.01321526 0.40950003
-0.11688744 -0.013247531 0.41050002
-0.11371041 -0.013295939 0.41200003
-0.11044031 -0.013336278 0.41325003
-0.10695447 -0.013352415 0.41375002
-0.10327256 -0.013344346 0.41350001
-0.098570764 -0.013199124 0.40900001
-0.093947694 -0.013053901 0.40450001
-0.089123979 -0.012868338 0.39875001
-0.084186099 -0.012650505 0.39200002
-0.07916031 -0.012400399 0.38425002
-0.074763268 -0.012230973 0.37900001
-0.06998679 -0.011980867 0.37125
-0.065256022 -0.011714625 0.36300001
-0.061225414 -0.011553267 0.35800001
-0.057971939 -0.011529063 0.35725001
-0.054923508 -0.0115452 0.35775003
-0.05183012 -0.011553267 0.35800001
-0.048834383 -0.011585539 0.35900003
-0.045980249 -0.01165815 0.36125001
-0.042997852 -0.011706558 0.36275002
-0.039906871 -0.011730762 0.36350003
-0.036828026 -0.011763033 0.36450002
-0.033685543 -0.011779169 0.36500001
-0.030764053 -0.011884052 0.36825001
-0.027617415 -0.011916324 0.36925003
-0.0243377 -0.01189212 0.36850002
-0.021171376 -0.011924392 0.36950001
-0.01802397 -0.011980867 0.37125
-0.014826046 -0.012021207 0.37250003
-0.011559671 -0.012013139 0.37225002
-0.0082084481 -0.011875984 0.36800003
-0.0049383608 -0.011754964 0.36425
-0.0017435031 -0.01169849 0.36250001
0.0014187676 -0.011625879 0.36025003
0.0045797317 -0.011650083 0.36100003
0.0077591757 -0.011682354 0.36200002
0.010963661 -0.011722693 0.36325002
0.014219214 -0.011787237 0.36525002
0.01746208 -0.011819508 0.36625001
0.020835297 -0.011916324 0.36925003
0.024195822 -0.011980867 0.37125
0.027517421 -0.012013139 0.37225002
0.030897852 -0.012061547 0.37375003
0.034395944 -0.012142226 0.37625003
0.037812568 -0.012182565 0.37750003
0.041196603 -0.01220677 0.37825003
0.044770252 -0.01227938 0.38050002
0.048351664 -0.012343924 0.38250002
0.05193428 -0.012400399 0.38425002
0.055439588 -0.012432671 0.38525003
0.05896239 -0.012464942 0.38625002
0.062744789 -0.012545622 0.38875002
0.06682615 -0.012674709 0.39275002
0.071782529 -0.012949018 0.40125
0.07585559 -0.013045833 0.40425003
0.079735637 -0.013102309 0.40600002
0.085851565 -0.013505705 0.41850001
0.097854257 -0.014764301 0.45750001
0.10530732 -0.015264512 0.47300002
0.10967649 -0.015296784 0.47400004
0.11388305 -0.015304851 0.47425002
0.11989836 -0.015546889 0.48175001
0.12572287 -0.015748588 0.48800004
0.13079099 -0.015845403 0.49100003
0.13570528 -0.015918015 0.49325001
0.14058794 -0.015982557 0.49525002
0.14535931 -0.016030965 0.49675003
0.15045826 -0.016111644 0.49925002
0.15552345 -0.016184255 0.50150001
0.15975112 -0.016168121 0.50100005
0 -0 0
0 -0 0
0 -0 0
0 -0 0
0 -0 0
0 -0 0
0 -0 0
0 -0 0
0 -0 0
0 -0 0
0 -0 0
0 -0 0
0 -0 0
0 -0 0
0 -0 0
0 -0 0
0 -0 0
0 -0 0
0 -0 0
0 -0 0
0 -0 0
0 -0 0
0 -0 0
0 -0 0
0 -0 0
0 -0 0
0 -0 0
0 -0 0
0 -0 0
0 -0 0
0 -0 0
0 -0 0
0 -0 0
0 -0 0
0 -0 0
0 -0 0
0 -0 0
0 -0 0
0 -0 0
0 -0 0
0 -0 0
0 -0 0
-0.25613871 -0.0085533252 0.36350003
-0.25469857 -0.0086121513 0.36600003
-0.25235575 -0.0086415643 0.36725003
-0.24880387 -0.0086297989 0.36675003
-0.24660003 -0.0086650942 0.36825001
-0.24453518 -0.0087062726 0.37
-0.2422767 -0.0087415688 0.37150002
-0.23934852 -0.0087533342 0.37200001
-0.23657028 -0.0087709818 0.37275001
-0.23393542 -0.0087945126 0.37375003
-0.23220879 -0.0088533387 0.37625003
-0.22937365 -0.0088709863 0.377
-0.22517619 -0.008835691 0.37550002
-0.22218679 -0.0088474555 0.37600002
-0.21991637 -0.0088886339 0.37775001
-0.21675518 -0.0088945171 0.37800002
-0.21387197 -0.0089121647 0.37875003
-0.21083665 -0.0089239301 0.37925002
-0.20779258 -0.0089356946 0.37975001
-0.20420134 -0.0089239301 0.37925002
-0.20088367 -0.0089239301 0.37925002
-0.19821718 -0.0089533431 0.38050002
-0.19514468 -0.0089651076 0.38100001
-0.19168587 -0.0089592254 0.38075003
-0.18810773 -0.00894746 0.38025001
-0.1849028 -0.0089533431 0.38050002
-0.18169352 -0.0089592254 0.38075003
-0.17824562 -0.0089533431 0.38050002
-0.17445733 -0.0089298123 0.37950003
-0.17102472 -0.0089239301 0.37925002
-0.16892315 -0.0089886393 0.38200003
-0.16633998 -0.0090298168 0.38375002
-0.16330148 -0.0090474654 0.38450003
-0.16118579 -0.0091180559 0.38750002
-0.15810136 -0.0091357045 0.38825002
-0.15570115 -0.0091945305 0.39075002
-0.15335461 -0.0092592388 0.39350003
-0.1510552 -0.0093298303 0.39650002
-0.14823803 -0.0093710087 0.39825001
-0.14539024 -0.0094121872 0.40000001
-0.14242315 -0.0094474824 0.40150002
-0.13968931 -0.0095004262 0.40375003
-0.1369161 -0.0095533701 0.40600002
-0.13385716 -0.0095886653 0.40750003
-0.13093184 -0.0096357269 0.40950003
-0.12812702 -0.009694553 0.41200003
-0.12452287 -0.009694553 0.41200003
-0.12113882 -0.0097122006 0.41275001
-0.11845353 -0.0097886743 0.41600001
-0.11502139 -0.0098063219 0.41675001
-0.11150929 -0.0098180873 0.41725001
-0.1080531 -0.009835735 0.41800001
-0.10389694 -0.0097886743 0.41600001
-0.098269507 -0.0095945476 0.40775001
-0.093425125 -0.009465131 0.40225002
-0.088788718 -0.0093474789 0.39725003
-0.083702885 -0.0091709998 0.38975
-0.078902788 -0.0090121692 0.38300002
-0.074270107 -0.0088592209 0.37650001
-0.06927985 -0.0086474465 0.36750001
-0.064941429 -0.0085003814 0.36125001
-0.061695721 -0.008488616 0.36075002
-0.058621034 -0.0085003814 0.36125001
-0.055652749 -0.0085297944 0.36250001
-0.052626394 -0.0085533252 0.36350003
-0.049616549 -0.0085827382 0.36475003
-0.046521194 -0.0086003859 0.3655
-0.04344235 -0.0086239167 0.36650002
-0.04048324 -0.0086768596 0.36875001
-0.037358474 -0.0087003903 0.36975002
-0.034146987 -0.0087062726 0.37
-0.031056449 -0.0087474519 0.37175003
-0.027897889 -0.008776865 0.37300003
-0.024700949 -0.0088003948 0.37400001
-0.021472186 -0.0088180425 0.37475002
-0.01825458 -0.0088474555 0.37600002
-0.0149355 -0.0088298079 0.37525001
-0.011544145 -0.0087474519 0.37175003
-0.0082140239 -0.0086650942 0.36825001
-0.0049383608 -0.0085709728 0.36425
-0.0017471104 -0.008547442 0.36325002
0.0014305825 -0.008547442 0.36325002
0.0046177902 -0.0085650906 0.36400002
0.0078181196 -0.0085827382 0.36475003
0.011039116 -0.0086062681 0.36575001
0.014306806 -0.0086474465 0.36750001
0.017676631 -0.0087239211 0.37075001
0.020976361 -0.0087474519 0.37175003
0.024293585 -0.0087709818 0.37275001
0.027609825 -0.0087886294 0.37350002
0.03106319 -0.0088415733 0.37575001
0.034601633 -0.0089062816 0.37850001
0.037937775 -0.0089121647 0.37875003
0.041441657 -0.0089533431 0.38050002
0.045093823 -0.0090180524 0.38325003
0.048699293 -0.009065113 0.38525003
0.052238386 -0.0090945261 0.38650003
0.055655446 -0.0091004083 0.38675001
0.059191372 -0.0091239391 0.38775003
0.063430741 -0.0092474734 0.39300001
0.068527646 -0.0094768954 0.40275002
0.072721742 -0.0095651345 0.40650001
0.076653078 -0.0096121961 0.40850002
0.084694557 -0.010147514 0.43125001
0.096313767 -0.011047555 0.46950004
0.10298759 -0.01132992 0.48150003
0.1064205 -0.011247563 0.47800002
0.11326295 -0.011518164 0.48950002
0.11886581 -0.011647582 0.49500003
0.1230716 -0.011635816 0.49450001
0.12746187 -0.011641699 0.49475002
0.13272223 -0.011724056 0.49825004
0.13804385 -0.011806413 0.50175005
0.1433557 -0.011882885 0.505
0.14791973 -0.011894652 0.50550002
0.15249251 -0.011906417 0.50600004
0.15614368 -0.011847591 0.50350004
0.15967138 -0.011782881 0.50075001
0.16372432 -0.011759351 0.49975002
0 -0 0
0 -0 0
0 -0 0
0 -0 0
0 -0 0
0 -0 0
0 -0 0
0 -0 0
0 -0 0
0 -0 0
0 -0 0
0 -0 0
0 -0 0
0 -0 0
0 -0 0
0 -0 0
0 -0 0
0 -0 0
0 -0 0
0 -0 0
0 -0 0
0 -0 0
0 -0 0
0 -0 0
0 -0 0
0 -0 0
0 -0 0
0 -0 0
0 -0 0
0 -0 0
0 -0 0
0 -0 0
0 -0 0
0 -0 0
0 -0 0
0 -0 0
0 -0 0
0 -0 0
0 -0 0
0 -0 0
0 -0 0
-0.25966194 -0.0054498343 0.36850002
-0.2571342 -0.0054646237 0.36950001
-0.25407365 -0.005468321 0.36975002
-0.25151747 -0.00548311 0.37075001
-0.24911124 -0.0055015967 0.37200001
-0.24651791 -0.0055163861 0.37300003
-0.24390708 -0.0055311751 0.37400001
-0.24111789 -0.0055422671 0.37475002
-0.23879161 -0.0055644512 0.37625003
-0.23612611 -0.0055792402 0.37725002
-0.23344313 -0.0055940296 0.37825003
-0.23119892 -0.0056199105 0.38000003
-0.22907405 -0.0056494894 0.38200003
-0.22499368 -0.0056310026 0.38075003
-0.2226817 -0.0056568836 0.38250002
-0.21904889 -0.0056494894 0.38200003
-0.21542482 -0.0056420942 0.38150001
-0.21208748 -0.0056420942 0.38150001
-0.20943412 -0.0056605809 0.38275
-0.2067589 -0.0056790672 0.384
-0.20300242 -0.0056679756 0.38325003
-0.19951953 -0.0056642783 0.38300002
-0.19655322 -0.0056753703 0.38375002
-0.19281861 -0.0056642783 0.38300002
-0.18934447 -0.0056605809 0.38275
-0.18599617 -0.0056605809 0.38275
-0.18288651 -0.0056679756 0.38325003
-0.17976809 -0.0056753703 0.38375002
-0.17687075 -0.0056901593 0.38475001
-0.17395593 -0.0057049487 0.38575003
-0.17113417 -0.0057234354 0.38700002
-0.16850726 -0.0057493164 0.38875002
-0.16574357 -0.0057715005 0.39025003
-0.16274564 -0.0057862895 0.39125001
-0.16034105 -0.0058232625 0.39375001
-0.15809195 -0.0058676307 0.39675003
-0.15530321 -0.0058935117 0.39850003
-0.1525791 -0.00592309 0.40050003
-0.15037832 -0.005974852 0.40400001
-0.14775284 -0.0060118251 0.40650001
-0.14472888 -0.0060340092 0.40800002
-0.1415057 -0.0060487986 0.40900001
-0.13818072 -0.0060598901 0.40975001
-0.13517109 -0.0060857716 0.41150001
-0.13237065 -0.0061227451 0.41400003
-0.12929322 -0.0061486261 0.41575003
-0.12580739 -0.0061560203 0.41625002
-0.1231199 -0.0062040854 0.41950002
-0.1196637 -0.0062151775 0.42025003
-0.11605637 -0.0062188744 0.42050001
-0.11251148 -0.0062262695 0.42100003
-0.10869934 -0.0062188744 0.42050001
-0.10370963 -0.0061412314 0.41525003
-0.098269507 -0.0060303118 0.40775001
-0.09319286 -0.0059341816 0.40125
-0.08884459 -0.0058787223 0.39750001
-0.083702885 -0.0057641054 0.38975
-0.078593768 -0.0056420942 0.38150001
-0.073776945 -0.0055311751 0.37400001
-0.06927985 -0.0054350449 0.36750001
-0.065615557 -0.0053980718 0.36500001
-0.062593579 -0.0054128612 0.36600003
-0.059513535 -0.0054239533 0.36675003
-0.056420371 -0.0054350449 0.36750001
-0.053386468 -0.0054535316 0.36875001
-0.050364707 -0.0054757153 0.37025002
-0.047253057 -0.0054905047 0.37125
-0.043975748 -0.0054868073 0.37100002
-0.040867489 -0.0055052941 0.37225002
-0.037888918 -0.0055459645 0.37500003
-0.0347238 -0.0055644512 0.37625003
-0.031495038 -0.0055755428 0.377
-0.028384047 -0.0056125163 0.37950003
-0.025031175 -0.0056051211 0.37900001
-0.021715701 -0.0056051211 0.37900001
-0.018436641 -0.0056162132 0.37975001
-0.014985251 -0.0055681481 0.37650001
-0.011551907 -0.0055015967 0.37200001
-0.0081972945 -0.0054350449 0.36750001
-0.0049383608 -0.0053869798 0.36425
-0.0017495152 -0.0053795855 0.36375001
0.0014404282 -0.0054091639 0.36575001
0.0046717064 -0.0054461369 0.36825001
0.0078931395 -0.0054461369 0.36825001
0.011129662 -0.0054535316 0.36875001
0.014433329 -0.00548311 0.37075001
0.017771987 -0.0055126883 0.37275001
0.021103319 -0.0055311751 0.37400001
0.024554281 -0.0055718455 0.37675002
0.027923992 -0.0055866349 0.37775001
0.031331867 -0.0056051211 0.37900001
0.034715906 -0.0056162132 0.37975001
0.038313396 -0.0056568836 0.38250002
0.041822854 -0.0056790672 0.384
0.045446809 -0.0057123434 0.38625002
0.04895211 -0.0057271323 0.38725001
0.052745227 -0.0057715005 0.39025003
0.056518879 -0.0058084736 0.39275002
0.060107287 -0.0058232625 0.39375001
0.06516581 -0.0059711551 0.40375003
0.0701866 -0.006100561 0.41250002
0.073616229 -0.0060857716 0.41150001
0.083642863 -0.006592303 0.44575003
0.09328676 -0.0070248884 0.47500002
0.10082687 -0.0072689108 0.49150002
0.10550079 -0.0072947918 0.49325001
0.11076193 -0.0073576462 0.49750003
0.11615527 -0.0074241976 0.50200003
0.12090694 -0.0074463817 0.50350004
0.12574707 -0.0074722627 0.50525004
0.1304246 -0.0074870521 0.50625002
0.1354526 -0.0075203278 0.50850004
0.14058875 -0.0075573009 0.51100004
0.14449118 -0.007527722 0.509
0.14843182 -0.0075018411 0.50725001
0.15279387 -0.0074981437 0.50700003
0.15467063 -0.0073761325 0.49875003
0.15847564 -0.0073502511 0.49700001
0.16323291 -0.0073687383 0.49825004
0.16918927 -0.007438987 0.50300002
0 -0 0
0 -0 0
0 -0 0
0 -0 0
0 -0 0
0 -0 0
0 -0 0
0 -0 0
0 -0 0
0 -0 0
0 -0 0
0 -0 0
0 -0 0
0 -0 0
0 -0 0
0 -0 0
0 -0 0
0 -0 0
0 -0 0
0 -0 0
0 -0 0
0 -0 0
0 -0 0
0 -0 0
0 -0 0
0 -0 0
0 -0 0
0 -0 0
0 -0 0
0 -0 0
0 -0 0
0 -0 0
0 -0 0
0 -0 0
0 -0 0
0 -0 0
0 -0 0
0 -0 0
0 -0 0
0 -0 0
-0.26212817 -0.002249859 0.37200001
-0.25956985 -0.0022559073 0.37300003
-0.25750938 -0.0022664913 0.37475002
-0.25575748 -0.0022800991 0.377
-0.25413364 -0.0022952193 0.37950003
-0.25048333 -0.0022921951 0.37900001
-0.24716787 -0.0022921951 0.37900001
-0.24465664 -0.0022997551 0.38025001
-0.24148892 -0.0023012673 0.38050002
-0.23878624 -0.0023073151 0.38150001
-0.23483174 -0.0023012673 0.38050002
-0.2339368 -0.0023254594 0.38450003
-0.23057322 -0.0023254594 0.38450003
-0.22720964 -0.0023254594 0.38450003
-0.22442822 -0.0023315074 0.38550001
-0.22162931 -0.0023375554 0.38650003
-0.2188129 -0.0023436034 0.38750002
-0.21528409 -0.0023420912 0.38725001
-0.21189645 -0.0023420912 0.38725001
-0.20837422 -0.0023405794 0.38700002
-0.20512114 -0.0023420912 0.38725001
-0.20160329 -0.0023405794 0.38700002
-0.19834587 -0.0023420912 0.38725001
-0.1944548 -0.0023360434 0.38625002
-0.19082856 -0.0023330194 0.38575003
-0.18708956 -0.0023284834 0.38500002
-0.18384092 -0.0023299954 0.38525003
-0.18164189 -0.0023451154 0.38775003
-0.17870957 -0.0023511634 0.38875002
-0.17564702 -0.0023556994 0.38950002
-0.17290302 -0.0023647714 0.39100003
-0.17013274 -0.0023738435 0.39250001
-0.16733624 -0.0023829155 0.39400002
-0.1644095 -0.0023904755 0.39525002
-0.16217352 -0.0024086195 0.39825001
-0.15938696 -0.0024192033 0.40000001
-0.15676466 -0.0024328115 0.40225002
-0.15429346 -0.0024494436 0.40500003
-0.15168111 -0.0024645636 0.40750003
-0.14884327 -0.0024766596 0.40950003
-0.14605913 -0.0024902676 0.41175002
-0.14288962 -0.0024978276 0.41300002
-0.13995118 -0.0025099237 0.41500002
-0.13681351 -0.0025189957 0.41650003
-0.13356966 -0.0025265557 0.41775003
-0.13045943 -0.0025371397 0.41950002
-0.12754527 -0.0025522597 0.42200002
-0.12414712 -0.0025583075 0.42300001
-0.12108742 -0.0025719157 0.42525002
-0.11778136 -0.0025809878 0.42675003
-0.11378091 -0.0025749397 0.42575002
-0.10908709 -0.0025522597 0.42200002
-0.10370963 -0.0025114357 0.41525003
-0.09869127 -0.0024766596 0.40950003
-0.093425125 -0.0024328115 0.40225002
-0.087894686 -0.0023783795 0.39325002
-0.083273374 -0.0023451154 0.38775003
-0.078490764 -0.0023042914 0.38100001
-0.073628999 -0.0022574191 0.37325001
-0.069704019 -0.0022362513 0.36975002
-0.066469461 -0.0022362513 0.36975002
-0.063534193 -0.0022468353 0.37150002
-0.060608875 -0.0022589313 0.37350002
-0.057188001 -0.0022528833 0.37250003
-0.053784609 -0.0022468353 0.37150002
-0.050942831 -0.0022649791 0.37450001
-0.047889467 -0.0022755633 0.37625003
-0.044627678 -0.0022770753 0.37650001
-0.041471306 -0.0022846351 0.37775001
-0.03844462 -0.0023012673 0.38050002
-0.035116024 -0.0023012673 0.38050002
-0.031996287 -0.0023163874 0.38300002
-0.028795408 -0.0023284834 0.38500002
-0.025460469 -0.0023315074 0.38550001
-0.021987863 -0.0023209234 0.38375002
-0.01848519 -0.0023027794 0.38075003
-0.015035003 -0.0022846351 0.37775001
-0.011544145 -0.0022483473 0.37175003
-0.0082028713 -0.0022241552 0.36775002
-0.004955308 -0.002210547 0.3655
-0.0017675514 -0.002222643 0.36750001
0.0014542122 -0.0022332272 0.36925003
0.0046970788 -0.0022392753 0.37025002
0.0079735173 -0.002249859 0.37200001
0.011220209 -0.0022483473 0.37175003
0.01447226 -0.0022483473 0.37175003
0.017843505 -0.0022634673 0.37425002
0.021230279 -0.0022755633 0.37625003
0.024635747 -0.0022861473 0.37800002
0.028053356 -0.0022952193 0.37950003
0.031600542 -0.0023118514 0.38225001
0.035081577 -0.0023209234 0.38375002
0.038638934 -0.0023330194 0.38575003
0.042122368 -0.0023390674 0.38675001
0.045652714 -0.0023466274 0.38800001
0.049362939 -0.0023617472 0.39050001
0.053184491 -0.0023798915 0.39350003
0.056806691 -0.0023874515 0.39475003
0.061061371 -0.0024192033 0.40000001
0.066981576 -0.0025099237 0.41500002
0.070909731 -0.0025205077 0.41675001
0.088867225 -0.0030043484 0.49675003
0.094104081 -0.0030330762 0.50150001
0.098491177 -0.0030330762 0.50150001
0.10272442 -0.0030285402 0.50075001
0.1078001 -0.0030481962 0.50400001
0.11304396 -0.0030708765 0.50775003
0.11783281 -0.0030799485 0.50925004
0.12294807 -0.0030965805 0.51200002
0.12755147 -0.0030996045 0.51250005
0.13242121 -0.0031086763 0.514
0.13698426 -0.0031101885 0.51425004
0.14093265 -0.0030980923 0.51225001
0.14434926 -0.0030754125 0.50850004
0.14813919 -0.0030618045 0.50625002
0.15196511 -0.0030497084 0.50425005
0.15560098 -0.0030345884 0.50175005
0.1591931 -0.0030194684 0.49925002
0.16560809 -0.0030572682 0.50550002
0.1706188 -0.0030678522 0.50725001
0 -0 0
0 -0 0
0.052940223 -0.00088300928 0.14600001
0 -0 0
0 -0 0
0 -0 0
0 -0 0
0 -0 0
0 -0 0
0 -0 0
0 -0 0
0 -0 0
0 -0 0
0 -0 0
0 -0 0
0 -0 0
0 -0 0
0 -0 0
0 -0 0
0 -0 0
0 -0 0
0 -0 0
0 -0 0
0 -0 0
0 -0 0
0 -0 0
0 -0 0
0 -0 0
0 -0 0
0 -0 0
0 -0 0
0 -0 0
0 -0 0
0 -0 0
0 -0 0
0 -0 0
0 -0 0
0 -0 0
0 -0 0
0 -0 0
-0.26512295 0.0010133242 0.37625003
-0.26252741 0.0010160175 0.37725002
-0.25957084 0.0010173641 0.37775001
-0.2593191 0.0010294836 0.38225001
-0.25564036 0.0010281369 0.38175002
-0.25163993 0.0010254438 0.38075003
-0.24945043 0.0010301569 0.38250002
-0.24706943 0.0010341967 0.384
-0.2438689 0.00103487 0.38425002
-0.24160285 0.0010395831 0.38600001
-0.23961477 0.0010456429 0.38825002
-0.23637046 0.0010463162 0.38850001
-0.23342164 0.0010483362 0.38925001
-0.23001651 0.0010483362 0.38925001
-0.22733909 0.0010517027 0.39050001
-0.223923 0.0010517027 0.39050001
-0.22064811 0.001052376 0.39075002
-0.21709086 0.0010517027 0.39050001
-0.21381159 0.001052376 0.39075002
-0.2098549 0.0010496827 0.38975
-0.20604812 0.0010476628 0.38900003
-0.20303586 0.0010496827 0.38975
-0.19949831 0.0010490095 0.38950002
-0.19596513 0.0010483362 0.38925001
-0.19379671 0.0010550692 0.39175001
-0.19109863 0.001059109 0.39325002
-0.1881357 0.0010618021 0.39425001
-0.1845697 0.0010611289 0.39400002
-0.18215734 0.0010671887 0.39625001
-0.1788037 0.001067862 0.39650002
-0.17599846 0.0010719019 0.39800003
-0.1730586 0.0010752684 0.39925003
-0.16977833 0.0010766149 0.39975002
-0.16711326 0.0010820014 0.40175003
-0.16431141 0.0010867146 0.40350002
-0.16098084 0.0010880611 0.40400001
-0.15793382 0.0010914276 0.40525001
-0.15534113 0.0010981606 0.40775001
-0.15298389 0.0011069137 0.41100001
-0.15038803 0.00111432 0.41375002
-0.14730068 0.0011183599 0.41525003
-0.14418705 0.0011223997 0.41675001
-0.14070995 0.0011237463 0.41725001
-0.13763472 0.0011284595 0.41900003
-0.1350884 0.0011378857 0.42250001
-0.13216986 0.0011446187 0.42500001
-0.12882978 0.0011479852 0.42625001
-0.12561458 0.0011526984 0.42800003
-0.12222639 0.001156065 0.42925003
-0.11854034 0.0011567383 0.42950001
-0.11458265 0.0011547183 0.42875001
-0.1096041 0.0011419256 0.42400002
-0.10389694 0.0011203798 0.41600001
-0.098450258 0.0011001807 0.40850002
-0.093483187 0.0010840213 0.40250003
-0.087894686 0.001059109 0.39325002
-0.083058611 0.001041603 0.38675001
-0.078078739 0.0010207306 0.37900001
-0.073678315 0.0010059179 0.37350002
-0.070693731 0.0010099577 0.37500003
-0.067548074 0.0010119777 0.37575001
-0.064432055 0.0010146709 0.37675002
-0.061298534 0.0010173641 0.37775001
-0.057955623 0.0010166909 0.37750003
-0.054653272 0.0010166909 0.37750003
-0.051350918 0.0010166909 0.37750003
-0.048398588 0.0010240971 0.38025001
-0.045398142 0.0010315035 0.38300002
-0.04213002 0.0010335235 0.38375002
-0.038949806 0.0010382365 0.38550001
-0.035531327 0.00103689 0.38500002
-0.032372221 0.001043623 0.38750002
-0.029150674 0.0010496827 0.38975
-0.025675116 0.0010469895 0.38875002
-0.022102458 0.0010389099 0.38575003
-0.018473053 0.0010247704 0.38050002
-0.015005152 0.0010153442 0.377
-0.011505327 0.00099783833 0.37050003
-0.008186142 0.00098841195 0.36700001
-0.0049756444 0.00098841195 0.36700001
-0.0017783733 0.00099581829 0.36975002
0.0014640579 0.0010012048 0.37175003
0.0047319662 0.0010045713 0.37300003
0.0080163861 0.0010072645 0.37400001
0.011310755 0.0010092844 0.37475002
0.014637712 0.0010126509 0.37600002
0.018010378 0.0010173641 0.37775001
0.021357236 0.001019384 0.37850001
0.024831269 0.001026117 0.38100001
0.028275121 0.0010301569 0.38250002
0.03172455 0.0010335235 0.38375002
0.035355829 0.001041603 0.38675001
0.038914386 0.0010463162 0.38850001
0.042476337 0.0010503561 0.39000002
0.046123363 0.0010557425 0.39200002
0.04986858 0.0010624755 0.39450002
0.053657539 0.0010692086 0.39700001
0.057346337 0.0010732485 0.39850003
0.062893219 0.0011096069 0.41200003
0.068272784 0.0011392323 0.42300001
0.085372433 0.0013513236 0.50175005
0.090030052 0.0013553632 0.50325
0.095417604 0.0013695027 0.50850004
0.10030781 0.0013755624 0.51075
0.10528869 0.0013822956 0.51325005
0.10999247 0.0013849888 0.51425004
0.11482506 0.0013890286 0.51575005
0.11985742 0.0013950883 0.51800001
0.12402865 0.0013910484 0.5165
0.12867142 0.001392395 0.51700002
0.13280766 0.0013883552 0.51550001
0.13685107 0.0013836421 0.51375002
0.14107022 0.0013809489 0.51275003
0.14427829 0.0013688293 0.50825
0.14828552 0.0013647897 0.50675005
0.15196511 0.0013580566 0.50425005
0.16009766 0.0013903751 0.51625001
0.16580954 0.0014004748 0.52000004
0.17543647 0.0014422197 0.53550005
0.18028916 0.0014435662 0.53600001
0 0 0
0 0 0
0 0 0
0 0 0
0 0 0
0 0 0
0 0 0
0 0 0
0 0 0
0 0 0
0 0 0
0 0 0
0 0 0
0 0 0
0 0 0
0 0 0
0 0 0
0 0 0
0 0 0
0 0 0
0 0 0
0 0 0
0 0 0
0 0 0
0 0 0
0 0 0
0 0 0
0 0 0
0 0 0
0 0 0
0 0 0
0 0 0
0 0 0
0 0 0
0 0 0
0 0 0
0 0 0
0 0 0
0 0 0
0 0 0
-0.26723686 0.004336515 0.37925002
-0.26565894 0.004365101 0.38175002
-0.26300657 0.0043765353 0.38275
-0.26118469 0.0044022631 0.38500002
-0.25764933 0.0043994044 0.38475001
-0.25378788 0.0043908283 0.384
-0.25222209 0.004422273 0.38675001
-0.24932137 0.0044308491 0.38750002
-0.24767688 0.0044622938 0.39025003
-0.24582778 0.0044908803 0.39275002
-0.24177484 0.0044794455 0.39175001
-0.23773941 0.0044680112 0.39075002
-0.23507074 0.0044823042 0.39200002
-0.2323802 0.0044965972 0.39325002
-0.22923116 0.0045023146 0.39375001
-0.22650342 0.0045166076 0.39500001
-0.22304799 0.0045166076 0.39500001
-0.21945357 0.0045137489 0.39475003
-0.21531636 0.0044994559 0.39350003
-0.21173942 0.0044965972 0.39325002
-0.20856412 0.0045023146 0.39375001
-0.20603126 0.0045223245 0.3955
-0.20295559 0.0045309006 0.39625001
-0.20011853 0.0045451936 0.39750001
-0.19824897 0.0045823557 0.40075001
-0.19498619 0.0045880727 0.40125
-0.1920726 0.0046023661 0.40250003
-0.18843442 0.0045995074 0.40225002
-0.18606482 0.0046280934 0.40475002
-0.18196039 0.0046138004 0.40350002
-0.17920445 0.0046338104 0.40525001
-0.17565934 0.0046338104 0.40525001
-0.17285748 0.0046538208 0.40700001
-0.16981703 0.0046681142 0.40825003
-0.16624568 0.0046681142 0.40825003
-0.16307279 0.0046795486 0.40925002
-0.1601747 0.0046995585 0.41100001
-0.15819843 0.0047481554 0.41525003
-0.15521723 0.0047681653 0.41700003
-0.1513876 0.0047624484 0.41650003
-0.14836486 0.0047824583 0.41825002
-0.14626293 0.0048339134 0.42275003
-0.14290196 0.0048453477 0.42375001
-0.14018047 0.0048796516 0.42675003
-0.13700682 0.0048996615 0.42850003
-0.1335693 0.0049110958 0.42950001
-0.13041654 0.0049339649 0.43150002
-0.12759565 0.004971127 0.43475002
-0.12443315 0.0049968543 0.43700001
-0.12040331 0.0049882787 0.43625003
-0.11471628 0.0049082376 0.42925003
-0.10895785 0.0048196204 0.42150003
-0.1038345 0.0047538723 0.41575003
-0.098209262 0.0046595382 0.40750003
-0.092670292 0.0045623453 0.39900002
-0.087615296 0.0044823042 0.39200002
-0.082468018 0.0043908283 0.384
-0.077821225 0.0043193633 0.37775001
-0.074418053 0.0043136459 0.37725002
-0.07135354 0.0043279389 0.37850001
-0.068446919 0.0043536667 0.38075003
-0.065372668 0.0043708184 0.38225001
-0.062109895 0.0043765353 0.38275
-0.058646485 0.0043679597 0.38200003
-0.055630513 0.004393687 0.38425002
-0.052133087 0.0043822527 0.38325003
-0.049066816 0.00440798 0.38550001
-0.045872279 0.0044251322 0.38700002
-0.042651497 0.0044422834 0.38850001
-0.039353956 0.0044537182 0.38950002
-0.036131207 0.0044765868 0.39150003
-0.032789927 0.0044880211 0.39250001
-0.029375056 0.0044908803 0.39275002
-0.025906276 0.0044851629 0.39225003
-0.022159755 0.004422273 0.38675001
-0.018412367 0.004336515 0.37925002
-0.01494545 0.004293636 0.37550002
-0.011505327 0.0042364635 0.37050003
-0.0082251765 0.0042164531 0.36875001
-0.0050027599 0.0042193118 0.36900002
-0.0017855876 0.0042450391 0.37125
0.00147095 0.0042707669 0.37350002
0.0047509954 0.0042822012 0.37450001
0.0080485372 0.004293636 0.37550002
0.011378665 0.0043107872 0.377
0.014715573 0.004322222 0.37800002
0.018010378 0.0043193633 0.37775001
0.021385448 0.0043336563 0.37900001
0.024863856 0.0043622423 0.38150001
0.028275121 0.0043736771 0.38250002
0.031745214 0.0043908283 0.384
0.035561521 0.0044480008 0.38900003
0.039214887 0.0044765868 0.39150003
0.042803079 0.0044937385 0.39300001
0.046270438 0.0044965972 0.39325002
0.050311014 0.004550911 0.39800003
0.054130591 0.004579497 0.40050003
0.058533557 0.0046509625 0.40675002
0.068846703 0.0051569371 0.45100003
0.082072608 0.0058144177 0.50850004
0.086818703 0.0058344281 0.51025003
0.092624068 0.0059201862 0.51775002
0.097106412 0.0059173279 0.51750004
0.10168257 0.0059201862 0.51775002
0.1066221 0.0059430548 0.51975
0.11154316 0.0059630657 0.52150005
0.11655049 0.0059859343 0.52350003
0.12043588 0.0059516309 0.5205
0.12432883 0.0059201862 0.51775002
0.12848476 0.0059030345 0.51625001
0.13287207 0.0058973175 0.51575005
0.13784999 0.0059173279 0.51750004
0 0 0
0.15243962 0.0061402991 0.537
0.15874669 0.0062031886 0.54250002
0.15806782 0.0059973686 0.52450001
0 0 0
0.17075193 0.0061231479 0.53550005
0 0 0
0 0 0
0 0 0
0 0 0
0 0 0
0 0 0
0 0 0
0 0 0
0 0 0
0 0 0
0 0 0
0 0 0
0 0 0
0 0 0
0 0 0
0 0 0
0 0 0
0 0 0
0 0 0
0 0 0
0 0 0
0 0 0
0 0 0
0 0 0
0 0 0
0 0 0
0 0 0
0 0 0
0 0 0
0 0 0
0 0 0
0 0 0
0 0 0
0 0 0
0 0 0
0 0 0
0 0 0
0 0 0
0 0 0
0 0 0
0 0 0
0 0 0
-0.26970312 0.0077222409 0.38275
-0.26739872 0.0077525047 0.38425002
-0.2655834 0.0077979006 0.38650003
-0.26389831 0.0078483392 0.38900003
-0.26116499 0.0078685153 0.39000002
-0.25857943 0.0078937346 0.39125001
-0.25662419 0.0079391301 0.39350003
-0.25430781 0.0079744374 0.39525002
-0.25132617 0.0079895696 0.39600003
-0.247862 0.0079895696 0.39600003
-0.24455209 0.0079946127 0.39625001
-0.24093361 0.0079895696 0.39600003
-0.23821901 0.0080147889 0.39725003
-0.2351871 0.008029921 0.39800003
-0.23170541 0.008029921 0.39800003
-0.22793698 0.0080198329 0.39750001
-0.22389501 0.0079996567 0.39650002
-0.22028746 0.0079946127 0.39625001
-0.21723148 0.0080097448 0.39700001
-0.2147008 0.0080450522 0.39875001
-0.21266919 0.0081005357 0.40150002
-0.21058948 0.0081560183 0.40425003
-0.20730922 0.0081661064 0.40475002
-0.20452367 0.0081963697 0.40625003
-0.20035143 0.0081711505 0.40500003
-0.19802338 0.00822159 0.40750003
-0.19469719 0.0082316771 0.40800002
-0.19112802 0.0082316771 0.40800002
-0.18801856 0.0082518524 0.40900001
-0.18556802 0.0083022919 0.41150001
-0.18296322 0.0083476873 0.41375002
-0.1797772 0.0083678626 0.41475001
-0.17636137 0.0083779516 0.41525003
-0.17272878 0.0083779516 0.41525003
-0.16858718 0.0083527314 0.41400003
-0.16596168 0.0084031709 0.41650003
-0.16309759 0.0084435213 0.41850001
-0.16076998 0.008514137 0.42200002
-0.15717141 0.0085191811 0.42225003
-0.15384105 0.0085393563 0.42325002
-0.15138003 0.008609972 0.42675003
-0.14773333 0.0086150151 0.42700002
-0.14441951 0.0086402344 0.42825001
-0.14124803 0.0086755417 0.43000001
-0.13844563 0.0087360693 0.43300003
-0.13512424 0.0087663326 0.43450001
-0.13200331 0.0088117281 0.43675002
-0.12891637 0.0088621676 0.43925002
-0.12535857 0.0088823428 0.44025001
-0.12150729 0.0088823428 0.44025001
-0.11505034 0.0086856298 0.43050003
-0.10876397 0.0084889168 0.42075002
-0.10358475 0.0083678626 0.41475001
-0.097546495 0.0081661064 0.40475002
-0.092438035 0.008029921 0.39800003
-0.087335914 0.0078836465 0.39075002
-0.082360633 0.007737373 0.38350001
-0.078336254 0.0076718018 0.38025001
-0.075453699 0.0077171978 0.38250002
-0.072390378 0.0077474606 0.384
-0.069435649 0.0077928561 0.38625002
-0.06609951 0.0077979006 0.38650003
-0.062961832 0.0078281639 0.38800001
-0.059721157 0.0078483392 0.38900003
-0.056462981 0.0078685153 0.39000002
-0.053051278 0.0078685153 0.39000002
-0.049862318 0.0079038227 0.39175001
-0.046524208 0.0079189539 0.39250001
-0.043227866 0.0079441741 0.39375001
-0.039909657 0.0079693934 0.39500001
-0.03654651 0.0079895696 0.39600003
-0.033144981 0.0080047008 0.39675003
-0.02954334 0.0079693934 0.39500001
-0.025988834 0.0079391301 0.39350003
-0.022202728 0.0078180758 0.38750002
-0.018363817 0.0076314509 0.37825003
-0.014905648 0.0075557916 0.37450001
-0.011513091 0.0074801329 0.37075001
-0.0082642119 0.0074750893 0.37050003
-0.005036654 0.007495265 0.37150002
-0.0017988143 0.007545704 0.37400001
0.0014758728 0.0075608362 0.37475002
0.0047668531 0.0075810114 0.37575001
0.0080806883 0.0076062311 0.377
0.011386211 0.0076112752 0.37725002
0.014676642 0.0076062311 0.377
0.017938862 0.0075910995 0.37625003
0.021244384 0.0075961431 0.37650001
0.024619453 0.0076213628 0.37775001
0.028164238 0.007686934 0.38100001
0.031765886 0.0077525047 0.38425002
0.035790063 0.0078987787 0.39150003
0.039640591 0.0079845255 0.39575002
0.043211509 0.0080047008 0.39675003
0.047005825 0.0080601843 0.39950001
0.050816651 0.0081106229 0.40200001
0.05534701 0.0082619414 0.40950003
0.071592979 0.010037401 0.49750003
0.078540191 0.010380387 0.51450002
0.083848014 0.010481265 0.51950002
0.08860527 0.010506486 0.52075005
0.093831621 0.010582143 0.52450001
0.098654486 0.010607364 0.52575004
0.10295913 0.0105771 0.52425003
0.10749396 0.010572056 0.52400005
0.1122383 0.010587188 0.52475005
0.11677312 0.010582143 0.52450001
0.12049374 0.010506486 0.52075005
0.1244489 0.010456046 0.51825005
0.12848476 0.010415695 0.51625001
0.13963483 0.010935219 0.54200006
0.14424303 0.010925131 0.54150003
0.14953029 0.010965481 0.54350001
0.15471061 0.010995746 0.54500002
0.15911248 0.010970526 0.54375005
0 0 0
0 0 0
0 0 0
0 0 0
0 0 0
0 0 0
0 0 0
0 0 0
0 0 0
0 0 0
0 0 0
0 0 0
0 0 0
0 0 0
0 0 0
0 0 0
0 0 0
0 0 0
0 0 0
0 0 0
0 0 0
0 0 0
0 0 0
0 0 0
0 0 0
0 0 0
0 0 0
0 0 0
0 0 0
0 0 0
0 0 0
0 0 0
0 0 0
0 0 0
0 0 0
0 0 0
0 0 0
0 0 0
0 0 0
0 0 0
0 0 0
0 0 0
0 0 0
0 0 0
0 0 0
-0.27234557 0.011176385 0.38650003
-0.27035627 0.011234218 0.38850001
-0.26816022 0.011284824 0.39025003
-0.2666119 0.011364345 0.39300001
-0.26401103 0.011400491 0.39425001
-0.26188397 0.011458324 0.39625001
-0.25890672 0.011480012 0.39700001
-0.25575545 0.011494471 0.39750001
-0.25354749 0.011552305 0.39950001
-0.24989623 0.011545076 0.39925003
-0.24887227 0.011660743 0.40325001
-0.24488834 0.011639056 0.40250003
-0.24076761 0.011610138 0.40150002
-0.2366644 0.011581222 0.40050003
-0.2330153 0.011573993 0.40025002
-0.22908384 0.011552305 0.39950001
-0.22587137 0.011566763 0.40000001
-0.22181627 0.011537846 0.39900002
-0.22174574 0.011718577 0.40525001
-0.21995056 0.011812557 0.40850002
-0.21637699 0.011812557 0.40850002
-0.21371511 0.011863161 0.41025001
-0.21063846 0.011892078 0.41125003
-0.20804776 0.011949913 0.41325003
-0.20480369 0.0119716 0.41400003
-0.20106053 0.01196437 0.41375002
-0.19779898 0.011986058 0.41450003
-0.19499274 0.012036663 0.41625002
-0.19158125 0.012051121 0.41675001
-0.1889502 0.012116184 0.41900003
-0.18572702 0.012145101 0.42000002
-0.18237796 0.012166789 0.42075002
-0.17922816 0.012202935 0.42200002
-0.1758485 0.012224623 0.42275003
-0.17245571 0.012246311 0.42350003
-0.16974711 0.012318603 0.42600003
-0.16660507 0.012361978 0.42750001
-0.16277008 0.012354749 0.42725003
-0.15959086 0.012398124 0.42875001
-0.1569306 0.012484876 0.43175003
-0.15350839 0.012513792 0.43275002
-0.14929025 0.012477646 0.43150002
-0.14610566 0.01252825 0.43325001
-0.14305469 0.012593313 0.43550003
-0.14012425 0.012672835 0.43825004
-0.1363682 0.012680064 0.43850002
-0.13283446 0.012708982 0.43950003
-0.13038382 0.012846337 0.44425002
-0.12706704 0.01290417 0.44625002
-0.12240428 0.012824648 0.44350001
-0.11565164 0.012513792 0.43275002
-0.10850547 0.012137872 0.41975003
-0.10264818 0.011884849 0.41100001
-0.097486243 0.011696889 0.40450001
-0.092147715 0.011472784 0.39675003
-0.086833015 0.011234218 0.38850001
-0.082951225 0.011169156 0.38625002
-0.079469331 0.011154697 0.38575003
-0.076637283 0.011234218 0.38850001
-0.073427223 0.011263136 0.38950002
-0.070064835 0.011270365 0.38975
-0.066783585 0.011292052 0.39050001
-0.063610919 0.011335428 0.39200002
-0.060181729 0.011335428 0.39200002
-0.057042088 0.011393262 0.39400002
-0.05390146 0.011458324 0.39625001
-0.050689645 0.011516158 0.39825001
-0.047235407 0.011523388 0.39850003
-0.043804239 0.011537846 0.39900002
-0.0405664 0.011610138 0.40150002
-0.03707717 0.011617368 0.40175003
-0.033646226 0.011646285 0.40275002
-0.029954705 0.011581222 0.40050003
-0.026104411 0.011429408 0.39525002
-0.022217054 0.011212531 0.38775003
-0.018339541 0.010923361 0.37775001
-0.014885748 0.010814924 0.37400001
-0.011567434 0.010771548 0.37250003
-0.0083367052 0.010807695 0.37375003
-0.005097663 0.010872757 0.37600002
-0.0018168505 0.010923361 0.37775001
0.0014857185 0.010908904 0.37725002
0.0048017404 0.010945049 0.37850001
0.0080806883 0.010901674 0.377
0.011333392 0.010858299 0.37550002
0.014647446 0.010879987 0.37625003
0.017903103 0.010858299 0.37550002
0.021187959 0.010858299 0.37550002
0.024537986 0.010887216 0.37650001
0 0 0
0 0 0
0 0 0
0.039865963 0.01150893 0.39800003
0.043619934 0.011581222 0.40050003
0.047447056 0.011660743 0.40325001
0.051575109 0.011798099 0.40800002
0.062172461 0.013301778 0.46000001
0.075586356 0.015188606 0.52525002
0.080181211 0.015188606 0.52525002
0.084977835 0.015224753 0.52650005
0.090009004 0.015297045 0.52900004
0.094636664 0.015297045 0.52900004
0.099170506 0.015282585 0.52850002
0.10271363 0.015123542 0.523
0.1073401 0.015130772 0.52325004
0.1120244 0.01514523 0.52375001
0.11643916 0.015123542 0.523
0 0 0
0.13177295 0.015868153 0.54875004
0.13719559 0.015940446 0.55125004
0.14137383 0.015868153 0.54875004
0.1457081 0.015817549 0.54700005
0.15049323 0.015817549 0.54700005
0 0 0
0 0 0
0 0 0
0 0 0
0 0 0
0 0 0
0 0 0
0 0 0
0 0 0
0 0 0
0 0 0
0 0 0
0 0 0
0 0 0
0 0 0
0 0 0
0 0 0
0 0 0
0 0 0
0 0 0
0 0 0
0 0 0
0 0 0
0 0 0
0 0 0
0 0 0
0 0 0
0 0 0
0 0 0
0 0 0
0 0 0
0 0 0
0 0 0
0 0 0
0 0 0
0 0 0
0 0 0
0 0 0
0 0 0
0 0 0
0 0 0
0 0 0
0 0 0
0 0 0
0 0 0
0 0 0
0 0 0
-0 0 0
-0 0 0
-0 0 0
-0.2674599 0.014846721 0.39425001
-0.26735932 0.015035012 0.39925003
-0.26568419 0.015138571 0.40200001
-0.26216751 0.015138571 0.40200001
-0.25881168 0.015147986 0.40225002
-0.25735548 0.015270376 0.40550002
-0.25459057 0.015317447 0.40675002
-0.25149524 0.015345692 0.40750003
-0.24701779 0.015289204 0.40600002
-0.2431663 0.015270376 0.40550002
-0.23858489 0.015204473 0.40375003
-0.23563509 0.015242131 0.40475002
-0.23094748 0.015166815 0.40275002
-0.23264752 0.015515153 0.41200003
-0.23015524 0.015590469 0.41400003
-0.22667038 0.015599883 0.41425002
-0.22291195 0.015590469 0.41400003
-0.2200848 0.015646957 0.41550002
-0.21697098 0.015684616 0.41650003
-0.2137116 0.015712857 0.41725001
-0.2108167 0.015769346 0.41875002
-0.20740083 0.015788173 0.41925001
-0.20373324 0.015788173 0.41925001
-0.20173587 0.015919978 0.42275003
-0.19850612 0.015957635 0.42375001
-0.19456933 0.015938807 0.42325002
-0.19210689 0.016042367 0.42600003
-0.18904357 0.016098853 0.42750001
-0.18508708 0.016080026 0.42700002
-0.18209496 0.016145926 0.42875001
-0.17907222 0.016211828 0.43050003
-0.17520441 0.016202414 0.43025002
-0.17223755 0.01627773 0.43225002
-0.1693331 0.01636246 0.43450001
-0.16562736 0.016371876 0.43475002
-0.1626617 0.016456606 0.43700001
-0.15911144 0.016484849 0.43775001
-0.15616885 0.016578995 0.44025001
-0.15257704 0.016607238 0.44100001
-0.14947799 0.01669197 0.44325003
-0.14518985 0.016644897 0.44200003
-0.14140318 0.016654311 0.44225001
-0.1387006 0.016795529 0.44600001
-0.13547906 0.016880261 0.44825003
-0.13199803 0.016936747 0.44975004
-0.12870432 0.017021479 0.45200002
-0.12461226 0.01700265 0.45150003
-0.11531758 0.016249487 0.43150002
-0.10818234 0.01575993 0.41850001
-0.10221112 0.015411593 0.40925002
-0.097486243 0.015232717 0.40450001
-0.091625132 0.014856135 0.39450002
-0.087391794 0.014724333 0.39100003
-0.084454551 0.014809063 0.39325002
-0.080962911 0.014799648 0.39300001
-0.077722237 0.014837307 0.39400002
-0.074134156 0.014809063 0.39325002
-0.071008623 0.014874964 0.39500001
-0.068108998 0.014997353 0.39825001
-0.064584561 0.014987939 0.39800003
-0.061409928 0.015063255 0.40000001
-0.057946943 0.01507267 0.40025002
-0.054785646 0.015166815 0.40275002
-0.051516972 0.015242131 0.40475002
-0.047768805 0.01517623 0.40300003
-0.044792306 0.01536452 0.40800002
-0.041248403 0.015373935 0.40825003
-0.037746266 0.015402178 0.40900001
-0.034398098 0.015505739 0.41175002
-0.030796127 0.015505739 0.41175002
-0.026764864 0.01526096 0.40525001
-0.022174079 0.0145737 0.38700002
-0.01835168 0.014234777 0.37800002
-0.014915599 0.014112387 0.37475002
-0.011621778 0.014093558 0.37425002
-0.0083757397 0.014140631 0.37550002
-0.0051078312 0.014187704 0.37675002
-0.001818053 0.014234777 0.37800002
0.0014906414 0.014253605 0.37850001
0.0047985693 0.014244191 0.37825003
0.0080485372 0.014140631 0.37550002
0.011280574 0.01407473 0.37375003
0.014530654 0.014055899 0.37325001
0.017807746 0.014065315 0.37350002
0.021046894 0.014046486 0.37300003
0.024260998 0.014018242 0.37225002
0 0 0
0 0 0
0 0 0
0.03981588 0.01496911 0.39750001
0.043919444 0.015185644 0.40325001
0.047711793 0.015270376 0.40550002
0.058401227 0.017398059 0.46200001
0.071532123 0.019930569 0.52925003
0.076665647 0.020062372 0.53275001
0.081249796 0.020043544 0.53225005
0.085865535 0.020034129 0.53200001
0.09039183 0.020005886 0.53125
0.094144695 0.019817594 0.52625
0.098701395 0.019808181 0.52600002
0.10276274 0.019704621 0.52325004
0.10713495 0.019666962 0.52225
0 0 0
0.122673 0.020749632 0.551
0.12749313 0.020749632 0.551
0.13255338 0.020787293 0.55200005
0.13725781 0.020768464 0.55150002
0.14188908 0.020740218 0.55075002
0.1468402 0.02075905 0.55125004
0 0 0
0 0 0
0 0 0
0 0 0
0 0 0
0 0 0
0 0 0
0 0 0
0 0 0
0 0 0
0 0 0
0 0 0
0 0 0
0 0 0
0 0 0
0 0 0
0 0 0
0 0 0
0 0 0
0 0 0
0 0 0
0 0 0
0 0 0
0 0 0
0 0 0
0 0 0
0 0 0
0 0 0
0 0 0
0 0 0
0 0 0
0 0 0
0 0 0
0 0 0
0 0 0
0 0 0
0 0 0
0 0 0
0 0 0
0 0 0
0 0 0
0 0 0
0 0 0
0 0 0
0 0 0
0 0 0
0 0 0
0 0 0
-0 0 0
-0 0 0
-0 0 0
-0 0 0
-0 0 0
-0.26700598 0.018745344 0.40400001
-0.26412401 0.018791744 0.40500003
-0.26235041 0.018919341 0.40775001
-0.26005277 0.01901214 0.40975001
-0.25662479 0.019023741 0.41000003
-0.25288385 0.01901214 0.40975001
-0.24914727 0.019000541 0.40950003
-0.24556498 0.019000541 0.40950003
-0.24139176 0.018954141 0.40850002
-0.24262117 0.019336937 0.41675001
-0.23854537 0.019302137 0.41600001
-0.23589443 0.019383337 0.41775003
-0.23265691 0.019418135 0.41850001
-0.2294063 0.019452935 0.41925001
-0.22493108 0.019383337 0.41775003
-0.22207113 0.019452935 0.41925001
-0.22022684 0.019615334 0.42275003
-0.21678475 0.019638533 0.42325002
-0.21295632 0.019626932 0.42300001
-0.20962696 0.019661732 0.42375001
-0.20640595 0.019708132 0.42475003
-0.20412186 0.01984733 0.42775002
-0.20061414 0.019870529 0.42825001
-0.19675292 0.01985893 0.42800003
-0.19391069 0.019951727 0.43000001
-0.19180737 0.020125726 0.43375003
-0.18801294 0.020125726 0.43375003
-0.18485558 0.020195324 0.43525001
-0.18156798 0.020253323 0.43650001
-0.17846215 0.020334523 0.43825004
-0.17552489 0.020438923 0.44050002
-0.17176886 0.020450521 0.44075003
-0.16838941 0.020508522 0.44200003
-0.1649881 0.020566521 0.44325003
-0.16156492 0.02062452 0.44450003
-0.15820853 0.020694118 0.44600001
-0.15491241 0.020775318 0.44775003
-0.15099552 0.020775318 0.44775003
-0.14691438 0.020752117 0.44725001
-0.14372127 0.020856516 0.44950002
-0.14103302 0.021042114 0.45350003
-0.1372925 0.021076912 0.45425001
-0.13368562 0.021134913 0.45550004
-0.13012804 0.021204511 0.45700002
-0.12571624 0.021134913 0.45550004
-0.11478309 0.019928528 0.42950001
-0.10811772 0.019406537 0.41825002
-0.10214867 0.01897734 0.40900001
-0.096702978 0.018617745 0.40125
-0.091857389 0.01835095 0.3955
-0.088453457 0.01836255 0.39575002
-0.085098833 0.018385749 0.39625001
-0.081632458 0.018385749 0.39625001
-0.078511298 0.018466949 0.39800003
-0.075312383 0.018536547 0.39950001
-0.072356887 0.018675746 0.40250003
-0.069220632 0.018780144 0.40475002
-0.065517627 0.018733745 0.40375003
-0.061908882 0.018710544 0.40325001
-0.058707021 0.018814944 0.40550002
-0.055431787 0.018907743 0.40750003
-0.05208974 0.018988941 0.40925002
-0.048835602 0.01911654 0.41200003
-0.045396123 0.019186139 0.41350001
-0.041980918 0.019278938 0.41550002
-0.038346145 0.019278938 0.41550002
-0.034711376 0.019278938 0.41550002
-0.03087092 0.019151339 0.41275001
-0.027012534 0.01897734 0.40900001
-0.022431917 0.018165354 0.39150003
-0.018400228 0.01758536 0.37900001
-0.0149554 0.017434562 0.37575001
-0.011722703 0.017515762 0.37750003
-0.0084036216 0.017480962 0.37675002
-0.0051485039 0.017620159 0.37975001
-0.0018216602 0.017573761 0.37875003
0.0014906414 0.01756216 0.37850001
0.0047763679 0.017469361 0.37650001
0.0080217449 0.017364964 0.37425002
0.011265482 0.017318564 0.37325001
0.01447226 0.017248966 0.37175003
0.017676631 0.017202565 0.37075001
0.020835297 0.017132968 0.36925003
0.024016595 0.017098168 0.36850002
0.027166292 0.017051768 0.36750001
0.030401831 0.017063368 0.36775002
0.033961706 0.017237365 0.37150002
0.038989514 0.018060954 0.38925001
0.044001129 0.018745344 0.40400001
0.050947491 0.020090926 0.43300003
0.066681057 0.024475668 0.52750003
0.072680958 0.024951259 0.53775001
0.077025406 0.024835261 0.53525001
0.081516936 0.024777263 0.53400004
0.085542731 0.024591666 0.53000003
0.090221681 0.024603264 0.53025001
0.094099969 0.024406068 0.52600002
0 0 0
0 0 0
0 0 0
0.11918969 0.025856048 0.55725002
0.12400883 0.025844449 0.55700004
0.12853436 0.02577485 0.55550003
0.13333382 0.025763251 0.55525005
0.13738225 0.025612453 0.55200005
0 0 0
0 0 0
0 0 0
0 0 0
0 0 0
0 0 0
0 0 0
0 0 0
0 0 0
0 0 0
0 0 0
0 0 0
0 0 0
0 0 0
0 0 0
0 0 0
0 0 0
0 0 0
0 0 0
0 0 0
0 0 0
0 0 0
0 0 0
0 0 0
0 0 0
0 0 0
0 0 0
0 0 0
0 0 0
0 0 0
0 0 0
0 0 0
0 0 0
0 0 0
0 0 0
0 0 0
0 0 0
0 0 0
0 0 0
0 0 0
0 0 0
0 0 0
0 0 0
0 0 0
0 0 0
0 0 0
0 0 0
0 0 0
0 0 0
0 0 0
-0 0 0
-0 0 0
-0 0 0
-0 0 0
-0 0 0
-0 0 0
-0 0 0
-0.26363724 0.022593858 0.40975001
-0.26100478 0.02267657 0.41125003
-0.2580331 0.02273171 0.41225001
-0.25458106 0.022745496 0.41250002
-0.24960355 0.022621429 0.41025001
-0.24976267 0.022966059 0.41650003
-0.24759646 0.02310391 0.41900003
-0.24524096 0.023227975 0.42125002
-0.2421293 0.023283117 0.42225003
-0.2382943 0.023269331 0.42200002
-0.23460267 0.023269331 0.42200002
-0.23036388 0.023214191 0.42100003
-0.22721942 0.023269331 0.42200002
-0.22498441 0.023420969 0.42475003
-0.22139895 0.023434753 0.42500001
-0.21870546 0.023545034 0.42700002
-0.21547355 0.023600176 0.42800003
-0.21197677 0.023627745 0.42850003
-0.2087142 0.023682885 0.42950001
-0.20614995 0.023820736 0.43200001
-0.20248795 0.023834523 0.43225002
-0.20020069 0.02401373 0.43550003
-0.19706738 0.024096439 0.43700001
-0.19390784 0.024179151 0.43850002
-0.19050533 0.024234293 0.43950003
-0.18740386 0.024330787 0.44125003
-0.18447973 0.024454853 0.44350001
-0.18100724 0.024509994 0.44450003
-0.17731799 0.024537565 0.44500002
-0.17478918 0.024730556 0.44850001
-0.17162766 0.024840837 0.45050001
-0.16787283 0.024868408 0.45100003
-0.16429098 0.024923548 0.45200002
-0.16095768 0.025020044 0.45375001
-0.15690181 0.025006261 0.45350003
-0.15327184 0.025061401 0.45450002
-0.14995286 0.025171682 0.45650002
-0.14715843 0.025378458 0.46025002
-0.14336543 0.025419815 0.46100003
-0.13963486 0.025474954 0.46200001
-0.13632703 0.025612805 0.46450001
-0.13318904 0.025792012 0.46775001
-0.1280622 0.025585236 0.46400002
-0.11478309 0.023682885 0.42950001
-0.10811772 0.023062553 0.41825002
-0.10139942 0.022387082 0.40600002
-0.096642733 0.022111379 0.40100002
-0.093134806 0.022111379 0.40100002
-0.08968275 0.022125162 0.40125
-0.086065255 0.022097593 0.40075001
-0.083435073 0.022331942 0.40500003
-0.08004009 0.022373296 0.40575001
-0.076584876 0.022400867 0.40625003
-0.073839977 0.022648999 0.41075003
-0.070204005 0.022635214 0.41050002
-0.066369556 0.022552503 0.40900001
-0.063060321 0.022648999 0.41075003
-0.059792846 0.022773065 0.41300002
-0.056554027 0.022924703 0.41575003
-0.052885242 0.022910917 0.41550002
-0.049369 0.022966059 0.41650003
-0.045945048 0.023076339 0.41850001
-0.042385068 0.02313148 0.41950002
-0.038807593 0.02318662 0.42050001
-0.03508731 0.023159049 0.42000002
-0.031712346 0.023379613 0.42400002
-0.028135305 0.023489894 0.42600003
-0.022618135 0.02176675 0.39475003
-0.018473053 0.020980997 0.38050002
-0.015124558 0.020953426 0.38000003
-0.011839152 0.021022351 0.38125002
-0.0085318787 0.021091279 0.38250002
-0.0051925662 0.021118848 0.38300002
-0.0018553279 0.021270486 0.38575003
0.0014965488 0.020953426 0.38000003
0.0047446522 0.020622583 0.37400001
0.0079788761 0.020526087 0.37225002
0.011205117 0.020470945 0.37125
0.014345737 0.020319309 0.36850002
0.017450161 0.020181458 0.36600003
0.020623697 0.020153886 0.3655
0.023886247 0.020209027 0.36650002
0.027147813 0.020250384 0.36725003
0.030463835 0.020319309 0.36850002
0.034007415 0.020512301 0.37200001
0.037687361 0.02074665 0.37625003
0.043728847 0.022138949 0.40150002
0.056448173 0.026453702 0.47975004
0.068229571 0.029762138 0.53975004
0.072512016 0.029582929 0.53650004
0.076881506 0.029458862 0.53425002
0.081516936 0.029445078 0.53400004
0 0 0
0 0 0
0 0 0
0 0 0
0.11012748 0.030920088 0.56075001
0 0 0
0 0 0
0 0 0
0 0 0
0 0 0
0 0 0
0 0 0
0 0 0
0 0 0
0 0 0
0 0 0
0 0 0
0 0 0
0 0 0
0 0 0
0 0 0
0 0 0
0 0 0
0 0 0
0 0 0
0 0 0
0 0 0
0 0 0
0 0 0
0 0 0
0 0 0
0 0 0
0 0 0
0 0 0
0 0 0
0 0 0
0 0 0
0 0 0
0 0 0
0 0 0
0 0 0
0 0 0
0 0 0
0 0 0
0 0 0
0 0 0
0 0 0
0 0 0
0 0 0
0 0 0
0 0 0
0 0 0
0 0 0
0 0 0
0 0 0
0 0 0
0 0 0
0 0 0
0 0 0
0 0 0
0 0 0
-0 0 0
-0 0 0
-0 0 0
-0 0 0
-0 0 0
-0 0 0
-0 0 0
-0 0 0
-0 0 0
-0.25912845 0.026447076 0.41400003
-0 0 0
-0 0 0
-0.25216132 0.026862307 0.42050001
-0.24966468 0.026990071 0.42250001
-0.2480063 0.027213657 0.42600003
-0.24571322 0.027373362 0.42850003
-0.24168238 0.027341422 0.42800003
-0.23877215 0.027437244 0.42950001
-0.23597248 0.027549036 0.43125001
-0.23179612 0.027501127 0.43050003
-0.22816253 0.027517095 0.43075001
-0.22517577 0.027612919 0.43225002
-0.22152252 0.027628889 0.43250003
-0.21799076 0.02766083 0.43300003
-0.21556328 0.027836505 0.43575001
-0.21150839 0.027804565 0.43525001
-0.20805876 0.027852476 0.43600002
-0.20576711 0.028060092 0.43925002
-0.20353353 0.028283678 0.44275001
-0.19909668 0.028203825 0.44150001
-0.19667163 0.028411441 0.44475001
-0.19332281 0.028491294 0.44600001
-0.18963359 0.028523237 0.44650003
-0.18687151 0.02869891 0.44925001
-0.18324691 0.028746821 0.45000002
-0.17970881 0.028810704 0.45100003
-0.1761532 0.028874585 0.45200002
-0.1732468 0.029050261 0.45475003
-0.16926867 0.029050261 0.45475003
-0.16601749 0.029178025 0.45675004
-0.16246527 0.029257877 0.45800003
-0.15845871 0.029257877 0.45800003
-0.15563247 0.029481461 0.46150002
-0.15282708 0.029721018 0.46525002
-0.14875712 0.029721018 0.46525002
-0.14577559 0.029944606 0.46875003
-0.14265727 0.030152222 0.47200003
-0.13867497 0.030184163 0.47250003
-0.13461275 0.030200131 0.47275001
-0.13013217 0.03012028 0.47150001
-0.11244467 0.026878279 0.42075002
-0.10734222 0.026526928 0.41525003
-0.10171161 0.026015872 0.40725002
-0.097486243 0.025840197 0.40450001
-0.094354153 0.025951993 0.40625003
-0.091023803 0.026015872 0.40725002
-0.087675959 0.026079755 0.40825003
-0.08451663 0.026207518 0.41025001
-0.081125051 0.026271401 0.41125003
-0.078045882 0.026447076 0.41400003
-0.07437928 0.026431106 0.41375002
-0.070717059 0.026415134 0.41350001
-0.067546032 0.026590809 0.41625002
-0.064135 0.026686633 0.41775003
-0.060552929 0.026718574 0.41825002
-0.057234168 0.026878279 0.42075002
-0.053712569 0.02695813 0.42200002
-0.050228365 0.027069923 0.42375001
-0.046493974 0.027053954 0.42350003
-0.043092329 0.027245598 0.42650002
-0.039315183 0.027213657 0.42600003
-0 0 0
-0 0 0
-0.028482042 0.027549036 0.43125001
-0.024480298 0.027293511 0.42725003
-0.018752212 0.024674354 0.38625002
-0.015243961 0.024466738 0.38300002
-0.011916786 0.024514651 0.38375002
-0.0085932193 0.024610475 0.38525003
-0.0052434071 0.024706295 0.38675001
-0.0018601374 0.024706295 0.38675001
0.0014985179 0.024307035 0.38050002
0.0047541671 0.023939714 0.37475002
0.0079681594 0.023748068 0.37175003
0.011152299 0.023604333 0.36950001
0.014248412 0.023380749 0.36600003
0.017402483 0.023316866 0.36500001
0.020764764 0.023508513 0.36800003
0.024309877 0.023827922 0.37300003
0.027554382 0.023811949 0.37275001
0.030794514 0.023795981 0.37250003
0.034350231 0.024003595 0.37575001
0.037812568 0.024115389 0.37750003
0.041904539 0.024578532 0.38475001
0 0 0
0 0 0
0 0 0
0 0 0
0 0 0
0 0 0
0 0 0
0.10089806 0.03602935 0.56400001
0.10583191 0.03602935 0.56400001
0 0 0
0 0 0
0 0 0
0 0 0
0 0 0
0 0 0
0 0 0
0 0 0
0 0 0
0 0 0
0 0 0
0 0 0
0 0 0
0 0 0
0 0 0
0 0 0
0 0 0
0 0 0
0 0 0
0 0 0
0 0 0
0 0 0
0 0 0
0 0 0
0 0 0
0 0 0
0 0 0
0 0 0
0 0 0
0 0 0
0 0 0
0 0 0
0 0 0
0 0 0
0 0 0
0 0 0
0 0 0
0 0 0
0 0 0
0 0 0
0 0 0
0 0 0
0 0 0
0 0 0
0 0 0
0 0 0
0 0 0
0 0 0
0 0 0
0 0 0
0 0 0
0 0 0
0 0 0
0 0 0
0 0 0
0 0 0
0 0 0
-0 0 0
-0 0 0
-0 0 0
-0 0 0
-0 0 0
-0 0 0
-0 0 0
-0 0 0
-0 0 0
-0 0 0
-0 0 0
-0 0 0
-0 0 0
-0 0 0
-0 0 0
-0.24700342 0.03128238 0.43075001
-0.24492928 0.03150025 0.43375003
-0.24266367 0.031699963 0.43650001
-0.2388452 0.031699963 0.43650001
-0.23556517 0.031772587 0.43750003
-0.23160549 0.03175443 0.43725002
-0.22712928 0.031663653 0.43600002
-0.22318713 0.031645495 0.43575001
-0.22038211 0.031790741 0.43775001
-0.2169237 0.031845208 0.43850002
-0.21405962 0.031990457 0.44050002
-0.21127984 0.032153856 0.44275001
-0.20799226 0.032244638 0.44400004
-0.20502757 0.032389883 0.44600001
-0.20112598 0.032389883 0.44600001
-0.19855103 0.032607753 0.44900003
-0.19505665 0.032680374 0.45000002
-0.19228803 0.03288009 0.45275003
-0.18874335 0.032952711 0.45375001
-0.1853848 0.033061646 0.45525002
-0.18239845 0.033243205 0.45775002
-0.17868638 0.033297673 0.45850003
-0.17515165 0.033388451 0.45975003
-0.17159507 0.033479229 0.46100003
-0.16792573 0.033551849 0.46200001
-0.16485968 0.033751566 0.46475002
-0.16174552 0.033951279 0.46750003
-0.15807739 0.034042057 0.46875003
-0.15537284 0.034350704 0.47300002
-0.1517946 0.034477796 0.47475001
-0.14771925 0.03449595 0.47500002
-0.1437151 0.034532264 0.47550002
-0.14036255 0.034731977 0.47825003
-0.13596529 0.034677509 0.47750002
-0.13144316 0.034586731 0.47625002
-0.11598571 0.031518407 0.43400002
-0.10643747 0.029902542 0.41175002
-0.10221112 0.029720986 0.40925002
-0.099113025 0.029866232 0.41125003
-0.09551543 0.029866232 0.41125003
-0.092029586 0.029902542 0.41175002
-0.08869607 0.029993322 0.41300002
-0.085392185 0.030102257 0.41450003
-0.08225932 0.030283814 0.41700003
-0.078988463 0.030429062 0.41900003
-0.074783757 0.03021119 0.41600001
-0.071914203 0.030537995 0.42050001
-0.068235695 0.030537995 0.42050001
-0.065132901 0.03081033 0.42425001
-0.061530169 0.030864798 0.42500001
-0.057880305 0.03090111 0.42550001
-0.054571714 0.031137135 0.42875001
-0.0503469 0.030846644 0.42475003
-0 0 0
-0.043546997 0.031300537 0.43100002
-0.039476689 0.031064512 0.42775002
-0.036674593 0.031881519 0.43900001
-0.032871641 0.031917833 0.43950003
-0 0 0
-0 0 0
-0.018934272 0.028322991 0.39000002
-0.015363365 0.028032498 0.38600001
-0.012009947 0.028086966 0.38675001
-0.0086880177 0.028286681 0.38950002
-0.0052942485 0.028359303 0.39050001
-0.0018817809 0.028413771 0.39125001
0.0015280551 0.028177746 0.38800001
0.0047700247 0.027306268 0.37600002
0.0079895929 0.027070243 0.37275001
0.011107027 0.026725285 0.36800003
0.01427761 0.026634507 0.36675003
0.01750976 0.026670817 0.36725003
0.021343131 0.027469672 0.37825003
0.025189726 0.028068813 0.38650003
0.028386002 0.027887251 0.384
0.031207863 0.027415205 0.37750003
0.034510214 0.027415205 0.37750003
0.037887692 0.027469672 0.37825003
0.041986227 0.027996188 0.38550001
0 0 0
0 0 0
0 0 0
0.081738316 0.041249894 0.56800002
0.086745307 0.041268051 0.56825
0 0 0
0 0 0
0 0 0
0 0 0
0 0 0
0 0 0
0 0 0
0 0 0
0 0 0
0 0 0
0 0 0
0 0 0
0 0 0
0 0 0
0 0 0
0 0 0
0 0 0
0 0 0
0 0 0
0 0 0
0 0 0
0 0 0
0 0 0
0 0 0
0 0 0
0 0 0
0 0 0
0 0 0
0 0 0
0 0 0
0 0 0
0 0 0
0 0 0
0 0 0
0 0 0
0 0 0
0 0 0
0 0 0
0 0 0
0 0 0
0 0 0
0 0 0
0 0 0
0 0 0
0 0 0
0 0 0
0 0 0
0 0 0
0 0 0
0 0 0
0 0 0
0 0 0
0 0 0
0 0 0
0 0 0
0 0 0
0 0 0
0 0 0
0 0 0
0 0 0
0 0 0
-0 0 0
-0 0 0
-0 0 0
-0 0 0
-0 0 0
-0 0 0
-0 0 0
-0 0 0
-0 0 0
-0 0 0
-0 0 0
-0 0 0
-0 0 0
-0 0 0
-0 0 0
-0 0 0
-0 0 0
-0 0 0
-0.24144432 0.03590199 0.44125003
-0.23798811 0.035963014 0.44200003
-0.23465119 0.036044378 0.44300002
-0.23077585 0.036044378 0.44300002
-0.22613223 0.03592233 0.44150001
-0.22365448 0.036146082 0.44425002
-0.21939717 0.036085058 0.44350001
-0.2169753 0.036329154 0.44650003
-0.21366584 0.036430858 0.44775003
-0.20998317 0.036471542 0.44825003
-0.20629175 0.036512222 0.44875002
-0.20416993 0.036837682 0.45275003
-0.20131482 0.03704109 0.45525002
-0.19679049 0.036939386 0.45400003
-0.19536719 0.037427571 0.46000001
-0.1915511 0.037468255 0.46050003
-0.18782808 0.037529275 0.46125001
-0.18399233 0.037569959 0.46175003
-0.18034269 0.037651323 0.46275002
-0.17734224 0.037875075 0.46550003
-0.17420064 0.038078487 0.46800002
-0.17083354 0.038241215 0.47000003
-0.16716541 0.038342919 0.47125003
-0.16451335 0.038688716 0.47550002
-0.16170263 0.039014176 0.47950003
-0.15767223 0.039054856 0.48000002
-0.15379296 0.039136223 0.48100004
-0.15005167 0.039258268 0.48250002
-0.14583078 0.039258268 0.48250002
-0.14234363 0.039461676 0.48500001
-0.13802969 0.03944134 0.48475003
-0.13358213 0.039380316 0.48400003
-0.12166473 0.03704109 0.45525002
-0.11025035 0.034701869 0.42650002
-0.10452132 0.034050953 0.41850001
-0.10116156 0.034152661 0.41975003
-0.097373478 0.034111977 0.41925001
-0.093873531 0.034173001 0.42000002
-0.090575226 0.034315385 0.42175001
-0.087040283 0.034376409 0.42250001
-0.083344273 0.034376409 0.42250001
-0.080119558 0.034579821 0.42500001
-0.076581448 0.034661185 0.42600003
-0.072769307 0.034620501 0.42550001
-0.069898993 0.035047665 0.43075001
-0.065938912 0.034945961 0.42950001
-0.062398832 0.035068009 0.43100002
-0.058832511 0.035190053 0.43250003
-0.055049021 0.035190053 0.43250003
-0 0 0
-0.047838841 0.035454486 0.43575001
-0.043850105 0.035312101 0.43400002
-0 0 0
-0.037196729 0.03622745 0.44525003
-0.033357795 0.03628847 0.44600001
-0.029324122 0.036125746 0.44400004
-0 0 0
-0.019383354 0.032484692 0.39925003
-0.01548277 0.031650707 0.38900003
-0.012141924 0.031813435 0.39100003
-0.0087326281 0.031854119 0.39150003
-0.0053145848 0.031894799 0.39200002
-0.0018901979 0.031976163 0.39300001
0.0015497156 0.032016847 0.39350003
0.004804912 0.030816725 0.37875003
0.007984235 0.030308198 0.37250003
0.01109948 0.029921716 0.36775002
0.014365202 0.030023422 0.36900002
0.017974619 0.030674335 0.377
0.021752218 0.031365931 0.38550001
0.025124552 0.031365931 0.38550001
0.028312081 0.031162521 0.38300002
0.031538542 0.031040475 0.38150001
0.034784466 0.030959111 0.38050002
0.038363475 0.031162521 0.38300002
0.043592703 0.032566056 0.40025002
0.066802397 0.046194572 0.56775004
0 0 0
0 0 0
0.082241982 0.046499688 0.5715
0.087279603 0.046520032 0.57175004
0 0 0
0 0 0
0 0 0
0 0 0
0 0 0
0 0 0
0 0 0
0 0 0
0 0 0
0 0 0
0 0 0
0 0 0
0 0 0
0 0 0
0 0 0
0 0 0
0 0 0
0 0 0
0 0 0
0 0 0
0 0 0
0 0 0
0 0 0
0 0 0
0 0 0
0 0 0
0 0 0
0 0 0
0 0 0
0 0 0
0 0 0
0 0 0
0 0 0
0 0 0
0 0 0
0 0 0
0 0 0
0 0 0
0 0 0
0 0 0
0 0 0
0 0 0
0 0 0
0 0 0
0 0 0
0 0 0
0 0 0
0 0 0
0 0 0
0 0 0
0 0 0
0 0 0
0 0 0
0 0 0
0 0 0
0 0 0
0 0 0
0 0 0
0 0 0
0 0 0
0 0 0
-0 0 0
-0 0 0
-0 0 0
-0 0 0
-0 0 0
-0 0 0
-0 0 0
-0 0 0
-0 0 0
-0 0 0
-0 0 0
-0 0 0
-0 0 0
-0 0 0
-0 0 0
-0 0 0
-0 0 0
-0 0 0
-0 0 0
-0 0 0
-0.2353133 0.040029377 0.44425002
-0.23168749 0.040074427 0.44475001
-0 0 0
-0.22642343 0.040524956 0.44975004
-0.22397311 0.040795274 0.45275003
-0.2206199 0.040907905 0.45400003
-0.21569394 0.040727694 0.45200002
-0.2122083 0.040817797 0.45300001
-0.20927984 0.041020535 0.45525002
-0.2064247 0.0412458 0.45775002
-0.20341529 0.041448537 0.46000001
-0.19993305 0.041561168 0.46125001
-0.19685368 0.041763905 0.46350002
-0.19321495 0.041854009 0.46450001
-0.19006778 0.042056751 0.46675003
-0.18638313 0.042146854 0.46775001
-0.18238871 0.042169381 0.46800002
-0.17972331 0.042507276 0.47175002
-0.17671314 0.042777594 0.47475001
-0.17310525 0.042912751 0.47625002
-0.17053533 0.043318227 0.48075002
-0.1672812 0.043566018 0.48350003
-0.16296725 0.043543492 0.48325002
-0.15947889 0.043746229 0.48550004
-0.15595117 0.043948967 0.48775002
-0.15222858 0.044106647 0.48950002
-0.14787091 0.044084124 0.48925003
-0.14520517 0.044579703 0.49475002
-0.14123306 0.044692334 0.49600002
-0.13689408 0.044692334 0.49600002
-0.13121885 0.044241808 0.49100003
-0.12653586 0.044106647 0.48950002
-0.12356494 0.044579703 0.49475002
-0.11646534 0.043543492 0.48325002
-0.11072822 0.042957805 0.47675002
-0.10644588 0.042912751 0.47625002
-0.10185015 0.042732541 0.47425002
-0.095538303 0.041786432 0.46375003
-0.089804694 0.041020535 0.45525002
-0.082570277 0.039466217 0.43800002
-0.078289255 0.039240953 0.43550003
-0.075762175 0.039916743 0.44300002
-0.071683988 0.039804112 0.44175002
-0 0 0
-0.063774213 0.039691478 0.44050002
-0.060124785 0.039826639 0.44200003
-0.056290008 0.039849162 0.44225001
-0.053102788 0.040367272 0.44800001
-0.049211156 0.040389799 0.44825003
-0.045289885 0.040389799 0.44825003
-0 0 0
-0.037802402 0.040772744 0.45250002
-0.033881348 0.040817797 0.45300001
-0.02993504 0.040840324 0.45325002
-0 0 0
-0.019880986 0.036898211 0.40950003
-0.015801182 0.035771888 0.39700001
-0.012219558 0.03545652 0.39350003
-0.0087883919 0.035501573 0.39400002
-0.0053518685 0.035569154 0.39475003
-0.0019154486 0.035884522 0.39825001
0.0015743299 0.036019679 0.39975002
0.0049412893 0.035096098 0.38950002
0.007984235 0.033564307 0.37250003
0.011205117 0.033451673 0.37125
0.014569585 0.033721991 0.37425002
0.018093815 0.034195043 0.37950003
0.021667579 0.034600515 0.384
0.025043083 0.034623045 0.38425002
0.028330563 0.034532938 0.38325003
0.031662546 0.034510411 0.38300002
0.035195846 0.034690622 0.38500002
0.038613889 0.034735676 0.38550001
0.062625371 0.051810674 0.57500005
0.067243621 0.051495299 0.5715
0 0 0
0 0 0
0 0 0
0 0 0
0 0 0
0 0 0
0 0 0
0 0 0
0 0 0
0 0 0
0 0 0
0 0 0
0 0 0
0 0 0
0 0 0
0 0 0
0 0 0
0 0 0
0 0 0
0 0 0
0 0 0
0 0 0
0 0 0
0 0 0
0 0 0
0 0 0
0 0 0
0 0 0
0 0 0
0 0 0
0 0 0
0 0 0
0 0 0
0 0 0
0 0 0
0 0 0
0 0 0
0 0 0
0 0 0
0 0 0
0 0 0
0 0 0
0 0 0
0 0 0
0 0 0
0 0 0
0 0 0
0 0 0
0 0 0
0 0 0
0 0 0
0 0 0
0 0 0
0 0 0
0 0 0
0 0 0
0 0 0
0 0 0
0 0 0
0 0 0
0 0 0
0 0 0
0 0 0
0 0 0
0 0 0
-0 0 0
-0 0 0
-0 0 0
-0 0 0
-0 0 0
-0 0 0
-0 0 0
-0 0 0
-0 0 0
-0 0 0
-0 0 0
-0 0 0
-0 0 0
-0 0 0
-0 0 0
-0 0 0
-0 0 0
-0 0 0
-0 0 0
-0 0 0
-0 0 0
-0 0 0
-0 0 0
-0 0 0
-0.22718863 0.045395371 0.45925003
-0.22450747 0.045667194 0.46200001
-0.21998873 0.045568351 0.46100003
-0.21630727 0.045642484 0.46175003
-0.21261267 0.045716621 0.46250004
-0.208454 0.045691907 0.46225002
-0.20463137 0.045741331 0.46275002
-0.20155855 0.045963738 0.46500003
-0.19834016 0.046161428 0.46700001
-0.19529478 0.046408549 0.46950004
-0.19179843 0.046556816 0.47100002
-0.18877393 0.046828646 0.47375003
-0.18521419 0.046976916 0.47525004
-0.18162817 0.047125187 0.47675002
-0.17969093 0.047718268 0.48275003
-0.17719436 0.048187789 0.48750001
-0.17355052 0.048360772 0.48925003
-0.16935706 0.048385482 0.48950002
-0.16566512 0.048558466 0.49125004
-0.16177829 0.048682023 0.49250004
-0.15810938 0.048879713 0.49450001
-0.15471649 0.049176257 0.49750003
-0.15096886 0.049373951 0.49950004
-0.14711286 0.049546931 0.50125003
-0.14308389 0.049670488 0.5025
-0.13882606 0.049719911 0.50300002
-0.13542801 0.050090592 0.50675005
-0.13073649 0.049991738 0.50575
-0.12781073 0.050584823 0.51175004
-0.12405697 0.05088136 0.51475
-0.11926365 0.050757807 0.51350003
-0.1142128 0.05051069 0.51100004
-0.10990367 0.050584823 0.51175004
-0.10578743 0.050757807 0.51350003
-0.10154193 0.05088136 0.51475
-0.097133182 0.050930787 0.51525003
-0.092715688 0.05098021 0.51575005
-0.086750254 0.050140012 0.50725001
-0.083854452 0.051079057 0.51675004
-0.080638915 0.051919252 0.52525002
-0.067791775 0.046284989 0.46825004
-0.064239658 0.046680376 0.47225001
-0.057817381 0.044901133 0.45425001
-0.053695455 0.044777576 0.45300001
-0.050803035 0.045741331 0.46275002
-0.046426553 0.04542008 0.45950001
-0.042037714 0.045024693 0.45550004
-0.038366307 0.045395371 0.45925003
-0.03421792 0.045222387 0.45750001
-0.031074321 0.046507392 0.47050002
-0.026972733 0.046532106 0.47075003
-0.022211358 0.045222387 0.45750001
-0.016567361 0.04114496 0.41625002
-0.012444695 0.039612833 0.40075001
-0.0088776145 0.039341006 0.39800003
-0.0054162671 0.039489273 0.39950001
-0.001945509 0.039983507 0.40450001
0.0015940213 0.040008221 0.40475002
0.0050744945 0.039538696 0.40000001
0.0080806883 0.037265223 0.377
0.011280574 0.036943972 0.37375003
0.014637712 0.037166376 0.37600002
0.018069975 0.037462916 0.37900001
0.021512408 0.037685324 0.38125002
0.025026791 0.03795715 0.384
0.028422965 0.038006574 0.38450003
0.031931225 0.038179554 0.38625002
0.035470102 0.038352538 0.38800001
0 0 0
0 0 0
0 0 0
0 0 0
0 0 0
0 0 0
0 0 0
0 0 0
0 0 0
0 0 0
0 0 0
0 0 0
0 0 0
0 0 0
0 0 0
0 0 0
0 0 0
0 0 0
0 0 0
0 0 0
0 0 0
0 0 0
0 0 0
0 0 0
0 0 0
0 0 0
0 0 0
0 0 0
0 0 0
0 0 0
0 0 0
0 0 0
0 0 0
0 0 0
0 0 0
0 0 0
0 0 0
0 0 0
0 0 0
0 0 0
0 0 0
0 0 0
0 0 0
0 0 0
0 0 0
0 0 0
0 0 0
0 0 0
0 0 0
0 0 0
0 0 0
0 0 0
0 0 0
0 0 0
0 0 0
0 0 0
0 0 0
0 0 0
0 0 0
0 0 0
0 0 0
0 0 0
0 0 0
0 0 0
0 0 0
0 0 0
0 0 0
0 0 0
-0 0 0
-0 0 0
-0 0 0
-0 0 0
-0 0 0
-0 0 0
-0 0 0
-0 0 0
-0 0 0
-0 0 0
-0 0 0
-0 0 0
-0 0 0
-0 0 0
-0 0 0
-0 0 0
-0 0 0
-0 0 0
-0 0 0
-0 0 0
-0 0 0
-0 0 0
-0 0 0
-0 0 0
-0 0 0
-0.22499342 0.049813233 0.46300003
-0.22118174 0.049867027 0.46350002
-0.21841529 0.050162897 0.46625003
-0.21617536 0.050593246 0.47025001
-0.21307629 0.050835319 0.47250003
-0.20794792 0.050593246 0.47025001
-0.20556803 0.051023599 0.47425002
-0.20152551 0.051050495 0.47450003
-0.19872648 0.051400155 0.47775003
-0.19383451 0.051211875 0.47600001
-0.19006896 0.051319465 0.47700003
-0.18950109 0.052314654 0.48625001
-0.18743798 0.052933283 0.49200001
-0.18341316 0.053013973 0.49275002
-0.17955695 0.05314846 0.49400002
-0.17550151 0.053229149 0.49475002
-0.17212491 0.053525019 0.49750003
-0.16794142 0.053578813 0.49800003
-0.1642419 0.053793985 0.5
-0.16090707 0.054143645 0.50325
-0.15681566 0.054251239 0.50425005
-0.15293343 0.054439519 0.50600004
-0.14894719 0.054600902 0.50750005
-0.14436525 0.054547105 0.50700003
-0.14117202 0.055031247 0.5115
-0.13729875 0.055273321 0.51375002
-0.13299836 0.055354014 0.51450002
-0.12862243 0.055407811 0.51500005
-0.12496074 0.055784367 0.51850003
-0.12083137 0.055972643 0.52025002
-0.11700665 0.056322306 0.52350003
-0.11291032 0.056564379 0.52575004
-0.10825957 0.056537479 0.5255
-0.10430364 0.056887139 0.52875
-0.10024371 0.057209905 0.53175002
-0.096625656 0.057828538 0.53750002
-0.092479452 0.058178198 0.54075003
-0.087546147 0.058043711 0.5395
-0.082941785 0.058124401 0.54025
-0.078505263 0.058339581 0.54225004
-0.074237786 0.058716137 0.54575002
-0.069622695 0.058850624 0.54700005
-0.064481959 0.058527861 0.54400003
-0.058954574 0.057774741 0.537
-0.054787375 0.058339581 0.54225004
-0.051082049 0.059549943 0.5535
-0.046365373 0.059711326 0.55500001
-0.041715946 0.060007196 0.55775005
-0.037001889 0.060276166 0.56025004
-0.032129496 0.060329955 0.56075001
-0 0 0
-0.021930607 0.059280973 0.551
-0 0 0
-0.0090839406 0.043815203 0.40725002
-0.0055891266 0.044353142 0.41225001
-0.0019707598 0.044084173 0.40975001
0.0016274968 0.044460732 0.41325003
0.0051950142 0.044057276 0.40950003
0.0083754091 0.042040002 0.39075002
0.011401301 0.040641356 0.37775001
0.014754502 0.040775843 0.37900001
0.018129572 0.040910326 0.38025001
0.021681685 0.041340679 0.38425002
0.025140846 0.041502062 0.38575003
0.028681692 0.041744135 0.38800001
0.032654583 0.042497251 0.39500001
0 0 0
0 0 0
0 0 0
0 0 0
0 0 0
0 0 0
0 0 0
0 0 0
0 0 0
0 0 0
0 0 0
0 0 0
0 0 0
0 0 0
0 0 0
0 0 0
0 0 0
0 0 0
0 0 0
0 0 0
0 0 0
0 0 0
0 0 0
0 0 0
0 0 0
0 0 0
0 0 0
0 0 0
0 0 0
0 0 0
0 0 0
0 0 0
0 0 0
0 0 0
0 0 0
0 0 0
0 0 0
0 0 0
0 0 0
0 0 0
0 0 0
0 0 0
0 0 0
0 0 0
0 0 0
0 0 0
0 0 0
0 0 0
0 0 0
0 0 0
0 0 0
0 0 0
0 0 0
0 0 0
0 0 0
0 0 0
0 0 0
0 0 0
0 0 0
0 0 0
0 0 0
0 0 0
0 0 0
0 0 0
0 0 0
0 0 0
0 0 0
0 0 0
0 0 0
-0 0 0
-0 0 0
-0 0 0
-0 0 0
-0 0 0
-0 0 0
-0 0 0
-0 0 0
-0 0 0
-0 0 0
-0 0 0
-0 0 0
-0 0 0
-0 0 0
-0 0 0
-0 0 0
-0 0 0
-0 0 0
-0 0 0
-0 0 0
-0 0 0
-0 0 0
-0 0 0
-0 0 0
-0 0 0
-0 0 0
-0 0 0
-0 0 0
-0.21732463 0.054994628 0.47275001
-0 0 0
-0.2121489 0.055808935 0.47975004
-0.21001099 0.056361496 0.48450002
-0.20577261 0.056361496 0.48450002
-0.20059831 0.056099758 0.48225003
-0.19648142 0.056128837 0.48250002
-0.19604596 0.057233963 0.49200001
-0.19193685 0.057292134 0.49250004
-0.1885809 0.057582956 0.49500003
-0.18490206 0.057786528 0.49675003
-0.18164693 0.058135517 0.49975002
-0.17745252 0.058193684 0.50025004
-0.17324933 0.058251843 0.50075001
-0.16988051 0.058600836 0.50375003
-0.16637704 0.058920737 0.50650001
-0.16218601 0.059007984 0.50725001
-0.15774861 0.059007984 0.50725001
-0.1539157 0.059240647 0.50925004
-0.15070815 0.059735045 0.51350003
-0.14657201 0.059880454 0.51475
-0.14262101 0.060113113 0.51675004
-0.13856818 0.060316689 0.51850003
-0.13442013 0.060491186 0.52000004
-0.13030824 0.060694762 0.52175003
-0.12682852 0.061218239 0.52625
-0.1223991 0.061305486 0.52700001
-0.1183477 0.061596308 0.52950001
-0.11452102 0.062032547 0.53325003
-0.11011368 0.062177952 0.5345
-0.10578313 0.062381536 0.53625005
-0.10128056 0.062497865 0.53725004
-0.097164966 0.062875934 0.54050004
-0.092650466 0.063021339 0.54175001
-0.088316947 0.063312165 0.54425001
-0.083978079 0.063632071 0.54700005
-0.079265334 0.063690238 0.54750001
-0.074713886 0.06389381 0.54925001
-0.070163637 0.064126469 0.55125004
-0.065785818 0.064562701 0.55500001
-0.061177727 0.064824447 0.55725002
-0.05635345 0.064882614 0.55775005
-0.051566571 0.06499894 0.55875003
-0.046824854 0.065202519 0.56050003
-0.04201512 0.065347932 0.56175005
-0.037299093 0.06569691 0.56475002
-0.032487605 0.065958656 0.56700003
-0.027612479 0.066162229 0.56875002
-0.022686835 0.066307649 0.57000005
-0.017770372 0.06656938 0.57225001
-0.012797818 0.066743873 0.57375002
-0.0078193545 0.067092866 0.57675004
-0.0026886021 0.065028019 0.55900002
0.0019888345 0.058746241 0.505
0.0073960754 0.067819923 0.583
0.012522924 0.067965336 0.58425003
0.011952126 0.046066362 0.39600003
0.015085408 0.045077566 0.38750002
0.018391803 0.04487399 0.38575003
0.021808645 0.044961236 0.38650003
0.025466716 0.045455635 0.39075002
0 0 0
0 0 0
0 0 0
0 0 0
0 0 0
0 0 0
0 0 0
0 0 0
0 0 0
0 0 0
0 0 0
0 0 0
0 0 0
0 0 0
0 0 0
0.13631628 0.077300757 0.66450006
0 0 0
0 0 0
0.15207779 0.076457366 0.65725005
0.1577073 0.0763992 0.65675002
0.16326585 0.076311953 0.65600002
0.16868249 0.076166548 0.65475005
0.17467657 0.076282874 0.65575004
0.18110086 0.076573692 0.65825003
0.18714306 0.076690026 0.65925002
0.19305648 0.076748192 0.65975004
0 0 0
0 0 0
0 0 0
0 0 0
0 0 0
0 0 0
0 0 0
0 0 0
0 0 0
0 0 0
0 0 0
0 0 0
0 0 0
0 0 0
0 0 0
0 0 0
0 0 0
0 0 0
0 0 0
0 0 0
0 0 0
0 0 0
0 0 0
0 0 0
0 0 0
0 0 0
0 0 0
0 0 0
0 0 0
0 0 0
0 0 0
0 0 0
0 0 0
0 0 0
0 0 0
0 0 0
0 0 0
0 0 0
0 0 0
0 0 0
0 0 0
0 0 0
0 0 0
0 0 0
0 0 0
-0 0 0
-0 0 0
-0 0 0
-0 0 0
-0 0 0
-0 0 0
-0 0 0
-0 0 0
-0 0 0
-0 0 0
-0 0 0
-0 0 0
-0 0 0
-0 0 0
-0 0 0
-0 0 0
-0 0 0
-0 0 0
-0 0 0
-0 0 0
-0 0 0
-0 0 0
-0 0 0
-0 0 0
-0 0 0
-0 0 0
-0 0 0
-0 0 0
-0 0 0
-0 0 0
-0 0 0
-0.21066119 0.060784228 0.48600003
-0.20694058 0.060940567 0.48725003
-0.20496592 0.061628453 0.49275002
-0.20167342 0.061941128 0.49525002
-0.19724137 0.061909862 0.49500003
-0.19281371 0.061878596 0.49475002
-0.18953332 0.06222254 0.49750003
-0.18639095 0.062629014 0.50075001
-0.18291909 0.062941693 0.50325
-0.17896011 0.063098036 0.50450003
-0.17515223 0.063316904 0.50625002
-0.17139804 0.063567042 0.50825
-0.16793734 0.063942254 0.51125002
-0.1637847 0.064067326 0.51225001
-0.15969229 0.064223669 0.51350003
-0.15572914 0.064442538 0.51525003
-0.15195549 0.064755216 0.51775002
-0.14820929 0.065099157 0.5205
-0.14400098 0.0652555 0.52175003
-0.14010486 0.065568171 0.52425003
-0.13603574 0.06581831 0.52625
-0.13161944 0.065912113 0.52700001
-0.12737077 0.066099718 0.52850002
-0.12332813 0.066412397 0.53100002
-0.1193535 0.066787608 0.53400004
-0.11500423 0.066975221 0.53550005
-0.11073173 0.067225352 0.53750002
-0.10627629 0.067381695 0.53875005
-0.10194036 0.067631833 0.54075003
-0.097569436 0.067881972 0.54275
-0.093206286 0.06816338 0.54500002
-0.088884905 0.068507329 0.54775006
-0.084246747 0.068632402 0.54875004
-0.079663478 0.068820007 0.55025005
-0.075326018 0.069257751 0.55375004
-0.070863679 0.069632955 0.55675
-0.066200688 0.069851838 0.55850005
-0.061369848 0.069914371 0.55900002
-0.05670708 0.070195779 0.56125003
-0.05188958 0.070320845 0.56225002
-0.047179904 0.070633523 0.56475002
-0.042332992 0.070789866 0.56600004
-0.037629317 0.071258873 0.56975001
-0.032702468 0.071383946 0.57075
-0.027818814 0.071665354 0.57300001
-0.022846039 0.07179042 0.574
-0.017879061 0.072009303 0.57575005
-0.012881463 0.072228178 0.57750005
-0.00784308 0.072353244 0.57850003
-0.0027884026 0.072509579 0.57975
0.0022950363 0.072884791 0.58275002
0.0074309632 0.073260009 0.58575004
0.012651528 0.073822819 0.59025002
0 0 0
0.023085542 0.074166767 0.59300005
0.028273078 0.074166767 0.59300005
0 0 0
0 0 0
0 0 0
0 0 0
0 0 0
0 0 0
0 0 0
0 0 0
0 0 0
0 0 0
0 0 0
0 0 0
0 0 0
0 0 0
0 0 0
0 0 0
0.13020869 0.082921699 0.66300005
0.13636757 0.083140567 0.66475004
0.14143416 0.082702823 0.66125005
0.14643951 0.082265072 0.65775001
0.15184641 0.082077473 0.65625006
0.15722704 0.081889868 0.65475005
0.16270587 0.081764787 0.65375
0.16848926 0.081796065 0.65400004
0.17460999 0.081983671 0.65550005
0.18089452 0.082233809 0.65750003
0.18714306 0.082452677 0.65925002
0 0 0
0 0 0
0 0 0
0 0 0
0 0 0
0 0 0
0 0 0
0 0 0
0 0 0
0 0 0
0 0 0
0 0 0
0 0 0
0 0 0
0 0 0
0 0 0
0 0 0
0 0 0
0 0 0
0 0 0
0 0 0
0 0 0
0 0 0
0 0 0
0 0 0
0 0 0
0 0 0
0 0 0
0 0 0
0 0 0
0 0 0
0 0 0
0 0 0
0 0 0
0 0 0
0 0 0
0 0 0
0 0 0
0 0 0
0 0 0
0 0 0
0 0 0
0 0 0
0 0 0
0 0 0
0 0 0
-0 0 0
-0 0 0
-0 0 0
-0 0 0
-0 0 0
-0 0 0
-0 0 0
-0 0 0
-0 0 0
-0 0 0
-0 0 0
-0 0 0
-0 0 0
-0 0 0
-0 0 0
-0 0 0
-0 0 0
-0 0 0
-0 0 0
-0 0 0
-0 0 0
-0 0 0
-0 0 0
-0 0 0
-0 0 0
-0 0 0
-0 0 0
-0 0 0
-0 0 0
-0 0 0
-0 0 0
-0 0 0
-0.20895794 0.065835334 0.49200001
-0.2063178 0.066370584 0.49600002
-0.20248784 0.06653785 0.49725002
-0.19823754 0.066571303 0.49750003
-0.19417773 0.066671662 0.49825004
-0.19039051 0.066872373 0.49975002
-0.18676318 0.067140006 0.50175005
-0.18364605 0.067608342 0.50525004
-0.18020165 0.067976318 0.50800002
-0.17644966 0.068243951 0.51000005
-0.17249404 0.068444662 0.5115
-0.16884066 0.068779193 0.514
-0.16490379 0.069013365 0.51575005
-0.16093625 0.069247536 0.51750004
-0.15678698 0.069414794 0.51875001
-0.15305609 0.069782786 0.52150005
-0.14927708 0.070150763 0.52425003
-0.14496696 0.070284575 0.52525002
-0.14130746 0.070752911 0.52875
-0.13681124 0.070819817 0.52925003
-0.13218139 0.070819817 0.52925003
-0.12833481 0.071254708 0.53250003
-0.12408296 0.07148888 0.53425002
-0.11991227 0.071789958 0.53650004
-0.11554113 0.071990676 0.53800005
-0.11134977 0.072325207 0.54050004
-0.10711466 0.072659731 0.54300004
-0.10260016 0.072826996 0.54425001
-0.098063804 0.072994262 0.54550004
-0.093633838 0.073261879 0.54750001
-0.089168884 0.073529512 0.54950005
-0.084668942 0.073797129 0.55150002
-0.08002542 0.073964395 0.55275005
-0.075462043 0.074232019 0.55475003
-0.070959136 0.074599996 0.5575
-0.066289581 0.074834168 0.55925
-0.061589424 0.075068347 0.56100005
-0.056883894 0.075335965 0.56300002
-0.05207416 0.07550323 0.56425005
-0.047284331 0.075737402 0.56600004
-0.042426482 0.07590466 0.56725001
-0.037777923 0.076540269 0.57200003
-0.032845713 0.076707534 0.57325006
-0.027903777 0.076908246 0.57475001
-0.022945544 0.077142417 0.5765
-0.017941168 0.077309683 0.57775003
-0.012926075 0.077543855 0.57950002
-0.0078769736 0.077744573 0.58100003
-0.0028100461 0.078179464 0.58425003
0.0023127587 0.078580901 0.58725005
0.007475365 0.078848518 0.58925003
0.012699756 0.079283409 0.59250003
0.017996099 0.079785205 0.59625006
0.023289924 0.080052823 0.59825003
0 0 0
0 0 0
0 0 0
0 0 0
0 0 0
0 0 0
0 0 0
0 0 0
0 0 0
0 0 0
0 0 0
0 0 0
0 0 0
0 0 0
0 0 0
0.11905614 0.089051664 0.66550004
0.12469026 0.088917851 0.66450006
0.12966859 0.088349141 0.66025001
0.13508543 0.088114977 0.65850002
0.14111333 0.088282242 0.65975004
0.14666216 0.088148437 0.65875006
0.15184641 0.087813906 0.65625006
0.15728708 0.087646633 0.65500003
0.16301699 0.087646633 0.65500003
0.16861807 0.087579727 0.65450001
0.17447679 0.087646633 0.65500003
0.18130721 0.088181883 0.65900004
0.1870721 0.088181883 0.65900004
0.19320278 0.088349141 0.66025001
0.19950601 0.08858332 0.66200006
0 0 0
0 0 0
0 0 0
0 0 0
0 0 0
0 0 0
0 0 0
0 0 0
0 0 0
0 0 0
0 0 0
0 0 0
0 0 0
0 0 0
0 0 0
0 0 0
0 0 0
0 0 0
0 0 0
0 0 0
0 0 0
0 0 0
0 0 0
0 0 0
0 0 0
0 0 0
0 0 0
0 0 0
0 0 0
0 0 0
0 0 0
0 0 0
0 0 0
0 0 0
0 0 0
0 0 0
0 0 0
0 0 0
0 0 0
0 0 0
0 0 0
0 0 0
0 0 0
0 0 0
-0 0 0
-0 0 0
-0 0 0
-0 0 0
-0 0 0
-0 0 0
-0 0 0
-0 0 0
-0 0 0
-0 0 0
-0 0 0
-0 0 0
-0 0 0
-0 0 0
-0 0 0
-0 0 0
-0 0 0
-0 0 0
-0 0 0
-0 0 0
-0 0 0
-0 0 0
-0 0 0
-0 0 0
-0 0 0
-0 0 0
-0 0 0
-0 0 0
-0 0 0
-0 0 0
-0 0 0
-0 0 0
-0 0 0
-0 0 0
-0.20340408 0.071205169 0.49950004
-0.19943294 0.071347721 0.50050002
-0.19612631 0.071739741 0.50325
-0.19210489 0.0718823 0.50425005
-0.18806596 0.072024852 0.50525004
-0.18428214 0.072274312 0.50700003
-0.18117715 0.072808884 0.51075
-0.17766058 0.073200911 0.51350003
-0.17367437 0.073414743 0.51500005
-0.17056522 0.074020587 0.51925004
-0.16634259 0.074163139 0.52025002
-0.16210245 0.074305691 0.52125001
-0.1576937 0.074376971 0.52175003
-0.15430343 0.074947186 0.52575004
-0.14991775 0.075054102 0.52650005
-0.14572595 0.075267918 0.528
-0.14190878 0.075695582 0.53100002
-0.13706975 0.075588666 0.53025001
-0.13268088 0.075731218 0.53125
-0.12887706 0.076230161 0.53475004
-0.125012 0.076729096 0.53825003
-0.12052691 0.076871641 0.53925002
-0.11645386 0.077299304 0.54225004
-0.11201931 0.077513136 0.54375005
-0.10741056 0.077620052 0.54450005
-0.10302433 0.077905156 0.54650003
-0.098513231 0.078118987 0.54800004
-0.093890369 0.078261539 0.54900002
-0.089412287 0.078546636 0.551
-0.085091129 0.079009935 0.55425
-0.080170192 0.078938663 0.55375004
-0.075700097 0.079330683 0.55650002
-0.071086429 0.079615794 0.55850005
-0.066556282 0.080043443 0.56150001
-0.061918773 0.080399826 0.56400001
-0.057060707 0.080506742 0.56475002
-0.052281808 0.08075621 0.56650001
-0.047409642 0.080898769 0.56750005
-0.042669557 0.081326425 0.57050002
-0.037860479 0.081718445 0.57325006
-0.032903012 0.081860997 0.57425004
-0.028013013 0.082253017 0.57700002
-0.023074899 0.082645036 0.57975
-0.018042091 0.082823232 0.58100003
-0.012981839 0.082965776 0.58200002
-0.0079108682 0.083179608 0.58350003
-0.0028184629 0.083535992 0.58600003
0.0023176814 0.083892375 0.58850002
0.0075102518 0.084391311 0.59200001
0.012806927 0.08517535 0.59750003
0.018139463 0.085674286 0.60100001
0 0 0
0 0 0
0 0 0
0 0 0
0 0 0
0 0 0
0 0 0
0 0 0
0 0 0
0 0 0
0 0 0
0 0 0
0 0 0
0 0 0
0.10878453 0.096080646 0.67400002
0.11374483 0.095296606 0.66850001
0.11910087 0.094904587 0.66575003
0.12445571 0.094548203 0.66325003
0.13001229 0.094370015 0.66200006
0.13559829 0.094227456 0.66100001
0.14095291 0.093942352 0.65900004
0.14621687 0.093621612 0.65675002
0.15161501 0.09340778 0.65525001
0.15656666 0.09294448 0.65200001
0.16220812 0.092908844 0.65175003
0.16810282 0.09301576 0.65250003
0.17401063 0.093122676 0.65325004
0.18075694 0.093657248 0.65700001
0.18700114 0.093906723 0.65875006
0 0 0
0 0 0
0 0 0
0 0 0
0 0 0
0 0 0
0 0 0
0 0 0
0 0 0
0 0 0
0 0 0
0 0 0
0 0 0
0 0 0
0 0 0
0 0 0
0 0 0
0 0 0
0 0 0
0 0 0
0 0 0
0 0 0
0 0 0
0 0 0
0 0 0
0 0 0
0 0 0
0 0 0
0 0 0
0 0 0
0 0 0
0 0 0
0 0 0
0 0 0
0 0 0
0 0 0
0 0 0
0 0 0
0 0 0
0 0 0
0 0 0
0 0 0
0 0 0
0 0 0
0 0 0
0 0 0
-0 0 0
-0 0 0
-0 0 0
-0 0 0
-0 0 0
-0 0 0
-0 0 0
-0 0 0
-0 0 0
-0 0 0
-0 0 0
-0 0 0
-0 0 0
-0 0 0
-0 0 0
-0 0 0
-0 0 0
-0 0 0
-0 0 0
-0 0 0
-0 0 0
-0 0 0
-0 0 0
-0 0 0
-0 0 0
-0 0 0
-0 0 0
-0 0 0
-0 0 0
-0 0 0
-0 0 0
-0 0 0
-0 0 0
-0 0 0
-0 0 0
-0.1998314 0.075874001 0.50150001
-0.19739291 0.076630466 0.50650001
-0.1932478 0.076743938 0.50725001
-0.18871735 0.076706119 0.50700003
-0.1858269 0.077349119 0.51125002
-0.18224134 0.077727355 0.51375002
-0.17835253 0.077992119 0.51550001
-0.17451745 0.078294709 0.51750004
-0.17064734 0.078597292 0.51950002
-0.16674227 0.07889989 0.52150005
-0.16311315 0.079353765 0.52450001
-0.15890267 0.079542883 0.52575004
-0.15467028 0.079732001 0.52700001
-0.15055841 0.079996765 0.52875
-0.14676094 0.080450647 0.53175002
-0.14251009 0.080677591 0.53325003
-0.13810375 0.080828883 0.53425002
-0.13405453 0.081207119 0.53675002
-0.12990133 0.081547529 0.53900003
-0.12553456 0.081774473 0.54050004
-0.12136507 0.082152709 0.54300004
-0.11699077 0.082417473 0.54475003
-0.11243133 0.082568765 0.54575002
-0.1078544 0.082720056 0.54675001
-0.10330711 0.082909182 0.54800004
-0.098692991 0.083060473 0.54900002
-0.093975887 0.083136119 0.54950005
-0.089696273 0.083627827 0.55275005
-0.085321419 0.084081702 0.55575001
-0.080568328 0.084195174 0.55650002
-0.076244213 0.084800355 0.56050003
-0.071404628 0.084876001 0.56100005
-0.066674814 0.085102938 0.5625
-0.062056009 0.085519001 0.56525004
-0.057262786 0.085745946 0.56675005
-0.052466389 0.086010709 0.56850004
-0.047660265 0.086313292 0.57050002
-0.042837843 0.086653709 0.57275003
-0.0378935 0.086805001 0.57375002
-0.032945983 0.086994119 0.57500005
-0.028085837 0.087523647 0.57850003
-0.0231346 0.087939702 0.58125001
-0.018088672 0.088128828 0.58250004
-0.013043179 0.088469237 0.58475006
-0.0079413727 0.088620536 0.58575004
-0 0 0
0 0 0
0 0 0
0 0 0
0 0 0
0 0 0
0 0 0
0 0 0
0 0 0
0 0 0
0 0 0
0 0 0
0 0 0
0 0 0
0 0 0
0 0 0
0 0 0
0.097424015 0.10242612 0.67700005
0.10327005 0.10235047 0.67650002
0.10874418 0.10193442 0.67375004
0.11421274 0.10155618 0.67125005
0.11945867 0.10102665 0.66775006
0.12436187 0.10027017 0.66275001
0.12986501 0.10004324 0.66125005
0.13518801 0.099702828 0.65900004
0.14036472 0.099286772 0.65625006
0.1454933 0.098870702 0.65350002
0.15057379 0.098454647 0.65075004
0.15674677 0.098757237 0.65275002
0.16270587 0.098908529 0.65375
0.16881129 0.099135466 0.65525001
0.17494294 0.099362411 0.65675002
0.18130721 0.099702828 0.65900004
0.18714306 0.099740647 0.65925002
0 0 0
0 0 0
0 0 0
0 0 0
0 0 0
0 0 0
0 0 0
0 0 0
0 0 0
0 0 0
0 0 0
0 0 0
0 0 0
0 0 0
0 0 0
0 0 0
0 0 0
0 0 0
0 0 0
0 0 0
0 0 0
0 0 0
0 0 0
0 0 0
0 0 0
0 0 0
0 0 0
0 0 0
0 0 0
0 0 0
0 0 0
0 0 0
0 0 0
0 0 0
0 0 0
0 0 0
0 0 0
0 0 0
0 0 0
0 0 0
0 0 0
0 0 0
0 0 0
0 0 0
0 0 0
0 0 0
-0 0 0
-0 0 0
-0 0 0
-0 0 0
-0 0 0
-0 0 0
-0 0 0
-0 0 0
-0 0 0
-0 0 0
-0 0 0
-0 0 0
-0 0 0
-0 0 0
-0 0 0
-0 0 0
-0 0 0
-0 0 0
-0 0 0
-0 0 0
-0 0 0
-0 0 0
-0 0 0
-0 0 0
-0 0 0
-0 0 0
-0 0 0
-0 0 0
-0 0 0
-0 0 0
-0 0 0
-0 0 0
-0 0 0
-0 0 0
-0 0 0
-0 0 0
-0 0 0
-0.19372402 0.081377976 0.50850004
-0.19076459 0.082018122 0.51250005
-0.18755342 0.082578242 0.51600003
-0.18330553 0.082698271 0.51675004
-0.17913099 0.082858302 0.51775002
-0.1750233 0.08305835 0.51900005
-0.17138644 0.083498448 0.52175003
-0.16778141 0.083978556 0.52475005
-0.16350189 0.084138587 0.52575004
-0.15935603 0.084378645 0.52725005
-0.15525727 0.084658705 0.52900004
-0.1516974 0.085258827 0.53275001
-0.14738193 0.085458882 0.53400004
-0.14297777 0.085618913 0.53500003
-0.13881461 0.085938975 0.537
-0.13455404 0.08621905 0.53875005
-0.13020258 0.086459093 0.54025
-0.12576683 0.086659141 0.54150003
-0.1215327 0.087019227 0.54375005
-0.1172592 0.087379299 0.546
-0.11263734 0.087499328 0.54675001
-0.10805167 0.087659366 0.54775006
-0.1034485 0.087819397 0.54875004
-0.09896265 0.088099465 0.55050004
-0.094488941 0.088419527 0.55250001
-0.090183087 0.088939644 0.55575001
-0.085513331 0.089139692 0.55700004
-0.08100266 0.089539781 0.55950004
-0.076448254 0.08993987 0.56200004
-0.071531907 0.08993987 0.56200004
-0.066793352 0.09017992 0.56350005
-0.062303025 0.090820067 0.56750005
-0.057414338 0.090940081 0.56825
-0.052604824 0.091220155 0.57000005
-0.047890007 0.091740265 0.57325006
-0.042875241 0.091740265 0.57325006
-0.037959546 0.091980316 0.57475001
-0.033146523 0.092580453 0.57850003
-0.02812225 0.092700481 0.57925004
-0.0231346 0.093020543 0.58125001
-0.018119726 0.09338063 0.58350003
-0.013076637 0.093820721 0.58625001
-0 0 0
-0 0 0
0 0 0
0 0 0
0 0 0
0 0 0
0 0 0
0 0 0
0 0 0
0 0 0
0 0 0
0 0 0
0 0 0
0 0 0
0 0 0
0 0 0
0 0 0
0 0 0
0 0 0
0.10327005 0.10826391 0.67650002
0.10894593 0.10802386 0.67500001
0.11442542 0.10762377 0.67250001
0.11990591 0.1072637 0.67025006
0.12487791 0.10650352 0.66550004
0.12961951 0.10562333 0.66000003
0.13518801 0.1054633 0.65900004
0.14031124 0.10498319 0.65600002
0.14610556 0.10502321 0.65625006
0.1517307 0.10494318 0.65575004
0.15764728 0.10506321 0.65650004
0.1633281 0.10502321 0.65625006
0.16919774 0.10510322 0.65675002
0.17554229 0.1054633 0.65900004
0.1817199 0.10570335 0.66050005
0.18799469 0.10598341 0.66225004
0.19437326 0.10630348 0.66425002
0 0 0
0 0 0
0 0 0
0 0 0
0 0 0
0 0 0
0 0 0
0 0 0
0 0 0
0 0 0
0 0 0
0 0 0
0 0 0
0 0 0
0 0 0
0 0 0
0 0 0
0 0 0
0 0 0
0 0 0
0 0 0
0 0 0
0 0 0
0 0 0
0 0 0
0 0 0
0 0 0
0 0 0
0 0 0
0 0 0
0 0 0
0 0 0
0 0 0
0 0 0
0 0 0
0 0 0
0 0 0
0 0 0
0 0 0
0 0 0
0 0 0
0 0 0
0 0 0
0 0 0
0 0 0
-0 0 0
-0 0 0
-0 0 0
-0 0 0
-0 0 0
-0 0 0
-0 0 0
-0 0 0
-0 0 0
-0 0 0
-0 0 0
-0 0 0
-0 0 0
-0 0 0
-0 0 0
-0 0 0
-0 0 0
-0 0 0
-0 0 0
-0 0 0
-0 0 0
-0 0 0
-0 0 0
-0 0 0
-0 0 0
-0 0 0
-0 0 0
-0 0 0
-0 0 0
-0 0 0
-0 0 0
-0 0 0
-0 0 0
-0 0 0
-0 0 0
-0 0 0
-0 0 0
-0 0 0
-0.19225347 0.087173097 0.5165
-0.18818949 0.087384075 0.51775002
-0.18383762 0.087468468 0.51825005
-0.17964996 0.087637238 0.51925004
-0.17578205 0.087974787 0.52125001
-0.17228976 0.088523313 0.52450001
-0.16842087 0.088903062 0.52675003
-0.16404612 0.089029647 0.52750003
-0.15965827 0.089156233 0.52825004
-0.15584426 0.089620359 0.53100002
-0.15212452 0.090168886 0.53425002
-0.14772692 0.090337664 0.53525001
-0.14324501 0.090464242 0.53600001
-0.13907313 0.090801805 0.53800005
-0.13474134 0.091054961 0.5395
-0.13032308 0.091265939 0.54075003
-0.12594102 0.091519102 0.54225004
-0.1215327 0.091772266 0.54375005
-0.11736659 0.0922364 0.54650003
-0.11289486 0.09248957 0.54800004
-0.1081503 0.092531756 0.54825002
-0.10368413 0.092827119 0.55000001
-0.099232301 0.093164675 0.55200005
-0.094745472 0.093502223 0.55400002
-0.090385929 0.094008557 0.55700004
-0.08566685 0.094177336 0.55800003
-0.081256017 0.094725855 0.56125003
-0.076686308 0.095147796 0.56375003
-0.071881928 0.095316574 0.56475002
-0.067060046 0.095485345 0.56575
-0.062440254 0.095991679 0.56875002
-0.057540637 0.096118264 0.56950003
-0.052650966 0.096287034 0.57050002
-0.047931772 0.096835561 0.57375002
-0.043080922 0.09721531 0.57600003
-0.03825675 0.097763836 0.57925004
-0.033318419 0.098143585 0.58150005
-0.028170798 0.097932607 0.58025002
-0 0 0
-0 0 0
-0 0 0
-0 0 0
-0 0 0
0 0 0
0 0 0
0 0 0
0 0 0
0 0 0
0 0 0
0 0 0
0 0 0
0 0 0
0 0 0
0 0 0
0 0 0
0 0 0
0 0 0
0 0 0
0 0 0
0 0 0
0 0 0
0.10894593 0.11392419 0.67500001
0.11446797 0.11354445 0.67275006
0.11945867 0.11270057 0.66775006
0.12483099 0.11227862 0.66525
0.13011049 0.11181448 0.66250002
0.135906 0.11181448 0.66250002
0.14100638 0.11126596 0.65925002
0.14677347 0.11126596 0.65925002
0.15230916 0.11109719 0.65825003
0.15794744 0.11101279 0.65775001
0.16382584 0.11109719 0.65825003
0.16964859 0.11113937 0.65850002
0.17567548 0.11130815 0.6595
0.18227014 0.11181448 0.66250002
0.18870437 0.11219423 0.66475004
0.19459273 0.11223643 0.66500002
0 0 0
0 0 0
0 0 0
0 0 0
0 0 0
0 0 0
0 0 0
0 0 0
0 0 0
0 0 0
0 0 0
0 0 0
0 0 0
0 0 0
0 0 0
0 0 0
0 0 0
0 0 0
0 0 0
0 0 0
0 0 0
0 0 0
0 0 0
0 0 0
0 0 0
0 0 0
0 0 0
0 0 0
0 0 0
0 0 0
0 0 0
0 0 0
0 0 0
0 0 0
0 0 0
0 0 0
0 0 0
0 0 0
0 0 0
0 0 0
0 0 0
0 0 0
0 0 0
0 0 0
0 0 0
-0 0 0
-0 0 0
-0 0 0
-0 0 0
-0 0 0
-0 0 0
-0 0 0
-0 0 0
-0 0 0
-0 0 0
-0 0 0
-0 0 0
-0 0 0
-0 0 0
-0 0 0
-0 0 0
-0 0 0
-0 0 0
-0 0 0
-0 0 0
-0 0 0
-0 0 0
-0 0 0
-0 0 0
-0 0 0
-0 0 0
-0 0 0
-0 0 0
-0 0 0
-0 0 0
-0 0 0
-0 0 0
-0 0 0
-0 0 0
-0 0 0
-0 0 0
-0 0 0
-0 0 0
-0 0 0
-0 0 0
-0.18428102 0.0922205 0.51950002
-0.1806014 0.092664294 0.52200001
-0.17679375 0.093063712 0.52425003
-0.1728646 0.093418747 0.52625
-0.16866067 0.093640648 0.52750003
-0.16443485 0.093862541 0.52875
-0.16018718 0.094084442 0.53000003
-0.15643124 0.094616994 0.53300005
-0.15226689 0.094927654 0.53475004
-0.14814092 0.095282681 0.53675002
-0.1437127 0.095460199 0.53775001
-0.13926701 0.095637724 0.53875005
-0.13486622 0.095859617 0.54000002
-0.13050383 0.096125893 0.54150003
-0.12634747 0.096569687 0.54400003
-0.12175621 0.096702829 0.54475003
-0.11731291 0.096969105 0.54625005
-0.11299786 0.097368516 0.5485
-0.10839688 0.097546041 0.54950005
-0.10391978 0.097856693 0.55125004
-0.099546894 0.098300487 0.55375004
-0.095173024 0.098788656 0.55650002
-0.090588763 0.099099316 0.55825001
-0.085858755 0.099276833 0.55925
-0.081328414 0.099720635 0.56175005
-0.076754324 0.10016443 0.56425005
-0.07210467 0.10056384 0.56650001
-0.067386016 0.10091887 0.56850004
-0.062659822 0.10131828 0.57075
-0.05771745 0.10140705 0.57125002
-0.053043194 0.10202836 0.57475001
-0.048182398 0.1023834 0.57675004
-0.043342698 0.10287157 0.57950002
-0.03835582 0.10309348 0.58075005
-0 0 0
-0 0 0
-0 0 0
-0 0 0
-0 0 0
-0 0 0
-0 0 0
0 0 0
0 0 0
0 0 0
0 0 0
0 0 0
0 0 0
0 0 0
0 0 0
0 0 0
0 0 0
0 0 0
0 0 0
0 0 0
0 0 0
0 0 0
0 0 0
0 0 0
0.10430045 0.12128904 0.68325001
0.10890558 0.11978015 0.67475003
0.11451051 0.11946949 0.67300004
0.11968228 0.11875942 0.66900003
0.12534702 0.1185819 0.66800004
0.13089606 0.11831562 0.66650003
0.13647014 0.11809372 0.66525
0.14186193 0.11773869 0.66325003
0.14744139 0.11756117 0.66225004
0.15277193 0.11720613 0.66025001
0.15788741 0.11671796 0.65750003
0 0 0
0 0 0
0 0 0
0 0 0
0 0 0
0 0 0
0 0 0
0 0 0
0 0 0
0 0 0
0 0 0
0 0 0
0 0 0
0 0 0
0 0 0
0 0 0
0 0 0
0 0 0
0 0 0
0 0 0
0 0 0
0 0 0
0 0 0
0 0 0
0 0 0
0 0 0
0 0 0
0 0 0
0 0 0
0 0 0
0 0 0
0 0 0
0 0 0
0 0 0
0 0 0
0 0 0
0 0 0
0 0 0
0 0 0
0 0 0
0 0 0
0 0 0
0 0 0
0 0 0
0 0 0
0 0 0
0 0 0
0 0 0
0 0 0
0 0 0
0 0 0
-0 0 0
-0 0 0
-0 0 0
-0 0 0
-0 0 0
-0 0 0
-0 0 0
-0 0 0
-0 0 0
-0 0 0
-0 0 0
-0 0 0
-0 0 0
-0 0 0
-0 0 0
-0 0 0
-0 0 0
-0 0 0
-0 0 0
-0 0 0
-0 0 0
-0 0 0
-0 0 0
-0 0 0
-0 0 0
-0 0 0
-0 0 0
-0 0 0
-0 0 0
-0 0 0
-0 0 0
-0 0 0
-0 0 0
-0 0 0
-0 0 0
-0 0 0
-0 0 0
-0 0 0
-0 0 0
-0 0 0
-0 0 0
-0 0 0
-0.17738391 0.097972251 0.52600002
-0.17302884 0.09811195 0.52675003
-0.16890047 0.098391339 0.52825004
-0.16490133 0.098763853 0.53025001
-0.16094278 0.099182941 0.53250003
-0.15679809 0.099508889 0.53425002
-0.15240926 0.099695146 0.53525001
-0.14862391 0.10030049 0.53850001
-0.14418037 0.10048675 0.5395
-0.13965474 0.10062644 0.54025
-0.13524085 0.10085927 0.54150003
-0.1312871 0.10146461 0.54475003
-0.12663777 0.10155774 0.54525
-0.12197971 0.10165087 0.54575002
-0.11742028 0.10183713 0.54675001
-0.11315237 0.10230277 0.54925001
-0.10889004 0.10281499 0.55200005
-0.10434394 0.10309438 0.5535
-0.10013115 0.10374629 0.55700004
-0.095515072 0.10402568 0.55850005
-0.090872742 0.10430506 0.56
-0.086204186 0.10458445 0.56150001
-0.081545569 0.1049104 0.56325001
-0.077060379 0.10551574 0.56650001
-0.072295591 0.10579513 0.56800002
-0.067652717 0.10630734 0.57075
-0.062961735 0.10681956 0.57350004
-0.058096342 0.10709895 0.57500005
-0.053250846 0.10747147 0.57700002
-0.048245054 0.1075646 0.57750005
-0 0 0
-0 0 0
-0 0 0
-0 0 0
-0 0 0
-0 0 0
-0 0 0
-0 0 0
-0 0 0
0 0 0
0 0 0
0 0 0
0 0 0
0 0 0
0 0 0
0 0 0
0 0 0
0 0 0
0 0 0
0 0 0
0 0 0
0 0 0
0 0 0
0 0 0
0 0 0
0 0 0
0 0 0
0 0 0
0 0 0
0.12044259 0.12539889 0.67325002
0.12544084 0.12451416 0.66850001
0.13114156 0.12437448 0.66775006
0.13698301 0.12437448 0.66775006
0.14303833 0.12456074 0.66875005
0 0 0
0 0 0
0 0 0
0 0 0
0 0 0
0 0 0
0 0 0
0 0 0
0 0 0
0 0 0
0 0 0
0 0 0
0 0 0
0 0 0
0 0 0
0 0 0
0 0 0
0 0 0
0 0 0
0 0 0
0 0 0
0 0 0
0 0 0
0 0 0
0 0 0
0 0 0
0 0 0
0 0 0
0 0 0
0 0 0
0 0 0
0 0 0
0 0 0
0 0 0
0 0 0
0 0 0
0 0 0
0 0 0
0 0 0
0 0 0
0 0 0
0 0 0
0 0 0
0 0 0
0 0 0
0 0 0
0 0 0
0 0 0
0 0 0
0 0 0
0 0 0
0 0 0
0 0 0
0 0 0
-0 0 0
-0 0 0
-0 0 0
-0 0 0
-0 0 0
-0 0 0
-0 0 0
-0 0 0
-0 0 0
-0 0 0
-0 0 0
-0 0 0
-0 0 0
-0 0 0
-0 0 0
-0 0 0
-0 0 0
-0 0 0
-0 0 0
-0 0 0
-0 0 0
-0 0 0
-0 0 0
-0 0 0
-0 0 0
-0 0 0
-0 0 0
-0 0 0
-0 0 0
-0 0 0
-0 0 0
-0 0 0
-0 0 0
-0 0 0
-0 0 0
-0 0 0
-0 0 0
-0 0 0
-0 0 0
-0 0 0
-0 0 0
-0 0 0
-0 0 0
-0.1731931 0.1028139 0.52725005
-0.16930014 0.10325264 0.52950001
-0.16536781 0.10369139 0.53175002
-0.16132058 0.10408139 0.53375
-0.15716498 0.10442265 0.53550005
-0.1527652 0.10461765 0.53650004
-0.14883091 0.1051539 0.53925002
-0.14444764 0.10539765 0.54050004
-0.13991326 0.1055439 0.54125005
-0.1354906 0.10578764 0.54250002
-0.13146786 0.10637265 0.54550004
-0.12669586 0.10637265 0.54550004
-0.12214735 0.10656765 0.54650003
-0.11774242 0.1069089 0.54825002
-0.11340989 0.10734765 0.55050004
-0.10903799 0.1077864 0.55275005
-0.1047681 0.1083714 0.55575001
-0.10026597 0.10876141 0.55775005
-0.095600575 0.10900515 0.55900002
-0.091156729 0.10954141 0.56175005
-0.086587995 0.10998015 0.56400001
-0.081979901 0.1104189 0.56625003
-0.077230424 0.1107114 0.56775004
-0.072709255 0.11139391 0.57125002
-0.067949057 0.11178391 0.57325006
-0.063153856 0.11217391 0.57525003
-0.058222637 0.1123689 0.57625002
-0 0 0
-0 0 0
-0 0 0
-0 0 0
-0 0 0
-0 0 0
-0 0 0
-0 0 0
-0 0 0
-0 0 0
-0 0 0
0 0 0
0 0 0
0 0 0
0 0 0
0 0 0
0 0 0
0 0 0
0 0 0
0 0 0
0 0 0
0 0 0
0 0 0
0 0 0
0 0 0
0 0 0
0 0 0
0 0 0
0 0 0
0 0 0
0 0 0
0.12084512 0.13172269 0.67550004
0.12619142 0.13113768 0.67250001
0 0 0
0 0 0
0 0 0
0 0 0
0 0 0
0.16611196 0.13489144 0.69175005
0 0 0
0 0 0
0 0 0
0 0 0
0 0 0
0 0 0
0 0 0
0 0 0
0 0 0
0 0 0
0 0 0
0 0 0
0 0 0
0 0 0
0 0 0
0 0 0
0 0 0
0 0 0
0 0 0
0 0 0
0 0 0
0 0 0
0 0 0
0 0 0
0 0 0
0 0 0
0 0 0
0 0 0
0 0 0
0 0 0
0 0 0
0 0 0
0 0 0
0 0 0
0 0 0
0 0 0
0 0 0
0 0 0
0 0 0
0 0 0
0 0 0
0 0 0
0 0 0
0 0 0
0 0 0
0 0 0
0 0 0
0 0 0
0 0 0
0 0 0
0 0 0
-0 0 0
-0 0 0
-0 0 0
-0 0 0
-0 0 0
-0 0 0
-0 0 0
-0 0 0
-0 0 0
-0 0 0
-0 0 0
-0 0 0
-0 0 0
-0 0 0
-0 0 0
-0 0 0
-0 0 0
-0 0 0
-0 0 0
-0 0 0
-0 0 0
-0 0 0
-0 0 0
-0 0 0
-0 0 0
-0 0 0
-0 0 0
-0 0 0
-0 0 0
-0 0 0
-0 0 0
-0 0 0
-0 0 0
-0 0 0
-0 0 0
-0 0 0
-0 0 0
-0 0 0
-0 0 0
-0 0 0
-0 0 0
-0 0 0
-0 0 0
-0 0 0
-0 0 0
-0.16598979 0.10874702 0.53375
-0.16154726 0.10889982 0.5345
-0.15731171 0.10920544 0.53600001
-0.15333468 0.1097148 0.53850001
-0.1491069 0.11007134 0.54025
-0.14451444 0.11017322 0.54075003
-0.14010714 0.1104279 0.54200006
-0.13530329 0.11037695 0.54175001
-0.13110635 0.11083537 0.54400003
-0.12675391 0.11119192 0.54575002
-0.12225911 0.1114466 0.54700005
-0.11827932 0.11221063 0.55075002
-0.1136674 0.11241437 0.55175
-0.10928456 0.11287279 0.55400002
-0.10509801 0.11358588 0.5575
-0.10044574 0.11384057 0.55875003
-0.095771596 0.11409523 0.56
-0.091400132 0.1147574 0.56325001
-0.086779907 0.11516488 0.56525004
-0.082052298 0.1154705 0.56675005
-0.077196419 0.11562331 0.56750005
-0.072900176 0.11669295 0.57275003
-0 0 0
-0 0 0
-0 0 0
-0 0 0
-0 0 0
-0 0 0
-0 0 0
-0 0 0
-0 0 0
-0 0 0
-0 0 0
-0 0 0
-0 0 0
-0 0 0
0 0 0
0 0 0
0 0 0
0 0 0
0 0 0
0 0 0
0 0 0
0 0 0
0 0 0
0 0 0
0 0 0
0 0 0
0 0 0
0 0 0
0 0 0
0 0 0
0 0 0
0 0 0
0 0 0
0 0 0
0 0 0
0 0 0
0 0 0
0 0 0
0 0 0
0.15523367 0.14205876 0.69725001
0.16017625 0.14104006 0.69225001
0.16605192 0.14088725 0.69150001
0.17191449 0.14073445 0.69075006
0.17750627 0.14037789 0.68900001
0 0 0
0 0 0
0 0 0
0 0 0
0 0 0
0 0 0
0 0 0
0 0 0
0 0 0
0 0 0
0 0 0
0 0 0
0 0 0
0 0 0
0 0 0
0 0 0
0 0 0
0 0 0
0 0 0
0 0 0
0 0 0
0 0 0
0 0 0
0 0 0
0 0 0
0 0 0
0 0 0
0 0 0
0 0 0
0 0 0
0 0 0
0 0 0
0 0 0
0 0 0
0 0 0
0 0 0
0 0 0
0 0 0
0 0 0
0 0 0
0 0 0
0 0 0
0 0 0
0 0 0
0 0 0
0 0 0
0 0 0
0 0 0
0 0 0
-0 0 0
-0 0 0
-0 0 0
-0 0 0
-0 0 0
-0 0 0
-0 0 0
-0 0 0
-0 0 0
-0 0 0
-0 0 0
-0 0 0
-0 0 0
-0 0 0
-0 0 0
-0 0 0
-0 0 0
-0 0 0
-0 0 0
-0 0 0
-0 0 0
-0 0 0
-0 0 0
-0 0 0
-0 0 0
-0 0 0
-0 0 0
-0 0 0
-0 0 0
-0 0 0
-0 0 0
-0 0 0
-0 0 0
-0 0 0
-0 0 0
-0 0 0
-0 0 0
-0 0 0
-0 0 0
-0 0 0
-0 0 0
-0 0 0
-0 0 0
-0 0 0
-0 0 0
-0 0 0
-0.16169839 0.11367826 0.53500003
-0.15767859 0.11415635 0.53725004
-0.15347706 0.11452819 0.53900003
-0.14945191 0.1150594 0.54150003
-0.14518256 0.11543124 0.54325002
-0.14062412 0.11559061 0.54400003
-0.13567792 0.11543124 0.54325002
-0.1312871 0.11574997 0.54475003
-0.12687004 0.1160687 0.54625005
-0.12287375 0.11681239 0.54975003
-0.11854778 0.11729047 0.55200005
-0.11438845 0.11798104 0.55525005
-0.11002431 0.11851225 0.55775005
-0.10552217 0.11893721 0.55975002
-0.10089516 0.11925593 0.56125003
-0.096284658 0.11962777 0.56300002
-0.091927513 0.12037146 0.56650001
-0.087086953 0.12053083 0.56725001
-0 0 0
-0 0 0
-0 0 0
-0 0 0
-0 0 0
-0 0 0
-0 0 0
-0 0 0
-0 0 0
-0 0 0
-0 0 0
-0 0 0
-0 0 0
-0 0 0
-0 0 0
-0 0 0
-0 0 0
0 0 0
0 0 0
0 0 0
0 0 0
0 0 0
0 0 0
0 0 0
0 0 0
0 0 0
0 0 0
0 0 0
0 0 0
0 0 0
0 0 0
0 0 0
0 0 0
0 0 0
0 0 0
0 0 0
0 0 0
0 0 0
0 0 0
0 0 0
0 0 0
0 0 0
0.15540065 0.14831294 0.69800001
0.16075471 0.14762238 0.69475001
0.1656317 0.14655995 0.68975002
0.17129226 0.14624123 0.68825001
0.17705542 0.14602876 0.68725002
0 0 0
0 0 0
0 0 0
0 0 0
0 0 0
0 0 0
0 0 0
0 0 0
0 0 0
0 0 0
0 0 0
0 0 0
0 0 0
0 0 0
0 0 0
0 0 0
0 0 0
0 0 0
0 0 0
0 0 0
0 0 0
0 0 0
0 0 0
0 0 0
0 0 0
0 0 0
0 0 0
0 0 0
0 0 0
0 0 0
0 0 0
0 0 0
0 0 0
0 0 0
0 0 0
0 0 0
0 0 0
0 0 0
0 0 0
0 0 0
0 0 0
0 0 0
0 0 0
0 0 0
0 0 0
0 0 0
0 0 0
0 0 0
0 0 0
-0 0 0
-0 0 0
-0 0 0
-0 0 0
-0 0 0
-0 0 0
-0 0 0
-0 0 0
-0 0 0
-0 0 0
-0 0 0
-0 0 0
-0 0 0
-0 0 0
-0 0 0
-0 0 0
-0 0 0
-0 0 0
-0 0 0
-0 0 0
-0 0 0
-0 0 0
-0 0 0
-0 0 0
-0 0 0
-0 0 0
-0 0 0
-0 0 0
-0 0 0
-0 0 0
-0 0 0
-0 0 0
-0 0 0
-0 0 0
-0 0 0
-0 0 0
-0 0 0
-0 0 0
-0 0 0
-0 0 0
-0 0 0
-0 0 0
-0 0 0
-0 0 0
-0 0 0
-0 0 0
-0 0 0
-0 0 0
-0.15404654 0.11968215 0.54100001
-0.1497279 0.12001399 0.54250002
-0.145383 0.12034583 0.54400003
-0.14068875 0.12040113 0.54425001
-0.13605255 0.12051175 0.54475003
-0.13152811 0.12073297 0.54575002
-0.12762488 0.12156256 0.54950005
-0.12365603 0.12239215 0.55325001
-0.11919206 0.12277929 0.55500001
-0.11485197 0.12333234 0.5575
-0.11046815 0.12388541 0.56
-0.10585207 0.12421724 0.56150001
-0.10102999 0.12432786 0.56200004
-0 0 0
-0 0 0
-0 0 0
-0 0 0
-0 0 0
-0 0 0
-0 0 0
-0 0 0
-0 0 0
-0 0 0
-0 0 0
-0 0 0
-0 0 0
-0 0 0
-0 0 0
-0 0 0
-0 0 0
-0 0 0
-0 0 0
-0 0 0
0 0 0
0 0 0
0 0 0
0 0 0
0 0 0
0 0 0
0 0 0
0 0 0
0 0 0
0 0 0
0 0 0
0 0 0
0 0 0
0 0 0
0 0 0
0 0 0
0 0 0
0 0 0
0 0 0
0 0 0
0 0 0
0 0 0
0 0 0
0 0 0
0 0 0
0 0 0
0.16063903 0.15358473 0.69425005
0.16497134 0.15198085 0.68700004
0.17091896 0.15192555 0.68675005
0 0 0
0 0 0
0 0 0
0 0 0
0 0 0
0 0 0
0 0 0
0 0 0
0 0 0
0 0 0
0 0 0
0 0 0
0 0 0
0 0 0
0 0 0
0 0 0
0 0 0
0 0 0
0 0 0
0 0 0
0 0 0
0 0 0
0 0 0
0 0 0
0 0 0
0 0 0
0 0 0
0 0 0
0 0 0
0 0 0
0 0 0
0 0 0
0 0 0
0 0 0
0 0 0
0 0 0
0 0 0
0 0 0
0 0 0
0 0 0
0 0 0
0 0 0
0 0 0
0 0 0
0 0 0
0 0 0
0 0 0
0 0 0
0 0 0
0 0 0
-0 0 0
-0 0 0
-0 0 0
-0 0 0
-0 0 0
-0 0 0
-0 0 0
-0 0 0
-0 0 0
-0.36115244 0.13268991 0.57700002
-0.35672206 0.13291986 0.57800001
-0 0 0
-0 0 0
-0 0 0
-0 0 0
-0 0 0
-0 0 0
-0 0 0
-0 0 0
-0 0 0
-0 0 0
-0 0 0
-0 0 0
-0 0 0
-0 0 0
-0 0 0
-0 0 0
-0 0 0
-0 0 0
-0 0 0
-0 0 0
-0 0 0
-0 0 0
-0 0 0
-0 0 0
-0 0 0
-0 0 0
-0 0 0
-0 0 0
-0 0 0
-0 0 0
-0 0 0
-0 0 0
-0 0 0
-0 0 0
-0 0 0
-0 0 0
-0 0 0
-0 0 0
-0.15014189 0.12510106 0.54400003
-0.14565025 0.12533101 0.54500002
-0.140818 0.12527353 0.54475003
-0.13623987 0.12544601 0.54550004
-0.13201012 0.12596343 0.54775006
-0.12791519 0.12665331 0.55075002
-0.12415893 0.12774566 0.55550003
-0.1195142 0.12797561 0.55650002
-0.11485197 0.12820558 0.5575
-0.11056679 0.12889548 0.56050003
-0.10632337 0.12970036 0.56400001
-0.10161424 0.12998782 0.56525004
-0 0 0
-0 0 0
-0 0 0
-0 0 0
-0 0 0
-0 0 0
-0 0 0
-0 0 0
-0 0 0
-0 0 0
-0 0 0
-0 0 0
-0 0 0
-0 0 0
-0 0 0
-0 0 0
-0 0 0
-0 0 0
-0 0 0
-0 0 0
0 0 0
0 0 0
0 0 0
0 0 0
0 0 0
0 0 0
0 0 0
0 0 0
0 0 0
0 0 0
0 0 0
0 0 0
0 0 0
0 0 0
0 0 0
0 0 0
0 0 0
0 0 0
0 0 0
0 0 0
0 0 0
0 0 0
0 0 0
0 0 0
0 0 0
0 0 0
0 0 0
0 0 0
0 0 0
0 0 0
0 0 0
0 0 0
0 0 0
0 0 0
0 0 0
0 0 0
0 0 0
0 0 0
0 0 0
0 0 0
0 0 0
0 0 0
0 0 0
0 0 0
0 0 0
0 0 0
0 0 0
0 0 0
0 0 0
0 0 0
0 0 0
0 0 0
0 0 0
0 0 0
0 0 0
0 0 0
0 0 0
0 0 0
0 0 0
0 0 0
0 0 0
0 0 0
0 0 0
0 0 0
0 0 0
0 0 0
0 0 0
0 0 0
0 0 0
0 0 0
0 0 0
0 0 0
0 0 0
0 0 0
0 0 0
0 0 0
0 0 0
0 0 0
0 0 0
-0 0 0
-0 0 0
-0 0 0
-0 0 0
-0 0 0
-0 0 0
-0 0 0
-0 0 0
-0 0 0
-0.36146542 0.13785295 0.57750005
-0 0 0
-0 0 0
-0 0 0
-0 0 0
-0 0 0
-0 0 0
-0 0 0
-0 0 0
-0 0 0
-0 0 0
-0 0 0
-0 0 0
-0 0 0
-0 0 0
-0 0 0
-0 0 0
-0 0 0
-0 0 0
-0 0 0
-0 0 0
-0 0 0
-0 0 0
-0 0 0
-0 0 0
-0 0 0
-0 0 0
-0 0 0
-0 0 0
-0 0 0
-0 0 0
-0 0 0
-0 0 0
-0 0 0
-0 0 0
-0 0 0
-0 0 0
-0 0 0
-0 0 0
-0 0 0
-0 0 0
-0.14585069 0.13027403 0.54575002
-0.14101188 0.13021435 0.54550004
-0.13711399 0.13104981 0.54900002
-0.13255237 0.13128851 0.55000001
-0.12832163 0.13188529 0.55250001
-0.12455006 0.13301915 0.55725002
-0 0 0
-0.11526401 0.13355623 0.55950004
-0 0 0
-0 0 0
-0 0 0
-0 0 0
-0 0 0
-0 0 0
-0 0 0
-0 0 0
-0 0 0
-0 0 0
-0 0 0
-0 0 0
-0 0 0
-0 0 0
-0 0 0
-0 0 0
-0 0 0
-0 0 0
-0 0 0
-0 0 0
-0 0 0
-0 0 0
-0 0 0
0 0 0
0 0 0
0 0 0
0 0 0
0 0 0
0 0 0
0 0 0
0 0 0
0 0 0
0 0 0
0 0 0
0 0 0
0 0 0
0 0 0
0 0 0
0 0 0
0 0 0
0 0 0
0 0 0
0 0 0
0 0 0
0 0 0
0 0 0
0 0 0
0 0 0
0 0 0
0 0 0
0 0 0
0 0 0
0 0 0
0 0 0
0 0 0
0 0 0
0 0 0
0 0 0
0 0 0
0 0 0
0 0 0
0 0 0
0 0 0
0 0 0
0 0 0
0 0 0
0 0 0
0 0 0
0 0 0
0 0 0
0 0 0
0 0 0
0 0 0
0 0 0
0 0 0
0 0 0
0 0 0
0 0 0
0 0 0
0 0 0
0 0 0
0 0 0
0 0 0
0 0 0
0 0 0
0 0 0
0 0 0
0 0 0
0 0 0
0 0 0
0 0 0
0 0 0
0 0 0
0 0 0
0 0 0
0 0 0
0 0 0
0 0 0
0 0 0
0 0 0
0 0 0
0 0 0
-0 0 0
-0 0 0
-0 0 0
-0 0 0
-0 0 0
-0 0 0
-0 0 0
-0 0 0
-0 0 0
-0.36099598 0.14271542 0.57675004
-0 0 0
-0 0 0
-0 0 0
-0 0 0
-0 0 0
-0 0 0
-0 0 0
-0 0 0
-0 0 0
-0 0 0
-0 0 0
-0 0 0
-0 0 0
-0 0 0
-0 0 0
-0 0 0
-0 0 0
-0 0 0
-0 0 0
-0 0 0
-0 0 0
-0 0 0
-0 0 0
-0 0 0
-0 0 0
-0 0 0
-0 0 0
-0 0 0
-0 0 0
-0 0 0
-0 0 0
-0 0 0
-0 0 0
-0 0 0
-0 0 0
-0 0 0
-0 0 0
-0 0 0
-0 0 0
-0 0 0
-0 0 0
-0 0 0
-0.13786325 0.13659111 0.55200005
-0.1341189 0.13770461 0.55650002
-0.12925066 0.13770461 0.55650002
-0 0 0
-0 0 0
-0 0 0
-0 0 0
-0 0 0
-0 0 0
-0 0 0
-0 0 0
-0 0 0
-0 0 0
-0 0 0
-0 0 0
-0 0 0
-0 0 0
-0 0 0
-0 0 0
-0 0 0
-0 0 0
-0 0 0
-0 0 0
-0 0 0
-0 0 0
-0 0 0
-0 0 0
-0 0 0
-0 0 0
0 0 0
0 0 0
0 0 0
0 0 0
0 0 0
0 0 0
0 0 0
0 0 0
0 0 0
0 0 0
0 0 0
0 0 0
0 0 0
0 0 0
0 0 0
0 0 0
0 0 0
0 0 0
0 0 0
0 0 0
0 0 0
0 0 0
0 0 0
0 0 0
0 0 0
0 0 0
0 0 0
0 0 0
0 0 0
0 0 0
0 0 0
0 0 0
0 0 0
0 0 0
0 0 0
0 0 0
0 0 0
0 0 0
0 0 0
0 0 0
0 0 0
0 0 0
0 0 0
0 0 0
0 0 0
0 0 0
0 0 0
0 0 0
0 0 0
0 0 0
0 0 0
0 0 0
0 0 0
0 0 0
0 0 0
0 0 0
0 0 0
0 0 0
0 0 0
0 0 0
0 0 0
0 0 0
0 0 0
0 0 0
0 0 0
0 0 0
0 0 0
0 0 0
0 0 0
0 0 0
0 0 0
0 0 0
0 0 0
0 0 0
0 0 0
0 0 0
0 0 0
0 0 0
0 0 0
-0 0 0
-0 0 0
-0 0 0
-0 0 0
-0 0 0
-0 0 0
-0 0 0
-0 0 0
-0 0 0
-0.36099598 0.14775693 0.57675004
-0.36104223 0.1498705 0.58500004
-0.35592464 0.1498705 0.58500004
-0 0 0
-0 0 0
-0 0 0
-0 0 0
-0 0 0
-0 0 0
-0 0 0
-0 0 0
-0 0 0
-0 0 0
-0 0 0
-0 0 0
-0 0 0
-0 0 0
-0 0 0
-0 0 0
-0 0 0
-0 0 0
-0 0 0
-0 0 0
-0 0 0
-0 0 0
-0 0 0
-0 0 0
-0 0 0
-0 0 0
-0 0 0
-0 0 0
-0 0 0
-0 0 0
-0 0 0
-0 0 0
-0 0 0
-0 0 0
-0 0 0
-0 0 0
-0 0 0
-0 0 0
-0 0 0
-0 0 0
-0 0 0
-0 0 0
-0 0 0
-0 0 0
-0 0 0
-0 0 0
-0 0 0
-0 0 0
-0 0 0
-0 0 0
-0 0 0
-0 0 0
-0 0 0
-0 0 0
-0 0 0
-0 0 0
-0 0 0
-0 0 0
-0 0 0
-0 0 0
-0 0 0
-0 0 0
-0 0 0
-0 0 0
-0 0 0
-0 0 0
-0 0 0
-0 0 0
-0 0 0
0 0 0
0 0 0
0 0 0
0 0 0
0 0 0
0 0 0
0 0 0
0 0 0
0 0 0
0 0 0
0 0 0
0 0 0
0 0 0
0 0 0
0 0 0
0 0 0
0 0 0
0 0 0
0 0 0
0 0 0
0 0 0
0 0 0
0 0 0
0 0 0
0 0 0
0 0 0
0 0 0
0 0 0
0 0 0
0 0 0
0 0 0
0 0 0
0 0 0
0 0 0
0 0 0
0 0 0
0 0 0
0 0 0
0 0 0
0 0 0
0 0 0
0 0 0
0 0 0
0 0 0
0 0 0
0 0 0
0 0 0
0 0 0
0 0 0
0 0 0
0 0 0
0 0 0
0 0 0
0 0 0
0 0 0
0 0 0
0 0 0
0 0 0
0 0 0
0 0 0
0 0 0
0 0 0
0 0 0
0 0 0
0 0 0
0 0 0
0 0 0
0 0 0
0 0 0
0 0 0
0 0 0
0 0 0
0 0 0
0 0 0
0 0 0
0 0 0
0 0 0
0 0 0
0 0 0
-0 0 0
-0 0 0
-0 0 0
-0 0 0
-0 0 0
-0 0 0
-0 0 0
-0 0 0
-0 0 0
-0 0 0
-0.36119652 0.15505035 0.58525002
-0.35622883 0.15511657 0.5855
-0 0 0
-0 0 0
-0 0 0
-0 0 0
-0 0 0
-0 0 0
-0 0 0
-0 0 0
-0 0 0
-0 0 0
-0 0 0
-0 0 0
-0 0 0
-0 0 0
-0 0 0
-0 0 0
-0 0 0
-0 0 0
-0 0 0
-0 0 0
-0 0 0
-0 0 0
-0 0 0
-0 0 0
-0 0 0
-0 0 0
-0 0 0
-0 0 0
-0 0 0
-0 0 0
-0 0 0
-0 0 0
-0 0 0
-0 0 0
-0 0 0
-0 0 0
-0 0 0
-0 0 0
-0 0 0
-0 0 0
-0 0 0
-0 0 0
-0 0 0
-0 0 0
-0 0 0
-0 0 0
-0 0 0
-0 0 0
-0 0 0
-0 0 0
-0 0 0
-0 0 0
-0 0 0
-0 0 0
-0 0 0
-0 0 0
-0 0 0
-0 0 0
-0 0 0
-0 0 0
-0 0 0
-0 0 0
-0 0 0
-0 0 0
-0 0 0
-0 0 0
-0 0 0
-0 0 0
-0 0 0
0 0 0
0 0 0
0 0 0
0 0 0
0 0 0
0 0 0
0 0 0
0 0 0
0 0 0
0 0 0
0 0 0
0 0 0
0 0 0
0 0 0
0 0 0
0 0 0
0 0 0
0 0 0
0 0 0
0 0 0
0 0 0
0 0 0
0 0 0
0 0 0
0 0 0
0 0 0
0 0 0
0 0 0
0 0 0
0 0 0
0 0 0
0 0 0
0 0 0
0 0 0
0 0 0
0 0 0
0 0 0
0 0 0
0 0 0
0 0 0
0 0 0
0 0 0
0 0 0
0 0 0
0 0 0
0 0 0
0 0 0
0 0 0
0 0 0
0 0 0
0 0 0
0 0 0
0 0 0
0 0 0
0 0 0
0 0 0
0 0 0
0 0 0
0 0 0
0 0 0
0 0 0
0 0 0
0 0 0
0 0 0
0 0 0
0 0 0
0 0 0
0 0 0
0 0 0
0 0 0
0 0 0
0 0 0
0 0 0
0 0 0
0 0 0
0 0 0
0 0 0
0 0 0
0 0 0
-0 0 0
-0 0 0
-0 0 0
-0 0 0
-0 0 0
-0 0 0
-0 0 0
-0 0 0
-0 0 0
-0 0 0
-0 0 0
-0 0 0
-0 0 0
-0 0 0
-0 0 0
-0 0 0
-0 0 0
-0 0 0
-0 0 0
-0 0 0
-0 0 0
-0 0 0
-0 0 0
-0 0 0
-0 0 0
-0 0 0
-0 0 0
-0 0 0
-0 0 0
-0 0 0
-0 0 0
-0 0 0
-0 0 0
-0 0 0
-0 0 0
-0 0 0
-0 0 0
-0 0 0
-0 0 0
-0 0 0
-0 0 0
-0 0 0
-0 0 0
-0 0 0
-0 0 0
-0 0 0
-0 0 0
-0 0 0
-0 0 0
-0 0 0
-0 0 0
-0 0 0
-0 0 0
-0 0 0
-0 0 0
-0 0 0
-0 0 0
-0 0 0
-0 0 0
-0 0 0
-0 0 0
-0 0 0
-0 0 0
-0 0 0
-0 0 0
-0 0 0
-0 0 0
-0 0 0
-0 0 0
-0 0 0
-0 0 0
-0 0 0
-0 0 0
-0 0 0
-0 0 0
-0 0 0
-0 0 0
-0 0 0
-0 0 0
-0 0 0
-0 0 0
0 0 0
0 0 0
0 0 0
0 0 0
0 0 0
0 0 0
0 0 0
0 0 0
0 0 0
0 0 0
0 0 0
0 0 0
0 0 0
0 0 0
0 0 0
0 0 0
0 0 0
0 0 0
0 0 0
0 0 0
0 0 0
0 0 0
0 0 0
0 0 0
0 0 0
0 0 0
0 0 0
0 0 0
0 0 0
0 0 0
0 0 0
0 0 0
0 0 0
0 0 0
0 0 0
0 0 0
0 0 0
0 0 0
0 0 0
0 0 0
0 0 0
0 0 0
0 0 0
0 0 0
0 0 0
0 0 0
0 0 0
0 0 0
0 0 0
0 0 0
0 0 0
0 0 0
0 0 0
0 0 0
0 0 0
0 0 0
0 0 0
0 0 0
0 0 0
0 0 0
0 0 0
0 0 0
0 0 0
0 0 0
0 0 0
0 0 0
0 0 0
0 0 0
0 0 0
0 0 0
0 0 0
0 0 0
0 0 0
0 0 0
0 0 0
0 0 0
0 0 0
0 0 0
0 0 0
-0 0 0
-0 0 0
-0 0 0
-0 0 0
-0 0 0
-0 0 0
-0 0 0
-0 0 0
-0 0 0
-0 0 0
-0 0 0
-0 0 0
-0 0 0
-0 0 0
-0 0 0
-0 0 0
-0 0 0
-0 0 0
-0 0 0
-0 0 0
-0 0 0
-0 0 0
-0 0 0
-0 0 0
-0 0 0
-0 0 0
-0 0 0
-0 0 0
-0 0 0
-0 0 0
-0 0 0
-0 0 0
-0 0 0
-0 0 0
-0 0 0
-0 0 0
-0 0 0
-0 0 0
-0 0 0
-0 0 0
-0 0 0
-0 0 0
-0 0 0
-0 0 0
-0 0 0
-0 0 0
-0 0 0
-0 0 0
-0 0 0
-0 0 0
-0 0 0
-0 0 0
-0 0 0
-0 0 0
-0 0 0
-0 0 0
-0 0 0
-0 0 0
-0 0 0
-0 0 0
-0 0 0
-0 0 0
-0 0 0
-0 0 0
-0 0 0
-0 0 0
-0 0 0
-0 0 0
-0 0 0
-0 0 0
-0 0 0
-0 0 0
-0 0 0
-0 0 0
-0 0 0
-0 0 0
-0 0 0
-0 0 0
-0 0 0
-0 0 0
-0 0 0
0 0 0
0 0 0
0 0 0
0 0 0
0 0 0
0 0 0
0 0 0
0 0 0
0 0 0
0 0 0
0 0 0
0 0 0
0 0 0
0 0 0
0 0 0
0 0 0
0 0 0
0 0 0
0 0 0
0 0 0
0 0 0
0 0 0
0 0 0
0 0 0
0 0 0
0 0 0
0 0 0
0 0 0
0 0 0
0 0 0
0 0 0
0 0 0
0 0 0
0 0 0
0 0 0
0 0 0
0 0 0
0 0 0
0 0 0
0 0 0
0 0 0
0 0 0
0 0 0
0 0 0
0 0 0
0 0 0
0 0 0
0 0 0
0 0 0
0 0 0
0 0 0
0 0 0
0 0 0
0 0 0
0 0 0
0 0 0
0 0 0
0 0 0
0 0 0
0 0 0
0 0 0
0 0 0
0 0 0
0 0 0
0 0 0
0 0 0
0 0 0
0 0 0
0 0 0
0 0 0
0 0 0
0 0 0
0 0 0
0 0 0
0 0 0
0 0 0
0 0 0
0 0 0
0 0 0
-0 0 0
-0 0 0
-0 0 0
-0 0 0
-0 0 0
-0 0 0
-0 0 0
-0 0 0
-0 0 0
-0 0 0
-0 0 0
-0 0 0
-0 0 0
-0 0 0
-0 0 0
-0 0 0
-0 0 0
-0 0 0
-0 0 0
-0 0 0
-0 0 0
-0 0 0
-0 0 0
-0 0 0
-0 0 0
-0 0 0
-0 0 0
-0 0 0
-0 0 0
-0 0 0
-0 0 0
-0 0 0
-0 0 0
-0 0 0
-0 0 0
-0 0 0
-0 0 0
-0 0 0
-0 0 0
-0 0 0
-0 0 0
-0 0 0
-0 0 0
-0 0 0
-0 0 0
-0 0 0
-0 0 0
-0 0 0
-0 0 0
-0 0 0
-0 0 0
-0 0 0
-0 0 0
-0 0 0
-0 0 0
-0 0 0
-0 0 0
-0 0 0
-0 0 0
-0 0 0
-0 0 0
-0 0 0
-0 0 0
-0 0 0
-0 0 0
-0 0 0
-0 0 0
-0 0 0
-0 0 0
-0 0 0
-0 0 0
-0 0 0
-0 0 0
-0 0 0
-0 0 0
-0 0 0
-0 0 0
-0 0 0
-0 0 0
-0 0 0
-0 0 0
0 0 0
0 0 0
0 0 0
0 0 0
0 0 0
0 0 0
0 0 0
0 0 0
0 0 0
0 0 0
0 0 0
0 0 0
0 0 0
0 0 0
0 0 0
0 0 0
0 0 0
0 0 0
0 0 0
0 0 0
0 0 0
0 0 0
0 0 0
0 0 0
0 0 0
0 0 0
0 0 0
0 0 0
0 0 0
0 0 0
0 0 0
0 0 0
0 0 0
0 0 0
0 0 0
0 0 0
0 0 0
0 0 0
0 0 0
0 0 0
0 0 0
0 0 0
0 0 0
0 0 0
0 0 0
0 0 0
0 0 0
0 0 0
0 0 0
0 0 0
0 0 0
0 0 0
0 0 0
0 0 0
0 0 0
0 0 0
0 0 0
0 0 0
0 0 0
0 0 0
0 0 0
0 0 0
0 0 0
0 0 0
0 0 0
0 0 0
0 0 0
0 0 0
0 0 0
0 0 0
0 0 0
0 0 0
0 0 0
0 0 0
0 0 0
0 0 0
0 0 0
0 0 0
0 0 0
-0 0 0
-0 0 0
-0 0 0
-0 0 0
-0 0 0
-0 0 0
-0 0 0
-0 0 0
-0 0 0
-0 0 0
-0 0 0
-0 0 0
-0 0 0
-0 0 0
-0 0 0
-0 0 0
-0 0 0
-0 0 0
-0 0 0
-0 0 0
-0 0 0
-0 0 0
-0 0 0
-0 0 0
-0 0 0
-0 0 0
-0 0 0
-0 0 0
-0 0 0
-0 0 0
-0 0 0
-0 0 0
-0 0 0
-0 0 0
-0 0 0
-0 0 0
-0 0 0
-0 0 0
-0 0 0
-0 0 0
-0 0 0
-0 0 0
-0 0 0
-0 0 0
-0 0 0
-0 0 0
-0 0 0
-0 0 0
-0 0 0
-0 0 0
-0 0 0
-0 0 0
-0 0 0
-0 0 0
-0 0 0
-0 0 0
-0 0 0
-0 0 0
-0 0 0
-0 0 0
-0 0 0
-0 0 0
-0 0 0
-0 0 0
-0 0 0
-0 0 0
-0 0 0
-0 0 0
-0 0 0
-0 0 0
-0 0 0
-0 0 0
-0 0 0
-0 0 0
-0 0 0
-0 0 0
-0 0 0
-0 0 0
-0 0 0
-0 0 0
-0 0 0
0 0 0
0 0 0
0 0 0
0 0 0
0 0 0
0 0 0
0 0 0
0 0 0
0 0 0
0 0 0
0 0 0
0 0 0
0 0 0
0 0 0
0 0 0
0 0 0
0 0 0
0 0 0
0 0 0
0 0 0
0 0 0
0 0 0
0 0 0
0 0 0
0 0 0
0 0 0
0 0 0
0 0 0
0 0 0
0 0 0
0 0 0
0 0 0
0 0 0
0 0 0
0 0 0
0 0 0
0 0 0
0 0 0
0 0 0
0 0 0
0 0 0
0 0 0
0 0 0
0 0 0
0 0 0
0 0 0
0 0 0
0 0 0
0 0 0
0 0 0
0 0 0
0 0 0
0 0 0
0 0 0
0 0 0
0 0 0
0 0 0
0 0 0
0 0 0
0 0 0
0 0 0
0 0 0
0 0 0
0 0 0
0 0 0
0 0 0
0 0 0
0 0 0
0 0 0
0 0 0
0 0 0
0 0 0
0 0 0
0 0 0
0 0 0
0 0 0
0 0 0
0 0 0
0 0 0
-0 0 0
-0 0 0
-0 0 0
-0 0 0
-0 0 0
-0 0 0
-0 0 0
-0 0 0
-0 0 0
-0 0 0
-0 0 0
-0 0 0
-0 0 0
-0 0 0
-0 0 0
-0 0 0
-0 0 0
-0 0 0
-0 0 0
-0 0 0
-0 0 0
-0 0 0
-0 0 0
-0 0 0
-0 0 0
-0 0 0
-0 0 0
-0 0 0
-0 0 0
-0 0 0
-0 0 0
-0 0 0
-0 0 0
-0 0 0
-0 0 0
-0 0 0
-0 0 0
-0 0 0
-0 0 0
-0 0 0
-0 0 0
-0 0 0
-0 0 0
-0 0 0
-0 0 0
-0 0 0
-0 0 0
-0 0 0
-0 0 0
-0 0 0
-0 0 0
-0 0 0
-0 0 0
-0 0 0
-0 0 0
-0 0 0
-0 0 0
-0 0 0
-0 0 0
-0 0 0
-0 0 0
-0 0 0
-0 0 0
-0 0 0
-0 0 0
-0 0 0
-0 0 0
-0 0 0
-0 0 0
-0 0 0
-0 0 0
-0 0 0
-0 0 0
-0 0 0
-0 0 0
-0 0 0
-0 0 0
-0 0 0
-0 0 0
-0 0 0
-0 0 0
0 0 0
0 0 0
0 0 0
0 0 0
0 0 0
0 0 0
0 0 0
0 0 0
0 0 0
0 0 0
0 0 0
0 0 0
0 0 0
0 0 0
0 0 0
0 0 0
0 0 0
0 0 0
0 0 0
0 0 0
0 0 0
0 0 0
0 0 0
0 0 0
0 0 0
0 0 0
0 0 0
0 0 0
0 0 0
0 0 0
0 0 0
0 0 0
0 0 0
0 0 0
0 0 0
0 0 0
0 0 0
0 0 0
0 0 0
0 0 0
0 0 0
0 0 0
0 0 0
0 0 0
0 0 0
0 0 0
0 0 0
0 0 0
0 0 0
0 0 0
0 0 0
0 0 0
0 0 0
0 0 0
0 0 0
0 0 0
0 0 0
0 0 0
0 0 0
0 0 0
0 0 0
0 0 0
0 0 0
0 0 0
0 0 0
0 0 0
0 0 0
0 0 0
0 0 0
0 0 0
0 0 0
0 0 0
0 0 0
0 0 0
0 0 0
0 0 0
0 0 0
0 0 0
0 0 0
-0 0 0
-0 0 0
-0 0 0
-0 0 0
-0 0 0
-0 0 0
-0 0 0
-0 0 0
-0 0 0
-0 0 0
-0 0 0
-0 0 0
-0 0 0
-0 0 0
-0 0 0
-0 0 0
-0 0 0
-0 0 0
-0 0 0
-0 0 0
-0 0 0
-0 0 0
-0 0 0
-0 0 0
-0 0 0
-0 0 0
-0 0 0
-0 0 0
-0 0 0
-0 0 0
-0 0 0
-0 0 0
-0 0 0
-0 0 0
-0 0 0
-0 0 0
-0 0 0
-0 0 0
-0 0 0
-0 0 0
-0 0 0
-0 0 0
-0 0 0
-0 0 0
-0 0 0
-0 0 0
-0 0 0
-0 0 0
-0 0 0
-0 0 0
-0 0 0
-0 0 0
-0 0 0
-0 0 0
-0 0 0
-0 0 0
-0 0 0
-0 0 0
-0 0 0
-0 0 0
-0 0 0
-0 0 0
-0 0 0
-0 0 0
-0 0 0
-0 0 0
-0 0 0
-0 0 0
-0 0 0
-0 0 0
-0 0 0
-0 0 0
-0 0 0
-0 0 0
-0 0 0
-0 0 0
-0 0 0
-0 0 0
-0 0 0
-0 0 0
-0 0 0
0 0 0
0 0 0
0 0 0
0 0 0
0 0 0
0 0 0
0 0 0
0 0 0
0 0 0
0 0 0
0 0 0
0 0 0
0 0 0
0 0 0
0 0 0
0 0 0
0 0 0
0 0 0
0 0 0
0 0 0
0 0 0
0 0 0
0 0 0
0 0 0
0 0 0
0 0 0
0 0 0
0 0 0
0 0 0
0 0 0
0 0 0
0 0 0
0 0 0
0 0 0
0 0 0
0 0 0
0 0 0
0 0 0
0 0 0
0 0 0
0 0 0
0 0 0
0 0 0
0 0 0
0 0 0
0 0 0
0 0 0
0 0 0
0 0 0
0 0 0
0 0 0
0 0 0
0 0 0
0 0 0
0 0 0
0 0 0
0 0 0
0 0 0
0 0 0
0 0 0
0 0 0
0 0 0
0 0 0
0 0 0
0 0 0
0 0 0
0 0 0
0 0 0
0 0 0
0 0 0
0 0 0
0 0 0
0 0 0
0 0 0
0 0 0
0 0 0
0 0 0
0 0 0
0 0 0
-0 0 0
-0 0 0
-0 0 0
-0 0 0
-0 0 0
-0 0 0
-0 0 0
-0 0 0
-0 0 0
-0 0 0
-0 0 0
-0 0 0
-0 0 0
-0 0 0
-0 0 0
-0 0 0
-0 0 0
-0 0 0
-0 0 0
-0 0 0
-0 0 0
-0 0 0
-0 0 0
-0 0 0
-0 0 0
-0 0 0
-0 0 0
-0 0 0
-0 0 0
-0 0 0
-0 0 0
-0 0 0
-0 0 0
-0 0 0
-0 0 0
-0 0 0
-0 0 0
-0 0 0
-0 0 0
-0 0 0
-0 0 0
-0 0 0
-0 0 0
-0 0 0
-0 0 0
-0 0 0
-0 0 0
-0 0 0
-0 0 0
-0 0 0
-0 0 0
-0 0 0
-0 0 0
-0 0 0
-0 0 0
-0 0 0
-0 0 0
-0 0 0
-0 0 0
-0 0 0
-0 0 0
-0 0 0
-0 0 0
-0 0 0
-0 0 0
-0 0 0
-0 0 0
-0 0 0
-0 0 0
-0 0 0
-0 0 0
-0 0 0
-0 0 0
-0 0 0
-0 0 0
-0 0 0
-0 0 0
-0 0 0
-0 0 0
-0 0 0
-0 0 0
0 0 0
0 0 0
0 0 0
0 0 0
0 0 0
0 0 0
0 0 0
0 0 0
0 0 0
0 0 0
0 0 0
0 0 0
0 0 0
0 0 0
0 0 0
0 0 0
0 0 0
0 0 0
0 0 0
0 0 0
0 0 0
0 0 0
0 0 0
0 0 0
0 0 0
0 0 0
0 0 0
0 0 0
0 0 0
0 0 0
0 0 0
0 0 0
0 0 0
0 0 0
0 0 0
0 0 0
0 0 0
0 0 0
0 0 0
0 0 0
0 0 0
0 0 0
0 0 0
0 0 0
0 0 0
0 0 0
0 0 0
0 0 0
0 0 0
0 0 0
0 0 0
0 0 0
0 0 0
0 0 0
0 0 0
0 0 0
0 0 0
0 0 0
0 0 0
0 0 0
0 0 0
0 0 0
0 0 0
0 0 0
0 0 0
0 0 0
0 0 0
0 0 0
0 0 0
0 0 0
0 0 0
0 0 0
0 0 0
0 0 0
0 0 0
0 0 0
0 0 0
0 0 0
0 0 0
-0 0 0
-0 0 0
-0 0 0
-0 0 0
-0 0 0
-0 0 0
-0 0 0
-0 0 0
-0 0 0
-0 0 0
-0 0 0
-0 0 0
-0 0 0
-0 0 0
-0 0 0
-0 0 0
-0 0 0
-0 0 0
-0 0 0
-0 0 0
-0 0 0
-0 0 0
-0 0 0
-0 0 0
-0 0 0
-0 0 0
-0 0 0
-0 0 0
-0 0 0
-0 0 0
-0 0 0
-0 0 0
-0 0 0
-0 0 0
-0 0 0
-0 0 0
-0 0 0
-0 0 0
-0 0 0
-0 0 0
-0 0 0
-0 0 0
-0 0 0
-0 0 0
-0 0 0
-0 0 0
-0 0 0
-0 0 0
-0 0 0
-0 0 0
-0 0 0
-0 0 0
-0 0 0
-0 0 0
-0 0 0
-0 0 0
-0 0 0
-0 0 0
-0 0 0
-0 0 0
-0 0 0
-0 0 0
-0 0 0
-0 0 0
-0 0 0
-0 0 0
-0 0 0
-0 0 0
-0 0 0
-0 0 0
-0 0 0
-0 0 0
-0 0 0
-0 0 0
-0 0 0
-0 0 0
-0 0 0
-0 0 0
-0 0 0
-0 0 0
-0 0 0
0 0 0
0 0 0
0 0 0
0 0 0
0 0 0
0 0 0
0 0 0
0 0 0
0 0 0
0 0 0
0 0 0
0 0 0
0 0 0
0 0 0
0 0 0
0 0 0
0 0 0
0 0 0
0 0 0
0 0 0
0 0 0
0 0 0
0 0 0
0 0 0
0 0 0
0 0 0
0 0 0
0 0 0
0 0 0
0 0 0
0 0 0
0 0 0
0 0 0
0 0 0
0 0 0
0 0 0
0 0 0
0 0 0
0 0 0
0 0 0
0 0 0
0 0 0
0 0 0
0 0 0
0 0 0
0 0 0
0 0 0
0 0 0
0 0 0
0 0 0
0 0 0
0 0 0
0 0 0
0 0 0
0 0 0
0 0 0
0 0 0
0 0 0
0 0 0
0 0 0
0 0 0
0 0 0
0 0 0
0 0 0
0 0 0
0 0 0
0 0 0
0 0 0
0 0 0
0 0 0
0 0 0
0 0 0
0 0 0
0 0 0
0 0 0
0 0 0
0 0 0
0 0 0
0 0 0
-0 0 0
-0 0 0
-0 0 0
-0 0 0
-0 0 0
-0 0 0
-0 0 0
-0 0 0
-0 0 0
-0 0 0
-0 0 0
-0 0 0
-0 0 0
-0 0 0
-0 0 0
-0 0 0
-0 0 0
-0 0 0
-0 0 0
-0 0 0
-0 0 0
-0 0 0
-0 0 0
-0 0 0
-0 0 0
-0 0 0
-0 0 0
-0 0 0
-0 0 0
-0 0 0
-0 0 0
-0 0 0
-0 0 0
-0 0 0
-0 0 0
-0 0 0
-0 0 0
-0 0 0
-0 0 0
-0 0 0
-0 0 0
-0 0 0
-0 0 0
-0 0 0
-0 0 0
-0 0 0
-0 0 0
-0 0 0
-0 0 0
-0 0 0
-0 0 0
-0 0 0
-0 0 0
-0 0 0
-0 0 0
-0 0 0
-0 0 0
-0 0 0
-0 0 0
-0 0 0
-0 0 0
-0 0 0
-0 0 0
-0 0 0
-0 0 0
-0 0 0
-0 0 0
-0 0 0
-0 0 0
-0 0 0
-0 0 0
-0 0 0
-0 0 0
-0 0 0
-0 0 0
-0 0 0
-0 0 0
-0 0 0
-0 0 0
-0 0 0
-0 0 0
0 0 0
0 0 0
0 0 0
0 0 0
0 0 0
0 0 0
0 0 0
0 0 0
0 0 0
0 0 0
0 0 0
0 0 0
0 0 0
0 0 0
0 0 0
0 0 0
0 0 0
0 0 0
0 0 0
0 0 0
0 0 0
0 0 0
0 0 0
0 0 0
0 0 0
0 0 0
0 0 0
0 0 0
0 0 0
0 0 0
0 0 0
0 0 0
0 0 0
0 0 0
0 0 0
0 0 0
0 0 0
0 0 0
0 0 0
0 0 0
0 0 0
0 0 0
0 0 0
0 0 0
0 0 0
0 0 0
0 0 0
0 0 0
0 0 0
0 0 0
0 0 0
0 0 0
0 0 0
0 0 0
0 0 0
0 0 0
0 0 0
0 0 0
0 0 0
0 0 0
0 0 0
0 0 0
0 0 0
0 0 0
0 0 0
0 0 0
0 0 0
0 0 0
0 0 0
0 0 0
0 0 0
0 0 0
0 0 0
0 0 0
0 0 0
0 0 0
0 0 0
0 0 0
0 0 0
-0 0 0
-0 0 0
-0 0 0
-0 0 0
-0 0 0
-0 0 0
-0 0 0
-0 0 0
-0 0 0
-0 0 0
-0 0 0
-0 0 0
-0 0 0
-0 0 0
-0 0 0
-0 0 0
-0 0 0
-0 0 0
-0 0 0
-0 0 0
-0 0 0
-0 0 0
-0 0 0
-0 0 0
-0 0 0
-0 0 0
-0 0 0
-0 0 0
-0 0 0
-0 0 0
-0 0 0
-0 0 0
-0 0 0
-0 0 0
-0 0 0
-0 0 0
-0 0 0
-0 0 0
-0 0 0
-0 0 0
-0 0 0
-0 0 0
-0 0 0
-0 0 0
-0 0 0
-0 0 0
-0 0 0
-0 0 0
-0 0 0
-0 0 0
-0 0 0
-0 0 0
-0 0 0
-0 0 0
-0 0 0
-0 0 0
-0 0 0
-0 0 0
-0 0 0
-0 0 0
-0 0 0
-0 0 0
-0 0 0
-0 0 0
-0 0 0
-0 0 0
-0 0 0
-0 0 0
-0 0 0
-0 0 0
-0 0 0
-0 0 0
-0 0 0
-0 0 0
-0 0 0
-0 0 0
-0 0 0
-0 0 0
-0 0 0
-0 0 0
-0 0 0
0 0 0
0 0 0
0 0 0
0 0 0
0 0 0
0 0 0
0 0 0
0 0 0
0 0 0
0 0 0
0 0 0
0 0 0
0 0 0
0 0 0
0 0 0
0 0 0
0 0 0
0 0 0
0 0 0
0 0 0
0 0 0
0 0 0
0 0 0
0 0 0
0 0 0
0 0 0
0 0 0
0 0 0
0 0 0
0 0 0
0 0 0
0 0 0
0 0 0
0 0 0
0 0 0
0 0 0
0 0 0
0 0 0
0 0 0
0 0 0
0 0 0
0 0 0
0 0 0
0 0 0
0 0 0
0 0 0
0 0 0
0 0 0
0 0 0
0 0 0
0 0 0
0 0 0
0 0 0
0 0 0
0 0 0
0 0 0
0 0 0
0 0 0
0 0 0
0 0 0
0 0 0
0 0 0
0 0 0
0 0 0
0 0 0
0 0 0
0 0 0
0 0 0
0 0 0
0 0 0
0 0 0
0 0 0
0 0 0
0 0 0
0 0 0
0 0 0
0 0 0
0 0 0
0 0 0
-0 0 0
-0 0 0
-0 0 0
-0 0 0
-0 0 0
-0 0 0
-0 0 0
-0 0 0
-0 0 0
-0 0 0
-0 0 0
-0 0 0
-0 0 0
-0 0 0
-0 0 0
-0 0 0
-0 0 0
-0 0 0
-0 0 0
-0 0 0
-0 0 0
-0 0 0
-0 0 0
-0 0 0
-0 0 0
-0 0 0
-0 0 0
-0 0 0
-0 0 0
-0 0 0
-0 0 0
-0 0 0
-0 0 0
-0 0 0
-0 0 0
-0 0 0
-0 0 0
-0 0 0
-0 0 0
-0 0 0
-0 0 0
-0 0 0
-0 0 0
-0 0 0
-0 0 0
-0 0 0
-0 0 0
-0 0 0
-0 0 0
-0 0 0
-0 0 0
-0 0 0
-0 0 0
-0 0 0
-0 0 0
-0 0 0
-0 0 0
-0 0 0
-0 0 0
-0 0 0
-0 0 0
-0 0 0
-0 0 0
-0 0 0
-0 0 0
-0 0 0
-0 0 0
-0 0 0
-0 0 0
-0 0 0
-0 0 0
-0 0 0
-0 0 0
-0 0 0
-0 0 0
-0 0 0
-0 0 0
-0 0 0
-0 0 0
-0 0 0
-0 0 0
0 0 0
0 0 0
0 0 0
0 0 0
0 0 0
0 0 0
0 0 0
0 0 0
0 0 0
0 0 0
0 0 0
0 0 0
0 0 0
0 0 0
0 0 0
0 0 0
0 0 0
0 0 0
0 0 0
0 0 0
0 0 0
0 0 0
0 0 0
0 0 0
0 0 0
0 0 0
0 0 0
0 0 0
0 0 0
0 0 0
0 0 0
0 0 0
0 0 0
0 0 0
0 0 0
0 0 0
0 0 0
0 0 0
0 0 0
0 0 0
0 0 0
0 0 0
0 0 0
0 0 0
0 0 0
0 0 0
0 0 0
0 0 0
0 0 0
0 0 0
0 0 0
0 0 0
0 0 0
0 0 0
0 0 0
0 0 0
0 0 0
0 0 0
0 0 0
0 0 0
0 0 0
0 0 0
0 0 0
0 0 0
0 0 0
0 0 0
0 0 0
0 0 0
0 0 0
0 0 0
0 0 0
0 0 0
0 0 0
0 0 0
0 0 0
0 0 0
0 0 0
0 0 0
0 0 0
-0 0 0
-0 0 0
-0 0 0
-0 0 0
-0 0 0
-0 0 0
-0 0 0
-0 0 0
-0 0 0
-0 0 0
-0 0 0
-0 0 0
-0 0 0
-0 0 0
-0 0 0
-0 0 0
-0 0 0
-0 0 0
-0 0 0
-0 0 0
-0 0 0
-0 0 0
-0 0 0
-0 0 0
-0 0 0
-0 0 0
-0 0 0
-0 0 0
-0 0 0
-0 0 0
-0 0 0
-0 0 0
-0 0 0
-0 0 0
-0 0 0
-0 0 0
-0 0 0
-0 0 0
-0 0 0
-0 0 0
-0 0 0
-0 0 0
-0 0 0
-0 0 0
-0 0 0
-0 0 0
-0 0 0
-0 0 0
-0 0 0
-0 0 0
-0 0 0
-0 0 0
-0 0 0
-0 0 0
-0 0 0
-0 0 0
-0 0 0
-0 0 0
-0 0 0
-0 0 0
-0 0 0
-0 0 0
-0 0 0
-0 0 0
-0 0 0
-0 0 0
-0 0 0
-0 0 0
-0 0 0
-0 0 0
-0 0 0
-0 0 0
-0 0 0
-0 0 0
-0 0 0
-0 0 0
-0 0 0
-0 0 0
-0 0 0
-0 0 0
-0 0 0
0 0 0
0 0 0
0 0 0
0 0 0
0 0 0
0 0 0
0 0 0
0 0 0
0 0 0
0 0 0
0 0 0
0 0 0
0 0 0
0 0 0
0 0 0
0 0 0
0 0 0
0 0 0
0 0 0
0 0 0
0 0 0
0 0 0
0 0 0
0 0 0
0 0 0
0 0 0
0 0 0
0 0 0
0 0 0
0 0 0
0 0 0
0 0 0
0 0 0
0 0 0
0 0 0
0 0 0
0 0 0
0 0 0
0 0 0
0 0 0
0 0 0
0 0 0
0 0 0
0 0 0
0 0 0
0 0 0
0 0 0
0 0 0
0 0 0
0 0 0
0 0 0
0 0 0
0 0 0
0 0 0
0 0 0
0 0 0
0 0 0
0 0 0
0 0 0
0 0 0
0 0 0
0 0 0
0 0 0
0 0 0
0 0 0
0 0 0
0 0 0
0 0 0
0 0 0
0 0 0
0 0 0
0 0 0
0 0 0
0 0 0
0 0 0
0 0 0
0 0 0
0 0 0
0 0 0
-0 0 0
-0 0 0
-0 0 0
-0 0 0
-0 0 0
-0 0 0
-0 0 0
-0 0 0
-0 0 0
-0 0 0
-0 0 0
-0 0 0
-0 0 0
-0 0 0
-0 0 0
-0 0 0
-0 0 0
-0 0 0
-0 0 0
-0 0 0
-0 0 0
-0 0 0
-0 0 0
-0 0 0
-0 0 0
-0 0 0
-0 0 0
-0 0 0
-0 0 0
-0 0 0
-0 0 0
-0 0 0
-0 0 0
-0 0 0
-0 0 0
-0 0 0
-0 0 0
-0 0 0
-0 0 0
-0 0 0
-0 0 0
-0 0 0
-0 0 0
-0 0 0
-0 0 0
-0 0 0
-0 0 0
-0 0 0
-0 0 0
-0 0 0
-0 0 0
-0 0 0
-0 0 0
-0 0 0
-0 0 0
-0 0 0
-0 0 0
-0 0 0
-0 0 0
-0 0 0
-0 0 0
-0 0 0
-0 0 0
-0 0 0
-0 0 0
-0 0 0
-0 0 0
-0 0 0
-0 0 0
-0 0 0
-0 0 0
-0 0 0
-0 0 0
-0 0 0
-0 0 0
-0 0 0
-0 0 0
-0 0 0
-0 0 0
-0 0 0
-0 0 0
0 0 0
0 0 0
0 0 0
0 0 0
0 0 0
0 0 0
0 0 0
0 0 0
0 0 0
0 0 0
0 0 0
0 0 0
0 0 0
0 0 0
0 0 0
0 0 0
0 0 0
0 0 0
0 0 0
0 0 0
0 0 0
0 0 0
0 0 0
0 0 0
0 0 0
0 0 0
0 0 0
0 0 0
0 0 0
0 0 0
0 0 0
0 0 0
0 0 0
0 0 0
0 0 0
0 0 0
0 0 0
0 0 0
0 0 0
0 0 0
0 0 0
0 0 0
0 0 0
0 0 0
0 0 0
0 0 0
0 0 0
0 0 0
0 0 0
0 0 0
0 0 0
0 0 0
0 0 0
0 0 0
0 0 0
0 0 0
0 0 0
0 0 0
0 0 0
0 0 0
0 0 0
0 0 0
0 0 0
0 0 0
0 0 0
0 0 0
0 0 0
0 0 0
0 0 0
0 0 0
0 0 0
0 0 0
0 0 0
0 0 0
0 0 0
0 0 0
0 0 0
0 0 0
0 0 0
-0 0 0
-0 0 0
-0 0 0
-0 0 0
-0 0 0
-0 0 0
-0 0 0
-0 0 0
-0 0 0
-0 0 0
-0 0 0
-0 0 0
-0 0 0
-0 0 0
-0 0 0
-0 0 0
-0 0 0
-0 0 0
-0 0 0
-0 0 0
-0 0 0
-0 0 0
-0 0 0
-0 0 0
-0 0 0
-0 0 0
-0 0 0
-0 0 0
-0 0 0
-0 0 0
-0 0 0
-0 0 0
-0 0 0
-0 0 0
-0 0 0
-0 0 0
-0 0 0
-0 0 0
-0 0 0
-0 0 0
-0 0 0
-0 0 0
-0 0 0
-0 0 0
-0 0 0
-0 0 0
-0 0 0
-0 0 0
-0 0 0
-0 0 0
-0 0 0
-0 0 0
-0 0 0
-0 0 0
-0 0 0
-0 0 0
-0 0 0
-0 0 0
-0 0 0
-0 0 0
-0 0 0
-0 0 0
-0 0 0
-0 0 0
-0 0 0
-0 0 0
-0 0 0
-0 0 0
-0 0 0
-0 0 0
-0 0 0
-0 0 0
-0 0 0
-0 0 0
-0 0 0
-0 0 0
-0 0 0
-0 0 0
-0 0 0
-0 0 0
-0 0 0
0 0 0
0 0 0
0 0 0
0 0 0
0 0 0
0 0 0
0 0 0
0 0 0
0 0 0
0 0 0
0 0 0
0 0 0
0 0 0
0 0 0
0 0 0
0 0 0
0 0 0
0 0 0
0 0 0
0 0 0
0 0 0
0 0 0
0 0 0
0 0 0
0 0 0
0 0 0
0 0 0
0 0 0
0 0 0
0 0 0
0 0 0
0 0 0
0 0 0
0 0 0
0 0 0
0 0 0
0 0 0
0 0 0
0 0 0
0 0 0
0 0 0
0 0 0
0 0 0
0 0 0
0 0 0
0 0 0
0 0 0
0 0 0
0 0 0
0 0 0
0 0 0
0 0 0
0 0 0
0 0 0
0 0 0
0 0 0
0 0 0
0 0 0
0 0 0
0 0 0
0 0 0
0 0 0
0 0 0
0 0 0
0 0 0
0 0 0
0 0 0
0 0 0
0 0 0
0 0 0
0 0 0
0 0 0
0 0 0
0 0 0
0 0 0
0 0 0
0 0 0
0 0 0
0 0 0
-0 0 0
-0 0 0
-0 0 0
-0 0 0
-0 0 0
-0 0 0
-0 0 0
-0 0 0
-0 0 0
-0 0 0
-0 0 0
-0 0 0
-0 0 0
-0 0 0
-0 0 0
-0 0 0
-0 0 0
-0 0 0
-0 0 0
-0 0 0
-0 0 0
-0 0 0
-0 0 0
-0 0 0
-0 0 0
-0 0 0
-0 0 0
-0 0 0
-0 0 0
-0 0 0
-0 0 0
-0 0 0
-0 0 0
-0 0 0
-0 0 0
-0 0 0
-0 0 0
-0 0 0
-0 0 0
-0 0 0
-0 0 0
-0 0 0
-0 0 0
-0 0 0
-0 0 0
-0 0 0
-0 0 0
-0 0 0
-0 0 0
-0 0 0
-0 0 0
-0 0 0
-0 0 0
-0 0 0
-0 0 0
-0 0 0
-0 0 0
-0 0 0
-0 0 0
-0 0 0
-0 0 0
-0 0 0
-0 0 0
-0 0 0
-0 0 0
-0 0 0
-0 0 0
-0 0 0
-0 0 0
-0 0 0
-0 0 0
-0 0 0
-0 0 0
-0 0 0
-0 0 0
-0 0 0
-0 0 0
-0 0 0
-0 0 0
-0 0 0
-0 0 0
0 0 0
0 0 0
0 0 0
0 0 0
0 0 0
0 0 0
0 0 0
0 0 0
0 0 0
0 0 0
0 0 0
0 0 0
0 0 0
0 0 0
0 0 0
0 0 0
0 0 0
0 0 0
0 0 0
0 0 0
0 0 0
0 0 0
0 0 0
0 0 0
0 0 0
0 0 0
0 0 0
0 0 0
0 0 0
0 0 0
0 0 0
0 0 0
0 0 0
0 0 0
0 0 0
0 0 0
0 0 0
0 0 0
0 0 0
0 0 0
0 0 0
0 0 0
0 0 0
0 0 0
0 0 0
0 0 0
0 0 0
0 0 0
0 0 0
0 0 0
0 0 0
0 0 0
0 0 0
0 0 0
0 0 0
0 0 0
0 0 0
0 0 0
0 0 0
0 0 0
0 0 0
0 0 0
0 0 0
0 0 0
0 0 0
0 0 0
0 0 0
0 0 0
0 0 0
0 0 0
0 0 0
0 0 0
0 0 0
0 0 0
0 0 0
0 0 0
0 0 0
0 0 0
0 0 0
-0 0 0
-0 0 0
-0 0 0
-0 0 0
-0 0 0
-0 0 0
-0 0 0
-0 0 0
-0 0 0
-0 0 0
-0 0 0
-0 0 0
-0 0 0
-0 0 0
-0 0 0
-0 0 0
-0 0 0
-0 0 0
-0 0 0
-0 0 0
-0 0 0
-0 0 0
-0 0 0
-0 0 0
-0 0 0
-0 0 0
-0 0 0
-0 0 0
-0 0 0
-0 0 0
-0 0 0
-0 0 0
-0 0 0
-0 0 0
-0 0 0
-0 0 0
-0 0 0
-0 0 0
-0 0 0
-0 0 0
-0 0 0
-0 0 0
-0 0 0
-0 0 0
-0 0 0
-0 0 0
-0 0 0
-0 0 0
-0 0 0
-0 0 0
-0 0 0
-0 0 0
-0 0 0
-0 0 0
-0 0 0
-0 0 0
-0 0 0
-0 0 0
-0 0 0
-0 0 0
-0 0 0
-0 0 0
-0 0 0
-0 0 0
-0 0 0
-0 0 0
-0 0 0
-0 0 0
-0 0 0
-0 0 0
-0 0 0
-0 0 0
-0 0 0
-0 0 0
-0 0 0
-0 0 0
-0 0 0
-0 0 0
-0 0 0
-0 0 0
-0 0 0
0 0 0
0 0 0
0 0 0
0 0 0
0 0 0
0 0 0
0 0 0
0 0 0
0 0 0
0 0 0
0 0 0
0 0 0
0 0 0
0 0 0
0 0 0
0 0 0
0 0 0
0 0 0
0 0 0
0 0 0
0 0 0
0 0 0
0 0 0
0 0 0
0 0 0
0 0 0
0 0 0
0 0 0
0 0 0
0 0 0
0 0 0
0 0 0
0 0 0
0 0 0
0 0 0
0 0 0
0 0 0
0 0 0
0 0 0
0 0 0
0 0 0
0 0 0
0 0 0
0 0 0
0 0 0
0 0 0
0 0 0
0 0 0
0 0 0
0 0 0
0 0 0
0 0 0
0 0 0
0 0 0
0 0 0
0 0 0
0 0 0
0 0 0
0 0 0
0 0 0
0 0 0
0 0 0
0 0 0
0 0 0
0 0 0
0 0 0
0 0 0
0 0 0
0 0 0
0 0 0
0 0 0
0 0 0
0 0 0
0 0 0
0 0 0
0 0 0
0 0 0
0 0 0
0 0 0
-0 0 0
-0 0 0
-0 0 0
-0 0 0
-0 0 0
-0 0 0
-0 0 0
-0 0 0
-0 0 0
-0 0 0
-0 0 0
-0 0 0
-0 0 0
-0 0 0
-0 0 0
-0 0 0
-0 0 0
-0 0 0
-0 0 0
-0 0 0
-0 0 0
-0 0 0
-0 0 0
-0 0 0
-0 0 0
-0 0 0
-0 0 0
-0 0 0
-0 0 0
-0 0 0
-0 0 0
-0 0 0
-0 0 0
-0 0 0
-0 0 0
-0 0 0
-0 0 0
-0 0 0
-0 0 0
-0 0 0
-0 0 0
-0 0 0
-0 0 0
-0 0 0
-0 0 0
-0 0 0
-0 0 0
-0 0 0
-0 0 0
-0 0 0
-0 0 0
-0 0 0
-0 0 0
-0 0 0
-0 0 0
-0 0 0
-0 0 0
-0 0 0
-0 0 0
-0 0 0
-0 0 0
-0 0 0
-0 0 0
-0 0 0
-0 0 0
-0 0 0
-0 0 0
-0 0 0
-0 0 0
-0 0 0
-0 0 0
-0 0 0
-0 0 0
-0 0 0
-0 0 0
-0 0 0
-0 0 0
-0 0 0
-0 0 0
-0 0 0
-0 0 0
0 0 0
0 0 0
0 0 0
0 0 0
0 0 0
0 0 0
0 0 0
0 0 0
0 0 0
0 0 0
0 0 0
0 0 0
0 0 0
0 0 0
0 0 0
0 0 0
0 0 0
0 0 0
0 0 0
0 0 0
0 0 0
0 0 0
0 0 0
0 0 0
0 0 0
0 0 0
0 0 0
0 0 0
0 0 0
0 0 0
0 0 0
0 0 0
0 0 0
0 0 0
0 0 0
0 0 0
0 0 0
0 0 0
0 0 0
0 0 0
0 0 0
0 0 0
0 0 0
0 0 0
0 0 0
0 0 0
0 0 0
0 0 0
0 0 0
0 0 0
0 0 0
0 0 0
0 0 0
0 0 0
0 0 0
0 0 0
0 0 0
0 0 0
0 0 0
0 0 0
0 0 0
0 0 0
0 0 0
0 0 0
0 0 0
0 0 0
0 0 0
0 0 0
0 0 0
0 0 0
0 0 0
0 0 0
0 0 0
0 0 0
0 0 0
0 0 0
0 0 0
0 0 0
0 0 0
-0 0 0
-0 0 0
-0 0 0
-0 0 0
-0 0 0
-0 0 0
-0 0 0
-0 0 0
-0 0 0
-0 0 0
-0 0 0
-0 0 0
-0 0 0
-0 0 0
-0 0 0
-0 0 0
-0 0 0
-0 0 0
-0 0 0
-0 0 0
-0 0 0
-0 0 0
-0 0 0
-0 0 0
-0 0 0
-0 0 0
-0 0 0
-0 0 0
-0 0 0
-0 0 0
-0 0 0
-0 0 0
-0 0 0
-0 0 0
-0 0 0
-0 0 0
-0 0 0
-0 0 0
-0 0 0
-0 0 0
-0 0 0
-0 0 0
-0 0 0
-0 0 0
-0 0 0
-0 0 0
-0 0 0
-0 0 0
-0 0 0
-0 0 0
-0 0 0
-0 0 0
-0 0 0
-0 0 0
-0 0 0
-0 0 0
-0 0 0
-0 0 0
-0 0 0
-0 0 0
-0 0 0
-0 0 0
-0 0 0
-0 0 0
-0 0 0
-0 0 0
-0 0 0
-0 0 0
-0 0 0
-0 0 0
-0 0 0
-0 0 0
-0 0 0
-0 0 0
-0 0 0
-0 0 0
-0 0 0
-0 0 0
-0 0 0
-0 0 0
-0 0 0
0 0 0
0 0 0
0 0 0
0 0 0
0 0 0
0 0 0
0 0 0
0 0 0
0 0 0
0 0 0
0 0 0
0 0 0
0 0 0
0 0 0
0 0 0
0 0 0
0 0 0
0 0 0
0 0 0
0 0 0
0 0 0
0 0 0
0 0 0
0 0 0
0 0 0
0 0 0
0 0 0
0 0 0
0 0 0
0 0 0
0 0 0
0 0 0
0 0 0
0 0 0
0 0 0
0 0 0
0 0 0
0 0 0
0 0 0
0 0 0
0 0 0
0 0 0
0 0 0
0 0 0
0 0 0
0 0 0
0 0 0
0 0 0
0 0 0
0 0 0
0 0 0
0 0 0
0 0 0
0 0 0
0 0 0
0 0 0
0 0 0
0 0 0
0 0 0
0 0 0
0 0 0
0 0 0
0 0 0
0 0 0
0 0 0
0 0 0
0 0 0
0 0 0
0 0 0
0 0 0
0 0 0
0 0 0
0 0 0
0 0 0
0 0 0
0 0 0
0 0 0
0 0 0
0 0 0
-0 0 0
-0 0 0
-0 0 0
-0 0 0
-0 0 0
-0 0 0
-0 0 0
-0 0 0
-0 0 0
-0 0 0
-0 0 0
-0 0 0
-0 0 0
-0 0 0
-0 0 0
-0 0 0
-0 0 0
-0 0 0
-0 0 0
-0 0 0
-0 0 0
-0 0 0
-0 0 0
-0 0 0
-0 0 0
-0 0 0
-0 0 0
-0 0 0
-0 0 0
-0 0 0
-0 0 0
-0 0 0
-0 0 0
-0 0 0
-0 0 0
-0 0 0
-0 0 0
-0 0 0
-0 0 0
-0 0 0
-0 0 0
-0 0 0
-0 0 0
-0 0 0
-0 0 0
-0 0 0
-0 0 0
-0 0 0
-0 0 0
-0 0 0
-0 0 0
-0 0 0
-0 0 0
-0 0 0
-0 0 0
-0 0 0
-0 0 0
-0 0 0
-0 0 0
-0 0 0
-0 0 0
-0 0 0
-0 0 0
-0 0 0
-0 0 0
-0 0 0
-0 0 0
-0 0 0
-0 0 0
-0 0 0
-0 0 0
-0 0 0
-0 0 0
-0 0 0
-0 0 0
-0 0 0
-0 0 0
-0 0 0
-0 0 0
-0 0 0
-0 0 0
0 0 0
0 0 0
0 0 0
0 0 0
0 0 0
0 0 0
0 0 0
0 0 0
0 0 0
0 0 0
0 0 0
0 0 0
0 0 0
0 0 0
0 0 0
0 0 0
0 0 0
0 0 0
0 0 0
0 0 0
0 0 0
0 0 0
0 0 0
0 0 0
0 0 0
0 0 0
0 0 0
0 0 0
0 0 0
0 0 0
0 0 0
0 0 0
0 0 0
0 0 0
0 0 0
0 0 0
0 0 0
0 0 0
0 0 0
0 0 0
0 0 0
0 0 0
0 0 0
0 0 0
0 0 0
0 0 0
0 0 0
0 0 0
0 0 0
0 0 0
0 0 0
0 0 0
0 0 0
0 0 0
0 0 0
0 0 0
0 0 0
0 0 0
0 0 0
0 0 0
0 0 0
0 0 0
0 0 0
0 0 0
0 0 0
0 0 0
0 0 0
0 0 0
0 0 0
0 0 0
0 0 0
0 0 0
0 0 0
0 0 0
0 0 0
0 0 0
0 0 0
0 0 0
0 0 0
-0 0 0
-0 0 0
-0 0 0
-0 0 0
-0 0 0
-0 0 0
-0 0 0
-0 0 0
-0 0 0
-0 0 0
-0 0 0
-0 0 0
-0 0 0
-0 0 0
-0 0 0
-0 0 0
-0 0 0
-0 0 0
-0 0 0
-0 0 0
-0 0 0
-0 0 0
-0 0 0
-0 0 0
-0 0 0
-0 0 0
-0 0 0
-0 0 0
-0 0 0
-0 0 0
-0 0 0
-0 0 0
-0 0 0
-0 0 0
-0 0 0
-0 0 0
-0 0 0
-0 0 0
-0 0 0
-0 0 0
-0 0 0
-0 0 0
-0 0 0
-0 0 0
-0 0 0
-0 0 0
-0 0 0
-0 0 0
-0 0 0
-0 0 0
-0 0 0
-0 0 0
-0 0 0
-0 0 0
-0 0 0
-0 0 0
-0 0 0
-0 0 0
-0 0 0
-0 0 0
-0 0 0
-0 0 0
-0 0 0
-0 0 0
-0 0 0
-0 0 0
-0 0 0
-0 0 0
-0 0 0
-0 0 0
-0 0 0
-0 0 0
-0 0 0
-0 0 0
-0 0 0
-0 0 0
-0 0 0
-0 0 0
-0 0 0
-0 0 0
-0 0 0
0 0 0
0 0 0
0 0 0
0 0 0
0 0 0
0 0 0
0 0 0
0 0 0
0 0 0
0 0 0
0 0 0
0 0 0
0 0 0
0 0 0
0 0 0
0 0 0
0 0 0
0 0 0
0 0 0
0 0 0
0 0 0
0 0 0
0 0 0
0 0 0
0 0 0
0 0 0
0 0 0
0 0 0
0 0 0
0 0 0
0 0 0
0 0 0
0 0 0
0 0 0
0 0 0
0 0 0
0 0 0
0 0 0
0 0 0
0 0 0
0 0 0
0 0 0
0 0 0
0 0 0
0 0 0
0 0 0
0 0 0
0 0 0
0 0 0
0 0 0
0 0 0
0 0 0
0 0 0
0 0 0
0 0 0
0 0 0
0 0 0
0 0 0
0 0 0
0 0 0
0 0 0
0 0 0
0 0 0
0 0 0
0 0 0
0 0 0
0 0 0
0 0 0
0 0 0
0 0 0
0 0 0
0 0 0
0 0 0
0 0 0
0 0 0
0 0 0
0 0 0
0 0 0
0 0 0
-0 0 0
-0 0 0
-0 0 0
-0 0 0
-0 0 0
-0 0 0
-0 0 0
-0 0 0
-0 0 0
-0 0 0
-0 0 0
-0 0 0
-0 0 0
-0 0 0
-0 0 0
-0 0 0
-0 0 0
-0 0 0
-0 0 0
-0 0 0
-0 0 0
-0 0 0
-0 0 0
-0 0 0
-0 0 0
-0 0 0
-0 0 0
-0 0 0
-0 0 0
-0 0 0
-0 0 0
-0 0 0
-0 0 0
-0 0 0
-0 0 0
-0 0 0
-0 0 0
-0 0 0
-0 0 0
-0 0 0
-0 0 0
-0 0 0
-0 0 0
-0 0 0
-0 0 0
-0 0 0
-0 0 0
-0 0 0
-0 0 0
-0 0 0
-0 0 0
-0 0 0
-0 0 0
-0 0 0
-0 0 0
-0 0 0
-0 0 0
-0 0 0
-0 0 0
-0 0 0
-0 0 0
-0 0 0
-0 0 0
-0 0 0
-0 0 0
-0 0 0
-0 0 0
-0 0 0
-0 0 0
-0 0 0
-0 0 0
-0 0 0
-0 0 0
-0 0 0
-0 0 0
-0 0 0
-0 0 0
-0 0 0
-0 0 0
-0 0 0
-0 0 0
0 0 0
0 0 0
0 0 0
0 0 0
0 0 0
0 0 0
0 0 0
0 0 0
0 0 0
0 0 0
0 0 0
0 0 0
0 0 0
0 0 0
0 0 0
0 0 0
0 0 0
0 0 0
0 0 0
0 0 0
0 0 0
0 0 0
0 0 0
0 0 0
0 0 0
0 0 0
0 0 0
0 0 0
0 0 0
0 0 0
0 0 0
0 0 0
0 0 0
0 0 0
0 0 0
0 0 0
0 0 0
0 0 0
0 0 0
0 0 0
0 0 0
0 0 0
0 0 0
0 0 0
0 0 0
0 0 0
0 0 0
0 0 0
0 0 0
0 0 0
0 0 0
0 0 0
0 0 0
0 0 0
0 0 0
0 0 0
0 0 0
0 0 0
0 0 0
0 0 0
0 0 0
0 0 0
0 0 0
0 0 0
0 0 0
0 0 0
0 0 0
0 0 0
0 0 0
0 0 0
0 0 0
0 0 0
0 0 0
0 0 0
0 0 0
0 0 0
0 0 0
0 0 0
0 0 0
-0 0 0
-0 0 0
-0 0 0
-0 0 0
-0 0 0
-0 0 0
-0 0 0
-0 0 0
-0 0 0
-0 0 0
-0 0 0
-0 0 0
-0 0 0
-0 0 0
-0 0 0
-0 0 0
-0 0 0
-0 0 0
-0 0 0
-0 0 0
-0 0 0
-0 0 0
-0 0 0
-0 0 0
-0 0 0
-0 0 0
-0 0 0
-0 0 0
-0 0 0
-0 0 0
-0 0 0
-0 0 0
-0 0 0
-0 0 0
-0 0 0
-0 0 0
-0 0 0
-0 0 0
-0 0 0
-0 0 0
-0 0 0
-0 0 0
-0 0 0
-0 0 0
-0 0 0
-0 0 0
-0 0 0
-0 0 0
-0 0 0
-0 0 0
-0 0 0
-0 0 0
-0 0 0
-0 0 0
-0 0 0
-0 0 0
-0 0 0
-0 0 0
-0 0 0
-0 0 0
-0 0 0
-0 0 0
-0 0 0
-0 0 0
-0 0 0
-0 0 0
-0 0 0
-0 0 0
-0 0 0
-0 0 0
-0 0 0
-0 0 0
-0 0 0
-0 0 0
-0 0 0
-0 0 0
-0 0 0
-0 0 0
-0 0 0
-0 0 0
-0 0 0
0 0 0
0 0 0
0 0 0
0 0 0
0 0 0
0 0 0
0 0 0
0 0 0
0 0 0
0 0 0
0 0 0
0 0 0
0 0 0
0 0 0
0 0 0
0 0 0
0 0 0
0 0 0
0 0 0
0 0 0
0 0 0
0 0 0
0 0 0
0 0 0
0 0 0
0 0 0
0 0 0
0 0 0
0 0 0
0 0 0
0 0 0
0 0 0
0 0 0
0 0 0
0 0 0
0 0 0
0 0 0
0 0 0
0 0 0
0 0 0
0 0 0
0 0 0
0 0 0
0 0 0
0 0 0
0 0 0
0 0 0
0 0 0
0 0 0
0 0 0
0 0 0
0 0 0
0 0 0
0 0 0
0 0 0
0 0 0
0 0 0
0 0 0
0 0 0
0 0 0
0 0 0
0 0 0
0 0 0
0 0 0
0 0 0
0 0 0
0 0 0
0 0 0
0 0 0
0 0 0
0 0 0
0 0 0
0 0 0
0 0 0
0 0 0
0 0 0
0 0 0
0 0 0
0 0 0
-0 0 0
-0 0 0
-0 0 0
-0 0 0
-0 0 0
-0 0 0
-0 0 0
-0 0 0
-0 0 0
-0 0 0
-0 0 0
-0 0 0
-0 0 0
-0 0 0
-0 0 0
-0 0 0
-0 0 0
-0 0 0
-0 0 0
-0 0 0
-0 0 0
-0 0 0
-0 0 0
-0 0 0
-0 0 0
-0 0 0
-0 0 0
-0 0 0
-0 0 0
-0 0 0
-0 0 0
-0 0 0
-0 0 0
-0 0 0
-0 0 0
-0 0 0
-0 0 0
-0 0 0
-0 0 0
-0 0 0
-0 0 0
-0 0 0
-0 0 0
-0 0 0
-0 0 0
-0 0 0
-0 0 0
-0 0 0
-0 0 0
-0 0 0
-0 0 0
-0 0 0
-0 0 0
-0 0 0
-0 0 0
-0 0 0
-0 0 0
-0 0 0
-0 0 0
-0 0 0
-0 0 0
-0 0 0
-0 0 0
-0 0 0
-0 0 0
-0 0 0
-0 0 0
-0 0 0
-0 0 0
-0 0 0
-0 0 0
-0 0 0
-0 0 0
-0 0 0
-0 0 0
-0 0 0
-0 0 0
-0 0 0
-0 0 0
-0 0 0
-0 0 0
0 0 0
0 0 0
0 0 0
0 0 0
0 0 0
0 0 0
0 0 0
0 0 0
0 0 0
0 0 0
0 0 0
0 0 0
0 0 0
0 0 0
0 0 0
0 0 0
0 0 0
0 0 0
0 0 0
0 0 0
0 0 0
0 0 0
0 0 0
0 0 0
0 0 0
0 0 0
0 0 0
0 0 0
0 0 0
0 0 0
0 0 0
0 0 0
0 0 0
0 0 0
0 0 0
0 0 0
0 0 0
0 0 0
0 0 0
0 0 0
0 0 0
0 0 0
0 0 0
0 0 0
0 0 0
0 0 0
0 0 0
0 0 0
0 0 0
0 0 0
0 0 0
0 0 0
0 0 0
0 0 0
0 0 0
0 0 0
0 0 0
0 0 0
0 0 0
0 0 0
0 0 0
0 0 0
0 0 0
0 0 0
0 0 0
0 0 0
0 0 0
0 0 0
0 0 0
0 0 0
0 0 0
0 0 0
0 0 0
0 0 0
0 0 0
0 0 0
0 0 0
0 0 0
0 0 0
-0 0 0
-0 0 0
-0 0 0
-0 0 0
-0 0 0
-0 0 0
-0 0 0
-0 0 0
-0 0 0
-0 0 0
-0 0 0
-0 0 0
-0 0 0
-0 0 0
-0 0 0
-0 0 0
-0 0 0
-0 0 0
-0 0 0
-0 0 0
-0 0 0
-0 0 0
-0 0 0
-0 0 0
-0 0 0
-0 0 0
-0 0 0
-0 0 0
-0 0 0
-0 0 0
-0 0 0
-0 0 0
-0 0 0
-0 0 0
-0 0 0
-0 0 0
-0 0 0
-0 0 0
-0 0 0
-0 0 0
-0 0 0
-0 0 0
-0 0 0
-0 0 0
-0 0 0
-0 0 0
-0 0 0
-0 0 0
-0 0 0
-0 0 0
-0 0 0
-0 0 0
-0 0 0
-0 0 0
-0 0 0
-0 0 0
-0 0 0
-0 0 0
-0 0 0
-0 0 0
-0 0 0
-0 0 0
-0 0 0
-0 0 0
-0 0 0
-0 0 0
-0 0 0
-0 0 0
-0 0 0
-0 0 0
-0 0 0
-0 0 0
-0 0 0
-0 0 0
-0 0 0
-0 0 0
-0 0 0
-0 0 0
-0 0 0
-0 0 0
-0 0 0
0.00085362355 0.10289548 0.21675001
0.0027751143 0.10384492 0.21875001
0 0 0
0 0 0
0 0 0
0 0 0
0 0 0
0 0 0
0 0 0
0 0 0
0 0 0
0 0 0
0 0 0
0 0 0
0 0 0
0 0 0
0 0 0
0 0 0
0 0 0
0 0 0
0 0 0
0 0 0
0 0 0
0 0 0
0 0 0
0 0 0
0 0 0
0 0 0
0 0 0
0 0 0
0 0 0
0 0 0
0 0 0
0 0 0
0 0 0
0 0 0
0 0 0
0 0 0
0 0 0
0 0 0
0 0 0
0 0 0
0 0 0
0 0 0
0 0 0
0 0 0
0 0 0
0 0 0
0 0 0
0 0 0
0 0 0
0 0 0
0 0 0
0 0 0
0 0 0
0 0 0
0 0 0
0 0 0
0 0 0
0 0 0
0 0 0
0 0 0
0 0 0
0 0 0
0 0 0
0 0 0
0 0 0
0 0 0
0 0 0
0 0 0
0 0 0
0 0 0
0 0 0
0 0 0
0 0 0
0 0 0
0 0 0
0 0 0
0 0 0
-0 0 0
-0 0 0
-0 0 0
-0 0 0
-0 0 0
-0 0 0
-0 0 0
-0 0 0
-0 0 0
-0 0 0
-0 0 0
-0 0 0
-0 0 0
-0 0 0
-0 0 0
-0 0 0
-0 0 0
-0 0 0
-0 0 0
-0 0 0
-0 0 0
-0 0 0
-0 0 0
-0 0 0
-0 0 0
-0 0 0
-0 0 0
-0 0 0
-0 0 0
-0 0 0
-0 0 0
-0 0 0
-0 0 0
-0 0 0
-0 0 0
-0 0 0
-0 0 0
-0 0 0
-0 0 0
-0 0 0
-0 0 0
-0 0 0
-0 0 0
-0 0 0
-0 0 0
-0 0 0
-0 0 0
-0 0 0
-0 0 0
-0 0 0
-0 0 0
-0 0 0
-0 0 0
-0 0 0
-0 0 0
-0 0 0
-0 0 0
-0 0 0
-0 0 0
-0 0 0
-0 0 0
-0 0 0
-0 0 0
-0 0 0
-0 0 0
-0 0 0
-0 0 0
-0 0 0
-0 0 0
-0 0 0
-0 0 0
-0 0 0
-0 0 0
-0 0 0
-0 0 0
-0 0 0
-0 0 0
-0 0 0
-0 0 0
-0 0 0
-0.0010412922 0.10466927 0.21650001
0.00085263897 0.10466927 0.21650001
0.0027719426 0.10563619 0.2185
0.0047048042 0.10611965 0.21950001
0 0 0
0 0 0
0 0 0
0 0 0
0 0 0
0 0 0
0 0 0
0 0 0
0 0 0
0 0 0
0 0 0
0 0 0
0 0 0
0 0 0
0 0 0
0 0 0
0 0 0
0 0 0
0 0 0
0 0 0
0 0 0
0 0 0
0 0 0
0 0 0
0 0 0
0 0 0
0 0 0
0 0 0
0 0 0
0 0 0
0 0 0
0 0 0
0 0 0
0 0 0
0 0 0
0 0 0
0 0 0
0 0 0
0 0 0
0 0 0
0 0 0
0 0 0
0 0 0
0 0 0
0 0 0
0 0 0
0 0 0
0 0 0
0 0 0
0 0 0
0 0 0
0 0 0
0 0 0
0 0 0
0 0 0
0 0 0
0 0 0
0 0 0
0 0 0
0 0 0
0 0 0
0 0 0
0 0 0
0 0 0
0 0 0
0 0 0
0 0 0
0 0 0
0 0 0
0 0 0
0 0 0
0 0 0
0 0 0
0 0 0
0 0 0
0 0 0
-0 0 0
-0 0 0
-0 0 0
-0 0 0
-0 0 0
-0 0 0
-0 0 0
-0 0 0
-0 0 0
-0 0 0
-0 0 0
-0 0 0
-0 0 0
-0 0 0
-0 0 0
-0 0 0
-0 0 0
-0 0 0
-0 0 0
-0 0 0
-0 0 0
-0 0 0
-0 0 0
-0 0 0
-0 0 0
-0 0 0
-0 0 0
-0 0 0
-0 0 0
-0 0 0
-0 0 0
-0 0 0
-0 0 0
-0 0 0
-0 0 0
-0 0 0
-0 0 0
-0 0 0
-0 0 0
-0 0 0
-0 0 0
-0 0 0
-0 0 0
-0 0 0
-0 0 0
-0 0 0
-0 0 0
-0 0 0
-0 0 0
-0 0 0
-0 0 0
-0 0 0
-0 0 0
-0 0 0
-0 0 0
-0 0 0
-0 0 0
-0 0 0
-0 0 0
-0 0 0
-0 0 0
-0 0 0
-0 0 0
-0 0 0
-0 0 0
-0 0 0
-0 0 0
-0 0 0
-0 0 0
-0 0 0
-0 0 0
-0 0 0
-0 0 0
-0 0 0
-0 0 0
-0 0 0
-0 0 0
-0 0 0
-0 0 0
-0 0 0
-0 0 0
0 0 0
0 0 0
0 0 0
0 0 0
0 0 0
0 0 0
0 0 0
0 0 0
0 0 0
0 0 0
0 0 0
0 0 0
0 0 0
0 0 0
0 0 0
0 0 0
0 0 0
0 0 0
0 0 0
0 0 0
0 0 0
0 0 0
0 0 0
0 0 0
0 0 0
0 0 0
0 0 0
0 0 0
0 0 0
0 0 0
0 0 0
0 0 0
0 0 0
0 0 0
0 0 0
0 0 0
0 0 0
0 0 0
0 0 0
0 0 0
0 0 0
0 0 0
0 0 0
0 0 0
0 0 0
0 0 0
0 0 0
0 0 0
0 0 0
0 0 0
0 0 0
0 0 0
0 0 0
0 0 0
0 0 0
0 0 0
0 0 0
0 0 0
0 0 0
0 0 0
0 0 0
0 0 0
0 0 0
0 0 0
0 0 0
0 0 0
0 0 0
0 0 0
0 0 0
0 0 0
0 0 0
0 0 0
0 0 0
0 0 0
0 0 0
0 0 0
0 0 0
0 0 0
0 0 0
-0 0 0
-0 0 0
-0 0 0
-0 0 0
-0 0 0
-0 0 0
-0 0 0
-0 0 0
-0 0 0
-0 0 0
-0 0 0
-0 0 0
-0 0 0
-0 0 0
-0 0 0
-0 0 0
-0 0 0
-0 0 0
-0 0 0
-0 0 0
-0 0 0
-0 0 0
-0 0 0
-0 0 0
-0 0 0
-0 0 0
-0 0 0
-0 0 0
-0 0 0
-0 0 0
-0 0 0
-0 0 0
-0 0 0
-0 0 0
-0 0 0
-0 0 0
-0 0 0
-0 0 0
-0 0 0
-0 0 0
-0 0 0
-0 0 0
-0 0 0
-0 0 0
-0 0 0
-0 0 0
-0 0 0
-0 0 0
-0 0 0
-0 0 0
-0 0 0
-0 0 0
-0 0 0
-0 0 0
-0 0 0
-0 0 0
-0 0 0
-0 0 0
-0 0 0
-0 0 0
-0 0 0
-0 0 0
-0 0 0
-0 0 0
-0 0 0
-0 0 0
-0 0 0
-0 0 0
-0 0 0
-0 0 0
-0 0 0
-0 0 0
-0 0 0
-0 0 0
-0 0 0
-0 0 0
-0 0 0
-0 0 0
-0 0 0
-0 0 0
-0 0 0
0 0 0
0 0 0
0 0 0
0 0 0
0 0 0
0 0 0
0 0 0
0 0 0
0 0 0
0 0 0
0 0 0
0 0 0
0 0 0
0 0 0
0 0 0
0 0 0
0 0 0
0 0 0
0 0 0
0 0 0
0 0 0
0 0 0
0 0 0
0 0 0
0 0 0
0 0 0
0 0 0
0 0 0
0 0 0
0 0 0
0 0 0
0 0 0
0 0 0
0 0 0
0 0 0
0 0 0
0 0 0
0 0 0
0 0 0
0 0 0
0 0 0
0 0 0
0 0 0
0 0 0
0 0 0
0 0 0
0 0 0
0 0 0
0 0 0
0 0 0
0 0 0
0 0 0
0 0 0
0 0 0
0 0 0
0 0 0
0 0 0
0 0 0
0 0 0
0 0 0
0 0 0
0 0 0
0 0 0
0 0 0
0 0 0
0 0 0
0 0 0
0 0 0
0 0 0
0 0 0
0 0 0
0 0 0
0 0 0
0 0 0
0 0 0
0 0 0
0 0 0
0 0 0
0 0 0
-0 0 0
-0 0 0
-0 0 0
-0 0 0
-0 0 0
-0 0 0
-0 0 0
-0 0 0
-0 0 0
-0 0 0
-0 0 0
-0 0 0
-0 0 0
-0 0 0
-0 0 0
-0 0 0
-0 0 0
-0 0 0
-0 0 0
-0 0 0
-0 0 0
-0 0 0
-0 0 0
-0 0 0
-0 0 0
-0 0 0
-0 0 0
-0 0 0
-0 0 0
-0 0 0
-0 0 0
-0 0 0
-0 0 0
-0 0 0
-0 0 0
-0 0 0
-0 0 0
-0 0 0
-0 0 0
-0 0 0
-0 0 0
-0 0 0
-0 0 0
-0 0 0
-0 0 0
-0 0 0
-0 0 0
-0 0 0
-0 0 0
-0 0 0
-0 0 0
-0 0 0
-0 0 0
-0 0 0
-0 0 0
-0 0 0
-0 0 0
-0 0 0
-0 0 0
-0 0 0
-0 0 0
-0 0 0
-0 0 0
-0 0 0
-0 0 0
-0 0 0
-0 0 0
-0 0 0
-0 0 0
-0 0 0
-0 0 0
-0 0 0
-0 0 0
-0 0 0
-0 0 0
-0 0 0
-0 0 0
-0 0 0
-0 0 0
-0 0 0
-0 0 0
0 0 0
0 0 0
0 0 0
0 0 0
0 0 0
0 0 0
0 0 0
0 0 0
0 0 0
0 0 0
0 0 0
0 0 0
0 0 0
0 0 0
0 0 0
0 0 0
0 0 0
0 0 0
0 0 0
0 0 0
0 0 0
0 0 0
0 0 0
0 0 0
0 0 0
0 0 0
0 0 0
0 0 0
0 0 0
0 0 0
0 0 0
0 0 0
0 0 0
0 0 0
0 0 0
0 0 0
0 0 0
0 0 0
0 0 0
0 0 0
0 0 0
0 0 0
0 0 0
0 0 0
0 0 0
0 0 0
0 0 0
0 0 0
0 0 0
0 0 0
0 0 0
0 0 0
0 0 0
0 0 0
0 0 0
0 0 0
0 0 0
0 0 0
0 0 0
0 0 0
0 0 0
0 0 0
0 0 0
0 0 0
0 0 0
0 0 0
0 0 0
0 0 0
0 0 0
0 0 0
0 0 0
0 0 0
0 0 0
0 0 0
0 0 0
0 0 0
0 0 0
0 0 0
0 0 0
