# .PCD v0.7 - Point Cloud Data file format
VERSION 0.7
FIELDS x y z
SIZE 4 4 4
TYPE F F F
COUNT 1 1 1
WIDTH 19200
HEIGHT 1
VIEWPOINT 0 0 0 1 0 0 0
POINTS 19200
DATA ascii
-0 -0 0
-0 -0 0
-0 -0 0
-0 -0 0
-0 -0 0
-0 -0 0
-0 -0 0
-0 -0 0
-0 -0 0
-0 -0 0
-0 -0 0
-0 -0 0
-0 -0 0
-0 -0 0
-0 -0 0
-0 -0 0
-0 -0 0
-0 -0 0
-0 -0 0
-0 -0 0
-0 -0 0
-0 -0 0
-0 -0 0
-0 -0 0
-0 -0 0
-0 -0 0
-0 -0 0
-0 -0 0
-0 -0 0
-0 -0 0
-0 -0 0
-0 -0 0
-0 -0 0
-0 -0 0
-0 -0 0
-0 -0 0
-0 -0 0
-0 -0 0
-0 -0 0
-0 -0 0
-0 -0 0
-0 -0 0
-0 -0 0
-0 -0 0
-0 -0 0
-0 -0 0
-0 -0 0
-0 -0 0
-0 -0 0
-0 -0 0
-0 -0 0
-0 -0 0
-0 -0 0
-0 -0 0
-0 -0 0
-0.074819446 -0.17759217 0.33475003
-0.071729995 -0.17719428 0.33400002
-0.068602167 -0.17666374 0.333
-0.065491833 -0.17613323 0.33200002
-0.062587515 -0.17613323 0.33200002
-0.059818022 -0.17653112 0.33275002
-0.056736119 -0.1760006 0.33175001
-0.053752851 -0.17573534 0.33125001
-0.051047005 -0.17639849 0.33250001
-0.047812562 -0.17520483 0.33025002
-0.044685498 -0.1742764 0.3285
-0.04177998 -0.17414378 0.32825002
-0.038789928 -0.17361325 0.32725
-0 -0 0
-0 -0 0
-0 -0 0
-0 -0 0
-0 -0 0
-0.021662863 -0.17401114 0.32800001
-0.01870759 -0.17321536 0.32650003
-0.015814973 -0.17281747 0.32575002
-0.012975277 -0.17295009 0.32600001
-0.010107919 -0.17268483 0.32550001
-0.0072493083 -0.17241958 0.32500002
-0.0044028354 -0.17228694 0.32475001
-0.0015523189 -0.17122589 0.32275
0.0012691127 -0.17096063 0.32225001
0.0040817964 -0.17069538 0.32175002
0.0069018085 -0.17082801 0.32200003
0.0096809203 -0.17016487 0.32075003
0.012438163 -0.16950172 0.31950003
0.015221213 -0.16936907 0.31925002
0.018013997 -0.16936907 0.31925002
0.020774193 -0.16910382 0.31875002
0.023414757 -0.16804278 0.31675002
0.026082333 -0.16737962 0.31550002
0.029070856 -0.16870593 0.31800002
0.031852704 -0.16870593 0.31800002
0.034416724 -0.16764489 0.31600001
0.037063416 -0.16711436 0.31500003
0.039692607 -0.16658384 0.31400001
0.042507041 -0.16684909 0.3145
0.045006439 -0.16592069 0.31275001
0.047513381 -0.16512489 0.31125
0.050195832 -0.16499227 0.31100002
0.05283137 -0.16472702 0.31050003
0.055592328 -0.16485964 0.31075001
0.058310755 -0.16485964 0.31075001
0.060980085 -0.16472702 0.31050003
0.063491181 -0.16419649 0.30950001
0.066038251 -0.16379859 0.30875
0.068794847 -0.16393124 0.30900002
0.07120873 -0.16326807 0.30775002
0.073660783 -0.16273756 0.30675003
0.076095335 -0.16220704 0.30575001
0.078576796 -0.16180913 0.30500001
0.081178322 -0.16167651 0.30475003
0.083775483 -0.16154388 0.30450001
0.08643923 -0.16154388 0.30450001
0.088956676 -0.16127862 0.30400002
0.091616049 -0.16127862 0.30400002
0.094197899 -0.16114599 0.30375001
0.096695654 -0.16088073 0.30325001
0.099020869 -0.16035022 0.30225003
0.10132857 -0.15981968 0.30125001
0.10396389 -0.15981968 0.30125001
0.10677613 -0.16008493 0.30175
0.10914388 -0.15968706 0.30100003
0.11121998 -0.15889128 0.29950002
0.11364995 -0.15862602 0.29900002
0.1156823 -0.15783022 0.29750001
0.11798663 -0.15743233 0.29675001
0.12068417 -0.15756497 0.29700002
0.12317853 -0.15743233 0.29675001
0.12577449 -0.15743233 0.29675001
0.12815416 -0.15716708 0.29625002
0.1303044 -0.15663657 0.29525003
0.13288723 -0.15663657 0.29525003
0.13558476 -0.15676919 0.29550001
0.1380529 -0.15663657 0.29525003
0.1407548 -0.15676919 0.29550001
0.14321856 -0.15663657 0.29525003
0.14530756 -0.15610602 0.29425001
0.14750472 -0.15570813 0.29350001
0.14943308 -0.15504499 0.29225001
0.15237974 -0.15544288 0.29300001
0.15454626 -0.15504499 0.29225001
0.15575895 -0.15371868 0.28975001
0.1581571 -0.15358606 0.28950003
0.16055086 -0.15345342 0.28925002
0.16294025 -0.15332079 0.289
0.1661841 -0.15398394 0.29025
0.16843253 -0.15371868 0.28975001
0.17008218 -0.1529229 0.28825
0.17320259 -0.15345342 0.28925002
0.17573293 -0.15345342 0.28925002
0 -0 0
0.17954354 -0.15239237 0.28725001
0 -0 0
0 -0 0
0 -0 0
0.18909989 -0.15199448 0.28650001
0.18943264 -0.15027028 0.28325
0 -0 0
0.1935305 -0.14960714 0.28200001
-0 -0 0
-0 -0 0
-0 -0 0
-0 -0 0
-0 -0 0
-0 -0 0
-0 -0 0
-0 -0 0
-0 -0 0
-0 -0 0
-0 -0 0
-0 -0 0
-0 -0 0
-0 -0 0
-0 -0 0
-0 -0 0
-0 -0 0
-0 -0 0
-0 -0 0
-0 -0 0
-0 -0 0
-0 -0 0
-0 -0 0
-0 -0 0
-0 -0 0
-0 -0 0
-0 -0 0
-0 -0 0
-0 -0 0
-0 -0 0
-0 -0 0
-0 -0 0
-0 -0 0
-0 -0 0
-0 -0 0
-0 -0 0
-0 -0 0
-0 -0 0
-0 -0 0
-0 -0 0
-0 -0 0
-0 -0 0
-0 -0 0
-0 -0 0
-0 -0 0
-0 -0 0
-0 -0 0
-0 -0 0
-0 -0 0
-0 -0 0
-0 -0 0
-0 -0 0
-0 -0 0
-0 -0 0
-0.078038141 -0.17531826 0.33600003
-0.074987069 -0.17505735 0.3355
-0.071837373 -0.17453559 0.33450001
-0.068705179 -0.17401381 0.33350003
-0.065590464 -0.17349201 0.33250001
-0.062587515 -0.17323112 0.33200002
-0.059638251 -0.17310068 0.33175001
-0.056607857 -0.17270936 0.33100003
-0.053793419 -0.17297025 0.33150002
-0.050970241 -0.17323112 0.33200002
-0.047631592 -0.17166579 0.32900003
-0.04471951 -0.17153534 0.32875001
-0.041811798 -0.1714049 0.3285
-0 -0 0
-0 -0 0
-0 -0 0
-0 -0 0
-0 -0 0
-0 -0 0
-0.021646354 -0.17101356 0.32775003
-0.018736238 -0.17062223 0.32700002
-0.015839247 -0.1702309 0.32625002
-0.012965328 -0.16997001 0.32575002
-0.010092393 -0.16957867 0.32500002
-0.0072381557 -0.16931778 0.32450002
-0.0043926667 -0.16905688 0.324
-0.0015511166 -0.16827422 0.32250002
0.0012691127 -0.16814376 0.32225001
0.0040881396 -0.16814376 0.32225001
0.0069071664 -0.16814376 0.32225001
0.0096960114 -0.167622 0.32125002
0.01242843 -0.16657843 0.31925002
0.015197375 -0.16631754 0.31875002
0.017985784 -0.16631754 0.31875002
0.020790484 -0.16644798 0.31900001
0.02354412 -0.16618709 0.31850001
0.026206337 -0.16540441 0.317
0.028979437 -0.16540441 0.317
0.031702455 -0.16514353 0.31650001
0.034416724 -0.16488265 0.31600001
0.037151661 -0.16475219 0.31575
0.039819021 -0.16436087 0.31500003
0.042371888 -0.1635782 0.31350002
0.044790581 -0.16240418 0.31125
0.047513381 -0.16240418 0.31125
0.050195832 -0.16227375 0.31100002
0.052958976 -0.16240418 0.31125
0.055771232 -0.16266508 0.31175002
0.058451492 -0.16253462 0.31150001
0.061029181 -0.16214329 0.31075001
0.063593753 -0.16175196 0.31
0.066198669 -0.16149107 0.30950001
0.06885051 -0.16136064 0.30925003
0.071324423 -0.16083884 0.30825001
0.073720813 -0.16018662 0.30700001
0.076219767 -0.15979528 0.30625001
0.078705609 -0.15940394 0.3055
0.081111729 -0.15888217 0.30450001
0.083706699 -0.15875171 0.30425
0.086510204 -0.15901262 0.30475003
0.089102983 -0.15888217 0.30450001
0.091616049 -0.15862128 0.30400002
0.094197899 -0.15849082 0.30375001
0.096456505 -0.1578386 0.30250001
0.098857053 -0.15744726 0.30175
0.10141265 -0.15731683 0.30150002
0.10396389 -0.15718637 0.30125001
0.10668767 -0.15731683 0.30150002
0.10941583 -0.15744726 0.30175
0.11159132 -0.15679504 0.30050001
0.11374497 -0.15614282 0.29925001
0.11587673 -0.15549059 0.29800001
0.11798663 -0.15483837 0.29675001
0.1203794 -0.15457748 0.29625002
0.12307477 -0.15470792 0.29650003
0.12566853 -0.15470792 0.29650003
0.12782972 -0.15418614 0.29550001
0.1303044 -0.1540557 0.29525003
0.13266218 -0.1537948 0.29475001
0.13501123 -0.15353392 0.29425001
0.13770221 -0.15366437 0.29450002
0.14027847 -0.15366437 0.29450002
0.14285475 -0.15366437 0.29450002
0.1451841 -0.15340346 0.294
0.14737907 -0.15301214 0.29325002
0.14892177 -0.15196858 0.29125002
0.15159963 -0.15209901 0.2915
0.15401746 -0.15196858 0.29125002
0.15602772 -0.15144679 0.29025
0.15829366 -0.1511859 0.28975001
0.1608284 -0.1511859 0.28975001
0.16322216 -0.15105547 0.28950003
0.16575469 -0.15105547 0.28950003
0.16799656 -0.15079457 0.289
0.17008218 -0.15040323 0.28825
0.1729032 -0.15066414 0.28875002
0.17542915 -0.15066414 0.28875002
0.17733881 -0.15014234 0.28775001
0.17938727 -0.14975101 0.287
0.18142259 -0.14935967 0.28625003
0.18424796 -0.14962056 0.28675002
0.18691924 -0.14975101 0.287
0.18843988 -0.14896834 0.28550002
0.18926546 -0.14766389 0.28300002
0.19157173 -0.14753345 0.28275001
0.19387363 -0.14740299 0.2825
-0 -0 0
-0 -0 0
-0 -0 0
-0 -0 0
-0 -0 0
-0 -0 0
-0 -0 0
-0 -0 0
-0 -0 0
-0 -0 0
-0 -0 0
-0 -0 0
-0 -0 0
-0 -0 0
-0 -0 0
-0 -0 0
-0 -0 0
-0 -0 0
-0 -0 0
-0 -0 0
-0 -0 0
-0 -0 0
-0 -0 0
-0 -0 0
-0 -0 0
-0 -0 0
-0 -0 0
-0 -0 0
-0 -0 0
-0 -0 0
-0 -0 0
-0 -0 0
-0 -0 0
-0 -0 0
-0 -0 0
-0 -0 0
-0 -0 0
-0 -0 0
-0 -0 0
-0 -0 0
-0 -0 0
-0 -0 0
-0 -0 0
-0 -0 0
-0 -0 0
-0 -0 0
-0 -0 0
-0 -0 0
-0 -0 0
-0 -0 0
-0 -0 0
-0 -0 0
-0 -0 0
-0.0810377 -0.17250946 0.33625001
-0.078154266 -0.17263773 0.33650002
-0.075098827 -0.17238121 0.33600003
-0.071891069 -0.17173992 0.33475003
-0.068705179 -0.17109862 0.33350003
-0.065639786 -0.17071384 0.33275002
-0.062587515 -0.17032905 0.33200002
-0.059548367 -0.16994427 0.33125001
-0.056650609 -0.16994427 0.33125001
-0.053955693 -0.17058557 0.33250001
-0.050816718 -0.16981602 0.33100003
-0.047812562 -0.16943124 0.33025002
-0.044957556 -0.16955949 0.33050001
-0.042002719 -0.16930297 0.33000001
-0 -0 0
-0 -0 0
-0 -0 0
-0 -0 0
-0 -0 0
-0.024513494 -0.16814864 0.32775003
-0.02161333 -0.16789211 0.32725
-0.01870759 -0.16750735 0.32650003
-0.015839247 -0.16737908 0.32625002
-0.012955377 -0.16699429 0.32550001
-0.010061339 -0.16622473 0.324
-0.0072158501 -0.16596821 0.32350001
-0.0043858881 -0.16596821 0.32350001
-0.0015499141 -0.16532692 0.32225001
0.0012671436 -0.1650704 0.32175002
0.0040881396 -0.16532692 0.32225001
0.0069071664 -0.16532692 0.32225001
0.0096733747 -0.1644291 0.32050002
0.012438163 -0.16391607 0.31950003
0.015197375 -0.16353129 0.31875002
0.01795757 -0.16327475 0.31825
0.020741604 -0.16327475 0.31825
0.023507159 -0.16314651 0.31800002
0.026227005 -0.16276172 0.31725001
0.028979437 -0.16263345 0.317
0.031702455 -0.16237694 0.31650001
0.034443956 -0.16224869 0.31625003
0.037210494 -0.16224869 0.31625003
0.039692607 -0.16109434 0.31400001
0.042202938 -0.16019653 0.31225002
0.044862535 -0.15994 0.31175002
0.047513381 -0.15968348 0.31125
0.050236177 -0.15968348 0.31125
0.053001516 -0.15981175 0.31150001
0.05586068 -0.16019653 0.31225002
0.058545314 -0.16006826 0.31200001
0.06107828 -0.15955523 0.31100002
0.063593753 -0.15904218 0.31
0.066145204 -0.15865742 0.30925003
0.068794847 -0.15852915 0.30900002
0.071382269 -0.15827264 0.30850002
0.073900916 -0.15788785 0.30775002
0.076344214 -0.15737481 0.30675003
0.078834429 -0.15699004 0.30600002
0.081178322 -0.15634874 0.30475003
0.083775483 -0.15622047 0.30450001
0.086652137 -0.15660526 0.30525002
0.089176141 -0.15634874 0.30475003
0.09169139 -0.15609221 0.30425
0.09427543 -0.15596396 0.30400002
0.096456505 -0.15519439 0.30250001
0.098775156 -0.15468135 0.30150002
0.10132857 -0.15455309 0.30125001
0.10396389 -0.15455309 0.30125001
0.10668767 -0.15468135 0.30150002
0.10923453 -0.15455309 0.30125001
0.11159132 -0.15416831 0.30050001
0.11393502 -0.15378353 0.29975
0.11587673 -0.15288572 0.29800001
0.11798663 -0.15224442 0.29675001
0.12027781 -0.15185963 0.296
0.12307477 -0.15211616 0.29650003
0.1254566 -0.15185963 0.296
0.12772156 -0.15147486 0.29525003
0.1303044 -0.15147486 0.29525003
0.13266218 -0.15121834 0.29475001
0.13512594 -0.15109009 0.29450002
0.13770221 -0.15109009 0.29450002
0.1401594 -0.15096182 0.29425001
0.14273348 -0.15096182 0.29425001
0.14530756 -0.15096182 0.29425001
0.14737907 -0.15044878 0.29325002
0.14892177 -0.14942271 0.29125002
0.15159963 -0.14955096 0.2915
0.15401746 -0.14942271 0.29125002
0.15629652 -0.14916618 0.29075003
0.15883999 -0.14916618 0.29075003
0.16138346 -0.14916618 0.29075003
0.163645 -0.14890966 0.29025
0.16575469 -0.1485249 0.28950003
0.16770591 -0.14801185 0.28850001
0.17008218 -0.14788358 0.28825
0.17305288 -0.14826836 0.289
0.17512536 -0.14788358 0.28825
0.17733881 -0.14762706 0.28775001
0.17954354 -0.14737055 0.28725001
0.18142259 -0.14685751 0.28625003
0.18408732 -0.14698575 0.28650001
0.18643078 -0.14685751 0.28625003
0.18761483 -0.14583144 0.28425002
0.18943264 -0.14531837 0.28325
0.19140235 -0.1449336 0.2825
0.19387363 -0.1449336 0.2825
-0 -0 0
-0 -0 0
-0 -0 0
-0 -0 0
-0 -0 0
-0 -0 0
-0 -0 0
-0 -0 0
-0 -0 0
-0 -0 0
-0 -0 0
-0 -0 0
-0 -0 0
-0 -0 0
-0 -0 0
-0 -0 0
-0 -0 0
-0 -0 0
-0 -0 0
-0 -0 0
-0 -0 0
-0 -0 0
-0 -0 0
-0 -0 0
-0 -0 0
-0 -0 0
-0 -0 0
-0 -0 0
-0 -0 0
-0 -0 0
-0 -0 0
-0 -0 0
-0 -0 0
-0 -0 0
-0 -0 0
-0 -0 0
-0 -0 0
-0 -0 0
-0 -0 0
-0 -0 0
-0 -0 0
-0 -0 0
-0 -0 0
-0 -0 0
-0 -0 0
-0 -0 0
-0 -0 0
-0 -0 0
-0 -0 0
-0 -0 0
-0 -0 0
-0 -0 0
-0 -0 0
-0.080856942 -0.16919199 0.3355
-0.078038141 -0.16944416 0.33600003
-0.074987069 -0.16919199 0.3355
-0.071891069 -0.16881378 0.33475003
-0.068705179 -0.1681834 0.33350003
-0.065689094 -0.16793124 0.333
-0.062728904 -0.16780518 0.33275002
-0.05977308 -0.1676791 0.33250001
-0.05699265 -0.16805732 0.33325002
-0.053955693 -0.1676791 0.33250001
-0.050893482 -0.16717482 0.33150002
-0.047921147 -0.16692266 0.33100003
-0.04505958 -0.16704872 0.33125001
-0 -0 0
-0 -0 0
-0 -0 0
-0 -0 0
-0 -0 0
-0.027338862 -0.16503154 0.32725
-0.024494795 -0.16515762 0.32750002
-0.021563796 -0.16465332 0.32650003
-0.018650291 -0.16414902 0.32550001
-0.015839247 -0.16452724 0.32625002
-0.012935476 -0.16389687 0.32500002
-0.010053576 -0.16326649 0.32375002
-0.0072158501 -0.16314042 0.32350001
-0.0043858881 -0.16314042 0.32350001
-0.0015487118 -0.16238397 0.32200003
0.0012651745 -0.16200575 0.32125002
0.0040817964 -0.16225789 0.32175002
0.0068750158 -0.16175361 0.32075003
0.0096582836 -0.16137539 0.32000002
0.012447895 -0.16124929 0.31975001
0.015197375 -0.16074501 0.31875002
0.017971678 -0.16061893 0.31850001
0.020725312 -0.16036679 0.31800002
0.023451718 -0.15998855 0.31725001
0.026185671 -0.15973641 0.31675002
0.028956585 -0.15973641 0.31675002
0.031702455 -0.15961033 0.31650001
0.034443956 -0.15948427 0.31625003
0.037092831 -0.15897995 0.31525001
0.0395662 -0.15784529 0.31300002
0.042270519 -0.15771921 0.31275001
0.045114368 -0.15809745 0.31350002
0.047742359 -0.15771921 0.31275001
0.050316881 -0.15721492 0.31175002
0.05308659 -0.15734099 0.31200001
0.055950124 -0.15771921 0.31275001
0.058592226 -0.15746707 0.31225002
0.06107828 -0.1568367 0.31100002
0.063593753 -0.15633239 0.31
0.066038251 -0.15570202 0.30875
0.068683527 -0.15557596 0.30850002
0.071440116 -0.15570202 0.30875
0.073960945 -0.1553238 0.30800003
0.076406434 -0.1548195 0.30700001
0.078963242 -0.15456736 0.30650002
0.081378102 -0.15406305 0.3055
0.083981827 -0.15393698 0.30525002
0.086652137 -0.15393698 0.30525002
0.089249291 -0.1538109 0.30500001
0.091842078 -0.15368484 0.30475003
0.094430484 -0.15355876 0.30450001
0.096775375 -0.15305446 0.30350003
0.098938957 -0.15229802 0.30200002
0.10149674 -0.15217194 0.30175
0.10413644 -0.15217194 0.30175
0.10668767 -0.15204586 0.30150002
0.10905323 -0.15166764 0.30075002
0.11121998 -0.15103728 0.29950002
0.11374497 -0.15091118 0.29925001
0.11597394 -0.1504069 0.29825002
0.11818542 -0.1499026 0.29725
0.12058257 -0.14965044 0.29675001
0.12338608 -0.1499026 0.29725
0.12609236 -0.15002868 0.29750001
0.12826231 -0.14952438 0.29650003
0.13041472 -0.14902008 0.29550001
0.13266218 -0.14864185 0.29475001
0.13512594 -0.14851578 0.29450002
0.1378191 -0.14864185 0.29475001
0.14039755 -0.14864185 0.29475001
0.14285475 -0.14851578 0.29450002
0.1451841 -0.14826362 0.294
0.14662522 -0.14712895 0.29175001
0.14879394 -0.14675073 0.29100001
0.15146962 -0.14687681 0.29125002
0.15388525 -0.14675073 0.29100001
0.1564309 -0.14675073 0.29100001
0.15883999 -0.14662467 0.29075003
0.16124469 -0.14649859 0.29050002
0.16378596 -0.14649859 0.29050002
0.16632724 -0.14649859 0.29050002
0.16799656 -0.14574213 0.289
0.17008218 -0.14536391 0.28825
0.17320259 -0.14586821 0.28925002
0.17527726 -0.14548999 0.28850001
0.17733881 -0.14511175 0.28775001
0.17969981 -0.14498569 0.28750002
0.18158104 -0.14448139 0.28650001
0.18376605 -0.14422925 0.28600001
0.18545385 -0.14359887 0.28475001
0.18761483 -0.14334673 0.28425002
0.18959984 -0.14296851 0.28350002
0.1908942 -0.14208598 0.28175002
0.19404522 -0.14259027 0.28275001
-0 -0 0
-0 -0 0
-0 -0 0
-0 -0 0
-0 -0 0
-0 -0 0
-0 -0 0
-0 -0 0
-0 -0 0
-0 -0 0
-0 -0 0
-0 -0 0
-0 -0 0
-0 -0 0
-0 -0 0
-0 -0 0
-0 -0 0
-0 -0 0
-0 -0 0
-0 -0 0
-0 -0 0
-0 -0 0
-0 -0 0
-0 -0 0
-0 -0 0
-0 -0 0
-0 -0 0
-0 -0 0
-0 -0 0
-0 -0 0
-0 -0 0
-0 -0 0
-0 -0 0
-0 -0 0
-0 -0 0
-0 -0 0
-0 -0 0
-0 -0 0
-0 -0 0
-0 -0 0
-0 -0 0
-0 -0 0
-0 -0 0
-0 -0 0
-0 -0 0
-0 -0 0
-0 -0 0
-0 -0 0
-0 -0 0
-0 -0 0
-0 -0 0
-0 -0 0
-0.083479695 -0.16563988 0.33425
-0.080856942 -0.16625932 0.3355
-0.077922009 -0.16625932 0.3355
-0.074819446 -0.16588767 0.33475003
-0.071729995 -0.16551599 0.33400002
-0.068602167 -0.16502042 0.333
-0.065738417 -0.16514432 0.33325002
-0.062823161 -0.16514432 0.33325002
-0.05986296 -0.16502042 0.333
-0.056949895 -0.16502042 0.333
-0.053874556 -0.16452488 0.33200002
-0.050893482 -0.16427711 0.33150002
-0.047921147 -0.16402933 0.33100003
-0 -0 0
-0 -0 0
-0 -0 0
-0 -0 0
-0 -0 0
-0.0302247 -0.16229486 0.32750002
-0.027359748 -0.16229486 0.32750002
-0.024476096 -0.16217098 0.32725
-0.021530773 -0.16155154 0.32600001
-0.018650291 -0.16130376 0.32550001
-0.015814973 -0.16142765 0.32575002
-0.012915576 -0.16080821 0.32450002
-0.010053576 -0.16043654 0.32375002
-0.0071991207 -0.15994097 0.32275
-0.0043689413 -0.1596932 0.32225001
-0.0015463069 -0.15932152 0.3215
0.0012651745 -0.15919764 0.32125002
0.004072282 -0.15907376 0.32100001
0.0068589402 -0.1585782 0.32000002
0.0096582836 -0.1585782 0.32000002
0.012447895 -0.1584543 0.31975001
0.015197375 -0.15795875 0.31875002
0.017999889 -0.15808263 0.31900001
0.020774193 -0.15795875 0.31875002
0.023451718 -0.15721542 0.31725001
0.026165003 -0.15684374 0.31650001
0.028979437 -0.15709151 0.317
0.031727497 -0.15696764 0.31675002
0.034307811 -0.15610042 0.31500003
0.036916342 -0.15548097 0.31375003
0.039629404 -0.15535708 0.31350002
0.042405676 -0.15548097 0.31375003
0.045258272 -0.15585263 0.3145
0.047933176 -0.15560485 0.31400001
0.050518636 -0.1551093 0.31300002
0.053171664 -0.15486151 0.3125
0.055950124 -0.1549854 0.31275001
0.058592226 -0.15473764 0.31225002
0.061176479 -0.15436596 0.31150001
0.063696325 -0.1538704 0.31050003
0.066145204 -0.15325096 0.30925003
0.06885051 -0.15325096 0.30925003
0.071613654 -0.15337485 0.30950001
0.07414104 -0.15300317 0.30875
0.076717533 -0.15275539 0.30825001
0.079220869 -0.15238373 0.3075
0.081644483 -0.15188818 0.30650002
0.084325731 -0.15188818 0.30650002
0.086936004 -0.15176429 0.30625001
0.089322455 -0.15126874 0.30525002
0.091917418 -0.15114483 0.30500001
0.094508022 -0.15102096 0.30475003
0.097014517 -0.15077317 0.30425
0.099348471 -0.15027761 0.30325001
0.10174901 -0.14990595 0.30250001
0.10422272 -0.14965817 0.30200002
0.10668767 -0.1494104 0.30150002
0.10896257 -0.14891483 0.30050001
0.11121998 -0.14841928 0.29950002
0.11364995 -0.1481715 0.29900002
0.11616836 -0.14804761 0.29875001
0.11848362 -0.14767595 0.29800001
0.12078574 -0.14730427 0.29725
0.12348986 -0.14742817 0.29750001
0.12609236 -0.14742817 0.29750001
0.12837045 -0.14705649 0.29675001
0.1306354 -0.14668483 0.296
0.13266218 -0.14606538 0.29475001
0.13501123 -0.14581761 0.29425001
0.13770221 -0.1459415 0.29450002
0.14039755 -0.14606538 0.29475001
0.14273348 -0.14581761 0.29425001
0.14493719 -0.14544593 0.29350001
0.1468765 -0.14482649 0.29225001
0.14917742 -0.14457871 0.29175001
0.15159963 -0.14445482 0.2915
0.15401746 -0.14433093 0.29125002
0.1564309 -0.14420705 0.29100001
0.15856682 -0.14383537 0.29025
0.16068964 -0.14346372 0.28950003
0.16350406 -0.14371149 0.29000002
0.16675666 -0.14433093 0.29125002
0.16857786 -0.14371149 0.29000002
0.1702297 -0.14296815 0.28850001
0.17320259 -0.14333983 0.28925002
0.17542915 -0.14309205 0.28875002
0.17733881 -0.14259648 0.28775001
0.17954354 -0.14234871 0.28725001
0.18158104 -0.14197704 0.28650001
0.18376605 -0.14172927 0.28600001
0.18545385 -0.14110981 0.28475001
0.18777983 -0.14098592 0.2845
0.18976705 -0.14061427 0.28375003
0.19123296 -0.13987093 0.28225002
0.19404522 -0.1401187 0.28275001
-0 -0 0
-0 -0 0
-0 -0 0
-0 -0 0
-0 -0 0
-0 -0 0
-0 -0 0
-0 -0 0
-0 -0 0
-0 -0 0
-0 -0 0
-0 -0 0
-0 -0 0
-0 -0 0
-0 -0 0
-0 -0 0
-0 -0 0
-0 -0 0
-0 -0 0
-0 -0 0
-0 -0 0
-0 -0 0
-0 -0 0
-0 -0 0
-0 -0 0
-0 -0 0
-0 -0 0
-0 -0 0
-0 -0 0
-0 -0 0
-0 -0 0
-0 -0 0
-0 -0 0
-0 -0 0
-0 -0 0
-0 -0 0
-0 -0 0
-0 -0 0
-0 -0 0
-0 -0 0
-0 -0 0
-0 -0 0
-0 -0 0
-0 -0 0
-0 -0 0
-0 -0 0
-0 -0 0
-0 -0 0
-0 -0 0
-0 -0 0
-0 -0 0
-0.086985327 -0.16381346 0.33650002
-0.084104076 -0.16393517 0.33675003
-0.081158206 -0.16393517 0.33675003
-0.078038141 -0.16357006 0.33600003
-0.074875318 -0.16308323 0.33500001
-0.071676306 -0.16247471 0.33375001
-0.068653673 -0.16223131 0.33325002
-0.065886363 -0.16259642 0.33400002
-0.062917419 -0.16247471 0.33375001
-0.059907906 -0.16223131 0.33325002
-0.056949895 -0.1621096 0.333
-0.053915128 -0.16174449 0.33225003
-0.050816718 -0.16113597 0.33100003
-0 -0 0
-0 -0 0
-0.04063445 -0.15541589 0.31925002
-0.037900932 -0.15565929 0.31975001
-0.035295896 -0.15651122 0.3215
-0.032887578 -0.15845849 0.32550001
-0.030270845 -0.15967552 0.32800001
-0.027422406 -0.15979724 0.32825002
-0.024513494 -0.15955383 0.32775003
-0.021580307 -0.159067 0.32675001
-0.018693265 -0.15882359 0.32625002
-0.015790699 -0.15833679 0.32525003
-0.012905625 -0.15784997 0.32425001
-0.010045812 -0.15748484 0.32350001
-0.007204697 -0.15724145 0.32300001
-0.0043655522 -0.15675464 0.32200003
-0.0015463069 -0.15651122 0.3215
0.0012651745 -0.15638952 0.32125002
0.0040659388 -0.15602441 0.32050002
0.0068589402 -0.155781 0.32000002
0.009650738 -0.15565929 0.31975001
0.012438163 -0.15553761 0.31950003
0.015209293 -0.15529418 0.31900001
0.017999889 -0.15529418 0.31900001
0.020790484 -0.15529418 0.31900001
0.023451718 -0.15444225 0.31725001
0.026165003 -0.15407714 0.31650001
0.029002292 -0.15444225 0.31725001
0.031652372 -0.15383373 0.31600001
0.034253355 -0.15310352 0.3145
0.037004583 -0.15310352 0.3145
0.039724212 -0.15298182 0.31425002
0.042473257 -0.15298182 0.31425002
0.045258272 -0.15310352 0.3145
0.047971342 -0.15298182 0.31425002
0.050599333 -0.15261669 0.31350002
0.053256743 -0.1523733 0.31300002
0.055950124 -0.15225159 0.31275001
0.058592226 -0.15200818 0.31225002
0.061225578 -0.15176478 0.31175002
0.063901462 -0.15164307 0.31150001
0.066466033 -0.15127796 0.31075001
0.069073141 -0.15103455 0.31025001
0.071555808 -0.15054774 0.30925003
0.07414104 -0.15030432 0.30875
0.076717533 -0.15006091 0.30825001
0.079349689 -0.14993922 0.30800003
0.081777669 -0.14945239 0.30700001
0.084325731 -0.14920899 0.30650002
0.086865045 -0.14896558 0.30600002
0.089395605 -0.14872217 0.3055
0.091917418 -0.14847876 0.30500001
0.094352953 -0.14811365 0.30425
0.096934803 -0.14799196 0.30400002
0.099430382 -0.14774854 0.30350003
0.10174901 -0.14726172 0.30250001
0.10413644 -0.14689662 0.30175
0.10668767 -0.14677492 0.30150002
0.10914388 -0.14653151 0.30100003
0.11159132 -0.1462881 0.30050001
0.11393502 -0.14592297 0.29975
0.11616836 -0.14543617 0.29875001
0.11858302 -0.14519276 0.29825002
0.12098893 -0.14494936 0.29775003
0.12348986 -0.14482765 0.29750001
0.12619834 -0.14494936 0.29775003
0.12869489 -0.14482765 0.29750001
0.13085607 -0.14434084 0.29650003
0.13311227 -0.14397572 0.29575002
0.13535535 -0.14361061 0.29500002
0.137936 -0.14361061 0.29500002
0.14027847 -0.1433672 0.29450002
0.1426122 -0.14312379 0.294
0.14493719 -0.14288038 0.29350001
0.14700215 -0.14239357 0.29250002
0.14917742 -0.14202847 0.29175001
0.15172966 -0.14202847 0.29175001
0.15428187 -0.14202847 0.29175001
0.1564309 -0.14166334 0.29100001
0.15843025 -0.14117654 0.29000002
0.16068964 -0.14093313 0.28950003
0.16406786 -0.14166334 0.29100001
0.16675666 -0.14178506 0.29125002
0.16857786 -0.14117654 0.29000002
0.17081976 -0.14093313 0.28950003
0.17335229 -0.14093313 0.28950003
0.17542915 -0.14056802 0.28875002
0.17733881 -0.1400812 0.28775001
0.17923102 -0.13959438 0.28675002
0.18110569 -0.13910756 0.28575
0.18376605 -0.13922927 0.28600001
0.18610513 -0.13910756 0.28575
0.18794484 -0.13862075 0.28475001
0.18976705 -0.13813394 0.28375003
0.19157173 -0.13764712 0.28275001
0.19404522 -0.13764712 0.28275001
-0 -0 0
-0 -0 0
-0 -0 0
-0 -0 0
-0 -0 0
-0 -0 0
-0 -0 0
-0 -0 0
-0 -0 0
-0 -0 0
-0 -0 0
-0 -0 0
-0 -0 0
-0 -0 0
-0 -0 0
-0 -0 0
-0 -0 0
-0 -0 0
-0 -0 0
-0 -0 0
-0 -0 0
-0 -0 0
-0 -0 0
-0 -0 0
-0 -0 0
-0 -0 0
-0 -0 0
-0 -0 0
-0 -0 0
-0 -0 0
-0 -0 0
-0 -0 0
-0 -0 0
-0 -0 0
-0 -0 0
-0 -0 0
-0 -0 0
-0 -0 0
-0 -0 0
-0 -0 0
-0 -0 0
-0 -0 0
-0 -0 0
-0 -0 0
-0 -0 0
-0 -0 0
-0 -0 0
-0 -0 0
-0 -0 0
-0 -0 0
-0.089929007 -0.16087204 0.33650002
-0.08711458 -0.16111107 0.33700001
-0.084228955 -0.16123059 0.33725002
-0.081338957 -0.1613501 0.33750001
-0.078270391 -0.16111107 0.33700001
-0.075042948 -0.16051348 0.33575001
-0.071837373 -0.15991588 0.33450001
-0.068808183 -0.15967685 0.33400002
-0.065984994 -0.15991588 0.33450001
-0.063153066 -0.16015492 0.33500001
-0.060042735 -0.15967685 0.33400002
-0.056907143 -0.15907925 0.33275002
-0.053752851 -0.15836214 0.33125001
-0.050356142 -0.15680839 0.32800001
-0.046364792 -0.15310332 0.32025
-0.043529257 -0.15298381 0.32000002
-0.04072991 -0.15298381 0.32000002
-0.038404696 -0.1548961 0.324
-0.035872269 -0.15621081 0.32675001
-0.03326647 -0.15740599 0.32925001
-0.030316988 -0.15704744 0.3285
-0.02744329 -0.15704744 0.3285
-0.024550891 -0.15692793 0.32825002
-0.021563796 -0.1560913 0.32650003
-0.018635968 -0.15549371 0.32525003
-0.015766423 -0.15525466 0.32475001
-0.012895674 -0.1548961 0.324
-0.010061339 -0.1548961 0.324
-0.0072158501 -0.15465707 0.32350001
-0.0043723308 -0.15417899 0.32250002
-0.0015463069 -0.15370092 0.3215
0.001266159 -0.15370092 0.3215
0.0040691104 -0.15334237 0.32075003
0.0068535814 -0.15286429 0.31975001
0.0096356468 -0.15262525 0.31925002
0.01242843 -0.15262525 0.31925002
0.015185455 -0.1522667 0.31850001
0.017985784 -0.15238622 0.31875002
0.020774193 -0.15238622 0.31875002
0.023507159 -0.15202767 0.31800002
0.026206337 -0.15154958 0.317
0.028933728 -0.15131055 0.31650001
0.031502124 -0.15035439 0.3145
0.034226127 -0.15023488 0.31425002
0.037034001 -0.15047392 0.31475002
0.039882224 -0.15083247 0.31550002
0.042642202 -0.15083247 0.31550002
0.045294251 -0.15047392 0.31475002
0.047856852 -0.14987633 0.31350002
0.050518636 -0.1496373 0.31300002
0.053214204 -0.14951776 0.31275001
0.055905398 -0.14939824 0.3125
0.058545314 -0.14915921 0.31200001
0.061225578 -0.1490397 0.31175002
0.064004034 -0.14915921 0.31200001
0.066626452 -0.14892018 0.31150001
0.06918446 -0.14856161 0.31075001
0.071555808 -0.14784451 0.30925003
0.073960945 -0.14724693 0.30800003
0.076593094 -0.14712739 0.30775002
0.079349689 -0.14724693 0.30800003
0.08184427 -0.14688836 0.30725002
0.084256947 -0.14641029 0.30625001
0.086865045 -0.14629076 0.30600002
0.08954192 -0.14629076 0.30600002
0.091992758 -0.14593221 0.30525002
0.094430484 -0.14557365 0.30450001
0.096934803 -0.14533462 0.30400002
0.099512279 -0.14521509 0.30375001
0.10191719 -0.14485654 0.303
0.104309 -0.14449799 0.30225003
0.10677613 -0.14425895 0.30175
0.10932519 -0.14413944 0.30150002
0.11186984 -0.14401992 0.30125001
0.11422009 -0.14366135 0.30050001
0.11646 -0.14318328 0.29950002
0.11878182 -0.14282472 0.29875001
0.1211921 -0.14258569 0.29825002
0.12380118 -0.14258569 0.29825002
0.12630428 -0.14246617 0.29800001
0.1284786 -0.1419881 0.29700002
0.1306354 -0.14151001 0.296
0.13333732 -0.14162955 0.29625002
0.13592888 -0.14162955 0.29625002
0.13840358 -0.14151001 0.296
0.14027847 -0.14079291 0.29450002
0.1426122 -0.14055386 0.294
0.14506066 -0.14043435 0.29375002
0.14700215 -0.13983676 0.29250002
0.14930525 -0.13959773 0.29200003
0.15172966 -0.13947821 0.29175001
0.15428187 -0.13947821 0.29175001
0.15669967 -0.13935868 0.2915
0.1587034 -0.13888061 0.29050002
0.16096716 -0.13864158 0.29000002
0.16392691 -0.13900013 0.29075003
0.1666135 -0.13911964 0.29100001
0.16857786 -0.13864158 0.29000002
0.17111479 -0.13864158 0.29000002
0.17335229 -0.13840255 0.28950003
0.17542915 -0.13804398 0.28875002
0.1774929 -0.13768543 0.28800002
0.17938727 -0.13720734 0.287
0.18110569 -0.13660975 0.28575
0.18376605 -0.13672927 0.28600001
0.18626796 -0.13672927 0.28600001
0.18794484 -0.13613169 0.28475001
0.18959984 -0.13553409 0.28350002
0.19140235 -0.135056 0.2825
0.19421679 -0.13529506 0.28300002
-0 -0 0
-0 -0 0
-0 -0 0
-0 -0 0
-0 -0 0
-0 -0 0
-0 -0 0
-0 -0 0
-0 -0 0
-0 -0 0
-0 -0 0
-0 -0 0
-0 -0 0
-0 -0 0
-0 -0 0
-0 -0 0
-0 -0 0
-0 -0 0
-0 -0 0
-0 -0 0
-0 -0 0
-0 -0 0
-0 -0 0
-0 -0 0
-0 -0 0
-0 -0 0
-0 -0 0
-0 -0 0
-0 -0 0
-0 -0 0
-0 -0 0
-0 -0 0
-0 -0 0
-0 -0 0
-0 -0 0
-0 -0 0
-0 -0 0
-0 -0 0
-0 -0 0
-0 -0 0
-0 -0 0
-0 -0 0
-0 -0 0
-0 -0 0
-0 -0 0
-0 -0 0
-0 -0 0
-0 -0 0
-0 -0 0
-0.093148693 -0.15839994 0.33750001
-0.09012945 -0.15828261 0.33725002
-0.087373078 -0.15863462 0.33800003
-0.084291384 -0.15839994 0.33750001
-0.081278704 -0.15828261 0.33725002
-0.078386523 -0.15839994 0.33750001
-0.075098827 -0.15769595 0.33600003
-0.071944751 -0.15722661 0.33500001
-0.068859681 -0.1568746 0.33425
-0.065935679 -0.1568746 0.33425
-0.063011676 -0.1568746 0.33425
-0.059952851 -0.15652262 0.33350003
-0.056821633 -0.15593594 0.33225003
-0.053793419 -0.15558395 0.33150002
-0 -0 0
-0.046364792 -0.15030394 0.32025
-0.043665282 -0.15065594 0.32100001
-0.041270856 -0.15218128 0.32425001
-0.038701031 -0.15323728 0.32650003
-0.03614673 -0.15452795 0.32925001
-0.033367507 -0.15499729 0.33025002
-0.030316988 -0.15417594 0.3285
-0.027359748 -0.15370661 0.32750002
-0.024476096 -0.15358928 0.32725
-0.021563796 -0.15323728 0.32650003
-0.018664617 -0.15288529 0.32575002
-0.015754286 -0.15229861 0.32450002
-0.012885724 -0.15194662 0.32375002
-0.010061339 -0.15206394 0.324
-0.0072102738 -0.15171196 0.32325003
-0.0043655522 -0.15112528 0.32200003
-0.0015451045 -0.15077329 0.32125002
0.0012641898 -0.15065594 0.32100001
0.0040659388 -0.15042128 0.32050002
0.0068428642 -0.14983462 0.31925002
0.0096130101 -0.14948261 0.31850001
0.012408965 -0.14959995 0.31875002
0.015173535 -0.14936528 0.31825
0.017971678 -0.14948261 0.31850001
0.020741604 -0.14936528 0.31825
0.023470199 -0.14901328 0.31750003
0.026165003 -0.14854394 0.31650001
0.028888021 -0.14830928 0.31600001
0.031577248 -0.14795728 0.31525001
0.03433504 -0.14795728 0.31525001
0.037063416 -0.14783995 0.31500003
0.039882224 -0.14807461 0.31550002
0.042642202 -0.14807461 0.31550002
0.045294251 -0.14772262 0.31475002
0.047895018 -0.14725329 0.31375003
0.050599333 -0.14713594 0.31350002
0.053299278 -0.14701861 0.31325001
0.055950124 -0.14678395 0.31275001
0.058592226 -0.14654928 0.31225002
0.061372869 -0.1466666 0.3125
0.064004034 -0.14643194 0.31200001
0.066626452 -0.14619727 0.31150001
0.069240123 -0.14596261 0.31100002
0.071613654 -0.14525861 0.30950001
0.073960945 -0.14455462 0.30800003
0.076779753 -0.14478928 0.30850002
0.079478502 -0.14478928 0.30850002
0.081977457 -0.14443728 0.30775002
0.084463298 -0.14408527 0.30700001
0.087148912 -0.14408527 0.30700001
0.089761384 -0.14396796 0.30675003
0.092218786 -0.14361595 0.30600002
0.094585545 -0.1431466 0.30500001
0.097014517 -0.14279461 0.30425
0.099594183 -0.14267728 0.30400002
0.10216946 -0.14255995 0.30375001
0.10456783 -0.14220795 0.303
0.10695307 -0.14185596 0.30225003
0.10932519 -0.14150396 0.30150002
0.11168417 -0.14115195 0.30075002
0.11412507 -0.14091729 0.30025002
0.11665443 -0.14079995 0.30000001
0.11888123 -0.14033063 0.29900002
0.12139527 -0.14021328 0.29875001
0.12390494 -0.14009595 0.2985
0.12609236 -0.13962662 0.29750001
0.12815416 -0.13903995 0.29625002
0.1306354 -0.13892262 0.296
0.13333732 -0.13903995 0.29625002
0.13592888 -0.13903995 0.29625002
0.1380529 -0.13857062 0.29525003
0.14004031 -0.13798395 0.294
0.14249095 -0.13786662 0.29375002
0.14481375 -0.13763195 0.29325002
0.14712778 -0.13739727 0.29275
0.14943308 -0.13716261 0.29225001
0.15172966 -0.13692795 0.29175001
0.15428187 -0.13692795 0.29175001
0.15683407 -0.13692795 0.29175001
0.15911312 -0.13669328 0.29125002
0.16138346 -0.13645862 0.29075003
0.16378596 -0.13634129 0.29050002
0.16647038 -0.13645862 0.29075003
0.16886851 -0.13634129 0.29050002
0.17126228 -0.13622394 0.29025
0.17320259 -0.13575462 0.28925002
0.17527726 -0.13540262 0.28850001
0.1774929 -0.13516796 0.28800002
0.17938727 -0.13469861 0.287
0.18142259 -0.13434662 0.28625003
0.18392669 -0.13434662 0.28625003
0.18610513 -0.13411194 0.28575
0.18794484 -0.13364261 0.28475001
0.18959984 -0.13305596 0.28350002
0.19140235 -0.13258661 0.2825
0.19387363 -0.13258661 0.2825
-0 -0 0
-0 -0 0
-0 -0 0
-0 -0 0
-0 -0 0
-0 -0 0
-0 -0 0
-0 -0 0
-0 -0 0
-0 -0 0
-0 -0 0
-0 -0 0
-0 -0 0
-0 -0 0
-0 -0 0
-0 -0 0
-0 -0 0
-0 -0 0
-0 -0 0
-0 -0 0
-0 -0 0
-0 -0 0
-0 -0 0
-0 -0 0
-0 -0 0
-0 -0 0
-0 -0 0
-0 -0 0
-0 -0 0
-0 -0 0
-0 -0 0
-0 -0 0
-0 -0 0
-0 -0 0
-0 -0 0
-0 -0 0
-0 -0 0
-0 -0 0
-0 -0 0
-0 -0 0
-0 -0 0
-0 -0 0
-0 -0 0
-0 -0 0
-0 -0 0
-0 -0 0
-0 -0 0
-0 -0 0
-0.096670613 -0.15637095 0.33950001
-0.093562692 -0.15614067 0.33900002
-0.090329885 -0.15568008 0.33800003
-0.087502331 -0.15591037 0.33850002
-0.084478706 -0.15579522 0.33825001
-0.081218451 -0.15521948 0.33700001
-0.078270391 -0.15521948 0.33700001
-0.075042948 -0.15464374 0.33575001
-0.071998447 -0.15441345 0.33525002
-0.068911187 -0.15406801 0.33450001
-0.065837048 -0.15372255 0.33375001
-0.062917419 -0.15372255 0.33375001
-0.059818022 -0.15326197 0.33275002
-0.056565098 -0.15234078 0.33075002
-0.052089553 -0.14785001 0.32100001
-0.049319852 -0.14796516 0.32125002
-0.046437185 -0.14773487 0.32075003
-0.044277415 -0.14992267 0.32550001
-0.041557238 -0.15038328 0.32650003
-0.039056629 -0.15176505 0.32950002
-0.03622907 -0.15199533 0.33000001
-0.033367507 -0.15211049 0.33025002
-0.030386206 -0.15164989 0.32925001
-0.027359748 -0.15084386 0.32750002
-0.024420002 -0.15038328 0.32650003
-0.021547284 -0.15026812 0.32625002
-0.018664617 -0.15003783 0.32575002
-0.015754286 -0.14946209 0.32450002
-0.012885724 -0.14911664 0.32375002
-0.010053576 -0.14911664 0.32375002
-0.0071991207 -0.14865604 0.32275
-0.0043587731 -0.1480803 0.3215
-0.0015426998 -0.14773487 0.32075003
0.0012612361 -0.14750457 0.32025
0.0040500811 -0.14704397 0.31925002
0.0066928249 -0.14381984 0.31225002
0.0091980062 -0.14036539 0.30475003
0.012175384 -0.14405012 0.31275001
0.01507818 -0.1456622 0.31625003
0.017943464 -0.14646824 0.31800002
0.02067643 -0.14612278 0.31725001
0.023322355 -0.14531676 0.31550002
0.026061665 -0.14520161 0.31525001
0.028888021 -0.14554705 0.31600001
0.031652372 -0.14554705 0.31600001
0.034389496 -0.14543189 0.31575
0.037151661 -0.14543189 0.31575
0.039882224 -0.14531676 0.31550002
0.042642202 -0.14531676 0.31550002
0.045366202 -0.14520161 0.31525001
0.048047669 -0.14497131 0.31475002
0.050720386 -0.14474101 0.31425002
0.053341817 -0.14439557 0.31350002
0.056039572 -0.14428042 0.31325001
0.05873296 -0.14416528 0.31300002
0.061421968 -0.14405012 0.31275001
0.063850179 -0.14335923 0.31125
0.066519506 -0.14324409 0.31100002
0.06918446 -0.14312895 0.31075001
0.071729347 -0.14278349 0.31
0.074261114 -0.14243805 0.30925003
0.077215299 -0.14289865 0.31025001
0.079671726 -0.14243805 0.30925003
0.082177237 -0.14209262 0.30850002
0.084738426 -0.14186232 0.30800003
0.087290846 -0.14163202 0.3075
0.089834534 -0.14140172 0.30700001
0.092294127 -0.14105627 0.30625001
0.094663076 -0.14059569 0.30525002
0.097173952 -0.14036539 0.30475003
0.09967608 -0.14013509 0.30425
0.10225356 -0.14001995 0.30400002
0.10456783 -0.13955934 0.303
0.10695307 -0.13921392 0.30225003
0.10941583 -0.13898361 0.30175
0.11186984 -0.13875332 0.30125001
0.11431512 -0.13852303 0.30075002
0.11665443 -0.13817757 0.30000001
0.11908002 -0.13794729 0.29950002
0.12139527 -0.13760184 0.29875001
0.12380118 -0.13737154 0.29825002
0.12619834 -0.13714126 0.29775003
0.12826231 -0.13656552 0.29650003
0.13074572 -0.13645037 0.29625002
0.13333732 -0.13645037 0.29625002
0.13604361 -0.13656552 0.29650003
0.13816978 -0.13610491 0.29550001
0.14039755 -0.13575947 0.29475001
0.14273348 -0.13552918 0.29425001
0.14469028 -0.13495344 0.29300001
0.14700215 -0.13472314 0.29250002
0.14956091 -0.13472314 0.29250002
0.15211971 -0.13472314 0.29250002
0.15454626 -0.13460799 0.29225001
0.15696847 -0.13449284 0.29200003
0.15938628 -0.1343777 0.29175001
0.16166098 -0.13414741 0.29125002
0.16392691 -0.13391711 0.29075003
0.16632724 -0.13380195 0.29050002
0.16857786 -0.13357167 0.29000002
0.17081976 -0.13334137 0.28950003
0.1729032 -0.13299592 0.28875002
0.17512536 -0.13276562 0.28825
0.17733881 -0.13253532 0.28775001
0.17907475 -0.13195959 0.28650001
0.18126415 -0.13172929 0.28600001
0.1836054 -0.13161413 0.28575
0.18594232 -0.13149901 0.28550002
0.18777983 -0.1310384 0.2845
0.18943264 -0.13046266 0.28325
0.19140235 -0.13011721 0.2825
0.1935305 -0.12988693 0.28200001
-0 -0 0
-0 -0 0
-0 -0 0
-0 -0 0
-0 -0 0
-0 -0 0
-0 -0 0
-0 -0 0
-0 -0 0
-0 -0 0
-0 -0 0
-0 -0 0
-0 -0 0
-0 -0 0
-0 -0 0
-0 -0 0
-0 -0 0
-0 -0 0
-0 -0 0
-0 -0 0
-0 -0 0
-0 -0 0
-0 -0 0
-0 -0 0
-0 -0 0
-0 -0 0
-0 -0 0
-0 -0 0
-0 -0 0
-0 -0 0
-0 -0 0
-0 -0 0
-0 -0 0
-0 -0 0
-0 -0 0
-0 -0 0
-0 -0 0
-0 -0 0
-0 -0 0
-0 -0 0
-0 -0 0
-0 -0 0
-0 -0 0
-0 -0 0
-0 -0 0
-0 -0 0
-0 -0 0
-0.1000074 -0.15396813 0.34075001
-0.096955359 -0.15385517 0.34050003
-0.093838684 -0.15362923 0.34
-0.090530314 -0.15306441 0.33875
-0.087502331 -0.15295146 0.33850002
-0.084353827 -0.15261258 0.33775002
-0.081097953 -0.15204777 0.33650002
-0.078096204 -0.1519348 0.33625001
-0.074987069 -0.15159591 0.3355
-0.072052129 -0.15159591 0.3355
-0.069065697 -0.15148295 0.33525002
-0.066083625 -0.15136999 0.33500001
-0.063011676 -0.15103109 0.33425
-0.059638251 -0.14990146 0.33175001
-0.054854896 -0.14493112 0.32075003
-0.05200842 -0.14481816 0.32050002
-0.04935823 -0.14526999 0.3215
-0.046907704 -0.14639962 0.324
-0.044515464 -0.14786814 0.32725
-0.042002719 -0.14911073 0.33000001
-0.03923443 -0.14956258 0.33100003
-0.036283962 -0.14933665 0.33050001
-0.033316985 -0.14899777 0.32975
-0.030409278 -0.1488848 0.32950002
-0.027380636 -0.14809407 0.32775003
-0.024420002 -0.14752926 0.32650003
-0.021530773 -0.14730333 0.32600001
-0.018650291 -0.1470774 0.32550001
-0.015754286 -0.14662556 0.32450002
-0.012885724 -0.14628667 0.32375002
-0.010038049 -0.14606075 0.32325003
-0.0071823918 -0.14549594 0.32200003
-0.0043553836 -0.14515704 0.32125002
-0.0015426998 -0.14493112 0.32075003
0.0012602516 -0.14459223 0.32000002
0.0040437379 -0.14402741 0.31875002
0.0063338024 -0.13352188 0.29550001
0.008594363 -0.12866449 0.28475001
0.011182668 -0.12979412 0.28725001
0.013767034 -0.1304719 0.28875002
0.016857265 -0.13499039 0.29875001
0.019910635 -0.13804038 0.3055
0.022897305 -0.13996075 0.30975002
0.025958328 -0.14188112 0.31400001
0.028888021 -0.14278482 0.31600001
0.031702455 -0.14301075 0.31650001
0.034389496 -0.14267185 0.31575
0.037151661 -0.14267185 0.31575
0.039913822 -0.14267185 0.31575
0.042675991 -0.14267185 0.31575
0.04540218 -0.1425589 0.31550002
0.048123993 -0.14244594 0.31525001
0.050760735 -0.14210704 0.3145
0.053426892 -0.14188112 0.31400001
0.056039572 -0.14154223 0.31325001
0.058639131 -0.14120334 0.3125
0.061274674 -0.14097741 0.31200001
0.063747607 -0.1404126 0.31075001
0.066466033 -0.1404126 0.31075001
0.069073141 -0.14018668 0.31025001
0.071671501 -0.13996075 0.30975002
0.074321143 -0.13984779 0.30950001
0.077028632 -0.13984779 0.30950001
0.079478502 -0.13939595 0.30850002
0.082177237 -0.13939595 0.30850002
0.084807202 -0.13928297 0.30825001
0.087290846 -0.13894409 0.3075
0.089761384 -0.13860521 0.30675003
0.092294127 -0.13837928 0.30625001
0.09481813 -0.13815334 0.30575001
0.097173952 -0.13770151 0.30475003
0.09967608 -0.13747557 0.30425
0.10233764 -0.13747557 0.30425
0.10474039 -0.1371367 0.30350003
0.10704152 -0.13668483 0.30250001
0.10959714 -0.13657188 0.30225003
0.11214836 -0.13645892 0.30200002
0.11422009 -0.13578114 0.30050001
0.11646 -0.13532929 0.29950002
0.11898062 -0.13521633 0.29925001
0.12139527 -0.13499039 0.29875001
0.12390494 -0.13487743 0.2985
0.12641025 -0.13476448 0.29825002
0.12837045 -0.1340867 0.29675001
0.13085607 -0.13397373 0.29650003
0.13322479 -0.1337478 0.296
0.13581418 -0.1337478 0.296
0.13852048 -0.13386077 0.29625002
0.1407548 -0.13352188 0.29550001
0.14297602 -0.13318299 0.29475001
0.14506066 -0.13273114 0.29375002
0.14725342 -0.13239226 0.29300001
0.14968874 -0.13227929 0.29275
0.15224971 -0.13227929 0.29275
0.15454626 -0.13205336 0.29225001
0.15710285 -0.13205336 0.29225001
0.15965943 -0.13205336 0.29225001
0.1619385 -0.13182744 0.29175001
0.16406786 -0.13148855 0.29100001
0.16632724 -0.13126263 0.29050002
0.16828722 -0.13081078 0.28950003
0.17037722 -0.1304719 0.28875002
0.17230438 -0.13002004 0.28775001
0.17497349 -0.130133 0.28800002
0.17718475 -0.12990709 0.28750002
0.1789185 -0.12934227 0.28625003
0.18142259 -0.12934227 0.28625003
0.18296288 -0.12866449 0.28475001
0.18561669 -0.12877746 0.28500003
0.18794484 -0.12866449 0.28475001
0.18959984 -0.12809968 0.28350002
0.19123296 -0.12753487 0.28225002
0.19421679 -0.12787375 0.28300002
-0 -0 0
-0 -0 0
-0 -0 0
-0 -0 0
-0 -0 0
-0 -0 0
-0 -0 0
-0 -0 0
-0 -0 0
-0 -0 0
-0 -0 0
-0 -0 0
-0 -0 0
-0 -0 0
-0 -0 0
-0 -0 0
-0 -0 0
-0 -0 0
-0 -0 0
-0 -0 0
-0 -0 0
-0 -0 0
-0 -0 0
-0 -0 0
-0 -0 0
-0 -0 0
-0 -0 0
-0 -0 0
-0 -0 0
-0 -0 0
-0 -0 0
-0 -0 0
-0 -0 0
-0 -0 0
-0 -0 0
-0 -0 0
-0 -0 0
-0 -0 0
-0 -0 0
-0 -0 0
-0 -0 0
-0 -0 0
-0 -0 0
-0 -0 0
-0 -0 0
-0 -0 0
-0.10283715 -0.150768 0.34025002
-0.099934027 -0.15087879 0.34050003
-0.097026542 -0.15098955 0.34075001
-0.093907684 -0.150768 0.34025002
-0.090663947 -0.1503249 0.33925003
-0.087502331 -0.14999256 0.33850002
-0.084291384 -0.14954944 0.33750001
-0.0810377 -0.14899556 0.33625001
-0.078038141 -0.14888479 0.33600003
-0.074987069 -0.14866322 0.3355
-0.072052129 -0.14866322 0.3355
-0.069168702 -0.148774 0.33575001
-0.066182256 -0.14866322 0.3355
-0.063058808 -0.14822012 0.33450001
-0.057975393 -0.14290281 0.32250002
-0.055025913 -0.14257047 0.32175002
-0.052130125 -0.14234892 0.32125002
-0.049703661 -0.1434567 0.32375002
-0.047486812 -0.14533991 0.32800001
-0.044889543 -0.14622612 0.33000001
-0.042098183 -0.14655846 0.33075002
-0.03923443 -0.14666924 0.33100003
-0.03631141 -0.14655846 0.33075002
-0.033316985 -0.14611535 0.32975
-0.030363135 -0.14578302 0.32900003
-0.027359748 -0.14511836 0.32750002
-0.0244387 -0.14478602 0.32675001
-0.021563796 -0.14467525 0.32650003
-0.018678939 -0.14445369 0.32600001
-0.015766423 -0.1438998 0.32475001
-0.012895674 -0.14356746 0.324
-0.010014758 -0.14290281 0.32250002
-0.0071656625 -0.14234892 0.32125002
-0.004351994 -0.14223814 0.32100001
-0.0015414973 -0.14201659 0.32050002
0.0012612361 -0.1419058 0.32025
0.0040120226 -0.14013338 0.31625003
0.0061730458 -0.12761553 0.28800002
0.0085415449 -0.12539999 0.28300002
0.011007482 -0.1252892 0.28275001
0.013457126 -0.12506765 0.28225002
0.015912129 -0.12495687 0.28200001
0.018395344 -0.12506765 0.28225002
0.021049257 -0.12617542 0.28475001
0.023953585 -0.12839097 0.28975001
0.027288208 -0.13226818 0.2985
0.030475425 -0.13481605 0.30425
0.033654328 -0.13692082 0.30900002
0.036828093 -0.13869327 0.31300002
0.039787415 -0.13946871 0.31475002
0.04260841 -0.13969027 0.31525001
0.045294251 -0.13946871 0.31475002
0.048047669 -0.13946871 0.31475002
0.050760735 -0.13935792 0.3145
0.053511962 -0.13935792 0.3145
0.056129027 -0.1390256 0.31375003
0.058639131 -0.13847171 0.3125
0.061274674 -0.13825016 0.31200001
0.063798897 -0.13780704 0.31100002
0.066466033 -0.13769627 0.31075001
0.069128804 -0.13758549 0.31050003
0.071729347 -0.13736393 0.31
0.074321143 -0.13714238 0.30950001
0.07696642 -0.13703161 0.30925003
0.079607315 -0.13692082 0.30900002
0.082177237 -0.13669927 0.30850002
0.084807202 -0.1365885 0.30825001
0.087219879 -0.13614538 0.30725002
0.089688227 -0.13581306 0.30650002
0.092218786 -0.13559151 0.30600002
0.09481813 -0.13548072 0.30575001
0.097173952 -0.13503762 0.30475003
0.099757992 -0.13492684 0.30450001
0.10242174 -0.13492684 0.30450001
0.10491294 -0.13470528 0.30400002
0.10730692 -0.13437295 0.30325001
0.10968778 -0.13404061 0.30250001
0.11205552 -0.13370828 0.30175
0.11412507 -0.13304362 0.30025002
0.11675164 -0.13304362 0.30025002
0.11927881 -0.13293284 0.30000001
0.12159844 -0.1326005 0.29925001
0.12400872 -0.13237895 0.29875001
0.12641025 -0.1321574 0.29825002
0.12837045 -0.13149273 0.29675001
0.13085607 -0.13138196 0.29650003
0.13322479 -0.13116039 0.296
0.13581418 -0.13116039 0.296
0.13840358 -0.13116039 0.296
0.14039755 -0.13060652 0.29475001
0.14273348 -0.13038497 0.29425001
0.1451841 -0.13027418 0.294
0.14737907 -0.12994185 0.29325002
0.14956091 -0.12960953 0.29250002
0.15211971 -0.12960953 0.29250002
0.15441407 -0.12938797 0.29200003
0.15696847 -0.12938797 0.29200003
0.15979601 -0.12960953 0.29250002
0.16207728 -0.12938797 0.29200003
0.16392691 -0.12883408 0.29075003
0.16589782 -0.12839097 0.28975001
0.16785124 -0.12794787 0.28875002
0.17008218 -0.1277263 0.28825
0.17230438 -0.12750475 0.28775001
0.1748216 -0.12750475 0.28775001
0.17718475 -0.12739398 0.28750002
0.17907475 -0.12695086 0.28650001
0.18110569 -0.12661852 0.28575
0.18280223 -0.12606464 0.2845
0.18545385 -0.12617542 0.28475001
0.18794484 -0.12617542 0.28475001
0.18976705 -0.12573232 0.28375003
0.19174112 -0.12539999 0.28300002
0.19370207 -0.12506765 0.28225002
-0 -0 0
-0 -0 0
-0 -0 0
-0 -0 0
-0 -0 0
-0 -0 0
-0 -0 0
-0 -0 0
-0 -0 0
-0 -0 0
-0 -0 0
-0 -0 0
-0 -0 0
-0 -0 0
-0 -0 0
-0 -0 0
-0 -0 0
-0 -0 0
-0 -0 0
-0 -0 0
-0 -0 0
-0 -0 0
-0 -0 0
-0 -0 0
-0 -0 0
-0 -0 0
-0 -0 0
-0 -0 0
-0 -0 0
-0 -0 0
-0 -0 0
-0 -0 0
-0 -0 0
-0 -0 0
-0 -0 0
-0 -0 0
-0 -0 0
-0 -0 0
-0 -0 0
-0 -0 0
-0 -0 0
-0 -0 0
-0 -0 0
-0 -0 0
-0 -0 0
-0 -0 0
-0.10283715 -0.1477938 0.34025002
-0.099934027 -0.14790238 0.34050003
-0.096955359 -0.14790238 0.34050003
-0.093769684 -0.14757662 0.33975002
-0.090530314 -0.14714223 0.33875
-0.087373078 -0.14681648 0.33800003
-0.084291384 -0.14659928 0.33750001
-0.081158206 -0.14627351 0.33675003
-0.078038141 -0.14594774 0.33600003
-0.074987069 -0.14573054 0.3355
-0.071998447 -0.14562196 0.33525002
-0.069014192 -0.14551336 0.33500001
-0.065984994 -0.14529617 0.33450001
-0.06070235 -0.13986658 0.32200003
-0.057885509 -0.13986658 0.32200003
-0.055196933 -0.14019234 0.32275
-0.052698076 -0.14106108 0.32475001
-0.050356142 -0.14247277 0.32800001
-0.047776368 -0.14334153 0.33000001
-0.04505958 -0.14388448 0.33125001
-0.042066362 -0.1435587 0.33050001
-0.039115895 -0.14334153 0.33000001
-0.03622907 -0.14334153 0.33000001
-0.033316985 -0.14323293 0.32975
-0.030340062 -0.14279856 0.32875001
-0.02740152 -0.14247277 0.32800001
-0.024476096 -0.142147 0.32725
-0.021547284 -0.14171264 0.32625002
-0.018650291 -0.14138687 0.32550001
-0.015766423 -0.14106108 0.32475001
-0.012875774 -0.14051813 0.32350001
-0.010014758 -0.14008376 0.32250002
-0.0071768151 -0.13975798 0.32175002
-0.004351994 -0.13943221 0.32100001
-0.0015402948 -0.13910642 0.32025
0.0012612361 -0.13910642 0.32025
0.0039137038 -0.13400261 0.30850002
0.0060980259 -0.12357776 0.2845
0.0085339984 -0.12281762 0.28275001
0.010978284 -0.12249184 0.28200001
0.013433288 -0.12238326 0.28175002
0.015883915 -0.12227466 0.28150001
0.018313875 -0.12205748 0.28100002
0.020735089 -0.1218403 0.28050002
0.023147553 -0.12162311 0.28
0.025596978 -0.12162311 0.28
0.028071448 -0.1217317 0.28025001
0.030768115 -0.12270902 0.2825
0.033768889 -0.12466368 0.287
0.037227623 -0.12792145 0.29450002
0.040783785 -0.13107061 0.30175
0.044394843 -0.13400261 0.30850002
0.047704197 -0.13574007 0.3125
0.050680034 -0.13639162 0.31400001
0.053426892 -0.13639162 0.31400001
0.055994853 -0.13595727 0.31300002
0.058592226 -0.13563149 0.31225002
0.061372869 -0.13574007 0.3125
0.063850179 -0.1351971 0.31125
0.066572979 -0.1351971 0.31125
0.069240123 -0.13508853 0.31100002
0.071787193 -0.13476275 0.31025001
0.07438118 -0.13454556 0.30975002
0.077090859 -0.13454556 0.30975002
0.079736121 -0.13443696 0.30950001
0.08224383 -0.1341112 0.30875
0.084738426 -0.13378543 0.30800003
0.087290846 -0.13356823 0.3075
0.089834534 -0.13335104 0.30700001
0.092294127 -0.13302527 0.30625001
0.09481813 -0.13280809 0.30575001
0.097253665 -0.13248231 0.30500001
0.099757992 -0.13226514 0.30450001
0.10242174 -0.13226514 0.30450001
0.10482666 -0.13193935 0.30375001
0.10721845 -0.13161357 0.303
0.10959714 -0.13128781 0.30225003
0.11205552 -0.13107061 0.30175
0.11450517 -0.13085343 0.30125001
0.11694606 -0.13063625 0.30075002
0.11937822 -0.13041908 0.30025002
0.12180161 -0.13020188 0.29975
0.12411249 -0.12987611 0.29900002
0.12641025 -0.12955034 0.29825002
0.12869489 -0.12922455 0.29750001
0.13085607 -0.12879018 0.29650003
0.13322479 -0.128573 0.296
0.13558476 -0.12835582 0.29550001
0.1380529 -0.12824723 0.29525003
0.14039755 -0.12803003 0.29475001
0.14285475 -0.12792145 0.29450002
0.14506066 -0.12759568 0.29375002
0.14712778 -0.12716129 0.29275
0.14968874 -0.12716129 0.29275
0.15237974 -0.12726989 0.29300001
0.15507509 -0.12737849 0.29325002
0.15750602 -0.12726989 0.29300001
0.15965943 -0.12694411 0.29225001
0.1619385 -0.12672694 0.29175001
0.16378596 -0.12618397 0.29050002
0.16546839 -0.12553242 0.289
0.16756058 -0.12520663 0.28825
0.16993468 -0.12509805 0.28800002
0.17275348 -0.12531523 0.28850001
0.17527726 -0.12531523 0.28850001
0.17733881 -0.12498946 0.28775001
0.17907475 -0.1244465 0.28650001
0.18094724 -0.12401213 0.28550002
0.18312351 -0.12379496 0.28500003
0.18561669 -0.12379496 0.28500003
0.18777983 -0.12357776 0.2845
0.18976705 -0.123252 0.28375003
0.19191049 -0.1230348 0.28325
0.19370207 -0.12260044 0.28225002
-0 -0 0
-0 -0 0
-0 -0 0
-0 -0 0
-0 -0 0
-0 -0 0
-0 -0 0
-0 -0 0
-0 -0 0
-0 -0 0
-0 -0 0
-0 -0 0
-0 -0 0
-0 -0 0
-0 -0 0
-0 -0 0
-0 -0 0
-0 -0 0
-0 -0 0
-0 -0 0
-0 -0 0
-0 -0 0
-0 -0 0
-0 -0 0
-0 -0 0
-0 -0 0
-0 -0 0
-0 -0 0
-0 -0 0
-0 -0 0
-0 -0 0
-0 -0 0
-0 -0 0
-0 -0 0
-0 -0 0
-0 -0 0
-0 -0 0
-0 -0 0
-0 -0 0
-0 -0 0
-0 -0 0
-0 -0 0
-0 -0 0
-0 -0 0
-0 -0 0
-0.10612462 -0.14524521 0.34125
-0.10291271 -0.144926 0.34050003
-0.099713907 -0.14460678 0.33975002
-0.096812978 -0.14471318 0.34
-0.093769684 -0.14460678 0.33975002
-0.09059713 -0.14428756 0.33900002
-0.087502331 -0.14407475 0.33850002
-0.08441627 -0.14386193 0.33800003
-0.081338957 -0.14364912 0.33750001
-0.078154266 -0.14322349 0.33650002
-0.075042948 -0.14290427 0.33575001
-0.071944751 -0.14258504 0.33500001
-0.068808183 -0.14215943 0.33400002
-0.064209618 -0.13854159 0.32550001
-0.060796607 -0.13726471 0.32250002
-0.057975393 -0.13726471 0.32250002
-0.05566724 -0.13854159 0.32550001
-0.053144328 -0.13939285 0.32750002
-0.050739951 -0.14066972 0.33050001
-0.048138309 -0.14152098 0.33250001
-0.045161601 -0.14130817 0.33200002
-0.042130005 -0.14088255 0.33100003
-0.039115895 -0.14045691 0.33000001
-0.036174178 -0.1402441 0.32950002
-0.033291727 -0.1402441 0.32950002
-0.030386206 -0.14013769 0.32925001
-0.02744329 -0.13981847 0.3285
-0.024513494 -0.13949926 0.32775003
-0.021547284 -0.13886081 0.32625002
-0.018664617 -0.138648 0.32575002
-0.015766423 -0.13822237 0.32475001
-0.012865824 -0.13758394 0.32325003
-0.010030285 -0.13747753 0.32300001
-0.0071935444 -0.13726471 0.32250002
-0.0043587731 -0.13683908 0.3215
-0.0015439021 -0.13662627 0.32100001
0.0012612361 -0.13630705 0.32025
0.0037551259 -0.12598559 0.296
0.0060819509 -0.12077167 0.28375003
0.0085264528 -0.12023962 0.2825
0.010978284 -0.12002681 0.28200001
0.013409447 -0.11970759 0.28125
0.015841596 -0.11949478 0.28075001
0.018297581 -0.11949478 0.28075001
0.020698126 -0.11917556 0.28
0.023126887 -0.11906916 0.27975002
0.025574127 -0.11906916 0.27975002
0.027971283 -0.11885635 0.27925003
0.030305233 -0.11843071 0.27825001
0.032768767 -0.11853713 0.27850002
0.035236668 -0.11864352 0.27875
0.037607584 -0.11843071 0.27825001
0.040437441 -0.11960119 0.28100002
0.043811534 -0.12215494 0.287
0.048016913 -0.12662403 0.29750001
0.05168286 -0.1292842 0.30375001
0.055323988 -0.13162516 0.30925003
0.058310755 -0.13226359 0.31075001
0.061225578 -0.13268922 0.31175002
0.063901462 -0.13258281 0.31150001
0.066626452 -0.13258281 0.31150001
0.06918446 -0.13226359 0.31075001
0.071787193 -0.13205078 0.31025001
0.074441209 -0.13194437 0.31
0.077090859 -0.13183796 0.30975002
0.079542905 -0.13141234 0.30875
0.081977457 -0.13098672 0.30775002
0.084532082 -0.1307739 0.30725002
0.087219879 -0.1307739 0.30725002
0.089834534 -0.13066749 0.30700001
0.092369467 -0.13045467 0.30650002
0.094740599 -0.13002905 0.3055
0.097173952 -0.12970984 0.30475003
0.09967608 -0.12949701 0.30425
0.10225356 -0.12939061 0.30400002
0.10482666 -0.1292842 0.30375001
0.10730692 -0.12907138 0.30325001
0.10968778 -0.12875217 0.30250001
0.11205552 -0.12843294 0.30175
0.1146002 -0.12832655 0.30150002
0.11675164 -0.12779452 0.30025002
0.11917941 -0.12758169 0.29975
0.12180161 -0.12758169 0.29975
0.12442381 -0.12758169 0.29975
0.12672813 -0.12726249 0.29900002
0.12880304 -0.12673044 0.29775003
0.13085607 -0.12619841 0.29650003
0.13322479 -0.12598559 0.296
0.13569948 -0.1258792 0.29575002
0.13816978 -0.12577277 0.29550001
0.14051664 -0.12555997 0.29500002
0.14285475 -0.12534715 0.29450002
0.14493719 -0.12492152 0.29350001
0.14700215 -0.1244959 0.29250002
0.14981657 -0.12470871 0.29300001
0.15250976 -0.12481513 0.29325002
0.15533949 -0.12502794 0.29375002
0.1579092 -0.12502794 0.29375002
0.15979601 -0.1244959 0.29250002
0.1619385 -0.12417668 0.29175001
0.16434976 -0.12407027 0.2915
0.1661841 -0.12353823 0.29025
0.16799656 -0.1230062 0.289
0.17037722 -0.1228998 0.28875002
0.17305288 -0.1230062 0.289
0.17527726 -0.12279339 0.28850001
0.17733881 -0.12247417 0.28775001
0.17923102 -0.12204855 0.28675002
0.18110569 -0.12162291 0.28575
0.18328415 -0.1214101 0.28525001
0.18545385 -0.12119729 0.28475001
0.18777983 -0.12109088 0.2845
0.19010143 -0.12098448 0.28425002
0.19207989 -0.12066526 0.28350002
0.19404522 -0.12034604 0.28275001
-0 -0 0
-0 -0 0
-0 -0 0
-0 -0 0
-0 -0 0
-0 -0 0
-0 -0 0
-0 -0 0
-0 -0 0
-0 -0 0
-0 -0 0
-0 -0 0
-0 -0 0
-0 -0 0
-0 -0 0
-0 -0 0
-0 -0 0
-0 -0 0
-0 -0 0
-0 -0 0
-0 -0 0
-0 -0 0
-0 -0 0
-0 -0 0
-0 -0 0
-0 -0 0
-0 -0 0
-0 -0 0
-0 -0 0
-0 -0 0
-0 -0 0
-0 -0 0
-0 -0 0
-0 -0 0
-0 -0 0
-0 -0 0
-0 -0 0
-0 -0 0
-0 -0 0
-0 -0 0
-0 -0 0
-0 -0 0
-0 -0 0
-0 -0 0
-0.10934967 -0.14257494 0.34200001
-0.10628012 -0.14247072 0.34175003
-0.10298827 -0.14205383 0.34075001
-0.099860653 -0.14184539 0.34025002
-0.096955359 -0.14194961 0.34050003
-0.093838684 -0.14174116 0.34
-0.090730749 -0.14153272 0.33950001
-0.087566949 -0.14122005 0.33875
-0.08441627 -0.14090741 0.33800003
-0.08139921 -0.14080317 0.33775002
-0.07832846 -0.14059474 0.33725002
-0.075042948 -0.13996939 0.33575001
-0.071891069 -0.13955252 0.33475003
-0.068859681 -0.13934407 0.33425
-0.063667133 -0.13454989 0.32275
-0.060890865 -0.1346541 0.32300001
-0.058200106 -0.13496678 0.32375002
-0.056094792 -0.13673854 0.32800001
-0.053712286 -0.13798919 0.33100003
-0.051085386 -0.13871875 0.33275002
-0.048174504 -0.13871875 0.33275002
-0.045195609 -0.1385103 0.33225003
-0.042161822 -0.13809341 0.33125001
-0.03917516 -0.13778074 0.33050001
-0.03622907 -0.1375723 0.33000001
-0.03326647 -0.13725965 0.32925001
-0.030340062 -0.13705119 0.32875001
-0.02740152 -0.13673854 0.32800001
-0.024457399 -0.13632165 0.32700002
-0.021547284 -0.13600899 0.32625002
-0.018678939 -0.13590476 0.32600001
-0.015790699 -0.1355921 0.32525003
-0.012895674 -0.13507099 0.324
-0.010053576 -0.13496678 0.32375002
-0.0071991207 -0.13454989 0.32275
-0.0043655522 -0.13423723 0.32200003
-0.0015463069 -0.13402878 0.3215
0.0012513904 -0.13246545 0.31775001
0.0036694938 -0.12058421 0.28925002
0.006076592 -0.11818712 0.28350002
0.0085339984 -0.11787445 0.28275001
0.010978284 -0.11756179 0.28200001
0.013397529 -0.11714491 0.28100002
0.015869807 -0.11724912 0.28125
0.018330168 -0.11724912 0.28125
0.020698126 -0.11672802 0.28
0.023106219 -0.11651957 0.27950001
0.025551271 -0.11651957 0.27950001
0.027921198 -0.11620691 0.27875
0.030305233 -0.11599847 0.27825001
0.032739349 -0.11599847 0.27825001
0.035173465 -0.11599847 0.27825001
0.037438635 -0.11547736 0.27700001
0.039861817 -0.11547736 0.27700001
0.042284999 -0.11547736 0.27700001
0.044667829 -0.11537313 0.27675
0.047301516 -0.11589425 0.27800003
0.050449032 -0.11756179 0.28200001
0.054229472 -0.12047999 0.289
0.058476072 -0.12412775 0.29775003
0.062670611 -0.1273586 0.3055
0.06587784 -0.12840083 0.30800003
0.069017477 -0.12923458 0.31
0.071613654 -0.12902614 0.30950001
0.074261114 -0.12892194 0.30925003
0.076841973 -0.12871347 0.30875
0.079349689 -0.12840083 0.30800003
0.08184427 -0.12808816 0.30725002
0.084463298 -0.12798393 0.30700001
0.087219879 -0.12808816 0.30725002
0.089834534 -0.12798393 0.30700001
0.092294127 -0.12767127 0.30625001
0.094663076 -0.12725438 0.30525002
0.097253665 -0.12715016 0.30500001
0.099921793 -0.12715016 0.30500001
0.10242174 -0.12694173 0.30450001
0.10491294 -0.12673327 0.30400002
0.10739539 -0.12652484 0.30350003
0.10959714 -0.12600373 0.30225003
0.11205552 -0.12579527 0.30175
0.1146002 -0.12569107 0.30150002
0.11694606 -0.1253784 0.30075002
0.11937822 -0.12516996 0.30025002
0.1219032 -0.12506573 0.30000001
0.12452758 -0.12506573 0.30000001
0.12694004 -0.12485729 0.29950002
0.12880304 -0.12412775 0.29775003
0.1309664 -0.12371086 0.29675001
0.13333732 -0.12350241 0.29625002
0.13592888 -0.12350241 0.29625002
0.13816978 -0.12318975 0.29550001
0.14039755 -0.12287708 0.29475001
0.14273348 -0.12266864 0.29425001
0.14506066 -0.1224602 0.29375002
0.14725342 -0.12214753 0.29300001
0.14994441 -0.12225176 0.29325002
0.15276979 -0.1224602 0.29375002
0.15533949 -0.1224602 0.29375002
0.15764043 -0.12225176 0.29325002
0.15952286 -0.12173066 0.29200003
0.16152221 -0.12131376 0.29100001
0.16406786 -0.12131376 0.29100001
0.16647038 -0.12120955 0.29075003
0.16843253 -0.12079266 0.28975001
0.17067224 -0.12058421 0.28925002
0.17305288 -0.12047999 0.289
0.17512536 -0.12016732 0.28825
0.17718475 -0.11985467 0.28750002
0.17938727 -0.11964621 0.287
0.18142259 -0.11933356 0.28625003
0.1836054 -0.11912511 0.28575
0.1857795 -0.11891667 0.28525001
0.18843988 -0.11902089 0.28550002
0.19043581 -0.11870823 0.28475001
0.19224927 -0.11829135 0.28375003
0.19438834 -0.1180829 0.28325
-0 -0 0
-0 -0 0
-0 -0 0
-0 -0 0
-0 -0 0
-0 -0 0
-0 -0 0
-0 -0 0
-0 -0 0
-0 -0 0
-0 -0 0
-0 -0 0
-0 -0 0
-0 -0 0
-0 -0 0
-0 -0 0
-0 -0 0
-0 -0 0
-0 -0 0
-0 -0 0
-0 -0 0
-0 -0 0
-0 -0 0
-0 -0 0
-0 -0 0
-0 -0 0
-0 -0 0
-0 -0 0
-0 -0 0
-0 -0 0
-0 -0 0
-0 -0 0
-0 -0 0
-0 -0 0
-0 -0 0
-0 -0 0
-0 -0 0
-0 -0 0
-0 -0 0
-0 -0 0
-0 -0 0
-0 -0 0
-0 -0 0
-0.11225934 -0.13948341 0.34175003
-0.10934967 -0.13958544 0.34200001
-0.10635786 -0.13958544 0.34200001
-0.10313939 -0.13927932 0.34125
-0.10015414 -0.13927932 0.34125
-0.097097725 -0.13917729 0.34100002
-0.093700685 -0.13856508 0.33950001
-0.090530314 -0.13825896 0.33875
-0.087437704 -0.13805489 0.33825001
-0.084353827 -0.13785082 0.33775002
-0.081338957 -0.13774878 0.33750001
-0.078212336 -0.13744268 0.33675003
-0.074987069 -0.13693249 0.3355
-0.071354166 -0.13560604 0.33225003
-0.066799559 -0.13234086 0.32425001
-0.063765772 -0.13193274 0.32325003
-0.061032254 -0.13213681 0.32375002
-0.058469757 -0.13274902 0.32525003
-0.056351323 -0.13448364 0.32950002
-0.053955693 -0.13570806 0.33250001
-0.051123764 -0.13591214 0.333
-0.048174504 -0.13581011 0.33275002
-0.045161601 -0.13550399 0.33200002
-0.042130005 -0.13509585 0.33100003
-0.03917516 -0.13489178 0.33050001
-0.036256518 -0.13478974 0.33025002
-0.03326647 -0.13438159 0.32925001
-0.030293917 -0.13397345 0.32825002
-0.027359748 -0.13366733 0.32750002
-0.024457399 -0.13346328 0.32700002
-0.021547284 -0.13315716 0.32625002
-0.018678939 -0.13305512 0.32600001
-0.015802834 -0.13285105 0.32550001
-0.012925525 -0.13254493 0.32475001
-0.010069102 -0.13234086 0.32425001
-0.0071991207 -0.13172865 0.32275
-0.0043689413 -0.13152458 0.32225001
-0.0015451045 -0.13111643 0.32125002
0.0012139768 -0.12581056 0.30825001
0.003596548 -0.11570898 0.28350002
0.0060658753 -0.11550491 0.28300002
0.0085264528 -0.11530083 0.2825
0.010949086 -0.11479065 0.28125
0.013385609 -0.11458658 0.28075001
0.015869807 -0.11479065 0.28125
0.018313875 -0.11468862 0.28100002
0.020698126 -0.11428047 0.28
0.023147553 -0.11428047 0.28
0.025528418 -0.11397437 0.27925003
0.027896158 -0.11366826 0.27850002
0.030278007 -0.11346419 0.27800003
0.032709938 -0.11346419 0.27800003
0.035078656 -0.11326011 0.2775
0.037438635 -0.11305604 0.27700001
0.039789867 -0.11285197 0.27650002
0.042246837 -0.112954 0.27675
0.044587132 -0.11274993 0.27625
0.046961218 -0.1126479 0.27600002
0.049286198 -0.11244382 0.2755
0.051461704 -0.11193364 0.27425
0.053909931 -0.11203568 0.27450001
0.056567669 -0.11254586 0.27575001
0.059835475 -0.11417844 0.27975002
0.063729852 -0.11683138 0.28625003
0.068374261 -0.12060671 0.29550001
0.072580181 -0.1233617 0.30225003
0.076530874 -0.12550445 0.3075
0.079285279 -0.12560649 0.30775002
0.081777669 -0.12530038 0.30700001
0.084463298 -0.12530038 0.30700001
0.087219879 -0.12540242 0.30725002
0.089761384 -0.12519835 0.30675003
0.092143439 -0.1247902 0.30575001
0.094508022 -0.12438206 0.30475003
0.097173952 -0.12438206 0.30475003
0.099921793 -0.12448408 0.30500001
0.10250583 -0.12438206 0.30475003
0.10491294 -0.12407595 0.30400002
0.10721845 -0.12366779 0.303
0.10941583 -0.12315761 0.30175
0.11196268 -0.12305558 0.30150002
0.11469521 -0.12315761 0.30175
0.11704328 -0.12285151 0.30100003
0.11927881 -0.12244336 0.30000001
0.1219032 -0.12244336 0.30000001
0.12452758 -0.12244336 0.30000001
0.12683408 -0.12213726 0.29925001
0.12901933 -0.12172911 0.29825002
0.13140774 -0.12152505 0.29775003
0.13367487 -0.12121893 0.29700002
0.13592888 -0.12091283 0.29625002
0.13816978 -0.12060671 0.29550001
0.14051664 -0.12040264 0.29500002
0.14285475 -0.12019858 0.29450002
0.14530756 -0.12009653 0.29425001
0.14763036 -0.11989246 0.29375002
0.15032789 -0.11999449 0.294
0.1528998 -0.11999449 0.294
0.15494289 -0.11958636 0.29300001
0.15656529 -0.11887211 0.29125002
0.15856682 -0.11846396 0.29025
0.16124469 -0.11856599 0.29050002
0.16392691 -0.11866803 0.29075003
0.16632724 -0.11856599 0.29050002
0.16828722 -0.11815786 0.28950003
0.1702297 -0.11774971 0.28850001
0.17260377 -0.11764766 0.28825
0.17497349 -0.11754563 0.28800002
0.17703067 -0.11723952 0.28725001
0.17938727 -0.11713748 0.287
0.18173949 -0.11703546 0.28675002
0.18392669 -0.11683138 0.28625003
0.18610513 -0.1166273 0.28575
0.18860488 -0.1166273 0.28575
0.19093741 -0.11652527 0.28550002
0.19292679 -0.11621916 0.28475001
0.19490306 -0.11591305 0.28400001
-0 -0 0
-0 -0 0
-0 -0 0
-0 -0 0
-0 -0 0
-0 -0 0
-0 -0 0
-0 -0 0
-0 -0 0
-0 -0 0
-0 -0 0
-0 -0 0
-0 -0 0
-0 -0 0
-0 -0 0
-0 -0 0
-0 -0 0
-0 -0 0
-0 -0 0
-0 -0 0
-0 -0 0
-0 -0 0
-0 -0 0
-0 -0 0
-0 -0 0
-0 -0 0
-0 -0 0
-0 -0 0
-0 -0 0
-0 -0 0
-0 -0 0
-0 -0 0
-0 -0 0
-0 -0 0
-0 -0 0
-0 -0 0
-0 -0 0
-0 -0 0
-0 -0 0
-0 -0 0
-0 -0 0
-0 -0 0
-0.11558619 -0.13689549 0.34275001
-0.11250571 -0.13679564 0.34250003
-0.10950954 -0.13679564 0.34250003
-0.10643561 -0.13669579 0.34225002
-0.10321495 -0.13639623 0.34150001
-0.10015414 -0.13629638 0.34125
-0.097026542 -0.13609669 0.34075001
-0.093631692 -0.13549758 0.33925003
-0.090463504 -0.13519803 0.33850002
-0.087437704 -0.13509817 0.33825001
-0.08441627 -0.13499832 0.33800003
-0.081338957 -0.13479862 0.33750001
-0.078154266 -0.13439922 0.33650002
-0.074987069 -0.13399981 0.3355
-0.069636077 -0.12950653 0.32425001
-0.066748053 -0.12940668 0.324
-0.063864402 -0.12930682 0.32375002
-0.061550677 -0.13040519 0.32650003
-0.059098948 -0.13130385 0.32875001
-0.05699265 -0.13310115 0.33325002
-0.054199103 -0.13340071 0.33400002
-0.051123764 -0.1330013 0.333
-0.048138309 -0.13280161 0.33250001
-0.045127593 -0.13250205 0.33175001
-0.042130005 -0.13220251 0.33100003
-0.039145529 -0.13190295 0.33025002
-0.036201622 -0.13170324 0.32975
-0.033241212 -0.1314037 0.32900003
-0.030270845 -0.13100429 0.32800001
-0.027380636 -0.13090445 0.32775003
-0.024494795 -0.13080458 0.32750002
-0.021580307 -0.13050504 0.32675001
-0.018693265 -0.13030533 0.32625002
-0.015814973 -0.13010563 0.32575002
-0.012935476 -0.12980609 0.32500002
-0.010069102 -0.12950653 0.32425001
-0.0071991207 -0.12890741 0.32275
-0.0043689413 -0.12870772 0.32225001
-0.0015402948 -0.12790892 0.32025
0.0011657327 -0.11822338 0.296
0.0035933764 -0.11313099 0.28325
0.0060712332 -0.11313099 0.28325
0.0085189082 -0.11273159 0.28225002
0.01095882 -0.11243203 0.28150001
0.013409447 -0.11233218 0.28125
0.015869807 -0.11233218 0.28125
0.018313875 -0.11223233 0.28100002
0.020716608 -0.11193278 0.28025001
0.023188889 -0.11203264 0.28050002
0.025551271 -0.11163323 0.27950001
0.027921198 -0.11133367 0.27875
0.030305233 -0.11113397 0.27825001
0.032680519 -0.11093427 0.27775002
0.035047058 -0.11073457 0.27725002
0.037438635 -0.11063472 0.27700001
0.039825842 -0.11053486 0.27675
0.042284999 -0.11063472 0.27700001
0.044627484 -0.11043502 0.27650002
0.046961218 -0.11023532 0.27600002
0.049107306 -0.10963621 0.27450001
0.051320974 -0.10923681 0.27350003
0.053811733 -0.10943651 0.27400002
0.056106102 -0.10923681 0.27350003
0.058498669 -0.10923681 0.27350003
0.060668591 -0.1088374 0.27250001
0.063168101 -0.1090371 0.273
0.06603656 -0.10983591 0.27500001
0.07005997 -0.11243203 0.28150001
0.073939472 -0.11462875 0.287
0.07844796 -0.11762428 0.29450002
0.0822623 -0.1194216 0.29900002
0.086581163 -0.12181801 0.30500001
0.089468762 -0.12211756 0.30575001
0.091992758 -0.12191787 0.30525002
0.094508022 -0.12171817 0.30475003
0.097173952 -0.12171817 0.30475003
0.099839896 -0.12171817 0.30475003
0.10233764 -0.12151846 0.30425
0.10474039 -0.12121891 0.30350003
0.10712999 -0.12091936 0.30275002
0.10941583 -0.12051995 0.30175
0.11196268 -0.12042011 0.30150002
0.11450517 -0.12032025 0.30125001
0.11684885 -0.1200207 0.30050001
0.11927881 -0.119821 0.30000001
0.12180161 -0.11972114 0.29975
0.12432004 -0.1196213 0.29950002
0.12672813 -0.1194216 0.29900002
0.12901933 -0.11912204 0.29825002
0.13140774 -0.11892235 0.29775003
0.13356236 -0.11852293 0.29675001
0.13592888 -0.11832324 0.29625002
0.13828668 -0.11812354 0.29575002
0.14063573 -0.11792383 0.29525003
0.1430973 -0.11782398 0.29500002
0.14555447 -0.11772413 0.29475001
0.14800729 -0.11762428 0.29450002
0.15045573 -0.11752443 0.29425001
0.15250976 -0.11712503 0.29325002
0.15467848 -0.11682548 0.29250002
0.15656529 -0.11632622 0.29125002
0.1587034 -0.11602666 0.29050002
0.16152221 -0.11622637 0.29100001
0.16392691 -0.11612652 0.29075003
0.16575469 -0.11562727 0.28950003
0.16799656 -0.11542755 0.289
0.17037722 -0.11532772 0.28875002
0.1729032 -0.11532772 0.28875002
0.17512536 -0.115128 0.28825
0.17718475 -0.11482846 0.28750002
0.17923102 -0.1145289 0.28675002
0.18173949 -0.1145289 0.28675002
0.18392669 -0.1143292 0.28625003
0.18594232 -0.11402965 0.28550002
0.18843988 -0.11402965 0.28550002
0.19093741 -0.11402965 0.28550002
0.19309619 -0.11382996 0.28500003
0.19524619 -0.11363024 0.2845
-0 -0 0
-0 -0 0
-0 -0 0
-0 -0 0
-0 -0 0
-0 -0 0
-0 -0 0
-0 -0 0
-0 -0 0
-0 -0 0
-0 -0 0
-0 -0 0
-0 -0 0
-0 -0 0
-0 -0 0
-0 -0 0
-0 -0 0
-0 -0 0
-0 -0 0
-0 -0 0
-0 -0 0
-0 -0 0
-0 -0 0
-0 -0 0
-0 -0 0
-0 -0 0
-0 -0 0
-0 -0 0
-0 -0 0
-0 -0 0
-0 -0 0
-0 -0 0
-0 -0 0
-0 -0 0
-0 -0 0
-0 -0 0
-0 -0 0
-0 -0 0
-0 -0 0
-0 -0 0
-0 -0 0
-0.11858454 -0.13389944 0.34275001
-0.1156705 -0.1339971 0.34300002
-0.11266994 -0.1339971 0.34300002
-0.10966941 -0.1339971 0.34300002
-0.10651336 -0.13380177 0.34250003
-0.10321495 -0.13341111 0.34150001
-0.1000074 -0.13311811 0.34075001
-0.096955359 -0.13302045 0.34050003
-0.093769684 -0.13272744 0.33975002
-0.09059713 -0.13243444 0.33900002
-0.08769621 -0.13253212 0.33925003
-0.084541142 -0.13223912 0.33850002
-0.081338957 -0.13184845 0.33750001
-0.077980071 -0.1311648 0.33575001
-0.072360851 -0.12647685 0.32375002
-0.069582388 -0.12657452 0.324
-0.066799559 -0.12667218 0.32425001
-0.064456195 -0.12764883 0.32675001
-0.062116224 -0.12872316 0.32950002
-0.05986296 -0.13009048 0.333
-0.057163671 -0.1305788 0.33425
-0.054158531 -0.13038348 0.33375001
-0.051123764 -0.13009048 0.333
-0.048102118 -0.12979749 0.33225003
-0.045127593 -0.12960215 0.33175001
-0.042130005 -0.12930916 0.33100003
-0.039145529 -0.12901616 0.33025002
-0.03622907 -0.12891848 0.33000001
-0.03326647 -0.1286255 0.32925001
-0.030293917 -0.12823483 0.32825002
-0.027380636 -0.12803951 0.32775003
-0.024494795 -0.12794183 0.32750002
-0.021580307 -0.12764883 0.32675001
-0.018664617 -0.12725818 0.32575002
-0.01577856 -0.12696518 0.32500002
-0.012915576 -0.12676986 0.32450002
-0.010045812 -0.12637918 0.32350001
-0.0071991207 -0.12608619 0.32275
-0.0043689413 -0.12589085 0.32225001
-0.0015270683 -0.12403522 0.31750003
0.0011322574 -0.11231536 0.28750002
0.003596548 -0.1107527 0.28350002
0.0060605165 -0.11045971 0.28275001
0.0085113617 -0.11016671 0.28200001
0.010968552 -0.11006905 0.28175002
0.013409447 -0.10987371 0.28125
0.015883915 -0.10997138 0.28150001
0.018330168 -0.10987371 0.28125
0.020735089 -0.10958072 0.28050002
0.023209555 -0.10967838 0.28075001
0.025619835 -0.10948305 0.28025001
0.027921198 -0.10889705 0.27875
0.030332463 -0.1087994 0.27850002
0.032768767 -0.1087994 0.27850002
0.035110261 -0.1085064 0.27775002
0.037472427 -0.10831107 0.27725002
0.039825842 -0.10811573 0.27675
0.042208675 -0.10801807 0.27650002
0.044587132 -0.1079204 0.27625
0.046961218 -0.10782274 0.27600002
0.049241479 -0.10752974 0.27525002
0.051367883 -0.10694375 0.27375001
0.053762633 -0.10694375 0.27375001
0.056106102 -0.10684609 0.27350003
0.05839172 -0.10665075 0.273
0.060557276 -0.10626009 0.27200001
0.062878869 -0.10616242 0.27175
0.06513606 -0.10596709 0.27125001
0.067446724 -0.10586943 0.27100003
0.069817416 -0.10586943 0.27100003
0.072121516 -0.10577177 0.27075002
0.07510905 -0.10665075 0.273
0.078632727 -0.10821339 0.27700001
0.083543196 -0.11153403 0.28550002
0.089205094 -0.11563598 0.296
0.093190022 -0.11739396 0.30050001
0.096855082 -0.11866361 0.30375001
0.099757992 -0.11895661 0.30450001
0.10208538 -0.11856595 0.30350003
0.10439527 -0.11817528 0.30250001
0.10704152 -0.11817528 0.30250001
0.10932519 -0.11778463 0.30150002
0.11177702 -0.11758929 0.30100003
0.11441015 -0.11758929 0.30100003
0.11694606 -0.11749163 0.30075002
0.11947761 -0.11739396 0.30050001
0.12170003 -0.1170033 0.29950002
0.12390494 -0.11661263 0.2985
0.12641025 -0.11651497 0.29825002
0.12880304 -0.11631964 0.29775003
0.13118705 -0.1161243 0.29725
0.13367487 -0.11602665 0.29700002
0.13604361 -0.11583132 0.29650003
0.13840358 -0.11563598 0.296
0.14111204 -0.11573365 0.29625002
0.14346109 -0.11553831 0.29575002
0.1458014 -0.11534299 0.29525003
0.14825857 -0.11524532 0.29500002
0.15032789 -0.11485465 0.294
0.15224971 -0.11436632 0.29275
0.15454626 -0.11417099 0.29225001
0.15683407 -0.11397567 0.29175001
0.15897654 -0.11368266 0.29100001
0.16138346 -0.11358501 0.29075003
0.16350406 -0.11329201 0.29000002
0.16503897 -0.11260834 0.28825
0.16770591 -0.11270601 0.28850001
0.17067224 -0.11299901 0.28925002
0.17305288 -0.11290134 0.289
0.17527726 -0.11270601 0.28850001
0.17733881 -0.11241301 0.28775001
0.17954354 -0.11221769 0.28725001
0.18221483 -0.11231536 0.28750002
0.18392669 -0.11182703 0.28625003
0.18545385 -0.11124103 0.28475001
0.18843988 -0.11153403 0.28550002
0.1912718 -0.11172936 0.28600001
0.19326556 -0.11143636 0.28525001
0.19524619 -0.11114336 0.2845
-0 -0 0
-0 -0 0
-0 -0 0
-0 -0 0
-0 -0 0
-0 -0 0
-0 -0 0
-0 -0 0
-0 -0 0
-0 -0 0
-0 -0 0
-0 -0 0
-0 -0 0
-0 -0 0
-0 -0 0
-0 -0 0
-0 -0 0
-0 -0 0
-0 -0 0
-0 -0 0
-0 -0 0
-0 -0 0
-0 -0 0
-0 -0 0
-0 -0 0
-0 -0 0
-0 -0 0
-0 -0 0
-0 -0 0
-0 -0 0
-0 -0 0
-0 -0 0
-0 -0 0
-0 -0 0
-0 -0 0
-0 -0 0
-0 -0 0
-0 -0 0
-0 -0 0
-0 -0 0
-0.12202632 -0.13138078 0.34400001
-0.11884403 -0.13118982 0.34350002
-0.1156705 -0.13099886 0.34300002
-0.11266994 -0.13099886 0.34300002
-0.10966941 -0.13099886 0.34300002
-0.10659111 -0.13090338 0.34275001
-0.10321495 -0.13042597 0.34150001
-0.1000074 -0.13013953 0.34075001
-0.097026542 -0.13013953 0.34075001
-0.093907684 -0.12994857 0.34025002
-0.090730749 -0.12966213 0.33950001
-0.087760828 -0.12966213 0.33950001
-0.084603578 -0.12937568 0.33875
-0.081097953 -0.12851638 0.33650002
-0.076122023 -0.12517457 0.32775003
-0.072584353 -0.12402879 0.32475001
-0.069689773 -0.12393332 0.32450002
-0.067314588 -0.12479264 0.32675001
-0.064998671 -0.12584293 0.32950002
-0.062776029 -0.12717964 0.333
-0.060087673 -0.12765704 0.33425
-0.057163671 -0.12765704 0.33425
-0.054158531 -0.12746608 0.33375001
-0.051162146 -0.12727512 0.33325002
-0.048138309 -0.12698868 0.33250001
-0.045127593 -0.12670225 0.33175001
-0.042161822 -0.12651129 0.33125001
-0.039204795 -0.12632033 0.33075002
-0.036283962 -0.12622485 0.33050001
-0.033342246 -0.12603389 0.33000001
-0.030293917 -0.12536553 0.32825002
-0.02740152 -0.12527004 0.32800001
-0.024476096 -0.1249836 0.32725
-0.021563796 -0.12469716 0.32650003
-0.018664617 -0.12441073 0.32575002
-0.01577856 -0.12412428 0.32500002
-0.012915576 -0.12393332 0.32450002
-0.010045812 -0.1235514 0.32350001
-0.0071991207 -0.12326495 0.32275
-0.0043689413 -0.123074 0.32225001
-0.0014921982 -0.11849095 0.31025001
0.0011224117 -0.10884745 0.28500003
0.003596548 -0.10827456 0.28350002
0.0060551576 -0.10789264 0.2825
0.008503817 -0.10760621 0.28175002
0.01095882 -0.10751072 0.28150001
0.013409447 -0.10741524 0.28125
0.015898023 -0.10760621 0.28175002
0.018330168 -0.10741524 0.28125
0.020679647 -0.10684236 0.27975002
0.023168221 -0.10703332 0.28025001
0.025574127 -0.10684236 0.27975002
0.027896158 -0.10636497 0.27850002
0.030278007 -0.10617401 0.27800003
0.032739349 -0.10626948 0.27825001
0.035141867 -0.10617401 0.27800003
0.037472427 -0.10588756 0.27725002
0.039789867 -0.10560112 0.27650002
0.04217051 -0.10550564 0.27625
0.044546783 -0.10541016 0.27600002
0.046918679 -0.10531468 0.27575001
0.049286198 -0.10521919 0.2755
0.051461704 -0.10474179 0.27425
0.053811733 -0.10464632 0.27400002
0.056106102 -0.10445536 0.27350003
0.058445193 -0.10435987 0.27325001
0.060612936 -0.10397796 0.27225003
0.062878869 -0.10378699 0.27175
0.065196097 -0.10369152 0.27150002
0.067446724 -0.10350056 0.27100003
0.069624193 -0.10321411 0.27025002
0.071788542 -0.10292768 0.26950002
0.074214898 -0.10302315 0.26975
0.076716594 -0.10321411 0.27025002
0.079007573 -0.10311864 0.27000001
0.081369519 -0.10311864 0.27000001
0.084584288 -0.10416891 0.27275002
0.089282051 -0.10693784 0.28
0.0945981 -0.11027965 0.28875002
0.099058136 -0.1124757 0.29450002
0.1035325 -0.11457626 0.30000001
0.10668767 -0.11514914 0.30150002
0.10896257 -0.11476722 0.30050001
0.1114985 -0.11467174 0.30025002
0.11422009 -0.11476722 0.30050001
0.11684885 -0.11476722 0.30050001
0.11927881 -0.11457626 0.30000001
0.12159844 -0.11428981 0.29925001
0.12380118 -0.1139079 0.29825002
0.12619834 -0.11371694 0.29775003
0.12869489 -0.11362146 0.29750001
0.13118705 -0.11352597 0.29725
0.13367487 -0.1134305 0.29700002
0.13604361 -0.11323954 0.29650003
0.13852048 -0.11314406 0.29625002
0.1414693 -0.1134305 0.29700002
0.14370364 -0.11314406 0.29625002
0.1458014 -0.11276214 0.29525003
0.14800729 -0.1124757 0.29450002
0.14994441 -0.1119983 0.29325002
0.15211971 -0.11171185 0.29250002
0.15441407 -0.11152089 0.29200003
0.15696847 -0.11152089 0.29200003
0.15924969 -0.11132993 0.2915
0.16138346 -0.1110435 0.29075003
0.1630812 -0.11047061 0.28925002
0.16503897 -0.11008868 0.28825
0.16799656 -0.11037513 0.289
0.17052472 -0.11037513 0.289
0.17260377 -0.11008868 0.28825
0.1748216 -0.10989773 0.28775001
0.17703067 -0.10970677 0.28725001
0.17954354 -0.10970677 0.28725001
0.18221483 -0.10980225 0.28750002
0.18376605 -0.10922936 0.28600001
0.18545385 -0.10875197 0.28475001
0.18827486 -0.10894293 0.28525001
0.1912718 -0.10922936 0.28600001
0.19326556 -0.10894293 0.28525001
0.19507463 -0.10856101 0.28425002
-0 -0 0
-0 -0 0
-0 -0 0
-0 -0 0
-0 -0 0
-0 -0 0
-0 -0 0
-0 -0 0
-0 -0 0
-0 -0 0
-0 -0 0
-0 -0 0
-0 -0 0
-0 -0 0
-0 -0 0
-0 -0 0
-0 -0 0
-0 -0 0
-0 -0 0
-0 -0 0
-0 -0 0
-0 -0 0
-0 -0 0
-0 -0 0
-0 -0 0
-0 -0 0
-0 -0 0
-0 -0 0
-0 -0 0
-0 -0 0
-0 -0 0
-0 -0 0
-0 -0 0
-0 -0 0
-0 -0 0
-0 -0 0
-0 -0 0
-0 -0 0
-0.12748659 -0.12781402 0.34250003
-0.12485387 -0.12818721 0.34350002
-0.122115 -0.1284671 0.34425002
-0.11901702 -0.12837379 0.34400001
-0.11583912 -0.12818721 0.34350002
-0.11275207 -0.1280939 0.34325001
-0.10982927 -0.12818721 0.34350002
-0.10674659 -0.1280939 0.34325001
-0.1035172 -0.12781402 0.34250003
-0.10030089 -0.12753414 0.34175003
-0.097168908 -0.12734754 0.34125
-0.093907684 -0.12697437 0.34025002
-0.090663947 -0.12660119 0.33925003
-0.087502331 -0.1263213 0.33850002
-0.084353827 -0.12604143 0.33775002
-0.079471171 -0.12305598 0.32975
-0.075715572 -0.12165656 0.32600001
-0.072863743 -0.12165656 0.32600001
-0.070226669 -0.12202974 0.32700002
-0.067623608 -0.12249622 0.32825002
-0.065639786 -0.12417553 0.33275002
-0.063011676 -0.12473529 0.33425
-0.060177561 -0.12492189 0.33475003
-0.057206426 -0.12482858 0.33450001
-0.054199103 -0.124642 0.33400002
-0.051238909 -0.1245487 0.33375001
-0.048246894 -0.12436211 0.33325002
-0.045161601 -0.12389564 0.33200002
-0.042130005 -0.12352246 0.33100003
-0.03917516 -0.12333587 0.33050001
-0.036283962 -0.12333587 0.33050001
-0.033291727 -0.12296269 0.32950002
-0.030293917 -0.12249622 0.32825002
-0.02740152 -0.12240291 0.32800001
-0.024513494 -0.12230963 0.32775003
-0.021580307 -0.12193644 0.32675001
-0.018664617 -0.12156327 0.32575002
-0.01577856 -0.12128338 0.32500002
-0.012925525 -0.12119008 0.32475001
-0.010061339 -0.1209102 0.324
-0.0071991207 -0.12044372 0.32275
-0.0043689413 -0.12025713 0.32225001
-0.0014368871 -0.11148742 0.29875001
0.0011204424 -0.1061696 0.2845
0.003596548 -0.10579643 0.28350002
0.0060551576 -0.10542324 0.2825
0.008503817 -0.10514337 0.28175002
0.010968552 -0.10514337 0.28175002
0.013421367 -0.10505006 0.28150001
0.015898023 -0.10514337 0.28175002
0.018330168 -0.10495677 0.28125
0.020716608 -0.10458359 0.28025001
0.023147553 -0.1044903 0.28
0.025574127 -0.10439701 0.27975002
0.027921198 -0.10402382 0.27875
0.030278007 -0.10374394 0.27800003
0.032680519 -0.10365064 0.27775002
0.035110261 -0.10365064 0.27775002
0.037472427 -0.10346406 0.27725002
0.039789867 -0.10318417 0.27650002
0.04217051 -0.10309087 0.27625
0.044466078 -0.10281099 0.2755
0.046833605 -0.1027177 0.27525002
0.049152032 -0.10253111 0.27475002
0.051508617 -0.10243781 0.27450001
0.053860828 -0.10234451 0.27425
0.056054816 -0.10197134 0.27325001
0.05839172 -0.10187803 0.273
0.060612936 -0.10159816 0.27225003
0.062878869 -0.10141156 0.27175
0.065256126 -0.10141156 0.27175
0.067508943 -0.10122497 0.27125001
0.069688596 -0.10094509 0.2705
0.071921729 -0.1007585 0.27000001
0.074352466 -0.1008518 0.27025002
0.076787554 -0.10094509 0.2705
0.078934416 -0.1006652 0.26975
0.081218831 -0.10057192 0.26950002
0.083343819 -0.10029203 0.26875001
0.085455678 -0.10001214 0.26800001
0.087636329 -0.099825554 0.26750001
0.090649121 -0.10057192 0.26950002
0.094042026 -0.10169145 0.27250001
0.098548979 -0.10393053 0.27850002
0.10452067 -0.10756902 0.28825
0.1090847 -0.10962152 0.29375002
0.11307979 -0.11102094 0.29750001
0.11646 -0.1117673 0.29950002
0.11898062 -0.111674 0.29925001
0.12139527 -0.11148742 0.29875001
0.12348986 -0.11102094 0.29750001
0.12609236 -0.11102094 0.29750001
0.12858674 -0.11092764 0.29725
0.1309664 -0.11074106 0.29675001
0.13356236 -0.11074106 0.29675001
0.13592888 -0.11055446 0.29625002
0.13863738 -0.11064777 0.29650003
0.14158837 -0.11092764 0.29725
0.14394617 -0.11074106 0.29675001
0.1458014 -0.11018129 0.29525003
0.147756 -0.10971481 0.294
0.15020007 -0.10962152 0.29375002
0.15237974 -0.10934163 0.29300001
0.15494289 -0.10934163 0.29300001
0.15710285 -0.10906175 0.29225001
0.15911312 -0.10868857 0.29125002
0.16124469 -0.10840868 0.29050002
0.1630812 -0.10794221 0.28925002
0.16518213 -0.10766232 0.28850001
0.16814189 -0.10794221 0.28925002
0.17067224 -0.10794221 0.28925002
0.1729032 -0.10775562 0.28875002
0.17466973 -0.10728915 0.28750002
0.17656845 -0.10691597 0.28650001
0.17923102 -0.10700926 0.28675002
0.18173949 -0.10700926 0.28675002
0.18408732 -0.10691597 0.28650001
0.1857795 -0.10644948 0.28525001
0.18827486 -0.10644948 0.28525001
0.19077021 -0.10644948 0.28525001
0.1927574 -0.1061696 0.2845
0.19438834 -0.10570313 0.28325
-0 -0 0
-0 -0 0
-0 -0 0
-0 -0 0
-0 -0 0
-0 -0 0
-0 -0 0
-0 -0 0
-0 -0 0
-0 -0 0
-0 -0 0
-0 -0 0
-0 -0 0
-0 -0 0
-0 -0 0
-0 -0 0
-0 -0 0
-0 -0 0
-0 -0 0
-0 -0 0
-0 -0 0
-0 -0 0
-0 -0 0
-0 -0 0
-0 -0 0
-0 -0 0
-0 -0 0
-0 -0 0
-0 -0 0
-0 -0 0
-0 -0 0
-0 -0 0
-0 -0 0
-0 -0 0
-0 -0 0
-0 -0 0
-0 -0 0
-0.13067323 -0.12500237 0.34300002
-0.12767269 -0.12500237 0.34300002
-0.12485387 -0.1251846 0.34350002
-0.12220368 -0.12554902 0.34450001
-0.1192765 -0.12564014 0.34475002
-0.11609204 -0.12545793 0.34425002
-0.11291631 -0.1252757 0.34375003
-0.10982927 -0.1251846 0.34350002
-0.10666885 -0.12500237 0.34300002
-0.10359275 -0.12491126 0.34275001
-0.10044764 -0.12472904 0.34225002
-0.097382471 -0.12463793 0.34200001
-0.094045676 -0.12418238 0.34075001
-0.090530314 -0.12345351 0.33875
-0.087373078 -0.12318019 0.33800003
-0.082855314 -0.12090243 0.33175001
-0.078567401 -0.11880691 0.32600001
-0.075715572 -0.11880691 0.32600001
-0.072919622 -0.11889803 0.32625002
-0.070334055 -0.11935358 0.32750002
-0.068241641 -0.12072022 0.33125001
-0.066083625 -0.12208686 0.33500001
-0.063247323 -0.12226908 0.3355
-0.060267445 -0.12217797 0.33525002
-0.057249185 -0.12199576 0.33475003
-0.054199103 -0.12172243 0.33400002
-0.051238909 -0.12163132 0.33375001
-0.048246894 -0.1214491 0.33325002
-0.045161601 -0.12099355 0.33200002
-0.042161822 -0.12072022 0.33125001
-0.039204795 -0.120538 0.33075002
-0.03622907 -0.12026467 0.33000001
-0.03326647 -0.11999134 0.32925001
-0.030316988 -0.11971801 0.3285
-0.027422406 -0.11962691 0.32825002
-0.024532191 -0.1195358 0.32800001
-0.021563796 -0.11898914 0.32650003
-0.018635968 -0.1185336 0.32525003
-0.01577856 -0.11844248 0.32500002
-0.012915576 -0.11826026 0.32450002
-0.010045812 -0.11789582 0.32350001
-0.0071823918 -0.11734917 0.32200003
-0.0043282686 -0.11634696 0.31925002
-0.0013960049 -0.10577824 0.29025
0.0011174888 -0.1034094 0.28375003
0.003596548 -0.10331829 0.28350002
0.0060658753 -0.10313607 0.28300002
0.0085264528 -0.10295384 0.2825
0.010978284 -0.10277162 0.28200001
0.013421367 -0.10258941 0.28150001
0.015869807 -0.10249829 0.28125
0.018313875 -0.10240719 0.28100002
0.020735089 -0.10222498 0.28050002
0.023188889 -0.10222498 0.28050002
0.025574127 -0.10195164 0.27975002
0.027946241 -0.10167831 0.27900001
0.030305233 -0.10140499 0.27825001
0.032709938 -0.10131388 0.27800003
0.035110261 -0.10122277 0.27775002
0.037472427 -0.10104055 0.27725002
0.039789867 -0.10076722 0.27650002
0.042208675 -0.10076722 0.27650002
0.044425733 -0.10031167 0.27525002
0.046791065 -0.10022056 0.27500001
0.04906258 -0.099947229 0.27425
0.051367883 -0.09976501 0.27375001
0.053811733 -0.099856123 0.27400002
0.056054816 -0.099582791 0.27325001
0.058445193 -0.099582791 0.27325001
0.060668591 -0.099309459 0.27250001
0.062936716 -0.099127248 0.27200001
0.065196097 -0.098945029 0.27150002
0.067508943 -0.098853916 0.27125001
0.069817416 -0.09876281 0.27100003
0.072121516 -0.098671697 0.27075002
0.074421242 -0.098580584 0.2705
0.076716594 -0.098489478 0.27025002
0.078934416 -0.098307252 0.26975
0.081143491 -0.098125041 0.26925001
0.083343819 -0.097942822 0.26875001
0.085296251 -0.097487271 0.26750001
0.087554425 -0.097396158 0.26725
0.0899764 -0.097487271 0.26750001
0.09214393 -0.097305059 0.26700002
0.094214238 -0.097031727 0.26625001
0.09681534 -0.097305059 0.26700002
0.0998009 -0.097942822 0.26875001
0.10319719 -0.098945029 0.27150002
0.10858583 -0.10176942 0.27925003
0.11599865 -0.1063249 0.29175001
0.11926196 -0.10696267 0.29350001
0.12245212 -0.10750933 0.29500002
0.12556256 -0.10796488 0.29625002
0.12837045 -0.10814709 0.29675001
0.13085607 -0.10805599 0.29650003
0.13344984 -0.10805599 0.29650003
0.1361583 -0.10814709 0.29675001
0.13887116 -0.10823821 0.29700002
0.1414693 -0.10823821 0.29700002
0.14370364 -0.10796488 0.29625002
0.14555447 -0.10741822 0.29475001
0.14763036 -0.10705378 0.29375002
0.15007223 -0.10696267 0.29350001
0.15237974 -0.10678045 0.29300001
0.15481067 -0.10668933 0.29275
0.15710285 -0.10650712 0.29225001
0.15911312 -0.10614268 0.29125002
0.16138346 -0.10596047 0.29075003
0.16322216 -0.10550492 0.28950003
0.16532527 -0.10523159 0.28875002
0.16814189 -0.10541381 0.28925002
0.17067224 -0.10541381 0.28925002
0.17305288 -0.1053227 0.289
0.17466973 -0.10477605 0.28750002
0.17687659 -0.10459381 0.287
0.17938727 -0.10459381 0.287
0.18173949 -0.10450272 0.28675002
0.18424796 -0.10450272 0.28675002
0.18610513 -0.10413827 0.28575
0.18843988 -0.10404716 0.28550002
0.19077021 -0.10395605 0.28525001
0.19258803 -0.10359162 0.28425002
0.19438834 -0.10322718 0.28325
-0 -0 0
-0 -0 0
-0 -0 0
-0 -0 0
-0 -0 0
-0 -0 0
-0 -0 0
-0 -0 0
-0 -0 0
-0 -0 0
-0 -0 0
-0 -0 0
-0 -0 0
-0 -0 0
-0 -0 0
-0 -0 0
-0 -0 0
-0 -0 0
-0 -0 0
-0 -0 0
-0 -0 0
-0 -0 0
-0 -0 0
-0 -0 0
-0 -0 0
-0 -0 0
-0 -0 0
-0 -0 0
-0 -0 0
-0 -0 0
-0 -0 0
-0 -0 0
-0 -0 0
-0 -0 0
-0 -0 0
-0 -0 0
-0.13494037 -0.12316015 0.34625003
-0.13124467 -0.12253767 0.34450001
-0.1280449 -0.12235983 0.34400001
-0.12521735 -0.12253767 0.34450001
-0.12255841 -0.12289338 0.34550002
-0.11979548 -0.12316015 0.34625003
-0.11634497 -0.12271553 0.34500003
-0.11299843 -0.12235983 0.34400001
-0.10974933 -0.12209305 0.34325001
-0.10659111 -0.12191521 0.34275001
-0.10359275 -0.12191521 0.34275001
-0.10044764 -0.12173736 0.34225002
-0.097382471 -0.12164843 0.34200001
-0.094114684 -0.12129274 0.34100002
-0.09059713 -0.12058134 0.33900002
-0.086080573 -0.11844715 0.333
-0.081356801 -0.11586836 0.32575002
-0.078748159 -0.11622405 0.32675001
-0.076063961 -0.11649083 0.32750002
-0.073310755 -0.11666867 0.32800001
-0.071139403 -0.11782469 0.33125001
-0.069271706 -0.11960317 0.33625001
-0.066379525 -0.1196921 0.33650002
-0.063388705 -0.11960317 0.33625001
-0.060312383 -0.1193364 0.3355
-0.057249185 -0.11906963 0.33475003
-0.054158531 -0.11871393 0.33375001
-0.051238909 -0.11871393 0.33375001
-0.048283089 -0.11862501 0.33350003
-0.045093589 -0.11791362 0.33150002
-0.042193644 -0.11791362 0.33150002
-0.03917516 -0.11755791 0.33050001
-0.036174178 -0.11720222 0.32950002
-0.033241212 -0.11702437 0.32900003
-0.030316988 -0.11684652 0.3285
-0.02740152 -0.11666867 0.32800001
-0.024494795 -0.11649083 0.32750002
-0.021530773 -0.11595728 0.32600001
-0.018650291 -0.11577943 0.32550001
-0.01577856 -0.11560158 0.32500002
-0.012895674 -0.11524588 0.324
-0.010022521 -0.11480126 0.32275
-0.0071712388 -0.11435664 0.3215
-0.0042198072 -0.11071074 0.31125
-0.0013695518 -0.10128477 0.28475001
0.0011155196 -0.10075122 0.28325
0.0035933764 -0.10075122 0.28325
0.0060658753 -0.10066231 0.28300002
0.0085264528 -0.10048445 0.2825
0.010997749 -0.10048445 0.2825
0.013433288 -0.10021769 0.28175002
0.015855704 -0.09995091 0.28100002
0.018264996 -0.099684134 0.28025001
0.020698126 -0.099595204 0.28
0.023188889 -0.099773064 0.28050002
0.025528418 -0.099328443 0.27925003
0.027896158 -0.099061668 0.27850002
0.030305233 -0.098972738 0.27825001
0.032739349 -0.098972738 0.27825001
0.035078656 -0.098705962 0.2775
0.037438635 -0.098528117 0.27700001
0.039825842 -0.098439187 0.27675
0.042246837 -0.098439187 0.27675
0.044546783 -0.098172426 0.27600002
0.046791065 -0.097816721 0.27500001
0.049017858 -0.09746103 0.27400002
0.051367883 -0.0973721 0.27375001
0.053860828 -0.097549945 0.27425
0.056208674 -0.09746103 0.27400002
0.058498669 -0.097283185 0.27350003
0.060779911 -0.097105324 0.273
0.06299457 -0.096838556 0.27225003
0.065256126 -0.096660703 0.27175
0.067508943 -0.096482858 0.27125001
0.069688596 -0.096216083 0.2705
0.072054915 -0.096216083 0.2705
0.074490026 -0.096305013 0.27075002
0.07664562 -0.096038237 0.27000001
0.078788109 -0.095771462 0.26925001
0.081068151 -0.095682546 0.26900002
0.083343819 -0.095593616 0.26875001
0.085296251 -0.095148996 0.26750001
0.087554425 -0.095060065 0.26725
0.089892305 -0.095060065 0.26725
0.09214393 -0.09497115 0.26700002
0.094214238 -0.094704375 0.26625001
0.096452728 -0.094615445 0.266
0.098779678 -0.094615445 0.266
0.10091659 -0.094437599 0.26550001
0.10304474 -0.094259754 0.26500002
0.10566115 -0.094526529 0.26575002
0.10890019 -0.095326841 0.26800001
0.1121786 -0.096127167 0.27025002
0.11761557 -0.098705962 0.2775
0.12382828 -0.10181832 0.28625003
0.12887006 -0.10386358 0.29200003
0.13288723 -0.10501959 0.29525003
0.1361583 -0.10555314 0.29675001
0.13875426 -0.10555314 0.29675001
0.14123113 -0.10546421 0.29650003
0.14346109 -0.10519744 0.29575002
0.14543103 -0.10475282 0.29450002
0.14763036 -0.10448605 0.29375002
0.15007223 -0.10439712 0.29350001
0.15224971 -0.10413034 0.29275
0.15467848 -0.10404143 0.29250002
0.15683407 -0.10377465 0.29175001
0.15924969 -0.10368572 0.2915
0.16152221 -0.10350788 0.29100001
0.1633631 -0.10306326 0.28975001
0.16561155 -0.10288541 0.28925002
0.16799656 -0.10279648 0.289
0.17052472 -0.10279648 0.289
0.1729032 -0.10270756 0.28875002
0.17466973 -0.10226294 0.28750002
0.17687659 -0.10208508 0.287
0.17938727 -0.10208508 0.287
0.18173949 -0.10199617 0.28675002
0.18408732 -0.10190724 0.28650001
0.18626796 -0.10172939 0.28600001
0.18843988 -0.10155155 0.28550002
0.19060302 -0.10137369 0.28500003
0.19224927 -0.10092907 0.28375003
0.19421679 -0.10066231 0.28300002
-0 -0 0
-0 -0 0
-0 -0 0
-0 -0 0
-0 -0 0
-0 -0 0
-0 -0 0
-0 -0 0
-0 -0 0
-0 -0 0
-0 -0 0
-0 -0 0
-0 -0 0
-0 -0 0
-0 -0 0
-0 -0 0
-0 -0 0
-0 -0 0
-0 -0 0
-0 -0 0
-0 -0 0
-0 -0 0
-0 -0 0
-0 -0 0
-0 -0 0
-0 -0 0
-0 -0 0
-0 -0 0
-0 -0 0
-0 -0 0
-0 -0 0
-0 -0 0
-0 -0 0
-0 -0 0
-0 -0 0
-0 -0 0
-0.13503779 -0.12022023 0.34650001
-0.13181615 -0.12004676 0.34600002
-0.12841713 -0.11969981 0.34500003
-0.12530822 -0.11961306 0.34475002
-0.12255841 -0.11987328 0.34550002
-0.11962248 -0.11996001 0.34575
-0.11634497 -0.11969981 0.34500003
-0.11308055 -0.11943959 0.34425002
-0.10982927 -0.11917937 0.34350002
-0.10674659 -0.11909262 0.34325001
-0.10359275 -0.11891915 0.34275001
-0.10044764 -0.11874567 0.34225002
-0.097311288 -0.1185722 0.34175003
-0.093976684 -0.1181385 0.34050003
-0.09012945 -0.11701089 0.33725002
-0.084141821 -0.11293416 0.32550001
-0.08148168 -0.11319438 0.32625002
-0.07892891 -0.11362807 0.32750002
-0.076644599 -0.11449546 0.33000001
-0.074595928 -0.11579654 0.33375001
-0.072266899 -0.11675067 0.33650002
-0.069426216 -0.11692415 0.33700001
-0.066379525 -0.11675067 0.33650002
-0.06334158 -0.1165772 0.33600003
-0.060267445 -0.11631698 0.33525002
-0.057120919 -0.11588328 0.33400002
-0.054117966 -0.11570981 0.33350003
-0.051277291 -0.11588328 0.33400002
-0.048246894 -0.11562306 0.33325002
-0.045127593 -0.11510263 0.33175001
-0.042161822 -0.11492915 0.33125001
-0.039145529 -0.1145822 0.33025002
-0.03614673 -0.11423524 0.32925001
-0.03319069 -0.11397503 0.3285
-0.030270845 -0.11380155 0.32800001
-0.027359748 -0.11362807 0.32750002
-0.024457399 -0.1134546 0.32700002
-0.021530773 -0.11310764 0.32600001
-0.018650291 -0.11293416 0.32550001
-0.01577856 -0.11276069 0.32500002
-0.012895674 -0.11241372 0.324
-0.010022521 -0.11198003 0.32275
-0.0071712388 -0.11154633 0.3215
-0.0040401691 -0.10339287 0.29800001
-0.0013635397 -0.098362014 0.28350002
0.0011155196 -0.098275267 0.28325
0.003590205 -0.098188534 0.28300002
0.0060551576 -0.098015048 0.2825
0.0085189082 -0.097928315 0.28225002
0.010997749 -0.098015048 0.2825
0.013409447 -0.097581357 0.28125
0.015813382 -0.097234406 0.28025001
0.018281288 -0.097321145 0.28050002
0.020698126 -0.097147658 0.28
0.023168221 -0.097234406 0.28025001
0.025528418 -0.096887454 0.27925003
0.027871115 -0.096540488 0.27825001
0.030278007 -0.096453756 0.27800003
0.032709938 -0.096453756 0.27800003
0.035015453 -0.096106797 0.27700001
0.037371058 -0.095933318 0.27650002
0.039789867 -0.095933318 0.27650002
0.04217051 -0.095846578 0.27625
0.044546783 -0.095759846 0.27600002
0.046833605 -0.095499627 0.27525002
0.049017858 -0.095065929 0.27400002
0.051414795 -0.095065929 0.27400002
0.053860828 -0.095152661 0.27425
0.056157384 -0.094979189 0.27375001
0.058445193 -0.09480571 0.27325001
0.060779911 -0.09471897 0.273
0.063052408 -0.094545491 0.27250001
0.065256126 -0.094285272 0.27175
0.067446724 -0.094025068 0.27100003
0.069688596 -0.093851581 0.2705
0.072121516 -0.093938321 0.27075002
0.074627586 -0.0941118 0.27125001
0.076787554 -0.093851581 0.2705
0.078861266 -0.09350463 0.26950002
0.081068151 -0.093331151 0.26900002
0.083266288 -0.093157664 0.2685
0.085375965 -0.09289746 0.26775002
0.087554425 -0.092723973 0.26725
0.089892305 -0.092723973 0.26725
0.092230201 -0.092723973 0.26725
0.094302706 -0.092463762 0.26650003
0.096452728 -0.092290275 0.266
0.098686844 -0.092203543 0.26575002
0.10082157 -0.092030071 0.26525003
0.10285033 -0.091769852 0.26450002
0.10526355 -0.091856584 0.26475
0.10747799 -0.091769852 0.26450002
0.1094805 -0.091509633 0.26375002
0.11178777 -0.091509633 0.26375002
0.11431134 -0.091683105 0.26425001
0.11684365 -0.091856584 0.26475
0.12174765 -0.093851581 0.2705
0.12732579 -0.096280269 0.2775
0.13513051 -0.10027026 0.289
0.13837317 -0.1007907 0.29050002
0.14273348 -0.10209178 0.29425001
0.14530756 -0.10209178 0.29425001
0.147756 -0.10200504 0.294
0.14994441 -0.10174483 0.29325002
0.15237974 -0.10165809 0.29300001
0.15481067 -0.10157134 0.29275
0.15656529 -0.10105092 0.29125002
0.15911312 -0.10105092 0.29125002
0.16152221 -0.10096417 0.29100001
0.163645 -0.10070396 0.29025
0.16589782 -0.10053048 0.28975001
0.16814189 -0.100357 0.28925002
0.1702297 -0.10009678 0.28850001
0.17245409 -0.099923313 0.28800002
0.17436594 -0.099576354 0.287
0.17672253 -0.099489614 0.28675002
0.17923102 -0.099489614 0.28675002
0.18158104 -0.099402875 0.28650001
0.18376605 -0.099229403 0.28600001
0.18610513 -0.099142656 0.28575
0.18794484 -0.098795705 0.28475001
0.18993422 -0.098535486 0.28400001
0.19174112 -0.098188534 0.28300002
0.19387363 -0.098015048 0.2825
-0 -0 0
-0 -0 0
-0 -0 0
-0 -0 0
-0 -0 0
-0 -0 0
-0 -0 0
-0 -0 0
-0 -0 0
-0 -0 0
-0 -0 0
-0 -0 0
-0 -0 0
-0 -0 0
-0 -0 0
-0 -0 0
-0 -0 0
-0 -0 0
-0 -0 0
-0 -0 0
-0 -0 0
-0 -0 0
-0 -0 0
-0 -0 0
-0 -0 0
-0 -0 0
-0 -0 0
-0 -0 0
-0 -0 0
-0 -0 0
-0 -0 0
-0 -0 0
-0 -0 0
-0 -0 0
-0 -0 0
-0.13767049 -0.11685318 0.34550002
-0.13494037 -0.11710685 0.34625003
-0.13200663 -0.1171914 0.34650001
-0.12878935 -0.11702229 0.34600002
-0.12548995 -0.11676863 0.34525001
-0.12238105 -0.11668408 0.34500003
-0.119363 -0.11668408 0.34500003
-0.11617634 -0.11651497 0.34450001
-0.11308055 -0.11643042 0.34425002
-0.10982927 -0.11617675 0.34350002
-0.10674659 -0.1160922 0.34325001
-0.10344163 -0.11575399 0.34225002
-0.10022752 -0.11550032 0.34150001
-0.097168908 -0.11541577 0.34125
-0.093907684 -0.11507756 0.34025002
-0.087456957 -0.11068076 0.32725
-0.0843357 -0.11034255 0.32625002
-0.081731424 -0.11068076 0.32725
-0.079230167 -0.11118808 0.32875001
-0.077341363 -0.11262549 0.333
-0.075322337 -0.11397836 0.33700001
-0.072427966 -0.11406291 0.33725002
-0.069477722 -0.11406291 0.33725002
-0.066330209 -0.11372469 0.33625001
-0.063294448 -0.11355559 0.33575001
-0.060222499 -0.11330193 0.33500001
-0.057163671 -0.11304826 0.33425
-0.054117966 -0.11279461 0.33350003
-0.051200531 -0.11279461 0.33350003
-0.048138309 -0.11245639 0.33250001
-0.045093589 -0.11211818 0.33150002
-0.042161822 -0.11203362 0.33125001
-0.03917516 -0.11177996 0.33050001
-0.036174178 -0.11144175 0.32950002
-0.033165433 -0.11101898 0.32825002
-0.030247774 -0.11084987 0.32775003
-0.027359748 -0.11076532 0.32750002
-0.024476096 -0.11068076 0.32725
-0.021547284 -0.11034255 0.32625002
-0.018635968 -0.11000434 0.32525003
-0.015766423 -0.10983522 0.32475001
-0.012875774 -0.10941245 0.32350001
-0.010014758 -0.10907424 0.32250002
-0.0070987456 -0.10763682 0.31825
-0.0039283186 -0.09799771 0.28975001
-0.001367147 -0.096137531 0.28425002
0.0011174888 -0.095968433 0.28375003
0.0035933764 -0.095799312 0.28325
0.0060605165 -0.095630206 0.28275001
0.0085264528 -0.09554565 0.2825
0.010997749 -0.09554565 0.2825
0.013409447 -0.095122881 0.28125
0.01582749 -0.094869234 0.28050002
0.018264996 -0.09478467 0.28025001
0.020698126 -0.094700113 0.28
0.023147553 -0.094700113 0.28
0.025482707 -0.094277345 0.27875
0.027846076 -0.094023697 0.27800003
0.030278007 -0.094023697 0.27800003
0.032709938 -0.094023697 0.27800003
0.035078656 -0.093854576 0.2775
0.037404846 -0.093600914 0.27675
0.039789867 -0.093516372 0.27650002
0.042132348 -0.093347266 0.27600002
0.044506431 -0.09326271 0.27575001
0.046833605 -0.093093604 0.27525002
0.04906258 -0.092755377 0.27425
0.051414795 -0.092670836 0.27400002
0.053860828 -0.092755377 0.27425
0.056157384 -0.092586279 0.27375001
0.05839172 -0.092332609 0.273
0.060668591 -0.092163511 0.27250001
0.063052408 -0.092163511 0.27250001
0.065316163 -0.091994405 0.27200001
0.067571163 -0.091825299 0.27150002
0.069881819 -0.091740742 0.27125001
0.072054915 -0.09148708 0.2705
0.074352466 -0.091402531 0.27025002
0.07664562 -0.091317974 0.27000001
0.078934416 -0.091233417 0.26975
0.081143491 -0.091064312 0.26925001
0.083266288 -0.090810649 0.2685
0.085375965 -0.090556994 0.26775002
0.087636329 -0.090472437 0.26750001
0.089808226 -0.090303332 0.26700002
0.091971382 -0.090134226 0.26650003
0.094037309 -0.089880563 0.26575002
0.096271425 -0.089796007 0.26550001
0.098594002 -0.089796007 0.26550001
0.10072654 -0.089626901 0.26500002
0.10285033 -0.089457795 0.26450002
0.10516416 -0.089457795 0.26450002
0.1073764 -0.089373238 0.26425001
0.10937673 -0.089119576 0.26350001
0.1116818 -0.089119576 0.26350001
0.1137706 -0.08895047 0.26300001
0.11574031 -0.088696808 0.26225001
0.11780942 -0.088527702 0.26175001
0.12009919 -0.088527702 0.26175001
0.12262276 -0.088696808 0.26225001
0.12563141 -0.089204133 0.26375002
0.1309704 -0.091317974 0.27000001
0.13604836 -0.093178146 0.2755
0.14411236 -0.096983068 0.28675002
0.14802696 -0.097913161 0.28950003
0.15198968 -0.098843247 0.29225001
0.15414965 -0.098589584 0.2915
0.15589334 -0.098082267 0.29000002
0.1587034 -0.098251373 0.29050002
0.16138346 -0.098335929 0.29075003
0.163645 -0.098166816 0.29025
0.16589782 -0.09799771 0.28975001
0.16814189 -0.097828604 0.28925002
0.17037722 -0.097659498 0.28875002
0.17245409 -0.097405836 0.28800002
0.17451783 -0.097152174 0.28725001
0.17703067 -0.097152174 0.28725001
0.17923102 -0.096983068 0.28675002
0.18126415 -0.096729405 0.28600001
0.1836054 -0.096644849 0.28575
0.18594232 -0.096560299 0.28550002
0.18777983 -0.09622208 0.2845
0.18959984 -0.095883869 0.28350002
0.19191049 -0.095799312 0.28325
0.19421679 -0.095714763 0.28300002
-0 -0 0
-0 -0 0
-0 -0 0
-0 -0 0
-0 -0 0
-0 -0 0
-0 -0 0
-0 -0 0
-0 -0 0
-0 -0 0
-0 -0 0
-0 -0 0
-0 -0 0
-0 -0 0
-0 -0 0
-0 -0 0
-0 -0 0
-0 -0 0
-0 -0 0
-0 -0 0
-0 -0 0
-0 -0 0
-0 -0 0
-0 -0 0
-0 -0 0
-0 -0 0
-0 -0 0
-0 -0 0
-0 -0 0
-0 -0 0
-0 -0 0
-0 -0 0
-0 -0 0
-0 -0 0
-0.14048931 -0.11366835 0.34500003
-0.13796934 -0.1140802 0.34625003
-0.13513523 -0.11424493 0.34675002
-0.13210188 -0.11424493 0.34675002
-0.12878935 -0.11399782 0.34600002
-0.12539908 -0.11366835 0.34500003
-0.12238105 -0.11366835 0.34500003
-0.1192765 -0.11358599 0.34475002
-0.11592343 -0.11325651 0.34375003
-0.11275207 -0.11309177 0.34325001
-0.10966941 -0.11300941 0.34300002
-0.10666885 -0.11300941 0.34300002
-0.1035172 -0.11284468 0.34250003
-0.10022752 -0.1125152 0.34150001
-0.096670613 -0.11185624 0.33950001
-0.09142372 -0.10913809 0.33125001
-0.087791018 -0.10823204 0.3285
-0.08472345 -0.10798494 0.32775003
-0.082355805 -0.10864387 0.32975
-0.080073684 -0.10946757 0.33225003
-0.078096204 -0.11078545 0.33625001
-0.075434089 -0.1111973 0.33750001
-0.072427966 -0.11111493 0.33725002
-0.069374718 -0.1109502 0.33675003
-0.066231579 -0.11062072 0.33575001
-0.063200198 -0.11045598 0.33525002
-0.060177561 -0.11029125 0.33475003
-0.057206426 -0.11020888 0.33450001
-0.054199103 -0.11004414 0.33400002
-0.051162146 -0.10979704 0.33325002
-0.048102118 -0.10946757 0.33225003
-0.045093589 -0.10922046 0.33150002
-0.042161822 -0.10913809 0.33125001
-0.03917516 -0.10889098 0.33050001
-0.03614673 -0.10847914 0.32925001
-0.033165433 -0.10814967 0.32825002
-0.030247774 -0.10798494 0.32775003
-0.027317978 -0.10773783 0.32700002
-0.0244387 -0.10765546 0.32675001
-0.021547284 -0.10749073 0.32625002
-0.018635968 -0.10716125 0.32525003
-0.01573001 -0.1067494 0.324
-0.012865824 -0.10650231 0.32325003
-0.010022521 -0.10633756 0.32275
-0.0069593359 -0.10279572 0.31200001
-0.0038639202 -0.093899943 0.28500003
-0.0013683493 -0.093735203 0.2845
0.0011184732 -0.093570471 0.28400001
0.003596548 -0.093405731 0.28350002
0.0060658753 -0.093240999 0.28300002
0.0085264528 -0.093076251 0.2825
0.010978284 -0.092911519 0.28200001
0.013397529 -0.092582047 0.28100002
0.01582749 -0.092417315 0.28050002
0.018264996 -0.092334941 0.28025001
0.020716608 -0.092334941 0.28025001
0.023147553 -0.092252567 0.28
0.025528418 -0.092005476 0.27925003
0.027896158 -0.09175837 0.27850002
0.030305233 -0.091675997 0.27825001
0.032739349 -0.091675997 0.27825001
0.035173465 -0.091675997 0.27825001
0.037573796 -0.091593631 0.27800003
0.039897796 -0.091346525 0.27725002
0.042208675 -0.091099419 0.27650002
0.044546783 -0.090934686 0.27600002
0.04687614 -0.090769939 0.2755
0.049107306 -0.090440467 0.27450001
0.051367883 -0.090193361 0.27375001
0.053860828 -0.090358101 0.27425
0.056208674 -0.090275735 0.27400002
0.058338251 -0.089863896 0.27275002
0.060557276 -0.08961679 0.27200001
0.062936716 -0.08961679 0.27200001
0.065316163 -0.08961679 0.27200001
0.067695603 -0.08961679 0.27200001
0.069946229 -0.089452051 0.27150002
0.071988329 -0.089040212 0.27025002
0.074146122 -0.088793106 0.26950002
0.076503687 -0.088793106 0.26950002
0.078788109 -0.088710733 0.26925001
0.081068151 -0.088628367 0.26900002
0.083266288 -0.088463627 0.2685
0.085375965 -0.088216528 0.26775002
0.087472528 -0.087969422 0.26700002
0.089808226 -0.087969422 0.26700002
0.091971382 -0.08780469 0.26650003
0.09412577 -0.087639943 0.266
0.096362084 -0.087557584 0.26575002
0.098686844 -0.087557584 0.26575002
0.10082157 -0.087392844 0.26525003
0.10314196 -0.087392844 0.26525003
0.10536295 -0.087310471 0.26500002
0.10747799 -0.087145738 0.26450002
0.10958427 -0.086980991 0.264
0.1116818 -0.086816259 0.26350001
0.1137706 -0.086651526 0.26300001
0.11596097 -0.086569153 0.26275
0.11792195 -0.086322054 0.26200002
0.11986978 -0.086074948 0.26125002
0.12215519 -0.086074948 0.26125002
0.12420242 -0.085910216 0.26075003
0.12587711 -0.08549837 0.25950003
0.12827066 -0.085580736 0.25975001
0.13104551 -0.085910216 0.26075003
0.13434915 -0.086569153 0.26275
0.14106826 -0.089369677 0.27125001
0.14489539 -0.090275735 0.27400002
0.15132405 -0.092746787 0.28150001
0.1581571 -0.095382579 0.28950003
0.16110592 -0.095629677 0.29025
0.16322216 -0.095382579 0.28950003
0.16546839 -0.095217831 0.289
0.16814189 -0.095300205 0.28925002
0.17052472 -0.095217831 0.289
0.17245409 -0.094888367 0.28800002
0.1748216 -0.094805993 0.28775001
0.17718475 -0.094723627 0.28750002
0.1789185 -0.094311789 0.28625003
0.18110569 -0.094147041 0.28575
0.1836054 -0.094147041 0.28575
0.18594232 -0.094064683 0.28550002
0.18777983 -0.093735203 0.2845
0.18943264 -0.093323357 0.28325
0.19191049 -0.093323357 0.28325
0.19421679 -0.093240999 0.28300002
-0 -0 0
-0 -0 0
-0 -0 0
-0 -0 0
-0 -0 0
-0 -0 0
-0 -0 0
-0 -0 0
-0 -0 0
-0 -0 0
-0 -0 0
-0 -0 0
-0 -0 0
-0 -0 0
-0 -0 0
-0 -0 0
-0 -0 0
-0 -0 0
-0 -0 0
-0 -0 0
-0 -0 0
-0 -0 0
-0 -0 0
-0 -0 0
-0 -0 0
-0 -0 0
-0 -0 0
-0 -0 0
-0 -0 0
-0 -0 0
-0 -0 0
-0 -0 0
-0 -0 0
-0.14319538 -0.11041208 0.34425002
-0.14099833 -0.11105355 0.34625003
-0.13856705 -0.11153464 0.34775001
-0.13542752 -0.11145446 0.34750003
-0.13219711 -0.11129408 0.347
-0.12888242 -0.11105355 0.34625003
-0.12558082 -0.11081299 0.34550002
-0.12246972 -0.11073281 0.34525001
-0.119363 -0.11065263 0.34500003
-0.11592343 -0.11025172 0.34375003
-0.11266994 -0.11001117 0.34300002
-0.10974933 -0.11009134 0.34325001
-0.10674659 -0.11009134 0.34325001
-0.10359275 -0.10993098 0.34275001
-0.10037426 -0.10969043 0.34200001
-0.095958747 -0.10808676 0.33700001
-0.09142372 -0.10624256 0.33125001
-0.088258706 -0.10592183 0.33025002
-0.085434325 -0.106002 0.33050001
-0.082980193 -0.10656329 0.33225003
-0.080736443 -0.1074453 0.33500001
-0.078386523 -0.10824713 0.33750001
-0.075434089 -0.10824713 0.33750001
-0.072427966 -0.10816696 0.33725002
-0.069374718 -0.10800659 0.33675003
-0.066182256 -0.10760567 0.3355
-0.063153066 -0.1074453 0.33500001
-0.060177561 -0.10736512 0.33475003
-0.057206426 -0.10728494 0.33450001
-0.054239668 -0.10720475 0.33425
-0.051200531 -0.10696421 0.33350003
-0.048138309 -0.10664348 0.33250001
-0.045127593 -0.10640292 0.33175001
-0.042130005 -0.10616238 0.33100003
-0.03908626 -0.10576145 0.32975
-0.036091838 -0.10544073 0.32875001
-0.03319069 -0.10536054 0.3285
-0.030293917 -0.10528036 0.32825002
-0.027276209 -0.10471909 0.32650003
-0.024401303 -0.1046389 0.32625002
-0.021514263 -0.10447853 0.32575002
-0.018607318 -0.1041578 0.32475001
-0.01573001 -0.10391724 0.324
-0.012885724 -0.10383707 0.32375002
-0.010045812 -0.10375688 0.32350001
-0.006719551 -0.096620589 0.30125001
-0.0038571411 -0.091248319 0.2845
-0.001367147 -0.091168143 0.28425002
0.0011194579 -0.091168143 0.28425002
0.003596548 -0.090927593 0.28350002
0.0060658753 -0.090767227 0.28300002
0.0085264528 -0.090606853 0.2825
0.010968552 -0.090366311 0.28175002
0.013397529 -0.090125762 0.28100002
0.015841596 -0.090045579 0.28075001
0.018281288 -0.089965403 0.28050002
0.020698126 -0.089805029 0.28
0.023147553 -0.089805029 0.28
0.025574127 -0.089724846 0.27975002
0.027921198 -0.089404114 0.27875
0.030278007 -0.089163572 0.27800003
0.032709938 -0.089163572 0.27800003
0.035173465 -0.089243747 0.27825001
0.037573796 -0.089163572 0.27800003
0.039825842 -0.088762648 0.27675
0.04217051 -0.088602282 0.27625
0.044546783 -0.088522106 0.27600002
0.04687614 -0.088361733 0.2755
0.049107306 -0.088041 0.27450001
0.051414795 -0.087880641 0.27400002
0.053762633 -0.087800451 0.27375001
0.056157384 -0.087800451 0.27375001
0.058284774 -0.087399535 0.27250001
0.060557276 -0.087239176 0.27200001
0.062936716 -0.087239176 0.27200001
0.065256126 -0.087158985 0.27175
0.067633383 -0.087158985 0.27175
0.069817416 -0.086918443 0.27100003
0.071988329 -0.086677894 0.27025002
0.074283682 -0.086597711 0.27000001
0.076503687 -0.086437345 0.26950002
0.078788109 -0.086357154 0.26925001
0.081218831 -0.086437345 0.26950002
0.08349888 -0.086357154 0.26925001
0.0855354 -0.086036429 0.26825002
0.087554425 -0.085715689 0.26725
0.0899764 -0.085795879 0.26750001
0.092230201 -0.085715689 0.26725
0.09439116 -0.08555533 0.26675001
0.096634038 -0.085475147 0.26650003
0.098965362 -0.085475147 0.26650003
0.10101162 -0.085234597 0.26575002
0.10314196 -0.085074231 0.26525003
0.10536295 -0.084994048 0.26500002
0.10757957 -0.084913857 0.26475
0.10958427 -0.084673308 0.264
0.11157586 -0.084432766 0.26325002
0.11366245 -0.084272392 0.26275
0.11585065 -0.084192216 0.26250002
0.11803446 -0.084112033 0.26225001
0.11986978 -0.083791301 0.26125002
0.12203829 -0.083711118 0.26100001
0.12420242 -0.083630942 0.26075003
0.12599838 -0.083310202 0.25975001
0.12802374 -0.083149835 0.25925002
0.12991472 -0.082909286 0.25850001
0.13204822 -0.082829103 0.25825
0.13417739 -0.08274892 0.25800002
0.13630214 -0.082668737 0.25775
0.1388257 -0.082829103 0.25825
0.14231406 -0.083550751 0.26050001
0.14764573 -0.085314773 0.266
0.1587117 -0.090286128 0.28150001
0.16446643 -0.092130341 0.28725001
0.16828722 -0.092851989 0.28950003
0.17067224 -0.092771806 0.28925002
0.17245409 -0.09237089 0.28800002
0.1748216 -0.092290699 0.28775001
0.17703067 -0.092130341 0.28725001
0.1789185 -0.091809608 0.28625003
0.18142259 -0.091809608 0.28625003
0.18392669 -0.091809608 0.28625003
0.18610513 -0.091649234 0.28575
0.18777983 -0.091248319 0.2845
0.18909825 -0.090687044 0.28275001
0.19140235 -0.090606853 0.2825
0.19404522 -0.090687044 0.28275001
-0 -0 0
-0 -0 0
-0 -0 0
-0 -0 0
-0 -0 0
-0 -0 0
-0 -0 0
-0 -0 0
-0 -0 0
-0 -0 0
-0 -0 0
-0 -0 0
-0 -0 0
-0 -0 0
-0 -0 0
-0 -0 0
-0 -0 0
-0 -0 0
-0 -0 0
-0 -0 0
-0 -0 0
-0 -0 0
-0 -0 0
-0 -0 0
-0 -0 0
-0 -0 0
-0 -0 0
-0 -0 0
-0 -0 0
-0 -0 0
-0 -0 0
-0 -0 0
-0 -0 0
-0.14402731 -0.10802689 0.34625003
-0.14181274 -0.10865087 0.34825
-0.13876627 -0.10865087 0.34825
-0.13562238 -0.10857288 0.34800002
-0.13229236 -0.10833889 0.34725001
-0.12906852 -0.10818288 0.34675002
-0.12585343 -0.10802689 0.34625003
-0.12264709 -0.10787089 0.34575
-0.11953599 -0.1077929 0.34550002
-0.11609204 -0.10740291 0.34425002
-0.11283419 -0.10716891 0.34350002
-0.10982927 -0.10716891 0.34350002
-0.10674659 -0.10709091 0.34325001
-0.1035172 -0.10685693 0.34250003
-0.10015414 -0.10646693 0.34125
-0.095246889 -0.104361 0.33450001
-0.091561712 -0.10350302 0.33175001
-0.089060448 -0.103971 0.33325002
-0.086597577 -0.10451699 0.33500001
-0.083979197 -0.10490698 0.33625001
-0.081519708 -0.10553096 0.33825001
-0.078560717 -0.10553096 0.33825001
-0.075489968 -0.10537497 0.33775002
-0.072427966 -0.10521898 0.33725002
-0.069374718 -0.10506298 0.33675003
-0.066280894 -0.10482898 0.33600003
-0.063200198 -0.10459499 0.33525002
-0.060222499 -0.10451699 0.33500001
-0.057163671 -0.104283 0.33425
-0.054117966 -0.10404901 0.33350003
-0.051200531 -0.10404901 0.33350003
-0.048210695 -0.103893 0.333
-0.045161601 -0.10358102 0.33200002
-0.042161822 -0.10334703 0.33125001
-0.039115895 -0.10295703 0.33000001
-0.036091838 -0.10256705 0.32875001
-0.033215951 -0.10256705 0.32875001
-0.030270845 -0.10233305 0.32800001
-0.027255323 -0.10178707 0.32625002
-0.024382604 -0.10170907 0.32600001
-0.021464728 -0.10139708 0.32500002
-0.018578669 -0.10116309 0.32425001
-0.015766423 -0.10131908 0.32475001
-0.012925525 -0.10131908 0.32475001
-0.0099448878 -0.099915124 0.32025
-0.006485343 -0.090711392 0.29075003
-0.0038706991 -0.089073442 0.28550002
-0.0013683493 -0.088761441 0.2845
0.0011194579 -0.088683449 0.28425002
0.003596548 -0.088449456 0.28350002
0.0060658753 -0.088293463 0.28300002
0.0085264528 -0.088137455 0.2825
0.010978284 -0.087981462 0.28200001
0.013421367 -0.08782547 0.28150001
0.015869807 -0.08774747 0.28125
0.018297581 -0.087591477 0.28075001
0.020716608 -0.087435484 0.28025001
0.023168221 -0.087435484 0.28025001
0.025574127 -0.087279491 0.27975002
0.027896158 -0.086889498 0.27850002
0.030250777 -0.086655505 0.27775002
0.032680519 -0.086655505 0.27775002
0.035141867 -0.086733505 0.27800003
0.037506215 -0.086577505 0.2775
0.039753888 -0.086187519 0.27625
0.042132348 -0.086109526 0.27600002
0.044506431 -0.086031526 0.27575001
0.04687614 -0.085953519 0.2755
0.049196754 -0.085797526 0.27500001
0.051508617 -0.085641533 0.27450001
0.053860828 -0.085563533 0.27425
0.056259952 -0.085563533 0.27425
0.058445193 -0.085251547 0.27325001
0.060668591 -0.085017554 0.27250001
0.063052408 -0.085017554 0.27250001
0.065256126 -0.084783554 0.27175
0.067446724 -0.084549569 0.27100003
0.069688596 -0.084393568 0.2705
0.071988329 -0.084315576 0.27025002
0.074352466 -0.084315576 0.27025002
0.076574653 -0.084159575 0.26975
0.078861266 -0.084081583 0.26950002
0.081294172 -0.084159575 0.26975
0.083653934 -0.084159575 0.26975
0.085854262 -0.084003583 0.26925001
0.087882042 -0.08369159 0.26825002
0.090060495 -0.083535597 0.26775002
0.092230201 -0.083379596 0.26725
0.09439116 -0.083223604 0.26675001
0.096724682 -0.083223604 0.26675001
0.09887252 -0.083067611 0.26625001
0.10082157 -0.082755625 0.26525003
0.10314196 -0.082755625 0.26525003
0.10566115 -0.082911618 0.26575002
0.10768116 -0.082677625 0.26500002
0.10968804 -0.082443625 0.26425001
0.1116818 -0.082209632 0.26350001
0.1137706 -0.082053639 0.26300001
0.11585065 -0.081897646 0.26250002
0.11792195 -0.081741653 0.26200002
0.12009919 -0.081663653 0.26175001
0.12215519 -0.081507653 0.26125002
0.1243215 -0.081429653 0.26100001
0.12624091 -0.08119566 0.26025
0.12790027 -0.080805674 0.259
0.13004036 -0.080727682 0.25875002
0.13230389 -0.080727682 0.25875002
0.13443741 -0.080649681 0.25850001
0.13643435 -0.080493681 0.25800002
0.13828814 -0.080259688 0.25725001
0.14040196 -0.080181688 0.257
0.14251144 -0.080103695 0.25675002
0.146167 -0.080883674 0.25925002
0.1610311 -0.08774747 0.28125
0.16828722 -0.090321407 0.28950003
0.17067224 -0.090243407 0.28925002
0.17275348 -0.090009406 0.28850001
0.1748216 -0.089775413 0.28775001
0.17687659 -0.08954142 0.287
0.17876223 -0.089229435 0.28600001
0.18126415 -0.089229435 0.28600001
0.18392669 -0.089307435 0.28625003
0.18594232 -0.089073442 0.28550002
0.18761483 -0.088683449 0.28425002
0.18926546 -0.088293463 0.28300002
0.19140235 -0.088137455 0.2825
0.19387363 -0.088137455 0.2825
-0 -0 0
-0 -0 0
-0 -0 0
-0 -0 0
-0 -0 0
-0 -0 0
-0 -0 0
-0 -0 0
-0 -0 0
-0 -0 0
-0 -0 0
-0 -0 0
-0 -0 0
-0 -0 0
-0 -0 0
-0 -0 0
-0 -0 0
-0 -0 0
-0 -0 0
-0 -0 0
-0 -0 0
-0 -0 0
-0 -0 0
-0 -0 0
-0 -0 0
-0 -0 0
-0 -0 0
-0 -0 0
-0 -0 0
-0 -0 0
-0 -0 0
-0 -0 0
-0.14833042 -0.10590999 0.34925002
-0.14506721 -0.10575837 0.34875003
-0.14191456 -0.10568255 0.34850001
-0.13886589 -0.10568255 0.34850001
-0.13571981 -0.10560673 0.34825
-0.13248284 -0.10545512 0.34775001
-0.1293477 -0.10537931 0.34750003
-0.12585343 -0.10500024 0.34625003
-0.12264709 -0.10484861 0.34575
-0.11962248 -0.10484861 0.34575
-0.11617634 -0.10446955 0.34450001
-0.11275207 -0.10409049 0.34325001
-0.10974933 -0.10409049 0.34325001
-0.10666885 -0.10401468 0.34300002
-0.1035172 -0.10386306 0.34250003
-0.099934027 -0.10325655 0.34050003
-0.09496215 -0.10113381 0.33350003
-0.092182711 -0.10128544 0.33400002
-0.090329885 -0.10249843 0.33800003
-0.087308452 -0.10242262 0.33775002
-0.084478706 -0.10257424 0.33825001
-0.081579961 -0.10265005 0.33850002
-0.07861878 -0.10265005 0.33850002
-0.075545847 -0.10249843 0.33800003
-0.072481655 -0.1023468 0.33750001
-0.069374718 -0.10211937 0.33675003
-0.066231579 -0.10181612 0.33575001
-0.063200198 -0.10166449 0.33525002
-0.060222499 -0.10158867 0.33500001
-0.057206426 -0.10143705 0.33450001
-0.054158531 -0.10120962 0.33375001
-0.051162146 -0.10105799 0.33325002
-0.048210695 -0.10098217 0.333
-0.045195609 -0.10075475 0.33225003
-0.042193644 -0.10052731 0.33150002
-0.039145529 -0.10014825 0.33025002
-0.036119286 -0.099769183 0.32900003
-0.033165433 -0.099541746 0.32825002
-0.0302247 -0.09931431 0.32750002
-0.027234437 -0.098859429 0.32600001
-0.024326511 -0.098632 0.32525003
-0.021448215 -0.098480366 0.32475001
-0.018607318 -0.098480366 0.32475001
-0.015814973 -0.09878362 0.32575002
-0.012945428 -0.098632 0.32525003
-0.0096731698 -0.094462313 0.31150001
-0.0064072735 -0.0871085 0.28725001
-0.0038740882 -0.086653627 0.28575
-0.0013707542 -0.086426191 0.28500003
0.0011204424 -0.086274564 0.2845
0.003596548 -0.085971318 0.28350002
0.0060712332 -0.085895501 0.28325
0.0085339984 -0.085743874 0.28275001
0.010988017 -0.085592255 0.28225002
0.013421367 -0.085364819 0.28150001
0.015869807 -0.085289001 0.28125
0.018297581 -0.085137375 0.28075001
0.020698126 -0.084909938 0.28
0.023126887 -0.084834129 0.27975002
0.025551271 -0.084758312 0.27950001
0.027896158 -0.084455065 0.27850002
0.030278007 -0.084303446 0.27800003
0.032680519 -0.084227629 0.27775002
0.035110261 -0.084227629 0.27775002
0.037472427 -0.08407601 0.27725002
0.039753888 -0.083772749 0.27625
0.042132348 -0.083696947 0.27600002
0.044466078 -0.083545312 0.2755
0.046833605 -0.083469503 0.27525002
0.049196754 -0.083393693 0.27500001
0.051555529 -0.083317883 0.27475002
0.053909931 -0.083242066 0.27450001
0.056259952 -0.083166249 0.27425
0.058605611 -0.083090447 0.27400002
0.060779911 -0.082787186 0.273
0.063110255 -0.082711384 0.27275002
0.065256126 -0.08240813 0.27175
0.067446724 -0.082180701 0.27100003
0.069753006 -0.082104884 0.27075002
0.072054915 -0.082029067 0.2705
0.074558809 -0.082180701 0.27100003
0.076716594 -0.081953257 0.27025002
0.078861266 -0.081725821 0.26950002
0.081294172 -0.081801631 0.26975
0.083576411 -0.081725821 0.26950002
0.085774548 -0.081574194 0.26900002
0.087882042 -0.081346758 0.26825002
0.090144582 -0.081270941 0.26800001
0.09214393 -0.080967695 0.26700002
0.094214238 -0.080740258 0.26625001
0.096362084 -0.080588631 0.26575002
0.098594002 -0.080512822 0.26550001
0.10072654 -0.080361195 0.26500002
0.10333638 -0.080588631 0.26575002
0.10576054 -0.080664441 0.266
0.10768116 -0.080361195 0.26500002
0.10979182 -0.080209576 0.26450002
0.11189372 -0.080057941 0.264
0.1137706 -0.079754695 0.26300001
0.11585065 -0.079603069 0.26250002
0.11792195 -0.079451449 0.26200002
0.12009919 -0.079375632 0.26175001
0.12215519 -0.079224013 0.26125002
0.1243215 -0.079148196 0.26100001
0.12624091 -0.078920752 0.26025
0.12790027 -0.078541696 0.259
0.13016599 -0.078541696 0.259
0.13243172 -0.078541696 0.259
0.13456744 -0.078465886 0.25875002
0.13643435 -0.07823845 0.25800002
0.13815375 -0.077935189 0.257
0.14012881 -0.07778357 0.25650001
0.14237267 -0.07778357 0.25650001
0.14870413 -0.079982132 0.26375002
0.16389388 -0.086805254 0.28625003
0.16828722 -0.087790817 0.28950003
0.17081976 -0.087790817 0.28950003
0.17305288 -0.08763919 0.289
0.17512536 -0.087411746 0.28825
0.17687659 -0.087032683 0.287
0.17876223 -0.086729437 0.28600001
0.18110569 -0.086653627 0.28575
0.18376605 -0.086729437 0.28600001
0.18610513 -0.086653627 0.28575
0.18761483 -0.086198755 0.28425002
0.18943264 -0.085895501 0.28325
0.19191049 -0.085895501 0.28325
0.19404522 -0.085743874 0.28275001
-0 -0 0
-0 -0 0
-0 -0 0
-0 -0 0
-0 -0 0
-0 -0 0
-0 -0 0
-0 -0 0
-0 -0 0
-0 -0 0
-0 -0 0
-0 -0 0
-0 -0 0
-0 -0 0
-0 -0 0
-0 -0 0
-0 -0 0
-0 -0 0
-0 -0 0
-0 -0 0
-0 -0 0
-0 -0 0
-0 -0 0
-0 -0 0
-0 -0 0
-0 -0 0
-0 -0 0
-0 -0 0
-0 -0 0
-0 -0 0
-0 -0 0
-0.15171073 -0.10307801 0.35000002
-0.14854276 -0.10300438 0.34975001
-0.14537919 -0.10293075 0.34950003
-0.14201637 -0.10270987 0.34875003
-0.13876627 -0.10256261 0.34825
-0.13571981 -0.10256261 0.34825
-0.13248284 -0.10241536 0.34775001
-0.1293477 -0.10234174 0.34750003
-0.12603517 -0.10212085 0.34675002
-0.12264709 -0.10182634 0.34575
-0.11944949 -0.10167909 0.34525001
-0.11609204 -0.10138459 0.34425002
-0.11291631 -0.10123733 0.34375003
-0.10982927 -0.1011637 0.34350002
-0.10659111 -0.10094282 0.34275001
-0.10329051 -0.10064831 0.34175003
-0.099053547 -0.099396646 0.33750001
-0.095531628 -0.098807625 0.3355
-0.093562692 -0.099838413 0.33900002
-0.090931192 -0.10020655 0.34025002
-0.087825455 -0.10005929 0.33975002
-0.084728457 -0.09991204 0.33925003
-0.081700459 -0.099838413 0.33900002
-0.07861878 -0.09969116 0.33850002
-0.075545847 -0.099543907 0.33800003
-0.072481655 -0.099396646 0.33750001
-0.069374718 -0.099175774 0.33675003
-0.066182256 -0.098807625 0.3355
-0.063200198 -0.098734006 0.33525002
-0.060267445 -0.098734006 0.33525002
-0.057249185 -0.098586753 0.33475003
-0.054199103 -0.098365873 0.33400002
-0.051162146 -0.098144986 0.33325002
-0.048174504 -0.097997732 0.33275002
-0.045161601 -0.097776853 0.33200002
-0.042161822 -0.097555973 0.33125001
-0.039145529 -0.097261466 0.33025002
-0.03614673 -0.096966952 0.32925001
-0.033140171 -0.096598819 0.32800001
-0.030178556 -0.096304312 0.32700002
-0.027192667 -0.095862545 0.32550001
-0.024307812 -0.095715292 0.32500002
-0.021497751 -0.095862545 0.32550001
-0.018678939 -0.096009798 0.32600001
-0.015851384 -0.096157059 0.32650003
-0.012955377 -0.095862545 0.32550001
-0.0092539471 -0.087763555 0.29800001
-0.0063849678 -0.084303088 0.28625003
-0.0038740882 -0.084155828 0.28575
-0.0013707542 -0.083934955 0.28500003
0.0011204424 -0.083787687 0.2845
0.0035997198 -0.083566815 0.28375003
0.0060712332 -0.083419554 0.28325
0.0085339984 -0.083272301 0.28275001
0.010978284 -0.083051421 0.28200001
0.013397529 -0.082756914 0.28100002
0.01582749 -0.082609661 0.28050002
0.018248701 -0.0824624 0.28
0.020624205 -0.082167894 0.27900001
0.023085553 -0.082241528 0.27925003
0.025551271 -0.082315147 0.27950001
0.027946241 -0.082167894 0.27900001
0.030359689 -0.082094267 0.27875
0.032709938 -0.081873395 0.27800003
0.035110261 -0.08179976 0.27775002
0.037438635 -0.081578881 0.27700001
0.039717916 -0.081284374 0.27600002
0.042094182 -0.08121074 0.27575001
0.044425733 -0.081063494 0.27525002
0.046833605 -0.081063494 0.27525002
0.049196754 -0.08098986 0.27500001
0.051555529 -0.080916241 0.27475002
0.053860828 -0.08076898 0.27425
0.056157384 -0.080621727 0.27375001
0.058445193 -0.080474474 0.27325001
0.060779911 -0.080400839 0.273
0.063110255 -0.08032722 0.27275002
0.065316163 -0.08010634 0.27200001
0.067446724 -0.079811834 0.27100003
0.069881819 -0.079885453 0.27125001
0.072254702 -0.079885453 0.27125001
0.074627586 -0.079885453 0.27125001
0.076858528 -0.0797382 0.27075002
0.079007573 -0.07951732 0.27000001
0.081218831 -0.079370067 0.26950002
0.08349888 -0.079296432 0.26925001
0.0855354 -0.079001933 0.26825002
0.08780013 -0.078928299 0.26800001
0.090060495 -0.07885468 0.26775002
0.09214393 -0.078633793 0.26700002
0.094214238 -0.078412913 0.26625001
0.096362084 -0.07826566 0.26575002
0.098501176 -0.078118406 0.26525003
0.10091659 -0.078192033 0.26550001
0.10323916 -0.078192033 0.26550001
0.10546236 -0.078118406 0.26525003
0.10757957 -0.077971146 0.26475
0.10989559 -0.077971146 0.26475
0.11178777 -0.077676639 0.26375002
0.11387876 -0.077529393 0.26325002
0.11607131 -0.077455759 0.26300001
0.11792195 -0.077161252 0.26200002
0.11998449 -0.077013992 0.2615
0.12203829 -0.076866738 0.26100001
0.1243215 -0.076866738 0.26100001
0.12636219 -0.076719485 0.26050001
0.1281472 -0.076424986 0.25950003
0.13029164 -0.076351352 0.25925002
0.13268737 -0.076424986 0.25950003
0.13456744 -0.076204099 0.25875002
0.13643435 -0.075983219 0.25800002
0.13842253 -0.075835966 0.25750002
0.14067513 -0.075835966 0.25750002
0.14251144 -0.075615086 0.25675002
0.154906 -0.080916241 0.27475002
0.16546839 -0.085112981 0.289
0.16843253 -0.085333861 0.28975001
0.17081976 -0.085260242 0.28950003
0.17305288 -0.085112981 0.289
0.1748216 -0.084744841 0.28775001
0.17672253 -0.084450342 0.28675002
0.17876223 -0.084229454 0.28600001
0.18110569 -0.084155828 0.28575
0.18344478 -0.084082201 0.28550002
0.1857795 -0.084008574 0.28525001
0.18761483 -0.083714068 0.28425002
0.18976705 -0.083566815 0.28375003
0.19224927 -0.083566815 0.28375003
0.19421679 -0.083345935 0.28300002
-0 -0 0
-0 -0 0
-0 -0 0
-0 -0 0
-0 -0 0
-0 -0 0
-0 -0 0
-0 -0 0
-0 -0 0
-0 -0 0
-0 -0 0
-0 -0 0
-0 -0 0
-0 -0 0
-0 -0 0
-0 -0 0
-0 -0 0
-0 -0 0
-0 -0 0
-0 -0 0
-0 -0 0
-0 -0 0
-0 -0 0
-0 -0 0
-0 -0 0
-0 -0 0
-0 -0 0
-0 -0 0
-0 -0 0
-0 -0 0
-0.15521471 -0.10030434 0.35100001
-0.15214418 -0.10030434 0.35100001
-0.14896749 -0.10023291 0.35075003
-0.14558716 -0.10001858 0.35000002
-0.14201637 -0.099661373 0.34875003
-0.13876627 -0.099518478 0.34825
-0.13571981 -0.099518478 0.34825
-0.13238761 -0.099304162 0.34750003
-0.12925464 -0.099232718 0.34725001
-0.12603517 -0.099089831 0.34675002
-0.12255841 -0.098732628 0.34550002
-0.1192765 -0.098518297 0.34475002
-0.11609204 -0.098375417 0.34425002
-0.11291631 -0.098232538 0.34375003
-0.10982927 -0.098161086 0.34350002
-0.10651336 -0.097875327 0.34250003
-0.10208155 -0.096517928 0.33775002
-0.09868668 -0.096089274 0.33625001
-0.09652824 -0.096875139 0.33900002
-0.094252676 -0.097589552 0.34150001
-0.091064811 -0.097375229 0.34075001
-0.087890074 -0.097160898 0.34
-0.084790893 -0.097018018 0.33950001
-0.081640206 -0.096803688 0.33875
-0.07861878 -0.096732251 0.33850002
-0.075489968 -0.096517928 0.33775002
-0.072481655 -0.096446484 0.33750001
-0.069426216 -0.096303597 0.33700001
-0.066231579 -0.095946394 0.33575001
-0.063200198 -0.095803507 0.33525002
-0.060267445 -0.095803507 0.33525002
-0.057163671 -0.09551774 0.33425
-0.054117966 -0.095303416 0.33350003
-0.051123764 -0.095160529 0.333
-0.048138309 -0.095017649 0.33250001
-0.04505958 -0.094660439 0.33125001
-0.042098183 -0.094517559 0.33075002
-0.039115895 -0.094303228 0.33000001
-0.03614673 -0.094088905 0.32925001
-0.033165433 -0.093803138 0.32825002
-0.030155484 -0.093374483 0.32675001
-0.027213553 -0.093088716 0.32575002
-0.024382604 -0.09316016 0.32600001
-0.021563796 -0.093303047 0.32650003
-0.01870759 -0.093303047 0.32650003
-0.015851384 -0.093303047 0.32650003
-0.012796171 -0.091874205 0.3215
-0.0090055196 -0.08287254 0.29000002
-0.0063738148 -0.081658021 0.28575
-0.0038706991 -0.081586584 0.28550002
-0.0013695518 -0.081372254 0.28475001
0.0011194579 -0.081229374 0.28425002
0.003596548 -0.08101505 0.28350002
0.0060712332 -0.080943599 0.28325
0.0085339984 -0.08080072 0.28275001
0.010978284 -0.080586396 0.28200001
0.013385609 -0.080229186 0.28075001
0.015813382 -0.080086306 0.28025001
0.018264996 -0.080086306 0.28025001
0.020679647 -0.079943419 0.27975002
0.023126887 -0.079943419 0.27975002
0.025574127 -0.079943419 0.27975002
0.027996322 -0.079871975 0.27950001
0.030386919 -0.079729095 0.27900001
0.032739349 -0.079514764 0.27825001
0.035078656 -0.079300441 0.2775
0.037438635 -0.079157561 0.27700001
0.039789867 -0.079014674 0.27650002
0.04217051 -0.07894323 0.27625
0.044546783 -0.078871794 0.27600002
0.04687614 -0.078728907 0.2755
0.049152032 -0.078514583 0.27475002
0.051508617 -0.07844314 0.27450001
0.053860828 -0.078371696 0.27425
0.056106102 -0.07815738 0.27350003
0.058338251 -0.077943049 0.27275002
0.060668591 -0.077871606 0.27250001
0.063110255 -0.077943049 0.27275002
0.065376192 -0.07780017 0.27225003
0.067384504 -0.077371515 0.27075002
0.069753006 -0.077371515 0.27075002
0.072188109 -0.077442959 0.27100003
0.074490026 -0.077371515 0.27075002
0.076787554 -0.077300072 0.2705
0.078934416 -0.077085741 0.26975
0.081068151 -0.076871425 0.26900002
0.083343819 -0.076799981 0.26875001
0.085455678 -0.07658565 0.26800001
0.08780013 -0.07658565 0.26800001
0.0899764 -0.076442771 0.26750001
0.09214393 -0.076299883 0.26700002
0.09439116 -0.07622844 0.26675001
0.096452728 -0.076014116 0.266
0.098686844 -0.07594268 0.26575002
0.10110664 -0.076014116 0.266
0.10333638 -0.07594268 0.26575002
0.10536295 -0.075728349 0.26500002
0.10757957 -0.075656906 0.26475
0.10979182 -0.07558547 0.26450002
0.11178777 -0.075371139 0.26375002
0.11409505 -0.075371139 0.26375002
0.11629198 -0.075299695 0.26350001
0.1182595 -0.075085372 0.26275
0.12021391 -0.074871048 0.26200002
0.12227207 -0.074728161 0.2615
0.12444059 -0.074656725 0.26125002
0.12636219 -0.074442394 0.26050001
0.1281472 -0.074156635 0.25950003
0.13016599 -0.074013747 0.259
0.13243172 -0.074013747 0.259
0.13456744 -0.073942304 0.25875002
0.13643435 -0.07372798 0.25800002
0.13855691 -0.073656537 0.25775
0.14067513 -0.0735851 0.25750002
0.14362156 -0.073942304 0.25875002
0.1592755 -0.080729276 0.2825
0.16589782 -0.082801089 0.28975001
0.16843253 -0.082801089 0.28975001
0.17067224 -0.082658209 0.28925002
0.17275348 -0.082443886 0.28850001
0.17451783 -0.082086675 0.28725001
0.17672253 -0.081943795 0.28675002
0.17907475 -0.081872344 0.28650001
0.18142259 -0.081800908 0.28625003
0.18344478 -0.081586584 0.28550002
0.18561669 -0.081443705 0.28500003
0.18761483 -0.081229374 0.28425002
0.18976705 -0.081086494 0.28375003
0.19207989 -0.08101505 0.28350002
0.19404522 -0.08080072 0.28275001
-0 -0 0
-0 -0 0
-0 -0 0
-0 -0 0
-0 -0 0
-0 -0 0
-0 -0 0
-0 -0 0
-0 -0 0
-0 -0 0
-0 -0 0
-0 -0 0
-0 -0 0
-0 -0 0
-0 -0 0
-0 -0 0
-0 -0 0
-0 -0 0
-0 -0 0
-0 -0 0
-0 -0 0
-0 -0 0
-0 -0 0
-0 -0 0
-0 -0 0
-0 -0 0
-0 -0 0
-0 -0 0
-0 -0 0
-0.15794702 -0.097028397 0.35025001
-0.15532528 -0.097305432 0.35125002
-0.15225255 -0.097305432 0.35125002
-0.14917985 -0.097305432 0.35125002
-0.14569114 -0.097028397 0.35025001
-0.14211816 -0.096682116 0.34900001
-0.13906512 -0.096682116 0.34900001
-0.13591467 -0.096612863 0.34875003
-0.13257809 -0.096405096 0.34800002
-0.12925464 -0.096197322 0.34725001
-0.1259443 -0.095989555 0.34650001
-0.12264709 -0.095781781 0.34575
-0.119363 -0.095574021 0.34500003
-0.11617634 -0.0954355 0.34450001
-0.11299843 -0.095296986 0.34400001
-0.10974933 -0.09508922 0.34325001
-0.1054249 -0.093911856 0.33900002
-0.10140151 -0.09294226 0.3355
-0.099273667 -0.09370409 0.33825001
-0.097311288 -0.094673686 0.34175003
-0.094252676 -0.094604425 0.34150001
-0.091131628 -0.094465911 0.34100002
-0.087890074 -0.094188884 0.34
-0.084666021 -0.093911856 0.33900002
-0.081519708 -0.09370409 0.33825001
-0.078560717 -0.09370409 0.33825001
-0.075545847 -0.093634836 0.33800003
-0.072481655 -0.093496315 0.33750001
-0.069477722 -0.093427062 0.33725002
-0.066330209 -0.093150035 0.33625001
-0.063153066 -0.092803754 0.33500001
-0.060222499 -0.092803754 0.33500001
-0.057206426 -0.09266524 0.33450001
-0.054077398 -0.09231896 0.33325002
-0.051008623 -0.092041932 0.33225003
-0.048029725 -0.091903418 0.33175001
-0.044991568 -0.091626391 0.33075002
-0.04203454 -0.091487885 0.33025002
-0.039056629 -0.09128011 0.32950002
-0.03606439 -0.091003083 0.3285
-0.033089653 -0.090726055 0.32750002
-0.030109338 -0.090379775 0.32625002
-0.027234437 -0.090310514 0.32600001
-0.0244387 -0.090518288 0.32675001
-0.02161333 -0.090656795 0.32725
-0.018736238 -0.090587549 0.32700002
-0.01587566 -0.090587549 0.32700002
-0.012418057 -0.086432151 0.31200001
-0.0089045959 -0.079437241 0.28675002
-0.0063626622 -0.0790217 0.28525001
-0.0038639202 -0.078952454 0.28500003
-0.001367147 -0.07874468 0.28425002
0.0011174888 -0.078606166 0.28375003
0.003596548 -0.078536905 0.28350002
0.0060712332 -0.078467652 0.28325
0.0085339984 -0.078329138 0.28275001
0.010968552 -0.078052118 0.28175002
0.013385609 -0.077775083 0.28075001
0.015855704 -0.077844344 0.28100002
0.018281288 -0.07770583 0.28050002
0.020679647 -0.077498063 0.27975002
0.023106219 -0.077428803 0.27950001
0.025574127 -0.077498063 0.27975002
0.028021365 -0.077498063 0.27975002
0.030414149 -0.07735955 0.27925003
0.032768767 -0.077151783 0.27850002
0.035078656 -0.076874748 0.2775
0.037438635 -0.076736234 0.27700001
0.039789867 -0.076597728 0.27650002
0.042246837 -0.076666981 0.27675
0.044587132 -0.076528467 0.27625
0.04687614 -0.076320693 0.2755
0.049152032 -0.076112933 0.27475002
0.051461704 -0.075974412 0.27425
0.053811733 -0.075905159 0.27400002
0.056054816 -0.075697392 0.27325001
0.058338251 -0.075558878 0.27275002
0.060612936 -0.075420365 0.27225003
0.063052408 -0.075489618 0.27250001
0.065316163 -0.075351112 0.27200001
0.067446724 -0.075074084 0.27100003
0.069688596 -0.074935563 0.2705
0.071855135 -0.074727796 0.26975
0.074146122 -0.074658543 0.26950002
0.076503687 -0.074658543 0.26950002
0.078714959 -0.074520029 0.26900002
0.080917463 -0.074381515 0.2685
0.083188765 -0.074312262 0.26825002
0.085455678 -0.074243002 0.26800001
0.087718233 -0.074173748 0.26775002
0.089892305 -0.074035227 0.26725
0.092057653 -0.073896721 0.26675001
0.09412577 -0.073688947 0.266
0.096452728 -0.073688947 0.266
0.09887252 -0.073758207 0.26625001
0.10110664 -0.073688947 0.266
0.10333638 -0.073619694 0.26575002
0.10546236 -0.073481187 0.26525003
0.10757957 -0.073342666 0.26475
0.10968804 -0.073204152 0.26425001
0.11178777 -0.073065646 0.26375002
0.11398689 -0.072996385 0.26350001
0.11629198 -0.072996385 0.26350001
0.1182595 -0.072788611 0.26275
0.12021391 -0.072580852 0.26200002
0.12238897 -0.072511591 0.26175001
0.12444059 -0.072373077 0.26125002
0.12636219 -0.07216531 0.26050001
0.1281472 -0.071888283 0.25950003
0.13016599 -0.071749762 0.259
0.13243172 -0.071749762 0.259
0.13456744 -0.071680516 0.25875002
0.13630214 -0.071403481 0.25775
0.13815375 -0.071195714 0.257
0.14053854 -0.071264975 0.25725001
0.14806204 -0.073896721 0.26675001
0.1633631 -0.080268323 0.28975001
0.16647038 -0.080545351 0.29075003
0.16857786 -0.080337577 0.29000002
0.17067224 -0.08012981 0.28925002
0.17275348 -0.079922035 0.28850001
0.1748216 -0.079714268 0.28775001
0.17703067 -0.079575755 0.28725001
0.17938727 -0.079506494 0.287
0.18158104 -0.079367988 0.28650001
0.1836054 -0.079160213 0.28575
0.1857795 -0.0790217 0.28525001
0.18761483 -0.07874468 0.28425002
0.18943264 -0.078467652 0.28325
0.19174112 -0.078398399 0.28300002
0.19387363 -0.078259878 0.2825
-0 -0 0
-0 -0 0
-0 -0 0
-0 -0 0
-0 -0 0
-0 -0 0
-0 -0 0
-0 -0 0
-0 -0 0
-0 -0 0
-0 -0 0
-0 -0 0
-0 -0 0
-0 -0 0
-0 -0 0
-0 -0 0
-0 -0 0
-0 -0 0
-0 -0 0
-0 -0 0
-0 -0 0
-0 -0 0
-0 -0 0
-0 -0 0
-0 -0 0
-0 -0 0
-0 -0 0
-0 -0 0
-0.16124086 -0.09410093 0.35075003
-0.15828525 -0.094168 0.35100001
-0.15532528 -0.09423507 0.35125002
-0.15225255 -0.09423507 0.35125002
-0.14917985 -0.09423507 0.35125002
-0.14589913 -0.09410093 0.35075003
-0.14242357 -0.093832642 0.34975001
-0.13906512 -0.093631424 0.34900001
-0.13601209 -0.093631424 0.34900001
-0.13276857 -0.093497284 0.34850001
-0.1293477 -0.093229003 0.34750003
-0.12576257 -0.092826575 0.34600002
-0.12264709 -0.092759497 0.34575
-0.11953599 -0.092692435 0.34550002
-0.11617634 -0.092424147 0.34450001
-0.11299843 -0.092290007 0.34400001
-0.10902993 -0.09148515 0.34100002
-0.10433644 -0.090009578 0.3355
-0.10208155 -0.090613224 0.33775002
-0.10044764 -0.091820508 0.34225002
-0.097382471 -0.091753431 0.34200001
-0.094252676 -0.09161929 0.34150001
-0.091131628 -0.09148515 0.34100002
-0.0879547 -0.09128394 0.34025002
-0.084790893 -0.091082722 0.33950001
-0.081640206 -0.090881504 0.33875
-0.078560717 -0.090747364 0.33825001
-0.075545847 -0.090680301 0.33800003
-0.072427966 -0.090479083 0.33725002
-0.069426216 -0.090412013 0.33700001
-0.066379525 -0.090277873 0.33650002
-0.063153066 -0.089875437 0.33500001
-0.060222499 -0.089875437 0.33500001
-0.057249185 -0.089808375 0.33475003
-0.054158531 -0.089540087 0.33375001
-0.051047005 -0.089204729 0.33250001
-0.047993533 -0.088936448 0.33150002
-0.044991568 -0.08873523 0.33075002
-0.042002719 -0.08853402 0.33000001
-0.039026994 -0.088332802 0.32925001
-0.035982057 -0.087930381 0.32775003
-0.033039138 -0.087729163 0.32700002
-0.030132413 -0.087595023 0.32650003
-0.027297093 -0.087662086 0.32675001
-0.024476096 -0.087796234 0.32725
-0.021629842 -0.087863304 0.32750002
-0.018750561 -0.087796234 0.32725
-0.015839247 -0.087527946 0.32625002
-0.011860836 -0.079948902 0.29800001
-0.0088813053 -0.076729484 0.28600001
-0.0063570859 -0.076461203 0.28500003
-0.0038605307 -0.076394126 0.28475001
-0.0013683493 -0.076327048 0.2845
0.0011184732 -0.076192908 0.28400001
0.0035933764 -0.075991698 0.28325
0.0060658753 -0.075924627 0.28300002
0.0085264528 -0.07579048 0.2825
0.01095882 -0.075522199 0.28150001
0.013397529 -0.075388059 0.28100002
0.015883915 -0.075522199 0.28150001
0.018297581 -0.075320981 0.28075001
0.020698126 -0.075119771 0.28
0.023147553 -0.075119771 0.28
0.025574127 -0.075052701 0.27975002
0.027996322 -0.074985631 0.27950001
0.030386919 -0.074851491 0.27900001
0.032709938 -0.074583203 0.27800003
0.035047058 -0.074381992 0.27725002
0.037303481 -0.074046634 0.27600002
0.039753888 -0.074113704 0.27625
0.042208675 -0.074180774 0.27650002
0.044546783 -0.074046634 0.27600002
0.04687614 -0.073912486 0.2755
0.049196754 -0.073778346 0.27500001
0.051508617 -0.073644206 0.27450001
0.053762633 -0.073442988 0.27375001
0.056054816 -0.073308848 0.27325001
0.058338251 -0.073174708 0.27275002
0.060557276 -0.07297349 0.27200001
0.062936716 -0.07297349 0.27200001
0.065316163 -0.07297349 0.27200001
0.067695603 -0.07297349 0.27200001
0.069817416 -0.072705209 0.27100003
0.071921729 -0.072436921 0.27000001
0.074214898 -0.072369851 0.26975
0.07643272 -0.072235711 0.26925001
0.078714959 -0.072168641 0.26900002
0.080917463 -0.072034493 0.2685
0.083188765 -0.071967423 0.26825002
0.085455678 -0.071900353 0.26800001
0.087636329 -0.071766213 0.26750001
0.089808226 -0.071632072 0.26700002
0.091885097 -0.071430854 0.26625001
0.094037309 -0.071296714 0.26575002
0.096362084 -0.071296714 0.26575002
0.098779678 -0.071363784 0.266
0.10101162 -0.071296714 0.26575002
0.10333638 -0.071296714 0.26575002
0.10546236 -0.071162574 0.26525003
0.10747799 -0.070961356 0.26450002
0.10968804 -0.070894286 0.26425001
0.1116818 -0.070693068 0.26350001
0.11387876 -0.070626006 0.26325002
0.11607131 -0.070558928 0.26300001
0.11803446 -0.07035771 0.26225001
0.11998449 -0.0701565 0.2615
0.12215519 -0.07008943 0.26125002
0.12420242 -0.069955289 0.26075003
0.12611964 -0.069754079 0.26000002
0.12827066 -0.069687001 0.25975001
0.13029164 -0.069552861 0.25925002
0.13255955 -0.069552861 0.25925002
0.13469744 -0.069485784 0.259
0.13656655 -0.069284573 0.25825
0.13842253 -0.069083363 0.25750002
0.14067513 -0.069083363 0.25750002
0.15513903 -0.074985631 0.27950001
0.16406786 -0.078070901 0.29100001
0.1666135 -0.078070901 0.29100001
0.16886851 -0.077936761 0.29050002
0.17096727 -0.077735551 0.28975001
0.1729032 -0.07746727 0.28875002
0.17512536 -0.077333115 0.28825
0.17733881 -0.077198975 0.28775001
0.17969981 -0.077131912 0.28750002
0.18173949 -0.076930694 0.28675002
0.18376605 -0.076729484 0.28600001
0.1857795 -0.076528266 0.28525001
0.18744981 -0.076192908 0.28400001
0.18943264 -0.075991698 0.28325
0.19157173 -0.075857557 0.28275001
0.19404522 -0.075857557 0.28275001
-0 -0 0
-0 -0 0
-0 -0 0
-0 -0 0
-0 -0 0
-0 -0 0
-0 -0 0
-0 -0 0
-0 -0 0
-0 -0 0
-0 -0 0
-0 -0 0
-0 -0 0
-0 -0 0
-0 -0 0
-0 -0 0
-0 -0 0
-0 -0 0
-0 -0 0
-0 -0 0
-0 -0 0
-0 -0 0
-0 -0 0
-0 -0 0
-0 -0 0
-0 -0 0
-0 -0 0
-0.1644263 -0.091099828 0.35100001
-0.16181549 -0.091359377 0.35200003
-0.1587362 -0.091359377 0.35200003
-0.15554638 -0.091294482 0.35175002
-0.15225255 -0.091164716 0.35125002
-0.14907366 -0.091099828 0.35100001
-0.14569114 -0.090905167 0.35025001
-0.14221998 -0.090645626 0.34925002
-0.13886589 -0.090450965 0.34850001
-0.13581723 -0.090450965 0.34850001
-0.13248284 -0.090256311 0.34775001
-0.12906852 -0.08999677 0.34675002
-0.12558082 -0.089672342 0.34550002
-0.12255841 -0.089672342 0.34550002
-0.11953599 -0.089672342 0.34550002
-0.11617634 -0.089412794 0.34450001
-0.11250571 -0.088893712 0.34250003
-0.10767106 -0.087401338 0.33675003
-0.10495842 -0.087595984 0.33750001
-0.1035172 -0.088893712 0.34250003
-0.10059439 -0.088958591 0.34275001
-0.097311288 -0.08869905 0.34175003
-0.094183676 -0.088569276 0.34125
-0.090998001 -0.088374622 0.34050003
-0.0879547 -0.088309735 0.34025002
-0.084790893 -0.088115074 0.33950001
-0.081640206 -0.087920412 0.33875
-0.07861878 -0.087855533 0.33850002
-0.075545847 -0.087725766 0.33800003
-0.072427966 -0.087531105 0.33725002
-0.069426216 -0.087466218 0.33700001
-0.066330209 -0.087271556 0.33625001
-0.063153066 -0.086947128 0.33500001
-0.060087673 -0.086752467 0.33425
-0.057120919 -0.086687587 0.33400002
-0.054117966 -0.08655782 0.33350003
-0.051008623 -0.086233385 0.33225003
-0.047993533 -0.086038731 0.33150002
-0.044991568 -0.08584407 0.33075002
-0.041970897 -0.085584521 0.32975
-0.038938094 -0.085260093 0.3285
-0.035899717 -0.084870778 0.32700002
-0.033064395 -0.084935665 0.32725
-0.0302247 -0.085000552 0.32750002
-0.027359748 -0.085000552 0.32750002
-0.024513494 -0.085065439 0.32775003
-0.02161333 -0.084935665 0.32725
-0.018750561 -0.084935665 0.32725
-0.01564505 -0.083637945 0.32225001
-0.011562326 -0.075397439 0.29050002
-0.0088735418 -0.074164599 0.28575
-0.0063626622 -0.074034832 0.28525001
-0.0038639202 -0.073969953 0.28500003
-0.0013695518 -0.073905058 0.28475001
0.0011204424 -0.073840171 0.2845
0.003596548 -0.07358063 0.28350002
0.0060605165 -0.073385969 0.28275001
0.0085189082 -0.073256202 0.28225002
0.010978284 -0.073191315 0.28200001
0.013409447 -0.072996654 0.28125
0.015869807 -0.072996654 0.28125
0.018313875 -0.072931774 0.28100002
0.020735089 -0.072802 0.28050002
0.023147553 -0.072672226 0.28
0.025528418 -0.072477572 0.27925003
0.027946241 -0.072412685 0.27900001
0.030359689 -0.072347797 0.27875
0.032680519 -0.072088256 0.27775002
0.034952249 -0.071763828 0.27650002
0.037371058 -0.071763828 0.27650002
0.039825842 -0.071828708 0.27675
0.04217051 -0.071698934 0.27625
0.044466078 -0.07150428 0.2755
0.04674853 -0.071309626 0.27475002
0.049017858 -0.071114965 0.27400002
0.051367883 -0.071050078 0.27375001
0.053762633 -0.071050078 0.27375001
0.056106102 -0.070985198 0.27350003
0.058338251 -0.070790537 0.27275002
0.060668591 -0.07072565 0.27250001
0.06299457 -0.07066077 0.27225003
0.065316163 -0.070595875 0.27200001
0.067571163 -0.070466109 0.27150002
0.069817416 -0.070336342 0.27100003
0.072054915 -0.07020656 0.2705
0.074283682 -0.070076793 0.27000001
0.076503687 -0.069947019 0.26950002
0.078714959 -0.069817252 0.26900002
0.080992803 -0.069752358 0.26875001
0.083188765 -0.069622591 0.26825002
0.085455678 -0.069557704 0.26800001
0.087718233 -0.069492824 0.26775002
0.089724131 -0.069233276 0.26675001
0.09179882 -0.069038615 0.266
0.093948841 -0.06890884 0.26550001
0.096271425 -0.06890884 0.26550001
0.098779678 -0.069038615 0.266
0.10091659 -0.06890884 0.26550001
0.10323916 -0.06890884 0.26550001
0.10506476 -0.068584412 0.26425001
0.10707164 -0.068389758 0.26350001
0.1094805 -0.068454646 0.26375002
0.11157586 -0.068324871 0.26325002
0.11366245 -0.068195097 0.26275
0.11585065 -0.068130217 0.26250002
0.11780942 -0.067935556 0.26175001
0.11986978 -0.067805782 0.26125002
0.1219214 -0.067676015 0.26075003
0.12396425 -0.067546241 0.26025
0.12611964 -0.067481354 0.26000002
0.12839411 -0.067481354 0.26000002
0.13041729 -0.067351587 0.25950003
0.13243172 -0.067221805 0.259
0.13443741 -0.067092039 0.25850001
0.13656655 -0.067027152 0.25825
0.1388257 -0.067027152 0.25825
0.14313354 -0.068000443 0.26200002
0.15944074 -0.074553922 0.28725001
0.16463168 -0.075786754 0.29200003
0.16689979 -0.07565698 0.2915
0.16901384 -0.075462326 0.29075003
0.17096727 -0.075202778 0.28975001
0.1729032 -0.074943237 0.28875002
0.17512536 -0.074813455 0.28825
0.1774929 -0.074748576 0.28800002
0.17985605 -0.074683689 0.28775001
0.18173949 -0.074424148 0.28675002
0.18376605 -0.074229486 0.28600001
0.1857795 -0.074034832 0.28525001
0.18777983 -0.073840171 0.2845
0.18976705 -0.073645517 0.28375003
0.19191049 -0.073515743 0.28325
0.19421679 -0.073450863 0.28300002
-0 -0 0
-0 -0 0
-0 -0 0
-0 -0 0
-0 -0 0
-0 -0 0
-0 -0 0
-0 -0 0
-0 -0 0
-0 -0 0
-0 -0 0
-0 -0 0
-0 -0 0
-0 -0 0
-0 -0 0
-0 -0 0
-0 -0 0
-0 -0 0
-0 -0 0
-0 -0 0
-0 -0 0
-0 -0 0
-0 -0 0
-0 -0 0
-0 -0 0
-0 -0 0
-0.16761614 -0.088094361 0.35125002
-0.16489476 -0.088282458 0.35200003
-0.16216026 -0.088470556 0.35275
-0.15907441 -0.088470556 0.35275
-0.15576747 -0.088345155 0.35225001
-0.15225255 -0.088094361 0.35125002
-0.1488613 -0.087906256 0.35050002
-0.14558716 -0.087780856 0.35000002
-0.14221998 -0.087592751 0.34925002
-0.13886589 -0.087404646 0.34850001
-0.13542752 -0.087153852 0.34750003
-0.13200663 -0.086903043 0.34650001
-0.12888242 -0.086840346 0.34625003
-0.12576257 -0.086777642 0.34600002
-0.12264709 -0.086714938 0.34575
-0.11953599 -0.086652242 0.34550002
-0.11609204 -0.086338744 0.34425002
-0.1109454 -0.084708527 0.33775002
-0.10791086 -0.084645823 0.33750001
-0.10651336 -0.085899837 0.34250003
-0.10366831 -0.086025238 0.34300002
-0.10052101 -0.085899837 0.34250003
-0.097311288 -0.085711733 0.34175003
-0.094114684 -0.085523635 0.34100002
-0.090931192 -0.08533553 0.34025002
-0.087890074 -0.085272826 0.34
-0.084790893 -0.085147426 0.33950001
-0.081579961 -0.084896624 0.33850002
-0.078560717 -0.084833927 0.33825001
-0.075434089 -0.084645823 0.33750001
-0.072374277 -0.084520422 0.33700001
-0.069374718 -0.084457725 0.33675003
-0.066231579 -0.084206916 0.33575001
-0.063011676 -0.083830714 0.33425
-0.059952851 -0.083642617 0.33350003
-0.05699265 -0.083579913 0.33325002
-0.053996261 -0.083454512 0.33275002
-0.050893482 -0.083141014 0.33150002
-0.047848754 -0.082890205 0.33050001
-0.044923551 -0.082827508 0.33025002
-0.041811798 -0.082388595 0.3285
-0.038760297 -0.0820124 0.32700002
-0.035899717 -0.0820124 0.32700002
-0.033114914 -0.082200505 0.32775003
-0.030270845 -0.082263201 0.32800001
-0.02740152 -0.082263201 0.32800001
-0.024532191 -0.082263201 0.32800001
-0.021629842 -0.082137801 0.32750002
-0.018736238 -0.0820124 0.32700002
-0.015280928 -0.078940071 0.31475002
-0.011442922 -0.072105706 0.28750002
-0.0088813053 -0.071729496 0.28600001
-0.0063682385 -0.071604095 0.28550002
-0.0038639202 -0.071478702 0.28500003
-0.0013683493 -0.071353294 0.2845
0.0011194579 -0.071290597 0.28425002
0.0035933764 -0.071039788 0.28325
0.0060605165 -0.070914388 0.28275001
0.0085189082 -0.070788987 0.28225002
0.010978284 -0.070726283 0.28200001
0.013409447 -0.070538186 0.28125
0.015855704 -0.070475489 0.28100002
0.018297581 -0.070412785 0.28075001
0.020698126 -0.07022468 0.28
0.023085553 -0.070036583 0.27925003
0.025459854 -0.069848478 0.27850002
0.027821034 -0.06966038 0.27775002
0.030278007 -0.069723085 0.27800003
0.032592274 -0.069472276 0.27700001
0.034889046 -0.069221474 0.27600002
0.037371058 -0.069346875 0.27650002
0.039717916 -0.069221474 0.27600002
0.042017858 -0.069033369 0.27525002
0.044385381 -0.068970673 0.27500001
0.04662092 -0.068719871 0.27400002
0.04892841 -0.068594471 0.27350003
0.051274061 -0.068531767 0.27325001
0.053664438 -0.068531767 0.27325001
0.056054816 -0.068531767 0.27325001
0.058338251 -0.068406366 0.27275002
0.060724255 -0.068406366 0.27275002
0.063110255 -0.068406366 0.27275002
0.065436222 -0.068343662 0.27250001
0.067571163 -0.068092868 0.27150002
0.069688596 -0.067842059 0.2705
0.071988329 -0.067779362 0.27025002
0.074214898 -0.067653954 0.26975
0.07643272 -0.067528553 0.26925001
0.078641795 -0.067403153 0.26875001
0.080917463 -0.067340448 0.2685
0.083111234 -0.067215055 0.26800001
0.085296251 -0.067089655 0.26750001
0.087636329 -0.067089655 0.26750001
0.089808226 -0.066964254 0.26700002
0.091971382 -0.066838853 0.26650003
0.09412577 -0.066713445 0.266
0.096271425 -0.066588044 0.26550001
0.098686844 -0.066650748 0.26575002
0.10082157 -0.066525348 0.26525003
0.10314196 -0.066525348 0.26525003
0.10506476 -0.066274546 0.26425001
0.10707164 -0.066086441 0.26350001
0.1094805 -0.066149145 0.26375002
0.11157586 -0.066023745 0.26325002
0.1137706 -0.065961041 0.26300001
0.11596097 -0.065898336 0.26275
0.11803446 -0.065772936 0.26225001
0.11998449 -0.065584838 0.2615
0.1218045 -0.065334037 0.26050001
0.12384517 -0.065208636 0.26000002
0.12611964 -0.065208636 0.26000002
0.12839411 -0.065208636 0.26000002
0.13029164 -0.065020531 0.25925002
0.13230389 -0.064895131 0.25875002
0.13417739 -0.064707033 0.25800002
0.13630214 -0.064644329 0.25775
0.1388257 -0.06476973 0.25825
0.14723086 -0.067591257 0.26950002
0.16166098 -0.073046215 0.29125002
0.16463168 -0.073234312 0.29200003
0.16704293 -0.073171608 0.29175001
0.16915916 -0.072983511 0.29100001
0.17096727 -0.072670005 0.28975001
0.17305288 -0.0724819 0.289
0.17512536 -0.072293803 0.28825
0.17733881 -0.072168402 0.28775001
0.17954354 -0.072043002 0.28725001
0.18173949 -0.071917601 0.28675002
0.18376605 -0.071729496 0.28600001
0.18561669 -0.071478702 0.28500003
0.18810986 -0.071478702 0.28500003
0.19026862 -0.071353294 0.2845
0.19207989 -0.071102493 0.28350002
0.19438834 -0.071039788 0.28325
-0 -0 0
-0 -0 0
-0 -0 0
-0 -0 0
-0 -0 0
-0 -0 0
-0 -0 0
-0 -0 0
-0 -0 0
-0 -0 0
-0 -0 0
-0 -0 0
-0 -0 0
-0 -0 0
-0 -0 0
-0 -0 0
-0 -0 0
-0 -0 0
-0 -0 0
-0 -0 0
-0 -0 0
-0 -0 0
-0 -0 0
-0 -0 0
-0 -0 0
-0.17105332 -0.08520554 0.35200003
-0.16797404 -0.08520554 0.35200003
-0.16501187 -0.085266054 0.35225001
-0.16216026 -0.085387081 0.35275
-0.15918715 -0.085447602 0.35300002
-0.15576747 -0.085266054 0.35225001
-0.15214418 -0.084963478 0.35100001
-0.14854276 -0.084660903 0.34975001
-0.1451712 -0.084479354 0.34900001
-0.14181274 -0.084297806 0.34825
-0.1383678 -0.084055752 0.34725001
-0.13464808 -0.083632141 0.34550002
-0.13143517 -0.083511114 0.34500003
-0.12869629 -0.083692655 0.34575
-0.12576257 -0.083753176 0.34600002
-0.12255841 -0.083632141 0.34550002
-0.1192765 -0.083450601 0.34475002
-0.11474311 -0.082361318 0.34025002
-0.1105348 -0.081453592 0.33650002
-0.10926974 -0.082724415 0.34175003
-0.10690209 -0.083208539 0.34375003
-0.10374387 -0.083087504 0.34325001
-0.10059439 -0.082966477 0.34275001
-0.097311288 -0.082724415 0.34175003
-0.094045676 -0.082482353 0.34075001
-0.090931192 -0.082361318 0.34025002
-0.087890074 -0.082300805 0.34
-0.084853336 -0.082240291 0.33975002
-0.081519708 -0.081877194 0.33825001
-0.078444585 -0.081756167 0.33775002
-0.075378217 -0.08163514 0.33725002
-0.072320588 -0.081514113 0.33675003
-0.069271706 -0.081393078 0.33625001
-0.066034317 -0.081029989 0.33475003
-0.062870294 -0.080727413 0.33350003
-0.059907906 -0.080666892 0.33325002
-0.057035409 -0.080727413 0.33350003
-0.054036826 -0.080606379 0.333
-0.05093186 -0.080303796 0.33175001
-0.047848754 -0.08000122 0.33050001
-0.044753518 -0.079638138 0.32900003
-0.041652698 -0.079214521 0.32725
-0.038789928 -0.079214521 0.32725
-0.035982057 -0.079335563 0.32775003
-0.03319069 -0.079517096 0.3285
-0.030316988 -0.079517096 0.3285
-0.02744329 -0.079517096 0.3285
-0.024532191 -0.079396069 0.32800001
-0.021646354 -0.079335563 0.32775003
-0.018736238 -0.079154015 0.32700002
-0.014698336 -0.07328403 0.30275002
-0.01142302 -0.06947156 0.287
-0.0088968314 -0.069350533 0.28650001
-0.0063682385 -0.069108471 0.28550002
-0.0038605307 -0.068926923 0.28475001
-0.0013695518 -0.068926923 0.28475001
0.0011194579 -0.068805896 0.28425002
0.003590205 -0.06850332 0.28300002
0.0060551576 -0.068382286 0.2825
0.0085113617 -0.068261258 0.28200001
0.01095882 -0.068140224 0.28150001
0.013409447 -0.06807971 0.28125
0.01582749 -0.067898169 0.28050002
0.018232409 -0.067716621 0.27975002
0.020642687 -0.067595594 0.27925003
0.023044216 -0.067474559 0.27875
0.025414146 -0.067293018 0.27800003
0.027545577 -0.066566825 0.27500001
0.029733436 -0.066082701 0.273
0.031827472 -0.06547755 0.2705
0.034130588 -0.065356523 0.27000001
0.036593903 -0.065538071 0.27075002
0.039070338 -0.065719619 0.27150002
0.04148357 -0.065780126 0.27175
0.043981876 -0.065961674 0.27250001
0.046493307 -0.066143222 0.27325001
0.048883684 -0.066143222 0.27325001
0.051274061 -0.066143222 0.27325001
0.053762633 -0.066264249 0.27375001
0.056054816 -0.066143222 0.27325001
0.058338251 -0.066022195 0.27275002
0.060668591 -0.065961674 0.27250001
0.06299457 -0.06590116 0.27225003
0.065376192 -0.06590116 0.27225003
0.067571163 -0.065719619 0.27150002
0.069817416 -0.065598585 0.27100003
0.072054915 -0.06547755 0.2705
0.074146122 -0.065235496 0.26950002
0.076361753 -0.065114461 0.26900002
0.078714959 -0.065114461 0.26900002
0.081143491 -0.065174975 0.26925001
0.083343819 -0.065053947 0.26875001
0.085375965 -0.064811885 0.26775002
0.087554425 -0.064690851 0.26725
0.089808226 -0.064630337 0.26700002
0.092057653 -0.064569823 0.26675001
0.094302706 -0.06450931 0.26650003
0.096452728 -0.064388275 0.266
0.098594002 -0.064267248 0.26550001
0.10072654 -0.064146221 0.26500002
0.10294753 -0.0640857 0.26475
0.10516416 -0.064025186 0.26450002
0.10727481 -0.063904151 0.264
0.10958427 -0.063904151 0.264
0.1116818 -0.063783124 0.26350001
0.11366245 -0.063601576 0.26275
0.11596097 -0.063601576 0.26275
0.11814699 -0.063541062 0.26250002
0.11998449 -0.063299 0.2615
0.1216876 -0.062996425 0.26025
0.12372609 -0.062875398 0.25975001
0.12587711 -0.062814884 0.25950003
0.12827066 -0.062875398 0.25975001
0.13029164 -0.062754363 0.25925002
0.13243172 -0.062693849 0.259
0.13430738 -0.062512301 0.25825
0.13630214 -0.06239127 0.25775
0.13922887 -0.062693849 0.259
0.15419632 -0.068321772 0.28225002
0.1619385 -0.070621356 0.29175001
0.16449071 -0.070621356 0.29175001
0.16689979 -0.070560835 0.2915
0.16901384 -0.070379294 0.29075003
0.17111479 -0.070197746 0.29000002
0.17365168 -0.070197746 0.29000002
0.17573293 -0.070016198 0.28925002
0.1774929 -0.069713622 0.28800002
0.17938727 -0.06947156 0.287
0.18158104 -0.069350533 0.28650001
0.18376605 -0.069229499 0.28600001
0.18561669 -0.068987444 0.28500003
0.18810986 -0.068987444 0.28500003
0.19026862 -0.068866409 0.2845
0.19207989 -0.068624347 0.28350002
0.19438834 -0.068563834 0.28325
-0 -0 0
-0 -0 0
-0 -0 0
-0 -0 0
-0 -0 0
-0 -0 0
-0 -0 0
-0 -0 0
-0 -0 0
-0 -0 0
-0 -0 0
-0 -0 0
-0 -0 0
-0 -0 0
-0 -0 0
-0 -0 0
-0 -0 0
-0 -0 0
-0 -0 0
-0 -0 0
-0 -0 0
-0 -0 0
-0 -0 0
-0 -0 0
-0 -0 0
-0.17166075 -0.082420282 0.35325003
-0.16845123 -0.082361944 0.35300002
-0.16512899 -0.08224529 0.35250002
-0.16193041 -0.082186952 0.35225001
-0.15896168 -0.08224529 0.35250002
-0.15565693 -0.082128629 0.35200003
-0.15214418 -0.081895307 0.35100001
-0.14864895 -0.081661992 0.35000002
-0.14506721 -0.081370339 0.34875003
-0.14140554 -0.081020355 0.34725001
-0.13737164 -0.080437057 0.34475002
-0.13269949 -0.079445451 0.34050003
-0.12981604 -0.079503775 0.34075001
-0.12795186 -0.080203742 0.34375003
-0.12548995 -0.080553718 0.34525001
-0.12238105 -0.080495387 0.34500003
-0.11789259 -0.079503775 0.34075001
-0.11415296 -0.078978807 0.33850002
-0.11201298 -0.079562105 0.34100002
-0.10998914 -0.080262065 0.34400001
-0.10697984 -0.080262065 0.34400001
-0.10374387 -0.080087073 0.34325001
-0.10059439 -0.079970419 0.34275001
-0.097311288 -0.079737097 0.34175003
-0.094045676 -0.079503775 0.34075001
-0.090931192 -0.079387121 0.34025002
-0.087890074 -0.079328783 0.34
-0.084790893 -0.079212129 0.33950001
-0.081519708 -0.078920476 0.33825001
-0.078444585 -0.078803815 0.33775002
-0.075434089 -0.078745484 0.33750001
-0.072320588 -0.0785705 0.33675003
-0.069168702 -0.078337178 0.33575001
-0.065984994 -0.078045525 0.33450001
-0.062917419 -0.077870533 0.33375001
-0.060042735 -0.077928871 0.33400002
-0.057035409 -0.07781221 0.33350003
-0.053955693 -0.077578887 0.33250001
-0.050893482 -0.077345572 0.33150002
-0.047740173 -0.076937258 0.32975
-0.044617485 -0.076528944 0.32800001
-0.041684519 -0.07641229 0.32750002
-0.038849197 -0.076470621 0.32775003
-0.036036946 -0.076587282 0.32825002
-0.033215951 -0.076703936 0.32875001
-0.030363135 -0.076762274 0.32900003
-0.027485061 -0.076762274 0.32900003
-0.024569588 -0.076645605 0.3285
-0.021646354 -0.076470621 0.32775003
-0.018621644 -0.075828992 0.32500002
-0.014212841 -0.06830442 0.29275
-0.01142302 -0.066962823 0.287
-0.0088968314 -0.06684617 0.28650001
-0.0063738148 -0.066671178 0.28575
-0.0038673095 -0.066554517 0.28525001
-0.0013707542 -0.066496193 0.28500003
0.0011194579 -0.066321202 0.28425002
0.003590205 -0.066029549 0.28300002
0.0060605165 -0.065971218 0.28275001
0.0085339984 -0.065971218 0.28275001
0.010978284 -0.065796226 0.28200001
0.013409447 -0.065621234 0.28125
0.015813382 -0.06538792 0.28025001
0.018199822 -0.065154605 0.27925003
0.020587245 -0.064979613 0.27850002
0.021866173 -0.061713133 0.26450002
0.023242973 -0.059321601 0.25425002
0.025642429 -0.059729911 0.25600001
0.028018046 -0.060021561 0.25725001
0.030150795 -0.059788242 0.25625002
0.032266043 -0.05955492 0.25525001
0.034532752 -0.059613254 0.25550002
0.036767852 -0.059613254 0.25550002
0.039499078 -0.060371544 0.25875002
0.042287163 -0.061129835 0.26200002
0.044961963 -0.061654799 0.26425001
0.048078645 -0.062704742 0.26875001
0.050945684 -0.063346371 0.27150002
0.053566243 -0.063638024 0.27275002
0.056157384 -0.063871339 0.27375001
0.058338251 -0.063638024 0.27275002
0.060501613 -0.063404702 0.27175
0.062878869 -0.063404702 0.27175
0.065316163 -0.063463032 0.27200001
0.067571163 -0.063346371 0.27150002
0.069817416 -0.063229717 0.27100003
0.071988329 -0.063054726 0.27025002
0.074214898 -0.062938057 0.26975
0.076503687 -0.062879734 0.26950002
0.078861266 -0.062879734 0.26950002
0.081218831 -0.062879734 0.26950002
0.08349888 -0.062821396 0.26925001
0.0855354 -0.062588081 0.26825002
0.087636329 -0.062413089 0.26750001
0.089640044 -0.062179774 0.26650003
0.09179882 -0.062063109 0.266
0.094302706 -0.062179774 0.26650003
0.096543379 -0.06212144 0.26625001
0.098594002 -0.061946448 0.26550001
0.10063151 -0.06177146 0.26475
0.1027531 -0.061654799 0.26425001
0.10516416 -0.061713133 0.26450002
0.10747799 -0.061713133 0.26450002
0.10968804 -0.061654799 0.26425001
0.11157586 -0.061421484 0.26325002
0.11366245 -0.061304819 0.26275
0.11585065 -0.061246492 0.26250002
0.11803446 -0.061188158 0.26225001
0.11986978 -0.060954843 0.26125002
0.1218045 -0.060779851 0.26050001
0.12372609 -0.060604859 0.25975001
0.12587711 -0.060546532 0.25950003
0.12802374 -0.060488202 0.25925002
0.13029164 -0.060488202 0.25925002
0.13243172 -0.060429867 0.259
0.13430738 -0.060254879 0.25825
0.13630214 -0.060138218 0.25775
0.14218548 -0.061713133 0.26450002
0.15856682 -0.067721114 0.29025
0.16221604 -0.068187758 0.29225001
0.16463168 -0.068129435 0.29200003
0.16704293 -0.068071097 0.29175001
0.16944981 -0.068012767 0.2915
0.17155732 -0.067837782 0.29075003
0.17380138 -0.067721114 0.29025
0.17603669 -0.06760446 0.28975001
0.17780104 -0.067312807 0.28850001
0.17954354 -0.067021161 0.28725001
0.18173949 -0.0669045 0.28675002
0.18392669 -0.066787839 0.28625003
0.1857795 -0.066554517 0.28525001
0.18810986 -0.066496193 0.28500003
0.19026862 -0.066379525 0.2845
0.19224927 -0.06620454 0.28375003
0.19421679 -0.066029549 0.28300002
-0 -0 0
-0 -0 0
-0 -0 0
-0 -0 0
-0 -0 0
-0 -0 0
-0 -0 0
-0 -0 0
-0 -0 0
-0 -0 0
-0 -0 0
-0 -0 0
-0 -0 0
-0 -0 0
-0 -0 0
-0 -0 0
-0 -0 0
-0 -0 0
-0 -0 0
-0 -0 0
-0 -0 0
-0 -0 0
-0 -0 0
-0 -0 0
-0.17524566 -0.079557024 0.35425001
-0.17214669 -0.079557024 0.35425001
-0.16868983 -0.079388589 0.35350001
-0.16524608 -0.079220153 0.35275
-0.16204534 -0.079164013 0.35250002
-0.15896168 -0.079164013 0.35250002
-0.15554638 -0.078995578 0.35175002
-0.15203582 -0.078771003 0.35075003
-0.14896749 -0.078771003 0.35075003
-0.14558716 -0.078602567 0.35000002
-0.14171095 -0.078153409 0.34800002
-0.13567816 -0.076469064 0.34050003
-0.13230976 -0.076244481 0.33950001
-0.12962556 -0.076412916 0.34025002
-0.12674212 -0.076469064 0.34050003
-0.124763 -0.07708665 0.34325001
-0.12105081 -0.076637492 0.34125
-0.11702763 -0.075963758 0.33825001
-0.11516465 -0.076693639 0.34150001
-0.11316267 -0.077367373 0.34450001
-0.110149 -0.077367373 0.34450001
-0.10705759 -0.077311233 0.34425002
-0.10381943 -0.077142797 0.34350002
-0.10059439 -0.076974362 0.34275001
-0.097311288 -0.076749787 0.34175003
-0.094045676 -0.076525204 0.34075001
-0.090864375 -0.076356769 0.34
-0.08769621 -0.076188341 0.33925003
-0.084603578 -0.076076046 0.33875
-0.081519708 -0.075963758 0.33825001
-0.078502655 -0.075907618 0.33800003
-0.075489968 -0.07585147 0.33775002
-0.072320588 -0.075626895 0.33675003
-0.069271706 -0.0755146 0.33625001
-0.066132948 -0.075290024 0.33525002
-0.063011676 -0.075065441 0.33425
-0.05999779 -0.074953154 0.33375001
-0.056949895 -0.074784718 0.333
-0.053833988 -0.074503995 0.33175001
-0.050739951 -0.074223273 0.33050001
-0.047595397 -0.073830262 0.32875001
-0.044651493 -0.073717974 0.32825002
-0.04177998 -0.073717974 0.32825002
-0.038938094 -0.073774114 0.3285
-0.036091838 -0.073830262 0.32875001
-0.03326647 -0.07394255 0.32925001
-0.030386206 -0.07394255 0.32925001
-0.027505945 -0.07394255 0.32925001
-0.024569588 -0.073774114 0.3285
-0.021646354 -0.073605686 0.32775003
-0.018120293 -0.071023032 0.31625003
-0.013994369 -0.064734824 0.28825
-0.01141307 -0.064397961 0.28675002
-0.0088890688 -0.064285666 0.28625003
-0.0063682385 -0.064117238 0.28550002
-0.0038673095 -0.06406109 0.28525001
-0.0013707542 -0.064004943 0.28500003
0.0011184732 -0.063780367 0.28400001
0.0035870334 -0.063499637 0.28275001
0.0060497993 -0.063387349 0.28225002
0.0085264528 -0.063443497 0.2825
0.010978284 -0.063331202 0.28200001
0.013254495 -0.062432896 0.27800003
0.014727183 -0.058615051 0.26100001
0.016472712 -0.056762278 0.25275001
0.018628314 -0.056593843 0.252
0.020688126 -0.056200832 0.25025001
0.022785883 -0.055976253 0.24925001
0.024866143 -0.055751674 0.24825001
0.027010594 -0.05569553 0.24800001
0.029091839 -0.055527095 0.24725001
0.031191565 -0.055414807 0.24675001
0.033282544 -0.055302519 0.24625002
0.035328798 -0.055134084 0.24550001
0.037705399 -0.055470951 0.24700001
0.040350344 -0.056144685 0.25
0.043005243 -0.056762278 0.25275001
0.045797706 -0.057492159 0.25600001
0.048975404 -0.058615051 0.26100001
0.052191492 -0.059681803 0.26575002
0.055541962 -0.060804699 0.27075002
0.058177833 -0.061085422 0.27200001
0.060334641 -0.060860842 0.27100003
0.062878869 -0.061029274 0.27175
0.065436222 -0.061197709 0.27250001
0.067695603 -0.061085422 0.27200001
0.069688596 -0.060748551 0.2705
0.071855135 -0.060580116 0.26975
0.074146122 -0.060523976 0.26950002
0.076503687 -0.060523976 0.26950002
0.078788109 -0.060467828 0.26925001
0.081143491 -0.060467828 0.26925001
0.083421357 -0.060411684 0.26900002
0.085615106 -0.060299393 0.2685
0.087636329 -0.060074814 0.26750001
0.089640044 -0.059850238 0.26650003
0.091885097 -0.059794091 0.26625001
0.094214238 -0.059794091 0.26625001
0.096452728 -0.059737943 0.266
0.098594002 -0.059625655 0.26550001
0.10072654 -0.059513368 0.26500002
0.10285033 -0.05940108 0.26450002
0.10506476 -0.059344932 0.26425001
0.1073764 -0.059344932 0.26425001
0.1094805 -0.059232645 0.26375002
0.11136393 -0.059008062 0.26275
0.11344616 -0.058895774 0.26225001
0.11574031 -0.058895774 0.26225001
0.11780942 -0.058783486 0.26175001
0.11986978 -0.058671199 0.26125002
0.1218045 -0.058502764 0.26050001
0.12384517 -0.058390476 0.26000002
0.12587711 -0.058278188 0.25950003
0.12790027 -0.058165893 0.259
0.13016599 -0.058165893 0.259
0.13243172 -0.058165893 0.259
0.13430738 -0.057997458 0.25825
0.13643435 -0.057941318 0.25800002
0.14796428 -0.061815303 0.27525002
0.15965943 -0.065633141 0.29225001
0.16221604 -0.065633141 0.29225001
0.16477261 -0.065633141 0.29225001
0.16732921 -0.065633141 0.29225001
0.16959514 -0.065520853 0.29175001
0.17185235 -0.065408565 0.29125002
0.17380138 -0.065183982 0.29025
0.17588481 -0.065015554 0.28950003
0.17795512 -0.064847119 0.28875002
0.17985605 -0.064622536 0.28775001
0.18221483 -0.064566396 0.28750002
0.18424796 -0.064397961 0.28675002
0.18610513 -0.064173378 0.28575
0.18843988 -0.064117238 0.28550002
0.19043581 -0.063948803 0.28475001
0.19207989 -0.063668072 0.28350002
0.19387363 -0.063443497 0.2825
-0 -0 0
-0 -0 0
-0 -0 0
-0 -0 0
-0 -0 0
-0 -0 0
-0 -0 0
-0 -0 0
-0 -0 0
-0 -0 0
-0 -0 0
-0 -0 0
-0 -0 0
-0 -0 0
-0 -0 0
-0 -0 0
-0 -0 0
-0 -0 0
-0 -0 0
-0 -0 0
-0 -0 0
-0 -0 0
-0 -0 0
-0.17872222 -0.076622322 0.35500002
-0.17561668 -0.076622322 0.35500002
-0.17251116 -0.076622322 0.35500002
-0.16904774 -0.076460443 0.35425001
-0.16571455 -0.076352522 0.35375002
-0.16239011 -0.076244608 0.35325003
-0.15907441 -0.076136678 0.35275
-0.15554638 -0.07592085 0.35175002
-0.15214418 -0.075758971 0.35100001
-0.14907366 -0.075758971 0.35100001
-0.14569114 -0.075597085 0.35025001
-0.14028569 -0.074356019 0.34450001
-0.13547891 -0.073384754 0.34
-0.13269949 -0.073492676 0.34050003
-0.12981604 -0.073546633 0.34075001
-0.12636991 -0.073276833 0.33950001
-0.12258215 -0.072791204 0.33725002
-0.11998663 -0.07300704 0.33825001
-0.11806557 -0.073654547 0.34125
-0.11634497 -0.074463949 0.34500003
-0.11332691 -0.074463949 0.34500003
-0.11022894 -0.074409984 0.34475002
-0.10705759 -0.07430207 0.34425002
-0.10389499 -0.074194148 0.34375003
-0.10066776 -0.074032269 0.34300002
-0.097240098 -0.073708512 0.34150001
-0.093907684 -0.073438719 0.34025002
-0.090797566 -0.073330797 0.33975002
-0.087631576 -0.073168918 0.33900002
-0.084541142 -0.073061004 0.33850002
-0.081459463 -0.072953083 0.33800003
-0.078444585 -0.072899126 0.33775002
-0.075434089 -0.072845161 0.33750001
-0.072320588 -0.07268329 0.33675003
-0.069271706 -0.072575361 0.33625001
-0.066034317 -0.07225161 0.33475003
-0.062870294 -0.071981817 0.33350003
-0.05986296 -0.071873888 0.333
-0.056907143 -0.071819939 0.33275002
-0.053752851 -0.071496174 0.33125001
-0.05062481 -0.071172416 0.32975
-0.047667783 -0.071064502 0.32925001
-0.044787522 -0.071064502 0.32925001
-0.04193908 -0.071118467 0.32950002
-0.03908626 -0.071172416 0.32975
-0.036174178 -0.071118467 0.32950002
-0.033291727 -0.071118467 0.32950002
-0.030363135 -0.071010545 0.32900003
-0.027485061 -0.071010545 0.32900003
-0.024569588 -0.070902623 0.3285
-0.021662863 -0.070794702 0.32800001
-0.017475694 -0.065830439 0.30500001
-0.013982232 -0.062161207 0.28800002
-0.011403119 -0.061837446 0.28650001
-0.0088813053 -0.061729532 0.28600001
-0.0063738148 -0.061675567 0.28575
-0.0038740882 -0.061675567 0.28575
-0.0013719565 -0.061567649 0.28525001
0.0011194579 -0.061351817 0.28425002
0.0035933764 -0.061135974 0.28325
0.0060444404 -0.060866177 0.28200001
0.0084887249 -0.060704298 0.28125
0.010540321 -0.058438011 0.27075002
0.012110221 -0.054822728 0.25400001
0.014219348 -0.054391053 0.252
0.016391244 -0.054283135 0.25150001
0.018554393 -0.054175217 0.25100002
0.020708796 -0.054067302 0.25050002
0.022808738 -0.053851459 0.24950001
0.024916228 -0.053689584 0.24875002
0.027037822 -0.053581662 0.24825001
0.029121256 -0.053419787 0.24750002
0.031223167 -0.053311866 0.24700001
0.033282544 -0.053149991 0.24625002
0.035400748 -0.05309603 0.24600001
0.037476417 -0.052988112 0.24550001
0.039624039 -0.052988112 0.24550001
0.041729126 -0.052934151 0.24525002
0.043964006 -0.053042069 0.24575001
0.047192775 -0.054283135 0.25150001
0.050473046 -0.055470239 0.257
0.053695694 -0.056495469 0.26175001
0.057001445 -0.057520702 0.26650003
0.060112 -0.058276128 0.27000001
0.062878869 -0.058653843 0.27175
0.065376192 -0.058761768 0.27225003
0.067571163 -0.058599889 0.27150002
0.069624193 -0.058330093 0.27025002
0.071855135 -0.058222167 0.26975
0.074214898 -0.058222167 0.26975
0.076574653 -0.058222167 0.26975
0.078861266 -0.058168214 0.26950002
0.081068151 -0.058060296 0.26900002
0.083266288 -0.05795237 0.2685
0.0855354 -0.057898417 0.26825002
0.087636329 -0.057736535 0.26750001
0.089808226 -0.05762862 0.26700002
0.091971382 -0.057520702 0.26650003
0.094037309 -0.057358824 0.26575002
0.096271425 -0.057304859 0.26550001
0.098501176 -0.057250906 0.26525003
0.10063151 -0.05714298 0.26475
0.10285033 -0.057089027 0.26450002
0.10496535 -0.056981102 0.264
0.10717323 -0.056927148 0.26375002
0.10927296 -0.05681923 0.26325002
0.11136393 -0.056711305 0.26275
0.11333802 -0.056549434 0.26200002
0.11540931 -0.056441508 0.2615
0.11758438 -0.056387555 0.26125002
0.11964037 -0.056279637 0.26075003
0.1216876 -0.056171712 0.26025
0.12384517 -0.056117758 0.26000002
0.12587711 -0.05600984 0.25950003
0.12790027 -0.055901915 0.259
0.12991472 -0.055793997 0.25850001
0.13230389 -0.055847961 0.25875002
0.13443741 -0.055793997 0.25850001
0.13749199 -0.056117758 0.26000002
0.15293673 -0.06140577 0.2845
0.15979601 -0.063132472 0.29250002
0.16235481 -0.063132472 0.29250002
0.16477261 -0.063078515 0.29225001
0.16718608 -0.063024558 0.29200003
0.16959514 -0.062970594 0.29175001
0.17170483 -0.062808715 0.29100001
0.17365168 -0.062592879 0.29000002
0.17573293 -0.062431004 0.28925002
0.17780104 -0.062269125 0.28850001
0.18001232 -0.062161207 0.28800002
0.18221483 -0.062053289 0.28750002
0.18424796 -0.06189141 0.28675002
0.18610513 -0.061675567 0.28575
0.18843988 -0.061621614 0.28550002
0.19043581 -0.061459735 0.28475001
0.19174112 -0.06108202 0.28300002
0.19370207 -0.060920142 0.28225002
-0 -0 0
-0 -0 0
-0 -0 0
-0 -0 0
-0 -0 0
-0 -0 0
-0 -0 0
-0 -0 0
-0 -0 0
-0 -0 0
-0 -0 0
-0 -0 0
-0 -0 0
-0 -0 0
-0 -0 0
-0 -0 0
-0 -0 0
-0 -0 0
-0 -0 0
-0 -0 0
-0 -0 0
-0 -0 0
-0.18233991 -0.073726274 0.35600001
-0.1790998 -0.073674507 0.35575002
-0.17611137 -0.073726274 0.35600001
-0.1729971 -0.073726274 0.35600001
-0.16928634 -0.073467404 0.35475001
-0.16571455 -0.073260315 0.35375002
-0.16250503 -0.073208533 0.35350001
-0.1592999 -0.073156767 0.35325003
-0.15576747 -0.072949663 0.35225001
-0.1523609 -0.072794341 0.3515
-0.14907366 -0.072690792 0.35100001
-0.14371532 -0.07155177 0.34550002
-0.13875863 -0.070568062 0.34075001
-0.13587739 -0.070619836 0.34100002
-0.13299176 -0.070671603 0.34125
-0.12943508 -0.070360966 0.33975002
-0.12478796 -0.069429033 0.33525002
-0.12203693 -0.069532581 0.33575001
-0.12060741 -0.070412733 0.34
-0.11910351 -0.0712929 0.34425002
-0.11642927 -0.071499996 0.34525001
-0.11332691 -0.071448222 0.34500003
-0.110149 -0.071344666 0.34450001
-0.10697984 -0.071241125 0.34400001
-0.10381943 -0.071137577 0.34350002
-0.10066776 -0.071034029 0.34300002
-0.097311288 -0.070775159 0.34175003
-0.093976684 -0.070516288 0.34050003
-0.090797566 -0.070360966 0.33975002
-0.08769621 -0.070257418 0.33925003
-0.084603578 -0.070153862 0.33875
-0.081459463 -0.069998547 0.33800003
-0.078386523 -0.069894992 0.33750001
-0.075378217 -0.069843225 0.33725002
-0.072266899 -0.069687903 0.33650002
-0.069168702 -0.069532581 0.33575001
-0.065935679 -0.069221929 0.33425
-0.062823161 -0.06901484 0.33325002
-0.05977308 -0.068859518 0.33250001
-0.056693368 -0.068652421 0.33150002
-0.053550009 -0.068341777 0.33000001
-0.05062481 -0.068289995 0.32975
-0.047776368 -0.068341777 0.33000001
-0.044889543 -0.068341777 0.33000001
-0.04203454 -0.068393551 0.33025002
-0.039145529 -0.068393551 0.33025002
-0.03622907 -0.068341777 0.33000001
-0.033316985 -0.068289995 0.32975
-0.030386206 -0.068186454 0.32925001
-0.027485061 -0.06813468 0.32900003
-0.024569588 -0.068031125 0.3285
-0.021547284 -0.067565165 0.32625002
-0.016859749 -0.060938083 0.29425001
-0.013970094 -0.059591956 0.28775001
-0.01141307 -0.05938486 0.28675002
-0.0088813053 -0.059229538 0.28600001
-0.0063793915 -0.059229538 0.28600001
-0.0038706991 -0.059125993 0.28550002
-0.0013707542 -0.059022445 0.28500003
0.0011204424 -0.058918893 0.2845
0.0035997198 -0.058763575 0.28375003
0.006006931 -0.058038734 0.28025001
0.0078322645 -0.053741489 0.25950003
0.0099174399 -0.052757781 0.25475001
0.012098302 -0.052550685 0.25375003
0.014247561 -0.052291811 0.2525
0.016407538 -0.052136492 0.25175002
0.018609835 -0.052136492 0.25175002
0.020770796 -0.05203294 0.25125
0.022900157 -0.051877622 0.25050002
0.02499135 -0.051670521 0.24950001
0.027119508 -0.051566977 0.24900001
0.029238917 -0.051463425 0.2485
0.031317975 -0.051308107 0.24775001
0.033417698 -0.051204555 0.24725001
0.035544652 -0.051152784 0.24700001
0.03759091 -0.050997462 0.24625002
0.039664391 -0.050893914 0.24575001
0.041686587 -0.050738588 0.245
0.043695662 -0.050583269 0.24425001
0.04587926 -0.050635044 0.24450001
0.048607316 -0.051256333 0.24750002
0.051900711 -0.052395362 0.25300002
0.055450745 -0.053689715 0.25925002
0.059165794 -0.055035841 0.26575002
0.062705338 -0.056123096 0.27100003
0.065256126 -0.056278415 0.27175
0.067446724 -0.056123096 0.27100003
0.069559783 -0.055915996 0.27000001
0.071921729 -0.055915996 0.27000001
0.074283682 -0.055915996 0.27000001
0.076574653 -0.055864222 0.26975
0.078861266 -0.055812452 0.26950002
0.081068151 -0.055708904 0.26900002
0.083266288 -0.055605352 0.2685
0.085455678 -0.055501804 0.26800001
0.087718233 -0.055450033 0.26775002
0.090060495 -0.055450033 0.26775002
0.09214393 -0.055294711 0.26700002
0.09412577 -0.055087611 0.266
0.096271425 -0.054984063 0.26550001
0.098408327 -0.054880518 0.26500002
0.10072654 -0.054880518 0.26500002
0.10285033 -0.05477697 0.26450002
0.10496535 -0.054673418 0.264
0.10707164 -0.05456987 0.26350001
0.10916919 -0.054466322 0.26300001
0.11136393 -0.054414548 0.26275
0.11344616 -0.054311 0.26225001
0.11540931 -0.054155678 0.2615
0.11758438 -0.054103907 0.26125002
0.11964037 -0.054000359 0.26075003
0.12157071 -0.053845037 0.26000002
0.12384517 -0.053845037 0.26000002
0.12599838 -0.053793259 0.25975001
0.12802374 -0.053689715 0.25925002
0.13004036 -0.053586166 0.25875002
0.13230389 -0.053586166 0.25875002
0.13456744 -0.053586166 0.25875002
0.14092928 -0.055191163 0.26650003
0.15696847 -0.06047212 0.29200003
0.16020575 -0.06073099 0.29325002
0.16235481 -0.060575664 0.29250002
0.16463168 -0.06047212 0.29200003
0.16704293 -0.060420342 0.29175001
0.16930449 -0.060316794 0.29125002
0.17155732 -0.060213249 0.29075003
0.17365168 -0.060057927 0.29000002
0.17558102 -0.059850827 0.289
0.17764696 -0.059695501 0.28825
0.17985605 -0.059591956 0.28775001
0.18237327 -0.059591956 0.28775001
0.18440858 -0.05943663 0.287
0.18610513 -0.059177764 0.28575
0.18810986 -0.059022445 0.28500003
0.19010143 -0.058867123 0.28425002
0.19174112 -0.058608253 0.28300002
0.19387363 -0.058504697 0.2825
-0 -0 0
-0 -0 0
-0 -0 0
-0 -0 0
-0 -0 0
-0 -0 0
-0 -0 0
-0 -0 0
-0 -0 0
-0 -0 0
-0 -0 0
-0 -0 0
-0 -0 0
-0 -0 0
-0 -0 0
-0 -0 0
-0 -0 0
-0 -0 0
-0 -0 0
-0 -0 0
-0 -0 0
-0.18532395 -0.070564814 0.35575002
-0.18259603 -0.07071358 0.35650003
-0.17935151 -0.070663989 0.35625002
-0.17623505 -0.070663989 0.35625002
-0.17287561 -0.070564814 0.35575002
-0.16928634 -0.070366457 0.35475001
-0.16571455 -0.0701681 0.35375002
-0.16250503 -0.070118509 0.35350001
-0.1592999 -0.070068926 0.35325003
-0.15576747 -0.069870569 0.35225001
-0.1523609 -0.069721803 0.3515
-0.14811806 -0.069176331 0.34875003
-0.14194748 -0.067688659 0.34125
-0.13865684 -0.067539901 0.34050003
-0.135977 -0.067688659 0.34125
-0.13260205 -0.067490309 0.34025002
-0.12800643 -0.066647299 0.33600003
-0.12478796 -0.066498533 0.33525002
-0.12349084 -0.067391135 0.33975002
-0.12229236 -0.068382904 0.34475002
-0.11953599 -0.068531677 0.34550002
-0.11659788 -0.068581261 0.34575
-0.11349116 -0.068531677 0.34550002
-0.110149 -0.068333313 0.34450001
-0.10697984 -0.068234138 0.34400001
-0.10366831 -0.068035789 0.34300002
-0.10052101 -0.067936607 0.34250003
-0.097240098 -0.06773825 0.34150001
-0.093976684 -0.067539901 0.34050003
-0.090864375 -0.067440718 0.34
-0.087825455 -0.067391135 0.33975002
-0.084666021 -0.067242362 0.33900002
-0.081459463 -0.067044012 0.33800003
-0.078386523 -0.06694483 0.33750001
-0.075322337 -0.066845655 0.33700001
-0.072213203 -0.06669689 0.33625001
-0.069065697 -0.066498533 0.33525002
-0.065935679 -0.066300176 0.33425
-0.062823161 -0.066101827 0.33325002
-0.059683196 -0.065853879 0.33200002
-0.056522343 -0.065556347 0.33050001
-0.05350944 -0.065407574 0.32975
-0.050701573 -0.065506756 0.33025002
-0.047848754 -0.065556347 0.33050001
-0.044957556 -0.065556347 0.33050001
-0.042066362 -0.065556347 0.33050001
-0.03917516 -0.065556347 0.33050001
-0.036256518 -0.065506756 0.33025002
-0.033316985 -0.065407574 0.32975
-0.030409278 -0.065357991 0.32950002
-0.027464176 -0.065209225 0.32875001
-0.024513494 -0.065010875 0.32775003
-0.020936364 -0.062878549 0.317
-0.016573261 -0.057374202 0.28925002
-0.01394582 -0.056977492 0.28725001
-0.01141307 -0.056878313 0.28675002
-0.0088890688 -0.056779139 0.28625003
-0.0063793915 -0.056729548 0.28600001
-0.0038639202 -0.056531195 0.28500003
-0.001367147 -0.056382425 0.28425002
0.0011174888 -0.05628325 0.28375003
0.0035362882 -0.05529147 0.27875
0.0054871519 -0.050778896 0.25600001
0.0077190809 -0.050729305 0.25575
0.0099369045 -0.050630126 0.25525001
0.01213406 -0.05048136 0.2545
0.014303988 -0.050283007 0.25350001
0.016472712 -0.050134242 0.25275001
0.018683756 -0.050134242 0.25275001
0.020853467 -0.050035063 0.25225002
0.022991573 -0.049886297 0.25150001
0.025066476 -0.049638353 0.25025001
0.027173964 -0.049489588 0.24950001
0.029268334 -0.049340822 0.24875002
0.031381179 -0.049241643 0.24825001
0.033519067 -0.049192056 0.24800001
0.035616606 -0.049092878 0.24750002
0.037705399 -0.048993699 0.24700001
0.039745092 -0.048844934 0.24625002
0.041771661 -0.048696168 0.24550001
0.04378511 -0.048547398 0.24475001
0.045832351 -0.048448224 0.24425001
0.047969036 -0.048448224 0.24425001
0.050310865 -0.04864658 0.24525002
0.054060467 -0.050134242 0.25275001
0.057718653 -0.05142355 0.25925002
0.061953332 -0.053109568 0.26775002
0.065015994 -0.053704634 0.27075002
0.067384504 -0.053704634 0.27075002
0.069688596 -0.053655043 0.2705
0.072054915 -0.053655043 0.2705
0.074352466 -0.053605456 0.27025002
0.076503687 -0.05345669 0.26950002
0.078788109 -0.053407099 0.26925001
0.080992803 -0.053307921 0.26875001
0.083266288 -0.05325833 0.2685
0.085455678 -0.053159155 0.26800001
0.087718233 -0.053109568 0.26775002
0.090060495 -0.053109568 0.26775002
0.09214393 -0.052960802 0.26700002
0.094214238 -0.052812036 0.26625001
0.096452728 -0.052762445 0.266
0.098594002 -0.052663267 0.26550001
0.10082157 -0.052613683 0.26525003
0.10294753 -0.052514501 0.26475
0.10506476 -0.052415323 0.26425001
0.10717323 -0.052316148 0.26375002
0.10927296 -0.052216969 0.26325002
0.11146989 -0.052167378 0.26300001
0.11366245 -0.052117787 0.26275
0.11574031 -0.052018613 0.26225001
0.1176969 -0.051869847 0.2615
0.11975507 -0.051770668 0.26100001
0.1216876 -0.051621903 0.26025
0.12396425 -0.051621903 0.26025
0.12611964 -0.051572315 0.26000002
0.12827066 -0.051522724 0.25975001
0.13029164 -0.05142355 0.25925002
0.13243172 -0.051373959 0.259
0.13469744 -0.051373959 0.259
0.14634962 -0.05489476 0.27675
0.15777481 -0.058217209 0.29350001
0.16020575 -0.058167621 0.29325002
0.16235481 -0.058018856 0.29250002
0.16463168 -0.057919681 0.29200003
0.16689979 -0.057820499 0.2915
0.16901384 -0.057671737 0.29075003
0.17155732 -0.057671737 0.29075003
0.17380138 -0.057572555 0.29025
0.17558102 -0.057324611 0.289
0.1774929 -0.057126258 0.28800002
0.17985605 -0.057076667 0.28775001
0.18253173 -0.057126258 0.28800002
0.18472986 -0.057027083 0.28750002
0.18643078 -0.056779139 0.28625003
0.18794484 -0.056481604 0.28475001
0.19010143 -0.056382425 0.28425002
0.19191049 -0.056184068 0.28325
0.19387363 -0.056035303 0.2825
-0 -0 0
-0 -0 0
-0 -0 0
-0 -0 0
-0 -0 0
-0 -0 0
-0 -0 0
-0 -0 0
-0 -0 0
-0 -0 0
-0 -0 0
-0 -0 0
-0 -0 0
-0 -0 0
-0 -0 0
-0 -0 0
-0 -0 0
-0 -0 0
-0 -0 0
-0 -0 0
-0.18870087 -0.067549929 0.35625002
-0.18584488 -0.06764473 0.35675001
-0.18285212 -0.067692138 0.35700002
-0.17947738 -0.06759733 0.35650003
-0.17611137 -0.067502521 0.35600001
-0.17275412 -0.067407712 0.35550001
-0.16928634 -0.067265503 0.35475001
-0.16571455 -0.067075893 0.35375002
-0.16250503 -0.067028485 0.35350001
-0.1592999 -0.066981085 0.35325003
-0.15587804 -0.066838875 0.35250002
-0.1523609 -0.066649258 0.3515
-0.14833042 -0.06622263 0.34925002
-0.14215547 -0.064800531 0.34175003
-0.13855503 -0.064516105 0.34025002
-0.13557854 -0.064516105 0.34025002
-0.13153031 -0.063994668 0.33750001
-0.12819691 -0.063805051 0.33650002
-0.12636991 -0.064373896 0.33950001
-0.12530822 -0.065369368 0.34475002
-0.12273578 -0.065606385 0.34600002
-0.11962248 -0.065558977 0.34575
-0.11659788 -0.065558977 0.34575
-0.11340903 -0.065464176 0.34525001
-0.10990921 -0.065179758 0.34375003
-0.10674659 -0.065084942 0.34325001
-0.10344163 -0.064895332 0.34225002
-0.10030089 -0.064800531 0.34175003
-0.097097725 -0.064658314 0.34100002
-0.094045676 -0.064610913 0.34075001
-0.090998001 -0.064563513 0.34050003
-0.087890074 -0.064468697 0.34
-0.084666021 -0.064279087 0.33900002
-0.08139921 -0.064042069 0.33775002
-0.078386523 -0.063994668 0.33750001
-0.075322337 -0.06389986 0.33700001
-0.072159514 -0.06371025 0.33600003
-0.069014192 -0.063520633 0.33500001
-0.065886363 -0.063331023 0.33400002
-0.062776029 -0.063141406 0.333
-0.059503429 -0.062762178 0.33100003
-0.056522343 -0.06266737 0.33050001
-0.053631146 -0.06266737 0.33050001
-0.050855096 -0.062809579 0.33125001
-0.047921147 -0.062762178 0.33100003
-0.044957556 -0.06266737 0.33050001
-0.042098183 -0.06271477 0.33075002
-0.039204795 -0.06271477 0.33075002
-0.036256518 -0.062619969 0.33025002
-0.033291727 -0.062477756 0.32950002
-0.030386206 -0.062430352 0.32925001
-0.027485061 -0.062382951 0.32900003
-0.024513494 -0.062145934 0.32775003
-0.020028243 -0.057500392 0.30325001
-0.016444342 -0.054419167 0.287
-0.013909407 -0.054324359 0.28650001
-0.011403119 -0.054324359 0.28650001
-0.0088968314 -0.054324359 0.28650001
-0.0063849678 -0.054276962 0.28625003
-0.0038673095 -0.054087345 0.28525001
-0.0013659445 -0.053850327 0.28400001
0.0010987818 -0.052902259 0.27900001
0.0032984216 -0.049299598 0.26000002
0.0055032275 -0.048683353 0.25675002
0.0077266269 -0.04854114 0.25600001
0.0099466378 -0.048446335 0.25550002
0.0121579 -0.04835153 0.25500003
0.014346308 -0.048209317 0.25425002
0.016537886 -0.048114512 0.25375003
0.018720716 -0.0480197 0.25325
0.020894801 -0.047924895 0.25275001
0.023037281 -0.047782682 0.252
0.02516664 -0.047640473 0.25125
0.027282881 -0.047498267 0.25050002
0.029327163 -0.047261246 0.24925001
0.031444386 -0.047166441 0.24875002
0.033620436 -0.047166441 0.24875002
0.03568856 -0.047024228 0.24800001
0.037743561 -0.046882018 0.24725001
0.039745092 -0.046692405 0.24625002
0.041814197 -0.046597596 0.24575001
0.043829832 -0.046455387 0.245
0.045973081 -0.046455387 0.245
0.047969036 -0.046313178 0.24425001
0.050003152 -0.046218369 0.24375001
0.052456301 -0.046502791 0.24525002
0.056048878 -0.047735285 0.25175002
0.06010225 -0.04925219 0.25975001
0.064475693 -0.050911311 0.2685
0.067322277 -0.051290538 0.2705
0.069753006 -0.051337946 0.27075002
0.072188109 -0.051385351 0.27100003
0.074421242 -0.051290538 0.2705
0.07643272 -0.05105352 0.26925001
0.078714959 -0.051006123 0.26900002
0.081068151 -0.051006123 0.26900002
0.083343819 -0.050958715 0.26875001
0.0855354 -0.05086391 0.26825002
0.087636329 -0.050721698 0.26750001
0.0899764 -0.050721698 0.26750001
0.09214393 -0.050626893 0.26700002
0.094302706 -0.050532088 0.26650003
0.096452728 -0.050437275 0.266
0.098594002 -0.05034247 0.26550001
0.10072654 -0.050247665 0.26500002
0.1027531 -0.050105453 0.26425001
0.10496535 -0.050058048 0.264
0.10717323 -0.050010648 0.26375002
0.10927296 -0.049915843 0.26325002
0.11146989 -0.049868438 0.26300001
0.11366245 -0.04982103 0.26275
0.11585065 -0.04977363 0.26250002
0.11792195 -0.049678825 0.26200002
0.11964037 -0.049441807 0.26075003
0.1216876 -0.049346998 0.26025
0.12396425 -0.049346998 0.26025
0.12611964 -0.049299598 0.26000002
0.12827066 -0.04925219 0.25975001
0.13016599 -0.04910998 0.259
0.13230389 -0.04906258 0.25875002
0.13638766 -0.049726225 0.26225001
0.15282762 -0.054798394 0.289
0.15777481 -0.055651657 0.29350001
0.16020575 -0.055604257 0.29325002
0.16235481 -0.055462047 0.29250002
0.16477261 -0.055414639 0.29225001
0.16718608 -0.055367239 0.29200003
0.16930449 -0.05522503 0.29125002
0.17170483 -0.055177622 0.29100001
0.17365168 -0.054988012 0.29000002
0.17588481 -0.054893207 0.28950003
0.17826326 -0.054845799 0.28925002
0.18032484 -0.05470359 0.28850001
0.18253173 -0.054608785 0.28800002
0.18472986 -0.054513976 0.28750002
0.18675643 -0.054371767 0.28675002
0.18827486 -0.054087345 0.28525001
0.19026862 -0.053945132 0.2845
0.19224927 -0.053802926 0.28375003
0.19421679 -0.053660717 0.28300002
-0 -0 0
-0 -0 0
-0 -0 0
-0 -0 0
-0 -0 0
-0 -0 0
-0 -0 0
-0 -0 0
-0 -0 0
-0 -0 0
-0 -0 0
-0 -0 0
-0 -0 0
-0 -0 0
-0 -0 0
-0 -0 0
-0 -0 0
-0 -0 0
-0 -0 0
-0.19195196 -0.064481087 0.35650003
-0.1888333 -0.064481087 0.35650003
-0.18584488 -0.064526297 0.35675001
-0.18285212 -0.064571522 0.35700002
-0.17960323 -0.064526297 0.35675001
-0.17611137 -0.064390644 0.35600001
-0.17275412 -0.064300209 0.35550001
-0.16928634 -0.064164549 0.35475001
-0.16594876 -0.064074114 0.35425001
-0.16250503 -0.063938461 0.35350001
-0.15918715 -0.063848026 0.35300002
-0.15587804 -0.063757591 0.35250002
-0.1523609 -0.063576713 0.3515
-0.14896749 -0.063441068 0.35075003
-0.14485922 -0.062988877 0.34825
-0.13916586 -0.061813213 0.34175003
-0.13458237 -0.061089721 0.33775002
-0.13133547 -0.060954064 0.33700001
-0.13010177 -0.061767992 0.34150001
-0.12813796 -0.062265392 0.34425002
-0.12585343 -0.062627137 0.34625003
-0.12291314 -0.062672354 0.34650001
-0.11979548 -0.062627137 0.34625003
-0.1167665 -0.062627137 0.34625003
-0.11332691 -0.062401049 0.34500003
-0.10990921 -0.062174957 0.34375003
-0.10666885 -0.062039301 0.34300002
-0.10344163 -0.061903648 0.34225002
-0.10030089 -0.061813213 0.34175003
-0.097026542 -0.061632335 0.34075001
-0.093907684 -0.0615419 0.34025002
-0.090998001 -0.061587121 0.34050003
-0.087890074 -0.061496682 0.34
-0.084666021 -0.061315812 0.33900002
-0.08139921 -0.061089721 0.33775002
-0.078270391 -0.060954064 0.33700001
-0.075210579 -0.060863629 0.33650002
-0.072105825 -0.060727973 0.33575001
-0.069014192 -0.06059232 0.33500001
-0.065787733 -0.060321014 0.33350003
-0.062446125 -0.059914049 0.33125001
-0.059458483 -0.059823614 0.33075002
-0.056607857 -0.059868831 0.33100003
-0.053793419 -0.059959266 0.33150002
-0.05093186 -0.060004484 0.33175001
-0.047957338 -0.059914049 0.33125001
-0.044991568 -0.059823614 0.33075002
-0.042098183 -0.059823614 0.33075002
-0.03917516 -0.059778392 0.33050001
-0.036256518 -0.059733178 0.33025002
-0.033316985 -0.059642736 0.32975
-0.030409278 -0.059597522 0.32950002
-0.027505945 -0.059552301 0.32925001
-0.024195621 -0.058512285 0.32350001
-0.019186165 -0.052543491 0.29050002
-0.016444342 -0.051910434 0.287
-0.013897271 -0.051774785 0.28625003
-0.01139317 -0.051774785 0.28625003
-0.0089045959 -0.05186522 0.28675002
-0.0063849678 -0.051774785 0.28625003
-0.0038706991 -0.051639128 0.28550002
-0.0013551229 -0.050960857 0.28175002
0.0010397076 -0.047750365 0.264
0.0032857351 -0.046846002 0.259
0.0055193035 -0.046574697 0.25750002
0.0077417176 -0.046393819 0.25650001
0.0099563692 -0.046258166 0.25575
0.012169818 -0.046167731 0.25525001
0.014388627 -0.046122514 0.25500003
0.016570473 -0.045986861 0.25425002
0.018757679 -0.045896426 0.25375003
0.020956803 -0.045851205 0.25350001
0.02308299 -0.045670327 0.2525
0.025216725 -0.045534678 0.25175002
0.027364563 -0.045444239 0.25125
0.029444825 -0.045263369 0.25025001
0.031507589 -0.045082495 0.24925001
0.033654224 -0.045037277 0.24900001
0.035832465 -0.045037277 0.24900001
0.037896216 -0.044901621 0.24825001
0.039866142 -0.044675533 0.24700001
0.041899275 -0.04453988 0.24625002
0.043874562 -0.044359006 0.24525002
0.046019994 -0.044359006 0.24525002
0.048067231 -0.044268567 0.24475001
0.050003152 -0.044087693 0.24375001
0.052135464 -0.044087693 0.24375001
0.054490414 -0.044268567 0.24475001
0.058424708 -0.045670327 0.2525
0.062734731 -0.047252968 0.26125002
0.067011178 -0.048699945 0.26925001
0.069753006 -0.048971258 0.27075002
0.072188109 -0.049016476 0.27100003
0.074283682 -0.048835602 0.27000001
0.076361753 -0.048654731 0.26900002
0.078714959 -0.048654731 0.26900002
0.081143491 -0.048699945 0.26925001
0.083421357 -0.048654731 0.26900002
0.0855354 -0.048519075 0.26825002
0.087554425 -0.048338201 0.26725
0.089892305 -0.048338201 0.26725
0.09214393 -0.048292983 0.26700002
0.09439116 -0.048247766 0.26675001
0.096452728 -0.048112109 0.266
0.098501176 -0.04797646 0.26525003
0.10063151 -0.047886018 0.26475
0.10265589 -0.047750365 0.264
0.10496535 -0.047750365 0.264
0.10717323 -0.047705147 0.26375002
0.10927296 -0.047614712 0.26325002
0.11125797 -0.04747906 0.26250002
0.11344616 -0.047433838 0.26225001
0.11574031 -0.047433838 0.26225001
0.11792195 -0.047388624 0.26200002
0.11975507 -0.047207747 0.26100001
0.12157071 -0.047026876 0.26000002
0.12360702 -0.046936441 0.25950003
0.12575585 -0.04689122 0.25925002
0.1281472 -0.046936441 0.25950003
0.13029164 -0.04689122 0.25925002
0.13255955 -0.04689122 0.25925002
0.14158835 -0.049242567 0.27225003
0.15507509 -0.053040892 0.29325002
0.1579092 -0.053131327 0.29375002
0.16034232 -0.053086106 0.29350001
0.16249356 -0.052950449 0.29275
0.16491358 -0.052905235 0.29250002
0.16747235 -0.052905235 0.29250002
0.16959514 -0.052769579 0.29175001
0.17170483 -0.052633926 0.29100001
0.17365168 -0.052453056 0.29000002
0.17603669 -0.052407835 0.28975001
0.17841734 -0.052362621 0.28950003
0.18048111 -0.052226964 0.28875002
0.18253173 -0.052091308 0.28800002
0.18472986 -0.052000873 0.28750002
0.18675643 -0.05186522 0.28675002
0.18843988 -0.051639128 0.28550002
0.19026862 -0.051458251 0.2845
0.19241863 -0.051367816 0.28400001
0.19438834 -0.051232163 0.28325
-0 -0 0
-0 -0 0
-0 -0 0
-0 -0 0
-0 -0 0
-0 -0 0
-0 -0 0
-0 -0 0
-0 -0 0
-0 -0 0
-0 -0 0
-0 -0 0
-0 -0 0
-0 -0 0
-0 -0 0
-0 -0 0
-0 -0 0
-0 -0 0
-0.19616495 -0.061709095 0.3585
-0.192625 -0.061579999 0.35775003
-0.18923055 -0.061493929 0.35725001
-0.18610536 -0.061493929 0.35725001
-0.18285212 -0.061450899 0.35700002
-0.17960323 -0.061407864 0.35675001
-0.17611137 -0.061278764 0.35600001
-0.17263265 -0.061149672 0.35525003
-0.16916704 -0.061020572 0.35450003
-0.16571455 -0.060891472 0.35375002
-0.16239011 -0.060805406 0.35325003
-0.15907441 -0.060719337 0.35275
-0.15587804 -0.060676306 0.35250002
-0.15246928 -0.06054721 0.35175002
-0.14896749 -0.06037508 0.35075003
-0.14558716 -0.06024598 0.35000002
-0.14140554 -0.059772618 0.34725001
-0.13498083 -0.058309499 0.33875
-0.13230976 -0.058438599 0.33950001
-0.13076846 -0.059084091 0.34325001
-0.12878935 -0.059557453 0.34600002
-0.1262169 -0.059772618 0.34725001
-0.12317918 -0.059772618 0.34725001
-0.12005495 -0.059729584 0.347
-0.1167665 -0.059600487 0.34625003
-0.11332691 -0.059385326 0.34500003
-0.10990921 -0.05917016 0.34375003
-0.10674659 -0.059084091 0.34325001
-0.10359275 -0.058998026 0.34275001
-0.10037426 -0.058868926 0.34200001
-0.097097725 -0.058696799 0.34100002
-0.093976684 -0.058610734 0.34050003
-0.090931192 -0.058567699 0.34025002
-0.087825455 -0.058481634 0.33975002
-0.084603578 -0.058309499 0.33875
-0.08139921 -0.058137368 0.33775002
-0.078212336 -0.057965241 0.33675003
-0.075154699 -0.057879172 0.33625001
-0.072052129 -0.057750072 0.3355
-0.068756677 -0.057448842 0.33375001
-0.065393202 -0.057061549 0.33150002
-0.062399 -0.056975484 0.33100003
-0.059593312 -0.057061549 0.33150002
-0.056736119 -0.05710458 0.33175001
-0.053874556 -0.057147615 0.33200002
-0.05093186 -0.05710458 0.33175001
-0.047993533 -0.057061549 0.33150002
-0.045025576 -0.056975484 0.33100003
-0.042098183 -0.056932449 0.33075002
-0.03917516 -0.056889415 0.33050001
-0.036256518 -0.056846384 0.33025002
-0.033342246 -0.056803349 0.33000001
-0.030386206 -0.056674253 0.32925001
-0.027485061 -0.056631222 0.32900003
-0.023522481 -0.054135315 0.3145
-0.019021051 -0.049573835 0.28800002
-0.016458668 -0.049444735 0.28725001
-0.01394582 -0.049444735 0.28725001
-0.01142302 -0.0494017 0.287
-0.0089045959 -0.04935867 0.28675002
-0.0063793915 -0.04922957 0.28600001
-0.0038605307 -0.049014408 0.28475001
-0.0012889899 -0.046131205 0.26800001
0.0010288773 -0.04496932 0.26125002
0.0032984216 -0.044754159 0.26000002
0.0055407374 -0.044495959 0.25850001
0.0077643543 -0.044280794 0.25725001
0.0099953003 -0.044194728 0.25675002
0.012181738 -0.043979567 0.25550002
0.014402733 -0.043936532 0.25525001
0.016619354 -0.043893501 0.25500003
0.018813118 -0.043807432 0.2545
0.020998137 -0.043721367 0.25400001
0.023105845 -0.043506201 0.25275001
0.025241764 -0.043377105 0.252
0.027391791 -0.04329104 0.25150001
0.029503655 -0.04316194 0.25075001
0.031602394 -0.04303284 0.25
0.033721805 -0.042946775 0.24950001
0.035904419 -0.042946775 0.24950001
0.038087029 -0.042946775 0.24950001
0.040188946 -0.042860709 0.24900001
0.04206942 -0.042559478 0.24725001
0.043964006 -0.042301282 0.24575001
0.046066906 -0.042258251 0.24550001
0.048165429 -0.042215221 0.24525002
0.050208293 -0.042129152 0.24475001
0.052242409 -0.042043086 0.24425001
0.054434754 -0.042086121 0.24450001
0.056920707 -0.042344317 0.24600001
0.061113831 -0.043807432 0.2545
0.065953434 -0.045614813 0.26500002
0.069753006 -0.04660457 0.27075002
0.072188109 -0.046647605 0.27100003
0.074352466 -0.046518505 0.27025002
0.07643272 -0.04634637 0.26925001
0.078788109 -0.04634637 0.26925001
0.081143491 -0.04634637 0.26925001
0.083343819 -0.046260305 0.26875001
0.085455678 -0.046131205 0.26800001
0.087636329 -0.046045139 0.26750001
0.0899764 -0.046045139 0.26750001
0.092230201 -0.046002105 0.26725
0.09439116 -0.045916043 0.26675001
0.096543379 -0.045829978 0.26625001
0.098594002 -0.045700878 0.26550001
0.10063151 -0.045571778 0.26475
0.10265589 -0.045442678 0.264
0.10496535 -0.045442678 0.264
0.10707164 -0.045356613 0.26350001
0.10916919 -0.045270551 0.26300001
0.11115201 -0.045141451 0.26225001
0.11333802 -0.04509842 0.26200002
0.11551964 -0.045055386 0.26175001
0.11758438 -0.04496932 0.26125002
0.11952566 -0.04484022 0.26050001
0.1216876 -0.044797186 0.26025
0.12384517 -0.044754159 0.26000002
0.12587711 -0.044668093 0.25950003
0.1281472 -0.044668093 0.25950003
0.13041729 -0.044668093 0.25950003
0.1328152 -0.04471112 0.25975001
0.14691903 -0.048627108 0.2825
0.15533949 -0.050563589 0.29375002
0.15777481 -0.050520554 0.29350001
0.16006917 -0.050434489 0.29300001
0.16235481 -0.050348427 0.29250002
0.16491358 -0.050348427 0.29250002
0.16747235 -0.050348427 0.29250002
0.16959514 -0.050219327 0.29175001
0.17155732 -0.050047196 0.29075003
0.17365168 -0.049918097 0.29000002
0.17588481 -0.049832035 0.28950003
0.17810918 -0.049745962 0.289
0.18048111 -0.049702935 0.28875002
0.18253173 -0.049573835 0.28800002
0.18489049 -0.0495308 0.28775001
0.18675643 -0.04935867 0.28675002
0.18860488 -0.049186535 0.28575
0.19043581 -0.049014408 0.28475001
0.19258803 -0.048928343 0.28425002
0.19438834 -0.048756208 0.28325
-0 -0 0
-0 -0 0
-0 -0 0
-0 -0 0
-0 -0 0
-0 -0 0
-0 -0 0
-0 -0 0
-0 -0 0
-0 -0 0
-0 -0 0
-0 -0 0
-0 -0 0
-0 -0 0
-0 -0 0
-0 -0 0
-0 -0 0
-0.19985703 -0.058738753 0.35950002
-0.19671214 -0.058738753 0.35950002
-0.19329804 -0.058657061 0.35900003
-0.18976025 -0.058534518 0.35825002
-0.18636583 -0.058452822 0.35775003
-0.18285212 -0.058330279 0.35700002
-0.17947738 -0.058248587 0.35650003
-0.17598771 -0.058126044 0.35575002
-0.17251116 -0.0580035 0.35500002
-0.16880915 -0.057799261 0.35375002
-0.16548033 -0.057717569 0.35325003
-0.16216026 -0.05763587 0.35275
-0.15896168 -0.057595026 0.35250002
-0.15576747 -0.057554174 0.35225001
-0.15214418 -0.057349939 0.35100001
-0.14875512 -0.057227395 0.35025001
-0.14558716 -0.057186548 0.35000002
-0.14232178 -0.057104856 0.34950003
-0.13767049 -0.056451295 0.34550002
-0.13396607 -0.056165364 0.34375003
-0.13200663 -0.056614682 0.34650001
-0.1293477 -0.056778073 0.34750003
-0.1262169 -0.056737226 0.34725001
-0.12317918 -0.056737226 0.34725001
-0.12005495 -0.056696374 0.347
-0.11668219 -0.056532986 0.34600002
-0.11324479 -0.056328751 0.34475002
-0.10998914 -0.056206208 0.34400001
-0.10682435 -0.056124512 0.34350002
-0.10366831 -0.05604282 0.34300002
-0.10037426 -0.055879425 0.34200001
-0.097240098 -0.055797733 0.34150001
-0.094114684 -0.055716038 0.34100002
-0.090931192 -0.055593494 0.34025002
-0.087825455 -0.055511799 0.33975002
-0.084603578 -0.055348407 0.33875
-0.08139921 -0.05518502 0.33775002
-0.078212336 -0.055021632 0.33675003
-0.075042948 -0.054858238 0.33575001
-0.071944751 -0.054735694 0.33500001
-0.068447657 -0.054286376 0.33225003
-0.065442517 -0.054204676 0.33175001
-0.062634647 -0.054286376 0.33225003
-0.05977308 -0.05432722 0.33250001
-0.056864385 -0.05432722 0.33250001
-0.053955693 -0.05432722 0.33250001
-0.051008623 -0.054286376 0.33225003
-0.048029725 -0.054204676 0.33175001
-0.04505958 -0.054122981 0.33125001
-0.042066362 -0.054000437 0.33050001
-0.039145529 -0.053959593 0.33025002
-0.03622907 -0.053918745 0.33000001
-0.033316985 -0.053877894 0.32975
-0.030363135 -0.053755358 0.32900003
-0.027422406 -0.053632814 0.32825002
-0.022494076 -0.049139585 0.30075002
-0.019004539 -0.04701551 0.28775001
-0.016458668 -0.046933819 0.28725001
-0.013957958 -0.046974666 0.28750002
-0.01142302 -0.046892967 0.287
-0.0088968314 -0.046811271 0.28650001
-0.0063738148 -0.046688728 0.28575
-0.0037825746 -0.045585848 0.27900001
-0.0012613343 -0.042849064 0.26225001
0.0010298619 -0.04272652 0.2615
0.0032984216 -0.042481437 0.26000002
0.0055460962 -0.042277198 0.25875002
0.0077945362 -0.042195499 0.25825
0.010024497 -0.042072963 0.25750002
0.012241337 -0.04195042 0.25675002
0.01445916 -0.041868724 0.25625002
0.016651941 -0.041746181 0.25550002
0.0188316 -0.041623637 0.25475001
0.020977473 -0.04146025 0.25375003
0.023105845 -0.041296858 0.25275001
0.025266808 -0.041215163 0.25225002
0.027419021 -0.041133467 0.25175002
0.029562484 -0.041051771 0.25125
0.031697202 -0.040970076 0.25075001
0.033789381 -0.040847532 0.25
0.035940394 -0.040806688 0.24975002
0.038163356 -0.040847532 0.25
0.040309995 -0.040806688 0.24975002
0.042282108 -0.040602449 0.2485
0.044142906 -0.040316515 0.24675001
0.04620764 -0.040234823 0.24625002
0.048263624 -0.040153127 0.24575001
0.050362151 -0.040112279 0.24550001
0.052456301 -0.040071432 0.24525002
0.054490414 -0.039989736 0.24475001
0.056573629 -0.039948888 0.24450001
0.059192769 -0.040275671 0.24650002
0.064584598 -0.042399742 0.25950003
0.069302164 -0.043951947 0.26900002
0.072121516 -0.044237882 0.27075002
0.074421242 -0.04419703 0.2705
0.076574653 -0.044074487 0.26975
0.078934416 -0.044074487 0.26975
0.081218831 -0.044033643 0.26950002
0.083343819 -0.043911099 0.26875001
0.085455678 -0.043788556 0.26800001
0.087636329 -0.04370686 0.26750001
0.089808226 -0.043625169 0.26700002
0.092057653 -0.043584317 0.26675001
0.094302706 -0.043543473 0.26650003
0.096362084 -0.043420929 0.26575002
0.098408327 -0.043298386 0.26500002
0.10063151 -0.043257538 0.26475
0.10285033 -0.043216694 0.26450002
0.10506476 -0.043175843 0.26425001
0.10697006 -0.043012455 0.26325002
0.10896164 -0.042889912 0.26250002
0.11115201 -0.042849064 0.26225001
0.11333802 -0.04280822 0.26200002
0.11551964 -0.042767368 0.26175001
0.11735935 -0.042603981 0.26075003
0.11929625 -0.042481437 0.26000002
0.12157071 -0.042481437 0.26000002
0.12408334 -0.042563129 0.26050001
0.12624091 -0.042522281 0.26025
0.12827066 -0.042440586 0.25975001
0.13041729 -0.042399742 0.25950003
0.13434915 -0.042930756 0.26275
0.15120959 -0.047505684 0.29075003
0.1556039 -0.048077546 0.29425001
0.15804358 -0.048036698 0.294
0.16020575 -0.047914159 0.29325002
0.16249356 -0.047832459 0.29275
0.16491358 -0.047791615 0.29250002
0.16732921 -0.047750767 0.29225001
0.16944981 -0.047628224 0.2915
0.17170483 -0.047546528 0.29100001
0.17380138 -0.047423985 0.29025
0.17573293 -0.047260597 0.28925002
0.17795512 -0.047178905 0.28875002
0.18048111 -0.047178905 0.28875002
0.18269016 -0.047097206 0.28825
0.18505113 -0.047056362 0.28800002
0.18691924 -0.046892967 0.287
0.18860488 -0.046688728 0.28575
0.19043581 -0.046525341 0.28475001
0.1927574 -0.046484493 0.2845
0.19455992 -0.046321105 0.28350002
-0 -0 0
-0 -0 0
-0 -0 0
-0 -0 0
-0 -0 0
-0 -0 0
-0 -0 0
-0 -0 0
-0 -0 0
-0 -0 0
-0 -0 0
-0 -0 0
-0 -0 0
-0 -0 0
-0 -0 0
-0 -0 0
-0 -0 0
-0.19874516 -0.055286985 0.35750002
-0.19684893 -0.055634942 0.35975
-0.19343264 -0.05555762 0.35925001
-0.18976025 -0.055402972 0.35825002
-0.18623559 -0.055286985 0.35750002
-0.18285212 -0.055209659 0.35700002
-0.17947738 -0.055132337 0.35650003
-0.17586403 -0.054977685 0.35550001
-0.17226818 -0.054823037 0.35450003
-0.16868983 -0.054668389 0.35350001
-0.16548033 -0.054629728 0.35325003
-0.16227518 -0.054591063 0.35300002
-0.15907441 -0.054552399 0.35275
-0.15565693 -0.054436415 0.35200003
-0.15214418 -0.054281767 0.35100001
-0.14896749 -0.054243106 0.35075003
-0.14579514 -0.054204442 0.35050002
-0.14262718 -0.054165777 0.35025001
-0.13906512 -0.053972468 0.34900001
-0.13542752 -0.053740498 0.34750003
-0.13257809 -0.05381782 0.34800002
-0.1295338 -0.05381782 0.34800002
-0.1262169 -0.053701833 0.34725001
-0.1230905 -0.053663168 0.347
-0.11979548 -0.053547185 0.34625003
-0.11642927 -0.053392533 0.34525001
-0.11316267 -0.053276546 0.34450001
-0.10990921 -0.053160563 0.34375003
-0.10682435 -0.053121898 0.34350002
-0.10374387 -0.053083237 0.34325001
-0.10052101 -0.052967254 0.34250003
-0.097311288 -0.052851267 0.34175003
-0.093907684 -0.05261929 0.34025002
-0.090797566 -0.052541967 0.33975002
-0.08769621 -0.052464645 0.33925003
-0.084541142 -0.052348655 0.33850002
-0.081338957 -0.052194003 0.33750001
-0.078096204 -0.052000694 0.33625001
-0.074707687 -0.051691394 0.33425
-0.071461543 -0.051459424 0.33275002
-0.068447657 -0.051382102 0.33225003
-0.065639786 -0.051459424 0.33275002
-0.062823161 -0.05153675 0.33325002
-0.05986296 -0.051498085 0.333
-0.056949895 -0.051498085 0.333
-0.054036826 -0.051498085 0.333
-0.051047005 -0.051420759 0.33250001
-0.048065923 -0.051343437 0.33200002
-0.045093589 -0.051266115 0.33150002
-0.042098183 -0.051150128 0.33075002
-0.039145529 -0.051072802 0.33025002
-0.036201622 -0.050995477 0.32975
-0.033316985 -0.050995477 0.32975
-0.030386206 -0.050918151 0.32925001
-0.02704647 -0.050067585 0.32375002
-0.021839635 -0.045157481 0.29200003
-0.019004539 -0.044500221 0.28775001
-0.016444342 -0.044384234 0.287
-0.013921545 -0.044345576 0.28675002
-0.01139317 -0.04426825 0.28625003
-0.0088735418 -0.044190925 0.28575
-0.0063570859 -0.044074941 0.28500003
-0.0036537771 -0.041677881 0.26950002
-0.0012625367 -0.040595338 0.26250002
0.0010308464 -0.040479351 0.26175001
0.0033047646 -0.040286042 0.26050001
0.0055621718 -0.040131394 0.25950003
0.0078096278 -0.040015407 0.25875002
0.010053694 -0.039938077 0.25825
0.012289014 -0.039860755 0.25775
0.014501479 -0.039744768 0.257
0.016668232 -0.039551456 0.25575
0.018794639 -0.039319485 0.25425002
0.020936135 -0.039164834 0.25325
0.023037281 -0.038971525 0.252
0.025116557 -0.038778212 0.25075001
0.027173964 -0.038584903 0.24950001
0.029356578 -0.038584903 0.24950001
0.031570792 -0.038623564 0.24975002
0.033755593 -0.038623564 0.24975002
0.036012348 -0.03870089 0.25025001
0.038163356 -0.038662225 0.25
0.040269643 -0.038584903 0.24950001
0.042324647 -0.038468916 0.24875002
0.044321802 -0.038314268 0.24775001
0.046301462 -0.038159616 0.24675001
0.048410922 -0.038120955 0.24650002
0.05046472 -0.038043629 0.24600001
0.052563243 -0.038004968 0.24575001
0.054490414 -0.03785032 0.24475001
0.056515783 -0.037772994 0.24425001
0.058712505 -0.037811659 0.24450001
0.063340187 -0.039358146 0.2545
0.068915717 -0.041368581 0.26750001
0.071988329 -0.041793868 0.27025002
0.074421242 -0.041832529 0.2705
0.076787554 -0.041832529 0.2705
0.078934416 -0.041716542 0.26975
0.081068151 -0.041600559 0.26900002
0.083343819 -0.041561894 0.26875001
0.0855354 -0.041484572 0.26825002
0.087554425 -0.04132992 0.26725
0.089724131 -0.041252594 0.26675001
0.091971382 -0.041213937 0.26650003
0.094214238 -0.041175272 0.26625001
0.096362084 -0.04109795 0.26575002
0.098408327 -0.04098196 0.26500002
0.10072654 -0.04098196 0.26500002
0.10285033 -0.040904637 0.26450002
0.10506476 -0.040865973 0.26425001
0.10697006 -0.040711325 0.26325002
0.10916919 -0.040672664 0.26300001
0.11146989 -0.040672664 0.26300001
0.11355431 -0.040595338 0.26250002
0.11551964 -0.040479351 0.26175001
0.11747186 -0.040363364 0.26100001
0.11941094 -0.040247377 0.26025
0.12157071 -0.040208716 0.26000002
0.12408334 -0.040286042 0.26050001
0.12624091 -0.040247377 0.26025
0.12839411 -0.040208716 0.26000002
0.13041729 -0.040131394 0.25950003
0.14010151 -0.042373803 0.27400002
0.1528998 -0.045466777 0.294
0.1557361 -0.045544103 0.29450002
0.15817797 -0.045505442 0.29425001
0.16034232 -0.045389455 0.29350001
0.16263233 -0.045312129 0.29300001
0.16477261 -0.045196142 0.29225001
0.16704293 -0.04511882 0.29175001
0.16915916 -0.045002833 0.29100001
0.17155732 -0.044964172 0.29075003
0.17380138 -0.044886842 0.29025
0.17588481 -0.044770859 0.28950003
0.17810918 -0.044693533 0.289
0.18048111 -0.044654872 0.28875002
0.18284862 -0.044616211 0.28850001
0.18505113 -0.044538885 0.28800002
0.18691924 -0.044384234 0.287
0.18860488 -0.044190925 0.28575
0.19060302 -0.044074941 0.28500003
0.1927574 -0.043997612 0.2845
0.19438834 -0.043804303 0.28325
-0 -0 0
-0 -0 0
-0 -0 0
-0 -0 0
-0 -0 0
-0 -0 0
-0 -0 0
-0 -0 0
-0 -0 0
-0 -0 0
-0 -0 0
-0 -0 0
-0 -0 0
-0 -0 0
-0 -0 0
-0 -0 0
-0 -0 0
-0.19860618 -0.052125517 0.35725001
-0.19643855 -0.052380856 0.35900003
-0.19302881 -0.0523079 0.3585
-0.1894954 -0.052198473 0.35775003
-0.18610536 -0.052125517 0.35725001
-0.18285212 -0.052089043 0.35700002
-0.17947738 -0.052016091 0.35650003
-0.17586403 -0.051870178 0.35550001
-0.17226818 -0.051724274 0.35450003
-0.16880915 -0.05161484 0.35375002
-0.16559742 -0.051578362 0.35350001
-0.16216026 -0.051468931 0.35275
-0.15907441 -0.051468931 0.35275
-0.15576747 -0.051395979 0.35225001
-0.1523609 -0.051286548 0.3515
-0.14917985 -0.051250074 0.35125002
-0.14589913 -0.051177118 0.35075003
-0.14252539 -0.051067688 0.35000002
-0.13896552 -0.050885305 0.34875003
-0.13571981 -0.050812345 0.34825
-0.13267332 -0.050812345 0.34825
-0.1295338 -0.050775871 0.34800002
-0.12630777 -0.050702918 0.34750003
-0.1230905 -0.050629962 0.347
-0.11979548 -0.050520536 0.34625003
-0.11651358 -0.050411105 0.34550002
-0.11316267 -0.050265193 0.34450001
-0.10990921 -0.050155766 0.34375003
-0.10674659 -0.05008281 0.34325001
-0.10366831 -0.050046336 0.34300002
-0.10052101 -0.04997338 0.34250003
-0.097311288 -0.049863949 0.34175003
-0.093907684 -0.049645089 0.34025002
-0.090663947 -0.04949918 0.33925003
-0.087373078 -0.049316797 0.33800003
-0.084291384 -0.049243841 0.33750001
-0.0810377 -0.049061455 0.33625001
-0.077689752 -0.04880612 0.33450001
-0.074428298 -0.048587255 0.333
-0.071461543 -0.048550781 0.33275002
-0.068602167 -0.048587255 0.333
-0.065787733 -0.048660211 0.33350003
-0.062964551 -0.048733164 0.33400002
-0.05999779 -0.048696686 0.33375001
-0.05699265 -0.048623733 0.33325002
-0.054036826 -0.048587255 0.333
-0.051085386 -0.048550781 0.33275002
-0.048102118 -0.048477829 0.33225003
-0.045127593 -0.048404869 0.33175001
-0.042193644 -0.048368394 0.33150002
-0.039264061 -0.048331916 0.33125001
-0.036256518 -0.048186012 0.33025002
-0.033316985 -0.048113056 0.32975
-0.030409278 -0.048076581 0.32950002
-0.026231943 -0.04581501 0.31400001
-0.021633953 -0.042203795 0.28925002
-0.019037561 -0.042057887 0.28825
-0.016458668 -0.041911978 0.28725001
-0.013897271 -0.041766074 0.28625003
-0.011363318 -0.041656643 0.28550002
-0.0088502523 -0.041583691 0.28500003
-0.0062734396 -0.041036531 0.28125
-0.00357921 -0.038519625 0.264
-0.0012625367 -0.038300768 0.26250002
0.0010338002 -0.038300768 0.26250002
0.0033206225 -0.038191333 0.26175001
0.0055943229 -0.038081903 0.26100001
0.0078473557 -0.037935998 0.26000002
0.010082892 -0.037790086 0.259
0.012324773 -0.037717134 0.25850001
0.014529692 -0.037571229 0.25750002
0.016651941 -0.037279412 0.25550002
0.018554393 -0.036622826 0.25100002
0.020398783 -0.036002718 0.24675001
0.022374503 -0.035710905 0.24475001
0.024315234 -0.035419088 0.24275002
0.026329884 -0.035273183 0.24175002
0.028503532 -0.035346135 0.24225001
0.03100195 -0.035783857 0.24525002
0.033485278 -0.036148626 0.24775001
0.035940394 -0.036440443 0.24975002
0.038125195 -0.036440443 0.24975002
0.040269643 -0.036403965 0.24950001
0.042452257 -0.036403965 0.24950001
0.044545423 -0.036331013 0.24900001
0.04658293 -0.036221579 0.24825001
0.048656411 -0.036148626 0.24775001
0.05066986 -0.036039196 0.24700001
0.052670188 -0.035929766 0.24625002
0.054713052 -0.035856813 0.24575001
0.056747168 -0.035783857 0.24525002
0.058832567 -0.035747379 0.245
0.061909124 -0.036294535 0.24875002
0.067820795 -0.038410198 0.26325002
0.072121516 -0.039504506 0.27075002
0.074490026 -0.039504506 0.27075002
0.076858528 -0.039504506 0.27075002
0.079007573 -0.039395072 0.27000001
0.081068151 -0.039249167 0.26900002
0.083266288 -0.039176211 0.2685
0.085615106 -0.039176211 0.2685
0.087718233 -0.039066784 0.26775002
0.089892305 -0.038993824 0.26725
0.092057653 -0.038920872 0.26675001
0.094214238 -0.03884792 0.26625001
0.096452728 -0.038811442 0.266
0.098501176 -0.038702015 0.26525003
0.10072654 -0.038665533 0.26500002
0.10294753 -0.038629055 0.26475
0.10506476 -0.038556103 0.26425001
0.10717323 -0.03848315 0.26375002
0.10927296 -0.038410198 0.26325002
0.11146989 -0.03837372 0.26300001
0.11366245 -0.038337242 0.26275
0.11585065 -0.038300768 0.26250002
0.1176969 -0.038154855 0.2615
0.11952566 -0.038008951 0.26050001
0.1216876 -0.037972473 0.26025
0.12408334 -0.038008951 0.26050001
0.12624091 -0.037972473 0.26025
0.12839411 -0.037935998 0.26000002
0.13091986 -0.038008951 0.26050001
0.14547035 -0.041510731 0.2845
0.15341987 -0.043042764 0.29500002
0.15600051 -0.043042764 0.29500002
0.15817797 -0.042933334 0.29425001
0.16034232 -0.042823903 0.29350001
0.16263233 -0.042750951 0.29300001
0.16491358 -0.042677995 0.29250002
0.16718608 -0.042605042 0.29200003
0.16930449 -0.042495612 0.29125002
0.17155732 -0.04242266 0.29075003
0.17380138 -0.042349704 0.29025
0.17618859 -0.042313229 0.29000002
0.17826326 -0.042203795 0.28925002
0.18048111 -0.042130843 0.28875002
0.18284862 -0.042094365 0.28850001
0.18472986 -0.04194846 0.28750002
0.18659359 -0.041802548 0.28650001
0.18843988 -0.041656643 0.28550002
0.19060302 -0.041583691 0.28500003
0.19224927 -0.041401304 0.28375003
0.19404522 -0.041255396 0.28275001
-0 -0 0
-0 -0 0
-0 -0 0
-0 -0 0
-0 -0 0
-0 -0 0
-0 -0 0
-0 -0 0
-0 -0 0
-0 -0 0
-0 -0 0
-0 -0 0
-0 -0 0
-0 -0 0
-0 -0 0
-0 -0 0
-0 -0 0
-0 -0 0
-0.19616495 -0.049174171 0.3585
-0.19289422 -0.04913988 0.35825002
-0.18976025 -0.04913988 0.35825002
-0.18623559 -0.049037006 0.35750002
-0.18285212 -0.048968423 0.35700002
-0.17947738 -0.048899841 0.35650003
-0.17598771 -0.048796963 0.35575002
-0.17251116 -0.048694089 0.35500002
-0.16904774 -0.048591215 0.35425001
-0.16559742 -0.048488338 0.35350001
-0.16216026 -0.048385464 0.35275
-0.15896168 -0.048351172 0.35250002
-0.15565693 -0.04828259 0.35200003
-0.15246928 -0.048248298 0.35175002
-0.14907366 -0.048145421 0.35100001
-0.14558716 -0.048008256 0.35000002
-0.14232178 -0.047939677 0.34950003
-0.13896552 -0.047836799 0.34875003
-0.13581723 -0.047802508 0.34850001
-0.13267332 -0.047768213 0.34825
-0.12944074 -0.04769963 0.34775001
-0.1262169 -0.047631048 0.34725001
-0.1230905 -0.047596756 0.347
-0.11979548 -0.047493882 0.34625003
-0.11668219 -0.047459591 0.34600002
-0.11332691 -0.047322426 0.34500003
-0.10982927 -0.047116674 0.34350002
-0.10666885 -0.047048092 0.34300002
-0.1035172 -0.046979509 0.34250003
-0.10044764 -0.046945218 0.34225002
-0.097311288 -0.046876635 0.34175003
-0.094045676 -0.046739466 0.34075001
-0.090663947 -0.046533719 0.33925003
-0.087243825 -0.046293676 0.33750001
-0.084104076 -0.046190802 0.33675003
-0.080856942 -0.046019342 0.3355
-0.077573627 -0.045813594 0.33400002
-0.074428298 -0.045676425 0.333
-0.071568921 -0.04571072 0.33325002
-0.068653673 -0.04571072 0.33325002
-0.065738417 -0.04571072 0.33325002
-0.062964551 -0.045813594 0.33400002
-0.060042735 -0.045813594 0.33400002
-0.057035409 -0.045745011 0.33350003
-0.054077398 -0.04571072 0.33325002
-0.051085386 -0.045642138 0.33275002
-0.048102118 -0.045573555 0.33225003
-0.045161601 -0.04553926 0.33200002
-0.042225461 -0.045504969 0.33175001
-0.039293695 -0.045470677 0.33150002
-0.036283962 -0.045333508 0.33050001
-0.033316985 -0.045230635 0.32975
-0.030409278 -0.045196343 0.32950002
-0.025166791 -0.041321393 0.30125001
-0.021596557 -0.039606813 0.28875002
-0.019037561 -0.039538227 0.28825
-0.016458668 -0.039401062 0.28725001
-0.013897271 -0.039263897 0.28625003
-0.011363318 -0.039161023 0.28550002
-0.0088502523 -0.03909244 0.28500003
-0.0061563361 -0.037857942 0.27600002
-0.0035825996 -0.036246233 0.26425001
-0.0012649416 -0.036074776 0.26300001
0.0010367539 -0.036109067 0.26325002
0.0033301371 -0.036006194 0.26250002
0.0056103985 -0.035903316 0.26175001
0.0078850836 -0.035834733 0.26125002
0.010121822 -0.035663277 0.26000002
0.012324773 -0.035457525 0.25850001
0.014346308 -0.03487457 0.25425002
0.015837267 -0.033331446 0.24300002
0.01768581 -0.032817073 0.23925
0.019468745 -0.032302696 0.23550001
0.021414617 -0.03213124 0.23425001
0.023388699 -0.032028366 0.2335
0.025513031 -0.03213124 0.23425001
0.027768148 -0.032371283 0.23600002
0.030053878 -0.032611322 0.23775001
0.032539178 -0.033022821 0.24075001
0.035292819 -0.033640072 0.24525002
0.037781727 -0.033948697 0.24750002
0.040148593 -0.034120154 0.24875002
0.042452257 -0.034223028 0.24950001
0.044590149 -0.034188736 0.24925001
0.046770576 -0.034188736 0.24925001
0.048852805 -0.034120154 0.24875002
0.050823718 -0.033982988 0.24775001
0.052830603 -0.033880111 0.24700001
0.05493569 -0.03384582 0.24675001
0.0570364 -0.033811528 0.24650002
0.059072703 -0.033742946 0.24600001
0.061411358 -0.03384582 0.24675001
0.066854686 -0.035594694 0.25950003
0.071921729 -0.03703494 0.27000001
0.074558809 -0.037172109 0.27100003
0.076858528 -0.037137818 0.27075002
0.079007573 -0.03703494 0.27000001
0.081143491 -0.036932066 0.26925001
0.083266288 -0.036829188 0.2685
0.0855354 -0.036794901 0.26825002
0.087718233 -0.036726318 0.26775002
0.0899764 -0.036692023 0.26750001
0.092057653 -0.036589149 0.26675001
0.094214238 -0.036520567 0.26625001
0.096362084 -0.036451984 0.26575002
0.098501176 -0.036383402 0.26525003
0.10063151 -0.036314815 0.26475
0.10294753 -0.036314815 0.26475
0.10526355 -0.036314815 0.26475
0.1073764 -0.036246233 0.26425001
0.10927296 -0.036109067 0.26325002
0.11146989 -0.036074776 0.26300001
0.1137706 -0.036074776 0.26300001
0.11596097 -0.036040481 0.26275
0.11780942 -0.035903316 0.26175001
0.11975507 -0.035800442 0.26100001
0.1218045 -0.03573186 0.26050001
0.12396425 -0.035697568 0.26025
0.12611964 -0.035663277 0.26000002
0.12827066 -0.035628986 0.25975001
0.13406092 -0.036589149 0.26675001
0.14994441 -0.04022406 0.29325002
0.15354989 -0.040498395 0.29525003
0.15600051 -0.040464103 0.29500002
0.15817797 -0.040361226 0.29425001
0.1604789 -0.040292643 0.29375002
0.16277111 -0.04022406 0.29325002
0.16505452 -0.040155474 0.29275
0.16747235 -0.040121187 0.29250002
0.16959514 -0.040018313 0.29175001
0.17185235 -0.03994973 0.29125002
0.17410079 -0.039881147 0.29075003
0.17634046 -0.039812561 0.29025
0.17826326 -0.039675396 0.28925002
0.18048111 -0.039606813 0.28875002
0.18253173 -0.039503936 0.28800002
0.18424796 -0.039332479 0.28675002
0.18626796 -0.039229605 0.28600001
0.18827486 -0.039126728 0.28525001
0.18993422 -0.038955271 0.28400001
0.19140235 -0.03874952 0.2825
0.19370207 -0.038715228 0.28225002
-0 -0 0
-0 -0 0
-0 -0 0
-0 -0 0
-0 -0 0
-0 -0 0
-0 -0 0
-0 -0 0
-0 -0 0
-0 -0 0
-0 -0 0
-0 -0 0
-0 -0 0
-0 -0 0
-0 -0 0
-0 -0 0
-0 -0 0
-0 -0 0
-0 -0 0
-0.192625 -0.045944124 0.35775003
-0.18962783 -0.045976225 0.35800001
-0.18623559 -0.045912016 0.35750002
-0.18285212 -0.045847803 0.35700002
-0.17960323 -0.045815695 0.35675001
-0.17623505 -0.045751482 0.35625002
-0.17263265 -0.04562306 0.35525003
-0.16904774 -0.045494631 0.35425001
-0.16583166 -0.045462526 0.354
-0.16250503 -0.045398314 0.35350001
-0.15907441 -0.045301992 0.35275
-0.15554638 -0.045173571 0.35175002
-0.15225255 -0.045109358 0.35125002
-0.14907366 -0.045077249 0.35100001
-0.14569114 -0.044980932 0.35025001
-0.14242357 -0.044916719 0.34975001
-0.13896552 -0.044788297 0.34875003
-0.13581723 -0.044756189 0.34850001
-0.13257809 -0.044691976 0.34800002
-0.12916158 -0.044563547 0.347
-0.12585343 -0.044467233 0.34625003
-0.12282446 -0.044467233 0.34625003
-0.11970898 -0.044435125 0.34600002
-0.11659788 -0.044403017 0.34575
-0.11324479 -0.044274595 0.34475002
-0.10982927 -0.044114061 0.34350002
-0.10651336 -0.043985639 0.34250003
-0.10336607 -0.043921422 0.34200001
-0.10030089 -0.043889318 0.34175003
-0.097168908 -0.043825105 0.34125
-0.093976684 -0.043728787 0.34050003
-0.09059713 -0.043536149 0.33900002
-0.087243825 -0.04334351 0.33750001
-0.08404164 -0.043215085 0.33650002
-0.080796696 -0.043054555 0.33525002
-0.07763169 -0.042926125 0.33425
-0.074651808 -0.042894024 0.33400002
-0.071783684 -0.042926125 0.33425
-0.068756677 -0.042861916 0.33375001
-0.065837048 -0.042861916 0.33375001
-0.063011676 -0.042926125 0.33425
-0.060087673 -0.042926125 0.33425
-0.05707816 -0.042861916 0.33375001
-0.054077398 -0.042797703 0.33325002
-0.051123764 -0.042765595 0.333
-0.048138309 -0.042701382 0.33250001
-0.045161601 -0.042637173 0.33200002
-0.042225461 -0.042605065 0.33175001
-0.039293695 -0.04257296 0.33150002
-0.03631141 -0.042476639 0.33075002
-0.033342246 -0.042380322 0.33000001
-0.030155484 -0.04196294 0.32675001
-0.024561116 -0.037757013 0.294
-0.021577857 -0.037050676 0.28850001
-0.019037561 -0.037018567 0.28825
-0.016472992 -0.03692225 0.28750002
-0.013933682 -0.036858037 0.287
-0.01139317 -0.03676172 0.28625003
-0.0088657783 -0.036665399 0.28550002
-0.0060559609 -0.034867447 0.27150002
-0.0035995466 -0.034096893 0.26550001
-0.0012721561 -0.033968471 0.26450002
0.0010377384 -0.033840045 0.26350001
0.0033333085 -0.033743724 0.26275
0.0056211152 -0.033679511 0.26225001
0.0079001738 -0.033615302 0.26175001
0.010141288 -0.033454768 0.26050001
0.012038704 -0.032427367 0.2525
0.013471705 -0.03066152 0.23875001
0.015381048 -0.030308351 0.23600002
0.017390123 -0.030212032 0.23525001
0.019303406 -0.029987287 0.2335
0.021277489 -0.029890969 0.23275001
0.023263492 -0.029826757 0.23225001
0.025240747 -0.029762544 0.23175001
0.027238669 -0.029730437 0.23150001
0.029263819 -0.029730437 0.23150001
0.031593073 -0.030019395 0.23375002
0.034321457 -0.030629415 0.23850001
0.037094783 -0.031207329 0.24300002
0.039664391 -0.031560495 0.24575001
0.042154498 -0.031817347 0.24775001
0.044590149 -0.032009985 0.24925001
0.046911307 -0.032106303 0.25
0.048951 -0.032009985 0.24925001
0.050926287 -0.03188156 0.24825001
0.052991021 -0.031817347 0.24775001
0.055047005 -0.031753134 0.24725001
0.057094246 -0.031688921 0.24675001
0.059192769 -0.031656817 0.24650002
0.061286923 -0.031624712 0.24625002
0.065308914 -0.032555792 0.25350001
0.071388975 -0.034417957 0.26800001
0.074490026 -0.034771129 0.27075002
0.076787554 -0.034739021 0.2705
0.078934416 -0.0346427 0.26975
0.081068151 -0.034546386 0.26900002
0.083188765 -0.034450065 0.26825002
0.085375965 -0.034385853 0.26775002
0.087718233 -0.034385853 0.26775002
0.0899764 -0.034353744 0.26750001
0.092057653 -0.034257427 0.26675001
0.09412577 -0.034161106 0.266
0.096362084 -0.034129001 0.26575002
0.098501176 -0.034064792 0.26525003
0.10063151 -0.034000576 0.26475
0.10285033 -0.033968471 0.26450002
0.10516416 -0.033968471 0.26450002
0.10727481 -0.033904254 0.264
0.10916919 -0.033775833 0.26300001
0.11146989 -0.033775833 0.26300001
0.1137706 -0.033775833 0.26300001
0.11585065 -0.03371162 0.26250002
0.11780942 -0.033615302 0.26175001
0.11998449 -0.033583194 0.2615
0.12203829 -0.033518981 0.26100001
0.12396425 -0.03342266 0.26025
0.12611964 -0.033390556 0.26000002
0.12839411 -0.033390556 0.26000002
0.1398405 -0.035734314 0.27825001
0.15083921 -0.037885439 0.29500002
0.15341987 -0.037885439 0.29500002
0.15586831 -0.03785333 0.29475001
0.15831238 -0.037821226 0.29450002
0.16061547 -0.037757013 0.294
0.16290987 -0.0376928 0.29350001
0.16505452 -0.037596479 0.29275
0.16747235 -0.037564378 0.29250002
0.16974047 -0.037500165 0.29200003
0.17199984 -0.037435949 0.2915
0.17410079 -0.037339635 0.29075003
0.17618859 -0.037243314 0.29000002
0.17826326 -0.037146993 0.28925002
0.18063736 -0.037114885 0.289
0.18269016 -0.037018567 0.28825
0.18440858 -0.036858037 0.287
0.18626796 -0.036729611 0.28600001
0.18827486 -0.036633294 0.28525001
0.18993422 -0.03647276 0.28400001
0.19140235 -0.036280122 0.2825
0.1935305 -0.036215909 0.28200001
-0 -0 0
-0 -0 0
-0 -0 0
-0 -0 0
-0 -0 0
-0 -0 0
-0 -0 0
-0 -0 0
-0 -0 0
-0 -0 0
-0 -0 0
-0 -0 0
-0 -0 0
-0 -0 0
-0 -0 0
-0 -0 0
-0 -0 0
-0 -0 0
-0 -0 0
-0 -0 0
-0.18923055 -0.042757101 0.35725001
-0.18597512 -0.042727184 0.35700002
-0.18285212 -0.042727184 0.35700002
-0.17960323 -0.042697262 0.35675001
-0.17611137 -0.042607497 0.35600001
-0.17238967 -0.042457893 0.35475001
-0.16904774 -0.04239805 0.35425001
-0.16583166 -0.042368129 0.354
-0.16250503 -0.04230829 0.35350001
-0.15907441 -0.042218525 0.35275
-0.15576747 -0.042158682 0.35225001
-0.1523609 -0.042068921 0.3515
-0.14907366 -0.042009078 0.35100001
-0.14569114 -0.041919313 0.35025001
-0.14232178 -0.041829556 0.34950003
-0.13896552 -0.041739792 0.34875003
-0.13562238 -0.041650027 0.34800002
-0.13238761 -0.041590188 0.34750003
-0.12906852 -0.041500423 0.34675002
-0.12576257 -0.041410659 0.34600002
-0.12273578 -0.041410659 0.34600002
-0.11962248 -0.041380737 0.34575
-0.11642927 -0.041320894 0.34525001
-0.11308055 -0.041201212 0.34425002
-0.10974933 -0.041081525 0.34325001
-0.10651336 -0.040991768 0.34250003
-0.10336607 -0.040931921 0.34200001
-0.10015414 -0.040842161 0.34125
-0.096955359 -0.0407524 0.34050003
-0.093769684 -0.040662635 0.33975002
-0.090396687 -0.04048311 0.33825001
-0.087049954 -0.040303584 0.33675003
-0.083791882 -0.040153977 0.3355
-0.080796696 -0.040124059 0.33525002
-0.077863947 -0.040124059 0.33525002
-0.074875318 -0.040094133 0.33500001
-0.071837373 -0.040034294 0.33450001
-0.068859681 -0.040004373 0.33425
-0.066034317 -0.040064216 0.33475003
-0.063058808 -0.040034294 0.33450001
-0.060042735 -0.039974451 0.33400002
-0.05707816 -0.03994453 0.33375001
-0.054077398 -0.03988469 0.33325002
-0.051162146 -0.03988469 0.33325002
-0.048174504 -0.039824847 0.33275002
-0.045161601 -0.039735083 0.33200002
-0.042257283 -0.039735083 0.33200002
-0.039352961 -0.039735083 0.33200002
-0.036338858 -0.0396154 0.33100003
-0.033342246 -0.039495714 0.33000001
-0.029463315 -0.038209114 0.31925002
-0.024164299 -0.034618594 0.28925002
-0.021577857 -0.034528829 0.28850001
-0.019037561 -0.034498908 0.28825
-0.016487315 -0.034439065 0.28775001
-0.013957958 -0.034409147 0.28750002
-0.011403119 -0.034289461 0.28650001
-0.0088347243 -0.034050092 0.2845
-0.0060113496 -0.032254834 0.26950002
-0.0036063252 -0.03183594 0.266
-0.0012745609 -0.031716257 0.26500002
0.0010416767 -0.031656414 0.26450002
0.003339652 -0.03150681 0.26325002
0.005626474 -0.031417046 0.26250002
0.0078926282 -0.03129736 0.2615
0.0098103816 -0.030160364 0.252
0.011263937 -0.028275343 0.23625001
0.013330639 -0.028275343 0.23625001
0.015381048 -0.028245421 0.23600002
0.017371643 -0.028125737 0.23500001
0.019344741 -0.028006053 0.23400001
0.021346053 -0.02794621 0.2335
0.023338616 -0.027886368 0.23300001
0.025322434 -0.027826527 0.23250002
0.027268086 -0.027736764 0.23175001
0.029232217 -0.027676923 0.23125002
0.031255182 -0.027676923 0.23125002
0.033458024 -0.027826527 0.23250002
0.036178865 -0.028365105 0.23700002
0.038857386 -0.028813921 0.24075001
0.041899275 -0.029472183 0.24625002
0.044679597 -0.029891076 0.24975002
0.047098953 -0.030040681 0.25100002
0.049147394 -0.029950917 0.25025001
0.051131427 -0.029831233 0.24925001
0.053151436 -0.02974147 0.2485
0.055158328 -0.029651707 0.24775001
0.057209939 -0.029591866 0.24725001
0.059372868 -0.029591866 0.24725001
0.061411358 -0.029532025 0.24675001
0.06460043 -0.030010758 0.25075001
0.071255788 -0.032015465 0.26750001
0.074421242 -0.032374516 0.2705
0.076787554 -0.032374516 0.2705
0.079007573 -0.032314677 0.27000001
0.081218831 -0.032254834 0.26950002
0.083343819 -0.032165073 0.26875001
0.085375965 -0.03204539 0.26775002
0.087718233 -0.03204539 0.26775002
0.0899764 -0.032015465 0.26750001
0.092057653 -0.031925704 0.26675001
0.09412577 -0.03183594 0.266
0.096362084 -0.031806022 0.26575002
0.098686844 -0.031806022 0.26575002
0.10082157 -0.031746179 0.26525003
0.1027531 -0.031626493 0.26425001
0.10496535 -0.031596571 0.264
0.10717323 -0.031566653 0.26375002
0.10916919 -0.031476889 0.26300001
0.11136393 -0.031446967 0.26275
0.11355431 -0.031417046 0.26250002
0.11574031 -0.031387124 0.26225001
0.1176969 -0.03129736 0.2615
0.11986978 -0.031267442 0.26125002
0.12203829 -0.03123752 0.26100001
0.12408334 -0.031177679 0.26050001
0.12611964 -0.031117838 0.26000002
0.12987557 -0.031476889 0.26300001
0.14637393 -0.034857962 0.29125002
0.15096705 -0.035336699 0.29525003
0.15354989 -0.035336699 0.29525003
0.15586831 -0.035276853 0.29475001
0.15831238 -0.035246935 0.29450002
0.16061547 -0.035187092 0.294
0.16277111 -0.035097331 0.29325002
0.16491358 -0.035007566 0.29250002
0.16732921 -0.034977645 0.29225001
0.16974047 -0.034947727 0.29200003
0.17185235 -0.034857962 0.29125002
0.17395107 -0.034768198 0.29050002
0.17603669 -0.034678433 0.28975001
0.17810918 -0.034588672 0.289
0.18048111 -0.034558751 0.28875002
0.18300708 -0.034558751 0.28875002
0.18472986 -0.034409147 0.28750002
0.18626796 -0.034229621 0.28600001
0.18827486 -0.034139857 0.28525001
0.19043581 -0.034080014 0.28475001
0.19224927 -0.033960331 0.28375003
0.1935305 -0.033750884 0.28200001
-0 -0 0
-0 -0 0
-0 -0 0
-0 -0 0
-0 -0 0
-0 -0 0
-0 -0 0
-0 -0 0
-0 -0 0
-0 -0 0
-0 -0 0
-0 -0 0
-0 -0 0
-0 -0 0
-0 -0 0
-0 -0 0
-0 -0 0
-0 -0 0
-0 -0 0
-0 -0 0
-0 -0 0
-0.18558443 -0.039523359 0.35625002
-0.18246797 -0.039523359 0.35625002
-0.17960323 -0.039578829 0.35675001
-0.17623505 -0.039523359 0.35625002
-0.17251116 -0.039384682 0.35500002
-0.16916704 -0.039329212 0.35450003
-0.16571455 -0.039246004 0.35375002
-0.16227518 -0.039162796 0.35300002
-0.15907441 -0.039135057 0.35275
-0.15576747 -0.039079588 0.35225001
-0.15246928 -0.039024118 0.35175002
-0.14907366 -0.03894091 0.35100001
-0.14579514 -0.038885441 0.35050002
-0.14242357 -0.038802233 0.34975001
-0.13906512 -0.038719025 0.34900001
-0.13562238 -0.038608082 0.34800002
-0.13229236 -0.038524874 0.34725001
-0.12906852 -0.038469404 0.34675002
-0.12576257 -0.038386196 0.34600002
-0.12255841 -0.038330726 0.34550002
-0.119363 -0.038275257 0.34500003
-0.11617634 -0.03821978 0.34450001
-0.11291631 -0.038136575 0.34375003
-0.10966941 -0.038053367 0.34300002
-0.10659111 -0.038025633 0.34275001
-0.10344163 -0.037970163 0.34225002
-0.10015414 -0.037859216 0.34125
-0.096741796 -0.037692804 0.33975002
-0.093424693 -0.037554126 0.33850002
-0.090196252 -0.037443183 0.33750001
-0.087049954 -0.037359979 0.33675003
-0.083916761 -0.037276771 0.33600003
-0.080977455 -0.037276771 0.33600003
-0.077980071 -0.037249032 0.33575001
-0.074931197 -0.037193563 0.33525002
-0.071837373 -0.037110355 0.33450001
-0.068962693 -0.03713809 0.33475003
-0.066083625 -0.037165824 0.33500001
-0.063058808 -0.037110355 0.33450001
-0.060042735 -0.037054885 0.33400002
-0.05707816 -0.037027147 0.33375001
-0.054158531 -0.037027147 0.33375001
-0.051162146 -0.036971677 0.33325002
-0.048174504 -0.036916204 0.33275002
-0.045229618 -0.036888469 0.33250001
-0.042320922 -0.036888469 0.33250001
-0.039382596 -0.036860734 0.33225003
-0.036338858 -0.036722057 0.33100003
-0.033316985 -0.036583375 0.32975
-0.028401989 -0.034142636 0.30775002
-0.024143411 -0.032062456 0.289
-0.021596557 -0.032034725 0.28875002
-0.019037561 -0.031979252 0.28825
-0.016501641 -0.031951517 0.28800002
-0.013957958 -0.031896047 0.28750002
-0.01139317 -0.031757366 0.28625003
-0.0087338006 -0.031202652 0.28125
-0.0059778909 -0.029732659 0.26800001
-0.0036131043 -0.029566249 0.26650003
-0.0012781682 -0.029483041 0.26575002
0.0010456149 -0.029455304 0.26550001
0.003358681 -0.029372096 0.26475
0.0056371912 -0.029177947 0.26300001
0.0076436256 -0.028096253 0.25325
0.0093042906 -0.02651532 0.23900001
0.011311615 -0.026321171 0.23725002
0.013358852 -0.026265699 0.23675001
0.015413635 -0.026237963 0.23650001
0.017427083 -0.026154757 0.23575
0.019427411 -0.02607155 0.23500001
0.02143747 -0.026016077 0.23450001
0.023438783 -0.025960607 0.23400001
0.025431346 -0.025905134 0.2335
0.027385747 -0.025821928 0.23275001
0.029327022 -0.025738722 0.23200001
0.031255182 -0.025655515 0.23125002
0.033242166 -0.025627779 0.23100001
0.035453759 -0.025766456 0.23225001
0.03825213 -0.026293436 0.23700002
0.041431364 -0.027014563 0.24350001
0.044724319 -0.02773569 0.25
0.047192775 -0.027902106 0.25150001
0.049294692 -0.027846634 0.25100002
0.051285282 -0.02773569 0.25
0.053311855 -0.027652483 0.24925001
0.055325303 -0.027569275 0.2485
0.057499167 -0.027569275 0.2485
0.059613001 -0.027541541 0.24825001
0.061660241 -0.027486069 0.24775001
0.064149581 -0.027624749 0.24900001
0.071189187 -0.029649453 0.26725
0.074490026 -0.030037753 0.27075002
0.076787554 -0.030010017 0.2705
0.079080731 -0.029982284 0.27025002
0.081218831 -0.029899076 0.26950002
0.083266288 -0.029788131 0.2685
0.085375965 -0.029704927 0.26775002
0.087718233 -0.029704927 0.26775002
0.090060495 -0.029704927 0.26775002
0.09214393 -0.029621718 0.26700002
0.09412577 -0.029510774 0.266
0.096362084 -0.029483041 0.26575002
0.098686844 -0.029483041 0.26575002
0.10091659 -0.029455304 0.26550001
0.1027531 -0.029316625 0.26425001
0.10496535 -0.029288888 0.264
0.10717323 -0.029261155 0.26375002
0.10927296 -0.029205684 0.26325002
0.11136393 -0.02915021 0.26275
0.11355431 -0.029122476 0.26250002
0.11562998 -0.029067006 0.26200002
0.1176969 -0.029011531 0.2615
0.11975507 -0.028956061 0.26100001
0.1218045 -0.02890059 0.26050001
0.12396425 -0.028872853 0.26025
0.12611964 -0.02884512 0.26000002
0.13407308 -0.030120961 0.27150002
0.14838423 -0.032755852 0.29525003
0.15109487 -0.032783587 0.29550001
0.15367991 -0.032783587 0.29550001
0.15600051 -0.032728117 0.29500002
0.15831238 -0.032672644 0.29450002
0.16061547 -0.03261717 0.294
0.16290987 -0.032561701 0.29350001
0.16505452 -0.032478493 0.29275
0.16718608 -0.032395288 0.29200003
0.16944981 -0.032339815 0.2915
0.17170483 -0.032284345 0.29100001
0.17380138 -0.032201137 0.29025
0.17603669 -0.032145664 0.28975001
0.17795512 -0.032034725 0.28875002
0.18032484 -0.032006986 0.28850001
0.18269016 -0.031979252 0.28825
0.18472986 -0.031896047 0.28750002
0.18626796 -0.031729631 0.28600001
0.18810986 -0.031618688 0.28500003
0.19043581 -0.031590953 0.28475001
0.19224927 -0.031480011 0.28375003
0.1935305 -0.03128586 0.28200001
-0 -0 0
-0 -0 0
-0 -0 0
-0 -0 0
-0 -0 0
-0 -0 0
-0 -0 0
-0 -0 0
-0 -0 0
-0 -0 0
-0 -0 0
-0 -0 0
-0 -0 0
-0 -0 0
-0 -0 0
-0 -0 0
-0 -0 0
-0 -0 0
-0 -0 0
-0 -0 0
-0 -0 0
-0 -0 0
-0.18272406 -0.036460396 0.35675001
-0.1797291 -0.036485948 0.35700002
-0.17623505 -0.036409296 0.35625002
-0.17226818 -0.036230445 0.35450003
-0.16892843 -0.036179341 0.354
-0.16571455 -0.036153793 0.35375002
-0.16227518 -0.036077142 0.35300002
-0.15896168 -0.036026042 0.35250002
-0.15576747 -0.03600049 0.35225001
-0.15246928 -0.03594939 0.35175002
-0.14907366 -0.035872739 0.35100001
-0.14589913 -0.035847191 0.35075003
-0.14252539 -0.035770539 0.35000002
-0.13916475 -0.035693888 0.34925002
-0.13581723 -0.035617232 0.34850001
-0.13238761 -0.035515033 0.34750003
-0.12906852 -0.035438381 0.34675002
-0.12585343 -0.035387281 0.34625003
-0.12246972 -0.035285078 0.34525001
-0.11919001 -0.035208426 0.34450001
-0.11609204 -0.035182878 0.34425002
-0.11283419 -0.035106227 0.34350002
-0.10966941 -0.035055127 0.34300002
-0.10666885 -0.035055127 0.34300002
-0.1035172 -0.035004027 0.34250003
-0.10022752 -0.034901824 0.34150001
-0.09659943 -0.034671873 0.33925003
-0.093217693 -0.03451857 0.33775002
-0.090062633 -0.034441918 0.33700001
-0.087049954 -0.034416366 0.33675003
-0.084104076 -0.034416366 0.33675003
-0.081158206 -0.034416366 0.33675003
-0.078154266 -0.034390815 0.33650002
-0.075154699 -0.034365267 0.33625001
-0.072105825 -0.034314163 0.33575001
-0.069117196 -0.034288611 0.3355
-0.066132948 -0.034263063 0.33525002
-0.063105941 -0.034211963 0.33475003
-0.060087673 -0.03416086 0.33425
-0.057120919 -0.034135312 0.33400002
-0.054158531 -0.03410976 0.33375001
-0.051200531 -0.034084212 0.33350003
-0.048210695 -0.034033109 0.333
-0.045229618 -0.033982009 0.33250001
-0.042320922 -0.033982009 0.33250001
-0.039382596 -0.033956461 0.33225003
-0.036366303 -0.033854257 0.33125001
-0.032912839 -0.033292152 0.32575002
-0.02729452 -0.030226104 0.29575002
-0.024206068 -0.029612893 0.28975001
-0.021596557 -0.029510694 0.28875002
-0.019037561 -0.02945959 0.28825
-0.016501641 -0.029434042 0.28800002
-0.013957958 -0.029382942 0.28750002
-0.01139317 -0.029255191 0.28625003
-0.0086018238 -0.028309824 0.27700001
-0.0059723151 -0.027364463 0.26775002
-0.0036232723 -0.027313359 0.26725
-0.0012829778 -0.027262259 0.26675001
0.0010475841 -0.027185608 0.266
0.0033681956 -0.027134506 0.26550001
0.0055889646 -0.02664905 0.26075003
0.0072889854 -0.024681671 0.24150001
0.009314023 -0.024451716 0.23925
0.011359293 -0.024349516 0.23825002
0.013401172 -0.024272865 0.23750001
0.015462516 -0.024247315 0.23725002
0.017501006 -0.024196213 0.23675001
0.019510081 -0.024119563 0.23600002
0.021506034 -0.02404291 0.23525001
0.023488864 -0.023966258 0.23450001
0.025485802 -0.023915159 0.23400001
0.027473992 -0.023864057 0.2335
0.029421831 -0.023787407 0.23275001
0.031322759 -0.023685206 0.23175001
0.033242166 -0.023608554 0.23100001
0.035301108 -0.023634106 0.23125002
0.037606522 -0.023812957 0.23300001
0.040878378 -0.024553917 0.24025001
0.044500701 -0.025422633 0.24875002
0.047145862 -0.025678134 0.25125
0.049343787 -0.025678134 0.25125
0.051387858 -0.025601486 0.25050002
0.0534188 -0.025524834 0.24975002
0.055547941 -0.025499282 0.24950001
0.057672709 -0.025473733 0.24925001
0.059793103 -0.025448183 0.24900001
0.061846901 -0.025397081 0.2485
0.064020768 -0.025397081 0.2485
0.071122602 -0.027287811 0.26700002
0.074490026 -0.027671065 0.27075002
0.076787554 -0.027645513 0.2705
0.079080731 -0.027619965 0.27025002
0.081143491 -0.027517762 0.26925001
0.083188765 -0.027415562 0.26825002
0.085375965 -0.027364463 0.26775002
0.087718233 -0.027364463 0.26775002
0.0899764 -0.027338911 0.26750001
0.092057653 -0.027262259 0.26675001
0.094214238 -0.027211158 0.26625001
0.096362084 -0.027160058 0.26575002
0.098686844 -0.027160058 0.26575002
0.10091659 -0.027134506 0.26550001
0.10294753 -0.027057854 0.26475
0.10496535 -0.026981203 0.264
0.10727481 -0.026981203 0.264
0.10927296 -0.026904555 0.26325002
0.11125797 -0.026827903 0.26250002
0.11344616 -0.026802352 0.26225001
0.11562998 -0.026776804 0.26200002
0.1176969 -0.0267257 0.2615
0.11975507 -0.0266746 0.26100001
0.1218045 -0.026623501 0.26050001
0.12384517 -0.026572399 0.26000002
0.12636219 -0.026623501 0.26050001
0.14012243 -0.028999686 0.28375003
0.14838423 -0.030175004 0.29525003
0.15109487 -0.030200552 0.29550001
0.15367991 -0.030200552 0.29550001
0.15613273 -0.030175004 0.29525003
0.15831238 -0.030098353 0.29450002
0.16061547 -0.030047249 0.294
0.16277111 -0.029970601 0.29325002
0.16505452 -0.029919498 0.29275
0.16718608 -0.02984285 0.29200003
0.16930449 -0.029766198 0.29125002
0.17170483 -0.029740646 0.29100001
0.17365168 -0.029638445 0.29000002
0.17603669 -0.029612893 0.28975001
0.17826326 -0.029561793 0.28925002
0.18032484 -0.029485142 0.28850001
0.18237327 -0.02940849 0.28775001
0.18456922 -0.02935739 0.28725001
0.18659359 -0.029280739 0.28650001
0.18810986 -0.029127438 0.28500003
0.19026862 -0.029076336 0.2845
0.19224927 -0.028999686 0.28375003
0.1935305 -0.028820831 0.28200001
-0 -0 0
-0 -0 0
-0 -0 0
-0 -0 0
-0 -0 0
-0 -0 0
-0 -0 0
-0 -0 0
-0 -0 0
-0 -0 0
-0 -0 0
-0 -0 0
-0 -0 0
-0 -0 0
-0 -0 0
-0 -0 0
-0 -0 0
-0 -0 0
-0 -0 0
-0 -0 0
-0 -0 0
-0 -0 0
-0 -0 0
-0.1790998 -0.033248503 0.35575002
-0.17586403 -0.033225138 0.35550001
-0.17214669 -0.033108313 0.35425001
-0.16868983 -0.033038218 0.35350001
-0.16559742 -0.033038218 0.35350001
-0.16227518 -0.032991488 0.35300002
-0.15884894 -0.032921392 0.35225001
-0.15554638 -0.032874662 0.35175002
-0.15225255 -0.032827932 0.35125002
-0.14896749 -0.032781202 0.35075003
-0.14579514 -0.032757837 0.35050002
-0.14242357 -0.032687742 0.34975001
-0.13916475 -0.032641012 0.34925002
-0.13581723 -0.032570917 0.34850001
-0.13248284 -0.032500818 0.34775001
-0.12916158 -0.032430723 0.347
-0.12585343 -0.032360632 0.34625003
-0.12255841 -0.032290537 0.34550002
-0.1192765 -0.032220438 0.34475002
-0.11609204 -0.032173712 0.34425002
-0.11283419 -0.032103613 0.34350002
-0.10966941 -0.032056887 0.34300002
-0.10659111 -0.032033518 0.34275001
-0.10336607 -0.031963423 0.34200001
-0.099860653 -0.031799868 0.34025002
-0.096457049 -0.031659678 0.33875
-0.093079701 -0.031519488 0.33725002
-0.089929007 -0.031449392 0.33650002
-0.087179206 -0.031519488 0.33725002
-0.084291384 -0.031542853 0.33750001
-0.081218451 -0.031496122 0.33700001
-0.078212336 -0.031472757 0.33675003
-0.075266458 -0.031472757 0.33675003
-0.072266899 -0.031449392 0.33650002
-0.069220208 -0.031402662 0.33600003
-0.066182256 -0.031355932 0.3355
-0.063153066 -0.031309202 0.33500001
-0.060087673 -0.031239105 0.33425
-0.05707816 -0.031192375 0.33375001
-0.054199103 -0.031215742 0.33400002
-0.051238909 -0.031192375 0.33375001
-0.048210695 -0.03112228 0.333
-0.045229618 -0.03107555 0.33250001
-0.042289104 -0.031052187 0.33225003
-0.039323326 -0.031005455 0.33175001
-0.036366303 -0.030958725 0.33125001
-0.031978246 -0.029580185 0.31650001
-0.026833074 -0.027173584 0.29075003
-0.024185184 -0.027056759 0.28950003
-0.021596557 -0.026986664 0.28875002
-0.019037561 -0.02693993 0.28825
-0.016487315 -0.026893202 0.28775001
-0.01394582 -0.026846472 0.28725001
-0.011403119 -0.026776377 0.28650001
-0.0085086636 -0.025608124 0.27400002
-0.0059834677 -0.025070727 0.26825002
-0.0036300514 -0.025023997 0.26775002
-0.0012865851 -0.025000632 0.26750001
0.0010495534 -0.024907172 0.26650003
0.0033681956 -0.02481371 0.26550001
0.0053906981 -0.023505267 0.25150001
0.0072663492 -0.022500569 0.24075001
0.0093334885 -0.022407107 0.23975001
0.01139505 -0.022337012 0.23900001
0.013443491 -0.022266917 0.23825002
0.015495103 -0.022220187 0.23775001
0.01768581 -0.022360377 0.23925
0.020150771 -0.022780949 0.24375001
0.02205454 -0.022547297 0.24125001
0.023714237 -0.022126727 0.23675001
0.025812544 -0.022150092 0.23700002
0.027503408 -0.021846347 0.23375002
0.029453432 -0.021776251 0.23300001
0.031390335 -0.021706155 0.23225001
0.033350095 -0.021659425 0.23175001
0.035377432 -0.021659425 0.23175001
0.037485469 -0.021706155 0.23225001
0.040282853 -0.022126727 0.23675001
0.044232354 -0.02310806 0.24725001
0.047239691 -0.023528632 0.25175002
0.049491081 -0.023551995 0.252
0.051541708 -0.0234819 0.25125
0.053632688 -0.02343517 0.25075001
0.055659257 -0.023365075 0.25
0.057788402 -0.023341712 0.24975002
0.059913166 -0.023318345 0.24950001
0.06197134 -0.023271617 0.24900001
0.064149581 -0.023271617 0.24900001
0.070922814 -0.024883807 0.26625001
0.074421242 -0.025281012 0.2705
0.076716594 -0.025257647 0.27025002
0.079007573 -0.025234282 0.27000001
0.081143491 -0.025164187 0.26925001
0.083343819 -0.025117457 0.26875001
0.085615106 -0.02509409 0.2685
0.08780013 -0.02504736 0.26800001
0.0899764 -0.025000632 0.26750001
0.092057653 -0.024930535 0.26675001
0.09412577 -0.02486044 0.266
0.096362084 -0.024837077 0.26575002
0.098686844 -0.024837077 0.26575002
0.10082157 -0.024790347 0.26525003
0.10294753 -0.024743615 0.26475
0.10506476 -0.024696885 0.26425001
0.10727481 -0.02467352 0.264
0.10927296 -0.024603426 0.26325002
0.11115201 -0.024509965 0.26225001
0.11333802 -0.024486601 0.26200002
0.11551964 -0.024463234 0.26175001
0.11780942 -0.024463234 0.26175001
0.11986978 -0.024416504 0.26125002
0.1218045 -0.024346409 0.26050001
0.12396425 -0.024323042 0.26025
0.12903009 -0.02486044 0.266
0.14407301 -0.027267044 0.29175001
0.14838423 -0.027594157 0.29525003
0.15109487 -0.02761752 0.29550001
0.15354989 -0.027594157 0.29525003
0.15613273 -0.027594157 0.29525003
0.15858115 -0.02757079 0.29500002
0.16061547 -0.027477328 0.294
0.16277111 -0.027407235 0.29325002
0.16491358 -0.027337139 0.29250002
0.16718608 -0.027290409 0.29200003
0.16930449 -0.027220314 0.29125002
0.17155732 -0.027173584 0.29075003
0.17365168 -0.027103489 0.29000002
0.17588481 -0.027056759 0.28950003
0.17810918 -0.027010027 0.289
0.18016857 -0.02693993 0.28825
0.18221483 -0.026869839 0.28750002
0.18424796 -0.026799742 0.28675002
0.18643078 -0.026753012 0.28625003
0.18810986 -0.026636187 0.28500003
0.19010143 -0.026566092 0.28425002
0.19174112 -0.026449267 0.28300002
0.19335894 -0.026332442 0.28175002
-0 -0 0
-0 -0 0
-0 -0 0
-0 -0 0
-0 -0 0
-0 -0 0
-0 -0 0
-0 -0 0
-0 -0 0
-0 -0 0
-0 -0 0
-0 -0 0
-0 -0 0
-0 -0 0
-0 -0 0
-0 -0 0
-0 -0 0
-0 -0 0
-0 -0 0
-0 -0 0
-0 -0 0
-0 -0 0
-0 -0 0
-0.17847049 -0.030032912 0.35450003
-0.17536934 -0.030032912 0.35450003
-0.1720252 -0.02999055 0.354
-0.16868983 -0.029948192 0.35350001
-0.16559742 -0.029948192 0.35350001
-0.16227518 -0.029905833 0.35300002
-0.15884894 -0.029842293 0.35225001
-0.15543582 -0.029778752 0.3515
-0.15214418 -0.029736394 0.35100001
-0.14896749 -0.029715216 0.35075003
-0.14569114 -0.029672854 0.35025001
-0.14242357 -0.029630495 0.34975001
-0.13916475 -0.029588137 0.34925002
-0.13571981 -0.029503416 0.34825
-0.13248284 -0.029461058 0.34775001
-0.1293477 -0.02943988 0.34750003
-0.1259443 -0.029355159 0.34650001
-0.12255841 -0.02927044 0.34550002
-0.1192765 -0.0292069 0.34475002
-0.11609204 -0.029164542 0.34425002
-0.11275207 -0.029079821 0.34325001
-0.10958946 -0.029037463 0.34275001
-0.10628012 -0.028952744 0.34175003
-0.10291271 -0.028846845 0.34050003
-0.099567167 -0.028740946 0.33925003
-0.096243501 -0.028635047 0.33800003
-0.093010694 -0.028550327 0.33700001
-0.09012945 -0.028571509 0.33725002
-0.087437704 -0.028656226 0.33825001
-0.084353827 -0.028613867 0.33775002
-0.081218451 -0.028550327 0.33700001
-0.078212336 -0.028529149 0.33675003
-0.075322337 -0.028550327 0.33700001
-0.072320588 -0.028529149 0.33675003
-0.069220208 -0.02846561 0.33600003
-0.066231579 -0.028444428 0.33575001
-0.063294448 -0.028444428 0.33575001
-0.060177561 -0.028359711 0.33475003
-0.057120919 -0.028296171 0.33400002
-0.054199103 -0.028296171 0.33400002
-0.051238909 -0.028274991 0.33375001
-0.048283089 -0.028253812 0.33350003
-0.04529763 -0.02821145 0.333
-0.042257283 -0.028126733 0.33200002
-0.039293695 -0.028084373 0.33150002
-0.036338858 -0.028042015 0.33100003
-0.030942615 -0.025945215 0.30625001
-0.026763858 -0.024568532 0.29000002
-0.024143411 -0.024483811 0.289
-0.021577857 -0.024441453 0.28850001
-0.019021051 -0.024399094 0.28800002
-0.016487315 -0.024377912 0.28775001
-0.013933682 -0.024314374 0.287
-0.011313567 -0.024081398 0.28425002
-0.0084155025 -0.022958871 0.27100003
-0.0059946203 -0.022768252 0.26875001
-0.0036402193 -0.02274707 0.2685
-0.0012901924 -0.022725891 0.26825002
0.001052507 -0.022641171 0.26725
0.0033650245 -0.022471735 0.26525003
0.0052567343 -0.020777354 0.24525002
0.0072814403 -0.020438476 0.24125001
0.0093626864 -0.020374937 0.24050002
0.01141889 -0.020290218 0.23950002
0.013485811 -0.020247858 0.23900001
0.015804678 -0.020544374 0.24250001
0.018461991 -0.021158589 0.24975002
0.022217518 -0.022768252 0.26875001
0 -0 0
0 -0 0
0 -0 0
0.028091716 -0.020226678 0.23875001
0.029643046 -0.019866623 0.23450001
0.031559281 -0.019781902 0.2335
0.033529978 -0.019739544 0.23300001
0.035530087 -0.019718364 0.23275001
0.037566174 -0.019718364 0.23275001
0.039857481 -0.019845443 0.23425001
0.04409818 -0.020883251 0.24650002
0.047427334 -0.021412745 0.25275001
0.049687479 -0.021433927 0.25300002
0.051746853 -0.021370387 0.25225002
0.05373963 -0.021285666 0.25125
0.055881899 -0.021264488 0.25100002
0.058019783 -0.021243308 0.25075001
0.060093269 -0.021200947 0.25025001
0.06203356 -0.021116229 0.24925001
0.064407207 -0.021179767 0.25
0.070922814 -0.022556454 0.26625001
0.074352466 -0.022895331 0.27025002
0.07664562 -0.02287415 0.27000001
0.078934416 -0.022852968 0.26975
0.081218831 -0.02283179 0.26950002
0.083421357 -0.022789432 0.26900002
0.085615106 -0.02274707 0.2685
0.08780013 -0.022704711 0.26800001
0.0899764 -0.022662353 0.26750001
0.092057653 -0.022598812 0.26675001
0.09412577 -0.022535272 0.266
0.096362084 -0.022514094 0.26575002
0.098594002 -0.022492914 0.26550001
0.10082157 -0.022471735 0.26525003
0.10294753 -0.022429373 0.26475
0.10506476 -0.022387015 0.26425001
0.10727481 -0.022365835 0.264
0.10937673 -0.022323474 0.26350001
0.11125797 -0.022238757 0.26250002
0.11344616 -0.022217577 0.26225001
0.11574031 -0.022217577 0.26225001
0.11780942 -0.022175217 0.26175001
0.11975507 -0.022111678 0.26100001
0.1219214 -0.0220905 0.26075003
0.12420242 -0.0220905 0.26075003
0.13497227 -0.023573082 0.27825001
0.14567792 -0.024992127 0.29500002
0.14876114 -0.025076846 0.296
0.15135053 -0.025076846 0.296
0.15367991 -0.025034485 0.29550001
0.15613273 -0.025013307 0.29525003
0.15844676 -0.024970947 0.29475001
0.1604789 -0.024886228 0.29375002
0.16277111 -0.02484387 0.29325002
0.16477261 -0.024759149 0.29225001
0.16718608 -0.024737971 0.29200003
0.16944981 -0.024695609 0.2915
0.1714098 -0.02461089 0.29050002
0.17365168 -0.024568532 0.29000002
0.17573293 -0.024504991 0.28925002
0.17780104 -0.024441453 0.28850001
0.17985605 -0.024377912 0.28775001
0.18221483 -0.024356734 0.28750002
0.18408732 -0.024272013 0.28650001
0.18594232 -0.024187297 0.28550002
0.18794484 -0.024123756 0.28475001
0.18976705 -0.024039038 0.28375003
0.19157173 -0.023954317 0.28275001
0.19335894 -0.0238696 0.28175002
-0 -0 0
-0 -0 0
-0 -0 0
-0 -0 0
-0 -0 0
-0 -0 0
-0 -0 0
-0 -0 0
-0 -0 0
-0 -0 0
-0 -0 0
-0 -0 0
-0 -0 0
-0 -0 0
-0 -0 0
-0 -0 0
-0 -0 0
-0 -0 0
-0 -0 0
-0 -0 0
-0 -0 0
-0 -0 0
-0 -0 0
-0 -0 0
-0.17524566 -0.026915152 0.35425001
-0.1720252 -0.026896155 0.354
-0.16868983 -0.026858168 0.35350001
-0.16548033 -0.026839174 0.35325003
-0.16250503 -0.026858168 0.35350001
-0.1592999 -0.026839174 0.35325003
-0.15565693 -0.026744202 0.35200003
-0.15203582 -0.026649229 0.35075003
-0.1488613 -0.026630234 0.35050002
-0.14558716 -0.026592245 0.35000002
-0.14232178 -0.026554257 0.34950003
-0.13906512 -0.026516266 0.34900001
-0.13562238 -0.026440289 0.34800002
-0.13248284 -0.026421294 0.34775001
-0.12916158 -0.02636431 0.347
-0.1259443 -0.026326323 0.34650001
-0.12264709 -0.026269339 0.34575
-0.1192765 -0.026193362 0.34475002
-0.11600773 -0.026136378 0.34400001
-0.11275207 -0.026079394 0.34325001
-0.10942961 -0.026003417 0.34225002
-0.10612462 -0.025927437 0.34125
-0.10276159 -0.025832465 0.34
-0.099420413 -0.025737494 0.33875
-0.09617231 -0.025661517 0.33775002
-0.093148693 -0.025642522 0.33750001
-0.090263069 -0.025661517 0.33775002
-0.087502331 -0.025718501 0.33850002
-0.08441627 -0.025680512 0.33800003
-0.081278704 -0.025623528 0.33725002
-0.078270391 -0.025604533 0.33700001
-0.075378217 -0.025623528 0.33725002
-0.072374277 -0.025604533 0.33700001
-0.069271706 -0.025547549 0.33625001
-0.066379525 -0.025566544 0.33650002
-0.06334158 -0.025528556 0.33600003
-0.060267445 -0.025471572 0.33525002
-0.057206426 -0.025414588 0.33450001
-0.054239668 -0.025395593 0.33425
-0.051238909 -0.025357604 0.33375001
-0.048283089 -0.025338612 0.33350003
-0.04529763 -0.02530062 0.333
-0.042257283 -0.025224645 0.33200002
-0.039293695 -0.025186656 0.33150002
-0.03606439 -0.02495872 0.3285
-0.030008024 -0.022565421 0.29700002
-0.026740784 -0.022014581 0.28975001
-0.024143411 -0.021957597 0.289
-0.021577857 -0.021919608 0.28850001
-0.019021051 -0.021881619 0.28800002
-0.016487315 -0.021862624 0.28775001
-0.013933682 -0.02180564 0.287
-0.011194162 -0.021368768 0.28125
-0.0083922129 -0.020533012 0.27025002
-0.0060169254 -0.020495022 0.26975
-0.0036571664 -0.020495022 0.26975
-0.0012950019 -0.020457033 0.26925001
0.0010574298 -0.020400049 0.2685
0.0033618526 -0.020134129 0.26500002
0.0052353004 -0.018557588 0.24425001
0.007304077 -0.018386638 0.24200001
0.0093918834 -0.018329654 0.24125001
0.011454648 -0.018253677 0.24025001
0.013556344 -0.018253677 0.24025001
0.016179429 -0.018861499 0.24825001
0.01890552 -0.019431332 0.25575
0.022176184 -0.020381058 0.26825002
0.024591386 -0.020438042 0.26900002
0.027270123 -0.020684969 0.27225003
0 -0 0
0 -0 0
0.030117083 -0.018101722 0.23825002
0.03166065 -0.017797809 0.23425001
0.033637907 -0.01775982 0.23375002
0.035644576 -0.017740825 0.2335
0.037646871 -0.017721832 0.23325001
0.039687332 -0.017721832 0.23325001
0.043695662 -0.018557588 0.24425001
0.047568068 -0.019260384 0.25350001
0.049883869 -0.019298371 0.25400001
0.05195199 -0.019241389 0.25325
0.053846579 -0.019127423 0.25175002
0.056048878 -0.019127423 0.25175002
0.058135476 -0.019089432 0.25125
0.060213331 -0.019051444 0.25075001
0.062158003 -0.018975466 0.24975002
0.064793654 -0.019108428 0.25150001
0.071388975 -0.020362062 0.26800001
0.074421242 -0.020552006 0.2705
0.07664562 -0.020514017 0.27000001
0.078934416 -0.020495022 0.26975
0.081218831 -0.020476028 0.26950002
0.083343819 -0.020419044 0.26875001
0.085455678 -0.020362062 0.26800001
0.087718233 -0.020343069 0.26775002
0.090060495 -0.020343069 0.26775002
0.092230201 -0.020305078 0.26725
0.094214238 -0.020229101 0.26625001
0.096452728 -0.020210106 0.266
0.098594002 -0.020172117 0.26550001
0.10082157 -0.020153124 0.26525003
0.10304474 -0.020134129 0.26500002
0.10516416 -0.02009614 0.26450002
0.10717323 -0.020039156 0.26375002
0.10927296 -0.020001167 0.26325002
0.11125797 -0.019944184 0.26250002
0.11355431 -0.019944184 0.26250002
0.11574031 -0.019925188 0.26225001
0.11792195 -0.019906195 0.26200002
0.11975507 -0.019830218 0.26100001
0.1219214 -0.019811224 0.26075003
0.125036 -0.019944184 0.26250002
0.14018683 -0.021957597 0.289
0.14654212 -0.022546425 0.29675001
0.14913806 -0.022546425 0.29675001
0.15147837 -0.022508437 0.29625002
0.15367991 -0.022451453 0.29550001
0.15600051 -0.022413464 0.29500002
0.15844676 -0.022394469 0.29475001
0.1604789 -0.022318492 0.29375002
0.16277111 -0.022280503 0.29325002
0.16477261 -0.022204524 0.29225001
0.16704293 -0.022166535 0.29175001
0.16930449 -0.022128547 0.29125002
0.17155732 -0.022090558 0.29075003
0.17365168 -0.022033576 0.29000002
0.17558102 -0.021957597 0.289
0.17780104 -0.021919608 0.28850001
0.18001232 -0.021881619 0.28800002
0.18221483 -0.021843631 0.28750002
0.18392669 -0.021748658 0.28625003
0.1857795 -0.021672679 0.28525001
0.18777983 -0.021615695 0.2845
0.18976705 -0.021558713 0.28375003
0.19140235 -0.021463739 0.2825
0.19284423 -0.021349775 0.28100002
-0 -0 0
-0 -0 0
-0 -0 0
-0 -0 0
-0 -0 0
-0 -0 0
-0 -0 0
-0 -0 0
-0 -0 0
-0 -0 0
-0 -0 0
-0 -0 0
-0 -0 0
-0 -0 0
-0 -0 0
-0 -0 0
-0 -0 0
-0 -0 0
-0 -0 0
-0 -0 0
-0 -0 0
-0 -0 0
-0 -0 0
-0 -0 0
-0 -0 0
-0.17190373 -0.023784952 0.35375002
-0.16845123 -0.023734525 0.35300002
-0.16548033 -0.023751333 0.35325003
-0.16261996 -0.023784952 0.35375002
-0.15941262 -0.023768142 0.35350001
-0.15587804 -0.023700906 0.35250002
-0.15214418 -0.023600051 0.35100001
-0.1488613 -0.023566432 0.35050002
-0.14569114 -0.023549624 0.35025001
-0.14242357 -0.023516005 0.34975001
-0.13906512 -0.023465578 0.34900001
-0.13562238 -0.023398342 0.34800002
-0.13229236 -0.023347914 0.34725001
-0.12897547 -0.023297487 0.34650001
-0.1259443 -0.023297487 0.34650001
-0.12264709 -0.023247058 0.34575
-0.1192765 -0.023179822 0.34475002
-0.11592343 -0.023112586 0.34375003
-0.11250571 -0.023028541 0.34250003
-0.1091898 -0.022961304 0.34150001
-0.10596912 -0.022910876 0.34075001
-0.10261047 -0.02282683 0.33950001
-0.099493787 -0.022793211 0.33900002
-0.09652824 -0.022793211 0.33900002
-0.093424693 -0.022759594 0.33850002
-0.090396687 -0.022742784 0.33825001
-0.087502331 -0.022759594 0.33850002
-0.084541142 -0.022759594 0.33850002
-0.08139921 -0.022709167 0.33775002
-0.078386523 -0.022692356 0.33750001
-0.075434089 -0.022692356 0.33750001
-0.072481655 -0.022692356 0.33750001
-0.069426216 -0.022658739 0.33700001
-0.066428848 -0.022641931 0.33675003
-0.06334158 -0.022591503 0.33600003
-0.060312383 -0.022557883 0.3355
-0.057249185 -0.022507457 0.33475003
-0.054280236 -0.022490647 0.33450001
-0.051277291 -0.02245703 0.33400002
-0.048283089 -0.022423411 0.33350003
-0.045263626 -0.022372983 0.33275002
-0.042289104 -0.022339366 0.33225003
-0.039323326 -0.022305746 0.33175001
-0.03521356 -0.021566145 0.32075003
-0.029528094 -0.0196499 0.29225001
-0.026763858 -0.019498618 0.29000002
-0.024122527 -0.019414572 0.28875002
-0.021577857 -0.019397764 0.28850001
-0.019037561 -0.019380953 0.28825
-0.016501641 -0.019364145 0.28800002
-0.013957958 -0.019330528 0.28750002
-0.011074757 -0.018708587 0.27825001
-0.0084310295 -0.01825474 0.27150002
-0.0060503841 -0.018237932 0.27125001
-0.0036741137 -0.018221123 0.27100003
-0.0012998118 -0.018170696 0.27025002
0.0010623527 -0.018137075 0.26975
0.0033745389 -0.017884938 0.266
0.0052513755 -0.016472969 0.245
0.0073418044 -0.016355306 0.24325001
0.0094405459 -0.016304879 0.24250001
0.011502326 -0.016220832 0.24125001
0.013626875 -0.016237641 0.24150001
0.016163135 -0.016674681 0.24800001
0.01886856 -0.017162144 0.25525001
0 -0 0
0 -0 0
0 -0 0
0 -0 0
0 -0 0
0.030717529 -0.016338497 0.24300002
0.031795811 -0.015817413 0.23525001
0.033745836 -0.015766986 0.23450001
0.035759065 -0.015750177 0.23425001
0.037727576 -0.015716558 0.23375002
0.039729867 -0.015699748 0.2335
0.044142906 -0.016590634 0.24675001
0.047755711 -0.017111717 0.2545
0.049932968 -0.01709491 0.25425002
0.052003279 -0.017044481 0.25350001
0.05400699 -0.016977243 0.2525
0.056215849 -0.016977243 0.2525
0.058251172 -0.016926818 0.25175002
0.060273368 -0.01687639 0.25100002
0.062344667 -0.016842773 0.25050002
0.065437727 -0.0170781 0.25400001
0.071788542 -0.018120268 0.26950002
0.074558809 -0.018221123 0.27100003
0.076716594 -0.018170696 0.27025002
0.079007573 -0.018153885 0.27000001
0.081218831 -0.018120268 0.26950002
0.083421357 -0.018086649 0.26900002
0.0855354 -0.018036222 0.26825002
0.08780013 -0.018019412 0.26800001
0.090060495 -0.018002603 0.26775002
0.092230201 -0.017968984 0.26725
0.094302706 -0.017918559 0.26650003
0.096452728 -0.017884938 0.266
0.098594002 -0.017851321 0.26550001
0.10091659 -0.017851321 0.26550001
0.10304474 -0.017817702 0.26500002
0.10506476 -0.017767275 0.26425001
0.10717323 -0.017733658 0.26375002
0.10927296 -0.017700039 0.26325002
0.11146989 -0.017683228 0.26300001
0.1137706 -0.017683228 0.26300001
0.11596097 -0.01766642 0.26275
0.11792195 -0.017615993 0.26200002
0.11986978 -0.017565565 0.26125002
0.12215519 -0.017565565 0.26125002
0.12908478 -0.018221123 0.27100003
0.14333983 -0.019868419 0.29550001
0.14666557 -0.019969275 0.29700002
0.14913806 -0.019952465 0.29675001
0.15135053 -0.019902037 0.296
0.15354989 -0.01985161 0.29525003
0.15600051 -0.019834802 0.29500002
0.15831238 -0.019801183 0.29450002
0.16034232 -0.019733945 0.29350001
0.16277111 -0.019717138 0.29325002
0.16491358 -0.019666709 0.29250002
0.16704293 -0.019616282 0.29175001
0.16915916 -0.019565854 0.29100001
0.1714098 -0.019532235 0.29050002
0.17350198 -0.019481808 0.28975001
0.17542915 -0.019414572 0.28875002
0.17764696 -0.019380953 0.28825
0.18016857 -0.019380953 0.28825
0.18221483 -0.019330528 0.28750002
0.1836054 -0.019212861 0.28575
0.1857795 -0.019179244 0.28525001
0.18777983 -0.019128816 0.2845
0.18959984 -0.01906158 0.28350002
0.19123296 -0.018977534 0.28225002
0.1925011 -0.018859871 0.28050002
-0 -0 0
-0 -0 0
-0 -0 0
-0 -0 0
-0 -0 0
-0 -0 0
-0 -0 0
-0 -0 0
-0 -0 0
-0 -0 0
-0 -0 0
-0 -0 0
-0 -0 0
-0 -0 0
-0 -0 0
-0 -0 0
-0 -0 0
-0 -0 0
-0 -0 0
-0 -0 0
-0 -0 0
-0 -0 0
-0 -0 0
-0 -0 0
-0 -0 0
-0 -0 0
-0.16809334 -0.020604998 0.35225001
-0.16548033 -0.020663494 0.35325003
-0.16261996 -0.020692741 0.35375002
-0.1592999 -0.020663494 0.35325003
-0.15576747 -0.020604998 0.35225001
-0.15214418 -0.02053188 0.35100001
-0.14896749 -0.020517256 0.35075003
-0.14589913 -0.020517256 0.35075003
-0.14272898 -0.020502632 0.35050002
-0.13916475 -0.020429512 0.34925002
-0.13571981 -0.020371016 0.34825
-0.13229236 -0.020312522 0.34725001
-0.12897547 -0.020268649 0.34650001
-0.12585343 -0.020254027 0.34625003
-0.12255841 -0.020210154 0.34550002
-0.1192765 -0.020166283 0.34475002
-0.11592343 -0.020107789 0.34375003
-0.11225934 -0.019990798 0.34175003
-0.10902993 -0.019946925 0.34100002
-0.10573588 -0.019888429 0.34
-0.10245935 -0.019829934 0.33900002
-0.099640533 -0.019859182 0.33950001
-0.096812978 -0.019888429 0.34
-0.093700685 -0.019859182 0.33950001
-0.09059713 -0.019829934 0.33900002
-0.087566949 -0.019815311 0.33875
-0.084603578 -0.019815311 0.33875
-0.081519708 -0.019786064 0.33825001
-0.078386523 -0.019742191 0.33750001
-0.075434089 -0.019742191 0.33750001
-0.072427966 -0.019727569 0.33725002
-0.069323212 -0.019683696 0.33650002
-0.066379525 -0.019683696 0.33650002
-0.06334158 -0.019654449 0.33600003
-0.060357329 -0.019639825 0.33575001
-0.057334695 -0.019610578 0.33525002
-0.054361373 -0.019595953 0.33500001
-0.051392436 -0.019581329 0.33475003
-0.04831928 -0.019522833 0.33375001
-0.04529763 -0.019478962 0.333
-0.042289104 -0.019435091 0.33225003
-0.039323326 -0.019405842 0.33175001
-0.033511892 -0.017855715 0.30525002
-0.029427059 -0.017036781 0.29125002
-0.026763858 -0.016963661 0.29000002
-0.024101641 -0.016875917 0.28850001
-0.021559158 -0.016861293 0.28825
-0.019037561 -0.016861293 0.28825
-0.016515965 -0.016861293 0.28825
-0.013957958 -0.016817423 0.28750002
-0.011025006 -0.016203221 0.27700001
-0.0084620826 -0.015939992 0.27250001
-0.0060615367 -0.015896119 0.27175
-0.0036808925 -0.015881497 0.27150002
-0.0013022166 -0.015837625 0.27075002
0.0010653064 -0.015823001 0.2705
0.0033935683 -0.015647516 0.26750001
0.0052728099 -0.014389864 0.24600001
0.0073644412 -0.014272873 0.24400002
0.0094697438 -0.014229001 0.24325001
0.011550005 -0.014170506 0.24225001
0.013683301 -0.01418513 0.24250001
0.016049081 -0.014404489 0.24625002
0.018739197 -0.01482858 0.25350001
0.021080809 -0.014916323 0.25500003
0 -0 0
0 -0 0
0 -0 0
0 -0 0
0.032013226 -0.014813955 0.25325
0.031829599 -0.013775663 0.23550001
0.033781812 -0.013731792 0.23475002
0.035797231 -0.013717167 0.23450001
0.037767924 -0.01368792 0.23400001
0.039772406 -0.013673296 0.23375002
0.044590149 -0.014579974 0.24925001
0.047896445 -0.014930946 0.25525001
0.049982063 -0.014887074 0.2545
0.052054565 -0.014843204 0.25375003
0.054167408 -0.014813955 0.25325
0.056327172 -0.014799332 0.25300002
0.058366865 -0.01475546 0.25225002
0.060453471 -0.014726213 0.25175002
0.062531322 -0.014696964 0.25125
0.066210605 -0.015033313 0.257
0.072121516 -0.015837625 0.27075002
0.074558809 -0.01585225 0.27100003
0.076787554 -0.015823001 0.2705
0.079007573 -0.015793754 0.27000001
0.081294172 -0.015779128 0.26975
0.083576411 -0.015764507 0.26950002
0.085694827 -0.015720634 0.26875001
0.087882042 -0.015691387 0.26825002
0.089892305 -0.01563289 0.26725
0.092057653 -0.015603643 0.26675001
0.094214238 -0.015574396 0.26625001
0.096452728 -0.015559771 0.266
0.098686844 -0.015545148 0.26575002
0.10101162 -0.015545148 0.26575002
0.10304474 -0.015501277 0.26500002
0.10486596 -0.015428158 0.26375002
0.10717323 -0.015428158 0.26375002
0.10937673 -0.015413533 0.26350001
0.11157586 -0.01539891 0.26325002
0.11387876 -0.01539891 0.26325002
0.11585065 -0.015355038 0.26250002
0.11792195 -0.015325791 0.26200002
0.12009919 -0.015311167 0.26175001
0.12273967 -0.015355038 0.26250002
0.13575336 -0.016671184 0.28500003
0.14370364 -0.017329257 0.29625002
0.1462952 -0.017329257 0.29625002
0.14888678 -0.017329257 0.29625002
0.15122271 -0.01730001 0.29575002
0.15354989 -0.017270762 0.29525003
0.15586831 -0.017241513 0.29475001
0.15817797 -0.017212266 0.29425001
0.16034232 -0.017168395 0.29350001
0.16263233 -0.017139148 0.29300001
0.16491358 -0.017109899 0.29250002
0.16704293 -0.017066028 0.29175001
0.16915916 -0.017022155 0.29100001
0.17126228 -0.016978284 0.29025
0.17335229 -0.016934413 0.28950003
0.17527726 -0.016875917 0.28850001
0.1774929 -0.01684667 0.28800002
0.17969981 -0.016817423 0.28750002
0.18142259 -0.016744304 0.28625003
0.18344478 -0.016700432 0.28550002
0.18561669 -0.016671184 0.28500003
0.18761483 -0.016627314 0.28425002
0.18943264 -0.016568817 0.28325
0.1908942 -0.016481075 0.28175002
0.19232951 -0.016393332 0.28025001
-0 -0 0
-0 -0 0
-0 -0 0
-0 -0 0
-0 -0 0
-0 -0 0
-0 -0 0
-0 -0 0
-0 -0 0
-0 -0 0
-0 -0 0
-0 -0 0
-0 -0 0
-0 -0 0
-0 -0 0
-0 -0 0
-0 -0 0
-0 -0 0
-0 -0 0
-0 -0 0
-0 -0 0
-0 -0 0
-0 -0 0
-0 -0 0
-0 -0 0
-0 -0 0
-0 -0 0
-0.16524608 -0.017550778 0.35275
-0.16204534 -0.017538341 0.35250002
-0.15896168 -0.017538341 0.35250002
-0.15554638 -0.017501025 0.35175002
-0.15214418 -0.017463708 0.35100001
-0.14896749 -0.017451271 0.35075003
-0.14579514 -0.017438833 0.35050002
-0.14262718 -0.017426392 0.35025001
-0.13916475 -0.017376639 0.34925002
-0.13571981 -0.017326884 0.34825
-0.13257809 -0.017314447 0.34800002
-0.12916158 -0.017264692 0.347
-0.12576257 -0.017214937 0.34600002
-0.12238105 -0.017165184 0.34500003
-0.11919001 -0.017140307 0.34450001
-0.11583912 -0.017090553 0.34350002
-0.11225934 -0.017003484 0.34175003
-0.10895 -0.016953729 0.34075001
-0.10565814 -0.016903974 0.33975002
-0.10268603 -0.016903974 0.33975002
-0.099934027 -0.01694129 0.34050003
-0.097026542 -0.016953729 0.34075001
-0.093907684 -0.016928852 0.34025002
-0.090797566 -0.016903974 0.33975002
-0.08769621 -0.016879098 0.33925003
-0.084728457 -0.016879098 0.33925003
-0.081700459 -0.01686666 0.33900002
-0.078444585 -0.016804466 0.33775002
-0.075434089 -0.016792027 0.33750001
-0.072374277 -0.01676715 0.33700001
-0.069271706 -0.016729835 0.33625001
-0.066330209 -0.016729835 0.33625001
-0.063388705 -0.016729835 0.33625001
-0.06040227 -0.016717397 0.33600003
-0.057377446 -0.016692519 0.3355
-0.054401942 -0.01668008 0.33525002
-0.051469199 -0.01668008 0.33525002
-0.048391666 -0.016630325 0.33425
-0.045331638 -0.016580572 0.33325002
-0.042320922 -0.016543256 0.33250001
-0.038967729 -0.016356679 0.32875001
-0.032386594 -0.014677476 0.29500002
-0.029376542 -0.014466021 0.29075003
-0.026763858 -0.014428706 0.29000002
-0.024164299 -0.01439139 0.28925002
-0.021596557 -0.014366513 0.28875002
-0.019037561 -0.014341635 0.28825
-0.016501641 -0.014329197 0.28800002
-0.013897271 -0.014242128 0.28625003
-0.010955353 -0.013694832 0.27525002
-0.0084853731 -0.013595323 0.27325001
-0.0060838428 -0.013570447 0.27275002
-0.0036910607 -0.01354557 0.27225003
-0.0013058238 -0.013508254 0.27150002
0.001066291 -0.013470938 0.27075002
0.0034062543 -0.013358991 0.2685
0.0053639053 -0.012450977 0.25025001
0.0073870774 -0.01217733 0.24475001
0.0094892085 -0.012127575 0.24375001
0.011573844 -0.012077821 0.24275002
0.013683301 -0.012065383 0.24250001
0.016016494 -0.012227084 0.24575001
0.018591354 -0.01251317 0.25150001
0.020977473 -0.012625118 0.25375003
0.023311537 -0.012687311 0.25500003
0.025442097 -0.012637556 0.25400001
0.027664077 -0.012637556 0.25400001
0.030033132 -0.012699748 0.25525001
0.031096756 -0.012239522 0.24600001
0.031863388 -0.011729542 0.23575
0.033853766 -0.011704666 0.23525001
0.035873558 -0.011692227 0.23500001
0.037808273 -0.011654911 0.23425001
0.040112704 -0.011729542 0.23575
0.04512684 -0.012550486 0.25225002
0.048037179 -0.012737064 0.25600001
0.050129361 -0.012699748 0.25525001
0.052259706 -0.012674872 0.25475001
0.054381303 -0.012649994 0.25425002
0.05649415 -0.012625118 0.25375003
0.058482554 -0.012575363 0.25275001
0.060573533 -0.012550486 0.25225002
0.062780209 -0.012550486 0.25225002
0.067627572 -0.013060466 0.26250002
0.072254702 -0.013495815 0.27125001
0.074490026 -0.013470938 0.27075002
0.076716594 -0.013446061 0.27025002
0.079007573 -0.013433622 0.27000001
0.081294172 -0.013421183 0.26975
0.083576411 -0.013408746 0.26950002
0.085774548 -0.013383868 0.26900002
0.087882042 -0.013346553 0.26825002
0.089892305 -0.013296798 0.26725
0.092057653 -0.013271921 0.26675001
0.094214238 -0.013247044 0.26625001
0.096452728 -0.013234605 0.266
0.098779678 -0.013234605 0.266
0.10101162 -0.013222167 0.26575002
0.10294753 -0.013172412 0.26475
0.10486596 -0.013122659 0.26375002
0.10717323 -0.013122659 0.26375002
0.1094805 -0.013122659 0.26375002
0.11146989 -0.013085343 0.26300001
0.11355431 -0.013060466 0.26250002
0.11551964 -0.01302315 0.26175001
0.11780942 -0.01302315 0.26175001
0.12009919 -0.01302315 0.26175001
0.12390861 -0.013184852 0.26500002
0.13908766 -0.014528214 0.29200003
0.14358236 -0.01472723 0.296
0.14617175 -0.01472723 0.296
0.14876114 -0.01472723 0.296
0.15109487 -0.014702353 0.29550001
0.15354989 -0.014689916 0.29525003
0.15586831 -0.014665037 0.29475001
0.15817797 -0.01464016 0.29425001
0.1604789 -0.014615283 0.29375002
0.16235481 -0.014553091 0.29250002
0.16449071 -0.014515775 0.29175001
0.16675666 -0.014490899 0.29125002
0.16886851 -0.014453582 0.29050002
0.17126228 -0.014441144 0.29025
0.17335229 -0.014403829 0.28950003
0.17527726 -0.014354074 0.28850001
0.1774929 -0.014329197 0.28800002
0.17954354 -0.014291882 0.28725001
0.18142259 -0.014242128 0.28625003
0.18344478 -0.014204812 0.28550002
0.18545385 -0.014167496 0.28475001
0.18728481 -0.014117743 0.28375003
0.18876386 -0.01404311 0.28225002
0.19055542 -0.013993355 0.28125
0.19232951 -0.013943602 0.28025001
-0 -0 0
-0 -0 0
-0 -0 0
-0 -0 0
-0 -0 0
-0 -0 0
-0 -0 0
-0 -0 0
-0 -0 0
-0 -0 0
-0 -0 0
-0 -0 0
-0 -0 0
-0 -0 0
-0 -0 0
-0 -0 0
-0 -0 0
-0 -0 0
-0 -0 0
-0 -0 0
-0 -0 0
-0 -0 0
-0 -0 0
-0 -0 0
-0 -0 0
-0 -0 0
-0 -0 0
-0 -0 0
-0.16170056 -0.014426297 0.35175002
-0.15884894 -0.014446803 0.35225001
-0.15587804 -0.014457056 0.35250002
-0.15257765 -0.01443655 0.35200003
-0.14917985 -0.014405791 0.35125002
-0.14589913 -0.014385284 0.35075003
-0.14252539 -0.014354524 0.35000002
-0.13906512 -0.014313511 0.34900001
-0.13571981 -0.014282751 0.34825
-0.13267332 -0.014282751 0.34825
-0.12925464 -0.014241738 0.34725001
-0.12558082 -0.014169966 0.34550002
-0.12220368 -0.014128952 0.34450001
-0.11910351 -0.0141187 0.34425002
-0.1156705 -0.014067434 0.34300002
-0.11234146 -0.01402642 0.34200001
-0.10895 -0.013975155 0.34075001
-0.10581364 -0.013954648 0.34025002
-0.10298827 -0.013975155 0.34075001
-0.10022752 -0.014005914 0.34150001
-0.097168908 -0.01399566 0.34125
-0.093976684 -0.013964902 0.34050003
-0.090931192 -0.013954648 0.34025002
-0.087825455 -0.013934142 0.33975002
-0.084728457 -0.013913636 0.33925003
-0.081700459 -0.013903382 0.33900002
-0.078560717 -0.013872623 0.33825001
-0.075489968 -0.013852116 0.33775002
-0.072427966 -0.01383161 0.33725002
-0.069374718 -0.013811103 0.33675003
-0.066428848 -0.013811103 0.33675003
-0.06348297 -0.013811103 0.33675003
-0.060447209 -0.013790596 0.33625001
-0.057291936 -0.01373933 0.33500001
-0.054320809 -0.013729078 0.33475003
-0.051392436 -0.013729078 0.33475003
-0.048391666 -0.01370857 0.33425
-0.04529763 -0.013657304 0.333
-0.042289104 -0.013626546 0.33225003
-0.037960198 -0.013134389 0.32025
-0.031974901 -0.011945015 0.29125002
-0.029326022 -0.011904001 0.29025
-0.026763858 -0.011893749 0.29000002
-0.024185184 -0.011873242 0.28950003
-0.021596557 -0.011842483 0.28875002
-0.019054074 -0.011832229 0.28850001
-0.016501641 -0.011811723 0.28800002
-0.013812308 -0.011668177 0.2845
-0.010945403 -0.011278555 0.27500001
-0.0085241897 -0.011258048 0.27450001
-0.0061117248 -0.011237542 0.27400002
-0.0037046182 -0.011206782 0.27325001
-0.001309431 -0.01116577 0.27225003
0.0010692448 -0.01113501 0.27150002
0.0034284554 -0.011083744 0.27025002
0.0055407374 -0.010601841 0.25850001
0.0074172597 -0.010078927 0.24575001
0.0095281387 -0.010037914 0.24475001
0.011609602 -0.0099866474 0.24350001
0.013711515 -0.0099661415 0.24300002
0.015918734 -0.010017407 0.24425001
0.018369587 -0.010191712 0.2485
0.020729462 -0.010283991 0.25075001
0.022991573 -0.01031475 0.25150001
0.025191683 -0.01031475 0.25150001
0 -0 0
0 -0 0
0.030180287 -0.0097918361 0.23875001
0.032032337 -0.0097200638 0.23700002
0.034069624 -0.0097098099 0.23675001
0.03602621 -0.0096790511 0.23600002
0.037969675 -0.0096482905 0.23525001
0.041048527 -0.0098943682 0.24125001
0.045931879 -0.010530069 0.25675002
0.048177917 -0.010530069 0.25675002
0.050227556 -0.010489055 0.25575
0.05241356 -0.010478803 0.25550002
0.054541718 -0.010458297 0.25500003
0.056661125 -0.010437789 0.2545
0.058713943 -0.010407031 0.25375003
0.060753636 -0.010376271 0.25300002
0.063029081 -0.010386523 0.25325
0.068980128 -0.010981211 0.26775002
0.072254702 -0.011124756 0.27125001
0.074490026 -0.01110425 0.27075002
0.076787554 -0.011093996 0.2705
0.079007573 -0.01107349 0.27000001
0.081218831 -0.011052984 0.26950002
0.083421357 -0.011032478 0.26900002
0.085615106 -0.01101197 0.2685
0.087718233 -0.010981211 0.26775002
0.0899764 -0.010970958 0.26750001
0.09214393 -0.010950452 0.26700002
0.094302706 -0.010929945 0.26650003
0.096543379 -0.010919692 0.26625001
0.098779678 -0.010909438 0.266
0.10082157 -0.010878679 0.26525003
0.10294753 -0.010858172 0.26475
0.10506476 -0.010837666 0.26425001
0.10727481 -0.010827412 0.264
0.10958427 -0.010827412 0.264
0.11157586 -0.010796653 0.26325002
0.11355431 -0.010765893 0.26250002
0.11562998 -0.010745388 0.26200002
0.11780942 -0.010735134 0.26175001
0.11998449 -0.01072488 0.2615
0.12846752 -0.011268302 0.27475002
0.1407548 -0.012119319 0.29550001
0.14358236 -0.012139826 0.296
0.14617175 -0.012139826 0.296
0.14876114 -0.012139826 0.296
0.15096705 -0.012109067 0.29525003
0.15341987 -0.012098813 0.29500002
0.1557361 -0.012078308 0.29450002
0.15817797 -0.012068054 0.29425001
0.16020575 -0.012027041 0.29325002
0.16235481 -0.011996281 0.29250002
0.16449071 -0.011965522 0.29175001
0.1666135 -0.011934761 0.29100001
0.16872318 -0.011904001 0.29025
0.17111479 -0.011893749 0.29000002
0.17335229 -0.011873242 0.28950003
0.17527726 -0.011832229 0.28850001
0.17764696 -0.011821975 0.28825
0.17985605 -0.011801469 0.28775001
0.18142259 -0.011739951 0.28625003
0.18328415 -0.011698937 0.28525001
0.18512821 -0.011657924 0.28425002
0.1867898 -0.011606659 0.28300002
0.18876386 -0.011575898 0.28225002
0.19072482 -0.011545138 0.28150001
0.19284423 -0.011524633 0.28100002
-0 -0 0
-0 -0 0
-0 -0 0
-0 -0 0
-0 -0 0
-0 -0 0
-0 -0 0
-0 -0 0
-0 -0 0
-0 -0 0
-0 -0 0
-0 -0 0
-0 -0 0
-0 -0 0
-0 -0 0
-0 -0 0
-0 -0 0
-0 -0 0
-0 -0 0
-0 -0 0
-0 -0 0
-0 -0 0
-0 -0 0
-0 -0 0
-0 -0 0
-0 -0 0
-0 -0 0
-0 -0 0
-0.16170056 -0.011351569 0.35175002
-0.15896168 -0.011375773 0.35250002
-0.15620969 -0.011399977 0.35325003
-0.15290274 -0.01138384 0.35275
-0.149286 -0.011343501 0.3515
-0.14589913 -0.011319297 0.35075003
-0.14252539 -0.011295094 0.35000002
-0.13906512 -0.011262822 0.34900001
-0.13571981 -0.011238618 0.34825
-0.13248284 -0.011222482 0.34775001
-0.12906852 -0.01119021 0.34675002
-0.12558082 -0.011149871 0.34550002
-0.12220368 -0.011117599 0.34450001
-0.11893053 -0.011093396 0.34375003
-0.11575481 -0.01107726 0.34325001
-0.11234146 -0.011036919 0.34200001
-0.10902993 -0.011004648 0.34100002
-0.10604688 -0.011004648 0.34100002
-0.10321495 -0.011020784 0.34150001
-0.10030089 -0.011028852 0.34175003
-0.097240098 -0.011020784 0.34150001
-0.093976684 -0.010988513 0.34050003
-0.090931192 -0.010980445 0.34025002
-0.087890074 -0.010972376 0.34
-0.084666021 -0.010940105 0.33900002
-0.081579961 -0.01092397 0.33850002
-0.07861878 -0.01092397 0.33850002
-0.075657599 -0.01092397 0.33850002
-0.072535343 -0.010899765 0.33775002
-0.069426216 -0.010875561 0.33700001
-0.066478156 -0.010875561 0.33700001
-0.063530095 -0.010875561 0.33700001
-0.06040227 -0.01084329 0.33600003
-0.057334695 -0.010819086 0.33525002
-0.054320809 -0.010802951 0.33475003
-0.051354054 -0.010794883 0.33450001
-0.04831928 -0.010770679 0.33375001
-0.04529763 -0.010746474 0.333
-0.042320922 -0.010730338 0.33250001
-0.036685966 -0.00998809 0.30950001
-0.031974901 -0.0093991319 0.29125002
-0.029376542 -0.0093829958 0.29075003
-0.026763858 -0.0093587916 0.29000002
-0.024164299 -0.0093345884 0.28925002
-0.021577857 -0.0093103843 0.28850001
-0.019037561 -0.0093023162 0.28825
-0.016501641 -0.0092942482 0.28800002
-0.013775897 -0.0091570942 0.28375003
-0.010985205 -0.0089069884 0.27600002
-0.0085552428 -0.0088908514 0.2755
-0.0061340299 -0.0088747162 0.27500001
-0.0037181757 -0.0088505121 0.27425
-0.0013154431 -0.0088263089 0.27350003
0.0010761367 -0.0088182408 0.27325001
0.0034474847 -0.0087698335 0.27175
0.0057014935 -0.0085842712 0.266
0.0074625327 -0.0079791769 0.24725001
0.0095573366 -0.0079227015 0.24550001
0.011633442 -0.0078742942 0.24400002
0.013739727 -0.0078581581 0.24350001
0.015837267 -0.007842022 0.24300002
0.018036941 -0.0078742942 0.24400002
0.020212775 -0.0078904293 0.24450001
0.022580193 -0.0079711089 0.24700001
0.024690855 -0.0079549728 0.24650002
0.026438799 -0.0078339549 0.24275002
0.028238794 -0.0077452068 0.24000001
0.030117083 -0.0076887319 0.23825002
0.032133702 -0.0076725958 0.23775001
0.034177553 -0.0076645277 0.23750001
0.036217026 -0.0076564602 0.23725002
0.03825213 -0.0076483921 0.23700002
0.042452257 -0.0080517875 0.24950001
0.04620022 -0.0083341654 0.25825
0.048459381 -0.0083341654 0.25825
0.050473046 -0.0082938252 0.257
0.052567419 -0.0082696229 0.25625002
0.054755606 -0.0082615539 0.25600001
0.056828104 -0.0082373498 0.25525001
0.058945328 -0.0082212146 0.25475001
0.061053801 -0.0082050785 0.25425002
0.063900173 -0.0082857581 0.25675002
0.069688596 -0.0087294932 0.2705
0.072254702 -0.0087536974 0.27125001
0.074558809 -0.0087456303 0.27100003
0.076787554 -0.0087294932 0.2705
0.079007573 -0.0087133581 0.27000001
0.081218831 -0.008697222 0.26950002
0.083421357 -0.0086810868 0.26900002
0.085694827 -0.0086730178 0.26875001
0.087882042 -0.0086568827 0.26825002
0.0899764 -0.0086326785 0.26750001
0.092057653 -0.0086084744 0.26675001
0.094302706 -0.0086004073 0.26650003
0.096543379 -0.0085923392 0.26625001
0.098779678 -0.0085842712 0.266
0.10082157 -0.008560068 0.26525003
0.10294753 -0.0085439309 0.26475
0.10516416 -0.0085358638 0.26450002
0.10727481 -0.0085197277 0.264
0.1094805 -0.0085116597 0.26375002
0.11146989 -0.0084874555 0.26300001
0.11344616 -0.0084632523 0.26225001
0.11551964 -0.0084471162 0.26175001
0.11780942 -0.0084471162 0.26175001
0.12021391 -0.0084551843 0.26200002
0.13326021 -0.0091974335 0.28500003
0.14111204 -0.00956049 0.29625002
0.14382491 -0.0095685581 0.29650003
0.14641868 -0.0095685581 0.29650003
0.14888678 -0.00956049 0.29625002
0.15096705 -0.0095282188 0.29525003
0.15328985 -0.0095120817 0.29475001
0.1556039 -0.0094959466 0.29425001
0.15777481 -0.0094717424 0.29350001
0.15993258 -0.0094475383 0.29275
0.16221604 -0.0094314031 0.29225001
0.16434976 -0.009407199 0.2915
0.16647038 -0.0093829958 0.29075003
0.16872318 -0.0093668597 0.29025
0.17096727 -0.0093507236 0.28975001
0.17320259 -0.0093345884 0.28925002
0.17527726 -0.0093103843 0.28850001
0.1774929 -0.0092942482 0.28800002
0.17954354 -0.009270045 0.28725001
0.18110569 -0.0092216367 0.28575
0.18280223 -0.0091812974 0.2845
0.18480258 -0.0091570942 0.28375003
0.18695478 -0.0091409571 0.28325
0.18909825 -0.009124822 0.28275001
0.19106358 -0.0091006178 0.28200001
0.19318736 -0.0090844827 0.28150001
-0 -0 0
-0 -0 0
-0 -0 0
-0 -0 0
-0 -0 0
-0 -0 0
-0 -0 0
-0 -0 0
-0 -0 0
-0 -0 0
-0 -0 0
-0 -0 0
-0 -0 0
-0 -0 0
-0 -0 0
-0 -0 0
-0 -0 0
-0 -0 0
-0 -0 0
-0 -0 0
-0 -0 0
-0 -0 0
-0 -0 0
-0 -0 0
-0 -0 0
-0 -0 0
-0 -0 0
-0 -0 0
-0 -0 0
-0 -0 0
-0.15587804 -0.0082944902 0.35250002
-0.15257765 -0.0082827248 0.35200003
-0.14896749 -0.0082533117 0.35075003
-0.14569114 -0.0082415463 0.35025001
-0.14242357 -0.0082297809 0.34975001
-0.13916475 -0.0082180155 0.34925002
-0.13571981 -0.0081944847 0.34825
-0.13238761 -0.008176838 0.34750003
-0.12897547 -0.0081533073 0.34650001
-0.12558082 -0.0081297765 0.34550002
-0.12229236 -0.0081121288 0.34475002
-0.11875753 -0.0080768326 0.34325001
-0.11550189 -0.0080591859 0.34250003
-0.11234146 -0.0080474196 0.34200001
-0.10934967 -0.0080474196 0.34200001
-0.10643561 -0.0080533028 0.34225002
-0.10336607 -0.0080474196 0.34200001
-0.10037426 -0.0080474196 0.34200001
-0.097240098 -0.0080356542 0.34150001
-0.094045676 -0.0080180066 0.34075001
-0.090931192 -0.0080062412 0.34025002
-0.087890074 -0.0080003589 0.34
-0.084790893 -0.0079885935 0.33950001
-0.081640206 -0.0079709459 0.33875
-0.07861878 -0.0079650637 0.33850002
-0.075657599 -0.0079650637 0.33850002
-0.072642729 -0.0079591805 0.33825001
-0.069477722 -0.0079356506 0.33725002
-0.066428848 -0.0079238852 0.33675003
-0.063435838 -0.0079180021 0.33650002
-0.06040227 -0.0079062376 0.33600003
-0.057420202 -0.0079003545 0.33575001
-0.054361373 -0.0078827068 0.33500001
-0.051392436 -0.0078768246 0.33475003
-0.048355475 -0.007859176 0.33400002
-0.045331638 -0.0078415284 0.33325002
-0.042161822 -0.0077944673 0.33125001
-0.035441373 -0.0070356103 0.29900002
-0.031974901 -0.0068532489 0.29125002
-0.029351281 -0.0068356008 0.29050002
-0.026740784 -0.0068179527 0.28975001
-0.024143411 -0.0068003051 0.289
-0.021577857 -0.0067885397 0.28850001
-0.019021051 -0.0067767748 0.28800002
-0.016472992 -0.0067650098 0.28750002
-0.013642387 -0.0066120615 0.28100002
-0.011044906 -0.0065297047 0.2775
-0.0085862968 -0.0065061743 0.27650002
-0.0061507593 -0.0064885262 0.27575001
-0.0037249548 -0.0064649964 0.27475002
-0.0013190502 -0.0064532305 0.27425
0.0010790905 -0.0064473483 0.27400002
0.0034633423 -0.0064238175 0.273
0.0058033061 -0.0063708741 0.27075002
0.0077417176 -0.0060355649 0.25650001
0.0095865345 -0.005794378 0.24625002
0.011681119 -0.0057649645 0.245
0.013782048 -0.0057473169 0.24425001
0.01585356 -0.0057237861 0.24325001
0.017944539 -0.0057120211 0.24275002
0.020088769 -0.0057179038 0.24300002
0.022168813 -0.0057061384 0.24250001
0.024190025 -0.0056826076 0.24150001
0.026193742 -0.0056590778 0.24050002
0.028209377 -0.0056414297 0.23975001
0.030243492 -0.0056296643 0.23925
0.032268859 -0.0056178994 0.23875001
0.034249503 -0.0056002513 0.23800001
0.036255192 -0.0055884859 0.23750001
0.038857386 -0.00566496 0.24075001
0.043813456 -0.0060590957 0.25750002
0.046334397 -0.006094391 0.259
0.048600115 -0.006094391 0.259
0.050718538 -0.0060767429 0.25825
0.052772556 -0.0060532126 0.25725001
0.054969493 -0.0060473299 0.257
0.057050742 -0.0060296827 0.25625002
0.059118867 -0.0060120346 0.25550002
0.061233904 -0.0060002697 0.25500003
0.065393448 -0.0061826301 0.26275
0.069817416 -0.0063767573 0.27100003
0.072321296 -0.0063885222 0.27150002
0.074558809 -0.0063767573 0.27100003
0.076787554 -0.0063649914 0.2705
0.078934416 -0.0063473433 0.26975
0.081143491 -0.0063355784 0.26925001
0.083421357 -0.0063296962 0.26900002
0.085694827 -0.006323813 0.26875001
0.087882042 -0.0063120481 0.26825002
0.0899764 -0.0062944 0.26750001
0.092057653 -0.0062767523 0.26675001
0.094214238 -0.0062649869 0.26625001
0.096362084 -0.006253222 0.26575002
0.098686844 -0.006253222 0.26575002
0.10082157 -0.0062414571 0.26525003
0.10304474 -0.0062355739 0.26500002
0.10516416 -0.006223809 0.26450002
0.10707164 -0.0062002782 0.26350001
0.10927296 -0.0061943959 0.26325002
0.11136393 -0.0061826301 0.26275
0.11333802 -0.0061649829 0.26200002
0.11551964 -0.0061590998 0.26175001
0.1176969 -0.0061532171 0.2615
0.12239335 -0.0062767523 0.26675001
0.13723463 -0.0069061923 0.29350001
0.14123113 -0.0069767837 0.29650003
0.14394617 -0.006982666 0.29675001
0.14654212 -0.006982666 0.29675001
0.14876114 -0.0069650183 0.296
0.15096705 -0.0069473707 0.29525003
0.15315984 -0.0069297231 0.29450002
0.1556039 -0.0069238399 0.29425001
0.15777481 -0.0069061923 0.29350001
0.15965943 -0.0068767788 0.29225001
0.1619385 -0.0068650139 0.29175001
0.16420881 -0.0068532489 0.29125002
0.16647038 -0.0068414835 0.29075003
0.16872318 -0.0068297181 0.29025
0.17111479 -0.0068238359 0.29000002
0.17320259 -0.0068061878 0.28925002
0.17512536 -0.006782657 0.28825
0.17718475 -0.0067650098 0.28750002
0.17907475 -0.006741479 0.28650001
0.18094724 -0.0067179487 0.28550002
0.18248098 -0.0066826525 0.28400001
0.18463975 -0.0066708876 0.28350002
0.18728481 -0.0066767703 0.28375003
0.18959984 -0.0066708876 0.28350002
0.19174112 -0.0066591226 0.28300002
0.19438834 -0.0066650049 0.28325
-0 -0 0
-0 -0 0
-0 -0 0
-0 -0 0
-0 -0 0
-0 -0 0
-0 -0 0
-0 -0 0
-0 -0 0
-0 -0 0
-0 -0 0
-0 -0 0
-0 -0 0
-0 -0 0
-0 -0 0
-0 -0 0
-0 -0 0
-0 -0 0
-0 -0 0
-0 -0 0
-0 -0 0
-0 -0 0
-0 -0 0
-0 -0 0
-0 -0 0
-0 -0 0
-0 -0 0
-0 -0 0
-0 -0 0
-0 -0 0
-0.15499362 -0.0051836278 0.35050002
-0.15160236 -0.0051725362 0.34975001
-0.14854276 -0.0051725362 0.34975001
-0.14558716 -0.0051762336 0.35000002
-0.14242357 -0.0051725362 0.34975001
-0.13906512 -0.0051614442 0.34900001
-0.13562238 -0.0051466548 0.34800002
-0.13219711 -0.0051318654 0.347
-0.12888242 -0.0051207738 0.34625003
-0.12548995 -0.0051059844 0.34525001
-0.122115 -0.0050911955 0.34425002
-0.11858454 -0.0050690114 0.34275001
-0.11550189 -0.0050653145 0.34250003
-0.11250571 -0.0050653145 0.34250003
-0.10958946 -0.0050690114 0.34275001
-0.10659111 -0.0050690114 0.34275001
-0.1035172 -0.0050653145 0.34250003
-0.10037426 -0.0050579193 0.34200001
-0.097311288 -0.0050542224 0.34175003
-0.094114684 -0.0050431304 0.34100002
-0.091064811 -0.005039433 0.34075001
-0.0879547 -0.0050320383 0.34025002
-0.084790893 -0.0050209463 0.33950001
-0.081640206 -0.0050098542 0.33875
-0.07861878 -0.0050061573 0.33850002
-0.075601719 -0.00500246 0.33825001
-0.07258904 -0.0049987626 0.33800003
-0.06952922 -0.0049913679 0.33750001
-0.066527478 -0.0049876706 0.33725002
-0.063435838 -0.0049765785 0.33650002
-0.060492154 -0.0049765785 0.33650002
-0.057505712 -0.0049728812 0.33625001
-0.054483078 -0.0049654869 0.33575001
-0.051430814 -0.0049543949 0.33500001
-0.048355475 -0.0049396055 0.33400002
-0.045365646 -0.0049322112 0.33350003
-0.041143574 -0.0047806213 0.32325003
-0.03487834 -0.0043517333 0.29425001
-0.032002345 -0.0043110629 0.2915
-0.029326022 -0.0042925761 0.29025
-0.026740784 -0.0042851819 0.28975001
-0.024185184 -0.0042814845 0.28950003
-0.021615254 -0.0042740898 0.289
-0.019054074 -0.0042666951 0.28850001
-0.016430018 -0.0042408141 0.28675002
-0.013569562 -0.0041335919 0.27950001
-0.011064808 -0.0041114083 0.27800003
-0.0086018238 -0.0040966189 0.27700001
-0.0061674886 -0.0040892246 0.27650002
-0.0037385121 -0.0040781326 0.27575001
-0.0013250624 -0.0040744347 0.2755
0.0010830287 -0.0040670405 0.27500001
0.0034728572 -0.0040485538 0.27375001
0.0058408161 -0.0040300675 0.27250001
0.0081416303 -0.0039893966 0.26975
0.0099563692 -0.0037823475 0.25575
0.011740717 -0.0036418501 0.24625002
0.013838474 -0.0036270607 0.24525002
0.015918734 -0.0036122715 0.24425001
0.017999979 -0.0036011795 0.24350001
0.020088769 -0.003593785 0.24300002
0.022168813 -0.0035863903 0.24250001
0.024240108 -0.0035789958 0.24200001
0.026248198 -0.0035642064 0.24100001
0.028268209 -0.0035531144 0.24025001
0.030369902 -0.0035531144 0.24025001
0.032404017 -0.0035457199 0.23975001
0.034393411 -0.0035346278 0.23900001
0.036522333 -0.0035383252 0.23925
0.040874898 -0.0037453745 0.25325
0.044323903 -0.0038525965 0.26050001
0.046558015 -0.0038488992 0.26025
0.048740849 -0.0038415047 0.25975001
0.050865833 -0.0038304126 0.259
0.052926414 -0.0038156235 0.25800002
0.055076443 -0.003808229 0.25750002
0.057162061 -0.0037971369 0.25675002
0.059292406 -0.0037897425 0.25625002
0.061654132 -0.0037971369 0.25675002
0.066886738 -0.0039746077 0.26875001
0.069881819 -0.0040115807 0.27125001
0.072321296 -0.0040152785 0.27150002
0.074627586 -0.0040115807 0.27125001
0.076716594 -0.0039967918 0.27025002
0.078934416 -0.0039893966 0.26975
0.081143491 -0.0039820024 0.26925001
0.083421357 -0.0039783055 0.26900002
0.085615106 -0.0039709103 0.2685
0.087882042 -0.0039672134 0.26825002
0.090060495 -0.0039598187 0.26775002
0.092230201 -0.0039524236 0.26725
0.094302706 -0.003941332 0.26650003
0.096362084 -0.0039302404 0.26575002
0.098594002 -0.0039265426 0.26550001
0.10082157 -0.0039228457 0.26525003
0.10304474 -0.0039191484 0.26500002
0.10496535 -0.0039043587 0.264
0.10697006 -0.0038932671 0.26325002
0.10927296 -0.0038932671 0.26325002
0.11157586 -0.0038932671 0.26325002
0.11366245 -0.0038858722 0.26275
0.11562998 -0.0038747806 0.26200002
0.11780942 -0.003871083 0.26175001
0.12709637 -0.0040966189 0.27700001
0.13852048 -0.0043813121 0.29625002
0.14135021 -0.0043887063 0.29675001
0.14382491 -0.0043850094 0.29650003
0.14641868 -0.0043850094 0.29650003
0.14876114 -0.0043776142 0.296
0.15096705 -0.0043665227 0.29525003
0.15328985 -0.004359128 0.29475001
0.1557361 -0.0043554306 0.29450002
0.1579092 -0.004344339 0.29375002
0.15965943 -0.0043221549 0.29225001
0.1619385 -0.0043147602 0.29175001
0.16434976 -0.0043110629 0.2915
0.1666135 -0.0043036682 0.29100001
0.16872318 -0.0042925761 0.29025
0.17096727 -0.0042851819 0.28975001
0.1729032 -0.0042703929 0.28875002
0.1748216 -0.0042556031 0.28775001
0.17687659 -0.004244511 0.287
0.17907475 -0.0042371168 0.28650001
0.18094724 -0.0042223278 0.28550002
0.18280223 -0.004207538 0.2845
0.18496539 -0.0042001437 0.28400001
0.18744981 -0.0042001437 0.28400001
0.19010143 -0.0042038411 0.28425002
0.19241863 -0.0042001437 0.28400001
0.19490306 -0.0042001437 0.28400001
-0 -0 0
-0 -0 0
-0 -0 0
-0 -0 0
-0 -0 0
-0 -0 0
-0 -0 0
-0 -0 0
-0 -0 0
-0 -0 0
-0 -0 0
-0 -0 0
-0 -0 0
-0 -0 0
-0 -0 0
-0 -0 0
-0 -0 0
-0 -0 0
-0 -0 0
-0 -0 0
-0 -0 0
-0 -0 0
-0 -0 0
-0 -0 0
-0 -0 0
-0 -0 0
-0 -0 0
-0 -0 0
-0 -0 0
-0 -0 0
-0 -0 0
-0.15160236 -0.0021152911 0.34975001
-0.14864895 -0.0021168031 0.35000002
-0.14569114 -0.0021183148 0.35025001
-0.14242357 -0.0021152911 0.34975001
-0.13886589 -0.0021077311 0.34850001
-0.13552494 -0.0021031951 0.34775001
-0.13210188 -0.0020971471 0.34675002
-0.12878935 -0.002092611 0.34600002
-0.12521735 -0.0020835388 0.34450001
-0.12176027 -0.0020759788 0.34325001
-0.11867104 -0.002074467 0.34300002
-0.11600773 -0.002080515 0.34400001
-0.11291631 -0.002079003 0.34375003
-0.10966941 -0.002074467 0.34300002
-0.10666885 -0.002074467 0.34300002
-0.10359275 -0.002072955 0.34275001
-0.10044764 -0.002069931 0.34225002
-0.097311288 -0.002066907 0.34175003
-0.094183676 -0.0020638828 0.34125
-0.091131628 -0.002062371 0.34100002
-0.088019334 -0.002059347 0.34050003
-0.084853336 -0.002054811 0.33975002
-0.081579961 -0.002047251 0.33850002
-0.078560717 -0.002045739 0.33825001
-0.075657599 -0.002047251 0.33850002
-0.072642729 -0.002045739 0.33825001
-0.069580726 -0.002042715 0.33775002
-0.066576786 -0.0020412027 0.33750001
-0.06348297 -0.002036667 0.33675003
-0.060447209 -0.002033643 0.33625001
-0.05746296 -0.002032131 0.33600003
-0.054483078 -0.002030619 0.33575001
-0.051430814 -0.0020260829 0.33500001
-0.048391666 -0.0020215467 0.33425
-0.045365646 -0.0020170109 0.33350003
-0.039520744 -0.0018779067 0.31050003
-0.034670908 -0.0017690426 0.29250002
-0.032029793 -0.0017645066 0.29175001
-0.029376542 -0.0017584586 0.29075003
-0.026786929 -0.0017554344 0.29025
-0.024206068 -0.0017524104 0.28975001
-0.021633953 -0.0017493865 0.28925002
-0.019087097 -0.0017478744 0.289
-0.016372722 -0.0017282184 0.28575
-0.013593836 -0.0016934423 0.28
-0.011104609 -0.0016873945 0.27900001
-0.0086251134 -0.0016798344 0.27775002
-0.0061786412 -0.0016752983 0.27700001
-0.0037486805 -0.0016722744 0.27650002
-0.0013286696 -0.0016707623 0.27625
0.0010859824 -0.0016677383 0.27575001
0.003488715 -0.0016632023 0.27500001
0.0058729672 -0.0016571544 0.27400002
0.0082397228 -0.0016511063 0.273
0.010540321 -0.0016374984 0.27075002
0.012229417 -0.0015513141 0.25650001
0.0138949 -0.0014893222 0.24625002
0.015983908 -0.0014832742 0.24525002
0.01805542 -0.0014772261 0.24425001
0.020150771 -0.001474202 0.24375001
0.022237377 -0.0014711781 0.24325001
0.024315234 -0.0014681541 0.24275002
0.026384341 -0.0014651301 0.24225001
0.02838587 -0.001459082 0.24125001
0.030433107 -0.0014560581 0.24075001
0.032505386 -0.0014545461 0.24050002
0.034645244 -0.0014560581 0.24075001
0.038697645 -0.0015331702 0.25350001
0.042206459 -0.0015815542 0.2615
0.044494048 -0.0015815542 0.2615
0.046736918 -0.0015800423 0.26125002
0.048881583 -0.0015755063 0.26050001
0.050964035 -0.0015694583 0.25950003
0.053080272 -0.0015649223 0.25875002
0.055236854 -0.0015618982 0.25825
0.057384696 -0.0015588742 0.25775
0.059581637 -0.0015573623 0.25750002
0.062914833 -0.0015845783 0.26200002
0.067571163 -0.0016420344 0.27150002
0.069946229 -0.0016420344 0.27150002
0.072321296 -0.0016420344 0.27150002
0.074558809 -0.0016390104 0.27100003
0.076716594 -0.0016344744 0.27025002
0.078934416 -0.0016314503 0.26975
0.081143491 -0.0016284263 0.26925001
0.083421357 -0.0016269144 0.26900002
0.085615106 -0.0016238902 0.2685
0.087882042 -0.0016223784 0.26825002
0.090060495 -0.0016193544 0.26775002
0.092230201 -0.0016163302 0.26725
0.09439116 -0.0016133062 0.26675001
0.096452728 -0.0016087702 0.266
0.098594002 -0.0016057462 0.26550001
0.10082157 -0.0016042343 0.26525003
0.10285033 -0.0015996983 0.26450002
0.10486596 -0.0015951623 0.26375002
0.10717323 -0.0015951623 0.26375002
0.10937673 -0.0015936502 0.26350001
0.11157586 -0.0015921383 0.26325002
0.11366245 -0.0015891142 0.26275
0.11585065 -0.0015876023 0.26250002
0.11882211 -0.0015966742 0.264
0.13225822 -0.0017433384 0.28825
0.13887116 -0.0017962586 0.29700002
0.14135021 -0.0017947465 0.29675001
0.14358236 -0.0017902105 0.296
0.14617175 -0.0017902105 0.296
0.14863551 -0.0017886986 0.29575002
0.15096705 -0.0017856746 0.29525003
0.15328985 -0.0017826505 0.29475001
0.1556039 -0.0017796265 0.29425001
0.15764043 -0.0017735786 0.29325002
0.15965943 -0.0017675305 0.29225001
0.1619385 -0.0017645066 0.29175001
0.16420881 -0.0017614826 0.29125002
0.1666135 -0.0017599704 0.29100001
0.16857786 -0.0017539226 0.29000002
0.17067224 -0.0017493865 0.28925002
0.17260377 -0.0017433384 0.28825
0.17451783 -0.0017372904 0.28725001
0.17672253 -0.0017342665 0.28675002
0.17907475 -0.0017327544 0.28650001
0.18110569 -0.0017282184 0.28575
0.18328415 -0.0017251944 0.28525001
0.18561669 -0.0017236825 0.28500003
0.18794484 -0.0017221705 0.28475001
0.19026862 -0.0017206584 0.2845
0.19258803 -0.0017191465 0.28425002
0.19507463 -0.0017191465 0.28425002
-0 0 0
-0 0 0
-0 0 0
-0 0 0
-0 0 0
-0 0 0
-0 0 0
-0 0 0
-0 0 0
-0 0 0
-0 0 0
-0 0 0
-0 0 0
-0 0 0
-0 0 0
-0 0 0
-0 0 0
-0 0 0
-0 0 0
-0 0 0
-0 0 0
-0 0 0
-0 0 0
-0 0 0
-0 0 0
-0 0 0
-0 0 0
-0 0 0
-0 0 0
-0 0 0
-0 0 0
-0 0 0
-0.1488613 0.00094397384 0.35050002
-0.14569114 0.00094330049 0.35025001
-0.14232178 0.00094128062 0.34950003
-0.13876627 0.00093791407 0.34825
-0.13542752 0.0009358942 0.34750003
-0.13191138 0.00093252765 0.34625003
-0.12841713 0.00092916115 0.34500003
-0.12494475 0.00092579465 0.34375003
-0.12176027 0.00092444796 0.34325001
-0.11901702 0.00092646788 0.34400001
-0.11634497 0.00092916115 0.34500003
-0.11324479 0.0009284878 0.34475002
-0.10982927 0.00092512131 0.34350002
-0.10666885 0.00092377473 0.34300002
-0.10374387 0.00092444796 0.34325001
-0.10059439 0.00092310138 0.34275001
-0.097382471 0.00092108146 0.34200001
-0.094252676 0.00091973483 0.34150001
-0.091131628 0.00091838825 0.34100002
-0.088083953 0.0009177149 0.34075001
-0.084978208 0.00091636833 0.34025002
-0.081820965 0.00091434841 0.33950001
-0.078734905 0.00091300177 0.33900002
-0.075713471 0.00091232848 0.33875
-0.072642729 0.00091098185 0.33825001
-0.069580726 0.00090963527 0.33775002
-0.066576786 0.00090896193 0.33750001
-0.06348297 0.00090694206 0.33675003
-0.060447209 0.00090559543 0.33625001
-0.057420202 0.00090424879 0.33575001
-0.054401942 0.00090290222 0.33525002
-0.051392436 0.00090155564 0.33475003
-0.048391666 0.00090020895 0.33425
-0.044991568 0.00089078274 0.33075002
-0.038088828 0.00080594624 0.29925001
-0.034611642 0.00078642048 0.29200003
-0.031974901 0.0007844005 0.29125002
-0.029376542 0.00078305393 0.29075003
-0.026763858 0.000781034 0.29000002
-0.024206068 0.00078036066 0.28975001
-0.021615254 0.00077834073 0.289
-0.019037561 0.00077632081 0.28825
-0.016272452 0.00076487463 0.28400001
-0.013630249 0.00075612165 0.28075001
-0.011134461 0.0007534285 0.27975002
-0.0086484039 0.00075006194 0.27850002
-0.0061897938 0.00074736873 0.2775
-0.0037554591 0.00074602209 0.27700001
-0.0013298721 0.00074467552 0.27650002
0.0010869671 0.00074332894 0.27600002
0.003495058 0.00074198225 0.2755
0.0058890432 0.00073996239 0.27475002
0.0082774507 0.00073861575 0.27425
0.010637647 0.00073592254 0.27325001
0.012920748 0.00072986283 0.27100003
0.014586118 0.0006961975 0.25850001
0.016212016 0.00066993863 0.24875002
0.018147822 0.00066118565 0.24550001
0.020212775 0.00065849244 0.24450001
0.022305941 0.00065714587 0.24400002
0.024415398 0.00065647252 0.24375001
0.026520483 0.00065579923 0.24350001
0.028562363 0.00065377931 0.24275002
0.030622721 0.00065243267 0.24225001
0.033282544 0.00066320557 0.24625002
0.036983706 0.00069215766 0.257
0.040147852 0.00070831703 0.26300001
0.042367864 0.00070697046 0.26250002
0.044579126 0.00070562382 0.26200002
0.046871092 0.00070562382 0.26200002
0.049022321 0.0007036039 0.26125002
0.05106223 0.0007002374 0.26000002
0.053234126 0.00069889077 0.25950003
0.055397272 0.00069754414 0.259
0.057551675 0.0006961975 0.25850001
0.059755169 0.00069552421 0.25825
0.064175524 0.00071976316 0.26725
0.067695603 0.00073255604 0.27200001
0.070010632 0.0007318827 0.27175
0.072321296 0.00073120941 0.27150002
0.074490026 0.00072918949 0.27075002
0.076716594 0.00072784291 0.27025002
0.079007573 0.00072716956 0.27000001
0.081143491 0.00072514964 0.26925001
0.083421357 0.00072447635 0.26900002
0.085694827 0.00072380307 0.26875001
0.08780013 0.00072178309 0.26800001
0.090060495 0.00072110986 0.26775002
0.092316486 0.00072043651 0.26750001
0.094479628 0.00071908993 0.26700002
0.096724682 0.00071841659 0.26675001
0.098779678 0.00071639667 0.266
0.10082157 0.0007143768 0.26525003
0.10294753 0.00071303017 0.26475
0.10506476 0.00071168353 0.26425001
0.10727481 0.00071101019 0.264
0.10937673 0.00070966361 0.26350001
0.11125797 0.00070697046 0.26250002
0.11344616 0.00070629711 0.26225001
0.11596097 0.00070764369 0.26275
0.12242278 0.00073255604 0.27200001
0.13569948 0.00079652003 0.29575002
0.13898805 0.00080055982 0.29725
0.14123113 0.00079853996 0.29650003
0.14346109 0.00079652003 0.29575002
0.14592484 0.00079584669 0.29550001
0.14838423 0.00079517346 0.29525003
0.15071137 0.00079382677 0.29475001
0.15302981 0.00079248019 0.29425001
0.15507509 0.00078978698 0.29325002
0.15710285 0.00078709371 0.29225001
0.15938628 0.00078574714 0.29175001
0.16166098 0.0007844005 0.29125002
0.16392691 0.00078305393 0.29075003
0.16632724 0.00078238058 0.29050002
0.16843253 0.00078036066 0.28975001
0.17052472 0.00077834073 0.289
0.17245409 0.00077564752 0.28800002
0.17421407 0.00077228103 0.28675002
0.17656845 0.00077160768 0.28650001
0.17923102 0.00077228103 0.28675002
0.18142259 0.00077093445 0.28625003
0.1836054 0.00076958776 0.28575
0.18594232 0.00076891453 0.28550002
0.18843988 0.00076891453 0.28550002
0.19077021 0.00076824118 0.28525001
0.1927574 0.00076622126 0.2845
0.19524619 0.00076622126 0.2845
-0 0 0
-0 0 0
-0 0 0
-0 0 0
-0 0 0
-0 0 0
-0 0 0
-0 0 0
-0 0 0
-0 0 0
-0 0 0
-0 0 0
-0 0 0
-0 0 0
-0 0 0
-0 0 0
-0 0 0
-0 0 0
-0 0 0
-0 0 0
-0 0 0
-0 0 0
-0 0 0
-0 0 0
-0 0 0
-0 0 0
-0 0 0
-0 0 0
-0 0 0
-0 0 0
-0 0 0
-0 0 0
-0 0 0
-0.14527519 0.0039934814 0.34925002
-0.14211816 0.0039906227 0.34900001
-0.13886589 0.0039849058 0.34850001
-0.13542752 0.0039734715 0.34750003
-0.1317209 0.0039534606 0.34575
-0.12823102 0.0039391676 0.34450001
-0.12494475 0.003930592 0.34375003
-0.12193764 0.003930592 0.34375003
-0.11910351 0.0039363094 0.34425002
-0.11642927 0.0039477437 0.34525001
-0.11340903 0.0039477437 0.34525001
-0.11006907 0.0039363094 0.34425002
-0.10682435 0.0039277333 0.34350002
-0.10389499 0.003930592 0.34375003
-0.10074113 0.0039248746 0.34325001
-0.097524844 0.003916299 0.34250003
-0.094321683 0.0039077234 0.34175003
-0.091198429 0.0039020057 0.34125
-0.088083953 0.0038962886 0.34075001
-0.084915765 0.0038877127 0.34
-0.081881218 0.0038848543 0.33975002
-0.078792974 0.0038791371 0.33925003
-0.075713471 0.0038734197 0.33875
-0.07258904 0.0038648441 0.33800003
-0.069580726 0.0038619854 0.33775002
-0.066576786 0.0038591265 0.33750001
-0.063435838 0.0038476922 0.33650002
-0.060447209 0.0038448335 0.33625001
-0.057377446 0.0038362576 0.3355
-0.054401942 0.0038333992 0.33525002
-0.051392436 0.003827682 0.33475003
-0.048391666 0.0038219646 0.33425
-0.043767307 0.0036790341 0.32175002
-0.037356965 0.0033560109 0.29350001
-0.034552373 0.0033331418 0.2915
-0.031947453 0.0033274246 0.29100001
-0.029351281 0.0033217075 0.29050002
-0.026740784 0.0033131316 0.28975001
-0.024185184 0.0033102732 0.28950003
-0.021615254 0.0033045558 0.289
-0.018955005 0.0032816869 0.287
-0.016186504 0.0032302318 0.2825
-0.013666661 0.0032187975 0.28150001
-0.011164311 0.0032073632 0.28050002
-0.008679457 0.0031959286 0.27950001
-0.0062120999 0.0031844943 0.27850002
-0.0037656275 0.0031759182 0.27775002
-0.0013334793 0.0031702011 0.27725002
0.0010909053 0.0031673424 0.27700001
0.0035045727 0.0031587665 0.27625
0.0058997599 0.0031473322 0.27525002
0.0082849963 0.0031387564 0.27450001
0.010657111 0.0031301805 0.27375001
0.013016104 0.0031216047 0.273
0.015333761 0.0031073114 0.27175
0.017466614 0.0030644324 0.26800001
0.019127289 0.002958664 0.25875002
0.020936135 0.0028957743 0.25325
0.022900157 0.0028643296 0.25050002
0.025091518 0.0028643296 0.25050002
0.027446248 0.0028814811 0.252
0.029738979 0.0028900572 0.25275001
0.032771684 0.0029643811 0.25925002
0.035681587 0.0030186945 0.264
0.038063001 0.0030244121 0.26450002
0.040338669 0.0030215532 0.26425001
0.042529263 0.0030129773 0.26350001
0.044706736 0.0030044015 0.26275
0.046915811 0.0029986843 0.26225001
0.049116142 0.0029929671 0.26175001
0.051209524 0.0029815328 0.26075003
0.053336699 0.002972957 0.26000002
0.055504221 0.0029672398 0.25950003
0.05766299 0.0029615222 0.259
0.060275789 0.0029786741 0.26050001
0.065256126 0.0031073114 0.27175
0.067820042 0.0031158875 0.27250001
0.070139453 0.0031130291 0.27225003
0.072321296 0.0031044532 0.27150002
0.074490026 0.0030958771 0.27075002
0.076716594 0.00309016 0.27025002
0.079007573 0.0030873013 0.27000001
0.081143491 0.0030787254 0.26925001
0.08349888 0.0030787254 0.26925001
0.085774548 0.003075867 0.26900002
0.087882042 0.0030672911 0.26825002
0.090144582 0.0030644324 0.26800001
0.092316486 0.0030587153 0.26750001
0.09439116 0.0030501394 0.26675001
0.096634038 0.0030472809 0.26650003
0.098779678 0.0030415633 0.266
0.10091659 0.0030358462 0.26550001
0.10304474 0.0030301292 0.26500002
0.10506476 0.0030215532 0.26425001
0.10727481 0.0030186945 0.264
0.10937673 0.0030129773 0.26350001
0.11136393 0.0030044015 0.26275
0.11355431 0.003001543 0.26250002
0.11607131 0.0030072602 0.26300001
0.12703614 0.0032273734 0.28225002
0.13661714 0.0034046075 0.29775003
0.13898805 0.0033988899 0.29725
0.14123113 0.0033903143 0.29650003
0.14333983 0.0033788797 0.29550001
0.1458014 0.0033760213 0.29525003
0.14813292 0.0033703039 0.29475001
0.15071137 0.0033703039 0.29475001
0.1528998 0.003361728 0.294
0.15494289 0.0033502937 0.29300001
0.15696847 0.0033388594 0.29200003
0.15938628 0.0033360007 0.29175001
0.16166098 0.0033302836 0.29125002
0.163645 0.0033188488 0.29025
0.16604096 0.0033159903 0.29000002
0.16814189 0.0033074145 0.28925002
0.17008218 0.0032959799 0.28825
0.17185527 0.0032816869 0.287
0.17391029 0.0032731113 0.28625003
0.17672253 0.0032788285 0.28675002
0.17938727 0.0032816869 0.287
0.18173949 0.0032788285 0.28675002
0.18376605 0.0032702526 0.28600001
0.18594232 0.0032645355 0.28550002
0.18827486 0.0032616765 0.28525001
0.19093741 0.0032645355 0.28550002
0.19309619 0.0032588183 0.28500003
0.19541776 0.0032559596 0.28475001
-0 0 0
-0 0 0
-0 0 0
-0 0 0
-0 0 0
-0 0 0
-0 0 0
-0 0 0
-0 0 0
-0 0 0
-0 0 0
-0 0 0
-0 0 0
-0 0 0
-0 0 0
-0 0 0
-0 0 0
-0 0 0
-0 0 0
-0 0 0
-0 0 0
-0 0 0
-0 0 0
-0 0 0
-0 0 0
-0 0 0
-0 0 0
-0 0 0
-0 0 0
-0 0 0
-0 0 0
-0 0 0
-0 0 0
-0 0 0
-0.14181274 0.0070261802 0.34825
-0.13846743 0.007011049 0.34750003
-0.13494037 0.0069858292 0.34625003
-0.13162565 0.0069706975 0.34550002
-0.12841713 0.0069606099 0.34500003
-0.12530822 0.0069555654 0.34475002
-0.12229236 0.0069555654 0.34475002
-0.1192765 0.0069555654 0.34475002
-0.11634497 0.0069606099 0.34500003
-0.11332691 0.0069606099 0.34500003
-0.11006907 0.0069454778 0.34425002
-0.10697984 0.0069404338 0.34400001
-0.10389499 0.0069353902 0.34375003
-0.10074113 0.0069253016 0.34325001
-0.097596027 0.006915214 0.34275001
-0.094459675 0.0069051264 0.34225002
-0.091265246 0.0068899947 0.34150001
-0.088083953 0.0068748626 0.34075001
-0.084853336 0.0068546874 0.33975002
-0.081760719 0.0068445997 0.33925003
-0.078734905 0.0068395552 0.33900002
-0.075713471 0.0068345112 0.33875
-0.07258904 0.00681938 0.33800003
-0.069580726 0.0068143359 0.33775002
-0.066576786 0.0068092919 0.33750001
-0.063435838 0.0067891162 0.33650002
-0.06040227 0.0067790286 0.33600003
-0.057377446 0.00676894 0.3355
-0.054361373 0.0067588524 0.33500001
-0.051354054 0.0067487648 0.33450001
-0.048283089 0.0067285895 0.33350003
-0.041964922 0.0062241973 0.30850002
-0.037197862 0.0058963425 0.29225001
-0.034522742 0.0058761667 0.29125002
-0.031947453 0.0058711227 0.29100001
-0.029376542 0.0058660791 0.29075003
-0.026786929 0.0058559906 0.29025
-0.024206068 0.005845903 0.28975001
-0.021615254 0.0058307713 0.289
-0.01898803 0.005800508 0.28750002
-0.016229477 0.0057147611 0.28325
-0.013703072 0.0056945859 0.28225002
-0.011214064 0.0056844978 0.28175002
-0.0087182736 0.0056643221 0.28075001
-0.0062399819 0.0056441464 0.27975002
-0.0037791848 0.0056239706 0.27875
-0.001338289 0.0056138826 0.27825001
0.0010958281 0.0056138826 0.27825001
0.0035236022 0.0056037949 0.27775002
0.0059265527 0.0055785757 0.27650002
0.008307633 0.0055533559 0.27525002
0.010696041 0.0055432683 0.27475002
0.013063783 0.0055281362 0.27400002
0.015432509 0.0055180485 0.27350003
0.017759897 0.0054978728 0.27250001
0.020088272 0.0054827407 0.27175
0.022424193 0.0054726531 0.27125001
0.02456853 0.005422214 0.26875001
0.026819378 0.0054020383 0.26775002
0.029243324 0.0054171695 0.2685
0.031503905 0.0054020383 0.26775002
0.033751357 0.0053869067 0.26700002
0.035951901 0.0053667305 0.266
0.03817093 0.0053515993 0.26525003
0.040453162 0.0053465553 0.26500002
0.042690668 0.0053364676 0.26450002
0.044834349 0.0053162915 0.26350001
0.047049984 0.0053062038 0.26300001
0.049209964 0.0052910717 0.26225001
0.051405918 0.0052809841 0.26175001
0.053541835 0.0052658524 0.26100001
0.055611163 0.0052456767 0.26000002
0.057885632 0.0052456767 0.26000002
0.061606254 0.0053717745 0.26625001
0.065376192 0.0054928293 0.27225003
0.067757823 0.0054928293 0.27225003
0.070139453 0.0054928293 0.27225003
0.072321296 0.0054776971 0.27150002
0.074490026 0.0054625655 0.27075002
0.07664562 0.0054474333 0.27000001
0.078934416 0.0054423893 0.26975
0.081218831 0.0054373457 0.26950002
0.08349888 0.0054323017 0.26925001
0.085774548 0.0054272581 0.26900002
0.088045843 0.005422214 0.26875001
0.090228677 0.005412126 0.26825002
0.092316486 0.0053969943 0.26750001
0.09439116 0.0053818626 0.26675001
0.096543379 0.0053717745 0.26625001
0.098686844 0.0053616869 0.26575002
0.10091659 0.0053566429 0.26550001
0.10314196 0.0053515993 0.26525003
0.10506476 0.0053314231 0.26425001
0.10717323 0.0053213355 0.26375002
0.10937673 0.0053162915 0.26350001
0.11157586 0.0053112479 0.26325002
0.11387876 0.0053112479 0.26325002
0.11706433 0.0053515993 0.26525003
0.13142446 0.0058912989 0.29200003
0.13684656 0.0060173967 0.29825002
0.13922185 0.0060073091 0.29775003
0.14135021 0.0059871329 0.29675001
0.14321856 0.0059568696 0.29525003
0.14555447 0.0059467815 0.29475001
0.14788164 0.0059366939 0.29425001
0.15045573 0.0059366939 0.29425001
0.1528998 0.0059316494 0.294
0.15481067 0.0059064301 0.29275
0.15696847 0.0058912989 0.29200003
0.15938628 0.0058862544 0.29175001
0.16152221 0.0058711227 0.29100001
0.163645 0.0058559906 0.29025
0.16589782 0.005845903 0.28975001
0.16770591 0.0058206837 0.28850001
0.16949214 0.0057954639 0.28725001
0.17170559 0.0057853763 0.28675002
0.17406216 0.0057803323 0.28650001
0.17672253 0.0057853763 0.28675002
0.17938727 0.0057904199 0.287
0.18189792 0.0057904199 0.287
0.18424796 0.0057853763 0.28675002
0.18626796 0.0057702442 0.28600001
0.18876989 0.0057702442 0.28600001
0.1912718 0.0057702442 0.28600001
0.19343494 0.0057601565 0.28550002
0.19541776 0.0057450249 0.28475001
-0 0 0
-0 0 0
-0 0 0
-0 0 0
-0 0 0
-0 0 0
-0 0 0
-0 0 0
-0 0 0
-0 0 0
-0 0 0
-0 0 0
-0 0 0
-0 0 0
-0 0 0
-0 0 0
-0 0 0
-0 0 0
-0 0 0
-0 0 0
-0 0 0
-0 0 0
-0 0 0
-0 0 0
-0 0 0
-0 0 0
-0 0 0
-0 0 0
-0 0 0
-0 0 0
-0 0 0
-0 0 0
-0 0 0
-0 0 0
-0.14150734 0.010048626 0.34750003
-0.1377701 0.0099980207 0.34575
-0.13464808 0.0099907918 0.34550002
-0.1315304 0.0099835619 0.34525001
-0.12869629 0.0099980207 0.34575
-0.12576257 0.010005251 0.34600002
-0.12273578 0.010005251 0.34600002
-0.11953599 0.0099907918 0.34550002
-0.11642927 0.0099835619 0.34525001
-0.11332691 0.0099763339 0.34500003
-0.110149 0.0099618742 0.34450001
-0.10697984 0.0099474164 0.34400001
-0.10381943 0.0099329576 0.34350002
-0.10066776 0.0099184997 0.34300002
-0.097524844 0.009904041 0.34250003
-0.094321683 0.0098823532 0.34175003
-0.091131628 0.0098606655 0.34100002
-0.088083953 0.0098534366 0.34075001
-0.084915765 0.009831748 0.34
-0.081700459 0.0098028313 0.33900002
-0.07861878 0.0097883735 0.33850002
-0.075657599 0.0097883735 0.33850002
-0.07258904 0.0097739156 0.33800003
-0.069477722 0.009752227 0.33725002
-0.066478156 0.0097449981 0.33700001
-0.063530095 0.0097449981 0.33700001
-0.060447209 0.0097233104 0.33625001
-0.05746296 0.0097160814 0.33600003
-0.054401942 0.0096943937 0.33525002
-0.051354054 0.009672706 0.33450001
-0.047957338 0.0095787253 0.33125001
-0.040740661 0.0086606145 0.29950002
-0.037197862 0.0084509663 0.29225001
-0.034522742 0.0084220497 0.29125002
-0.031920008 0.0084075909 0.29075003
-0.029351281 0.008400362 0.29050002
-0.026786929 0.0083931321 0.29025
-0.024206068 0.0083786743 0.28975001
-0.021577857 0.0083425278 0.28850001
-0.018872449 0.0082630059 0.28575
-0.016286775 0.0082196314 0.28425002
-0.013739485 0.0081834849 0.28300002
-0.011243913 0.0081690261 0.2825
-0.0087493286 0.0081473393 0.28175002
-0.006262287 0.0081184218 0.28075001
-0.0037995214 0.008103963 0.28025001
-0.0013455035 0.0080895051 0.27975002
0.0010997665 0.0080750473 0.27925003
0.00353946 0.0080678174 0.27900001
0.0059533454 0.0080316709 0.27775002
0.0083453609 0.0079955254 0.27650002
0.010725238 0.0079666078 0.2755
0.013087621 0.0079376912 0.27450001
0.015460721 0.0079232333 0.27400002
0.017825073 0.0079087745 0.27350003
0.020162195 0.0078870868 0.27275002
0.022506865 0.007872629 0.27225003
0.024751365 0.0078292526 0.27075002
0.026994666 0.0077931066 0.26950002
0.02932501 0.0077858772 0.26925001
0.031621564 0.0077714189 0.26875001
0.033909369 0.0077569606 0.26825002
0.036120851 0.0077280435 0.26725
0.038350813 0.0077063562 0.26650003
0.040605813 0.0076918975 0.266
0.042852066 0.0076774391 0.26550001
0.045047034 0.007655751 0.26475
0.047273606 0.0076412926 0.26425001
0.049444519 0.0076196049 0.26350001
0.051602308 0.0075979172 0.26275
0.053798262 0.0075834589 0.26225001
0.055931993 0.0075617712 0.2615
0.058275245 0.0075690006 0.26175001
0.062705338 0.0078364825 0.27100003
0.065376192 0.007872629 0.27225003
0.067757823 0.007872629 0.27225003
0.070010632 0.0078581693 0.27175
0.072254702 0.0078437114 0.27125001
0.074490026 0.0078292526 0.27075002
0.07664562 0.0078075649 0.27000001
0.078934416 0.0078003355 0.26975
0.081218831 0.0077931066 0.26950002
0.08349888 0.0077858772 0.26925001
0.085933976 0.0077931066 0.26950002
0.088209651 0.0077858772 0.26925001
0.090312757 0.0077641895 0.2685
0.092402764 0.0077425023 0.26775002
0.094479628 0.0077208146 0.26700002
0.096634038 0.0077063562 0.26650003
0.09887252 0.0076991268 0.26625001
0.10091659 0.0076774391 0.26550001
0.10304474 0.0076629808 0.26500002
0.10506476 0.0076412926 0.26425001
0.10707164 0.0076196049 0.26350001
0.10937673 0.0076196049 0.26350001
0.1116818 0.0076196049 0.26350001
0.11398689 0.0076196049 0.26350001
0.12147768 0.0079593789 0.27525002
0.13401245 0.0086100092 0.29775003
0.13684656 0.008624468 0.29825002
0.13910495 0.0086027803 0.29750001
0.14123113 0.0085738637 0.29650003
0.14321856 0.0085377172 0.29525003
0.14555447 0.0085232584 0.29475001
0.14788164 0.0085088005 0.29425001
0.15045573 0.0085088005 0.29425001
0.15276979 0.0084943417 0.29375002
0.15481067 0.0084654242 0.29275
0.15683407 0.0084365075 0.29175001
0.15897654 0.0084148198 0.29100001
0.16124469 0.008400362 0.29050002
0.1633631 0.0083786743 0.28975001
0.16518213 0.0083425278 0.28850001
0.16712461 0.0083136111 0.28750002
0.16949214 0.0083063822 0.28725001
0.17215469 0.0083136111 0.28750002
0.17466973 0.0083136111 0.28750002
0.17703067 0.0083063822 0.28725001
0.17969981 0.0083136111 0.28750002
0.18221483 0.0083136111 0.28750002
0.18440858 0.0082991524 0.287
0.18675643 0.0082919234 0.28675002
0.18926491 0.0082919234 0.28675002
0.191439 0.0082774656 0.28625003
0.19343494 0.0082557769 0.28550002
0.19524619 0.0082268603 0.2845
-0 0 0
-0 0 0
-0 0 0
-0 0 0
-0 0 0
-0 0 0
-0 0 0
-0 0 0
-0 0 0
-0 0 0
-0 0 0
-0 0 0
-0 0 0
-0 0 0
-0 0 0
-0 0 0
-0 0 0
-0 0 0
-0 0 0
-0 0 0
-0 0 0
-0 0 0
-0 0 0
-0 0 0
-0 0 0
-0 0 0
-0 0 0
-0 0 0
-0 0 0
-0 0 0
-0 0 0
-0 0 0
-0 0 0
-0 0 0
-0 0 0
-0.13747126 0.012992058 0.34500003
-0.13445322 0.012992058 0.34500003
-0.1317209 0.013020301 0.34575
-0.12888242 0.013039131 0.34625003
-0.1259443 0.013048545 0.34650001
-0.12291314 0.013048545 0.34650001
-0.11970898 0.013029716 0.34600002
-0.11651358 0.013010886 0.34550002
-0.11332691 0.012992058 0.34500003
-0.110149 0.012973228 0.34450001
-0.10697984 0.012954399 0.34400001
-0.10381943 0.01293557 0.34350002
-0.10059439 0.012907327 0.34275001
-0.097453661 0.012888498 0.34225002
-0.094252676 0.012860254 0.34150001
-0.091064811 0.01283201 0.34075001
-0.088083953 0.01283201 0.34075001
-0.084853336 0.012794353 0.33975002
-0.081700459 0.012766109 0.33900002
-0.078676842 0.012756694 0.33875
-0.075657599 0.01274728 0.33850002
-0.072535343 0.012719036 0.33775002
-0.069477722 0.012700208 0.33725002
-0.066478156 0.012690793 0.33700001
-0.063530095 0.012690793 0.33700001
-0.060492154 0.012671963 0.33650002
-0.057505712 0.012662549 0.33625001
-0.05444251 0.012634304 0.3355
-0.051430814 0.012615476 0.33500001
-0.047740173 0.012417771 0.32975
-0.041250769 0.011419831 0.30325001
-0.037293326 0.011033834 0.29300001
-0.034552373 0.010977346 0.2915
-0.031920008 0.010949104 0.29075003
-0.029326022 0.010930275 0.29025
-0.026786929 0.010930275 0.29025
-0.024226954 0.010920861 0.29000002
-0.021615254 0.010883202 0.289
-0.018905472 0.010779642 0.28625003
-0.016315425 0.010723155 0.28475001
-0.013788034 0.010694911 0.28400001
-0.011273765 0.010666667 0.28325
-0.0087648546 0.010629009 0.28225002
-0.0062734396 0.01059135 0.28125
-0.0038130789 0.01059135 0.28125
-0.0013503131 0.010572522 0.28075001
0.0011037047 0.010553693 0.28025001
0.0035489746 0.010534864 0.27975002
0.0059640626 0.010478376 0.27825001
0.0083755422 0.010450133 0.2775
0.010764169 0.010412475 0.27650002
0.013099541 0.010346574 0.27475002
0.015474826 0.010327744 0.27425
0.017890245 0.010337159 0.27450001
0.020217637 0.010299501 0.27350003
0.022568865 0.010280672 0.273
0.024888493 0.010252428 0.27225003
0.027144916 0.010205356 0.27100003
0.029406695 0.010167697 0.27000001
0.031739224 0.010158283 0.26975
0.03403578 0.010139453 0.26925001
0.036256008 0.010101796 0.26825002
0.038530696 0.010082967 0.26775002
0.04079663 0.010064137 0.26725
0.043013472 0.010035894 0.26650003
0.045217186 0.010007651 0.26575002
0.04740778 0.0099794064 0.26500002
0.049585253 0.0099511631 0.26425001
0.051749602 0.0099229189 0.26350001
0.05395212 0.0099040903 0.26300001
0.056092411 0.0098758461 0.26225001
0.059054479 0.009988822 0.26525003
0.06299457 0.010252428 0.27225003
0.065436222 0.010261842 0.27250001
0.067757823 0.010252428 0.27225003
0.070010632 0.010233599 0.27175
0.072254702 0.01021477 0.27125001
0.074490026 0.010195941 0.27075002
0.076716594 0.010177112 0.27025002
0.079007573 0.010167697 0.27000001
0.081218831 0.010148868 0.26950002
0.083653934 0.010158283 0.26975
0.086093411 0.010167697 0.27000001
0.088537268 0.010177112 0.27025002
0.090649121 0.010148868 0.26950002
0.092489034 0.01009238 0.26800001
0.094568089 0.010064137 0.26725
0.096724682 0.010045309 0.26675001
0.09887252 0.010026479 0.26625001
0.10091659 0.0099982359 0.26550001
0.10304474 0.0099794064 0.26500002
0.10516416 0.0099605778 0.26450002
0.10717323 0.0099323345 0.26375002
0.10937673 0.0099229189 0.26350001
0.11157586 0.0099135051 0.26325002
0.11431134 0.0099511631 0.26425001
0.12798738 0.010920861 0.29000002
0.13423748 0.01123154 0.29825002
0.13684656 0.01123154 0.29825002
0.13910495 0.011203296 0.29750001
0.14099297 0.011146808 0.296
0.14321856 0.011118566 0.29525003
0.14543103 0.011090322 0.29450002
0.14788164 0.011080907 0.29425001
0.15032789 0.011071492 0.294
0.15263976 0.011052663 0.29350001
0.15481067 0.011024419 0.29275
0.15656529 0.010967933 0.29125002
0.15856682 0.010930275 0.29025
0.1608284 0.010911445 0.28975001
0.1630812 0.010892617 0.28925002
0.16475271 0.010836129 0.28775001
0.16668864 0.010798471 0.28675002
0.16963966 0.010826715 0.28750002
0.17245409 0.010845544 0.28800002
0.17497349 0.010845544 0.28800002
0.17733881 0.010836129 0.28775001
0.17969981 0.010826715 0.28750002
0.18221483 0.010826715 0.28750002
0.18440858 0.010807885 0.287
0.18675643 0.010798471 0.28675002
0.18942991 0.010807885 0.287
0.19194058 0.010807885 0.287
0.19343494 0.010751398 0.28550002
0.19541776 0.010723155 0.28475001
-0 0 0
-0 0 0
-0 0 0
-0 0 0
-0 0 0
-0 0 0
-0 0 0
-0 0 0
-0 0 0
-0 0 0
-0 0 0
-0 0 0
-0 0 0
-0 0 0
-0 0 0
-0 0 0
-0 0 0
-0 0 0
-0 0 0
-0 0 0
-0 0 0
-0 0 0
-0 0 0
-0 0 0
-0 0 0
-0 0 0
-0 0 0
-0 0 0
-0 0 0
-0 0 0
-0 0 0
-0 0 0
-0 0 0
-0 0 0
-0 0 0
-0.13727202 0.015984582 0.34450001
-0.13425836 0.015984582 0.34450001
-0.1317209 0.016042581 0.34575
-0.12916158 0.01610058 0.347
-0.12612604 0.01610058 0.347
-0.12300182 0.016088981 0.34675002
-0.11988197 0.016077381 0.34650001
-0.1167665 0.016065782 0.34625003
-0.11357327 0.016042581 0.34575
-0.11030888 0.016007783 0.34500003
-0.10705759 0.015972983 0.34425002
-0.10381943 0.015938183 0.34350002
-0.10059439 0.015903383 0.34275001
-0.097453661 0.015880184 0.34225002
-0.094321683 0.015856985 0.34175003
-0.091198429 0.015833784 0.34125
-0.088148579 0.015822185 0.34100002
-0.084790893 0.015752586 0.33950001
-0.081640206 0.015717786 0.33875
-0.078734905 0.015729386 0.33900002
-0.075657599 0.015706187 0.33850002
-0.072481655 0.015659787 0.33750001
-0.069426216 0.015636588 0.33700001
-0.066478156 0.015636588 0.33700001
-0.063530095 0.015636588 0.33700001
-0.060447209 0.015601787 0.33625001
-0.05746296 0.015590188 0.33600003
-0.054401942 0.015555388 0.33525002
-0.051430814 0.015543788 0.33500001
-0.048391666 0.015508988 0.33425
-0.044651493 0.015230593 0.32825002
-0.040252607 0.014673801 0.31625003
-0.035974771 0.014082209 0.30350003
-0.032414041 0.013699414 0.29525003
-0.0294018 0.013502216 0.29100001
-0.026833074 0.013490617 0.29075003
-0.024268724 0.013479017 0.29050002
-0.021652652 0.013432618 0.28950003
-0.018971518 0.013328219 0.28725001
-0.016372722 0.013258619 0.28575
-0.013836584 0.01322382 0.28500003
-0.011323516 0.01320062 0.2845
-0.0087959077 0.01314262 0.28325
-0.0062957457 0.013096222 0.28225002
-0.0038266368 0.013096222 0.28225002
-0.0013539203 0.013061422 0.28150001
0.0011056738 0.013026622 0.28075001
0.0035553176 0.013003423 0.28025001
0.005985497 0.012957024 0.27925003
0.008398179 0.012910624 0.27825001
0.010803099 0.012875824 0.2775
0.013135298 0.012783025 0.2755
0.015503041 0.012748227 0.27475002
0.017922832 0.012759826 0.27500001
0.020273076 0.012725026 0.27425
0.022610201 0.012690227 0.27350003
0.024957055 0.012667027 0.273
0.027295163 0.012643828 0.27250001
0.029570067 0.012597429 0.27150002
0.031856891 0.012562629 0.27075002
0.034130588 0.012527829 0.27000001
0.036323588 0.01246983 0.26875001
0.038638622 0.012458229 0.2685
0.040949285 0.012446631 0.26825002
0.043255571 0.01243503 0.26800001
0.0453448 0.012365432 0.26650003
0.047497228 0.012319032 0.26550001
0.049725987 0.012295833 0.26500002
0.0518969 0.012261033 0.26425001
0.054105975 0.012237834 0.26375002
0.056306306 0.012214635 0.26325002
0.060112 0.012527829 0.27000001
0.063168101 0.012667027 0.273
0.065556288 0.012667027 0.273
0.067820042 0.012643828 0.27250001
0.070010632 0.012609028 0.27175
0.072254702 0.012585828 0.27125001
0.074490026 0.012562629 0.27075002
0.076787554 0.012551028 0.2705
0.079007573 0.012527829 0.27000001
0.081369519 0.012527829 0.27000001
0.083964057 0.012562629 0.27075002
0.086412281 0.012574229 0.27100003
0.088946782 0.012597429 0.27150002
0.091321848 0.012597429 0.27150002
0.093438089 0.012562629 0.27075002
0.095275804 0.012493029 0.26925001
0.097087294 0.012423432 0.26775002
0.099058196 0.012377031 0.26675001
0.10110664 0.012342231 0.266
0.10323916 0.012319032 0.26550001
0.10526355 0.012284232 0.26475
0.10727481 0.012249433 0.264
0.1094805 0.012237834 0.26375002
0.11157586 0.012214635 0.26325002
0.11658243 0.01250463 0.26950002
0.13140774 0.013815412 0.29775003
0.13435 0.013850211 0.2985
0.13684656 0.013838612 0.29825002
0.13910495 0.013803812 0.29750001
0.14111204 0.013745813 0.29625002
0.14333983 0.013711013 0.29550001
0.14543103 0.013664614 0.29450002
0.14763036 0.013629815 0.29375002
0.14994441 0.013606615 0.29325002
0.15211971 0.013571816 0.29250002
0.15441407 0.013548616 0.29200003
0.15616211 0.013479017 0.29050002
0.15829366 0.013444217 0.28975001
0.16068964 0.013432618 0.28950003
0.1630812 0.013421018 0.28925002
0.16532527 0.013397818 0.28875002
0.16741526 0.013363019 0.28800002
0.17008218 0.013374617 0.28825
0.17275348 0.013386218 0.28850001
0.17527726 0.013386218 0.28850001
0.17764696 0.013374617 0.28825
0.18001232 0.013363019 0.28800002
0.18237327 0.013351418 0.28775001
0.18456922 0.013328219 0.28725001
0.18675643 0.013305019 0.28675002
0.18926491 0.013305019 0.28675002
0.19194058 0.013316618 0.287
0.1937737 0.01327022 0.28600001
0.19576091 0.01323542 0.28525001
-0 0 0
-0 0 0
-0 0 0
-0 0 0
-0 0 0
-0 0 0
-0 0 0
-0 0 0
-0 0 0
-0 0 0
-0 0 0
-0 0 0
-0 0 0
-0 0 0
-0 0 0
-0 0 0
-0 0 0
-0 0 0
-0 0 0
-0 0 0
-0 0 0
-0 0 0
-0 0 0
-0 0 0
-0 0 0
-0 0 0
-0 0 0
-0 0 0
-0 0 0
-0 0 0
-0 0 0
-0 0 0
-0 0 0
-0 0 0
-0 0 0
-0 0 0
-0.13416094 0.01898215 0.34425002
-0.1315304 0.01903729 0.34525001
-0.12916158 0.019133786 0.347
-0.1262169 0.019147571 0.34725001
-0.1230905 0.019133786 0.347
-0.11996847 0.019120002 0.34675002
-0.11685081 0.019106215 0.34650001
-0.1136554 0.019078646 0.34600002
-0.11046875 0.019051075 0.34550002
-0.10721308 0.019009721 0.34475002
-0.10397055 0.018968364 0.34400001
-0.10074113 0.018927008 0.34325001
-0.097524844 0.018885655 0.34250003
-0.094459675 0.018871868 0.34225002
-0.091265246 0.018830514 0.34150001
-0.088148579 0.018802943 0.34100002
-0.084915765 0.018747801 0.34
-0.081700459 0.018692661 0.33900002
-0.078676842 0.018678876 0.33875
-0.075545847 0.018637521 0.33800003
-0.072427966 0.018596167 0.33725002
-0.06952922 0.01860995 0.33750001
-0.066527478 0.018596167 0.33725002
-0.06348297 0.018568596 0.33675003
-0.06040227 0.01852724 0.33600003
-0.057377446 0.018499669 0.3355
-0.054401942 0.018485885 0.33525002
-0.051430814 0.0184721 0.33500001
-0.048391666 0.018430743 0.33425
-0.045365646 0.018389389 0.33350003
-0.042352743 0.018348033 0.33275002
-0.03917516 0.018223966 0.33050001
-0.035515469 0.017837983 0.32350001
-0.031599358 0.01724522 0.31275001
-0.027709821 0.016555965 0.30025002
-0.024414921 0.016114838 0.29225001
-0.021633953 0.015949417 0.28925002
-0.019004539 0.015866706 0.28775001
-0.016444342 0.01582535 0.287
-0.013909407 0.015797781 0.28650001
-0.011353368 0.015728854 0.28525001
-0.0088191982 0.015659928 0.28400001
-0.0063236277 0.015632359 0.28350002
-0.0038334155 0.015591003 0.28275001
-0.0013563251 0.015549648 0.28200001
0.001107643 0.015508291 0.28125
0.0035584895 0.015466938 0.28050002
0.0059962138 0.015425581 0.27975002
0.0084208157 0.015384226 0.27900001
0.010842029 0.015356656 0.27850002
0.013206816 0.015273944 0.27700001
0.015573573 0.015218805 0.27600002
0.017988006 0.015218805 0.27600002
0.020328518 0.015163663 0.27500001
0.022651536 0.015108523 0.27400002
0.025002766 0.015080953 0.27350003
0.027345246 0.015053382 0.273
0.02967898 0.015025812 0.27250001
0.03197455 0.014984456 0.27175
0.034225393 0.014929316 0.27075002
0.036458742 0.014874174 0.26975
0.038710576 0.014832821 0.26900002
0.041025609 0.014819034 0.26875001
0.043336269 0.014805249 0.2685
0.045557488 0.014763894 0.26775002
0.04772085 0.014708754 0.26675001
0.049866721 0.014653614 0.26575002
0.052093297 0.014626044 0.26525003
0.054311115 0.014598472 0.26475
0.05678755 0.014639827 0.26550001
0.060668591 0.015025812 0.27250001
0.063225947 0.015067168 0.27325001
0.065556288 0.015053382 0.273
0.067757823 0.015012028 0.27225003
0.070010632 0.014984456 0.27175
0.072254702 0.014956886 0.27125001
0.074490026 0.014929316 0.27075002
0.076787554 0.014915531 0.2705
0.079007573 0.014887961 0.27000001
0.081369519 0.014887961 0.27000001
0.084041588 0.014943102 0.27100003
0.086651422 0.014984456 0.27175
0.089110583 0.014998242 0.27200001
0.091490023 0.014998242 0.27200001
0.09386947 0.014998242 0.27200001
0.096160442 0.014984456 0.27175
0.098537698 0.014984456 0.27175
0.10063644 0.014943102 0.27100003
0.10205688 0.014805249 0.2685
0.10382244 0.014722539 0.26700002
0.10546236 0.014626044 0.26525003
0.10757957 0.014598472 0.26475
0.10979182 0.014584688 0.26450002
0.1116818 0.014529547 0.26350001
0.12198977 0.015549648 0.28200001
0.13206974 0.016500823 0.29925001
0.13446252 0.016473252 0.29875001
0.13673183 0.016431896 0.29800001
0.13910495 0.016404327 0.29750001
0.14111204 0.016335402 0.29625002
0.14333983 0.016294045 0.29550001
0.14543103 0.016238905 0.29450002
0.14750472 0.016183764 0.29350001
0.14956091 0.016128624 0.29250002
0.15159963 0.016073482 0.2915
0.15401746 0.016059699 0.29125002
0.15602772 0.016004557 0.29025
0.1581571 0.015963202 0.28950003
0.1608284 0.015976988 0.28975001
0.1633631 0.015976988 0.28975001
0.16589782 0.015976988 0.28975001
0.16799656 0.015935631 0.289
0.17052472 0.015935631 0.289
0.1729032 0.015921848 0.28875002
0.17558102 0.015935631 0.289
0.17795512 0.015921848 0.28875002
0.18032484 0.015908061 0.28850001
0.18253173 0.015880492 0.28800002
0.18489049 0.015866706 0.28775001
0.18708207 0.015839135 0.28725001
0.18926491 0.015811566 0.28675002
0.19177338 0.015811566 0.28675002
0.1937737 0.01577021 0.28600001
0.19541776 0.015701285 0.28475001
-0 0 0
-0 0 0
-0 0 0
-0 0 0
-0 0 0
-0 0 0
-0 0 0
-0 0 0
-0 0 0
-0 0 0
-0 0 0
-0 0 0
-0 0 0
-0 0 0
-0 0 0
-0 0 0
-0 0 0
-0 0 0
-0 0 0
-0 0 0
-0 0 0
-0 0 0
-0 0 0
-0 0 0
-0 0 0
-0 0 0
-0 0 0
-0 0 0
-0 0 0
-0 0 0
-0 0 0
-0 0 0
-0 0 0
-0 0 0
-0 0 0
-0 0 0
-0 0 0
-0 0 0
-0.12916158 0.022166992 0.347
-0.12603517 0.022151023 0.34675002
-0.1230905 0.022166992 0.347
-0.11996847 0.022151023 0.34675002
-0.11685081 0.022135051 0.34650001
-0.11357327 0.02208714 0.34575
-0.11038881 0.022055199 0.34525001
-0.10721308 0.022023259 0.34475002
-0.10404611 0.021991318 0.34425002
-0.10074113 0.021927435 0.34325001
-0.097596027 0.021895496 0.34275001
-0.094459675 0.021863556 0.34225002
-0.091265246 0.021815643 0.34150001
-0.088213198 0.021799672 0.34125
-0.084978208 0.021735791 0.34025002
-0.081760719 0.02167191 0.33925003
-0.078676842 0.021639967 0.33875
-0.075601719 0.021608027 0.33825001
-0.072535343 0.021576086 0.33775002
-0.069632232 0.021592058 0.33800003
-0.066576786 0.021560116 0.33750001
-0.06348297 0.021512205 0.33675003
-0.06040227 0.021464294 0.33600003
-0.057377446 0.021432351 0.3355
-0.054401942 0.021416383 0.33525002
-0.051430814 0.021400411 0.33500001
-0.048391666 0.0213525 0.33425
-0.045399651 0.021320559 0.33375001
-0.042384561 0.021272646 0.333
-0.039352961 0.021208767 0.33200002
-0.036338858 0.021144886 0.33100003
-0.033392765 0.021112943 0.33050001
-0.0302247 0.020921297 0.32750002
-0.026649648 0.020378301 0.31900001
-0.022905437 0.019563809 0.30625001
-0.019450346 0.018813198 0.29450002
-0.016587587 0.018493788 0.28950003
-0.013957958 0.018366026 0.28750002
-0.011383219 0.018270202 0.28600001
-0.0088502523 0.018206321 0.28500003
-0.0063515096 0.01819035 0.28475001
-0.0038503625 0.018142438 0.28400001
-0.0013611349 0.018078556 0.28300002
0.0011105967 0.018014675 0.28200001
0.0035680039 0.017966762 0.28125
0.0060122898 0.017918853 0.28050002
0.0084434524 0.01787094 0.27975002
0.010861495 0.017823029 0.27900001
0.013254495 0.017759148 0.27800003
0.015629997 0.017695265 0.27700001
0.018036885 0.017679295 0.27675
0.02042092 0.017647354 0.27625
0.022754872 0.017583473 0.27525002
0.025048474 0.017503621 0.27400002
0.02742037 0.017487649 0.27375001
0.029815121 0.017487649 0.27375001
0.032121625 0.017439738 0.273
0.034383405 0.017375857 0.27200001
0.036627695 0.017311975 0.27100003
0.038890459 0.017264064 0.27025002
0.041101936 0.017200181 0.26925001
0.043376621 0.017168241 0.26875001
0.045642558 0.0171363 0.26825002
0.047899749 0.017104359 0.26775002
0.050054364 0.017040476 0.26675001
0.052240584 0.016992565 0.266
0.05451626 0.016976595 0.26575002
0.057589635 0.017200181 0.26925001
0.060779911 0.017439738 0.273
0.063283794 0.01747168 0.27350003
0.065556288 0.017439738 0.273
0.067820042 0.017407797 0.27250001
0.070075043 0.017375857 0.27200001
0.072321296 0.017343916 0.27150002
0.074558809 0.017311975 0.27100003
0.076787554 0.017280033 0.2705
0.079227038 0.017296005 0.27075002
0.08159554 0.017296005 0.27075002
0.084196642 0.017343916 0.27150002
0.086810857 0.017391827 0.27225003
0.089192495 0.017391827 0.27225003
0.091658205 0.017407797 0.27250001
0.094042026 0.017407797 0.27250001
0.096337378 0.017391827 0.27225003
0.098719008 0.017391827 0.27225003
0.10110064 0.017391827 0.27225003
0.10329221 0.017359884 0.27175
0.10557226 0.017343916 0.27150002
0.10735093 0.017248092 0.27000001
0.10890019 0.017120328 0.26800001
0.11072578 0.017040476 0.26675001
0.11390697 0.017168241 0.26875001
0.12728897 0.018797226 0.29425001
0.13229039 0.019148577 0.29975
0.13446252 0.019084696 0.29875001
0.13684656 0.019052755 0.29825002
0.13887116 0.018972902 0.29700002
0.14099297 0.01890902 0.296
0.1430973 0.018845139 0.29500002
0.14530756 0.018797226 0.29425001
0.14737907 0.018733345 0.29325002
0.14930525 0.018653493 0.29200003
0.15133961 0.01858961 0.29100001
0.15375306 0.018573642 0.29075003
0.15589334 0.018525729 0.29000002
0.15802051 0.018477818 0.28925002
0.16096716 0.018525729 0.29000002
0.163645 0.018541699 0.29025
0.1661841 0.018541699 0.29025
0.16828722 0.018493788 0.28950003
0.17081976 0.018493788 0.28950003
0.17335229 0.018493788 0.28950003
0.17588481 0.018493788 0.28950003
0.17826326 0.018477818 0.28925002
0.18063736 0.018461848 0.289
0.18284862 0.018429907 0.28850001
0.18489049 0.018381994 0.28775001
0.18724489 0.018366026 0.28750002
0.18975994 0.018366026 0.28750002
0.19194058 0.018334083 0.287
0.19411246 0.018302143 0.28650001
0.19576091 0.018222291 0.28525001
-0 0 0
-0 0 0
-0 0 0
-0 0 0
-0 0 0
-0 0 0
-0 0 0
-0 0 0
-0 0 0
-0 0 0
-0 0 0
-0 0 0
-0 0 0
-0 0 0
-0 0 0
-0 0 0
-0 0 0
-0 0 0
-0 0 0
-0 0 0
-0 0 0
-0 0 0
-0 0 0
-0 0 0
-0 0 0
-0 0 0
-0 0 0
-0 0 0
-0 0 0
-0 0 0
-0 0 0
-0 0 0
-0 0 0
-0 0 0
-0 0 0
-0 0 0
-0 0 0
-0 0 0
-0 0 0
-0.12567168 0.02510942 0.34575
-0.12291314 0.025163889 0.34650001
-0.11988197 0.025163889 0.34650001
-0.1167665 0.025145734 0.34625003
-0.11357327 0.02510942 0.34575
-0.11046875 0.025091266 0.34550002
-0.10713533 0.025018642 0.34450001
-0.10397055 0.024982331 0.34400001
-0.10081451 0.024946019 0.34350002
-0.097667217 0.024909709 0.34300002
-0.094459675 0.024855241 0.34225002
-0.091332063 0.024818929 0.34175003
-0.088148579 0.024764461 0.34100002
-0.084978208 0.024709994 0.34025002
-0.081820965 0.024655527 0.33950001
-0.078734905 0.024619216 0.33900002
-0.075713471 0.024601059 0.33875
-0.072642729 0.024564749 0.33825001
-0.069632232 0.024546593 0.33800003
-0.066527478 0.024492126 0.33725002
-0.06348297 0.024455816 0.33675003
-0.06040227 0.024401348 0.33600003
-0.057377446 0.024365034 0.3355
-0.054401942 0.024346879 0.33525002
-0.051392436 0.024310568 0.33475003
-0.048391666 0.024274256 0.33425
-0.045399651 0.024237944 0.33375001
-0.042416383 0.024201633 0.33325002
-0.039382596 0.024129011 0.33225003
-0.03639375 0.024074543 0.33150002
-0.033443287 0.024038233 0.33100003
-0.030501567 0.024001919 0.33050001
-0.027568601 0.023965608 0.33000001
-0.024606986 0.023892986 0.32900003
-0.021497751 0.023638804 0.32550001
-0.018091641 0.022930728 0.31575
-0.014686198 0.021968475 0.30250001
-0.011622028 0.021205934 0.29200003
-0.0089045959 0.020824661 0.28675002
-0.0063738148 0.020752037 0.28575
-0.0038673095 0.020715727 0.28525001
-0.001367147 0.020643104 0.28425002
0.0011165042 0.020588636 0.28350002
0.0035870334 0.020534169 0.28275001
0.0060337237 0.020443389 0.28150001
0.0084811803 0.020407079 0.28100002
0.010900424 0.020334454 0.28
0.013302173 0.020261832 0.27900001
0.015672319 0.020171054 0.27775002
0.018069474 0.020134743 0.27725002
0.020476362 0.020116586 0.27700001
0.022796206 0.020025807 0.27575001
0.025139891 0.019971339 0.27500001
0.027520537 0.019953186 0.27475002
0.029924037 0.019953186 0.27475002
0.032268703 0.019916872 0.27425
0.034541417 0.019844251 0.27325001
0.036830425 0.019789781 0.27250001
0.039106313 0.019735314 0.27175
0.041292753 0.019644536 0.2705
0.043457322 0.019553756 0.26925001
0.045727633 0.019517446 0.26875001
0.048033919 0.019499289 0.2685
0.050242014 0.019444823 0.26775002
0.052387882 0.019372199 0.26675001
0.054721396 0.019372199 0.26675001
0.058177833 0.019753471 0.27200001
0.06083557 0.019844251 0.27325001
0.063283794 0.019862406 0.27350003
0.065556288 0.019826094 0.273
0.067882262 0.019807938 0.27275002
0.070139453 0.019771628 0.27225003
0.072387889 0.019735314 0.27175
0.074627586 0.019699004 0.27125001
0.076929502 0.019680848 0.27100003
0.079300195 0.019680848 0.27100003
0.081821568 0.019717161 0.27150002
0.084351704 0.019753471 0.27200001
0.086890571 0.019789781 0.27250001
0.089274392 0.019789781 0.27250001
0.091658205 0.019789781 0.27250001
0.093955755 0.019771628 0.27225003
0.096337378 0.019771628 0.27225003
0.098809659 0.019789781 0.27250001
0.10119347 0.019789781 0.27250001
0.10338724 0.019753471 0.27200001
0.10566946 0.019735314 0.27175
0.10794733 0.019717161 0.27150002
0.11011922 0.019680848 0.27100003
0.11383896 0.019916872 0.27425
0.12323146 0.021115154 0.29075003
0.12956007 0.021750605 0.29950002
0.13218006 0.021750605 0.29950002
0.13423748 0.021659827 0.29825002
0.13650243 0.021605359 0.29750001
0.13863738 0.021532737 0.29650003
0.1407548 0.021460112 0.29550001
0.14285475 0.02138749 0.29450002
0.14506066 0.021333022 0.29375002
0.14712778 0.021260399 0.29275
0.14904959 0.02116962 0.2915
0.15120959 0.021115154 0.29075003
0.15348864 0.021078842 0.29025
0.15575895 0.021042529 0.28975001
0.15829366 0.021042529 0.28975001
0.16110592 0.021078842 0.29025
0.16378596 0.021096997 0.29050002
0.1661841 0.021078842 0.29025
0.16843253 0.021042529 0.28975001
0.17096727 0.021042529 0.28975001
0.17365168 0.021060687 0.29000002
0.17588481 0.021024376 0.28950003
0.17826326 0.021006219 0.28925002
0.18079363 0.021006219 0.28925002
0.18316551 0.020988062 0.289
0.18505113 0.020915439 0.28800002
0.1874077 0.020897284 0.28775001
0.18992494 0.020897284 0.28775001
0.19210777 0.020860972 0.28725001
0.1939431 0.020788351 0.28625003
0.19593248 0.020733884 0.28550002
-0 0 0
-0 0 0
-0 0 0
-0 0 0
-0 0 0
-0 0 0
-0 0 0
-0 0 0
-0 0 0
-0 0 0
-0 0 0
-0 0 0
-0 0 0
-0 0 0
-0 0 0
-0 0 0
-0 0 0
-0 0 0
-0 0 0
-0 0 0
-0 0 0
-0 0 0
-0 0 0
-0 0 0
-0 0 0
-0 0 0
-0 0 0
-0 0 0
-0 0 0
-0 0 0
-0 0 0
-0 0 0
-0 0 0
-0 0 0
-0 0 0
-0 0 0
-0 0 0
-0 0 0
-0 0 0
-0 0 0
-0.12246972 0.028091019 0.34525001
-0.11970898 0.028152043 0.34600002
-0.1167665 0.028172385 0.34625003
-0.11357327 0.028131701 0.34575
-0.11038881 0.028091019 0.34525001
-0.10705759 0.028009655 0.34425002
-0.10397055 0.027989313 0.34400001
-0.10081451 0.027948633 0.34350002
-0.097667217 0.027907951 0.34300002
-0.094528683 0.027867269 0.34250003
-0.091465689 0.027846927 0.34225002
-0.088213198 0.027765561 0.34125
-0.085040651 0.027704541 0.34050003
-0.082001716 0.027684199 0.34025002
-0.078909099 0.027643517 0.33975002
-0.075825229 0.027602835 0.33925003
-0.072696418 0.027541811 0.33850002
-0.069580726 0.027480787 0.33775002
-0.066428848 0.027399424 0.33675003
-0.063388705 0.027358741 0.33625001
-0.06040227 0.0273384 0.33600003
-0.057377446 0.027297717 0.3355
-0.054320809 0.027236694 0.33475003
-0.051315669 0.027196011 0.33425
-0.04831928 0.02715533 0.33375001
-0.045399651 0.02715533 0.33375001
-0.042384561 0.027094306 0.333
-0.039382596 0.027033284 0.33225003
-0.03639375 0.02697226 0.33150002
-0.033443287 0.02693158 0.33100003
-0.030501567 0.026890896 0.33050001
-0.027589489 0.026870556 0.33025002
-0.02466308 0.026829872 0.32975
-0.021728911 0.02676885 0.32900003
-0.018793534 0.026687484 0.32800001
-0.015827108 0.026524756 0.32600001
-0.012786221 0.026138278 0.32125002
-0.0096498793 0.025283951 0.31075001
-0.0066247527 0.024165193 0.29700002
-0.0039147614 0.023493938 0.28875002
-0.0013743613 0.023249844 0.28575
0.0011224117 0.023188822 0.28500003
0.0036060628 0.023127798 0.28425002
0.0060658753 0.023026094 0.28300002
0.008503817 0.022924388 0.28175002
0.010929622 0.022843022 0.28075001
0.013337932 0.02276166 0.27975002
0.015728744 0.022680294 0.27875
0.018118355 0.022619272 0.27800003
0.020550285 0.022619272 0.27800003
0.022899544 0.022537908 0.27700001
0.025208455 0.022436202 0.27575001
0.02759566 0.02241586 0.2755
0.03000572 0.02241586 0.2755
0.032386366 0.02239552 0.27525002
0.034667827 0.022314154 0.27425
0.036931794 0.022232791 0.27325001
0.039214242 0.022171767 0.27250001
0.04148357 0.022110743 0.27175
0.043659072 0.022009039 0.2705
0.045897782 0.021948015 0.26975
0.048168093 0.021907333 0.26925001
0.050335836 0.021825969 0.26825002
0.052633371 0.021805627 0.26800001
0.05523425 0.021907333 0.26925001
0.058552135 0.022273473 0.27375001
0.060946889 0.022273473 0.27375001
0.063283794 0.022253133 0.27350003
0.065616325 0.022232791 0.27325001
0.067882262 0.022192109 0.27275002
0.070203856 0.022171767 0.27250001
0.072454482 0.022131085 0.27200001
0.074696369 0.022090403 0.27150002
0.077000462 0.022070061 0.27125001
0.079373345 0.022070061 0.27125001
0.081896909 0.022110743 0.27175
0.084429234 0.022151427 0.27225003
0.086810857 0.022151427 0.27225003
0.089274392 0.022171767 0.27250001
0.091574118 0.022151427 0.27225003
0.09386947 0.022131085 0.27200001
0.09624891 0.022131085 0.27200001
0.098809659 0.022171767 0.27250001
0.10119347 0.022171767 0.27250001
0.10348227 0.022151427 0.27225003
0.10576668 0.022131085 0.27200001
0.10804673 0.022110743 0.27175
0.1102208 0.022070061 0.27125001
0.11830121 0.023188822 0.28500003
0.12683408 0.024348263 0.29925001
0.12934378 0.024327923 0.29900002
0.13162839 0.024266899 0.29825002
0.13378739 0.024185533 0.29725
0.13604361 0.024124512 0.29650003
0.13828668 0.024063488 0.29575002
0.14063573 0.024022806 0.29525003
0.1426122 0.023921099 0.294
0.14469028 0.023839736 0.29300001
0.14662522 0.02373803 0.29175001
0.14866611 0.023656666 0.29075003
0.15094955 0.023615982 0.29025
0.15348864 0.023615982 0.29025
0.15629652 0.023656666 0.29075003
0.15897654 0.023677006 0.29100001
0.16138346 0.023656666 0.29075003
0.16406786 0.023677006 0.29100001
0.16632724 0.023636324 0.29050002
0.16857786 0.023595644 0.29000002
0.17111479 0.023595644 0.29000002
0.17395107 0.023636324 0.29050002
0.17618859 0.023595644 0.29000002
0.17841734 0.023554962 0.28950003
0.18079363 0.02353462 0.28925002
0.18316551 0.023514278 0.289
0.18521175 0.023453254 0.28825
0.18789618 0.023473596 0.28850001
0.19025496 0.023453254 0.28825
0.19210777 0.02337189 0.28725001
0.1939431 0.023290528 0.28625003
0.19576091 0.023209162 0.28525001
-0 0 0
-0 0 0
-0 0 0
-0 0 0
-0 0 0
-0 0 0
-0 0 0
-0 0 0
-0 0 0
-0 0 0
-0 0 0
-0 0 0
-0 0 0
-0 0 0
-0 0 0
-0 0 0
-0 0 0
-0 0 0
-0 0 0
-0 0 0
-0 0 0
-0 0 0
-0 0 0
-0 0 0
-0 0 0
-0 0 0
-0 0 0
-0 0 0
-0 0 0
-0 0 0
-0 0 0
-0 0 0
-0 0 0
-0 0 0
-0 0 0
-0 0 0
-0 0 0
-0 0 0
-0 0 0
-0 0 0
-0 0 0
-0.119363 0.031086404 0.34500003
-0.11659788 0.031153981 0.34575
-0.11357327 0.031153981 0.34575
-0.11030888 0.031086404 0.34500003
-0.10705759 0.031018825 0.34425002
-0.10381943 0.030951245 0.34350002
-0.10074113 0.030928718 0.34325001
-0.097596027 0.030883664 0.34275001
-0.094597675 0.030883664 0.34275001
-0.091532499 0.030861141 0.34250003
-0.088213198 0.030748505 0.34125
-0.085040651 0.030680928 0.34050003
-0.082061969 0.030680928 0.34050003
-0.079025231 0.030658402 0.34025002
-0.075825229 0.030568298 0.33925003
-0.072642729 0.030478191 0.33825001
-0.06952922 0.03041061 0.33750001
-0.066379525 0.030320507 0.33650002
-0.06334158 0.030275455 0.33600003
-0.060312383 0.030230399 0.3355
-0.057291936 0.030185347 0.33500001
-0.054239668 0.030117767 0.33425
-0.051238909 0.030072715 0.33375001
-0.048283089 0.03005019 0.33350003
-0.045365646 0.03005019 0.33350003
-0.042352743 0.029982612 0.33275002
-0.039323326 0.029892504 0.33175001
-0.03639375 0.029869979 0.33150002
-0.033443287 0.029824927 0.33100003
-0.030501567 0.029779872 0.33050001
-0.027568601 0.02973482 0.33000001
-0.024644382 0.029689768 0.32950002
-0.021695886 0.029599661 0.3285
-0.018779211 0.029532084 0.32775003
-0.01587566 0.029464504 0.32700002
-0.012975277 0.029374396 0.32600001
-0.010123446 0.029374396 0.32600001
-0.0072270026 0.029194186 0.324
-0.0043011531 0.028585974 0.31725001
-0.0014669475 0.027482182 0.30500001
0.0011588407 0.026513549 0.29425001
0.0036377783 0.025837757 0.28675002
0.0060873092 0.025589965 0.28400001
0.0085339984 0.025477335 0.28275001
0.01095882 0.025364703 0.28150001
0.01337369 0.025274599 0.28050002
0.015785171 0.025207018 0.27975002
0.018216114 0.025184492 0.27950001
0.020642687 0.025161967 0.27925003
0.023023549 0.025094386 0.27850002
0.025345583 0.024981756 0.27725002
0.027695827 0.024914175 0.27650002
0.030087406 0.024891648 0.27625
0.032415781 0.024824068 0.2755
0.034731034 0.024756491 0.27475002
0.037033163 0.024688913 0.27400002
0.039286196 0.024598805 0.273
0.041559901 0.024531228 0.27225003
0.043780126 0.024441121 0.27125001
0.046025392 0.024373541 0.2705
0.048302267 0.024328489 0.27000001
0.050523479 0.02426091 0.26925001
0.052829769 0.024238385 0.26900002
0.055900957 0.024553753 0.27250001
0.05865908 0.024711436 0.27425
0.061058205 0.024711436 0.27425
0.06334164 0.024666384 0.27375001
0.065676361 0.024643859 0.27350003
0.067944482 0.024598805 0.273
0.070139453 0.024531228 0.27225003
0.072387889 0.024486173 0.27175
0.074696369 0.024463648 0.27150002
0.077071436 0.024463648 0.27150002
0.079519659 0.024486173 0.27175
0.082047597 0.024531228 0.27225003
0.084506758 0.024553753 0.27250001
0.086810857 0.024531228 0.27225003
0.089274392 0.024553753 0.27250001
0.091574118 0.024531228 0.27225003
0.09386947 0.0245087 0.27200001
0.096337378 0.024531228 0.27225003
0.098719008 0.024531228 0.27225003
0.10110064 0.024531228 0.27225003
0.10348227 0.024531228 0.27225003
0.1058639 0.024531228 0.27225003
0.10814612 0.0245087 0.27200001
0.11113509 0.024643859 0.27350003
0.12203703 0.02649102 0.294
0.12672813 0.026941551 0.29900002
0.12923563 0.026919022 0.29875001
0.13151807 0.026851444 0.29800001
0.13367487 0.026761338 0.29700002
0.13581418 0.026671231 0.296
0.1380529 0.026603654 0.29525003
0.14039755 0.0265586 0.29475001
0.14249095 0.026468495 0.29375002
0.14456682 0.026378388 0.29275
0.14624828 0.026220705 0.29100001
0.14841044 0.026153125 0.29025
0.15094955 0.026153125 0.29025
0.15414965 0.026265757 0.2915
0.15710285 0.026333336 0.29225001
0.15938628 0.026288284 0.29175001
0.16179974 0.026265757 0.2915
0.16434976 0.026265757 0.2915
0.1666135 0.026220705 0.29100001
0.16886851 0.026175652 0.29050002
0.17126228 0.026153125 0.29025
0.17425048 0.026220705 0.29100001
0.17649236 0.026175652 0.29050002
0.17872548 0.0261306 0.29000002
0.18110614 0.026108073 0.28975001
0.18348242 0.026085548 0.28950003
0.18553303 0.026017968 0.28875002
0.188059 0.026017968 0.28875002
0.19008996 0.025950389 0.28800002
0.19210777 0.025882808 0.28725001
0.19428186 0.025837757 0.28675002
0.19627562 0.025770178 0.28600001
-0 0 0
-0 0 0
-0 0 0
-0 0 0
-0 0 0
-0 0 0
-0 0 0
-0 0 0
-0 0 0
-0 0 0
-0 0 0
-0 0 0
-0 0 0
-0 0 0
-0 0 0
-0 0 0
-0 0 0
-0 0 0
-0 0 0
-0 0 0
-0 0 0
-0 0 0
-0 0 0
-0 0 0
-0 0 0
-0 0 0
-0 0 0
-0 0 0
-0 0 0
-0 0 0
-0 0 0
-0 0 0
-0 0 0
-0 0 0
-0 0 0
-0 0 0
-0 0 0
-0 0 0
-0 0 0
-0 0 0
-0 0 0
-0 0 0
-0.11626066 0.034077417 0.34475002
-0.11349116 0.03415155 0.34550002
-0.11038881 0.034126837 0.34525001
-0.10713533 0.034052704 0.34450001
-0.10397055 0.03400328 0.34400001
-0.10081451 0.033953857 0.34350002
-0.097667217 0.033904433 0.34300002
-0.094528683 0.033855014 0.34250003
-0.091465689 0.0338303 0.34225002
-0.088148579 0.03370674 0.34100002
-0.085040651 0.033657316 0.34050003
-0.082061969 0.033657316 0.34050003
-0.079025231 0.033632606 0.34025002
-0.075881109 0.033558469 0.33950001
-0.072642729 0.033434913 0.33825001
-0.06952922 0.033360776 0.33750001
-0.066478156 0.033311352 0.33700001
-0.063388705 0.033237219 0.33625001
-0.060312383 0.033163082 0.3355
-0.057291936 0.033113658 0.33500001
-0.054239668 0.033039525 0.33425
-0.051238909 0.032990102 0.33375001
-0.048246894 0.032940678 0.33325002
-0.04529763 0.032915965 0.333
-0.042320922 0.032866541 0.33250001
-0.039323326 0.032792408 0.33175001
-0.03639375 0.032767698 0.33150002
-0.033468544 0.032742985 0.33125001
-0.030478496 0.032644138 0.33025002
-0.027526831 0.032570004 0.32950002
-0.024606986 0.032520581 0.32900003
-0.021695886 0.032471154 0.3285
-0.018793534 0.03242173 0.32800001
-0.015887795 0.032347597 0.32725
-0.013005129 0.032298174 0.32675001
-0.010138973 0.032273464 0.32650003
-0.007282767 0.032273464 0.32650003
-0.0044130036 0.032174617 0.32550001
-0.001560736 0.03207577 0.32450002
0.0012681283 0.031828653 0.32200003
0.0039644488 0.030889606 0.3125
0.0064409729 0.029703446 0.30050001
0.0086924555 0.028467864 0.28800002
0.011017215 0.02797363 0.28300002
0.013433288 0.027850071 0.28175002
0.015869807 0.027800646 0.28125
0.018297581 0.027751222 0.28075001
0.020716608 0.027701801 0.28025001
0.023106219 0.027627666 0.27950001
0.025459854 0.027528819 0.27850002
0.027821034 0.027454684 0.27775002
0.03019632 0.027405262 0.27725002
0.032504026 0.027306413 0.27625
0.034825839 0.027232276 0.2755
0.037100744 0.027133431 0.27450001
0.03935815 0.027034586 0.27350003
0.041674387 0.026985161 0.273
0.043981876 0.026935738 0.27250001
0.04623808 0.026861602 0.27175
0.048481166 0.026787469 0.27100003
0.050711125 0.026713334 0.27025002
0.053173456 0.026762757 0.27075002
0.056259952 0.02710872 0.27425
0.05865908 0.02710872 0.27425
0.061002549 0.02708401 0.27400002
0.06334164 0.027059296 0.27375001
0.065676361 0.027034586 0.27350003
0.068006702 0.027009873 0.27325001
0.070203856 0.026935738 0.27250001
0.072387889 0.026861602 0.27175
0.074627586 0.026812179 0.27125001
0.077000462 0.026812179 0.27125001
0.079519659 0.026861602 0.27175
0.082047597 0.026911028 0.27225003
0.084429234 0.026911028 0.27225003
0.086890571 0.026935738 0.27250001
0.089356296 0.026960451 0.27275002
0.091658205 0.026935738 0.27250001
0.093955755 0.026911028 0.27225003
0.096514307 0.026960451 0.27275002
0.098809659 0.026935738 0.27250001
0.10110064 0.026911028 0.27225003
0.10348227 0.026911028 0.27225003
0.10566946 0.026861602 0.27175
0.10824553 0.026911028 0.27225003
0.11408107 0.027751222 0.28075001
0.12421627 0.029579887 0.29925001
0.12672813 0.029555177 0.29900002
0.12901933 0.029481042 0.29825002
0.13129739 0.029406907 0.29750001
0.13356236 0.029332772 0.29675001
0.13558476 0.029209213 0.29550001
0.137936 0.02915979 0.29500002
0.14004031 0.029060941 0.294
0.14224841 0.02898681 0.29325002
0.14431991 0.028887961 0.29225001
0.145997 0.028714979 0.29050002
0.14841044 0.028690267 0.29025
0.15198968 0.028887961 0.29225001
0.15494289 0.028962096 0.29300001
0.15750602 0.028962096 0.29300001
0.15965943 0.028887961 0.29225001
0.16207728 0.028863251 0.29200003
0.16449071 0.028838538 0.29175001
0.16704293 0.028838538 0.29175001
0.16930449 0.028789116 0.29125002
0.17155732 0.028739693 0.29075003
0.17410079 0.028739693 0.29075003
0.17634046 0.028690267 0.29025
0.17872548 0.028665558 0.29000002
0.1812624 0.028665558 0.29000002
0.18364085 0.028640844 0.28975001
0.1858543 0.028591422 0.28925002
0.188059 0.028541999 0.28875002
0.19025496 0.028492574 0.28825
0.19227497 0.02841844 0.28750002
0.19445123 0.028369015 0.287
0.19644719 0.028294882 0.28625003
-0 0 0
-0 0 0
-0 0 0
-0 0 0
-0 0 0
-0 0 0
-0 0 0
-0 0 0
-0 0 0
-0 0 0
-0 0 0
-0 0 0
-0 0 0
-0 0 0
-0 0 0
-0 0 0
-0 0 0
-0 0 0
-0 0 0
-0 0 0
-0 0 0
-0 0 0
-0 0 0
-0 0 0
-0 0 0
-0 0 0
-0 0 0
-0 0 0
-0 0 0
-0 0 0
-0 0 0
-0 0 0
-0 0 0
-0 0 0
-0 0 0
-0 0 0
-0 0 0
-0 0 0
-0 0 0
-0 0 0
-0 0 0
-0 0 0
-0.11575481 0.03692957 0.34325001
-0.11308055 0.03703716 0.34425002
-0.11022894 0.037090953 0.34475002
-0.10713533 0.037064057 0.34450001
-0.10412166 0.037064057 0.34450001
-0.10096125 0.037010264 0.34400001
-0.0977384 0.03692957 0.34325001
-0.094528683 0.036848884 0.34250003
-0.091398872 0.036795087 0.34200001
-0.088148579 0.036687501 0.34100002
-0.08510308 0.0366606 0.34075001
-0.082001716 0.036606807 0.34025002
-0.078967161 0.036579911 0.34
-0.075881109 0.036526117 0.33950001
-0.072696418 0.036418531 0.33850002
-0.069580726 0.036337838 0.33775002
-0.066478156 0.036257148 0.33700001
-0.06334158 0.036149561 0.33600003
-0.060267445 0.036068868 0.33525002
-0.057291936 0.036041971 0.33500001
-0.054239668 0.035961278 0.33425
-0.051238909 0.035907485 0.33375001
-0.048210695 0.035826795 0.333
-0.045229618 0.035773002 0.33250001
-0.042289104 0.035746105 0.33225003
-0.039293695 0.035665415 0.33150002
-0.036366303 0.035638515 0.33125001
-0.033443287 0.035611622 0.33100003
-0.030478496 0.035530929 0.33025002
-0.027526831 0.035450239 0.32950002
-0.024606986 0.035396446 0.32900003
-0.021695886 0.035342649 0.3285
-0.01880786 0.035315752 0.32825002
-0.015899934 0.035235062 0.32750002
-0.013025029 0.035208166 0.32725
-0.0101545 0.035181269 0.32700002
-0.007282767 0.035127476 0.32650003
-0.0044096145 0.034992989 0.32525003
-0.001560736 0.034912299 0.32450002
0.0012769894 0.034885399 0.32425001
0.0041039973 0.034804709 0.32350001
0.0069018085 0.03464333 0.32200003
0.009560192 0.034078494 0.31675002
0.011980734 0.033110201 0.30775002
0.014041183 0.031684659 0.29450002
0.016053192 0.030608779 0.2845
0.018346462 0.030286016 0.28150001
0.020772049 0.030232221 0.28100002
0.023188889 0.030178428 0.28050002
0.025574127 0.030097736 0.27975002
0.027921198 0.029990148 0.27875
0.030278007 0.029909458 0.27800003
0.032651104 0.029855663 0.2775
0.034920644 0.029721178 0.27625
0.037202112 0.029613592 0.27525002
0.039466076 0.029506002 0.27425
0.041788876 0.029452208 0.27375001
0.044143282 0.029425312 0.27350003
0.046450768 0.029371517 0.273
0.048615336 0.029237032 0.27175
0.050945684 0.029210137 0.27150002
0.053468049 0.029290827 0.27225003
0.056208674 0.029479107 0.27400002
0.058712553 0.0295329 0.27450001
0.061002549 0.029479107 0.27400002
0.063399486 0.029479107 0.27400002
0.065676361 0.029425312 0.27350003
0.067944482 0.029371517 0.273
0.070203856 0.029317724 0.27250001
0.072454482 0.02926393 0.27200001
0.074696369 0.029210137 0.27150002
0.077071436 0.029210137 0.27150002
0.079592817 0.02926393 0.27200001
0.082047597 0.029290827 0.27225003
0.084429234 0.029290827 0.27225003
0.086890571 0.029317724 0.27250001
0.089356296 0.029344622 0.27275002
0.091742299 0.029344622 0.27275002
0.094042026 0.029317724 0.27250001
0.096425839 0.029317724 0.27250001
0.098809659 0.029317724 0.27250001
0.10128631 0.029344622 0.27275002
0.10348227 0.029290827 0.27225003
0.10576668 0.02926393 0.27200001
0.10844433 0.029344622 0.27275002
0.11834769 0.031335 0.29125002
0.12473512 0.032330185 0.30050001
0.12694004 0.032222599 0.29950002
0.12901933 0.032088116 0.29825002
0.13129739 0.032007422 0.29750001
0.13333732 0.031872939 0.29625002
0.13535535 0.031738453 0.29500002
0.13758531 0.031657763 0.29425001
0.13956398 0.031523276 0.29300001
0.14164206 0.03141569 0.29200003
0.14407301 0.031388793 0.29175001
0.14675087 0.03141569 0.29200003
0.15007223 0.031577069 0.29350001
0.15263976 0.031577069 0.29350001
0.15507509 0.031550176 0.29325002
0.15750602 0.031523276 0.29300001
0.15979601 0.031469483 0.29250002
0.16235481 0.031469483 0.29250002
0.16477261 0.031442586 0.29225001
0.16718608 0.03141569 0.29200003
0.16944981 0.031361893 0.2915
0.17155732 0.031281207 0.29075003
0.17410079 0.031281207 0.29075003
0.17649236 0.031254306 0.29050002
0.17872548 0.031200513 0.29000002
0.18110614 0.031173615 0.28975001
0.18364085 0.031173615 0.28975001
0.1858543 0.031119822 0.28925002
0.18789618 0.03103913 0.28850001
0.19008996 0.030985337 0.28800002
0.19227497 0.030931544 0.28750002
0.19445123 0.030877749 0.287
0.19644719 0.030797059 0.28625003
-0 0 0
-0 0 0
-0 0 0
-0 0 0
-0 0 0
-0 0 0
-0 0 0
-0 0 0
-0 0 0
-0 0 0
-0 0 0
-0 0 0
-0 0 0
-0 0 0
-0 0 0
-0 0 0
-0 0 0
-0 0 0
-0 0 0
-0 0 0
-0 0 0
-0 0 0
-0 0 0
-0 0 0
-0 0 0
-0 0 0
-0 0 0
-0 0 0
-0 0 0
-0 0 0
-0 0 0
-0 0 0
-0 0 0
-0 0 0
-0 0 0
-0 0 0
-0 0 0
-0 0 0
-0 0 0
-0 0 0
-0 0 0
-0 0 0
-0 0 0
-0.11291631 0.039988164 0.34375003
-0.10982927 0.039959081 0.34350002
-0.10690209 0.039988164 0.34375003
-0.10404611 0.040046327 0.34425002
-0.10096125 0.040017243 0.34400001
-0.09780959 0.039959081 0.34350002
-0.094597675 0.039871834 0.34275001
-0.091465689 0.039813668 0.34225002
-0.088277832 0.039726421 0.34150001
-0.08510308 0.039639175 0.34075001
-0.082001716 0.039581008 0.34025002
-0.078909099 0.039522845 0.33975002
-0.075825229 0.039464682 0.33925003
-0.072696418 0.039377436 0.33850002
-0.069580726 0.039290186 0.33775002
-0.066428848 0.03917386 0.33675003
-0.063247323 0.039028443 0.3355
-0.060222499 0.03897028 0.33500001
-0.057291936 0.03897028 0.33500001
-0.054280236 0.038912117 0.33450001
-0.051238909 0.038824867 0.33375001
-0.048210695 0.038737621 0.333
-0.045195609 0.038650379 0.33225003
-0.042193644 0.038563129 0.33150002
-0.039264061 0.038534045 0.33125001
-0.036338858 0.038504966 0.33100003
-0.033392765 0.038446799 0.33050001
-0.030432349 0.038359553 0.32975
-0.027547715 0.038359553 0.32975
-0.024606986 0.038272306 0.32900003
-0.021695886 0.03821414 0.3285
-0.01880786 0.03818506 0.32825002
-0.015924208 0.038155977 0.32800001
-0.01303498 0.038097814 0.32750002
-0.010162262 0.03806873 0.32725
-0.0072771902 0.037952401 0.32625002
-0.0044062249 0.037806991 0.32500002
-0.001560736 0.037748825 0.32450002
0.0012760047 0.037690658 0.324
0.0041039973 0.037632495 0.32350001
0.0069178836 0.037545249 0.32275
0.0097261928 0.037487082 0.32225001
0.012516023 0.037399836 0.3215
0.015233134 0.03716718 0.31950003
0.017689547 0.036469202 0.31350002
0.019666234 0.035102334 0.30175
0.021437347 0.033735469 0.29000002
0.023436898 0.032979328 0.28350002
0.025642689 0.032630343 0.28050002
0.027996322 0.03251401 0.27950001
0.030359689 0.032426763 0.27875
0.032709938 0.032339517 0.27800003
0.035015453 0.032223187 0.27700001
0.037303481 0.032106861 0.27600002
0.039609984 0.032019611 0.27525002
0.041941531 0.031961448 0.27475002
0.044223979 0.031874202 0.27400002
0.046535846 0.031816036 0.27350003
0.048704788 0.031670626 0.27225003
0.051086418 0.031670626 0.27225003
0.053664438 0.031786952 0.27325001
0.056259952 0.031903282 0.27425
0.05876603 0.031961448 0.27475002
0.061058205 0.031903282 0.27425
0.063399486 0.031874202 0.27400002
0.065676361 0.031816036 0.27350003
0.067882262 0.031728789 0.27275002
0.070139453 0.031670626 0.27225003
0.072454482 0.031641543 0.27200001
0.07483393 0.031641543 0.27200001
0.077213369 0.031641543 0.27200001
0.079739124 0.031699706 0.27250001
0.082198285 0.031728789 0.27275002
0.084584288 0.031728789 0.27275002
0.086970292 0.031728789 0.27275002
0.089438193 0.031757869 0.273
0.091910474 0.031786952 0.27325001
0.094128303 0.031728789 0.27275002
0.09660276 0.031757869 0.273
0.099081613 0.031786952 0.27325001
0.10137914 0.031757869 0.273
0.10357729 0.031699706 0.27250001
0.1058639 0.031670626 0.27225003
0.10963711 0.032077778 0.27575001
0.1211921 0.034695186 0.29825002
0.12494268 0.035015091 0.30100003
0.127046 0.034869675 0.29975
0.12923563 0.034753349 0.29875001
0.13140774 0.034637019 0.29775003
0.13344984 0.03449161 0.29650003
0.13535535 0.034317113 0.29500002
0.13746841 0.034200784 0.294
0.1394449 0.034055371 0.29275
0.1415208 0.033939045 0.29175001
0.14444338 0.034026291 0.29250002
0.14763036 0.034171704 0.29375002
0.15020007 0.034171704 0.29375002
0.15276979 0.034171704 0.29375002
0.15520729 0.034142617 0.29350001
0.15750602 0.034084454 0.29300001
0.15993258 0.034055371 0.29275
0.16235481 0.034026291 0.29250002
0.16463168 0.033968128 0.29200003
0.16704293 0.033939045 0.29175001
0.16944981 0.033909962 0.2915
0.17170483 0.033851795 0.29100001
0.17425048 0.033851795 0.29100001
0.17664425 0.033822715 0.29075003
0.17887954 0.033764549 0.29025
0.18110614 0.033706386 0.28975001
0.18348242 0.033677306 0.28950003
0.18569367 0.033619136 0.289
0.18773335 0.033531889 0.28825
0.18975994 0.033444647 0.28750002
0.19227497 0.033444647 0.28750002
0.19462062 0.033415563 0.28725001
0.19644719 0.033299234 0.28625003
-0 0 0
-0 0 0
-0 0 0
-0 0 0
-0 0 0
-0 0 0
-0 0 0
-0 0 0
-0 0 0
-0 0 0
-0 0 0
-0 0 0
-0 0 0
-0 0 0
-0 0 0
-0 0 0
-0 0 0
-0 0 0
-0 0 0
-0 0 0
-0 0 0
-0 0 0
-0 0 0
-0 0 0
-0 0 0
-0 0 0
-0 0 0
-0 0 0
-0 0 0
-0 0 0
-0 0 0
-0 0 0
-0 0 0
-0 0 0
-0 0 0
-0 0 0
-0 0 0
-0 0 0
-0 0 0
-0 0 0
-0 0 0
-0 0 0
-0 0 0
-0 0 0
-0.10902993 0.042649016 0.34100002
-0.10643561 0.042805355 0.34225002
-0.10404611 0.043055497 0.34425002
-0.10088788 0.042992961 0.34375003
-0.09780959 0.042961694 0.34350002
-0.094735667 0.042930424 0.34325001
-0.091532499 0.042836625 0.34250003
-0.088342458 0.042742819 0.34175003
-0.085165523 0.042649016 0.34100002
-0.082001716 0.042555213 0.34025002
-0.078909099 0.04249268 0.33975002
-0.075825229 0.042430144 0.33925003
-0.07258904 0.042273808 0.33800003
-0.069426216 0.042148735 0.33700001
-0.066330209 0.042054929 0.33625001
-0.063294448 0.041992396 0.33575001
-0.060267445 0.041929863 0.33525002
-0.057291936 0.041898593 0.33500001
-0.054320809 0.041867327 0.33475003
-0.051315669 0.04180479 0.33425
-0.048246894 0.041679721 0.33325002
-0.045161601 0.041523382 0.33200002
-0.042161822 0.041429579 0.33125001
-0.03923443 0.041398313 0.33100003
-0.036283962 0.041335776 0.33050001
-0.033316985 0.041241974 0.32975
-0.030409278 0.041210707 0.32950002
-0.027526831 0.041210707 0.32950002
-0.024606986 0.041148171 0.32900003
-0.021679375 0.041054368 0.32825002
-0.01880786 0.041054368 0.32825002
-0.015924208 0.041023102 0.32800001
-0.01303498 0.040960565 0.32750002
-0.0101545 0.040898032 0.32700002
-0.0072771902 0.040804226 0.32625002
-0.0044062249 0.04064789 0.32500002
-0.0015583311 0.040522818 0.324
0.0012740355 0.040460281 0.32350001
0.0041008261 0.040429018 0.32325003
0.0069178836 0.040366478 0.32275
0.0097186482 0.040272679 0.32200003
0.012516023 0.040210143 0.3215
0.015292731 0.04011634 0.32075003
0.018070422 0.040053803 0.32025
0.020839365 0.039991271 0.31975001
0.023414757 0.03961606 0.31675002
0.025586314 0.038709298 0.30950001
0.026968246 0.036895778 0.29500002
0.028622359 0.035738874 0.28575
0.030604746 0.035144791 0.28100002
0.032768767 0.034832116 0.27850002
0.035110261 0.034738313 0.27775002
0.037371058 0.034581974 0.27650002
0.039717916 0.034519441 0.27600002
0.042017858 0.034425635 0.27525002
0.044345032 0.034363102 0.27475002
0.04662092 0.034269299 0.27400002
0.048838958 0.034144226 0.273
0.051320974 0.034206763 0.27350003
0.053909931 0.034331832 0.27450001
0.056362528 0.034363102 0.27475002
0.05876603 0.034363102 0.27475002
0.061058205 0.034300562 0.27425
0.06334164 0.034238029 0.27375001
0.065676361 0.034206763 0.27350003
0.067820042 0.03408169 0.27250001
0.070139453 0.034050427 0.27225003
0.072521083 0.034050427 0.27225003
0.074902713 0.034050427 0.27225003
0.077284344 0.034050427 0.27225003
0.079739124 0.03408169 0.27250001
0.082273617 0.034144226 0.273
0.084739342 0.034175497 0.27325001
0.08712972 0.034175497 0.27325001
0.089520104 0.034175497 0.27325001
0.091994569 0.034206763 0.27350003
0.094387136 0.034206763 0.27350003
0.096779697 0.034206763 0.27350003
0.099172264 0.034206763 0.27350003
0.10147198 0.034175497 0.27325001
0.10357729 0.03408169 0.27250001
0.1058639 0.034050427 0.27225003
0.11321548 0.035613805 0.28475001
0.12220795 0.03761493 0.30075002
0.1248389 0.03761493 0.30075002
0.12672813 0.037396058 0.29900002
0.12891118 0.037270986 0.29800001
0.13129739 0.037208453 0.29750001
0.13333732 0.037052114 0.29625002
0.13501123 0.036801975 0.29425001
0.13735153 0.036739439 0.29375002
0.13956398 0.036645636 0.29300001
0.14212714 0.036645636 0.29300001
0.1451841 0.036770705 0.294
0.14800729 0.036833242 0.29450002
0.15058355 0.036833242 0.29450002
0.1528998 0.036770705 0.294
0.15533949 0.036739439 0.29375002
0.15764043 0.036676906 0.29325002
0.16006917 0.036645636 0.29300001
0.16263233 0.036645636 0.29300001
0.16491358 0.0365831 0.29250002
0.16704293 0.036489297 0.29175001
0.16944981 0.03645803 0.2915
0.17185235 0.036426764 0.29125002
0.17410079 0.036364228 0.29075003
0.17664425 0.036364228 0.29075003
0.17903364 0.036332961 0.29050002
0.1812624 0.036270425 0.29000002
0.18364085 0.036239155 0.28975001
0.18601495 0.036207892 0.28950003
0.18789618 0.036082819 0.28850001
0.18992494 0.035989016 0.28775001
0.19244216 0.035989016 0.28775001
0.19479001 0.03595775 0.28750002
0.19644719 0.035801411 0.28625003
-0 0 0
-0 0 0
-0 0 0
-0 0 0
-0 0 0
-0 0 0
-0 0 0
-0 0 0
-0 0 0
-0 0 0
-0 0 0
-0 0 0
-0 0 0
-0 0 0
-0 0 0
-0 0 0
-0 0 0
-0 0 0
-0 0 0
-0 0 0
-0 0 0
-0 0 0
-0 0 0
-0 0 0
-0 0 0
-0 0 0
-0 0 0
-0 0 0
-0 0 0
-0 0 0
-0 0 0
-0 0 0
-0 0 0
-0 0 0
-0 0 0
-0 0 0
-0 0 0
-0 0 0
-0 0 0
-0 0 0
-0 0 0
-0 0 0
-0 0 0
-0 0 0
-0 0 0
-0.10628012 0.045730136 0.34175003
-0.10404611 0.046064664 0.34425002
-0.10088788 0.045997761 0.34375003
-0.097880781 0.045997761 0.34375003
-0.094666675 0.045897402 0.34300002
-0.091465689 0.045797043 0.34225002
-0.088342458 0.045730136 0.34175003
-0.085165523 0.045629777 0.34100002
-0.082001716 0.045529418 0.34025002
-0.078967161 0.045495961 0.34
-0.075825229 0.045395605 0.33925003
-0.07258904 0.045228343 0.33800003
-0.069374718 0.045061078 0.33675003
-0.066280894 0.044960719 0.33600003
-0.063294448 0.044927265 0.33575001
-0.060267445 0.044860359 0.33525002
-0.057249185 0.044793453 0.33475003
-0.054280236 0.04476 0.33450001
-0.051315669 0.044726547 0.33425
-0.048283089 0.044626191 0.33350003
-0.045195609 0.044458926 0.33225003
-0.042161822 0.044325113 0.33125001
-0.039204795 0.044258207 0.33075002
-0.036256518 0.044191301 0.33025002
-0.033342246 0.044157848 0.33000001
-0.030409278 0.044090942 0.32950002
-0.027505945 0.044057488 0.32925001
-0.024606986 0.044024039 0.32900003
-0.021712398 0.043990582 0.32875001
-0.018836508 0.043990582 0.32875001
-0.015936347 0.043923676 0.32825002
-0.013025029 0.043789864 0.32725
-0.010131209 0.043656055 0.32625002
-0.0072660376 0.043589149 0.32575002
-0.0044028354 0.043455336 0.32475001
-0.0015583311 0.043354977 0.324
0.0012740355 0.043288071 0.32350001
0.0041008261 0.043254621 0.32325003
0.0069178836 0.043187711 0.32275
0.0097261928 0.043120805 0.32225001
0.012525755 0.043053903 0.32175002
0.015304649 0.042953543 0.32100001
0.018098636 0.04292009 0.32075003
0.020888247 0.042886637 0.32050002
0.023655003 0.042819731 0.32000002
0.02643368 0.042786278 0.31975001
0.029116565 0.042619012 0.31850001
0.031577248 0.042184126 0.31525001
0.033273131 0.040879458 0.3055
0.034621935 0.03937408 0.29425001
0.035773914 0.037868701 0.28300002
0.037540004 0.037166189 0.27775002
0.039825842 0.037032373 0.27675
0.04217051 0.036965471 0.27625
0.044466078 0.036865111 0.2755
0.04674853 0.036764756 0.27475002
0.049107306 0.036731299 0.27450001
0.051602438 0.036798205 0.27500001
0.054008126 0.036798205 0.27500001
0.056362528 0.036764756 0.27475002
0.05876603 0.036764756 0.27475002
0.061058205 0.036697846 0.27425
0.06334164 0.03663094 0.27375001
0.065616325 0.036564037 0.27325001
0.067882262 0.036497131 0.27275002
0.070203856 0.036463678 0.27250001
0.072587669 0.036463678 0.27250001
0.07497149 0.036463678 0.27250001
0.077284344 0.036430225 0.27225003
0.079812281 0.036497131 0.27275002
0.082348965 0.036564037 0.27325001
0.084894404 0.03663094 0.27375001
0.087289147 0.03663094 0.27375001
0.089602008 0.03659749 0.27350003
0.091994569 0.03659749 0.27350003
0.094473407 0.03663094 0.27375001
0.096868157 0.03663094 0.27375001
0.099172264 0.03659749 0.27350003
0.10147198 0.036564037 0.27325001
0.10357729 0.036463678 0.27250001
0.10634995 0.03659749 0.27350003
0.11699264 0.03937408 0.29425001
0.12200478 0.04017695 0.30025002
0.12442381 0.040110044 0.29975
0.12641025 0.039909329 0.29825002
0.12869489 0.03980897 0.29750001
0.1309664 0.039708611 0.29675001
0.13254967 0.039407536 0.29450002
0.13443768 0.039206818 0.29300001
0.13735153 0.039307177 0.29375002
0.1401594 0.03937408 0.29425001
0.1430973 0.039474439 0.29500002
0.1458014 0.039507896 0.29525003
0.14825857 0.039474439 0.29500002
0.15058355 0.039407536 0.29450002
0.15302981 0.03937408 0.29425001
0.15547168 0.039340626 0.294
0.1579092 0.039307177 0.29375002
0.16034232 0.03927372 0.29350001
0.16290987 0.03927372 0.29350001
0.16533643 0.039240271 0.29325002
0.16747235 0.039139912 0.29250002
0.16974047 0.039073005 0.29200003
0.17199984 0.039006095 0.2915
0.17425048 0.038939193 0.29100001
0.17679612 0.038939193 0.29100001
0.17918772 0.03890574 0.29075003
0.18141866 0.038838834 0.29025
0.18364085 0.038771927 0.28975001
0.1858543 0.038705021 0.28925002
0.188059 0.038638119 0.28875002
0.19008996 0.038537759 0.28800002
0.19260937 0.038537759 0.28800002
0.19479001 0.038470853 0.28750002
0.19644719 0.038303588 0.28625003
-0 0 0
-0 0 0
-0 0 0
-0 0 0
-0 0 0
-0 0 0
-0 0 0
-0 0 0
-0 0 0
-0 0 0
-0 0 0
-0 0 0
-0 0 0
-0 0 0
-0 0 0
-0 0 0
-0 0 0
-0 0 0
-0 0 0
-0 0 0
-0 0 0
-0 0 0
-0 0 0
-0 0 0
-0 0 0
-0 0 0
-0 0 0
-0 0 0
-0 0 0
-0 0 0
-0 0 0
-0 0 0
-0 0 0
-0 0 0
-0 0 0
-0 0 0
-0 0 0
-0 0 0
-0 0 0
-0 0 0
-0 0 0
-0 0 0
-0 0 0
-0 0 0
-0 0 0
-0 0 0
-0.10412166 0.04910947 0.34450001
-0.10096125 0.049038194 0.34400001
-0.097880781 0.049002558 0.34375003
-0.094597675 0.048860002 0.34275001
-0.091465689 0.048788726 0.34225002
-0.088342458 0.04871745 0.34175003
-0.085165523 0.048610535 0.34100002
-0.082001716 0.048503619 0.34025002
-0.078909099 0.048432346 0.33975002
-0.07576935 0.048325431 0.33900002
-0.072642729 0.048218515 0.33825001
-0.069426216 0.048040323 0.33700001
-0.066330209 0.047933407 0.33625001
-0.063294448 0.047862131 0.33575001
-0.060222499 0.047755215 0.33500001
-0.057249185 0.047719583 0.33475003
-0.054199103 0.047612667 0.33400002
-0.051238909 0.047577027 0.33375001
-0.048246894 0.047505751 0.33325002
-0.045195609 0.047363199 0.33225003
-0.042193644 0.047256283 0.33150002
-0.039264061 0.047220644 0.33125001
-0.03631141 0.047149368 0.33075002
-0.033367507 0.047078092 0.33025002
-0.030432349 0.047006812 0.32975
-0.027526831 0.046971176 0.32950002
-0.024644382 0.046971176 0.32950002
-0.021778442 0.047006812 0.32975
-0.018865157 0.046935536 0.32925001
-0.015912071 0.046721712 0.32775003
-0.013015079 0.046614796 0.32700002
-0.010131209 0.04650788 0.32625002
-0.0072604609 0.046400964 0.32550001
-0.0044028354 0.046294048 0.32475001
-0.0015595335 0.046222772 0.32425001
0.0012769894 0.046222772 0.32425001
0.0041071689 0.0461515 0.32375002
0.0069232425 0.046044584 0.32300001
0.0097261928 0.045937669 0.32225001
0.012525755 0.045866393 0.32175002
0.015328488 0.045830753 0.3215
0.018112741 0.045759477 0.32100001
0.020904541 0.045723841 0.32075003
0.023673482 0.045652561 0.32025
0.026454348 0.045616925 0.32000002
0.029230837 0.045581285 0.31975001
0.031977911 0.045510009 0.31925002
0.034716237 0.045438733 0.31875002
0.037357572 0.045260545 0.31750003
0.039281778 0.04429831 0.31075001
0.040412102 0.042623315 0.29900002
0.041372828 0.040983956 0.28750002
0.042628475 0.039807897 0.27925003
0.044627484 0.039415874 0.27650002
0.046961218 0.039344598 0.27600002
0.049286198 0.039273318 0.2755
0.05169626 0.039273318 0.2755
0.054106321 0.039273318 0.2755
0.056413811 0.039202042 0.27500001
0.058712553 0.03913077 0.27450001
0.061058205 0.03909513 0.27425
0.06334164 0.039023854 0.27375001
0.065616325 0.038952578 0.27325001
0.067944482 0.038916938 0.273
0.070332669 0.038916938 0.273
0.072720855 0.038916938 0.273
0.07510905 0.038916938 0.273
0.077497236 0.038916938 0.273
0.079958588 0.038952578 0.27325001
0.082424313 0.038988218 0.27350003
0.085049458 0.03909513 0.27425
0.087368868 0.039059494 0.27400002
0.089602008 0.038988218 0.27350003
0.091994569 0.038988218 0.27350003
0.094559692 0.039059494 0.27400002
0.096779697 0.038988218 0.27350003
0.099081613 0.038952578 0.27325001
0.10137914 0.038916938 0.273
0.10376734 0.038916938 0.273
0.1082942 0.039700981 0.27850002
0.11898062 0.042658951 0.29925001
0.12180161 0.042730227 0.29975
0.12421627 0.042658951 0.29925001
0.12641025 0.042516399 0.29825002
0.1284786 0.042338207 0.29700002
0.1303044 0.042088743 0.29525003
0.1322121 0.041874912 0.29375002
0.13478181 0.041874912 0.29375002
0.1380529 0.042088743 0.29525003
0.14087389 0.042160019 0.29575002
0.14382491 0.042266935 0.29650003
0.1462952 0.042231295 0.29625002
0.14850986 0.042124379 0.29550001
0.15083921 0.042053103 0.29500002
0.15315984 0.041981827 0.29450002
0.1556039 0.041946188 0.29425001
0.15804358 0.041910548 0.294
0.1604789 0.041874912 0.29375002
0.16304862 0.041874912 0.29375002
0.16547738 0.041839272 0.29350001
0.16775863 0.041767996 0.29300001
0.17003112 0.04169672 0.29250002
0.17229488 0.041625444 0.29200003
0.17440018 0.041518532 0.29125002
0.17664425 0.041447256 0.29075003
0.17903364 0.041411616 0.29050002
0.1812624 0.04134034 0.29000002
0.18348242 0.041269064 0.28950003
0.1858543 0.041233424 0.28925002
0.188059 0.041162148 0.28875002
0.19008996 0.041055232 0.28800002
0.19277655 0.041090868 0.28825
0.19512877 0.041055232 0.28800002
0.19696188 0.040912677 0.287
-0 0 0
-0 0 0
-0 0 0
-0 0 0
-0 0 0
-0 0 0
-0 0 0
-0 0 0
-0 0 0
-0 0 0
-0 0 0
-0 0 0
-0 0 0
-0 0 0
-0 0 0
-0 0 0
-0 0 0
-0 0 0
-0 0 0
-0 0 0
-0 0 0
-0 0 0
-0 0 0
-0 0 0
-0 0 0
-0 0 0
-0 0 0
-0 0 0
-0 0 0
-0 0 0
-0 0 0
-0 0 0
-0 0 0
-0 0 0
-0 0 0
-0 0 0
-0 0 0
-0 0 0
-0 0 0
-0 0 0
-0 0 0
-0 0 0
-0 0 0
-0 0 0
-0 0 0
-0 0 0
-0 0 0
-0.10088788 0.052007355 0.34375003
-0.097667217 0.051893882 0.34300002
-0.094459675 0.051780414 0.34225002
-0.091465689 0.051780414 0.34225002
-0.088342458 0.051704768 0.34175003
-0.08510308 0.051553469 0.34075001
-0.081941463 0.051440001 0.34
-0.078792974 0.051326532 0.33925003
-0.075713471 0.051250882 0.33875
-0.07258904 0.051137414 0.33800003
-0.069426216 0.050986119 0.33700001
-0.066379525 0.050910473 0.33650002
-0.063294448 0.050797001 0.33575001
-0.060222499 0.050683528 0.33500001
-0.057249185 0.050645709 0.33475003
-0.054199103 0.050532237 0.33400002
-0.051162146 0.050418764 0.33325002
-0.048174504 0.050343119 0.33275002
-0.045229618 0.050305296 0.33250001
-0.042257283 0.050229646 0.33200002
-0.039293695 0.050154001 0.33150002
-0.036338858 0.050078355 0.33100003
-0.033392765 0.050002705 0.33050001
-0.030455424 0.04992706 0.33000001
-0.027568601 0.04992706 0.33000001
-0.024700478 0.049964886 0.33025002
-0.021811467 0.049964886 0.33025002
-0.018865157 0.049813587 0.32925001
-0.015899934 0.049548823 0.32750002
-0.012995179 0.049397532 0.32650003
-0.010123446 0.049321882 0.32600001
-0.0072604609 0.049246237 0.32550001
-0.0044028354 0.049132764 0.32475001
-0.0015595335 0.049057119 0.32425001
0.0012769894 0.049057119 0.32425001
0.0041071689 0.048981473 0.32375002
0.0069232425 0.048868001 0.32300001
0.0097261928 0.048754528 0.32225001
0.012525755 0.048678882 0.32175002
0.015328488 0.048641056 0.3215
0.018112741 0.04856541 0.32100001
0.020904541 0.048527591 0.32075003
0.023673482 0.048451941 0.32025
0.026454348 0.048414119 0.32000002
0.029230837 0.048376296 0.31975001
0.032002956 0.048338473 0.31950003
0.034743465 0.048262823 0.31900001
0.037445813 0.048149351 0.31825
0.040135045 0.048035886 0.31750003
0.042811148 0.047922414 0.31675002
0.045222297 0.047544178 0.31425002
0.046444803 0.046031233 0.30425
0.047452003 0.044480469 0.294
0.048109725 0.04277841 0.28275001
0.049599275 0.041946296 0.27725002
0.051790088 0.041757178 0.27600002
0.054155421 0.041719355 0.27575001
0.056516379 0.041681528 0.2755
0.058872972 0.041643705 0.27525002
0.061113868 0.041530237 0.27450001
0.063399486 0.041454591 0.27400002
0.065736391 0.041416764 0.27375001
0.068006702 0.041341119 0.27325001
0.070397079 0.041341119 0.27325001
0.072787456 0.041341119 0.27325001
0.075246617 0.041378945 0.27350003
0.077639177 0.041378945 0.27350003
0.080104902 0.041416764 0.27375001
0.082574993 0.041454591 0.27400002
0.085126989 0.041530237 0.27450001
0.087448582 0.04149241 0.27425
0.089683905 0.041416764 0.27375001
0.092078656 0.041416764 0.27375001
0.094559692 0.041454591 0.27400002
0.096779697 0.041378945 0.27350003
0.098990954 0.041303292 0.273
0.10128631 0.041265473 0.27275002
0.10386237 0.041341119 0.27325001
0.11198825 0.043572705 0.28800002
0.11937822 0.04542606 0.30025002
0.12170003 0.045312591 0.29950002
0.12400872 0.045199119 0.29875001
0.1259864 0.044972174 0.29725
0.12782972 0.04470741 0.29550001
0.13019405 0.044631764 0.29500002
0.13277471 0.044631764 0.29500002
0.13581418 0.04478306 0.296
0.13852048 0.044820882 0.29625002
0.14111204 0.044820882 0.29625002
0.14406744 0.044934355 0.29700002
0.14678903 0.044972174 0.29725
0.14901243 0.044858709 0.29650003
0.15122271 0.044745237 0.29575002
0.15328985 0.044593941 0.29475001
0.1557361 0.044556119 0.29450002
0.15831238 0.044556119 0.29450002
0.16075206 0.044518296 0.29425001
0.16318738 0.044480469 0.294
0.16561833 0.04444265 0.29375002
0.16790177 0.044367 0.29325002
0.17003112 0.044253532 0.29250002
0.17229488 0.044177886 0.29200003
0.17425048 0.044026587 0.29100001
0.17649236 0.043950941 0.29050002
0.17887954 0.043913115 0.29025
0.18110614 0.043837469 0.28975001
0.18348242 0.04379965 0.28950003
0.18601495 0.04379965 0.28950003
0.188059 0.043686178 0.28875002
0.19008996 0.043572705 0.28800002
0.19260937 0.043572705 0.28800002
0.19529814 0.043610528 0.28825
0.19730504 0.043497059 0.28750002
-0 0 0
-0 0 0
-0 0 0
-0 0 0
-0 0 0
-0 0 0
-0 0 0
-0 0 0
-0 0 0
-0 0 0
-0 0 0
-0 0 0
-0 0 0
-0 0 0
-0 0 0
-0 0 0
-0 0 0
-0 0 0
-0 0 0
-0 0 0
-0 0 0
-0 0 0
-0 0 0
-0 0 0
-0 0 0
-0 0 0
-0 0 0
-0 0 0
-0 0 0
-0 0 0
-0 0 0
-0 0 0
-0 0 0
-0 0 0
-0 0 0
-0 0 0
-0 0 0
-0 0 0
-0 0 0
-0 0 0
-0 0 0
-0 0 0
-0 0 0
-0 0 0
-0 0 0
-0 0 0
-0 0 0
-0 0 0
-0.097168908 0.054612059 0.34125
-0.094459675 0.054772098 0.34225002
-0.091398872 0.054732088 0.34200001
-0.088213198 0.054612059 0.34125
-0.085040651 0.054492038 0.34050003
-0.081820965 0.054331999 0.33950001
-0.078734905 0.054251984 0.33900002
-0.075713471 0.054211974 0.33875
-0.072642729 0.054131955 0.33825001
-0.069477722 0.053971924 0.33725002
-0.066379525 0.053851895 0.33650002
-0.063294448 0.05373187 0.33575001
-0.060222499 0.053611841 0.33500001
-0.057163671 0.053491812 0.33425
-0.054199103 0.053451806 0.33400002
-0.051200531 0.053371791 0.33350003
-0.048210695 0.053291768 0.333
-0.045229618 0.053211752 0.33250001
-0.042289104 0.053171746 0.33225003
-0.039323326 0.053091727 0.33175001
-0.036366303 0.053011708 0.33125001
-0.033392765 0.052891683 0.33050001
-0.030501567 0.052891683 0.33050001
-0.027631259 0.052931692 0.33075002
-0.024700478 0.052851677 0.33025002
-0.021761931 0.052731648 0.32950002
-0.018836508 0.052611619 0.32875001
-0.01587566 0.052331559 0.32700002
-0.012975277 0.052171521 0.32600001
-0.010115683 0.052131515 0.32575002
-0.0072604609 0.052091505 0.32550001
-0.0044062249 0.05201149 0.32500002
-0.001560736 0.051931471 0.32450002
0.0012769894 0.051891461 0.32425001
0.0041039973 0.051771436 0.32350001
0.0069178836 0.051651407 0.32275
0.0097261928 0.051571392 0.32225001
0.012535488 0.051531386 0.32200003
0.015340408 0.051491372 0.32175002
0.018126849 0.051411357 0.32125002
0.020904541 0.051331341 0.32075003
0.023673482 0.051251318 0.32025
0.026475014 0.051251318 0.32025
0.029253691 0.051211312 0.32000002
0.032002956 0.051131297 0.31950003
0.034743465 0.051051274 0.31900001
0.037416402 0.050891243 0.31800002
0.040135045 0.050811224 0.31750003
0.042878728 0.050771214 0.31725001
0.045582063 0.050691199 0.31675002
0.048123993 0.050451145 0.31525001
0.050680034 0.0502511 0.31400001
0.052873906 0.049730983 0.31075001
0.053892806 0.048210647 0.30125001
0.053901095 0.045970153 0.28725001
0.054744598 0.044609852 0.27875
0.056670237 0.044209763 0.27625
0.05903339 0.044169758 0.27600002
0.061169527 0.043969713 0.27475002
0.06334164 0.043809675 0.27375001
0.065676361 0.043769669 0.27350003
0.068006702 0.043729659 0.27325001
0.070332669 0.04368965 0.273
0.07285405 0.043769669 0.27350003
0.075315394 0.043809675 0.27375001
0.077781118 0.043849688 0.27400002
0.080251209 0.043889694 0.27425
0.082650326 0.043889694 0.27425
0.085049458 0.043889694 0.27425
0.087528296 0.043929704 0.27450001
0.089929618 0.043929704 0.27450001
0.092330925 0.043929704 0.27450001
0.094559692 0.043849688 0.27400002
0.096779697 0.043769669 0.27350003
0.099081613 0.043729659 0.27325001
0.10147198 0.043729659 0.27325001
0.10462257 0.044049732 0.27525002
0.11509903 0.047370464 0.296
0.11917941 0.047970593 0.29975
0.12149686 0.047850572 0.29900002
0.12359364 0.047650527 0.29775003
0.12556256 0.047410473 0.29625002
0.12782972 0.047290444 0.29550001
0.13052507 0.047330458 0.29575002
0.13367487 0.047530498 0.29700002
0.13650243 0.047610518 0.29750001
0.13875426 0.047490489 0.29675001
0.14135021 0.047490489 0.29675001
0.1441887 0.047570504 0.29725
0.14703596 0.047650527 0.29775003
0.14938936 0.047570504 0.29725
0.1516062 0.047450483 0.29650003
0.15367991 0.047290444 0.29550001
0.15600051 0.047210429 0.29500002
0.15858115 0.047210429 0.29500002
0.16088864 0.047130413 0.29450002
0.16318738 0.04705039 0.294
0.16561833 0.047010385 0.29375002
0.16790177 0.046930369 0.29325002
0.16988578 0.046770331 0.29225001
0.17229488 0.046730325 0.29200003
0.17454988 0.046650302 0.2915
0.17679612 0.046570286 0.29100001
0.17903364 0.046490271 0.29050002
0.1812624 0.046410251 0.29000002
0.18364085 0.046370242 0.28975001
0.18601495 0.046330236 0.28950003
0.188059 0.046210207 0.28875002
0.19008996 0.046090182 0.28800002
0.19227497 0.046010166 0.28750002
0.19512877 0.046090182 0.28800002
0.19730504 0.046010166 0.28750002
-0 0 0
-0 0 0
-0 0 0
-0 0 0
-0 0 0
-0 0 0
-0 0 0
-0 0 0
-0 0 0
-0 0 0
-0 0 0
-0 0 0
-0 0 0
-0 0 0
-0 0 0
-0 0 0
-0 0 0
-0 0 0
-0 0 0
-0 0 0
-0 0 0
-0 0 0
-0 0 0
-0 0 0
-0 0 0
-0 0 0
-0 0 0
-0 0 0
-0 0 0
-0 0 0
-0 0 0
-0 0 0
-0 0 0
-0 0 0
-0 0 0
-0 0 0
-0 0 0
-0 0 0
-0 0 0
-0 0 0
-0 0 0
-0 0 0
-0 0 0
-0 0 0
-0 0 0
-0 0 0
-0 0 0
-0 0 0
-0.097596027 0.05784817 0.34275001
-0.094459675 0.057763785 0.34225002
-0.091332063 0.057679396 0.34175003
-0.088213198 0.057595007 0.34125
-0.085040651 0.057468425 0.34050003
-0.081760719 0.057257459 0.33925003
-0.07861878 0.057130873 0.33850002
-0.075657599 0.057130873 0.33850002
-0.072642729 0.057088677 0.33825001
-0.069477722 0.056919903 0.33725002
-0.066379525 0.056793321 0.33650002
-0.06334158 0.056708932 0.33600003
-0.060222499 0.056540154 0.33500001
-0.057120919 0.05637138 0.33400002
-0.054158531 0.056329183 0.33375001
-0.051162146 0.056244794 0.33325002
-0.048210695 0.056202598 0.333
-0.045229618 0.056118213 0.33250001
-0.042289104 0.05607602 0.33225003
-0.039352961 0.056033824 0.33200002
-0.036421195 0.055991627 0.33175001
-0.033468544 0.055907242 0.33125001
-0.030570785 0.055907242 0.33125001
-0.027631259 0.055822853 0.33075002
-0.024644382 0.055611882 0.32950002
-0.021712398 0.055485301 0.32875001
-0.01880786 0.055400912 0.32825002
-0.01587566 0.055189941 0.32700002
-0.012985229 0.055063359 0.32625002
-0.010115683 0.05497897 0.32575002
-0.0072604609 0.054936778 0.32550001
-0.0044028354 0.054810192 0.32475001
-0.0015619383 0.054810192 0.32475001
0.0012769894 0.054725807 0.32425001
0.0041039973 0.054599222 0.32350001
0.0069125253 0.054430448 0.32250002
0.0097337393 0.054430448 0.32250002
0.012554953 0.054430448 0.32250002
0.015352328 0.054346062 0.32200003
0.018126849 0.054219477 0.32125002
0.020904541 0.054135092 0.32075003
0.023673482 0.054050699 0.32025
0.026475014 0.054050699 0.32025
0.029253691 0.054008506 0.32000002
0.032002956 0.053924121 0.31950003
0.034716237 0.053797536 0.31875002
0.037386984 0.053628758 0.31775001
0.040103439 0.053544369 0.31725001
0.042912517 0.053586565 0.31750003
0.045618035 0.053502172 0.317
0.048238486 0.053333398 0.31600001
0.050881784 0.053206816 0.31525001
0.053597044 0.053164624 0.31500003
0.056307919 0.053122427 0.31475002
0.05873296 0.052827071 0.31300002
0.060341809 0.051856607 0.30725002
0.06082435 0.050042257 0.29650003
0.060691033 0.047890358 0.28375003
0.061392162 0.046540141 0.27575001
0.06334164 0.046202589 0.27375001
0.065676361 0.046160396 0.27350003
0.068006702 0.0461182 0.27325001
0.070397079 0.0461182 0.27325001
0.072920643 0.046202589 0.27375001
0.075384177 0.046244785 0.27400002
0.077852078 0.046286974 0.27425
0.080324367 0.04632917 0.27450001
0.082725674 0.04632917 0.27450001
0.085126989 0.04632917 0.27450001
0.087608017 0.046371367 0.27475002
0.090093419 0.046413559 0.27500001
0.0924991 0.046413559 0.27500001
0.094645962 0.046286974 0.27425
0.096779697 0.046160396 0.27350003
0.099081613 0.0461182 0.27325001
0.10165766 0.046202589 0.27375001
0.10671312 0.047384024 0.28075001
0.11607115 0.050379805 0.2985
0.11888123 0.050464198 0.29900002
0.12129367 0.050379805 0.2985
0.12338608 0.050168835 0.29725
0.12556256 0.05000006 0.29625002
0.12815416 0.05000006 0.29625002
0.13118705 0.050168835 0.29725
0.13435 0.050379805 0.2985
0.13684656 0.050337616 0.29825002
0.13898805 0.050168835 0.29725
0.14170747 0.050211031 0.29750001
0.14430998 0.050211031 0.29750001
0.14678903 0.050168835 0.29725
0.14926372 0.050126646 0.29700002
0.1516062 0.050042257 0.29650003
0.15393993 0.049957868 0.296
0.15626492 0.049873479 0.29550001
0.15858115 0.04978909 0.29500002
0.16102521 0.049746897 0.29475001
0.16318738 0.049620312 0.294
0.16547738 0.049535926 0.29350001
0.16790177 0.049493734 0.29325002
0.17003112 0.049367152 0.29250002
0.17229488 0.049282763 0.29200003
0.17454988 0.04919837 0.2915
0.17694803 0.049156182 0.29125002
0.17918772 0.049071793 0.29075003
0.18141866 0.0489874 0.29025
0.18379931 0.048945211 0.29000002
0.18617557 0.048903015 0.28975001
0.18822181 0.048776429 0.289
0.19008996 0.048607655 0.28800002
0.19210777 0.048481073 0.28725001
0.19462062 0.048481073 0.28725001
0.19696188 0.048438877 0.287
-0 0 0
-0 0 0
-0 0 0
-0 0 0
-0 0 0
-0 0 0
-0 0 0
-0 0 0
-0 0 0
-0 0 0
-0 0 0
-0 0 0
-0 0 0
-0 0 0
-0 0 0
-0 0 0
-0 0 0
-0 0 0
-0 0 0
-0 0 0
-0 0 0
-0 0 0
-0 0 0
-0 0 0
-0 0 0
-0 0 0
-0 0 0
-0 0 0
-0 0 0
-0 0 0
-0 0 0
-0 0 0
-0 0 0
-0 0 0
-0 0 0
-0 0 0
-0 0 0
-0 0 0
-0 0 0
-0 0 0
-0 0 0
-0 0 0
-0 0 0
-0 0 0
-0 0 0
-0 0 0
-0 0 0
-0 0 0
-0 0 0
-0 0 0
-0.091131628 0.060533576 0.34100002
-0.088083953 0.060489193 0.34075001
-0.084978208 0.060400434 0.34025002
-0.081700459 0.060178537 0.33900002
-0.078560717 0.060045399 0.33825001
-0.075545847 0.060001023 0.33800003
-0.07258904 0.060001023 0.33800003
-0.069477722 0.059867881 0.33725002
-0.066379525 0.059734743 0.33650002
-0.06334158 0.059645984 0.33600003
-0.060177561 0.059424087 0.33475003
-0.057120919 0.059290949 0.33400002
-0.054158531 0.059246566 0.33375001
-0.051162146 0.059157811 0.33325002
-0.048138309 0.059024669 0.33250001
-0.045229618 0.059024669 0.33250001
-0.042320922 0.059024669 0.33250001
-0.039382596 0.058980294 0.33225003
-0.036503531 0.059024669 0.33250001
-0.033569582 0.058980294 0.33225003
-0.030593857 0.058847155 0.33150002
-0.027589489 0.058625259 0.33025002
-0.024625683 0.058447737 0.32925001
-0.021712398 0.058358978 0.32875001
-0.01880786 0.058270223 0.32825002
-0.015887795 0.058092702 0.32725
-0.013005129 0.058003943 0.32675001
-0.010131209 0.057915185 0.32625002
-0.0072604609 0.057782046 0.32550001
-0.0044028354 0.057648908 0.32475001
-0.001560736 0.057604533 0.32450002
0.0012769894 0.05756015 0.32425001
0.0041039973 0.057427011 0.32350001
0.0069178836 0.05729387 0.32275
0.0097337393 0.057249494 0.32250002
0.012554953 0.057249494 0.32250002
0.015352328 0.057160735 0.32200003
0.018126849 0.057027597 0.32125002
0.020920832 0.056983218 0.32100001
0.023691963 0.056894459 0.32050002
0.026495682 0.056894459 0.32050002
0.029276544 0.056850076 0.32025
0.032027993 0.056761321 0.31975001
0.034716237 0.056583803 0.31875002
0.037357572 0.056361906 0.31750003
0.040135045 0.056361906 0.31750003
0.042912517 0.056361906 0.31750003
0.045654014 0.056317523 0.31725001
0.04831481 0.056184385 0.31650001
0.051002838 0.056095626 0.31600001
0.053682115 0.056006871 0.31550002
0.056397367 0.055962488 0.31525001
0.059014425 0.05582935 0.3145
0.061667461 0.055740591 0.31400001
0.064363033 0.055696215 0.31375003
0.066519506 0.055208039 0.31100002
0.067570344 0.053876657 0.30350003
0.067333028 0.05165768 0.29100001
0.067057125 0.049571849 0.27925003
0.068255581 0.048684258 0.27425
0.070525892 0.048595499 0.27375001
0.072987236 0.048639882 0.27400002
0.075315394 0.048595499 0.27375001
0.077781118 0.048639882 0.27400002
0.080324367 0.048728637 0.27450001
0.082801022 0.048773021 0.27475002
0.085204527 0.048773021 0.27475002
0.087687731 0.048817396 0.27500001
0.090093419 0.048817396 0.27500001
0.0924991 0.048817396 0.27500001
0.094645962 0.048684258 0.27425
0.096868157 0.048595499 0.27375001
0.099353567 0.048639882 0.27400002
0.10212184 0.048817396 0.27500001
0.11070417 0.051702064 0.29125002
0.11616836 0.053033445 0.29875001
0.11868241 0.052989066 0.2985
0.12109051 0.052900307 0.29800001
0.12380118 0.052944686 0.29825002
0.12651621 0.052989066 0.2985
0.12901933 0.052944686 0.29825002
0.13184907 0.053033445 0.29875001
0.13480009 0.053166583 0.29950002
0.13742009 0.053166583 0.29950002
0.13957252 0.052989066 0.2985
0.14194562 0.052900307 0.29800001
0.14430998 0.052811548 0.29750001
0.14654212 0.05267841 0.29675001
0.14876114 0.052545268 0.296
0.15135053 0.052545268 0.296
0.15393993 0.052545268 0.296
0.15626492 0.052456513 0.29550001
0.15858115 0.052367754 0.29500002
0.16102521 0.052323371 0.29475001
0.16318738 0.052190233 0.294
0.16547738 0.052101474 0.29350001
0.16775863 0.052012719 0.29300001
0.17003112 0.05192396 0.29250002
0.17214736 0.051790822 0.29175001
0.17440018 0.051702064 0.29125002
0.17664425 0.051613305 0.29075003
0.17903364 0.051568925 0.29050002
0.18157493 0.051568925 0.29050002
0.18395774 0.051524542 0.29025
0.1863362 0.051480167 0.29000002
0.18838464 0.051347028 0.28925002
0.19058499 0.05125827 0.28875002
0.19260937 0.051125132 0.28800002
0.19479001 0.051036373 0.28750002
0.19713347 0.05099199 0.28725001
-0 0 0
-0 0 0
-0 0 0
-0 0 0
-0 0 0
-0 0 0
-0 0 0
-0 0 0
-0 0 0
-0 0 0
-0 0 0
-0 0 0
-0 0 0
-0 0 0
-0 0 0
-0 0 0
-0 0 0
-0 0 0
-0 0 0
-0 0 0
-0 0 0
-0 0 0
-0 0 0
-0 0 0
-0 0 0
-0 0 0
-0 0 0
-0 0 0
-0 0 0
-0 0 0
-0 0 0
-0 0 0
-0 0 0
-0 0 0
-0 0 0
-0 0 0
-0 0 0
-0 0 0
-0 0 0
-0 0 0
-0 0 0
-0 0 0
-0 0 0
-0 0 0
-0 0 0
-0 0 0
-0 0 0
-0 0 0
-0 0 0
-0 0 0
-0.090931192 0.063374639 0.34025002
-0.0879547 0.063374639 0.34025002
-0.084853336 0.063281506 0.33975002
-0.081640206 0.063095249 0.33875
-0.078560717 0.063002117 0.33825001
-0.075489968 0.062908992 0.33775002
-0.072481655 0.062862426 0.33750001
-0.069374718 0.062722735 0.33675003
-0.066330209 0.062629603 0.33625001
-0.063294448 0.062536471 0.33575001
-0.060222499 0.062396776 0.33500001
-0.057206426 0.062303647 0.33450001
-0.054199103 0.062210519 0.33400002
-0.051238909 0.062163953 0.33375001
-0.048174504 0.061977696 0.33275002
-0.045263626 0.061977696 0.33275002
-0.042384561 0.062024258 0.333
-0.039501127 0.062070824 0.33325002
-0.036558423 0.062024258 0.333
-0.033569582 0.061884567 0.33225003
-0.030547714 0.061651744 0.33100003
-0.027526831 0.061372355 0.32950002
-0.024588287 0.06123266 0.32875001
-0.021679375 0.061139531 0.32825002
-0.018779211 0.061046403 0.32775003
-0.015863521 0.060860142 0.32675001
-0.012995179 0.06081358 0.32650003
-0.010138973 0.06081358 0.32650003
-0.0072716135 0.060720444 0.32600001
-0.0044130036 0.060627315 0.32550001
-0.0015631408 0.060534187 0.32500002
0.001277974 0.060441062 0.32450002
0.0041071689 0.060301363 0.32375002
0.0069232425 0.060161669 0.32300001
0.009741284 0.060115103 0.32275
0.012564685 0.060115103 0.32275
0.015364247 0.060021974 0.32225001
0.018155061 0.059928846 0.32175002
0.020953419 0.059882279 0.3215
0.023710446 0.059742589 0.32075003
0.026454348 0.059602894 0.32000002
0.029253691 0.059602894 0.32000002
0.032053035 0.059602894 0.32000002
0.034797926 0.059509765 0.31950003
0.037475232 0.059323505 0.31850001
0.040198248 0.059230376 0.31800002
0.042946305 0.05918381 0.31775001
0.045689993 0.059137248 0.31750003
0.048352975 0.058997553 0.31675002
0.051002838 0.058857858 0.31600001
0.05372465 0.058811288 0.31575
0.056397367 0.05871816 0.31525001
0.059061337 0.058625031 0.31475002
0.061765656 0.058578465 0.3145
0.064414315 0.058485337 0.31400001
0.067054227 0.058392208 0.31350002
0.069629736 0.058252513 0.31275001
0.072134271 0.058066256 0.31175002
0.073960945 0.057367787 0.30800003
0.074539825 0.055784583 0.29950002
0.074583553 0.053921994 0.28950003
0.074918464 0.052385353 0.28125
0.075934432 0.051407497 0.27600002
0.078135952 0.051267803 0.27525002
0.080543831 0.051267803 0.27525002
0.082876354 0.051221233 0.27500001
0.085359581 0.051267803 0.27525002
0.087687731 0.051221233 0.27500001
0.090175331 0.051267803 0.27525002
0.092583194 0.051267803 0.27525002
0.094818525 0.051174674 0.27475002
0.097133547 0.051128108 0.27450001
0.099534869 0.051128108 0.27450001
0.10323592 0.051780015 0.27800003
0.11298476 0.055365499 0.29725
0.11626558 0.055691455 0.29900002
0.11888123 0.055691455 0.29900002
0.12170003 0.055784583 0.29950002
0.12452758 0.055877712 0.30000001
0.12715197 0.055877712 0.30000001
0.12966821 0.055831145 0.29975
0.13229039 0.055831145 0.29975
0.1349126 0.055831145 0.29975
0.13742009 0.055784583 0.29950002
0.13968942 0.055644888 0.29875001
0.14206471 0.05555176 0.29825002
0.1441887 0.055365499 0.29725
0.14654212 0.055272371 0.29675001
0.14888678 0.055179242 0.29625002
0.15135053 0.055132672 0.296
0.15393993 0.055132672 0.296
0.15626492 0.055039547 0.29550001
0.15858115 0.054946419 0.29500002
0.16102521 0.054899849 0.29475001
0.16332616 0.05480672 0.29425001
0.16533643 0.054620467 0.29325002
0.16775863 0.054573897 0.29300001
0.16988578 0.054434203 0.29225001
0.17214736 0.054341074 0.29175001
0.17440018 0.054247946 0.29125002
0.17664425 0.054154817 0.29075003
0.17887954 0.054061685 0.29025
0.18141866 0.054061685 0.29025
0.1841162 0.054108251 0.29050002
0.18649684 0.054061685 0.29025
0.18822181 0.053828862 0.289
0.19074999 0.053828862 0.289
0.19294375 0.053735733 0.28850001
0.19479001 0.053549476 0.28750002
0.19713347 0.05350291 0.28725001
-0 0 0
-0 0 0
-0 0 0
-0 0 0
-0 0 0
-0 0 0
-0 0 0
-0 0 0
-0 0 0
-0 0 0
-0 0 0
-0 0 0
-0 0 0
-0 0 0
-0 0 0
-0 0 0
-0 0 0
-0 0 0
-0 0 0
-0 0 0
-0 0 0
-0 0 0
-0 0 0
-0 0 0
-0 0 0
-0 0 0
-0 0 0
-0 0 0
-0 0 0
-0 0 0
-0 0 0
-0 0 0
-0 0 0
-0 0 0
-0 0 0
-0 0 0
-0 0 0
-0 0 0
-0 0 0
-0 0 0
-0 0 0
-0 0 0
-0 0 0
-0 0 0
-0 0 0
-0 0 0
-0 0 0
-0 0 0
-0 0 0
-0 0 0
-0 0 0
-0.08769621 0.066153847 0.33925003
-0.084603578 0.066056341 0.33875
-0.081640206 0.066056341 0.33875
-0.078502655 0.065910093 0.33800003
-0.075489968 0.065861344 0.33775002
-0.072374277 0.065715089 0.33700001
-0.069323212 0.065617591 0.33650002
-0.066280894 0.065520093 0.33600003
-0.063247323 0.065422587 0.3355
-0.060222499 0.065325089 0.33500001
-0.057206426 0.065227591 0.33450001
-0.054239668 0.065178841 0.33425
-0.051315669 0.065178841 0.33425
-0.048246894 0.064983837 0.33325002
-0.04529763 0.064935088 0.333
-0.042448204 0.065032594 0.33350003
-0.039530762 0.065032594 0.33350003
-0.036530979 0.064886339 0.33275002
-0.033519059 0.064691335 0.33175001
-0.030501567 0.064447589 0.33050001
-0.027505945 0.064203836 0.32925001
-0.024569588 0.064057589 0.3285
-0.021695886 0.064057589 0.3285
-0.018779211 0.063911341 0.32775003
-0.015863521 0.063716337 0.32675001
-0.012985229 0.063618839 0.32625002
-0.010131209 0.063618839 0.32625002
-0.0072716135 0.06357009 0.32600001
-0.0044130036 0.063472584 0.32550001
-0.0015643432 0.063423842 0.32525003
0.001277974 0.063277587 0.32450002
0.0041071689 0.06313134 0.32375002
0.0069286013 0.063033842 0.32325003
0.009756376 0.063033842 0.32325003
0.012564685 0.062936336 0.32275
0.015376167 0.062887587 0.32250002
0.018169168 0.062790088 0.32200003
0.020969713 0.062741339 0.32175002
0.023728924 0.062595084 0.32100001
0.02643368 0.062351335 0.31975001
0.029253691 0.062400088 0.32000002
0.032053035 0.062400088 0.32000002
0.03482515 0.062351335 0.31975001
0.037534062 0.062205084 0.31900001
0.040198248 0.062010087 0.31800002
0.042946305 0.061961334 0.31775001
0.045654014 0.061863836 0.31725001
0.048352975 0.061766338 0.31675002
0.05104319 0.061668839 0.31625003
0.053767189 0.061620086 0.31600001
0.056442093 0.061522588 0.31550002
0.05910825 0.061425086 0.31500003
0.061765656 0.061327584 0.3145
0.06431175 0.061132584 0.31350002
0.067054227 0.061132584 0.31350002
0.069741048 0.061083835 0.31325001
0.072307803 0.060937583 0.3125
0.074861445 0.060791336 0.31175002
0.077464171 0.06069383 0.31125
0.080058157 0.060596332 0.31075001
0.08224383 0.060206331 0.30875
0.083087675 0.058890082 0.30200002
0.083316632 0.057232577 0.29350001
0.08303111 0.055331331 0.28375003
0.08362978 0.054112572 0.2775
0.085669696 0.053868823 0.27625
0.087847158 0.053722572 0.2755
0.090257227 0.053722572 0.2755
0.092667282 0.053722572 0.2755
0.094991073 0.053673826 0.27525002
0.097222015 0.053576328 0.27475002
0.09962552 0.053576328 0.27475002
0.10574254 0.055526327 0.28475001
0.11384 0.058402583 0.29950002
0.11665443 0.058500081 0.30000001
0.11987521 0.058792584 0.30150002
0.12230954 0.058695085 0.30100003
0.12473512 0.05859758 0.30050001
0.12746985 0.058646332 0.30075002
0.12999265 0.05859758 0.30050001
0.13240074 0.058500081 0.30000001
0.13480009 0.058402583 0.29950002
0.13730538 0.05835383 0.29925001
0.13957252 0.058207579 0.2985
0.14194562 0.058110081 0.29800001
0.14430998 0.058012579 0.29750001
0.14666557 0.05791508 0.29700002
0.14901243 0.057817582 0.29650003
0.15135053 0.057720076 0.296
0.15393993 0.057720076 0.296
0.15639713 0.057671331 0.29575002
0.15858115 0.05752508 0.29500002
0.16102521 0.057476327 0.29475001
0.16332616 0.057378829 0.29425001
0.16533643 0.057183832 0.29325002
0.16775863 0.057135079 0.29300001
0.16988578 0.056988828 0.29225001
0.17214736 0.05689133 0.29175001
0.17469957 0.05689133 0.29175001
0.17679612 0.056745078 0.29100001
0.17903364 0.05664758 0.29050002
0.18157493 0.05664758 0.29050002
0.18395774 0.056598827 0.29025
0.1863362 0.056550078 0.29000002
0.18838464 0.056403827 0.28925002
0.19074999 0.056355078 0.289
0.19277655 0.056208827 0.28825
0.19495937 0.056111325 0.28775001
0.19730504 0.056062579 0.28750002
-0 0 0
-0 0 0
-0 0 0
-0 0 0
-0 0 0
-0 0 0
-0 0 0
-0 0 0
-0 0 0
-0 0 0
-0 0 0
-0 0 0
-0 0 0
-0 0 0
-0 0 0
-0 0 0
-0 0 0
-0 0 0
-0 0 0
-0 0 0
-0 0 0
-0 0 0
-0 0 0
-0 0 0
-0 0 0
-0 0 0
-0 0 0
-0 0 0
-0 0 0
-0 0 0
-0 0 0
-0 0 0
-0 0 0
-0 0 0
-0 0 0
-0 0 0
-0 0 0
-0 0 0
-0 0 0
-0 0 0
-0 0 0
-0 0 0
-0 0 0
-0 0 0
-0 0 0
-0 0 0
-0 0 0
-0 0 0
-0 0 0
-0 0 0
-0 0 0
-0.087179206 0.068711825 0.33725002
-0.08441627 0.068864629 0.33800003
-0.081519708 0.068915561 0.33825001
-0.078386523 0.068762757 0.33750001
-0.075434089 0.068762757 0.33750001
-0.072374277 0.068660885 0.33700001
-0.069220208 0.068457149 0.33600003
-0.066231579 0.068406209 0.33575001
-0.063247323 0.06835527 0.3355
-0.060222499 0.068253398 0.33500001
-0.057163671 0.068100594 0.33425
-0.054239668 0.068100594 0.33425
-0.051354054 0.068151534 0.33450001
-0.04831928 0.067998722 0.33375001
-0.045365646 0.06794779 0.33350003
-0.042448204 0.06794779 0.33350003
-0.039471492 0.067845918 0.333
-0.036448643 0.067642182 0.33200002
-0.033443287 0.067438439 0.33100003
-0.030478496 0.067285635 0.33025002
-0.027505945 0.067081891 0.32925001
-0.024588287 0.066980019 0.32875001
-0.021712398 0.066980019 0.32875001
-0.01880786 0.066878147 0.32825002
-0.01587566 0.066623472 0.32700002
-0.012995179 0.0665216 0.32650003
-0.010138973 0.0665216 0.32650003
-0.0072716135 0.066419728 0.32600001
-0.0044028354 0.066165052 0.32475001
-0.0015619383 0.066165052 0.32475001
0.001279943 0.066215985 0.32500002
0.0041103405 0.066012241 0.324
0.0069339592 0.065910377 0.32350001
0.0097639207 0.065910377 0.32350001
0.012574418 0.065808505 0.32300001
0.015376167 0.065706633 0.32250002
0.018155061 0.065553829 0.32175002
0.020969713 0.065553829 0.32175002
0.023747407 0.065451957 0.32125002
0.026454348 0.065197282 0.32000002
0.029230837 0.065146342 0.31975001
0.032002956 0.06509541 0.31950003
0.034770694 0.065044478 0.31925002
0.037475232 0.064891666 0.31850001
0.040166643 0.064738862 0.31775001
0.042912517 0.06468793 0.31750003
0.045654014 0.06463699 0.31725001
0.048391137 0.064586051 0.317
0.051083539 0.064484186 0.31650001
0.053767189 0.064382315 0.31600001
0.056486815 0.064331375 0.31575
0.05910825 0.064178579 0.31500003
0.061765656 0.064076699 0.3145
0.064363033 0.063923895 0.31375003
0.067054227 0.063872963 0.31350002
0.069685392 0.063771091 0.31300002
0.072307803 0.06366922 0.3125
0.074981511 0.063618287 0.31225002
0.077588618 0.063516416 0.31175002
0.080251381 0.063465476 0.31150001
0.08290977 0.063414536 0.31125
0.08549501 0.063312672 0.31075001
0.087929562 0.063108929 0.30975002
0.089907698 0.062599577 0.30725002
0.090787284 0.061377127 0.30125001
0.090631559 0.059543453 0.29225001
0.090557508 0.057862584 0.28400001
0.090994358 0.056589201 0.27775002
0.092667282 0.056130782 0.2755
0.095077343 0.056130782 0.2755
0.097398944 0.05607985 0.27525002
0.10007878 0.056232657 0.27600002
0.10917754 0.059899997 0.294
0.11441015 0.061326195 0.30100003
0.11743212 0.061529934 0.30200002
0.12017341 0.06158087 0.30225003
0.12261429 0.061478995 0.30175
0.12504645 0.061377127 0.30125001
0.12778772 0.061428063 0.30150002
0.13031709 0.061377127 0.30125001
0.13251108 0.061173387 0.30025002
0.13468756 0.060969643 0.29925001
0.13719068 0.060918711 0.29900002
0.13957252 0.060816836 0.2985
0.14194562 0.060714968 0.29800001
0.14430998 0.060613096 0.29750001
0.14666557 0.060511228 0.29700002
0.14901243 0.060409356 0.29650003
0.15122271 0.060256552 0.29575002
0.15380992 0.060256552 0.29575002
0.15639713 0.060256552 0.29575002
0.15844676 0.060052805 0.29475001
0.16075206 0.059950937 0.29425001
0.16318738 0.059899997 0.294
0.16533643 0.059747197 0.29325002
0.16761547 0.059645321 0.29275
0.16974047 0.059492521 0.29200003
0.17214736 0.059441581 0.29175001
0.17499897 0.059543453 0.29225001
0.17725179 0.059441581 0.29175001
0.17934178 0.059288777 0.29100001
0.18157493 0.059186906 0.29050002
0.18379931 0.059085038 0.29000002
0.18617557 0.059034098 0.28975001
0.18838464 0.05893223 0.28925002
0.19074999 0.05888129 0.289
0.19294375 0.058779422 0.28850001
0.19495937 0.058626615 0.28775001
0.19730504 0.058575682 0.28750002
-0 0 0
-0 0 0
-0 0 0
-0 0 0
-0 0 0
-0 0 0
-0 0 0
-0 0 0
-0 0 0
-0 0 0
-0 0 0
-0 0 0
-0 0 0
-0 0 0
-0 0 0
-0 0 0
-0 0 0
-0 0 0
-0 0 0
-0 0 0
-0 0 0
-0 0 0
-0 0 0
-0 0 0
-0 0 0
-0 0 0
-0 0 0
-0 0 0
-0 0 0
-0 0 0
-0 0 0
-0 0 0
-0 0 0
-0 0 0
-0 0 0
-0 0 0
-0 0 0
-0 0 0
-0 0 0
-0 0 0
-0 0 0
-0 0 0
-0 0 0
-0 0 0
-0 0 0
-0 0 0
-0 0 0
-0 0 0
-0 0 0
-0 0 0
-0 0 0
-0 0 0
-0.084666021 0.072031647 0.33900002
-0.081519708 0.071872279 0.33825001
-0.078270391 0.071606681 0.33700001
-0.075266458 0.071553566 0.33675003
-0.072320588 0.071553566 0.33675003
-0.069168702 0.071341075 0.33575001
-0.066182256 0.071287952 0.3355
-0.063200198 0.071234837 0.33525002
-0.060177561 0.071128599 0.33475003
-0.057163671 0.071022347 0.33425
-0.054280236 0.071075477 0.33450001
-0.051392436 0.071128599 0.33475003
-0.048391666 0.071022347 0.33425
-0.045467667 0.071022347 0.33425
-0.042448204 0.070862994 0.33350003
-0.039382596 0.070597388 0.33225003
-0.036421195 0.070491143 0.33175001
-0.033392765 0.070225544 0.33050001
-0.030432349 0.070066176 0.32975
-0.027526831 0.070013061 0.32950002
-0.024606986 0.069906823 0.32900003
-0.021712398 0.069853701 0.32875001
-0.01880786 0.069747455 0.32825002
-0.015899934 0.069588095 0.32750002
-0.013025029 0.069534972 0.32725
-0.0101545 0.069481857 0.32700002
-0.0072716135 0.069269367 0.32600001
-0.0043994458 0.068950646 0.32450002
-0.0015619383 0.069003768 0.32475001
0.0012809277 0.069110014 0.32525003
0.0041198554 0.069003768 0.32475001
0.0069446764 0.0688444 0.324
0.0097714663 0.068791285 0.32375002
0.012593883 0.068738163 0.32350001
0.015388086 0.068578802 0.32275
0.018155061 0.068366319 0.32175002
0.020969713 0.068366319 0.32175002
0.023765884 0.068313196 0.3215
0.026475014 0.068047591 0.32025
0.029207984 0.067888238 0.31950003
0.031952869 0.067781992 0.31900001
0.034689009 0.067675747 0.31850001
0.037416402 0.067569509 0.31800002
0.040166643 0.067516387 0.31775001
0.042912517 0.067463271 0.31750003
0.045654014 0.067410149 0.31725001
0.048391137 0.067357026 0.317
0.051083539 0.067250781 0.31650001
0.053767189 0.067144543 0.31600001
0.056486815 0.06709142 0.31575
0.059155159 0.066985182 0.31525001
0.061765656 0.066825815 0.3145
0.064414315 0.066719577 0.31400001
0.067107707 0.066666462 0.31375003
0.069629736 0.066453971 0.31275001
0.072249964 0.066347733 0.31225002
0.074981511 0.066347733 0.31225002
0.077650838 0.066294611 0.31200001
0.080251381 0.066188373 0.31150001
0.08290977 0.06613525 0.31125
0.08549501 0.066029005 0.31075001
0.088000529 0.065869644 0.31
0.090492934 0.065710284 0.30925003
0.092896864 0.065497801 0.30825001
0.095360838 0.06533844 0.3075
0.097572535 0.065019719 0.30600002
0.098038025 0.063585453 0.29925001
0.097796783 0.061779357 0.29075003
0.097148001 0.059813887 0.28150001
0.097929724 0.058804594 0.27675
0.1020731 0.059813887 0.28150001
0.11121998 0.063638575 0.29950002
0.1149803 0.064276025 0.30250001
0.11762654 0.064276025 0.30250001
0.1202728 0.064276025 0.30250001
0.12281747 0.06422291 0.30225003
0.12535778 0.064169787 0.30200002
0.12778772 0.064063542 0.30150002
0.13020895 0.063957304 0.30100003
0.13262141 0.063851058 0.30050001
0.1349126 0.063691698 0.29975
0.13730538 0.063585453 0.29925001
0.13968942 0.063479215 0.29875001
0.14206471 0.063372977 0.29825002
0.14430998 0.063213609 0.29750001
0.14666557 0.063107371 0.29700002
0.14901243 0.063001134 0.29650003
0.15147837 0.062948011 0.29625002
0.15406996 0.062948011 0.29625002
0.15639713 0.062841766 0.29575002
0.15858115 0.062682405 0.29500002
0.16061547 0.062469918 0.294
0.16304862 0.062416803 0.29375002
0.16533643 0.062310562 0.29325002
0.16761547 0.062204316 0.29275
0.16988578 0.062098078 0.29225001
0.17229488 0.06204496 0.29200003
0.17499897 0.062098078 0.29225001
0.17725179 0.061991837 0.29175001
0.17934178 0.061832473 0.29100001
0.18157493 0.061726235 0.29050002
0.18395774 0.061673112 0.29025
0.1863362 0.061619993 0.29000002
0.18854748 0.061513752 0.28950003
0.190915 0.061460629 0.28925002
0.19294375 0.061301269 0.28850001
0.19479001 0.061088786 0.28750002
0.19679032 0.060929425 0.28675002
-0 0 0
-0 0 0
-0 0 0
-0 0 0
-0 0 0
-0 0 0
-0 0 0
-0 0 0
-0 0 0
-0 0 0
-0 0 0
-0 0 0
-0 0 0
-0 0 0
-0 0 0
-0 0 0
-0 0 0
-0 0 0
-0 0 0
-0 0 0
-0 0 0
-0 0 0
-0 0 0
-0 0 0
-0 0 0
-0 0 0
-0 0 0
-0 0 0
-0 0 0
-0 0 0
-0 0 0
-0 0 0
-0 0 0
-0 0 0
-0 0 0
-0 0 0
-0 0 0
-0 0 0
-0 0 0
-0 0 0
-0 0 0
-0 0 0
-0 0 0
-0 0 0
-0 0 0
-0 0 0
-0 0 0
-0 0 0
-0 0 0
-0 0 0
-0 0 0
-0 0 0
-0 0 0
-0 0 0
-0.078212336 0.074497171 0.33675003
-0.075266458 0.074497171 0.33675003
-0.072213203 0.074386552 0.33625001
-0.069168702 0.074275941 0.33575001
-0.066182256 0.074220628 0.3355
-0.063247323 0.074220628 0.3355
-0.060222499 0.074110024 0.33500001
-0.057249185 0.074054718 0.33475003
-0.054361373 0.074110024 0.33500001
-0.051469199 0.074165329 0.33525002
-0.04846406 0.074054718 0.33475003
-0.045433659 0.073888801 0.33400002
-0.042384561 0.073667571 0.333
-0.039352961 0.073446348 0.33200002
-0.036366303 0.073280431 0.33125001
-0.033367507 0.073059209 0.33025002
-0.030409278 0.072893292 0.32950002
-0.027526831 0.072893292 0.32950002
-0.024588287 0.072727375 0.32875001
-0.021679375 0.072616763 0.32825002
-0.018793534 0.07256145 0.32800001
-0.015912071 0.072506152 0.32775003
-0.013044931 0.072506152 0.32775003
-0.0101545 0.072340235 0.32700002
-0.0072660376 0.072063699 0.32575002
-0.0044062249 0.071897782 0.32500002
-0.0015643432 0.071953088 0.32525003
0.0012809277 0.071953088 0.32525003
0.004123027 0.071897782 0.32500002
0.0069446764 0.071676552 0.324
0.0097639207 0.071565948 0.32350001
0.012593883 0.071565948 0.32350001
0.015376167 0.071344726 0.32250002
0.018140955 0.071123496 0.3215
0.020953419 0.071123496 0.3215
0.023747407 0.071068197 0.32125002
0.026495682 0.070902273 0.32050002
0.029207984 0.07068105 0.31950003
0.031977911 0.070625745 0.31925002
0.034716237 0.070515133 0.31875002
0.037475232 0.070459828 0.31850001
0.040166643 0.070293903 0.31775001
0.042912517 0.070238605 0.31750003
0.045618035 0.070127986 0.317
0.048352975 0.070072688 0.31675002
0.050962485 0.069851458 0.31575
0.053639576 0.069740847 0.31525001
0.056442093 0.06979616 0.31550002
0.059155159 0.069740847 0.31525001
0.061814755 0.069630235 0.31475002
0.064465605 0.069519624 0.31425002
0.067107707 0.069409013 0.31375003
0.069685392 0.069243096 0.31300002
0.072249964 0.069077179 0.31225002
0.074981511 0.069077179 0.31225002
0.077588618 0.068966568 0.31175002
0.080186971 0.068855949 0.31125
0.082843177 0.068800651 0.31100002
0.08549501 0.068745337 0.31075001
0.088000529 0.06857942 0.31
0.090492934 0.068413511 0.30925003
0.092896864 0.068192281 0.30825001
0.095360838 0.068026364 0.3075
0.097891398 0.067915753 0.30700001
0.10016751 0.067639224 0.30575001
0.10242174 0.067362688 0.30450001
0.10422272 0.066809632 0.30200002
0.10474145 0.065482289 0.296
0.10778411 0.065758817 0.29725
0.11261255 0.06708616 0.30325001
0.11545542 0.067196772 0.30375001
0.11782096 0.067030855 0.303
0.1202728 0.066920243 0.30250001
0.12281747 0.066864938 0.30225003
0.12515023 0.066699021 0.30150002
0.12768176 0.066643715 0.30125001
0.13020895 0.066588409 0.30100003
0.13262141 0.06647779 0.30050001
0.13502513 0.066367187 0.30000001
0.13742009 0.066256575 0.29950002
0.13980632 0.066145964 0.29900002
0.14206471 0.06598004 0.29825002
0.14443125 0.065869436 0.29775003
0.14678903 0.065758817 0.29725
0.14913806 0.065648206 0.29675001
0.15173402 0.065648206 0.29675001
0.15419997 0.0655929 0.29650003
0.15639713 0.065426983 0.29575002
0.15858115 0.065261066 0.29500002
0.16075206 0.065095149 0.29425001
0.16304862 0.064984538 0.29375002
0.16547738 0.064929225 0.29350001
0.16761547 0.064763308 0.29275
0.17003112 0.064708002 0.29250002
0.17244239 0.064652696 0.29225001
0.17469957 0.064542085 0.29175001
0.17694803 0.064431474 0.29125002
0.17918772 0.064320862 0.29075003
0.18173119 0.064320862 0.29075003
0.1841162 0.064265557 0.29050002
0.1863362 0.064154945 0.29000002
0.18854748 0.064044334 0.28950003
0.190915 0.063989028 0.28925002
0.19294375 0.063823111 0.28850001
0.19479001 0.063601889 0.28750002
0.19679032 0.063435964 0.28675002
-0 0 0
-0 0 0
-0 0 0
-0 0 0
-0 0 0
-0 0 0
-0 0 0
-0 0 0
-0 0 0
-0 0 0
-0 0 0
-0 0 0
-0 0 0
-0 0 0
-0 0 0
-0 0 0
-0 0 0
-0 0 0
-0 0 0
-0 0 0
-0 0 0
-0 0 0
-0 0 0
-0 0 0
-0 0 0
-0 0 0
-0 0 0
-0 0 0
-0 0 0
-0 0 0
-0 0 0
-0 0 0
-0 0 0
-0 0 0
-0 0 0
-0 0 0
-0 0 0
-0 0 0
-0 0 0
-0 0 0
-0 0 0
-0 0 0
-0 0 0
-0 0 0
-0 0 0
-0 0 0
-0 0 0
-0 0 0
-0 0 0
-0 0 0
-0 0 0
-0 0 0
-0 0 0
-0 0 0
-0.078096204 0.077325791 0.33625001
-0.075154699 0.077325791 0.33625001
-0.072213203 0.077325791 0.33625001
-0.069168702 0.077210806 0.33575001
-0.066231579 0.077210806 0.33575001
-0.063247323 0.07715331 0.3355
-0.060267445 0.077095829 0.33525002
-0.057334695 0.077095829 0.33525002
-0.05444251 0.07715331 0.3355
-0.051507577 0.07715331 0.3355
-0.048427865 0.076923348 0.33450001
-0.045331638 0.076635897 0.33325002
-0.042320922 0.076463416 0.33250001
-0.039323326 0.076290943 0.33175001
-0.036366303 0.076175965 0.33125001
-0.033392765 0.076003492 0.33050001
-0.030455424 0.075888507 0.33000001
-0.027547715 0.075831011 0.32975
-0.024588287 0.075601049 0.32875001
-0.021679375 0.075486071 0.32825002
-0.01880786 0.075486071 0.32825002
-0.015936347 0.075486071 0.32825002
-0.01305488 0.075428575 0.32800001
-0.0101545 0.075198613 0.32700002
-0.0072660376 0.074911155 0.32575002
-0.0044096145 0.074796177 0.32525003
-0.0015631408 0.074738681 0.32500002
0.0012789584 0.074681185 0.32475001
0.0041166837 0.074623704 0.32450002
0.0069500352 0.074566208 0.32425001
0.0097639207 0.074393734 0.32350001
0.012574418 0.07427875 0.32300001
0.015376167 0.074163772 0.32250002
0.018140955 0.073933803 0.3215
0.020953419 0.073933803 0.3215
0.023747407 0.073876314 0.32125002
0.02651635 0.073761337 0.32075003
0.029253691 0.073588856 0.32000002
0.032002956 0.073473878 0.31950003
0.034743465 0.073358886 0.31900001
0.037475232 0.073243909 0.31850001
0.040198248 0.073128924 0.31800002
0.042912517 0.073013946 0.31750003
0.045654014 0.07295645 0.31725001
0.04831481 0.072783977 0.31650001
0.050962485 0.072611503 0.31575
0.053639576 0.072496518 0.31525001
0.056397367 0.072496518 0.31525001
0.05910825 0.07243903 0.31500003
0.061765656 0.072324045 0.3145
0.064465605 0.072266556 0.31425002
0.067161173 0.072209068 0.31400001
0.069741048 0.072036587 0.31325001
0.072249964 0.071806625 0.31225002
0.074921474 0.071749136 0.31200001
0.077526398 0.071634151 0.31150001
0.080122568 0.071519174 0.31100002
0.082843177 0.071519174 0.31100002
0.085426234 0.071404189 0.31050003
0.087929562 0.071231715 0.30975002
0.090419777 0.071059242 0.30900002
0.092896864 0.070886761 0.30825001
0.095283307 0.070656799 0.30725002
0.097731963 0.070484325 0.30650002
0.1000037 0.070196874 0.30525002
0.10233764 0.069966905 0.30425
0.10474039 0.069794431 0.30350003
0.10739539 0.069794431 0.30350003
0.11023169 0.069909416 0.30400002
0.11307674 0.070024393 0.30450001
0.11564547 0.069966905 0.30425
0.1181126 0.06985192 0.30375001
0.120571 0.069736943 0.30325001
0.12291905 0.069564462 0.30250001
0.12515023 0.0693345 0.30150002
0.12768176 0.069277011 0.30125001
0.13020895 0.069219522 0.30100003
0.13262141 0.06910453 0.30050001
0.13513765 0.069047049 0.30025002
0.1375348 0.068932056 0.29975
0.13968942 0.068702094 0.29875001
0.14194562 0.068529621 0.29800001
0.14443125 0.068472132 0.29775003
0.14691249 0.068414643 0.29750001
0.14926372 0.068299659 0.29700002
0.15186186 0.068299659 0.29700002
0.15432999 0.068242162 0.29675001
0.15639713 0.0680122 0.29575002
0.15844676 0.067782231 0.29475001
0.16088864 0.067724749 0.29450002
0.16304862 0.067552269 0.29375002
0.16547738 0.06749478 0.29350001
0.16790177 0.067437291 0.29325002
0.17003112 0.067264818 0.29250002
0.17229488 0.067149833 0.29200003
0.17454988 0.067034848 0.2915
0.1770999 0.067034848 0.2915
0.17949586 0.066977359 0.29125002
0.18188745 0.066919863 0.29100001
0.1841162 0.066804886 0.29050002
0.1863362 0.066689901 0.29000002
0.18854748 0.066574924 0.28950003
0.19074999 0.066459931 0.289
0.19294375 0.066344954 0.28850001
0.19529814 0.066287458 0.28825
0.19713347 0.066057496 0.28725001
-0 0 0
-0 0 0
-0 0 0
-0 0 0
-0 0 0
-0 0 0
-0 0 0
-0 0 0
-0 0 0
-0 0 0
-0 0 0
-0 0 0
-0 0 0
-0 0 0
-0 0 0
-0 0 0
-0 0 0
-0 0 0
-0 0 0
-0 0 0
-0 0 0
-0 0 0
-0 0 0
-0 0 0
-0 0 0
-0 0 0
-0 0 0
-0 0 0
-0 0 0
-0 0 0
-0 0 0
-0 0 0
-0 0 0
-0 0 0
-0 0 0
-0 0 0
-0 0 0
-0 0 0
-0 0 0
-0 0 0
-0 0 0
-0 0 0
-0 0 0
-0 0 0
-0 0 0
-0 0 0
-0 0 0
-0 0 0
-0 0 0
-0 0 0
-0 0 0
-0 0 0
-0 0 0
-0 0 0
-0 0 0
-0.074931197 0.080026321 0.33525002
-0.071998447 0.080026321 0.33525002
-0.069168702 0.080145672 0.33575001
-0.066280894 0.080205351 0.33600003
-0.06334158 0.080205351 0.33600003
-0.060357329 0.080145672 0.33575001
-0.057505712 0.08026503 0.33625001
-0.054604784 0.080324709 0.33650002
-0.051545959 0.080145672 0.33575001
-0.04831928 0.079668261 0.33375001
-0.045263626 0.079429559 0.33275002
-0.042289104 0.079310209 0.33225003
-0.039293695 0.079131179 0.33150002
-0.036366303 0.079071499 0.33125001
-0.033418026 0.078952141 0.33075002
-0.030501567 0.078892462 0.33050001
-0.027568601 0.078773111 0.33000001
-0.024606986 0.078534409 0.32900003
-0.021679375 0.078355379 0.32825002
-0.01880786 0.078355379 0.32825002
-0.015936347 0.078355379 0.32825002
-0.01305488 0.0782957 0.32800001
-0.010170026 0.078176349 0.32750002
-0.0072771902 0.077877969 0.32625002
-0.0044130036 0.077698931 0.32550001
-0.0015643432 0.077639259 0.32525003
0.0012789584 0.077519901 0.32475001
0.0041103405 0.077340871 0.324
0.0069446764 0.077340871 0.324
0.0097714663 0.077281199 0.32375002
0.012584151 0.077161849 0.32325003
0.015376167 0.076982819 0.32250002
0.018155061 0.076803789 0.32175002
0.020937126 0.076684438 0.32125002
0.023728924 0.076624759 0.32100001
0.02651635 0.076565079 0.32075003
0.029276544 0.076445721 0.32025
0.032053035 0.076386049 0.32000002
0.034770694 0.076207019 0.31925002
0.037475232 0.076027989 0.31850001
0.040229846 0.07596831 0.31825
0.042980097 0.075908639 0.31800002
0.045689993 0.075789288 0.31750003
0.048352975 0.075610258 0.31675002
0.051002838 0.075431228 0.31600001
0.05372465 0.075371549 0.31575
0.056397367 0.07525219 0.31525001
0.059061337 0.075132839 0.31475002
0.06171656 0.075013489 0.31425002
0.064465605 0.075013489 0.31425002
0.067161173 0.074953809 0.31400001
0.069741048 0.074774779 0.31325001
0.072249964 0.074536078 0.31225002
0.074921474 0.074476399 0.31200001
0.077464171 0.074297369 0.31125
0.079993755 0.074118339 0.31050003
0.08270999 0.074118339 0.31050003
0.085288666 0.07399898 0.31
0.087716654 0.073760279 0.30900002
0.09027347 0.073640928 0.30850002
0.092746183 0.073461898 0.30775002
0.095128253 0.073223196 0.30675003
0.097492814 0.072984487 0.30575001
0.099839896 0.072745778 0.30475003
0.10233764 0.072626419 0.30425
0.10491294 0.072566748 0.30400002
0.10783771 0.072745778 0.30475003
0.11059429 0.072805449 0.30500001
0.11335526 0.072865129 0.30525002
0.11583553 0.072745778 0.30475003
0.11820982 0.072566748 0.30400002
0.1207698 0.072507069 0.30375001
0.12302064 0.072268367 0.30275002
0.12525399 0.072029658 0.30175
0.12768176 0.071910307 0.30125001
0.1301008 0.071790956 0.30075002
0.13262141 0.071731269 0.30050001
0.13525017 0.071731269 0.30050001
0.1375348 0.071552239 0.29975
0.13968942 0.071313538 0.29875001
0.14194562 0.071134508 0.29800001
0.14443125 0.071074836 0.29775003
0.14678903 0.070955478 0.29725
0.14901243 0.070776455 0.29650003
0.1516062 0.070776455 0.29650003
0.15419997 0.070776455 0.29650003
0.15639713 0.070597425 0.29575002
0.15858115 0.070418388 0.29500002
0.16088864 0.070299037 0.29450002
0.16318738 0.070179678 0.294
0.16561833 0.070120007 0.29375002
0.16790177 0.070000656 0.29325002
0.17017643 0.069881298 0.29275
0.17258991 0.069821626 0.29250002
0.17499897 0.069761947 0.29225001
0.17725179 0.069642596 0.29175001
0.17949586 0.069523245 0.29125002
0.18173119 0.069403894 0.29075003
0.18427466 0.069403894 0.29075003
0.18649684 0.069284528 0.29025
0.18854748 0.069105506 0.28950003
0.19074999 0.068986148 0.289
0.19327813 0.068986148 0.289
0.19546753 0.068866797 0.28850001
0.19730504 0.068628095 0.28750002
-0 0 0
-0 0 0
-0 0 0
-0 0 0
-0 0 0
-0 0 0
-0 0 0
-0 0 0
-0 0 0
-0 0 0
-0 0 0
-0 0 0
-0 0 0
-0 0 0
-0 0 0
-0 0 0
-0 0 0
-0 0 0
-0 0 0
-0 0 0
-0 0 0
-0 0 0
-0 0 0
-0 0 0
-0 0 0
-0 0 0
-0 0 0
-0 0 0
-0 0 0
-0 0 0
-0 0 0
-0 0 0
-0 0 0
-0 0 0
-0 0 0
-0 0 0
-0 0 0
-0 0 0
-0 0 0
-0 0 0
-0 0 0
-0 0 0
-0 0 0
-0 0 0
-0 0 0
-0 0 0
-0 0 0
-0 0 0
-0 0 0
-0 0 0
-0 0 0
-0 0 0
-0 0 0
-0 0 0
-0 0 0
-0 0 0
-0.071891069 0.082833096 0.33475003
-0.069065697 0.082956821 0.33525002
-0.066280894 0.083142407 0.33600003
-0.063388705 0.083204262 0.33625001
-0.0605371 0.083327994 0.33675003
-0.057591226 0.083327994 0.33675003
-0.054564215 0.083204262 0.33625001
-0.051392436 0.082833096 0.33475003
-0.048283089 0.082523793 0.33350003
-0.045229618 0.082276337 0.33250001
-0.042225461 0.08209075 0.33175001
-0.039264061 0.081967026 0.33125001
-0.036338858 0.081905171 0.33100003
-0.033392765 0.081781439 0.33050001
-0.030455424 0.081657723 0.33000001
-0.027526831 0.081533998 0.32950002
-0.024625683 0.081472136 0.32925001
-0.021712398 0.081348412 0.32875001
-0.018793534 0.081162825 0.32800001
-0.015899934 0.081039101 0.32750002
-0.01303498 0.081039101 0.32750002
-0.010170026 0.081039101 0.32750002
-0.0072883428 0.080853514 0.32675001
-0.0044163931 0.080606073 0.32575002
-0.0015655456 0.080544204 0.32550001
0.001279943 0.080420479 0.32500002
0.0041103405 0.08017303 0.324
0.006939318 0.080111176 0.32375002
0.0097714663 0.080111176 0.32375002
0.012593883 0.080049306 0.32350001
0.015376167 0.079801865 0.32250002
0.018155061 0.079616278 0.32175002
0.020953419 0.079554409 0.3215
0.023747407 0.079492554 0.32125002
0.026537016 0.079430692 0.32100001
0.029322255 0.07936883 0.32075003
0.032103118 0.079306968 0.32050002
0.03482515 0.079121381 0.31975001
0.037534062 0.078935795 0.31900001
0.040229846 0.078750208 0.31825
0.043013882 0.078750208 0.31825
0.045725968 0.078626484 0.31775001
0.048391137 0.078440897 0.317
0.051083539 0.078317173 0.31650001
0.053809728 0.078255318 0.31625003
0.056442093 0.078069732 0.31550002
0.059061337 0.077884145 0.31475002
0.061814755 0.077884145 0.31475002
0.064414315 0.077698559 0.31400001
0.067054227 0.077574834 0.31350002
0.069685392 0.07745111 0.31300002
0.072249964 0.077265523 0.31225002
0.074921474 0.077203661 0.31200001
0.077464171 0.077018075 0.31125
0.079929344 0.076770626 0.31025001
0.082576796 0.076708764 0.31
0.08508233 0.076523185 0.30925003
0.087645687 0.076399453 0.30875
0.09027347 0.076337598 0.30850002
0.092670836 0.076090142 0.3075
0.094973192 0.075780839 0.30625001
0.097413093 0.075595252 0.3055
0.099921793 0.075471528 0.30500001
0.10267401 0.07553339 0.30525002
0.1054306 0.075595252 0.3055
0.10801463 0.07553339 0.30525002
0.11077559 0.075595252 0.3055
0.11335526 0.07553339 0.30525002
0.11574049 0.075347804 0.30450001
0.11820982 0.075224079 0.30400002
0.12067041 0.075100362 0.30350003
0.12302064 0.074914776 0.30275002
0.12546155 0.074791051 0.30225003
0.12789369 0.07466732 0.30175
0.1301008 0.074419878 0.30075002
0.13251108 0.074296154 0.30025002
0.13513765 0.074296154 0.30025002
0.13742009 0.074110568 0.29950002
0.13980632 0.073986843 0.29900002
0.14206471 0.073801257 0.29825002
0.14455251 0.073739395 0.29800001
0.14691249 0.07361567 0.29750001
0.14913806 0.073430084 0.29675001
0.1516062 0.073368229 0.29650003
0.15406996 0.073306359 0.29625002
0.15626492 0.073120773 0.29550001
0.15858115 0.072997056 0.29500002
0.16102521 0.072935186 0.29475001
0.16346493 0.072873332 0.29450002
0.16575928 0.0727496 0.294
0.16790177 0.072564021 0.29325002
0.17032176 0.072502159 0.29300001
0.1727374 0.072440289 0.29275
0.17514868 0.072378434 0.29250002
0.17740369 0.07225471 0.29200003
0.17934178 0.072007261 0.29100001
0.18157493 0.071883537 0.29050002
0.18427466 0.071945406 0.29075003
0.18665747 0.071883537 0.29050002
0.18854748 0.071636096 0.28950003
0.19041997 0.07138864 0.28850001
0.19294375 0.07138864 0.28850001
0.19512877 0.071264923 0.28800002
0.19730504 0.071141198 0.28750002
-0 0 0
-0 0 0
-0 0 0
-0 0 0
-0 0 0
-0 0 0
-0 0 0
-0 0 0
-0 0 0
-0 0 0
-0 0 0
-0 0 0
-0 0 0
-0 0 0
-0 0 0
-0 0 0
-0 0 0
-0 0 0
-0 0 0
-0 0 0
-0 0 0
-0 0 0
-0 0 0
-0 0 0
-0 0 0
-0 0 0
-0 0 0
-0 0 0
-0 0 0
-0 0 0
-0 0 0
-0 0 0
-0 0 0
-0 0 0
-0 0 0
-0 0 0
-0 0 0
-0 0 0
-0 0 0
-0 0 0
-0 0 0
-0 0 0
-0 0 0
-0 0 0
-0 0 0
-0 0 0
-0 0 0
-0 0 0
-0 0 0
-0 0 0
-0 0 0
-0 0 0
-0 0 0
-0 0 0
-0 0 0
-0 0 0
-0 0 0
-0.069065697 0.08588732 0.33525002
-0.066280894 0.086079463 0.33600003
-0.06348297 0.086271606 0.33675003
-0.0605371 0.086271606 0.33675003
-0.057505712 0.086143509 0.33625001
-0.054361373 0.085823275 0.33500001
-0.051238909 0.085503034 0.33375001
-0.048210695 0.085310891 0.333
-0.045195609 0.085118756 0.33225003
-0.042257283 0.085054711 0.33200002
-0.039293695 0.084926613 0.33150002
-0.03631141 0.08473447 0.33075002
-0.033342246 0.084542327 0.33000001
-0.030432349 0.084478281 0.32975
-0.027526831 0.084414236 0.32950002
-0.024606986 0.084286146 0.32900003
-0.021728911 0.084286146 0.32900003
-0.01880786 0.084094003 0.32825002
-0.015887795 0.083837807 0.32725
-0.013015079 0.083773769 0.32700002
-0.0101545 0.083773769 0.32700002
-0.0072994954 0.083837807 0.32725
-0.0044265613 0.083645672 0.32650003
-0.0015655456 0.083389483 0.32550001
0.001279943 0.083261386 0.32500002
0.0041166837 0.083133295 0.32450002
0.0069553941 0.083133295 0.32450002
0.009794103 0.083133295 0.32450002
0.012613348 0.083005197 0.324
0.015376167 0.082620919 0.32250002
0.018155061 0.082428776 0.32175002
0.020969713 0.082428776 0.32175002
0.023765884 0.082364723 0.3215
0.026557686 0.082300678 0.32125002
0.029345108 0.082236633 0.32100001
0.032128163 0.082172588 0.32075003
0.034906838 0.082108535 0.32050002
0.037622306 0.081916392 0.31975001
0.040293057 0.081660211 0.31875002
0.043013882 0.081532106 0.31825
0.045725968 0.081404015 0.31775001
0.048391137 0.081211872 0.317
0.051083539 0.081083782 0.31650001
0.053809728 0.081019737 0.31625003
0.056486815 0.080891639 0.31575
0.05910825 0.080699503 0.31500003
0.061814755 0.080635451 0.31475002
0.064363033 0.080379263 0.31375003
0.066947289 0.08018712 0.31300002
0.069629736 0.080123074 0.31275001
0.072249964 0.079994977 0.31225002
0.074921474 0.079930931 0.31200001
0.077526398 0.079802833 0.31150001
0.079993755 0.079546653 0.31050003
0.082576796 0.079418547 0.31
0.08508233 0.079226412 0.30925003
0.08757472 0.079034269 0.30850002
0.090054005 0.078842126 0.30775002
0.092444815 0.078585945 0.30675003
0.094895668 0.078393802 0.30600002
0.097492814 0.078329749 0.30575001
0.1000856 0.078265697 0.3055
0.10292628 0.078393802 0.30600002
0.10560316 0.078393802 0.30600002
0.10819156 0.078329749 0.30575001
0.11086625 0.078329749 0.30575001
0.11326241 0.078137606 0.30500001
0.11564547 0.077945463 0.30425
0.1181126 0.077817373 0.30375001
0.12067041 0.077753328 0.30350003
0.12312222 0.07762523 0.303
0.12556532 0.077497132 0.30250001
0.12799965 0.077369042 0.30200002
0.13020895 0.077112854 0.30100003
0.13262141 0.076984756 0.30050001
0.13513765 0.076920711 0.30025002
0.1375348 0.076792613 0.29975
0.13992321 0.076664522 0.29925001
0.14218378 0.076472379 0.2985
0.14455251 0.076344281 0.29800001
0.14691249 0.076216191 0.29750001
0.14938936 0.076152138 0.29725
0.1516062 0.07596001 0.29650003
0.15380992 0.075767867 0.29575002
0.15600051 0.075575724 0.29500002
0.15858115 0.075575724 0.29500002
0.1611618 0.075575724 0.29500002
0.16346493 0.075447626 0.29450002
0.16575928 0.075319529 0.294
0.16804489 0.075191438 0.29350001
0.17046711 0.075127393 0.29325002
0.17258991 0.07493525 0.29250002
0.17499897 0.074871197 0.29225001
0.17740369 0.07480716 0.29200003
0.17918772 0.074486919 0.29075003
0.18141866 0.074358821 0.29025
0.18379931 0.074294776 0.29000002
0.1863362 0.074294776 0.29000002
0.18854748 0.074166685 0.28950003
0.19025496 0.073846444 0.28825
0.19244216 0.073718347 0.28775001
0.19495937 0.073718347 0.28775001
0.19713347 0.073590256 0.28725001
-0 0 0
-0 0 0
-0 0 0
-0 0 0
-0 0 0
-0 0 0
-0 0 0
-0 0 0
-0 0 0
-0 0 0
-0 0 0
-0 0 0
-0 0 0
-0 0 0
-0 0 0
-0 0 0
-0 0 0
-0 0 0
-0 0 0
-0 0 0
-0 0 0
-0 0 0
-0 0 0
-0 0 0
-0 0 0
-0 0 0
-0 0 0
-0 0 0
-0 0 0
-0 0 0
-0 0 0
-0 0 0
-0 0 0
-0 0 0
-0 0 0
-0 0 0
-0 0 0
-0 0 0
-0 0 0
-0 0 0
-0 0 0
-0 0 0
-0 0 0
-0 0 0
-0 0 0
-0 0 0
-0 0 0
-0 0 0
-0 0 0
-0 0 0
-0 0 0
-0 0 0
-0 0 0
-0 0 0
-0 0 0
-0 0 0
-0 0 0
-0 0 0
-0.066280894 0.089016519 0.33600003
-0.063388705 0.089082748 0.33625001
-0.06040227 0.089016519 0.33600003
-0.057291936 0.088751584 0.33500001
-0.054239668 0.088552885 0.33425
-0.051123764 0.088221721 0.333
-0.048174504 0.088155493 0.33275002
-0.045195609 0.088023037 0.33225003
-0.042257283 0.087956801 0.33200002
-0.039293695 0.087824337 0.33150002
-0.03631141 0.087625638 0.33075002
-0.033367507 0.087493174 0.33025002
-0.030432349 0.087360702 0.32975
-0.027526831 0.087294474 0.32950002
-0.024588287 0.087095775 0.32875001
-0.021712398 0.087095775 0.32875001
-0.018822184 0.087029539 0.3285
-0.015912071 0.086830847 0.32775003
-0.013044931 0.086830847 0.32775003
-0.0101545 0.086632147 0.32700002
-0.0072939196 0.086632147 0.32700002
-0.0044197822 0.086367212 0.32600001
-0.0015643432 0.08616852 0.32525003
0.0012789584 0.086036049 0.32475001
0.0041166837 0.085969821 0.32450002
0.006960752 0.086036049 0.32475001
0.0098016486 0.086036049 0.32475001
0.012613348 0.085837349 0.324
0.015376167 0.085439965 0.32250002
0.018155061 0.085241266 0.32175002
0.020986008 0.085307501 0.32200003
0.023784367 0.085241266 0.32175002
0.026557686 0.085108802 0.32125002
0.029322255 0.084976338 0.32075003
0.032128163 0.084976338 0.32075003
0.034906838 0.084910102 0.32050002
0.037622306 0.084711403 0.31975001
0.040261451 0.084380239 0.31850001
0.043013882 0.084314004 0.31825
0.045761943 0.084247775 0.31800002
0.048429303 0.084049076 0.31725001
0.051083539 0.083850376 0.31650001
0.053809728 0.083784148 0.31625003
0.056486815 0.083651677 0.31575
0.059061337 0.083386756 0.31475002
0.06171656 0.083254293 0.31425002
0.06431175 0.083055593 0.31350002
0.066947289 0.082923129 0.31300002
0.069574073 0.082790658 0.3125
0.072192118 0.082658194 0.31200001
0.074861445 0.082591966 0.31175002
0.077401958 0.082393266 0.31100002
0.079929344 0.082194567 0.31025001
0.08244361 0.081995867 0.30950001
0.084944762 0.081797168 0.30875
0.087290846 0.081466004 0.3075
0.089688227 0.081201077 0.30650002
0.092143439 0.081002384 0.30575001
0.094740599 0.080936149 0.3055
0.097492814 0.081002384 0.30575001
0.10024941 0.08106862 0.30600002
0.10292628 0.08106862 0.30600002
0.10560316 0.08106862 0.30600002
0.10828003 0.08106862 0.30600002
0.1109569 0.08106862 0.30600002
0.11326241 0.080803685 0.30500001
0.11564547 0.080604985 0.30425
0.1181126 0.080472521 0.30375001
0.12067041 0.080406293 0.30350003
0.12322381 0.080340058 0.30325001
0.12566909 0.080207594 0.30275002
0.12789369 0.079942659 0.30175
0.13020895 0.079743966 0.30100003
0.13273174 0.079677731 0.30075002
0.13513765 0.079545267 0.30025002
0.1375348 0.079412796 0.29975
0.13992321 0.079280332 0.29925001
0.14218378 0.079081632 0.2985
0.14443125 0.078882948 0.29775003
0.14691249 0.078816712 0.29750001
0.14938936 0.078750476 0.29725
0.15135053 0.078419313 0.296
0.15367991 0.078286849 0.29550001
0.1557361 0.078021921 0.29450002
0.15844676 0.078088149 0.29475001
0.1611618 0.078154385 0.29500002
0.16346493 0.078021921 0.29450002
0.16547738 0.077756986 0.29350001
0.16775863 0.077624522 0.29300001
0.17032176 0.077624522 0.29300001
0.17258991 0.077492058 0.29250002
0.17499897 0.077425823 0.29225001
0.17740369 0.077359594 0.29200003
0.17918772 0.077028431 0.29075003
0.18141866 0.07689596 0.29025
0.18379931 0.076829731 0.29000002
0.18601495 0.076697268 0.28950003
0.18822181 0.076564796 0.289
0.19041997 0.07643234 0.28850001
0.19260937 0.076299876 0.28800002
0.19512877 0.076299876 0.28800002
0.19730504 0.076167412 0.28750002
-0 0 0
-0 0 0
-0 0 0
-0 0 0
-0 0 0
-0 0 0
-0 0 0
-0 0 0
-0 0 0
-0 0 0
-0 0 0
-0 0 0
-0 0 0
-0 0 0
-0 0 0
-0 0 0
-0 0 0
-0 0 0
-0 0 0
-0 0 0
-0 0 0
-0 0 0
-0 0 0
-0 0 0
-0 0 0
-0 0 0
-0 0 0
-0 0 0
-0 0 0
-0 0 0
-0 0 0
-0 0 0
-0 0 0
-0 0 0
-0 0 0
-0 0 0
-0 0 0
-0 0 0
-0 0 0
-0 0 0
-0 0 0
-0 0 0
-0 0 0
-0 0 0
-0 0 0
-0 0 0
-0 0 0
-0 0 0
-0 0 0
-0 0 0
-0 0 0
-0 0 0
-0 0 0
-0 0 0
-0 0 0
-0 0 0
-0 0 0
-0 0 0
-0 0 0
-0.063294448 0.091885149 0.33575001
-0.060312383 0.091816731 0.3355
-0.057163671 0.091474645 0.33425
-0.054077398 0.091200978 0.33325002
-0.051123764 0.091132551 0.333
-0.048138309 0.090995722 0.33250001
-0.045161601 0.090858884 0.33200002
-0.042225461 0.090790465 0.33175001
-0.039264061 0.090653628 0.33125001
-0.03631141 0.090516798 0.33075002
-0.033367507 0.090379961 0.33025002
-0.030432349 0.090243123 0.32975
-0.027526831 0.090174705 0.32950002
-0.024569588 0.08990103 0.3285
-0.021695886 0.08990103 0.3285
-0.018836508 0.089969456 0.32875001
-0.015948482 0.08990103 0.3285
-0.013064831 0.089832619 0.32825002
-0.010170026 0.089627363 0.32750002
-0.007282767 0.089353696 0.32650003
-0.0044096145 0.08901161 0.32525003
-0.0015631408 0.088943183 0.32500002
0.001279943 0.088943183 0.32500002
0.0041166837 0.088806354 0.32450002
0.006960752 0.088874765 0.32475001
0.0097865574 0.088737935 0.32425001
0.012603615 0.088601097 0.32375002
0.015376167 0.088259012 0.32250002
0.018155061 0.088053755 0.32175002
0.020986008 0.088122174 0.32200003
0.023784367 0.088053755 0.32175002
0.026537016 0.087848499 0.32100001
0.029299401 0.087711662 0.32050002
0.032103118 0.087711662 0.32050002
0.034879606 0.087643243 0.32025
0.037563477 0.087369576 0.31925002
0.040261451 0.08716432 0.31850001
0.043013882 0.087095901 0.31825
0.045761943 0.08702749 0.31800002
0.048429303 0.086822234 0.31725001
0.051164236 0.086753815 0.317
0.053852264 0.086616978 0.31650001
0.056442093 0.086343311 0.31550002
0.059014425 0.086069636 0.3145
0.061618365 0.085864387 0.31375003
0.06431175 0.085795969 0.31350002
0.067000754 0.085727543 0.31325001
0.069629736 0.085590713 0.31275001
0.072192118 0.085385457 0.31200001
0.074681342 0.085111789 0.31100002
0.077277519 0.084974952 0.31050003
0.079800531 0.084769703 0.30975002
0.08224383 0.084496021 0.30875
0.084600858 0.084153935 0.3075
0.087006979 0.083880268 0.30650002
0.089395605 0.083606593 0.3055
0.092068098 0.083606593 0.3055
0.09481813 0.083675012 0.30575001
0.097652242 0.083811849 0.30625001
0.10041322 0.083880268 0.30650002
0.10309446 0.083880268 0.30650002
0.10560316 0.083743431 0.30600002
0.10819156 0.083675012 0.30575001
0.11086625 0.083675012 0.30575001
0.11326241 0.083469756 0.30500001
0.11574049 0.083332926 0.30450001
0.11820982 0.083196089 0.30400002
0.12067041 0.083059259 0.30350003
0.12322381 0.082990833 0.30325001
0.12556532 0.082785577 0.30250001
0.12778772 0.082511909 0.30150002
0.1301008 0.082306653 0.30075002
0.13262141 0.082238235 0.30050001
0.13502513 0.082101405 0.30000001
0.13742009 0.081964567 0.29950002
0.13992321 0.081896149 0.29925001
0.14230287 0.081759311 0.29875001
0.14455251 0.081554055 0.29800001
0.14691249 0.081417225 0.29750001
0.14938936 0.081348807 0.29725
0.1516062 0.081143558 0.29650003
0.15380992 0.080938302 0.29575002
0.15600051 0.080733046 0.29500002
0.15831238 0.080596216 0.29450002
0.16102521 0.080664627 0.29475001
0.16332616 0.08052779 0.29425001
0.16547738 0.080322534 0.29350001
0.16775863 0.080185704 0.29300001
0.17032176 0.080185704 0.29300001
0.17258991 0.080048867 0.29250002
0.17499897 0.079980448 0.29225001
0.17725179 0.079843611 0.29175001
0.17918772 0.079569943 0.29075003
0.1812624 0.079364695 0.29000002
0.18379931 0.079364695 0.29000002
0.18601495 0.079227857 0.28950003
0.18822181 0.079091012 0.289
0.19041997 0.078954183 0.28850001
0.19277655 0.078885764 0.28825
0.19529814 0.078885764 0.28825
0.19781972 0.078885764 0.28825
-0 0 0
-0 0 0
-0 0 0
-0 0 0
-0 0 0
-0 0 0
-0 0 0
-0 0 0
-0 0 0
-0 0 0
-0 0 0
-0 0 0
-0 0 0
-0 0 0
-0 0 0
-0 0 0
-0 0 0
-0 0 0
-0 0 0
-0 0 0
-0 0 0
-0 0 0
-0 0 0
-0 0 0
-0 0 0
-0 0 0
-0 0 0
-0 0 0
-0 0 0
-0 0 0
-0 0 0
-0 0 0
-0 0 0
-0 0 0
-0 0 0
-0 0 0
-0 0 0
-0 0 0
-0 0 0
-0 0 0
-0 0 0
-0 0 0
-0 0 0
-0 0 0
-0 0 0
-0 0 0
-0 0 0
-0 0 0
-0 0 0
-0 0 0
-0 0 0
-0 0 0
-0 0 0
-0 0 0
-0 0 0
-0 0 0
-0 0 0
-0 0 0
-0 0 0
-0.063294448 0.094820023 0.33575001
-0.060267445 0.094678819 0.33525002
-0.057163671 0.094396397 0.33425
-0.054117966 0.0941846 0.33350003
-0.051162146 0.094113991 0.33325002
-0.048174504 0.093972787 0.33275002
-0.045195609 0.093831584 0.33225003
-0.042225461 0.093690366 0.33175001
-0.039264061 0.093549162 0.33125001
-0.036338858 0.093478568 0.33100003
-0.033392765 0.09333735 0.33050001
-0.030432349 0.093125544 0.32975
-0.027526831 0.093054943 0.32950002
-0.024606986 0.092913739 0.32900003
-0.021728911 0.092913739 0.32900003
-0.018850833 0.092913739 0.32900003
-0.015948482 0.092772529 0.3285
-0.01305488 0.092631325 0.32800001
-0.010162262 0.092419513 0.32725
-0.007282767 0.092207707 0.32650003
-0.0044130036 0.091925293 0.32550001
-0.0015643432 0.091854692 0.32525003
0.0012809277 0.091854692 0.32525003
0.0041198554 0.091713481 0.32475001
0.0069553941 0.091642879 0.32450002
0.0097790118 0.091501668 0.324
0.012603615 0.091431074 0.32375002
0.015400006 0.091219261 0.32300001
0.018169168 0.090936854 0.32200003
0.0210023 0.091007449 0.32225001
0.023802849 0.090936854 0.32200003
0.026537016 0.090654433 0.32100001
0.029299401 0.090513229 0.32050002
0.032078076 0.09044262 0.32025
0.034852382 0.090372026 0.32000002
0.037563477 0.090160213 0.31925002
0.040261451 0.089948401 0.31850001
0.043047674 0.089948401 0.31850001
0.045761943 0.089807197 0.31800002
0.048391137 0.089524783 0.317
0.051083539 0.08938358 0.31650001
0.053809728 0.089312978 0.31625003
0.056486815 0.089171767 0.31575
0.059014425 0.088818751 0.3145
0.061618365 0.088606946 0.31375003
0.06426046 0.088465735 0.31325001
0.067000754 0.088465735 0.31325001
0.069629736 0.088324532 0.31275001
0.072134271 0.088042125 0.31175002
0.074621312 0.087759703 0.31075001
0.077277519 0.087689109 0.31050003
0.079800531 0.087477297 0.30975002
0.082110643 0.087053671 0.30825001
0.084463298 0.086700656 0.30700001
0.086936004 0.08648885 0.30625001
0.08954192 0.086418249 0.30600002
0.092369467 0.086559452 0.30650002
0.095283307 0.086771265 0.30725002
0.097971112 0.086771265 0.30725002
0.10057702 0.086700656 0.30700001
0.10317855 0.086630061 0.30675003
0.10568943 0.08648885 0.30625001
0.10819156 0.086347647 0.30575001
0.11077559 0.086277038 0.3055
0.11335526 0.086206436 0.30525002
0.11583553 0.086065233 0.30475003
0.11830702 0.085924022 0.30425
0.1208692 0.08585342 0.30400002
0.12342698 0.085782818 0.30375001
0.12566909 0.085500412 0.30275002
0.12778772 0.085147396 0.30150002
0.1301008 0.084935583 0.30075002
0.13262141 0.084864974 0.30050001
0.13513765 0.08479438 0.30025002
0.13742009 0.084582567 0.29950002
0.13992321 0.084511958 0.29925001
0.14242196 0.084441364 0.29900002
0.14479505 0.084300146 0.2985
0.14691249 0.084017739 0.29750001
0.14926372 0.083876535 0.29700002
0.1516062 0.083735332 0.29650003
0.15393993 0.083594121 0.296
0.15613273 0.083382316 0.29525003
0.15844676 0.083241105 0.29475001
0.16088864 0.083170503 0.29450002
0.16318738 0.083029293 0.294
0.16547738 0.082888089 0.29350001
0.16790177 0.082817487 0.29325002
0.17032176 0.082746886 0.29300001
0.1727374 0.082676277 0.29275
0.17499897 0.082535073 0.29225001
0.17679612 0.082182057 0.29100001
0.17887954 0.081970245 0.29025
0.1812624 0.08189965 0.29000002
0.18364085 0.081829041 0.28975001
0.18601495 0.081758447 0.28950003
0.18822181 0.081617229 0.289
0.19025496 0.081405424 0.28825
0.19260937 0.081334822 0.28800002
0.19495937 0.081264213 0.28775001
0.19730504 0.081193618 0.28750002
-0 0 0
-0 0 0
-0 0 0
-0 0 0
-0 0 0
-0 0 0
-0 0 0
-0 0 0
-0 0 0
-0 0 0
-0 0 0
-0 0 0
-0 0 0
-0 0 0
-0 0 0
-0 0 0
-0 0 0
-0 0 0
-0 0 0
-0 0 0
-0 0 0
-0 0 0
-0 0 0
-0 0 0
-0 0 0
-0 0 0
-0 0 0
-0 0 0
-0 0 0
-0 0 0
-0 0 0
-0 0 0
-0 0 0
-0 0 0
-0 0 0
-0 0 0
-0 0 0
-0 0 0
-0 0 0
-0 0 0
-0 0 0
-0 0 0
-0 0 0
-0 0 0
-0 0 0
-0 0 0
-0 0 0
-0 0 0
-0 0 0
-0 0 0
-0 0 0
-0 0 0
-0 0 0
-0 0 0
-0 0 0
-0 0 0
-0 0 0
-0 0 0
-0 0 0
-0 0 0
-0.060132615 0.09739095 0.33450001
-0.05707816 0.097172581 0.33375001
-0.054158531 0.097172581 0.33375001
-0.051162146 0.097027004 0.33325002
-0.048174504 0.096881427 0.33275002
-0.045229618 0.096808635 0.33250001
-0.042257283 0.096663065 0.33200002
-0.039293695 0.096517488 0.33150002
-0.036366303 0.096444696 0.33125001
-0.033443287 0.096371911 0.33100003
-0.030455424 0.096080758 0.33000001
-0.027568601 0.096080758 0.33000001
-0.02466308 0.096007966 0.32975
-0.021761931 0.095935181 0.32950002
-0.018850833 0.095789604 0.32900003
-0.015936347 0.095571235 0.32825002
-0.013044931 0.095425665 0.32775003
-0.010162262 0.095280081 0.32725
-0.007282767 0.095061719 0.32650003
-0.0044197822 0.094916135 0.32600001
-0.0015679504 0.094916135 0.32600001
0.0012819122 0.094770558 0.32550001
0.004123027 0.094624989 0.32500002
0.0069553941 0.094479412 0.32450002
0.0097790118 0.094333827 0.324
0.012603615 0.094261043 0.32375002
0.015400006 0.094042681 0.32300001
0.018197382 0.093897104 0.32250002
0.021018595 0.093897104 0.32250002
0.023802849 0.093751527 0.32200003
0.026537016 0.093460366 0.32100001
0.029299401 0.093314797 0.32050002
0.032078076 0.093242005 0.32025
0.03482515 0.093096428 0.31975001
0.037534062 0.092878059 0.31900001
0.040261451 0.092732482 0.31850001
0.043013882 0.092659697 0.31825
0.045725968 0.09251412 0.31775001
0.048352975 0.092222966 0.31675002
0.051002838 0.092004605 0.31600001
0.05372465 0.091931812 0.31575
0.056442093 0.091859028 0.31550002
0.059061337 0.091640659 0.31475002
0.061618365 0.091349512 0.31375003
0.064157888 0.091058351 0.31275001
0.066893809 0.091058351 0.31275001
0.069574073 0.090985559 0.3125
0.072134271 0.090767197 0.31175002
0.074621312 0.090476044 0.31075001
0.077153072 0.090257674 0.31
0.079607315 0.089966528 0.30900002
0.081910856 0.08952979 0.3075
0.084394522 0.089311436 0.30675003
0.087148912 0.089384213 0.30700001
0.089907698 0.089457005 0.30725002
0.092670836 0.08952979 0.3075
0.095438369 0.089602582 0.30775002
0.098050825 0.08952979 0.3075
0.10057702 0.089384213 0.30700001
0.10317855 0.089311436 0.30675003
0.10568943 0.089165851 0.30625001
0.10819156 0.089020275 0.30575001
0.11077559 0.088947482 0.3055
0.11344808 0.088947482 0.3055
0.11593054 0.088801906 0.30500001
0.11830702 0.088583544 0.30425
0.1207698 0.088437967 0.30375001
0.12332541 0.088365182 0.30350003
0.12577286 0.088219598 0.303
0.12799965 0.087928452 0.30200002
0.13031709 0.087710083 0.30125001
0.13262141 0.087491713 0.30050001
0.13513765 0.087418929 0.30025002
0.13742009 0.087200567 0.29950002
0.13980632 0.08705499 0.29900002
0.14254102 0.087127775 0.29925001
0.14491633 0.086982198 0.29875001
0.14703596 0.086691052 0.29775003
0.14926372 0.086472683 0.29700002
0.1516062 0.086327106 0.29650003
0.15393993 0.086181521 0.296
0.15626492 0.086035945 0.29550001
0.15858115 0.085890375 0.29500002
0.16088864 0.085744798 0.29450002
0.16318738 0.085599214 0.294
0.16547738 0.085453637 0.29350001
0.16790177 0.085380852 0.29325002
0.17017643 0.085235275 0.29275
0.17244239 0.085089698 0.29225001
0.17469957 0.084944122 0.29175001
0.17664425 0.084652975 0.29075003
0.17903364 0.084580183 0.29050002
0.18141866 0.084507391 0.29025
0.18364085 0.084361814 0.28975001
0.18617557 0.084361814 0.28975001
0.18854748 0.084289029 0.28950003
0.19058499 0.08407066 0.28875002
0.19277655 0.083925076 0.28825
0.19479001 0.083706722 0.28750002
0.19679032 0.083488353 0.28675002
-0 0 0
-0 0 0
-0 0 0
-0 0 0
-0 0 0
-0 0 0
-0 0 0
-0 0 0
-0 0 0
-0 0 0
-0 0 0
-0 0 0
-0 0 0
-0 0 0
-0 0 0
-0 0 0
-0 0 0
-0 0 0
-0 0 0
-0 0 0
-0 0 0
-0 0 0
-0 0 0
-0 0 0
-0 0 0
-0 0 0
-0 0 0
-0 0 0
-0 0 0
-0 0 0
-0 0 0
-0 0 0
-0 0 0
-0 0 0
-0 0 0
-0 0 0
-0 0 0
-0 0 0
-0 0 0
-0 0 0
-0 0 0
-0 0 0
-0 0 0
-0 0 0
-0 0 0
-0 0 0
-0 0 0
-0 0 0
-0 0 0
-0 0 0
-0 0 0
-0 0 0
-0 0 0
-0 0 0
-0 0 0
-0 0 0
-0 0 0
-0 0 0
-0 0 0
-0 0 0
-0 0 0
-0.057035409 0.10001498 0.33350003
-0.054077398 0.099940009 0.33325002
-0.051123764 0.099865034 0.333
-0.048210695 0.099865034 0.333
-0.045263626 0.099790066 0.33275002
-0.042289104 0.099640116 0.33225003
-0.039293695 0.099415198 0.33150002
-0.036338858 0.099265248 0.33100003
-0.033418026 0.099190272 0.33075002
-0.030478496 0.099040329 0.33025002
-0.027589489 0.099040329 0.33025002
-0.024681779 0.098965347 0.33000001
-0.021761931 0.098815404 0.32950002
-0.018822184 0.098515503 0.3285
-0.015924208 0.09836556 0.32800001
-0.01305488 0.09836556 0.32800001
-0.010170026 0.09821561 0.32750002
-0.0072883428 0.097990692 0.32675001
-0.0044265613 0.097915724 0.32650003
-0.0015691528 0.097840749 0.32625002
0.0012828967 0.097690798 0.32575002
0.004123027 0.09746588 0.32500002
0.0069553941 0.09731593 0.32450002
0.0097865574 0.097240955 0.32425001
0.012613348 0.097165979 0.324
0.015400006 0.096866086 0.32300001
0.018169168 0.096566193 0.32200003
0.020986008 0.096566193 0.32200003
0.023765884 0.096416242 0.3215
0.02651635 0.096191324 0.32075003
0.029322255 0.096191324 0.32075003
0.032078076 0.096041374 0.32025
0.034797926 0.095816456 0.31950003
0.037504647 0.095591538 0.31875002
0.040261451 0.095516555 0.31850001
0.043013882 0.09544158 0.31825
0.045654014 0.095141686 0.31725001
0.04831481 0.094916768 0.31650001
0.051002838 0.094766818 0.31600001
0.05372465 0.094691843 0.31575
0.056442093 0.094616875 0.31550002
0.059014425 0.094316974 0.3145
0.061618365 0.094092064 0.31375003
0.064209178 0.093867138 0.31300002
0.06678687 0.093642212 0.31225002
0.069462754 0.093567237 0.31200001
0.072076425 0.093417294 0.31150001
0.074561283 0.093117401 0.31050003
0.07696642 0.092742532 0.30925003
0.079414092 0.092442632 0.30825001
0.081977457 0.092292689 0.30775002
0.084600858 0.092217714 0.3075
0.087290846 0.092217714 0.3075
0.090054005 0.092292689 0.30775002
0.092746183 0.092292689 0.30775002
0.095438369 0.092292689 0.30775002
0.098050825 0.092217714 0.3075
0.10065892 0.092142738 0.30725002
0.10326263 0.092067763 0.30700001
0.10577571 0.09191782 0.30650002
0.10819156 0.091692895 0.30575001
0.11077559 0.09161792 0.3055
0.11344808 0.09161792 0.3055
0.11593054 0.091467977 0.30500001
0.11830702 0.091243051 0.30425
0.12067041 0.09101814 0.30350003
0.12312222 0.090868182 0.303
0.12566909 0.090793215 0.30275002
0.12821156 0.09071824 0.30250001
0.13053338 0.090493314 0.30175
0.13251108 0.090043478 0.30025002
0.1349126 0.08989352 0.29975
0.13730538 0.089743577 0.29925001
0.13980632 0.089668609 0.29900002
0.14254102 0.089743577 0.29925001
0.14467379 0.089443684 0.29825002
0.14678903 0.089143783 0.29725
0.14901243 0.088918872 0.29650003
0.1516062 0.088918872 0.29650003
0.15406996 0.088843897 0.29625002
0.15626492 0.088618971 0.29550001
0.15871555 0.088544004 0.29525003
0.1611618 0.088469028 0.29500002
0.16332616 0.088244103 0.29425001
0.16575928 0.088169128 0.294
0.16818805 0.08809416 0.29375002
0.17032176 0.087869234 0.29300001
0.17244239 0.087644316 0.29225001
0.17454988 0.087419391 0.2915
0.17679612 0.087269448 0.29100001
0.17918772 0.087194473 0.29075003
0.18141866 0.087044522 0.29025
0.18348242 0.086819604 0.28950003
0.18617557 0.086894579 0.28975001
0.18854748 0.086819604 0.28950003
0.19058499 0.086594686 0.28875002
0.19294375 0.086519711 0.28850001
0.19462062 0.086144842 0.28725001
0.19644719 0.085844949 0.28625003
-0 0 0
-0 0 0
-0 0 0
-0 0 0
-0 0 0
-0 0 0
-0 0 0
-0 0 0
-0 0 0
-0 0 0
-0 0 0
-0 0 0
-0 0 0
-0 0 0
-0 0 0
-0 0 0
-0 0 0
-0 0 0
-0 0 0
-0 0 0
-0 0 0
-0 0 0
-0 0 0
-0 0 0
-0 0 0
-0 0 0
-0 0 0
-0 0 0
-0 0 0
-0 0 0
-0 0 0
-0 0 0
-0 0 0
-0 0 0
-0 0 0
-0 0 0
-0 0 0
-0 0 0
-0 0 0
-0 0 0
-0 0 0
-0 0 0
-0 0 0
-0 0 0
-0 0 0
-0 0 0
-0 0 0
-0 0 0
-0 0 0
-0 0 0
-0 0 0
-0 0 0
-0 0 0
-0 0 0
-0 0 0
-0 0 0
-0 0 0
-0 0 0
-0 0 0
-0 0 0
-0 0 0
-0 0 0
-0.053955693 0.10262155 0.33250001
-0.051047005 0.10262155 0.33250001
-0.048138309 0.10262155 0.33250001
-0.045263626 0.10269871 0.33275002
-0.042289104 0.10254439 0.33225003
-0.039352961 0.10246723 0.33200002
-0.036366303 0.10223575 0.33125001
-0.033392765 0.10200427 0.33050001
-0.030501567 0.10200427 0.33050001
-0.027589489 0.10192712 0.33025002
-0.02466308 0.10177279 0.32975
-0.021728911 0.10154133 0.32900003
-0.01880786 0.10130984 0.32825002
-0.015924208 0.10123269 0.32800001
-0.013064831 0.10130984 0.32825002
-0.010193316 0.10130984 0.32825002
-0.0073050722 0.10107837 0.32750002
-0.0044265613 0.10076974 0.32650003
-0.0015691528 0.10069257 0.32625002
0.0012828967 0.10053825 0.32575002
0.004123027 0.10030678 0.32500002
0.0069500352 0.1000753 0.32425001
0.0097865574 0.1000753 0.32425001
0.01262308 0.1000753 0.32425001
0.015411926 0.099766664 0.32325003
0.018169168 0.099380873 0.32200003
0.020986008 0.099380873 0.32200003
0.023784367 0.099303707 0.32175002
0.02651635 0.098995075 0.32075003
0.029299401 0.098917916 0.32050002
0.032078076 0.098840751 0.32025
0.034797926 0.098609284 0.31950003
0.037534062 0.098454952 0.31900001
0.040261451 0.098300636 0.31850001
0.042946305 0.098069161 0.31775001
0.045582063 0.097760528 0.31675002
0.048276652 0.097606212 0.31625003
0.051002838 0.097529046 0.31600001
0.053767189 0.097529046 0.31600001
0.056442093 0.09737473 0.31550002
0.058967516 0.096988939 0.31425002
0.061618365 0.096834622 0.31375003
0.06426046 0.096680298 0.31325001
0.06673339 0.0962945 0.31200001
0.069351435 0.096140184 0.31150001
0.071960732 0.095985867 0.31100002
0.07438118 0.095600076 0.30975002
0.076779753 0.095214278 0.30850002
0.079349689 0.095059961 0.30800003
0.082177237 0.095214278 0.30850002
0.084944762 0.095291436 0.30875
0.087503754 0.095137119 0.30825001
0.090127163 0.095059961 0.30800003
0.092670836 0.094905637 0.3075
0.095360838 0.094905637 0.3075
0.098050825 0.094905637 0.3075
0.10074082 0.094905637 0.3075
0.10334673 0.094828486 0.30725002
0.10594826 0.094751321 0.30700001
0.10819156 0.09436553 0.30575001
0.11077559 0.094288364 0.3055
0.11335526 0.094211213 0.30525002
0.11574049 0.093979731 0.30450001
0.1181126 0.093748257 0.30375001
0.120571 0.09359394 0.30325001
0.12312222 0.093516774 0.303
0.12556532 0.093362458 0.30250001
0.12799965 0.093208142 0.30200002
0.13020895 0.092899509 0.30100003
0.13240074 0.092590868 0.30000001
0.1349126 0.092513703 0.29975
0.13730538 0.092359394 0.29925001
0.13980632 0.092282236 0.29900002
0.14230287 0.092205077 0.29875001
0.14455251 0.091973595 0.29800001
0.14666557 0.091664962 0.29700002
0.14888678 0.091433488 0.29625002
0.15147837 0.091433488 0.29625002
0.15393993 0.091356322 0.296
0.15626492 0.091202006 0.29550001
0.15858115 0.091047689 0.29500002
0.16088864 0.090893373 0.29450002
0.16332616 0.090816207 0.29425001
0.16575928 0.090739049 0.294
0.16775863 0.090430416 0.29300001
0.17003112 0.0902761 0.29250002
0.17258991 0.0902761 0.29250002
0.17484929 0.090121783 0.29200003
0.1770999 0.089967459 0.2915
0.17934178 0.089813143 0.29100001
0.18157493 0.089658827 0.29050002
0.18364085 0.089427345 0.28975001
0.18617557 0.089427345 0.28975001
0.18871029 0.089427345 0.28975001
0.19058499 0.089118712 0.28875002
0.19294375 0.089041553 0.28850001
0.19479001 0.088732921 0.28750002
0.19661875 0.08842428 0.28650001
-0 0 0
-0 0 0
-0 0 0
-0 0 0
-0 0 0
-0 0 0
-0 0 0
-0 0 0
-0 0 0
-0 0 0
-0 0 0
-0 0 0
-0 0 0
-0 0 0
-0 0 0
-0 0 0
-0 0 0
-0 0 0
-0 0 0
-0 0 0
-0 0 0
-0 0 0
-0 0 0
-0 0 0
-0 0 0
-0 0 0
-0 0 0
-0 0 0
-0 0 0
-0 0 0
-0 0 0
-0 0 0
-0 0 0
-0 0 0
-0 0 0
-0 0 0
-0 0 0
-0 0 0
-0 0 0
-0 0 0
-0 0 0
-0 0 0
-0 0 0
-0 0 0
-0 0 0
-0 0 0
-0 0 0
-0 0 0
-0 0 0
-0 0 0
-0 0 0
-0 0 0
-0 0 0
-0 0 0
-0 0 0
-0 0 0
-0 0 0
-0 0 0
-0 0 0
-0 0 0
-0 0 0
-0 0 0
-0 0 0
-0.050739951 0.10489325 0.33050001
-0.048065923 0.10536931 0.33200002
-0.045229618 0.105528 0.33250001
-0.042257283 0.10536931 0.33200002
-0.039352961 0.10536931 0.33200002
-0.036421195 0.10528997 0.33175001
-0.033418026 0.10497259 0.33075002
-0.030524641 0.10497259 0.33075002
-0.027589489 0.10481391 0.33025002
-0.024644382 0.10457587 0.32950002
-0.021745421 0.10449652 0.32925001
-0.018836508 0.10433784 0.32875001
-0.015936347 0.10417915 0.32825002
-0.013064831 0.10417915 0.32825002
-0.010185553 0.1040998 0.32800001
-0.0072994954 0.10386177 0.32725
-0.0044231717 0.1035444 0.32625002
-0.0015691528 0.1035444 0.32625002
0.0012838813 0.10346505 0.32600001
0.0041293697 0.10330636 0.32550001
0.0069553941 0.10298899 0.32450002
0.0097790118 0.10283029 0.324
0.01262308 0.10290964 0.32425001
0.015411926 0.10259227 0.32325003
0.018169168 0.10219555 0.32200003
0.020969713 0.1021162 0.32175002
0.023765884 0.10203685 0.3215
0.02651635 0.10179882 0.32075003
0.029276544 0.10164013 0.32025
0.032078076 0.10164013 0.32025
0.03482515 0.10148145 0.31975001
0.037563477 0.10132276 0.31925002
0.040293057 0.10116407 0.31875002
0.042912517 0.10076734 0.31750003
0.045582063 0.10052931 0.31675002
0.04831481 0.10044996 0.31650001
0.05104319 0.10037062 0.31625003
0.053767189 0.10029127 0.31600001
0.056397367 0.10005324 0.31525001
0.058873694 0.099577181 0.31375003
0.061520163 0.099418484 0.31325001
0.064106598 0.099180453 0.3125
0.066626452 0.09886308 0.31150001
0.06918446 0.098625042 0.31075001
0.071729347 0.09838701 0.31
0.07414104 0.097990289 0.30875
0.076779753 0.097910948 0.30850002
0.079478502 0.097910948 0.30850002
0.08224383 0.097990289 0.30875
0.084944762 0.097990289 0.30875
0.087645687 0.097990289 0.30875
0.090419777 0.098069638 0.30900002
0.092821524 0.097752266 0.30800003
0.095438369 0.097672917 0.30775002
0.098130547 0.097672917 0.30775002
0.10065892 0.097514227 0.30725002
0.10334673 0.097514227 0.30725002
0.10603454 0.097514227 0.30725002
0.10819156 0.097038157 0.30575001
0.11077559 0.096958809 0.3055
0.11335526 0.096879475 0.30525002
0.11574049 0.096641436 0.30450001
0.1181126 0.096403405 0.30375001
0.12067041 0.096324064 0.30350003
0.12322381 0.096244715 0.30325001
0.12556532 0.096006684 0.30250001
0.12778772 0.095689304 0.30150002
0.12999265 0.095371924 0.30050001
0.13240074 0.095213242 0.30000001
0.1349126 0.095133893 0.29975
0.13742009 0.095054552 0.29950002
0.13992321 0.094975203 0.29925001
0.14230287 0.094816513 0.29875001
0.14467379 0.094657831 0.29825002
0.14678903 0.094340444 0.29725
0.14888678 0.094023071 0.29625002
0.15135053 0.093943723 0.296
0.15367991 0.09378504 0.29550001
0.15600051 0.09362635 0.29500002
0.15831238 0.093467668 0.29450002
0.16075206 0.093388319 0.29425001
0.16332616 0.093388319 0.29425001
0.16547738 0.09315028 0.29350001
0.16761547 0.092912249 0.29275
0.16974047 0.092674226 0.29200003
0.17244239 0.092753559 0.29225001
0.17499897 0.092753559 0.29225001
0.17725179 0.092594877 0.29175001
0.17934178 0.092356838 0.29100001
0.18141866 0.092118807 0.29025
0.18379931 0.092039466 0.29000002
0.18617557 0.091960117 0.28975001
0.18871029 0.091960117 0.28975001
0.19058499 0.091642745 0.28875002
0.19294375 0.091563396 0.28850001
0.19512877 0.091404714 0.28800002
0.19696188 0.091087326 0.287
-0 0 0
-0 0 0
-0 0 0
-0 0 0
-0 0 0
-0 0 0
-0 0 0
-0 0 0
-0 0 0
-0 0 0
-0 0 0
-0 0 0
-0 0 0
-0 0 0
-0 0 0
-0 0 0
-0 0 0
-0 0 0
-0 0 0
-0 0 0
-0 0 0
-0 0 0
-0 0 0
-0 0 0
-0 0 0
-0 0 0
-0 0 0
-0 0 0
-0 0 0
-0 0 0
-0 0 0
-0 0 0
-0 0 0
-0 0 0
-0 0 0
-0 0 0
-0 0 0
-0 0 0
-0 0 0
-0 0 0
-0 0 0
-0 0 0
-0 0 0
-0 0 0
-0 0 0
-0 0 0
-0 0 0
-0 0 0
-0 0 0
-0 0 0
-0 0 0
-0 0 0
-0 0 0
-0 0 0
-0 0 0
-0 0 0
-0 0 0
-0 0 0
-0 0 0
-0 0 0
-0 0 0
-0 0 0
-0 0 0
-0.05093186 0.10818987 0.33175001
-0.048065923 0.10827141 0.33200002
-0.045263626 0.108516 0.33275002
-0.042257283 0.10827141 0.33200002
-0.039293695 0.10810835 0.33150002
-0.03639375 0.10810835 0.33150002
-0.033443287 0.10794529 0.33100003
-0.030501567 0.10778222 0.33050001
-0.027568601 0.10761917 0.33000001
-0.024644382 0.10745611 0.32950002
-0.021778442 0.10753763 0.32975
-0.018850833 0.10729305 0.32900003
-0.015948482 0.10712998 0.3285
-0.013074781 0.10712998 0.3285
-0.010170026 0.10680387 0.32750002
-0.0072883428 0.10655928 0.32675001
-0.0044231717 0.10639622 0.32625002
-0.0015691528 0.10639622 0.32625002
0.0012838813 0.10631469 0.32600001
0.0041261986 0.10607011 0.32525003
0.006960752 0.10590705 0.32475001
0.0097790118 0.10566245 0.324
0.012613348 0.10566245 0.324
0.015423845 0.10549939 0.32350001
0.018183274 0.10509174 0.32225001
0.020937126 0.10476563 0.32125002
0.023728924 0.1046841 0.32100001
0.026495682 0.10452104 0.32050002
0.029276544 0.1044395 0.32025
0.032078076 0.1044395 0.32025
0.03482515 0.10427645 0.31975001
0.037534062 0.10403186 0.31900001
0.040261451 0.1038688 0.31850001
0.042946305 0.10362421 0.31775001
0.045582063 0.1032981 0.31675002
0.04831481 0.10321657 0.31650001
0.051002838 0.10305351 0.31600001
0.053639576 0.10280892 0.31525001
0.056263193 0.10256433 0.3145
0.058826782 0.10223821 0.31350002
0.061372869 0.10191209 0.3125
0.063952751 0.10166751 0.31175002
0.066519506 0.10142291 0.31100002
0.069017477 0.10109679 0.31
0.071440116 0.10068914 0.30875
0.07414104 0.10068914 0.30875
0.07696642 0.10085221 0.30925003
0.079671726 0.10085221 0.30925003
0.082310423 0.10077067 0.30900002
0.084944762 0.10068914 0.30875
0.087716654 0.10077067 0.30900002
0.090492934 0.10085221 0.30925003
0.093047544 0.10068914 0.30875
0.095593423 0.10052609 0.30825001
0.098130547 0.10036303 0.30775002
0.10082273 0.10036303 0.30775002
0.10343082 0.10028149 0.3075
0.10594826 0.10011844 0.30700001
0.10819156 0.099710792 0.30575001
0.11086625 0.099710792 0.30575001
0.11335526 0.099547729 0.30525002
0.11574049 0.099303141 0.30450001
0.11820982 0.099140085 0.30400002
0.12067041 0.098977029 0.30350003
0.12312222 0.098813958 0.303
0.12535778 0.098487847 0.30200002
0.12778772 0.098324791 0.30150002
0.12999265 0.097998664 0.30050001
0.13251108 0.09791714 0.30025002
0.13502513 0.097835608 0.30000001
0.13742009 0.097672552 0.29950002
0.13992321 0.09759102 0.29925001
0.14242196 0.097509496 0.29900002
0.14443125 0.097101845 0.29775003
0.14654212 0.096775718 0.29675001
0.14876114 0.09653113 0.296
0.15122271 0.096449606 0.29575002
0.15367991 0.096368074 0.29550001
0.15600051 0.096205018 0.29500002
0.15831238 0.096041955 0.29450002
0.16075206 0.095960423 0.29425001
0.16346493 0.096041955 0.29450002
0.16575928 0.095878892 0.294
0.16804489 0.095715836 0.29350001
0.17017643 0.095471241 0.29275
0.17258991 0.095389716 0.29250002
0.17514868 0.095389716 0.29250002
0.17725179 0.095145129 0.29175001
0.17887954 0.094655946 0.29025
0.18110614 0.09449289 0.28975001
0.18364085 0.09449289 0.28975001
0.18617557 0.09449289 0.28975001
0.18854748 0.094411366 0.28950003
0.19058499 0.094166778 0.28875002
0.19294375 0.094085239 0.28850001
0.19512877 0.093922183 0.28800002
0.19713347 0.093677595 0.28725001
-0 0 0
-0 0 0
-0 0 0
-0 0 0
-0 0 0
-0 0 0
-0 0 0
-0 0 0
-0 0 0
-0 0 0
-0 0 0
-0 0 0
-0 0 0
-0 0 0
-0 0 0
-0 0 0
-0 0 0
-0 0 0
-0 0 0
-0 0 0
-0 0 0
-0 0 0
-0 0 0
-0 0 0
-0 0 0
-0 0 0
-0 0 0
-0 0 0
-0 0 0
-0 0 0
-0 0 0
-0 0 0
-0 0 0
-0 0 0
-0 0 0
-0 0 0
-0 0 0
-0 0 0
-0 0 0
-0 0 0
-0 0 0
-0 0 0
-0 0 0
-0 0 0
-0 0 0
-0 0 0
-0 0 0
-0 0 0
-0 0 0
-0 0 0
-0 0 0
-0 0 0
-0 0 0
-0 0 0
-0 0 0
-0 0 0
-0 0 0
-0 0 0
-0 0 0
-0 0 0
-0 0 0
-0 0 0
-0 0 0
-0 0 0
-0 0 0
-0.045195609 0.11125721 0.33225003
-0.042257283 0.1111735 0.33200002
-0.039352961 0.1111735 0.33200002
-0.036448643 0.1111735 0.33200002
-0.033468544 0.11092235 0.33125001
-0.030501567 0.1106712 0.33050001
-0.027568601 0.11050377 0.33000001
-0.024700478 0.11058749 0.33025002
-0.021811467 0.11058749 0.33025002
-0.018879481 0.11033635 0.32950002
-0.015972758 0.11016892 0.32900003
-0.013084732 0.1100852 0.32875001
-0.01017779 0.10975035 0.32775003
-0.0072994954 0.10958291 0.32725
-0.0044299504 0.10941548 0.32675001
-0.0015715576 0.10941548 0.32675001
0.0012838813 0.10916433 0.32600001
0.004123027 0.10882948 0.32500002
0.0069553941 0.10866205 0.32450002
0.0097790118 0.10849461 0.324
0.012603615 0.1084109 0.32375002
0.015447684 0.10849461 0.324
0.018183274 0.10790861 0.32225001
0.020953419 0.10765746 0.3215
0.023728924 0.10749003 0.32100001
0.026495682 0.1073226 0.32050002
0.029253691 0.10715518 0.32000002
0.032053035 0.10715518 0.32000002
0.03482515 0.10707146 0.31975001
0.037504647 0.1067366 0.31875002
0.040198248 0.10648546 0.31800002
0.042912517 0.10631803 0.31750003
0.045582063 0.10606688 0.31675002
0.048276652 0.10589945 0.31625003
0.050962485 0.10573202 0.31575
0.053597044 0.10548088 0.31500003
0.056173746 0.10514601 0.31400001
0.05873296 0.10481116 0.31300002
0.061274674 0.1044763 0.31200001
0.063901462 0.10430887 0.31150001
0.066466033 0.10405772 0.31075001
0.068906166 0.10363914 0.30950001
0.071324423 0.10322057 0.30825001
0.07414104 0.103388 0.30875
0.07696642 0.10355543 0.30925003
0.079736121 0.10363914 0.30950001
0.082377024 0.10355543 0.30925003
0.084944762 0.103388 0.30875
0.087787628 0.10355543 0.30925003
0.090492934 0.10355543 0.30925003
0.093047544 0.103388 0.30875
0.095670953 0.10330429 0.30850002
0.098210268 0.10313686 0.30800003
0.10082273 0.10305315 0.30775002
0.10334673 0.10288572 0.30725002
0.10577571 0.10263456 0.30650002
0.10828003 0.10246714 0.30600002
0.11077559 0.10229971 0.3055
0.11326241 0.10213228 0.30500001
0.11564547 0.10188112 0.30425
0.1181126 0.1017137 0.30375001
0.12067041 0.10162999 0.30350003
0.12302064 0.10137884 0.30275002
0.12546155 0.10121141 0.30225003
0.12778772 0.10096027 0.30150002
0.13020895 0.10079284 0.30100003
0.13262141 0.1006254 0.30050001
0.13502513 0.10045797 0.30000001
0.13742009 0.10029055 0.29950002
0.13980632 0.10012312 0.29900002
0.14254102 0.10020683 0.29925001
0.14467379 0.099871971 0.29825002
0.14666557 0.099453397 0.29700002
0.14888678 0.099202253 0.29625002
0.15147837 0.099202253 0.29625002
0.15393993 0.099118531 0.296
0.15652932 0.099118531 0.296
0.15871555 0.098867394 0.29525003
0.1611618 0.098783679 0.29500002
0.16360368 0.098699957 0.29475001
0.16590023 0.098532535 0.29425001
0.16818805 0.098365106 0.29375002
0.17046711 0.098197676 0.29325002
0.1727374 0.098030239 0.29275
0.17529836 0.098030239 0.29275
0.17725179 0.09769538 0.29175001
0.17887954 0.097193092 0.29025
0.18110614 0.097025663 0.28975001
0.18379931 0.097109377 0.29000002
0.18617557 0.097025663 0.28975001
0.18854748 0.096941955 0.28950003
0.19074999 0.096774518 0.289
0.19277655 0.096523367 0.28825
0.19495937 0.096355937 0.28775001
0.19696188 0.096104793 0.287
-0 0 0
-0 0 0
-0 0 0
-0 0 0
-0 0 0
-0 0 0
-0 0 0
-0 0 0
-0 0 0
-0 0 0
-0 0 0
-0 0 0
-0 0 0
-0 0 0
-0 0 0
-0 0 0
-0 0 0
-0 0 0
-0 0 0
-0 0 0
-0 0 0
-0 0 0
-0 0 0
-0 0 0
-0 0 0
-0 0 0
-0 0 0
-0 0 0
-0 0 0
-0 0 0
-0 0 0
-0 0 0
-0 0 0
-0 0 0
-0 0 0
-0 0 0
-0 0 0
-0 0 0
-0 0 0
-0 0 0
-0 0 0
-0 0 0
-0 0 0
-0 0 0
-0 0 0
-0 0 0
-0 0 0
-0 0 0
-0 0 0
-0 0 0
-0 0 0
-0 0 0
-0 0 0
-0 0 0
-0 0 0
-0 0 0
-0 0 0
-0 0 0
-0 0 0
-0 0 0
-0 0 0
-0 0 0
-0 0 0
-0 0 0
-0 0 0
-0.045127593 0.11398968 0.33175001
-0.042289104 0.11416149 0.33225003
-0.039471492 0.11441918 0.333
-0.036503531 0.11424738 0.33250001
-0.033493802 0.11390378 0.33150002
-0.030524641 0.11364608 0.33075002
-0.027610373 0.11356018 0.33050001
-0.024719175 0.11356018 0.33050001
-0.021827977 0.11356018 0.33050001
-0.018893804 0.11330248 0.32975
-0.015984895 0.11313067 0.32925001
-0.013084732 0.11295888 0.32875001
-0.010193316 0.11278708 0.32825002
-0.0073050722 0.11252937 0.32750002
-0.0044299504 0.11227167 0.32675001
-0.0015715576 0.11227167 0.32675001
0.0012848659 0.11209988 0.32625002
0.0041261986 0.11175628 0.32525003
0.0069500352 0.11141267 0.32425001
0.0097639207 0.11115497 0.32350001
0.012584151 0.11106908 0.32325003
0.015447684 0.11132677 0.324
0.018197382 0.11081138 0.32250002
0.020953419 0.11046777 0.3215
0.023747407 0.11038187 0.32125002
0.026495682 0.11012417 0.32050002
0.029230837 0.10986647 0.31975001
0.032027993 0.10986647 0.31975001
0.034797926 0.10978057 0.31950003
0.037504647 0.10952287 0.31875002
0.040166643 0.10917927 0.31775001
0.042844936 0.10892156 0.317
0.045546085 0.10874976 0.31650001
0.048238486 0.10857797 0.31600001
0.050962485 0.10849206 0.31575
0.053511962 0.10806256 0.3145
0.056084298 0.10771896 0.31350002
0.058686048 0.10746126 0.31275001
0.061176479 0.10703176 0.31150001
0.063747607 0.10677405 0.31075001
0.066305615 0.10651635 0.31
0.068961821 0.10643046 0.30975002
0.071497962 0.10617276 0.30900002
0.074201077 0.10617276 0.30900002
0.077090859 0.10643046 0.30975002
0.079736121 0.10634456 0.30950001
0.082310423 0.10617276 0.30900002
0.084944762 0.10608685 0.30875
0.087716654 0.10617276 0.30900002
0.090419777 0.10617276 0.30900002
0.093047544 0.10608685 0.30875
0.095593423 0.10591505 0.30825001
0.098210268 0.10582916 0.30800003
0.10065892 0.10557146 0.30725002
0.10309446 0.10531376 0.30650002
0.10551687 0.10505605 0.30575001
0.10819156 0.10505605 0.30575001
0.11068495 0.10488425 0.30525002
0.11307674 0.10462655 0.30450001
0.11555045 0.10445476 0.30400002
0.11820982 0.10445476 0.30400002
0.1207698 0.10436885 0.30375001
0.12302064 0.10402525 0.30275002
0.12535778 0.10376755 0.30200002
0.12778772 0.10359575 0.30150002
0.13031709 0.10350984 0.30125001
0.13262141 0.10325214 0.30050001
0.13502513 0.10308035 0.30000001
0.1375348 0.10299444 0.29975
0.13992321 0.10282264 0.29925001
0.14242196 0.10273675 0.29900002
0.14467379 0.10247905 0.29825002
0.14691249 0.10222134 0.29750001
0.14938936 0.10213544 0.29725
0.15186186 0.10204954 0.29700002
0.15419997 0.10187775 0.29650003
0.15652932 0.10170594 0.296
0.15871555 0.10144825 0.29525003
0.1611618 0.10136234 0.29500002
0.16346493 0.10119054 0.29450002
0.16575928 0.10101873 0.294
0.16775863 0.10067514 0.29300001
0.17003112 0.10050334 0.29250002
0.17244239 0.10041744 0.29225001
0.17514868 0.10050334 0.29250002
0.17725179 0.10024564 0.29175001
0.17903364 0.099816136 0.29050002
0.1812624 0.099644341 0.29000002
0.18395774 0.099730231 0.29025
0.18617557 0.099558435 0.28975001
0.18854748 0.099472538 0.28950003
0.190915 0.099386632 0.28925002
0.19277655 0.099043027 0.28825
0.19462062 0.098699428 0.28725001
0.19679032 0.098527633 0.28675002
-0 0 0
-0 0 0
-0 0 0
-0 0 0
-0 0 0
-0 0 0
-0 0 0
-0 0 0
-0 0 0
-0 0 0
-0 0 0
-0 0 0
-0 0 0
-0 0 0
-0 0 0
-0 0 0
-0 0 0
-0 0 0
-0 0 0
-0 0 0
-0 0 0
-0 0 0
-0 0 0
-0 0 0
-0 0 0
-0 0 0
-0 0 0
-0 0 0
-0 0 0
-0 0 0
-0 0 0
-0 0 0
-0 0 0
-0 0 0
-0 0 0
-0 0 0
-0 0 0
-0 0 0
-0 0 0
-0 0 0
-0 0 0
-0 0 0
-0 0 0
-0 0 0
-0 0 0
-0 0 0
-0 0 0
-0 0 0
-0 0 0
-0 0 0
-0 0 0
-0 0 0
-0 0 0
-0 0 0
-0 0 0
-0 0 0
-0 0 0
-0 0 0
-0 0 0
-0 0 0
-0 0 0
-0 0 0
-0 0 0
-0 0 0
-0 0 0
-0 0 0
-0 0 0
-0.039501127 0.1174181 0.33325002
-0.036476087 0.11706576 0.33225003
-0.033468544 0.11671341 0.33125001
-0.030524641 0.11653724 0.33075002
-0.027631259 0.11653724 0.33075002
-0.024737874 0.11653724 0.33075002
-0.021827977 0.11644915 0.33050001
-0.018879481 0.11609682 0.32950002
-0.015984895 0.11600873 0.32925001
-0.013094682 0.11592065 0.32900003
-0.01017779 0.11548022 0.32775003
-0.0072939196 0.11521596 0.32700002
-0.0044265613 0.1150398 0.32650003
-0.0015703553 0.1150398 0.32650003
0.0012838813 0.11486361 0.32600001
0.004135713 0.11486361 0.32600001
0.0069661108 0.11451127 0.32500002
0.0097639207 0.11398276 0.32350001
0.012564685 0.1137185 0.32275
0.015435765 0.11407085 0.32375002
0.018197382 0.11363042 0.32250002
0.020937126 0.11319 0.32125002
0.023728924 0.1131019 0.32100001
0.026495682 0.11292574 0.32050002
0.029207984 0.1125734 0.31950003
0.032027993 0.11266147 0.31975001
0.03482515 0.11266147 0.31975001
0.037504647 0.11230914 0.31875002
0.040103439 0.11178062 0.31725001
0.042743571 0.11142828 0.31625003
0.045546085 0.11151636 0.31650001
0.048276652 0.11142828 0.31625003
0.050962485 0.11125211 0.31575
0.053384356 0.11054743 0.31375003
0.055994853 0.11028317 0.31300002
0.058545314 0.10993082 0.31200001
0.061127376 0.10966656 0.31125
0.063747607 0.10949039 0.31075001
0.066466033 0.10949039 0.31075001
0.069240123 0.10957848 0.31100002
0.071729347 0.10922614 0.31
0.074441209 0.10922614 0.31
0.077277519 0.10940231 0.31050003
0.079929344 0.10931423 0.31025001
0.082377024 0.10896189 0.30925003
0.084944762 0.1087857 0.30875
0.087716654 0.1088738 0.30900002
0.090346619 0.1087857 0.30875
0.092896864 0.10860953 0.30825001
0.095593423 0.10860953 0.30825001
0.098210268 0.10852146 0.30800003
0.10065892 0.1082572 0.30725002
0.10309446 0.10799294 0.30650002
0.10568943 0.10790485 0.30625001
0.10810309 0.10764059 0.3055
0.11050365 0.10737634 0.30475003
0.11289106 0.10711209 0.30400002
0.11555045 0.10711209 0.30400002
0.11820982 0.10711209 0.30400002
0.1207698 0.107024 0.30375001
0.12312222 0.10675974 0.303
0.12535778 0.1064074 0.30200002
0.12789369 0.10631931 0.30175
0.13031709 0.10614314 0.30125001
0.13273174 0.10596697 0.30075002
0.13513765 0.1057908 0.30025002
0.13764951 0.10570271 0.30000001
0.13992321 0.10543846 0.29925001
0.14218378 0.1051742 0.2985
0.14443125 0.10490995 0.29775003
0.14703596 0.10490995 0.29775003
0.14964065 0.10490995 0.29775003
0.15198967 0.10473377 0.29725
0.15406996 0.10438143 0.29625002
0.15639713 0.10420527 0.29575002
0.15858115 0.103941 0.29500002
0.16075206 0.10367674 0.29425001
0.16304862 0.10350057 0.29375002
0.16519548 0.10323632 0.29300001
0.16732921 0.10297206 0.29225001
0.16959514 0.10279589 0.29175001
0.17214736 0.10279589 0.29175001
0.17469957 0.10279589 0.29175001
0.17679612 0.10253163 0.29100001
0.17903364 0.10235547 0.29050002
0.18141866 0.10226737 0.29025
0.18379931 0.1021793 0.29000002
0.18617557 0.1020912 0.28975001
0.18854748 0.10200313 0.28950003
0.190915 0.10191504 0.28925002
0.19260937 0.10147461 0.28800002
0.19462062 0.10121035 0.28725001
0.19713347 0.10121035 0.28725001
-0 0 0
-0 0 0
-0 0 0
-0 0 0
-0 0 0
-0 0 0
-0 0 0
-0 0 0
-0 0 0
-0 0 0
-0 0 0
-0 0 0
-0 0 0
-0 0 0
-0 0 0
-0 0 0
-0 0 0
-0 0 0
-0 0 0
-0 0 0
-0 0 0
-0 0 0
-0 0 0
-0 0 0
-0 0 0
-0 0 0
-0 0 0
-0 0 0
-0 0 0
-0 0 0
-0 0 0
-0 0 0
-0 0 0
-0 0 0
-0 0 0
-0 0 0
-0 0 0
-0 0 0
-0 0 0
-0 0 0
-0 0 0
-0 0 0
-0 0 0
-0 0 0
-0 0 0
-0 0 0
-0 0 0
-0 0 0
-0 0 0
-0 0 0
-0 0 0
-0 0 0
-0 0 0
-0 0 0
-0 0 0
-0 0 0
-0 0 0
-0 0 0
-0 0 0
-0 0 0
-0 0 0
-0 0 0
-0 0 0
-0 0 0
-0 0 0
-0 0 0
-0 0 0
-0.039412227 0.1200603 0.33250001
-0.036338858 0.11951868 0.33100003
-0.033418026 0.1194284 0.33075002
-0.030570785 0.11960895 0.33125001
-0.027673028 0.11960895 0.33125001
-0.02477527 0.11960895 0.33125001
-0.021827977 0.11933813 0.33050001
-0.018865157 0.11888678 0.32925001
-0.015984895 0.11888678 0.32925001
-0.013094682 0.11879651 0.32900003
-0.010185553 0.11843542 0.32800001
-0.0072994954 0.11816461 0.32725
-0.0044265613 0.11789381 0.32650003
-0.0015703553 0.11789381 0.32650003
0.0012858505 0.11789381 0.32650003
0.0041388846 0.11780353 0.32625002
0.0069714696 0.11744245 0.32525003
0.0097790118 0.11699109 0.324
0.012574418 0.11663001 0.32300001
0.015411926 0.11672028 0.32325003
0.018183274 0.11635919 0.32225001
0.020953419 0.11608838 0.3215
0.023728924 0.11590784 0.32100001
0.026475014 0.11563703 0.32025
0.029207984 0.11536622 0.31950003
0.031977911 0.11527594 0.31925002
0.034770694 0.11527594 0.31925002
0.037504647 0.11509541 0.31875002
0.040103439 0.11455378 0.31725001
0.042675991 0.11401214 0.31575
0.045474131 0.11410242 0.31600001
0.048238486 0.11410242 0.31600001
0.050881784 0.11383161 0.31525001
0.053384356 0.11328999 0.31375003
0.055950124 0.1129289 0.31275001
0.058404576 0.11238727 0.31125
0.061127376 0.11238727 0.31125
0.063952751 0.11256782 0.31175002
0.066679925 0.11256782 0.31175002
0.069407098 0.11256782 0.31175002
0.071960732 0.11229701 0.31100002
0.074561283 0.11211646 0.31050003
0.077339731 0.11220673 0.31075001
0.079993755 0.11211646 0.31050003
0.082510211 0.11184565 0.30975002
0.085151106 0.11175538 0.30950001
0.087787628 0.11166511 0.30925003
0.090419777 0.11157484 0.30900002
0.092972212 0.1113943 0.30850002
0.095670953 0.1113943 0.30850002
0.098210268 0.11121376 0.30800003
0.10065892 0.11094294 0.30725002
0.10334673 0.11094294 0.30725002
0.10594826 0.11085267 0.30700001
0.10828003 0.11049159 0.30600002
0.11041299 0.10994996 0.30450001
0.11289106 0.10976942 0.30400002
0.11555045 0.10976942 0.30400002
0.1181126 0.10967915 0.30375001
0.120571 0.10949861 0.30325001
0.12312222 0.10940833 0.303
0.12535778 0.10904725 0.30200002
0.12789369 0.10895698 0.30175
0.13042524 0.10886671 0.30150002
0.13284208 0.10868617 0.30100003
0.13536268 0.1085959 0.30075002
0.13764951 0.10832509 0.30000001
0.14004011 0.10814454 0.29950002
0.14230287 0.10787373 0.29875001
0.14455251 0.10760292 0.29800001
0.14703596 0.10751265 0.29775003
0.14964065 0.10751265 0.29775003
0.15198967 0.1073321 0.29725
0.15406996 0.10697102 0.29625002
0.15626492 0.1067002 0.29550001
0.15858115 0.10651967 0.29500002
0.16061547 0.10615858 0.294
0.16304862 0.10606831 0.29375002
0.16519548 0.1057975 0.29300001
0.16747235 0.10561696 0.29250002
0.16974047 0.10543642 0.29200003
0.17229488 0.10543642 0.29200003
0.17469957 0.10534614 0.29175001
0.17679612 0.10507533 0.29100001
0.17918772 0.10498507 0.29075003
0.18157493 0.10489479 0.29050002
0.18379931 0.10471425 0.29000002
0.18601495 0.10453371 0.28950003
0.18854748 0.10453371 0.28950003
0.19108002 0.10453371 0.28950003
0.19260937 0.10399208 0.28800002
0.19462062 0.10372127 0.28725001
0.19730504 0.10381154 0.28750002
-0 0 0
-0 0 0
-0 0 0
-0 0 0
-0 0 0
-0 0 0
-0 0 0
-0 0 0
-0 0 0
-0 0 0
-0 0 0
-0 0 0
-0 0 0
-0 0 0
-0 0 0
-0 0 0
-0 0 0
-0 0 0
-0 0 0
-0 0 0
-0 0 0
-0 0 0
-0 0 0
-0 0 0
-0 0 0
-0 0 0
-0 0 0
-0 0 0
-0 0 0
-0 0 0
-0 0 0
-0 0 0
-0 0 0
-0 0 0
-0 0 0
-0 0 0
-0 0 0
-0 0 0
-0 0 0
-0 0 0
-0 0 0
-0 0 0
-0 0 0
-0 0 0
-0 0 0
-0 0 0
-0 0 0
-0 0 0
-0 0 0
-0 0 0
-0 0 0
-0 0 0
-0 0 0
-0 0 0
-0 0 0
-0 0 0
-0 0 0
-0 0 0
-0 0 0
-0 0 0
-0 0 0
-0 0 0
-0 0 0
-0 0 0
-0 0 0
-0 0 0
-0 0 0
-0 0 0
-0 0 0
-0.033392765 0.12222711 0.33050001
-0.030570785 0.12250448 0.33125001
-0.027693914 0.12259694 0.33150002
-0.024756573 0.12241203 0.33100003
-0.021811467 0.12213466 0.33025002
-0.018865157 0.12176482 0.32925001
-0.015984895 0.12176482 0.32925001
-0.013094682 0.12167238 0.32900003
-0.010201079 0.12148745 0.3285
-0.0073106489 0.1212101 0.32775003
-0.0044265613 0.12074782 0.32650003
-0.0015703553 0.12074782 0.32650003
0.0012848659 0.12065536 0.32625002
0.0041325418 0.12047045 0.32575002
0.0069661108 0.12019307 0.32500002
0.0097865574 0.1199157 0.32425001
0.012593883 0.11963833 0.32350001
0.015388086 0.11936096 0.32275
0.018169168 0.11908361 0.32200003
0.020953419 0.11889868 0.3215
0.023728924 0.11871377 0.32100001
0.026475014 0.1184364 0.32025
0.029207984 0.11815904 0.31950003
0.031952869 0.11797412 0.31900001
0.034689009 0.11778921 0.31850001
0.037357572 0.11741939 0.31750003
0.039977033 0.11695711 0.31625003
0.042675991 0.11677219 0.31575
0.045438156 0.11677219 0.31575
0.048123993 0.11658728 0.31525001
0.050720386 0.11621746 0.31425002
0.053299278 0.11584763 0.31325001
0.05586068 0.11547781 0.31225002
0.058404576 0.11510798 0.31125
0.061274674 0.11538535 0.31200001
0.064055324 0.11547781 0.31225002
0.06678687 0.11547781 0.31225002
0.069518417 0.11547781 0.31225002
0.072018571 0.11510798 0.31125
0.074561283 0.11483062 0.31050003
0.077401958 0.11501553 0.31100002
0.080122568 0.11501553 0.31100002
0.082643397 0.11473816 0.31025001
0.08535745 0.11473816 0.31025001
0.088000529 0.1146457 0.31
0.090492934 0.11436833 0.30925003
0.093047544 0.11418342 0.30875
0.095670953 0.11409096 0.30850002
0.098210268 0.11390606 0.30800003
0.10082273 0.11381359 0.30775002
0.10334673 0.11362869 0.30725002
0.10586199 0.11344378 0.30675003
0.10836849 0.11325885 0.30625001
0.11077559 0.11298148 0.3055
0.11316958 0.11270413 0.30475003
0.11564547 0.1125192 0.30425
0.1180154 0.11224184 0.30350003
0.1204716 0.11205693 0.303
0.12302064 0.11196447 0.30275002
0.12525399 0.11159464 0.30175
0.12789369 0.11159464 0.30175
0.13042524 0.11150219 0.30150002
0.13284208 0.11131728 0.30100003
0.1349126 0.11085499 0.29975
0.13730538 0.11067008 0.29925001
0.14004011 0.11076254 0.29950002
0.14230287 0.11048517 0.29875001
0.14455251 0.1102078 0.29800001
0.14703596 0.11011535 0.29775003
0.149515 0.11002289 0.29750001
0.15173402 0.10974552 0.29675001
0.15406996 0.10956061 0.29625002
0.15613273 0.10919079 0.29525003
0.15844676 0.10900587 0.29475001
0.16088864 0.10891342 0.29450002
0.16318738 0.1087285 0.294
0.16519548 0.10835868 0.29300001
0.16775863 0.10835868 0.29300001
0.17017643 0.10826622 0.29275
0.17214736 0.1078964 0.29175001
0.17440018 0.10771149 0.29125002
0.17679612 0.10761902 0.29100001
0.17934178 0.10761902 0.29100001
0.18157493 0.10743412 0.29050002
0.18379931 0.10724921 0.29000002
0.18601495 0.1070643 0.28950003
0.18838464 0.10697184 0.28925002
0.19074999 0.10687938 0.289
0.19260937 0.10650956 0.28800002
0.19462062 0.10623219 0.28725001
0.19713347 0.10623219 0.28725001
-0 0 0
-0 0 0
-0 0 0
-0 0 0
-0 0 0
-0 0 0
-0 0 0
-0 0 0
-0 0 0
-0 0 0
-0 0 0
-0 0 0
-0 0 0
-0 0 0
-0 0 0
-0 0 0
-0 0 0
-0 0 0
-0 0 0
-0 0 0
-0 0 0
-0 0 0
-0 0 0
-0 0 0
-0 0 0
-0 0 0
-0 0 0
-0 0 0
-0 0 0
-0 0 0
-0 0 0
-0 0 0
-0 0 0
-0 0 0
-0 0 0
-0 0 0
-0 0 0
-0 0 0
-0 0 0
-0 0 0
-0 0 0
-0 0 0
-0 0 0
-0 0 0
-0 0 0
-0 0 0
-0 0 0
-0 0 0
-0 0 0
-0 0 0
-0 0 0
-0 0 0
-0 0 0
-0 0 0
-0 0 0
-0 0 0
-0 0 0
-0 0 0
-0 0 0
-0 0 0
-0 0 0
-0 0 0
-0 0 0
-0 0 0
-0 0 0
-0 0 0
-0 0 0
-0 0 0
-0 0 0
-0 0 0
-0.030547714 0.12530537 0.33100003
-0.027673028 0.12540001 0.33125001
-0.024737874 0.12521073 0.33075002
-0.021778442 0.12483216 0.32975
-0.018879481 0.12473752 0.32950002
-0.016009169 0.12483216 0.32975
-0.013114583 0.12473752 0.32950002
-0.010201079 0.12435895 0.3285
-0.0073050722 0.12398039 0.32750002
-0.0044231717 0.12350718 0.32625002
-0.0015679504 0.12341253 0.32600001
0.0012838813 0.12341253 0.32600001
0.0041293697 0.12322325 0.32550001
0.0069661108 0.12303398 0.32500002
0.009794103 0.1228447 0.32450002
0.012593883 0.12246612 0.32350001
0.015376167 0.12208756 0.32250002
0.018155061 0.12180363 0.32175002
0.020937126 0.12161435 0.32125002
0.023728924 0.12151971 0.32100001
0.026475014 0.12123578 0.32025
0.029185129 0.12085722 0.31925002
0.031927828 0.12066794 0.31875002
0.034661781 0.12047864 0.31825
0.037328154 0.12010009 0.31725001
0.039977033 0.11972152 0.31625003
0.042675991 0.11953223 0.31575
0.04540218 0.1194376 0.31550002
0.048009504 0.11905903 0.3145
0.050639685 0.11877511 0.31375003
0.053171664 0.11830189 0.3125
0.05586068 0.11820726 0.31225002
0.058686048 0.11839654 0.31275001
0.061471067 0.11849119 0.31300002
0.064106598 0.11830189 0.3125
0.066840336 0.11830189 0.3125
0.069518417 0.11820726 0.31225002
0.072134271 0.11801798 0.31175002
0.074741371 0.11782868 0.31125
0.077526398 0.11792333 0.31150001
0.080251381 0.11792333 0.31150001
0.082776584 0.11763941 0.31075001
0.085426234 0.11754477 0.31050003
0.088071495 0.11745013 0.31025001
0.090492934 0.11707156 0.30925003
0.092972212 0.11678763 0.30850002
0.095515899 0.11659835 0.30800003
0.098130547 0.11650371 0.30775002
0.10082273 0.11650371 0.30775002
0.10334673 0.11631443 0.30725002
0.10577571 0.1160305 0.30650002
0.10819156 0.11574658 0.30575001
0.11077559 0.11565193 0.3055
0.11335526 0.1155573 0.30525002
0.11583553 0.11536802 0.30475003
0.1181126 0.11498944 0.30375001
0.1204716 0.11470552 0.303
0.12291905 0.11451624 0.30250001
0.12525399 0.11423231 0.30175
0.12778772 0.11413767 0.30150002
0.13031709 0.11404303 0.30125001
0.13273174 0.11385375 0.30075002
0.13480009 0.11338054 0.29950002
0.13719068 0.11319126 0.29900002
0.13992321 0.11328589 0.29925001
0.14230287 0.11309662 0.29875001
0.14443125 0.11271805 0.29775003
0.14678903 0.11252876 0.29725
0.14913806 0.11233948 0.29675001
0.15147837 0.1121502 0.29625002
0.15419997 0.11224484 0.29650003
0.15613273 0.11177164 0.29525003
0.15804358 0.11129842 0.294
0.16075206 0.11139306 0.29425001
0.16304862 0.11120378 0.29375002
0.16505452 0.11082521 0.29275
0.16775863 0.11091986 0.29300001
0.17017643 0.11082521 0.29275
0.17214736 0.11044665 0.29175001
0.17440018 0.11025737 0.29125002
0.17664425 0.11006809 0.29075003
0.17918772 0.11006809 0.29075003
0.18141866 0.1098788 0.29025
0.18364085 0.10968952 0.28975001
0.1858543 0.10950024 0.28925002
0.188059 0.10931095 0.28875002
0.19041997 0.10921631 0.28850001
0.19260937 0.10902703 0.28800002
0.19462062 0.1087431 0.28725001
0.19730504 0.10883775 0.28750002
-0 0 0
-0 0 0
-0 0 0
-0 0 0
-0 0 0
-0 0 0
-0 0 0
-0 0 0
-0 0 0
-0 0 0
-0 0 0
-0 0 0
-0 0 0
-0 0 0
-0 0 0
-0 0 0
-0 0 0
-0 0 0
-0 0 0
-0 0 0
-0 0 0
-0 0 0
-0 0 0
-0 0 0
-0 0 0
-0 0 0
-0 0 0
-0 0 0
-0 0 0
-0 0 0
-0 0 0
-0 0 0
-0 0 0
-0 0 0
-0 0 0
-0 0 0
-0 0 0
-0 0 0
-0 0 0
-0 0 0
-0 0 0
-0 0 0
-0 0 0
-0 0 0
-0 0 0
-0 0 0
-0 0 0
-0 0 0
-0 0 0
-0 0 0
-0 0 0
-0 0 0
-0 0 0
-0 0 0
-0 0 0
-0 0 0
-0 0 0
-0 0 0
-0 0 0
-0 0 0
-0 0 0
-0 0 0
-0 0 0
-0 0 0
-0 0 0
-0 0 0
-0 0 0
-0 0 0
-0 0 0
-0 0 0
-0.030524641 0.12810189 0.33075002
-0.027589489 0.12790824 0.33025002
-0.024681779 0.12781142 0.33000001
-0.021811467 0.12790824 0.33025002
-0.01890813 0.12781142 0.33000001
-0.016009169 0.12771457 0.32975
-0.013094682 0.12742411 0.32900003
-0.010201079 0.12723045 0.3285
-0.0073050722 0.12684314 0.32750002
-0.0044265613 0.12645584 0.32650003
-0.0015715576 0.12655266 0.32675001
0.0012848659 0.12635902 0.32625002
0.0041293697 0.12606853 0.32550001
0.006960752 0.12577805 0.32475001
0.0097790118 0.12548757 0.324
0.012574418 0.12510026 0.32300001
0.015376167 0.12490661 0.32250002
0.018140955 0.1245193 0.3215
0.020937126 0.12442248 0.32125002
0.023728924 0.12432564 0.32100001
0.026475014 0.12403516 0.32025
0.029162273 0.12355103 0.31900001
0.031877745 0.12326054 0.31825
0.034607325 0.12306689 0.31775001
0.037357572 0.12297007 0.31750003
0.040040236 0.12267959 0.31675002
0.042642202 0.12219546 0.31550002
0.045294251 0.12190498 0.31475002
0.047895018 0.12151767 0.31375003
0.050518636 0.12122719 0.31300002
0.053214204 0.12113035 0.31275001
0.056084298 0.12142084 0.31350002
0.058826782 0.12142084 0.31350002
0.061520163 0.12132401 0.31325001
0.064106598 0.12103353 0.3125
0.06678687 0.12093671 0.31225002
0.069518417 0.12093671 0.31225002
0.072192118 0.12083988 0.31200001
0.074921474 0.12083988 0.31200001
0.077650838 0.12083988 0.31200001
0.080251381 0.12064622 0.31150001
0.08270999 0.12025892 0.31050003
0.085288666 0.12006526 0.31
0.087858595 0.11987161 0.30950001
0.090419777 0.11967796 0.30900002
0.092821524 0.11929066 0.30800003
0.095438369 0.11919382 0.30775002
0.098050825 0.11909699 0.3075
0.10065892 0.11900017 0.30725002
0.10326263 0.11890334 0.30700001
0.10577571 0.11870969 0.30650002
0.10819156 0.11841921 0.30575001
0.11068495 0.11822556 0.30525002
0.11326241 0.11812872 0.30500001
0.11602557 0.11822556 0.30525002
0.11830702 0.11783824 0.30425
0.1204716 0.11735411 0.303
0.12291905 0.11716045 0.30250001
0.12515023 0.11677316 0.30150002
0.12768176 0.11667632 0.30125001
0.1301008 0.11648268 0.30075002
0.13251108 0.11628902 0.30025002
0.1349126 0.11609536 0.29975
0.13742009 0.11599854 0.29950002
0.14004011 0.11599854 0.29950002
0.14218378 0.11561123 0.2985
0.14443125 0.11532076 0.29775003
0.14666557 0.11503027 0.29700002
0.14913806 0.11493344 0.29675001
0.15147837 0.11473979 0.29625002
0.15419997 0.11483662 0.29650003
0.15626492 0.11444931 0.29550001
0.1579092 0.11377152 0.29375002
0.16061547 0.11386834 0.294
0.16332616 0.11396518 0.29425001
0.16533643 0.11357787 0.29325002
0.16775863 0.11348104 0.29300001
0.17017643 0.11338421 0.29275
0.17229488 0.11309373 0.29200003
0.17440018 0.11280326 0.29125002
0.17649236 0.11251277 0.29050002
0.17887954 0.11241594 0.29025
0.18110614 0.11222229 0.28975001
0.18348242 0.11212547 0.28950003
0.1858543 0.11202864 0.28925002
0.18789618 0.11173815 0.28850001
0.19025496 0.11164133 0.28825
0.19260937 0.1115445 0.28800002
0.19495937 0.11144768 0.28775001
0.19781972 0.11164133 0.28825
-0 0 0
-0 0 0
-0 0 0
-0 0 0
-0 0 0
-0 0 0
-0 0 0
-0 0 0
-0 0 0
-0 0 0
-0 0 0
-0 0 0
-0 0 0
-0 0 0
-0 0 0
-0 0 0
-0 0 0
-0 0 0
-0 0 0
-0 0 0
-0 0 0
-0 0 0
-0 0 0
-0 0 0
-0 0 0
-0 0 0
-0 0 0
-0 0 0
-0 0 0
-0 0 0
-0 0 0
-0 0 0
-0 0 0
-0 0 0
-0 0 0
-0 0 0
-0 0 0
-0 0 0
-0 0 0
-0 0 0
-0 0 0
-0 0 0
-0 0 0
-0 0 0
-0 0 0
-0 0 0
-0 0 0
-0 0 0
-0 0 0
-0 0 0
-0 0 0
-0 0 0
-0 0 0
-0 0 0
-0 0 0
-0 0 0
-0 0 0
-0 0 0
-0 0 0
-0 0 0
-0 0 0
-0 0 0
-0 0 0
-0 0 0
-0 0 0
-0 0 0
-0 0 0
-0 0 0
-0 0 0
-0 0 0
-0 0 0
-0.027526831 0.13049799 0.32950002
-0.02466308 0.130597 0.32975
-0.021811467 0.13079503 0.33025002
-0.01890813 0.13069601 0.33000001
-0.016009169 0.130597 0.32975
-0.013094682 0.13029997 0.32900003
-0.010193316 0.13000293 0.32825002
-0.0072994954 0.12960687 0.32725
-0.0044333399 0.12950787 0.32700002
-0.0015739624 0.12960687 0.32725
0.0012828967 0.12901281 0.32575002
0.0041261986 0.12881479 0.32525003
0.0069661108 0.12871577 0.32500002
0.009794103 0.12851775 0.32450002
0.012584151 0.12802269 0.32325003
0.015376167 0.12772566 0.32250002
0.018126849 0.1272306 0.32125002
0.020920832 0.12713158 0.32100001
0.023691963 0.12693356 0.32050002
0.02643368 0.12663652 0.31975001
0.02913942 0.12624048 0.31875002
0.031852704 0.12594344 0.31800002
0.034607325 0.12584442 0.31775001
0.037357572 0.12574542 0.31750003
0.040008631 0.12534936 0.31650001
0.042540833 0.12465627 0.31475002
0.045150347 0.12426023 0.31375003
0.047818687 0.1240622 0.31325001
0.050599333 0.12416121 0.31350002
0.053384356 0.12426023 0.31375003
0.056129027 0.12426023 0.31375003
0.05873296 0.12396319 0.31300002
0.061520163 0.1240622 0.31325001
0.064209178 0.12396319 0.31300002
0.06673339 0.12356714 0.31200001
0.069518417 0.12366616 0.31225002
0.072192118 0.12356714 0.31200001
0.074861445 0.12346814 0.31175002
0.077588618 0.12346814 0.31175002
0.080186971 0.1232701 0.31125
0.08270999 0.12297308 0.31050003
0.085151106 0.12257702 0.30950001
0.087645687 0.12227998 0.30875
0.090346619 0.12227998 0.30875
0.092972212 0.12218098 0.30850002
0.095670953 0.12218098 0.30850002
0.098289974 0.12208196 0.30825001
0.10065892 0.12168591 0.30725002
0.10309446 0.12138887 0.30650002
0.10577571 0.12138887 0.30650002
0.10819156 0.12109184 0.30575001
0.11068495 0.12089381 0.30525002
0.11335526 0.12089381 0.30525002
0.11593054 0.1207948 0.30500001
0.11830702 0.12049776 0.30425
0.120571 0.12010172 0.30325001
0.12302064 0.1199037 0.30275002
0.12535778 0.11960666 0.30200002
0.12778772 0.11940864 0.30150002
0.1301008 0.1191116 0.30075002
0.13251108 0.11891358 0.30025002
0.13502513 0.11881456 0.30000001
0.13764951 0.11881456 0.30000001
0.140157 0.11871554 0.29975
0.14218378 0.11822049 0.2985
0.14443125 0.11792345 0.29775003
0.14691249 0.11782444 0.29750001
0.14926372 0.11762642 0.29700002
0.1516062 0.11742839 0.29650003
0.15419997 0.11742839 0.29650003
0.15639713 0.11713136 0.29575002
0.15817797 0.11653728 0.29425001
0.16088864 0.1166363 0.29450002
0.16346493 0.1166363 0.29450002
0.16561833 0.11633926 0.29375002
0.16775863 0.11604222 0.29300001
0.17003112 0.1158442 0.29250002
0.17258991 0.1158442 0.29250002
0.17454988 0.11544814 0.2915
0.17634046 0.11495309 0.29025
0.17887954 0.11495309 0.29025
0.18110614 0.11475506 0.28975001
0.18348242 0.11465605 0.28950003
0.18601495 0.11465605 0.28950003
0.18822181 0.11445802 0.289
0.19074999 0.11445802 0.289
0.19327813 0.11445802 0.289
0.19563691 0.11435902 0.28875002
0.1986776 0.11465605 0.28950003
-0 0 0
-0 0 0
-0 0 0
-0 0 0
-0 0 0
-0 0 0
-0 0 0
-0 0 0
-0 0 0
-0 0 0
-0 0 0
-0 0 0
-0 0 0
-0 0 0
-0 0 0
-0 0 0
-0 0 0
-0 0 0
-0 0 0
-0 0 0
-0 0 0
-0 0 0
-0 0 0
-0 0 0
-0 0 0
-0 0 0
-0 0 0
-0 0 0
-0 0 0
-0 0 0
-0 0 0
-0 0 0
-0 0 0
-0 0 0
-0 0 0
-0 0 0
-0 0 0
-0 0 0
-0 0 0
-0 0 0
-0 0 0
-0 0 0
-0 0 0
-0 0 0
-0 0 0
-0 0 0
-0 0 0
-0 0 0
-0 0 0
-0 0 0
-0 0 0
-0 0 0
-0 0 0
-0 0 0
-0 0 0
-0 0 0
-0 0 0
-0 0 0
-0 0 0
-0 0 0
-0 0 0
-0 0 0
-0 0 0
-0 0 0
-0 0 0
-0 0 0
-0 0 0
-0 0 0
-0 0 0
-0 0 0
-0 0 0
-0 0 0
-0.024644382 0.13337822 0.32950002
-0.021778442 0.13347942 0.32975
-0.018922454 0.13368182 0.33025002
-0.016033445 0.13368182 0.33025002
-0.013114583 0.13337822 0.32950002
-0.010193316 0.13287224 0.32825002
-0.0073050722 0.13256864 0.32750002
-0.004436729 0.13246745 0.32725
-0.0015727601 0.13236625 0.32700002
0.0012809277 0.13165788 0.32525003
0.0041198554 0.13145547 0.32475001
0.0069661108 0.13155667 0.32500002
0.009794103 0.13135429 0.32450002
0.012593883 0.13094948 0.32350001
0.015388086 0.13064589 0.32275
0.018126849 0.13003871 0.32125002
0.020904541 0.12983632 0.32075003
0.023673482 0.12963392 0.32025
0.026413014 0.12933034 0.31950003
0.029093709 0.12882434 0.31825
0.031802621 0.12852076 0.31750003
0.034580097 0.12852076 0.31750003
0.037328154 0.12841955 0.31725001
0.039913822 0.12781237 0.31575
0.042473257 0.12720519 0.31425002
0.045114368 0.1269016 0.31350002
0.047895018 0.12700279 0.31375003
0.050760735 0.12730637 0.3145
0.053511962 0.12730637 0.3145
0.056218471 0.12720519 0.31425002
0.058920603 0.12710398 0.31400001
0.06171656 0.12720519 0.31425002
0.064465605 0.12720519 0.31425002
0.067107707 0.12700279 0.31375003
0.069741048 0.12680039 0.31325001
0.072365656 0.126598 0.31275001
0.074921474 0.1262944 0.31200001
0.077588618 0.12619321 0.31175002
0.080186971 0.12599081 0.31125
0.082643397 0.12558602 0.31025001
0.085151106 0.12528244 0.30950001
0.087787628 0.12518124 0.30925003
0.090492934 0.12518124 0.30925003
0.09319824 0.12518124 0.30925003
0.095903546 0.12518124 0.30925003
0.098529123 0.12508003 0.30900002
0.10090464 0.12467525 0.30800003
0.10326263 0.12427045 0.30700001
0.10586199 0.12416927 0.30675003
0.10828003 0.12386567 0.30600002
0.11077559 0.12366327 0.3055
0.11326241 0.12346087 0.30500001
0.11574049 0.12325849 0.30450001
0.11820982 0.12305609 0.30400002
0.12067041 0.1228537 0.30350003
0.12322381 0.1227525 0.30325001
0.12546155 0.12234771 0.30225003
0.12789369 0.12214531 0.30175
0.13020895 0.12184173 0.30100003
0.13262141 0.12163932 0.30050001
0.13525017 0.12163932 0.30050001
0.13787892 0.12163932 0.30050001
0.1402739 0.12143693 0.30000001
0.14218378 0.12082974 0.2985
0.14455251 0.12062735 0.29800001
0.14703596 0.12052616 0.29775003
0.14938936 0.12032375 0.29725
0.15173402 0.12012136 0.29675001
0.15406996 0.11991896 0.29625002
0.15626492 0.11961538 0.29550001
0.15831238 0.11921059 0.29450002
0.16102521 0.11931178 0.29475001
0.16360368 0.11931178 0.29475001
0.16561833 0.118907 0.29375002
0.16761547 0.1185022 0.29275
0.16988578 0.1182998 0.29225001
0.17244239 0.1182998 0.29225001
0.17454988 0.11799621 0.2915
0.17649236 0.11759143 0.29050002
0.17903364 0.11759143 0.29050002
0.1812624 0.11738904 0.29000002
0.18379931 0.11738904 0.29000002
0.18601495 0.11718664 0.28950003
0.18822181 0.11698424 0.289
0.190915 0.11708544 0.28925002
0.19344534 0.11708544 0.28925002
0.19546753 0.11678185 0.28850001
0.19730504 0.11637706 0.28750002
-0 0 0
-0 0 0
-0 0 0
-0 0 0
-0 0 0
-0 0 0
-0 0 0
-0 0 0
-0 0 0
-0 0 0
-0 0 0
-0 0 0
-0 0 0
-0 0 0
-0 0 0
-0 0 0
-0 0 0
-0 0 0
-0 0 0
-0 0 0
-0 0 0
-0 0 0
-0 0 0
-0 0 0
-0 0 0
-0 0 0
-0 0 0
-0 0 0
-0 0 0
-0 0 0
-0 0 0
-0 0 0
-0 0 0
-0 0 0
-0 0 0
-0 0 0
-0 0 0
-0 0 0
-0 0 0
-0 0 0
-0 0 0
-0 0 0
-0 0 0
-0 0 0
-0 0 0
-0 0 0
-0 0 0
-0 0 0
-0 0 0
-0 0 0
-0 0 0
-0 0 0
-0 0 0
-0 0 0
-0 0 0
-0 0 0
-0 0 0
-0 0 0
-0 0 0
-0 0 0
-0 0 0
-0 0 0
-0 0 0
-0 0 0
-0 0 0
-0 0 0
-0 0 0
-0 0 0
-0 0 0
-0 0 0
-0 0 0
-0 0 0
-0 0 0
-0.021596819 0.13522464 0.32700002
-0.018879481 0.13625847 0.32950002
-0.016021308 0.13646522 0.33000001
-0.013114583 0.13625847 0.32950002
-0.010193316 0.13574155 0.32825002
-0.0073050722 0.13543139 0.32750002
-0.0044333399 0.13522464 0.32700002
-0.0015715576 0.13512126 0.32675001
0.0012819122 0.13460433 0.32550001
0.0041198554 0.13429418 0.32475001
0.0069500352 0.13408743 0.32425001
0.0097639207 0.13377728 0.32350001
0.012584151 0.13367389 0.32325003
0.015388086 0.13346712 0.32275
0.018140955 0.13295022 0.3215
0.020888247 0.13253668 0.32050002
0.023655003 0.13232993 0.32000002
0.026413014 0.13212316 0.31950003
0.029093709 0.13160624 0.31825
0.031802621 0.1312961 0.31750003
0.034552868 0.13119271 0.31725001
0.037298739 0.13108931 0.317
0.039913822 0.13057241 0.31575
0.042540833 0.13015889 0.31475002
0.045258272 0.13005549 0.3145
0.048047669 0.13015889 0.31475002
0.050881784 0.13036564 0.31525001
0.053597044 0.13026227 0.31500003
0.056263193 0.13005549 0.3145
0.058920603 0.12984873 0.31400001
0.06171656 0.12995212 0.31425002
0.064465605 0.12995212 0.31425002
0.067107707 0.12974535 0.31375003
0.069741048 0.12953858 0.31325001
0.072423503 0.12943521 0.31300002
0.07504154 0.12922843 0.3125
0.077650838 0.12902167 0.31200001
0.080380194 0.12902167 0.31200001
0.082843177 0.12860814 0.31100002
0.08521989 0.12809123 0.30975002
0.087929562 0.12809123 0.30975002
0.090566084 0.12798785 0.30950001
0.093122892 0.12778108 0.30900002
0.095748477 0.12767769 0.30875
0.098369695 0.12757431 0.30850002
0.10098653 0.12747093 0.30825001
0.10351491 0.12726417 0.30775002
0.10603454 0.1270574 0.30725002
0.10845695 0.12674725 0.30650002
0.1109569 0.12654048 0.30600002
0.11335526 0.12623034 0.30525002
0.11564547 0.12581681 0.30425
0.1180154 0.12550667 0.30350003
0.120571 0.12540327 0.30325001
0.12312222 0.12529989 0.303
0.12556532 0.12509312 0.30250001
0.12778772 0.1246796 0.30150002
0.13020895 0.12447283 0.30100003
0.13273174 0.12436945 0.30075002
0.13536268 0.12436945 0.30075002
0.13787892 0.12426606 0.30050001
0.14004011 0.12385254 0.29950002
0.14230287 0.12354238 0.29875001
0.14455251 0.12323223 0.29800001
0.14703596 0.12312886 0.29775003
0.14938936 0.12292209 0.29725
0.1516062 0.12261195 0.29650003
0.15406996 0.12250856 0.29625002
0.15626492 0.12219841 0.29550001
0.15844676 0.12188826 0.29475001
0.16088864 0.12178488 0.29450002
0.16304862 0.12147473 0.29375002
0.16533643 0.12126797 0.29325002
0.16775863 0.12116458 0.29300001
0.17003112 0.12095782 0.29250002
0.17214736 0.12064767 0.29175001
0.17410079 0.12023414 0.29075003
0.17649236 0.12013076 0.29050002
0.17918772 0.12023414 0.29075003
0.18141866 0.12002737 0.29025
0.18395774 0.12002737 0.29025
0.18617557 0.1198206 0.28975001
0.18822181 0.11951046 0.289
0.19074999 0.11951046 0.289
0.19311096 0.11940708 0.28875002
0.19445123 0.11868339 0.287
0.19644719 0.11837325 0.28625003
-0 0 0
-0 0 0
-0 0 0
-0 0 0
-0 0 0
-0 0 0
-0 0 0
-0 0 0
-0 0 0
-0 0 0
-0 0 0
-0 0 0
-0 0 0
-0 0 0
-0 0 0
-0 0 0
-0 0 0
-0 0 0
-0 0 0
-0 0 0
-0 0 0
-0 0 0
-0 0 0
-0 0 0
-0 0 0
-0 0 0
-0 0 0
-0 0 0
-0 0 0
-0 0 0
-0 0 0
-0 0 0
-0 0 0
-0 0 0
-0 0 0
-0 0 0
-0 0 0
-0 0 0
-0 0 0
-0 0 0
-0 0 0
-0 0 0
-0 0 0
-0 0 0
-0 0 0
-0 0 0
-0 0 0
-0 0 0
-0 0 0
-0 0 0
-0 0 0
-0 0 0
-0 0 0
-0 0 0
-0 0 0
-0 0 0
-0 0 0
-0 0 0
-0 0 0
-0 0 0
-0 0 0
-0 0 0
-0 0 0
-0 0 0
-0 0 0
-0 0 0
-0 0 0
-0 0 0
-0.037738618 0.14515609 0.34375003
-0 0 0
-0 0 0
-0 0 0
-0 0 0
-0 0 0
-0.01880786 0.13861085 0.32825002
-0.015984895 0.13903312 0.32925001
-0.013094682 0.13892756 0.32900003
-0.010185553 0.13850528 0.32800001
-0.0073050722 0.13829416 0.32750002
-0.0044333399 0.13808303 0.32700002
-0.0015703553 0.13787189 0.32650003
0.0012819122 0.13744961 0.32550001
0.0041198554 0.1371329 0.32475001
0.0069446764 0.13681619 0.324
0.0097639207 0.13660505 0.32350001
0.012574418 0.13639393 0.32300001
0.015364247 0.13607723 0.32225001
0.018126849 0.13565496 0.32125002
0.020871952 0.13523267 0.32025
0.023655003 0.13512711 0.32000002
0.026413014 0.13491598 0.31950003
0.029070856 0.13428257 0.31800002
0.031727497 0.13375473 0.31675002
0.03447118 0.13364916 0.31650001
0.037269324 0.13375473 0.31675002
0.039977033 0.1335436 0.31625003
0.042675991 0.13333245 0.31575
0.045438156 0.13333245 0.31575
0.048162159 0.13322689 0.31550002
0.050922137 0.13322689 0.31550002
0.053597044 0.13301575 0.31500003
0.056263193 0.13280462 0.3145
0.059014425 0.13280462 0.3145
0.061814755 0.13291018 0.31475002
0.064465605 0.13269904 0.31425002
0.067054227 0.13238235 0.31350002
0.069685392 0.13217121 0.31300002
0.072481349 0.13227677 0.31325001
0.07504154 0.13196006 0.3125
0.077588618 0.13164337 0.31175002
0.080251381 0.1315378 0.31150001
0.082776584 0.13122109 0.31075001
0.085288666 0.13090439 0.31
0.088000529 0.13090439 0.31
0.090566084 0.13069326 0.30950001
0.093122892 0.13048212 0.30900002
0.095748477 0.13037655 0.30875
0.098289974 0.13016541 0.30825001
0.10090464 0.13005985 0.30800003
0.10351491 0.12995428 0.30775002
0.10603454 0.12974314 0.30725002
0.10845695 0.12942643 0.30650002
0.11104755 0.12932086 0.30625001
0.11344808 0.12900417 0.3055
0.11574049 0.1285819 0.30450001
0.1181126 0.12826519 0.30375001
0.120571 0.12805405 0.30325001
0.12312222 0.12794848 0.303
0.12566909 0.12784292 0.30275002
0.12778772 0.12731507 0.30150002
0.13020895 0.12710394 0.30100003
0.13262141 0.12689281 0.30050001
0.13525017 0.12689281 0.30050001
0.13764951 0.12668167 0.30000001
0.13992321 0.12636496 0.29925001
0.14254102 0.12636496 0.29925001
0.14479505 0.12604825 0.2985
0.14703596 0.12573156 0.29775003
0.14938936 0.12552041 0.29725
0.1516062 0.12520371 0.29650003
0.15419997 0.12520371 0.29650003
0.15679374 0.12520371 0.29650003
0.15884994 0.12478144 0.29550001
0.16088864 0.12435918 0.29450002
0.16290987 0.12393689 0.29350001
0.16519548 0.12372576 0.29300001
0.16775863 0.12372576 0.29300001
0.17003112 0.12351463 0.29250002
0.17199984 0.12309235 0.2915
0.17410079 0.12277565 0.29075003
0.17649236 0.12267008 0.29050002
0.17887954 0.12256451 0.29025
0.18110614 0.12235337 0.28975001
0.18379931 0.12245895 0.29000002
0.18601495 0.12224782 0.28950003
0.188059 0.12193111 0.28875002
0.19025496 0.12171996 0.28825
0.19194058 0.12119212 0.287
0.1937737 0.12076986 0.28600001
0.19593248 0.12055872 0.28550002
-0 0 0
-0 0 0
-0 0 0
-0 0 0
-0 0 0
-0 0 0
-0 0 0
-0 0 0
-0 0 0
-0 0 0
-0 0 0
-0 0 0
-0 0 0
-0 0 0
-0 0 0
-0 0 0
-0 0 0
-0 0 0
-0 0 0
-0 0 0
-0 0 0
-0 0 0
-0 0 0
-0 0 0
-0 0 0
-0 0 0
-0 0 0
-0 0 0
-0 0 0
-0 0 0
-0 0 0
-0 0 0
-0 0 0
-0 0 0
-0 0 0
-0 0 0
-0 0 0
-0 0 0
-0 0 0
-0 0 0
-0 0 0
-0 0 0
-0 0 0
-0 0 0
-0 0 0
-0 0 0
-0 0 0
-0 0 0
-0 0 0
-0 0 0
-0 0 0
-0 0 0
-0 0 0
-0 0 0
-0 0 0
-0 0 0
-0 0 0
-0 0 0
-0 0 0
-0 0 0
-0 0 0
-0 0 0
-0 0 0
-0 0 0
-0 0 0
-0 0 0
-0 0 0
-0 0 0
-0 0 0
-0 0 0
-0 0 0
-0 0 0
-0 0 0
-0 0 0
-0 0 0
-0.015948482 0.14158791 0.3285
-0.013064831 0.14148016 0.32825002
-0.010185553 0.14137241 0.32800001
-0.0073106489 0.14126466 0.32775003
-0.0044333399 0.1409414 0.32700002
-0.0015715576 0.14083365 0.32675001
0.0012819122 0.14029488 0.32550001
0.0041166837 0.13986386 0.32450002
0.0069286013 0.1393251 0.32325003
0.009756376 0.1393251 0.32325003
0.012574418 0.13921735 0.32300001
0.015364247 0.13889408 0.32225001
0.01808453 0.13813981 0.32050002
0.020823073 0.1377088 0.31950003
0.023618042 0.1377088 0.31950003
0.02635101 0.13738555 0.31875002
0.028956585 0.13652351 0.31675002
0.031652372 0.13620025 0.31600001
0.034362268 0.13598475 0.31550002
0.037151661 0.1360925 0.31575
0.039945427 0.13620025 0.31600001
0.042743571 0.13630801 0.31625003
0.04551011 0.13630801 0.31625003
0.048238486 0.13620025 0.31600001
0.050962485 0.1360925 0.31575
0.053597044 0.13576925 0.31500003
0.056352645 0.13576925 0.31500003
0.05924898 0.1360925 0.31575
0.06191295 0.13587698 0.31525001
0.064516887 0.13555373 0.3145
0.067107707 0.13523048 0.31375003
0.069741048 0.13501497 0.31325001
0.072423503 0.13490722 0.31300002
0.074921474 0.1344762 0.31200001
0.077401958 0.13404518 0.31100002
0.079993755 0.13382968 0.31050003
0.082643397 0.13372192 0.31025001
0.08549501 0.13393743 0.31075001
0.088284403 0.13404518 0.31100002
0.090785556 0.13372192 0.31025001
0.09334892 0.13350642 0.30975002
0.095748477 0.1330754 0.30875
0.098449402 0.1330754 0.30875
0.10098653 0.1328599 0.30825001
0.10343082 0.13253663 0.3075
0.10586199 0.13221338 0.30675003
0.10845695 0.13210562 0.30650002
0.11104755 0.13199787 0.30625001
0.11344808 0.1316746 0.3055
0.11583553 0.13135135 0.30475003
0.11830702 0.13113584 0.30425
0.1207698 0.13092034 0.30375001
0.12322381 0.13070484 0.30325001
0.12577286 0.13059707 0.303
0.12799965 0.13016607 0.30200002
0.13031709 0.1298428 0.30125001
0.13262141 0.12951954 0.30050001
0.1349126 0.12919627 0.29975
0.1375348 0.12919627 0.29975
0.14004011 0.12908854 0.29950002
0.14254102 0.12898077 0.29925001
0.14503759 0.12887302 0.29900002
0.14728285 0.12854977 0.29825002
0.14964065 0.12833427 0.29775003
0.15186186 0.128011 0.29700002
0.15419997 0.1277955 0.29650003
0.15666153 0.12768774 0.29625002
0.15884994 0.12736447 0.29550001
0.16088864 0.12693347 0.29450002
0.16277111 0.1263947 0.29325002
0.16519548 0.12628694 0.29300001
0.16761547 0.12617919 0.29275
0.16959514 0.12574817 0.29175001
0.17185235 0.12553267 0.29125002
0.17440018 0.12553267 0.29125002
0.17664425 0.12531717 0.29075003
0.17887954 0.12510166 0.29025
0.18141866 0.12510166 0.29025
0.18395774 0.12510166 0.29025
0.18601495 0.1247784 0.28950003
0.18773335 0.12423962 0.28825
0.18926491 0.12359311 0.28675002
0.191439 0.12337761 0.28625003
0.19343494 0.12305435 0.28550002
0.19610403 0.12316209 0.28575
-0 0 0
-0 0 0
-0 0 0
-0 0 0
-0 0 0
-0 0 0
-0 0 0
-0 0 0
-0 0 0
-0 0 0
-0 0 0
-0 0 0
-0 0 0
-0 0 0
-0 0 0
-0 0 0
-0 0 0
-0 0 0
-0 0 0
-0 0 0
-0 0 0
-0 0 0
-0 0 0
-0 0 0
-0 0 0
-0 0 0
-0 0 0
-0 0 0
-0 0 0
-0 0 0
-0 0 0
-0 0 0
-0 0 0
-0 0 0
-0 0 0
-0 0 0
-0 0 0
-0 0 0
-0 0 0
-0 0 0
-0 0 0
-0 0 0
-0 0 0
-0 0 0
-0 0 0
-0 0 0
-0 0 0
-0 0 0
-0 0 0
-0 0 0
-0 0 0
-0 0 0
-0 0 0
-0 0 0
-0 0 0
-0 0 0
-0 0 0
-0 0 0
-0 0 0
-0 0 0
-0 0 0
-0 0 0
-0 0 0
-0 0 0
-0 0 0
-0 0 0
-0 0 0
-0 0 0
-0 0 0
-0 0 0
-0 0 0
-0 0 0
-0 0 0
-0 0 0
-0 0 0
-0 0 0
-0.01305488 0.14423953 0.32800001
-0.010185553 0.14423953 0.32800001
-0.0073106489 0.1441296 0.32775003
-0.0044333399 0.14379978 0.32700002
-0.0015691528 0.14346996 0.32625002
0.001279943 0.14292027 0.32500002
0.0041135121 0.14259045 0.32425001
0.0069286013 0.1421507 0.32325003
0.009741284 0.14193082 0.32275
0.012574418 0.14204076 0.32300001
0.015376167 0.14182089 0.32250002
0.018042209 0.14061156 0.31975001
0.020790484 0.14028174 0.31900001
0.023599561 0.14039168 0.31925002
0.026330343 0.14006187 0.31850001
0.028956585 0.1392923 0.31675002
0.031627331 0.13885254 0.31575
0.034389496 0.13885254 0.31575
0.037210494 0.13907242 0.31625003
0.039977033 0.13907242 0.31625003
0.042811148 0.1392923 0.31675002
0.045582063 0.1392923 0.31675002
0.048276652 0.13907242 0.31625003
0.050962485 0.13885254 0.31575
0.053639576 0.13863266 0.31525001
0.056397367 0.13863266 0.31525001
0.059155159 0.13863266 0.31525001
0.061863855 0.13852273 0.31500003
0.064516887 0.13830285 0.3145
0.067107707 0.13797304 0.31375003
0.069741048 0.13775314 0.31325001
0.072365656 0.13753328 0.31275001
0.074861445 0.13709353 0.31175002
0.077401958 0.13676371 0.31100002
0.080058157 0.13665377 0.31075001
0.082843177 0.13676371 0.31100002
0.085701354 0.13698359 0.31150001
0.088426337 0.13698359 0.31150001
0.090931863 0.13665377 0.31075001
0.09334892 0.13621402 0.30975002
0.095593423 0.13555437 0.30825001
0.098210268 0.13544445 0.30800003
0.10090464 0.13544445 0.30800003
0.10334673 0.13511463 0.30725002
0.10577571 0.13478482 0.30650002
0.10836849 0.13467486 0.30625001
0.11104755 0.13467486 0.30625001
0.11354093 0.134455 0.30575001
0.11593054 0.13412517 0.30500001
0.11840424 0.13390531 0.30450001
0.1208692 0.13368542 0.30400002
0.12332541 0.13346556 0.30350003
0.12566909 0.13313574 0.30275002
0.12789369 0.13269597 0.30175
0.13020895 0.13236617 0.30100003
0.13251108 0.13203634 0.30025002
0.1349126 0.13181646 0.29975
0.13742009 0.13170654 0.29950002
0.13980632 0.13148665 0.29900002
0.14218378 0.13126677 0.2985
0.14479505 0.13126677 0.2985
0.1471594 0.13104689 0.29800001
0.14964065 0.13093697 0.29775003
0.15198967 0.13071707 0.29725
0.15419997 0.13038728 0.29650003
0.15652932 0.13016738 0.296
0.15871555 0.12983757 0.29525003
0.16075206 0.12939781 0.29425001
0.16290987 0.129068 0.29350001
0.16533643 0.12895806 0.29325002
0.16761547 0.12873818 0.29275
0.16959514 0.12829843 0.29175001
0.17185235 0.12807855 0.29125002
0.17440018 0.12807855 0.29125002
0.17679612 0.12796861 0.29100001
0.17934178 0.12796861 0.29100001
0.18173119 0.12785868 0.29075003
0.18379931 0.12752886 0.29000002
0.18553303 0.12697917 0.28875002
0.18773335 0.12675928 0.28825
0.18926491 0.12609966 0.28675002
0.1912718 0.12576984 0.28600001
0.19292679 0.12522015 0.28475001
0 0 0
-0 0 0
-0 0 0
-0 0 0
-0 0 0
-0 0 0
-0 0 0
-0 0 0
-0 0 0
-0 0 0
-0 0 0
-0 0 0
-0 0 0
-0 0 0
-0 0 0
-0 0 0
-0 0 0
-0 0 0
-0 0 0
-0 0 0
-0 0 0
-0 0 0
-0 0 0
-0 0 0
-0 0 0
-0 0 0
-0 0 0
-0 0 0
-0 0 0
-0 0 0
-0 0 0
-0 0 0
-0 0 0
-0 0 0
-0 0 0
-0 0 0
-0 0 0
-0 0 0
-0 0 0
-0 0 0
-0 0 0
-0 0 0
-0 0 0
-0 0 0
-0 0 0
-0 0 0
-0 0 0
-0 0 0
-0 0 0
-0 0 0
-0 0 0
-0 0 0
-0 0 0
-0 0 0
-0 0 0
-0 0 0
-0 0 0
-0 0 0
-0 0 0
-0 0 0
-0 0 0
-0 0 0
-0 0 0
-0 0 0
-0 0 0
-0 0 0
-0 0 0
-0 0 0
-0 0 0
-0 0 0
-0 0 0
-0 0 0
-0 0 0
-0 0 0
-0 0 0
-0 0 0
-0 0 0
-0.013044931 0.14699455 0.32775003
-0.01017779 0.14699455 0.32775003
-0.0073106489 0.14699455 0.32775003
-0.0044333399 0.14665817 0.32700002
-0.001566748 0.14609754 0.32575002
0.001277974 0.14553693 0.32450002
0.0041071689 0.14520055 0.32375002
0.0069286013 0.1449763 0.32325003
0.0097261928 0.14452781 0.32225001
0.012535488 0.14441569 0.32200003
0.015328488 0.14419143 0.3215
0.018028105 0.14329445 0.31950003
0.020774193 0.14295807 0.31875002
0.02358108 0.14307019 0.31900001
0.026309675 0.14273381 0.31825
0.029002292 0.14228533 0.31725001
0.031777579 0.14228533 0.31725001
0.034552868 0.14228533 0.31725001
0.037298739 0.1421732 0.317
0.040008631 0.14194895 0.31650001
0.042878728 0.14228533 0.31725001
0.045689993 0.14239746 0.31750003
0.048352975 0.14206108 0.31675002
0.051002838 0.14172471 0.31600001
0.05372465 0.14161257 0.31575
0.056442093 0.14150046 0.31550002
0.059061337 0.14116409 0.31475002
0.061814755 0.14116409 0.31475002
0.064465605 0.14093985 0.31425002
0.067000754 0.14049134 0.31325001
0.069685392 0.14037922 0.31300002
0.072365656 0.14026709 0.31275001
0.074921474 0.13993073 0.31200001
0.077713057 0.14004286 0.31225002
0.080251381 0.13970648 0.31150001
0.082976364 0.13970648 0.31150001
0.085770138 0.13981861 0.31175002
0.08835537 0.13959435 0.31125
0.090858713 0.13925798 0.31050003
0.09319824 0.13869737 0.30925003
0.095593423 0.13824886 0.30825001
0.098050825 0.1379125 0.3075
0.10074082 0.1379125 0.3075
0.10326263 0.13768825 0.30700001
0.10568943 0.13735187 0.30625001
0.10836849 0.13735187 0.30625001
0.1111382 0.137464 0.30650002
0.11344808 0.13701549 0.3055
0.11574049 0.13656701 0.30450001
0.11820982 0.13634276 0.30400002
0.1207698 0.13623063 0.30375001
0.12322381 0.13600639 0.30325001
0.12556532 0.13567001 0.30250001
0.12768176 0.13510939 0.30125001
0.1301008 0.13488515 0.30075002
0.13240074 0.13454877 0.30000001
0.1349126 0.13443664 0.29975
0.1375348 0.13443664 0.29975
0.13992321 0.1342124 0.29925001
0.14218378 0.13387603 0.2985
0.14443125 0.13353966 0.29775003
0.14691249 0.13342753 0.29750001
0.14938936 0.1333154 0.29725
0.15186186 0.13320328 0.29700002
0.15406996 0.13286692 0.29625002
0.15652932 0.13275479 0.296
0.15871555 0.13241842 0.29525003
0.16075206 0.13196993 0.29425001
0.16304862 0.13174568 0.29375002
0.16547738 0.13163355 0.29350001
0.16804489 0.13163355 0.29350001
0.16988578 0.13107292 0.29225001
0.17214736 0.13084869 0.29175001
0.17469957 0.13084869 0.29175001
0.17679612 0.13051231 0.29100001
0.17918772 0.1304002 0.29075003
0.18141866 0.13017593 0.29025
0.18300708 0.12950321 0.28875002
0.18521175 0.12927894 0.28825
0.18773335 0.12927894 0.28825
0.18959492 0.12883045 0.28725001
0 0 0
0 0 0
0 0 0
-0 0 0
-0 0 0
-0 0 0
-0 0 0
-0 0 0
-0 0 0
-0 0 0
-0 0 0
-0 0 0
-0 0 0
-0 0 0
-0 0 0
-0 0 0
-0 0 0
-0 0 0
-0 0 0
-0 0 0
-0 0 0
-0 0 0
-0 0 0
-0 0 0
-0 0 0
-0 0 0
-0 0 0
-0 0 0
-0 0 0
-0 0 0
-0 0 0
-0 0 0
-0 0 0
-0 0 0
-0 0 0
-0 0 0
-0 0 0
-0 0 0
-0 0 0
-0 0 0
-0 0 0
-0 0 0
-0 0 0
-0 0 0
-0 0 0
-0 0 0
-0 0 0
-0 0 0
-0 0 0
-0 0 0
-0 0 0
-0 0 0
-0 0 0
-0 0 0
-0 0 0
-0 0 0
-0 0 0
-0 0 0
-0 0 0
-0 0 0
-0 0 0
-0 0 0
-0 0 0
-0 0 0
-0 0 0
-0 0 0
-0 0 0
-0 0 0
-0 0 0
-0 0 0
-0 0 0
-0 0 0
-0 0 0
-0 0 0
-0 0 0
-0 0 0
-0 0 0
-0 0 0
-0 0 0
-0 0 0
-0.010123446 0.14905931 0.32600001
-0.0072939196 0.14951655 0.32700002
-0.0044333399 0.14951655 0.32700002
-0.0015679504 0.14905931 0.32600001
0.0012809277 0.14871639 0.32525003
0.0041103405 0.14814483 0.324
0.0069232425 0.1476876 0.32300001
0.0097261928 0.14734466 0.32225001
0.01250629 0.14688744 0.32125002
0.015280811 0.1465445 0.32050002
0.018013997 0.14597297 0.31925002
0.020774193 0.14574434 0.31875002
0.023562601 0.14574434 0.31875002
0.026309675 0.14551571 0.31825
0.029070856 0.14540142 0.31800002
0.031877745 0.14551571 0.31825
0.034661781 0.14551571 0.31825
0.037386984 0.1452871 0.31775001
0.040103439 0.14505848 0.31725001
0.042912517 0.1451728 0.31750003
0.045689993 0.1451728 0.31750003
0.048391137 0.14494418 0.317
0.051083539 0.14471555 0.31650001
0.053767189 0.14448693 0.31600001
0.056486815 0.14437263 0.31575
0.059061337 0.14391539 0.31475002
0.061765656 0.14380108 0.3145
0.064414315 0.14357246 0.31400001
0.067000754 0.14322953 0.31325001
0.069741048 0.14322953 0.31325001
0.072423503 0.14311524 0.31300002
0.074981511 0.1427723 0.31225002
0.077650838 0.14265798 0.31200001
0.080251381 0.14242937 0.31150001
0.082976364 0.14242937 0.31150001
0.08563257 0.14231506 0.31125
0.088213429 0.14208645 0.31075001
0.090785556 0.14185782 0.31025001
0.093273573 0.1415149 0.30950001
0.095593423 0.14094335 0.30825001
0.098050825 0.14060041 0.3075
0.10065892 0.14048612 0.30725002
0.10326263 0.1403718 0.30700001
0.10577571 0.14014319 0.30650002
0.10845695 0.14014319 0.30650002
0.11104755 0.14002888 0.30625001
0.11326241 0.13945733 0.30500001
0.11574049 0.13922872 0.30450001
0.11820982 0.13900009 0.30400002
0.120571 0.13865717 0.30325001
0.12302064 0.13842855 0.30275002
0.12566909 0.13842855 0.30275002
0.12789369 0.1379713 0.30175
0.1301008 0.13751407 0.30075002
0.13218006 0.13694252 0.29950002
0.13468756 0.13682821 0.29925001
0.1375348 0.13705683 0.29975
0.140157 0.13705683 0.29975
0.14266011 0.13694252 0.29950002
0.14455251 0.13625666 0.29800001
0.14678903 0.13591373 0.29725
0.14926372 0.13579944 0.29700002
0.15173402 0.13568512 0.29675001
0.15393993 0.1353422 0.296
0.15652932 0.1353422 0.296
0.15858115 0.13488495 0.29500002
0.16061547 0.13442771 0.294
0.16304862 0.13431342 0.29375002
0.16547738 0.1341991 0.29350001
0.16804489 0.1341991 0.29350001
0.17003112 0.13374187 0.29250002
0.17199984 0.13328463 0.2915
0.17440018 0.13317032 0.29125002
0.17664425 0.13294171 0.29075003
0.1785714 0.13248447 0.28975001
0.18001232 0.1316843 0.28800002
0.18221483 0.13145569 0.28750002
0.18456922 0.13134137 0.28725001
0.18757054 0.1316843 0.28800002
0 0 0
0 0 0
0 0 0
0 0 0
-0 0 0
-0 0 0
-0 0 0
-0 0 0
-0 0 0
-0 0 0
-0 0 0
-0 0 0
-0 0 0
-0 0 0
-0 0 0
-0 0 0
-0 0 0
-0 0 0
-0 0 0
-0 0 0
-0 0 0
-0 0 0
-0 0 0
-0 0 0
-0 0 0
-0 0 0
-0 0 0
-0 0 0
-0 0 0
-0 0 0
-0 0 0
-0 0 0
-0 0 0
-0 0 0
-0 0 0
-0 0 0
-0 0 0
-0 0 0
-0 0 0
-0 0 0
-0 0 0
-0 0 0
-0 0 0
-0 0 0
-0 0 0
-0 0 0
-0 0 0
-0 0 0
-0 0 0
-0 0 0
-0 0 0
-0 0 0
-0 0 0
-0 0 0
-0 0 0
-0 0 0
-0 0 0
-0 0 0
-0 0 0
-0 0 0
-0 0 0
-0 0 0
-0 0 0
-0 0 0
-0 0 0
-0 0 0
-0 0 0
-0 0 0
-0 0 0
-0 0 0
-0 0 0
-0 0 0
-0 0 0
-0 0 0
-0 0 0
-0 0 0
-0 0 0
-0 0 0
-0 0 0
-0 0 0
-0 0 0
-0 0 0
-0.0072883428 0.15225843 0.32675001
-0.0044265613 0.15214194 0.32650003
-0.0015691528 0.15202545 0.32625002
0 0 0
0.0041008261 0.15062751 0.32325003
0.0069178836 0.15039451 0.32275
0.0097111026 0.14992854 0.32175002
0.012496557 0.14957906 0.32100001
0.015256972 0.14911309 0.32000002
0.017985784 0.14853062 0.31875002
0.020774193 0.14853062 0.31875002
0.023599561 0.1487636 0.31925002
0.02635101 0.14853062 0.31875002
0.029116565 0.14841411 0.31850001
0.031852704 0.14818113 0.31800002
0.034689009 0.14841411 0.31850001
0.037475232 0.14841411 0.31850001
0.040229846 0.14829761 0.31825
0.042980097 0.14818113 0.31800002
0.045689993 0.14794815 0.31750003
0.048391137 0.14771514 0.317
0.051123887 0.14759865 0.31675002
0.053809728 0.14736566 0.31625003
0.056486815 0.14713266 0.31575
0.059202071 0.14701618 0.31550002
0.061814755 0.14666669 0.31475002
0.064363033 0.14620072 0.31375003
0.067107707 0.14620072 0.31375003
0.069852374 0.14620072 0.31375003
0.072481349 0.14596772 0.31325001
0.074981511 0.14550175 0.31225002
0.077650838 0.14538525 0.31200001
0.080251381 0.14515226 0.31150001
0.08290977 0.14503576 0.31125
0.08535745 0.14456978 0.31025001
0.087929562 0.1443368 0.30975002
0.090639248 0.1443368 0.30975002
0.09319824 0.14410383 0.30925003
0.095515899 0.14352135 0.30800003
0.098050825 0.14328834 0.3075
0.10065892 0.14317186 0.30725002
0.10334673 0.14317186 0.30725002
0.10586199 0.14293887 0.30675003
0.10819156 0.14247289 0.30575001
0.11068495 0.1422399 0.30525002
0.11316958 0.14200692 0.30475003
0.11574049 0.14189042 0.30450001
0.11830702 0.14177391 0.30425
0.12067041 0.14142445 0.30350003
0.12312222 0.14119144 0.303
0.12577286 0.14119144 0.303
0.12810561 0.14084198 0.30225003
0.12999265 0.14002649 0.30050001
0.13195941 0.13932754 0.29900002
0.13457505 0.13932754 0.29900002
0.13730538 0.13944402 0.29925001
0.13992321 0.13944402 0.29925001
0.14218378 0.13909455 0.2985
0.14430998 0.13862857 0.29750001
0.14666557 0.13839558 0.29700002
0.14888678 0.1380461 0.29625002
0.15135053 0.13792959 0.296
0.15380992 0.13781311 0.29575002
0.15626492 0.13769661 0.29550001
0.15831238 0.13723063 0.29450002
0.16020575 0.13664816 0.29325002
0.16263233 0.13653167 0.29300001
0.16519548 0.13653167 0.29300001
0.16747235 0.13629867 0.29250002
0.16930449 0.1357162 0.29125002
0.17170483 0.1355997 0.29100001
0.17425048 0.1355997 0.29100001
0.17634046 0.13525023 0.29025
0.17780104 0.13443476 0.28850001
0.17954354 0.13385229 0.28725001
0.18189792 0.13373579 0.287
0.18440858 0.13373579 0.287
0 0 0
0 0 0
0 0 0
0 0 0
0 0 0
-0 0 0
-0 0 0
-0 0 0
-0 0 0
-0 0 0
-0 0 0
-0 0 0
-0 0 0
-0 0 0
-0 0 0
-0 0 0
-0 0 0
-0 0 0
-0 0 0
-0 0 0
-0 0 0
-0 0 0
-0 0 0
-0 0 0
-0 0 0
-0 0 0
-0 0 0
-0 0 0
-0 0 0
-0 0 0
-0 0 0
-0 0 0
-0 0 0
-0 0 0
-0 0 0
-0 0 0
-0 0 0
-0 0 0
-0 0 0
-0 0 0
-0 0 0
-0 0 0
-0 0 0
-0 0 0
-0 0 0
-0 0 0
-0 0 0
-0 0 0
-0 0 0
-0 0 0
-0 0 0
-0 0 0
-0 0 0
-0 0 0
-0 0 0
-0 0 0
-0 0 0
-0 0 0
-0 0 0
-0 0 0
-0 0 0
-0 0 0
-0 0 0
-0 0 0
-0 0 0
-0 0 0
-0 0 0
-0 0 0
-0 0 0
-0 0 0
-0 0 0
-0 0 0
-0 0 0
-0 0 0
-0 0 0
-0 0 0
-0 0 0
-0 0 0
-0 0 0
-0 0 0
-0 0 0
-0 0 0
-0 0 0
-0 0 0
-0 0 0
-0 0 0
0.0008693767 0.10479435 0.22075
0 0 0
0 0 0
0.0097111026 0.15274103 0.32175002
0.012477092 0.15214764 0.32050002
0.015245052 0.15179159 0.31975001
0.017971678 0.15119819 0.31850001
0.020757899 0.15119819 0.31850001
0.023618042 0.15167291 0.31950003
0.026392344 0.15155424 0.31925002
0.02913942 0.15131688 0.31875002
0.031877745 0.15107951 0.31825
0.034689009 0.15119819 0.31850001
0.037475232 0.15119819 0.31850001
0.040198248 0.15096083 0.31800002
0.042912517 0.15072349 0.31750003
0.045654014 0.1506048 0.31725001
0.048429303 0.1506048 0.31725001
0.051164236 0.15048611 0.317
0.053852264 0.15024875 0.31650001
0.056442093 0.14977404 0.31550002
0.059155159 0.14965536 0.31525001
0.061765656 0.14929931 0.3145
0.064414315 0.14906195 0.31400001
0.067161173 0.14906195 0.31400001
0.069796711 0.1488246 0.31350002
0.072423503 0.14858724 0.31300002
0.07504154 0.14834987 0.3125
0.077713057 0.14823119 0.31225002
0.080251381 0.14787516 0.31150001
0.082843177 0.1476378 0.31100002
0.085426234 0.14740044 0.31050003
0.087858595 0.14692572 0.30950001
0.090492934 0.14680704 0.30925003
0.092972212 0.146451 0.30850002
0.095515899 0.14621365 0.30800003
0.098130547 0.14609496 0.30775002
0.10074082 0.14597628 0.3075
0.10343082 0.14597628 0.3075
0.10612081 0.14597628 0.3075
0.10854542 0.14562024 0.30675003
0.11086625 0.14514552 0.30575001
0.11335526 0.14490816 0.30525002
0.11574049 0.14455213 0.30450001
0.11820982 0.14431477 0.30400002
0.1207698 0.14419608 0.30375001
0.12312222 0.14384003 0.303
0.12556532 0.14360268 0.30250001
0.12789369 0.14324664 0.30175
0.13020895 0.1428906 0.30100003
0.13229039 0.14229719 0.29975
0.13468756 0.14205983 0.29925001
0.13719068 0.14194116 0.29900002
0.13968942 0.14182249 0.29875001
0.14206471 0.14158513 0.29825002
0.14430998 0.14122908 0.29750001
0.14666557 0.14099173 0.29700002
0.14876114 0.140517 0.296
0.15122271 0.14039832 0.29575002
0.15354989 0.14016098 0.29525003
0.1557361 0.13980493 0.29450002
0.15804358 0.13956755 0.294
0.16020575 0.13921154 0.29325002
0.16263233 0.13909285 0.29300001
0.16477261 0.1387368 0.29225001
0.16704293 0.13849944 0.29175001
0.16915916 0.13814341 0.29100001
0.17170483 0.13814341 0.29100001
0.17395107 0.13790604 0.29050002
0.17588481 0.13743134 0.28950003
0.1774929 0.13671924 0.28800002
0.17938727 0.13624452 0.287
0.18158104 0.13600716 0.28650001
0 0 0
0 0 0
0 0 0
0 0 0
0 0 0
0 0 0
-0 0 0
-0 0 0
-0 0 0
-0 0 0
-0 0 0
-0 0 0
-0 0 0
-0 0 0
-0 0 0
-0 0 0
-0 0 0
-0 0 0
-0 0 0
-0 0 0
-0 0 0
-0 0 0
-0 0 0
-0 0 0
-0 0 0
-0 0 0
-0 0 0
-0 0 0
-0 0 0
-0 0 0
-0 0 0
-0 0 0
-0 0 0
-0 0 0
-0 0 0
-0 0 0
-0 0 0
-0 0 0
-0 0 0
-0 0 0
-0 0 0
-0 0 0
-0 0 0
-0 0 0
-0 0 0
-0 0 0
-0 0 0
-0 0 0
-0 0 0
-0 0 0
-0 0 0
-0 0 0
-0 0 0
-0 0 0
-0 0 0
-0 0 0
-0 0 0
-0 0 0
-0 0 0
-0 0 0
-0 0 0
-0 0 0
-0 0 0
-0 0 0
-0 0 0
-0 0 0
-0 0 0
-0 0 0
-0 0 0
-0 0 0
-0 0 0
-0 0 0
-0 0 0
-0 0 0
-0 0 0
-0 0 0
-0 0 0
-0 0 0
-0 0 0
-0 0 0
-0 0 0
-0 0 0
-0 0 0
-0 0 0
-0 0 0
-0 0 0
-0.0010581261 0.10636139 0.22000001
0.00085756183 0.1052736 0.21775001
0.0027719426 0.10563619 0.2185
0 0 0
0 0 0
0 0 0
0 0 0
0 0 0
0.020790484 0.15422401 0.31900001
0.023618042 0.15446575 0.31950003
0.026371676 0.15422401 0.31900001
0.029162273 0.15422401 0.31900001
0.032027993 0.1545866 0.31975001
0.03482515 0.1545866 0.31975001
0.037534062 0.15422401 0.31900001
0.040135045 0.15349881 0.31750003
0.042844936 0.15325707 0.317
0.045618035 0.15325707 0.317
0.048429303 0.15337795 0.31725001
0.051164236 0.15325707 0.317
0.053852264 0.15301535 0.31650001
0.056531541 0.15277362 0.31600001
0.059202071 0.15253189 0.31550002
0.06171656 0.15192758 0.31425002
0.064414315 0.1518067 0.31400001
0.067161173 0.1518067 0.31400001
0.069796711 0.15156497 0.31350002
0.072423503 0.15132324 0.31300002
0.074981511 0.15096065 0.31225002
0.077775277 0.1510815 0.3125
0.080315791 0.15071893 0.31175002
0.082843177 0.15035632 0.31100002
0.08549501 0.15023544 0.31075001
0.08814247 0.1501146 0.31050003
0.090492934 0.14951026 0.30925003
0.092972212 0.14914767 0.30850002
0.095670953 0.14914767 0.30850002
0.098449402 0.14926852 0.30875
0.10090464 0.14890595 0.30800003
0.10334673 0.14854334 0.30725002
0.10603454 0.14854334 0.30725002
0.10854542 0.14830162 0.30675003
0.1109569 0.14793903 0.30600002
0.11344808 0.14769728 0.3055
0.11564547 0.14709295 0.30425
0.1181126 0.14685123 0.30375001
0.1207698 0.14685123 0.30375001
0.12312222 0.14648862 0.303
0.12546155 0.14612605 0.30225003
0.12799965 0.14600517 0.30200002
0.13053338 0.14588431 0.30175
0.13284208 0.14552172 0.30100003
0.1349126 0.14491738 0.29975
0.13719068 0.14455479 0.29900002
0.13980632 0.14455479 0.29900002
0.14242196 0.14455479 0.29900002
0.14455251 0.14407133 0.29800001
0.14678903 0.14370872 0.29725
0.14901243 0.14334615 0.29650003
0.15122271 0.14298354 0.29575002
0.15354989 0.14274181 0.29525003
0.1557361 0.14237922 0.29450002
0.15817797 0.14225835 0.29425001
0.16034232 0.14189576 0.29350001
0.16290987 0.14189576 0.29350001
0.16491358 0.1414123 0.29250002
0.16718608 0.14117058 0.29200003
0.16974047 0.14117058 0.29200003
0.17185235 0.14080797 0.29125002
0.17365168 0.14020364 0.29000002
0.17558102 0.13972017 0.289
0.17764696 0.13935758 0.28825
0.17969981 0.13899499 0.28750002
0 0 0
0 0 0
0 0 0
0 0 0
0 0 0
0 0 0
0 0 0
-0 0 0
-0 0 0
-0 0 0
-0 0 0
-0 0 0
-0 0 0
-0 0 0
-0 0 0
-0 0 0
-0 0 0
-0 0 0
-0 0 0
-0 0 0
-0 0 0
-0 0 0
-0 0 0
-0 0 0
-0 0 0
-0 0 0
-0 0 0
-0 0 0
-0 0 0
-0 0 0
-0 0 0
-0 0 0
-0 0 0
-0 0 0
-0 0 0
-0 0 0
-0 0 0
-0 0 0
-0 0 0
-0 0 0
-0 0 0
-0 0 0
-0 0 0
-0 0 0
-0 0 0
-0 0 0
-0 0 0
-0 0 0
-0 0 0
-0 0 0
-0 0 0
-0 0 0
-0 0 0
-0 0 0
-0 0 0
-0 0 0
-0 0 0
-0 0 0
-0 0 0
-0 0 0
-0 0 0
-0 0 0
-0 0 0
-0 0 0
-0 0 0
-0 0 0
-0 0 0
-0 0 0
-0 0 0
-0 0 0
-0 0 0
-0 0 0
-0 0 0
-0 0 0
-0 0 0
-0 0 0
-0 0 0
-0 0 0
-0 0 0
-0 0 0
-0 0 0
-0 0 0
-0 0 0
-0 0 0
-0 0 0
-0 0 0
-0 0 0
-0 0 0
0 0 0
0 0 0
0 0 0
0 0 0
0 0 0
0 0 0
0 0 0
0 0 0
0 0 0
0.026330343 0.15676636 0.31850001
0.029093709 0.1566433 0.31825
0.031927828 0.15688941 0.31875002
0.034797926 0.15725857 0.31950003
0.037534062 0.15701245 0.31900001
0.040166643 0.15639721 0.31775001
0.042844936 0.15602805 0.317
0.045582063 0.15590501 0.31675002
0.048391137 0.15602805 0.317
0.051083539 0.15578195 0.31650001
0.053852264 0.15578195 0.31650001
0.056620989 0.15578195 0.31650001
0.059342809 0.15565892 0.31625003
0.06171656 0.1546745 0.31425002
0.064363033 0.15442841 0.31375003
0.067000754 0.1541823 0.31325001
0.069685392 0.15405925 0.31300002
0.072365656 0.15393619 0.31275001
0.074921474 0.15356705 0.31200001
0.077650838 0.15356705 0.31200001
0.080315791 0.15344399 0.31175002
0.082843177 0.15307485 0.31100002
0.08549501 0.15295179 0.31075001
0.08814247 0.15282875 0.31050003
0.090566084 0.15233654 0.30950001
0.092896864 0.15172128 0.30825001
0.095670953 0.15184434 0.30850002
0.098449402 0.15196738 0.30875
0.10074082 0.15135214 0.3075
0.10326263 0.15110603 0.30700001
0.10586199 0.15098299 0.30675003
0.10828003 0.15061384 0.30600002
0.11077559 0.15036772 0.3055
0.11326241 0.15012163 0.30500001
0.11555045 0.14962943 0.30400002
0.1180154 0.14938334 0.30350003
0.12067041 0.14938334 0.30350003
0.12302064 0.14901417 0.30275002
0.12556532 0.14889112 0.30250001
0.12789369 0.14852197 0.30175
0.13031709 0.14827587 0.30125001
0.13284208 0.14815283 0.30100003
0.13502513 0.14766061 0.30000001
0.13730538 0.14729147 0.29925001
0.13980632 0.14716843 0.29900002
0.14254102 0.14729147 0.29925001
0.14491633 0.14704537 0.29875001
0.14691249 0.14643012 0.29750001
0.14901243 0.14593792 0.29650003
0.15109487 0.1454457 0.29550001
0.15328985 0.14507656 0.29475001
0.1556039 0.14483045 0.29425001
0.15858115 0.14519961 0.29500002
0.16088864 0.14495352 0.29450002
0.16290987 0.1444613 0.29350001
0.16505452 0.14409214 0.29275
0.16718608 0.14372301 0.29200003
0.16988578 0.14384605 0.29225001
0.17185235 0.14335385 0.29125002
0.17350198 0.14261554 0.28975001
0.17542915 0.14212336 0.28875002
0.17733881 0.14163114 0.28775001
0 0 0
0 0 0
0 0 0
0 0 0
0 0 0
0 0 0
0 0 0
0 0 0
-0 0 0
-0 0 0
-0 0 0
-0 0 0
-0 0 0
-0 0 0
-0 0 0
-0 0 0
-0 0 0
-0 0 0
-0 0 0
-0 0 0
-0 0 0
-0 0 0
-0 0 0
-0 0 0
-0 0 0
-0 0 0
-0 0 0
-0 0 0
-0 0 0
-0 0 0
-0 0 0
-0 0 0
-0 0 0
-0 0 0
-0 0 0
-0 0 0
-0 0 0
-0 0 0
-0 0 0
-0 0 0
-0 0 0
-0 0 0
-0 0 0
-0 0 0
-0 0 0
-0 0 0
-0 0 0
-0 0 0
-0 0 0
-0 0 0
-0 0 0
-0 0 0
-0 0 0
-0 0 0
-0 0 0
-0 0 0
-0 0 0
-0 0 0
-0 0 0
-0 0 0
-0 0 0
-0 0 0
-0 0 0
-0 0 0
-0 0 0
-0 0 0
-0 0 0
-0 0 0
-0 0 0
-0 0 0
-0 0 0
-0 0 0
-0 0 0
-0 0 0
-0 0 0
-0 0 0
-0 0 0
-0 0 0
-0 0 0
-0 0 0
-0 0 0
-0 0 0
-0 0 0
-0 0 0
-0 0 0
-0 0 0
-0 0 0
-0 0 0
-0 0 0
0 0 0
0 0 0
0 0 0
0 0 0
0 0 0
0 0 0
0 0 0
0 0 0
0 0 0
0 0 0
0 0 0
0.031827662 0.15917473 0.31775001
0.034689009 0.15955043 0.31850001
0.037475232 0.15955043 0.31850001
0.040166643 0.15917473 0.31775001
0.042912517 0.1590495 0.31750003
0.045654014 0.15892425 0.31725001
0.048352975 0.15867378 0.31675002
0.051083539 0.15854853 0.31650001
0.053809728 0.15842332 0.31625003
0.056486815 0.15817283 0.31575
0.059155159 0.15792236 0.31525001
0.061667461 0.15729618 0.31400001
0.06431175 0.15704572 0.31350002
0.067000754 0.15692048 0.31325001
0.069685392 0.15679525 0.31300002
0.072365656 0.15667 0.31275001
0.074981511 0.15641953 0.31225002
0.077526398 0.15604383 0.31150001
0.080122568 0.15579335 0.31100002
0.08270999 0.1555429 0.31050003
0.08535745 0.15541765 0.31025001
0.088000529 0.15529241 0.31
0.090492934 0.15491672 0.30925003
0.092972212 0.154541 0.30850002
0.095670953 0.154541 0.30850002
0.098449402 0.15466623 0.30875
0.10065892 0.15391482 0.30725002
0.10317855 0.15366435 0.30675003
0.10577571 0.15353911 0.30650002
0.10819156 0.1531634 0.30575001
0.11059429 0.1527877 0.30500001
0.11307674 0.15253723 0.30450001
0.1153604 0.15203629 0.30350003
0.1180154 0.15203629 0.30350003
0.12067041 0.15203629 0.30350003
0.12291905 0.15153533 0.30250001
0.12535778 0.15128487 0.30200002
0.12810561 0.1514101 0.30225003
0.13031709 0.15090916 0.30125001
0.13262141 0.15053345 0.30050001
0.1349126 0.15015773 0.29975
0.13730538 0.14990728 0.29925001
0.13980632 0.14978205 0.29900002
0.14218378 0.14953156 0.2985
0.14467379 0.14940633 0.29825002
0.14703596 0.14915587 0.29775003
0.14901243 0.14852968 0.29650003
0.15122271 0.14815398 0.29575002
0.15354989 0.1479035 0.29525003
0.1557361 0.1475278 0.29450002
0.15844676 0.14765303 0.29475001
0.16088864 0.1475278 0.29450002
0.16263233 0.14677638 0.29300001
0.16463168 0.14627545 0.29200003
0.16675666 0.14589973 0.29125002
0.16944981 0.14602496 0.2915
0.17170483 0.14577448 0.29100001
0.17365168 0.14527355 0.29000002
0 0 0
0 0 0
0 0 0
0 0 0
0 0 0
0 0 0
0 0 0
0 0 0
0 0 0
0 0 0
-0 0 0
-0 0 0
-0 0 0
-0 0 0
-0 0 0
-0 0 0
-0 0 0
-0 0 0
-0 0 0
-0 0 0
-0 0 0
-0 0 0
-0 0 0
-0 0 0
-0 0 0
-0 0 0
-0 0 0
-0 0 0
-0 0 0
-0 0 0
-0 0 0
-0 0 0
-0 0 0
-0 0 0
-0 0 0
-0 0 0
-0 0 0
-0 0 0
-0 0 0
-0 0 0
-0 0 0
-0 0 0
-0 0 0
-0 0 0
-0 0 0
-0 0 0
-0 0 0
-0 0 0
-0 0 0
-0 0 0
-0 0 0
-0 0 0
-0 0 0
-0 0 0
-0 0 0
-0 0 0
-0 0 0
-0 0 0
-0 0 0
-0 0 0
-0 0 0
-0 0 0
-0 0 0
-0 0 0
-0 0 0
-0 0 0
-0 0 0
-0 0 0
-0 0 0
-0 0 0
-0 0 0
-0 0 0
-0 0 0
-0 0 0
-0 0 0
-0 0 0
-0 0 0
-0 0 0
-0 0 0
-0 0 0
-0 0 0
-0 0 0
-0 0 0
-0 0 0
-0 0 0
-0 0 0
-0 0 0
-0 0 0
-0 0 0
-0 0 0
-0 0 0
0 0 0
0 0 0
0 0 0
0 0 0
0 0 0
0 0 0
0 0 0
0 0 0
0 0 0
0 0 0
0 0 0
0.031827662 0.16195226 0.31775001
0.034689009 0.16233452 0.31850001
0.037475232 0.16233452 0.31850001
0.040166643 0.16195226 0.31775001
0.042912517 0.16182484 0.31750003
0.045689993 0.16182484 0.31750003
0.048352975 0.16144258 0.31675002
0.051083539 0.16131514 0.31650001
0.053809728 0.16118774 0.31625003
0.056442093 0.16080548 0.31550002
0.05910825 0.16055064 0.31500003
0.061520163 0.15965867 0.31325001
0.064209178 0.15953127 0.31300002
0.067054227 0.15978611 0.31350002
0.069741048 0.15965867 0.31325001
0.072365656 0.15940383 0.31275001
0.07504154 0.15927641 0.3125
0.077650838 0.15902157 0.31200001
0.080186971 0.1586393 0.31125
0.082776584 0.15838446 0.31075001
0.085426234 0.15825705 0.31050003
0.088000529 0.1580022 0.31
0.090566084 0.15774736 0.30950001
0.09319824 0.15761995 0.30925003
0.095826015 0.15749252 0.30900002
0.098529123 0.15749252 0.30900002
0.10090464 0.15698284 0.30800003
0.10326263 0.15647314 0.30700001
0.10577571 0.15621831 0.30650002
0.10819156 0.15583605 0.30575001
0.11068495 0.15558121 0.30525002
0.11307674 0.15519893 0.30450001
0.1153604 0.15468927 0.30350003
0.11791818 0.15456183 0.30325001
0.12067041 0.15468927 0.30350003
0.12302064 0.15430699 0.30275002
0.12535778 0.15392473 0.30200002
0.12810561 0.15405215 0.30225003
0.13064153 0.15392473 0.30200002
0.13262141 0.1531602 0.30050001
0.13423748 0.15201341 0.29825002
0.13707596 0.15226825 0.29875001
0.13980632 0.15239568 0.29900002
0.14266011 0.15265052 0.29950002
0.14479505 0.15214083 0.2985
0.14703596 0.15175858 0.29775003
0.14901243 0.15112147 0.29650003
0.15122271 0.15073921 0.29575002
0.15393993 0.15086661 0.296
0.15626492 0.15061177 0.29550001
0.15871555 0.15048437 0.29525003
0.16020575 0.14946499 0.29325002
0.16207728 0.14882788 0.29200003
0.16420881 0.14844562 0.29125002
0.1661841 0.14793593 0.29025
0.16814189 0.14742625 0.28925002
0.17170483 0.1483182 0.29100001
0 0 0
0 0 0
0 0 0
0 0 0
0 0 0
0 0 0
0 0 0
0 0 0
0 0 0
0 0 0
0 0 0
