# .PCD v0.7 - Point Cloud Data file format
VERSION 0.7
FIELDS x y z
SIZE 4 4 4
TYPE F F F
COUNT 1 1 1
WIDTH 19200
HEIGHT 1
VIEWPOINT 0 0 0 1 0 0 0
POINTS 19200
DATA ascii
-0 -0 0
-0 -0 0
-0 -0 0
-0 -0 0
-0 -0 0
-0 -0 0
-0 -0 0
-0 -0 0
-0 -0 0
-0 -0 0
-0 -0 0
-0 -0 0
-0 -0 0
-0 -0 0
-0 -0 0
-0 -0 0
-0 -0 0
-0 -0 0
-0 -0 0
-0 -0 0
-0 -0 0
-0 -0 0
-0 -0 0
-0 -0 0
-0 -0 0
-0 -0 0
-0 -0 0
-0 -0 0
-0 -0 0
-0 -0 0
-0 -0 0
-0 -0 0
-0 -0 0
-0 -0 0
-0 -0 0
-0 -0 0
-0 -0 0
-0 -0 0
-0 -0 0
-0 -0 0
-0 -0 0
-0 -0 0
-0 -0 0
-0 -0 0
-0 -0 0
-0 -0 0
-0 -0 0
-0 -0 0
-0 -0 0
-0 -0 0
-0 -0 0
-0 -0 0
-0 -0 0
-0 -0 0
-0 -0 0
-0 -0 0
-0.086763225 -0.21433079 0.40400001
-0 -0 0
-0 -0 0
-0 -0 0
-0 -0 0
-0 -0 0
-0 -0 0
-0 -0 0
-0 -0 0
-0 -0 0
-0 -0 0
-0 -0 0
-0 -0 0
-0 -0 0
-0 -0 0
-0 -0 0
-0 -0 0
-0 -0 0
-0 -0 0
-0 -0 0
-0 -0 0
-0 -0 0
-0 -0 0
-0 -0 0
-0 -0 0
0 -0 0
0 -0 0
0 -0 0
0 -0 0
0 -0 0
0 -0 0
0 -0 0
0 -0 0
0 -0 0
0 -0 0
0 -0 0
0 -0 0
0 -0 0
0 -0 0
0 -0 0
0 -0 0
0 -0 0
0 -0 0
0 -0 0
0 -0 0
0 -0 0
0 -0 0
0 -0 0
0 -0 0
0 -0 0
0 -0 0
0 -0 0
0 -0 0
0 -0 0
0 -0 0
0 -0 0
0 -0 0
0 -0 0
0 -0 0
0 -0 0
0 -0 0
0 -0 0
0 -0 0
0 -0 0
0 -0 0
0 -0 0
0 -0 0
0 -0 0
0 -0 0
0 -0 0
0 -0 0
0 -0 0
0 -0 0
0 -0 0
0 -0 0
0 -0 0
0 -0 0
0 -0 0
0 -0 0
0 -0 0
0 -0 0
0 -0 0
0 -0 0
0 -0 0
0 -0 0
0 -0 0
0 -0 0
0 -0 0
0 -0 0
0 -0 0
0 -0 0
0 -0 0
0 -0 0
0 -0 0
0 -0 0
0 -0 0
0 -0 0
0 -0 0
0 -0 0
0 -0 0
0 -0 0
0 -0 0
0 -0 0
0 -0 0
-0 -0 0
-0 -0 0
-0 -0 0
-0 -0 0
-0 -0 0
-0 -0 0
-0 -0 0
-0 -0 0
-0 -0 0
-0 -0 0
-0 -0 0
-0 -0 0
-0 -0 0
-0 -0 0
-0 -0 0
-0 -0 0
-0 -0 0
-0 -0 0
-0 -0 0
-0 -0 0
-0 -0 0
-0 -0 0
-0 -0 0
-0 -0 0
-0 -0 0
-0 -0 0
-0 -0 0
-0 -0 0
-0 -0 0
-0 -0 0
-0 -0 0
-0 -0 0
-0 -0 0
-0 -0 0
-0 -0 0
-0 -0 0
-0.13737611 -0.18392764 0.35250002
-0 -0 0
-0.1316741 -0.18457986 0.35375002
-0.1288521 -0.1849712 0.35450003
-0.12583964 -0.18510163 0.35475001
-0.1227363 -0.18510163 0.35475001
-0.11954866 -0.1849712 0.35450003
-0.11652963 -0.18510163 0.35475001
-0.1134263 -0.18510163 0.35475001
-0 -0 0
-0 -0 0
-0 -0 0
-0 -0 0
-0 -0 0
-0 -0 0
-0 -0 0
-0 -0 0
-0 -0 0
-0 -0 0
-0 -0 0
-0 -0 0
-0 -0 0
-0 -0 0
-0 -0 0
-0 -0 0
-0 -0 0
-0 -0 0
-0 -0 0
-0 -0 0
-0 -0 0
-0 -0 0
-0 -0 0
-0 -0 0
-0 -0 0
-0 -0 0
-0 -0 0
-0 -0 0
-0 -0 0
-0 -0 0
-0 -0 0
-0 -0 0
-0 -0 0
-0 -0 0
-0 -0 0
-0 -0 0
0 -0 0
0 -0 0
0 -0 0
0 -0 0
0 -0 0
0 -0 0
0 -0 0
0 -0 0
0 -0 0
0 -0 0
0 -0 0
0 -0 0
0 -0 0
0 -0 0
0 -0 0
0 -0 0
0 -0 0
0 -0 0
0 -0 0
0 -0 0
0 -0 0
0 -0 0
0 -0 0
0 -0 0
0 -0 0
0 -0 0
0 -0 0
0 -0 0
0 -0 0
0 -0 0
0 -0 0
0 -0 0
0 -0 0
0 -0 0
0 -0 0
0 -0 0
0 -0 0
0 -0 0
0 -0 0
0 -0 0
0 -0 0
0 -0 0
0 -0 0
0 -0 0
0 -0 0
0 -0 0
0 -0 0
0 -0 0
0 -0 0
0 -0 0
0 -0 0
0 -0 0
0 -0 0
0 -0 0
0 -0 0
0 -0 0
0 -0 0
0 -0 0
0 -0 0
0 -0 0
0 -0 0
0 -0 0
0 -0 0
0 -0 0
0 -0 0
0 -0 0
0 -0 0
0 -0 0
0 -0 0
0 -0 0
0 -0 0
0 -0 0
0 -0 0
0 -0 0
0 -0 0
0 -0 0
0 -0 0
0 -0 0
0 -0 0
-0 -0 0
-0 -0 0
-0 -0 0
-0 -0 0
-0 -0 0
-0 -0 0
-0 -0 0
-0 -0 0
-0 -0 0
-0 -0 0
-0 -0 0
-0 -0 0
-0 -0 0
-0 -0 0
-0 -0 0
-0 -0 0
-0 -0 0
-0 -0 0
-0 -0 0
-0 -0 0
-0 -0 0
-0 -0 0
-0 -0 0
-0 -0 0
-0 -0 0
-0 -0 0
-0 -0 0
-0 -0 0
-0 -0 0
-0 -0 0
-0 -0 0
-0 -0 0
-0 -0 0
-0 -0 0
-0 -0 0
-0 -0 0
-0.14156561 -0.18636154 0.36325002
-0 -0 0
-0.13316299 -0.18353982 0.35775003
-0 -0 0
-0.12929824 -0.18700282 0.36450002
-0.1261961 -0.18713109 0.36475003
-0.12325821 -0.18751587 0.3655
-0.12071779 -0.18854195 0.36750001
-0 -0 0
-0 -0 0
-0 -0 0
-0 -0 0
-0 -0 0
-0 -0 0
-0 -0 0
-0 -0 0
-0 -0 0
-0 -0 0
-0 -0 0
-0 -0 0
-0 -0 0
-0 -0 0
-0 -0 0
-0 -0 0
-0 -0 0
-0 -0 0
-0 -0 0
-0 -0 0
-0 -0 0
-0 -0 0
-0 -0 0
-0 -0 0
-0 -0 0
-0 -0 0
-0 -0 0
-0 -0 0
-0 -0 0
-0 -0 0
-0 -0 0
-0 -0 0
-0 -0 0
-0 -0 0
-0 -0 0
-0 -0 0
-0 -0 0
0 -0 0
0 -0 0
0 -0 0
0 -0 0
0 -0 0
0 -0 0
0 -0 0
0 -0 0
0 -0 0
0 -0 0
0 -0 0
0 -0 0
0 -0 0
0 -0 0
0 -0 0
0 -0 0
0 -0 0
0 -0 0
0 -0 0
0 -0 0
0 -0 0
0 -0 0
0 -0 0
0 -0 0
0 -0 0
0 -0 0
0 -0 0
0 -0 0
0 -0 0
0 -0 0
0 -0 0
0 -0 0
0 -0 0
0 -0 0
0 -0 0
0 -0 0
0 -0 0
0 -0 0
0 -0 0
0 -0 0
0 -0 0
0 -0 0
0 -0 0
0 -0 0
0 -0 0
0 -0 0
0 -0 0
0 -0 0
0 -0 0
0 -0 0
0 -0 0
0 -0 0
0 -0 0
0 -0 0
0 -0 0
0 -0 0
0 -0 0
0 -0 0
0 -0 0
0 -0 0
0 -0 0
0 -0 0
0 -0 0
0 -0 0
0 -0 0
0 -0 0
0 -0 0
0 -0 0
0 -0 0
0 -0 0
0 -0 0
0 -0 0
0 -0 0
0 -0 0
0 -0 0
0 -0 0
0 -0 0
0 -0 0
0 -0 0
-0 -0 0
-0 -0 0
-0 -0 0
-0 -0 0
-0 -0 0
-0 -0 0
-0 -0 0
-0 -0 0
-0 -0 0
-0 -0 0
-0 -0 0
-0 -0 0
-0 -0 0
-0 -0 0
-0 -0 0
-0 -0 0
-0 -0 0
-0 -0 0
-0 -0 0
-0 -0 0
-0 -0 0
-0 -0 0
-0 -0 0
-0 -0 0
-0.17623505 -0.17965618 0.35625002
-0.1729971 -0.1795301 0.35600001
-0.16964424 -0.17927796 0.35550001
-0.16665146 -0.17940404 0.35575002
-0.16388415 -0.17978226 0.35650003
-0.16121645 -0.18028656 0.35750002
-0.15864183 -0.18091692 0.35875002
-0.1558286 -0.18129516 0.35950002
-0.15278988 -0.18142122 0.35975
-0.14974679 -0.1815473 0.36000001
-0.14669934 -0.18167338 0.36025003
-0.14454405 -0.18293412 0.36275002
-0.14146817 -0.18306018 0.36300001
-0.13829266 -0.18306018 0.36300001
-0.13530327 -0.18331234 0.36350003
-0.13230513 -0.1835645 0.36400002
-0.12929824 -0.18381664 0.36450002
-0.12645558 -0.18432093 0.3655
-0.12359545 -0.18482524 0.36650002
-0.12071779 -0.18532953 0.36750001
-0.11774273 -0.18570776 0.36825001
-0.11475454 -0.18608598 0.36900002
-0 -0 0
-0 -0 0
-0 -0 0
-0 -0 0
-0 -0 0
-0 -0 0
-0 -0 0
-0 -0 0
-0 -0 0
-0 -0 0
-0 -0 0
-0 -0 0
-0 -0 0
-0 -0 0
-0 -0 0
-0 -0 0
-0 -0 0
-0 -0 0
-0 -0 0
-0 -0 0
-0 -0 0
-0 -0 0
-0 -0 0
-0 -0 0
-0 -0 0
-0 -0 0
-0 -0 0
-0 -0 0
-0 -0 0
-0 -0 0
-0 -0 0
-0 -0 0
-0 -0 0
-0 -0 0
-0 -0 0
0 -0 0
0 -0 0
0 -0 0
0 -0 0
0 -0 0
0 -0 0
0 -0 0
0 -0 0
0 -0 0
0 -0 0
0 -0 0
0 -0 0
0 -0 0
0 -0 0
0 -0 0
0 -0 0
0 -0 0
0 -0 0
0 -0 0
0 -0 0
0 -0 0
0 -0 0
0 -0 0
0 -0 0
0 -0 0
0 -0 0
0 -0 0
0 -0 0
0 -0 0
0 -0 0
0 -0 0
0 -0 0
0 -0 0
0 -0 0
0 -0 0
0 -0 0
0 -0 0
0 -0 0
0 -0 0
0 -0 0
0 -0 0
0 -0 0
0 -0 0
0 -0 0
0 -0 0
0 -0 0
0 -0 0
0 -0 0
0 -0 0
0 -0 0
0 -0 0
0 -0 0
0 -0 0
0 -0 0
0 -0 0
0 -0 0
0 -0 0
0 -0 0
0 -0 0
0 -0 0
0 -0 0
0 -0 0
0 -0 0
0 -0 0
0 -0 0
0 -0 0
0 -0 0
0 -0 0
0 -0 0
0 -0 0
0 -0 0
0 -0 0
0 -0 0
0 -0 0
0 -0 0
0 -0 0
0 -0 0
0 -0 0
0 -0 0
-0 -0 0
-0 -0 0
-0 -0 0
-0 -0 0
-0 -0 0
-0 -0 0
-0 -0 0
-0 -0 0
-0 -0 0
-0 -0 0
-0 -0 0
-0 -0 0
-0 -0 0
-0 -0 0
-0 -0 0
-0 -0 0
-0 -0 0
-0 -0 0
-0 -0 0
-0 -0 0
-0 -0 0
-0.18324019 -0.17431213 0.35175002
-0.17990701 -0.17406435 0.35125002
-0 -0 0
-0.17635873 -0.17666602 0.35650003
-0.17311859 -0.17654213 0.35625002
-0.16964424 -0.17617045 0.35550001
-0.16665146 -0.17629436 0.35575002
-0.16376922 -0.17654213 0.35625002
-0.16087824 -0.17678991 0.35675001
-0.15831016 -0.17740935 0.35800001
-0.15572022 -0.17802879 0.35925001
-0.15215282 -0.17753324 0.35825002
-0.14953882 -0.1781527 0.35950002
-0.14680114 -0.17864825 0.36050001
-0.14434482 -0.17951548 0.36225003
-0.1412733 -0.17963935 0.36250001
-0.13829266 -0.17988713 0.36300001
-0.13548939 -0.1803827 0.36400002
-0.13239598 -0.18050657 0.36425
-0.12929824 -0.18063048 0.36450002
-0.12645558 -0.18112603 0.3655
-0.12342683 -0.18137382 0.36600003
-0.12063568 -0.18199326 0.36725003
-0.117423 -0.18199326 0.36725003
-0.11475454 -0.18286048 0.36900002
-0 -0 0
-0 -0 0
-0 -0 0
-0 -0 0
-0 -0 0
-0 -0 0
-0 -0 0
-0 -0 0
-0 -0 0
-0 -0 0
-0 -0 0
-0 -0 0
-0 -0 0
-0 -0 0
-0 -0 0
-0 -0 0
-0 -0 0
-0 -0 0
-0 -0 0
-0 -0 0
-0 -0 0
-0 -0 0
-0 -0 0
-0 -0 0
-0 -0 0
-0 -0 0
-0 -0 0
-0 -0 0
-0 -0 0
-0 -0 0
-0 -0 0
-0 -0 0
-0 -0 0
-0 -0 0
-0 -0 0
0 -0 0
0 -0 0
0 -0 0
0 -0 0
0 -0 0
0 -0 0
0 -0 0
0 -0 0
0 -0 0
0 -0 0
0 -0 0
0 -0 0
0 -0 0
0 -0 0
0 -0 0
0 -0 0
0 -0 0
0 -0 0
0 -0 0
0 -0 0
0 -0 0
0 -0 0
0 -0 0
0 -0 0
0 -0 0
0 -0 0
0 -0 0
0 -0 0
0 -0 0
0 -0 0
0 -0 0
0 -0 0
0 -0 0
0 -0 0
0 -0 0
0 -0 0
0 -0 0
0 -0 0
0 -0 0
0 -0 0
0 -0 0
0 -0 0
0 -0 0
0 -0 0
0 -0 0
0 -0 0
0 -0 0
0 -0 0
0 -0 0
0 -0 0
0 -0 0
0 -0 0
0 -0 0
0 -0 0
0 -0 0
0 -0 0
0 -0 0
0 -0 0
0 -0 0
0 -0 0
0 -0 0
0 -0 0
0 -0 0
0 -0 0
0 -0 0
0 -0 0
0 -0 0
0 -0 0
0 -0 0
0 -0 0
0 -0 0
0 -0 0
0 -0 0
0 -0 0
0 -0 0
0 -0 0
0 -0 0
0 -0 0
0 -0 0
-0 -0 0
-0 -0 0
-0 -0 0
-0 -0 0
-0 -0 0
-0 -0 0
-0 -0 0
-0 -0 0
-0 -0 0
-0 -0 0
-0 -0 0
-0 -0 0
-0 -0 0
-0 -0 0
-0 -0 0
-0 -0 0
-0 -0 0
-0 -0 0
-0 -0 0
-0 -0 0
-0 -0 0
-0 -0 0
-0 -0 0
-0 -0 0
-0 -0 0
-0 -0 0
-0 -0 0
-0 -0 0
-0 -0 0
-0 -0 0
-0 -0 0
-0 -0 0
-0 -0 0
-0 -0 0
-0 -0 0
-0 -0 0
-0 -0 0
-0 -0 0
-0 -0 0
-0 -0 0
-0 -0 0
-0 -0 0
-0 -0 0
-0 -0 0
-0 -0 0
-0 -0 0
-0 -0 0
-0 -0 0
-0 -0 0
-0 -0 0
-0 -0 0
-0 -0 0
-0 -0 0
-0 -0 0
-0 -0 0
-0 -0 0
-0 -0 0
-0 -0 0
-0 -0 0
-0 -0 0
-0 -0 0
-0 -0 0
-0 -0 0
-0 -0 0
-0 -0 0
-0 -0 0
-0 -0 0
-0 -0 0
-0 -0 0
-0 -0 0
-0 -0 0
-0 -0 0
-0 -0 0
-0 -0 0
-0 -0 0
-0 -0 0
-0 -0 0
-0 -0 0
-0 -0 0
-0 -0 0
-0 -0 0
0 -0 0
0 -0 0
0 -0 0
0 -0 0
0 -0 0
0 -0 0
0 -0 0
0 -0 0
0 -0 0
0 -0 0
0 -0 0
0 -0 0
0 -0 0
0 -0 0
0 -0 0
0 -0 0
0 -0 0
0 -0 0
0 -0 0
0 -0 0
0 -0 0
0 -0 0
0 -0 0
0 -0 0
0 -0 0
0 -0 0
0 -0 0
0 -0 0
0 -0 0
0 -0 0
0 -0 0
0 -0 0
0 -0 0
0 -0 0
0 -0 0
0 -0 0
0 -0 0
0 -0 0
0 -0 0
0 -0 0
0 -0 0
0 -0 0
0 -0 0
0 -0 0
0 -0 0
0 -0 0
0 -0 0
0 -0 0
0 -0 0
0 -0 0
0 -0 0
0 -0 0
0 -0 0
0 -0 0
0 -0 0
0 -0 0
0 -0 0
0 -0 0
0 -0 0
0 -0 0
0 -0 0
0 -0 0
0 -0 0
0 -0 0
0 -0 0
0 -0 0
0 -0 0
0 -0 0
0 -0 0
0 -0 0
0 -0 0
0 -0 0
0 -0 0
0 -0 0
0 -0 0
0 -0 0
0 -0 0
0 -0 0
0 -0 0
-0 -0 0
-0 -0 0
-0 -0 0
-0 -0 0
-0 -0 0
-0 -0 0
-0 -0 0
-0 -0 0
-0 -0 0
-0 -0 0
-0 -0 0
-0 -0 0
-0 -0 0
-0 -0 0
-0 -0 0
-0 -0 0
-0 -0 0
-0 -0 0
-0 -0 0
-0 -0 0
-0 -0 0
-0 -0 0
-0 -0 0
-0 -0 0
-0 -0 0
-0 -0 0
-0 -0 0
-0 -0 0
-0 -0 0
-0 -0 0
-0 -0 0
-0 -0 0
-0 -0 0
-0 -0 0
-0 -0 0
-0 -0 0
-0 -0 0
-0 -0 0
-0 -0 0
-0 -0 0
-0 -0 0
-0 -0 0
-0 -0 0
-0 -0 0
-0 -0 0
-0 -0 0
-0 -0 0
-0 -0 0
-0 -0 0
-0 -0 0
-0 -0 0
-0 -0 0
-0 -0 0
-0 -0 0
-0 -0 0
-0 -0 0
-0 -0 0
-0 -0 0
-0 -0 0
-0 -0 0
-0 -0 0
-0 -0 0
-0 -0 0
-0 -0 0
-0 -0 0
-0 -0 0
-0 -0 0
-0 -0 0
-0 -0 0
-0.041298922 -0.19541292 0.40875003
-0 -0 0
-0 -0 0
-0 -0 0
-0 -0 0
-0 -0 0
-0 -0 0
-0 -0 0
-0 -0 0
-0 -0 0
-0 -0 0
-0 -0 0
0 -0 0
0 -0 0
0 -0 0
0 -0 0
0 -0 0
0 -0 0
0 -0 0
0 -0 0
0 -0 0
0 -0 0
0 -0 0
0 -0 0
0 -0 0
0 -0 0
0 -0 0
0 -0 0
0 -0 0
0 -0 0
0 -0 0
0 -0 0
0 -0 0
0 -0 0
0 -0 0
0 -0 0
0 -0 0
0 -0 0
0 -0 0
0 -0 0
0 -0 0
0 -0 0
0 -0 0
0 -0 0
0 -0 0
0 -0 0
0 -0 0
0 -0 0
0 -0 0
0 -0 0
0 -0 0
0 -0 0
0 -0 0
0 -0 0
0 -0 0
0 -0 0
0 -0 0
0 -0 0
0 -0 0
0 -0 0
0 -0 0
0 -0 0
0 -0 0
0 -0 0
0 -0 0
0 -0 0
0 -0 0
0 -0 0
0 -0 0
0 -0 0
0 -0 0
0 -0 0
0 -0 0
0 -0 0
0 -0 0
0 -0 0
0 -0 0
0 -0 0
0 -0 0
0 -0 0
0 -0 0
0 -0 0
0 -0 0
0 -0 0
0 -0 0
0 -0 0
0 -0 0
0 -0 0
0 -0 0
0 -0 0
0 -0 0
-0 -0 0
-0 -0 0
-0 -0 0
-0 -0 0
-0 -0 0
-0 -0 0
-0 -0 0
-0 -0 0
-0 -0 0
-0 -0 0
-0 -0 0
-0 -0 0
-0 -0 0
-0 -0 0
-0 -0 0
-0 -0 0
-0 -0 0
-0 -0 0
-0 -0 0
-0 -0 0
-0 -0 0
-0 -0 0
-0 -0 0
-0 -0 0
-0 -0 0
-0 -0 0
-0 -0 0
-0 -0 0
-0 -0 0
-0 -0 0
-0 -0 0
-0 -0 0
-0 -0 0
-0 -0 0
-0 -0 0
-0 -0 0
-0 -0 0
-0 -0 0
-0 -0 0
-0 -0 0
-0 -0 0
-0 -0 0
-0 -0 0
-0 -0 0
-0 -0 0
-0.11895288 -0.17951994 0.38250002
-0 -0 0
-0 -0 0
-0 -0 0
-0 -0 0
-0 -0 0
-0 -0 0
-0 -0 0
-0 -0 0
-0 -0 0
-0 -0 0
-0.07709901 -0.1684906 0.35900003
-0.073958494 -0.1684906 0.35900003
-0.071064562 -0.16907728 0.36025003
-0 -0 0
-0 -0 0
-0 -0 0
-0 -0 0
-0 -0 0
-0 -0 0
-0 -0 0
-0 -0 0
-0 -0 0
-0.044819754 -0.19160527 0.40825003
-0.041273661 -0.1917226 0.40850002
-0 -0 0
-0 -0 0
-0 -0 0
-0 -0 0
-0 -0 0
-0 -0 0
-0 -0 0
-0 -0 0
-0 -0 0
-0 -0 0
-0 -0 0
0 -0 0
0 -0 0
0 -0 0
0 -0 0
0 -0 0
0 -0 0
0 -0 0
0 -0 0
0 -0 0
0 -0 0
0 -0 0
0 -0 0
0 -0 0
0 -0 0
0 -0 0
0 -0 0
0 -0 0
0 -0 0
0 -0 0
0 -0 0
0 -0 0
0 -0 0
0 -0 0
0 -0 0
0 -0 0
0 -0 0
0 -0 0
0 -0 0
0 -0 0
0 -0 0
0 -0 0
0 -0 0
0 -0 0
0 -0 0
0 -0 0
0 -0 0
0 -0 0
0 -0 0
0 -0 0
0 -0 0
0 -0 0
0 -0 0
0 -0 0
0 -0 0
0 -0 0
0 -0 0
0 -0 0
0 -0 0
0 -0 0
0 -0 0
0 -0 0
0 -0 0
0 -0 0
0 -0 0
0 -0 0
0 -0 0
0 -0 0
0 -0 0
0 -0 0
0 -0 0
0 -0 0
0 -0 0
0 -0 0
0 -0 0
0 -0 0
0 -0 0
0 -0 0
0 -0 0
0 -0 0
0 -0 0
0 -0 0
0 -0 0
0 -0 0
0 -0 0
0 -0 0
0 -0 0
0 -0 0
0 -0 0
0 -0 0
-0 -0 0
-0 -0 0
-0 -0 0
-0 -0 0
-0 -0 0
-0 -0 0
-0 -0 0
-0 -0 0
-0 -0 0
-0 -0 0
-0 -0 0
-0 -0 0
-0 -0 0
-0 -0 0
-0 -0 0
-0 -0 0
-0 -0 0
-0 -0 0
-0 -0 0
-0 -0 0
-0 -0 0
-0 -0 0
-0 -0 0
-0 -0 0
-0 -0 0
-0 -0 0
-0 -0 0
-0 -0 0
-0 -0 0
-0 -0 0
-0 -0 0
-0 -0 0
-0 -0 0
-0 -0 0
-0 -0 0
-0 -0 0
-0 -0 0
-0 -0 0
-0 -0 0
-0 -0 0
-0 -0 0
-0.12169836 -0.16201322 0.35175002
-0.11946435 -0.16316469 0.35425001
-0 -0 0
-0.11414571 -0.16443132 0.35700002
-0.11623173 -0.17214625 0.37375003
-0 -0 0
-0 -0 0
-0 -0 0
-0 -0 0
-0 -0 0
-0 -0 0
-0 -0 0
-0.088810094 -0.16972813 0.36850002
-0.084947765 -0.1684615 0.36575001
-0.08107768 -0.16707973 0.36275002
-0.076991625 -0.1651222 0.3585
-0.073803984 -0.16500707 0.35825002
-0.070620708 -0.16489191 0.35800001
-0.067394689 -0.16466162 0.35750002
-0.064312242 -0.16477677 0.35775003
-0 -0 0
-0 -0 0
-0 -0 0
-0 -0 0
-0 -0 0
-0 -0 0
-0 -0 0
-0 -0 0
-0 -0 0
-0 -0 0
-0 -0 0
-0 -0 0
-0 -0 0
-0 -0 0
-0 -0 0
-0 -0 0
-0 -0 0
-0 -0 0
-0 -0 0
-0 -0 0
0 -0 0
0 -0 0
0 -0 0
0 -0 0
0 -0 0
0 -0 0
0 -0 0
0 -0 0
0 -0 0
0 -0 0
0 -0 0
0 -0 0
0 -0 0
0 -0 0
0 -0 0
0 -0 0
0 -0 0
0 -0 0
0 -0 0
0 -0 0
0 -0 0
0 -0 0
0 -0 0
0 -0 0
0 -0 0
0 -0 0
0 -0 0
0 -0 0
0 -0 0
0 -0 0
0 -0 0
0 -0 0
0 -0 0
0 -0 0
0 -0 0
0 -0 0
0 -0 0
0 -0 0
0 -0 0
0 -0 0
0 -0 0
0 -0 0
0 -0 0
0 -0 0
0 -0 0
0 -0 0
0 -0 0
0 -0 0
0 -0 0
0 -0 0
0 -0 0
0 -0 0
0 -0 0
0 -0 0
0 -0 0
0 -0 0
0 -0 0
0 -0 0
0 -0 0
0 -0 0
0 -0 0
0 -0 0
0 -0 0
0 -0 0
0 -0 0
0 -0 0
0 -0 0
0 -0 0
0 -0 0
0 -0 0
0 -0 0
0 -0 0
0 -0 0
0 -0 0
0 -0 0
0 -0 0
0 -0 0
0 -0 0
0 -0 0
-0 -0 0
-0 -0 0
-0 -0 0
-0 -0 0
-0 -0 0
-0 -0 0
-0 -0 0
-0 -0 0
-0 -0 0
-0 -0 0
-0 -0 0
-0 -0 0
-0 -0 0
-0 -0 0
-0 -0 0
-0 -0 0
-0 -0 0
-0 -0 0
-0 -0 0
-0 -0 0
-0 -0 0
-0 -0 0
-0 -0 0
-0 -0 0
-0 -0 0
-0 -0 0
-0 -0 0
-0 -0 0
-0 -0 0
-0 -0 0
-0.15875238 -0.16221441 0.35900003
-0.1536613 -0.16018108 0.35450003
-0.15194046 -0.1616496 0.35775003
-0.14693904 -0.15961626 0.35325003
-0.14547768 -0.16142365 0.35725001
-0.14235248 -0.16142365 0.35725001
-0.13796069 -0.15995514 0.354
-0.13553062 -0.16074589 0.35575002
-0.13176714 -0.15995514 0.354
-0.12930645 -0.16074589 0.35575002
-0.12646042 -0.16108479 0.35650003
-0.12239032 -0.15984219 0.35375002
-0.12039174 -0.1613107 0.35700002
-0.11743296 -0.16153663 0.35750002
-0.1146253 -0.16198847 0.3585
-0.11592074 -0.16842735 0.37275001
-0 -0 0
-0 -0 0
-0 -0 0
-0 -0 0
-0 -0 0
-0 -0 0
-0 -0 0
-0.088026829 -0.16503847 0.36525002
-0.084483251 -0.16436069 0.36375001
-0.081021801 -0.16379587 0.36250001
-0.076937936 -0.16187552 0.35825002
-0.073546469 -0.1613107 0.35700002
-0.070472762 -0.16142365 0.35725001
-0.067394689 -0.16153663 0.35750002
-0.064267293 -0.16153663 0.35750002
-0.061139904 -0.16153663 0.35750002
-0.058012512 -0.16153663 0.35750002
-0 -0 0
-0 -0 0
-0 -0 0
-0 -0 0
-0 -0 0
-0 -0 0
-0 -0 0
-0 -0 0
-0 -0 0
-0 -0 0
-0 -0 0
-0 -0 0
-0 -0 0
-0 -0 0
-0 -0 0
-0 -0 0
-0 -0 0
-0 -0 0
0 -0 0
0 -0 0
0 -0 0
0 -0 0
0 -0 0
0 -0 0
0 -0 0
0 -0 0
0 -0 0
0 -0 0
0 -0 0
0 -0 0
0 -0 0
0 -0 0
0 -0 0
0 -0 0
0 -0 0
0 -0 0
0 -0 0
0 -0 0
0 -0 0
0 -0 0
0 -0 0
0 -0 0
0 -0 0
0 -0 0
0 -0 0
0 -0 0
0 -0 0
0 -0 0
0 -0 0
0 -0 0
0 -0 0
0 -0 0
0 -0 0
0 -0 0
0 -0 0
0 -0 0
0 -0 0
0 -0 0
0 -0 0
0 -0 0
0 -0 0
0 -0 0
0 -0 0
0 -0 0
0 -0 0
0 -0 0
0 -0 0
0 -0 0
0 -0 0
0 -0 0
0 -0 0
0 -0 0
0 -0 0
0 -0 0
0 -0 0
0 -0 0
0 -0 0
0 -0 0
0 -0 0
0 -0 0
0 -0 0
0 -0 0
0 -0 0
0 -0 0
0 -0 0
0 -0 0
0 -0 0
0 -0 0
0 -0 0
0 -0 0
0 -0 0
0 -0 0
0 -0 0
0 -0 0
0 -0 0
0 -0 0
0 -0 0
-0 -0 0
-0 -0 0
-0 -0 0
-0 -0 0
-0 -0 0
-0 -0 0
-0 -0 0
-0 -0 0
-0 -0 0
-0 -0 0
-0 -0 0
-0 -0 0
-0 -0 0
-0 -0 0
-0 -0 0
-0 -0 0
-0 -0 0
-0 -0 0
-0 -0 0
-0 -0 0
-0 -0 0
-0 -0 0
-0 -0 0
-0.18476352 -0.16262117 0.36700001
-0.18192405 -0.16295351 0.36775002
-0.17822103 -0.16251041 0.36675003
-0.17584783 -0.16328584 0.36850002
-0.17250708 -0.16317506 0.36825001
-0.17169911 -0.16550139 0.37350002
-0.16843173 -0.16550139 0.37350002
-0.16560659 -0.16594449 0.37450001
-0.16298066 -0.16660917 0.37600002
-0.15990379 -0.16683072 0.37650001
-0.15806606 -0.1683816 0.38000003
-0.15474184 -0.1683816 0.38000003
-0.15081991 -0.16771694 0.37850001
-0.14828826 -0.16860315 0.38050002
-0.1457216 -0.16948937 0.38250002
-0 -0 0
-0 -0 0
-0 -0 0
-0 -0 0
-0 -0 0
-0 -0 0
-0 -0 0
-0 -0 0
-0 -0 0
-0 -0 0
-0 -0 0
-0 -0 0
-0.10001763 -0.16583373 0.37425002
-0.094611086 -0.16217807 0.36600003
-0.091222018 -0.16184574 0.36525002
-0.087665319 -0.16118106 0.36375001
-0.084250994 -0.16073796 0.36275002
-0.08063066 -0.15985174 0.36075002
-0.076884247 -0.15863319 0.35800001
-0.073546469 -0.15819009 0.35700002
-0.070423447 -0.15819009 0.35700002
-0.067394689 -0.15841164 0.35750002
-0.064267293 -0.15841164 0.35750002
-0.061139904 -0.15841164 0.35750002
-0.05805308 -0.15852241 0.35775003
-0.054923508 -0.15852241 0.35775003
-0.05183012 -0.15863319 0.35800001
-0 -0 0
-0 -0 0
-0 -0 0
-0.044353165 -0.17901623 0.40400001
-0.040541138 -0.17779768 0.40125
-0 -0 0
-0 -0 0
-0 -0 0
-0 -0 0
-0 -0 0
-0 -0 0
-0 -0 0
-0 -0 0
-0 -0 0
-0 -0 0
-0 -0 0
0 -0 0
0 -0 0
0 -0 0
0 -0 0
0 -0 0
0 -0 0
0 -0 0
0 -0 0
0 -0 0
0 -0 0
0 -0 0
0 -0 0
0 -0 0
0 -0 0
0 -0 0
0 -0 0
0 -0 0
0 -0 0
0 -0 0
0 -0 0
0 -0 0
0 -0 0
0 -0 0
0 -0 0
0 -0 0
0 -0 0
0 -0 0
0 -0 0
0 -0 0
0 -0 0
0 -0 0
0 -0 0
0 -0 0
0 -0 0
0 -0 0
0 -0 0
0 -0 0
0 -0 0
0 -0 0
0 -0 0
0 -0 0
0 -0 0
0 -0 0
0 -0 0
0 -0 0
0 -0 0
0 -0 0
0 -0 0
0 -0 0
0 -0 0
0 -0 0
0 -0 0
0 -0 0
0 -0 0
0 -0 0
0 -0 0
0 -0 0
0 -0 0
0 -0 0
0 -0 0
0 -0 0
0 -0 0
0 -0 0
0 -0 0
0 -0 0
0 -0 0
0 -0 0
0 -0 0
0 -0 0
0 -0 0
0 -0 0
0 -0 0
0 -0 0
0 -0 0
0 -0 0
0 -0 0
0 -0 0
0 -0 0
0 -0 0
-0 -0 0
-0 -0 0
-0 -0 0
-0 -0 0
-0 -0 0
-0 -0 0
-0 -0 0
-0 -0 0
-0 -0 0
-0 -0 0
-0 -0 0
-0 -0 0
-0 -0 0
-0 -0 0
-0 -0 0
-0 -0 0
-0 -0 0
-0 -0 0
-0 -0 0
-0.19774012 -0.15952174 0.36725003
-0.19532195 -0.16017328 0.36875001
-0.19183569 -0.1599561 0.36825001
-0.18874231 -0.1600647 0.36850002
-0.18539283 -0.1599561 0.36825001
-0.18204772 -0.15984751 0.36800003
-0.17907144 -0.1600647 0.36850002
-0.17644432 -0.16060767 0.36975002
-0.17391244 -0.1612592 0.37125
-0.17192894 -0.16245373 0.37400001
-0.16888268 -0.1626709 0.37450001
-0.16682266 -0.16386542 0.37725002
-0.16395596 -0.1642998 0.37825003
-0.1612841 -0.16495134 0.37975001
-0.158794 -0.16582008 0.38175002
-0.15535267 -0.16571148 0.38150001
-0.15171647 -0.16538571 0.38075003
-0.1490677 -0.16614586 0.38250002
-0.14591208 -0.16636303 0.38300002
-0.14321302 -0.16712318 0.38475001
-0 -0 0
-0 -0 0
-0.13164528 -0.16527712 0.38050002
-0 -0 0
-0 -0 0
-0 -0 0
-0 -0 0
-0 -0 0
-0 -0 0
-0 -0 0
-0.10315356 -0.16234514 0.37375003
-0.099884003 -0.16234514 0.37375003
-0.094287962 -0.15843582 0.36475003
-0.09097226 -0.15821862 0.36425
-0.087364063 -0.15745848 0.36250001
-0.084018737 -0.15713271 0.36175001
-0.080295399 -0.15604679 0.35925001
-0.077152692 -0.15604679 0.35925001
-0.073906988 -0.15582961 0.35875002
-0.070472762 -0.15517806 0.35725001
-0.067347556 -0.15517806 0.35725001
-0.064357176 -0.15550382 0.35800001
-0.061310921 -0.15572101 0.3585
-0.058134217 -0.15561242 0.35825002
-0.054961886 -0.15550382 0.35800001
-0.051866315 -0.15561242 0.35825002
-0.048868388 -0.15604679 0.35925001
-0.045948431 -0.15680695 0.36100003
-0 -0 0
-0.044353165 -0.17548476 0.40400001
-0.040743213 -0.17515899 0.40325001
-0 -0 0
-0 -0 0
-0 -0 0
-0 -0 0
-0 -0 0
-0 -0 0
-0 -0 0
-0 -0 0
-0 -0 0
-0 -0 0
-0 -0 0
0 -0 0
0 -0 0
0 -0 0
0 -0 0
0 -0 0
0 -0 0
0 -0 0
0 -0 0
0 -0 0
0 -0 0
0 -0 0
0 -0 0
0 -0 0
0 -0 0
0 -0 0
0 -0 0
0 -0 0
0 -0 0
0 -0 0
0 -0 0
0 -0 0
0 -0 0
0 -0 0
0 -0 0
0 -0 0
0 -0 0
0 -0 0
0 -0 0
0 -0 0
0 -0 0
0 -0 0
0 -0 0
0 -0 0
0 -0 0
0 -0 0
0 -0 0
0 -0 0
0 -0 0
0 -0 0
0 -0 0
0 -0 0
0 -0 0
0 -0 0
0 -0 0
0 -0 0
0 -0 0
0 -0 0
0 -0 0
0 -0 0
0 -0 0
0 -0 0
0 -0 0
0 -0 0
0 -0 0
0 -0 0
0 -0 0
0 -0 0
0 -0 0
0 -0 0
0 -0 0
0 -0 0
0 -0 0
0 -0 0
0 -0 0
0 -0 0
0 -0 0
0 -0 0
0 -0 0
0 -0 0
0 -0 0
0 -0 0
0 -0 0
0 -0 0
0 -0 0
0 -0 0
0 -0 0
0 -0 0
0 -0 0
0 -0 0
-0 -0 0
-0 -0 0
-0 -0 0
-0 -0 0
-0 -0 0
-0 -0 0
-0 -0 0
-0 -0 0
-0 -0 0
-0 -0 0
-0 -0 0
-0 -0 0
-0 -0 0
-0 -0 0
-0 -0 0
-0 -0 0
-0 -0 0
-0 -0 0
-0 -0 0
-0 -0 0
-0 -0 0
-0 -0 0
-0 -0 0
-0 -0 0
-0 -0 0
-0.17943591 -0.15716279 0.36925003
-0.17680223 -0.15769482 0.37050003
-0.17461511 -0.15865247 0.37275001
-0 -0 0
-0.16933365 -0.15982294 0.37550002
-0.16759652 -0.16131264 0.37900001
-0.16449778 -0.16152546 0.37950003
-0.16213353 -0.16248311 0.38175002
-0.15920995 -0.16290873 0.38275
-0.15575989 -0.16280234 0.38250002
-0.1525134 -0.16290873 0.38275
-0.14935999 -0.16312155 0.38325003
-0.14629306 -0.16344076 0.384
-0.14349219 -0.16407922 0.38550001
-0.14011985 -0.16407922 0.38550001
-0.13674751 -0.16407922 0.38550001
-0.13207775 -0.16248311 0.38175002
-0.12831669 -0.16195108 0.38050002
-0.12548082 -0.16258952 0.38200003
-0.12245884 -0.16301514 0.38300002
-0.1194971 -0.16354717 0.38425002
-0 -0 0
-0 -0 0
-0.10521293 -0.15726918 0.36950001
-0.10149758 -0.15652433 0.36775002
-0.097345144 -0.15503463 0.36425
-0.093964837 -0.15471542 0.36350003
-0.090472758 -0.15418339 0.36225003
-0.087123059 -0.15386418 0.36150002
-0.083670355 -0.15333213 0.36025003
-0.08018364 -0.15269369 0.35875002
-0.077045314 -0.15269369 0.35875002
-0.073958494 -0.1528001 0.35900003
-0.070620708 -0.15237446 0.35800001
-0.067347556 -0.15205525 0.35725001
-0.064312242 -0.15226807 0.35775003
-0.061268169 -0.15248089 0.35825002
-0.058215354 -0.15269369 0.35875002
-0.055077031 -0.15269369 0.35875002
-0.051938701 -0.15269369 0.35875002
-0.048868388 -0.15290651 0.35925001
-0.045948431 -0.15365136 0.36100003
-0.043116383 -0.15482183 0.36375001
-0.044270825 -0.17163409 0.40325001
-0.040945288 -0.17248535 0.40525001
-0.037423257 -0.17259176 0.40550002
-0.033917736 -0.17280456 0.40600002
-0.030459559 -0.1733366 0.40725002
-0 -0 0
-0 -0 0
-0 -0 0
-0 -0 0
-0 -0 0
-0 -0 0
-0 -0 0
-0 -0 0
0 -0 0
0 -0 0
0 -0 0
0 -0 0
0 -0 0
0 -0 0
0 -0 0
0 -0 0
0 -0 0
0 -0 0
0 -0 0
0 -0 0
0 -0 0
0 -0 0
0 -0 0
0 -0 0
0 -0 0
0 -0 0
0 -0 0
0 -0 0
0 -0 0
0 -0 0
0 -0 0
0 -0 0
0 -0 0
0 -0 0
0 -0 0
0 -0 0
0 -0 0
0 -0 0
0 -0 0
0 -0 0
0 -0 0
0 -0 0
0 -0 0
0 -0 0
0 -0 0
0 -0 0
0 -0 0
0 -0 0
0 -0 0
0 -0 0
0 -0 0
0 -0 0
0 -0 0
0 -0 0
0 -0 0
0 -0 0
0 -0 0
0 -0 0
0 -0 0
0 -0 0
0 -0 0
0 -0 0
0 -0 0
0 -0 0
0 -0 0
0 -0 0
0 -0 0
0 -0 0
0 -0 0
0 -0 0
0 -0 0
0 -0 0
0 -0 0
0 -0 0
0 -0 0
0 -0 0
0 -0 0
0 -0 0
0 -0 0
0 -0 0
0 -0 0
0 -0 0
0 -0 0
0 -0 0
0 -0 0
0 -0 0
0 -0 0
-0 -0 0
-0 -0 0
-0 -0 0
-0 -0 0
-0 -0 0
-0 -0 0
-0 -0 0
-0 -0 0
-0 -0 0
-0 -0 0
-0 -0 0
-0 -0 0
-0 -0 0
-0 -0 0
-0 -0 0
-0 -0 0
-0 -0 0
-0 -0 0
-0 -0 0
-0 -0 0
-0 -0 0
-0 -0 0
-0 -0 0
-0 -0 0
-0.18748936 -0.15799971 0.37900001
-0.18441686 -0.15820816 0.37950003
-0.18038122 -0.15758283 0.37800002
-0.17684026 -0.15737438 0.37750003
-0.17411254 -0.15789549 0.37875003
-0.17158842 -0.15862504 0.38050002
-0.16870204 -0.15904193 0.38150001
-0.16558142 -0.15925038 0.38200003
-0.16330148 -0.16029258 0.38450003
-0.15941794 -0.15977149 0.38325003
-0.1560653 -0.15977149 0.38325003
-0.15321073 -0.16029258 0.38450003
-0.15023686 -0.16070947 0.38550001
-0.14715025 -0.16102213 0.38625002
-0.14414358 -0.16143902 0.38725001
-0.1408468 -0.16154324 0.38750002
-0.13763434 -0.16175169 0.38800001
-0.13458611 -0.16216858 0.38900003
-0.13093023 -0.16185591 0.38825002
-0 -0 0
-0 -0 0
-0 -0 0
-0.11326443 -0.15622795 0.37475002
-0.10851867 -0.15414353 0.36975002
-0.10507056 -0.15383086 0.36900002
-0.10101458 -0.1525802 0.36600003
-0.097077899 -0.15143377 0.36325002
-0.093577087 -0.15091266 0.36200002
-0.090098128 -0.15039155 0.36075002
-0.086821809 -0.15018311 0.36025003
-0.083496161 -0.14987044 0.35950002
-0.080239519 -0.149662 0.35900003
-0.076991625 -0.14945355 0.3585
-0.073752478 -0.14924511 0.35800001
-0.0705714 -0.14914089 0.35775003
-0.067441821 -0.14914089 0.35775003
-0.064357176 -0.14924511 0.35800001
-0.06135368 -0.14955777 0.35875002
-0.058337059 -0.14987044 0.35950002
-0.055230554 -0.14997466 0.35975
-0.052083477 -0.14997466 0.35975
-0.049004421 -0.15018311 0.36025003
-0.045980249 -0.15059999 0.36125001
-0.042908952 -0.15091266 0.36200002
-0.039797086 -0.15112109 0.36250001
-0.038848769 -0.16029258 0.38450003
-0.03770012 -0.17029785 0.40850002
-0.03437721 -0.1715485 0.41150001
-0.030833524 -0.17186116 0.41225001
-0 -0 0
-0 -0 0
-0 -0 0
-0 -0 0
-0 -0 0
-0 -0 0
-0 -0 0
-0 -0 0
0 -0 0
0 -0 0
0 -0 0
0 -0 0
0 -0 0
0 -0 0
0 -0 0
0 -0 0
0 -0 0
0 -0 0
0 -0 0
0 -0 0
0 -0 0
0 -0 0
0 -0 0
0 -0 0
0 -0 0
0 -0 0
0 -0 0
0 -0 0
0 -0 0
0 -0 0
0 -0 0
0 -0 0
0 -0 0
0 -0 0
0 -0 0
0 -0 0
0 -0 0
0 -0 0
0 -0 0
0 -0 0
0 -0 0
0 -0 0
0 -0 0
0 -0 0
0 -0 0
0 -0 0
0 -0 0
0 -0 0
0 -0 0
0 -0 0
0 -0 0
0 -0 0
0 -0 0
0 -0 0
0 -0 0
0 -0 0
0 -0 0
0 -0 0
0 -0 0
0 -0 0
0 -0 0
0 -0 0
0 -0 0
0 -0 0
0 -0 0
0 -0 0
0 -0 0
0 -0 0
0 -0 0
0 -0 0
0 -0 0
0 -0 0
0 -0 0
0 -0 0
0 -0 0
0 -0 0
0 -0 0
0 -0 0
0 -0 0
0 -0 0
0 -0 0
0 -0 0
0 -0 0
0 -0 0
0 -0 0
0 -0 0
0 -0 0
-0 -0 0
-0 -0 0
-0 -0 0
-0 -0 0
-0 -0 0
-0 -0 0
-0 -0 0
-0 -0 0
-0 -0 0
-0 -0 0
-0 -0 0
-0 -0 0
-0 -0 0
-0 -0 0
-0 -0 0
-0 -0 0
-0 -0 0
-0 -0 0
-0 -0 0
-0 -0 0
-0 -0 0
-0 -0 0
-0.19322397 -0.15397254 0.37725002
-0.19093069 -0.15478882 0.37925002
-0.18798406 -0.15509494 0.38000003
-0.18465984 -0.15509494 0.38000003
-0.18097772 -0.15478882 0.37925002
-0.17836273 -0.15540104 0.38075003
-0.17537671 -0.15570714 0.38150001
-0.17249033 -0.15611529 0.38250002
-0.16925479 -0.15621732 0.38275
-0.16644832 -0.15672751 0.384
-0.16362002 -0.15723769 0.38525003
-0.16035385 -0.15733972 0.38550001
-0.15708333 -0.15744177 0.38575003
-0.15410727 -0.15784991 0.38675001
-0.15101629 -0.15815601 0.38750002
-0.14781694 -0.15836008 0.38800001
-0.14470191 -0.15866619 0.38875002
-0.14175549 -0.15917638 0.39000002
-0.13860984 -0.15948248 0.39075002
-0.13571054 -0.16009471 0.39225003
-0.13236347 -0.16019674 0.39250001
-0.12876566 -0.15999267 0.39200002
-0.12533647 -0.15999267 0.39200002
-0 -0 0
-0.11265995 -0.15213588 0.37275001
-0.10844529 -0.15080941 0.36950001
-0.1043587 -0.14958498 0.36650002
-0.10066959 -0.14887074 0.36475003
-0.096743837 -0.14774832 0.36200002
-0.093253955 -0.14723815 0.36075002
-0.089785941 -0.14672796 0.35950002
-0.086520553 -0.14652389 0.35900003
-0.083438098 -0.14662592 0.35925001
-0.080351278 -0.14672796 0.35950002
-0.076991625 -0.14631982 0.3585
-0.073803984 -0.14621779 0.35825002
-0.070670031 -0.14621779 0.35825002
-0.067583203 -0.14631982 0.3585
-0.06444706 -0.14631982 0.3585
-0.06135368 -0.14642186 0.35875002
-0.058418192 -0.14693204 0.36000001
-0.055345699 -0.14713611 0.36050001
-0.052228257 -0.14723815 0.36075002
-0.04924247 -0.14774832 0.36200002
-0.046139352 -0.14795239 0.36250001
-0.042938586 -0.14785036 0.36225003
-0.039797086 -0.14795239 0.36250001
-0.037055362 -0.14968702 0.36675003
-0.035669763 -0.15774788 0.38650003
-0.033896849 -0.16560465 0.40575001
-0.030833524 -0.16825759 0.41225001
-0 -0 0
-0 -0 0
-0 -0 0
-0 -0 0
-0 -0 0
-0 -0 0
-0 -0 0
-0 -0 0
0 -0 0
0 -0 0
0 -0 0
0 -0 0
0 -0 0
0 -0 0
0 -0 0
0 -0 0
0 -0 0
0 -0 0
0 -0 0
0 -0 0
0 -0 0
0 -0 0
0 -0 0
0 -0 0
0 -0 0
0 -0 0
0 -0 0
0 -0 0
0 -0 0
0 -0 0
0 -0 0
0 -0 0
0 -0 0
0 -0 0
0 -0 0
0 -0 0
0 -0 0
0 -0 0
0 -0 0
0 -0 0
0 -0 0
0 -0 0
0 -0 0
0 -0 0
0 -0 0
0 -0 0
0 -0 0
0 -0 0
0 -0 0
0 -0 0
0 -0 0
0 -0 0
0 -0 0
0 -0 0
0 -0 0
0 -0 0
0 -0 0
0 -0 0
0 -0 0
0 -0 0
0 -0 0
0 -0 0
0 -0 0
0 -0 0
0 -0 0
0 -0 0
0 -0 0
0 -0 0
0 -0 0
0 -0 0
0 -0 0
0 -0 0
0 -0 0
0 -0 0
0 -0 0
0 -0 0
0 -0 0
0 -0 0
0 -0 0
0 -0 0
0 -0 0
0 -0 0
0 -0 0
0 -0 0
0 -0 0
0 -0 0
0 -0 0
-0 -0 0
-0 -0 0
-0 -0 0
-0 -0 0
-0 -0 0
-0 -0 0
-0 -0 0
-0 -0 0
-0 -0 0
-0 -0 0
-0 -0 0
-0 -0 0
-0 -0 0
-0 -0 0
-0 -0 0
-0 -0 0
-0 -0 0
-0 -0 0
-0 -0 0
-0 -0 0
-0 -0 0
-0 -0 0
-0.19322397 -0.15067491 0.37725002
-0.19093069 -0.15147372 0.37925002
-0 -0 0
-0.18514577 -0.15217267 0.38100001
-0.18193212 -0.15227252 0.38125002
-0.1789483 -0.15257208 0.38200003
-0.17618121 -0.15307133 0.38325003
-0.17316675 -0.15337087 0.384
-0.17013921 -0.15367043 0.38475001
-0.16677342 -0.15367043 0.38475001
-0.16351384 -0.15377028 0.38500002
-0.16087382 -0.15446924 0.38675001
-0.15769415 -0.15466893 0.38725001
-0.15440612 -0.15476879 0.38750002
-0.15121116 -0.15496849 0.38800001
-0.14829315 -0.15546773 0.38925001
-0.14526026 -0.15586714 0.39025003
-0.14211896 -0.1561667 0.39100003
-0.13887589 -0.15636641 0.39150003
-0.13571054 -0.15666595 0.39225003
-0.13244778 -0.15686566 0.39275002
-0.12876566 -0.1565661 0.39200002
-0.12365784 -0.15446924 0.38675001
-0.11708695 -0.15037535 0.37650001
-0.11160211 -0.14747968 0.36925003
-0.10727132 -0.14598191 0.3655
-0.10364684 -0.14538281 0.36400002
-0.10039359 -0.14528295 0.36375001
-0.096610211 -0.14438431 0.36150002
-0.092995457 -0.14368534 0.35975
-0.089723498 -0.14348564 0.35925001
-0.0864603 -0.14328595 0.35875002
-0.083321974 -0.14328595 0.35875002
-0.080351278 -0.1435855 0.35950002
-0.07709901 -0.1433858 0.35900003
-0.074009992 -0.14348564 0.35925001
-0.070916608 -0.1435855 0.35950002
-0.067771725 -0.1435855 0.35950002
-0.064716719 -0.14378519 0.36000001
-0.06173848 -0.1441846 0.36100003
-0.058702167 -0.14448415 0.36175001
-0.055575985 -0.144584 0.36200002
-0.052517813 -0.14488356 0.36275002
-0.049446516 -0.14518312 0.36350003
-0.046298452 -0.14528295 0.36375001
-0.043086752 -0.14518312 0.36350003
-0.039934315 -0.14528295 0.36375001
-0.036777508 -0.14538281 0.36400002
-0.034077775 -0.14747968 0.36925003
-0.031327959 -0.14977625 0.37500003
-0.028047476 -0.14977625 0.37500003
-0 -0 0
-0 -0 0
-0 -0 0
-0 -0 0
-0 -0 0
-0 -0 0
-0 -0 0
-0 -0 0
0 -0 0
0 -0 0
0 -0 0
0 -0 0
0 -0 0
0 -0 0
0 -0 0
0 -0 0
0 -0 0
0 -0 0
0 -0 0
0 -0 0
0 -0 0
0 -0 0
0 -0 0
0 -0 0
0 -0 0
0 -0 0
0 -0 0
0 -0 0
0 -0 0
0 -0 0
0 -0 0
0 -0 0
0 -0 0
0 -0 0
0 -0 0
0 -0 0
0 -0 0
0 -0 0
0 -0 0
0 -0 0
0 -0 0
0 -0 0
0 -0 0
0 -0 0
0 -0 0
0 -0 0
0 -0 0
0 -0 0
0 -0 0
0 -0 0
0 -0 0
0 -0 0
0 -0 0
0 -0 0
0 -0 0
0 -0 0
0 -0 0
0 -0 0
0 -0 0
0 -0 0
0 -0 0
0 -0 0
0 -0 0
0 -0 0
0 -0 0
0 -0 0
0 -0 0
0 -0 0
0 -0 0
0 -0 0
0 -0 0
0 -0 0
0 -0 0
0 -0 0
0 -0 0
0 -0 0
0 -0 0
0 -0 0
0 -0 0
0 -0 0
0 -0 0
0 -0 0
0 -0 0
0 -0 0
0 -0 0
0 -0 0
0 -0 0
-0 -0 0
-0 -0 0
-0 -0 0
-0 -0 0
-0 -0 0
-0 -0 0
-0 -0 0
-0 -0 0
-0 -0 0
-0 -0 0
-0 -0 0
-0 -0 0
-0 -0 0
-0 -0 0
-0 -0 0
-0 -0 0
-0 -0 0
-0 -0 0
-0 -0 0
-0 -0 0
-0 -0 0
-0 -0 0
-0.19373617 -0.14776795 0.37825003
-0.19093069 -0.14815859 0.37925002
-0.18823141 -0.14864692 0.38050002
-0.18563172 -0.14923292 0.38200003
-0.18252861 -0.14942825 0.38250002
-0.17918251 -0.14942825 0.38250002
-0.17641106 -0.14991657 0.38375002
-0.17361772 -0.1504049 0.38500002
-0.17069197 -0.15079556 0.38600001
-0.16742362 -0.15089323 0.38625002
-0.16404474 -0.15089323 0.38625002
-0.16139376 -0.15157689 0.38800001
-0.15779595 -0.15138157 0.38750002
-0.15470497 -0.15167455 0.38825002
-0.15169831 -0.15206522 0.38925001
-0.14867413 -0.15245588 0.39025003
-0.14581858 -0.15304187 0.39175001
-0.14257331 -0.15323721 0.39225003
-0.13914193 -0.15323721 0.39225003
-0.13579704 -0.15333487 0.39250001
-0.13177331 -0.15265122 0.39075002
-0.12646626 -0.1504049 0.38500002
-0.11998089 -0.14659595 0.37525001
-0.11459904 -0.14395899 0.36850002
-0.11061983 -0.14298233 0.36600003
-0.10683109 -0.14220101 0.36400002
-0.10329092 -0.14171268 0.36275002
-0.099979602 -0.14151734 0.36225003
-0.096409775 -0.14093135 0.36075002
-0.09312471 -0.14073603 0.36025003
-0.089848377 -0.14054069 0.35975
-0.086520553 -0.1402477 0.35900003
-0.083380036 -0.1402477 0.35900003
-0.080295399 -0.14034535 0.35925001
-0.07709901 -0.1402477 0.35900003
-0.074164502 -0.14063835 0.36000001
-0.071163192 -0.14093135 0.36075002
-0.068054497 -0.14102902 0.36100003
-0.065076254 -0.14141968 0.36200002
-0.062080517 -0.14181033 0.36300001
-0.05898615 -0.14200568 0.36350003
-0.055844653 -0.14210333 0.36375001
-0.052734975 -0.14229867 0.36425
-0.049650557 -0.14259166 0.36500001
-0.046489377 -0.14268933 0.36525002
-0.043234918 -0.14249401 0.36475003
-0.040044103 -0.14249401 0.36475003
-0.037181657 -0.14376366 0.36800003
-0.034354642 -0.14542396 0.37225002
-0.031327959 -0.14649829 0.37500003
-0.02810357 -0.14679128 0.37575001
-0.024932107 -0.14747494 0.37750003
-0.021901917 -0.14933059 0.38225001
-0 -0 0
-0 -0 0
-0 -0 0
-0 -0 0
-0 -0 0
-0 -0 0
0 -0 0
0 -0 0
0 -0 0
0 -0 0
0 -0 0
0 -0 0
0 -0 0
0 -0 0
0 -0 0
0 -0 0
0 -0 0
0 -0 0
0 -0 0
0 -0 0
0 -0 0
0 -0 0
0 -0 0
0 -0 0
0 -0 0
0 -0 0
0 -0 0
0 -0 0
0 -0 0
0 -0 0
0 -0 0
0 -0 0
0 -0 0
0 -0 0
0 -0 0
0 -0 0
0 -0 0
0 -0 0
0 -0 0
0 -0 0
0 -0 0
0 -0 0
0 -0 0
0 -0 0
0 -0 0
0 -0 0
0 -0 0
0 -0 0
0 -0 0
0 -0 0
0 -0 0
0 -0 0
0 -0 0
0 -0 0
0 -0 0
0 -0 0
0 -0 0
0 -0 0
0 -0 0
0 -0 0
0 -0 0
0 -0 0
0 -0 0
0 -0 0
0 -0 0
0 -0 0
0 -0 0
0 -0 0
0 -0 0
0 -0 0
0 -0 0
0 -0 0
0 -0 0
0 -0 0
0 -0 0
0 -0 0
0 -0 0
0 -0 0
0 -0 0
0 -0 0
0 -0 0
0 -0 0
0 -0 0
0 -0 0
0 -0 0
-0 -0 0
-0 -0 0
-0 -0 0
-0 -0 0
-0 -0 0
-0 -0 0
-0 -0 0
-0 -0 0
-0 -0 0
-0 -0 0
-0 -0 0
-0 -0 0
-0 -0 0
-0 -0 0
-0 -0 0
-0 -0 0
-0 -0 0
-0 -0 0
-0 -0 0
-0 -0 0
-0 -0 0
-0 -0 0
-0 -0 0
-0 -0 0
-0.18847875 -0.14551185 0.38100001
-0 -0 0
-0.18300581 -0.14646664 0.38350001
-0.18023652 -0.14694405 0.38475001
-0.17710061 -0.14713502 0.38525003
-0.17395593 -0.14732598 0.38575003
-0.17135528 -0.14799434 0.38750002
-0.16829054 -0.14828077 0.38825002
-0.16489415 -0.14828077 0.38825002
-0.16264166 -0.14933106 0.39100003
-0.1589158 -0.14904462 0.39025003
-0.15550192 -0.14904462 0.39025003
-0.15247774 -0.14942653 0.39125001
-0.14934084 -0.14971298 0.39200002
-0.14619081 -0.14999942 0.39275002
-0.14293678 -0.15019038 0.39325002
-0.13905326 -0.14971298 0.39200002
-0.13415363 -0.14808983 0.38775003
-0.12873822 -0.1457983 0.38175002
-0.12367415 -0.1437932 0.37650001
-0.11782267 -0.14073785 0.36850002
-0.11389932 -0.13987851 0.36625001
-0.11031759 -0.13940111 0.36500001
-0.10646423 -0.13854179 0.36275002
-0.10293498 -0.1380644 0.36150002
-0.099565603 -0.13777795 0.36075002
-0.09620934 -0.13749151 0.36000001
-0.09312471 -0.137587 0.36025003
-0.089910813 -0.13749151 0.36000001
-0.086701296 -0.13739602 0.35975
-0.083496161 -0.13730055 0.35950002
-0.08040715 -0.13739602 0.35975
-0.077313766 -0.13749151 0.36000001
-0.074319012 -0.13777795 0.36075002
-0.071311139 -0.1380644 0.36150002
-0.068290144 -0.13835084 0.36225003
-0.065345913 -0.13882823 0.36350003
-0.062251538 -0.13901919 0.36400002
-0.059188992 -0.13930564 0.36475003
-0.056036558 -0.13940111 0.36500001
-0.052915946 -0.13959207 0.3655
-0.049820591 -0.13987851 0.36625001
-0.046616655 -0.13987851 0.36625001
-0.043412715 -0.13987851 0.36625001
-0.040455796 -0.14073785 0.36850002
-0.038015213 -0.14369772 0.37625003
-0.034839161 -0.14417513 0.37750003
-0.03153681 -0.14417513 0.37750003
-0.028271856 -0.14436609 0.37800002
-0.025064198 -0.14493898 0.37950003
-0.021873267 -0.1457983 0.38175002
-0.018558014 -0.14598925 0.38225001
-0.015283762 -0.1466576 0.384
-0 -0 0
-0 -0 0
-0 -0 0
-0 -0 0
0 -0 0
0 -0 0
0 -0 0
0 -0 0
0 -0 0
0 -0 0
0 -0 0
0 -0 0
0 -0 0
0 -0 0
0 -0 0
0 -0 0
0 -0 0
0 -0 0
0 -0 0
0 -0 0
0 -0 0
0 -0 0
0 -0 0
0 -0 0
0 -0 0
0 -0 0
0 -0 0
0 -0 0
0 -0 0
0 -0 0
0 -0 0
0 -0 0
0 -0 0
0 -0 0
0 -0 0
0 -0 0
0 -0 0
0 -0 0
0 -0 0
0 -0 0
0 -0 0
0 -0 0
0 -0 0
0 -0 0
0 -0 0
0 -0 0
0 -0 0
0 -0 0
0 -0 0
0 -0 0
0 -0 0
0 -0 0
0 -0 0
0 -0 0
0 -0 0
0 -0 0
0 -0 0
0 -0 0
0 -0 0
0 -0 0
0 -0 0
0 -0 0
0 -0 0
0 -0 0
0 -0 0
0 -0 0
0 -0 0
0 -0 0
0 -0 0
0 -0 0
0 -0 0
0 -0 0
0 -0 0
0 -0 0
0 -0 0
0 -0 0
0 -0 0
0 -0 0
0 -0 0
0 -0 0
0 -0 0
0 -0 0
0 -0 0
-0 -0 0
-0 -0 0
-0 -0 0
-0 -0 0
-0 -0 0
-0 -0 0
-0 -0 0
-0 -0 0
-0 -0 0
-0 -0 0
-0 -0 0
-0 -0 0
-0 -0 0
-0 -0 0
-0 -0 0
-0 -0 0
-0 -0 0
-0 -0 0
-0 -0 0
-0 -0 0
-0 -0 0
-0 -0 0
-0 -0 0
-0 -0 0
-0 -0 0
-0 -0 0
-0.1841988 -0.14404733 0.38600001
-0.18152477 -0.14460711 0.38750002
-0.17733046 -0.14395404 0.38575003
-0.17429416 -0.14423393 0.38650003
-0.17223969 -0.14535347 0.38950002
-0.168724 -0.14526017 0.38925001
-0.16531886 -0.14526017 0.38925001
-0.16264166 -0.14591324 0.39100003
-0.15942483 -0.14609984 0.39150003
-0.15619923 -0.14628641 0.39200002
-0.15306233 -0.1465663 0.39275002
-0.14981705 -0.14675289 0.39325002
-0.14646998 -0.14684619 0.39350003
-0.14266418 -0.14647301 0.39250001
-0.13710225 -0.14423393 0.38650003
-0.13216425 -0.14255463 0.38200003
-0.12646192 -0.13994236 0.37500003
-0.121539 -0.13807645 0.37
-0.11710326 -0.13667704 0.36625001
-0.11358833 -0.13630386 0.36525002
-0.1093353 -0.13499773 0.36175001
-0.10595062 -0.13471785 0.36100003
-0.10265023 -0.13453126 0.36050001
-0.099358603 -0.13434467 0.36000001
-0.09620934 -0.13434467 0.36000001
-0.093189329 -0.13453126 0.36050001
-0.090035692 -0.13453126 0.36050001
-0.086942308 -0.13462456 0.36075002
-0.083728418 -0.13453126 0.36050001
-0.080574781 -0.13453126 0.36050001
-0.077421144 -0.13453126 0.36050001
-0.074473523 -0.13490444 0.36150002
-0.071459092 -0.13518433 0.36225003
-0.068620048 -0.13583739 0.36400002
-0.065570623 -0.13611728 0.36475003
-0.062422559 -0.13621056 0.36500001
-0.059432395 -0.13667704 0.36625001
-0.056228466 -0.13667704 0.36625001
-0.053133111 -0.13695693 0.36700001
-0.050024636 -0.1372368 0.36775002
-0.046775755 -0.13714351 0.36750001
-0.043560881 -0.13714351 0.36750001
-0.041004721 -0.13938259 0.37350002
-0.03811625 -0.14078201 0.37725002
-0.034862231 -0.14096861 0.37775001
-0.031599466 -0.1411552 0.37825003
-0.028346648 -0.14143507 0.37900001
-0.025130244 -0.14199485 0.38050002
-0.021873267 -0.14246133 0.38175002
-0.018570151 -0.14274122 0.38250002
-0.015283762 -0.14330098 0.384
-0.012002184 -0.14423393 0.38650003
-0 -0 0
-0 -0 0
-0 -0 0
0 -0 0
0 -0 0
0 -0 0
0 -0 0
0 -0 0
0 -0 0
0 -0 0
0 -0 0
0 -0 0
0 -0 0
0 -0 0
0 -0 0
0 -0 0
0 -0 0
0 -0 0
0 -0 0
0 -0 0
0 -0 0
0 -0 0
0 -0 0
0 -0 0
0 -0 0
0 -0 0
0 -0 0
0 -0 0
0 -0 0
0 -0 0
0 -0 0
0 -0 0
0 -0 0
0 -0 0
0 -0 0
0 -0 0
0 -0 0
0 -0 0
0 -0 0
0 -0 0
0 -0 0
0 -0 0
0 -0 0
0 -0 0
0 -0 0
0 -0 0
0 -0 0
0 -0 0
0 -0 0
0 -0 0
0 -0 0
0 -0 0
0 -0 0
0 -0 0
0 -0 0
0 -0 0
0 -0 0
0 -0 0
0 -0 0
0 -0 0
0 -0 0
0 -0 0
0 -0 0
0 -0 0
0 -0 0
0 -0 0
0 -0 0
0 -0 0
0 -0 0
0 -0 0
0 -0 0
0 -0 0
0 -0 0
0 -0 0
0 -0 0
0 -0 0
0 -0 0
0 -0 0
0 -0 0
0 -0 0
0 -0 0
0 -0 0
-0 -0 0
-0 -0 0
-0 -0 0
-0 -0 0
-0 -0 0
-0 -0 0
-0 -0 0
-0 -0 0
-0 -0 0
-0 -0 0
-0 -0 0
-0 -0 0
-0 -0 0
-0 -0 0
-0 -0 0
-0 -0 0
-0 -0 0
-0 -0 0
-0 -0 0
-0 -0 0
-0 -0 0
-0 -0 0
-0 -0 0
-0 -0 0
-0 -0 0
-0 -0 0
-0 -0 0
-0 -0 0
-0 -0 0
-0 -0 0
-0.17246079 -0.14213097 0.39000002
-0.16894072 -0.14203987 0.38975
-0.1656374 -0.14213097 0.39000002
-0.16264166 -0.14249542 0.39100003
-0.15942483 -0.14267763 0.39150003
-0.15629885 -0.14295097 0.39225003
-0.15325718 -0.1433154 0.39325002
-0.1499123 -0.14340651 0.39350003
-0.14572553 -0.14267763 0.39150003
-0.13948376 -0.13985324 0.38375002
-0.13453047 -0.13821326 0.37925002
-0.1296559 -0.13657328 0.37475002
-0.1241856 -0.13420443 0.36825001
-0.12030719 -0.13347556 0.36625001
-0.11678353 -0.13311113 0.36525002
-0.11312184 -0.13256447 0.36375001
-0.10910863 -0.13156226 0.36100003
-0.10580386 -0.13138004 0.36050001
-0.10257905 -0.13128893 0.36025003
-0.099358603 -0.13119783 0.36000001
-0.096342959 -0.13138004 0.36050001
-0.093318589 -0.13156226 0.36100003
-0.090098128 -0.13147116 0.36075002
-0.087123059 -0.13174449 0.36150002
-0.084018737 -0.13183559 0.36175001
-0.080854163 -0.13183559 0.36175001
-0.077796981 -0.13201782 0.36225003
-0.074885547 -0.13247336 0.36350003
-0.071902931 -0.1328378 0.36450002
-0.068855695 -0.13311113 0.36525002
-0.065840267 -0.13347556 0.36625001
-0.06285011 -0.13393112 0.36750001
-0.059797514 -0.13429555 0.36850002
-0.056612276 -0.13438666 0.36875001
-0.053386468 -0.13438666 0.36875001
-0.050160665 -0.13438666 0.36875001
-0.046934858 -0.13438666 0.36875001
-0.043975748 -0.13520665 0.37100002
-0.041388966 -0.13739327 0.377
-0.038141511 -0.13757551 0.37750003
-0.034885302 -0.13775772 0.37800002
-0.031766549 -0.1385777 0.38025001
-0.028608425 -0.1393977 0.38250002
-0.025262333 -0.1393977 0.38250002
-0.022030836 -0.14012657 0.38450003
-0.018715799 -0.14049101 0.38550001
-0.015393216 -0.14094655 0.38675001
-0.01206429 -0.14158431 0.38850001
-0.0087270522 -0.14258653 0.39125001
-0.0053586471 -0.14404428 0.39525002
-0 -0 0
0 -0 0
0 -0 0
0 -0 0
0 -0 0
0 -0 0
0 -0 0
0 -0 0
0 -0 0
0 -0 0
0 -0 0
0 -0 0
0 -0 0
0 -0 0
0 -0 0
0 -0 0
0 -0 0
0 -0 0
0 -0 0
0 -0 0
0 -0 0
0 -0 0
0 -0 0
0 -0 0
0 -0 0
0 -0 0
0 -0 0
0 -0 0
0 -0 0
0 -0 0
0 -0 0
0 -0 0
0 -0 0
0 -0 0
0 -0 0
0 -0 0
0 -0 0
0 -0 0
0 -0 0
0 -0 0
0 -0 0
0 -0 0
0 -0 0
0 -0 0
0 -0 0
0 -0 0
0 -0 0
0 -0 0
0 -0 0
0 -0 0
0 -0 0
0 -0 0
0 -0 0
0 -0 0
0 -0 0
0 -0 0
0 -0 0
0 -0 0
0 -0 0
0 -0 0
0 -0 0
0 -0 0
0 -0 0
0 -0 0
0.26434693 -0.17356379 0.47625002
0.26851314 -0.17356379 0.47625002
0 -0 0
0 -0 0
0 -0 0
0 -0 0
0 -0 0
0 -0 0
0 -0 0
0 -0 0
0 -0 0
0 -0 0
0 -0 0
0 -0 0
0 -0 0
0 -0 0
-0 -0 0
-0 -0 0
-0 -0 0
-0 -0 0
-0 -0 0
-0 -0 0
-0 -0 0
-0 -0 0
-0 -0 0
-0 -0 0
-0 -0 0
-0 -0 0
-0 -0 0
-0 -0 0
-0 -0 0
-0 -0 0
-0 -0 0
-0 -0 0
-0 -0 0
-0 -0 0
-0 -0 0
-0 -0 0
-0 -0 0
-0 -0 0
-0 -0 0
-0 -0 0
-0 -0 0
-0 -0 0
-0 -0 0
-0 -0 0
-0 -0 0
-0 -0 0
-0 -0 0
-0 -0 0
-0 -0 0
-0.15599999 -0.13925545 0.39150003
-0.15306233 -0.13970007 0.39275002
-0.14686452 -0.13712126 0.38550001
-0.14228246 -0.13596524 0.38225001
-0.13766639 -0.13472031 0.37875003
-0.13240211 -0.13276397 0.37325001
-0.12783951 -0.1314301 0.36950001
-0.12359545 -0.13036302 0.36650002
-0.11989658 -0.12982947 0.36500001
-0.11622399 -0.12929593 0.36350003
-0.11257762 -0.12876238 0.36200002
-0.10918419 -0.1284956 0.36125001
-0.10595062 -0.12840669 0.36100003
-0.10279261 -0.12840669 0.36100003
-0.09963461 -0.12840669 0.36100003
-0.096476592 -0.12840669 0.36100003
-0.093318589 -0.12840669 0.36100003
-0.090035692 -0.12822883 0.36050001
-0.087183312 -0.12867345 0.36175001
-0.084192932 -0.12894022 0.36250001
-0.081133552 -0.12911807 0.36300001
-0.078065433 -0.12929593 0.36350003
-0.075143069 -0.12974055 0.36475003
-0.072198831 -0.13018517 0.36600003
-0.069374114 -0.13089657 0.36800003
-0.066289693 -0.13116333 0.36875001
-0.063192151 -0.1314301 0.36950001
-0.060040917 -0.13160795 0.37
-0.056804184 -0.13160795 0.37
-0.053495053 -0.1314301 0.36950001
-0.050364707 -0.13169688 0.37025002
-0.047380343 -0.13240828 0.37225002
-0.044864744 -0.13463138 0.37850001
-0.041718323 -0.13516493 0.38000003
-0.038394105 -0.13516493 0.38000003
-0.035300605 -0.13605417 0.38250002
-0.032058943 -0.13649879 0.38375002
-0.028795408 -0.13694341 0.38500002
-0.025543027 -0.13756588 0.38675001
-0.022202728 -0.13783266 0.38750002
-0.018873585 -0.13827728 0.38875002
-0.015492721 -0.13845512 0.38925001
-0.01211087 -0.1387219 0.39000002
-0.0087382048 -0.13934436 0.39175001
-0.0053450894 -0.14023361 0.39425001
-0.001904627 -0.14085609 0.39600003
0 -0 0
0 -0 0
0 -0 0
0 -0 0
0 -0 0
0 -0 0
0 -0 0
0 -0 0
0 -0 0
0 -0 0
0 -0 0
0 -0 0
0 -0 0
0 -0 0
0 -0 0
0 -0 0
0 -0 0
0 -0 0
0 -0 0
0 -0 0
0 -0 0
0 -0 0
0 -0 0
0 -0 0
0 -0 0
0 -0 0
0 -0 0
0 -0 0
0 -0 0
0 -0 0
0 -0 0
0 -0 0
0 -0 0
0 -0 0
0 -0 0
0 -0 0
0 -0 0
0 -0 0
0 -0 0
0 -0 0
0 -0 0
0 -0 0
0 -0 0
0 -0 0
0 -0 0
0 -0 0
0 -0 0
0 -0 0
0 -0 0
0 -0 0
0 -0 0
0 -0 0
0 -0 0
0 -0 0
0 -0 0
0 -0 0
0 -0 0
0 -0 0
0 -0 0
0 -0 0
0 -0 0
0 -0 0
0 -0 0
0 -0 0
0 -0 0
0 -0 0
0 -0 0
0 -0 0
0 -0 0
0 -0 0
0 -0 0
0 -0 0
0 -0 0
0 -0 0
0 -0 0
0 -0 0
0 -0 0
0 -0 0
0 -0 0
-0 -0 0
-0 -0 0
-0 -0 0
-0 -0 0
-0 -0 0
-0 -0 0
-0 -0 0
-0 -0 0
-0 -0 0
-0 -0 0
-0 -0 0
-0 -0 0
-0 -0 0
-0 -0 0
-0 -0 0
-0 -0 0
-0 -0 0
-0 -0 0
-0 -0 0
-0 -0 0
-0 -0 0
-0 -0 0
-0 -0 0
-0 -0 0
-0 -0 0
-0 -0 0
-0 -0 0
-0 -0 0
-0 -0 0
-0 -0 0
-0 -0 0
-0 -0 0
-0 -0 0
-0 -0 0
-0 -0 0
-0.1537088 -0.13383825 0.38575003
-0.14945741 -0.13305759 0.38350001
-0.14467393 -0.13175651 0.37975001
-0.13995606 -0.13045543 0.37600002
-0.13575815 -0.12958804 0.37350002
-0.13107187 -0.12820022 0.36950001
-0.12688807 -0.1272461 0.36675003
-0.12300529 -0.12655218 0.36475003
-0.11940387 -0.1261185 0.36350003
-0.11582432 -0.1256848 0.36225003
-0.11257762 -0.12559806 0.36200002
-0.10918419 -0.12533784 0.36125001
-0.10602398 -0.12533784 0.36125001
-0.10300616 -0.1255113 0.36175001
-0.099841595 -0.1255113 0.36175001
-0.096810654 -0.1256848 0.36225003
-0.093706332 -0.12577152 0.36250001
-0.090347879 -0.1255113 0.36175001
-0.087484561 -0.125945 0.36300001
-0.084483251 -0.12620522 0.36375001
-0.081468813 -0.12646544 0.36450002
-0.078602329 -0.12698588 0.36600003
-0.075658098 -0.12741958 0.36725003
-0.072691992 -0.12785326 0.36850002
-0.069751143 -0.1283737 0.37
-0.066559345 -0.12846044 0.37025002
-0.063405924 -0.12863392 0.37075001
-0.060284331 -0.12889414 0.37150002
-0.057188001 -0.12924109 0.37250003
-0.054001775 -0.12941457 0.37300003
-0.050772794 -0.1295013 0.37325001
-0.048080385 -0.1310626 0.37775001
-0.045042545 -0.13184325 0.38000003
-0.041855555 -0.13227695 0.38125002
-0.038646694 -0.13271065 0.38250002
-0.035485182 -0.13340457 0.38450003
-0.032309566 -0.13418521 0.38675001
-0.028982392 -0.13444543 0.38750002
-0.025708139 -0.13505259 0.38925001
-0.022345971 -0.13531281 0.39000002
-0.018982822 -0.13565978 0.39100003
-0.015572323 -0.13574651 0.39125001
-0.012204031 -0.13635369 0.39300001
-0.0087939687 -0.13678737 0.39425001
-0.0053586471 -0.13713434 0.39525002
-0.0019058293 -0.13748129 0.39625001
0.0015615305 -0.13756803 0.39650002
0.0050396076 -0.13782825 0.39725003
0 -0 0
0 -0 0
0 -0 0
0 -0 0
0 -0 0
0 -0 0
0 -0 0
0 -0 0
0 -0 0
0 -0 0
0 -0 0
0 -0 0
0 -0 0
0 -0 0
0 -0 0
0 -0 0
0 -0 0
0 -0 0
0 -0 0
0 -0 0
0 -0 0
0 -0 0
0 -0 0
0 -0 0
0 -0 0
0 -0 0
0 -0 0
0 -0 0
0 -0 0
0 -0 0
0 -0 0
0 -0 0
0 -0 0
0 -0 0
0 -0 0
0 -0 0
0 -0 0
0 -0 0
0 -0 0
0 -0 0
0 -0 0
0 -0 0
0 -0 0
0 -0 0
0 -0 0
0 -0 0
0 -0 0
0 -0 0
0 -0 0
0 -0 0
0 -0 0
0 -0 0
0 -0 0
0 -0 0
0 -0 0
0 -0 0
0 -0 0
0 -0 0
0 -0 0
0 -0 0
0 -0 0
0 -0 0
0 -0 0
0 -0 0
0 -0 0
0 -0 0
0 -0 0
0 -0 0
0 -0 0
0 -0 0
0 -0 0
0 -0 0
0 -0 0
0 -0 0
0 -0 0
0 -0 0
0 -0 0
-0 -0 0
-0 -0 0
-0 -0 0
-0 -0 0
-0 -0 0
-0 -0 0
-0 -0 0
-0 -0 0
-0 -0 0
-0 -0 0
-0 -0 0
-0 -0 0
-0 -0 0
-0 -0 0
-0 -0 0
-0 -0 0
-0 -0 0
-0 -0 0
-0 -0 0
-0 -0 0
-0 -0 0
-0 -0 0
-0 -0 0
-0 -0 0
-0 -0 0
-0 -0 0
-0 -0 0
-0 -0 0
-0 -0 0
-0 -0 0
-0 -0 0
-0 -0 0
-0 -0 0
-0 -0 0
-0.15698153 -0.13038176 0.38550001
-0.15261301 -0.12953623 0.38300002
-0.14721653 -0.1277606 0.37775001
-0.14200713 -0.12606953 0.37275001
-0.13762967 -0.1250549 0.36975002
-0.13394077 -0.12463212 0.36850002
-0.12983033 -0.12378659 0.36600003
-0.1261961 -0.12336382 0.36475003
-0.12275237 -0.12311016 0.36400002
-0.1191575 -0.12268739 0.36275002
-0.11598419 -0.12268739 0.36275002
-0.11281087 -0.12268739 0.36275002
-0.10925975 -0.12226462 0.36150002
-0.10631748 -0.12251829 0.36225003
-0.10329092 -0.12268739 0.36275002
-0.1001176 -0.12268739 0.36275002
-0.097144708 -0.12294105 0.36350003
-0.094094083 -0.12311016 0.36400002
-0.09097226 -0.1231947 0.36425
-0.087966576 -0.12344836 0.36500001
-0.085005835 -0.12378659 0.36600003
-0.082139343 -0.1242939 0.36750001
-0.079192922 -0.12471667 0.36875001
-0.075967111 -0.12471667 0.36875001
-0.073086523 -0.12530856 0.37050003
-0.070033923 -0.12564677 0.37150002
-0.067008771 -0.12606953 0.37275001
-0.063876234 -0.12632319 0.37350002
-0.060608875 -0.12632319 0.37350002
-0.057379905 -0.12640776 0.37375003
-0.054146551 -0.12649231 0.37400001
-0.051010847 -0.12683052 0.37500003
-0.04852587 -0.12894437 0.38125002
-0.045249976 -0.12911347 0.38175002
-0.042294696 -0.13029723 0.38525003
-0.038949806 -0.13038176 0.38550001
-0.035715908 -0.13088909 0.38700002
-0.032476649 -0.13148096 0.38875002
-0.029131979 -0.13173462 0.38950002
-0.02582372 -0.13224195 0.39100003
-0.022431917 -0.13241106 0.39150003
-0.019031372 -0.13258016 0.39200002
-0.015632026 -0.13283382 0.39275002
-0.012281665 -0.13376391 0.3955
-0.00883858 -0.13401757 0.39625001
-0.0053789839 -0.13418669 0.39675003
-0.0019130438 -0.1345249 0.39775002
0.001567438 -0.13460946 0.39800003
0.0050586364 -0.13486311 0.39875001
0.0086165434 -0.13596231 0.40200001
0.012170946 -0.13638508 0.40325001
0.015756952 -0.13689241 0.40475002
0 -0 0
0 -0 0
0 -0 0
0 -0 0
0 -0 0
0 -0 0
0 -0 0
0 -0 0
0 -0 0
0 -0 0
0 -0 0
0 -0 0
0 -0 0
0 -0 0
0 -0 0
0 -0 0
0 -0 0
0 -0 0
0 -0 0
0 -0 0
0 -0 0
0 -0 0
0 -0 0
0 -0 0
0 -0 0
0 -0 0
0 -0 0
0 -0 0
0 -0 0
0 -0 0
0 -0 0
0 -0 0
0 -0 0
0 -0 0
0 -0 0
0 -0 0
0 -0 0
0 -0 0
0 -0 0
0 -0 0
0 -0 0
0 -0 0
0 -0 0
0 -0 0
0 -0 0
0 -0 0
0 -0 0
0 -0 0
0 -0 0
0 -0 0
0 -0 0
0 -0 0
0 -0 0
0 -0 0
0 -0 0
0 -0 0
0 -0 0
0 -0 0
0 -0 0
0 -0 0
0 -0 0
0 -0 0
0 -0 0
0 -0 0
0 -0 0
0 -0 0
0 -0 0
0 -0 0
0 -0 0
0 -0 0
0 -0 0
0 -0 0
0 -0 0
0 -0 0
-0 -0 0
-0 -0 0
-0 -0 0
-0 -0 0
-0 -0 0
-0 -0 0
-0 -0 0
-0 -0 0
-0 -0 0
-0 -0 0
-0 -0 0
-0 -0 0
-0 -0 0
-0 -0 0
-0 -0 0
-0 -0 0
-0 -0 0
-0 -0 0
-0 -0 0
-0 -0 0
-0 -0 0
-0 -0 0
-0 -0 0
-0 -0 0
-0 -0 0
-0 -0 0
-0 -0 0
-0 -0 0
-0 -0 0
-0 -0 0
-0 -0 0
-0 -0 0
-0 -0 0
-0.15869001 -0.12569413 0.38150001
-0.15474184 -0.12519993 0.38000003
-0.14982374 -0.12388203 0.37600002
-0.1454628 -0.12297598 0.37325001
-0.14095946 -0.12190519 0.37
-0.13697828 -0.12124625 0.36800003
-0.13303207 -0.1205873 0.36600003
-0.12938692 -0.12017546 0.36475003
-0.12593661 -0.11992835 0.36400002
-0.12249944 -0.11968124 0.36325002
-0.11907538 -0.11943413 0.36250001
-0.11590425 -0.11943413 0.36250001
-0.1128886 -0.11959887 0.36300001
-0.10956199 -0.11943413 0.36250001
-0.1065376 -0.11959887 0.36300001
-0.10364684 -0.11992835 0.36400002
-0.10039359 -0.11984598 0.36375001
-0.097144708 -0.11976361 0.36350003
-0.094223335 -0.12009308 0.36450002
-0.091222018 -0.12034019 0.36525002
-0.088448584 -0.12091677 0.36700001
-0.085586473 -0.12141098 0.36850002
-0.082530484 -0.12165809 0.36925003
-0.079515062 -0.12198756 0.37025002
-0.07663665 -0.12256413 0.37200001
-0.073579684 -0.12289361 0.37300003
-0.070458084 -0.12314072 0.37375003
-0.067323364 -0.12338781 0.37450001
-0.064090014 -0.12347019 0.37475002
-0.06089285 -0.12363492 0.37525001
-0.057610188 -0.12363492 0.37525001
-0.054472301 -0.1239644 0.37625003
-0.051759005 -0.12536466 0.38050002
-0.048780434 -0.12627071 0.38325003
-0.045575943 -0.12668255 0.38450003
-0.04256916 -0.12775335 0.38775003
-0.039278176 -0.12808281 0.38875002
-0.035923555 -0.12824754 0.38925001
-0.032664619 -0.12882413 0.39100003
-0.02931896 -0.12915361 0.39200002
-0.026021855 -0.12981255 0.39400002
-0.02257516 -0.12981255 0.39400002
-0.019164883 -0.13005966 0.39475003
-0.01573153 -0.13022439 0.39525002
-0.012320482 -0.1307186 0.39675003
-0.0088608852 -0.13088334 0.39725003
-0.0053993198 -0.13121282 0.39825001
-0.0019214607 -0.13162465 0.39950001
0.0015743299 -0.13170703 0.39975002
0.0050840094 -0.13203649 0.40075001
0.0086433357 -0.13286018 0.40325001
0.012223765 -0.13343677 0.40500003
0.01582508 -0.13393097 0.40650001
0.01946456 -0.13450755 0.40825003
0 -0 0
0 -0 0
0 -0 0
0 -0 0
0 -0 0
0 -0 0
0 -0 0
0 -0 0
0 -0 0
0 -0 0
0 -0 0
0 -0 0
0 -0 0
0 -0 0
0 -0 0
0 -0 0
0 -0 0
0 -0 0
0 -0 0
0 -0 0
0 -0 0
0 -0 0
0 -0 0
0 -0 0
0 -0 0
0 -0 0
0 -0 0
0 -0 0
0 -0 0
0 -0 0
0 -0 0
0 -0 0
0 -0 0
0 -0 0
0 -0 0
0 -0 0
0 -0 0
0 -0 0
0 -0 0
0 -0 0
0 -0 0
0 -0 0
0 -0 0
0 -0 0
0 -0 0
0 -0 0
0 -0 0
0 -0 0
0 -0 0
0 -0 0
0 -0 0
0 -0 0
0 -0 0
0 -0 0
0 -0 0
0 -0 0
0 -0 0
0 -0 0
0 -0 0
0 -0 0
0 -0 0
0 -0 0
0 -0 0
0 -0 0
0 -0 0
0 -0 0
0 -0 0
0 -0 0
0 -0 0
0 -0 0
0 -0 0
0 -0 0
0 -0 0
-0 -0 0
-0 -0 0
-0 -0 0
-0 -0 0
-0 -0 0
-0 -0 0
-0 -0 0
-0 -0 0
-0 -0 0
-0 -0 0
-0 -0 0
-0 -0 0
-0 -0 0
-0 -0 0
-0 -0 0
-0 -0 0
-0 -0 0
-0 -0 0
-0 -0 0
-0 -0 0
-0 -0 0
-0 -0 0
-0 -0 0
-0 -0 0
-0 -0 0
-0 -0 0
-0 -0 0
-0 -0 0
-0 -0 0
-0 -0 0
-0 -0 0
-0 -0 0
-0.1612841 -0.12179807 0.37975001
-0.15723413 -0.12123679 0.37800002
-0.15270577 -0.1202746 0.37500003
-0.14822987 -0.1193124 0.37200001
-0.14370905 -0.11827002 0.36875001
-0.13991179 -0.11778892 0.36725003
-0.13604771 -0.11722764 0.3655
-0.13239598 -0.11682672 0.36425
-0.12894352 -0.11658618 0.36350003
-0.12576362 -0.11658618 0.36350003
-0.12241513 -0.1164258 0.36300001
-0.1191575 -0.11634563 0.36275002
-0.11590425 -0.11626544 0.36250001
-0.1128886 -0.1164258 0.36300001
-0.10986423 -0.11658618 0.36350003
-0.10675772 -0.11666635 0.36375001
-0.10393158 -0.11706727 0.36500001
-0.10101458 -0.11738801 0.36600003
-0.09794645 -0.11754837 0.36650002
-0.094998829 -0.1178691 0.36750001
-0.092033714 -0.11818983 0.36850002
-0.088990845 -0.11843039 0.36925003
-0.085876793 -0.11859075 0.36975002
-0.082921624 -0.11899167 0.37100002
-0.080213033 -0.1197935 0.37350002
-0.077203192 -0.12019441 0.37475002
-0.074023522 -0.12035477 0.37525001
-0.070835114 -0.12051514 0.37575001
-0.0676829 -0.12075569 0.37650001
-0.064432055 -0.12083588 0.37675002
-0.061095692 -0.12075569 0.37650001
-0.057878856 -0.12091605 0.377
-0.055015214 -0.12187826 0.38000003
-0.052337125 -0.12340173 0.38475001
-0.049034998 -0.12356211 0.38525003
-0.045724113 -0.12372247 0.38575003
-0.042651497 -0.12460448 0.38850001
-0.039379213 -0.12500539 0.38975
-0.036061991 -0.12532613 0.39075002
-0.032810815 -0.12596759 0.39275002
-0.029468548 -0.12636851 0.39400002
-0.026087901 -0.12668924 0.39500001
-0.022689756 -0.12700997 0.39600003
-0.019261982 -0.12725052 0.39675003
-0.015831033 -0.12757125 0.39775002
-0.012398116 -0.12805235 0.39925003
-0.008944531 -0.12861364 0.40100002
-0.0054399925 -0.1286938 0.40125
-0.0019322825 -0.12885419 0.40175003
0.0015861448 -0.12917492 0.40275002
0.0051220683 -0.12949565 0.40375003
0.0087076388 -0.13029748 0.40625003
0.012261493 -0.13029748 0.40625003
0.015854277 -0.13061821 0.40725002
0.01946456 -0.13093895 0.40825003
0.023078229 -0.13117948 0.40900001
0.026753901 -0.1316606 0.41050002
0 -0 0
0 -0 0
0 -0 0
0 -0 0
0 -0 0
0 -0 0
0 -0 0
0 -0 0
0 -0 0
0 -0 0
0 -0 0
0 -0 0
0 -0 0
0 -0 0
0 -0 0
0 -0 0
0 -0 0
0 -0 0
0 -0 0
0 -0 0
0 -0 0
0 -0 0
0 -0 0
0 -0 0
0 -0 0
0 -0 0
0 -0 0
0 -0 0
0 -0 0
0 -0 0
0 -0 0
0 -0 0
0 -0 0
0 -0 0
0 -0 0
0 -0 0
0 -0 0
0 -0 0
0 -0 0
0 -0 0
0 -0 0
0 -0 0
0 -0 0
0 -0 0
0 -0 0
0 -0 0
0 -0 0
0 -0 0
0 -0 0
0 -0 0
0 -0 0
0 -0 0
0 -0 0
0 -0 0
0 -0 0
0 -0 0
0 -0 0
0 -0 0
0 -0 0
0 -0 0
0 -0 0
0 -0 0
0 -0 0
0 -0 0
0 -0 0
0 -0 0
0 -0 0
0 -0 0
0 -0 0
0 -0 0
0 -0 0
-0 -0 0
-0 -0 0
-0 -0 0
-0 -0 0
-0 -0 0
-0 -0 0
-0 -0 0
-0 -0 0
-0 -0 0
-0 -0 0
-0 -0 0
-0 -0 0
-0 -0 0
-0 -0 0
-0 -0 0
-0 -0 0
-0 -0 0
-0 -0 0
-0 -0 0
-0 -0 0
-0 -0 0
-0 -0 0
-0 -0 0
-0 -0 0
-0 -0 0
-0 -0 0
-0 -0 0
-0 -0 0
-0 -0 0
-0 -0 0
-0 -0 0
-0.16406432 -0.1180886 0.37850001
-0.16011615 -0.11762061 0.377
-0.15505032 -0.11629465 0.37275001
-0.15107691 -0.11574867 0.37100002
-0.14693485 -0.11504669 0.36875001
-0.14312448 -0.1145787 0.36725003
-0.13943557 -0.11418872 0.36600003
-0.13576855 -0.11379873 0.36475003
-0.13221425 -0.11348673 0.36375001
-0.12894352 -0.11340874 0.36350003
-0.12567712 -0.11333074 0.36325002
-0.12241513 -0.11325274 0.36300001
-0.11923962 -0.11325274 0.36300001
-0.11614405 -0.11333074 0.36325002
-0.1131996 -0.11356473 0.36400002
-0.1100909 -0.11364272 0.36425
-0.10719796 -0.11395472 0.36525002
-0.1043587 -0.11434471 0.36650002
-0.10149758 -0.1147347 0.36775002
-0.098614573 -0.11512469 0.36900002
-0.095645085 -0.11543667 0.37
-0.092533216 -0.11559267 0.37050003
-0.0894126 -0.11574867 0.37100002
-0.086573556 -0.11629465 0.37275001
-0.083592147 -0.11668464 0.37400001
-0.080535173 -0.11699664 0.37500003
-0.077512212 -0.11738662 0.37625003
-0.074467376 -0.11777661 0.37750003
-0.071259283 -0.11793261 0.37800002
-0.068042435 -0.1180886 0.37850001
-0.064731337 -0.1180886 0.37850001
-0.061379675 -0.11801061 0.37825003
-0.058224291 -0.1183226 0.37925002
-0.055739097 -0.12011655 0.38500002
-0.052575178 -0.12058453 0.38650003
-0.049480479 -0.12128651 0.38875002
-0.046138976 -0.1214425 0.38925001
-0.042788725 -0.1215985 0.38975
-0.03948025 -0.12191049 0.39075002
-0.036246568 -0.12253448 0.39275002
-0.032977898 -0.12315846 0.39475003
-0.029580737 -0.12339245 0.3955
-0.02620348 -0.12378244 0.39675003
-0.022790026 -0.12409443 0.39775002
-0.019346943 -0.12432843 0.39850003
-0.015930537 -0.12487441 0.40025002
-0.012491276 -0.12549838 0.40225002
-0.0089891423 -0.12573238 0.40300003
-0.0054738871 -0.12596639 0.40375003
-0.0019467114 -0.12627837 0.40475002
0.0015959905 -0.12643436 0.40525001
0.0051601268 -0.12690234 0.40675002
0.0087344311 -0.12713635 0.40750003
0.012291675 -0.12705834 0.40725002
0.015932137 -0.12768233 0.40925002
0.019512236 -0.12768233 0.40925002
0.023120549 -0.12783831 0.40975001
0.026786488 -0.12822831 0.41100001
0.030511256 -0.12877429 0.41275001
0.034163311 -0.12893029 0.41325003
0 -0 0
0 -0 0
0 -0 0
0 -0 0
0 -0 0
0 -0 0
0 -0 0
0 -0 0
0 -0 0
0 -0 0
0 -0 0
0 -0 0
0 -0 0
0 -0 0
0 -0 0
0 -0 0
0 -0 0
0 -0 0
0 -0 0
0 -0 0
0 -0 0
0 -0 0
0 -0 0
0 -0 0
0 -0 0
0 -0 0
0 -0 0
0 -0 0
0 -0 0
0 -0 0
0 -0 0
0 -0 0
0 -0 0
0 -0 0
0 -0 0
0 -0 0
0 -0 0
0 -0 0
0 -0 0
0 -0 0
0 -0 0
0 -0 0
0 -0 0
0 -0 0
0 -0 0
0 -0 0
0 -0 0
0 -0 0
0 -0 0
0 -0 0
0 -0 0
0 -0 0
0 -0 0
0 -0 0
0 -0 0
0 -0 0
0 -0 0
0 -0 0
0 -0 0
0 -0 0
0 -0 0
0 -0 0
0 -0 0
0 -0 0
0 -0 0
0 -0 0
0 -0 0
0 -0 0
0 -0 0
-0 -0 0
-0 -0 0
-0 -0 0
-0 -0 0
-0 -0 0
-0 -0 0
-0 -0 0
-0 -0 0
-0 -0 0
-0 -0 0
-0 -0 0
-0 -0 0
-0 -0 0
-0 -0 0
-0 -0 0
-0 -0 0
-0 -0 0
-0 -0 0
-0 -0 0
-0 -0 0
-0 -0 0
-0 -0 0
-0 -0 0
-0 -0 0
-0 -0 0
-0 -0 0
-0 -0 0
-0 -0 0
-0 -0 0
-0 -0 0
-0.16726488 -0.11470424 0.37825003
-0.16319738 -0.11417355 0.37650001
-0.15937291 -0.11379448 0.37525001
-0.15380244 -0.11212661 0.36975002
-0.14954986 -0.11136848 0.36725003
-0.14603831 -0.11114105 0.36650002
-0.14244246 -0.11083779 0.3655
-0.13895936 -0.11061037 0.36475003
-0.13539632 -0.11030711 0.36375001
-0.13221425 -0.11030711 0.36375001
-0.12912087 -0.11038292 0.36400002
-0.12567712 -0.11015549 0.36325002
-0.12241513 -0.11007967 0.36300001
-0.11940387 -0.1102313 0.36350003
-0.11646379 -0.11045873 0.36425
-0.11358833 -0.11076199 0.36525002
-0.11054426 -0.11091361 0.36575001
-0.10785831 -0.11144429 0.36750001
-0.10507056 -0.11189917 0.36900002
-0.10218757 -0.11227824 0.37025002
-0.099082254 -0.11242986 0.37075001
-0.096162081 -0.11280892 0.37200001
-0.093157597 -0.11311217 0.37300003
-0.090376623 -0.11371867 0.37500003
-0.087270327 -0.1139461 0.37575001
-0.084206797 -0.11424936 0.37675002
-0.081179455 -0.11462842 0.37800002
-0.077975735 -0.11478005 0.37850001
-0.074763268 -0.11493167 0.37900001
-0.071636312 -0.11523492 0.38000003
-0.068357028 -0.11531073 0.38025001
-0.065073378 -0.11538655 0.38050002
-0.061785355 -0.11546236 0.38075003
-0.059030294 -0.11659954 0.38450003
-0.056245811 -0.11781254 0.38850001
-0.052983265 -0.1181158 0.38950002
-0.0498305 -0.1187223 0.39150003
-0.046553843 -0.11910136 0.39275002
-0.043118086 -0.11910136 0.39275002
-0.039732844 -0.11925298 0.39325002
-0.036454219 -0.11978366 0.39500001
-0.033144981 -0.12031436 0.39675003
-0.029711626 -0.12046598 0.39725003
-0.026368594 -0.12107249 0.39925003
-0.022918945 -0.12129992 0.40000001
-0.019444041 -0.12145154 0.40050003
-0.016010139 -0.12198223 0.40225002
-0.012537857 -0.1224371 0.40375003
-0.0090226 -0.12266453 0.40450001
-0.0054908339 -0.12281617 0.40500003
-0.0019551283 -0.12327104 0.40650001
0.001601898 -0.12334685 0.40675002
0.0051728128 -0.1236501 0.40775001
0.0087612243 -0.12395336 0.40875003
0.012352039 -0.12410498 0.40925002
0.016009998 -0.12471148 0.41125003
0.019631432 -0.1248631 0.41175002
0.023303933 -0.12524216 0.41300002
0.026949421 -0.12539379 0.41350001
0.030585181 -0.1254696 0.41375002
0.034183975 -0.12539379 0.41350001
0 -0 0
0 -0 0
0 -0 0
0 -0 0
0 -0 0
0 -0 0
0 -0 0
0 -0 0
0 -0 0
0 -0 0
0 -0 0
0 -0 0
0 -0 0
0 -0 0
0 -0 0
0 -0 0
0 -0 0
0 -0 0
0 -0 0
0 -0 0
0 -0 0
0 -0 0
0 -0 0
0 -0 0
0 -0 0
0 -0 0
0 -0 0
0 -0 0
0 -0 0
0 -0 0
0 -0 0
0 -0 0
0 -0 0
0 -0 0
0 -0 0
0 -0 0
0 -0 0
0 -0 0
0 -0 0
0 -0 0
0 -0 0
0 -0 0
0 -0 0
0 -0 0
0 -0 0
0 -0 0
0 -0 0
0 -0 0
0 -0 0
0 -0 0
0 -0 0
0 -0 0
0 -0 0
0 -0 0
0 -0 0
0 -0 0
0 -0 0
0 -0 0
0 -0 0
0 -0 0
0 -0 0
0 -0 0
0 -0 0
0 -0 0
0 -0 0
0 -0 0
0 -0 0
0 -0 0
0 -0 0
-0 -0 0
-0 -0 0
-0 -0 0
-0 -0 0
-0 -0 0
-0 -0 0
-0 -0 0
-0 -0 0
-0 -0 0
-0 -0 0
-0 -0 0
-0 -0 0
-0 -0 0
-0 -0 0
-0 -0 0
-0 -0 0
-0 -0 0
-0 -0 0
-0 -0 0
-0 -0 0
-0 -0 0
-0 -0 0
-0 -0 0
-0 -0 0
-0 -0 0
-0 -0 0
-0 -0 0
-0 -0 0
-0 -0 0
-0.16910817 -0.11044072 0.37500003
-0.16516438 -0.10999896 0.37350002
-0.16200538 -0.11007259 0.37375003
-0.15756789 -0.10926269 0.37100002
-0.15297051 -0.10830554 0.36775002
-0.14863361 -0.10749564 0.36500001
-0.14544061 -0.10749564 0.36500001
-0.14215018 -0.10742201 0.36475003
-0.13876887 -0.10727475 0.36425
-0.13530327 -0.10705388 0.36350003
-0.13221425 -0.1071275 0.36375001
-0.12920955 -0.10727475 0.36425
-0.12593661 -0.10720113 0.36400002
-0.12275237 -0.10720113 0.36400002
-0.11981447 -0.10742201 0.36475003
-0.11702333 -0.10779015 0.36600003
-0.11413256 -0.10808465 0.36700001
-0.11137543 -0.10852642 0.36850002
-0.10837193 -0.1087473 0.36925003
-0.10578242 -0.10940994 0.37150002
-0.10287756 -0.10977808 0.37275001
-0.099616751 -0.10977808 0.37275001
-0.096420586 -0.1098517 0.37300003
-0.093657099 -0.11044072 0.37500003
-0.090798378 -0.11095611 0.37675002
-0.087676778 -0.111177 0.37750003
-0.084542058 -0.11139788 0.37825003
-0.081447907 -0.11169238 0.37925002
-0.078233249 -0.11183964 0.37975001
-0.075059168 -0.11206052 0.38050002
-0.071871959 -0.1122814 0.38125002
-0.068626687 -0.11242866 0.38175002
-0.06541542 -0.11264954 0.38250002
-0.062312737 -0.1130913 0.384
-0.059836298 -0.11478472 0.38975
-0.056571562 -0.11507923 0.39075002
-0.053187311 -0.11515287 0.39100003
-0.049989603 -0.11566825 0.39275002
-0.046672374 -0.11596276 0.39375001
-0.043227866 -0.11596276 0.39375001
-0.039909657 -0.11633089 0.39500001
-0.036684942 -0.11706716 0.39750001
-0.033270288 -0.11728805 0.39825001
-0.029823815 -0.1174353 0.39875001
-0.02646766 -0.11802431 0.40075001
-0.023033539 -0.11839245 0.40200001
-0.019553278 -0.11861333 0.40275002
-0.016059892 -0.11883422 0.40350002
-0.01256891 -0.11920235 0.40475002
-0.0090616355 -0.11964412 0.40625003
-0.0055179489 -0.11986499 0.40700001
-0.0019647477 -0.12030676 0.40850002
0.0016117437 -0.12052764 0.40925002
0.0051950142 -0.12060127 0.40950003
0.0087933755 -0.12082215 0.41025001
0.012419948 -0.12119028 0.41150001
0.016048929 -0.12141117 0.41225001
0.019702949 -0.12170568 0.41325003
0.02336036 -0.12192656 0.41400003
0.027047183 -0.12222107 0.41500002
0.030714544 -0.12236832 0.41550002
0.034369987 -0.12244195 0.41575003
0.038281199 -0.12332547 0.41875002
0.042019527 -0.12354635 0.41950002
0.045770977 -0.12376723 0.42025003
0 -0 0
0 -0 0
0 -0 0
0 -0 0
0 -0 0
0 -0 0
0 -0 0
0 -0 0
0 -0 0
0 -0 0
0 -0 0
0 -0 0
0 -0 0
0 -0 0
0 -0 0
0 -0 0
0 -0 0
0 -0 0
0 -0 0
0 -0 0
0 -0 0
0 -0 0
0 -0 0
0 -0 0
0 -0 0
0 -0 0
0 -0 0
0 -0 0
0 -0 0
0 -0 0
0 -0 0
0 -0 0
0 -0 0
0 -0 0
0 -0 0
0 -0 0
0 -0 0
0 -0 0
0 -0 0
0 -0 0
0 -0 0
0 -0 0
0 -0 0
0 -0 0
0 -0 0
0 -0 0
0 -0 0
0 -0 0
0 -0 0
0 -0 0
0 -0 0
0 -0 0
0 -0 0
0 -0 0
0 -0 0
0 -0 0
0 -0 0
0 -0 0
0 -0 0
0 -0 0
0 -0 0
0 -0 0
0 -0 0
0 -0 0
0 -0 0
0 -0 0
-0 -0 0
-0 -0 0
-0 -0 0
-0 -0 0
-0 -0 0
-0 -0 0
-0 -0 0
-0 -0 0
-0 -0 0
-0 -0 0
-0 -0 0
-0 -0 0
-0 -0 0
-0 -0 0
-0 -0 0
-0 -0 0
-0 -0 0
-0 -0 0
-0 -0 0
-0 -0 0
-0 -0 0
-0 -0 0
-0 -0 0
-0 -0 0
-0 -0 0
-0 -0 0
-0 -0 0
-0.1743809 -0.1063769 0.37225002
-0.17146926 -0.10659122 0.37300003
-0.16820626 -0.10659122 0.37300003
-0.16416942 -0.10609113 0.37125
-0.16016318 -0.10559104 0.36950001
-0.15629375 -0.10516239 0.36800003
-0.15276253 -0.10494807 0.36725003
-0.14863361 -0.10430508 0.36500001
-0.14534099 -0.10423364 0.36475003
-0.14215018 -0.10423364 0.36475003
-0.13886411 -0.1041622 0.36450002
-0.13567549 -0.1041622 0.36450002
-0.1326686 -0.10430508 0.36500001
-0.12965296 -0.10444797 0.3655
-0.12645558 -0.10444797 0.3655
-0.12334252 -0.10451941 0.36575001
-0.12047144 -0.10480519 0.36675003
-0.11758287 -0.10509095 0.36775002
-0.11467679 -0.10537671 0.36875001
-0.11182878 -0.10573392 0.37
-0.10873879 -0.10587681 0.37050003
-0.10649428 -0.10687699 0.37400001
-0.10336055 -0.10701987 0.37450001
-0.10015125 -0.10709132 0.37475002
-0.097002208 -0.1072342 0.37525001
-0.093969293 -0.10751997 0.37625003
-0.090979129 -0.10787718 0.37750003
-0.087967098 -0.10823439 0.37875003
-0.08504495 -0.10873448 0.38050002
-0.081931114 -0.10902025 0.38150001
-0.078645274 -0.10909169 0.38175002
-0.075503007 -0.10937745 0.38275
-0.072201863 -0.10944889 0.38300002
-0.068851396 -0.10944889 0.38300002
-0.065757461 -0.10987755 0.38450003
-0.063205242 -0.11130638 0.38950002
-0.060181729 -0.11202081 0.39200002
-0.056788731 -0.11209225 0.39225003
-0.05342536 -0.11223513 0.39275002
-0.050180521 -0.11266378 0.39425001
-0.046790909 -0.11280667 0.39475003
-0.043447439 -0.11309243 0.39575002
-0.040187512 -0.11366397 0.39775002
-0.036777232 -0.11387829 0.39850003
-0.033416487 -0.11430694 0.40000001
-0.029954705 -0.11444983 0.40050003
-0.026599752 -0.11509281 0.40275002
-0.023105161 -0.11523569 0.40325001
-0.019626101 -0.11552146 0.40425003
-0.016109644 -0.11566434 0.40475002
-0.012599963 -0.1159501 0.40575001
-0.0090839406 -0.11637875 0.40725002
-0.0055382852 -0.11673597 0.40850002
-0.0019695575 -0.11702174 0.40950003
0.0016146974 -0.11716462 0.41000003
0.005214043 -0.11745039 0.41100001
0.0088308854 -0.11773615 0.41200003
0.012450132 -0.11787904 0.41250002
0.016078126 -0.11802192 0.41300002
0.019750627 -0.11837913 0.41425002
0.023459105 -0.11880779 0.41575003
0.027161237 -0.11909354 0.41675001
0.030825427 -0.11916499 0.41700003
0.034597326 -0.11959364 0.41850001
0.038418327 -0.12009373 0.42025003
0.042119693 -0.12016517 0.42050001
0.045825433 -0.12023662 0.42075002
0.04953555 -0.12030806 0.42100003
0 -0 0
0 -0 0
0 -0 0
0 -0 0
0 -0 0
0 -0 0
0 -0 0
0 -0 0
0 -0 0
0 -0 0
0 -0 0
0 -0 0
0 -0 0
0 -0 0
0 -0 0
0 -0 0
0 -0 0
0 -0 0
0 -0 0
0 -0 0
0 -0 0
0 -0 0
0 -0 0
0 -0 0
0 -0 0
0 -0 0
0 -0 0
0 -0 0
0 -0 0
0 -0 0
0 -0 0
0 -0 0
0 -0 0
0 -0 0
0 -0 0
0 -0 0
0 -0 0
0 -0 0
0 -0 0
0 -0 0
0 -0 0
0.22616649 -0.13323903 0.46625003
0.22975138 -0.13295326 0.46525002
0.23369572 -0.13288182 0.46500003
0 -0 0
0 -0 0
0 -0 0
0 -0 0
0 -0 0
0 -0 0
0 -0 0
0 -0 0
0 -0 0
0 -0 0
0 -0 0
0 -0 0
0 -0 0
0 -0 0
0 -0 0
0 -0 0
0 -0 0
0 -0 0
0 -0 0
0 -0 0
0 -0 0
-0 -0 0
-0 -0 0
-0 -0 0
-0 -0 0
-0 -0 0
-0 -0 0
-0 -0 0
-0 -0 0
-0 -0 0
-0 -0 0
-0 -0 0
-0 -0 0
-0 -0 0
-0 -0 0
-0 -0 0
-0 -0 0
-0 -0 0
-0 -0 0
-0 -0 0
-0 -0 0
-0 -0 0
-0 -0 0
-0 -0 0
-0 -0 0
-0 -0 0
-0 -0 0
-0 -0 0
-0.17473224 -0.10333075 0.37300003
-0.17100954 -0.10305372 0.37200001
-0.16752982 -0.10291521 0.37150002
-0.16372721 -0.10256892 0.37025002
-0.15962136 -0.10201487 0.36825001
-0.15565668 -0.10153008 0.36650002
-0.15224257 -0.10139157 0.36600003
-0.14883721 -0.10125305 0.3655
-0.14554022 -0.10118379 0.36525002
-0.14215018 -0.10104528 0.36475003
-0.13895936 -0.10104528 0.36475003
-0.13586161 -0.10111453 0.36500001
-0.13285033 -0.10125305 0.3655
-0.12991901 -0.10146081 0.36625001
-0.12680157 -0.10153008 0.36650002
-0.12376406 -0.10166859 0.36700001
-0.12104628 -0.10208413 0.36850002
-0.11822234 -0.10243041 0.36975002
-0.11529876 -0.10270744 0.37075001
-0.11250883 -0.10312298 0.37225002
-0.10961927 -0.10346926 0.37350002
-0.1069214 -0.10402332 0.37550002
-0.10391254 -0.10430034 0.37650001
-0.10075255 -0.10443885 0.377
-0.09771309 -0.10471588 0.37800002
-0.094656102 -0.1049929 0.37900001
-0.091641888 -0.10533918 0.38025001
-0.088605799 -0.10568547 0.38150001
-0.085436091 -0.10589324 0.38225001
-0.082360633 -0.10623952 0.38350001
-0.0790058 -0.10623952 0.38350001
-0.075897537 -0.1065858 0.38475001
-0.072814539 -0.10700134 0.38625002
-0.069435649 -0.10700134 0.38625002
-0.066356033 -0.10748614 0.38800001
-0.063651495 -0.1086635 0.39225003
-0.060373638 -0.10894053 0.39325002
-0.057042088 -0.10914829 0.39400002
-0.053765431 -0.10949458 0.39525002
-0.050466906 -0.10984086 0.39650002
-0.046968706 -0.1097716 0.39625001
-0.043639563 -0.11011788 0.39750001
-0.040364325 -0.11067194 0.39950001
-0.036961809 -0.11094896 0.40050003
-0.033562686 -0.11129525 0.40175003
-0.030085592 -0.11143376 0.40225002
-0.026682308 -0.11191855 0.40400001
-0.023191107 -0.11212633 0.40475002
-0.019711062 -0.11247261 0.40600002
-0.016199196 -0.11274963 0.40700001
-0.012662071 -0.1129574 0.40775001
-0.0090950932 -0.1129574 0.40775001
-0.0055450643 -0.11330368 0.40900001
-0.0019743671 -0.11371922 0.41050002
0.0016196202 -0.113927 0.41125003
0.0052425875 -0.11448105 0.41325003
0.0088630365 -0.1145503 0.41350001
0.012487859 -0.11461956 0.41375002
0.016146254 -0.11489659 0.41475001
0.019822145 -0.11517362 0.41575003
0.023529638 -0.1155199 0.41700003
0.027226413 -0.11572767 0.41775003
0.030917829 -0.11586618 0.41825002
0.034700666 -0.11628173 0.41975003
0.03848689 -0.11662801 0.42100003
0.042269941 -0.11690503 0.42200002
0.045961577 -0.11690503 0.42200002
0.04965321 -0.11690503 0.42200002
0.053660866 -0.11759759 0.42450002
0.057577111 -0.11801314 0.42600003
0 -0 0
0 -0 0
0 -0 0
0 -0 0
0 -0 0
0 -0 0
0 -0 0
0 -0 0
0 -0 0
0 -0 0
0 -0 0
0 -0 0
0 -0 0
0 -0 0
0 -0 0
0 -0 0
0 -0 0
0 -0 0
0 -0 0
0 -0 0
0 -0 0
0 -0 0
0 -0 0
0 -0 0
0 -0 0
0 -0 0
0 -0 0
0 -0 0
0 -0 0
0 -0 0
0 -0 0
0 -0 0
0 -0 0
0 -0 0
0 -0 0
0 -0 0
0 -0 0
0 -0 0
0 -0 0
0.22616649 -0.12916343 0.46625003
0.22999829 -0.12902492 0.46575001
0 -0 0
0 -0 0
0 -0 0
0 -0 0
0 -0 0
0 -0 0
0 -0 0
0 -0 0
0 -0 0
0 -0 0
0 -0 0
0 -0 0
0 -0 0
0 -0 0
0 -0 0
0 -0 0
0 -0 0
0 -0 0
0 -0 0
0 -0 0
0 -0 0
0 -0 0
-0 -0 0
-0 -0 0
-0 -0 0
-0 -0 0
-0 -0 0
-0 -0 0
-0 -0 0
-0 -0 0
-0 -0 0
-0 -0 0
-0 -0 0
-0 -0 0
-0 -0 0
-0 -0 0
-0 -0 0
-0 -0 0
-0 -0 0
-0 -0 0
-0 -0 0
-0 -0 0
-0 -0 0
-0 -0 0
-0 -0 0
-0 -0 0
-0 -0 0
-0 -0 0
-0.17763732 -0.099869058 0.37225002
-0.17449801 -0.099936128 0.37250003
-0.17031999 -0.099399559 0.37050003
-0.16662791 -0.099131271 0.36950001
-0.1628428 -0.098795913 0.36825001
-0.15897118 -0.098393492 0.36675003
-0.15533815 -0.098125204 0.36575001
-0.1519306 -0.097991064 0.36525002
-0.14883721 -0.098058127 0.3655
-0.14554022 -0.097991064 0.36525002
-0.14215018 -0.097856916 0.36475003
-0.13895936 -0.097856916 0.36475003
-0.13604771 -0.098058127 0.3655
-0.13312294 -0.098259345 0.36625001
-0.13018505 -0.098460555 0.36700001
-0.12740703 -0.098795913 0.36825001
-0.12460714 -0.099131271 0.36950001
-0.12178537 -0.099466622 0.37075001
-0.11894174 -0.09980198 0.37200001
-0.11592074 -0.1000032 0.37275001
-0.11296219 -0.10027149 0.37375003
-0.11020625 -0.10074098 0.37550002
-0.1074197 -0.10121047 0.37725002
-0.10432654 -0.10141169 0.37800002
-0.10122024 -0.10161291 0.37875003
-0.09816546 -0.10188119 0.37975001
-0.09503074 -0.1020824 0.38050002
-0.091882899 -0.10228362 0.38125002
-0.088954188 -0.10275312 0.38300002
-0.085827224 -0.1030214 0.384
-0.08273647 -0.10335676 0.38525003
-0.079572335 -0.10362504 0.38625002
-0.076341383 -0.10382625 0.38700002
-0.073003054 -0.10389332 0.38725001
-0.069795184 -0.10416161 0.38825002
-0.067339405 -0.10563718 0.39375001
-0.064057171 -0.10590547 0.39475003
-0.060565542 -0.1058384 0.39450002
-0.057223059 -0.10603961 0.39525002
-0.054037489 -0.10657618 0.39725003
-0.050626006 -0.10671032 0.39775002
-0.047146507 -0.10671032 0.39775002
-0.043941472 -0.10738103 0.40025002
-0.0405664 -0.10771639 0.40150002
-0.037100241 -0.10785053 0.40200001
-0.033729769 -0.10832004 0.40375003
-0.030235179 -0.10845418 0.40425003
-0.026781376 -0.10878953 0.40550002
-0.023277054 -0.10899074 0.40625003
-0.019796023 -0.10939316 0.40775001
-0.016248949 -0.10952731 0.40825003
-0.012724178 -0.10992973 0.40975001
-0.0091731632 -0.11033217 0.41125003
-0.0055891266 -0.11060045 0.41225001
-0.0019827839 -0.11060045 0.41225001
0.0016225739 -0.11053338 0.41200003
0.0052457587 -0.11093581 0.41350001
0.0088898288 -0.11127116 0.41475001
0.012540678 -0.11147238 0.41550002
0.016214382 -0.11174066 0.41650003
0.019917501 -0.11207602 0.41775003
0.023628382 -0.1123443 0.41875002
0.027307879 -0.11241137 0.41900003
0.03099175 -0.11247844 0.41925001
0.034762666 -0.1128138 0.42050001
0.038578305 -0.11321623 0.42200002
0.042395148 -0.11355159 0.42325002
0.046097718 -0.11355159 0.42325002
0.049770873 -0.11348451 0.42300001
0.053660866 -0.11388694 0.42450002
0.057577111 -0.11428937 0.42600003
0.061447639 -0.11455765 0.42700002
0 -0 0
0 -0 0
0 -0 0
0 -0 0
0 -0 0
0 -0 0
0 -0 0
0 -0 0
0 -0 0
0 -0 0
0 -0 0
0 -0 0
0 -0 0
0 -0 0
0 -0 0
0 -0 0
0 -0 0
0 -0 0
0 -0 0
0 -0 0
0 -0 0
0 -0 0
0 -0 0
0 -0 0
0 -0 0
0 -0 0
0 -0 0
0 -0 0
0 -0 0
0 -0 0
0 -0 0
0 -0 0
0 -0 0
0 -0 0
0 -0 0
0 -0 0
0 -0 0
0 -0 0
0 -0 0
0 -0 0
0 -0 0
0 -0 0
0 -0 0
0 -0 0
0 -0 0
0 -0 0
0 -0 0
0 -0 0
0 -0 0
0 -0 0
0 -0 0
0 -0 0
0 -0 0
0 -0 0
0 -0 0
0 -0 0
0 -0 0
0 -0 0
0 -0 0
0 -0 0
0 -0 0
0 -0 0
-0 -0 0
-0 -0 0
-0 -0 0
-0 -0 0
-0 -0 0
-0 -0 0
-0 -0 0
-0 -0 0
-0 -0 0
-0 -0 0
-0 -0 0
-0 -0 0
-0 -0 0
-0 -0 0
-0 -0 0
-0 -0 0
-0 -0 0
-0 -0 0
-0 -0 0
-0 -0 0
-0 -0 0
-0 -0 0
-0 -0 0
-0 -0 0
-0 -0 0
-0.1802863 -0.0962907 0.37100002
-0.17704083 -0.0962907 0.37100002
-0.17309265 -0.095901385 0.36950001
-0.16917074 -0.095512077 0.36800003
-0.16572601 -0.095382296 0.36750001
-0.16229004 -0.095252529 0.36700001
-0.15864608 -0.094992988 0.36600003
-0.15523197 -0.094863206 0.3655
-0.1519306 -0.094798326 0.36525002
-0.14873542 -0.094798326 0.36525002
-0.14554022 -0.094798326 0.36525002
-0.1422476 -0.094733439 0.36500001
-0.13934033 -0.094928093 0.36575001
-0.13669911 -0.095317416 0.36725003
-0.13384989 -0.095576957 0.36825001
-0.13089451 -0.095771611 0.36900002
-0.12827197 -0.096225813 0.37075001
-0.12545021 -0.096550241 0.37200001
-0.12252446 -0.09680979 0.37300003
-0.11974108 -0.097199105 0.37450001
-0.11654272 -0.097263992 0.37475002
-0.11356667 -0.097523533 0.37575001
-0.11071986 -0.097912848 0.37725002
-0.10777563 -0.098237276 0.37850001
-0.10474054 -0.098496825 0.37950003
-0.1015543 -0.098626599 0.38000003
-0.09874709 -0.099145688 0.38200003
-0.095467798 -0.099210568 0.38225001
-0.092244402 -0.099340335 0.38275
-0.089476764 -0.099989206 0.38525003
-0.086330123 -0.10024874 0.38625002
-0.083058611 -0.10037851 0.38675001
-0.079778343 -0.10050828 0.38725001
-0.076538652 -0.10070294 0.38800001
-0.07352148 -0.10122203 0.39000002
-0.07064908 -0.10200066 0.39300001
-0.067681447 -0.1027144 0.39575002
-0.064300582 -0.10284418 0.39625001
-0.06083421 -0.10284418 0.39625001
-0.057512615 -0.10310373 0.39725003
-0.054207526 -0.10342816 0.39850003
-0.050848749 -0.1036877 0.39950001
-0.047413204 -0.10381746 0.40000001
-0.04416104 -0.10440144 0.40225002
-0.040667441 -0.10446633 0.40250003
-0.037192535 -0.1045961 0.40300003
-0.033834193 -0.10511519 0.40500003
-0.030309971 -0.10518007 0.40525001
-0.02684742 -0.1055045 0.40650001
-0.023348676 -0.10576405 0.40750003
-0.019832436 -0.10602359 0.40850002
-0.016318601 -0.10641291 0.41000003
-0.012778521 -0.10680222 0.41150001
-0.0092010451 -0.10706177 0.41250002
-0.0055992948 -0.10719153 0.41300002
-0.001991201 -0.10745108 0.41400003
0.0016314351 -0.10751596 0.41425002
0.00526796 -0.10777551 0.41525003
0.008916622 -0.10797016 0.41600001
0.012578405 -0.10816482 0.41675001
0.016282508 -0.10855414 0.41825002
0.020012857 -0.10894346 0.41975003
0.023713022 -0.10907323 0.42025003
0.027389346 -0.10907323 0.42025003
0.031065673 -0.10907323 0.42025003
0.034866001 -0.10946254 0.42175001
0.038669724 -0.10978697 0.42300001
0.042445231 -0.10998163 0.42375001
0.046206631 -0.1101114 0.42425001
0.049947366 -0.11017629 0.42450002
0.053660866 -0.11017629 0.42450002
0.057509527 -0.11043583 0.42550001
0.061555572 -0.11101981 0.42775002
0.065412 -0.11121447 0.42850003
0.069200844 -0.11127935 0.42875001
0 -0 0
0 -0 0
0 -0 0
0 -0 0
0 -0 0
0 -0 0
0 -0 0
0 -0 0
0 -0 0
0 -0 0
0 -0 0
0 -0 0
0 -0 0
0 -0 0
0 -0 0
0 -0 0
0 -0 0
0 -0 0
0 -0 0
0 -0 0
0 -0 0
0 -0 0
0 -0 0
0 -0 0
0 -0 0
0 -0 0
0 -0 0
0 -0 0
0 -0 0
0 -0 0
0 -0 0
0 -0 0
0 -0 0
0 -0 0
0 -0 0
0 -0 0
0 -0 0
0 -0 0
0 -0 0
0 -0 0
0 -0 0
0 -0 0
0 -0 0
0 -0 0
0 -0 0
0 -0 0
0 -0 0
0 -0 0
0 -0 0
0 -0 0
0 -0 0
0 -0 0
0 -0 0
0 -0 0
0 -0 0
0 -0 0
0 -0 0
0 -0 0
0 -0 0
0 -0 0
-0 -0 0
-0 -0 0
-0 -0 0
-0 -0 0
-0 -0 0
-0 -0 0
-0 -0 0
-0 -0 0
-0 -0 0
-0 -0 0
-0 -0 0
-0 -0 0
-0 -0 0
-0 -0 0
-0 -0 0
-0 -0 0
-0 -0 0
-0 -0 0
-0 -0 0
-0 -0 0
-0 -0 0
-0 -0 0
-0 -0 0
-0 -0 0
-0 -0 0
-0.17992185 -0.092859603 0.37025002
-0.17632502 -0.092671499 0.36950001
-0.17227286 -0.0922326 0.36775002
-0.16848119 -0.091919094 0.36650002
-0.16516231 -0.09185639 0.36625001
-0.16195838 -0.09185639 0.36625001
-0.15864608 -0.091793694 0.36600003
-0.15533815 -0.09173099 0.36575001
-0.15203458 -0.091668285 0.3655
-0.14893903 -0.09173099 0.36575001
-0.14583908 -0.091793694 0.36600003
-0.14283219 -0.091919094 0.36650002
-0.13991179 -0.092107199 0.36725003
-0.13744356 -0.092608802 0.36925003
-0.13448597 -0.092796899 0.37
-0.13178132 -0.093173109 0.37150002
-0.12887745 -0.09342391 0.37250003
-0.12587176 -0.093612008 0.37325001
-0.12301718 -0.093925513 0.37450001
-0.12030063 -0.09436442 0.37625003
-0.11755343 -0.094803326 0.37800002
-0.11447339 -0.094991423 0.37875003
-0.11138022 -0.095179528 0.37950003
-0.10813156 -0.095242225 0.37975001
-0.10501653 -0.095430329 0.38050002
-0.1020888 -0.095806532 0.38200003
-0.099134833 -0.096182734 0.38350001
-0.096029751 -0.096433543 0.38450003
-0.093027666 -0.096809737 0.38600001
-0.09005741 -0.097248651 0.38775003
-0.086833015 -0.097436741 0.38850001
-0.083380751 -0.097374052 0.38825002
-0.08013887 -0.097562149 0.38900003
-0.077031806 -0.097938351 0.39050001
-0.074039899 -0.098502658 0.39275002
-0.071098499 -0.099192359 0.3955
-0.067895219 -0.099568568 0.39700001
-0.064584561 -0.099819377 0.39800003
-0.061179642 -0.09994477 0.39850003
-0.057765972 -0.10007017 0.39900002
-0.054377563 -0.10025828 0.39975002
-0.051103309 -0.10069718 0.40150002
-0.047679905 -0.10088528 0.40225002
-0.044298273 -0.10119879 0.40350002
-0.040869512 -0.10144959 0.40450001
-0.037354037 -0.10151229 0.40475002
-0.033959504 -0.10195119 0.40650001
-0.030459559 -0.10213929 0.40725002
-0.026946489 -0.1023274 0.40800002
-0.023405973 -0.10245279 0.40850002
-0.019868849 -0.1026409 0.40925002
-0.016338501 -0.1029544 0.41050002
-0.012778521 -0.1032052 0.41150001
-0.0092010451 -0.10345601 0.41250002
-0.0056128525 -0.10383222 0.41400003
-0.0019972129 -0.10414571 0.41525003
0.0016373425 -0.10427111 0.41575003
0.0052774744 -0.10433381 0.41600001
0.0089326976 -0.10452192 0.41675001
0.012608588 -0.10477272 0.41775003
0.016321439 -0.10514892 0.41925001
0.020024775 -0.10533702 0.42000002
0.023741234 -0.10552513 0.42075002
0.02745452 -0.10565053 0.42125002
0.031158075 -0.10571323 0.42150003
0.034948673 -0.10602673 0.42275003
0.038783994 -0.10640293 0.42425001
0.042520355 -0.10646564 0.42450002
0.046261091 -0.10652834 0.42475003
0.050006196 -0.10659104 0.42500001
0.053660866 -0.10646564 0.42450002
0.05744195 -0.10659104 0.42500001
0.061555572 -0.10728075 0.42775002
0.065450154 -0.10753154 0.42875001
0.069321893 -0.10771964 0.42950001
0.07316421 -0.10784505 0.43000001
0.077149451 -0.10815855 0.43125001
0 -0 0
0 -0 0
0 -0 0
0 -0 0
0 -0 0
0 -0 0
0 -0 0
0 -0 0
0 -0 0
0 -0 0
0 -0 0
0 -0 0
0 -0 0
0 -0 0
0 -0 0
0 -0 0
0 -0 0
0 -0 0
0 -0 0
0 -0 0
0 -0 0
0 -0 0
0 -0 0
0 -0 0
0 -0 0
0 -0 0
0 -0 0
0 -0 0
0 -0 0
0 -0 0
0 -0 0
0 -0 0
0 -0 0
0 -0 0
0 -0 0
0 -0 0
0 -0 0
0 -0 0
0 -0 0
0 -0 0
0 -0 0
0 -0 0
0 -0 0
0 -0 0
0 -0 0
0 -0 0
0 -0 0
0 -0 0
0 -0 0
0 -0 0
0 -0 0
0 -0 0
0 -0 0
0 -0 0
0 -0 0
0 -0 0
0 -0 0
0 -0 0
-0 -0 0
-0 -0 0
-0 -0 0
-0 -0 0
-0 -0 0
-0 -0 0
-0 -0 0
-0 -0 0
-0 -0 0
-0 -0 0
-0 -0 0
-0 -0 0
-0 -0 0
-0 -0 0
-0 -0 0
-0 -0 0
-0 -0 0
-0 -0 0
-0 -0 0
-0 -0 0
-0 -0 0
-0 -0 0
-0 -0 0
-0 -0 0
-0.1816767 -0.088896975 0.36725003
-0.17882848 -0.089078523 0.36800003
-0.17525133 -0.088896975 0.36725003
-0.1716873 -0.088715427 0.36650002
-0.1681364 -0.088533878 0.36575001
-0.16504958 -0.088594399 0.36600003
-0.16206893 -0.088715427 0.36650002
-0.1588628 -0.088715427 0.36650002
-0.15555049 -0.088654913 0.36625001
-0.15224257 -0.088594399 0.36600003
-0.14934625 -0.088775948 0.36675003
-0.14653639 -0.089018002 0.36775002
-0.14380649 -0.089320578 0.36900002
-0.14095946 -0.08956264 0.37
-0.13800189 -0.089744188 0.37075001
-0.13494031 -0.089865215 0.37125
-0.13231343 -0.090288825 0.37300003
-0.12930992 -0.090470374 0.37375003
-0.12679915 -0.091015011 0.37600002
-0.12375627 -0.091196559 0.37675002
-0.12078022 -0.091438614 0.37775001
-0.11801992 -0.091862224 0.37950003
-0.11500231 -0.092104286 0.38050002
-0.11189383 -0.092285834 0.38125002
-0.10884342 -0.092527889 0.38225001
-0.10563751 -0.092648916 0.38275
-0.10242286 -0.092769958 0.38325003
-0.099457964 -0.09313304 0.38475001
-0.096529253 -0.093556657 0.38650003
-0.09326867 -0.093677685 0.38700002
-0.090231597 -0.094040774 0.38850001
-0.087112404 -0.094343349 0.38975
-0.083971344 -0.094645932 0.39100003
-0.080808409 -0.094948508 0.39225003
-0.077524967 -0.095130049 0.39300001
-0.074558318 -0.0957352 0.3955
-0.071323216 -0.096037783 0.39675003
-0.068108998 -0.096400872 0.39825001
-0.064787403 -0.096642934 0.39925003
-0.061409928 -0.096824475 0.40000001
-0.058019329 -0.097006023 0.40075001
-0.054683626 -0.097308598 0.40200001
-0.051294234 -0.09755066 0.40300003
-0.047798436 -0.097611174 0.40325001
-0.044380613 -0.097853236 0.40425003
-0.040995806 -0.098216325 0.40575001
-0.037538618 -0.098458394 0.40675002
-0.034043048 -0.098639935 0.40750003
-0.030515654 -0.09876097 0.40800002
-0.027045559 -0.099124059 0.40950003
-0.023477593 -0.099184573 0.40975001
-0.019917397 -0.0993056 0.41025001
-0.016368354 -0.099547669 0.41125003
-0.012794049 -0.099729218 0.41200003
-0.0092233503 -0.1000923 0.41350001
-0.0056264102 -0.1004554 0.41500002
-0.0020008201 -0.10069746 0.41600001
0.0016412808 -0.100879 0.41675001
0.0052965037 -0.10106055 0.41750002
0.0089648487 -0.1012421 0.41825002
0.012646316 -0.10142364 0.41900003
0.016360369 -0.10172622 0.42025003
0.020036696 -0.10172622 0.42025003
0.023769448 -0.10196827 0.42125002
0.027503401 -0.10214982 0.42200002
0.031213516 -0.10221034 0.42225003
0.035031341 -0.10257343 0.42375001
0.038829707 -0.10281549 0.42475003
0.042470273 -0.10263395 0.42400002
0.046152174 -0.10257343 0.42375001
0.049917948 -0.10269446 0.42425001
0.053629264 -0.10269446 0.42425001
0.057509527 -0.10299703 0.42550001
0.061519593 -0.10348116 0.42750001
0.065450154 -0.10378373 0.42875001
0.069362246 -0.1040258 0.42975003
0.073249288 -0.10420734 0.43050003
0.077149451 -0.10438889 0.43125001
0.081062742 -0.10457043 0.43200001
0 -0 0
0 -0 0
0 -0 0
0 -0 0
0 -0 0
0 -0 0
0 -0 0
0 -0 0
0 -0 0
0 -0 0
0 -0 0
0 -0 0
0 -0 0
0 -0 0
0 -0 0
0 -0 0
0 -0 0
0 -0 0
0 -0 0
0 -0 0
0 -0 0
0 -0 0
0 -0 0
0 -0 0
0 -0 0
0 -0 0
0 -0 0
0 -0 0
0 -0 0
0 -0 0
0 -0 0
0 -0 0
0 -0 0
0 -0 0
0 -0 0
0 -0 0
0 -0 0
0 -0 0
0 -0 0
0 -0 0
0 -0 0
0 -0 0
0 -0 0
0 -0 0
0 -0 0
0 -0 0
0 -0 0
0 -0 0
0 -0 0
0 -0 0
0 -0 0
0 -0 0
0 -0 0
0 -0 0
0 -0 0
0 -0 0
0 -0 0
-0 -0 0
-0 -0 0
-0 -0 0
-0 -0 0
-0 -0 0
-0 -0 0
-0 -0 0
-0 -0 0
-0 -0 0
-0 -0 0
-0 -0 0
-0 -0 0
-0 -0 0
-0 -0 0
-0 -0 0
-0 -0 0
-0 -0 0
-0 -0 0
-0 -0 0
-0 -0 0
-0 -0 0
-0 -0 0
-0 -0 0
-0.18451181 -0.085511766 0.36650002
-0.181182 -0.085453436 0.36625001
-0.17809954 -0.085511766 0.36650002
-0.17501274 -0.085570097 0.36675003
-0.17180441 -0.085570097 0.36675003
-0.1685961 -0.085570097 0.36675003
-0.16538779 -0.085570097 0.36675003
-0.16240059 -0.085686758 0.36725003
-0.15929626 -0.085745081 0.36750001
-0.15618758 -0.085803419 0.36775002
-0.15276253 -0.085686758 0.36725003
-0.14995706 -0.085920073 0.36825001
-0.14723371 -0.086211726 0.36950001
-0.14439107 -0.086445048 0.37050003
-0.14153092 -0.086678363 0.37150002
-0.13865329 -0.086911693 0.37250003
-0.13575815 -0.087145008 0.37350002
-0.13311155 -0.087553315 0.37525001
-0.13034786 -0.087903298 0.37675002
-0.1273893 -0.088136613 0.37775001
-0.124249 -0.088253282 0.37825003
-0.12125983 -0.088486597 0.37925002
-0.11856414 -0.088953234 0.38125002
-0.1157579 -0.089361548 0.38300002
-0.11277431 -0.089653194 0.38425002
-0.10962646 -0.089828186 0.38500002
-0.10639651 -0.089944847 0.38550001
-0.10289054 -0.089828186 0.38500002
-0.10010421 -0.090353154 0.38725001
-0.097153634 -0.090761468 0.38900003
-0.093931429 -0.090936452 0.38975
-0.090638049 -0.091053121 0.39025003
-0.087503545 -0.091344766 0.39150003
-0.084293477 -0.091578081 0.39250001
-0.081117429 -0.091869734 0.39375001
-0.077919498 -0.092161387 0.39500001
-0.074841097 -0.092628025 0.39700001
-0.071637809 -0.092978008 0.39850003
-0.06832277 -0.093211323 0.39950001
-0.065030806 -0.093502976 0.40075001
-0.061640218 -0.093677968 0.40150002
-0.058236498 -0.09385296 0.40225002
-0.054853663 -0.094086275 0.40325001
-0.051453333 -0.094319597 0.40425003
-0.047976237 -0.094436258 0.40475002
-0.044517845 -0.09461125 0.40550002
-0.041096848 -0.094902895 0.40675002
-0.037630904 -0.09513621 0.40775001
-0.034084816 -0.095194548 0.40800002
-0.030609146 -0.095486194 0.40925002
-0.027111603 -0.095777847 0.41050002
-0.023549216 -0.095894501 0.41100001
-0.019990223 -0.096069492 0.41175002
-0.016408153 -0.096186154 0.41225001
-0.012825102 -0.096361145 0.41300002
-0.009256809 -0.096827783 0.41500002
-0.0056264102 -0.096827783 0.41500002
-0.002003225 -0.097177766 0.41650003
0.0016442345 -0.097411081 0.41750002
0.0053028469 -0.097527742 0.41800001
0.0089755654 -0.097702734 0.41875002
0.012661406 -0.097877726 0.41950002
0.016360369 -0.098052718 0.42025003
0.020048615 -0.098111041 0.42050001
0.023783553 -0.098344363 0.42150003
0.027552281 -0.098636016 0.42275003
0.031324398 -0.098869331 0.42375001
0.035072677 -0.098985992 0.42425001
0.038783994 -0.098985992 0.42425001
0.04242019 -0.098811008 0.42350003
0.046124946 -0.098811008 0.42350003
0.049859118 -0.098869331 0.42375001
0.053692471 -0.099102654 0.42475003
0.057610895 -0.09945263 0.42625001
0.061447639 -0.099627621 0.42700002
0.06537383 -0.099919274 0.42825001
0.069321893 -0.10021092 0.42950001
0.073291823 -0.10050257 0.43075001
0.077238902 -0.1007359 0.43175003
0.081156567 -0.10091089 0.43250003
0.085087344 -0.10108587 0.43325001
0.088979974 -0.10120254 0.43375003
0 -0 0
0 -0 0
0 -0 0
0 -0 0
0 -0 0
0 -0 0
0 -0 0
0 -0 0
0 -0 0
0 -0 0
0 -0 0
0 -0 0
0 -0 0
0 -0 0
0 -0 0
0 -0 0
0 -0 0
0 -0 0
0 -0 0
0 -0 0
0 -0 0
0 -0 0
0 -0 0
0 -0 0
0 -0 0
0 -0 0
0 -0 0
0 -0 0
0 -0 0
0 -0 0
0 -0 0
0 -0 0
0 -0 0
0 -0 0
0 -0 0
0 -0 0
0 -0 0
0 -0 0
0 -0 0
0 -0 0
0 -0 0
0 -0 0
0 -0 0
0 -0 0
0 -0 0
0 -0 0
0 -0 0
0 -0 0
0 -0 0
0 -0 0
0 -0 0
0 -0 0
0 -0 0
0 -0 0
0 -0 0
-0 -0 0
-0 -0 0
-0 -0 0
-0 -0 0
-0 -0 0
-0 -0 0
-0 -0 0
-0 -0 0
-0 -0 0
-0 -0 0
-0 -0 0
-0 -0 0
-0 -0 0
-0 -0 0
-0 -0 0
-0 -0 0
-0 -0 0
-0 -0 0
-0 -0 0
-0 -0 0
-0 -0 0
-0 -0 0
-0.18784598 -0.082364261 0.36675003
-0.18438594 -0.082251966 0.36625001
-0.18130568 -0.082308114 0.36650002
-0.17822103 -0.082364261 0.36675003
-0.17501274 -0.082364261 0.36675003
-0.17192152 -0.082420401 0.36700001
-0.16882595 -0.082476549 0.36725003
-0.16561326 -0.082476549 0.36725003
-0.16251114 -0.082532689 0.36750001
-0.15962136 -0.082701124 0.36825001
-0.15671846 -0.08286956 0.36900002
-0.15380244 -0.083037995 0.36975002
-0.1507715 -0.083150283 0.37025002
-0.14813027 -0.083487153 0.37175003
-0.14507307 -0.083599441 0.37225002
-0.14219761 -0.083824016 0.37325001
-0.13930467 -0.084048599 0.37425002
-0.1367577 -0.084497757 0.37625003
-0.13408706 -0.084890768 0.37800002
-0.13095331 -0.085003056 0.37850001
-0.12797946 -0.085227638 0.37950003
-0.12498809 -0.085452214 0.38050002
-0.12205917 -0.085732937 0.38175002
-0.11918612 -0.086069807 0.38325003
-0.11636239 -0.086462818 0.38500002
-0.11328791 -0.086687393 0.38600001
-0.11040951 -0.087080412 0.38775003
-0.1073625 -0.087361135 0.38900003
-0.10415997 -0.087529562 0.38975
-0.10094434 -0.087697998 0.39050001
-0.097778015 -0.087922581 0.39150003
-0.094594195 -0.088147156 0.39250001
-0.091392882 -0.088371739 0.39350003
-0.087950565 -0.088371739 0.39350003
-0.084615625 -0.088484026 0.39400002
-0.081323445 -0.088652462 0.39475003
-0.078215398 -0.089045472 0.39650002
-0.075218126 -0.089606918 0.39900002
-0.071952403 -0.089887641 0.40025002
-0.06853655 -0.089999929 0.40075001
-0.065152511 -0.090168364 0.40150002
-0.061793745 -0.090392947 0.40250003
-0.058345079 -0.090505235 0.40300003
-0.054955684 -0.09072981 0.40400001
-0.051612433 -0.091066681 0.40550002
-0.048154037 -0.091235116 0.40625003
-0.044655073 -0.091347404 0.40675002
-0.041172624 -0.091515839 0.40750003
-0.037653979 -0.091628127 0.40800002
-0.034168359 -0.09185271 0.40900001
-0.030702636 -0.09218958 0.41050002
-0.027144626 -0.092301868 0.41100001
-0.023577863 -0.092414156 0.41150001
-0.020038771 -0.092694879 0.41275001
-0.016457906 -0.092863314 0.41350001
-0.012871682 -0.093087897 0.41450003
-0.0092679616 -0.093312472 0.41550002
-0.0056264102 -0.093200184 0.41500002
-0.0020056299 -0.093649343 0.41700003
0.0016452192 -0.093817778 0.41775003
0.0053060185 -0.093930066 0.41825002
0.0089809243 -0.094098501 0.41900003
0.01265386 -0.094154641 0.41925001
0.016370101 -0.094435364 0.42050001
0.020096293 -0.094659947 0.42150003
0.02383998 -0.094884522 0.42250001
0.027617455 -0.095165245 0.42375001
0.03136136 -0.095277533 0.42425001
0.035072677 -0.095277533 0.42425001
0.038761143 -0.095221393 0.42400002
0.042395148 -0.095052958 0.42325002
0.046097718 -0.095052958 0.42325002
0.049859118 -0.095165245 0.42375001
0.053724073 -0.095445968 0.42500001
0.057610895 -0.095726691 0.42625001
0.061411668 -0.095838986 0.42675003
0.065412 -0.096231997 0.42850003
0.069321893 -0.096456572 0.42950001
0.073206753 -0.096625008 0.43025002
0.077194177 -0.096905731 0.43150002
0.08110965 -0.097074166 0.43225002
0.085087344 -0.097298741 0.43325001
0.089185111 -0.097635612 0.43475002
0.093309119 -0.097972482 0.43625003
0.097626343 -0.098477781 0.43850002
0 -0 0
0 -0 0
0 -0 0
0 -0 0
0 -0 0
0 -0 0
0 -0 0
0 -0 0
0 -0 0
0 -0 0
0 -0 0
0 -0 0
0 -0 0
0 -0 0
0 -0 0
0 -0 0
0 -0 0
0 -0 0
0 -0 0
0 -0 0
0 -0 0
0 -0 0
0 -0 0
0 -0 0
0 -0 0
0 -0 0
0 -0 0
0 -0 0
0 -0 0
0 -0 0
0 -0 0
0 -0 0
0 -0 0
0 -0 0
0 -0 0
0 -0 0
0 -0 0
0 -0 0
0 -0 0
0 -0 0
0 -0 0
0 -0 0
0 -0 0
0 -0 0
0 -0 0
0 -0 0
0 -0 0
0 -0 0
0 -0 0
0 -0 0
0 -0 0
0 -0 0
0 -0 0
-0 -0 0
-0 -0 0
-0 -0 0
-0 -0 0
-0 -0 0
-0 -0 0
-0 -0 0
-0 -0 0
-0 -0 0
-0 -0 0
-0 -0 0
-0 -0 0
-0 -0 0
-0 -0 0
-0 -0 0
-0 -0 0
-0 -0 0
-0 -0 0
-0 -0 0
-0 -0 0
-0 -0 0
-0 -0 0
-0.18797402 -0.079212368 0.36700001
-0.18451181 -0.079104453 0.36650002
-0.18155302 -0.079212368 0.36700001
-0.17858548 -0.079320289 0.36750001
-0.17537062 -0.079320289 0.36750001
-0.17203864 -0.079266332 0.36725003
-0.1690558 -0.079374246 0.36775002
-0.16583875 -0.079374246 0.36775002
-0.1628428 -0.079482168 0.36825001
-0.16027154 -0.079805925 0.36975002
-0.15735553 -0.079967804 0.37050003
-0.15421839 -0.080021761 0.37075001
-0.15158592 -0.080345519 0.37225002
-0.14902681 -0.080723234 0.37400001
-0.14594994 -0.080831148 0.37450001
-0.14315005 -0.081100948 0.37575001
-0.14032829 -0.081370741 0.377
-0.13784812 -0.081856377 0.37925002
-0.13479652 -0.082018256 0.38000003
-0.13147229 -0.082018256 0.38000003
-0.12882254 -0.082449935 0.38200003
-0.12597354 -0.082773685 0.38350001
-0.12293845 -0.082989529 0.38450003
-0.11973035 -0.083097443 0.38500002
-0.11658907 -0.083259322 0.38575003
-0.11372815 -0.083637036 0.38750002
-0.110979 -0.084122673 0.38975
-0.10784549 -0.084338509 0.39075002
-0.10456084 -0.08444643 0.39125001
-0.10133209 -0.084608309 0.39200002
-0.098152637 -0.084824145 0.39300001
-0.095136456 -0.085201859 0.39475003
-0.091915458 -0.085417695 0.39575002
-0.088397577 -0.085363738 0.3955
-0.084991455 -0.085417695 0.39575002
-0.081735469 -0.085633539 0.39675003
-0.078856513 -0.086281046 0.39975002
-0.075500906 -0.086442925 0.40050003
-0.072042286 -0.086496882 0.40075001
-0.068750322 -0.086766683 0.40200001
-0.065274216 -0.08682064 0.40225002
-0.061908882 -0.087036476 0.40325001
-0.058489855 -0.087198354 0.40400001
-0.055125721 -0.087468155 0.40525001
-0.051739715 -0.087737948 0.40650001
-0.048302203 -0.087953791 0.40750003
-0.044792306 -0.088061705 0.40800002
-0.041248403 -0.08811567 0.40825003
-0.03776934 -0.088331506 0.40925002
-0.034272783 -0.088547342 0.41025001
-0.030702636 -0.088601299 0.41050002
-0.027144626 -0.08870922 0.41100001
-0.023592189 -0.088871099 0.41175002
-0.020038771 -0.089086935 0.41275001
-0.016477806 -0.089356735 0.41400003
-0.012894972 -0.089626536 0.41525003
-0.0092735384 -0.08973445 0.41575003
-0.0056365784 -0.08973445 0.41575003
-0.0020044274 -0.089950286 0.41675001
0.0016452192 -0.090166129 0.41775003
0.0053091897 -0.090328 0.41850001
0.0089862831 -0.090489879 0.41925001
0.012646316 -0.090435922 0.41900003
0.016370101 -0.090759672 0.42050001
0.020120131 -0.09108343 0.42200002
0.023868192 -0.091299266 0.42300001
0.027633749 -0.091515109 0.42400002
0.031342879 -0.091515109 0.42400002
0.035072677 -0.091569066 0.42425001
0.038783994 -0.091569066 0.42425001
0.042445231 -0.091461144 0.42375001
0.046124946 -0.091407195 0.42350003
0.049829707 -0.091407195 0.42350003
0.053660866 -0.091623023 0.42450002
0.057543319 -0.091892824 0.42575002
0.061447639 -0.092162617 0.42700002
0.065450154 -0.092540331 0.42875001
0.069321893 -0.09270221 0.42950001
0.07316421 -0.092810132 0.43000001
0.077060007 -0.09297201 0.43075001
0.080968916 -0.093133889 0.43150002
0.085038252 -0.093457647 0.43300003
0.089236394 -0.093889326 0.43500003
0.093362585 -0.094213076 0.43650001
0.097570688 -0.094590798 0.43825004
0.10163586 -0.094806634 0.43925002
0.10553843 -0.094860591 0.43950003
0 -0 0
0 -0 0
0 -0 0
0 -0 0
0 -0 0
0 -0 0
0 -0 0
0 -0 0
0 -0 0
0 -0 0
0 -0 0
0 -0 0
0 -0 0
0 -0 0
0 -0 0
0 -0 0
0 -0 0
0 -0 0
0 -0 0
0 -0 0
0 -0 0
0 -0 0
0 -0 0
0 -0 0
0 -0 0
0 -0 0
0 -0 0
0 -0 0
0 -0 0
0 -0 0
0 -0 0
0 -0 0
0 -0 0
0 -0 0
0 -0 0
0 -0 0
0 -0 0
0 -0 0
0 -0 0
0 -0 0
0 -0 0
0 -0 0
0 -0 0
0 -0 0
0 -0 0
0 -0 0
0 -0 0
0 -0 0
0 -0 0
0 -0 0
0 -0 0
-0 -0 0
-0 -0 0
-0 -0 0
-0 -0 0
-0 -0 0
-0 -0 0
-0 -0 0
-0 -0 0
-0 -0 0
-0 -0 0
-0 -0 0
-0 -0 0
-0 -0 0
-0 -0 0
-0 -0 0
-0 -0 0
-0 -0 0
-0 -0 0
-0 -0 0
-0 -0 0
-0 -0 0
-0 -0 0
-0.18810207 -0.076056115 0.36725003
-0.18488939 -0.076056115 0.36725003
-0.1816767 -0.076056115 0.36725003
-0.17882848 -0.076211438 0.36800003
-0.17560923 -0.076211438 0.36800003
-0.17227286 -0.076159663 0.36775002
-0.16940059 -0.076314986 0.36850002
-0.16651519 -0.076470308 0.36925003
-0.16361666 -0.076625623 0.37
-0.1610301 -0.076936267 0.37150002
-0.15809877 -0.077091597 0.37225002
-0.15484235 -0.077091597 0.37225002
-0.15199314 -0.077298686 0.37325001
-0.14942528 -0.077661112 0.37500003
-0.14663196 -0.077919982 0.37625003
-0.14410248 -0.078334175 0.37825003
-0.14135189 -0.078644812 0.37975001
-0.13848421 -0.078903683 0.38100001
-0.13532861 -0.079007231 0.38150001
-0.13199125 -0.079007231 0.38150001
-0.1294127 -0.079473205 0.38375002
-0.12654839 -0.079783849 0.38525003
-0.12357792 -0.08004272 0.38650003
-0.12027457 -0.080094486 0.38675001
-0.11719355 -0.08030159 0.38775003
-0.11409502 -0.080508679 0.38875002
-0.11126374 -0.080922872 0.39075002
-0.10819048 -0.081181742 0.39200002
-0.10502852 -0.081388839 0.39300001
-0.10191371 -0.081647709 0.39425001
-0.098839462 -0.081958354 0.39575002
-0.095618464 -0.082165457 0.39675003
-0.092321903 -0.082320772 0.39750001
-0.08884459 -0.082320772 0.39750001
-0.085313596 -0.082269005 0.39725003
-0.082508013 -0.082942069 0.40050003
-0.079152405 -0.083097383 0.40125
-0.075642288 -0.083097383 0.40125
-0.072311945 -0.08330448 0.40225002
-0.06900686 -0.08356335 0.40350002
-0.065395921 -0.083459809 0.40300003
-0.061985649 -0.083615132 0.40375003
-0.058634635 -0.083874002 0.40500003
-0.055227742 -0.084081091 0.40600002
-0.051803354 -0.084288187 0.40700001
-0.048302203 -0.084391743 0.40750003
-0.044847198 -0.084598832 0.40850002
-0.041349437 -0.084754154 0.40925002
-0.037838556 -0.084909476 0.41000003
-0.034335442 -0.085116573 0.41100001
-0.030740032 -0.085116573 0.41100001
-0.027144626 -0.085116573 0.41100001
-0.023620838 -0.085375443 0.41225001
-0.020075183 -0.085634314 0.41350001
-0.016497707 -0.08584141 0.41450003
-0.012910499 -0.08610028 0.41575003
-0.009284691 -0.086203828 0.41625002
-0.0056467466 -0.08625561 0.41650003
-0.0020056299 -0.086359151 0.41700003
0.0016452192 -0.08651448 0.41775003
0.0053123613 -0.086721569 0.41875002
0.0089862831 -0.086825117 0.41925001
0.01265386 -0.086825117 0.41925001
0.016360369 -0.087032214 0.42025003
0.020108212 -0.087342858 0.42175001
0.0238823 -0.087653503 0.42325002
0.027633749 -0.087808825 0.42400002
0.031379841 -0.087912373 0.42450002
0.035114013 -0.087964147 0.42475003
0.038829707 -0.087964147 0.42475003
0.042470273 -0.087808825 0.42400002
0.046179403 -0.087808825 0.42400002
0.049947366 -0.087912373 0.42450002
0.053787276 -0.08811947 0.42550001
0.057543319 -0.088171244 0.42575002
0.061411668 -0.088378347 0.42675003
0.065412 -0.088740759 0.42850003
0.069362246 -0.088999629 0.42975003
0.073206753 -0.089103177 0.43025002
0.076970555 -0.089103177 0.43025002
0.080968916 -0.089362048 0.43150002
0.085136443 -0.08977624 0.43350002
0.089236394 -0.090086885 0.43500003
0.093309119 -0.090345755 0.43625003
0.097570688 -0.090759948 0.43825004
0.10175155 -0.091070592 0.43975002
0.10565849 -0.091122366 0.44000003
0.10956981 -0.091174141 0.44025001
0.11290585 -0.090759948 0.43825004
0 -0 0
0 -0 0
0 -0 0
0 -0 0
0 -0 0
0 -0 0
0 -0 0
0 -0 0
0 -0 0
0 -0 0
0 -0 0
0 -0 0
0 -0 0
0 -0 0
0 -0 0
0 -0 0
0 -0 0
0 -0 0
0 -0 0
0 -0 0
0 -0 0
0 -0 0
0 -0 0
0 -0 0
0 -0 0
0 -0 0
0 -0 0
0 -0 0
0 -0 0
0 -0 0
0 -0 0
0 -0 0
0 -0 0
0 -0 0
0 -0 0
0 -0 0
0 -0 0
0 -0 0
0 -0 0
0 -0 0
0 -0 0
0 -0 0
0 -0 0
0 -0 0
0 -0 0
0 -0 0
0 -0 0
0 -0 0
0 -0 0
-0 -0 0
-0 -0 0
-0 -0 0
-0 -0 0
-0 -0 0
-0 -0 0
-0 -0 0
-0 -0 0
-0 -0 0
-0 -0 0
-0 -0 0
-0 -0 0
-0 -0 0
-0 -0 0
-0 -0 0
-0 -0 0
-0 -0 0
-0 -0 0
-0 -0 0
-0 -0 0
-0 -0 0
-0.19105428 -0.072746724 0.36675003
-0.18797402 -0.072796308 0.36700001
-0.18488939 -0.072845899 0.36725003
-0.18180037 -0.072895482 0.36750001
-0.17882848 -0.072994664 0.36800003
-0.17572853 -0.073044248 0.36825001
-0.17250708 -0.073044248 0.36825001
-0.16986029 -0.073292196 0.36950001
-0.16707887 -0.073490553 0.37050003
-0.16439052 -0.073738493 0.37175003
-0.1616803 -0.073986441 0.37300003
-0.15873584 -0.074135207 0.37375003
-0.15557028 -0.07418479 0.37400001
-0.15301117 -0.074531913 0.37575001
-0.15002298 -0.074680679 0.37650001
-0.14702167 -0.074829444 0.37725002
-0.14467393 -0.075325333 0.37975001
-0.14191024 -0.075622864 0.38125002
-0.13875681 -0.075722046 0.38175002
-0.13568334 -0.075870812 0.38250002
-0.13302921 -0.076267518 0.38450003
-0.13008715 -0.076515466 0.38575003
-0.12704112 -0.076713815 0.38675001
-0.12397759 -0.07691218 0.38775003
-0.12097429 -0.07716012 0.38900003
-0.11787359 -0.077358469 0.39000002
-0.11482874 -0.077606417 0.39125001
-0.11176205 -0.077854358 0.39250001
-0.10867348 -0.078102306 0.39375001
-0.10556302 -0.078350246 0.39500001
-0.1023661 -0.078548603 0.39600003
-0.099151649 -0.07874696 0.39700001
-0.095919721 -0.078945316 0.39800003
-0.092612222 -0.079094075 0.39875001
-0.089179859 -0.079143666 0.39900002
-0.086011566 -0.079441205 0.40050003
-0.082714021 -0.079639554 0.40150002
-0.079251036 -0.079689145 0.40175003
-0.07583081 -0.07978832 0.40225002
-0.072491713 -0.079986677 0.40325001
-0.069049612 -0.080085859 0.40375003
-0.065517627 -0.080085859 0.40375003
-0.062139172 -0.080284208 0.40475002
-0.058779411 -0.080532156 0.40600002
-0.055295754 -0.080631331 0.40650001
-0.051835176 -0.080780096 0.40725002
-0.048302203 -0.080829687 0.40750003
-0.044819754 -0.080978453 0.40825003
-0.041374698 -0.081226401 0.40950003
-0.037861627 -0.081375159 0.41025001
-0.034356326 -0.081573516 0.41125003
-0.030796127 -0.081672698 0.41175002
-0.027227182 -0.081771873 0.41225001
-0.023692459 -0.082019813 0.41350001
-0.020099459 -0.082118995 0.41400003
-0.016517607 -0.082317352 0.41500002
-0.012910499 -0.082466118 0.41575003
-0.0092902677 -0.082614884 0.41650003
-0.0056535252 -0.082714058 0.41700003
-0.0020080346 -0.082813233 0.41750002
0.0016452192 -0.082862824 0.41775003
0.0053091897 -0.08301159 0.41850001
0.0089862831 -0.083160356 0.41925001
0.012661406 -0.083209947 0.41950002
0.016370101 -0.083408304 0.42050001
0.020108212 -0.083656244 0.42175001
0.0238823 -0.083953775 0.42325002
0.027650042 -0.084152132 0.42425001
0.031379841 -0.084201723 0.42450002
0.035114013 -0.084251314 0.42475003
0.038806852 -0.084201723 0.42450002
0.042520355 -0.084201723 0.42450002
0.046261091 -0.084251314 0.42475003
0.050123859 -0.084499255 0.42600003
0.053945292 -0.084648021 0.42675003
0.05767848 -0.084648021 0.42675003
0.061519593 -0.084796786 0.42750001
0.065450154 -0.085044727 0.42875001
0.069362246 -0.085243091 0.42975003
0.073206753 -0.085342266 0.43025002
0.077104732 -0.085491031 0.43100002
0.081062742 -0.085689381 0.43200001
0.085136443 -0.08598692 0.43350002
0.089236394 -0.086284451 0.43500003
0.093309119 -0.086532399 0.43625003
0.097459361 -0.086829923 0.43775001
0.10163586 -0.087127462 0.43925002
0.10571852 -0.087325811 0.44025001
0.10969426 -0.087424994 0.44075003
0.11367872 -0.087524168 0.44125003
0.11733897 -0.087375402 0.44050002
0.12167391 -0.087722525 0.44225001
0 -0 0
0 -0 0
0 -0 0
0 -0 0
0 -0 0
0 -0 0
0 -0 0
0 -0 0
0 -0 0
0 -0 0
0 -0 0
0 -0 0
0 -0 0
0 -0 0
0 -0 0
0 -0 0
0 -0 0
0 -0 0
0 -0 0
0 -0 0
0 -0 0
0 -0 0
0 -0 0
0 -0 0
0 -0 0
0 -0 0
0 -0 0
0 -0 0
0 -0 0
0 -0 0
0 -0 0
0 -0 0
0 -0 0
0 -0 0
0 -0 0
0 -0 0
0 -0 0
0 -0 0
0 -0 0
0 -0 0
0 -0 0
0 -0 0
0 -0 0
0 -0 0
0 -0 0
0 -0 0
0 -0 0
-0 -0 0
-0 -0 0
-0 -0 0
-0 -0 0
-0 -0 0
-0 -0 0
-0 -0 0
-0 -0 0
-0 -0 0
-0 -0 0
-0 -0 0
-0 -0 0
-0 -0 0
-0 -0 0
-0 -0 0
-0 -0 0
-0 -0 0
-0 -0 0
-0 -0 0
-0 -0 0
-0 -0 0
-0.19105428 -0.069540873 0.36675003
-0.18797402 -0.069588274 0.36700001
-0.18501525 -0.069683082 0.36750001
-0.18217139 -0.069825292 0.36825001
-0.17919292 -0.0699201 0.36875001
-0.17620572 -0.070014909 0.36925003
-0.17332686 -0.070157111 0.37
-0.17043491 -0.070299327 0.37075001
-0.16752982 -0.070441537 0.37150002
-0.16483273 -0.070678554 0.37275001
-0.16211374 -0.070915572 0.37400001
-0.15905437 -0.071010374 0.37450001
-0.15609023 -0.07115259 0.37525001
-0.15392742 -0.071674027 0.37800002
-0.15101914 -0.071863636 0.37900001
-0.14799596 -0.072005853 0.37975001
-0.14524539 -0.072290272 0.38125002
-0.14228246 -0.072479881 0.38225001
-0.13930203 -0.072669499 0.38325003
-0.13665885 -0.073048733 0.38525003
-0.13363466 -0.073238343 0.38625002
-0.13042438 -0.073333144 0.38675001
-0.12720536 -0.073427953 0.38725001
-0.12413745 -0.07361757 0.38825002
-0.12120753 -0.073901989 0.38975
-0.11810027 -0.074091606 0.39075002
-0.11497549 -0.074281216 0.39175001
-0.1119756 -0.074565634 0.39325002
-0.10888048 -0.074802652 0.39450002
-0.10569665 -0.074992269 0.3955
-0.10243072 -0.075134479 0.39625001
-0.099214092 -0.075324096 0.39725003
-0.095979966 -0.075513706 0.39825001
-0.092728354 -0.075703323 0.39925003
-0.089403361 -0.075845532 0.40000001
-0.086172633 -0.076082543 0.40125
-0.082714021 -0.076129951 0.40150002
-0.079300351 -0.076224759 0.40200001
-0.075925067 -0.076366968 0.40275002
-0.072536655 -0.076509178 0.40350002
-0.069135122 -0.076651394 0.40425003
-0.0656799 -0.076746196 0.40475002
-0.062254317 -0.076888405 0.40550002
-0.058815606 -0.077030621 0.40625003
-0.055329766 -0.077125423 0.40675002
-0.051835176 -0.077220231 0.40725002
-0.048331834 -0.07731504 0.40775001
-0.044847198 -0.077457249 0.40850002
-0.041374698 -0.077646866 0.40950003
-0.037884701 -0.077836476 0.41050002
-0.034356326 -0.077978685 0.41125003
-0.030814826 -0.078120902 0.41200003
-0.027276715 -0.078310512 0.41300002
-0.023721108 -0.078500129 0.41400003
-0.020111596 -0.07854753 0.41425002
-0.016507657 -0.078642331 0.41475001
-0.012910499 -0.078831948 0.41575003
-0.0092902677 -0.078974165 0.41650003
-0.0056569143 -0.079116367 0.41725001
-0.0020092372 -0.079211175 0.41775003
0.0016442345 -0.079163775 0.41750002
0.0053028469 -0.079258576 0.41800001
0.0089809243 -0.079448193 0.41900003
0.012676497 -0.079637811 0.42000002
0.016370101 -0.079732612 0.42050001
0.020108212 -0.07996963 0.42175001
0.0238823 -0.080254056 0.42325002
0.027650042 -0.080443665 0.42425001
0.031324398 -0.080348857 0.42375001
0.035031341 -0.080348857 0.42375001
0.038761143 -0.080396265 0.42400002
0.042520355 -0.080491066 0.42450002
0.046288315 -0.080585875 0.42500001
0.050094441 -0.080728084 0.42575002
0.053945292 -0.080917701 0.42675003
0.057746056 -0.08101251 0.42725003
0.061627522 -0.08120212 0.42825001
0.06537383 -0.08120212 0.42825001
0.069241196 -0.081344329 0.42900002
0.07316421 -0.081533946 0.43000001
0.077060007 -0.081676155 0.43075001
0.081015833 -0.081865773 0.43175003
0.084989153 -0.082055382 0.43275002
0.089031249 -0.0822924 0.43400002
0.093362585 -0.082766436 0.43650001
0.097459361 -0.083003454 0.43775001
0.10152017 -0.083193071 0.43875003
0.10553843 -0.08333528 0.43950003
0.10975647 -0.083619699 0.44100001
0.11387195 -0.083809316 0.44200003
0.11787172 -0.083904117 0.44250003
0.12181147 -0.083951518 0.44275001
0.12611043 -0.084235944 0.44425002
0.13028935 -0.084425561 0.44525003
0 -0 0
0 -0 0
0 -0 0
0 -0 0
0 -0 0
0 -0 0
0 -0 0
0 -0 0
0 -0 0
0 -0 0
0 -0 0
0 -0 0
0 -0 0
0 -0 0
0 -0 0
0 -0 0
0 -0 0
0 -0 0
0 -0 0
0 -0 0
0 -0 0
0 -0 0
0 -0 0
0 -0 0
0 -0 0
0 -0 0
0 -0 0
0 -0 0
0 -0 0
0 -0 0
0 -0 0
0 -0 0
0 -0 0
0 -0 0
0 -0 0
0 -0 0
0 -0 0
0 -0 0
0 -0 0
0 -0 0
0 -0 0
0 -0 0
0 -0 0
0 -0 0
0 -0 0
-0 -0 0
-0 -0 0
-0 -0 0
-0 -0 0
-0 -0 0
-0 -0 0
-0 -0 0
-0 -0 0
-0 -0 0
-0 -0 0
-0 -0 0
-0 -0 0
-0 -0 0
-0 -0 0
-0 -0 0
-0 -0 0
-0 -0 0
-0 -0 0
-0 -0 0
-0 -0 0
-0.19465984 -0.066470675 0.36750001
-0.19144498 -0.066470675 0.36750001
-0.18848622 -0.066561118 0.36800003
-0.18589628 -0.066787206 0.36925003
-0.1830371 -0.066922858 0.37
-0.17980035 -0.066922858 0.37
-0.17692152 -0.067058511 0.37075001
-0.17414667 -0.067239389 0.37175003
-0.17100954 -0.067284606 0.37200001
-0.16809352 -0.067420259 0.37275001
-0.16538548 -0.067646354 0.37400001
-0.16254722 -0.067827225 0.37500003
-0.15958525 -0.067962877 0.37575001
-0.15692216 -0.06823419 0.37725002
-0.15423283 -0.068505496 0.37875003
-0.15141761 -0.068731591 0.38000003
-0.14848311 -0.068912461 0.38100001
-0.14543587 -0.069048114 0.38175002
-0.1430269 -0.069500297 0.38425002
-0.14011985 -0.069726385 0.38550001
-0.13710225 -0.069907263 0.38650003
-0.13389415 -0.069997698 0.38700002
-0.13076162 -0.070133351 0.38775003
-0.1277802 -0.070359446 0.38900003
-0.12477693 -0.070585534 0.39025003
-0.12167402 -0.070766404 0.39125001
-0.1184025 -0.070856839 0.39175001
-0.11526898 -0.071037717 0.39275002
-0.11218917 -0.071263805 0.39400002
-0.10901847 -0.071444675 0.39500001
-0.10583027 -0.071625553 0.39600003
-0.10249534 -0.071715988 0.39650002
-0.099214092 -0.071851641 0.39725003
-0.095979966 -0.072032511 0.39825001
-0.092786416 -0.072258599 0.39950001
-0.08945924 -0.072394259 0.40025002
-0.086226322 -0.072620347 0.40150002
-0.082817025 -0.072710782 0.40200001
-0.07939899 -0.072801225 0.40250003
-0.075925067 -0.072846435 0.40275002
-0.072581597 -0.073027313 0.40375003
-0.069263391 -0.073253401 0.40500003
-0.065720469 -0.073253401 0.40500003
-0.062254317 -0.073343836 0.40550002
-0.058815606 -0.073479496 0.40625003
-0.055329766 -0.073569931 0.40675002
-0.051835176 -0.073660366 0.40725002
-0.048331834 -0.073750801 0.40775001
-0.044847198 -0.073886454 0.40850002
-0.04132418 -0.073976889 0.40900001
-0.037838556 -0.074157767 0.41000003
-0.034356326 -0.074383855 0.41125003
-0.030833524 -0.074564725 0.41225001
-0.027260203 -0.07465516 0.41275001
-0.023692459 -0.07479082 0.41350001
-0.02008732 -0.074836038 0.41375002
-0.016507657 -0.075016908 0.41475001
-0.012910499 -0.075197786 0.41575003
-0.009284691 -0.075288221 0.41625002
-0.0056535252 -0.075423874 0.41700003
-0.0020116419 -0.075649962 0.41825002
0.0016462037 -0.075604744 0.41800001
0.0053060185 -0.075649962 0.41825002
0.0089970008 -0.075921275 0.41975003
0.012691588 -0.076056927 0.42050001
0.016389567 -0.076147363 0.42100003
0.020120131 -0.076328233 0.42200002
0.023910511 -0.076644763 0.42375001
0.027650042 -0.076735198 0.42425001
0.031287439 -0.076554328 0.42325002
0.034990009 -0.076554328 0.42325002
0.038761143 -0.076689981 0.42400002
0.042570438 -0.076870851 0.42500001
0.046342772 -0.076961286 0.42550001
0.05015327 -0.077096947 0.42625001
0.053945292 -0.077187382 0.42675003
0.057779845 -0.077323034 0.42750001
0.061591547 -0.077413477 0.42800003
0.06537383 -0.077458687 0.42825001
0.069241196 -0.077594347 0.42900002
0.073206753 -0.077820435 0.43025002
0.077104732 -0.077956088 0.43100002
0.081062742 -0.078136958 0.43200001
0.084989153 -0.078272618 0.43275002
0.088928685 -0.078408271 0.43350002
0.093255639 -0.078860454 0.43600002
0.097403705 -0.07913176 0.43750003
0.10134663 -0.079222195 0.43800002
0.1052983 -0.07931263 0.43850002
0.10950759 -0.079583943 0.44000003
0.11380754 -0.079900473 0.44175002
0.11780513 -0.079990909 0.44225001
0.12194905 -0.080171779 0.44325003
0.12646528 -0.080578744 0.44550002
0.13021618 -0.080488309 0.44500002
0.1337323 -0.080262214 0.44375002
0.13761422 -0.080262214 0.44375002
0 -0 0
0 -0 0
0 -0 0
0 -0 0
0 -0 0
0 -0 0
0 -0 0
0 -0 0
0 -0 0
0 -0 0
0 -0 0
0 -0 0
0 -0 0
0 -0 0
0 -0 0
0 -0 0
0 -0 0
0 -0 0
0 -0 0
0 -0 0
0 -0 0
0 -0 0
0 -0 0
0 -0 0
0 -0 0
0 -0 0
0 -0 0
0 -0 0
0 -0 0
0 -0 0
0 -0 0
0 -0 0
0 -0 0
0 -0 0
0 -0 0
0 -0 0
0 -0 0
0 -0 0
0 -0 0
0 -0 0
0 -0 0
0 -0 0
0 -0 0
-0 -0 0
-0 -0 0
-0 -0 0
-0 -0 0
-0 -0 0
-0 -0 0
-0 -0 0
-0 -0 0
-0 -0 0
-0 -0 0
-0 -0 0
-0 -0 0
-0 -0 0
-0 -0 0
-0 -0 0
-0 -0 0
-0 -0 0
-0 -0 0
-0 -0 0
-0.198817 -0.06355951 0.36925003
-0.19518954 -0.063430414 0.36850002
-0.19183569 -0.063387372 0.36825001
-0.1889984 -0.063516475 0.36900002
-0.18652558 -0.063774675 0.37050003
-0.18353181 -0.063860737 0.37100002
-0.18052928 -0.063946806 0.37150002
-0.17751801 -0.064032868 0.37200001
-0.17484933 -0.064248033 0.37325001
-0.17192894 -0.064377129 0.37400001
-0.16922091 -0.064592294 0.37525001
-0.16638045 -0.064764433 0.37625003
-0.16352248 -0.064936556 0.37725002
-0.16064705 -0.065108694 0.37825003
-0.1576501 -0.06523779 0.37900001
-0.15443644 -0.065280825 0.37925002
-0.15171647 -0.065539017 0.38075003
-0.14877541 -0.065711148 0.38175002
-0.14619781 -0.06605541 0.38375002
-0.14330608 -0.066270575 0.38500002
-0.14030159 -0.066442706 0.38600001
-0.13736829 -0.066657871 0.38725001
-0.13432662 -0.066830002 0.38825002
-0.13126746 -0.067002133 0.38925001
-0.12827292 -0.067217298 0.39050001
-0.12509666 -0.067346394 0.39125001
-0.12190726 -0.067475498 0.39200002
-0.11862919 -0.067561559 0.39250001
-0.11534236 -0.067647628 0.39300001
-0.11211798 -0.067776725 0.39375001
-0.10908747 -0.068034925 0.39525002
-0.10583027 -0.068164021 0.39600003
-0.10249534 -0.06825009 0.39650002
-0.099526279 -0.068594351 0.39850003
-0.096220978 -0.068723448 0.39925003
-0.092786416 -0.068766482 0.39950001
-0.08945924 -0.068895578 0.40025002
-0.086172633 -0.069067709 0.40125
-0.082817025 -0.069196805 0.40200001
-0.079448305 -0.069325909 0.40275002
-0.075925067 -0.069325909 0.40275002
-0.072446771 -0.069368944 0.40300003
-0.069177873 -0.069627136 0.40450001
-0.065720469 -0.069713205 0.40500003
-0.062292695 -0.069842301 0.40575001
-0.058815606 -0.06992837 0.40625003
-0.055295754 -0.069971398 0.40650001
-0.051771536 -0.070014432 0.40675002
-0.048331834 -0.070186563 0.40775001
-0.044847198 -0.070315666 0.40850002
-0.04132418 -0.070401728 0.40900001
-0.037815485 -0.070530824 0.40975001
-0.034314558 -0.070702963 0.41075003
-0.030796127 -0.070875093 0.41175002
-0.027260203 -0.071047217 0.41275001
-0.023663811 -0.071090251 0.41300002
-0.020075183 -0.07117632 0.41350001
-0.016487757 -0.071305417 0.41425002
-0.012894972 -0.071477555 0.41525003
-0.0092735384 -0.071563616 0.41575003
-0.0056467466 -0.07169272 0.41650003
-0.0020104395 -0.071950912 0.41800001
0.0016462037 -0.071950912 0.41800001
0.0053123613 -0.072080009 0.41875002
0.0090077175 -0.072338209 0.42025003
0.012691588 -0.072381236 0.42050001
0.016389567 -0.072467305 0.42100003
0.02015589 -0.072768539 0.42275003
0.023924619 -0.072983697 0.42400002
0.027617455 -0.072940663 0.42375001
0.031268958 -0.072811566 0.42300001
0.034928005 -0.072725505 0.42250001
0.038761143 -0.072983697 0.42400002
0.042620521 -0.073241897 0.42550001
0.046342772 -0.073241897 0.42550001
0.050094441 -0.073284931 0.42575002
0.05397689 -0.073500097 0.42700002
0.057813633 -0.073629193 0.42775002
0.061627522 -0.073715255 0.42825001
0.065488324 -0.073844358 0.42900002
0.069362246 -0.073973455 0.42975003
0.073249288 -0.074102558 0.43050003
0.077104732 -0.07418862 0.43100002
0.081015833 -0.074317716 0.43175003
0.084989153 -0.074489847 0.43275002
0.089031249 -0.074705012 0.43400002
0.093202166 -0.075006239 0.43575001
0.097292386 -0.075221404 0.43700001
0.10111523 -0.075221404 0.43700001
0.10505816 -0.075307474 0.43750003
0.10932093 -0.075608701 0.43925002
0.11361431 -0.075909935 0.44100001
0.11773854 -0.076082066 0.44200003
0.12208661 -0.076383293 0.44375002
0.12639432 -0.076641493 0.44525003
0.13021618 -0.076598458 0.44500002
0.13403367 -0.076555423 0.44475001
0.13807939 -0.076641493 0.44525003
0.14253242 -0.07694272 0.44700003
0.14652467 -0.076985754 0.44725001
0 -0 0
0 -0 0
0 -0 0
0 -0 0
0 -0 0
0 -0 0
0 -0 0
0 -0 0
0 -0 0
0 -0 0
0 -0 0
0 -0 0
0 -0 0
0 -0 0
0 -0 0
0 -0 0
0 -0 0
0 -0 0
0 -0 0
0 -0 0
0 -0 0
0 -0 0
0 -0 0
0 -0 0
0 -0 0
0 -0 0
0 -0 0
0 -0 0
0 -0 0
0 -0 0
0 -0 0
0 -0 0
0 -0 0
0 -0 0
0 -0 0
0 -0 0
0 -0 0
0 -0 0
0 -0 0
0 -0 0
0 -0 0
-0 -0 0
-0 -0 0
-0 -0 0
-0 -0 0
-0 -0 0
-0 -0 0
-0 -0 0
-0 -0 0
-0 -0 0
-0 -0 0
-0 -0 0
-0 -0 0
-0 -0 0
-0 -0 0
-0 -0 0
-0 -0 0
-0 -0 0
-0 -0 0
-0 -0 0
-0.198817 -0.06033181 0.36925003
-0.19545437 -0.060290962 0.36900002
-0.19209614 -0.060250111 0.36875001
-0.1889984 -0.060290962 0.36900002
-0.18665144 -0.060576893 0.37075001
-0.18390283 -0.060740285 0.37175003
-0.18089373 -0.06082198 0.37225002
-0.17823382 -0.061026216 0.37350002
-0.1754349 -0.061189603 0.37450001
-0.17250358 -0.061312146 0.37525001
-0.16955912 -0.06143469 0.37600002
-0.16682266 -0.061638929 0.37725002
-0.16417268 -0.061884016 0.37875003
-0.16139029 -0.062088255 0.38000003
-0.15806606 -0.062088255 0.38000003
-0.15514906 -0.062251642 0.38100001
-0.15261301 -0.062578425 0.38300002
-0.14955485 -0.062700965 0.38375002
-0.14667404 -0.0629052 0.38500002
-0.14358525 -0.063027747 0.38575003
-0.14048332 -0.063150287 0.38650003
-0.13754566 -0.063354529 0.38775003
-0.13449961 -0.063517913 0.38875002
-0.13143608 -0.063681304 0.38975
-0.12835504 -0.063844696 0.39075002
-0.12501673 -0.063885547 0.39100003
-0.12198501 -0.064089783 0.39225003
-0.11885587 -0.064253174 0.39325002
-0.11548911 -0.064294018 0.39350003
-0.11226034 -0.064416558 0.39425001
-0.10908747 -0.064579949 0.39525002
-0.10576346 -0.064661644 0.39575002
-0.10262459 -0.064865887 0.39700001
-0.099588715 -0.065151818 0.39875001
-0.096160725 -0.065192662 0.39900002
-0.092670292 -0.065192662 0.39900002
-0.08929161 -0.065274358 0.39950001
-0.085957877 -0.065396905 0.40025002
-0.082714021 -0.06560114 0.40150002
-0.07939899 -0.065764531 0.40250003
-0.075877942 -0.065764531 0.40250003
-0.072356887 -0.065764531 0.40250003
-0.06892135 -0.065846227 0.40300003
-0.065477058 -0.065927923 0.40350002
-0.062177554 -0.06617301 0.40500003
-0.058707021 -0.066254705 0.40550002
-0.055193733 -0.066295549 0.40575001
-0.051707897 -0.066377245 0.40625003
-0.048272569 -0.066540636 0.40725002
-0.044792306 -0.066663176 0.40800002
-0.041298922 -0.066785723 0.40875003
-0.03776934 -0.066867411 0.40925002
-0.034251899 -0.066989958 0.41000003
-0.030740032 -0.067153342 0.41100001
-0.027210671 -0.067316741 0.41200003
-0.023649486 -0.06743928 0.41275001
-0.020075183 -0.06756182 0.41350001
-0.016477806 -0.067643516 0.41400003
-0.012887209 -0.067806907 0.41500002
-0.0092679616 -0.067888603 0.41550002
-0.0056399675 -0.067970298 0.41600001
-0.0020068323 -0.068174534 0.41725001
0.0016462037 -0.068297073 0.41800001
0.0053155334 -0.068460472 0.41900003
0.0090077175 -0.068664707 0.42025003
0.012691588 -0.068705551 0.42050001
0.016399298 -0.068828091 0.42125002
0.02017973 -0.069154873 0.42325002
0.023896405 -0.069195725 0.42350003
0.027568573 -0.069114029 0.42300001
0.031250477 -0.069073185 0.42275003
0.034928005 -0.069032334 0.42250001
0.038692579 -0.069154873 0.42325002
0.042570438 -0.069440804 0.42500001
0.046342772 -0.0695225 0.42550001
0.050065026 -0.0695225 0.42550001
0.053945292 -0.069726743 0.42675003
0.057813633 -0.069890134 0.42775002
0.061699472 -0.070053518 0.42875001
0.065564647 -0.070176065 0.42950001
0.06940259 -0.070257761 0.43000001
0.073249288 -0.070339456 0.43050003
0.077149451 -0.070461996 0.43125001
0.08110965 -0.070625387 0.43225002
0.085087344 -0.070788778 0.43325001
0.089185111 -0.071033865 0.43475002
0.093255639 -0.071238101 0.43600002
0.09723673 -0.07136064 0.43675002
0.1010574 -0.07136064 0.43675002
0.10499813 -0.071442336 0.43725002
0.10919649 -0.071687423 0.43875003
0.11335669 -0.071891658 0.44000003
0.11767194 -0.072177596 0.44175002
0.12201782 -0.072463527 0.44350001
0.12632334 -0.072708614 0.44500002
0.13021618 -0.072708614 0.44500002
0.13388298 -0.072586067 0.44425002
0.13807939 -0.072749458 0.44525003
0.14261213 -0.073076233 0.44725001
0.14660656 -0.073117085 0.44750002
0.15052126 -0.073117085 0.44750002
0.15443598 -0.073117085 0.44750002
0 -0 0
0 -0 0
0 -0 0
0 -0 0
0 -0 0
0 -0 0
0 -0 0
0 -0 0
0 -0 0
0 -0 0
0 -0 0
0 -0 0
0 -0 0
0 -0 0
0 -0 0
0 -0 0
0 -0 0
0 -0 0
0 -0 0
0 -0 0
0 -0 0
0 -0 0
0 -0 0
0 -0 0
0 -0 0
0 -0 0
0 -0 0
0 -0 0
0 -0 0
0 -0 0
0 -0 0
0 -0 0
0 -0 0
0 -0 0
0 -0 0
0 -0 0
0 -0 0
0 -0 0
0 -0 0
-0 -0 0
-0 -0 0
-0 -0 0
-0 -0 0
-0 -0 0
-0 -0 0
-0 -0 0
-0 -0 0
-0 -0 0
-0 -0 0
-0 -0 0
-0 -0 0
-0 -0 0
-0 -0 0
-0 -0 0
-0 -0 0
-0 -0 0
-0 -0 0
-0.20095281 -0.056794811 0.36725003
-0.19827856 -0.056949459 0.36825001
-0.19545437 -0.057065446 0.36900002
-0.19222638 -0.057065446 0.36900002
-0.18925449 -0.057142772 0.36950001
-0.18702902 -0.057452068 0.37150002
-0.18415017 -0.057568055 0.37225002
-0.18113671 -0.05764538 0.37275001
-0.17871101 -0.057916015 0.37450001
-0.17590337 -0.058070667 0.37550002
-0.17284836 -0.058147989 0.37600002
-0.16978459 -0.058225311 0.37650001
-0.16715431 -0.058457289 0.37800002
-0.16460614 -0.05872792 0.37975001
-0.16181499 -0.058921233 0.38100001
-0.15869001 -0.058998555 0.38150001
-0.1559635 -0.059230532 0.38300002
-0.15301149 -0.059385177 0.384
-0.14984713 -0.059462506 0.38450003
-0.14686452 -0.059617154 0.38550001
-0.14377135 -0.059733141 0.38625002
-0.14066507 -0.059849128 0.38700002
-0.13772301 -0.060042437 0.38825002
-0.1347591 -0.06023575 0.38950002
-0.1316047 -0.060351737 0.39025003
-0.12843718 -0.060467724 0.39100003
-0.12525652 -0.060583707 0.39175001
-0.12206275 -0.060699694 0.39250001
-0.11885587 -0.060815684 0.39325002
-0.11556248 -0.060893007 0.39375001
-0.11233153 -0.061008994 0.39450002
-0.10908747 -0.06112498 0.39525002
-0.10583027 -0.061240967 0.39600003
-0.10268922 -0.06143428 0.39725003
-0.099463835 -0.061588928 0.39825001
-0.095859468 -0.061511602 0.39775002
-0.092496097 -0.061588928 0.39825001
-0.089123979 -0.06166625 0.39875001
-0.085743114 -0.06174358 0.39925003
-0.082508013 -0.061936889 0.40050003
-0.079251036 -0.062130202 0.40175003
-0.075783677 -0.062168859 0.40200001
-0.072311945 -0.062207524 0.40225002
-0.06883584 -0.062246189 0.40250003
-0.065314785 -0.062246189 0.40250003
-0.061947268 -0.062400833 0.40350002
-0.05852605 -0.062516823 0.40425003
-0.055091716 -0.062632807 0.40500003
-0.051644251 -0.06274879 0.40575001
-0.048213303 -0.062903441 0.40675002
-0.044737414 -0.063019432 0.40750003
-0.041248403 -0.063135415 0.40825003
-0.03770012 -0.063174076 0.40850002
-0.034168359 -0.063251399 0.40900001
-0.030683937 -0.063444711 0.41025001
-0.027161136 -0.063599363 0.41125003
-0.023606515 -0.063715354 0.41200003
-0.020038771 -0.063831337 0.41275001
-0.016497707 -0.064101972 0.41450003
-0.012894972 -0.064217962 0.41525003
-0.0092735384 -0.064295284 0.41575003
-0.0056433571 -0.064372607 0.41625002
-0.0020068323 -0.064527258 0.41725001
0.0016471882 -0.064681903 0.41825002
0.0053123613 -0.064759232 0.41875002
0.0089970008 -0.064913884 0.41975003
0.012684043 -0.064991206 0.42025003
0.016389567 -0.065107189 0.42100003
0.020167809 -0.065416485 0.42300001
0.023868192 -0.065416485 0.42300001
0.027568573 -0.065416485 0.42300001
0.031268958 -0.065416485 0.42300001
0.034969341 -0.065416485 0.42300001
0.038738288 -0.065532476 0.42375001
0.042570438 -0.065725781 0.42500001
0.046397232 -0.065880433 0.42600003
0.050182689 -0.065957762 0.42650002
0.05397689 -0.066035084 0.42700002
0.057847425 -0.066189736 0.42800003
0.06177143 -0.066383049 0.42925003
0.065640971 -0.066499025 0.43000001
0.069442943 -0.066537693 0.43025002
0.073376901 -0.066692337 0.43125001
0.077283628 -0.066808328 0.43200001
0.081203476 -0.066924311 0.43275002
0.085087344 -0.067001641 0.43325001
0.089031249 -0.067117624 0.43400002
0.093041755 -0.067272276 0.43500003
0.097014084 -0.067388259 0.43575001
0.10099955 -0.06750425 0.43650001
0.10511819 -0.067697555 0.43775001
0.10925871 -0.067890868 0.43900001
0.11348551 -0.068122841 0.44050002
0.11767194 -0.068316154 0.44175002
0.12215539 -0.068664119 0.44400004
0.12632334 -0.068818763 0.44500002
0.13006988 -0.068741441 0.44450003
0.13365696 -0.068586789 0.44350001
0.13792433 -0.068780102 0.44475001
0.14261213 -0.06916672 0.44725001
0.14685228 -0.069321372 0.44825003
0.15068945 -0.069282711 0.44800001
0.15452227 -0.069244049 0.44775003
0.15888147 -0.069437362 0.44900003
0.16308126 -0.069553345 0.44975004
0 -0 0
0 -0 0
0 -0 0
0 -0 0
0 -0 0
0 -0 0
0 -0 0
0 -0 0
0 -0 0
0 -0 0
0 -0 0
0 -0 0
0 -0 0
0 -0 0
0 -0 0
0 -0 0
0 -0 0
0 -0 0
0 -0 0
0 -0 0
0 -0 0
0 -0 0
0 -0 0
0 -0 0
0 -0 0
0 -0 0
0 -0 0
0 -0 0
0 -0 0
0 -0 0
0 -0 0
0 -0 0
0 -0 0
0 -0 0
0 -0 0
0 -0 0
0 -0 0
-0 -0 0
-0 -0 0
-0 -0 0
-0 -0 0
-0 -0 0
-0 -0 0
-0 -0 0
-0 -0 0
-0 -0 0
-0 -0 0
-0 -0 0
-0 -0 0
-0 -0 0
-0 -0 0
-0 -0 0
-0 -0 0
-0 -0 0
-0 -0 0
-0.20054242 -0.053475164 0.36650002
-0.19774012 -0.053584594 0.36725003
-0.19571921 -0.053912885 0.36950001
-0.19248685 -0.053912885 0.36950001
-0.18951058 -0.053985838 0.37
-0.18702902 -0.054204702 0.37150002
-0.18427385 -0.054350611 0.37250003
-0.18137968 -0.054460037 0.37325001
-0.17906891 -0.054751854 0.37525001
-0.1762547 -0.054897767 0.37625003
-0.17319314 -0.054970719 0.37675002
-0.17023556 -0.055080149 0.37750003
-0.16748597 -0.055262532 0.37875003
-0.1650396 -0.055554349 0.38075003
-0.16202734 -0.055663776 0.38150001
-0.15910597 -0.055809688 0.38250002
-0.15626889 -0.055992071 0.38375002
-0.15331033 -0.056137979 0.38475001
-0.15023686 -0.056247409 0.38550001
-0.1472455 -0.056393318 0.38650003
-0.14405052 -0.05646627 0.38700002
-0.1408468 -0.056539226 0.38750002
-0.13790038 -0.056721609 0.38875002
-0.13484558 -0.056867514 0.38975
-0.1316047 -0.056940474 0.39025003
-0.12843718 -0.057049904 0.39100003
-0.12525652 -0.057159331 0.39175001
-0.12206275 -0.057268761 0.39250001
-0.11885587 -0.057378195 0.39325002
-0.11556248 -0.057451148 0.39375001
-0.11233153 -0.057560578 0.39450002
-0.10915647 -0.057706483 0.3955
-0.10589708 -0.057815917 0.39625001
-0.10255997 -0.057888873 0.39675003
-0.099151649 -0.057925347 0.39700001
-0.095558211 -0.057852395 0.39650002
-0.09226384 -0.057961825 0.39725003
-0.089012228 -0.05810773 0.39825001
-0.085635729 -0.058180686 0.39875001
-0.082353503 -0.058326595 0.39975002
-0.079053774 -0.058472499 0.40075001
-0.075642288 -0.058545452 0.40125
-0.072222061 -0.058618411 0.40175003
-0.06870757 -0.058618411 0.40175003
-0.065193079 -0.058618411 0.40175003
-0.061870504 -0.058800794 0.40300003
-0.058453664 -0.058910228 0.40375003
-0.055023696 -0.059019655 0.40450001
-0.051644251 -0.059202038 0.40575001
-0.048183668 -0.059311468 0.40650001
-0.044682518 -0.059384424 0.40700001
-0.041197881 -0.059493855 0.40775001
-0.037653979 -0.059530333 0.40800002
-0.034147475 -0.059639763 0.40875003
-0.030665241 -0.05982215 0.41000003
-0.027144626 -0.059968054 0.41100001
-0.023577863 -0.060041007 0.41150001
-0.019990223 -0.060077485 0.41175002
-0.016447956 -0.060296349 0.41325003
-0.012871682 -0.060478732 0.41450003
-0.0092679616 -0.06062464 0.41550002
-0.0056433571 -0.060734071 0.41625002
-0.0020044274 -0.060807023 0.41675001
0.0016432499 -0.060879976 0.41725001
0.0053091897 -0.061062362 0.41850001
0.0090023587 -0.061281223 0.42000002
0.012684043 -0.061317701 0.42025003
0.016389567 -0.061427135 0.42100003
0.020132052 -0.061609518 0.42225003
0.023854086 -0.06168247 0.42275003
0.027584868 -0.061755423 0.42325002
0.031287439 -0.061755423 0.42325002
0.035010677 -0.061791904 0.42350003
0.038783994 -0.061901331 0.42425001
0.04259548 -0.062047239 0.42525002
0.046397232 -0.062156674 0.42600003
0.050212104 -0.062266104 0.42675003
0.054008495 -0.062339056 0.42725003
0.057915002 -0.062521443 0.42850003
0.06184338 -0.062703826 0.42975003
0.065717302 -0.06281326 0.43050003
0.069564 -0.062886208 0.43100002
0.073504508 -0.063032113 0.43200001
0.077417798 -0.063141547 0.43275002
0.081250392 -0.063178025 0.43300003
0.084989153 -0.063141547 0.43275002
0.088826112 -0.063178025 0.43300003
0.093095221 -0.063506313 0.43525001
0.097125411 -0.063652225 0.43625003
0.10111523 -0.063761652 0.43700001
0.10511819 -0.063871086 0.43775001
0.10919649 -0.064016998 0.43875003
0.11354992 -0.064308807 0.44075003
0.11773854 -0.064491197 0.44200003
0.12222417 -0.064819485 0.44425002
0.12632334 -0.064928919 0.44500002
0.12999672 -0.064819485 0.44425002
0.13395834 -0.064855963 0.44450003
0.13838951 -0.065111302 0.44625002
0.1424527 -0.06518425 0.44675002
0.14685228 -0.065403119 0.44825003
0.15085763 -0.065439589 0.44850001
0.15495364 -0.065512545 0.44900003
0.15923533 -0.065658458 0.45000002
0.16344386 -0.065767884 0.45075002
0.16766551 -0.065877318 0.45150003
0.17209035 -0.066059701 0.45275003
0 -0 0
0 -0 0
0 -0 0
0 -0 0
0 -0 0
0 -0 0
0 -0 0
0 -0 0
0 -0 0
0 -0 0
0 -0 0
0 -0 0
0 -0 0
0 -0 0
0 -0 0
0 -0 0
0 -0 0
0 -0 0
0 -0 0
0 -0 0
0 -0 0
0 -0 0
0 -0 0
0 -0 0
0 -0 0
0 -0 0
0 -0 0
0 -0 0
0 -0 0
0 -0 0
0 -0 0
0 -0 0
0 -0 0
0 -0 0
0 -0 0
-0 -0 0
-0 -0 0
-0 -0 0
-0 -0 0
-0 -0 0
-0 -0 0
-0 -0 0
-0 -0 0
-0 -0 0
-0 -0 0
-0 -0 0
-0 -0 0
-0 -0 0
-0 -0 0
-0 -0 0
-0 -0 0
-0 -0 0
-0 -0 0
-0.20081601 -0.050340086 0.36700001
-0.19841318 -0.050545838 0.36850002
-0.19585164 -0.050717294 0.36975002
-0.19261709 -0.050717294 0.36975002
-0.18976669 -0.050820172 0.37050003
-0.1874066 -0.051060211 0.37225002
-0.18476854 -0.051231667 0.37350002
-0.18186563 -0.051334545 0.37425002
-0.17942682 -0.051574584 0.37600002
-0.17648892 -0.051677458 0.37675002
-0.17353791 -0.051780336 0.37750003
-0.17079926 -0.051951792 0.37875003
-0.16803873 -0.052123252 0.38000003
-0.16525632 -0.052294709 0.38125002
-0.16223972 -0.052397583 0.38200003
-0.15920995 -0.052500457 0.38275
-0.1563707 -0.052671913 0.384
-0.15340996 -0.052809082 0.38500002
-0.15033428 -0.05291196 0.38575003
-0.14734073 -0.053049121 0.38675001
-0.14423664 -0.053151999 0.38750002
-0.14102854 -0.053220581 0.38800001
-0.13807775 -0.053392038 0.38925001
-0.13493209 -0.053494915 0.39000002
-0.1316047 -0.053529207 0.39025003
-0.12843718 -0.053632084 0.39100003
-0.12525652 -0.053734954 0.39175001
-0.12206275 -0.053837828 0.39250001
-0.11870475 -0.053872123 0.39275002
-0.11548911 -0.053974997 0.39350003
-0.11240272 -0.054146457 0.39475003
-0.10929447 -0.054317914 0.39600003
-0.1059639 -0.054386497 0.39650002
-0.1023661 -0.054317914 0.39600003
-0.098901898 -0.054317914 0.39600003
-0.095437713 -0.054317914 0.39600003
-0.092147715 -0.054420792 0.39675003
-0.088956349 -0.054592248 0.39800003
-0.085582048 -0.054660831 0.39850003
-0.082250498 -0.054763705 0.39925003
-0.078955144 -0.05490087 0.40025002
-0.07554803 -0.054969452 0.40075001
-0.072087236 -0.055003747 0.40100002
-0.068664812 -0.05507233 0.40150002
-0.065193079 -0.055106621 0.40175003
-0.061870504 -0.055278078 0.40300003
-0.058417469 -0.05534666 0.40350002
-0.054989692 -0.055449538 0.40425003
-0.051548794 -0.055552412 0.40500003
-0.048094768 -0.055655286 0.40575001
-0.044600181 -0.055723872 0.40625003
-0.041122105 -0.055826742 0.40700001
-0.037607834 -0.055895329 0.40750003
-0.034126587 -0.056032494 0.40850002
-0.030627845 -0.056169663 0.40950003
-0.027128115 -0.056341119 0.41075003
-0.023563541 -0.056409702 0.41125003
-0.02000236 -0.056512579 0.41200003
-0.016428053 -0.056615449 0.41275001
-0.012848392 -0.056752618 0.41375002
-0.009256809 -0.056924075 0.41500002
-0.0056433571 -0.057095535 0.41625002
-0.0020044274 -0.057164118 0.41675001
0.0016422654 -0.057198409 0.41700003
0.0053091897 -0.057404157 0.41850001
0.0090077175 -0.0576442 0.42025003
0.012691588 -0.057678491 0.42050001
0.016399298 -0.057781365 0.42125002
0.020108212 -0.057849947 0.42175001
0.023825875 -0.057918534 0.42225003
0.027568573 -0.058021404 0.42300001
0.03130592 -0.05808999 0.42350003
0.035031341 -0.058124281 0.42375001
0.038806852 -0.058227155 0.42450002
0.042570438 -0.058295738 0.42500001
0.046342772 -0.058364321 0.42550001
0.05015327 -0.058467198 0.42625001
0.054008495 -0.058604367 0.42725003
0.057915002 -0.058775824 0.42850003
0.061807405 -0.058912989 0.42950001
0.065640971 -0.058981571 0.43000001
0.069564 -0.05911874 0.43100002
0.073504508 -0.059255905 0.43200001
0.077417798 -0.059358779 0.43275002
0.081297293 -0.059427362 0.43325001
0.085087344 -0.059427362 0.43325001
0.089082539 -0.059564531 0.43425003
0.093309119 -0.059838865 0.43625003
0.097292386 -0.059941735 0.43700001
0.10117309 -0.05997603 0.43725002
0.10511819 -0.060044613 0.43775001
0.10925871 -0.060216069 0.43900001
0.11354992 -0.060456112 0.44075003
0.11780513 -0.06066186 0.44225001
0.12201782 -0.060833316 0.44350001
0.12603948 -0.060901903 0.44400004
0.12992357 -0.060901903 0.44400004
0.13448572 -0.061210528 0.44625002
0.13869962 -0.061347693 0.44725001
0.14261213 -0.061347693 0.44725001
0.14677037 -0.061450567 0.44800001
0.15094171 -0.061553441 0.44875002
0.1551262 -0.061656319 0.44950002
0.15950072 -0.061827775 0.45075002
0.16371582 -0.061930653 0.45150003
0.16794403 -0.062033527 0.45225003
0.17199531 -0.062067818 0.45250002
0.17585655 -0.062033527 0.45225003
0.17961401 -0.06196494 0.45175001
0 -0 0
0 -0 0
0 -0 0
0 -0 0
0 -0 0
0 -0 0
0 -0 0
0 -0 0
0 -0 0
0 -0 0
0 -0 0
0 -0 0
0 -0 0
0 -0 0
0 -0 0
0 -0 0
0 -0 0
0 -0 0
0 -0 0
0 -0 0
0 -0 0
0 -0 0
0 -0 0
0 -0 0
0 -0 0
0 -0 0
0 -0 0
0 -0 0
0 -0 0
0 -0 0
0 -0 0
0 -0 0
0 -0 0
-0 -0 0
-0 -0 0
-0 -0 0
-0 -0 0
-0 -0 0
-0 -0 0
-0 -0 0
-0 -0 0
-0 -0 0
-0 -0 0
-0 -0 0
-0 -0 0
-0 -0 0
-0 -0 0
-0 -0 0
-0 -0 0
-0 -0 0
-0.20430446 -0.047196265 0.36750001
-0.2012264 -0.047228374 0.36775002
-0.19841318 -0.047324695 0.36850002
-0.19598405 -0.047517329 0.37
-0.19287756 -0.047549438 0.37025002
-0.19027887 -0.047709968 0.37150002
-0.18778418 -0.047902606 0.37300003
-0.18513957 -0.048063137 0.37425002
-0.18235157 -0.048191562 0.37525001
-0.17966542 -0.048352093 0.37650001
-0.17695737 -0.048512623 0.37775001
-0.17399761 -0.048608944 0.37850001
-0.17102472 -0.048705265 0.37925002
-0.16814928 -0.048833687 0.38025001
-0.16525632 -0.048962116 0.38125002
-0.16234589 -0.049090538 0.38225001
-0.15941794 -0.049218964 0.38325003
-0.1563707 -0.049315281 0.384
-0.15331033 -0.049411602 0.38475001
-0.15033428 -0.049540028 0.38575003
-0.14715025 -0.049604241 0.38625002
-0.14414358 -0.049732663 0.38725001
-0.14111941 -0.049861092 0.38825002
-0.13807775 -0.049989514 0.38925001
-0.13484558 -0.050053727 0.38975
-0.1316047 -0.050117943 0.39025003
-0.12835504 -0.050182153 0.39075002
-0.12525652 -0.050310578 0.39175001
-0.12206275 -0.050406896 0.39250001
-0.11870475 -0.050439004 0.39275002
-0.11556248 -0.05056743 0.39375001
-0.11233153 -0.050663747 0.39450002
-0.10915647 -0.050792173 0.3955
-0.10576346 -0.050824281 0.39575002
-0.10204297 -0.050695855 0.39475003
-0.098777018 -0.050792173 0.3955
-0.095437713 -0.050856385 0.39600003
-0.092205778 -0.050984811 0.39700001
-0.08884459 -0.051049024 0.39750001
-0.085420974 -0.051081128 0.39775002
-0.082147487 -0.051209554 0.39875001
-0.078856513 -0.05133798 0.39975002
-0.075500906 -0.051434301 0.40050003
-0.072087236 -0.051498514 0.40100002
-0.06862206 -0.051530618 0.40125
-0.065274216 -0.051659044 0.40225002
-0.061908882 -0.051787466 0.40325001
-0.058453664 -0.051851682 0.40375003
-0.054955684 -0.051883787 0.40400001
-0.051516972 -0.051980108 0.40475002
-0.048065137 -0.052076425 0.40550002
-0.044600181 -0.052172747 0.40625003
-0.041122105 -0.05226906 0.40700001
-0.037607834 -0.052333277 0.40750003
-0.034126587 -0.052461702 0.40850002
-0.030627845 -0.052590128 0.40950003
-0.027095091 -0.052686445 0.41025001
-0.023577863 -0.052846976 0.41150001
-0.020026634 -0.052975401 0.41250002
-0.016438005 -0.053039614 0.41300002
-0.012848392 -0.053135935 0.41375002
-0.0092512323 -0.053264357 0.41475001
-0.0056433571 -0.053456996 0.41625002
-0.0020044274 -0.053521208 0.41675001
0.0016412808 -0.053521208 0.41675001
0.0053028469 -0.053681739 0.41800001
0.0089970008 -0.053906485 0.41975003
0.012691588 -0.054002803 0.42050001
0.016399298 -0.05409912 0.42125002
0.020108212 -0.054163333 0.42175001
0.023825875 -0.05422755 0.42225003
0.027568573 -0.054323867 0.42300001
0.03130592 -0.05438808 0.42350003
0.035072677 -0.054484397 0.42425001
0.038852558 -0.054580715 0.42500001
0.04259548 -0.054612823 0.42525002
0.046315547 -0.054612823 0.42525002
0.05015327 -0.054741248 0.42625001
0.054040093 -0.054901779 0.42750001
0.057982583 -0.055094417 0.42900002
0.06184338 -0.055190738 0.42975003
0.065640971 -0.055222843 0.43000001
0.069483295 -0.055287056 0.43050003
0.07346198 -0.05544759 0.43175003
0.077462524 -0.05560812 0.43300003
0.08134421 -0.055672333 0.43350002
0.08518555 -0.055704441 0.43375003
0.089133821 -0.055800755 0.43450001
0.093255639 -0.055993393 0.43600002
0.097292386 -0.056121819 0.43700001
0.10123093 -0.056186035 0.43750003
0.10517823 -0.056250244 0.43800002
0.10932093 -0.056410778 0.43925002
0.11374313 -0.05669973 0.44150001
0.11787172 -0.05682816 0.44250003
0.12194905 -0.056924477 0.44325003
0.12575559 -0.056892369 0.44300002
0.1297041 -0.056924477 0.44325003
0.13448572 -0.057309754 0.44625002
0.13877715 -0.057470284 0.44750002
0.14285128 -0.057534497 0.44800001
0.14685228 -0.057566606 0.44825003
0.15094171 -0.057630815 0.44875002
0.15503992 -0.057695027 0.44925001
0.15941225 -0.057855558 0.45050001
0.16371582 -0.057983987 0.45150003
0.16794403 -0.058080304 0.45225003
0.1719003 -0.058080304 0.45225003
0.17566212 -0.058016092 0.45175001
0.17951462 -0.057983987 0.45150003
0.18366748 -0.0580482 0.45200002
0 -0 0
0 -0 0
0 -0 0
0 -0 0
0 -0 0
0 -0 0
0 -0 0
0 -0 0
0 -0 0
0 -0 0
0 -0 0
0 -0 0
0 -0 0
0 -0 0
0 -0 0
0 -0 0
0 -0 0
0 -0 0
0 -0 0
0 -0 0
0 -0 0
0 -0 0
0 -0 0
0 -0 0
0 -0 0
0 -0 0
0 -0 0
0 -0 0
0 -0 0
0 -0 0
0 -0 0
0 -0 0
-0 -0 0
-0 -0 0
-0 -0 0
-0 -0 0
-0 -0 0
-0 -0 0
-0 -0 0
-0 -0 0
-0 -0 0
-0 -0 0
-0 -0 0
-0 -0 0
-0 -0 0
-0 -0 0
-0 -0 0
-0 -0 0
-0.2076605 -0.044013787 0.36775002
-0.20444345 -0.044013787 0.36775002
-0.20136321 -0.044043709 0.36800003
-0.19841318 -0.044103552 0.36850002
-0.19611648 -0.044312995 0.37025002
-0.19339849 -0.044432677 0.37125
-0.19079107 -0.044582285 0.37250003
-0.18816178 -0.044731893 0.37375003
-0.18526323 -0.04482165 0.37450001
-0.18247306 -0.044941336 0.37550002
-0.17978472 -0.045090944 0.37675002
-0.1771916 -0.045270469 0.37825003
-0.17434239 -0.045390151 0.37925002
-0.17125021 -0.045449995 0.37975001
-0.16825983 -0.045539755 0.38050002
-0.16536468 -0.045659438 0.38150001
-0.16245207 -0.045779124 0.38250002
-0.15931395 -0.045838967 0.38300002
-0.15626889 -0.045928732 0.38375002
-0.15340996 -0.046078335 0.38500002
-0.15033428 -0.0461681 0.38575003
-0.147055 -0.046198018 0.38600001
-0.14395747 -0.046287782 0.38675001
-0.14102854 -0.046437386 0.38800001
-0.13807775 -0.04658699 0.38925001
-0.13493209 -0.046676755 0.39000002
-0.1316047 -0.046706676 0.39025003
-0.12843718 -0.046796441 0.39100003
-0.12533647 -0.046916123 0.39200002
-0.12206275 -0.046975963 0.39250001
-0.11878031 -0.047035806 0.39300001
-0.11548911 -0.047095649 0.39350003
-0.11218917 -0.047155492 0.39400002
-0.10888048 -0.047215331 0.39450002
-0.10549621 -0.047245257 0.39475003
-0.10204297 -0.047245257 0.39475003
-0.098777018 -0.047335014 0.3955
-0.095437713 -0.047394861 0.39600003
-0.092031583 -0.047424778 0.39625001
-0.088732839 -0.047514543 0.39700001
-0.085367285 -0.047574382 0.39750001
-0.082044482 -0.047664147 0.39825001
-0.078757882 -0.047783833 0.39925003
-0.075406641 -0.047873594 0.40000001
-0.072087236 -0.04799328 0.40100002
-0.068664812 -0.048053119 0.40150002
-0.065274216 -0.048142884 0.40225002
-0.061908882 -0.048262566 0.40325001
-0.058489855 -0.048352331 0.40400001
-0.054989692 -0.048382252 0.40425003
-0.051548794 -0.048472017 0.40500003
-0.048094768 -0.048561774 0.40575001
-0.044627625 -0.048651539 0.40650001
-0.041172624 -0.048771225 0.40750003
-0.037653979 -0.048831068 0.40800002
-0.034147475 -0.048920829 0.40875003
-0.030627845 -0.049010593 0.40950003
-0.02707858 -0.049070437 0.41000003
-0.023592189 -0.04927988 0.41175002
-0.020038771 -0.049399562 0.41275001
-0.016438005 -0.049429487 0.41300002
-0.012856156 -0.049549174 0.41400003
-0.0092512323 -0.049638931 0.41475001
-0.0056399675 -0.049788538 0.41600001
-0.002003225 -0.049848381 0.41650003
0.0016412808 -0.049878299 0.41675001
0.0053028469 -0.050027907 0.41800001
0.0089970008 -0.050237354 0.41975003
0.012691588 -0.050327115 0.42050001
0.016389567 -0.050386962 0.42100003
0.020096293 -0.050446801 0.42150003
0.023825875 -0.050536565 0.42225003
0.027535986 -0.050566483 0.42250001
0.031268958 -0.050626326 0.42300001
0.035052009 -0.050746012 0.42400002
0.038829707 -0.050835773 0.42475003
0.04259548 -0.050895616 0.42525002
0.046397232 -0.050985381 0.42600003
0.050182689 -0.05104522 0.42650002
0.054071698 -0.051194824 0.42775002
0.057982583 -0.051344432 0.42900002
0.061879355 -0.051464114 0.43000001
0.06567914 -0.051494036 0.43025002
0.069523647 -0.051553875 0.43075001
0.07346198 -0.051673561 0.43175003
0.077462524 -0.051823165 0.43300003
0.081391126 -0.05191293 0.43375003
0.08518555 -0.05191293 0.43375003
0.089133821 -0.052002691 0.43450001
0.093255639 -0.052182216 0.43600002
0.097292386 -0.052301899 0.43700001
0.10117309 -0.052331824 0.43725002
0.10523827 -0.05245151 0.43825004
0.10944537 -0.052631032 0.43975002
0.11387195 -0.052900322 0.44200003
0.11793832 -0.052990083 0.44275001
0.12194905 -0.053049929 0.44325003
0.12589753 -0.053079847 0.44350001
0.12992357 -0.05313969 0.44400004
0.1342597 -0.053319216 0.44550002
0.13862209 -0.053498741 0.44700003
0.14285128 -0.053618424 0.44800001
0.14693418 -0.053678267 0.44850001
0.15102582 -0.05373811 0.44900003
0.15521248 -0.053827874 0.44975004
0.15950072 -0.053947557 0.45075002
0.16362517 -0.0540074 0.45125002
0.16775835 -0.054067239 0.45175001
0.1719003 -0.054127086 0.45225003
0.17575933 -0.054097161 0.45200002
0.17971341 -0.054097161 0.45200002
0.18407382 -0.054216843 0.45300001
0.18876307 -0.054426294 0.45475003
0.19274119 -0.054426294 0.45475003
0 -0 0
0 -0 0
0 -0 0
0 -0 0
0 -0 0
0 -0 0
0 -0 0
0 -0 0
0 -0 0
0 -0 0
0 -0 0
0 -0 0
0 -0 0
0 -0 0
0 -0 0
0 -0 0
0 -0 0
0 -0 0
0 -0 0
0 -0 0
0 -0 0
0 -0 0
0 -0 0
0 -0 0
0 -0 0
0 -0 0
0 -0 0
0 -0 0
0 -0 0
0 -0 0
-0 -0 0
-0 -0 0
-0 -0 0
-0 -0 0
-0 -0 0
-0 -0 0
-0 -0 0
-0 -0 0
-0 -0 0
-0 -0 0
-0 -0 0
-0 -0 0
-0 -0 0
-0 -0 0
-0 -0 0
-0 -0 0
-0.20794284 -0.040854674 0.36825001
-0.20458244 -0.040826939 0.36800003
-0.20163679 -0.040882409 0.36850002
-0.198817 -0.040965617 0.36925003
-0.1962489 -0.041104294 0.37050003
-0.19352873 -0.041215237 0.37150002
-0.19091912 -0.041353915 0.37275001
-0.18841349 -0.041520331 0.37425002
-0.18551059 -0.041603539 0.37500003
-0.18271604 -0.041714478 0.37600002
-0.18002331 -0.041853156 0.37725002
-0.17742583 -0.042019572 0.37875003
-0.17457224 -0.042130515 0.37975001
-0.17158842 -0.042213723 0.38050002
-0.16859148 -0.042296931 0.38125002
-0.16547306 -0.042352401 0.38175002
-0.16234589 -0.04240787 0.38225001
-0.15931395 -0.042491078 0.38300002
-0.1563707 -0.042602021 0.384
-0.15350957 -0.042740703 0.38525003
-0.15043171 -0.042823907 0.38600001
-0.147055 -0.042823907 0.38600001
-0.14395747 -0.042907115 0.38675001
-0.14102854 -0.043045793 0.38800001
-0.13798907 -0.043156736 0.38900003
-0.13493209 -0.043267678 0.39000002
-0.13177331 -0.043350887 0.39075002
-0.12843718 -0.043378621 0.39100003
-0.12517659 -0.043434095 0.39150003
-0.12182951 -0.043461826 0.39175001
-0.11855363 -0.043517299 0.39225003
-0.11519561 -0.043545034 0.39250001
-0.11183324 -0.043572772 0.39275002
-0.10860448 -0.04365598 0.39350003
-0.10536259 -0.043739185 0.39425001
-0.10210759 -0.043822389 0.39500001
-0.098777018 -0.043877862 0.3955
-0.0953172 -0.043877862 0.3955
-0.091973521 -0.043933336 0.39600003
-0.088732839 -0.044044279 0.39700001
-0.085528351 -0.044182956 0.39825001
-0.082147487 -0.044238426 0.39875001
-0.078757882 -0.044293899 0.39925003
-0.075406641 -0.044377103 0.40000001
-0.072087236 -0.04448805 0.40100002
-0.06870757 -0.044571258 0.40175003
-0.065314785 -0.044654462 0.40250003
-0.061947268 -0.044765405 0.40350002
-0.05852605 -0.044848613 0.40425003
-0.055057704 -0.044904083 0.40475002
-0.051580612 -0.044959553 0.40525001
-0.048154037 -0.045070499 0.40625003
-0.044682518 -0.045153704 0.40700001
-0.041223142 -0.045264646 0.40800002
-0.03770012 -0.04532012 0.40850002
-0.034168359 -0.045375589 0.40900001
-0.03064654 -0.045458797 0.40975001
-0.027095091 -0.045514267 0.41025001
-0.023592189 -0.045680683 0.41175002
-0.020026634 -0.045763891 0.41250002
-0.016428053 -0.045791626 0.41275001
-0.012848392 -0.045902569 0.41375002
-0.0092456564 -0.045985777 0.41450003
-0.0056365784 -0.046124455 0.41575003
-0.0020044274 -0.046235397 0.41675001
0.0016432499 -0.046290867 0.41725001
0.0053091897 -0.046429545 0.41850001
0.0089970008 -0.046568226 0.41975003
0.012691588 -0.04665143 0.42050001
0.016379833 -0.046679169 0.42075002
0.020072455 -0.046706904 0.42100003
0.023797659 -0.046790108 0.42175001
0.027535986 -0.046873316 0.42250001
0.031268958 -0.046928789 0.42300001
0.035052009 -0.047039732 0.42400002
0.038852558 -0.047150675 0.42500001
0.042620521 -0.047206145 0.42550001
0.046451688 -0.047317088 0.42650002
0.050241519 -0.047372561 0.42700002
0.054040093 -0.047428031 0.42750001
0.057915002 -0.047538973 0.42850003
0.061879355 -0.047705386 0.43000001
0.065755464 -0.047788594 0.43075001
0.069604345 -0.047844063 0.43125001
0.07354705 -0.04795501 0.43225002
0.07750725 -0.048065953 0.43325001
0.081438035 -0.048149157 0.43400002
0.085234642 -0.048149157 0.43400002
0.089236394 -0.048260104 0.43500003
0.093362585 -0.048426516 0.43650001
0.097181067 -0.048426516 0.43650001
0.1010574 -0.048454251 0.43675002
0.1052983 -0.048648402 0.43850002
0.10950759 -0.048814818 0.44000003
0.11367872 -0.048953496 0.44125003
0.11760534 -0.048981227 0.44150001
0.12133001 -0.048925757 0.44100001
0.12532978 -0.048981227 0.44150001
0.12963094 -0.049147643 0.44300002
0.13380766 -0.04925859 0.44400004
0.13838951 -0.04950821 0.44625002
0.14269185 -0.049646888 0.44750002
0.14668848 -0.049674623 0.44775003
0.15094171 -0.049785566 0.44875002
0.15529875 -0.049924243 0.45000002
0.15958919 -0.05003519 0.45100003
0.16362517 -0.050062921 0.45125002
0.16785118 -0.050146129 0.45200002
0.17199531 -0.050201599 0.45250002
0.17605098 -0.050229337 0.45275003
0.18011101 -0.050257072 0.45300001
0.184277 -0.050312545 0.45350003
0.18886684 -0.050478958 0.45500001
0.19316503 -0.050562166 0.45575002
0.19726007 -0.0505899 0.45600003
0.20158012 -0.050673109 0.45675004
0.20523819 -0.0505899 0.45600003
0 -0 0
0 -0 0
0 -0 0
0 -0 0
0 -0 0
0 -0 0
0 -0 0
0 -0 0
0 -0 0
0 -0 0
0 -0 0
0 -0 0
0 -0 0
0 -0 0
0 -0 0
0 -0 0
0 -0 0
0 -0 0
0 -0 0
0 -0 0
0 -0 0
0 -0 0
0 -0 0
0 -0 0
0 -0 0
0 -0 0
0 -0 0
-0 -0 0
-0 -0 0
-0 -0 0
-0 -0 0
-0 -0 0
-0 -0 0
-0 -0 0
-0 -0 0
-0 -0 0
-0 -0 0
-0 -0 0
-0 -0 0
-0 -0 0
-0 -0 0
-0 -0 0
-0 -0 0
-0.20780168 -0.037610166 0.36800003
-0.20472141 -0.037635714 0.36825001
-0.20177357 -0.037686814 0.36875001
-0.19908622 -0.037789017 0.36975002
-0.19638133 -0.037891217 0.37075001
-0.1937892 -0.038018968 0.37200001
-0.19104716 -0.038121171 0.37300003
-0.18828762 -0.038223375 0.37400001
-0.18538691 -0.038300026 0.37475002
-0.18295901 -0.038478877 0.37650001
-0.18026191 -0.038606629 0.37775001
-0.1771916 -0.038657732 0.37825003
-0.17457224 -0.038811032 0.37975001
-0.17170116 -0.038913235 0.38075003
-0.16870204 -0.038989883 0.38150001
-0.16558142 -0.039040986 0.38200003
-0.16245207 -0.039092086 0.38250002
-0.15941794 -0.039168738 0.38325003
-0.1564725 -0.039270937 0.38425002
-0.15350957 -0.039373141 0.38525003
-0.15043171 -0.039449792 0.38600001
-0.147055 -0.039449792 0.38600001
-0.14386442 -0.039500896 0.38650003
-0.14093767 -0.039628647 0.38775003
-0.13790038 -0.039730847 0.38875002
-0.13484558 -0.039833046 0.38975
-0.1316047 -0.03988415 0.39025003
-0.12835504 -0.03993525 0.39075002
-0.12517659 -0.040011901 0.39150003
-0.12182951 -0.040037449 0.39175001
-0.11847807 -0.040063001 0.39200002
-0.11504886 -0.040063001 0.39200002
-0.11169086 -0.040088553 0.39225003
-0.10846648 -0.040165201 0.39300001
-0.10529578 -0.040267404 0.39400002
-0.10204297 -0.040344056 0.39475003
-0.098714583 -0.040395156 0.39525002
-0.09537746 -0.040446255 0.39575002
-0.092031583 -0.040497355 0.39625001
-0.088788718 -0.040599559 0.39725003
-0.085528351 -0.040701762 0.39825001
-0.082250498 -0.040803965 0.39925003
-0.078905821 -0.040880613 0.40000001
-0.075595163 -0.040982816 0.40100002
-0.07217712 -0.041033916 0.40150002
-0.068750322 -0.041085016 0.40200001
-0.065355353 -0.041161668 0.40275002
-0.062024027 -0.041289419 0.40400001
-0.058562241 -0.041340519 0.40450001
-0.055125721 -0.04141717 0.40525001
-0.051676076 -0.041493822 0.40600002
-0.048242934 -0.041596022 0.40700001
-0.044764858 -0.041672673 0.40775001
-0.041248403 -0.041723777 0.40825003
-0.037723195 -0.041774876 0.40875003
-0.034189243 -0.041825976 0.40925002
-0.030683937 -0.04192818 0.41025001
-0.027128115 -0.041979279 0.41075003
-0.023577863 -0.042055931 0.41150001
-0.020026634 -0.042158134 0.41250002
-0.016447956 -0.042234786 0.41325003
-0.012856156 -0.042311437 0.41400003
-0.0092512323 -0.042388085 0.41475001
-0.0056399675 -0.042515837 0.41600001
-0.0020068323 -0.042643588 0.41725001
0.0016481727 -0.042771339 0.41850001
0.0053187045 -0.042847991 0.41925001
0.0090023587 -0.042924643 0.42000002
0.012684043 -0.042950194 0.42025003
0.016370101 -0.042975742 0.42050001
0.020072455 -0.043026846 0.42100003
0.023783553 -0.043077946 0.42150003
0.027519695 -0.043154597 0.42225003
0.031268958 -0.043231249 0.42300001
0.035052009 -0.043333452 0.42400002
0.038806852 -0.043384552 0.42450002
0.042620521 -0.043486752 0.42550001
0.046478916 -0.043614507 0.42675003
0.050329767 -0.043716706 0.42775002
0.054071698 -0.043716706 0.42775002
0.057881214 -0.043767806 0.42825001
0.06177143 -0.043870009 0.42925003
0.065793633 -0.044048861 0.43100002
0.069604345 -0.044074409 0.43125001
0.073504508 -0.04415106 0.43200001
0.07750725 -0.044278812 0.43325001
0.081391126 -0.044329915 0.43375003
0.08518555 -0.044329915 0.43375003
0.089338966 -0.04450877 0.43550003
0.093309119 -0.044585422 0.43625003
0.097125411 -0.044585422 0.43625003
0.10123093 -0.044713173 0.43750003
0.10547839 -0.044892024 0.43925002
0.10944537 -0.044943124 0.43975002
0.1134211 -0.044994224 0.44025001
0.11733897 -0.045019776 0.44050002
0.12112366 -0.044994224 0.44025001
0.12504591 -0.045019776 0.44050002
0.12963094 -0.045275278 0.44300002
0.1337323 -0.04535193 0.44375002
0.13807939 -0.045505233 0.44525003
0.14253242 -0.045684084 0.44700003
0.14677037 -0.045786288 0.44800001
0.15094171 -0.045862939 0.44875002
0.1551262 -0.045939591 0.44950002
0.15941225 -0.04604179 0.45050001
0.16362517 -0.046118442 0.45125002
0.1681297 -0.046271745 0.45275003
0.17228039 -0.046322845 0.45325002
0.17643982 -0.046373945 0.45375001
0.180608 -0.046425045 0.45425001
0.18458176 -0.046425045 0.45425001
0.18897061 -0.046527248 0.45525002
0.19348291 -0.046654999 0.45650002
0.1978008 -0.046731651 0.45725003
0.20180079 -0.046731651 0.45725003
0.20546323 -0.046654999 0.45650002
0.20922725 -0.046603899 0.45600003
0.21251495 -0.046450596 0.45450002
0 -0 0
0 -0 0
0 -0 0
0 -0 0
0 -0 0
0 -0 0
0 -0 0
0 -0 0
0 -0 0
0 -0 0
0 -0 0
0 -0 0
0 -0 0
0 -0 0
0 -0 0
0 -0 0
0 -0 0
0 -0 0
0 -0 0
0 -0 0
0 -0 0
0 -0 0
0 -0 0
0 -0 0
0 -0 0
-0 -0 0
-0 -0 0
-0 -0 0
-0 -0 0
-0 -0 0
-0 -0 0
-0 -0 0
-0 -0 0
-0 -0 0
-0 -0 0
-0 -0 0
-0 -0 0
-0 -0 0
-0 -0 0
-0 -0 0
-0.21001741 -0.034229834 0.36625001
-0.2076605 -0.034370027 0.36775002
-0.20513836 -0.034486853 0.36900002
-0.20218396 -0.034533583 0.36950001
-0.19935542 -0.034603678 0.37025002
-0.19664617 -0.034697138 0.37125
-0.19404969 -0.034813963 0.37250003
-0.19143131 -0.034930788 0.37375003
-0.18841349 -0.034977518 0.37425002
-0.18551059 -0.035047613 0.37500003
-0.18295901 -0.035187803 0.37650001
-0.18038122 -0.035327993 0.37800002
-0.1771916 -0.035351362 0.37825003
-0.17376776 -0.035327993 0.37800002
-0.17136295 -0.035514917 0.38000003
-0.16870204 -0.035655104 0.38150001
-0.16579816 -0.035748567 0.38250002
-0.16266441 -0.035795297 0.38300002
-0.15962592 -0.035865393 0.38375002
-0.15657431 -0.035935488 0.38450003
-0.15340996 -0.035982218 0.38500002
-0.15033428 -0.036052313 0.38575003
-0.14715025 -0.036099043 0.38625002
-0.14395747 -0.036145773 0.38675001
-0.14093767 -0.036239233 0.38775003
-0.13798907 -0.036356058 0.38900003
-0.1347591 -0.036402788 0.38950002
-0.13152039 -0.036449518 0.39000002
-0.12835504 -0.036519613 0.39075002
-0.12525652 -0.036613073 0.39175001
-0.12198501 -0.036659807 0.39225003
-0.11855363 -0.036659807 0.39225003
-0.11512224 -0.036659807 0.39225003
-0.11183324 -0.036706533 0.39275002
-0.10853548 -0.036753263 0.39325002
-0.10529578 -0.036823358 0.39400002
-0.10204297 -0.036893457 0.39475003
-0.098777018 -0.036963549 0.3955
-0.095678709 -0.037103739 0.39700001
-0.092379972 -0.037173837 0.39775002
-0.089012228 -0.037220564 0.39825001
-0.085689425 -0.037290663 0.39900002
-0.082353503 -0.037360758 0.39975002
-0.079004459 -0.037430853 0.40050003
-0.075642288 -0.037500944 0.40125
-0.072267003 -0.037571043 0.40200001
-0.06883584 -0.037617773 0.40250003
-0.065477058 -0.037711233 0.40350002
-0.062139172 -0.037828058 0.40475002
-0.058670826 -0.037874788 0.40525001
-0.055193733 -0.037921518 0.40575001
-0.051739715 -0.037991613 0.40650001
-0.048302203 -0.038085073 0.40750003
-0.044792306 -0.038131803 0.40800002
-0.041273661 -0.038178533 0.40850002
-0.037746266 -0.038225263 0.40900001
-0.034210131 -0.038271997 0.40950003
-0.030702636 -0.038365453 0.41050002
-0.027161136 -0.038435549 0.41125003
-0.023592189 -0.038482279 0.41175002
-0.020038771 -0.038575739 0.41275001
-0.016477806 -0.038692567 0.41400003
-0.012871682 -0.038739298 0.41450003
-0.0092512323 -0.038762659 0.41475001
-0.0056365784 -0.038856123 0.41575003
-0.0020056299 -0.038972948 0.41700003
0.0016471882 -0.039089773 0.41825002
0.0053218761 -0.039206598 0.41950002
0.0089916419 -0.039206598 0.41950002
0.01265386 -0.039183233 0.41925001
0.016350636 -0.039253328 0.42000002
0.020060534 -0.039323423 0.42075002
0.023783553 -0.039393518 0.42150003
0.027503401 -0.039440248 0.42200002
0.031268958 -0.039533708 0.42300001
0.035010677 -0.039580438 0.42350003
0.038761143 -0.039627168 0.42400002
0.042570438 -0.039720628 0.42500001
0.046478916 -0.039884187 0.42675003
0.050300349 -0.039954279 0.42750001
0.054008495 -0.039930914 0.42725003
0.057813633 -0.039977644 0.42775002
0.061699472 -0.040071104 0.42875001
0.065640971 -0.040187929 0.43000001
0.069604345 -0.040304754 0.43125001
0.073376901 -0.040304754 0.43125001
0.077417798 -0.040444948 0.43275002
0.08134421 -0.040515043 0.43350002
0.08518555 -0.040538408 0.43375003
0.089287676 -0.040678598 0.43525001
0.093255639 -0.040748693 0.43600002
0.09723673 -0.040818788 0.43675002
0.10140447 -0.040958978 0.43825004
0.10535833 -0.041005708 0.43875003
0.10925871 -0.041029073 0.43900001
0.11329228 -0.041099168 0.43975002
0.11727237 -0.041145898 0.44025001
0.12112366 -0.041145898 0.44025001
0.12518784 -0.041215993 0.44100001
0.1297041 -0.041426279 0.44325003
0.13403367 -0.041566469 0.44475001
0.13815692 -0.041636564 0.44550002
0.14253242 -0.041776758 0.44700003
0.14677037 -0.041870214 0.44800001
0.15085763 -0.041916944 0.44850001
0.15521248 -0.042033773 0.44975004
0.15950072 -0.042127233 0.45075002
0.16380647 -0.042220689 0.45175001
0.16822253 -0.042337518 0.45300001
0.17237543 -0.042384248 0.45350003
0.17653704 -0.042430978 0.45400003
0.1808068 -0.042501073 0.45475003
0.1849881 -0.042547803 0.45525002
0.18917815 -0.042594533 0.45575002
0.19358887 -0.042687993 0.45675004
0.19790894 -0.042758089 0.45750001
0.20191112 -0.042758089 0.45750001
0.20557576 -0.042687993 0.45675004
0.20968609 -0.042711359 0.45700002
0.2138008 -0.042734724 0.45725003
0.2178008 -0.042734724 0.45725003
0.22155827 -0.042687993 0.45675004
0 -0 0
0 -0 0
0 -0 0
0 -0 0
0 -0 0
0 -0 0
0 -0 0
0 -0 0
0 -0 0
0 -0 0
0 -0 0
0 -0 0
0 -0 0
0 -0 0
0 -0 0
0 -0 0
0 -0 0
0 -0 0
0 -0 0
0 -0 0
0 -0 0
0 -0 0
0 -0 0
-0 -0 0
-0 -0 0
-0 -0 0
-0 -0 0
-0 -0 0
-0 -0 0
-0 -0 0
-0 -0 0
-0 -0 0
-0 -0 0
-0 -0 0
-0 -0 0
-0 -0 0
-0 -0 0
-0 -0 0
-0.21087755 -0.031155439 0.36775002
-0.20836635 -0.03126134 0.36900002
-0.20541632 -0.031303696 0.36950001
-0.20245755 -0.031346057 0.37
-0.19975926 -0.031430777 0.37100002
-0.19704343 -0.031515494 0.37200001
-0.19457062 -0.031642575 0.37350002
-0.19181544 -0.031727292 0.37450001
-0.18866521 -0.031748474 0.37475002
-0.18575794 -0.031812012 0.37550002
-0.18308051 -0.031917911 0.37675002
-0.18038122 -0.03202381 0.37800002
-0.1754349 -0.031727292 0.37450001
-0.17100954 -0.031515494 0.37200001
-0.16899543 -0.031748474 0.37475002
-0.1683704 -0.03225679 0.38075003
-0.16579816 -0.032405045 0.38250002
-0.16287677 -0.032489765 0.38350001
-0.15983391 -0.032553304 0.38425002
-0.15667611 -0.032595664 0.38475001
-0.15350957 -0.032638025 0.38525003
-0.15043171 -0.032701563 0.38600001
-0.14715025 -0.032722741 0.38625002
-0.14395747 -0.032765102 0.38675001
-0.14102854 -0.032871 0.38800001
-0.13807775 -0.032976899 0.38925001
-0.1347591 -0.032998078 0.38950002
-0.1316047 -0.03306162 0.39025003
-0.12843718 -0.033125158 0.39100003
-0.12533647 -0.033209875 0.39200002
-0.12198501 -0.033231057 0.39225003
-0.11870475 -0.033273418 0.39275002
-0.11541573 -0.033315774 0.39325002
-0.11204679 -0.033336956 0.39350003
-0.10860448 -0.033336956 0.39350003
-0.10536259 -0.033400495 0.39425001
-0.10210759 -0.033464033 0.39500001
-0.098964334 -0.033569932 0.39625001
-0.095859468 -0.033697013 0.39775002
-0.092554159 -0.033760551 0.39850003
-0.089235738 -0.03382409 0.39925003
-0.085904181 -0.033887628 0.40000001
-0.082508013 -0.033929989 0.40050003
-0.079053774 -0.033951167 0.40075001
-0.075736552 -0.034035888 0.40175003
-0.072401829 -0.034120608 0.40275002
-0.06900686 -0.034184147 0.40350002
-0.065558195 -0.034226507 0.40400001
-0.062177554 -0.034311228 0.40500003
-0.058743216 -0.034374762 0.40575001
-0.05526175 -0.034417123 0.40625003
-0.051771536 -0.034459483 0.40675002
-0.048302203 -0.034523021 0.40750003
-0.044819754 -0.034586564 0.40825003
-0.041298922 -0.03462892 0.40875003
-0.037746266 -0.034650099 0.40900001
-0.034210131 -0.034692463 0.40950003
-0.030721335 -0.034798361 0.41075003
-0.027194159 -0.034883078 0.41175002
-0.023620838 -0.034925438 0.41225001
-0.020050909 -0.034988977 0.41300002
-0.016467856 -0.035052516 0.41375002
-0.012863918 -0.035094876 0.41425002
-0.0092512323 -0.035137236 0.41475001
-0.0056365784 -0.035221957 0.41575003
-0.0020056299 -0.035327855 0.41700003
0.0016462037 -0.035412572 0.41800001
0.0053187045 -0.035518471 0.41925001
0.0089862831 -0.035518471 0.41925001
0.01265386 -0.035518471 0.41925001
0.016340904 -0.035560831 0.41975003
0.020048615 -0.03562437 0.42050001
0.023783553 -0.035709091 0.42150003
0.027519695 -0.035772629 0.42225003
0.031268958 -0.035836168 0.42300001
0.034969341 -0.035836168 0.42300001
0.038738288 -0.035899706 0.42375001
0.042520355 -0.035963245 0.42450002
0.04642446 -0.036111504 0.42625001
0.05015327 -0.036111504 0.42625001
0.053913686 -0.036132686 0.42650002
0.057779845 -0.036217403 0.42750001
0.061663501 -0.036302123 0.42850003
0.065564647 -0.03638684 0.42950001
0.069483295 -0.036471561 0.43050003
0.073291823 -0.036492739 0.43075001
0.077194177 -0.036556281 0.43150002
0.081203476 -0.03666218 0.43275002
0.085136443 -0.036725719 0.43350002
0.089133821 -0.036810435 0.43450001
0.093148701 -0.036895156 0.43550003
0.097181067 -0.036979876 0.43650001
0.10123093 -0.037064597 0.43750003
0.10511819 -0.037085775 0.43775001
0.10919649 -0.037170496 0.43875003
0.11329228 -0.037255213 0.43975002
0.11713918 -0.037255213 0.43975002
0.12112366 -0.037297569 0.44025001
0.12532978 -0.037403468 0.44150001
0.12985042 -0.037594087 0.44375002
0.1342597 -0.037742347 0.44550002
0.13838951 -0.037805885 0.44625002
0.14253242 -0.037869427 0.44700003
0.14668848 -0.037932966 0.44775003
0.15085763 -0.037996504 0.44850001
0.15521248 -0.038102403 0.44975004
0.15950072 -0.038187124 0.45075002
0.16425972 -0.038377739 0.45300001
0.16822253 -0.038377739 0.45300001
0.17228039 -0.038398921 0.45325002
0.17624539 -0.038398921 0.45325002
0.18040921 -0.038441278 0.45375001
0.18519127 -0.038610719 0.45575002
0.18948948 -0.038674258 0.45650002
0.19348291 -0.038674258 0.45650002
0.19758451 -0.03869544 0.45675004
0.20146979 -0.038674258 0.45650002
0.20568827 -0.038716618 0.45700002
0.20991549 -0.038758975 0.45750001
0.21391769 -0.038758975 0.45750001
0.2178008 -0.038737796 0.45725003
0.2218008 -0.038737796 0.45725003
0.22592424 -0.038758975 0.45750001
0.22992642 -0.038758975 0.45750001
0.23750784 -0.039352007 0.46450001
0.24248141 -0.03950027 0.46625003
0 -0 0
0 -0 0
0 -0 0
0 -0 0
0 -0 0
0 -0 0
0 -0 0
0 -0 0
0 -0 0
0 -0 0
0 -0 0
0 -0 0
0 -0 0
0 -0 0
0 -0 0
0 -0 0
0 -0 0
0 -0 0
0 -0 0
-0 -0 0
-0 -0 0
-0 -0 0
-0 -0 0
-0 -0 0
-0 -0 0
-0 -0 0
-0 -0 0
-0 -0 0
-0 -0 0
-0 -0 0
-0 -0 0
-0 -0 0
-0 -0 0
-0 -0 0
-0.21087755 -0.027940853 0.36775002
-0.20864868 -0.028073812 0.36950001
-0.20569429 -0.028111801 0.37
-0.20273115 -0.028149791 0.37050003
-0.20016308 -0.028244764 0.37175003
-0.1974407 -0.028320741 0.37275001
-0.19483107 -0.028415713 0.37400001
-0.19207156 -0.028491693 0.37500003
-0.18891692 -0.028510686 0.37525001
-0.18600528 -0.028567668 0.37600002
-0.18320198 -0.028643645 0.377
-0.17966542 -0.028605657 0.37650001
-0.17391244 -0.028206773 0.37125
-0.17009014 -0.028111801 0.37
-0.16798079 -0.028301748 0.37250003
-0.16737542 -0.028757613 0.37850001
-0.16601488 -0.029099513 0.38300002
-0.16308913 -0.02917549 0.384
-0.15983391 -0.029194485 0.38425002
-0.15667611 -0.029232474 0.38475001
-0.15350957 -0.029270465 0.38525003
-0.15043171 -0.029327447 0.38600001
-0.14715025 -0.029346442 0.38625002
-0.14405052 -0.029403426 0.38700002
-0.14121027 -0.029517392 0.38850001
-0.13807775 -0.029574376 0.38925001
-0.1347591 -0.029593371 0.38950002
-0.1316047 -0.029650355 0.39025003
-0.12843718 -0.029707337 0.39100003
-0.12517659 -0.029745325 0.39150003
-0.12182951 -0.029764319 0.39175001
-0.11878031 -0.029859291 0.39300001
-0.11556248 -0.029916275 0.39375001
-0.11218917 -0.029935271 0.39400002
-0.10881147 -0.029954264 0.39425001
-0.1054294 -0.029973259 0.39450002
-0.10223684 -0.030049236 0.3955
-0.099151649 -0.030163204 0.39700001
-0.095919721 -0.030239183 0.39800003
-0.092670292 -0.030315159 0.39900002
-0.08929161 -0.030353148 0.39950001
-0.085904181 -0.030391136 0.40000001
-0.082559511 -0.03044812 0.40075001
-0.079152405 -0.030486109 0.40125
-0.075783677 -0.030543093 0.40200001
-0.072446771 -0.030619072 0.40300003
-0.06900686 -0.03065706 0.40350002
-0.065598764 -0.030714044 0.40425003
-0.062177554 -0.030771028 0.40500003
-0.058779411 -0.030847004 0.40600002
-0.055329766 -0.030903988 0.40675002
-0.051803354 -0.030922981 0.40700001
-0.048302203 -0.030960971 0.40750003
-0.044847198 -0.031036949 0.40850002
-0.041374698 -0.031112928 0.40950003
-0.03776934 -0.031093933 0.40925002
-0.034231015 -0.031131921 0.40975001
-0.030721335 -0.0312079 0.41075003
-0.027161136 -0.031245889 0.41125003
-0.023606515 -0.031302873 0.41200003
-0.020063046 -0.031397846 0.41325003
-0.016467856 -0.031435832 0.41375002
-0.012856156 -0.031454828 0.41400003
-0.0092456564 -0.031492818 0.41450003
-0.0056297998 -0.0315498 0.41525003
-0.0020056299 -0.03168276 0.41700003
0.0016481727 -0.031796727 0.41850001
0.0053218761 -0.031872705 0.41950002
0.0089916419 -0.031872705 0.41950002
0.012661406 -0.031872705 0.41950002
0.016350636 -0.031910695 0.42000002
0.020036696 -0.03192969 0.42025003
0.023769448 -0.032005668 0.42125002
0.027487107 -0.032043654 0.42175001
0.031213516 -0.032081645 0.42225003
0.034928005 -0.032100637 0.42250001
0.038715433 -0.032176618 0.42350003
0.042570438 -0.032290582 0.42500001
0.046370003 -0.032347567 0.42575002
0.050123859 -0.032366563 0.42600003
0.053945292 -0.032423545 0.42675003
0.057779845 -0.032480527 0.42750001
0.061627522 -0.032537512 0.42825001
0.065526485 -0.03261349 0.42925003
0.069442943 -0.032689467 0.43025002
0.073291823 -0.032727454 0.43075001
0.077104732 -0.032746449 0.43100002
0.08110965 -0.032841422 0.43225002
0.085136443 -0.032936394 0.43350002
0.089082539 -0.03299338 0.43425003
0.093041755 -0.033050362 0.43500003
0.096958429 -0.033088353 0.43550003
0.1010574 -0.033183325 0.43675002
0.10511819 -0.033259299 0.43775001
0.10925871 -0.033354271 0.43900001
0.11316347 -0.033373266 0.43925002
0.11687281 -0.03333528 0.43875003
0.12084854 -0.033373266 0.43925002
0.12540075 -0.033563212 0.44175002
0.12992357 -0.033734165 0.44400004
0.13418436 -0.033829134 0.44525003
0.13831198 -0.033886116 0.44600001
0.142373 -0.033924107 0.44650003
0.14668848 -0.034019079 0.44775003
0.15102582 -0.034114052 0.44900003
0.1551262 -0.034152042 0.44950002
0.1593238 -0.034209024 0.45025003
0.16398777 -0.034360979 0.45225003
0.16822253 -0.034417961 0.45300001
0.17228039 -0.034436956 0.45325002
0.17634261 -0.034455951 0.45350003
0.18040921 -0.034474947 0.45375001
0.1849881 -0.034588914 0.45525002
0.1893857 -0.034664892 0.45625001
0.19337694 -0.034664892 0.45625001
0.1973682 -0.034664892 0.45625001
0.20124912 -0.034645896 0.45600003
0.20568827 -0.034721874 0.45700002
0.21003021 -0.034778859 0.45775002
0.2138008 -0.034740869 0.45725003
0.2178008 -0.034740869 0.45725003
0.22216462 -0.034797855 0.45800003
0.22629461 -0.034816846 0.45825002
0.23105721 -0.034930814 0.45975003
0.23789133 -0.035348691 0.46525002
0.24287145 -0.03548165 0.46700001
0 -0 0
0 -0 0
0 -0 0
0 -0 0
0 -0 0
0 -0 0
0 -0 0
0 -0 0
0 -0 0
0 -0 0
0 -0 0
0 -0 0
0 -0 0
0 -0 0
0 -0 0
0 -0 0
0 -0 0
0 -0 0
0 -0 0
-0 -0 0
-0 -0 0
-0 -0 0
-0 -0 0
-0 -0 0
-0 -0 0
-0 -0 0
-0 -0 0
-0 -0 0
-0 -0 0
-0 -0 0
-0 -0 0
-0 -0 0
-0 -0 0
-0.21424018 -0.024743075 0.36800003
-0.21087755 -0.024726264 0.36775002
-0.20822518 -0.0247935 0.36875001
-0.20541632 -0.024843927 0.36950001
-0.20286794 -0.024927974 0.37075001
-0.2004323 -0.025028829 0.37225002
-0.19770554 -0.025096064 0.37325001
-0.19483107 -0.025146494 0.37400001
-0.19207156 -0.025213731 0.37500003
-0.18904279 -0.025247348 0.37550002
-0.18612896 -0.025297776 0.37625003
-0.18308051 -0.025331395 0.37675002
-0.17823382 -0.025112875 0.37350002
-0.17285843 -0.02481031 0.36900002
-0.16974537 -0.024827121 0.36925003
-0.16798079 -0.025045639 0.37250003
-0.16792817 -0.025533104 0.37975001
-0.1662316 -0.025785241 0.38350001
-0.16308913 -0.025818858 0.384
-0.15972991 -0.025818858 0.384
-0.1563707 -0.025818858 0.384
-0.15340996 -0.025886096 0.38500002
-0.15043171 -0.025953332 0.38600001
-0.1472455 -0.025986951 0.38650003
-0.14414358 -0.026037378 0.38725001
-0.14121027 -0.026121423 0.38850001
-0.13807775 -0.026171852 0.38925001
-0.13484558 -0.026205469 0.38975
-0.13152039 -0.026222279 0.39000002
-0.12819082 -0.02623909 0.39025003
-0.12493679 -0.026272707 0.39075002
-0.12175177 -0.026323134 0.39150003
-0.11862919 -0.02639037 0.39250001
-0.11534236 -0.026423989 0.39300001
-0.11183324 -0.02640718 0.39275002
-0.10888048 -0.026524844 0.39450002
-0.10556302 -0.026558461 0.39500001
-0.1023661 -0.026625698 0.39600003
-0.099214092 -0.026709745 0.39725003
-0.095919721 -0.026760172 0.39800003
-0.092612222 -0.026810599 0.39875001
-0.089347489 -0.026877837 0.39975002
-0.085904181 -0.026894644 0.40000001
-0.082559511 -0.026945071 0.40075001
-0.079152405 -0.02697869 0.40125
-0.07583081 -0.027045928 0.40225002
-0.072446771 -0.027096355 0.40300003
-0.069049612 -0.027146783 0.40375003
-0.065639332 -0.027197208 0.40450001
-0.062177554 -0.027230829 0.40500003
-0.058743216 -0.027281255 0.40575001
-0.055329766 -0.027348492 0.40675002
-0.051835176 -0.027382111 0.40725002
-0.048361469 -0.027432539 0.40800002
-0.04490209 -0.027499774 0.40900001
-0.041374698 -0.027533393 0.40950003
-0.037815485 -0.027550202 0.40975001
-0.034272783 -0.027583819 0.41025001
-0.030721335 -0.02761744 0.41075003
-0.027144626 -0.027634248 0.41100001
-0.023606515 -0.027701486 0.41200003
-0.020063046 -0.02778553 0.41325003
-0.016467856 -0.027819149 0.41375002
-0.012848392 -0.027819149 0.41375002
-0.0092400797 -0.027852766 0.41425002
-0.0056230207 -0.027886385 0.41475001
-0.0020044274 -0.028020859 0.41675001
0.0016471882 -0.028121714 0.41825002
0.0053187045 -0.028188949 0.41925001
0.0089862831 -0.028188949 0.41925001
0.012661406 -0.02820576 0.41950002
0.016340904 -0.02822257 0.41975003
0.020036696 -0.028256187 0.42025003
0.023741234 -0.028289804 0.42075002
0.027470814 -0.028340233 0.42150003
0.031195035 -0.028373851 0.42200002
0.034886669 -0.028373851 0.42200002
0.038669724 -0.028441086 0.42300001
0.04259548 -0.02859237 0.42525002
0.046370003 -0.028625987 0.42575002
0.05015327 -0.028659606 0.42625001
0.054008495 -0.028726844 0.42725003
0.057779845 -0.028743651 0.42750001
0.061591547 -0.028777272 0.42800003
0.065488324 -0.028844507 0.42900002
0.06940259 -0.028911743 0.43000001
0.073291823 -0.028962171 0.43075001
0.077104732 -0.028978981 0.43100002
0.081015833 -0.029029408 0.43175003
0.085038252 -0.029113455 0.43300003
0.089031249 -0.029180689 0.43400002
0.09293481 -0.029214308 0.43450001
0.096791454 -0.029231118 0.43475002
0.10099955 -0.029348781 0.43650001
0.10517823 -0.029449636 0.43800002
0.10925871 -0.029516872 0.43900001
0.11290585 -0.029466446 0.43825004
0.11667303 -0.029449636 0.43800002
0.12077976 -0.029516872 0.43900001
0.12532978 -0.029684965 0.44150001
0.1297041 -0.02980263 0.44325003
0.13403367 -0.029903483 0.44475001
0.13823445 -0.02997072 0.44575003
0.142373 -0.030021148 0.44650003
0.14685228 -0.030138813 0.44825003
0.15127809 -0.030239668 0.44975004
0.15529875 -0.030256476 0.45000002
0.1593238 -0.030273285 0.45025003
0.16380647 -0.03037414 0.45175001
0.16822253 -0.030458184 0.45300001
0.17247044 -0.030508613 0.45375001
0.17643982 -0.030508613 0.45375001
0.18070741 -0.030559041 0.45450002
0.1849881 -0.030609468 0.45525002
0.1893857 -0.030676704 0.45625001
0.19358887 -0.030710325 0.45675004
0.19769265 -0.030727131 0.45700002
0.20158012 -0.030710325 0.45675004
0.20602584 -0.030777561 0.45775002
0.21037433 -0.030827988 0.45850003
0.21426837 -0.030811178 0.45825002
0.21827711 -0.030811178 0.45825002
0.22228587 -0.030811178 0.45825002
0.22641808 -0.030827988 0.45850003
0.23206235 -0.031046506 0.46175003
0.23814699 -0.031315453 0.46575001
0.24222137 -0.031315453 0.46575001
0 -0 0
0 -0 0
0 -0 0
0 -0 0
0 -0 0
0 -0 0
0 -0 0
0 -0 0
0 -0 0
0 -0 0
0 -0 0
0 -0 0
0 -0 0
0 -0 0
0 -0 0
0 -0 0
0 -0 0
0 -0 0
0 -0 0
-0 -0 0
-0 -0 0
-0 -0 0
-0 -0 0
-0 -0 0
-0 -0 0
-0 -0 0
-0 -0 0
-0 -0 0
-0 -0 0
-0 -0 0
-0 -0 0
-0 -0 0
-0.2179026 -0.021570172 0.36875001
-0.21438572 -0.021540925 0.36825001
-0.21087755 -0.021511678 0.36775002
-0.20794284 -0.021540925 0.36825001
-0.20541632 -0.021614043 0.36950001
-0.20300475 -0.021701787 0.37100002
-0.20056692 -0.02178953 0.37250003
-0.19797039 -0.02186265 0.37375003
-0.19496132 -0.021891898 0.37425002
-0.19207156 -0.021935768 0.37500003
-0.18916865 -0.021979639 0.37575001
-0.18625262 -0.022023512 0.37650001
-0.18271604 -0.021994263 0.37600002
-0.17632502 -0.021614043 0.36950001
-0.17227286 -0.021511678 0.36775002
-0.16963044 -0.021584796 0.36900002
-0.16978459 -0.022023512 0.37650001
-0.16848093 -0.022286741 0.38100001
-0.16601488 -0.022403732 0.38300002
-0.16308913 -0.022462226 0.384
-0.15972991 -0.022462226 0.384
-0.1563707 -0.022462226 0.384
-0.15340996 -0.022520723 0.38500002
-0.15043171 -0.022579217 0.38600001
-0.1472455 -0.022608466 0.38650003
-0.14414358 -0.022652335 0.38725001
-0.14111941 -0.022710832 0.38825002
-0.13807775 -0.022769326 0.38925001
-0.13493209 -0.022813199 0.39000002
-0.131689 -0.022842446 0.39050001
-0.12819082 -0.022827823 0.39025003
-0.12485685 -0.022842446 0.39050001
-0.12175177 -0.022900943 0.39150003
-0.11847807 -0.02293019 0.39200002
-0.11497549 -0.022915566 0.39175001
-0.11161967 -0.02293019 0.39200002
-0.10894947 -0.023091054 0.39475003
-0.10562984 -0.023120301 0.39525002
-0.10243072 -0.023178795 0.39625001
-0.099214092 -0.023237292 0.39725003
-0.095979966 -0.023295786 0.39825001
-0.092670292 -0.023339657 0.39900002
-0.089403361 -0.023398152 0.40000001
-0.085957877 -0.023412777 0.40025002
-0.082559511 -0.023442024 0.40075001
-0.079201721 -0.023485895 0.40150002
-0.07583081 -0.023529768 0.40225002
-0.072401829 -0.023559015 0.40275002
-0.069049612 -0.023617512 0.40375003
-0.065639332 -0.023661382 0.40450001
-0.062215935 -0.023705253 0.40525001
-0.058815606 -0.02376375 0.40625003
-0.055363771 -0.023807621 0.40700001
-0.051866997 -0.02383687 0.40750003
-0.048361469 -0.023866117 0.40800002
-0.044874646 -0.023909988 0.40875003
-0.041374698 -0.023953861 0.40950003
-0.037861627 -0.02399773 0.41025001
-0.03429367 -0.024012355 0.41050002
-0.030777428 -0.02407085 0.41150001
-0.027210671 -0.024100099 0.41200003
-0.023635162 -0.024129346 0.41250002
-0.020050909 -0.024158593 0.41300002
-0.016457906 -0.024187841 0.41350001
-0.012848392 -0.024202464 0.41375002
-0.0092456564 -0.024246337 0.41450003
-0.0056297998 -0.024290208 0.41525003
-0.002003225 -0.024363328 0.41650003
0.0016452192 -0.024436446 0.41775003
0.0053060185 -0.024465695 0.41825002
0.0089702066 -0.024480317 0.41850001
0.01265386 -0.02452419 0.41925001
0.016340904 -0.024553439 0.41975003
0.020036696 -0.024582686 0.42025003
0.023741234 -0.024611933 0.42075002
0.02745452 -0.02464118 0.42125002
0.031213516 -0.024699677 0.42225003
0.034907341 -0.024699677 0.42225003
0.038669724 -0.024743546 0.42300001
0.042570438 -0.024860537 0.42500001
0.046342772 -0.024889784 0.42550001
0.050123859 -0.024919033 0.42600003
0.054040093 -0.025006775 0.42750001
0.057813633 -0.0250214 0.42775002
0.061555572 -0.0250214 0.42775002
0.065335669 -0.025036024 0.42800003
0.069321893 -0.025123766 0.42950001
0.073249288 -0.025182262 0.43050003
0.077104732 -0.025211509 0.43100002
0.081015833 -0.025255382 0.43175003
0.084989153 -0.025313877 0.43275002
0.088979974 -0.025372373 0.43375003
0.092881337 -0.02540162 0.43425003
0.096902773 -0.025460115 0.43525001
0.10088386 -0.025503987 0.43600002
0.10499813 -0.025577106 0.43725002
0.10907205 -0.025635602 0.43825004
0.11284143 -0.025620978 0.43800002
0.11667303 -0.025620978 0.43800002
0.12091733 -0.025708722 0.43950003
0.12554269 -0.025869582 0.44225001
0.12977725 -0.025942702 0.44350001
0.13403367 -0.02601582 0.44475001
0.13831198 -0.02608894 0.44600001
0.1424527 -0.026132813 0.44675002
0.14685228 -0.026220556 0.44825003
0.15136217 -0.026322922 0.45000002
0.15555759 -0.026366794 0.45075002
0.1593238 -0.026337547 0.45025003
0.1633532 -0.026352169 0.45050001
0.16803686 -0.02646916 0.45250002
0.17237543 -0.026527656 0.45350003
0.17663424 -0.026571527 0.45425001
0.1810056 -0.026630023 0.45525002
0.18519127 -0.026659271 0.45575002
0.18948948 -0.026703142 0.45650002
0.19390674 -0.026761636 0.45750001
0.19801709 -0.026776262 0.45775002
0.20213179 -0.026790885 0.45800003
0.20636341 -0.026820133 0.45850003
0.21037433 -0.026820133 0.45850003
0.21450216 -0.026834756 0.45875001
0.21875346 -0.026864005 0.45925003
0.22277096 -0.026864005 0.45925003
0.22691189 -0.026878629 0.45950001
0.23181106 -0.026980994 0.46125001
0.23776351 -0.027200354 0.46500003
0.2417013 -0.027185729 0.46475002
0 -0 0
0 -0 0
0 -0 0
0 -0 0
0 -0 0
0 -0 0
0 -0 0
0 -0 0
0 -0 0
0 -0 0
0 -0 0
0 -0 0
0 -0 0
0 -0 0
0 -0 0
0 -0 0
0 -0 0
0 -0 0
0 -0 0
-0 -0 0
-0 -0 0
-0 -0 0
-0 -0 0
-0 -0 0
-0 -0 0
-0 -0 0
-0 -0 0
-0 -0 0
-0 -0 0
-0 -0 0
-0 -0 0
-0 -0 0
-0.21760714 -0.018321969 0.36825001
-0.21438572 -0.018321969 0.36825001
-0.21102092 -0.01830953 0.36800003
-0.20822518 -0.018346844 0.36875001
-0.20555532 -0.018396599 0.36975002
-0.20300475 -0.018458793 0.37100002
-0.20056692 -0.018533424 0.37250003
-0.19770554 -0.018570738 0.37325001
-0.19483107 -0.018608054 0.37400001
-0.19219959 -0.018670246 0.37525001
-0.18942037 -0.018720001 0.37625003
-0.18625262 -0.01873244 0.37650001
-0.1822301 -0.018657809 0.37500003
-0.17525133 -0.018272214 0.36725003
-0.17180441 -0.018247338 0.36675003
-0.16974537 -0.018371724 0.36925003
-0.17079926 -0.018844387 0.37875003
-0.16870204 -0.018981211 0.38150001
-0.16579816 -0.019030966 0.38250002
-0.16287677 -0.019080719 0.38350001
-0.15972991 -0.019105595 0.384
-0.1563707 -0.019105595 0.384
-0.15331033 -0.019142911 0.38475001
-0.15013944 -0.01916779 0.38525003
-0.14695977 -0.019192666 0.38575003
-0.14405052 -0.01925486 0.38700002
-0.14102854 -0.019304613 0.38800001
-0.13790038 -0.019341929 0.38875002
-0.13484558 -0.019391682 0.38975
-0.131689 -0.019428998 0.39050001
-0.12819082 -0.019416559 0.39025003
-0.12493679 -0.019441437 0.39075002
-0.12167402 -0.019466313 0.39125001
-0.11832695 -0.019478753 0.39150003
-0.11482874 -0.019466313 0.39125001
-0.11176205 -0.019528506 0.39250001
-0.10888048 -0.019628014 0.39450002
-0.10569665 -0.019677768 0.3955
-0.1023661 -0.019702647 0.39600003
-0.099214092 -0.019764839 0.39725003
-0.096040219 -0.019827032 0.39850003
-0.092786416 -0.019876786 0.39950001
-0.089403361 -0.019901661 0.40000001
-0.086065255 -0.019938977 0.40075001
-0.082611017 -0.019951416 0.40100002
-0.079201721 -0.019976294 0.40150002
-0.075736552 -0.019988732 0.40175003
-0.072401829 -0.020038486 0.40275002
-0.069049612 -0.020088241 0.40375003
-0.0656799 -0.020137995 0.40475002
-0.062254317 -0.02017531 0.40550002
-0.058851797 -0.020225065 0.40650001
-0.055397779 -0.020262379 0.40725002
-0.051898815 -0.020287257 0.40775001
-0.048361469 -0.020299695 0.40800002
-0.044847198 -0.020324573 0.40850002
-0.041374698 -0.020374328 0.40950003
-0.037861627 -0.020411642 0.41025001
-0.03429367 -0.020424081 0.41050002
-0.030777428 -0.020473834 0.41150001
-0.027260203 -0.020536028 0.41275001
-0.023635162 -0.020523589 0.41250002
-0.020026634 -0.020523589 0.41250002
-0.016428053 -0.020536028 0.41275001
-0.012840628 -0.020573344 0.41350001
-0.0092456564 -0.020623099 0.41450003
-0.0056365784 -0.020685291 0.41575003
-0.0020056299 -0.020747483 0.41700003
0.0016462037 -0.020797238 0.41800001
0.0053060185 -0.020809676 0.41825002
0.0089702066 -0.020822113 0.41850001
0.012638769 -0.020834552 0.41875002
0.016340904 -0.020884307 0.41975003
0.020036696 -0.020909185 0.42025003
0.023727126 -0.020921621 0.42050001
0.02745452 -0.020958938 0.42125002
0.031195035 -0.020996254 0.42200002
0.034907341 -0.021008693 0.42225003
0.038692579 -0.021058446 0.42325002
0.042495314 -0.021108201 0.42425001
0.046288315 -0.021145515 0.42500001
0.050065026 -0.021170393 0.42550001
0.053913686 -0.021220148 0.42650002
0.057746056 -0.021257464 0.42725003
0.061519593 -0.021269901 0.42750001
0.065297507 -0.021282341 0.42775002
0.069079794 -0.02129478 0.42800003
0.073079139 -0.021369411 0.42950001
0.077060007 -0.021431603 0.43075001
0.080968916 -0.021468919 0.43150002
0.084890954 -0.021506235 0.43225002
0.088877395 -0.021555988 0.43325001
0.092881337 -0.021605743 0.43425003
0.096847117 -0.021643059 0.43500003
0.10071032 -0.021655496 0.43525001
0.10463793 -0.021680374 0.43575001
0.10869873 -0.021730129 0.43675002
0.11271262 -0.021767443 0.43750003
0.11660643 -0.021779882 0.43775001
0.12077976 -0.021842074 0.43900001
0.12525882 -0.021954022 0.44125003
0.12985042 -0.022078406 0.44375002
0.13395834 -0.022115722 0.44450003
0.13815692 -0.022165477 0.44550002
0.1424527 -0.022227669 0.44675002
0.14668848 -0.022277424 0.44775003
0.15144627 -0.02240181 0.45025003
0.15564387 -0.022439126 0.45100003
0.15914688 -0.022376932 0.44975004
0.16326256 -0.02240181 0.45025003
0.16766551 -0.022464002 0.45150003
0.17218536 -0.022538632 0.45300001
0.17643982 -0.022575948 0.45375001
0.1808068 -0.022625703 0.45475003
0.1849881 -0.022650579 0.45525002
0.18948948 -0.022712773 0.45650002
0.1940127 -0.022774965 0.45775002
0.19834153 -0.022812281 0.45850003
0.20268346 -0.022849597 0.45925003
0.20670097 -0.022849597 0.45925003
0.21037433 -0.022812281 0.45850003
0.21461906 -0.022837158 0.45900002
0.21887252 -0.022862034 0.45950001
0.22313476 -0.022886911 0.46000001
0.2271588 -0.022886911 0.46000001
0 -0 0
0 -0 0
0 -0 0
0 -0 0
0 -0 0
0 -0 0
0 -0 0
0 -0 0
0 -0 0
0 -0 0
0 -0 0
0 -0 0
0 -0 0
0 -0 0
0 -0 0
0 -0 0
0 -0 0
0 -0 0
0 -0 0
0 -0 0
0 -0 0
0 -0 0
-0 -0 0
-0 -0 0
-0 -0 0
-0 -0 0
-0 -0 0
-0 -0 0
-0 -0 0
-0 -0 0
-0 -0 0
-0 -0 0
-0 -0 0
-0 -0 0
-0.22082856 -0.01510301 0.36825001
-0.21760714 -0.01510301 0.36825001
-0.2146768 -0.015123516 0.36875001
-0.21145098 -0.015123516 0.36875001
-0.20878986 -0.01516453 0.36975002
-0.20597227 -0.01519529 0.37050003
-0.20314153 -0.015226048 0.37125
-0.2004323 -0.015267062 0.37225002
-0.19757313 -0.015297822 0.37300003
-0.19483107 -0.015338834 0.37400001
-0.19219959 -0.0153901 0.37525001
-0.18942037 -0.015431114 0.37625003
-0.18600528 -0.015420861 0.37600002
-0.17907144 -0.015113263 0.36850002
-0.17513202 -0.015051744 0.36700001
-0.17203864 -0.015061998 0.36725003
-0.17158417 -0.015308075 0.37325001
-0.17136295 -0.015584912 0.38000003
-0.16859148 -0.015636178 0.38125002
-0.16558142 -0.015666937 0.38200003
-0.16266441 -0.015707951 0.38300002
-0.15952192 -0.015728457 0.38350001
-0.15626889 -0.015738711 0.38375002
-0.1531111 -0.015759217 0.38425002
-0.14994456 -0.015779722 0.38475001
-0.14686452 -0.015810482 0.38550001
-0.14386442 -0.015851496 0.38650003
-0.1408468 -0.015892509 0.38750002
-0.13763434 -0.015913015 0.38800001
-0.13449961 -0.015943775 0.38875002
-0.1316047 -0.016005294 0.39025003
-0.12827292 -0.016015546 0.39050001
-0.12485685 -0.016015546 0.39050001
-0.12144078 -0.016015546 0.39050001
-0.11810027 -0.0160258 0.39075002
-0.11490212 -0.01605656 0.39150003
-0.11204679 -0.016138587 0.39350003
-0.10888048 -0.016179599 0.39450002
-0.10569665 -0.016220612 0.3955
-0.10243072 -0.016251372 0.39625001
-0.099338964 -0.016312892 0.39775002
-0.096100464 -0.016353903 0.39875001
-0.092728354 -0.016374411 0.39925003
-0.089403361 -0.016405171 0.40000001
-0.086065255 -0.016435931 0.40075001
-0.082611017 -0.016446184 0.40100002
-0.079152405 -0.016456436 0.40125
-0.075783677 -0.016487196 0.40200001
-0.072446771 -0.01652821 0.40300003
-0.069092363 -0.016569221 0.40400001
-0.065639332 -0.016589727 0.40450001
-0.062177554 -0.016610235 0.40500003
-0.058779411 -0.016651249 0.40600002
-0.055363771 -0.01669226 0.40700001
-0.051898815 -0.01672302 0.40775001
-0.048391104 -0.016743528 0.40825003
-0.044874646 -0.016764034 0.40875003
-0.041374698 -0.016794793 0.40950003
-0.037884701 -0.016835807 0.41050002
-0.03429367 -0.016835807 0.41050002
-0.030740032 -0.016856313 0.41100001
-0.027243694 -0.016917832 0.41250002
-0.023606515 -0.016897326 0.41200003
-0.020026634 -0.016917832 0.41250002
-0.016428053 -0.016928084 0.41275001
-0.012832865 -0.016948592 0.41325003
-0.0092456564 -0.016999858 0.41450003
-0.0056467466 -0.017081885 0.41650003
-0.0020080346 -0.017122896 0.41750002
0.0016452192 -0.01713315 0.41775003
0.0053091897 -0.017163908 0.41850001
0.0089702066 -0.017163908 0.41850001
0.012631224 -0.017163908 0.41850001
0.016321439 -0.01719467 0.41925001
0.020012857 -0.017215176 0.41975003
0.023727126 -0.017245935 0.42050001
0.027470814 -0.017286949 0.42150003
0.031195035 -0.017307455 0.42200002
0.034928005 -0.017327961 0.42250001
0.038669724 -0.017348466 0.42300001
0.042445231 -0.017379228 0.42375001
0.046233859 -0.017409988 0.42450002
0.049976781 -0.017420242 0.42475003
0.053787276 -0.017450999 0.42550001
0.057610895 -0.017481759 0.42625001
0.061483618 -0.017522773 0.42725003
0.065335669 -0.017553532 0.42800003
0.069039442 -0.017543279 0.42775002
0.072866455 -0.017563784 0.42825001
0.076925829 -0.017635558 0.43000001
0.080875099 -0.017676571 0.43100002
0.084743656 -0.017697077 0.43150002
0.088723548 -0.017738091 0.43250003
0.092720918 -0.017779104 0.43350002
0.096624471 -0.01779961 0.43400002
0.10053678 -0.017820116 0.43450001
0.10451786 -0.017850876 0.43525001
0.10851207 -0.017881636 0.43600002
0.1125838 -0.017922647 0.43700001
0.11660643 -0.017953409 0.43775001
0.12071098 -0.017994422 0.43875003
0.12518784 -0.0180867 0.44100001
0.12985042 -0.018199487 0.44375002
0.13403367 -0.018240498 0.44475001
0.13823445 -0.018281512 0.44575003
0.14261213 -0.018343031 0.44725001
0.14668848 -0.018363537 0.44775003
0.15102582 -0.018414805 0.44900003
0.15521248 -0.018445564 0.44975004
0.15896994 -0.018425057 0.44925001
0.16326256 -0.01846607 0.45025003
0.16775835 -0.01852759 0.45175001
0.17228039 -0.018589109 0.45325002
0.17624539 -0.018589109 0.45325002
0.18040921 -0.018609615 0.45375001
0.18468334 -0.018640375 0.45450002
0.18928194 -0.018701894 0.45600003
0.1940127 -0.018773668 0.45775002
0.19844967 -0.018814679 0.45875001
0.20290413 -0.018855693 0.45975003
0.206926 -0.018855693 0.45975003
0.21094787 -0.018855693 0.45975003
0.21496975 -0.018855693 0.45975003
0.21887252 -0.018845439 0.45950001
0.22313476 -0.018865945 0.46000001
0 -0 0
0 -0 0
0 -0 0
0 -0 0
0 -0 0
0 -0 0
0 -0 0
0 -0 0
0 -0 0
0 -0 0
0 -0 0
0 -0 0
0 -0 0
0 -0 0
0 -0 0
0 -0 0
0 -0 0
0 -0 0
0 -0 0
0 -0 0
0 -0 0
0 -0 0
0 -0 0
-0 -0 0
-0 -0 0
-0 -0 0
-0 -0 0
-0 -0 0
-0 -0 0
-0 -0 0
-0 -0 0
-0 -0 0
-0 -0 0
-0 -0 0
-0 -0 0
-0.22082856 -0.011884052 0.36825001
-0.21745943 -0.011875984 0.36800003
-0.2146768 -0.011900187 0.36875001
-0.21173771 -0.011916324 0.36925003
-0.2090722 -0.011948596 0.37025002
-0.20611124 -0.011964731 0.37075001
-0.20327833 -0.011988935 0.37150002
-0.2004323 -0.012013139 0.37225002
-0.19757313 -0.012037342 0.37300003
-0.19496132 -0.012077683 0.37425002
-0.19219959 -0.012109954 0.37525001
-0.18929452 -0.012134158 0.37600002
-0.18439752 -0.012029274 0.37275001
-0.17846401 -0.01185178 0.36725003
-0.17560923 -0.011875984 0.36800003
-0.17332686 -0.011940527 0.37
-0.17342299 -0.012174497 0.37725002
-0.17158842 -0.01227938 0.38050002
-0.16870204 -0.012311651 0.38150001
-0.16547306 -0.01231972 0.38175002
-0.16223972 -0.012327788 0.38200003
-0.15931395 -0.01236006 0.38300002
-0.15626889 -0.012384264 0.38375002
-0.1531111 -0.012400399 0.38425002
-0.150042 -0.012424603 0.38500002
-0.14686452 -0.012440738 0.38550001
-0.14377135 -0.012464942 0.38625002
-0.14066507 -0.012489147 0.38700002
-0.13745697 -0.012505282 0.38750002
-0.13441311 -0.012537553 0.38850001
-0.13152039 -0.012585961 0.39000002
-0.12835504 -0.012610165 0.39075002
-0.12477693 -0.012594029 0.39025003
-0.12144078 -0.012602097 0.39050001
-0.11817583 -0.012618233 0.39100003
-0.11534236 -0.012682776 0.39300001
-0.11226034 -0.012723115 0.39425001
-0.10894947 -0.012739252 0.39475003
-0.10569665 -0.012763456 0.3955
-0.10255997 -0.012803796 0.39675003
-0.099401407 -0.012844135 0.39800003
-0.096040219 -0.012860271 0.39850003
-0.092670292 -0.012876406 0.39900002
-0.08929161 -0.012892542 0.39950001
-0.085957877 -0.012916747 0.40025002
-0.082508013 -0.012924815 0.40050003
-0.07910309 -0.01294095 0.40100002
-0.07583081 -0.01298129 0.40225002
-0.072491713 -0.013013561 0.40325001
-0.069049612 -0.013029697 0.40375003
-0.065598764 -0.013045833 0.40425003
-0.062177554 -0.013070038 0.40500003
-0.058779411 -0.013102309 0.40600002
-0.055295754 -0.013118444 0.40650001
-0.051835176 -0.013142648 0.40725002
-0.048391104 -0.01317492 0.40825003
-0.04490209 -0.013199124 0.40900001
-0.041399956 -0.013223328 0.40975001
-0.037861627 -0.013239463 0.41025001
-0.03429367 -0.013247531 0.41050002
-0.030740032 -0.013263667 0.41100001
-0.027177647 -0.013279802 0.41150001
-0.023563541 -0.013271735 0.41125003
-0.02000236 -0.013295939 0.41200003
-0.016438005 -0.01332821 0.41300002
-0.012832865 -0.013336278 0.41325003
-0.009256809 -0.013392754 0.41500002
-0.0056569143 -0.013465364 0.41725001
-0.0020092372 -0.013481501 0.41775003
0.0016462037 -0.013489569 0.41800001
0.0053123613 -0.013513773 0.41875002
0.0089755654 -0.013513773 0.41875002
0.012638769 -0.013513773 0.41875002
0.016331172 -0.013537977 0.41950002
0.020012857 -0.013546045 0.41975003
0.023727126 -0.013570248 0.42050001
0.027470814 -0.01360252 0.42150003
0.031213516 -0.013626724 0.42225003
0.034928005 -0.013634792 0.42250001
0.038669724 -0.013650927 0.42300001
0.042445231 -0.013675131 0.42375001
0.046206631 -0.013691267 0.42425001
0.049976781 -0.013707403 0.42475003
0.053787276 -0.013731606 0.42550001
0.057543319 -0.013739674 0.42575002
0.06133971 -0.01375581 0.42625001
0.065183014 -0.013780014 0.42700002
0.068999089 -0.01379615 0.42750001
0.072823919 -0.013812286 0.42800003
0.076702207 -0.013836489 0.42875001
0.08064054 -0.013868761 0.42975003
0.084645465 -0.013909101 0.43100002
0.088620968 -0.013941373 0.43200001
0.0925605 -0.013965576 0.43275002
0.096457496 -0.013981712 0.43325001
0.10036324 -0.013997848 0.43375003
0.10433776 -0.014022051 0.43450001
0.10838763 -0.014054324 0.43550003
0.1125194 -0.014094663 0.43675002
0.11673962 -0.014143071 0.43825004
0.12084854 -0.014175342 0.43925002
0.12525882 -0.014239886 0.44125003
0.12992357 -0.014328633 0.44400004
0.13418436 -0.014368973 0.44525003
0.13838951 -0.014401244 0.44625002
0.14269185 -0.014441584 0.44750002
0.14685228 -0.014465787 0.44825003
0.15085763 -0.014473855 0.44850001
0.15495364 -0.014489992 0.44900003
0.15914688 -0.014514196 0.44975004
0.16353452 -0.014554535 0.45100003
0.16794403 -0.014594875 0.45225003
0.17228039 -0.014627147 0.45325002
0.17624539 -0.014627147 0.45325002
0.18040921 -0.014643282 0.45375001
0.18488652 -0.014683621 0.45500001
0.18917815 -0.014707825 0.45575002
0.19380079 -0.014756233 0.45725003
0.19844967 -0.01480464 0.45875001
0.20279379 -0.014828844 0.45950001
0.206926 -0.014836912 0.45975003
0.21094787 -0.014836912 0.45975003
0.21496975 -0.014836912 0.45975003
0.21899161 -0.014836912 0.45975003
0.22289221 -0.014828844 0.45950001
0 -0 0
0 -0 0
0 -0 0
0 -0 0
0 -0 0
0 -0 0
0 -0 0
0 -0 0
0 -0 0
0 -0 0
0 -0 0
0 -0 0
0 -0 0
0 -0 0
0 -0 0
0 -0 0
0 -0 0
0 -0 0
0 -0 0
0 -0 0
0 -0 0
0 -0 0
0 -0 0
-0 -0 0
-0 -0 0
-0 -0 0
-0 -0 0
-0 -0 0
-0 -0 0
-0 -0 0
-0 -0 0
-0 -0 0
-0 -0 0
-0 -0 0
-0 -0 0
-0.21962923 -0.0086180335 0.36625001
-0.21716395 -0.0086474465 0.36750001
-0.21453127 -0.0086709773 0.36850002
-0.21159434 -0.0086827427 0.36900002
-0.20878986 -0.0087003903 0.36975002
-0.20611124 -0.0087239211 0.37075001
-0.20355192 -0.0087533342 0.37200001
-0.20056692 -0.0087650996 0.37250003
-0.19757313 -0.008776865 0.37300003
-0.19483107 -0.0088003948 0.37400001
-0.1919435 -0.0088180425 0.37475002
-0.18904279 -0.008835691 0.37550002
-0.18229507 -0.0086709773 0.36850002
-0.17822103 -0.0086297989 0.36675003
-0.17668292 -0.0087121557 0.37025002
-0.17484933 -0.0087827472 0.37325001
-0.17411254 -0.0089121647 0.37875003
-0.17158842 -0.0089533431 0.38050002
-0.16859148 -0.0089709908 0.38125002
-0.16547306 -0.0089827562 0.38175002
-0.16223972 -0.0089886393 0.38200003
-0.15931395 -0.0090121692 0.38300002
-0.1563707 -0.0090356991 0.384
-0.1531111 -0.0090415822 0.38425002
-0.15013944 -0.009065113 0.38525003
-0.14695977 -0.0090768784 0.38575003
-0.14367829 -0.0090827607 0.38600001
-0.14057419 -0.0091004083 0.38675001
-0.13754566 -0.0091239391 0.38775003
-0.13441311 -0.0091415867 0.38850001
-0.13135177 -0.0091651175 0.38950002
-0.12827292 -0.0091886474 0.39050001
-0.12485685 -0.0091886474 0.39050001
-0.12151852 -0.0091945305 0.39075002
-0.1184025 -0.0092180604 0.39175001
-0.11548911 -0.0092592388 0.39350003
-0.11233153 -0.0092827696 0.39450002
-0.10908747 -0.0093004173 0.39525002
-0.10583027 -0.0093180658 0.39600003
-0.10255997 -0.0093357135 0.39675003
-0.099338964 -0.0093592433 0.39775002
-0.095979966 -0.0093710087 0.39825001
-0.092670292 -0.0093886564 0.39900002
-0.08929161 -0.0094004218 0.39950001
-0.085904181 -0.0094121872 0.40000001
-0.082456507 -0.0094180694 0.40025002
-0.079152405 -0.0094416002 0.40125
-0.075877942 -0.0094710132 0.40250003
-0.072491713 -0.0094886608 0.40325001
-0.069049612 -0.0095004262 0.40375003
-0.065598764 -0.0095121916 0.40425003
-0.062177554 -0.0095298393 0.40500003
-0.058743216 -0.0095474869 0.40575001
-0.05526175 -0.0095592523 0.40625003
-0.051771536 -0.0095710177 0.40675002
-0.048331834 -0.0095945476 0.40775001
-0.044874646 -0.0096180784 0.40875003
-0.041374698 -0.0096357269 0.40950003
-0.037838556 -0.0096474923 0.41000003
-0.034272783 -0.0096533736 0.41025001
-0.030740032 -0.0096710222 0.41100001
-0.027161136 -0.0096769053 0.41125003
-0.023563541 -0.0096769053 0.41125003
-0.020014497 -0.0097004352 0.41225001
-0.016438005 -0.0097180828 0.41300002
-0.012840628 -0.0097298482 0.41350001
-0.0092679616 -0.0097769089 0.41550002
-0.0056501357 -0.0098063219 0.41675001
-0.0020068323 -0.0098180873 0.41725001
0.0016442345 -0.0098239705 0.41750002
0.0053091897 -0.0098475004 0.41850001
0.0089809243 -0.0098592658 0.41900003
0.01265386 -0.009865148 0.41925001
0.016331172 -0.0098710312 0.41950002
0.020012857 -0.0098769143 0.41975003
0.023727126 -0.009894561 0.42050001
0.02745452 -0.0099122096 0.42125002
0.031213516 -0.0099357404 0.42225003
0.034907341 -0.0099357404 0.42225003
0.038624015 -0.0099416226 0.42250001
0.042395148 -0.0099592702 0.42325002
0.046124946 -0.0099651534 0.42350003
0.049917948 -0.0099828001 0.42425001
0.053787276 -0.010012214 0.42550001
0.057577111 -0.010023979 0.42600003
0.061303739 -0.010023979 0.42600003
0.06510669 -0.010035745 0.42650002
0.068999089 -0.010059275 0.42750001
0.072866455 -0.010076922 0.42825001
0.076657489 -0.010082806 0.42850003
0.080546722 -0.010100453 0.42925003
0.084498167 -0.010123984 0.43025002
0.088518403 -0.010153397 0.43150002
0.092453562 -0.010171045 0.43225002
0.096290521 -0.010176928 0.43250003
0.1001897 -0.010188692 0.43300003
0.10421769 -0.010212223 0.43400002
0.10844985 -0.010253401 0.43575001
0.11271262 -0.01029458 0.43750003
0.1169394 -0.010329875 0.43900001
0.12091733 -0.010341641 0.43950003
0.12532978 -0.010388701 0.44150001
0.12999672 -0.01045341 0.44425002
0.1342597 -0.010482823 0.44550002
0.13831198 -0.010494588 0.44600001
0.14253242 -0.010518119 0.44700003
0.14685228 -0.010547532 0.44825003
0.15085763 -0.010553414 0.44850001
0.15503992 -0.010571063 0.44925001
0.1593238 -0.010594593 0.45025003
0.16353452 -0.010612241 0.45100003
0.16785118 -0.010635772 0.45200002
0.17209035 -0.010653419 0.45275003
0.17624539 -0.010665185 0.45325002
0.18040921 -0.010676949 0.45375001
0.18488652 -0.010706362 0.45500001
0.18917815 -0.010724011 0.45575002
0.19380079 -0.010759306 0.45725003
0.19834153 -0.010788719 0.45850003
0.20279379 -0.01081225 0.45950001
0.20681348 -0.01081225 0.45950001
0.21094787 -0.010818132 0.45975003
0.21508664 -0.010824014 0.46000001
0.21911068 -0.010824014 0.46000001
0 -0 0
0 -0 0
0 -0 0
0 -0 0
0 -0 0
0 -0 0
0 -0 0
0 -0 0
0 -0 0
0 -0 0
0 -0 0
0 -0 0
0 -0 0
0 -0 0
0 -0 0
0 -0 0
0 -0 0
0 -0 0
0 -0 0
0 -0 0
0 -0 0
0 -0 0
0 -0 0
0 -0 0
-0 -0 0
-0 -0 0
-0 -0 0
-0 -0 0
-0 -0 0
-0 -0 0
-0 -0 0
-0 -0 0
-0 -0 0
-0 -0 0
-0 -0 0
-0.22237684 -0.0054054665 0.3655
-0.21962923 -0.0054165586 0.36625001
-0.21745943 -0.00544244 0.36800003
-0.2146768 -0.0054535316 0.36875001
-0.21173771 -0.0054609263 0.36925003
-0.20878986 -0.005468321 0.36975002
-0.2063892 -0.0054905047 0.37125
-0.20368873 -0.0055052941 0.37225002
-0.20070152 -0.0055126883 0.37275001
-0.19770554 -0.005520083 0.37325001
-0.19483107 -0.0055311751 0.37400001
-0.19181544 -0.0055385698 0.37450001
-0.18853934 -0.0055385698 0.37450001
-0.18105833 -0.0054128612 0.36600003
-0.17797805 -0.0054165586 0.36625001
-0.17680223 -0.0054794131 0.37050003
-0.17590337 -0.0055533592 0.37550002
-0.17422746 -0.0056051211 0.37900001
-0.17158842 -0.0056273052 0.38050002
-0.16848093 -0.0056346999 0.38100001
-0.16536468 -0.0056420942 0.38150001
-0.16202734 -0.0056420942 0.38150001
-0.15910597 -0.0056568836 0.38250002
-0.15626889 -0.0056753703 0.38375002
-0.15301149 -0.0056790672 0.384
-0.150042 -0.0056938566 0.38500002
-0.14676929 -0.0056975544 0.38525003
-0.14358525 -0.0057049487 0.38575003
-0.14048332 -0.0057160407 0.38650003
-0.13745697 -0.0057308297 0.38750002
-0.13441311 -0.0057456191 0.38850001
-0.13109885 -0.0057493164 0.38875002
-0.12786232 -0.0057567111 0.38925001
-0.12469698 -0.0057678027 0.39000002
-0.12144078 -0.0057751974 0.39050001
-0.11847807 -0.0057973815 0.39200002
-0.11548911 -0.0058195656 0.39350003
-0.11226034 -0.0058306572 0.39425001
-0.10901847 -0.0058417493 0.39500001
-0.10569665 -0.0058491435 0.3955
-0.10255997 -0.0058676307 0.39675003
-0.099338964 -0.0058824196 0.39775002
-0.095979966 -0.0058898139 0.39825001
-0.092612222 -0.0058972086 0.39875001
-0.08929161 -0.0059083006 0.39950001
-0.085904181 -0.0059156953 0.40000001
-0.082508013 -0.00592309 0.40050003
-0.079152405 -0.0059341816 0.40125
-0.075877942 -0.0059526688 0.40250003
-0.072491713 -0.0059637604 0.40325001
-0.069092363 -0.005974852 0.40400001
-0.065598764 -0.0059785498 0.40425003
-0.062139172 -0.0059859441 0.40475002
-0.058670826 -0.0059933388 0.40525001
-0.055193733 -0.0060007335 0.40575001
-0.051707897 -0.0060081282 0.40625003
-0.048272569 -0.0060229171 0.40725002
-0.044819754 -0.006037707 0.40825003
-0.04132418 -0.0060487986 0.40900001
-0.037815485 -0.0060598901 0.40975001
-0.034251899 -0.006063588 0.41000003
-0.030702636 -0.0060709822 0.41050002
-0.027144626 -0.0060783769 0.41100001
-0.023563541 -0.0060820743 0.41125003
-0.020014497 -0.0060968632 0.41225001
-0.016438005 -0.0061079552 0.41300002
-0.012848392 -0.0061190473 0.41375002
-0.009256809 -0.006137534 0.41500002
-0.0056467466 -0.0061597181 0.41650003
-0.0020056299 -0.0061671124 0.41700003
0.0016442345 -0.0061745071 0.41750002
0.0053091897 -0.006189296 0.41850001
0.0089862831 -0.0062003881 0.41925001
0.012661406 -0.0062040854 0.41950002
0.016340904 -0.0062077832 0.41975003
0.020036696 -0.0062151775 0.42025003
0.023755342 -0.0062262695 0.42100003
0.027503401 -0.0062410585 0.42200002
0.031231996 -0.0062484532 0.42250001
0.034928005 -0.0062484532 0.42250001
0.038669724 -0.0062558479 0.42300001
0.04242019 -0.0062632426 0.42350003
0.046124946 -0.0062632426 0.42350003
0.049917948 -0.0062743342 0.42425001
0.053787276 -0.0062928209 0.42550001
0.057610895 -0.0063039125 0.42625001
0.061375689 -0.0063076103 0.42650002
0.065183014 -0.0063150045 0.42700002
0.068999089 -0.0063223992 0.42750001
0.072823919 -0.0063297944 0.42800003
0.076657489 -0.0063371886 0.42850003
0.080499806 -0.0063445834 0.42900002
0.084301777 -0.0063482807 0.42925003
0.088313259 -0.0063667675 0.43050003
0.092293143 -0.0063815564 0.43150002
0.096123546 -0.0063852537 0.43175003
0.10007401 -0.0063963458 0.43250003
0.10415766 -0.0064148325 0.43375003
0.10832541 -0.0064370157 0.43525001
0.11284143 -0.0064776866 0.43800002
0.117006 -0.0064961729 0.43925002
0.12084854 -0.0064961729 0.43925002
0.12518784 -0.0065220539 0.44100001
0.12985042 -0.0065627247 0.44375002
0.13410902 -0.006581211 0.44500002
0.13823445 -0.006592303 0.44575003
0.14229327 -0.0065996978 0.44625002
0.14652467 -0.0066144867 0.44725001
0.15085763 -0.006632973 0.44850001
0.15503992 -0.006644065 0.44925001
0.15914688 -0.0066514602 0.44975004
0.1633532 -0.0066625518 0.45050001
0.16775835 -0.0066810381 0.45175001
0.1719003 -0.0066884332 0.45225003
0.17624539 -0.0067032222 0.45325002
0.18030982 -0.0067069195 0.45350003
0.18458176 -0.0067180111 0.45425001
0.18897061 -0.006732801 0.45525002
0.19348291 -0.0067512873 0.45650002
0.19823338 -0.0067771683 0.45825002
0.20290413 -0.0067993524 0.45975003
0.20703852 -0.0068030492 0.46000001
0.21094787 -0.0067993524 0.45975003
0.21496975 -0.0067993524 0.45975003
0.21934886 -0.0068104444 0.46050003
0 -0 0
0 -0 0
0 -0 0
0 -0 0
0 -0 0
0 -0 0
0 -0 0
0 -0 0
0 -0 0
0 -0 0
0 -0 0
0 -0 0
0 -0 0
0 -0 0
0 -0 0
0 -0 0
0 -0 0
0 -0 0
0 -0 0
0 -0 0
0 -0 0
0 -0 0
0 -0 0
0 -0 0
-0 -0 0
-0 -0 0
-0 -0 0
-0 -0 0
-0 -0 0
-0 -0 0
-0 -0 0
-0 -0 0
-0 -0 0
-0 -0 0
-0.22742574 -0.0022286912 0.36850002
-0.22405 -0.0022271792 0.36825001
-0.21992907 -0.0022181072 0.36675003
-0.21745943 -0.0022256672 0.36800003
-0.21496791 -0.0022332272 0.36925003
-0.21202441 -0.0022362513 0.36975002
-0.20893103 -0.002237763 0.37
-0.20625022 -0.0022438113 0.37100002
-0.20382552 -0.0022528833 0.37250003
-0.20110534 -0.0022589313 0.37350002
-0.1981028 -0.0022619553 0.37400001
-0.19496132 -0.0022634673 0.37425002
-0.19168741 -0.0022634673 0.37425002
-0.1874066 -0.0022513713 0.37225002
-0.181182 -0.002215083 0.36625001
-0.17858548 -0.002222643 0.36750001
-0.17704083 -0.0022438113 0.37100002
-0.17684026 -0.0022831233 0.37750003
-0.17457224 -0.0022967313 0.37975001
-0.17158842 -0.0023012673 0.38050002
-0.16859148 -0.0023058034 0.38125002
-0.16525632 -0.0023058034 0.38125002
-0.16181499 -0.0023042914 0.38100001
-0.15869001 -0.0023073151 0.38150001
-0.15586168 -0.0023148751 0.38275
-0.15281224 -0.0023194111 0.38350001
-0.14955485 -0.0023209234 0.38375002
-0.14638831 -0.0023239474 0.38425002
-0.14339913 -0.0023299954 0.38525003
-0.14039245 -0.0023360434 0.38625002
-0.13736829 -0.0023420912 0.38725001
-0.13432662 -0.0023481394 0.38825002
-0.13093023 -0.0023481394 0.38825002
-0.12761596 -0.0023496512 0.38850001
-0.12445719 -0.0023541872 0.38925001
-0.12144078 -0.0023617472 0.39050001
-0.11862919 -0.0023738435 0.39250001
-0.11548911 -0.0023798915 0.39350003
-0.11226034 -0.0023844272 0.39425001
-0.10894947 -0.0023874515 0.39475003
-0.10569665 -0.0023919872 0.3955
-0.10255997 -0.0023995475 0.39675003
-0.09927652 -0.0024040833 0.39750001
-0.095979966 -0.0024086195 0.39825001
-0.092670292 -0.0024131555 0.39900002
-0.089347489 -0.0024176915 0.39975002
-0.085904181 -0.0024192033 0.40000001
-0.082456507 -0.0024207155 0.40025002
-0.079053774 -0.0024237393 0.40075001
-0.075736552 -0.0024297875 0.40175003
-0.072356887 -0.0024343235 0.40250003
-0.06900686 -0.0024403716 0.40350002
-0.065558195 -0.0024433956 0.40400001
-0.062062413 -0.0024449076 0.40425003
-0.058634635 -0.0024494436 0.40500003
-0.055159729 -0.0024524676 0.40550002
-0.051644251 -0.0024539793 0.40575001
-0.048213303 -0.0024600276 0.40675002
-0.044792306 -0.0024675876 0.40800002
-0.04132418 -0.0024736354 0.40900001
-0.037792414 -0.0024766596 0.40950003
-0.034251899 -0.0024796836 0.41000003
-0.030683937 -0.0024811954 0.41025001
-0.027128115 -0.0024842196 0.41075003
-0.023563541 -0.0024872436 0.41125003
-0.020014497 -0.0024932914 0.41225001
-0.016438005 -0.0024978276 0.41300002
-0.012840628 -0.0025008514 0.41350001
-0.0092512323 -0.0025084114 0.41475001
-0.0056399675 -0.0025159714 0.41600001
-0.0020044274 -0.0025205077 0.41675001
0.0016432499 -0.0025235314 0.41725001
0.0053060185 -0.0025295797 0.41825002
0.0089809243 -0.0025341157 0.41900003
0.012646316 -0.0025341157 0.41900003
0.016331172 -0.0025371397 0.41950002
0.020024775 -0.0025401637 0.42000002
0.023727126 -0.0025431875 0.42050001
0.027503401 -0.0025522597 0.42200002
0.031250477 -0.0025567957 0.42275003
0.034948673 -0.0025567957 0.42275003
0.038715433 -0.0025613317 0.42350003
0.042470273 -0.0025643557 0.42400002
0.046179403 -0.0025643557 0.42400002
0.049976781 -0.0025688917 0.42475003
0.053818878 -0.0025749397 0.42575002
0.057644688 -0.0025794758 0.42650002
0.061411668 -0.0025809878 0.42675003
0.065183014 -0.0025824998 0.42700002
0.069039442 -0.0025870358 0.42775002
0.072866455 -0.0025900598 0.42825001
0.076657489 -0.0025915718 0.42850003
0.080405988 -0.0025915718 0.42850003
0.08410538 -0.0025900598 0.42825001
0.088108115 -0.0025976195 0.42950001
0.092079252 -0.0026036678 0.43050003
0.095956564 -0.0026066918 0.43100002
0.099900469 -0.0026112278 0.43175003
0.10403759 -0.0026202996 0.43325001
0.10820097 -0.0026293718 0.43475002
0.11271262 -0.0026460038 0.43750003
0.11687281 -0.0026535639 0.43875003
0.12091733 -0.0026580999 0.43950003
0.12518784 -0.0026671716 0.44100001
0.12963094 -0.0026792679 0.44300002
0.13395834 -0.0026883399 0.44450003
0.13823445 -0.0026958999 0.44575003
0.142373 -0.0027004359 0.44650003
0.14636086 -0.0027019477 0.44675002
0.15060537 -0.0027079959 0.44775003
0.15495364 -0.002715556 0.44900003
0.15914688 -0.002720092 0.44975004
0.16326256 -0.002723116 0.45025003
0.16757268 -0.002729164 0.45125002
0.17180526 -0.0027337 0.45200002
0.17643982 -0.0027442838 0.45375001
0.18070741 -0.00274882 0.45450002
0.18458176 -0.0027473078 0.45425001
0.18845175 -0.002745796 0.45400003
0.19316503 -0.00275638 0.45575002
0.19823338 -0.0027714998 0.45825002
0.20279379 -0.0027790598 0.45950001
0.20681348 -0.0027790598 0.45950001
0.21060374 -0.002776036 0.45900002
0.21461906 -0.002776036 0.45900002
0 -0 0
0 -0 0
0 -0 0
0 -0 0
0 -0 0
0 -0 0
0 -0 0
0 -0 0
0 -0 0
0 -0 0
0 -0 0
0 -0 0
0 -0 0
0 -0 0
0 -0 0
0 -0 0
0 -0 0
0 -0 0
0 -0 0
0 -0 0
0 -0 0
0 -0 0
0 -0 0
0 -0 0
0 -0 0
-0 0 0
-0 0 0
-0 0 0
-0 0 0
-0 0 0
-0 0 0
-0 0 0
-0 0 0
-0 0 0
-0 0 0
-0.2263457 0.00098773872 0.36675003
-0.22359368 0.00098975853 0.36750001
-0.22082856 0.00099177845 0.36825001
-0.21775489 0.00099245179 0.36850002
-0.21525899 0.00099581829 0.36975002
-0.21231112 0.00099716499 0.37025002
-0.2090722 0.00099716499 0.37025002
-0.2063892 0.00099985814 0.37125
-0.20396231 0.001003898 0.37275001
-0.20110534 0.0010059179 0.37350002
-0.19823523 0.0010079378 0.37425002
-0.19522178 0.0010092844 0.37475002
-0.19104716 0.0010045713 0.37300003
-0.18463767 0.00098773872 0.36675003
-0.18105833 0.0009857188 0.36600003
-0.17870697 0.00099043187 0.36775002
-0.17835313 0.0010065913 0.37375003
-0.17742583 0.0010200574 0.37875003
-0.17445733 0.0010220773 0.37950003
-0.17147568 0.0010240971 0.38025001
-0.16859148 0.0010267904 0.38125002
-0.16536468 0.0010274636 0.38150001
-0.16202734 0.0010274636 0.38150001
-0.158898 0.0010288103 0.38200003
-0.15586168 0.0010308302 0.38275
-0.15271264 0.0010321768 0.38325003
-0.14945741 0.0010328501 0.38350001
-0.14638831 0.00103487 0.38425002
-0.14349219 0.0010382365 0.38550001
-0.14030159 0.0010395831 0.38600001
-0.13719092 0.001041603 0.38675001
-0.13406713 0.001043623 0.38750002
-0.13067731 0.001043623 0.38750002
-0.12745172 0.0010449695 0.38800001
-0.12429732 0.0010469895 0.38875002
-0.12175177 0.0010543959 0.39150003
-0.11878031 0.0010584356 0.39300001
-0.11548911 0.0010597823 0.39350003
-0.11226034 0.0010618021 0.39425001
-0.10908747 0.0010644954 0.39525002
-0.10583027 0.0010665153 0.39600003
-0.10249534 0.001067862 0.39650002
-0.099151649 0.0010692086 0.39700001
-0.095919721 0.0010719019 0.39800003
-0.092612222 0.0010739217 0.39875001
-0.089347489 0.0010766149 0.39975002
-0.085957877 0.0010779615 0.40025002
-0.082508013 0.0010786349 0.40050003
-0.079004459 0.0010786349 0.40050003
-0.07554803 0.0010793081 0.40075001
-0.07213217 0.0010806548 0.40125
-0.068750322 0.0010826747 0.40200001
-0.065477058 0.0010867146 0.40350002
-0.062062413 0.0010887345 0.40425003
-0.05859844 0.0010900811 0.40475002
-0.055125721 0.0010914276 0.40525001
-0.051676076 0.0010934476 0.40600002
-0.048213303 0.0010954675 0.40675002
-0.044709966 0.0010968141 0.40725002
-0.041248403 0.0010995073 0.40825003
-0.037746266 0.0011015272 0.40900001
-0.034168359 0.0011015272 0.40900001
-0.030627845 0.0011028739 0.40950003
-0.027062068 0.0011035472 0.40975001
-0.023420297 0.0011008539 0.40875003
-0.019844575 0.0011008539 0.40875003
-0.016268849 0.0011008539 0.40875003
-0.012700887 0.0011015272 0.40900001
-0.0091285519 0.0011022006 0.40925002
-0.0055450643 0.0011015272 0.40900001
-0.001951521 0.0010927742 0.40575001
0.001601898 0.0010954675 0.40675002
0.005163298 0.0010961407 0.40700001
0.008670128 0.0010894077 0.40450001
0.012170946 0.0010860412 0.40325001
0.01563043 0.001081328 0.40150002
0.01916657 0.0010826747 0.40200001
0.022528077 0.0010752684 0.39925003
0.026069572 0.0010772882 0.40000001
0.030548221 0.0011129734 0.41325003
0.034886669 0.0011365392 0.42200002
0.038692579 0.0011399057 0.42325002
0.042520355 0.0011432722 0.42450002
0.046233859 0.0011432722 0.42450002
0.049976781 0.0011439455 0.42475003
0.053787276 0.0011459653 0.42550001
0.057644688 0.0011486586 0.42650002
0.061411668 0.0011493319 0.42675003
0.065183014 0.0011500051 0.42700002
0.069079794 0.0011526984 0.42800003
0.07290899 0.0011540451 0.42850003
0.076657489 0.0011540451 0.42850003
0.080452889 0.0011547183 0.42875001
0.084154479 0.0011540451 0.42850003
0.088108115 0.0011567383 0.42950001
0.092025779 0.0011587582 0.43025002
0.095900901 0.0011601048 0.43075001
0.099784777 0.0011614513 0.43125001
0.10379747 0.0011641446 0.43225002
0.10844985 0.0011735709 0.43575001
0.1125838 0.0011769374 0.43700001
0.117006 0.0011829971 0.43925002
0.12126123 0.001187037 0.44075003
0.12532978 0.0011890569 0.44150001
0.12948464 0.0011917502 0.44250003
0.13395834 0.0011971366 0.44450003
0.13807939 0.0011991565 0.44525003
0.14213385 0.0012005031 0.44575003
0.14627896 0.001202523 0.44650003
0.15060537 0.0012058896 0.44775003
0.15495364 0.0012092561 0.44900003
0.1593238 0.0012126226 0.45025003
0.16362517 0.0012153158 0.45125002
0.16775835 0.0012166623 0.45175001
0.17180526 0.0012173357 0.45200002
0.17643982 0.0012220489 0.45375001
0.18070741 0.0012240688 0.45450002
0.18458176 0.0012233955 0.45425001
0.18855551 0.0012233955 0.45425001
0.19284715 0.0012254154 0.45500001
0.19823338 0.0012341683 0.45825002
0.20268346 0.0012368616 0.45925003
0.20658845 0.0012361882 0.45900002
0.21014492 0.0012334951 0.45800003
0.2138008 0.0012314752 0.45725003
0 0 0
0 0 0
0 0 0
0 0 0
0 0 0
0 0 0
0 0 0
0 0 0
0 0 0
0 0 0
0 0 0
0 0 0
0 0 0
0 0 0
0 0 0
0 0 0
0 0 0
0 0 0
0 0 0
0 0 0
0 0 0
0 0 0
0 0 0
0 0 0
0 0 0
-0 0 0
-0 0 0
-0 0 0
-0 0 0
-0 0 0
-0 0 0
-0 0 0
-0 0 0
-0 0 0
-0.22767626 0.004159281 0.36375001
-0.22557424 0.004179291 0.3655
-0.22328947 0.0041964427 0.36700001
-0.2209785 0.0042135948 0.36850002
-0.21775489 0.0042135948 0.36850002
-0.21496791 0.0042221704 0.36925003
-0.21245448 0.0042364635 0.37050003
-0.20921338 0.0042364635 0.37050003
-0.2063892 0.0042450391 0.37125
-0.20382552 0.0042593325 0.37250003
-0.20097072 0.0042679082 0.37325001
-0.19823523 0.0042793429 0.37425002
-0.19509155 0.0042822012 0.37450001
-0.19002278 0.0042421808 0.37100002
-0.18438594 0.004187867 0.36625001
-0.18105833 0.0041850088 0.36600003
-0.17943591 0.0042221704 0.36925003
-0.17930751 0.0042964942 0.37575001
-0.17742583 0.0043307976 0.37875003
-0.17434239 0.004336515 0.37925002
-0.17136295 0.0043450911 0.38000003
-0.1683704 0.0043536667 0.38075003
-0.16525632 0.0043593841 0.38125002
-0.16213353 0.004365101 0.38175002
-0.15900198 0.0043708184 0.38225001
-0.15586168 0.0043765353 0.38275
-0.15271264 0.0043822527 0.38325003
-0.14955485 0.0043879701 0.38375002
-0.14657879 0.0043994044 0.38475001
-0.14358525 0.0044108392 0.38575003
-0.14039245 0.0044165561 0.38625002
-0.13710225 0.0044194148 0.38650003
-0.13389415 0.0044251322 0.38700002
-0.13050869 0.0044251322 0.38700002
-0.1273696 0.0044337078 0.38775003
-0.12429732 0.0044451421 0.38875002
-0.12175177 0.0044765868 0.39150003
-0.11855363 0.0044851629 0.39225003
-0.11526898 0.0044908803 0.39275002
-0.11204679 0.0044994559 0.39350003
-0.10867348 0.0045023146 0.39375001
-0.10562984 0.0045194663 0.39525002
-0.10230146 0.0045251832 0.39575002
-0.098901898 0.0045280419 0.39600003
-0.095618464 0.004536618 0.39675003
-0.091973521 0.0045280419 0.39600003
-0.088621087 0.0045337593 0.39650002
-0.085098833 0.0045309006 0.39625001
-0.081529453 0.0045251832 0.39575002
-0.078116767 0.0045280419 0.39600003
-0.07460545 0.0045251832 0.39575002
-0.070918739 0.0045108902 0.39450002
-0.067296654 0.0044994559 0.39350003
-0.063976035 0.0045080315 0.39425001
-0.059989825 0.0044680112 0.39075002
-0.056426782 0.0044565764 0.38975
-0.05277922 0.0044365665 0.38800001
-0.049257737 0.0044251322 0.38700002
-0.045813013 0.0044194148 0.38650003
-0.042157464 0.0043908283 0.384
-0.038722474 0.0043822527 0.38325003
-0.035392892 0.0043851114 0.38350001
-0.031829204 0.0043565254 0.38100001
-0.028496234 0.0043565254 0.38100001
-0.02496513 0.004322222 0.37800002
-0.021629754 0.0043165046 0.37750003
-0.018327406 0.0043165046 0.37750003
-0.015054905 0.0043250807 0.37825003
-0.011722703 0.0043165046 0.37750003
-0.0084091974 0.0043107872 0.377
-0.0051112203 0.0043107872 0.377
-0.0018108384 0.0043050703 0.37650001
0.0014867031 0.0043165046 0.37750003
0.0047953976 0.004322222 0.37800002
0.0081235571 0.0043336563 0.37900001
0.011469211 0.0043450911 0.38000003
0.014812898 0.004350808 0.38050002
0.018153412 0.0043536667 0.38075003
0.021512408 0.0043593841 0.38125002
0.025026791 0.0043908283 0.384
0.029199144 0.0045166076 0.39500001
0.034845337 0.0048196204 0.42150003
0.038761143 0.0048482064 0.42400002
0.042620521 0.0048653581 0.42550001
0.046342772 0.0048653581 0.42550001
0.050065026 0.0048653581 0.42550001
0.053818878 0.0048682168 0.42575002
0.057644688 0.0048767929 0.42650002
0.061483618 0.0048853685 0.42725003
0.065183014 0.0048825098 0.42700002
0.068999089 0.0048882272 0.42750001
0.07290899 0.0048996615 0.42850003
0.076657489 0.0048996615 0.42850003
0.080452889 0.0049025202 0.42875001
0.084252678 0.0049053789 0.42900002
0.088108115 0.0049110958 0.42950001
0.091972306 0.0049168132 0.43000001
0.095789589 0.0049196719 0.43025002
0.099611238 0.0049225306 0.43050003
0.10415766 0.0049596927 0.43375003
0.10851207 0.00498542 0.43600002
0.11284143 0.0050082887 0.43800002
0.11727237 0.0050340164 0.44025001
0.12133001 0.0050425921 0.44100001
0.12532978 0.0050483095 0.44150001
0.12955779 0.0050626025 0.44275001
0.13388298 0.0050797542 0.44425002
0.13800186 0.0050883298 0.44500002
0.14205413 0.0050940472 0.44550002
0.14644277 0.0051111989 0.44700003
0.15077354 0.0051254919 0.44825003
0.15503992 0.0051369262 0.44925001
0.15976611 0.005162654 0.45150003
0.16380647 0.0051655122 0.45175001
0.16775835 0.0051655122 0.45175001
0.1719003 0.0051712301 0.45225003
0.17614818 0.0051798052 0.45300001
0.180608 0.0051940987 0.45425001
0.18488652 0.0052026743 0.45500001
0.18897061 0.005205533 0.45525002
0.193271 0.0052141091 0.45600003
0.19790894 0.0052312603 0.45750001
0.20257312 0.0052484125 0.45900002
0.20647591 0.0052455533 0.45875001
0.21003021 0.005234119 0.45775002
0.21309942 0.0052112504 0.45575002
0 0 0
0 0 0
0 0 0
0 0 0
0 0 0
0 0 0
0 0 0
0 0 0
0 0 0
0 0 0
0 0 0
0 0 0
0 0 0
0 0 0
0 0 0
0 0 0
0 0 0
0 0 0
0 0 0
0 0 0
0 0 0
0 0 0
0 0 0
0 0 0
0 0 0
-0 0 0
-0 0 0
-0 0 0
-0 0 0
-0 0 0
-0 0 0
-0 0 0
-0 0 0
-0 0 0
-0.22830218 0.0073590796 0.36475003
-0.22603711 0.0073893424 0.36625001
-0.22328947 0.0074044745 0.36700001
-0.22067866 0.0074246502 0.36800003
-0.21775489 0.0074347379 0.36850002
-0.21482235 0.007444826 0.36900002
-0.21245448 0.0074750893 0.37050003
-0.20949571 0.0074851774 0.37100002
-0.2063892 0.0074902209 0.37125
-0.20368873 0.0075103967 0.37225002
-0.20097072 0.0075305724 0.37325001
-0.19823523 0.0075507481 0.37425002
-0.19431014 0.0075255288 0.37300003
-0.18758987 0.0073893424 0.36625001
-0.18400836 0.0073742107 0.3655
-0.18155302 0.0074044745 0.36700001
-0.1802863 0.0074851774 0.37100002
-0.17990401 0.0076062311 0.377
-0.17730871 0.0076364945 0.37850001
-0.17445733 0.0076566706 0.37950003
-0.17147568 0.0076718018 0.38025001
-0.1683704 0.0076818904 0.38075003
-0.1650396 0.0076818904 0.38075003
-0.16213353 0.0077020656 0.38175002
-0.15910597 0.0077171978 0.38250002
-0.1559635 0.0077272854 0.38300002
-0.15271264 0.0077323294 0.38325003
-0.14955485 0.007742417 0.38375002
-0.14629306 0.0077474606 0.384
-0.14339913 0.0077726808 0.38525003
-0.14039245 0.0077928561 0.38625002
-0.13727961 0.0078079882 0.38700002
-0.13398063 0.0078130318 0.38725001
-0.13042438 0.0078029442 0.38675001
-0.124249 0.0076314509 0.37825003
-0.11966115 0.0075507481 0.37425002
-0.11599849 0.0075255288 0.37300003
-0.11250883 0.0075103967 0.37225002
-0.10954589 0.0075305724 0.37325001
-0.10549768 0.0074750893 0.37050003
-0.10170458 0.0074347379 0.36850002
-0.098614573 0.007444826 0.36900002
-0.095321961 0.0074397814 0.36875001
-0.091471761 0.0073893424 0.36625001
-0.088147327 0.0073792548 0.36575001
-0.08483164 0.0073691672 0.36525002
-0.081636451 0.0073691672 0.36525002
-0.078494944 0.0073742107 0.3655
-0.075297572 0.0073742107 0.3655
-0.072001562 0.0073641231 0.36500001
-0.068808563 0.0073641231 0.36500001
-0.065345913 0.0073338598 0.36350003
-0.062251538 0.0073439474 0.36400002
-0.059229556 0.0073641231 0.36500001
-0.056074943 0.0073691672 0.36525002
-0.052952141 0.0073792548 0.36575001
-0.049888611 0.007399431 0.36675003
-0.046712115 0.0074044745 0.36700001
-0.043649781 0.0074296938 0.36825001
-0.040510688 0.007444826 0.36900002
-0.037307955 0.00744987 0.36925003
-0.034100845 0.0074549136 0.36950001
-0.03091025 0.0074650012 0.37
-0.027729604 0.0074801329 0.37075001
-0.024519322 0.0074902209 0.37125
-0.021300295 0.007500309 0.37175003
-0.018096795 0.0075204843 0.37275001
-0.014875798 0.0075406604 0.37375003
-0.011621778 0.0075507481 0.37425002
-0.0083645871 0.0075658802 0.37500003
-0.0050908844 0.0075759678 0.37550002
-0.0018096361 0.0075910995 0.37625003
0.0014857185 0.0076112752 0.37725002
0.0047890544 0.0076163192 0.37750003
0.0081074815 0.0076314509 0.37825003
0.011446575 0.0076516266 0.37925002
0.014793433 0.0076667583 0.38000003
0.018117655 0.0076667583 0.38000003
0.021484196 0.0076818904 0.38075003
0.024912735 0.0077121533 0.38225001
0.029088262 0.0079391301 0.39350003
0.034907341 0.0085191811 0.42225003
0.038783994 0.0085595315 0.42425001
0.04259548 0.0085797077 0.42525002
0.046370003 0.0085897958 0.42575002
0.050094441 0.0085897958 0.42575002
0.053882081 0.0085998829 0.42625001
0.057712264 0.0086150151 0.42700002
0.061555572 0.0086301472 0.42775002
0.065221183 0.0086200591 0.42725003
0.068999089 0.0086251032 0.42750001
0.07290899 0.0086452784 0.42850003
0.076746933 0.0086553665 0.42900002
0.080499806 0.0086553665 0.42900002
0.084301777 0.0086604105 0.42925003
0.088056833 0.0086604105 0.42925003
0.091972306 0.0086755417 0.43000001
0.095789589 0.0086805858 0.43025002
0.099784777 0.0087007619 0.43125001
0.10451786 0.0087814648 0.43525001
0.10844985 0.0087915519 0.43575001
0.11277702 0.0088319033 0.43775001
0.11713918 0.0088722548 0.43975002
0.12133001 0.008897475 0.44100001
0.12525882 0.008902519 0.44125003
0.12948464 0.0089277383 0.44250003
0.13395834 0.0089680897 0.44450003
0.13800186 0.0089781778 0.44500002
0.14205413 0.0089882649 0.44550002
0.14652467 0.0090235723 0.44725001
0.15085763 0.0090487916 0.44850001
0.1551262 0.0090689678 0.44950002
0.15941225 0.009089143 0.45050001
0.16353452 0.009099232 0.45100003
0.16757268 0.0091042751 0.45125002
0.17171024 0.0091143632 0.45175001
0.17605098 0.0091345394 0.45275003
0.18070741 0.0091698468 0.45450002
0.18519127 0.0091950661 0.45575002
0.18917815 0.0091950661 0.45575002
0.19358887 0.0092152422 0.45675004
0.19790894 0.0092303734 0.45750001
0.20235246 0.0092505496 0.45850003
0.20636341 0.0092505496 0.45850003
0.21025962 0.0092455046 0.45825002
0 0 0
0 0 0
0 0 0
0 0 0
0 0 0
0 0 0
0 0 0
0 0 0
0 0 0
0 0 0
0 0 0
0 0 0
0 0 0
0 0 0
0 0 0
0 0 0
0 0 0
0 0 0
0 0 0
0 0 0
0 0 0
0 0 0
0 0 0
0 0 0
0 0 0
0 0 0
-0 0 0
-0 0 0
-0 0 0
-0 0 0
-0 0 0
-0 0 0
-0 0 0
-0 0 0
-0 0 0
-0.2287716 0.010569129 0.3655
-0.22603711 0.010590817 0.36625001
-0.22328947 0.010612505 0.36700001
-0.22052874 0.010634193 0.36775002
-0.2179026 0.01066311 0.36875001
-0.21525899 0.010692026 0.36975002
-0.21259783 0.010720943 0.37075001
-0.20935453 0.010720943 0.37075001
-0.20625022 0.010728173 0.37100002
-0.20341513 0.010749861 0.37175003
-0.20083612 0.010786007 0.37300003
-0.1981028 0.010814924 0.37400001
-0.19444036 0.010793235 0.37325001
-0.18746184 0.010583589 0.36600003
-0.18400836 0.010569129 0.3655
-0.18142936 0.010605277 0.36675003
-0.1822301 0.01084384 0.37500003
-0.18050052 0.010937821 0.37825003
-0.17766005 0.010966738 0.37925002
-0.17468718 0.010988425 0.38000003
-0.17158842 0.011002883 0.38050002
-0.1683704 0.011010113 0.38075003
-0.1650396 0.011010113 0.38075003
-0.16213353 0.01103903 0.38175002
-0.15900198 0.011053488 0.38225001
-0.15575989 0.011060718 0.38250002
-0.15281224 0.011089634 0.38350001
-0.14955485 0.011096863 0.38375002
-0.14629306 0.011104092 0.384
-0.14330608 0.01113301 0.38500002
-0.14030159 0.011161926 0.38600001
-0.13719092 0.011183614 0.38675001
-0.13389415 0.011190844 0.38700002
-0.12865391 0.0110318 0.38150001
-0.11694023 0.010294419 0.35600001
-0.11286676 0.010207669 0.35300002
-0.10985648 0.010214898 0.35325003
-0.10691739 0.010229357 0.35375002
-0.10404292 0.010251044 0.35450003
-0.10122652 0.010279961 0.35550001
-0.098323621 0.010301649 0.35625002
-0.095474407 0.010330565 0.35725001
-0.092607707 0.010359483 0.35825002
-0.089473747 0.010359483 0.35825002
-0.086339794 0.010359483 0.35825002
-0.083670355 0.010417316 0.36025003
-0.080574781 0.010424545 0.36050001
-0.077582218 0.010446233 0.36125001
-0.074473523 0.010453463 0.36150002
-0.071409769 0.01046792 0.36200002
-0.068431526 0.010496837 0.36300001
-0.065345913 0.010511297 0.36350003
-0.062208783 0.010518525 0.36375001
-0.059188992 0.010547442 0.36475003
-0.056036558 0.010554671 0.36500001
-0.052879754 0.010561901 0.36525002
-0.049786586 0.010583589 0.36600003
-0.046648476 0.010598047 0.36650002
-0.043560881 0.010626963 0.36750001
-0.040455796 0.010655881 0.36850002
-0.037282694 0.010670339 0.36900002
-0.0340547 0.010670339 0.36900002
-0.030889366 0.010692026 0.36975002
-0.027729604 0.010720943 0.37075001
-0.024502814 0.010728173 0.37100002
-0.02128597 0.010742631 0.37150002
-0.018096795 0.010778777 0.37275001
-0.014865847 0.010800465 0.37350002
-0.011614014 0.010814924 0.37400001
-0.0083590103 0.010836612 0.37475002
-0.0050942735 0.010865528 0.37575001
-0.0018108384 0.010887216 0.37650001
0.0014857185 0.010908904 0.37725002
0.0047890544 0.010916133 0.37750003
0.0080967639 0.010923361 0.37775001
0.011416393 0.010937821 0.37825003
0.014764235 0.010966738 0.37925002
0.018093815 0.010973967 0.37950003
0.021455981 0.010995653 0.38025001
0.02488015 0.01103903 0.38175002
0.028958898 0.011328198 0.39175001
0.034886669 0.012202935 0.42200002
0.038783994 0.012267997 0.42425001
0.042570438 0.012289685 0.42500001
0.046342772 0.012304144 0.42550001
0.050123859 0.012318603 0.42600003
0.053913686 0.012333062 0.42650002
0.057712264 0.012347519 0.42700002
0.061555572 0.012369207 0.42775002
0.06537383 0.012383666 0.42825001
0.069120139 0.012383666 0.42825001
0.072951525 0.012398124 0.42875001
0.076746933 0.012405354 0.42900002
0.080499806 0.012405354 0.42900002
0.084301777 0.012412583 0.42925003
0.088108115 0.012419811 0.42950001
0.091972306 0.01243427 0.43000001
0.095789589 0.012441499 0.43025002
0.10001616 0.012499333 0.43225002
0.10445783 0.012578855 0.43500003
0.10844985 0.012600542 0.43575001
0.11277702 0.012658376 0.43775001
0.1170726 0.012708982 0.43950003
0.12126123 0.012745127 0.44075003
0.12525882 0.012759586 0.44125003
0.12941147 0.012788502 0.44225001
0.13380766 0.012839108 0.44400004
0.13807939 0.012875253 0.44525003
0.14213385 0.012889712 0.44575003
0.14636086 0.012918629 0.44675002
0.15060537 0.012947545 0.44775003
0.15469481 0.012962004 0.44825003
0.15888147 0.012983692 0.44900003
0.16326256 0.013019838 0.45025003
0.16757268 0.013048755 0.45125002
0.17152019 0.013048755 0.45125002
0.17595376 0.013084901 0.45250002
0.18050861 0.013128276 0.45400003
0.1849881 0.013164422 0.45525002
0.1890744 0.013171652 0.45550004
0.19348291 0.013200569 0.45650002
0.19790894 0.013229485 0.45750001
0.20235246 0.013258402 0.45850003
0.20636341 0.013258402 0.45850003
0.20911254 0.01317888 0.45575002
0 0 0
0 0 0
0 0 0
0 0 0
0 0 0
0 0 0
0 0 0
0 0 0
0 0 0
0 0 0
0 0 0
0 0 0
0 0 0
0 0 0
0 0 0
0 0 0
0 0 0
0 0 0
0 0 0
0 0 0
0 0 0
0 0 0
0 0 0
0 0 0
0 0 0
0 0 0
-0 0 0
-0 0 0
-0 0 0
-0 0 0
-0 0 0
-0 0 0
-0 0 0
-0 0 0
-0.23165165 0.01374522 0.36500001
-0.22939754 0.013801708 0.36650002
-0.22665429 0.013829951 0.36725003
-0.22344159 0.013829951 0.36725003
-0.22067866 0.013858195 0.36800003
-0.21805033 0.013895853 0.36900002
-0.21525899 0.013924097 0.36975002
-0.21245448 0.013952341 0.37050003
-0.20949571 0.013971169 0.37100002
-0.20652819 0.013989998 0.37150002
-0.20368873 0.014018242 0.37225002
-0.20070152 0.014037071 0.37275001
-0.19757313 0.014046486 0.37300003
-0.19118451 0.013820536 0.36700001
-0.18720572 0.013764049 0.3655
-0.18463767 0.013811123 0.36675003
-0.1830371 0.013933511 0.37
-0.18344496 0.014215947 0.37750003
-0.18073912 0.01426302 0.37875003
-0.17777717 0.014291264 0.37950003
-0.17457224 0.014300678 0.37975001
-0.17147568 0.014319506 0.38025001
-0.16825983 0.014328921 0.38050002
-0.16493124 0.014328921 0.38050002
-0.16202734 0.014366579 0.38150001
-0.158794 0.014375994 0.38175002
-0.15586168 0.014413652 0.38275
-0.15281224 0.014441895 0.38350001
-0.14955485 0.014451311 0.38375002
-0.14657879 0.014488968 0.38475001
-0.14349219 0.014517212 0.38550001
-0.14030159 0.014536041 0.38600001
-0.13710225 0.014554871 0.38650003
-0.13380764 0.014564285 0.38675001
-0.12865391 0.014366579 0.38150001
-0.11677599 0.013387468 0.35550001
-0.11270689 0.013274494 0.35250002
-0.10993422 0.013312152 0.35350001
-0.10699295 0.01333098 0.354
-0.10404292 0.013349811 0.35450003
-0.10115533 0.013378054 0.35525003
-0.098254621 0.013406297 0.35600001
-0.095407598 0.013443955 0.35700002
-0.092478462 0.013472199 0.35775003
-0.089473747 0.013491028 0.35825002
-0.0864603 0.013509857 0.35875002
-0.083612293 0.013556929 0.36000001
-0.080518909 0.013566345 0.36025003
-0.07747484 0.013585174 0.36075002
-0.074473523 0.013613417 0.36150002
-0.071409769 0.013632246 0.36200002
-0.068431526 0.013669903 0.36300001
-0.065256022 0.013669903 0.36300001
-0.062166031 0.013688734 0.36350003
-0.059188992 0.013735807 0.36475003
-0.056074943 0.013754635 0.36525002
-0.052915946 0.013764049 0.3655
-0.049752578 0.013773464 0.36575001
-0.046680298 0.013811123 0.36675003
-0.04353125 0.013829951 0.36725003
-0.040428348 0.013867609 0.36825001
-0.037257433 0.013886438 0.36875001
-0.034031626 0.013886438 0.36875001
-0.030889366 0.013924097 0.36975002
-0.027710907 0.013952341 0.37050003
-0.024486301 0.013961755 0.37075001
-0.02128597 0.013989998 0.37150002
-0.018096795 0.014037071 0.37275001
-0.014865847 0.014065315 0.37350002
-0.011606252 0.01407473 0.37375003
-0.0083478577 0.014093558 0.37425002
-0.0050942735 0.014150045 0.37575001
-0.0018096361 0.014168875 0.37625003
0.0014837494 0.014187704 0.37675002
0.0047922255 0.014225361 0.37775001
0.0081021227 0.014234777 0.37800002
0.011416393 0.014244191 0.37825003
0.014773969 0.014291264 0.37950003
0.018105734 0.014300678 0.37975001
0.021470089 0.014328921 0.38050002
0.024896443 0.014385409 0.38200003
0.028866496 0.014705502 0.39050001
0.034907341 0.01590115 0.42225003
0.038852558 0.016004708 0.42500001
0.042620521 0.016023537 0.42550001
0.046370003 0.016032953 0.42575002
0.050182689 0.016061196 0.42650002
0.05397689 0.016080026 0.42700002
0.057746056 0.016089439 0.42725003
0.061591547 0.016117683 0.42800003
0.06537383 0.016127098 0.42825001
0.069120139 0.016127098 0.42825001
0.07290899 0.016136512 0.42850003
0.076702207 0.016145926 0.42875001
0.080546722 0.016164755 0.42925003
0.084350869 0.016174169 0.42950001
0.088159405 0.016183585 0.42975003
0.091918834 0.016183585 0.42975003
0.09567827 0.016183585 0.42975003
0.1001897 0.016305974 0.43300003
0.10463793 0.016409533 0.43575001
0.10869873 0.016447192 0.43675002
0.11290585 0.01650368 0.43825004
0.1170726 0.016550751 0.43950003
0.12133001 0.016607238 0.44100001
0.12540075 0.016635483 0.44175002
0.12948464 0.016663726 0.44250003
0.13358162 0.01669197 0.44325003
0.13815692 0.0167767 0.44550002
0.14221355 0.016795529 0.44600001
0.14627896 0.016814359 0.44650003
0.15052126 0.016852017 0.44750002
0.15486737 0.01689909 0.44875002
0.15905841 0.016927334 0.44950002
0.16308126 0.016936747 0.44975004
0.16738699 0.016974406 0.45075002
0.17152019 0.016993234 0.45125002
0.17605098 0.017049722 0.45275003
0.18021041 0.017068552 0.45325002
0.18458176 0.017106209 0.45425001
0.18886684 0.017134452 0.45500001
0.19337694 0.017181525 0.45625001
0.19812524 0.017247427 0.45800003
0.20235246 0.017266257 0.45850003
0.20625088 0.017256841 0.45825002
0 0 0
0 0 0
0 0 0
0 0 0
0 0 0
0 0 0
0 0 0
0 0 0
0 0 0
0 0 0
0 0 0
0 0 0
0 0 0
0 0 0
0 0 0
0 0 0
0 0 0
0 0 0
0 0 0
0 0 0
0 0 0
0 0 0
0 0 0
0 0 0
0 0 0
0 0 0
0 0 0
-0 0 0
-0 0 0
-0 0 0
-0 0 0
-0 0 0
-0 0 0
-0 0 0
-0 0 0
-0.23228632 0.01698217 0.36600003
-0.22971047 0.017028568 0.36700001
-0.22680856 0.017051768 0.36750001
-0.22344159 0.017040169 0.36725003
-0.22067866 0.017074969 0.36800003
-0.21819808 0.017132968 0.36925003
-0.21525899 0.017156167 0.36975002
-0.21231112 0.017179366 0.37025002
-0.20949571 0.017214166 0.37100002
-0.20652819 0.017237365 0.37150002
-0.20382552 0.017283766 0.37250003
-0.20083612 0.017306965 0.37300003
-0.1962489 0.017190967 0.37050003
-0.18949145 0.01687777 0.36375001
-0.18682159 0.016924171 0.36475003
-0.18539283 0.017086567 0.36825001
-0.18513957 0.017364964 0.37425002
-0.18356644 0.01752736 0.37775001
-0.18073912 0.017573761 0.37875003
-0.17766005 0.01759696 0.37925002
-0.17445733 0.017608561 0.37950003
-0.17136295 0.01763176 0.38000003
-0.16814928 0.017643359 0.38025001
-0.1650396 0.01766656 0.38075003
-0.16213353 0.017712958 0.38175002
-0.158898 0.017724559 0.38200003
-0.15586168 0.017759359 0.38275
-0.15261301 0.017770957 0.38300002
-0.14955485 0.017805757 0.38375002
-0.14676929 0.017875357 0.38525003
-0.14358525 0.017898556 0.38575003
-0.14030159 0.017910156 0.38600001
-0.13710225 0.017933356 0.38650003
-0.13389415 0.017956555 0.38700002
-0.12899116 0.017747758 0.38250002
-0.11710448 0.016541375 0.35650003
-0.11286676 0.016378976 0.35300002
-0.11001197 0.016413776 0.35375002
-0.10714407 0.016448576 0.35450003
-0.10418966 0.016471775 0.35500002
-0.10115533 0.016483376 0.35525003
-0.098323621 0.016529774 0.35625002
-0.095541216 0.016587773 0.35750002
-0.092478462 0.016599374 0.35775003
-0.089411311 0.016610974 0.35800001
-0.0864603 0.016645772 0.35875002
-0.083496161 0.016680572 0.35950002
-0.080463029 0.016703773 0.36000001
-0.077421144 0.016726973 0.36050001
-0.074422017 0.016761772 0.36125001
-0.071409769 0.016796572 0.36200002
-0.068384402 0.016831372 0.36275002
-0.065256022 0.016842971 0.36300001
-0.062251538 0.016889371 0.36400002
-0.059188992 0.016924171 0.36475003
-0.056036558 0.016935769 0.36500001
-0.052915946 0.016958969 0.3655
-0.049752578 0.016970569 0.36575001
-0.046680298 0.01701697 0.36675003
-0.04353125 0.017040169 0.36725003
-0.040373456 0.017063368 0.36775002
-0.037206914 0.017086567 0.36825001
-0.034031626 0.017109767 0.36875001
-0.03086848 0.017144566 0.36950001
-0.027673509 0.017167766 0.37
-0.024469791 0.017190967 0.37050003
-0.021300295 0.017248966 0.37175003
-0.018108932 0.017306965 0.37300003
-0.014885748 0.017353363 0.37400001
-0.011621778 0.017364964 0.37425002
-0.0083534336 0.017376563 0.37450001
-0.0050908844 0.017422963 0.37550002
-0.0018060288 0.017422963 0.37550002
0.0014788265 0.017422963 0.37550002
0.0047858828 0.017504161 0.37725002
0.0081021227 0.017538961 0.37800002
0.011416393 0.017550562 0.37825003
0.014764235 0.01759696 0.37925002
0.018117655 0.01763176 0.38000003
0.0214983 0.017678158 0.38100001
0.02488015 0.017712958 0.38175002
0.028737133 0.018037755 0.38875002
0.034804001 0.019534135 0.42100003
0.038829707 0.019708132 0.42475003
0.042670604 0.019766131 0.42600003
0.046478916 0.019800931 0.42675003
0.050270937 0.01982413 0.42725003
0.054008495 0.01982413 0.42725003
0.057779845 0.019835729 0.42750001
0.061627522 0.019870529 0.42825001
0.065335669 0.01985893 0.42800003
0.069079794 0.01985893 0.42800003
0.07290899 0.01988213 0.42850003
0.076702207 0.019893728 0.42875001
0.080499806 0.019905329 0.42900002
0.084301777 0.019916929 0.42925003
0.088056833 0.019916929 0.42925003
0.091865361 0.019928528 0.42950001
0.095845245 0.019974928 0.43050003
0.10042109 0.020137325 0.43400002
0.10481802 0.020253323 0.43650001
0.1089476 0.020311324 0.43775001
0.11297025 0.020346124 0.43850002
0.1170726 0.020392522 0.43950003
0.12146757 0.020485321 0.44150001
0.12554269 0.020520121 0.44225001
0.12955779 0.02054332 0.44275001
0.13358162 0.020566521 0.44325003
0.13823445 0.020682519 0.44575003
0.14229327 0.020705719 0.44625002
0.14644277 0.020740518 0.44700003
0.15060537 0.020775318 0.44775003
0.15486737 0.020821717 0.44875002
0.15914688 0.020868117 0.44975004
0.16317192 0.020879716 0.45000002
0.16738699 0.020914515 0.45075002
0.17161521 0.020949315 0.45150003
0.17614818 0.021018913 0.45300001
0.17991221 0.020995714 0.45250002
0.184277 0.021042114 0.45350003
0.18876307 0.021100113 0.45475003
0.19337694 0.021169711 0.45625001
0.19801709 0.021239311 0.45775002
0.20213179 0.021250911 0.45800003
0.20591331 0.02122771 0.45750001
0 0 0
0 0 0
0 0 0
0 0 0
0 0 0
0 0 0
0 0 0
0 0 0
0 0 0
0 0 0
0 0 0
0 0 0
0 0 0
0 0 0
0 0 0
0 0 0
0 0 0
0 0 0
0 0 0
0 0 0
0 0 0
0 0 0
0 0 0
0 0 0
0 0 0
0 0 0
0 0 0
-0 0 0
-0 0 0
-0 0 0
-0 0 0
-0 0 0
-0 0 0
-0 0 0
-0.23516634 0.020153886 0.3655
-0.23228632 0.020181458 0.36600003
-0.22986697 0.020250384 0.36725003
-0.22696286 0.020277955 0.36775002
-0.2238979 0.02029174 0.36800003
-0.22127832 0.02034688 0.36900002
-0.21849354 0.020388234 0.36975002
-0.21540451 0.02040202 0.37
-0.21245448 0.020429591 0.37050003
-0.20963687 0.020470945 0.37125
-0.2063892 0.020470945 0.37125
-0.20341513 0.020498516 0.37175003
-0.20029768 0.020512301 0.37200001
-0.19360046 0.020153886 0.3655
-0.1896217 0.020071177 0.36400002
-0.18758987 0.020195242 0.36625001
-0.18589628 0.020360665 0.36925003
-0.1858816 0.020719077 0.37575001
-0.18344496 0.020815575 0.37750003
-0.18050052 0.02085693 0.37825003
-0.17754292 0.020898284 0.37900001
-0.17445733 0.020925857 0.37950003
-0.17136295 0.020953426 0.38000003
-0.16825983 0.020980997 0.38050002
-0.16525632 0.021022351 0.38125002
-0.16234589 0.021077491 0.38225001
-0.15910597 0.021091279 0.38250002
-0.15565808 0.021077491 0.38225001
-0.1525134 0.021105062 0.38275
-0.14955485 0.021160204 0.38375002
-0.14667404 0.021229129 0.38500002
-0.14358525 0.021270486 0.38575003
-0.14011985 0.021256698 0.38550001
-0.13701357 0.021298055 0.38625002
-0.13389415 0.021339411 0.38700002
-0.12915976 0.021118848 0.38300002
-0.11702236 0.019643838 0.35625002
-0.1129467 0.019478416 0.35325003
-0.11001197 0.019505985 0.35375002
-0.10706851 0.019533556 0.35425001
-0.10418966 0.01957491 0.35500002
-0.10122652 0.019602481 0.35550001
-0.098392628 0.019657623 0.35650003
-0.095608033 0.019726548 0.35775003
-0.09254308 0.019740332 0.35800001
-0.089536183 0.019767903 0.3585
-0.086400047 0.019767903 0.3585
-0.083438098 0.019809259 0.35925001
-0.080463029 0.019850614 0.36000001
-0.07747484 0.01989197 0.36075002
-0.074422017 0.019919539 0.36125001
-0.071360454 0.01994711 0.36175001
-0.068337269 0.019988466 0.36250001
-0.065256022 0.020016035 0.36300001
-0.062294289 0.02008496 0.36425
-0.059229556 0.020126317 0.36500001
-0.05599818 0.020112533 0.36475003
-0.052879754 0.020140102 0.36525002
-0.04971857 0.020153886 0.3655
-0.046680298 0.020222815 0.36675003
-0.043560881 0.020264167 0.36750001
-0.040373456 0.020277955 0.36775002
-0.037206914 0.020305524 0.36825001
-0.034031626 0.020333095 0.36875001
-0.03086848 0.020374449 0.36950001
-0.027673509 0.02040202 0.37
-0.024502814 0.020457162 0.37100002
-0.021314619 0.020512301 0.37200001
-0.018121069 0.020581227 0.37325001
-0.014885748 0.020622583 0.37400001
-0.011621778 0.020636369 0.37425002
-0.0083590103 0.020663938 0.37475002
-0.005097663 0.020732863 0.37600002
-0.0018132433 0.020788003 0.377
0.0014817802 0.02074665 0.37625003
0.0047795395 0.020774219 0.37675002
0.008091406 0.020815575 0.37750003
0.011423938 0.020870715 0.37850001
0.014754502 0.020898284 0.37900001
0.018117655 0.020953426 0.38000003
0.0214983 0.021008566 0.38100001
0.024896443 0.021063708 0.38200003
0.028626248 0.021353194 0.38725001
0.034638662 0.02310391 0.41900003
0.038761143 0.023379613 0.42400002
0.042695645 0.023503678 0.42625001
0.046533372 0.02355882 0.42725003
0.050300349 0.023572603 0.42750001
0.054040093 0.023572603 0.42750001
0.057813633 0.023586389 0.42775002
0.061591547 0.023600176 0.42800003
0.065335669 0.023600176 0.42800003
0.069160491 0.023627745 0.42850003
0.072994061 0.023655316 0.42900002
0.076746933 0.023655316 0.42900002
0.080499806 0.023655316 0.42900002
0.084301777 0.023669101 0.42925003
0.088056833 0.023669101 0.42925003
0.091865361 0.023682885 0.42950001
0.095956564 0.023765596 0.43100002
0.10059462 0.023972373 0.43475002
0.10481802 0.02406887 0.43650001
0.10907205 0.024165366 0.43825004
0.11316347 0.024220506 0.43925002
0.11713918 0.024248077 0.43975002
0.12133001 0.024317002 0.44100001
0.12561366 0.024399713 0.44250003
0.12948464 0.024399713 0.44250003
0.13380766 0.024482425 0.44400004
0.13815692 0.024565134 0.44550002
0.14229327 0.024606491 0.44625002
0.14636086 0.02463406 0.44675002
0.15043718 0.02466163 0.44725001
0.15486737 0.024744341 0.44875002
0.15923533 0.024813268 0.45000002
0.16371582 0.024895979 0.45150003
0.16766551 0.024895979 0.45150003
0.17161521 0.024895979 0.45150003
0.17605098 0.024964904 0.45275003
0.18021041 0.024992475 0.45325002
0.18448018 0.02503383 0.45400003
0.18886684 0.02508897 0.45500001
0.19337694 0.025157895 0.45625001
0.19769265 0.025199251 0.45700002
0.20158012 0.025185468 0.45675004
0.20546323 0.025171682 0.45650002
0 0 0
0 0 0
0 0 0
0 0 0
0 0 0
0 0 0
0 0 0
0 0 0
0 0 0
0 0 0
0 0 0
0 0 0
0 0 0
0 0 0
0 0 0
0 0 0
0 0 0
0 0 0
0 0 0
0 0 0
0 0 0
0 0 0
0 0 0
0 0 0
0 0 0
0 0 0
0 0 0
-0 0 0
-0 0 0
-0 0 0
-0 0 0
-0 0 0
-0 0 0
-0 0 0
-0.23452294 0.023284925 0.36450002
-0.23228632 0.023380749 0.36600003
-0.22971047 0.02344463 0.36700001
-0.22680856 0.023476571 0.36750001
-0.22405 0.023524482 0.36825001
-0.22157815 0.023604333 0.36950001
-0.21864125 0.023636274 0.37
-0.21555007 0.023652246 0.37025002
-0.21259783 0.023684187 0.37075001
-0.20963687 0.023716127 0.37125
-0.20652819 0.023732098 0.37150002
-0.20327833 0.023732098 0.37150002
-0.19962464 0.023684187 0.37075001
-0.19280595 0.023252985 0.36400002
-0.1896217 0.023252985 0.36400002
-0.18771793 0.02341269 0.36650002
-0.18652558 0.023668217 0.37050003
-0.18600528 0.024019565 0.37600002
-0.18332347 0.024099419 0.37725002
-0.18038122 0.02414733 0.37800002
-0.17742583 0.024195241 0.37875003
-0.17445733 0.024243154 0.37950003
-0.17136295 0.024275094 0.38000003
-0.16814928 0.024291063 0.38025001
-0.16514796 0.024338976 0.38100001
-0.16234589 0.024418827 0.38225001
-0.15910597 0.024434797 0.38250002
-0.15565808 0.024418827 0.38225001
-0.1525134 0.024450768 0.38275
-0.14945741 0.024498679 0.38350001
-0.14638831 0.024546592 0.38425002
-0.14339913 0.024610475 0.38525003
-0.14011985 0.024626443 0.38550001
-0.13692488 0.024658384 0.38600001
-0.13389415 0.024722267 0.38700002
-0.12949699 0.024530619 0.384
-0.11702236 0.022757901 0.35625002
-0.11278682 0.022534313 0.35275
-0.10985648 0.022566255 0.35325003
-0.10699295 0.022614164 0.354
-0.10411628 0.022662077 0.35475001
-0.10136888 0.022741929 0.35600001
-0.098461621 0.022789842 0.35675001
-0.095541216 0.022837752 0.35750002
-0.09254308 0.022869693 0.35800001
-0.089536183 0.022901634 0.3585
-0.0864603 0.022917604 0.35875002
-0.083438098 0.022949545 0.35925001
-0.080518909 0.023013428 0.36025003
-0.07747484 0.023045368 0.36075002
-0.074370518 0.023061339 0.36100003
-0.071311139 0.023093279 0.36150002
-0.068290144 0.023141192 0.36225003
-0.06521108 0.023173133 0.36275002
-0.062208783 0.023237014 0.36375001
-0.059229556 0.023316866 0.36500001
-0.055959798 0.023284925 0.36450002
-0.052807365 0.023300895 0.36475003
-0.049650557 0.023316866 0.36500001
-0.046616655 0.023396717 0.36625001
-0.043590516 0.023492541 0.36775002
-0.040400904 0.023508513 0.36800003
-0.037257433 0.023556422 0.36875001
-0.034077775 0.023588365 0.36925003
-0.030847596 0.023588365 0.36925003
-0.027692208 0.023652246 0.37025002
-0.024535835 0.023732098 0.37150002
-0.021314619 0.023764038 0.37200001
-0.018121069 0.02384389 0.37325001
-0.014875798 0.023875833 0.37375003
-0.011621778 0.023907773 0.37425002
-0.0083478577 0.023907773 0.37425002
-0.005097663 0.024019565 0.37600002
-0.0018156482 0.024115389 0.37750003
0.0014837494 0.024067478 0.37675002
0.0047827112 0.024083447 0.377
0.0080967639 0.02413136 0.37775001
0.011439029 0.024211211 0.37900001
0.014773969 0.024243154 0.37950003
0.018117655 0.024275094 0.38000003
0.021484196 0.024323005 0.38075003
0.024896443 0.024402859 0.38200003
0.028478406 0.024610475 0.38525003
0.034493987 0.026654691 0.41725001
0.038783994 0.027101863 0.42425001
0.042620521 0.027181715 0.42550001
0.046451688 0.027245598 0.42650002
0.050270937 0.027293511 0.42725003
0.054103304 0.027341422 0.42800003
0.057881214 0.027357392 0.42825001
0.061627522 0.027357392 0.42825001
0.065412 0.027373362 0.42850003
0.069241196 0.027405303 0.42900002
0.073079139 0.027437244 0.42950001
0.076881111 0.027453214 0.42975003
0.080593631 0.027437244 0.42950001
0.084301777 0.027421273 0.42925003
0.088056833 0.027421273 0.42925003
0.091972306 0.027469184 0.43000001
0.096290521 0.027628889 0.43250003
0.10053678 0.027756652 0.43450001
0.10469796 0.027852476 0.43600002
0.10907205 0.02799621 0.43825004
0.11322788 0.028076062 0.43950003
0.11720578 0.028108003 0.44000003
0.12126123 0.028155915 0.44075003
0.12554269 0.028251737 0.44225001
0.12955779 0.028283678 0.44275001
0.13380766 0.028363531 0.44400004
0.13800186 0.028427413 0.44500002
0.14213385 0.028475324 0.44575003
0.14636086 0.028539205 0.44675002
0.15043718 0.028571146 0.44725001
0.1551262 0.02871488 0.44950002
0.1593238 0.028762791 0.45025003
0.16353452 0.028810704 0.45100003
0.16766551 0.028842645 0.45150003
0.17161521 0.028842645 0.45150003
0.17605098 0.028922496 0.45275003
0.18040921 0.028986378 0.45375001
0.18468334 0.029034289 0.45450002
0.18886684 0.029066229 0.45500001
0.19295311 0.029082201 0.45525002
0.19726007 0.029130112 0.45600003
0.20102845 0.029098172 0.45550004
0 0 0
0 0 0
0 0 0
0 0 0
0 0 0
0 0 0
0 0 0
0 0 0
0 0 0
0 0 0
0 0 0
0 0 0
0 0 0
0 0 0
0 0 0
0 0 0
0 0 0
0 0 0
0 0 0
0 0 0
0 0 0
0 0 0
0 0 0
0 0 0
0 0 0
0 0 0
0 0 0
0 0 0
-0 0 0
-0 0 0
-0 0 0
-0 0 0
-0 0 0
-0 0 0
-0.23673335 0.026362168 0.36300001
-0.23484464 0.026507415 0.36500001
-0.23228632 0.026580039 0.36600003
-0.22955401 0.026634507 0.36675003
-0.22649999 0.02665266 0.36700001
-0.2238979 0.026725285 0.36800003
-0.22142825 0.026816064 0.36925003
-0.21834579 0.026834218 0.36950001
-0.21540451 0.02687053 0.37
-0.2127412 0.026943155 0.37100002
-0.20963687 0.026961308 0.37125
-0.20666717 0.026997622 0.37175003
-0.20355192 0.027015775 0.37200001
-0.1973363 0.02661635 0.36650002
-0.19320321 0.02648926 0.36475003
-0.19040309 0.026543725 0.3655
-0.18861425 0.02674344 0.36825001
-0.18866521 0.02721549 0.37475002
-0.1863763 0.027360735 0.37675002
-0.18344496 0.027415205 0.37750003
-0.18050052 0.027469672 0.37825003
-0.1771916 0.027469672 0.37825003
-0.17411254 0.027505983 0.37875003
-0.17113747 0.02756045 0.37950003
-0.16803873 0.027596761 0.38000003
-0.16514796 0.027669383 0.38100001
-0.16245207 0.027778318 0.38250002
-0.15920995 0.027796473 0.38275
-0.15575989 0.027778318 0.38250002
-0.15261301 0.02781463 0.38300002
-0.14955485 0.027869098 0.38375002
-0.14629306 0.027887251 0.384
-0.14321302 0.027941721 0.38475001
-0.14002898 0.027978033 0.38525003
-0.13701357 0.028050655 0.38625002
-0.13406713 0.028141433 0.38750002
-0.13008715 0.028014343 0.38575003
-0.11735084 0.025944585 0.35725001
-0.11262695 0.02558147 0.35225001
-0.10977873 0.025635939 0.35300002
-0.10699295 0.02570856 0.354
-0.10418966 0.025781184 0.35500002
-0.10144007 0.025871964 0.35625002
-0.098461621 0.025908275 0.35675001
-0.095407598 0.025926432 0.35700002
-0.092349201 0.025944585 0.35725001
-0.089411311 0.025999052 0.35800001
-0.0864603 0.026053522 0.35875002
-0.083438098 0.026089832 0.35925001
-0.080518909 0.026162457 0.36025003
-0.07747484 0.026198767 0.36075002
-0.074370518 0.026216924 0.36100003
-0.071311139 0.026253235 0.36150002
-0.068195879 0.02627139 0.36175001
-0.065121196 0.026307702 0.36225003
-0.062123273 0.026380325 0.36325002
-0.059188992 0.02648926 0.36475003
-0.055959798 0.026471103 0.36450002
-0.05277117 0.026471103 0.36450002
-0.049650557 0.026507415 0.36500001
-0.046521194 0.026543725 0.3655
-0.043501616 0.02665266 0.36700001
-0.040400904 0.026725285 0.36800003
-0.037232175 0.026761597 0.36850002
-0.034077775 0.026816064 0.36925003
-0.03082671 0.026797907 0.36900002
-0.027654812 0.026852375 0.36975002
-0.024502814 0.026943155 0.37100002
-0.021300295 0.026997622 0.37175003
-0.018133206 0.02712471 0.37350002
-0.014895699 0.02717918 0.37425002
-0.01162954 0.027197333 0.37450001
-0.0083534336 0.027197333 0.37450001
-0.0050908844 0.027269958 0.37550002
-0.0018108384 0.02734258 0.37650001
0.0014847339 0.027378891 0.377
0.0047858828 0.027397048 0.37725002
0.0080967639 0.027433358 0.37775001
0.011423938 0.027487826 0.37850001
0.014764235 0.027542293 0.37925002
0.018117655 0.027596761 0.38000003
0.021484196 0.02765123 0.38075003
0.02488015 0.027723851 0.38175002
0.028422965 0.027923565 0.38450003
0.034411319 0.030229347 0.41625002
0.038829707 0.030846644 0.42475003
0.04259548 0.030882955 0.42525002
0.046370003 0.030919265 0.42575002
0.050241519 0.031010045 0.42700002
0.054103304 0.031082669 0.42800003
0.057915002 0.03111898 0.42850003
0.061699472 0.031137135 0.42875001
0.065488324 0.03115529 0.42900002
0.069281548 0.031173447 0.42925003
0.073036604 0.031173447 0.42925003
0.076791659 0.031173447 0.42925003
0.080593631 0.031191602 0.42950001
0.084350869 0.031191602 0.42950001
0.08800555 0.03115529 0.42900002
0.092025779 0.03124607 0.43025002
0.096457496 0.03146394 0.43325001
0.10047893 0.031536561 0.43425003
0.10493809 0.031736273 0.43700001
0.10913427 0.031845208 0.43850002
0.11303466 0.031863365 0.43875003
0.1170726 0.031917833 0.43950003
0.12112366 0.0319723 0.44025001
0.12547173 0.032099392 0.44200003
0.12963094 0.032172013 0.44300002
0.13380766 0.032244638 0.44400004
0.13807939 0.032335415 0.44525003
0.14229327 0.03240804 0.44625002
0.14660656 0.032498818 0.44750002
0.15060537 0.032516975 0.44775003
0.15486737 0.032589596 0.44875002
0.15914688 0.03266222 0.44975004
0.16308126 0.03266222 0.44975004
0.16747984 0.032752998 0.45100003
0.17171024 0.032807466 0.45175001
0.17605098 0.03288009 0.45275003
0.18030982 0.032934558 0.45350003
0.18448018 0.032970868 0.45400003
0.18876307 0.033025336 0.45475003
0.19295311 0.033061646 0.45525002
0.19758451 0.033170581 0.45675004
0.20158012 0.033170581 0.45675004
0 0 0
0 0 0
0 0 0
0 0 0
0 0 0
0 0 0
0 0 0
0 0 0
0 0 0
0 0 0
0 0 0
0 0 0
0 0 0
0 0 0
0 0 0
0 0 0
0 0 0
0 0 0
0 0 0
0 0 0
0 0 0
0 0 0
0 0 0
0 0 0
0 0 0
0 0 0
0 0 0
0 0 0
-0 0 0
-0 0 0
-0 0 0
-0 0 0
-0 0 0
-0 0 0
-0.23640727 0.029494554 0.36250001
-0.2346838 0.029677624 0.36475003
-0.23228632 0.02977933 0.36600003
-0.22924104 0.029799668 0.36625001
-0.2263457 0.029840352 0.36675003
-0.22374579 0.029921716 0.36775002
-0.2209785 0.02998274 0.36850002
-0.21819808 0.030043764 0.36925003
-0.21555007 0.030125126 0.37025002
-0.2127412 0.03018615 0.37100002
-0.20949571 0.03018615 0.37100002
-0.20652819 0.030226832 0.37150002
-0.20341513 0.030247174 0.37175003
-0.19625942 0.029657282 0.36450002
-0.19320321 0.029677624 0.36475003
-0.19105428 0.029840352 0.36675003
-0.18976669 0.030145468 0.37050003
-0.18916865 0.030572629 0.37575001
-0.18649997 0.030674335 0.377
-0.18356644 0.030735359 0.37775001
-0.18061981 0.030796383 0.37850001
-0.17742583 0.030816725 0.37875003
-0.17411254 0.030816725 0.37875003
-0.17102472 0.030857405 0.37925002
-0.16814928 0.030938769 0.38025001
-0.16547306 0.031060817 0.38175002
-0.16223972 0.031081159 0.38200003
-0.15910597 0.031121839 0.38250002
-0.1559635 0.031162521 0.38300002
-0.15271264 0.031182863 0.38325003
-0.14945741 0.031203203 0.38350001
-0.14619781 0.031223545 0.38375002
-0.1430269 0.031264227 0.38425002
-0.13984723 0.031304907 0.38475001
-0.13692488 0.031406615 0.38600001
-0.13415363 0.031549003 0.38775003
-0.130593 0.031508319 0.38725001
-0.11808993 0.029250462 0.35950002
-0.11270689 0.028680911 0.35250002
-0.10970098 0.028701251 0.35275
-0.10699295 0.028802956 0.354
-0.10418966 0.028884321 0.35500002
-0.10122652 0.028925003 0.35550001
-0.098185629 0.028945345 0.35575002
-0.095273972 0.029006369 0.35650003
-0.092413835 0.029087732 0.35750002
-0.089348875 0.029108074 0.35775003
-0.086279541 0.029128414 0.35800001
-0.083380036 0.02920978 0.35900003
-0.080463029 0.029291142 0.36000001
-0.077421144 0.029331824 0.36050001
-0.074370518 0.029372508 0.36100003
-0.071311139 0.02941319 0.36150002
-0.068148755 0.02941319 0.36150002
-0.065076254 0.029453872 0.36200002
-0.062080517 0.029535234 0.36300001
-0.059107851 0.02963694 0.36425
-0.055959798 0.029657282 0.36450002
-0.052879754 0.029718306 0.36525002
-0.049786586 0.02977933 0.36600003
-0.046553016 0.029758988 0.36575001
-0.043412715 0.029799668 0.36625001
-0.040318564 0.029881034 0.36725003
-0.037181657 0.029942058 0.36800003
-0.0340547 0.030023422 0.36900002
-0.03086848 0.030064102 0.36950001
-0.027654812 0.030084444 0.36975002
-0.024469791 0.030145468 0.37050003
-0.021271646 0.03020649 0.37125
-0.018096795 0.030328536 0.37275001
-0.014885748 0.030430242 0.37400001
-0.01162954 0.030470924 0.37450001
-0.0083534336 0.030470924 0.37450001
-0.0050841058 0.030511608 0.37500003
-0.0018084336 0.030592971 0.37600002
0.0014847339 0.030674335 0.377
0.0047890544 0.030715019 0.37750003
0.0080967639 0.030735359 0.37775001
0.011416393 0.030776042 0.37825003
0.014764235 0.030857405 0.37925002
0.018117655 0.030918429 0.38000003
0.021470089 0.030959111 0.38050002
0.02488015 0.031060817 0.38175002
0.028386002 0.031243885 0.384
0.034266647 0.033725496 0.41450003
0.038806852 0.034539141 0.42450002
0.042570438 0.034579821 0.42500001
0.046342772 0.034620501 0.42550001
0.050212104 0.034722209 0.42675003
0.054040093 0.034783233 0.42750001
0.057847425 0.034823917 0.42800003
0.061699472 0.034884937 0.42875001
0.065526485 0.034925621 0.42925003
0.069200844 0.034884937 0.42875001
0.072866455 0.034844253 0.42825001
0.076568037 0.034823917 0.42800003
0.080405988 0.034864597 0.42850003
0.084301777 0.034925621 0.42925003
0.088056833 0.034925621 0.42925003
0.092453562 0.035169713 0.43225002
0.096568815 0.035291761 0.43375003
0.10059462 0.035373122 0.43475002
0.10493809 0.03555619 0.43700001
0.10900983 0.035637558 0.43800002
0.11297025 0.035678238 0.43850002
0.1170726 0.035759605 0.43950003
0.12126123 0.03586131 0.44075003
0.12554269 0.035983354 0.44225001
0.12963094 0.036044378 0.44300002
0.13380766 0.036125746 0.44400004
0.13800186 0.036207106 0.44500002
0.142373 0.036329154 0.44650003
0.14677037 0.036451198 0.44800001
0.15068945 0.036451198 0.44800001
0.15478109 0.036491882 0.44850001
0.15905841 0.036573246 0.44950002
0.16326256 0.03663427 0.45025003
0.16747984 0.036695294 0.45100003
0.17171024 0.036756314 0.45175001
0.17595376 0.036817338 0.45250002
0.18001162 0.036837682 0.45275003
0.18437858 0.036919042 0.45375001
0.18886684 0.03702075 0.45500001
0.19348291 0.037142795 0.45650002
0.19801709 0.037244502 0.45775002
0 0 0
0 0 0
0 0 0
0 0 0
0 0 0
0 0 0
0 0 0
0 0 0
0 0 0
0 0 0
0 0 0
0 0 0
0 0 0
0 0 0
0 0 0
0 0 0
0 0 0
0 0 0
0 0 0
0 0 0
0 0 0
0 0 0
0 0 0
0 0 0
0 0 0
0 0 0
0 0 0
0 0 0
0 0 0
-0 0 0
-0 0 0
-0 0 0
-0 0 0
-0 0 0
-0.24023931 0.032753356 0.36350003
-0.23705944 0.032753356 0.36350003
-0.2350055 0.03291104 0.36525002
-0.23244497 0.033001143 0.36625001
-0.22939754 0.03302367 0.36650002
-0.2263457 0.033046201 0.36675003
-0.22374579 0.033136304 0.36775002
-0.22082856 0.033181354 0.36825001
-0.21819808 0.033271462 0.36925003
-0.21555007 0.033361565 0.37025002
-0.21259783 0.033406619 0.37075001
-0.20949571 0.033429146 0.37100002
-0.2063892 0.033451673 0.37125
-0.20149998 0.033181354 0.36825001
-0.19531718 0.032685775 0.36275002
-0.19280595 0.032798409 0.36400002
-0.19118451 0.033068724 0.36700001
-0.19117521 0.033631884 0.37325001
-0.18954623 0.033924725 0.37650001
-0.18662365 0.033992305 0.37725002
-0.18344496 0.034014832 0.37750003
-0.18050052 0.034082413 0.37825003
-0.17754292 0.034149989 0.37900001
-0.17434239 0.034172516 0.37925002
-0.17113747 0.034195043 0.37950003
-0.16814928 0.03426262 0.38025001
-0.16536468 0.034375254 0.38150001
-0.16213353 0.034397781 0.38175002
-0.158898 0.034420308 0.38200003
-0.15586168 0.034487884 0.38275
-0.15271264 0.034532938 0.38325003
-0.14955485 0.034577992 0.38375002
-0.14629306 0.034600515 0.384
-0.14311996 0.034645572 0.38450003
-0.13993812 0.034690622 0.38500002
-0.13701357 0.034803256 0.38625002
-0.13406713 0.034915887 0.38750002
-0.13076162 0.034938414 0.38775003
-0.11850053 0.032505564 0.36075002
-0.11278682 0.031784721 0.35275
-0.10970098 0.031784721 0.35275
-0.10691739 0.031874828 0.35375002
-0.10411628 0.031964932 0.35475001
-0.10108414 0.031987458 0.35500002
-0.098185629 0.032055039 0.35575002
-0.095407598 0.032167669 0.35700002
-0.09254308 0.032257773 0.35800001
-0.089348875 0.03223525 0.35775003
-0.086219296 0.03223525 0.35775003
-0.083321974 0.032325353 0.35875002
-0.08040715 0.032415457 0.35975
-0.077313766 0.032437984 0.36000001
-0.074525021 0.032595668 0.36175001
-0.071360454 0.032595668 0.36175001
-0.068195879 0.032595668 0.36175001
-0.065076254 0.032618199 0.36200002
-0.062037762 0.032685775 0.36275002
-0.059067287 0.032798409 0.36400002
-0.055921417 0.032820933 0.36425
-0.052843556 0.032888513 0.36500001
-0.049820591 0.033001143 0.36625001
-0.046616655 0.033001143 0.36625001
-0.043501616 0.033068724 0.36700001
-0.040373456 0.033136304 0.36775002
-0.037206914 0.033181354 0.36825001
-0.034077775 0.033271462 0.36925003
-0.030889366 0.033316515 0.36975002
-0.027673509 0.033339038 0.37
-0.024453279 0.033361565 0.37025002
-0.021271646 0.033451673 0.37125
-0.018060382 0.033519249 0.37200001
-0.014835996 0.03358683 0.37275001
-0.011598487 0.03365441 0.37350002
-0.0083478577 0.033721991 0.37425002
-0.0050841058 0.033789568 0.37500003
-0.0018072311 0.033857148 0.37575001
0.0014837494 0.033947252 0.37675002
0.0047953976 0.034059886 0.37800002
0.0081021227 0.034059886 0.37800002
0.011416393 0.034082413 0.37825003
0.014754502 0.034149989 0.37900001
0.018117655 0.034240097 0.38000003
0.021455981 0.03426262 0.38025001
0.02488015 0.034397781 0.38175002
0.028367523 0.034577992 0.38375002
0.034204643 0.037281156 0.41375002
0.038806852 0.038249791 0.42450002
0.04259548 0.038317371 0.42525002
0.046370003 0.038362425 0.42575002
0.05015327 0.038407475 0.42625001
0.05397689 0.038475055 0.42700002
0.057813633 0.038542636 0.42775002
0.061663501 0.038610213 0.42850003
0.065450154 0.038632739 0.42875001
0.069160491 0.038610213 0.42850003
0.072866455 0.038587686 0.42825001
0.076568037 0.038565163 0.42800003
0.080405988 0.038610213 0.42850003
0.084252678 0.038655266 0.42900002
0.088210687 0.03874537 0.43000001
0.092507035 0.038970638 0.43250003
0.096568815 0.039083268 0.43375003
0.10059462 0.039173372 0.43475002
0.10475799 0.039308533 0.43625003
0.10888539 0.039421163 0.43750003
0.11303466 0.039533794 0.43875003
0.11720578 0.039646428 0.44000003
0.12139879 0.039759059 0.44125003
0.12554269 0.039849162 0.44225001
0.1297041 0.039939269 0.44325003
0.13395834 0.040051904 0.44450003
0.13807939 0.04011948 0.44525003
0.14229327 0.040209588 0.44625002
0.14660656 0.040322218 0.44750002
0.15060537 0.040344745 0.44775003
0.15469481 0.040389799 0.44825003
0.15896994 0.040479902 0.44925001
0.16308126 0.040524956 0.44975004
0.16738699 0.040615059 0.45075002
0.17161521 0.04068264 0.45150003
0.17575933 0.040727694 0.45200002
0.17991221 0.040772744 0.45250002
0.18478493 0.040975485 0.45475003
0.1890744 0.041043065 0.45550004
0.19305907 0.041043065 0.45550004
0.19650303 0.040930428 0.45425001
0 0 0
0 0 0
0 0 0
0 0 0
0 0 0
0 0 0
0 0 0
0 0 0
0 0 0
0 0 0
0 0 0
0 0 0
0 0 0
0 0 0
0 0 0
0 0 0
0 0 0
0 0 0
0 0 0
0 0 0
0 0 0
0 0 0
0 0 0
0 0 0
0 0 0
0 0 0
0 0 0
0 0 0
0 0 0
-0 0 0
-0 0 0
-0 0 0
-0 0 0
-0 0 0
-0.24023931 0.035930794 0.36350003
-0.23738551 0.035980217 0.36400002
-0.2350055 0.036103774 0.36525002
-0.23260365 0.036227334 0.36650002
-0.22955401 0.036252044 0.36675003
-0.2263457 0.036252044 0.36675003
-0.22374579 0.036350891 0.36775002
-0.22082856 0.036400314 0.36825001
-0.21819808 0.036499161 0.36925003
-0.21555007 0.036598008 0.37025002
-0.2127412 0.036672141 0.37100002
-0.20991923 0.036746278 0.37175003
-0.20625022 0.036672141 0.37100002
-0.19862728 0.035881367 0.36300001
-0.19531718 0.035856657 0.36275002
-0.19280595 0.035980217 0.36400002
-0.19209614 0.036449738 0.36875001
-0.19219959 0.037092242 0.37525001
-0.18979795 0.037265223 0.377
-0.18674733 0.037314646 0.37750003
-0.18344496 0.037314646 0.37750003
-0.18038122 0.037364069 0.37800002
-0.17754292 0.037462916 0.37900001
-0.17445733 0.03751234 0.37950003
-0.17125021 0.03753705 0.37975001
-0.16792817 0.03753705 0.37975001
-0.1650396 0.0376359 0.38075003
-0.16223972 0.037759457 0.38200003
-0.15900198 0.037784167 0.38225001
-0.15575989 0.03780888 0.38250002
-0.15261301 0.037858304 0.38300002
-0.14955485 0.037932441 0.38375002
-0.14629306 0.03795715 0.384
-0.1430269 0.03798186 0.38425002
-0.13993812 0.038055997 0.38500002
-0.13710225 0.038204268 0.38650003
-0.13415363 0.038327828 0.38775003
-0.13101454 0.038401958 0.38850001
-0.11932174 0.03590608 0.36325002
-0.11286676 0.034892902 0.35300002
-0.10985648 0.034917615 0.35325003
-0.10691739 0.034967035 0.35375002
-0.10411628 0.035065882 0.35475001
-0.10122652 0.035140019 0.35550001
-0.098392628 0.035238866 0.35650003
-0.095474407 0.035312999 0.35725001
-0.092478462 0.035362426 0.35775003
-0.089348875 0.035362426 0.35775003
-0.086279541 0.035387136 0.35800001
-0.083205841 0.035411846 0.35825002
-0.080295399 0.035510693 0.35925001
-0.077367462 0.03560954 0.36025003
-0.074525021 0.03575781 0.36175001
-0.071360454 0.03575781 0.36175001
-0.068243012 0.035782523 0.36200002
-0.065121196 0.035807233 0.36225003
-0.062037762 0.035856657 0.36275002
-0.059026714 0.035955504 0.36375001
-0.055959798 0.036029637 0.36450002
-0.052879754 0.036103774 0.36525002
-0.049820591 0.036202621 0.36625001
-0.046648476 0.036227334 0.36650002
-0.04353125 0.036301468 0.36725003
-0.040373456 0.036350891 0.36775002
-0.037181657 0.036375605 0.36800003
-0.034031626 0.036449738 0.36875001
-0.03086848 0.036523871 0.36950001
-0.027654812 0.036548585 0.36975002
-0.024453279 0.036598008 0.37025002
-0.021257322 0.036672141 0.37100002
-0.018072519 0.036795702 0.37225002
-0.014835996 0.036845125 0.37275001
-0.011582961 0.036869835 0.37300003
-0.0083478577 0.036993396 0.37425002
-0.0050874949 0.037092242 0.37525001
-0.0018060288 0.037116952 0.37550002
0.0014807957 0.037166376 0.37600002
0.0047953976 0.037364069 0.37800002
0.0081074815 0.037388783 0.37825003
0.011416393 0.037388783 0.37825003
0.014744771 0.037438206 0.37875003
0.018105734 0.03753705 0.37975001
0.021441875 0.037561763 0.38000003
0.024863856 0.037710033 0.38150001
0.028367523 0.037932441 0.38375002
0.034183975 0.040873129 0.41350001
0.038783994 0.041935731 0.42425001
0.04259548 0.042034578 0.42525002
0.046397232 0.042108715 0.42600003
0.05015327 0.042133424 0.42625001
0.053945292 0.042182852 0.42675003
0.057779845 0.042256981 0.42750001
0.061627522 0.042331118 0.42825001
0.065450154 0.042380542 0.42875001
0.069241196 0.042405255 0.42900002
0.072951525 0.042380542 0.42875001
0.076702207 0.042380542 0.42875001
0.080452889 0.042380542 0.42875001
0.084252678 0.042405255 0.42900002
0.088415831 0.042602949 0.43100002
0.092507035 0.042751219 0.43250003
0.096624471 0.042899486 0.43400002
0.10076816 0.04304776 0.43550003
0.10475799 0.043121893 0.43625003
0.10882317 0.04322074 0.43725002
0.11297025 0.043344297 0.43850002
0.1170726 0.043443147 0.43950003
0.12126123 0.043566704 0.44075003
0.12554269 0.043714974 0.44225001
0.1297041 0.043813821 0.44325003
0.13380766 0.043887958 0.44400004
0.13800186 0.043986801 0.44500002
0.14213385 0.044060938 0.44575003
0.14636086 0.044159781 0.44675002
0.15052126 0.044233918 0.44750002
0.15469481 0.044308055 0.44825003
0.15914688 0.044456325 0.44975004
0.16326256 0.044505749 0.45025003
0.16747984 0.044579882 0.45100003
0.17171024 0.044654015 0.45175001
0.17575933 0.044678729 0.45200002
0.17971341 0.044678729 0.45200002
0.18437858 0.044851709 0.45375001
0.18876307 0.04495056 0.45475003
0.19252926 0.044901133 0.45425001
0.19552971 0.044678729 0.45200002
0 0 0
0 0 0
0 0 0
0 0 0
0 0 0
0 0 0
0 0 0
0 0 0
0 0 0
0.2385809 0.045345943 0.45875001
0 0 0
0 0 0
0 0 0
0 0 0
0 0 0
0 0 0
0 0 0
0 0 0
0 0 0
0 0 0
0 0 0
0 0 0
0 0 0
0 0 0
0 0 0
0 0 0
0 0 0
0 0 0
0 0 0
-0 0 0
-0 0 0
-0 0 0
-0 0 0
-0.24291694 0.039027538 0.36275002
-0.23990884 0.039054435 0.36300001
-0.23722246 0.039135125 0.36375001
-0.23484464 0.039269611 0.36500001
-0.23244497 0.039404094 0.36625001
-0.22939754 0.039430995 0.36650002
-0.22619142 0.039430995 0.36650002
-0.2238979 0.039592378 0.36800003
-0.2211284 0.039673064 0.36875001
-0.21819808 0.039726861 0.36925003
-0.21540451 0.039807551 0.37
-0.2127412 0.039915141 0.37100002
-0.20991923 0.039995831 0.37175003
-0.20513836 0.039699964 0.36900002
-0.1982169 0.038973745 0.36225003
-0.19531718 0.039027538 0.36275002
-0.19280595 0.039162025 0.36400002
-0.19287756 0.039834447 0.37025002
-0.19219959 0.040372387 0.37525001
-0.18954623 0.040506873 0.37650001
-0.18662365 0.040587563 0.37725002
-0.18344496 0.040614463 0.37750003
-0.18050052 0.040695153 0.37825003
-0.17742583 0.040748946 0.37875003
-0.17434239 0.04080274 0.37925002
-0.17113747 0.04082964 0.37950003
-0.16781764 0.04082964 0.37950003
-0.16493124 0.040937226 0.38050002
-0.16213353 0.041071709 0.38175002
-0.15910597 0.041152403 0.38250002
-0.15575989 0.041152403 0.38250002
-0.1525134 0.041179296 0.38275
-0.14935999 0.041233093 0.38325003
-0.14610258 0.041259989 0.38350001
-0.1428408 0.041286886 0.38375002
-0.13993812 0.041421372 0.38500002
-0.13727961 0.041636549 0.38700002
-0.13424012 0.041744135 0.38800001
-0.13101454 0.041797929 0.38850001
-0.11989658 0.039269611 0.36500001
-0.1129467 0.038005453 0.35325003
-0.11001197 0.038059246 0.35375002
-0.10714407 0.038139939 0.35450003
-0.10418966 0.038193733 0.35500002
-0.10115533 0.038220629 0.35525003
-0.098323621 0.038328215 0.35625002
-0.095340781 0.038382009 0.35675001
-0.092349201 0.038435802 0.35725001
-0.089348875 0.038489599 0.35775003
-0.086339794 0.038543392 0.35825002
-0.083263904 0.038570289 0.3585
-0.080295399 0.038650978 0.35925001
-0.077421144 0.038785465 0.36050001
-0.074422017 0.038866155 0.36125001
-0.071311139 0.038893055 0.36150002
-0.068195879 0.038919948 0.36175001
-0.065121196 0.038973745 0.36225003
-0.062123273 0.039081331 0.36325002
-0.059067287 0.039162025 0.36400002
-0.05599818 0.039242715 0.36475003
-0.052988335 0.039377201 0.36600003
-0.049854599 0.039430995 0.36650002
-0.046584837 0.039377201 0.36600003
-0.04344235 0.039430995 0.36650002
-0.040346008 0.039538581 0.36750001
-0.037181657 0.039592378 0.36800003
-0.034008555 0.039646171 0.36850002
-0.030847596 0.039726861 0.36925003
-0.027654812 0.039780654 0.36975002
-0.024486301 0.03988824 0.37075001
-0.021257322 0.039915141 0.37100002
-0.018060382 0.040022727 0.37200001
-0.014865847 0.04018411 0.37350002
-0.011606252 0.040211007 0.37375003
-0.0083478577 0.0402648 0.37425002
-0.0050874949 0.040372387 0.37525001
-0.0018048263 0.040372387 0.37525001
0.0014817802 0.040479977 0.37625003
0.0047922255 0.040641356 0.37775001
0.0081074815 0.040695153 0.37825003
0.011423938 0.04072205 0.37850001
0.014735037 0.04072205 0.37850001
0.018069975 0.040775843 0.37900001
0.021413663 0.04082964 0.37950003
0.024798682 0.040937226 0.38050002
0.028312081 0.041206196 0.38300002
0.034018636 0.044272449 0.41150001
0.038738288 0.045590404 0.42375001
0.042545397 0.045697995 0.42475003
0.046370003 0.045805581 0.42575002
0.05015327 0.045859374 0.42625001
0.053945292 0.045913171 0.42675003
0.057746056 0.045966964 0.42725003
0.061555572 0.046020757 0.42775002
0.065412 0.046101447 0.42850003
0.069281548 0.046182141 0.42925003
0.072994061 0.04615524 0.42900002
0.076657489 0.046101447 0.42850003
0.080312163 0.046047654 0.42800003
0.084154479 0.046101447 0.42850003
0.088364542 0.04634352 0.43075001
0.0925605 0.046558697 0.43275002
0.096680135 0.04672008 0.43425003
0.100826 0.04688146 0.43575001
0.10481802 0.046962149 0.43650001
0.10882317 0.047042843 0.43725002
0.11303466 0.047204226 0.43875003
0.117006 0.047258019 0.43925002
0.12112366 0.047365606 0.44025001
0.12532978 0.047500089 0.44150001
0.12948464 0.047607679 0.44250003
0.13350628 0.047661472 0.44300002
0.13776927 0.047795959 0.44425002
0.14213385 0.047957342 0.44575003
0.14627896 0.048038032 0.44650003
0.15052126 0.048145618 0.44750002
0.15486737 0.048280105 0.44875002
0.15923533 0.048414588 0.45000002
0.1633532 0.048468381 0.45050001
0.16757268 0.048549075 0.45125002
0.17180526 0.048629764 0.45200002
0.17595376 0.048683558 0.45250002
0.17981282 0.048656665 0.45225003
0.18397224 0.048710458 0.45275003
0.18824421 0.048791148 0.45350003
0.19210543 0.048764251 0.45325002
0 0 0
0 0 0
0 0 0
0 0 0
0 0 0
0 0 0
0 0 0
0 0 0
0 0 0
0 0 0
0 0 0
0 0 0
0 0 0
0 0 0
0 0 0
0 0 0
0 0 0
0 0 0
0 0 0
0 0 0
0 0 0
0 0 0
0 0 0
0 0 0
0 0 0
0 0 0
0 0 0
0 0 0
0 0 0
0 0 0
-0 0 0
-0 0 0
-0 0 0
-0.24541184 0.042082086 0.36175001
-0.24274953 0.042169333 0.36250001
-0.23974364 0.042198416 0.36275002
-0.23722246 0.042314745 0.36375001
-0.23484464 0.042460155 0.36500001
-0.23228632 0.042576488 0.36600003
-0.22924104 0.042605568 0.36625001
-0.2263457 0.042663734 0.36675003
-0.22374579 0.042780064 0.36775002
-0.2209785 0.04286731 0.36850002
-0.2179026 0.04289639 0.36875001
-0.21496791 0.042954557 0.36925003
-0.21245448 0.04309997 0.37050003
-0.20949571 0.043158133 0.37100002
-0.20291464 0.042460155 0.36500001
-0.19849049 0.042198416 0.36275002
-0.195721 0.042285666 0.36350003
-0.19465984 0.042750981 0.36750001
-0.19457062 0.043448955 0.37350002
-0.19207156 0.043623451 0.37500003
-0.18954623 0.043797944 0.37650001
-0.18649997 0.043856107 0.377
-0.18344496 0.043914273 0.37750003
-0.18038122 0.043972436 0.37800002
-0.17730871 0.044030603 0.37850001
-0.17434239 0.044117849 0.37925002
-0.17125021 0.044176012 0.37975001
-0.16814928 0.044234175 0.38025001
-0.16493124 0.044263259 0.38050002
-0.16192117 0.044350509 0.38125002
-0.15900198 0.044466835 0.38225001
-0.15575989 0.044495918 0.38250002
-0.1525134 0.044524997 0.38275
-0.14926256 0.044554085 0.38300002
-0.14600733 0.044583168 0.38325003
-0.14274773 0.044612247 0.38350001
-0.13993812 0.04478674 0.38500002
-0.13736829 0.045048479 0.38725001
-0.13432662 0.045164812 0.38825002
-0.13101454 0.045193892 0.38850001
-0.11997871 0.042489242 0.36525002
-0.11270689 0.041006044 0.35250002
-0.10977873 0.041064207 0.35300002
-0.10714407 0.041238703 0.35450003
-0.10404292 0.041238703 0.35450003
-0.10101295 0.041267782 0.35475001
-0.098185629 0.041384112 0.35575002
-0.095340781 0.041500442 0.35675001
-0.092349201 0.041558605 0.35725001
-0.089411311 0.041645851 0.35800001
-0.086400047 0.041704018 0.3585
-0.083380036 0.041762184 0.35900003
-0.08040715 0.041849427 0.35975
-0.077421144 0.041936673 0.36050001
-0.074370518 0.041994844 0.36100003
-0.071311139 0.042053007 0.36150002
-0.068243012 0.04211117 0.36200002
-0.065121196 0.042140253 0.36225003
-0.062123273 0.042256583 0.36325002
-0.059188992 0.042431075 0.36475003
-0.056036558 0.042460155 0.36500001
-0.052952141 0.042547405 0.36575001
-0.049854599 0.042634651 0.36650002
-0.046584837 0.042576488 0.36600003
-0.04344235 0.042634651 0.36650002
-0.040346008 0.042750981 0.36750001
-0.037206914 0.042838227 0.36825001
-0.034031626 0.04289639 0.36875001
-0.030847596 0.042954557 0.36925003
-0.027673509 0.043041803 0.37
-0.024469791 0.04309997 0.37050003
-0.021242997 0.043129049 0.37075001
-0.018036108 0.043216296 0.37150002
-0.014845947 0.043390792 0.37300003
-0.011606252 0.043478038 0.37375003
-0.008342281 0.043507122 0.37400001
-0.0050841058 0.043623451 0.37500003
-0.0018048263 0.043652531 0.37525001
0.0014837494 0.043827027 0.37675002
0.0047922255 0.043943353 0.37775001
0.0081074815 0.04400152 0.37825003
0.011431484 0.044059686 0.37875003
0.014744771 0.044059686 0.37875003
0.018069975 0.044088766 0.37900001
0.021427769 0.044176012 0.37975001
0.024831269 0.044321425 0.38100001
0.028275121 0.044495918 0.38250002
0.033729292 0.047462314 0.40800002
0.038715433 0.049265418 0.42350003
0.042545397 0.049410827 0.42475003
0.046370003 0.049527157 0.42575002
0.05015327 0.04958532 0.42625001
0.053913686 0.049614403 0.42650002
0.057712264 0.049672566 0.42700002
0.061519593 0.049730729 0.42750001
0.06537383 0.049817979 0.42825001
0.069200844 0.049876142 0.42875001
0.072994061 0.049905226 0.42900002
0.076612763 0.049817979 0.42825001
0.080171429 0.04970165 0.42725003
0.084007189 0.049759816 0.42775002
0.088364542 0.050108802 0.43075001
0.092667446 0.050399624 0.43325001
0.096680135 0.050515953 0.43425003
0.10076816 0.050661366 0.43550003
0.10475799 0.050748613 0.43625003
0.10888539 0.050894026 0.43750003
0.11316347 0.051097602 0.43925002
0.11713918 0.051155765 0.43975002
0.12119245 0.051243011 0.44050002
0.12525882 0.051330261 0.44125003
0.12926517 0.051388424 0.44175002
0.13343093 0.05150475 0.44275001
0.13761422 0.051621083 0.44375002
0.14197442 0.051795576 0.44525003
0.14627896 0.051940989 0.44650003
0.15043718 0.052028231 0.44725001
0.15478109 0.052173644 0.44850001
0.15905841 0.052289974 0.44950002
0.16317192 0.052348141 0.45000002
0.16757268 0.05249355 0.45125002
0.17180526 0.052580796 0.45200002
0.17614818 0.052697126 0.45300001
0.18040921 0.052784372 0.45375001
0.18437858 0.052784372 0.45375001
0.18814042 0.052726209 0.45325002
0.19189352 0.052668046 0.45275003
0 0 0
0 0 0
0 0 0
0 0 0
0 0 0
0 0 0
0 0 0
0 0 0
0 0 0
0 0 0
0 0 0
0 0 0
0 0 0
0 0 0
0 0 0
0 0 0
0 0 0
0 0 0
0 0 0
0 0 0
0 0 0
0 0 0
0 0 0
0 0 0
0 0 0
0 0 0
0 0 0
0 0 0
0 0 0
0 0 0
-0 0 0
-0 0 0
-0 0 0
-0.24592064 0.045338031 0.36250001
-0.24291694 0.045369297 0.36275002
-0.24023931 0.045463104 0.36350003
-0.23754855 0.045556903 0.36425
-0.23516634 0.045713238 0.3655
-0.23228632 0.045775779 0.36600003
-0.22924104 0.045807045 0.36625001
-0.22649999 0.045900848 0.36700001
-0.22374579 0.045994651 0.36775002
-0.22082856 0.046057183 0.36825001
-0.2179026 0.04611972 0.36875001
-0.21496791 0.046182256 0.36925003
-0.21216775 0.046276055 0.37
-0.20864868 0.046213523 0.36950001
-0.20152481 0.045338031 0.36250001
-0.19862728 0.045400564 0.36300001
-0.19599022 0.045525637 0.36400002
-0.19518954 0.046088453 0.36850002
-0.19509155 0.046838876 0.37450001
-0.19271179 0.047057752 0.37625003
-0.18954623 0.047089014 0.37650001
-0.1863763 0.047120284 0.37675002
-0.18332347 0.047182821 0.37725002
-0.18026191 0.047245353 0.37775001
-0.1771916 0.04730789 0.37825003
-0.17434239 0.047432959 0.37925002
-0.17147568 0.047558028 0.38025001
-0.16825983 0.047589298 0.38050002
-0.16493124 0.047589298 0.38050002
-0.16160265 0.047589298 0.38050002
-0.15858601 0.047683101 0.38125002
-0.15555628 0.047776904 0.38200003
-0.15231417 0.04780817 0.38225001
-0.1490677 0.04783944 0.38250002
-0.14581683 0.047870707 0.38275
-0.1428408 0.047995776 0.38375002
-0.14002898 0.048183385 0.38525003
-0.13745697 0.04846479 0.38750002
-0.13432662 0.048558593 0.38825002
-0.13101454 0.048589859 0.38850001
-0.12022508 0.045775779 0.36600003
-0.11262695 0.044056058 0.35225001
-0.10977873 0.044149861 0.35300002
-0.10706851 0.0443062 0.35425001
-0.10404292 0.044337466 0.35450003
-0.10108414 0.044400003 0.35500002
-0.098254621 0.044525072 0.35600001
-0.095340781 0.044618875 0.35675001
-0.092349201 0.044681408 0.35725001
-0.089411311 0.044775214 0.35800001
-0.086400047 0.044837747 0.3585
-0.083380036 0.044900287 0.35900003
-0.080463029 0.045025352 0.36000001
-0.077421144 0.045087889 0.36050001
-0.074267507 0.045087889 0.36050001
-0.071261823 0.045181692 0.36125001
-0.068384402 0.045369297 0.36275002
-0.065256022 0.045400564 0.36300001
-0.062166031 0.045463104 0.36350003
-0.059107851 0.045556903 0.36425
-0.056036558 0.045650706 0.36500001
-0.052843556 0.045650706 0.36500001
-0.049786586 0.045775779 0.36600003
-0.046616655 0.045807045 0.36625001
-0.043471985 0.045869581 0.36675003
-0.040373456 0.045994651 0.36775002
-0.037206914 0.046057183 0.36825001
-0.0340547 0.04615099 0.36900002
-0.030847596 0.046182256 0.36925003
-0.027654812 0.046244793 0.36975002
-0.024453279 0.046307325 0.37025002
-0.021228673 0.046338595 0.37050003
-0.01802397 0.046432395 0.37125
-0.014826046 0.046588738 0.37250003
-0.011590724 0.046682537 0.37325001
-0.0083367052 0.046745073 0.37375003
-0.0050807162 0.046870142 0.37475002
-0.0018060288 0.046963945 0.37550002
0.0014827647 0.047089014 0.37650001
0.0047858828 0.047182821 0.37725002
0.0080860471 0.047182821 0.37725002
0.011408848 0.047276624 0.37800002
0.014735037 0.047339156 0.37850001
0.018069975 0.047401693 0.37900001
0.021441875 0.047526766 0.38000003
0.024831269 0.047651831 0.38100001
0.02825664 0.04780817 0.38225001
0.033667289 0.050934933 0.40725002
0.038646869 0.052873526 0.42275003
0.042570438 0.05315493 0.42500001
0.046397232 0.053280003 0.42600003
0.050123859 0.053280003 0.42600003
0.053913686 0.05334254 0.42650002
0.057746056 0.053436343 0.42725003
0.061519593 0.053467605 0.42750001
0.065297507 0.053498875 0.42775002
0.068999089 0.053467605 0.42750001
0.072823919 0.053530145 0.42800003
0.076568037 0.053530145 0.42800003
0.080312163 0.053530145 0.42800003
0.084301777 0.053686485 0.42925003
0.088569686 0.053999159 0.43175003
0.09261398 0.054155495 0.43300003
0.096624471 0.054280564 0.43400002
0.10076816 0.054468174 0.43550003
0.10481802 0.054593243 0.43650001
0.10900983 0.054780848 0.43800002
0.11329228 0.05499972 0.43975002
0.11720578 0.05503099 0.44000003
0.12119245 0.055093523 0.44050002
0.12532978 0.055218592 0.44150001
0.12948464 0.055343665 0.44250003
0.1337323 0.055500004 0.44375002
0.13761422 0.055500004 0.44375002
0.14181498 0.055625074 0.44475001
0.14619705 0.055812679 0.44625002
0.15052126 0.055969018 0.44750002
0.15469481 0.056062821 0.44825003
0.158793 0.056125354 0.44875002
0.1633532 0.056344226 0.45050001
0.16794403 0.056563102 0.45225003
0.17209035 0.056625638 0.45275003
0.17634261 0.056719441 0.45350003
0.18070741 0.05684451 0.45450002
0.18437858 0.056750707 0.45375001
0.18793288 0.056625638 0.45275003
0.19178754 0.056594368 0.45250002
0 0 0
0 0 0
0 0 0
0 0 0
0 0 0
0 0 0
0 0 0
0 0 0
0 0 0
0 0 0
0 0 0
0.24470927 0.057876341 0.46275002
0.2499669 0.058157749 0.46500003
0 0 0
0 0 0
0 0 0
0 0 0
0 0 0
0 0 0
0 0 0
0 0 0
0 0 0
0 0 0
0 0 0
0 0 0
0 0 0
0 0 0
0 0 0
0 0 0
0 0 0
-0 0 0
-0 0 0
-0 0 0
-0.24642946 0.048607085 0.36325002
-0.24325177 0.048607085 0.36325002
-0.24040453 0.048673991 0.36375001
-0.23771159 0.04877435 0.36450002
-0.23516634 0.048908159 0.3655
-0.23228632 0.048975069 0.36600003
-0.22924104 0.049008518 0.36625001
-0.22649999 0.049108878 0.36700001
-0.2238979 0.049242694 0.36800003
-0.2211284 0.04934305 0.36875001
-0.21805033 0.049376503 0.36900002
-0.21511343 0.049443409 0.36950001
-0.21202441 0.049476862 0.36975002
-0.20751932 0.049175784 0.36750001
-0.20152481 0.048506726 0.36250001
-0.19835368 0.048506726 0.36250001
-0.19706708 0.048975069 0.36600003
-0.19691102 0.049744487 0.37175003
-0.19561249 0.05024628 0.37550002
-0.19283983 0.050380088 0.37650001
-0.18942037 0.050346639 0.37625003
-0.18612896 0.050346639 0.37625003
-0.18308051 0.050413541 0.37675002
-0.18002331 0.050480448 0.37725002
-0.17695737 0.050547354 0.37775001
-0.17411254 0.050681166 0.37875003
-0.17125021 0.050814975 0.37975001
-0.16803873 0.050848432 0.38000003
-0.16482286 0.050881881 0.38025001
-0.16149646 0.050881881 0.38025001
-0.15837803 0.050948791 0.38075003
-0.15535267 0.051049147 0.38150001
-0.15221456 0.051116057 0.38200003
-0.14897026 0.051149506 0.38225001
-0.14562635 0.051149506 0.38225001
-0.14265469 0.051283319 0.38325003
-0.14011985 0.051584393 0.38550001
-0.13754566 0.051885471 0.38775003
-0.13441311 0.051985826 0.38850001
-0.13109885 0.052019283 0.38875002
-0.12079992 0.049209237 0.36775002
-0.11278682 0.047202062 0.35275
-0.10985648 0.047268968 0.35325003
-0.10699295 0.047369324 0.354
-0.10404292 0.047436234 0.35450003
-0.10122652 0.047570046 0.35550001
-0.098323621 0.047670405 0.35625002
-0.095340781 0.047737308 0.35675001
-0.092349201 0.047804214 0.35725001
-0.089286432 0.047837667 0.35750002
-0.086400047 0.04797148 0.3585
-0.083496161 0.048105292 0.35950002
-0.080463029 0.048172198 0.36000001
-0.077421144 0.048239101 0.36050001
-0.074267507 0.048239101 0.36050001
-0.071360454 0.048406366 0.36175001
-0.068384402 0.048540179 0.36275002
-0.065300964 0.048607085 0.36325002
-0.062123273 0.048607085 0.36325002
-0.05898615 0.048640538 0.36350003
-0.055921417 0.048740894 0.36425
-0.052734975 0.048740894 0.36425
-0.049684566 0.04887471 0.36525002
-0.046616655 0.049008518 0.36625001
-0.043412715 0.049008518 0.36625001
-0.040346008 0.049175784 0.36750001
-0.037206914 0.049276143 0.36825001
-0.0340547 0.049376503 0.36900002
-0.030889366 0.049476862 0.36975002
-0.027692208 0.049543768 0.37025002
-0.024469791 0.049577221 0.37050003
-0.021257322 0.049644127 0.37100002
-0.018036108 0.04971103 0.37150002
-0.014816096 0.049811389 0.37225002
-0.011567434 0.049844846 0.37250003
-0.0083199758 0.049911749 0.37300003
-0.0050841058 0.050179373 0.37500003
-0.0018084336 0.050313182 0.37600002
0.0014837494 0.050413541 0.37675002
0.0047827112 0.050446995 0.377
0.0080806883 0.050446995 0.377
0.011401301 0.050547354 0.37775001
0.014735037 0.050647713 0.37850001
0.018058056 0.050681166 0.37875003
0.021470089 0.050915338 0.38050002
0.024847563 0.051015697 0.38125002
0.028275121 0.051182959 0.38250002
0.033543285 0.05429408 0.40575001
0.038715433 0.056669239 0.42350003
0.04259548 0.056903407 0.42525002
0.046397232 0.057003766 0.42600003
0.050123859 0.057003766 0.42600003
0.053945292 0.057104126 0.42675003
0.057746056 0.057171032 0.42725003
0.061519593 0.057204481 0.42750001
0.065259337 0.057204481 0.42750001
0.068999089 0.057204481 0.42750001
0.072696306 0.057171032 0.42725003
0.076478586 0.057204481 0.42750001
0.080405988 0.057338297 0.42850003
0.084449068 0.057539012 0.43000001
0.088467114 0.057706278 0.43125001
0.0925605 0.057906996 0.43275002
0.096680135 0.058107715 0.43425003
0.10076816 0.058274977 0.43550003
0.10487806 0.058442242 0.43675002
0.10907205 0.058642961 0.43825004
0.11322788 0.058810227 0.43950003
0.1170726 0.058810227 0.43950003
0.12091733 0.058810227 0.43950003
0.12532978 0.059077844 0.44150001
0.12985042 0.059378926 0.44375002
0.13380766 0.059412379 0.44400004
0.13769175 0.059412379 0.44400004
0.14173527 0.059479285 0.44450003
0.14595135 0.059613094 0.44550002
0.15052126 0.059880719 0.44750002
0.15469481 0.059981078 0.44825003
0.15870453 0.060014527 0.44850001
0.16308126 0.060181797 0.44975004
0.1681297 0.06058323 0.45275003
0.17218536 0.060616679 0.45300001
0.17624539 0.060650133 0.45325002
0.18021041 0.060650133 0.45325002
0.18356588 0.060449414 0.45175001
0.18731023 0.060382511 0.45125002
0 0 0
0 0 0
0 0 0
0 0 0
0 0 0
0 0 0
0 0 0
0 0 0
0 0 0
0 0 0
0 0 0
0.24287145 0.062490042 0.46700001
0.24656014 0.062389687 0.46625003
0.25023568 0.062289327 0.46550003
0 0 0
0 0 0
0 0 0
0 0 0
0 0 0
0 0 0
0 0 0
0 0 0
0 0 0
0 0 0
0 0 0
0 0 0
0 0 0
0 0 0
0 0 0
0 0 0
0 0 0
-0 0 0
-0 0 0
-0.24840465 0.051532872 0.36150002
-0.24558145 0.051604144 0.36200002
-0.24308434 0.051746696 0.36300001
-0.24073498 0.051924888 0.36425
-0.23803766 0.052031804 0.36500001
-0.2350055 0.052067444 0.36525002
-0.23228632 0.05217436 0.36600003
-0.22955401 0.052281275 0.36675003
-0.22680856 0.052388184 0.36750001
-0.2238979 0.052459463 0.36800003
-0.2209785 0.052530739 0.36850002
-0.2179026 0.052566376 0.36875001
-0.21525899 0.052708931 0.36975002
-0.21188104 0.052673291 0.36950001
-0.20568413 0.051924888 0.36425
-0.20124684 0.051604144 0.36200002
-0.1982169 0.051639784 0.36225003
-0.19949004 0.052815847 0.37050003
-0.19783796 0.053243503 0.37350002
-0.19548225 0.053492971 0.37525001
-0.19258374 0.053599887 0.37600002
-0.18916865 0.053564247 0.37575001
-0.18612896 0.053635526 0.37625003
-0.18308051 0.053706802 0.37675002
-0.18002331 0.053778078 0.37725002
-0.17707449 0.053884994 0.37800002
-0.17411254 0.053991906 0.37875003
-0.17102472 0.054063182 0.37925002
-0.16803873 0.054170098 0.38000003
-0.16482286 0.054205734 0.38025001
-0.16160265 0.054241374 0.38050002
-0.15848202 0.05431265 0.38100001
-0.15535267 0.054383926 0.38150001
-0.15211493 0.054419566 0.38175002
-0.14867797 0.054383926 0.38150001
-0.14543587 0.054419566 0.38175002
-0.14274773 0.05466903 0.38350001
-0.14002898 0.054918502 0.38525003
-0.13772301 0.055346161 0.38825002
-0.13449961 0.055417437 0.38875002
-0.13101454 0.055381797 0.38850001
-0.12203173 0.052958399 0.37150002
-0.11310656 0.050428085 0.35375002
-0.10993422 0.050392445 0.35350001
-0.10691739 0.050428085 0.35375002
-0.10396954 0.050499361 0.35425001
-0.10115533 0.050641917 0.35525003
-0.098185629 0.050713193 0.35575002
-0.095207162 0.050784469 0.35625002
-0.092349201 0.050927017 0.35725001
-0.089286432 0.050962657 0.35750002
-0.086219296 0.050998297 0.35775003
-0.083321974 0.051140849 0.35875002
-0.080463029 0.05131904 0.36000001
-0.077421144 0.051390316 0.36050001
-0.074267507 0.051390316 0.36050001
-0.071261823 0.051497232 0.36125001
-0.068290144 0.051639784 0.36225003
-0.065166138 0.05167542 0.36250001
-0.061952256 0.051639784 0.36225003
-0.058823876 0.05167542 0.36250001
-0.055729508 0.051746696 0.36300001
-0.052554004 0.051746696 0.36300001
-0.049514528 0.051889252 0.36400002
-0.046553016 0.05213872 0.36575001
-0.043412715 0.052209996 0.36625001
-0.040318564 0.052352551 0.36725003
-0.037181657 0.052459463 0.36800003
-0.033985484 0.0524951 0.36825001
-0.03086848 0.052673291 0.36950001
-0.027692208 0.052780207 0.37025002
-0.024486301 0.052851483 0.37075001
-0.021271646 0.052922759 0.37125
-0.018036108 0.052958399 0.37150002
-0.014806145 0.053029675 0.37200001
-0.011567434 0.053100955 0.37250003
-0.0083311284 0.053243503 0.37350002
-0.0050874949 0.053492971 0.37525001
-0.0018096361 0.053635526 0.37625003
0.0014837494 0.053706802 0.37675002
0.0047827112 0.053742439 0.377
0.008091406 0.053813718 0.37750003
0.011408848 0.053884994 0.37800002
0.014725306 0.053920634 0.37825003
0.018058056 0.053991906 0.37875003
0.021470089 0.054241374 0.38050002
0.024847563 0.05434829 0.38125002
0.02825664 0.054490842 0.38225001
0.033150606 0.057163708 0.40100002
0.038715433 0.060371149 0.42350003
0.042620521 0.060656253 0.42550001
0.046370003 0.060691893 0.42575002
0.050094441 0.060691893 0.42575002
0.053913686 0.060798809 0.42650002
0.05767848 0.060834449 0.42675003
0.061447639 0.060870085 0.42700002
0.065259337 0.060941357 0.42750001
0.068958744 0.060905725 0.42725003
0.072653763 0.060870085 0.42700002
0.076478586 0.060941357 0.42750001
0.080452889 0.061119549 0.42875001
0.084399976 0.061262105 0.42975003
0.088364542 0.061404657 0.43075001
0.092667446 0.061761037 0.43325001
0.09673579 0.061939228 0.43450001
0.10076816 0.062081784 0.43550003
0.10475799 0.0621887 0.43625003
0.10900983 0.062438168 0.43800002
0.11309906 0.06258072 0.43900001
0.1169394 0.06258072 0.43900001
0.12091733 0.062651999 0.43950003
0.12532978 0.062937096 0.44150001
0.12963094 0.063150927 0.44300002
0.13365696 0.063222207 0.44350001
0.13776927 0.063329123 0.44425002
0.14173527 0.063364759 0.44450003
0.14578754 0.063436039 0.44500002
0.15043718 0.063756779 0.44725001
0.15460853 0.063863695 0.44800001
0.15870453 0.063934967 0.44850001
0.16289996 0.064041883 0.44925001
0.16738699 0.064255714 0.45075002
0.1719003 0.064469546 0.45225003
0.17595376 0.064505182 0.45250002
0.17971341 0.064433903 0.45200002
0.18305796 0.064220078 0.45050001
0.18668762 0.064113162 0.44975004
0 0 0
0 0 0
0 0 0
0 0 0
0 0 0
0 0 0
0 0 0
0 0 0
0 0 0
0 0 0
0 0 0
0.24235138 0.066429645 0.46600002
0.24642792 0.066429645 0.46600002
0.2501013 0.066322729 0.46525002
0 0 0
0 0 0
0 0 0
0 0 0
0 0 0
0 0 0
0 0 0
0 0 0
0 0 0
0 0 0
0 0 0
0 0 0
0 0 0
0 0 0
0 0 0
0 0 0
0 0 0
-0 0 0
-0 0 0
-0.2478893 0.054579355 0.36075002
-0.24524225 0.054692827 0.36150002
-0.24341919 0.054995414 0.36350003
-0.2409002 0.055146705 0.36450002
-0.23803766 0.055222351 0.36500001
-0.2350055 0.055260178 0.36525002
-0.23244497 0.055411469 0.36625001
-0.22971047 0.055524942 0.36700001
-0.22665429 0.055562768 0.36725003
-0.22344159 0.055562768 0.36725003
-0.22037882 0.055600587 0.36750001
-0.21775489 0.055751882 0.36850002
-0.21511343 0.055903178 0.36950001
-0.21087755 0.055638414 0.36775002
-0.20441361 0.054768473 0.36200002
-0.20096889 0.054692827 0.36150002
-0.19876407 0.054957587 0.36325002
-0.20083612 0.056432709 0.37300003
-0.19836764 0.056659646 0.37450001
-0.19561249 0.056810942 0.37550002
-0.19245568 0.056848764 0.37575001
-0.18904279 0.056810942 0.37550002
-0.18600528 0.056886587 0.37600002
-0.18308051 0.05700006 0.37675002
-0.18014263 0.057113532 0.37750003
-0.17730871 0.057264823 0.37850001
-0.17422746 0.057340469 0.37900001
-0.17125021 0.057453942 0.37975001
-0.16803873 0.057491768 0.38000003
-0.16493124 0.057567414 0.38050002
-0.16170882 0.057605237 0.38075003
-0.15848202 0.05764306 0.38100001
-0.15535267 0.057718705 0.38150001
-0.15201531 0.057718705 0.38150001
-0.14877541 0.057756528 0.38175002
-0.1457216 0.057870001 0.38250002
-0.14311996 0.058172591 0.38450003
-0.14030159 0.058399528 0.38600001
-0.13763434 0.058702119 0.38800001
-0.13432662 0.058739942 0.38825002
-0.13093023 0.058739942 0.38825002
-0.12301718 0.056659646 0.37450001
-0.1129467 0.05344465 0.35325003
-0.10985648 0.05344465 0.35325003
-0.10684182 0.053482469 0.35350001
-0.10389616 0.053558115 0.354
-0.10108414 0.053709414 0.35500002
-0.098185629 0.053822882 0.35575002
-0.095207162 0.053898532 0.35625002
-0.092413835 0.054087646 0.35750002
-0.089348875 0.054125473 0.35775003
-0.086219296 0.054125473 0.35775003
-0.083089717 0.054125473 0.35775003
-0.08018364 0.054276764 0.35875002
-0.077367462 0.054503709 0.36025003
-0.074267507 0.054541528 0.36050001
-0.07111387 0.054541528 0.36050001
-0.068007365 0.054579355 0.36075002
-0.064761661 0.054503709 0.36025003
-0.061652966 0.054541528 0.36050001
-0.058539897 0.054579355 0.36075002
-0.055230554 0.054428056 0.35975
-0.052047286 0.054390237 0.35950002
-0.049106441 0.054617178 0.36100003
-0.046139352 0.054844119 0.36250001
-0.043264549 0.055222351 0.36500001
-0.040318564 0.055562768 0.36725003
-0.037156399 0.055638414 0.36775002
-0.033985484 0.05571406 0.36825001
-0.030889366 0.055941001 0.36975002
-0.027692208 0.056016646 0.37025002
-0.024453279 0.056016646 0.37025002
-0.021242997 0.056092292 0.37075001
-0.01802397 0.056167942 0.37125
-0.014806145 0.05628141 0.37200001
-0.011582961 0.056432709 0.37300003
-0.0083478577 0.056621823 0.37425002
-0.0050908844 0.056810942 0.37550002
-0.0018084336 0.056886587 0.37600002
0.0014827647 0.056962233 0.37650001
0.0047858828 0.057075705 0.37725002
0.008091406 0.057113532 0.37750003
0.011401301 0.057151351 0.37775001
0.014715573 0.057189178 0.37800002
0.018058056 0.05730265 0.37875003
0.021441875 0.057491768 0.38000003
0.024831269 0.05764306 0.38100001
0.028275121 0.057870001 0.38250002
0.032985266 0.060366355 0.39900002
0.038692579 0.064035237 0.42325002
0.04259548 0.064337827 0.42525002
0.046342772 0.064375646 0.42550001
0.050065026 0.064375646 0.42550001
0.053850483 0.0644513 0.42600003
0.057644688 0.064526945 0.42650002
0.061447639 0.064602591 0.42700002
0.065221183 0.06464041 0.42725003
0.068958744 0.06464041 0.42725003
0.072696306 0.06464041 0.42725003
0.076523311 0.064716056 0.42775002
0.080687448 0.065056473 0.43000001
0.084596366 0.065169938 0.43075001
0.088620968 0.065359056 0.43200001
0.09261398 0.065510355 0.43300003
0.096624471 0.065661646 0.43400002
0.10071032 0.065850765 0.43525001
0.10481802 0.066039883 0.43650001
0.10900983 0.066266827 0.43800002
0.11309906 0.066418119 0.43900001
0.1170726 0.066493765 0.43950003
0.12105489 0.06656941 0.44000003
0.12525882 0.066758528 0.44125003
0.12955779 0.066985466 0.44275001
0.1337323 0.067136765 0.44375002
0.13776927 0.06721241 0.44425002
0.14181498 0.067288056 0.44475001
0.14595135 0.067401528 0.44550002
0.15068945 0.067779765 0.44800001
0.15469481 0.067817591 0.44825003
0.158793 0.067893237 0.44875002
0.16299061 0.068006709 0.44950002
0.16720133 0.068120182 0.45025003
0.17161521 0.0683093 0.45150003
0.17585655 0.068422765 0.45225003
0.17971341 0.068384945 0.45200002
0.18315955 0.068195827 0.45075002
0 0 0
0 0 0
0 0 0
0 0 0
0 0 0
0 0 0
0 0 0
0 0 0
0 0 0
0 0 0
0 0 0
0 0 0
0.24222137 0.070465237 0.46575001
0.24642792 0.070503056 0.46600002
0 0 0
0 0 0
0 0 0
0 0 0
0 0 0
0 0 0
0 0 0
0 0 0
0 0 0
0 0 0
0 0 0
0 0 0
0 0 0
0 0 0
0 0 0
0 0 0
0 0 0
0 0 0
-0 0 0
-0.25052318 0.057612725 0.36000001
-0.2478893 0.057732753 0.36075002
-0.24541184 0.057892784 0.36175001
-0.24358658 0.058212858 0.36375001
-0.24073498 0.058292873 0.36425
-0.23754855 0.058292873 0.36425
-0.23484464 0.058412902 0.36500001
-0.23212765 0.058532927 0.36575001
-0.22955401 0.058692966 0.36675003
-0.22680856 0.058812991 0.36750001
-0.22359368 0.058812991 0.36750001
-0.22037882 0.058812991 0.36750001
-0.21775489 0.058973026 0.36850002
-0.2146768 0.059013035 0.36875001
-0.20858385 0.058212858 0.36375001
-0.20384893 0.057772763 0.36100003
-0.20055194 0.057732753 0.36075002
-0.20054242 0.058652956 0.36650002
-0.20097072 0.059733193 0.37325001
-0.19850007 0.059973247 0.37475002
-0.19548225 0.060053263 0.37525001
-0.19219959 0.060053263 0.37525001
-0.18891692 0.060053263 0.37525001
-0.18600528 0.060173292 0.37600002
-0.18283753 0.060213301 0.37625003
-0.18002331 0.060373336 0.37725002
-0.1771916 0.060533375 0.37825003
-0.17411254 0.06061339 0.37875003
-0.17113747 0.060733419 0.37950003
-0.16803873 0.060813434 0.38000003
-0.16493124 0.06089345 0.38050002
-0.16170882 0.06093346 0.38075003
-0.15848202 0.060973465 0.38100001
-0.15525086 0.061013479 0.38125002
-0.15201531 0.061053485 0.38150001
-0.14897026 0.06117351 0.38225001
-0.14610258 0.061373554 0.38350001
-0.14339913 0.061653621 0.38525003
-0.14048332 0.061853666 0.38650003
-0.13754566 0.06205371 0.38775003
-0.13432662 0.062133726 0.38825002
-0.13093023 0.062133726 0.38825002
-0.12260658 0.059733193 0.37325001
-0.11270689 0.056412462 0.35250002
-0.10985648 0.056532487 0.35325003
-0.10684182 0.056572493 0.35350001
-0.10396954 0.056692522 0.35425001
-0.10115533 0.05685256 0.35525003
-0.098185629 0.056932576 0.35575002
-0.095273972 0.057052605 0.35650003
-0.092478462 0.057252649 0.35775003
-0.089473747 0.057332665 0.35825002
-0.086339794 0.057332665 0.35825002
-0.083147779 0.057292655 0.35800001
-0.080071889 0.057332665 0.35825002
-0.077206388 0.057532709 0.35950002
-0.073906988 0.05741268 0.35875002
-0.070719346 0.057372671 0.3585
-0.067347556 0.057172626 0.35725001
-0.063952699 0.056932576 0.35575002
-0.060755111 0.05685256 0.35525003
-0.057566259 0.056772538 0.35475001
-0.054501314 0.056812551 0.35500002
-0.05157676 0.057012595 0.35625002
-0.048460305 0.057012595 0.35625002
-0.045407485 0.057092611 0.35675001
-0.042553354 0.057452694 0.35900003
-0.039879423 0.058132842 0.36325002
-0.036979582 0.058572941 0.36600003
-0.033962414 0.05889301 0.36800003
-0.030889366 0.05917307 0.36975002
-0.027692208 0.059253089 0.37025002
-0.024453279 0.059253089 0.37025002
-0.021257322 0.059373114 0.37100002
-0.018036108 0.059453133 0.37150002
-0.014806145 0.059533149 0.37200001
-0.011575198 0.059653174 0.37275001
-0.0083478577 0.059893232 0.37425002
-0.0050908844 0.060093276 0.37550002
-0.0018060288 0.060093276 0.37550002
0.0014817802 0.060213301 0.37625003
0.0047858828 0.060373336 0.37725002
0.0080860471 0.060373336 0.37725002
0.011401301 0.060453352 0.37775001
0.014725306 0.060533375 0.37825003
0.018058056 0.06061339 0.37875003
0.021455981 0.06085344 0.38025001
0.024863856 0.061053485 0.38150001
0.028275121 0.061213523 0.38250002
0.032902595 0.063694075 0.39800003
0.038669724 0.067694955 0.42300001
0.042545397 0.067975014 0.42475003
0.046342772 0.068095036 0.42550001
0.050094441 0.068135053 0.42575002
0.053850483 0.068175063 0.42600003
0.05767848 0.068295084 0.42675003
0.061483618 0.068375103 0.42725003
0.065221183 0.068375103 0.42725003
0.068958744 0.068375103 0.42725003
0.072653763 0.068335094 0.42700002
0.076523311 0.068455122 0.42775002
0.080687448 0.068815202 0.43000001
0.084743656 0.069055252 0.43150002
0.088774823 0.0692553 0.43275002
0.092774391 0.069415338 0.43375003
0.09673579 0.06953536 0.43450001
0.10071032 0.069655381 0.43525001
0.10487806 0.069895439 0.43675002
0.1089476 0.07005547 0.43775001
0.11303466 0.070215508 0.43875003
0.11720578 0.070415556 0.44000003
0.12126123 0.070535585 0.44075003
0.12532978 0.070655607 0.44150001
0.12948464 0.070815645 0.44250003
0.13365696 0.070975676 0.44350001
0.13769175 0.071055695 0.44400004
0.14181498 0.071175717 0.44475001
0.14619705 0.071415775 0.44625002
0.15052126 0.071615815 0.44750002
0.15460853 0.071695834 0.44800001
0.15888147 0.071855873 0.44900003
0.16317192 0.072015904 0.45000002
0.16747984 0.072175942 0.45100003
0.17171024 0.072295964 0.45175001
0.1754677 0.072215952 0.45125002
0.17901762 0.072055921 0.45025003
0.18265162 0.071935892 0.44950002
0 0 0
0 0 0
0 0 0
0 0 0
0 0 0
0 0 0
0 0 0
0 0 0
0 0 0
0 0 0
0 0 0
0 0 0
0 0 0
0 0 0
0 0 0
0 0 0
0 0 0
0 0 0
0 0 0
0 0 0
0 0 0
0 0 0
0 0 0
0 0 0
0 0 0
0 0 0
0 0 0
0 0 0
0 0 0
0 0 0
0 0 0
0 0 0
-0 0 0
-0.25034919 0.06071737 0.35975
-0.24806109 0.060928348 0.36100003
-0.24541184 0.061054926 0.36175001
-0.24308434 0.061265897 0.36300001
-0.24040453 0.061392479 0.36375001
-0.23787464 0.06156126 0.36475003
-0.23516634 0.061687838 0.3655
-0.23228632 0.061772231 0.36600003
-0.22939754 0.061856616 0.36650002
-0.22696286 0.062067587 0.36775002
-0.2238979 0.062109783 0.36800003
-0.22067866 0.062109783 0.36800003
-0.21775489 0.062194172 0.36850002
-0.21424018 0.062109783 0.36800003
-0.20657687 0.060801763 0.36025003
-0.20314306 0.06071737 0.35975
-0.20124684 0.061097123 0.36200002
-0.20163679 0.062194172 0.36850002
-0.20070152 0.062911473 0.37275001
-0.19823523 0.063164636 0.37425002
-0.19535203 0.063291222 0.37500003
-0.19232765 0.063375607 0.37550002
-0.18916865 0.0634178 0.37575001
-0.18600528 0.063459992 0.37600002
-0.18283753 0.063502192 0.37625003
-0.17990401 0.06362877 0.377
-0.17707449 0.063797548 0.37800002
-0.17411254 0.063924134 0.37875003
-0.17102472 0.064008519 0.37925002
-0.16792817 0.064092904 0.37975001
-0.1647145 0.064135104 0.38000003
-0.16160265 0.06421949 0.38050002
-0.15848202 0.064303875 0.38100001
-0.15525086 0.064346075 0.38125002
-0.15181608 0.064303875 0.38100001
-0.14887284 0.064472653 0.38200003
-0.14610258 0.064725816 0.38350001
-0.14330608 0.064978987 0.38500002
-0.14039245 0.065189958 0.38625002
-0.13745697 0.065400928 0.38750002
-0.13441311 0.065569699 0.38850001
-0.13109885 0.065611891 0.38875002
-0.12260658 0.062995858 0.37325001
-0.11302663 0.059662521 0.35350001
-0.10993422 0.059662521 0.35350001
-0.10691739 0.059704717 0.35375002
-0.10404292 0.059831299 0.35450003
-0.10122652 0.060000073 0.35550001
-0.098185629 0.06004227 0.35575002
-0.095207162 0.060126659 0.35625002
-0.092413835 0.060337625 0.35750002
-0.089473747 0.060464211 0.35825002
-0.086279541 0.060422014 0.35800001
-0.083089717 0.060379822 0.35775003
-0.08001601 0.060422014 0.35800001
-0.076776862 0.060337625 0.35750002
-0.072979935 0.059789103 0.35425001
-0.069387808 0.059367161 0.35175002
-0.066310719 0.059367161 0.35175002
-0.063053861 0.059198387 0.35075003
-0.059643473 0.058860835 0.34875003
-0.056511484 0.058776442 0.34825
-0.053580161 0.058903024 0.34900001
-0.050527126 0.058903024 0.34900001
-0.047712147 0.059198387 0.35075003
-0.044898361 0.059535936 0.35275
-0.041990321 0.059789103 0.35425001
-0.039083481 0.060084462 0.35600001
-0.036120769 0.060337625 0.35750002
-0.033547111 0.06135029 0.36350003
-0.030743169 0.062109783 0.36800003
-0.027673509 0.062447332 0.37
-0.024469791 0.062531725 0.37050003
-0.021271646 0.062658302 0.37125
-0.018060382 0.062784888 0.37200001
-0.014835996 0.062911473 0.37275001
-0.011590724 0.062995858 0.37325001
-0.0083478577 0.063164636 0.37425002
-0.0050908844 0.063375607 0.37550002
-0.0018048263 0.063333407 0.37525001
0.0014807957 0.063459992 0.37600002
0.0047858828 0.063670963 0.37725002
0.008091406 0.063713163 0.37750003
0.011401301 0.063755348 0.37775001
0.014725306 0.063839741 0.37825003
0.018081896 0.064008519 0.37925002
0.021484196 0.064261682 0.38075003
0.024847563 0.064346075 0.38125002
0.028219679 0.06443046 0.38175002
0.032737255 0.06683553 0.39600003
0.038624015 0.071308106 0.42250001
0.042495314 0.071603462 0.42425001
0.046315547 0.07177224 0.42525002
0.050094441 0.071856625 0.42575002
0.053850483 0.071898825 0.42600003
0.057644688 0.071983211 0.42650002
0.061447639 0.072067596 0.42700002
0.065183014 0.072067596 0.42700002
0.068918392 0.072067596 0.42700002
0.072696306 0.072109796 0.42725003
0.076478586 0.072151989 0.42750001
0.080593631 0.072489537 0.42950001
0.084792763 0.072869293 0.43175003
0.088877395 0.073122449 0.43325001
0.092774391 0.073206842 0.43375003
0.09673579 0.07333342 0.43450001
0.10071032 0.073460005 0.43525001
0.10499813 0.073797561 0.43725002
0.10919649 0.074050725 0.43875003
0.11316347 0.07413511 0.43925002
0.11727237 0.074303888 0.44025001
0.12139879 0.074472666 0.44125003
0.12547173 0.074599251 0.44200003
0.12941147 0.074641444 0.44225001
0.13350628 0.074768022 0.44300002
0.13769175 0.074936807 0.44400004
0.1418947 0.075105578 0.44500002
0.14619705 0.075316548 0.44625002
0.15035309 0.075443134 0.44700003
0.15460853 0.075611904 0.44800001
0.15905841 0.075865075 0.44950002
0.16326256 0.075991653 0.45025003
0.16757268 0.076160431 0.45125002
0.17161521 0.076202624 0.45150003
0.17507885 0.075991653 0.45025003
0.17852063 0.075780682 0.44900003
0 0 0
0 0 0
0 0 0
0 0 0
0 0 0
0 0 0
0 0 0
0 0 0
0 0 0
0 0 0
0 0 0
0 0 0
0 0 0
0 0 0
0 0 0
0 0 0
0 0 0
0 0 0
0 0 0
0 0 0
0 0 0
0 0 0
0 0 0
0 0 0
0 0 0
0 0 0
0 0 0
0 0 0
0 0 0
0 0 0
0 0 0
0 0 0
0 0 0
-0.25173464 0.063418232 0.35725001
-0.25034919 0.063862033 0.35975
-0.2478893 0.064039551 0.36075002
-0.24541184 0.064217068 0.36175001
-0.24291694 0.064394586 0.36275002
-0.24073498 0.064660862 0.36425
-0.23803766 0.064793997 0.36500001
-0.23516634 0.064882755 0.3655
-0.23228632 0.064971521 0.36600003
-0.22908458 0.064971521 0.36600003
-0.22649999 0.065149039 0.36700001
-0.2238979 0.065326557 0.36800003
-0.2209785 0.065415315 0.36850002
-0.21731168 0.065282173 0.36775002
-0.20914614 0.063773274 0.35925001
-0.20600343 0.063773274 0.35925001
-0.20342542 0.063950792 0.36025003
-0.20277566 0.064749621 0.36475003
-0.20259435 0.065725967 0.37025002
-0.20070152 0.066169761 0.37275001
-0.1981028 0.066391662 0.37400001
-0.19522178 0.066524796 0.37475002
-0.19232765 0.066657938 0.37550002
-0.18929452 0.066746697 0.37600002
-0.18612896 0.06679108 0.37625003
-0.18295901 0.066835456 0.37650001
-0.18002331 0.06696859 0.37725002
-0.17707449 0.067101732 0.37800002
-0.17399761 0.067190491 0.37850001
-0.17091198 0.067279249 0.37900001
-0.16792817 0.067412384 0.37975001
-0.16482286 0.067501143 0.38025001
-0.16160265 0.067545526 0.38050002
-0.15817004 0.067501143 0.38025001
-0.15484364 0.067501143 0.38025001
-0.15171647 0.067589909 0.38075003
-0.14887284 0.067811802 0.38200003
-0.14619781 0.068122461 0.38375002
-0.14330608 0.068344355 0.38500002
-0.14030159 0.068521872 0.38600001
-0.13736829 0.068743773 0.38725001
-0.13424012 0.068876907 0.38800001
-0.13101454 0.068965666 0.38850001
-0.12326355 0.066613555 0.37525001
-0.1129467 0.062708169 0.35325003
-0.10977873 0.062663786 0.35300002
-0.10676627 0.062708169 0.35325003
-0.10396954 0.062885687 0.35425001
-0.10115533 0.063063204 0.35525003
-0.098185629 0.063151963 0.35575002
-0.095273972 0.063285105 0.35650003
-0.092413835 0.063462615 0.35750002
-0.089411311 0.063551374 0.35800001
-0.086219296 0.063506998 0.35775003
-0.082973585 0.063418232 0.35725001
-0.079736628 0.063329481 0.35675001
-0.076132588 0.062930062 0.35450003
-0.07225889 0.062264375 0.35075003
-0.068845332 0.061953712 0.34900001
-0.065745167 0.061909337 0.34875003
-0.062379722 0.061598677 0.347
-0.058873881 0.061110508 0.34425002
-0.055902965 0.061154883 0.34450001
-0.052927684 0.061199266 0.34475002
-0.050092798 0.061421163 0.34600002
-0.047134019 0.061509918 0.34650001
-0.044230137 0.06168744 0.34750003
-0.041516185 0.062175609 0.35025001
-0.038424771 0.062131234 0.35000002
-0.035539806 0.062441889 0.35175002
-0.032924157 0.063329481 0.35675001
-0.030179264 0.064128309 0.36125001
-0.027523924 0.065326557 0.36800003
-0.024436766 0.065681584 0.37
-0.021271646 0.065903485 0.37125
-0.018072519 0.066081002 0.37225002
-0.014845947 0.066214144 0.37300003
-0.011598487 0.066302903 0.37350002
-0.0083478577 0.066436045 0.37425002
-0.0050841058 0.066569179 0.37500003
-0.001803624 0.066569179 0.37500003
0.0014807957 0.066746697 0.37600002
0.0047827112 0.066924214 0.377
0.008091406 0.067012973 0.37750003
0.011401301 0.067057349 0.37775001
0.014725306 0.067146115 0.37825003
0.018117655 0.067456767 0.38000003
0.021455981 0.067501143 0.38025001
0.024798682 0.067545526 0.38050002
0.028201198 0.067723043 0.38150001
0.032613251 0.070030779 0.39450002
0.038578305 0.074912518 0.42200002
0.042395148 0.075134411 0.42325002
0.046179403 0.075267553 0.42400002
0.050035611 0.075489447 0.42525002
0.053818878 0.075578205 0.42575002
0.057509527 0.075533822 0.42550001
0.061303739 0.075622588 0.42600003
0.065144852 0.07575573 0.42675003
0.068797335 0.075666964 0.42625001
0.072696306 0.075844489 0.42725003
0.076657489 0.076066382 0.42850003
0.080875099 0.076510176 0.43100002
0.084841855 0.076687694 0.43200001
0.088826112 0.076865211 0.43300003
0.092720918 0.07695397 0.43350002
0.096680135 0.077087112 0.43425003
0.10076816 0.077309005 0.43550003
0.10499813 0.077619664 0.43725002
0.10913427 0.077841558 0.43850002
0.11316347 0.077974699 0.43925002
0.11720578 0.078107834 0.44000003
0.12133001 0.078285351 0.44100001
0.12547173 0.078462876 0.44200003
0.12941147 0.078507252 0.44225001
0.13365696 0.078729145 0.44350001
0.13784681 0.07890667 0.44450003
0.14181498 0.078951046 0.44475001
0.14595135 0.07908418 0.44550002
0.15018491 0.079261705 0.44650003
0.15426344 0.079350464 0.44700003
0.15870453 0.079616733 0.44850001
0.16289996 0.079749875 0.44925001
0.16710848 0.079883017 0.45000002
0.17133014 0.080016151 0.45075002
0.17517605 0.079971768 0.45050001
0.17862003 0.079749875 0.44925001
0 0 0
0 0 0
0 0 0
0 0 0
0 0 0
0 0 0
0 0 0
0 0 0
0 0 0
0 0 0
0 0 0
0 0 0
0 0 0
0 0 0
0 0 0
0 0 0
0 0 0
0 0 0
0 0 0
0 0 0
0 0 0
0 0 0
0 0 0
0 0 0
0 0 0
0 0 0
0 0 0
0 0 0
0 0 0
0 0 0
0 0 0
0 0 0
0 0 0
-0.2529678 0.066866994 0.35900003
-0.25017524 0.066960126 0.35950002
-0.2477175 0.067146383 0.36050001
-0.24524225 0.067332648 0.36150002
-0.24308434 0.06761203 0.36300001
-0.2409002 0.067891419 0.36450002
-0.23771159 0.067891419 0.36450002
-0.23484464 0.067984551 0.36500001
-0.23196897 0.068077676 0.3655
-0.2287716 0.068077676 0.3655
-0.22619142 0.068263941 0.36650002
-0.2238979 0.06854333 0.36800003
-0.22082856 0.068589889 0.36825001
-0.21731168 0.068496764 0.36775002
-0.20972833 0.067099825 0.36025003
-0.2067202 0.067146383 0.36050001
-0.20441361 0.067425773 0.36200002
-0.20402651 0.068357065 0.36700001
-0.20314153 0.069148667 0.37125
-0.20083612 0.069474623 0.37300003
-0.19823523 0.069707446 0.37425002
-0.19522178 0.069800578 0.37475002
-0.19207156 0.069847144 0.37500003
-0.18904279 0.069940269 0.37550002
-0.18612896 0.070079967 0.37625003
-0.18308051 0.070173092 0.37675002
-0.18014263 0.070312791 0.37750003
-0.17684026 0.070312791 0.37750003
-0.17376776 0.070405915 0.37800002
-0.17068651 0.070499048 0.37850001
-0.16770707 0.070638739 0.37925002
-0.16493124 0.070871562 0.38050002
-0.16139029 0.070778437 0.38000003
-0.15785809 0.070685305 0.37950003
-0.15464003 0.070731871 0.37975001
-0.15181608 0.070964694 0.38100001
-0.14897026 0.071197517 0.38225001
-0.14648356 0.071616605 0.38450003
-0.14349219 0.071802862 0.38550001
-0.14048332 0.071989119 0.38650003
-0.13736829 0.07212881 0.38725001
-0.13406713 0.072175376 0.38750002
-0.13084592 0.072268508 0.38800001
-0.12383839 0.070219658 0.377
-0.1129467 0.06579601 0.35325003
-0.10977873 0.065749444 0.35300002
-0.10676627 0.06579601 0.35325003
-0.10396954 0.065982267 0.35425001
-0.10101295 0.066075392 0.35475001
-0.098047629 0.066168524 0.35525003
-0.095273972 0.066401348 0.35650003
-0.092478462 0.066634171 0.35775003
-0.089473747 0.066727303 0.35825002
-0.086219296 0.066634171 0.35775003
-0.08285746 0.066447914 0.35675001
-0.079066105 0.065889135 0.35375002
-0.075058788 0.065097541 0.34950003
-0.071228825 0.064399064 0.34575
-0.067711055 0.063933417 0.34325001
-0.064378425 0.063607462 0.34150001
-0.061390996 0.063607462 0.34150001
-0.058189798 0.063374639 0.34025002
-0.05468592 0.062769294 0.33700001
-0.051776249 0.06281586 0.33725002
-0.048970778 0.063002117 0.33825001
-0.046113804 0.063141815 0.33900002
-0.043307349 0.063374639 0.34025002
-0.040390123 0.063467763 0.34075001
-0.037601385 0.063793726 0.34250003
-0.034857806 0.064259373 0.34500003
-0.032324277 0.065237224 0.35025001
-0.029865986 0.066587605 0.35750002
-0.027131258 0.067565471 0.36275002
-0.024436766 0.068915844 0.37
-0.021314619 0.069288358 0.37200001
-0.018096795 0.069428056 0.37275001
-0.014835996 0.069428056 0.37275001
-0.011598487 0.069567755 0.37350002
-0.0083534336 0.069754012 0.37450001
-0.0050807162 0.069800578 0.37475002
-0.0018024215 0.069800578 0.37475002
0.0014807957 0.070033401 0.37600002
0.0047795395 0.070173092 0.37675002
0.0080860471 0.070266224 0.37725002
0.011393757 0.070312791 0.37750003
0.014735037 0.070499048 0.37850001
0.018081896 0.070638739 0.37925002
0.021385448 0.070592172 0.37900001
0.024798682 0.070871562 0.38050002
0.028275121 0.071244083 0.38250002
0.032489244 0.073199801 0.39300001
0.038555451 0.078554749 0.42175001
0.042345066 0.078741014 0.42275003
0.046124946 0.078880705 0.42350003
0.049947366 0.079066962 0.42450002
0.053724073 0.079160087 0.42500001
0.05744195 0.079160087 0.42500001
0.061195806 0.07920666 0.42525002
0.065068528 0.079392917 0.42625001
0.068676285 0.079253219 0.42550001
0.072696306 0.079579175 0.42725003
0.076925829 0.080091387 0.43000001
0.081015833 0.080417342 0.43175003
0.084940054 0.080557041 0.43250003
0.088877395 0.080696724 0.43325001
0.092774391 0.080789864 0.43375003
0.09673579 0.080929548 0.43450001
0.10071032 0.081069246 0.43525001
0.10487806 0.081348635 0.43675002
0.1089476 0.081534892 0.43775001
0.11290585 0.081628025 0.43825004
0.1170726 0.081860848 0.43950003
0.12133001 0.082140237 0.44100001
0.12532978 0.082233362 0.44150001
0.12948464 0.082419626 0.44250003
0.1337323 0.08265245 0.44375002
0.13784681 0.082792148 0.44450003
0.14197442 0.082931839 0.44525003
0.14578754 0.082885273 0.44500002
0.14993264 0.083024971 0.44575003
0.15452227 0.083397485 0.44775003
0.15888147 0.083630309 0.44900003
0.16280931 0.083630309 0.44900003
0.16673714 0.083630309 0.44900003
0.17104506 0.083816566 0.45000002
0.17517605 0.083909698 0.45050001
0 0 0
0 0 0
0 0 0
0 0 0
0 0 0
0 0 0
0 0 0
0 0 0
0 0 0
0 0 0
0 0 0
0 0 0
0 0 0
0 0 0
0 0 0
0 0 0
0 0 0
0 0 0
0 0 0
0 0 0
0 0 0
0 0 0
0 0 0
0 0 0
0 0 0
0 0 0
0 0 0
0 0 0
0 0 0
0 0 0
0 0 0
0 0 0
0 0 0
0 0 0
-0.25332013 0.070102595 0.35950002
-0.25034919 0.070151344 0.35975
-0.2477175 0.070297599 0.36050001
-0.24507265 0.070443846 0.36125001
-0.24308434 0.070785098 0.36300001
-0.24073498 0.071028844 0.36425
-0.23787464 0.071126349 0.36475003
-0.23484464 0.071175098 0.36500001
-0.23212765 0.071321346 0.36575001
-0.22908458 0.071370102 0.36600003
-0.22619142 0.071467601 0.36650002
-0.22359368 0.071662597 0.36750001
-0.22067866 0.071760103 0.36800003
-0.2164253 0.071418844 0.36625001
-0.21060158 0.070541345 0.36175001
-0.20700693 0.070395097 0.36100003
-0.20497827 0.070785098 0.36300001
-0.20652819 0.072442599 0.37150002
-0.20382552 0.072637603 0.37250003
-0.20097072 0.07278385 0.37325001
-0.19797039 0.072881356 0.37375003
-0.19496132 0.072978854 0.37425002
-0.1919435 0.073076352 0.37475002
-0.18891692 0.073173851 0.37525001
-0.1858816 0.073271349 0.37575001
-0.18308051 0.073466353 0.37675002
-0.18014263 0.073612601 0.37750003
-0.17684026 0.073612601 0.37750003
-0.17365283 0.07366135 0.37775001
-0.17034829 0.07366135 0.37775001
-0.16704376 0.07366135 0.37775001
-0.1643894 0.073953852 0.37925002
-0.16117793 0.074002609 0.37950003
-0.15785809 0.074002609 0.37950003
-0.15453824 0.074002609 0.37950003
-0.15171647 0.074246354 0.38075003
-0.14916512 0.074636348 0.38275
-0.14648356 0.074977607 0.38450003
-0.14358525 0.075221352 0.38575003
-0.14048332 0.075367607 0.38650003
-0.13736829 0.075513855 0.38725001
-0.13415363 0.07561136 0.38775003
-0.13067731 0.075562604 0.38750002
-0.12400264 0.073612601 0.37750003
-0.11310656 0.068981349 0.35375002
-0.10985648 0.068883844 0.35325003
-0.10691739 0.068981349 0.35375002
-0.10411628 0.069176346 0.35475001
-0.10108414 0.069225095 0.35500002
-0.097978629 0.069225095 0.35500002
-0.095207162 0.069468848 0.35625002
-0.092413835 0.069712594 0.35750002
-0.089411311 0.069810092 0.35800001
-0.085857786 0.069468848 0.35625002
-0.081754245 0.068640098 0.35200003
-0.077780932 0.067860097 0.34800002
-0.073609151 0.066836342 0.34275001
-0.069838241 0.06610509 0.33900002
-0.066872686 0.06610509 0.33900002
-0.063294448 0.065471344 0.33575001
-0.059907906 0.064983837 0.33325002
-0.056949895 0.064935088 0.333
-0.054117966 0.065032594 0.33350003
-0.051238909 0.065081336 0.33375001
-0.048427865 0.065227591 0.33450001
-0.045569688 0.065325089 0.33500001
-0.042702764 0.065422587 0.3355
-0.039856724 0.065568842 0.33625001
-0.036997564 0.065715089 0.33700001
-0.034150545 0.065910093 0.33800003
-0.03153982 0.066641346 0.34175003
-0.029051458 0.06781134 0.34775001
-0.026701197 0.069615096 0.35700002
-0.02410654 0.071175098 0.36500001
-0.021242997 0.072296351 0.37075001
-0.018036108 0.072442599 0.37150002
-0.014816096 0.072588854 0.37225002
-0.011598487 0.072832599 0.37350002
-0.0083534336 0.073027596 0.37450001
-0.0050841058 0.073125102 0.37500003
-0.0018024215 0.073076352 0.37475002
0.0014807957 0.073320098 0.37600002
0.0047795395 0.073466353 0.37675002
0.0080753304 0.073466353 0.37675002
0.011386211 0.073563851 0.37725002
0.014744771 0.073856354 0.37875003
0.018069975 0.073905103 0.37900001
0.021385448 0.073905103 0.37900001
0.024782388 0.074148849 0.38025001
0.02825664 0.074538849 0.38225001
0.032447912 0.076537602 0.39250001
0.038532596 0.082192615 0.42150003
0.042370107 0.08248511 0.42300001
0.046124946 0.082582615 0.42350003
0.049917948 0.082728863 0.42425001
0.053692471 0.082826369 0.42475003
0.057408161 0.082826369 0.42475003
0.061123855 0.082826369 0.42475003
0.064954035 0.082972609 0.42550001
0.068716638 0.083021365 0.42575002
0.072696306 0.083313867 0.42725003
0.076746933 0.083655119 0.42900002
0.081062742 0.084240116 0.43200001
0.085038252 0.08443512 0.43300003
0.088826112 0.08443512 0.43300003
0.092720918 0.084532619 0.43350002
0.096791454 0.084776364 0.43475002
0.10088386 0.085020117 0.43600002
0.10505816 0.08531262 0.43750003
0.10900983 0.085410118 0.43800002
0.11297025 0.085507616 0.43850002
0.1170726 0.08570262 0.43950003
0.12126123 0.085946374 0.44075003
0.12518784 0.085995115 0.44100001
0.12933832 0.086190119 0.44200003
0.13358162 0.086433873 0.44325003
0.13761422 0.086531371 0.44375002
0.14181498 0.086726367 0.44475001
0.14586945 0.086823873 0.44525003
0.15001673 0.086970121 0.44600001
0.15460853 0.087360121 0.44800001
0.15905841 0.087652624 0.44950002
0.16308126 0.087701373 0.44975004
0.16692281 0.087652624 0.44950002
0.17095004 0.087701373 0.44975004
0.17498164 0.087750122 0.45000002
0 0 0
0 0 0
0 0 0
0 0 0
0 0 0
0 0 0
0 0 0
0 0 0
0 0 0
0 0 0
0 0 0
0 0 0
0 0 0
0 0 0
0 0 0
0 0 0
0 0 0
0 0 0
0 0 0
0 0 0
0 0 0
0 0 0
0 0 0
0.28457919 0.092673883 0.47525004
0.28843287 0.092576377 0.47475001
0 0 0
0 0 0
0 0 0
0 0 0
0 0 0
0 0 0
0 0 0
0 0 0
0 0 0
-0.25367245 0.073346943 0.36000001
-0.25087112 0.073448807 0.36050001
-0.24823286 0.073601618 0.36125001
-0.24524225 0.073652551 0.36150002
-0.24291694 0.073907234 0.36275002
-0.24056976 0.07416191 0.36400002
-0.23787464 0.074314713 0.36475003
-0.23516634 0.074467517 0.3655
-0.23212765 0.07451845 0.36575001
-0.22908458 0.074569389 0.36600003
-0.22619142 0.074671261 0.36650002
-0.22328947 0.074773133 0.36700001
-0.22052874 0.074925937 0.36775002
-0.2164253 0.074620321 0.36625001
-0.21162039 0.074060038 0.36350003
-0.21001741 0.074620321 0.36625001
-0.20963687 0.075639032 0.37125
-0.20666717 0.075740904 0.37175003
-0.20368873 0.075842775 0.37225002
-0.20083612 0.075995579 0.37300003
-0.19797039 0.076148391 0.37375003
-0.19496132 0.076250255 0.37425002
-0.1919435 0.076352127 0.37475002
-0.18904279 0.076504931 0.37550002
-0.1858816 0.076555863 0.37575001
-0.18271604 0.076606803 0.37600002
-0.17990401 0.076810546 0.377
-0.17672314 0.076861478 0.37725002
-0.17342299 0.076861478 0.37725002
-0.17012282 0.076861478 0.37725002
-0.16704376 0.07696335 0.37775001
-0.16428104 0.077218026 0.37900001
-0.16107175 0.077268966 0.37925002
-0.1576501 0.077218026 0.37900001
-0.15453824 0.077319905 0.37950003
-0.15181608 0.077625513 0.38100001
-0.14965227 0.078236736 0.384
-0.14657879 0.07838954 0.38475001
-0.14349219 0.078542344 0.38550001
-0.14048332 0.078746095 0.38650003
-0.13727961 0.07884796 0.38700002
-0.13406713 0.078949831 0.38750002
-0.13076162 0.079000771 0.38775003
-0.12515233 0.077625513 0.38100001
-0.11318649 0.072124489 0.354
-0.10985648 0.071971685 0.35325003
-0.10699295 0.072124489 0.354
-0.10418966 0.072328232 0.35500002
-0.10129771 0.072481044 0.35575002
-0.098185629 0.072481044 0.35575002
-0.095073536 0.072481044 0.35575002
-0.092284583 0.072735719 0.35700002
-0.08916156 0.072735719 0.35700002
-0.084833525 0.071717009 0.35200003
-0.080709092 0.07080017 0.34750003
-0.076160491 0.069424912 0.34075001
-0.07258904 0.068864629 0.33800003
-0.069065697 0.068304338 0.33525002
-0.065639786 0.067794986 0.33275002
-0.062493257 0.06754031 0.33150002
-0.059683196 0.067642182 0.33200002
-0.056907143 0.067794986 0.33275002
-0.054117966 0.06794779 0.33350003
-0.051315669 0.068100594 0.33425
-0.04846406 0.068202466 0.33475003
-0.045603696 0.068304338 0.33525002
-0.042734586 0.068406209 0.33575001
-0.039915994 0.068609953 0.33675003
-0.037052456 0.068762757 0.33750001
-0.034150545 0.068864629 0.33800003
-0.031262953 0.069017433 0.33875
-0.0284249 0.069323048 0.34025002
-0.025841074 0.070392691 0.34550002
-0.023627713 0.072888523 0.35775003
-0.021056781 0.074874997 0.36750001
-0.018011833 0.0755881 0.37100002
-0.014826046 0.075893715 0.37250003
-0.011598487 0.076097451 0.37350002
-0.0083534336 0.076301187 0.37450001
-0.0050807162 0.076352127 0.37475002
-0.0018024215 0.076352127 0.37475002
0.0014817802 0.076657742 0.37625003
0.0047827112 0.076810546 0.377
0.0080806883 0.076810546 0.377
0.011401301 0.07696335 0.37775001
0.014735037 0.077116154 0.37850001
0.018058056 0.077167094 0.37875003
0.021413663 0.077319905 0.37950003
0.024798682 0.077523641 0.38050002
0.028219679 0.077778317 0.38175002
0.032179233 0.079306379 0.38925001
0.038464032 0.085724235 0.42075002
0.04242019 0.086284526 0.42350003
0.046152174 0.086335458 0.42375001
0.049859118 0.086335458 0.42375001
0.053629264 0.08643733 0.42425001
0.057340581 0.08643733 0.42425001
0.060979947 0.086335458 0.42375001
0.064763218 0.08643733 0.42425001
0.068716638 0.086742945 0.42575002
0.072738841 0.087099493 0.42750001
0.076702207 0.087354168 0.42875001
0.080828182 0.087761648 0.43075001
0.084940054 0.088118203 0.43250003
0.088774823 0.088169135 0.43275002
0.092667446 0.088270999 0.43325001
0.096902773 0.088678487 0.43525001
0.10111523 0.089035034 0.43700001
0.10511819 0.089187838 0.43775001
0.10907205 0.089289717 0.43825004
0.11303466 0.089391582 0.43875003
0.1170726 0.089544393 0.43950003
0.12119245 0.089748129 0.44050002
0.12518784 0.089850001 0.44100001
0.12911886 0.089900941 0.44125003
0.13343093 0.090206549 0.44275001
0.13745916 0.09030842 0.44325003
0.14173527 0.090563096 0.44450003
0.14578754 0.090664968 0.44500002
0.15001673 0.090868704 0.44600001
0.15460853 0.091276191 0.44800001
0.15905841 0.091581807 0.44950002
0.16308126 0.091632746 0.44975004
0.16710848 0.091683671 0.45000002
0.17095004 0.091632746 0.44975004
0.17498164 0.091683671 0.45000002
0 0 0
0 0 0
0 0 0
0 0 0
0 0 0
0 0 0
0 0 0
0 0 0
0 0 0
0 0 0
0 0 0
0 0 0
0 0 0
0 0 0
0 0 0
0 0 0
0 0 0
0 0 0
0 0 0
0 0 0
0 0 0
0 0 0
0 0 0
0 0 0
0 0 0
0 0 0
0 0 0
0 0 0
0 0 0
0 0 0
0 0 0
0 0 0
0 0 0
0 0 0
-0.25367245 0.076493785 0.36000001
-0.25104511 0.076653145 0.36075002
-0.24823286 0.076759383 0.36125001
-0.24524225 0.076812506 0.36150002
-0.24308434 0.077131227 0.36300001
-0.24073498 0.077396832 0.36425
-0.23787464 0.077503078 0.36475003
-0.23484464 0.077556193 0.36500001
-0.23181032 0.077609316 0.36525002
-0.22892809 0.077715561 0.36575001
-0.22619142 0.077874921 0.36650002
-0.22344159 0.078034282 0.36725003
-0.22067866 0.07819365 0.36800003
-0.21612984 0.077715561 0.36575001
-0.21234812 0.077503078 0.36475003
-0.21188104 0.078512371 0.36950001
-0.20963687 0.078884214 0.37125
-0.2063892 0.078884214 0.37125
-0.20341513 0.078990459 0.37175003
-0.2004323 0.079096697 0.37225002
-0.19757313 0.079256058 0.37300003
-0.19457062 0.079362303 0.37350002
-0.19155934 0.079468541 0.37400001
-0.18891692 0.079734147 0.37525001
-0.1858816 0.079840384 0.37575001
-0.18259455 0.079840384 0.37575001
-0.17954612 0.07994663 0.37625003
-0.17672314 0.080159113 0.37725002
-0.17353791 0.080212235 0.37750003
-0.17023556 0.080212235 0.37750003
-0.16726488 0.080371596 0.37825003
-0.16428104 0.080530956 0.37900001
-0.16085941 0.080477834 0.37875003
-0.15744211 0.080424711 0.37850001
-0.15453824 0.080637202 0.37950003
-0.15171647 0.0809028 0.38075003
-0.14945741 0.081487127 0.38350001
-0.14648356 0.08169961 0.38450003
-0.14321302 0.081752725 0.38475001
-0.14030159 0.082018331 0.38600001
-0.13736829 0.082283936 0.38725001
-0.13406713 0.082337059 0.38750002
-0.13076162 0.082390182 0.38775003
-0.12572718 0.081327759 0.38275
-0.11326643 0.075272009 0.35425001
-0.10985648 0.075059526 0.35325003
-0.10699295 0.075218886 0.354
-0.10418966 0.075431369 0.35500002
-0.10129771 0.07559073 0.35575002
-0.098185629 0.07559073 0.35575002
-0.095207162 0.075696975 0.35625002
-0.092284583 0.075856335 0.35700002
-0.08916156 0.075856335 0.35700002
-0.08399 0.074050233 0.34850001
-0.079373613 0.072615974 0.34175003
-0.075601719 0.071872279 0.33825001
-0.071891069 0.071128599 0.33475003
-0.068396151 0.070544265 0.33200002
-0.065442517 0.070491143 0.33175001
-0.062587515 0.070544265 0.33200002
-0.059818022 0.070703633 0.33275002
-0.05699265 0.070809871 0.33325002
-0.054158531 0.070916109 0.33375001
-0.051354054 0.071075477 0.33450001
-0.048536446 0.071234837 0.33525002
-0.045705721 0.071394198 0.33600003
-0.042830046 0.071500443 0.33650002
-0.039975259 0.071659803 0.33725002
-0.037107352 0.071819164 0.33800003
-0.034226321 0.071978524 0.33875
-0.031332169 0.072137885 0.33950001
-0.028404012 0.072244123 0.34
-0.025485806 0.072403491 0.34075001
-0.022851679 0.073519021 0.34600002
-0.020698672 0.076759383 0.36125001
-0.018011833 0.078831092 0.37100002
-0.014835996 0.079202935 0.37275001
-0.011598487 0.079362303 0.37350002
-0.008342281 0.079468541 0.37400001
-0.0050773267 0.079574779 0.37450001
-0.0018024215 0.079627901 0.37475002
0.001479811 0.079840384 0.37575001
0.0047763679 0.079999745 0.37650001
0.0080860471 0.080159113 0.37725002
0.011423938 0.080424711 0.37850001
0.014715573 0.080318473 0.37800002
0.018034218 0.080371596 0.37825003
0.021413663 0.080637202 0.37950003
0.024798682 0.080849677 0.38050002
0.028201198 0.08106216 0.38150001
0.031951893 0.082124576 0.38650003
0.038304053 0.089030266 0.41900003
0.04242019 0.089986436 0.42350003
0.046152174 0.090039559 0.42375001
0.049829707 0.089986436 0.42350003
0.053534459 0.089986436 0.42350003
0.057239216 0.089986436 0.42350003
0.060907997 0.089933313 0.42325002
0.064686894 0.090039559 0.42375001
0.068797335 0.090570763 0.42625001
0.072866455 0.090995729 0.42825001
0.076836385 0.091261335 0.42950001
0.080828182 0.091526933 0.43075001
0.084890954 0.091845661 0.43225002
0.088774823 0.091951899 0.43275002
0.092667446 0.092058145 0.43325001
0.096902773 0.092483111 0.43525001
0.10117309 0.092908077 0.43725002
0.10505816 0.0929612 0.43750003
0.1089476 0.093014315 0.43775001
0.11290585 0.09312056 0.43825004
0.1170726 0.093386166 0.43950003
0.12133001 0.093704879 0.44100001
0.12532978 0.093811125 0.44150001
0.12941147 0.093970485 0.44225001
0.13358162 0.094182976 0.44325003
0.13769175 0.094342336 0.44400004
0.14181498 0.094501689 0.44475001
0.14586945 0.094607942 0.44525003
0.150269 0.094926655 0.44675002
0.15460853 0.095192261 0.44800001
0.15888147 0.095404752 0.44900003
0.16289996 0.095457867 0.44925001
0.16664429 0.095351622 0.44875002
0.17047492 0.095298499 0.44850001
0 0 0
0 0 0
0 0 0
0 0 0
0 0 0
0 0 0
0 0 0
0 0 0
0 0 0
0 0 0
0 0 0
0 0 0
0 0 0
0 0 0
0 0 0
0 0 0
0 0 0
0 0 0
0 0 0
0 0 0
0 0 0
0 0 0
0 0 0
0 0 0
0 0 0
0 0 0
0 0 0
0 0 0
0 0 0
0 0 0
0 0 0
0 0 0
0 0 0
0 0 0
0 0 0
-0.25367245 0.079640619 0.36000001
-0.25121909 0.07986185 0.36100003
-0.24840465 0.079972461 0.36150002
-0.24558145 0.080083072 0.36200002
-0.24308434 0.080304287 0.36300001
-0.24073498 0.080580823 0.36425
-0.23787464 0.080691434 0.36475003
-0.2346838 0.080691434 0.36475003
-0.23181032 0.080802046 0.36525002
-0.22892809 0.080912657 0.36575001
-0.22619142 0.081078574 0.36650002
-0.22359368 0.081299797 0.36750001
-0.22067866 0.081410415 0.36800003
-0.21450479 0.080304287 0.36300001
-0.21293028 0.080912657 0.36575001
-0.2127412 0.082074083 0.37100002
-0.20977804 0.082184695 0.37150002
-0.20652819 0.082184695 0.37150002
-0.20355192 0.082295306 0.37200001
-0.2004323 0.082350612 0.37225002
-0.1974407 0.082461223 0.37275001
-0.19444036 0.082571834 0.37325001
-0.19168741 0.082793064 0.37425002
-0.18891692 0.083014287 0.37525001
-0.1858816 0.083124898 0.37575001
-0.18283753 0.08323551 0.37625003
-0.17966542 0.083290815 0.37650001
-0.17672314 0.083456732 0.37725002
-0.17365283 0.083567344 0.37775001
-0.17046103 0.083622649 0.37800002
-0.16737542 0.083733261 0.37850001
-0.16417268 0.083788574 0.37875003
-0.16075322 0.083733261 0.37850001
-0.1575461 0.083788574 0.37875003
-0.15474184 0.084065102 0.38000003
-0.15161686 0.084175713 0.38050002
-0.14897026 0.084562853 0.38225001
-0.14619781 0.084894687 0.38375002
-0.14321302 0.08511591 0.38475001
-0.14039245 0.085447751 0.38625002
-0.13727961 0.085613668 0.38700002
-0.13406713 0.085724279 0.38750002
-0.13067731 0.085724279 0.38750002
-0.12572718 0.084673464 0.38275
-0.11350624 0.078534499 0.35500002
-0.10985648 0.078147359 0.35325003
-0.10699295 0.078313276 0.354
-0.10404292 0.078423887 0.35450003
-0.10108414 0.078534499 0.35500002
-0.098116621 0.07864511 0.35550001
-0.095073536 0.078700423 0.35575002
-0.092090711 0.078811035 0.35625002
-0.088911802 0.078755721 0.35600001
-0.082845233 0.076045737 0.34375003
-0.07832846 0.074607775 0.33725002
-0.074595928 0.073833488 0.33375001
-0.071139403 0.073280431 0.33125001
-0.068293147 0.073335737 0.33150002
-0.065541156 0.073501661 0.33225003
-0.062776029 0.073667571 0.333
-0.059952851 0.07377819 0.33350003
-0.057206426 0.073999412 0.33450001
-0.054361373 0.074110024 0.33500001
-0.051392436 0.074054718 0.33475003
-0.048572637 0.074220628 0.3355
-0.045773733 0.074441858 0.33650002
-0.042925507 0.074607775 0.33725002
-0.04006416 0.074773699 0.33800003
-0.037162244 0.07488431 0.33850002
-0.034302101 0.075105526 0.33950001
-0.031401388 0.07527145 0.34025002
-0.028445786 0.075326756 0.34050003
-0.025523202 0.075492665 0.34125
-0.022620521 0.075769208 0.34250003
-0.020068401 0.077483684 0.35025001
-0.017866185 0.081410415 0.36800003
-0.014786244 0.082184695 0.37150002
-0.011567434 0.082405925 0.37250003
-0.008342281 0.082737751 0.37400001
-0.0050807162 0.082903676 0.37475002
-0.0018024215 0.082903676 0.37475002
0.0014788265 0.083069593 0.37550002
0.0047668531 0.083124898 0.37575001
0.0080860471 0.083456732 0.37725002
0.011431484 0.083788574 0.37875003
0.014735037 0.083733261 0.37850001
0.018046137 0.083733261 0.37850001
0.021413663 0.083954491 0.37950003
0.024814976 0.084231019 0.38075003
0.028238161 0.084507547 0.38200003
0.031951893 0.085503057 0.38650003
0.038212635 0.092471607 0.41800001
0.042345066 0.093522422 0.42275003
0.046097718 0.093633033 0.42325002
0.049829707 0.093688346 0.42350003
0.053502854 0.093633033 0.42325002
0.057171635 0.093577728 0.42300001
0.060836043 0.093522422 0.42275003
0.064725056 0.093798958 0.42400002
0.068918392 0.094462626 0.42700002
0.073036604 0.094960384 0.42925003
0.076881111 0.095070995 0.42975003
0.080781274 0.095236912 0.43050003
0.084792763 0.095513441 0.43175003
0.088774823 0.095734663 0.43275002
0.092774391 0.095955886 0.43375003
0.096847117 0.096232422 0.43500003
0.10099955 0.096564248 0.43650001
0.10493809 0.09667486 0.43700001
0.1089476 0.096840784 0.43775001
0.11297025 0.097006701 0.43850002
0.1170726 0.097227924 0.43950003
0.12146757 0.097670369 0.44150001
0.12547173 0.097780988 0.44200003
0.12963094 0.09800221 0.44300002
0.1337323 0.098168127 0.44375002
0.13776927 0.098278739 0.44425002
0.14165555 0.098278739 0.44425002
0.14586945 0.098499961 0.44525003
0.150269 0.098831795 0.44675002
0.15426344 0.098887108 0.44700003
0.15888147 0.099329554 0.44900003
0.16289996 0.099384859 0.44925001
0.1661801 0.098997712 0.44750002
0.16971472 0.098776497 0.44650003
0 0 0
0 0 0
0 0 0
0 0 0
0 0 0
0 0 0
0 0 0
0 0 0
0 0 0
0 0 0
0 0 0
0 0 0
0 0 0
0 0 0
0 0 0
0 0 0
0 0 0
0 0 0
0 0 0
0 0 0
0 0 0
0 0 0
0 0 0
0 0 0
0 0 0
0 0 0
0 0 0
0 0 0
0 0 0
0 0 0
0 0 0
0 0 0
0 0 0
0 0 0
0 0 0
-0.25402474 0.082902446 0.36050001
-0.25156704 0.083132416 0.36150002
-0.24840465 0.083132416 0.36150002
-0.24592064 0.083362378 0.36250001
-0.24325177 0.083534852 0.36325002
-0.24040453 0.083649829 0.36375001
-0.23771159 0.08382231 0.36450002
-0.23484464 0.083937287 0.36500001
-0.23196897 0.084052272 0.3655
-0.22892809 0.084109761 0.36575001
-0.22649999 0.084397219 0.36700001
-0.22374579 0.084569693 0.36775002
-0.21962923 0.084224746 0.36625001
-0.21435708 0.083419867 0.36275002
-0.21351247 0.08433973 0.36675003
-0.21202441 0.085029624 0.36975002
-0.20949571 0.085317083 0.37100002
-0.20680615 0.085547045 0.37200001
-0.20368873 0.085604541 0.37225002
-0.20056692 0.08566203 0.37250003
-0.19770554 0.085834503 0.37325001
-0.19496132 0.086064465 0.37425002
-0.1919435 0.08617945 0.37475002
-0.18904279 0.086351924 0.37550002
-0.1858816 0.086409412 0.37575001
-0.18283753 0.086524397 0.37625003
-0.17978472 0.086639382 0.37675002
-0.17672314 0.086754359 0.37725002
-0.17342299 0.086754359 0.37725002
-0.17023556 0.086811855 0.37750003
-0.16693321 0.086811855 0.37750003
-0.16395596 0.086984329 0.37825003
-0.16096558 0.087156802 0.37900001
-0.15796207 0.087329276 0.37975001
-0.15514906 0.087616734 0.38100001
-0.1519157 0.087674223 0.38125002
-0.14887284 0.087846696 0.38200003
-0.14610258 0.088191643 0.38350001
-0.14321302 0.088479102 0.38475001
-0.14030159 0.088766553 0.38600001
-0.13727961 0.088996522 0.38700002
-0.13406713 0.089111507 0.38750002
-0.13076162 0.089169003 0.38775003
-0.12605566 0.088249139 0.38375002
-0.11398584 0.08198259 0.35650003
-0.10977873 0.081177704 0.35300002
-0.10691739 0.081350185 0.35375002
-0.10404292 0.081522658 0.35450003
-0.10101295 0.081580147 0.35475001
-0.097978629 0.081637636 0.35500002
-0.094939917 0.081695132 0.35525003
-0.091961458 0.081810117 0.35575002
-0.087663047 0.080717772 0.35100001
-0.081519708 0.077785723 0.33825001
-0.077341363 0.076578401 0.333
-0.074037164 0.076175965 0.33125001
-0.071139403 0.076175965 0.33125001
-0.068396151 0.076348439 0.33200002
-0.065738417 0.076635897 0.33325002
-0.062917419 0.076750875 0.33375001
-0.060042735 0.076808371 0.33400002
-0.057291936 0.077038333 0.33500001
-0.05444251 0.07715331 0.3355
-0.051469199 0.077095829 0.33525002
-0.048681222 0.077325791 0.33625001
-0.045875754 0.077555761 0.33725002
-0.043020971 0.077728234 0.33800003
-0.040182691 0.077958196 0.33900002
-0.037409261 0.078360632 0.34075001
-0.034478914 0.078475617 0.34125
-0.031516749 0.078533106 0.34150001
-0.028591983 0.078705579 0.34225002
-0.025635391 0.078820564 0.34275001
-0.022686567 0.078993037 0.34350002
-0.019796239 0.079452969 0.34550002
-0.017441377 0.082614988 0.35925001
-0.014766344 0.085317083 0.37100002
-0.011551907 0.085547045 0.37200001
-0.0083367052 0.085949488 0.37375003
-0.0050874949 0.086294428 0.37525001
-0.0018048263 0.086294428 0.37525001
0.0014788265 0.086351924 0.37550002
0.0047668531 0.086409412 0.37575001
0.0080753304 0.086639382 0.37675002
0.011439029 0.087156802 0.37900001
0.014754502 0.087156802 0.37900001
0.018081896 0.087214291 0.37925002
0.021441875 0.087386772 0.38000003
0.024814976 0.087559246 0.38075003
0.028275121 0.087961681 0.38250002
0.031931225 0.088824049 0.38625002
0.038212635 0.096125439 0.41800001
0.042320024 0.097160287 0.42250001
0.046097718 0.097332761 0.42325002
0.049829707 0.097390257 0.42350003
0.053439651 0.097217776 0.42275003
0.05707027 0.097102799 0.42225003
0.060800064 0.097160287 0.42250001
0.064877711 0.097735196 0.42500001
0.068958744 0.098252624 0.42725003
0.072994061 0.09865506 0.42900002
0.076881111 0.098827533 0.42975003
0.080781274 0.099000014 0.43050003
0.084743656 0.099229977 0.43150002
0.088774823 0.099517427 0.43275002
0.092720918 0.099689901 0.43350002
0.096791454 0.099977359 0.43475002
0.10088386 0.10026482 0.43600002
0.10493809 0.10049478 0.43700001
0.1089476 0.10066725 0.43775001
0.11290585 0.10078225 0.43825004
0.1170726 0.1010697 0.43950003
0.12139879 0.10147213 0.44125003
0.12540075 0.10158712 0.44175002
0.12955779 0.10181708 0.44275001
0.1337323 0.10204705 0.44375002
0.13761422 0.10204705 0.44375002
0.14149611 0.10204705 0.44375002
0.14578754 0.10233451 0.44500002
0.15010083 0.10262196 0.44625002
0.1543497 0.10285192 0.44725001
0.15896994 0.10331185 0.44925001
0.16289996 0.10331185 0.44925001
0.16636577 0.1030244 0.44800001
0.16933462 0.10244948 0.44550002
0 0 0
0 0 0
0 0 0
0 0 0
0 0 0
0 0 0
0 0 0
0 0 0
0 0 0
0 0 0
0 0 0
0 0 0
0 0 0
0 0 0
0 0 0
0 0 0
0 0 0
0 0 0
0 0 0
0 0 0
0 0 0
0 0 0
0 0 0
0 0 0
0 0 0
0 0 0
0 0 0
0 0 0
0 0 0
0 0 0
0 0 0
0 0 0
0 0 0
0 0 0
0 0 0
-0.25367245 0.085934304 0.36000001
-0.25087112 0.086053655 0.36050001
-0.2478893 0.086113334 0.36075002
-0.24575107 0.086471401 0.36225003
-0.24341919 0.086769782 0.36350003
-0.24056976 0.086889133 0.36400002
-0.23771159 0.087008484 0.36450002
-0.23484464 0.087127835 0.36500001
-0.23181032 0.087187514 0.36525002
-0.2287716 0.087247185 0.3655
-0.22619142 0.087485902 0.36650002
-0.22328947 0.087605253 0.36700001
-0.21872973 0.087068163 0.36475003
-0.21568665 0.087127835 0.36500001
-0.2146768 0.088022985 0.36875001
-0.21202441 0.088261694 0.36975002
-0.20935453 0.088500395 0.37075001
-0.20694514 0.088858463 0.37225002
-0.20382552 0.088918142 0.37250003
-0.20070152 0.088977814 0.37275001
-0.19783796 0.089156844 0.37350002
-0.19496132 0.089335874 0.37425002
-0.19181544 0.089395545 0.37450001
-0.18879108 0.089514904 0.37500003
-0.18575794 0.089634255 0.37550002
-0.18271604 0.089753605 0.37600002
-0.17978472 0.089932643 0.37675002
-0.17684026 0.090111673 0.37750003
-0.17342299 0.090051994 0.37725002
-0.17012282 0.090051994 0.37725002
-0.16671211 0.089992315 0.377
-0.16373922 0.090171345 0.37775001
-0.16096558 0.090469725 0.37900001
-0.15796207 0.090648755 0.37975001
-0.15514906 0.090947136 0.38100001
-0.15211493 0.091126174 0.38175002
-0.14916512 0.091364875 0.38275
-0.14619781 0.091603585 0.38375002
-0.1430269 0.091722935 0.38425002
-0.14002898 0.091961645 0.38525003
-0.13719092 0.092319705 0.38675001
-0.13415363 0.092558414 0.38775003
-0.13093023 0.092677765 0.38825002
-0.1262199 0.091722935 0.38425002
-0.11398584 0.08509884 0.35650003
-0.10977873 0.084263362 0.35300002
-0.10684182 0.084382713 0.35350001
-0.10404292 0.084621422 0.35450003
-0.10101295 0.084681094 0.35475001
-0.097909622 0.084681094 0.35475001
-0.094806284 0.084681094 0.35475001
-0.091767579 0.084740773 0.35500002
-0.086664036 0.082831122 0.347
-0.080796696 0.080026321 0.33525002
-0.076992989 0.079131179 0.33150002
-0.074148916 0.07919085 0.33175001
-0.071407855 0.07936988 0.33250001
-0.068602167 0.079489231 0.333
-0.065886363 0.07972794 0.33400002
-0.063058808 0.079847291 0.33450001
-0.060267445 0.080026321 0.33525002
-0.057505712 0.08026503 0.33625001
-0.054523647 0.080205351 0.33600003
-0.051545959 0.080145672 0.33575001
-0.048898388 0.08062309 0.33775002
-0.046011783 0.080742441 0.33825001
-0.04308461 0.08080212 0.33850002
-0.040301222 0.081160173 0.34
-0.037436705 0.081398882 0.34100002
-0.034504175 0.08151824 0.34150001
-0.031655185 0.0818763 0.34300002
-0.028696408 0.081995651 0.34350002
-0.025728883 0.082115002 0.34400001
-0.022769123 0.082294032 0.34475002
-0.019824887 0.082592413 0.34600002
-0.017016571 0.083666593 0.35050002
-0.014726542 0.088321365 0.37
-0.011567434 0.088918142 0.37250003
-0.0083367052 0.089216523 0.37375003
-0.0050841058 0.089514904 0.37500003
-0.0018048263 0.089574575 0.37525001
0.001479811 0.089693926 0.37575001
0.0047700247 0.089753605 0.37600002
0.0080538951 0.089693926 0.37575001
0.011416393 0.090290703 0.37825003
0.014744771 0.090410054 0.37875003
0.018058056 0.090410054 0.37875003
0.021455981 0.090768106 0.38025001
0.024863856 0.091066495 0.38150001
0.028238161 0.091185853 0.38200003
0.031889889 0.092080995 0.38575003
0.03818978 0.099719606 0.41775003
0.042320024 0.10085346 0.42250001
0.046016034 0.10085346 0.42250001
0.049741458 0.10091314 0.42275003
0.053376447 0.10079379 0.42225003
0.056867532 0.10043572 0.42075002
0.060764093 0.10079379 0.42225003
0.065030366 0.10168893 0.42600003
0.068958744 0.10198732 0.42725003
0.07290899 0.1022857 0.42850003
0.076791659 0.10246473 0.42925003
0.080734365 0.10270343 0.43025002
0.084890954 0.10318085 0.43225002
0.088979974 0.10353891 0.43375003
0.092774391 0.10353891 0.43375003
0.096680135 0.10365826 0.43425003
0.1009417 0.10413567 0.43625003
0.10499813 0.10437438 0.43725002
0.10907205 0.10461309 0.43825004
0.11284143 0.10455341 0.43800002
0.11680622 0.10467276 0.43850002
0.12112366 0.10509049 0.44025001
0.12518784 0.10526952 0.44100001
0.12926517 0.10544855 0.44175002
0.13358162 0.10580662 0.44325003
0.13761422 0.10592597 0.44375002
0.14149611 0.10592597 0.44375002
0.14586945 0.10628403 0.44525003
0.150269 0.10664208 0.44675002
0.15452227 0.1068808 0.44775003
0.15870453 0.10705982 0.44850001
0.162628 0.10705982 0.44850001
0.16692281 0.10729853 0.44950002
0 0 0
0 0 0
0 0 0
0 0 0
0 0 0
0 0 0
0 0 0
0 0 0
0 0 0
0 0 0
0 0 0
0 0 0
0 0 0
0 0 0
0 0 0
0 0 0
0 0 0
0 0 0
0 0 0
0 0 0
0 0 0
0 0 0
0 0 0
0 0 0
0 0 0
0 0 0
0 0 0
0 0 0
0 0 0
0 0 0
0 0 0
0 0 0
0 0 0
0 0 0
0 0 0
0 0 0
-0.25314394 0.088895559 0.35925001
-0.25052318 0.089081146 0.36000001
-0.2478893 0.089266732 0.36075002
-0.24575107 0.089637913 0.36225003
-0.24325177 0.089885354 0.36325002
-0.24040453 0.090009078 0.36375001
-0.23738551 0.090070941 0.36400002
-0.23452294 0.090194665 0.36450002
-0.231493 0.090256527 0.36475003
-0.2287716 0.090442106 0.3655
-0.22603711 0.090627693 0.36625001
-0.22237684 0.090442106 0.3655
-0.21783023 0.089885354 0.36325002
-0.21627757 0.090565838 0.36600003
-0.21525899 0.091493763 0.36975002
-0.21231112 0.091617487 0.37025002
-0.20949571 0.091803074 0.37100002
-0.20652819 0.091926798 0.37150002
-0.20368873 0.092112385 0.37225002
-0.20070152 0.092236109 0.37275001
-0.19770554 0.092359826 0.37325001
-0.19457062 0.092421696 0.37350002
-0.19143131 0.092483558 0.37375003
-0.18866521 0.092730999 0.37475002
-0.18575794 0.092916586 0.37550002
-0.18271604 0.09304031 0.37600002
-0.17966542 0.093164034 0.37650001
-0.17672314 0.093349621 0.37725002
-0.17353791 0.093411483 0.37750003
-0.17023556 0.093411483 0.37750003
-0.16693321 0.093411483 0.37750003
-0.16373922 0.093473345 0.37775001
-0.16085941 0.093720794 0.37875003
-0.15785809 0.09390638 0.37950003
-0.15494545 0.094153829 0.38050002
-0.15201531 0.09440127 0.38150001
-0.14916512 0.094710581 0.38275
-0.14610258 0.094896168 0.38350001
-0.14293385 0.095019892 0.384
-0.13984723 0.095205478 0.38475001
-0.13701357 0.095576651 0.38625002
-0.13398063 0.095824093 0.38725001
-0.13067731 0.095885962 0.38750002
-0.12646626 0.095267341 0.38500002
-0.11430557 0.088462532 0.35750002
-0.10985648 0.087410882 0.35325003
-0.10684182 0.087472737 0.35350001
-0.10389616 0.087596461 0.354
-0.10087059 0.087658323 0.35425001
-0.097978629 0.08784391 0.35500002
-0.095006719 0.087967634 0.35550001
-0.091702953 0.087782048 0.35475001
-0.084478706 0.083699159 0.33825001
-0.080254436 0.082400061 0.333
-0.077051044 0.08209075 0.33175001
-0.074428298 0.082400061 0.333
-0.071622618 0.082523793 0.33350003
-0.068808183 0.08264751 0.33400002
-0.066083625 0.082894959 0.33500001
-0.063200198 0.082956821 0.33525002
-0.060312383 0.083018675 0.3355
-0.057420202 0.083080545 0.33575001
-0.054077398 0.082461923 0.33325002
-0.051047005 0.082276337 0.33250001
-0.048210695 0.082400061 0.333
-0.045433659 0.08264751 0.33400002
-0.042639125 0.082894959 0.33500001
-0.040182691 0.083884746 0.33900002
-0.037436705 0.084379643 0.34100002
-0.034605213 0.084750816 0.34250003
-0.031747472 0.085121989 0.34400001
-0.028738178 0.085121989 0.34400001
-0.02576628 0.085245706 0.34450001
-0.022835167 0.085555017 0.34575
-0.019896509 0.08592619 0.34725001
-0.016931608 0.086297363 0.34875003
-0.014467834 0.089947216 0.36350003
-0.011590724 0.092359826 0.37325001
-0.0083367052 0.092483558 0.37375003
-0.0050807162 0.092730999 0.37475002
-0.001803624 0.092792869 0.37500003
0.0014807957 0.09304031 0.37600002
0.0047795395 0.093225896 0.37675002
0.0080699716 0.093164034 0.37650001
0.011386211 0.093349621 0.37725002
0.014735037 0.093658932 0.37850001
0.018069975 0.093782648 0.37900001
0.021427769 0.093968242 0.37975001
0.024847563 0.094339415 0.38125002
0.028238161 0.094525002 0.38200003
0.031765886 0.095081754 0.38425002
0.038052652 0.10300008 0.41625002
0.042294983 0.10448477 0.42225003
0.045961577 0.1044229 0.42200002
0.049682628 0.10448477 0.42225003
0.053344842 0.1044229 0.42200002
0.05683374 0.10405173 0.42050001
0.061087877 0.10504152 0.42450002
0.06510669 0.10553642 0.42650002
0.068999089 0.10578386 0.42750001
0.072951525 0.10609317 0.42875001
0.076791659 0.1062169 0.42925003
0.080828182 0.10658807 0.43075001
0.085038252 0.10714483 0.43300003
0.088979974 0.10733042 0.43375003
0.092827864 0.10739227 0.43400002
0.096680135 0.10745414 0.43425003
0.10071032 0.10770158 0.43525001
0.10481802 0.10801089 0.43650001
0.10907205 0.10844393 0.43825004
0.11297025 0.10850579 0.43850002
0.11680622 0.10850579 0.43850002
0.1209861 0.1088151 0.43975002
0.12518784 0.10912441 0.44100001
0.12897255 0.10906255 0.44075003
0.13320492 0.10937186 0.44200003
0.13761422 0.10980489 0.44375002
0.14149611 0.10980489 0.44375002
0.14578754 0.1101142 0.44500002
0.150269 0.11054723 0.44675002
0.1543497 0.11067095 0.44725001
0.15835069 0.11073282 0.44750002
0.16217475 0.11067095 0.44725001
0.16590159 0.11054723 0.44675002
0 0 0
0 0 0
0 0 0
0 0 0
0 0 0
0 0 0
0 0 0
0 0 0
0 0 0
0 0 0
0 0 0
0 0 0
0 0 0
0 0 0
0 0 0
0 0 0
0 0 0
0 0 0
0 0 0
0 0 0
0 0 0
0 0 0
0 0 0
0 0 0
0 0 0
0 0 0
0 0 0
0 0 0
0 0 0
0 0 0
0 0 0
0 0 0
0 0 0
0 0 0
0 0 0
0 0 0
-0.25367245 0.092227995 0.36000001
-0.25069717 0.092292048 0.36025003
-0.24806109 0.092484191 0.36100003
-0.24541184 0.092676327 0.36175001
-0.24274953 0.09286847 0.36250001
-0.23990884 0.09299656 0.36300001
-0.2368964 0.093060613 0.36325002
-0.23436208 0.093316793 0.36425
-0.23181032 0.093572989 0.36525002
-0.22892809 0.093701079 0.36575001
-0.22588283 0.093765132 0.36600003
-0.22131212 0.093188703 0.36375001
-0.21708064 0.092740372 0.36200002
-0.21716395 0.094149411 0.36750001
-0.21525899 0.09472584 0.36975002
-0.21231112 0.09485393 0.37025002
-0.20935453 0.094982028 0.37075001
-0.20611124 0.094982028 0.37075001
-0.20314153 0.095110118 0.37125
-0.2004323 0.095366314 0.37225002
-0.1974407 0.095494404 0.37275001
-0.19431014 0.095558457 0.37300003
-0.19155934 0.095814638 0.37400001
-0.18866521 0.096006781 0.37475002
-0.18575794 0.096198924 0.37550002
-0.18271604 0.096327022 0.37600002
-0.17966542 0.096455112 0.37650001
-0.17660603 0.096583202 0.377
-0.17353791 0.096711308 0.37750003
-0.17012282 0.096647255 0.37725002
-0.16660155 0.096519165 0.37675002
-0.16352248 0.096647255 0.37725002
-0.16075322 0.096967489 0.37850001
-0.15796207 0.097287729 0.37975001
-0.15504725 0.097543918 0.38075003
-0.15211493 0.097800106 0.38175002
-0.1490677 0.097992249 0.38250002
-0.14600733 0.098184392 0.38325003
-0.14293385 0.098376527 0.384
-0.14002898 0.098696768 0.38525003
-0.13701357 0.098952956 0.38625002
-0.13380764 0.099081047 0.38675001
-0.13050869 0.0991451 0.38700002
-0.12671264 0.098824866 0.38575003
-0.11550459 0.092548229 0.36125001
-0.11001197 0.090626821 0.35375002
-0.10684182 0.090562768 0.35350001
-0.10374942 0.090562768 0.35350001
-0.10087059 0.090754911 0.35425001
-0.097978629 0.090947054 0.35500002
-0.095073536 0.091139197 0.35575002
-0.09131521 0.090498723 0.35325003
-0.084166512 0.086335652 0.33700001
-0.080374941 0.085438997 0.33350003
-0.077341363 0.085310891 0.333
-0.074651808 0.085567087 0.33400002
-0.071944751 0.085823275 0.33500001
-0.069117196 0.085951366 0.3355
-0.066280894 0.086079463 0.33600003
-0.063294448 0.086015418 0.33575001
-0.060132615 0.085695177 0.33450001
-0.056907143 0.085246854 0.33275002
-0.053712286 0.084798522 0.33100003
-0.050548047 0.084350184 0.32925001
-0.047667783 0.084350184 0.32925001
-0.044855535 0.084478281 0.32975
-0.042130005 0.084798522 0.33100003
-0.039471492 0.085310891 0.333
-0.036942676 0.086207561 0.33650002
-0.034579951 0.087680645 0.34225002
-0.031793617 0.088257067 0.34450001
-0.028759064 0.088193022 0.34425002
-0.025803678 0.088385165 0.34500003
-0.022868192 0.088705406 0.34625003
-0.019925157 0.089089684 0.34775001
-0.016943745 0.089409918 0.34900001
-0.014258876 0.091779672 0.35825002
-0.011606252 0.0957506 0.37375003
-0.008342281 0.095814638 0.37400001
-0.0050807162 0.096006781 0.37475002
-0.001803624 0.096070834 0.37500003
0.0014827647 0.096455112 0.37650001
0.0047858828 0.096647255 0.37725002
0.0080699716 0.096455112 0.37650001
0.011378665 0.096583202 0.377
0.014744771 0.097031541 0.37875003
0.018069975 0.097095586 0.37900001
0.021413663 0.097223684 0.37950003
0.024782388 0.09741582 0.38025001
0.028219679 0.097800106 0.38175002
0.031786554 0.098504625 0.38450003
0.037961237 0.10638244 0.41525003
0.042219859 0.10798362 0.42150003
0.045879889 0.10791957 0.42125002
0.049564965 0.10791957 0.42125002
0.053218435 0.10785552 0.42100003
0.056867532 0.10779148 0.42075002
0.061051898 0.10868813 0.42425001
0.065221183 0.1094567 0.42725003
0.069120139 0.10971288 0.42825001
0.073249288 0.11028931 0.43050003
0.077060007 0.11035336 0.43075001
0.081015833 0.11060955 0.43175003
0.084989153 0.11086573 0.43275002
0.088928685 0.11105788 0.43350002
0.092988282 0.11137812 0.43475002
0.097014084 0.1116343 0.43575001
0.100826 0.1116343 0.43575001
0.10475799 0.1117624 0.43625003
0.1089476 0.11214668 0.43775001
0.11309906 0.11246692 0.43900001
0.1169394 0.11246692 0.43900001
0.12112366 0.11278715 0.44025001
0.12532978 0.11310739 0.44150001
0.12926517 0.11317144 0.44175002
0.13320492 0.11323549 0.44200003
0.13761422 0.11368382 0.44375002
0.14173527 0.11387596 0.44450003
0.14578754 0.11400405 0.44500002
0.15001673 0.11426024 0.44600001
0.15409088 0.11438834 0.44650003
0.15808529 0.11445238 0.44675002
0.1620841 0.11451643 0.44700003
0.16590159 0.11445238 0.44675002
0 0 0
0 0 0
0 0 0
0 0 0
0 0 0
0 0 0
0 0 0
0 0 0
0 0 0
0 0 0
0 0 0
0 0 0
0 0 0
0 0 0
0 0 0
0 0 0
0 0 0
0 0 0
0 0 0
0 0 0
0 0 0
0 0 0
0 0 0
0 0 0
0 0 0
0 0 0
0 0 0
0 0 0
0 0 0
0 0 0
0 0 0
0 0 0
0 0 0
0 0 0
0 0 0
0 0 0
-0.25402474 0.095507301 0.36050001
-0.25069717 0.095441073 0.36025003
-0.24823286 0.095706001 0.36125001
-0.24558145 0.0959047 0.36200002
-0.24274953 0.096037164 0.36250001
-0.23990884 0.096169628 0.36300001
-0.2368964 0.096235864 0.36325002
-0.23452294 0.096567027 0.36450002
-0.23228632 0.096964426 0.36600003
-0.22908458 0.096964426 0.36600003
-0.22588283 0.096964426 0.36600003
-0.21979107 0.095706001 0.36125001
-0.21798015 0.0963021 0.36350003
-0.21805033 0.09775921 0.36900002
-0.21525899 0.097957909 0.36975002
-0.21216775 0.098024137 0.37
-0.20921338 0.098156609 0.37050003
-0.20597227 0.098156609 0.37050003
-0.20300475 0.098289073 0.37100002
-0.20029768 0.098554 0.37200001
-0.19730829 0.098686472 0.37250003
-0.19417991 0.0987527 0.37275001
-0.19130325 0.098951399 0.37350002
-0.18853934 0.099216327 0.37450001
-0.18563426 0.099415019 0.37525001
-0.18271604 0.099613719 0.37600002
-0.17954612 0.099679954 0.37625003
-0.17613758 0.099613719 0.37600002
-0.17296329 0.099679954 0.37625003
-0.16967186 0.099679954 0.37625003
-0.1662699 0.099613719 0.37600002
-0.16341412 0.099878646 0.377
-0.16075322 0.10027605 0.37850001
-0.15806606 0.10067344 0.38000003
-0.15514906 0.10093837 0.38100001
-0.15221456 0.10120331 0.38200003
-0.14897026 0.10126954 0.38225001
-0.14591208 0.10146824 0.38300002
-0.1430269 0.10179939 0.38425002
-0.14002898 0.10206433 0.38525003
-0.13701357 0.10232925 0.38625002
-0.13389415 0.10252795 0.38700002
-0.13050869 0.10252795 0.38700002
-0.12687688 0.10232925 0.38625002
-0.11590425 0.096037164 0.36250001
-0.11001197 0.093719028 0.35375002
-0.10691739 0.093719028 0.35375002
-0.1038228 0.093719028 0.35375002
-0.10094178 0.093917727 0.35450003
-0.098047629 0.094116427 0.35525003
-0.095140345 0.094315119 0.35600001
-0.090927459 0.093189165 0.35175002
-0.08366701 0.088751584 0.33500001
-0.080555692 0.088552885 0.33425
-0.077689752 0.08861912 0.33450001
-0.074987069 0.088884048 0.3355
-0.072159514 0.089016519 0.33600003
-0.069323212 0.089148983 0.33650002
-0.066280894 0.089016519 0.33600003
-0.063105941 0.088685356 0.33475003
-0.059503429 0.087691873 0.33100003
-0.056137551 0.086963311 0.32825002
-0.052900918 0.086367212 0.32600001
-0.04989557 0.086102284 0.32500002
-0.047305841 0.086565912 0.32675001
-0.044549473 0.086764611 0.32750002
-0.041748159 0.086897075 0.32800001
-0.039026994 0.087228239 0.32925001
-0.03639375 0.087824337 0.33150002
-0.03394847 0.089016519 0.33600003
-0.031839762 0.091400892 0.34500003
-0.028926147 0.091732055 0.34625003
-0.026009358 0.092129447 0.34775001
-0.022950748 0.092063218 0.34750003
-0.019925157 0.092129447 0.34775001
-0.016968021 0.092593081 0.34950003
-0.014169321 0.094315119 0.35600001
-0.011575198 0.0987527 0.37275001
-0.008342281 0.099083863 0.37400001
-0.0050807162 0.099282563 0.37475002
-0.0018048263 0.099415019 0.37525001
0.0014837494 0.099812418 0.37675002
0.0047858828 0.099944882 0.37725002
0.0080860471 0.099944882 0.37725002
0.011416393 0.10020982 0.37825003
0.014764235 0.10047475 0.37925002
0.018081896 0.10047475 0.37925002
0.021427769 0.10060721 0.37975001
0.024782388 0.10073967 0.38025001
0.028164238 0.10093837 0.38100001
0.031683214 0.10153447 0.38325003
0.037938382 0.109946 0.41500002
0.042219859 0.11166804 0.42150003
0.045852665 0.11153558 0.42100003
0.049506135 0.11146934 0.42075002
0.053123627 0.11133688 0.42025003
0.056867532 0.11146934 0.42075002
0.061087877 0.11246283 0.42450002
0.065259337 0.11325762 0.42750001
0.069200844 0.11358878 0.42875001
0.073206753 0.11398618 0.43025002
0.077060007 0.11411864 0.43075001
0.080922008 0.11425111 0.43125001
0.084743656 0.11431734 0.43150002
0.088826112 0.11471474 0.43300003
0.093041755 0.1152446 0.43500003
0.096958429 0.11537707 0.43550003
0.10099955 0.11564199 0.43650001
0.10499813 0.11584069 0.43725002
0.10900983 0.11603939 0.43800002
0.11329228 0.11650302 0.43975002
0.117006 0.11637055 0.43925002
0.12084854 0.11637055 0.43925002
0.12525882 0.11690041 0.44125003
0.12926517 0.11703288 0.44175002
0.13343093 0.11729781 0.44275001
0.13753669 0.11749651 0.44350001
0.14157583 0.11762898 0.44400004
0.14570563 0.11782766 0.44475001
0.14976446 0.11796013 0.44525003
0.15383205 0.1180926 0.44575003
0.15790837 0.11822506 0.44625002
0.1620841 0.11842376 0.44700003
0 0 0
0 0 0
0 0 0
0 0 0
0 0 0
0 0 0
0 0 0
0 0 0
0 0 0
0 0 0
0 0 0
0 0 0
0 0 0
0 0 0
0 0 0
0 0 0
0 0 0
0 0 0
0 0 0
0 0 0
0 0 0
0 0 0
0 0 0
0 0 0
0 0 0
0 0 0
0 0 0
0 0 0
0 0 0
0 0 0
0 0 0
0 0 0
0 0 0
0 0 0
0 0 0
0 0 0
0 0 0
-0.2543771 0.098795362 0.36100003
-0.25087112 0.098658517 0.36050001
-0.24806109 0.098795362 0.36100003
-0.24558145 0.099069029 0.36200002
-0.24291694 0.099274278 0.36275002
-0.24040453 0.099547952 0.36375001
-0.23754855 0.099684782 0.36425
-0.2350055 0.099958457 0.36525002
-0.23228632 0.10016371 0.36600003
-0.2287716 0.10002687 0.3655
-0.22526565 0.099890038 0.36500001
-0.21948686 0.098726936 0.36075002
-0.21917947 0.10002687 0.3655
-0.21775489 0.10084789 0.36850002
-0.21482235 0.10098472 0.36900002
-0.21188104 0.10112156 0.36950001
-0.20893103 0.10125839 0.37
-0.20583327 0.10132682 0.37025002
-0.20314153 0.10160048 0.37125
-0.20056692 0.10194258 0.37250003
-0.1974407 0.102011 0.37275001
-0.19404969 0.10194258 0.37250003
-0.19117521 0.10214783 0.37325001
-0.18841349 0.1024215 0.37425002
-0.18563426 0.10269517 0.37525001
-0.18247306 0.10276359 0.37550002
-0.17918822 0.10276359 0.37550002
-0.17590337 0.10276359 0.37550002
-0.17284836 0.10290042 0.37600002
-0.16955912 0.10290042 0.37600002
-0.1662699 0.10290042 0.37600002
-0.16352248 0.10324252 0.37725002
-0.16096558 0.10372143 0.37900001
-0.15806606 0.10399511 0.38000003
-0.15514906 0.10426878 0.38100001
-0.15211493 0.10447404 0.38175002
-0.1490677 0.10467929 0.38250002
-0.14610258 0.10495295 0.38350001
-0.1430269 0.10515821 0.38425002
-0.13993812 0.10536347 0.38500002
-0.1368362 0.10556872 0.38575003
-0.13380764 0.10584239 0.38675001
-0.13042438 0.10584239 0.38675001
-0.12679474 0.10563713 0.38600001
-0.11574438 0.099069029 0.36200002
-0.10993422 0.096742816 0.35350001
-0.10684182 0.096742816 0.35350001
-0.1038228 0.096811235 0.35375002
-0.10094178 0.097016491 0.35450003
-0.098047629 0.097221747 0.35525003
-0.095140345 0.097426996 0.35600001
-0.090345837 0.09564814 0.34950003
-0.083791882 0.091816731 0.3355
-0.080736443 0.091679901 0.33500001
-0.077922009 0.091816731 0.3355
-0.075154699 0.092021987 0.33625001
-0.072374277 0.092227243 0.33700001
-0.069580726 0.092432499 0.33775002
-0.066231579 0.091885149 0.33575001
-0.062681772 0.090995722 0.33250001
-0.059054002 0.08990103 0.3285
-0.055538975 0.088874765 0.32475001
-0.052414101 0.088395841 0.32300001
-0.049281467 0.087848499 0.32100001
-0.046400987 0.087711662 0.32050002
-0.043869328 0.088259012 0.32250002
-0.041079931 0.088327423 0.32275
-0.038404696 0.088669509 0.324
-0.03595461 0.089627363 0.32750002
-0.033569582 0.09092731 0.33225003
-0.031978194 0.094827116 0.34650001
-0.029030574 0.095100798 0.34750003
-0.026140248 0.09564814 0.34950003
-0.023016794 0.095374465 0.34850001
-0.019968132 0.095374465 0.34850001
-0.016980158 0.095716551 0.34975001
-0.014159371 0.097358584 0.35575002
-0.011505327 0.10139523 0.37050003
-0.008314399 0.102011 0.37275001
-0.0050739371 0.1024215 0.37425002
-0.001803624 0.10262676 0.37500003
0.0014817802 0.10296884 0.37625003
0.0047827112 0.10317409 0.377
0.008091406 0.10331094 0.37750003
0.011423938 0.1035846 0.37850001
0.014764235 0.10378986 0.37925002
0.018093815 0.10385828 0.37950003
0.021470089 0.10413194 0.38050002
0.024847563 0.1043372 0.38125002
0.028219679 0.10447404 0.38175002
0.031972557 0.10584239 0.38675001
0.038006946 0.11377886 0.41575003
0.0422449 0.11542089 0.42175001
0.045798205 0.1150788 0.42050001
0.049447306 0.11501038 0.42025003
0.053123627 0.11501038 0.42025003
0.057239216 0.11589982 0.42350003
0.061483618 0.11692608 0.42725003
0.065335669 0.11713134 0.42800003
0.069241196 0.117405 0.42900002
0.073079139 0.11754184 0.42950001
0.077015281 0.11781552 0.43050003
0.080875099 0.11795235 0.43100002
0.084743656 0.11808918 0.43150002
0.088672258 0.11829444 0.43225002
0.09293481 0.11891019 0.43450001
0.096791454 0.11897862 0.43475002
0.10088386 0.11932071 0.43600002
0.10499813 0.11966279 0.43725002
0.10907205 0.11993647 0.43825004
0.1134211 0.12048381 0.44025001
0.11713918 0.12034697 0.43975002
0.12105489 0.12041539 0.44000003
0.12518784 0.12068906 0.44100001
0.12919201 0.12082589 0.44150001
0.13343093 0.12116798 0.44275001
0.13745916 0.12130482 0.44325003
0.1414164 0.12137324 0.44350001
0.14562373 0.12164691 0.44450003
0.14976446 0.12185217 0.44525003
0.15374577 0.12192058 0.44550002
0.15773144 0.121989 0.44575003
0.16181214 0.12212583 0.44625002
0 0 0
0 0 0
0 0 0
0 0 0
0 0 0
0 0 0
0 0 0
0 0 0
0 0 0
0 0 0
0 0 0
0 0 0
0 0 0
0 0 0
0 0 0
0 0 0
0 0 0
0 0 0
0 0 0
0 0 0
0 0 0
0 0 0
0 0 0
0 0 0
0 0 0
0 0 0
0 0 0
0 0 0
0 0 0
0 0 0
0 0 0
0 0 0
0 0 0
0 0 0
0 0 0
0 0 0
0 0 0
-0.2543771 0.10195094 0.36100003
-0.25139305 0.10202154 0.36125001
-0.24823286 0.10202154 0.36125001
-0.24524225 0.10209215 0.36150002
-0.24308434 0.10251576 0.36300001
-0.24056976 0.10279818 0.36400002
-0.23771159 0.10293938 0.36450002
-0.2350055 0.10315119 0.36525002
-0.23196897 0.10322179 0.3655
-0.22892809 0.1032924 0.36575001
-0.22480278 0.10286877 0.36425
-0.22070371 0.10244516 0.36275002
-0.22037882 0.10378662 0.36750001
-0.21775489 0.10406903 0.36850002
-0.21482235 0.10421024 0.36900002
-0.21188104 0.10435145 0.36950001
-0.20893103 0.10449265 0.37
-0.20597227 0.10463386 0.37050003
-0.20355192 0.10505748 0.37200001
-0.20097072 0.10541049 0.37325001
-0.19770554 0.10541049 0.37325001
-0.19431014 0.10533989 0.37300003
-0.19143131 0.1055517 0.37375003
-0.18879108 0.10590472 0.37500003
-0.18575794 0.10604592 0.37550002
-0.18247306 0.10604592 0.37550002
-0.17918822 0.10604592 0.37550002
-0.17578624 0.10597531 0.37525001
-0.17261851 0.10604592 0.37550002
-0.16967186 0.10625774 0.37625003
-0.16671211 0.10646953 0.377
-0.16395596 0.10682256 0.37825003
-0.16107175 0.10710497 0.37925002
-0.15827404 0.10745798 0.38050002
-0.15535267 0.10774039 0.38150001
-0.15221456 0.10788161 0.38200003
-0.1490677 0.10802281 0.38250002
-0.14610258 0.10830522 0.38350001
-0.1430269 0.10851703 0.38425002
-0.13993812 0.10872884 0.38500002
-0.13692488 0.10901125 0.38600001
-0.13380764 0.10922306 0.38675001
-0.13050869 0.10929367 0.38700002
-0.12687688 0.10908186 0.38625002
-0.11574438 0.10223335 0.36200002
-0.10985648 0.099762246 0.35325003
-0.10684182 0.09983284 0.35350001
-0.10389616 0.099974044 0.354
-0.10094178 0.10011526 0.35450003
-0.098047629 0.10032707 0.35525003
-0.095073536 0.10046828 0.35575002
-0.089764208 0.098067768 0.34725001
-0.084104076 0.095102437 0.33675003
-0.081097953 0.095031828 0.33650002
-0.078212336 0.095102437 0.33675003
-0.075545847 0.095455453 0.33800003
-0.072750106 0.095667258 0.33875
-0.069838241 0.09573786 0.33900002
-0.066083625 0.09460821 0.33500001
-0.061927706 0.092772529 0.3285
-0.058334932 0.091642879 0.32450002
-0.054854896 0.090583839 0.32075003
-0.05176501 0.090089604 0.31900001
-0.048936039 0.09001901 0.31875002
-0.046292406 0.090301417 0.31975001
-0.043529257 0.090372026 0.32000002
-0.040761732 0.09044262 0.32025
-0.038108364 0.090795636 0.3215
-0.035460576 0.091219261 0.32300001
-0.033039138 0.092348911 0.32700002
-0.030340062 0.09284313 0.32875001
-0.029072344 0.098279573 0.34800002
-0.026177645 0.098844402 0.35000002
-0.02309935 0.098773792 0.34975001
-0.020068401 0.098915003 0.35025001
-0.017052982 0.099197417 0.35125002
-0.014199172 0.10075068 0.35675001
-0.011528617 0.10484567 0.37125
-0.0083255516 0.10541049 0.37325001
-0.0050739371 0.10569291 0.37425002
-0.0018024215 0.10583411 0.37475002
0.0014807957 0.10618713 0.37600002
0.0047890544 0.10661075 0.37750003
0.0081021227 0.10675196 0.37800002
0.011476757 0.10738738 0.38025001
0.014851827 0.10774039 0.38150001
0.018248769 0.10809341 0.38275
0.021667579 0.10844643 0.384
0.025108259 0.10879945 0.38525003
0.028663212 0.10950547 0.38775003
0.032923263 0.11247081 0.39825001
0.038395468 0.11861328 0.42000002
0.0422449 0.1191075 0.42175001
0.04571652 0.11854268 0.41975003
0.049388476 0.11854268 0.41975003
0.053123627 0.11868389 0.42025003
0.057374373 0.11988413 0.42450002
0.061447639 0.12059017 0.42700002
0.065412 0.12101379 0.42850003
0.06940259 0.1214374 0.43000001
0.073079139 0.1212962 0.42950001
0.076836385 0.1212962 0.42950001
0.080875099 0.12171982 0.43100002
0.084841855 0.12200223 0.43200001
0.088774823 0.12221404 0.43275002
0.092827864 0.12256706 0.43400002
0.096680135 0.12263766 0.43425003
0.10065247 0.12284947 0.43500003
0.10487806 0.12334369 0.43675002
0.10907205 0.12376732 0.43825004
0.11322788 0.12412033 0.43950003
0.11720578 0.12426154 0.44000003
0.12119245 0.12440274 0.44050002
0.12525882 0.12461455 0.44125003
0.12941147 0.12489696 0.44225001
0.13350628 0.12510876 0.44300002
0.13753669 0.12524997 0.44350001
0.14149611 0.12532058 0.44375002
0.14554183 0.12546179 0.44425002
0.14976446 0.12574421 0.44525003
0.15365949 0.12574421 0.44525003
0.15746604 0.12567359 0.44500002
0.16163084 0.12588541 0.44575003
0 0 0
0 0 0
0 0 0
0 0 0
0 0 0
0 0 0
0 0 0
0 0 0
0 0 0
0 0 0
0 0 0
0 0 0
0 0 0
0 0 0
0 0 0
0 0 0
0 0 0
0 0 0
0 0 0
0 0 0
0 0 0
0 0 0
0 0 0
0 0 0
0 0 0
0 0 0
0 0 0
0 0 0
0 0 0
0 0 0
0 0 0
0 0 0
0 0 0
0 0 0
0 0 0
0 0 0
0 0 0
-0.25420094 0.10503373 0.36075002
-0.25139305 0.10517931 0.36125001
-0.24857643 0.10532489 0.36175001
-0.24558145 0.10539768 0.36200002
-0.24341919 0.10583441 0.36350003
-0.24023931 0.10583441 0.36350003
-0.23754855 0.10605277 0.36425
-0.23516634 0.10641671 0.3655
-0.23196897 0.10641671 0.3655
-0.22845866 0.10627113 0.36500001
-0.22310558 0.1052521 0.36150002
-0.22252895 0.1064895 0.36575001
-0.22067866 0.1071446 0.36800003
-0.2179026 0.10736296 0.36875001
-0.21511343 0.10758132 0.36950001
-0.21245448 0.10787249 0.37050003
-0.20921338 0.10787249 0.37050003
-0.20625022 0.10801806 0.37100002
-0.20341513 0.10823643 0.37175003
-0.20070152 0.10852758 0.37275001
-0.19757313 0.10860037 0.37300003
-0.19431014 0.10860037 0.37300003
-0.19168741 0.10896431 0.37425002
-0.18891692 0.10925546 0.37525001
-0.18563426 0.10925546 0.37525001
-0.1822301 0.10918268 0.37500003
-0.17894962 0.10918268 0.37500003
-0.17578624 0.10925546 0.37525001
-0.17227373 0.10910989 0.37475002
-0.16910817 0.10918268 0.37500003
-0.16682266 0.10983777 0.37725002
-0.16406432 0.11020172 0.37850001
-0.16117793 0.11049287 0.37950003
-0.15827404 0.11078402 0.38050002
-0.15535267 0.11107517 0.38150001
-0.15221456 0.11122075 0.38200003
-0.14916512 0.11143912 0.38275
-0.14600733 0.1115847 0.38325003
-0.14293385 0.11180305 0.384
-0.14002898 0.11216701 0.38525003
-0.13701357 0.11245815 0.38625002
-0.13398063 0.11274931 0.38725001
-0.13076162 0.11289489 0.38775003
-0.12720536 0.11274931 0.38725001
-0.11662366 0.10619836 0.36475003
-0.10993422 0.10292286 0.35350001
-0.10684182 0.10292286 0.35350001
-0.10396954 0.10314123 0.35425001
-0.10094178 0.10321403 0.35450003
-0.097909622 0.10328681 0.35475001
-0.095006719 0.10350517 0.35550001
-0.089634955 0.10095758 0.34675002
-0.084541142 0.098555565 0.33850002
-0.081459463 0.098409988 0.33800003
-0.078560717 0.098482773 0.33825001
-0.075936988 0.098919503 0.33975002
-0.072911173 0.098846711 0.33950001
-0.069889747 0.098773934 0.33925003
-0.065590464 0.096808635 0.33250001
-0.061032254 0.094261043 0.32375002
-0.057660799 0.093387589 0.32075003
-0.054470096 0.092732482 0.31850001
-0.051683873 0.092732482 0.31850001
-0.048897658 0.092732482 0.31850001
-0.046292406 0.093096428 0.31975001
-0.04359727 0.093314797 0.32050002
-0.040857192 0.093460366 0.32100001
-0.038137998 0.093678735 0.32175002
-0.035433128 0.093969889 0.32275
-0.032786544 0.094479412 0.32450002
-0.0302247 0.095352873 0.32750002
-0.029030574 0.10117595 0.34750003
-0.026252437 0.10219498 0.35100001
-0.023297485 0.1027045 0.35275
-0.020254618 0.10292286 0.35350001
-0.017174356 0.10299566 0.35375002
-0.014298677 0.104597 0.35925001
-0.011559671 0.108382 0.37225002
-0.0083367052 0.10881874 0.37375003
-0.0050841058 0.10918268 0.37500003
-0.001803624 0.10918268 0.37500003
0.0014817802 0.10954662 0.37625003
0.0047985693 0.11012893 0.37825003
0.0081557082 0.11078402 0.38050002
0.011537122 0.11129354 0.38225001
0.014939421 0.11173027 0.38375002
0.018344125 0.11202142 0.38475001
0.021780431 0.11238536 0.38600001
0.0252549 0.1128221 0.38750002
0.028829535 0.11354998 0.39000002
0.032964595 0.11609758 0.39875001
0.038395468 0.1222846 0.42000002
0.042144734 0.12250296 0.42075002
0.045689292 0.12213902 0.41950002
0.049388476 0.12221181 0.41975003
0.053281639 0.12272133 0.42150003
0.057374373 0.12359479 0.42450002
0.061411668 0.12424989 0.42675003
0.065297507 0.12454104 0.42775002
0.06940259 0.12519613 0.43000001
0.073121674 0.12512335 0.42975003
0.076881111 0.12512335 0.42975003
0.080968916 0.12563287 0.43150002
0.084940054 0.12592402 0.43250003
0.088826112 0.12606961 0.43300003
0.092774391 0.12628797 0.43375003
0.09673579 0.12650633 0.43450001
0.10071032 0.12672469 0.43525001
0.10487806 0.12716143 0.43675002
0.10907205 0.12759815 0.43825004
0.11309906 0.12781651 0.43900001
0.11713918 0.12803489 0.43975002
0.12112366 0.12818046 0.44025001
0.12504591 0.12825325 0.44050002
0.12919201 0.12854441 0.44150001
0.13350628 0.12898113 0.44300002
0.13753669 0.12912671 0.44350001
0.14133668 0.12905392 0.44325003
0.14537802 0.1291995 0.44375002
0.14925992 0.1291995 0.44375002
0.15305555 0.12912671 0.44350001
0.15693526 0.12912671 0.44350001
0 0 0
0 0 0
0 0 0
0 0 0
0 0 0
0 0 0
0 0 0
0 0 0
0 0 0
0 0 0
0 0 0
0 0 0
0 0 0
0 0 0
0 0 0
0 0 0
0 0 0
0 0 0
0 0 0
0 0 0
0 0 0
0 0 0
0 0 0
0 0 0
0 0 0
0 0 0
0 0 0
0 0 0
0 0 0
0 0 0
0 0 0
0 0 0
0 0 0
0 0 0
0 0 0
0 0 0
0 0 0
0 0 0
-0.25402474 0.10811215 0.36050001
-0.25104511 0.10818712 0.36075002
-0.24823286 0.10833707 0.36125001
-0.24541184 0.10848702 0.36175001
-0.24274953 0.10871194 0.36250001
-0.23924795 0.10856199 0.36200002
-0.23657031 0.10878691 0.36275002
-0.23452294 0.10931173 0.36450002
-0.23133431 0.10931173 0.36450002
-0.22626796 0.10841204 0.36150002
-0.22295128 0.10833707 0.36125001
-0.22237684 0.10961162 0.3655
-0.22067866 0.11036137 0.36800003
-0.2179026 0.11058628 0.36875001
-0.21525899 0.11088618 0.36975002
-0.2127412 0.11126105 0.37100002
-0.20949571 0.11126105 0.37100002
-0.2063892 0.11133602 0.37125
-0.20341513 0.11148597 0.37175003
-0.2004323 0.11163592 0.37225002
-0.1974407 0.11178586 0.37275001
-0.19431014 0.11186084 0.37300003
-0.19143131 0.11208576 0.37375003
-0.18866521 0.11238565 0.37475002
-0.18538691 0.11238565 0.37475002
-0.18186563 0.11223571 0.37425002
-0.17894962 0.11246063 0.37500003
-0.17566913 0.11246063 0.37500003
-0.17204387 0.11223571 0.37425002
-0.16922091 0.1125356 0.37525001
-0.16693321 0.11321037 0.37750003
-0.16406432 0.11351026 0.37850001
-0.16096558 0.1136602 0.37900001
-0.15817004 0.11403507 0.38025001
-0.15545447 0.11448491 0.38175002
-0.15231417 0.11463486 0.38225001
-0.14916512 0.11478481 0.38275
-0.14600733 0.11493476 0.38325003
-0.14293385 0.11515968 0.384
-0.14011985 0.11560952 0.38550001
-0.13719092 0.11598439 0.38675001
-0.13406713 0.11620931 0.38750002
-0.13076162 0.11628429 0.38775003
-0.1273696 0.11628429 0.38775003
-0.11758287 0.11028638 0.36775002
-0.10993422 0.10601288 0.35350001
-0.10676627 0.10593791 0.35325003
-0.10389616 0.10616282 0.354
-0.10087059 0.10623781 0.35425001
-0.097909622 0.10638775 0.35475001
-0.094939917 0.10653771 0.35525003
-0.08937645 0.10368869 0.34575
-0.084603578 0.10158943 0.33875
-0.081579961 0.10151446 0.33850002
-0.078734905 0.10166441 0.33900002
-0.076048739 0.10203928 0.34025002
-0.073125944 0.10211425 0.34050003
-0.069941245 0.10181435 0.33950001
-0.064998671 0.098815404 0.32950002
-0.060183927 0.095741481 0.31925002
-0.057256319 0.095516555 0.31850001
-0.054683872 0.095891424 0.31975001
-0.051886715 0.095891424 0.31975001
-0.048974417 0.095666505 0.31900001
-0.046545763 0.096416242 0.3215
-0.04393734 0.096866086 0.32300001
-0.041048113 0.096716143 0.32250002
-0.038226899 0.096716143 0.32250002
-0.035460576 0.096866086 0.32300001
-0.032710765 0.097091012 0.32375002
-0.030063195 0.097690798 0.32575002
-0.028571095 0.10256409 0.34200001
-0.026383324 0.10578796 0.35275
-0.023363531 0.10608786 0.35375002
-0.020311916 0.10631278 0.35450003
-0.017259317 0.10661267 0.35550001
-0.01438823 0.10841204 0.36150002
-0.011559671 0.11163592 0.37225002
-0.0083367052 0.11208576 0.37375003
-0.0050874949 0.1125356 0.37525001
-0.001803624 0.11246063 0.37500003
0.0014788265 0.11261058 0.37550002
0.0047953976 0.11336032 0.37800002
0.0081557082 0.11411005 0.38050002
0.011529576 0.1145599 0.38200003
0.014939421 0.11508471 0.38375002
0.018344125 0.1153846 0.38475001
0.021794537 0.11583444 0.38625002
0.025303781 0.11643424 0.38825002
0.028866496 0.11710899 0.39050001
0.032923263 0.11943319 0.39825001
0.038349763 0.12580596 0.41950002
0.042094652 0.12603088 0.42025003
0.045689292 0.12580596 0.41950002
0.049417887 0.12595589 0.42000002
0.053376447 0.12663066 0.42225003
0.057610895 0.12783024 0.42625001
0.061483618 0.12813014 0.42725003
0.06537383 0.12843004 0.42825001
0.069321893 0.12880491 0.42950001
0.073206753 0.12902983 0.43025002
0.077015281 0.12910481 0.43050003
0.080922008 0.12932971 0.43125001
0.084890954 0.12962961 0.43225002
0.089031249 0.13015443 0.43400002
0.092827864 0.13015443 0.43400002
0.096680135 0.13022941 0.43425003
0.10059462 0.13037935 0.43475002
0.10469796 0.13075422 0.43600002
0.10900983 0.13135402 0.43800002
0.11303466 0.13157894 0.43875003
0.11713918 0.13187882 0.43975002
0.12105489 0.13195381 0.44000003
0.12490398 0.13195381 0.44000003
0.12897255 0.13217872 0.44075003
0.1333556 0.13270354 0.44250003
0.13753669 0.13300343 0.44350001
0.14125696 0.13285348 0.44300002
0.14537802 0.13307841 0.44375002
0.14934401 0.13315338 0.44400004
0.15296927 0.13292846 0.44325003
0.15649293 0.13262856 0.44225001
0 0 0
0 0 0
0 0 0
0 0 0
0 0 0
0 0 0
0 0 0
0 0 0
0 0 0
0 0 0
0 0 0
0 0 0
0 0 0
0 0 0
0 0 0
0 0 0
0 0 0
0 0 0
0 0 0
0 0 0
0 0 0
0 0 0
0 0 0
0 0 0
0 0 0
0 0 0
0 0 0
0 0 0
0 0 0
0 0 0
0 0 0
0 0 0
0 0 0
0 0 0
0 0 0
0 0 0
0 0 0
0 0 0
-0.25349626 0.11103188 0.35975
-0.25087112 0.11126336 0.36050001
-0.24806109 0.11141768 0.36100003
-0.24507265 0.11149484 0.36125001
-0.24074057 0.11095472 0.35950002
-0.23743045 0.11087757 0.35925001
-0.23493992 0.11118621 0.36025003
-0.23227102 0.11141768 0.36100003
-0.22895434 0.11134052 0.36075002
-0.22532909 0.11110904 0.36000001
-0.22403131 0.11203495 0.36300001
-0.22344159 0.11334666 0.36725003
-0.2209785 0.11373246 0.36850002
-0.21775489 0.11373246 0.36850002
-0.21511343 0.11404108 0.36950001
-0.21245448 0.11434973 0.37050003
-0.20921338 0.11434973 0.37050003
-0.20625022 0.11450405 0.37100002
-0.20341513 0.11473552 0.37175003
-0.2004323 0.11488984 0.37225002
-0.19730829 0.114967 0.37250003
-0.19431014 0.11512132 0.37300003
-0.19117521 0.11519847 0.37325001
-0.18841349 0.11550711 0.37425002
-0.18526323 0.11558427 0.37450001
-0.18174414 0.11542995 0.37400001
-0.17859173 0.11550711 0.37425002
-0.17531779 0.11550711 0.37425002
-0.17204387 0.11550711 0.37425002
-0.16955912 0.11604723 0.37600002
-0.16715431 0.1166645 0.37800002
-0.16406432 0.11681882 0.37850001
-0.16096558 0.11697313 0.37900001
-0.15806606 0.11728177 0.38000003
-0.15545447 0.11782188 0.38175002
-0.15261301 0.11820768 0.38300002
-0.14955485 0.11843915 0.38375002
-0.14638831 0.11859347 0.38425002
-0.14321302 0.11874779 0.38475001
-0.14030159 0.11913358 0.38600001
-0.13719092 0.11936506 0.38675001
-0.13398063 0.11951938 0.38725001
-0.13067731 0.11959654 0.38750002
-0.12745172 0.11975086 0.38800001
-0.11798254 0.11388677 0.36900002
-0.10993422 0.1091029 0.35350001
-0.1066907 0.10894859 0.35300002
-0.10374942 0.1091029 0.35350001
-0.1007994 0.10925722 0.354
-0.097909622 0.1094887 0.35475001
-0.095140345 0.10987449 0.35600001
-0.090022698 0.10748256 0.34825
-0.084603578 0.10455052 0.33875
-0.081640206 0.10455052 0.33875
-0.078792974 0.10470485 0.33925003
-0.07621637 0.10524496 0.34100002
-0.073340699 0.10539927 0.34150001
-0.070250265 0.10524496 0.34100002
-0.06450551 0.10092405 0.32700002
-0.06008967 0.098377801 0.31875002
-0.05743609 0.098609284 0.31950003
-0.054897647 0.099072225 0.32100001
-0.052130125 0.099149391 0.32125002
-0.049281467 0.099072225 0.32100001
-0 0 0
-0 0 0
-0.041302677 0.10015246 0.32450002
-0.038463965 0.10015246 0.32450002
-0.035597805 0.1000753 0.32425001
-0.032786544 0.10015246 0.32450002
-0.030063195 0.10053825 0.32575002
-0.028174277 0.10408757 0.33725002
-0.026476815 0.10925722 0.354
-0.023429576 0.1094887 0.35475001
-0.020354889 0.10964303 0.35525003
-0.017307868 0.11002882 0.35650003
-0.014358379 0.11134052 0.36075002
-0.011466511 0.11396393 0.36925003
-0.0083311284 0.11527564 0.37350002
-0.0050841058 0.11573859 0.37500003
-0.0018048263 0.11581574 0.37525001
0.001479811 0.11597006 0.37575001
0.0047922255 0.11658733 0.37775001
0.0081396326 0.11720461 0.37975001
0.011506939 0.11766756 0.38125002
0.014890758 0.11805336 0.38250002
0.018332206 0.11867063 0.38450003
0.021794537 0.11921074 0.38625002
0.025336366 0.11998233 0.38875002
0.028921938 0.12075392 0.39125001
0.032902595 0.12283722 0.39800003
0.038326908 0.12939574 0.41925001
0.042044569 0.12955007 0.41975003
0.045662064 0.12939574 0.41925001
0.049476717 0.12978153 0.42050001
0.053629264 0.13093892 0.42425001
0.057644688 0.13163336 0.42650002
0.061555572 0.13201915 0.42775002
0.065450154 0.13232778 0.42875001
0.069362246 0.13263643 0.42975003
0.073249288 0.1328679 0.43050003
0.077015281 0.1328679 0.43050003
0.080922008 0.13309938 0.43125001
0.084890954 0.13340801 0.43225002
0.089236394 0.13425677 0.43500003
0.092988282 0.13417961 0.43475002
0.09673579 0.13410243 0.43450001
0.10053678 0.13410243 0.43450001
0.10445783 0.13425677 0.43500003
0.10888539 0.13502835 0.43750003
0.11303466 0.13541415 0.43875003
0.1170726 0.13564563 0.43950003
0.12105489 0.13579994 0.44000003
0.12497494 0.1358771 0.44025001
0.12897255 0.13603142 0.44075003
0.13328025 0.13649437 0.44225001
0.13753669 0.13688016 0.44350001
0.14133668 0.13680302 0.44325003
0.14537802 0.13695733 0.44375002
0.14925992 0.13695733 0.44375002
0.1532281 0.13703449 0.44400004
0 0 0
0 0 0
0 0 0
0 0 0
0 0 0
0 0 0
0 0 0
0 0 0
0 0 0
0 0 0
0 0 0
0 0 0
0 0 0
0 0 0
0 0 0
0 0 0
0 0 0
0 0 0
0 0 0
0 0 0
0 0 0
0.25104201 0.14413312 0.46700001
0 0 0
0 0 0
0 0 0
0 0 0
0 0 0
0 0 0
0 0 0
0 0 0
0 0 0
0 0 0
0 0 0
0 0 0
0 0 0
0 0 0
0 0 0
0 0 0
0 0 0
-0.25384861 0.11433523 0.36025003
-0.25104511 0.11449392 0.36075002
-0.24806109 0.11457327 0.36100003
-0.24422465 0.11425588 0.36000001
-0.23973608 0.11362113 0.35800001
-0.23676956 0.11370048 0.35825002
-0.23428775 0.11401785 0.35925001
-0.23146674 0.11417653 0.35975
-0.22689168 0.11346244 0.35750002
-0.22407725 0.11362113 0.35800001
-0.22603711 0.1162395 0.36625001
-0.22374579 0.11671557 0.36775002
-0.22052874 0.11671557 0.36775002
-0.21760714 0.11687425 0.36825001
-0.2146768 0.11703294 0.36875001
-0.21188104 0.11727097 0.36950001
-0.20893103 0.11742966 0.37
-0.20625022 0.11774704 0.37100002
-0.20341513 0.11798508 0.37175003
-0.20016308 0.11798508 0.37175003
-0.19704343 0.11806441 0.37200001
-0.19417991 0.11830245 0.37275001
-0.19117521 0.11846113 0.37325001
-0.18828762 0.11869917 0.37400001
-0.18513957 0.11877852 0.37425002
-0.18174414 0.11869917 0.37400001
-0.17859173 0.11877852 0.37425002
-0.17531779 0.11877852 0.37425002
-0.17227373 0.1189372 0.37475002
-0.16955912 0.11933392 0.37600002
-0.16715431 0.11996868 0.37800002
-0.16417268 0.12020671 0.37875003
-0.16096558 0.12028605 0.37900001
-0.15817004 0.12068278 0.38025001
-0.15535267 0.1210795 0.38150001
-0.15281224 0.12171426 0.38350001
-0.14965227 0.12187294 0.384
-0.14657879 0.12211098 0.38475001
-0.14339913 0.12226968 0.38525003
-0.14021072 0.12242836 0.38575003
-0.13710225 0.1226664 0.38650003
-0.13398063 0.12290442 0.38725001
-0.13084592 0.12314245 0.38800001
-0.12745172 0.12314245 0.38800001
-0.11870193 0.11782638 0.37125
-0.11016747 0.11243097 0.35425001
-0.10684182 0.11219293 0.35350001
-0.10367605 0.1121136 0.35325003
-0.10087059 0.11243097 0.35425001
-0.098116621 0.11282769 0.35550001
-0.095207162 0.11306572 0.35625002
-0.090345837 0.11092342 0.34950003
-0.084853336 0.107829 0.33975002
-0.081941463 0.10790833 0.34
-0.079083294 0.10806703 0.34050003
-0.076439872 0.10854309 0.34200001
-0.073609151 0.10878112 0.34275001
-0.07066229 0.10886047 0.34300002
-0.063173972 0.10164013 0.32025
-0.060278185 0.10148145 0.31975001
-0.057570912 0.10164013 0.32025
-0.054897647 0.10187817 0.32100001
-0.052698076 0.10306833 0.32475001
-0 0 0
-0 0 0
-0 0 0
-0 0 0
-0.038641762 0.10346505 0.32600001
-0.035762485 0.10338571 0.32575002
-0.032887578 0.10330636 0.32550001
-0.030132413 0.10362375 0.32650003
-0.028007194 0.1064008 0.33525002
-0.026589006 0.11282769 0.35550001
-0.023495622 0.11290704 0.35575002
-0.020412186 0.11306572 0.35625002
-0.017344277 0.11338309 0.35725001
-0.014368329 0.11457327 0.36100003
-0.011474273 0.11727097 0.36950001
-0.0083367052 0.11861983 0.37375003
-0.0050908844 0.11917524 0.37550002
-0.0018084336 0.11933392 0.37600002
0.0014837494 0.11957196 0.37675002
0.0047985693 0.12004803 0.37825003
0.0081396326 0.12052409 0.37975001
0.011506939 0.12100016 0.38125002
0.014919956 0.12163492 0.38325003
0.018344125 0.12211098 0.38475001
0.021794537 0.12258705 0.38625002
0.025320074 0.12330114 0.38850001
0.028848017 0.12385656 0.39025003
0.032757923 0.12576082 0.39625001
0.038235489 0.13274312 0.41825002
0.042044569 0.1332192 0.41975003
0.045689292 0.13313985 0.41950002
0.049800288 0.13433 0.42325002
0.053818878 0.13512345 0.42575002
0.057644688 0.13536149 0.42650002
0.061555572 0.13575821 0.42775002
0.065412 0.13599625 0.42850003
0.069362246 0.13639297 0.42975003
0.073249288 0.136631 0.43050003
0.077015281 0.136631 0.43050003
0.080922008 0.13686903 0.43125001
0.084841855 0.13710706 0.43200001
0.089031249 0.13774182 0.43400002
0.093041755 0.1380592 0.43500003
0.096791454 0.13797985 0.43475002
0.10059462 0.13797985 0.43475002
0.10469796 0.13837658 0.43600002
0.1089476 0.13893197 0.43775001
0.11290585 0.13909067 0.43825004
0.11687281 0.13924937 0.43875003
0.1209861 0.13956673 0.43975002
0.12511688 0.13988411 0.44075003
0.12897255 0.13988411 0.44075003
0.13320492 0.14028084 0.44200003
0.13745916 0.14067756 0.44325003
0.14133668 0.14067756 0.44325003
0.14529611 0.14075691 0.44350001
0.14900765 0.14059822 0.44300002
0.15271044 0.14043953 0.44250003
0 0 0
0 0 0
0 0 0
0 0 0
0 0 0
0 0 0
0 0 0
0 0 0
0 0 0
0 0 0
0 0 0
0 0 0
0 0 0
0 0 0
0 0 0
0 0 0
0 0 0
0 0 0
0 0 0
0 0 0
0 0 0
0 0 0
0 0 0
0 0 0
0 0 0
0 0 0
0 0 0
0 0 0
0 0 0
0 0 0
0 0 0
0 0 0
0 0 0
0 0 0
0 0 0
0 0 0
0 0 0
0 0 0
0 0 0
-0.25402474 0.11756579 0.36050001
-0.25087112 0.11756579 0.36050001
-0.24737392 0.11740273 0.36000001
-0.24303745 0.11683203 0.35825002
-0.23956868 0.11666897 0.35775003
-0.23693477 0.11691355 0.3585
-0.2344508 0.11723967 0.35950002
-0.2316276 0.11740273 0.36000001
-0.22625703 0.11626132 0.35650003
-0.22501613 0.11723967 0.35950002
-0.2263457 0.11960404 0.36675003
-0.22359368 0.11984862 0.36750001
-0.22022891 0.11976709 0.36725003
-0.21731168 0.11993015 0.36775002
-0.21453127 0.12017474 0.36850002
-0.21188104 0.12050086 0.36950001
-0.20893103 0.12066391 0.37
-0.20611124 0.12090851 0.37075001
-0.20314153 0.12107156 0.37125
-0.20002846 0.12115309 0.37150002
-0.19704343 0.12131615 0.37200001
-0.19417991 0.12156074 0.37275001
-0.19117521 0.1217238 0.37325001
-0.18803591 0.12180533 0.37350002
-0.18476854 0.12180533 0.37350002
-0.18137968 0.1217238 0.37325001
-0.17823382 0.12180533 0.37350002
-0.17508358 0.12188686 0.37375003
-0.17227373 0.12221298 0.37475002
-0.16967186 0.12270216 0.37625003
-0.16704376 0.12319133 0.37775001
-0.16395596 0.1233544 0.37825003
-0.16085941 0.12351746 0.37875003
-0.15796207 0.12384357 0.37975001
-0.15525086 0.12433276 0.38125002
-0.15241379 0.1247404 0.38250002
-0.14935999 0.12498499 0.38325003
-0.14629306 0.12522957 0.384
-0.14330608 0.12555569 0.38500002
-0.14021072 0.12580028 0.38575003
-0.13692488 0.12588181 0.38600001
-0.13389415 0.12620793 0.38700002
-0.13076162 0.12645252 0.38775003
-0.1273696 0.12645252 0.38775003
-0.11862201 0.12099004 0.37100002
-0.11001197 0.11536449 0.35375002
-0.10684182 0.11528295 0.35350001
-0.1038228 0.11536449 0.35375002
-0.10101295 0.1156906 0.35475001
-0.098254621 0.11609825 0.35600001
-0.095273972 0.11626132 0.35650003
-0.09073358 0.11446766 0.35100001
-0.085477717 0.11161412 0.34225002
-0.082363226 0.11145107 0.34175003
-0.079547808 0.11169565 0.34250003
-0.076775141 0.11202177 0.34350002
-0.073823914 0.11210331 0.34375003
-0.070610791 0.11177718 0.34275001
-0.063617826 0.10517328 0.32250002
-0.060419574 0.10452104 0.32050002
-0.057705738 0.1046841 0.32100001
-0.055154178 0.10517328 0.32250002
-0 0 0
-0 0 0
-0 0 0
-0 0 0
-0 0 0
-0 0 0
-0.035927162 0.10672234 0.32725
-0.033039138 0.10664082 0.32700002
-0.0302247 0.10680387 0.32750002
-0.028174277 0.10998353 0.33725002
-0.026589006 0.11593519 0.35550001
-0.023528645 0.11617979 0.35625002
-0.020455159 0.11642437 0.35700002
-0.017392829 0.11683203 0.35825002
-0.01439818 0.11797343 0.36175001
-0.011482038 0.12058239 0.36975002
-0.008342281 0.12196839 0.37400001
-0.0050908844 0.12245757 0.37550002
-0.0018060288 0.12245757 0.37550002
0.0014807957 0.12262063 0.37600002
0.0047890544 0.12310981 0.37750003
0.0081235571 0.12359898 0.37900001
0.011529576 0.12457734 0.38200003
0.014910223 0.12490346 0.38300002
0.018332206 0.12539265 0.38450003
0.021766325 0.12580028 0.38575003
0.0252549 0.126371 0.38750002
0.028792575 0.12702323 0.38950002
0.032592583 0.12857229 0.39425001
0.038029797 0.13566537 0.41600001
0.04206961 0.13696985 0.42000002
0.045798205 0.13713291 0.42050001
0.049888536 0.13827433 0.42400002
0.053850483 0.13892657 0.42600003
0.057610895 0.13900809 0.42625001
0.06133971 0.13900809 0.42625001
0.065221183 0.13933422 0.42725003
0.069281548 0.13998646 0.42925003
0.073121674 0.1401495 0.42975003
0.076970555 0.14031257 0.43025002
0.080875099 0.14055716 0.43100002
0.084940054 0.14104635 0.43250003
0.089082539 0.14161704 0.43425003
0.093041755 0.14186163 0.43500003
0.096791454 0.14178011 0.43475002
0.10076816 0.1420247 0.43550003
0.10493809 0.14251387 0.43700001
0.10888539 0.14267693 0.43750003
0.11277702 0.14275846 0.43775001
0.11667303 0.14283998 0.43800002
0.1206422 0.14300305 0.43850002
0.12497494 0.14357375 0.44025001
0.12897255 0.14373682 0.44075003
0.13312957 0.14406294 0.44175002
0.13722657 0.14430752 0.44250003
0.14133668 0.14455211 0.44325003
0.14537802 0.14471518 0.44375002
0.14900765 0.14447059 0.44300002
0.15184768 0.14349222 0.44000003
0 0 0
0 0 0
0 0 0
0 0 0
0 0 0
0 0 0
0 0 0
0 0 0
0 0 0
0 0 0
0 0 0
0 0 0
0 0 0
0 0 0
0 0 0
0 0 0
0 0 0
0 0 0
0 0 0
0 0 0
0 0 0
0 0 0
0 0 0
0 0 0
0 0 0
0 0 0
0 0 0
0 0 0
0 0 0
0 0 0
0 0 0
0 0 0
0 0 0
0 0 0
0 0 0
0 0 0
0 0 0
0 0 0
0 0 0
-0.25402474 0.120717 0.36050001
-0.25052318 0.12054957 0.36000001
-0.24685855 0.12029842 0.35925001
-0.24252865 0.11971242 0.35750002
-0.23923384 0.11962871 0.35725001
-0.23759568 0.12038215 0.35950002
-0.23493992 0.12063329 0.36025003
-0.23178846 0.12063329 0.36025003
-0.22720902 0.11987985 0.35800001
-0.22767626 0.1218053 0.36375001
-0.2263457 0.12280988 0.36675003
-0.22344159 0.12297731 0.36725003
-0.22007899 0.12289359 0.36700001
-0.21731168 0.12314474 0.36775002
-0.21438572 0.12331217 0.36825001
-0.21188104 0.12373074 0.36950001
-0.2090722 0.12398189 0.37025002
-0.20611124 0.12414932 0.37075001
-0.20300475 0.12423303 0.37100002
-0.19989386 0.12431674 0.37125
-0.19691102 0.12448418 0.37175003
-0.19391944 0.12465161 0.37225002
-0.19079107 0.12473533 0.37250003
-0.18753247 0.12473533 0.37250003
-0.18439752 0.12481903 0.37275001
-0.18113671 0.12481903 0.37275001
-0.17799522 0.12490276 0.37300003
-0.17496645 0.12507018 0.37350002
-0.17238866 0.12557247 0.37500003
-0.16967186 0.12599105 0.37625003
-0.16682266 0.12632591 0.37725002
-0.16384758 0.12657705 0.37800002
-0.16096558 0.12691191 0.37900001
-0.15796207 0.12716305 0.37975001
-0.15535267 0.12774906 0.38150001
-0.1525134 0.12816763 0.38275
-0.14935999 0.12833507 0.38325003
-0.14629306 0.1285862 0.384
-0.14330608 0.12892108 0.38500002
-0.14021072 0.12917222 0.38575003
-0.1368362 0.12917222 0.38575003
-0.13363466 0.12933965 0.38625002
-0.130593 0.12967449 0.38725001
-0.12720536 0.12967449 0.38725001
-0.11942135 0.12507018 0.37350002
-0.10977873 0.11820555 0.35300002
-0.10684182 0.11837298 0.35350001
-0.10389616 0.11854041 0.354
-0.10122652 0.1190427 0.35550001
-0.098323621 0.11929385 0.35625002
-0.095273972 0.11937757 0.35650003
-0.090862826 0.11770326 0.3515
-0.086102091 0.11544296 0.34475002
-0.082724728 0.11494067 0.34325001
-0.079838127 0.1151081 0.34375003
-0.076942772 0.11527553 0.34425002
-0.073931292 0.11527553 0.34425002
-0.070816807 0.1151081 0.34375003
-0.064357564 0.10924805 0.32625002
-0.060655221 0.10774118 0.32175002
-0.057885509 0.1078249 0.32200003
-0.055367954 0.1084109 0.32375002
-0.052779216 0.1089132 0.32525003
-0.050893482 0.11100607 0.33150002
-0.047957338 0.11092235 0.33125001
-0.045025576 0.11083864 0.33100003
-0.042130005 0.11083864 0.33100003
-0.039145529 0.11058749 0.33025002
-0.03606439 0.11000148 0.3285
-0.033140171 0.10983405 0.32800001
-0.030409278 0.11033635 0.32950002
-0.028738178 0.11519181 0.34400001
-0.026626403 0.11921013 0.35600001
-0.023611201 0.11971242 0.35750002
-0.020598402 0.12038215 0.35950002
-0.01747779 0.12054957 0.36000001
-0.014418081 0.12130301 0.36225003
-0.011505327 0.12406561 0.37050003
-0.0083199758 0.12490276 0.37300003
-0.0050773267 0.12540504 0.37450001
-0.001803624 0.12557247 0.37500003
0.001479811 0.12582362 0.37575001
0.0047858828 0.12632591 0.37725002
0.0081074815 0.12666076 0.37825003
0.01152203 0.12783277 0.38175002
0.014919956 0.12833507 0.38325003
0.018332206 0.12875365 0.38450003
0.021752218 0.12908851 0.38550001
0.025238605 0.12967449 0.38725001
0.028774094 0.13034423 0.38925001
0.032551248 0.13185109 0.39375001
0.037961237 0.13905059 0.41525003
0.042044569 0.14055745 0.41975003
0.045934346 0.14122717 0.42175001
0.049917948 0.14206432 0.42425001
0.053850483 0.14265034 0.42600003
0.057610895 0.14273404 0.42625001
0.06133971 0.14273404 0.42625001
0.065221183 0.14306891 0.42725003
0.069241196 0.14365491 0.42900002
0.073121674 0.14390606 0.42975003
0.076970555 0.14407349 0.43025002
0.080875099 0.14432463 0.43100002
0.084841855 0.14465949 0.43200001
0.089082539 0.14541292 0.43425003
0.092988282 0.14558035 0.43475002
0.096791454 0.14558035 0.43475002
0.10076816 0.1458315 0.43550003
0.10481802 0.14616635 0.43650001
0.10882317 0.1464175 0.43725002
0.11277702 0.14658493 0.43775001
0.11667303 0.14666864 0.43800002
0.12057342 0.14675237 0.43825004
0.12483301 0.14725465 0.43975002
0.1290457 0.14767322 0.44100001
0.13305423 0.14784065 0.44150001
0.1373041 0.14825922 0.44275001
0.1414164 0.14851037 0.44350001
0.14537802 0.1485941 0.44375002
0.14892356 0.14825922 0.44275001
0 0 0
0 0 0
0 0 0
0 0 0
0 0 0
0 0 0
0 0 0
0 0 0
0 0 0
0 0 0
0 0 0
0 0 0
0 0 0
0 0 0
0 0 0
0 0 0
0 0 0
0 0 0
0 0 0
0 0 0
0 0 0
0 0 0
0 0 0
0 0 0
0 0 0
0 0 0
0 0 0
0 0 0
0 0 0
0 0 0
0 0 0
0 0 0
0 0 0
0 0 0
0 0 0
0 0 0
0 0 0
0 0 0
0 0 0
0 0 0
-0.25367245 0.12369642 0.36000001
-0.25017524 0.12352461 0.35950002
-0.24599962 0.12300921 0.35800001
-0.24134144 0.12223611 0.35575002
-0.23856419 0.12240791 0.35625002
-0.23710001 0.12326691 0.35875002
-0.2336356 0.12309512 0.35825002
-0.22857141 0.12206431 0.35525003
-0.22927167 0.12412591 0.36125001
-0.22924104 0.12584391 0.36625001
-0.22696286 0.12635933 0.36775002
-0.22328947 0.12610163 0.36700001
-0.22022891 0.12618753 0.36725003
-0.21760714 0.12653112 0.36825001
-0.21453127 0.12661703 0.36850002
-0.21188104 0.12696062 0.36950001
-0.20921338 0.12730423 0.37050003
-0.20597227 0.12730423 0.37050003
-0.20286794 0.12739013 0.37075001
-0.19975926 0.12747604 0.37100002
-0.19664617 0.12756193 0.37125
-0.19352873 0.12764783 0.37150002
-0.19040693 0.12773374 0.37175003
-0.18715489 0.12773374 0.37175003
-0.18402649 0.12781963 0.37200001
-0.18089373 0.12790553 0.37225002
-0.17799522 0.12816323 0.37300003
-0.17531779 0.12859273 0.37425002
-0.17250358 0.12893634 0.37525001
-0.16978459 0.12936583 0.37650001
-0.16671211 0.12953763 0.377
-0.16384758 0.12988123 0.37800002
-0.16117793 0.13039665 0.37950003
-0.15817004 0.13065434 0.38025001
-0.15525086 0.13099794 0.38125002
-0.1525134 0.13151334 0.38275
-0.14945741 0.13177104 0.38350001
-0.14648356 0.13211465 0.38450003
-0.14349219 0.13245824 0.38550001
-0.14030159 0.13263004 0.38600001
-0.13701357 0.13271594 0.38625002
-0.13380764 0.13288775 0.38675001
-0.13050869 0.13297364 0.38700002
-0.12712324 0.13297364 0.38700002
-0.12014075 0.12910813 0.37575001
-0.11016747 0.12172071 0.35425001
-0.10676627 0.12137711 0.35325003
-0.10374942 0.12146301 0.35350001
-0.10122652 0.12215021 0.35550001
-0.098392628 0.12249382 0.35650003
-0.095273972 0.12249382 0.35650003
-0.09118595 0.1212053 0.35275
-0.086039655 0.11837059 0.34450001
-0.082724728 0.11794109 0.34325001
-0.079896189 0.1181988 0.34400001
-0.077110402 0.1185424 0.34500003
-0.074199744 0.1187142 0.34550002
-0.07112582 0.11862829 0.34525001
-0.065886363 0.11476279 0.33400002
-0.060985122 0.11115497 0.32350001
-0.058200106 0.11124087 0.32375002
-0.055453464 0.11141267 0.32425001
-0.052698076 0.11158447 0.32475001
-0.050125856 0.11218578 0.32650003
-0.047523011 0.11278708 0.32825002
-0.04471951 0.11295888 0.32875001
-0.04193908 0.11321658 0.32950002
-0.03908626 0.11330248 0.32975
-0.03614673 0.11313067 0.32925001
-0.03326647 0.11313067 0.32925001
-0.030893797 0.11502049 0.33475003
-0.02957359 0.1216348 0.354
-0.026757292 0.12292331 0.35775003
-0.023693757 0.12326691 0.35875002
-0.020641375 0.12378232 0.36025003
-0.017514203 0.12395412 0.36075002
-0.014457882 0.12481312 0.36325002
-0.011520854 0.12747604 0.37100002
-0.0083199758 0.12816323 0.37300003
-0.0050637689 0.12833503 0.37350002
-0.0018012191 0.12867863 0.37450001
0.0014827647 0.12936583 0.37650001
0.0047922255 0.12979533 0.37775001
0.0081128394 0.13005303 0.37850001
0.011506939 0.13099794 0.38125002
0.014939421 0.13185695 0.38375002
0.018344125 0.13220054 0.38475001
0.021780431 0.13263004 0.38600001
0.025222313 0.13297364 0.38700002
0.028792575 0.13383265 0.38950002
0.032489244 0.13503525 0.39300001
0.037915528 0.14250858 0.41475001
0.042044569 0.1442266 0.41975003
0.045961577 0.14499968 0.42200002
0.049917948 0.14577278 0.42425001
0.053818878 0.14628819 0.42575002
0.057644688 0.14654589 0.42650002
0.061447639 0.1467177 0.42700002
0.065335669 0.1470613 0.42800003
0.069241196 0.14740489 0.42900002
0.073334366 0.14809209 0.43100002
0.077149451 0.148178 0.43125001
0.080968916 0.1482639 0.43150002
0.084890954 0.1485216 0.43225002
0.088877395 0.14886519 0.43325001
0.092720918 0.1489511 0.43350002
0.096680135 0.1492088 0.43425003
0.10065247 0.1494665 0.43500003
0.10475799 0.14989601 0.43625003
0.10888539 0.15032551 0.43750003
0.11271262 0.15032551 0.43750003
0.11667303 0.1504973 0.43800002
0.12077976 0.15084091 0.43900001
0.12483301 0.15109861 0.43975002
0.1288994 0.15135631 0.44050002
0.13312957 0.15178581 0.44175002
0.1373041 0.15212941 0.44275001
0.14101781 0.1519576 0.44225001
0.14496851 0.15204351 0.44250003
0.14917582 0.15238711 0.44350001
0 0 0
0 0 0
0 0 0
0 0 0
0 0 0
0 0 0
0 0 0
0 0 0
0 0 0
0 0 0
0 0 0
0 0 0
0 0 0
0 0 0
0 0 0
0 0 0
0 0 0
0 0 0
0 0 0
0 0 0
0 0 0
0 0 0
0 0 0
0.25512731 0.16046174 0.46700001
0 0 0
0 0 0
0 0 0
0 0 0
0 0 0
0 0 0
0 0 0
0 0 0
0 0 0
0 0 0
0 0 0
0 0 0
0 0 0
0 0 0
0 0 0
0 0 0
-0.25243932 0.12622666 0.35825002
-0.25000125 0.126579 0.35925001
-0.24496891 0.12561007 0.35650003
-0.24100225 0.12516963 0.35525003
-0.23873161 0.12561007 0.35650003
-0.23643911 0.12605049 0.35775003
-0.23233129 0.12552197 0.35625002
-0.22792798 0.12481729 0.35425001
-0.23038232 0.12790029 0.36300001
-0.22939754 0.12913348 0.36650002
-0.2263457 0.12922157 0.36675003
-0.22328947 0.12930965 0.36700001
-0.22067866 0.12966201 0.36800003
-0.2179026 0.12992625 0.36875001
-0.21453127 0.12983817 0.36850002
-0.21188104 0.13019051 0.36950001
-0.2090722 0.13045476 0.37025002
-0.20583327 0.13045476 0.37025002
-0.20259435 0.13045476 0.37025002
-0.19949004 0.13054286 0.37050003
-0.19651376 0.13071902 0.37100002
-0.19339849 0.1308071 0.37125
-0.19027887 0.1308952 0.37150002
-0.18702902 0.1308952 0.37150002
-0.18377915 0.1308952 0.37150002
-0.18065077 0.13098328 0.37175003
-0.17775662 0.13124755 0.37250003
-0.1754349 0.13195223 0.37450001
-0.17261851 0.13230456 0.37550002
-0.16967186 0.13256882 0.37625003
-0.16671211 0.13283308 0.377
-0.16406432 0.13336159 0.37850001
-0.16139029 0.13389011 0.38000003
-0.15827404 0.13406628 0.38050002
-0.15525086 0.13433054 0.38125002
-0.15231417 0.13468288 0.38225001
-0.1490677 0.13477096 0.38250002
-0.14619781 0.13521139 0.38375002
-0.14330608 0.13565181 0.38500002
-0.14039245 0.13609225 0.38625002
-0.13727961 0.1363565 0.38700002
-0.13398063 0.13644458 0.38725001
-0.130593 0.13644458 0.38725001
-0.12728748 0.13653268 0.38750002
-0.12022068 0.13248074 0.37600002
-0.11008971 0.1247292 0.354
-0.10661515 0.12428877 0.35275
-0.10367605 0.12446495 0.35325003
-0.10101295 0.12499346 0.35475001
-0.098323621 0.12552197 0.35625002
-0.095273972 0.12561007 0.35650003
-0.091573708 0.12481729 0.35425001
-0.086164534 0.12155813 0.34500003
-0.083025984 0.12138195 0.34450001
-0.080128446 0.12155813 0.34500003
-0.077445664 0.12208664 0.34650001
-0.074468188 0.12217472 0.34675002
-0.071486339 0.12226281 0.347
-0.06795764 0.12138195 0.34450001
-0.061833449 0.1155683 0.32800001
-0.058289986 0.11424702 0.32425001
-0.055410709 0.11415893 0.324
-0.052779216 0.11459936 0.32525003
-0.050049093 0.11486361 0.32600001
-0.047305841 0.11512787 0.32675001
-0.044685498 0.11574447 0.3285
-0.041970897 0.1161849 0.32975
-0.03908626 0.1161849 0.32975
-0.036174178 0.11609682 0.32950002
-0.033544321 0.11697767 0.33200002
-0.032301206 0.12331983 0.35000002
-0.029949525 0.12631474 0.3585
-0.026906878 0.12675516 0.35975
-0.023792826 0.12693134 0.36025003
-0.020698672 0.12728368 0.36125001
-0.017599164 0.12772411 0.36250001
-0.014557386 0.12886922 0.36575001
-0.011567434 0.13124755 0.37250003
-0.0083255516 0.13151179 0.37325001
-0.0050671585 0.13168797 0.37375003
-0.0018012191 0.13195223 0.37450001
0.0014817802 0.13256882 0.37625003
0.0047858828 0.13292116 0.37725002
0.0081128394 0.13336159 0.37850001
0.01152203 0.1345067 0.38175002
0.014919956 0.13503522 0.38325003
0.018356044 0.13565181 0.38500002
0.021808645 0.13618034 0.38650003
0.025222313 0.1363565 0.38700002
0.028737133 0.1369731 0.38875002
0.032447912 0.13829438 0.39250001
0.037869819 0.14595783 0.41425002
0.042144734 0.14824806 0.42075002
0.046016034 0.14886466 0.42250001
0.050006196 0.14974551 0.42500001
0.053818878 0.15000977 0.42575002
0.057610895 0.15018594 0.42625001
0.061483618 0.15053828 0.42725003
0.065297507 0.15071446 0.42775002
0.069160491 0.15097871 0.42850003
0.073079139 0.15133105 0.42950001
0.076970555 0.15159531 0.43025002
0.080875099 0.15185957 0.43100002
0.084940054 0.15238808 0.43250003
0.088774823 0.15247616 0.43275002
0.092507035 0.15238808 0.43250003
0.09651316 0.15274042 0.43350002
0.10059462 0.15318085 0.43475002
0.10469796 0.15362129 0.43600002
0.10888539 0.1541498 0.43750003
0.11277702 0.15423788 0.43775001
0.11680622 0.15450214 0.43850002
0.1209861 0.15494256 0.43975002
0.12490398 0.15503065 0.44000003
0.12875308 0.15503065 0.44000003
0.13290355 0.15538299 0.44100001
0.13714904 0.15582341 0.44225001
0.1409381 0.15573534 0.44200003
0.1448047 0.15573534 0.44200003
0 0 0
0 0 0
0 0 0
0 0 0
0 0 0
0 0 0
0 0 0
0 0 0
0 0 0
0 0 0
0 0 0
0 0 0
0 0 0
0 0 0
0 0 0
0 0 0
0 0 0
0 0 0
0 0 0
0 0 0
0 0 0
0 0 0
0 0 0
0 0 0
0 0 0
0 0 0
0 0 0
0 0 0
0 0 0
0 0 0
0 0 0
0 0 0
0 0 0
0 0 0
0 0 0
0 0 0
0 0 0
0 0 0
0 0 0
0 0 0
0 0 0
-0.252087 0.12917766 0.35775003
-0.25034919 0.12989983 0.35975
-0.24599962 0.12926793 0.35800001
-0.24201983 0.12881657 0.35675001
-0.23923384 0.12899712 0.35725001
-0.23676956 0.1293582 0.35825002
-0.23151609 0.12818469 0.35500002
-0.22857141 0.12827496 0.35525003
-0.23054099 0.13116363 0.36325002
-0.22892809 0.13206632 0.36575001
-0.22603711 0.13224687 0.36625001
-0.22313738 0.13242742 0.36675003
-0.22067866 0.13287878 0.36800003
-0.21760714 0.13296904 0.36825001
-0.21394908 0.13269822 0.36750001
-0.21116427 0.13296904 0.36825001
-0.20850752 0.13333012 0.36925003
-0.20583327 0.13369121 0.37025002
-0.20259435 0.13369121 0.37025002
-0.19922081 0.13360094 0.37
-0.19611648 0.13369121 0.37025002
-0.19326827 0.13396202 0.37100002
-0.19040693 0.13423283 0.37175003
-0.18715489 0.13423283 0.37175003
-0.18402649 0.13432311 0.37200001
-0.18089373 0.13441338 0.37225002
-0.17835313 0.134955 0.37375003
-0.17566913 0.13540636 0.37500003
-0.17284836 0.13576744 0.37600002
-0.17001007 0.13612852 0.377
-0.16704376 0.13639933 0.37775001
-0.1643894 0.13694096 0.37925002
-0.16149646 0.13730204 0.38025001
-0.15837803 0.13748258 0.38075003
-0.15514906 0.13757285 0.38100001
-0.15211493 0.13784367 0.38175002
-0.1490677 0.13811448 0.38250002
-0.14610258 0.13847557 0.38350001
-0.14311996 0.13883665 0.38450003
-0.14021072 0.13928801 0.38575003
-0.13719092 0.13964908 0.38675001
-0.13406713 0.13991991 0.38750002
-0.13076162 0.14001018 0.38775003
-0.12753384 0.14019072 0.38825002
-0.12070029 0.13630907 0.37750003
-0.10985648 0.12755279 0.35325003
-0.10653959 0.12728198 0.35250002
-0.1038228 0.12773333 0.35375002
-0.10101295 0.1280944 0.35475001
-0.098185629 0.1284555 0.35575002
-0.095207162 0.12863603 0.35625002
-0.091638334 0.12800415 0.35450003
-0.086788915 0.12547655 0.34750003
-0.083507992 0.12511547 0.34650001
-0.080592953 0.12529601 0.347
-0.077780932 0.1256571 0.34800002
-0.074790329 0.12574737 0.34825
-0.071949869 0.12610845 0.34925002
-0.069042601 0.12637927 0.35000002
-0.065085359 0.12466411 0.34525001
-0.059009064 0.1185257 0.32825002
-0.055496223 0.11717164 0.32450002
-0.052900918 0.11771326 0.32600001
-0.050240997 0.11816461 0.32725
-0.047414426 0.11825489 0.32750002
-0.044787522 0.11888678 0.32925001
-0.041970897 0.11906732 0.32975
-0.039145529 0.11924787 0.33025002
-0.037025012 0.12177545 0.33725002
-0.035565063 0.12710144 0.35200003
-0.033085663 0.12944847 0.3585
-0.030074839 0.1299901 0.36000001
-0.027037768 0.13053173 0.36150002
-0.023891892 0.130622 0.36175001
-0.020741645 0.13071227 0.36200002
-0.017671987 0.13143444 0.36400002
-0.014607138 0.13251768 0.36700001
-0.011567434 0.13450365 0.37250003
-0.0083255516 0.13477446 0.37325001
-0.0050705476 0.13504528 0.37400001
-0.0018024215 0.13531609 0.37475002
0.0014807957 0.13576744 0.37600002
0.0047795395 0.13603826 0.37675002
0.0080967639 0.13639933 0.37775001
0.011537122 0.13802421 0.38225001
0.014890758 0.13811448 0.38250002
0.018332206 0.13883665 0.38450003
0.021794537 0.13946855 0.38625002
0.025238605 0.13982962 0.38725001
0.028718652 0.14028098 0.38850001
0.032323908 0.1411837 0.39100003
0.037732691 0.14903726 0.41275001
0.042395148 0.15282863 0.42325002
0.046179403 0.15309945 0.42400002
0.050035611 0.1535508 0.42525002
0.053818878 0.15373135 0.42575002
0.057577111 0.15382162 0.42600003
0.061411668 0.15409243 0.42675003
0.065183014 0.1541827 0.42700002
0.068999089 0.15436324 0.42750001
0.073036604 0.15499514 0.42925003
0.076925829 0.15526594 0.43000001
0.080828182 0.15553677 0.43075001
0.085038252 0.15634921 0.43300003
0.088877395 0.15643947 0.43325001
0.0925605 0.15625893 0.43275002
0.096624471 0.15671028 0.43400002
0.10071032 0.15716164 0.43525001
0.10463793 0.15734218 0.43575001
0.10882317 0.15788381 0.43725002
0.11284143 0.15815462 0.43800002
0.11680622 0.15833516 0.43850002
0.12091733 0.15869625 0.43950003
0.12490398 0.15887679 0.44000003
0.12875308 0.15887679 0.44000003
0.13282821 0.15914761 0.44075003
0.13714904 0.15968923 0.44225001
0.14149611 0.16023086 0.44375002
0 0 0
0 0 0
0 0 0
0 0 0
0 0 0
0 0 0
0 0 0
0 0 0
0 0 0
0 0 0
0 0 0
0 0 0
0 0 0
0 0 0
0 0 0
0 0 0
0 0 0
0 0 0
0 0 0
0 0 0
0 0 0
0 0 0
0 0 0
0 0 0
0 0 0
0 0 0
0 0 0
0 0 0
0 0 0
0 0 0
0 0 0
0 0 0
0 0 0
0 0 0
0 0 0
0 0 0
0 0 0
0 0 0
0 0 0
0 0 0
0 0 0
0 0 0
-0.25279164 0.13267466 0.35875002
-0.25034919 0.13304448 0.35975
-0.24737392 0.13313694 0.36000001
-0.24490306 0.13350677 0.36100003
-0.24258213 0.13396905 0.36225003
-0.23842181 0.13341431 0.36075002
-0.23396169 0.13267466 0.35875002
-0.23355782 0.13424641 0.36300001
-0.23196897 0.13517098 0.3655
-0.22939754 0.13554081 0.36650002
-0.22619142 0.13554081 0.36650002
-0.22313738 0.13563326 0.36675003
-0.22037882 0.13591063 0.36750001
-0.21731168 0.13600309 0.36775002
-0.21409464 0.13600309 0.36775002
-0.21087755 0.13600309 0.36775002
-0.20808402 0.13628046 0.36850002
-0.20569429 0.13683519 0.37
-0.20300475 0.13720502 0.37100002
-0.19962464 0.13711256 0.37075001
-0.19598405 0.13683519 0.37
-0.19274732 0.13683519 0.37
-0.19015083 0.13729747 0.37125
-0.18690315 0.13729747 0.37125
-0.18377915 0.13738993 0.37150002
-0.1812582 0.13794467 0.37300003
-0.17859173 0.13840695 0.37425002
-0.17566913 0.13868432 0.37500003
-0.17284836 0.13905413 0.37600002
-0.17001007 0.13942397 0.377
-0.16715431 0.1397938 0.37800002
-0.1643894 0.14025608 0.37925002
-0.16139029 0.14053345 0.38000003
-0.15817004 0.14062589 0.38025001
-0.15504725 0.14081082 0.38075003
-0.15221456 0.1412731 0.38200003
-0.14935999 0.14173537 0.38325003
-0.14619781 0.14192028 0.38375002
-0.14311996 0.14219765 0.38450003
-0.14011985 0.14256747 0.38550001
-0.13701357 0.14284484 0.38625002
-0.13389415 0.14312221 0.38700002
-0.130593 0.14321467 0.38725001
-0.12753384 0.1435845 0.38825002
-0.12133977 0.14034854 0.37950003
-0.10985648 0.13064063 0.35325003
-0.10676627 0.13064063 0.35325003
-0.10389616 0.130918 0.354
-0.10094178 0.1311029 0.35450003
-0.097978629 0.13128781 0.35500002
-0.095006719 0.13147274 0.35550001
-0.092026077 0.13165765 0.35600001
-0.087225981 0.12916133 0.34925002
-0.083568245 0.12823677 0.34675002
-0.080767147 0.12860659 0.34775001
-0.078116193 0.12925379 0.34950003
-0.075166166 0.1294387 0.35000002
-0.072052874 0.12934624 0.34975001
-0.069141231 0.12962361 0.35050002
-0.066310719 0.13008589 0.35175002
-0.062559493 0.12869905 0.34800002
-0.057676736 0.12472343 0.33725002
-0.053833988 0.12268939 0.33175001
-0.050701573 0.12213466 0.33025002
-0.047812562 0.12213466 0.33025002
-0.045195609 0.12287431 0.33225003
-0.04298915 0.12490834 0.33775002
-0.041279119 0.1287915 0.34825
-0.039165821 0.13193502 0.35675001
-0.036221802 0.1325822 0.3585
-0.033201024 0.13304448 0.35975
-0.030200152 0.13369168 0.36150002
-0.027056463 0.13378413 0.36175001
-0.023908405 0.13387659 0.36200002
-0.020813268 0.13433887 0.36325002
-0.017720537 0.13498606 0.36500001
-0.014587237 0.13554081 0.36650002
-0.011582961 0.13794467 0.37300003
-0.0083367052 0.13822204 0.37375003
-0.0050739371 0.13840695 0.37425002
-0.0018024215 0.13859186 0.37475002
0.001479811 0.13896169 0.37575001
0.0047763679 0.13923906 0.37650001
0.008091406 0.13960887 0.37750003
0.011499394 0.14090326 0.38100001
0.014871294 0.1412731 0.38200003
0.018344125 0.1422901 0.38475001
0.021752218 0.14256747 0.38550001
0.025238605 0.14321467 0.38725001
0.028792575 0.14404678 0.38950002
0.03230324 0.14450906 0.39075002
0.037595566 0.15209047 0.41125003
0.042470273 0.15680574 0.42400002
0.046233859 0.15699065 0.42450002
0.050035611 0.15726802 0.42525002
0.053818878 0.15745293 0.42575002
0.057577111 0.15754539 0.42600003
0.061375689 0.1577303 0.42650002
0.065144852 0.15782276 0.42675003
0.06887804 0.15782276 0.42675003
0.072994061 0.15865485 0.42900002
0.077015281 0.15920959 0.43050003
0.081062742 0.15976433 0.43200001
0.085087344 0.16022661 0.43325001
0.088877395 0.16022661 0.43325001
0.0925605 0.1600417 0.43275002
0.09651316 0.16031907 0.43350002
0.10059462 0.16078135 0.43475002
0.10481802 0.16142854 0.43650001
0.10919649 0.16226065 0.43875003
0.11303466 0.16226065 0.43875003
0.11687281 0.16226065 0.43875003
0.12077976 0.1623531 0.43900001
0.12490398 0.16272293 0.44000003
0.12882623 0.16281538 0.44025001
0.13290355 0.16309275 0.44100001
0.13738163 0.16383241 0.44300002
0.14213385 0.16484943 0.44575003
0 0 0
0 0 0
0 0 0
0 0 0
0 0 0
0 0 0
0 0 0
0 0 0
0 0 0
0 0 0
0 0 0
0 0 0
0 0 0
0 0 0
0 0 0
0 0 0
0 0 0
0 0 0
0 0 0
0 0 0
0 0 0
0 0 0
0 0 0
0 0 0
0 0 0
0 0 0
0 0 0
0 0 0
0 0 0
0 0 0
0 0 0
0 0 0
0 0 0
0 0 0
0 0 0
0 0 0
0 0 0
0 0 0
0 0 0
0 0 0
0 0 0
0 0 0
-0.25349626 0.13618913 0.35975
-0.25087112 0.13647306 0.36050001
-0.24823286 0.13675699 0.36125001
-0.24575107 0.13713557 0.36225003
-0.24291694 0.13732484 0.36275002
-0.2395784 0.1372302 0.36250001
-0.23771159 0.13798733 0.36450002
-0.2346838 0.13808198 0.36475003
-0.23196897 0.13836589 0.3655
-0.22908458 0.13855518 0.36600003
-0.22572853 0.13846055 0.36575001
-0.22283316 0.13864982 0.36625001
-0.22022891 0.1390284 0.36725003
-0.21701623 0.1390284 0.36725003
-0.21409464 0.13921767 0.36775002
-0.21130763 0.1395016 0.36850002
-0.20836635 0.13969088 0.36900002
-0.20555532 0.1399748 0.36975002
-0.20273115 0.14025873 0.37050003
-0.19935542 0.14016409 0.37025002
-0.1955868 0.13978553 0.36925003
-0.19274732 0.14006944 0.37
-0.18989474 0.14035337 0.37075001
-0.18639971 0.14016409 0.37025002
-0.18365547 0.14054266 0.37125
-0.18150118 0.14139444 0.37350002
-0.17835313 0.14148907 0.37375003
-0.1754349 0.14177299 0.37450001
-0.17261851 0.14215156 0.37550002
-0.16989735 0.14262477 0.37675002
-0.16737542 0.14328726 0.37850001
-0.16428104 0.14347655 0.37900001
-0.1612841 0.14376046 0.37975001
-0.15817004 0.14394975 0.38025001
-0.15504725 0.14413904 0.38075003
-0.15221456 0.14461224 0.38200003
-0.14935999 0.14508545 0.38325003
-0.14600733 0.14508545 0.38325003
-0.14293385 0.14536937 0.384
-0.13993812 0.14574794 0.38500002
-0.13674751 0.14593722 0.38550001
-0.13389415 0.14650507 0.38700002
-0.13034008 0.1463158 0.38650003
-0.12728748 0.14669435 0.38750002
-0.12181936 0.14423367 0.38100001
-0.11047846 0.1344856 0.35525003
-0.10706851 0.13410702 0.35425001
-0.10389616 0.13401239 0.354
-0.1007994 0.13401239 0.354
-0.09784063 0.13420168 0.35450003
-0.094873101 0.13439095 0.35500002
-0.092219956 0.13505344 0.35675001
-0.087413296 0.13249813 0.35000002
-0.083809249 0.13164635 0.34775001
-0.080941342 0.13193028 0.34850001
-0.078395575 0.13278206 0.35075003
-0.075380921 0.13287669 0.35100001
-0.072361894 0.13297133 0.35125002
-0.069486439 0.1333499 0.35225001
-0.066452108 0.13344455 0.35250002
-0.063548222 0.13382311 0.35350001
-0.060840618 0.13467488 0.35575002
-0.057322852 0.13372847 0.35325003
-0.054079119 0.1333499 0.35225001
-0.051251009 0.13401239 0.354
-0.048324276 0.1344856 0.35525003
-0.045502946 0.13533737 0.35750002
-0.042582985 0.13599986 0.35925001
-0.039495174 0.13618913 0.35975
-0.036423877 0.13647306 0.36050001
-0.033339459 0.13675699 0.36125001
-0.030221036 0.13694628 0.36175001
-0.027093863 0.13713557 0.36225003
-0.023974448 0.13741948 0.36300001
-0.020899214 0.13808198 0.36475003
-0.017732674 0.13827126 0.36525002
-0.014617088 0.1390284 0.36725003
-0.011575198 0.14111051 0.37275001
-0.0083311284 0.14139444 0.37350002
-0.0050705476 0.14158371 0.37400001
-0.0018000167 0.14167836 0.37425002
0.0014768575 0.14196229 0.37500003
0.0047700247 0.14234084 0.37600002
0.0080860471 0.14281406 0.37725002
0.011476757 0.14394975 0.38025001
0.01486156 0.1445176 0.38175002
0.018320285 0.14546402 0.38425002
0.021709898 0.14565329 0.38475001
0.025303781 0.14697827 0.38825002
0.028829535 0.14764076 0.39000002
0.032323908 0.14801934 0.39100003
0.037572708 0.15559065 0.41100001
0.04242019 0.16032274 0.42350003
0.046206631 0.16060665 0.42425001
0.050065026 0.16107985 0.42550001
0.053787276 0.16107985 0.42550001
0.057543319 0.16117451 0.42575002
0.061375689 0.16145843 0.42650002
0.065221183 0.16174236 0.42725003
0.068958744 0.16174236 0.42725003
0.073036604 0.16249949 0.42925003
0.077149451 0.16325662 0.43125001
0.081156567 0.16372983 0.43250003
0.084940054 0.16372983 0.43250003
0.088672258 0.16363518 0.43225002
0.0925605 0.16382447 0.43275002
0.096457496 0.16401374 0.43325001
0.10042109 0.16429767 0.43400002
0.10499813 0.16552801 0.43725002
0.10913427 0.16600122 0.43850002
0.11297025 0.16600122 0.43850002
0.11673962 0.16590659 0.43825004
0.1206422 0.16600122 0.43850002
0.12483301 0.16647443 0.43975002
0.1288994 0.16675836 0.44050002
0.13275287 0.16675836 0.44050002
0.13629623 0.16637979 0.43950003
0.14053953 0.166853 0.44075003
0 0 0
0 0 0
0 0 0
0 0 0
0 0 0
0 0 0
0 0 0
0 0 0
0 0 0
0 0 0
0 0 0
0 0 0
0 0 0
0 0 0
0 0 0
0 0 0
0 0 0
0 0 0
0 0 0
0 0 0
0 0 0
0 0 0
0 0 0
0 0 0
0 0 0
0 0 0
0 0 0
0 0 0
0 0 0
0 0 0
0 0 0
0 0 0
0 0 0
0 0 0
0 0 0
0 0 0
0 0 0
0 0 0
0 0 0
0 0 0
0 0 0
0 0 0
-0.25420094 0.13972111 0.36075002
-0.25121909 0.13981794 0.36100003
-0.24857643 0.14010841 0.36175001
-0.24592064 0.14039889 0.36250001
-0.24274953 0.14039889 0.36250001
-0.24007408 0.14068937 0.36325002
-0.23787464 0.14127034 0.36475003
-0.23484464 0.14136717 0.36500001
-0.23181032 0.14146399 0.36525002
-0.22845866 0.14136717 0.36500001
-0.22526565 0.14136717 0.36500001
-0.22222474 0.14146399 0.36525002
-0.21962923 0.14185129 0.36625001
-0.21657303 0.14194813 0.36650002
-0.21380354 0.14223862 0.36725003
-0.21130763 0.14272274 0.36850002
-0.20864868 0.14311005 0.36950001
-0.20555532 0.14320688 0.36975002
-0.20218396 0.14311005 0.36950001
-0.198817 0.14301322 0.36925003
-0.19585164 0.14320688 0.36975002
-0.19339849 0.14378783 0.37125
-0.18963864 0.14340053 0.37025002
-0.18602213 0.14311005 0.36950001
-0.18340813 0.14359418 0.37075001
-0.1812582 0.14446563 0.37300003
-0.17823382 0.14465928 0.37350002
-0.1754349 0.14504658 0.37450001
-0.17284836 0.14562754 0.37600002
-0.17034829 0.14630534 0.37775001
-0.16781764 0.14698313 0.37950003
-0.16428104 0.14678946 0.37900001
-0.16117793 0.14698313 0.37950003
-0.15806606 0.14717677 0.38000003
-0.15504725 0.14746726 0.38075003
-0.15211493 0.14785457 0.38175002
-0.14897026 0.14804821 0.38225001
-0.14581683 0.14824186 0.38275
-0.1430269 0.14882283 0.38425002
-0.13984723 0.14901648 0.38475001
-0.13657016 0.14911331 0.38500002
-0.13389415 0.14988793 0.38700002
-0.13050869 0.14988793 0.38700002
-0.12720536 0.14998475 0.38725001
-0.12173944 0.14746726 0.38075003
-0.11071169 0.1378814 0.35600001
-0.10699295 0.13710678 0.354
-0.10360268 0.13671948 0.35300002
-0.10058585 0.13681631 0.35325003
-0.09777163 0.13720362 0.35425001
-0.094739474 0.13730045 0.35450003
-0.091767579 0.13749409 0.35500002
-0.087725483 0.13604169 0.35125002
-0.084170759 0.13526708 0.34925002
-0.081289731 0.13555756 0.35000002
-0.078507334 0.13604169 0.35125002
-0.075541995 0.13623534 0.35175002
-0.072670914 0.13662265 0.35275
-0.069782339 0.13700996 0.35375002
-0.066687755 0.13700996 0.35375002
-0.063907757 0.13768774 0.35550001
-0.061097145 0.13836554 0.35725001
-0.058012512 0.13846236 0.35750002
-0.054923508 0.13855919 0.35775003
-0.051902507 0.13884966 0.3585
-0.049004421 0.13952745 0.36025003
-0.04585297 0.13952745 0.36025003
-0.042731151 0.13962428 0.36050001
-0.03963241 0.13981794 0.36100003
-0.036550175 0.14010841 0.36175001
-0.033408675 0.14020525 0.36200002
-0.030325461 0.14059255 0.36300001
-0.027243447 0.14107668 0.36425
-0.024156075 0.14165765 0.36575001
-0.020985158 0.14185129 0.36625001
-0.017805498 0.14204496 0.36675003
-0.014686741 0.1429164 0.36900002
-0.01153638 0.14388466 0.37150002
-0.008314399 0.1443688 0.37275001
-0.0050739371 0.14494976 0.37425002
-0.0017988143 0.14485294 0.37400001
0.0014739037 0.14494976 0.37425002
0.0047668531 0.14553072 0.37575001
0.008091406 0.14620851 0.37750003
0.011476757 0.1472736 0.38025001
0.01486156 0.14785457 0.38175002
0.018308366 0.148726 0.384
0.02186507 0.15008157 0.38750002
0.025743704 0.15298638 0.39500001
0.02943939 0.15424514 0.39825001
0.03327461 0.15589119 0.40250003
0.038235489 0.16199128 0.41825002
0.042269941 0.16344368 0.42200002
0.046043262 0.16373417 0.42275003
0.050006196 0.1646056 0.42500001
0.053755675 0.16470243 0.42525002
0.057543319 0.16489609 0.42575002
0.061411668 0.1652834 0.42675003
0.065221183 0.16547705 0.42725003
0.069039442 0.16567069 0.42775002
0.072994061 0.16615483 0.42900002
0.076970555 0.16663897 0.43025002
0.080968916 0.16712309 0.43150002
0.084841855 0.16731675 0.43200001
0.088620968 0.16731675 0.43200001
0.092720918 0.16789772 0.43350002
0.09651316 0.16789772 0.43350002
0.10042109 0.16809137 0.43400002
0.10487806 0.16915646 0.43675002
0.1089476 0.16954377 0.43775001
0.11264821 0.16935012 0.43725002
0.11660643 0.16954377 0.43775001
0.12043586 0.16954377 0.43775001
0.12483301 0.17031838 0.43975002
0.1290457 0.17080252 0.44100001
0.13275287 0.17060886 0.44050002
0.1362187 0.17012474 0.43925002
0 0 0
0 0 0
0 0 0
0 0 0
0 0 0
0 0 0
0 0 0
0 0 0
0 0 0
0 0 0
0 0 0
0 0 0
0 0 0
0 0 0
0 0 0
0 0 0
0 0 0
0 0 0
0 0 0
0 0 0
0 0 0
0 0 0
0 0 0
0 0 0
0 0 0
0 0 0
0 0 0
0 0 0
0 0 0
0 0 0
0 0 0
0 0 0
0 0 0
0 0 0
0 0 0
0 0 0
0 0 0
0 0 0
0 0 0
0 0 0
0 0 0
0 0 0
0 0 0
-0.25367245 0.14257747 0.36000001
-0.25052318 0.14257747 0.36000001
-0.2478893 0.14287451 0.36075002
-0.24541184 0.14327055 0.36175001
-0.2424147 0.14336957 0.36200002
-0.23974364 0.14366661 0.36275002
-0.23673335 0.14376561 0.36300001
-0.23371868 0.14386463 0.36325002
-0.23085833 0.14406265 0.36375001
-0.22783275 0.14416167 0.36400002
-0.22511138 0.14445871 0.36475003
-0.22222474 0.14465673 0.36525002
-0.2193294 0.14485475 0.36575001
-0.2164253 0.14505278 0.36625001
-0.213658 0.14534982 0.36700001
-0.21116427 0.14584488 0.36825001
-0.20850752 0.14624092 0.36925003
-0.20541632 0.14633994 0.36950001
-0.20177357 0.1460429 0.36875001
-0.1989516 0.14633994 0.36950001
-0.1962489 0.14673598 0.37050003
-0.1930078 0.14673598 0.37050003
-0.18938254 0.14643894 0.36975002
-0.186148 0.14643894 0.36975002
-0.18353181 0.146934 0.37100002
-0.18137968 0.14782511 0.37325001
-0.17823382 0.14792413 0.37350002
-0.17578624 0.14861721 0.37525001
-0.17319314 0.14921129 0.37675002
-0.17057379 0.14980537 0.37825003
-0.16748597 0.15000339 0.37875003
-0.16395596 0.14980537 0.37825003
-0.16085941 0.15000339 0.37875003
-0.15796207 0.15039943 0.37975001
-0.15525086 0.15099351 0.38125002
-0.15231417 0.15138955 0.38225001
-0.14897026 0.15138955 0.38225001
-0.14619781 0.15198363 0.38375002
-0.14339913 0.1525777 0.38525003
-0.13993812 0.15247868 0.38500002
-0.13674751 0.1526767 0.38550001
-0.13372116 0.15307276 0.38650003
-0.13042438 0.15317176 0.38675001
-0.12712324 0.15327078 0.38700002
-0.12221903 0.15138955 0.38225001
-0.11094493 0.14129031 0.35675001
-0.10706851 0.1403002 0.35425001
-0.10367605 0.13990414 0.35325003
-0.10072821 0.14010218 0.35375002
-0.09784063 0.1403992 0.35450003
-0.094672665 0.1403002 0.35425001
-0.091379829 0.14000316 0.35350001
-0.087787919 0.13921106 0.3515
-0.084532268 0.13891403 0.35075003
-0.081638113 0.13921106 0.3515
-0.078674965 0.1394091 0.35200003
-0.075756751 0.13970612 0.35275
-0.072773919 0.13990414 0.35325003
-0.06988097 0.1403002 0.35425001
-0.067111909 0.14099327 0.35600001
-0.064222351 0.14148833 0.35725001
-0.061139904 0.14158735 0.35750002
-0.058093648 0.14178537 0.35800001
-0.055268936 0.14257747 0.36000001
-0.052264452 0.14297353 0.36100003
-0.049140446 0.14307253 0.36125001
-0.046012074 0.14317155 0.36150002
-0.042849686 0.14317155 0.36150002
-0.039714746 0.14327055 0.36175001
-0.036651213 0.14366661 0.36275002
-0.033547111 0.14396365 0.36350003
-0.03047166 0.14445871 0.36475003
-0.027336938 0.14475574 0.3655
-0.024238631 0.14534982 0.36700001
-0.021071106 0.14564686 0.36775002
-0.017878322 0.14584488 0.36825001
-0.014736492 0.14663696 0.37025002
-0.01153638 0.14713202 0.37150002
-0.0083032465 0.14742906 0.37225002
-0.0050807162 0.14841919 0.37475002
-0.0018012191 0.14832017 0.37450001
0.0014768575 0.1485182 0.37500003
0.0047858828 0.14940931 0.37725002
0.0081342738 0.15030043 0.37950003
0.011695578 0.1534688 0.38750002
0.015484442 0.15752831 0.39775002
0.019321524 0.16049866 0.40525001
0.023219293 0.16297397 0.41150001
0.02707977 0.16455816 0.41550002
0.030806946 0.16505322 0.41675001
0.034638662 0.16594434 0.41900003
0.038464032 0.16663742 0.42075002
0.0422449 0.16703346 0.42175001
0.045988806 0.1672315 0.42225003
0.049917948 0.16802359 0.42425001
0.053724073 0.16832063 0.42500001
0.057644688 0.16891471 0.42650002
0.061483618 0.16921175 0.42725003
0.065259337 0.16931075 0.42750001
0.069079794 0.16950879 0.42800003
0.072951525 0.16980581 0.42875001
0.076791659 0.17000383 0.42925003
0.080734365 0.17039987 0.43025002
0.084890954 0.17119198 0.43225002
0.088774823 0.17139 0.43275002
0.092881337 0.17198408 0.43425003
0.096624471 0.17188506 0.43400002
0.10071032 0.17238012 0.43525001
0.10487806 0.1729742 0.43675002
0.10888539 0.17327124 0.43750003
0.11271262 0.17327124 0.43750003
0.11667303 0.17346926 0.43800002
0.12043586 0.17337024 0.43775001
0.1244072 0.17356828 0.43825004
0.12882623 0.17436036 0.44025001
0.13252683 0.17416234 0.43975002
0.1362187 0.17396432 0.43925002
0 0 0
0 0 0
0 0 0
0 0 0
0 0 0
0 0 0
0 0 0
0 0 0
0 0 0
0 0 0
0 0 0
0 0 0
0 0 0
0 0 0
0 0 0
0 0 0
0 0 0
0 0 0
0 0 0
0 0 0
0 0 0
0 0 0
0 0 0
0 0 0
0 0 0
0 0 0
0 0 0
0 0 0
0 0 0
0 0 0
0 0 0
0 0 0
0 0 0
0 0 0
0 0 0
0 0 0
0 0 0
0 0 0
0 0 0
0 0 0
0 0 0
0 0 0
0 0 0
-0.25279164 0.14521833 0.35875002
-0.25069717 0.14582552 0.36025003
-0.2478893 0.14602791 0.36075002
-0.24507265 0.1462303 0.36125001
-0.2424147 0.14653389 0.36200002
-0.23990884 0.14693868 0.36300001
-0.23673335 0.14693868 0.36300001
-0.23371868 0.14703988 0.36325002
-0.23085833 0.14724228 0.36375001
-0.22783275 0.14734347 0.36400002
-0.22495708 0.14754587 0.36450002
-0.22207263 0.14774826 0.36500001
-0.2193294 0.14805186 0.36575001
-0.21686849 0.14855784 0.36700001
-0.21380354 0.14865905 0.36725003
-0.21102092 0.14896263 0.36800003
-0.20836635 0.14936742 0.36900002
-0.20541632 0.14956981 0.36950001
-0.20163679 0.14916503 0.36850002
-0.19854777 0.14926623 0.36875001
-0.19585164 0.14967102 0.36975002
-0.19261709 0.14967102 0.36975002
-0.18925449 0.14956981 0.36950001
-0.18652558 0.14997461 0.37050003
-0.18390283 0.1504806 0.37175003
-0.18137968 0.15108778 0.37325001
-0.17811452 0.15108778 0.37325001
-0.17578624 0.15189736 0.37525001
-0.17353791 0.15280814 0.37750003
-0.17068651 0.15321292 0.37850001
-0.16737542 0.15321292 0.37850001
-0.16395596 0.15311174 0.37825003
-0.16075322 0.15321292 0.37850001
-0.15775409 0.15351652 0.37925002
-0.15514906 0.1542249 0.38100001
-0.15231417 0.15473089 0.38225001
-0.14897026 0.15473089 0.38225001
-0.14600733 0.15513568 0.38325003
-0.14339913 0.15594526 0.38525003
-0.13984723 0.15574285 0.38475001
-0.13674751 0.15604645 0.38550001
-0.13363466 0.15635005 0.38625002
-0.13050869 0.15665364 0.38700002
-0.12720536 0.15675484 0.38725001
-0.12277857 0.15543926 0.384
-0.11133367 0.14491473 0.35800001
-0.10706851 0.14339678 0.35425001
-0.1038228 0.14319438 0.35375002
-0.10072821 0.14319438 0.35375002
-0.09770263 0.14329557 0.354
-0.094672665 0.14339678 0.35425001
-0.091832213 0.14380157 0.35525003
-0.088224992 0.14299199 0.35325003
-0.084954023 0.14268839 0.35250002
-0.081986494 0.14289078 0.35300002
-0.078954346 0.14299199 0.35325003
-0.076078892 0.14339678 0.35425001
-0.07303144 0.14349797 0.35450003
-0.070078239 0.14380157 0.35525003
-0.067206174 0.14430755 0.35650003
-0.064312242 0.14481354 0.35775003
-0.06143919 0.14542072 0.35925001
-0.058458764 0.14582552 0.36025003
-0.05546084 0.1462303 0.36125001
-0.052300643 0.1462303 0.36125001
-0.049174458 0.1463315 0.36150002
-0.046202991 0.14693868 0.36300001
-0.043116383 0.14724228 0.36375001
-0.03982453 0.14683749 0.36275002
-0.036726993 0.14714108 0.36350003
-0.033616327 0.14744467 0.36425
-0.030534314 0.14795065 0.3655
-0.027449129 0.14855784 0.36700001
-0.024370722 0.14936742 0.36900002
-0.021128401 0.14926623 0.36875001
-0.017939009 0.14956981 0.36950001
-0.014806145 0.15058179 0.37200001
-0.011660595 0.15199856 0.37550002
-0.0084259268 0.15290932 0.37775001
-0.005182398 0.15473089 0.38225001
-0.0018565302 0.15624884 0.38600001
0.0015349471 0.1577668 0.38975
0.0050269212 0.16039795 0.39625001
0.0087290723 0.16485064 0.40725002
0.012442585 0.16687457 0.41225001
0.016155986 0.16798775 0.41500002
0.019834062 0.16839254 0.41600001
0.023473211 0.16839254 0.41600001
0.027161237 0.16869614 0.41675001
0.030880868 0.16910093 0.41775003
0.034638662 0.16960691 0.41900003
0.038372617 0.16991051 0.41975003
0.0422449 0.17072009 0.42175001
0.046043262 0.17112488 0.42275003
0.049829707 0.17142847 0.42350003
0.053660866 0.17183326 0.42450002
0.057644688 0.17264284 0.42650002
0.061519593 0.17304762 0.42750001
0.065221183 0.17294642 0.42725003
0.068918392 0.17284523 0.42700002
0.072866455 0.17335121 0.42825001
0.076791659 0.17375602 0.42925003
0.080781274 0.174262 0.43050003
0.084792763 0.17476799 0.43175003
0.088569686 0.17476799 0.43175003
0.09261398 0.17527397 0.43300003
0.096568815 0.17557757 0.43375003
0.10047893 0.17577995 0.43425003
0.10463793 0.17638713 0.43575001
0.10863651 0.17669073 0.43650001
0.1125838 0.17689312 0.43700001
0.11667303 0.17729792 0.43800002
0.12071098 0.17760152 0.43875003
0.12447817 0.17750031 0.43850002
0.12853362 0.1778039 0.43925002
0.13230081 0.17770271 0.43900001
0 0 0
0 0 0
0 0 0
0 0 0
0 0 0
0 0 0
0 0 0
0 0 0
0 0 0
0 0 0
0 0 0
0 0 0
0 0 0
0 0 0
0 0 0
0 0 0
0 0 0
0 0 0
0 0 0
0 0 0
0 0 0
0 0 0
0 0 0
0 0 0
0 0 0
0 0 0
0 0 0
0 0 0
0 0 0
0 0 0
0 0 0
0 0 0
0 0 0
0 0 0
0 0 0
0 0 0
0 0 0
0 0 0
0 0 0
0 0 0
0 0 0
0 0 0
0 0 0
0 0 0
-0.25243932 0.14814748 0.35825002
-0.25034919 0.14876777 0.35975
-0.24806109 0.14928469 0.36100003
-0.24507265 0.14938807 0.36125001
-0.24291694 0.15000837 0.36275002
-0.24023931 0.15031852 0.36350003
-0.2368964 0.15021513 0.36325002
-0.23355782 0.15011175 0.36300001
-0.23069967 0.15031852 0.36350003
-0.22798921 0.15062866 0.36425
-0.22541995 0.15104219 0.36525002
-0.22252895 0.15124896 0.36575001
-0.21977915 0.15155911 0.36650002
-0.21701623 0.15186927 0.36725003
-0.21409464 0.15207602 0.36775002
-0.21102092 0.15217941 0.36800003
-0.20808402 0.15238617 0.36850002
-0.20527735 0.15269633 0.36925003
-0.20177357 0.15248954 0.36875001
-0.19854777 0.15248954 0.36875001
-0.1955868 0.15269633 0.36925003
-0.19248685 0.1527997 0.36950001
-0.18925449 0.1527997 0.36950001
-0.18652558 0.15321323 0.37050003
-0.18402649 0.15383352 0.37200001
-0.1812582 0.15424706 0.37300003
-0.17835313 0.15455721 0.37375003
-0.17590337 0.15528089 0.37550002
-0.17342299 0.15600456 0.37725002
-0.17046103 0.15631472 0.37800002
-0.16737542 0.15652148 0.37850001
-0.16428104 0.15672824 0.37900001
-0.16117793 0.15693502 0.37950003
-0.15806606 0.15714177 0.38000003
-0.15504725 0.15745193 0.38075003
-0.15211493 0.15786545 0.38175002
-0.14897026 0.15807222 0.38225001
-0.14600733 0.15848576 0.38325003
-0.1428408 0.15869252 0.38375002
-0.1396655 0.15889928 0.38425002
-0.13674751 0.1594162 0.38550001
-0.13354817 0.15962295 0.38600001
-0.13042438 0.15993311 0.38675001
-0.12704112 0.15993311 0.38675001
-0.12261871 0.15858914 0.38350001
-0.11133367 0.14804409 0.35800001
-0.10691739 0.14628659 0.35375002
-0.10374942 0.14618321 0.35350001
-0.10065702 0.14618321 0.35350001
-0.09763363 0.14628659 0.35375002
-0.094739474 0.14659674 0.35450003
-0.092090711 0.14732042 0.35625002
-0.088662058 0.1468035 0.35500002
-0.085315526 0.14638996 0.354
-0.082218751 0.14638996 0.354
-0.079233736 0.14659674 0.35450003
-0.076454721 0.14721704 0.35600001
-0.073494963 0.14752717 0.35675001
-0.070670031 0.14814748 0.35825002
-0.067583203 0.14825086 0.3585
-0.064581893 0.148561 0.35925001
-0.061652966 0.14907792 0.36050001
-0.058702167 0.14959483 0.36175001
-0.055614371 0.14980161 0.36225003
-0.052409228 0.14969823 0.36200002
-0.04924247 0.14969823 0.36200002
-0.046393912 0.15073204 0.36450002
-0.043323815 0.15114558 0.3655
-0.040126439 0.15114558 0.3655
-0.037307955 0.15269633 0.36925003
-0.034193136 0.15321323 0.37050003
-0.031139988 0.15414368 0.37275001
-0.028084872 0.15528089 0.37550002
-0.025113732 0.15724516 0.38025001
-0.02204516 0.15910605 0.38475001
-0.019116333 0.16282782 0.39375001
-0.015801182 0.1641718 0.39700001
-0.012514567 0.16665299 0.40300003
-0.00910067 0.16872065 0.40800002
-0.0055552325 0.16944432 0.40975001
-0.0019731645 0.16965109 0.41025001
0.0016255276 0.17068492 0.41275001
0.0052552735 0.17130521 0.41425002
0.0088951876 0.17161536 0.41500002
0.012548223 0.17192551 0.41575003
0.016214382 0.17223567 0.41650003
0.019869821 0.17233904 0.41675001
0.023416786 0.17161536 0.41500002
0.027096063 0.17192551 0.41575003
0.030917829 0.17295934 0.41825002
0.034679998 0.17347625 0.41950002
0.038349763 0.17347625 0.41950002
0.042269941 0.17451008 0.42200002
0.046043262 0.17482023 0.42275003
0.049829707 0.17513038 0.42350003
0.053692471 0.17564729 0.42475003
0.057610895 0.17626758 0.42625001
0.061447639 0.17657773 0.42700002
0.06510669 0.17637096 0.42650002
0.068797335 0.17626758 0.42625001
0.072653763 0.17657773 0.42700002
0.076836385 0.17761156 0.42950001
0.080875099 0.17823187 0.43100002
0.084743656 0.17843862 0.43150002
0.088569686 0.17854202 0.43175003
0.092453562 0.17874877 0.43225002
0.09640184 0.17905892 0.43300003
0.10042109 0.17947245 0.43400002
0.10451786 0.17998937 0.43525001
0.10851207 0.18029952 0.43600002
0.1125194 0.18060966 0.43675002
0.11667303 0.18112658 0.43800002
0.12071098 0.18143673 0.43875003
0.12454914 0.18143673 0.43875003
0.128241 0.18122996 0.43825004
0.13207479 0.18122996 0.43825004
0 0 0
0 0 0
0 0 0
0 0 0
0 0 0
0 0 0
0 0 0
0 0 0
0 0 0
0 0 0
0 0 0
0 0 0
0 0 0
0 0 0
0 0 0
0 0 0
0 0 0
0 0 0
0 0 0
0 0 0
0 0 0
0 0 0
0 0 0
0 0 0
0 0 0
0 0 0
0 0 0
0 0 0
0 0 0
0 0 0
0 0 0
0 0 0
0 0 0
0 0 0
0 0 0
0 0 0
0 0 0
0 0 0
0 0 0
0 0 0
0 0 0
0 0 0
0 0 0
0 0 0
-0.2529678 0.15159573 0.35900003
-0.25104511 0.1523347 0.36075002
-0.24840465 0.15265141 0.36150002
-0.24507265 0.15254584 0.36125001
-0.24274953 0.15307368 0.36250001
-0.23990884 0.15328482 0.36300001
-0.23657031 0.15317926 0.36275002
-0.23355782 0.15328482 0.36300001
-0.23085833 0.15360151 0.36375001
-0.22845866 0.15412936 0.36500001
-0.22603711 0.1546572 0.36625001
-0.22313738 0.15486835 0.36675003
-0.22022891 0.15507948 0.36725003
-0.21716395 0.15518504 0.36750001
-0.21380354 0.15507948 0.36725003
-0.21059085 0.15507948 0.36725003
-0.2076605 0.15529062 0.36775002
-0.20499937 0.15571287 0.36875001
-0.20191038 0.15581845 0.36900002
-0.198817 0.15592402 0.36925003
-0.19598405 0.15624072 0.37
-0.19261709 0.15613516 0.36975002
-0.18912645 0.15592402 0.36925003
-0.18690315 0.15676856 0.37125
-0.18415017 0.15719084 0.37225002
-0.18113671 0.15740196 0.37275001
-0.17847241 0.15792981 0.37400001
-0.17566913 0.15835209 0.37500003
-0.17296329 0.15887994 0.37625003
-0.17023556 0.15940776 0.37750003
-0.16726488 0.15972447 0.37825003
-0.1643894 0.16014674 0.37925002
-0.16139029 0.16046345 0.38000003
-0.15827404 0.16067459 0.38050002
-0.15504725 0.16078016 0.38075003
-0.15211493 0.16120242 0.38175002
-0.1490677 0.16151913 0.38250002
-0.14600733 0.16183583 0.38325003
-0.14274773 0.16194139 0.38350001
-0.1396655 0.1622581 0.38425002
-0.13665885 0.16268039 0.38525003
-0.13346167 0.16289151 0.38575003
-0.13034008 0.16320822 0.38650003
-0.12704112 0.16331378 0.38675001
-0.12261871 0.16194139 0.38350001
-0.11102268 0.15075119 0.35700002
-0.10653959 0.14885096 0.35250002
-0.10360268 0.1490621 0.35300002
-0.10065702 0.14927323 0.35350001
-0.09763363 0.14937881 0.35375002
-0.094739474 0.1496955 0.35450003
-0.092090711 0.15043448 0.35625002
-0.088974245 0.15043448 0.35625002
-0.08561679 0.15001221 0.35525003
-0.082625203 0.15022334 0.35575002
-0.07956899 0.1503289 0.35600001
-0.076723173 0.15085675 0.35725001
-0.073803984 0.15127903 0.35825002
-0.070867293 0.15170129 0.35925001
-0.067865983 0.152018 0.36000001
-0.064716719 0.152018 0.36000001
-0.061652966 0.15222913 0.36050001
-0.058945581 0.15339039 0.36325002
-0.056190088 0.15455164 0.36600003
-0.053205498 0.15518504 0.36750001
-0.050670777 0.1572964 0.37250003
-0.048080385 0.15951332 0.37775001
-0.045487043 0.16204697 0.38375002
-0.042596605 0.16384162 0.38800001
-0.039758105 0.16616413 0.39350003
-0.036708016 0.16795878 0.39775002
-0.033604454 0.16985901 0.40225002
-0.030197782 0.17049241 0.40375003
-0.026748354 0.17102025 0.40500003
-0.023291377 0.17165366 0.40650001
-0.019832436 0.1724982 0.40850002
-0.01630865 0.17302604 0.40975001
-0.012747467 0.17334275 0.41050002
-0.0091620106 0.17344832 0.41075003
-0.005582348 0.17387059 0.41175002
-0.0019827839 0.17408173 0.41225001
0.0016274968 0.174504 0.41325003
0.0052521019 0.17482071 0.41400003
0.0088898288 0.1751374 0.41475001
0.012548223 0.17555968 0.41575003
0.016194915 0.17566524 0.41600001
0.019834062 0.17566524 0.41600001
0.023402678 0.1751374 0.41475001
0.02707977 0.17545411 0.41550002
0.030954789 0.17682649 0.41875002
0.034700666 0.17724878 0.41975003
0.038395468 0.17735434 0.42000002
0.042219859 0.17798774 0.42150003
0.04607049 0.17862114 0.42300001
0.049947366 0.17925456 0.42450002
0.053724073 0.1794657 0.42500001
0.057610895 0.17999353 0.42625001
0.061447639 0.18031023 0.42700002
0.065144852 0.18020467 0.42675003
0.068918392 0.18031023 0.42700002
0.072866455 0.18083808 0.42825001
0.076702207 0.18104921 0.42875001
0.080781274 0.18178819 0.43050003
0.084841855 0.18242159 0.43200001
0.088723548 0.18263274 0.43250003
0.0925605 0.1827383 0.43275002
0.096234858 0.18252717 0.43225002
0.10047893 0.18337172 0.43425003
0.1045779 0.18389955 0.43550003
0.10857429 0.18421626 0.43625003
0.11277702 0.18484966 0.43775001
0.11673962 0.18506081 0.43825004
0.12077976 0.18537751 0.43900001
0.12476204 0.18558864 0.43950003
0.12831415 0.18516637 0.43850002
0.13192409 0.18484966 0.43775001
0 0 0
0 0 0
0 0 0
0 0 0
0 0 0
0 0 0
0 0 0
0 0 0
0 0 0
0 0 0
0 0 0
0 0 0
0 0 0
0 0 0
0 0 0
0 0 0
0 0 0
0 0 0
0 0 0
0 0 0
0 0 0
0 0 0
0 0 0
0 0 0
0 0 0
0 0 0
0 0 0
0 0 0
0 0 0
0 0 0
0 0 0
0 0 0
0 0 0
0 0 0
0 0 0
0 0 0
0 0 0
0 0 0
0 0 0
0 0 0
0 0 0
0 0 0
0 0 0
0 0 0
-0.25332013 0.15494934 0.35950002
-0.25087112 0.15538035 0.36050001
-0.24840465 0.15581137 0.36150002
-0.24541184 0.15591912 0.36175001
-0.24274953 0.15624237 0.36250001
-0.2395784 0.15624237 0.36250001
-0.23640727 0.15624237 0.36250001
-0.23355782 0.15645789 0.36300001
-0.23117565 0.15699665 0.36425
-0.22892809 0.15764317 0.36575001
-0.22619142 0.15796643 0.36650002
-0.22298527 0.15796643 0.36650002
-0.21992907 0.15807419 0.36675003
-0.21686849 0.15818194 0.36700001
-0.213658 0.15818194 0.36700001
-0.21059085 0.1582897 0.36725003
-0.20751932 0.15839744 0.36750001
-0.2048604 0.15882847 0.36850002
-0.20177357 0.1589362 0.36875001
-0.198817 0.15915172 0.36925003
-0.19611648 0.15958273 0.37025002
-0.19235663 0.15915172 0.36925003
-0.18938254 0.15936723 0.36975002
-0.1874066 0.16044477 0.37225002
-0.1845212 0.16076802 0.37300003
-0.18150118 0.16098353 0.37350002
-0.17871101 0.16141453 0.37450001
-0.17578624 0.1617378 0.37525001
-0.17261851 0.16184555 0.37550002
-0.17001007 0.16249207 0.377
-0.16715431 0.16292308 0.37800002
-0.16428104 0.1633541 0.37900001
-0.1612841 0.16367736 0.37975001
-0.15827404 0.16400062 0.38050002
-0.15504725 0.16410838 0.38075003
-0.1519157 0.16432388 0.38125002
-0.14877541 0.16453938 0.38175002
-0.14591208 0.16507815 0.38300002
-0.1428408 0.16540141 0.38375002
-0.1396655 0.16561691 0.38425002
-0.13648146 0.16583243 0.38475001
-0.13328868 0.16604795 0.38525003
-0.13025577 0.16647895 0.38625002
-0.12704112 0.16669445 0.38675001
-0.12293845 0.16572468 0.38450003
-0.11141142 0.15441057 0.35825002
-0.1066907 0.15214776 0.35300002
-0.10360268 0.15214776 0.35300002
-0.10087059 0.15268652 0.35425001
-0.09777163 0.15268652 0.35425001
-0.094806284 0.15290202 0.35475001
-0.092026077 0.15344079 0.35600001
-0.089223996 0.15397955 0.35725001
-0.086038545 0.1538718 0.35700002
-0.083205841 0.15441057 0.35825002
-0.080295399 0.15484159 0.35925001
-0.07785067 0.15624237 0.36250001
-0.075606592 0.15818194 0.36700001
-0.072938576 0.15936723 0.36975002
-0.070740856 0.1617378 0.37525001
-0.067952551 0.16292308 0.37800002
-0.065287158 0.16453938 0.38175002
-0.063286379 0.16809525 0.39000002
-0.060642306 0.17025031 0.39500001
-0.057512615 0.17122009 0.39725003
-0.054513589 0.17272864 0.40075001
-0.05113513 0.17315966 0.40175003
-0.047768805 0.17369843 0.40300003
-0.044215932 0.17359067 0.40275002
-0.040717956 0.17369843 0.40300003
-0.037307896 0.17423719 0.40425003
-0.033896849 0.17488371 0.40575001
-0.030366067 0.17499146 0.40600002
-0.026814399 0.17499146 0.40600002
-0.02333435 0.17553023 0.40725002
-0.01985671 0.17628449 0.40900001
-0.01630865 0.17660776 0.40975001
-0.012747467 0.17693102 0.41050002
-0.0091620106 0.17703879 0.41075003
-0.0055857375 0.17757756 0.41200003
-0.0019839865 0.17779306 0.41250002
0.0016274968 0.17811632 0.41325003
0.0052457587 0.17822406 0.41350001
0.0088630365 0.17822406 0.41350001
0.012518041 0.17876282 0.41475001
0.016155986 0.17887059 0.41500002
0.019762546 0.17865509 0.41450003
0.023388572 0.17865509 0.41450003
0.027144944 0.17951711 0.41650003
0.030936308 0.18037912 0.41850001
0.034679998 0.18081014 0.41950002
0.038441177 0.18124115 0.42050001
0.042294983 0.18199544 0.42225003
0.046124946 0.1825342 0.42350003
0.049859118 0.18264195 0.42375001
0.053692471 0.18307297 0.42475003
0.057543319 0.18350397 0.42575002
0.061411668 0.183935 0.42675003
0.065335669 0.18447377 0.42800003
0.069241196 0.18490477 0.42900002
0.073036604 0.18501253 0.42925003
0.076702207 0.18479702 0.42875001
0.08064054 0.18522803 0.42975003
0.084841855 0.1861978 0.43200001
0.088826112 0.18662883 0.43300003
0.092774391 0.1869521 0.43375003
0.09640184 0.18662883 0.43300003
0.10030539 0.18684433 0.43350002
0.10469796 0.18792187 0.43600002
0.10863651 0.18813737 0.43650001
0.11271262 0.18856838 0.43750003
0.11673962 0.18889165 0.43825004
0.1206422 0.1889994 0.43850002
0.12447817 0.1889994 0.43850002
0.128241 0.18889165 0.43825004
0 0 0
0 0 0
0 0 0
0 0 0
0 0 0
0 0 0
0 0 0
0 0 0
0 0 0
0 0 0
0 0 0
0 0 0
0 0 0
0 0 0
0 0 0
0 0 0
0 0 0
0 0 0
0 0 0
0 0 0
0 0 0
0 0 0
0 0 0
0 0 0
0 0 0
0 0 0
0 0 0
0 0 0
0 0 0
0 0 0
0 0 0
0 0 0
0 0 0
0 0 0
0 0 0
0 0 0
0 0 0
0 0 0
0 0 0
0 0 0
0 0 0
0 0 0
0 0 0
0 0 0
0 0 0
-0.25332013 0.15809181 0.35950002
-0.25104511 0.1586415 0.36075002
-0.24806109 0.15875144 0.36100003
-0.24524225 0.15897132 0.36150002
-0.24274953 0.15941107 0.36250001
-0.23941319 0.15930115 0.36225003
-0.23624425 0.15930115 0.36225003
-0.23355782 0.15963094 0.36300001
-0.23133431 0.16029058 0.36450002
-0.22939754 0.1611701 0.36650002
-0.2263457 0.16128004 0.36675003
-0.22283316 0.16106015 0.36625001
-0.21962923 0.16106015 0.36625001
-0.21672077 0.16128004 0.36675003
-0.21394908 0.16160984 0.36750001
-0.21102092 0.16182972 0.36800003
-0.20808402 0.16204961 0.36850002
-0.20499937 0.16215953 0.36875001
-0.20149998 0.16193967 0.36825001
-0.19854777 0.16215953 0.36875001
-0.1955868 0.16237943 0.36925003
-0.19222638 0.16226947 0.36900002
-0.19002278 0.16314898 0.37100002
-0.1874066 0.16369869 0.37225002
-0.18464486 0.16413844 0.37325001
-0.18174414 0.16446824 0.37400001
-0.17883033 0.16479807 0.37475002
-0.17578624 0.16501795 0.37525001
-0.17273343 0.16523781 0.37575001
-0.17023556 0.1660074 0.37750003
-0.16726488 0.16633722 0.37825003
-0.16406432 0.16644715 0.37850001
-0.16117793 0.16688691 0.37950003
-0.15837803 0.1674366 0.38075003
-0.15545447 0.16787635 0.38175002
-0.15211493 0.16787635 0.38175002
-0.14897026 0.16809623 0.38225001
-0.14600733 0.16853599 0.38325003
-0.14293385 0.1688658 0.384
-0.13975638 0.16908568 0.38450003
-0.13657016 0.16930555 0.38500002
-0.1332022 0.16930555 0.38500002
-0.12991855 0.1694155 0.38525003
-0.12671264 0.16963537 0.38575003
-0.12301838 0.16919561 0.38475001
-0.11234438 0.15886138 0.36125001
-0.10691739 0.15556322 0.35375002
-0.10404292 0.15589304 0.35450003
-0.10236549 0.15809181 0.35950002
-0.099910602 0.15919119 0.36200002
-0.097545579 0.16051045 0.36500001
-0.095515832 0.16248935 0.36950001
-0.093594663 0.16479807 0.37475002
-0.091461137 0.16688691 0.37950003
-0.089302577 0.16908568 0.38450003
-0.086777143 0.17073476 0.38825002
-0.083971344 0.17194408 0.39100003
-0.080962911 0.17282359 0.39300001
-0.07757429 0.17293353 0.39325002
-0.074322671 0.17337328 0.39425001
-0.071278274 0.17436273 0.39650002
-0.067895219 0.17458262 0.39700001
-0.064462855 0.17469256 0.39725003
-0.061179642 0.17524225 0.39850003
-0.057838358 0.17568199 0.39950001
-0.054683626 0.17678139 0.40200001
-0.051230595 0.17700127 0.40250003
-0.047798436 0.17733108 0.40325001
-0.044325721 0.17755096 0.40375003
-0.040818993 0.1776609 0.40400001
-0.037377112 0.17810065 0.40500003
-0.033896849 0.17843045 0.40575001
-0.030403463 0.17876028 0.40650001
-0.026880443 0.17898016 0.40700001
-0.023377324 0.17941992 0.40800002
-0.019844575 0.17974973 0.40875003
-0.0162788 0.17985967 0.40900001
-0.012716414 0.18007955 0.40950003
-0.0091452813 0.18029943 0.41000003
-0.0055755689 0.18084912 0.41125003
-0.0019827839 0.18128887 0.41225001
0.0016265123 0.18161869 0.41300002
0.0052457587 0.18183856 0.41350001
0.0088683954 0.1819485 0.41375002
0.01250295 0.18216838 0.41425002
0.016117057 0.18205845 0.41400003
0.019726789 0.1819485 0.41375002
0.023388572 0.18227832 0.41450003
0.027161237 0.18326776 0.41675001
0.030954789 0.18414727 0.41875002
0.03472133 0.18469697 0.42000002
0.03848689 0.18513674 0.42100003
0.0422449 0.18546653 0.42175001
0.045961577 0.18557648 0.42200002
0.049712043 0.18579635 0.42250001
0.053534459 0.18623611 0.42350003
0.057509527 0.18711561 0.42550001
0.06133971 0.18744543 0.42625001
0.065335669 0.18821502 0.42800003
0.069321893 0.18887463 0.42950001
0.072951525 0.18854481 0.42875001
0.076702207 0.18854481 0.42875001
0.080593631 0.18887463 0.42950001
0.084792763 0.18986408 0.43175003
0.088723548 0.19019391 0.43250003
0.09261398 0.19041379 0.43300003
0.09640184 0.19041379 0.43300003
0.10036324 0.1907436 0.43375003
0.10469796 0.19173305 0.43600002
0.10844985 0.19162309 0.43575001
0.11239059 0.19184299 0.43625003
0.11647324 0.19228274 0.43725002
0.12043586 0.1925026 0.43775001
0.12426526 0.1925026 0.43775001
0.12802154 0.19239268 0.43750003
0 0 0
0 0 0
0 0 0
0 0 0
0 0 0
0 0 0
0 0 0
0 0 0
0 0 0
0 0 0
0 0 0
0 0 0
0 0 0
0 0 0
0 0 0
0 0 0
0 0 0
0 0 0
0 0 0
0 0 0
0 0 0
0 0 0
0 0 0
0 0 0
0 0 0
0 0 0
0 0 0
0 0 0
0 0 0
0 0 0
0 0 0
0 0 0
0 0 0
0 0 0
0 0 0
0 0 0
0 0 0
0 0 0
0 0 0
0 0 0
0 0 0
0 0 0
0 0 0
0 0 0
0 0 0
-0.25314394 0.16112216 0.35925001
-0.25104511 0.1617949 0.36075002
-0.24737392 0.16145852 0.36000001
-0.24456385 0.16168277 0.36050001
-0.24358658 0.16314039 0.36375001
-0.23990884 0.16280401 0.36300001
-0.23657031 0.16269189 0.36275002
-0.23420124 0.16325252 0.36400002
-0.23181032 0.16381313 0.36525002
-0.22908458 0.16414951 0.36600003
-0.2263457 0.16448589 0.36675003
-0.22283316 0.16426162 0.36625001
-0.21947932 0.16414951 0.36600003
-0.21686849 0.164598 0.36700001
-0.21424018 0.1650465 0.36800003
-0.21116427 0.16515861 0.36825001
-0.20808402 0.16527075 0.36850002
-0.20513836 0.16549499 0.36900002
-0.2012264 0.16493437 0.36775002
-0.19841318 0.16527075 0.36850002
-0.19545437 0.16549499 0.36900002
-0.19287756 0.16605562 0.37025002
-0.19027887 0.16661623 0.37150002
-0.18778418 0.16728897 0.37300003
-0.18489222 0.16762535 0.37375003
-0.18174414 0.16773747 0.37400001
-0.17859173 0.1678496 0.37425002
-0.17566913 0.16818598 0.37500003
-0.17307821 0.16885871 0.37650001
-0.17046103 0.16953146 0.37800002
-0.16737542 0.1697557 0.37850001
-0.16406432 0.1697557 0.37850001
-0.16096558 0.16997994 0.37900001
-0.15796207 0.17031632 0.37975001
-0.15525086 0.17098907 0.38125002
-0.15181608 0.17087694 0.38100001
-0.14867797 0.17110118 0.38150001
-0.14600733 0.17188607 0.38325003
-0.1428408 0.1721103 0.38375002
-0.13984723 0.1725588 0.38475001
-0.1368362 0.17300731 0.38575003
-0.13337518 0.17289518 0.38550001
-0.13000284 0.17289518 0.38550001
-0.12679474 0.17311943 0.38600001
-0.12333811 0.17300731 0.38575003
-0.11747568 0.16941933 0.37775001
-0.11402003 0.16919509 0.37725002
-0.11189383 0.17098907 0.38125002
-0.10969765 0.17278306 0.38525003
-0.1068795 0.17368004 0.38725001
-0.1037591 0.17412855 0.38825002
-0.10100897 0.17524979 0.39075002
-0.097778015 0.17558615 0.39150003
-0.094533943 0.17592253 0.39225003
-0.091160625 0.17603464 0.39250001
-0.088062316 0.17670739 0.39400002
-0.084723003 0.17693163 0.39450002
-0.081220433 0.1768195 0.39425001
-0.077820867 0.17693163 0.39450002
-0.074558318 0.17738013 0.3955
-0.071323216 0.17794076 0.39675003
-0.067937978 0.178165 0.39725003
-0.064503416 0.17827712 0.39750001
-0.061218023 0.17883775 0.39875001
-0.057765972 0.17894988 0.39900002
-0.054445576 0.17951049 0.40025002
-0.05113513 0.18018323 0.40175003
-0.047768805 0.18074386 0.40300003
-0.044353165 0.18119235 0.40400001
-0.040869512 0.18141659 0.40450001
-0.037377112 0.18164085 0.40500003
-0.033896849 0.18197721 0.40575001
-0.030459559 0.18264996 0.40725002
-0.026929978 0.1828742 0.40775001
-0.023391649 0.18309847 0.40825003
-0.019832436 0.18321058 0.40850002
-0.016268849 0.18332271 0.40875003
-0.012700887 0.18343483 0.40900001
-0.0091397045 0.18377119 0.40975001
-0.0055755689 0.18444395 0.41125003
-0.0019827839 0.18489243 0.41225001
0.0016255276 0.18511668 0.41275001
0.0052394154 0.18522881 0.41300002
0.0088576777 0.18534094 0.41325003
0.012480313 0.18545306 0.41350001
0.01609759 0.18545306 0.41350001
0.019702949 0.18534094 0.41325003
0.023332145 0.18545306 0.41350001
0.027226413 0.18735917 0.41775003
0.03099175 0.18803191 0.41925001
0.034762666 0.18859252 0.42050001
0.038509741 0.1889289 0.42125002
0.042194817 0.1889289 0.42125002
0.045879889 0.1889289 0.42125002
0.049682628 0.18937741 0.42225003
0.053534459 0.18993802 0.42350003
0.057509527 0.190835 0.42550001
0.061411668 0.19139564 0.42675003
0.065221183 0.19161989 0.42725003
0.069160491 0.1921805 0.42850003
0.07290899 0.1921805 0.42850003
0.076702207 0.19229262 0.42875001
0.080781274 0.19307749 0.43050003
0.084792763 0.19363812 0.43175003
0.088518403 0.19352598 0.43150002
0.092293143 0.19352598 0.43150002
0.096234858 0.19386236 0.43225002
0.10047893 0.19475935 0.43425003
0.10469796 0.19554421 0.43600002
0.10844985 0.1954321 0.43575001
0.11226176 0.1954321 0.43575001
0.11627346 0.19576846 0.43650001
0.12016073 0.19588059 0.43675002
0.12405235 0.19599271 0.43700001
0.12794837 0.19610484 0.43725002
0 0 0
0 0 0
0 0 0
0 0 0
0 0 0
0 0 0
0 0 0
0 0 0
0 0 0
0 0 0
0 0 0
0 0 0
0 0 0
0 0 0
0 0 0
0 0 0
0 0 0
0 0 0
0 0 0
0 0 0
0 0 0
0 0 0
0 0 0
0 0 0
0 0 0
0 0 0
0 0 0
0 0 0
0 0 0
0 0 0
0 0 0
0 0 0
0 0 0
0 0 0
0 0 0
0 0 0
0 0 0
0 0 0
0 0 0
0 0 0
0 0 0
0 0 0
0 0 0
0 0 0
0 0 0
-0.25332013 0.16437675 0.35950002
-0.25017524 0.16437675 0.35950002
-0.24651499 0.16403383 0.35875002
-0.24439426 0.16471969 0.36025003
-0.24392141 0.16654862 0.36425
-0.24056976 0.16643432 0.36400002
-0.23722246 0.16632001 0.36375001
-0.23420124 0.16643432 0.36400002
-0.231493 0.16677725 0.36475003
-0.2287716 0.16712017 0.3655
-0.22557424 0.16712017 0.3655
-0.22283316 0.16746309 0.36625001
-0.21962923 0.16746309 0.36625001
-0.21686849 0.16780603 0.36700001
-0.21409464 0.16814896 0.36775002
-0.21116427 0.16837758 0.36825001
-0.20836635 0.16872051 0.36900002
-0.20527735 0.16883482 0.36925003
-0.20108959 0.16803464 0.36750001
-0.19760552 0.16780603 0.36700001
-0.1949247 0.16826327 0.36800003
-0.19326827 0.16963498 0.37100002
-0.19040693 0.16997792 0.37175003
-0.18765832 0.17043515 0.37275001
-0.18501589 0.17100669 0.37400001
-0.18174414 0.17100669 0.37400001
-0.17883033 0.17134961 0.37475002
-0.17590337 0.17169255 0.37550002
-0.17307821 0.17214978 0.37650001
-0.17023556 0.17260703 0.37750003
-0.16726488 0.17294995 0.37825003
-0.16363086 0.17260703 0.37750003
-0.16075322 0.17306426 0.37850001
-0.15775409 0.17340718 0.37925002
-0.15474184 0.17375012 0.38000003
-0.15161686 0.17397873 0.38050002
-0.14877541 0.17455028 0.38175002
-0.14600733 0.17523614 0.38325003
-0.14293385 0.17557906 0.384
-0.13984723 0.17592199 0.38475001
-0.1368362 0.17637923 0.38575003
-0.13337518 0.17626491 0.38550001
-0.13008715 0.17637923 0.38575003
-0.12679474 0.17649354 0.38600001
-0.12357792 0.17672217 0.38650003
-0.12043006 0.17706507 0.38725001
-0.11734467 0.17752233 0.38825002
-0.11416839 0.17786525 0.38900003
-0.11090782 0.17809387 0.38950002
-0.1073625 0.17786525 0.38900003
-0.10409316 0.17809387 0.38950002
-0.10107359 0.17877974 0.39100003
-0.097902887 0.17923696 0.39200002
-0.094654448 0.1795799 0.39275002
-0.091392882 0.17992282 0.39350003
-0.088229947 0.18049437 0.39475003
-0.084884077 0.18072298 0.39525002
-0.081271939 0.18038005 0.39450002
-0.077820867 0.18038005 0.39450002
-0.074511193 0.18072298 0.39525002
-0.071278274 0.18129453 0.39650002
-0.067980729 0.18175176 0.39750001
-0.064503416 0.18175176 0.39750001
-0.06114126 0.18209469 0.39825001
-0.057802167 0.18255194 0.39925003
-0.054513589 0.18323778 0.40075001
-0.051166948 0.18380933 0.40200001
-0.047857706 0.1846095 0.40375003
-0.044435505 0.18506673 0.40475002
-0.040945288 0.18529534 0.40525001
-0.037377112 0.18518105 0.40500003
-0.033855077 0.18529534 0.40525001
-0.030422162 0.18598121 0.40675002
-0.026913468 0.18632413 0.40750003
-0.023363 0.18643844 0.40775001
-0.019820299 0.18666707 0.40825003
-0.01628875 0.1871243 0.40925002
-0.012708651 0.1871243 0.40925002
-0.0091397045 0.18735293 0.40975001
-0.005582348 0.18826739 0.41175002
-0.0019827839 0.18849601 0.41225001
0 0 0
0.0052330727 0.18861033 0.41250002
0.0088362433 0.18849601 0.41225001
0.012442585 0.18849601 0.41225001
0.016078126 0.18883894 0.41300002
0.019679109 0.18872462 0.41275001
0.023501424 0.19043928 0.41650003
0.027226413 0.19101082 0.41775003
0.030936308 0.19135374 0.41850001
0.034700666 0.1919253 0.41975003
0.038509741 0.19261114 0.42125002
0.042219859 0.19272546 0.42150003
0.045879889 0.19261114 0.42125002
0.04965321 0.19295408 0.42200002
0.053534459 0.19363993 0.42350003
0.057475742 0.1944401 0.42525002
0.061375689 0.19501165 0.42650002
0.065183014 0.19524026 0.42700002
0.069039442 0.19558319 0.42775002
0.072781377 0.19558319 0.42775002
0.076746933 0.19615473 0.42900002
0.080875099 0.19706921 0.43100002
0.084841855 0.19752644 0.43200001
0.088569686 0.19741215 0.43175003
0.092400081 0.19752644 0.43200001
0.096290521 0.19775507 0.43250003
0.10047893 0.19855523 0.43425003
0.1043978 0.19878384 0.43475002
0.10838763 0.19912678 0.43550003
0.11232617 0.19935539 0.43600002
0.11634006 0.19969833 0.43675002
0.1202983 0.19992694 0.43725002
0.1241943 0.20004125 0.43750003
0 0 0
0 0 0
0 0 0
0 0 0
0 0 0
0 0 0
0 0 0
0 0 0
0 0 0
0 0 0
0 0 0
0 0 0
0 0 0
0 0 0
0 0 0
0 0 0
0 0 0
0 0 0
0 0 0
0 0 0
0 0 0
0 0 0
0 0 0
0 0 0
0 0 0
0 0 0
0 0 0
0 0 0
0 0 0
0 0 0
0 0 0
0 0 0
0 0 0
0 0 0
0 0 0
0 0 0
0 0 0
0 0 0
0 0 0
0 0 0
0 0 0
0 0 0
0 0 0
0 0 0
0 0 0
0 0 0
-0 0 0
-0.25000125 0.16740273 0.35925001
-0 0 0
-0.24609026 0.16903366 0.36275002
-0.24358658 0.16949964 0.36375001
-0.24023931 0.16938314 0.36350003
-0.23705944 0.16938314 0.36350003
-0.23387954 0.16938314 0.36350003
-0.23069967 0.16938314 0.36350003
-0.22892809 0.17043158 0.36575001
-0.22526565 0.17008211 0.36500001
-0.22237684 0.17031509 0.3655
-0.21962923 0.17066458 0.36625001
-0.21701623 0.17113057 0.36725003
-0.21409464 0.17136355 0.36775002
-0.21102092 0.17148004 0.36800003
-0.20822518 0.17182952 0.36875001
-0.20472141 0.17159654 0.36825001
-0.20081601 0.17101406 0.36700001
-0.1973363 0.17078108 0.36650002
-0.1949247 0.17148004 0.36800003
-0.19391944 0.17346045 0.37225002
-0.19104716 0.17380993 0.37300003
-0.18803591 0.17404293 0.37350002
-0.18476854 0.17404293 0.37350002
-0.18174414 0.1742759 0.37400001
-0.17930751 0.17509137 0.37575001
-0.17613758 0.17520787 0.37600002
-0.17330806 0.17567384 0.377
-0.17046103 0.17613983 0.37800002
-0.16715431 0.17613983 0.37800002
-0.16363086 0.17590684 0.37750003
-0.16054086 0.17613983 0.37800002
-0.15817004 0.17718828 0.38025001
-0.15525086 0.17765425 0.38125002
-0.15221456 0.17800374 0.38200003
-0.14897026 0.17812023 0.38225001
-0.1457216 0.17823674 0.38250002
-0.14293385 0.17893569 0.384
-0.13975638 0.17916869 0.38450003
-0.13657016 0.17940168 0.38500002
-0.13337518 0.17963466 0.38550001
-0.12991855 0.17951818 0.38525003
-0.12671264 0.17975116 0.38575003
-0.12365784 0.18021713 0.38675001
-0.12043006 0.18045013 0.38725001
-0.11719355 0.18068312 0.38775003
-0.11409502 0.1811491 0.38875002
-0.110979 0.18161507 0.38975
-0.10756949 0.18161507 0.38975
-0.10409316 0.18149857 0.38950002
-0.10087971 0.18184806 0.39025003
-0.097778015 0.18243054 0.39150003
-0.094594195 0.18289651 0.39250001
-0.091509007 0.18359548 0.39400002
-0.088397577 0.18429445 0.3955
-0.084830381 0.18406145 0.39500001
-0.081220433 0.18371198 0.39425001
-0.077722237 0.18359548 0.39400002
-0.074369803 0.18382847 0.39450002
-0.07118839 0.18452744 0.39600003
-0.067980729 0.1852264 0.39750001
-0.064706258 0.18580887 0.39875001
-0.061218023 0.18580887 0.39875001
-0.057765972 0.18592538 0.39900002
-0.054581605 0.18697381 0.40125
-0.051198769 0.1874398 0.40225002
-0.047828071 0.18802227 0.40350002
-0.044380613 0.18837176 0.40425003
-0.040894773 0.18860474 0.40475002
-0.037377112 0.18872125 0.40500003
-0.033813309 0.18860474 0.40475002
-0.030347368 0.18907072 0.40575001
-0.026913468 0.1898862 0.40750003
-0.023377324 0.19011918 0.40800002
-0.01985671 0.19058515 0.40900001
-0.016318601 0.19105114 0.41000003
-0.012724178 0.19093464 0.40975001
-0 0 0
-0 0 0
-0 0 0
0 0 0
0 0 0
0 0 0
0 0 0
0.016087858 0.19256558 0.41325003
0.019702949 0.19256558 0.41325003
0.023543743 0.19442947 0.41725001
0 0 0
0.030917829 0.19489546 0.41825002
0.034700666 0.19559443 0.41975003
0.038509741 0.19629338 0.42125002
0.042269941 0.19664288 0.42200002
0.045934346 0.19652638 0.42175001
0.049682628 0.19675937 0.42225003
0.053534459 0.19734184 0.42350003
0.05744195 0.19804081 0.42500001
0.061375689 0.19873978 0.42650002
0.065183014 0.19897276 0.42700002
0.068837687 0.19873978 0.42650002
0.072653763 0.19897276 0.42700002
0.076791659 0.20002122 0.42925003
0.080922008 0.20095317 0.43125001
0.084792763 0.20118617 0.43175003
0.088518403 0.20106967 0.43150002
0.092400081 0.20130265 0.43200001
0.09640184 0.20176864 0.43300003
0.10036324 0.20211813 0.43375003
0.10421769 0.20223461 0.43400002
0.10801431 0.20223461 0.43400002
0.11219736 0.20293358 0.43550003
0.11627346 0.20339955 0.43650001
0.12022951 0.20363255 0.43700001
0 0 0
0 0 0
0 0 0
0 0 0
0 0 0
0 0 0
0 0 0
0 0 0
0 0 0
0 0 0
0 0 0
0 0 0
0 0 0
0 0 0
0 0 0
0 0 0
0 0 0
0 0 0
0 0 0
0 0 0
0 0 0
0 0 0
0 0 0
0 0 0
0 0 0
0 0 0
0 0 0
0 0 0
0 0 0
0 0 0
0 0 0
0 0 0
0 0 0
0 0 0
0 0 0
0 0 0
0 0 0
0 0 0
0 0 0
0 0 0
0 0 0
0 0 0
0 0 0
0 0 0
0 0 0
0 0 0
0 0 0
-0 0 0
-0 0 0
-0 0 0
-0 0 0
-0.24274953 0.17208585 0.36250001
-0.24023931 0.17256059 0.36350003
-0.2368964 0.1724419 0.36325002
-0.23355782 0.17232321 0.36300001
-0.23085833 0.17267926 0.36375001
-0.22892809 0.17362869 0.36575001
-0.22526565 0.17327265 0.36500001
-0.22192055 0.17315398 0.36475003
-0.21917947 0.17351002 0.3655
-0.2164253 0.17386605 0.36625001
-0.21351247 0.17410342 0.36675003
-0 0 0
-0.20751932 0.17445946 0.36750001
-0.20444345 0.17457813 0.36775002
-0.20081601 0.1742221 0.36700001
-0.19747092 0.17410342 0.36675003
-0.19664617 0.17623965 0.37125
-0.1937892 0.17659569 0.37200001
-0.19117521 0.17718908 0.37325001
-0.18803591 0.17730777 0.37350002
-0.18489222 0.17742646 0.37375003
-0.18210861 0.17790118 0.37475002
-0.17918822 0.17825721 0.37550002
-0.17590337 0.17825721 0.37550002
-0.17330806 0.17896928 0.377
-0.17046103 0.17944402 0.37800002
-0.16704376 0.17932533 0.37775001
-0.16363086 0.17920665 0.37750003
-0.16043468 0.17932533 0.37775001
-0.1576501 0.17991872 0.37900001
-0.15494545 0.1806308 0.38050002
-0.15221456 0.1813429 0.38200003
-0.14897026 0.18146157 0.38225001
-0.14553112 0.1813429 0.38200003
-0.14265469 0.18193629 0.38325003
-0.13948376 0.18217365 0.38375002
-0.13639279 0.18252969 0.38450003
-0.13328868 0.18288574 0.38525003
-0.13000284 0.18300441 0.38550001
-0.12687688 0.18336044 0.38625002
-0.12373778 0.18371649 0.38700002
-0.12035232 0.18371649 0.38700002
-0.11704242 0.18383516 0.38725001
-0.11380152 0.18407254 0.38775003
-0.11069426 0.18454725 0.38875002
-0.10763849 0.18514064 0.39000002
-0.10436041 0.185378 0.39050001
-0.10075046 0.18502197 0.38975
-0.097403385 0.18514064 0.39000002
-0.094774947 0.18668349 0.39325002
-0.091857389 0.18775159 0.3955
-0.088397577 0.18775159 0.3955
-0.084776692 0.18739557 0.39475003
-0.081117429 0.18692084 0.39375001
-0.077722237 0.18703952 0.39400002
-0.074369803 0.18727688 0.39450002
-0.071098499 0.18775159 0.3955
-0.067809708 0.18822633 0.39650002
-0.064706258 0.18929444 0.39875001
-0.061563455 0.19036256 0.40100002
-0.057946943 0.19000652 0.40025002
-0.054513589 0.19024388 0.40075001
-0.05113513 0.19071861 0.40175003
-0.04770954 0.19107465 0.40250003
-0.04424338 0.191312 0.40300003
-0.040793736 0.19166805 0.40375003
-0.037354037 0.19214275 0.40475002
-0.033813309 0.19214275 0.40475002
-0.030309971 0.19238012 0.40525001
-0.026830912 0.19285485 0.40625003
-0.023377324 0.19368561 0.40800002
-0 0 0
-0 0 0
-0 0 0
-0 0 0
-0 0 0
-0 0 0
0.00086445385 0.10420095 0.21950001
0.0027909721 0.10443831 0.22000001
0 0 0
0 0 0
0 0 0
0 0 0
0 0 0
0 0 0
0.030843906 0.19807675 0.41725001
0.034804001 0.19985697 0.42100003
0 0 0
0.0422449 0.20021299 0.42175001
0.045907121 0.20009431 0.42150003
0.04953555 0.19985697 0.42100003
0.053818878 0.20211187 0.42575002
0.057577111 0.20223056 0.42600003
0.06126776 0.20211187 0.42575002
0.065183014 0.20270526 0.42700002
0.068918392 0.20270526 0.42700002
0.072781377 0.20306131 0.42775002
0.076702207 0.20353602 0.42875001
0.080828182 0.20448546 0.43075001
0.084596366 0.20448546 0.43075001
0.088415831 0.20460415 0.43100002
0.092453562 0.20519756 0.43225002
0.096457496 0.20567226 0.43325001
0.10036324 0.20590964 0.43375003
0.10421769 0.20602831 0.43400002
0.10807653 0.20614699 0.43425003
0.11232617 0.20697775 0.43600002
0.11627346 0.2072151 0.43650001
0.12009194 0.2072151 0.43650001
0 0 0
0 0 0
0 0 0
0 0 0
0 0 0
0 0 0
0 0 0
0 0 0
0 0 0
0 0 0
0 0 0
0 0 0
0 0 0
0 0 0
0 0 0
0 0 0
0 0 0
0 0 0
0 0 0
0 0 0
0 0 0
0 0 0
0 0 0
0 0 0
0 0 0
0 0 0
0 0 0
0 0 0
0 0 0
0 0 0
0 0 0
0 0 0
0 0 0
0 0 0
0 0 0
0 0 0
0 0 0
0 0 0
0 0 0
0 0 0
0 0 0
0 0 0
0 0 0
0 0 0
0 0 0
0 0 0
0 0 0
-0 0 0
-0 0 0
-0 0 0
-0 0 0
-0.24258213 0.17513369 0.36225003
-0.24056976 0.17597975 0.36400002
-0.23722246 0.17585887 0.36375001
-0.23404038 0.17585887 0.36375001
-0.23101699 0.17597975 0.36400002
-0.22924104 0.17706753 0.36625001
-0 0 0
-0 0 0
-0.21902956 0.17658408 0.36525002
-0.21657303 0.1771884 0.36650002
-0.21322137 0.17706753 0.36625001
-0.21044749 0.17743012 0.36700001
-0 0 0
-0.20430446 0.17767185 0.36750001
-0 0 0
-0 0 0
-0 0 0
-0.19352873 0.17960569 0.37150002
-0.19091912 0.18021002 0.37275001
-0.18791004 0.18045175 0.37325001
-0.18476854 0.18057263 0.37350002
-0.18210861 0.18117695 0.37475002
-0.17906891 0.18141867 0.37525001
-0.17613758 0.18178128 0.37600002
-0.17353791 0.18250647 0.37750003
-0.17046103 0.1827482 0.37800002
-0.16704376 0.18262732 0.37775001
-0.16363086 0.18250647 0.37750003
-0.16054086 0.1827482 0.37800002
-0.1575461 0.18311079 0.37875003
-0.15464003 0.18359426 0.37975001
-0.15181608 0.18419857 0.38100001
-0.14867797 0.1844403 0.38150001
-0.14534062 0.1844403 0.38150001
-0.14209636 0.18456118 0.38175002
-0.13921116 0.18516549 0.38300002
-0.13621542 0.18564895 0.384
-0.13302921 0.18589069 0.38450003
-0.12974992 0.18601155 0.38475001
-0.12638414 0.18601155 0.38475001
-0.12373778 0.18709935 0.38700002
-0.12035232 0.18709935 0.38700002
-0.11681575 0.18685763 0.38650003
-0.1135814 0.18709935 0.38700002
-0.1104807 0.18758281 0.38800001
-0.10722449 0.18782453 0.38850001
-0.10442722 0.18891232 0.39075002
-0.10107359 0.1890332 0.39100003
-0.097778015 0.18927492 0.39150003
-0.095076203 0.1907253 0.39450002
-0.091683201 0.19084617 0.39475003
-0.088174067 0.1907253 0.39450002
-0.084723003 0.1907253 0.39450002
-0.081271939 0.1907253 0.39450002
-0.07787019 0.19084617 0.39475003
-0.074416935 0.19084617 0.39475003
-0.070963681 0.19084617 0.39475003
-0.067766957 0.19157135 0.39625001
-0.064422287 0.19193394 0.39700001
-0.061218023 0.19278 0.39875001
-0.057983138 0.19362608 0.40050003
-0.054513589 0.19374692 0.40075001
-0.051071487 0.19398865 0.40125
-0.04765027 0.19435126 0.40200001
-0.044270825 0.19495557 0.40325001
-0.040818993 0.19531818 0.40400001
-0.037307896 0.19543904 0.40425003
-0.033792421 0.1955599 0.40450001
-0.030291274 0.19580165 0.40500003
-0 0 0
-0 0 0
-0 0 0
-0 0 0
-0 0 0
-0 0 0
-0 0 0
-0.0010653406 0.10708658 0.22150001
0.00085953099 0.10551532 0.21825001
0.002768771 0.10551532 0.21825001
0 0 0
0 0 0
0 0 0
0 0 0
0 0 0
0 0 0
0 0 0
0 0 0
0 0 0
0.0422449 0.20389961 0.42175001
0.045907121 0.20377874 0.42150003
0.04959438 0.20377874 0.42150003
0 0 0
0.057644688 0.20619605 0.42650002
0.06126776 0.20583345 0.42575002
0.065144852 0.20631692 0.42675003
0.069039442 0.20680037 0.42775002
0.072866455 0.2070421 0.42825001
0 0 0
0.08064054 0.20776729 0.42975003
0.084498167 0.20800902 0.43025002
0.088467114 0.20849247 0.43125001
0.09261398 0.20933855 0.43300003
0.096568815 0.20970115 0.43375003
0.10036324 0.20970115 0.43375003
0 0 0
0 0 0
0.11219736 0.21054719 0.43550003
0.11607368 0.21066806 0.43575001
0.12016073 0.21115153 0.43675002
0 0 0
0 0 0
0 0 0
0 0 0
0 0 0
0 0 0
0 0 0
0 0 0
0 0 0
0 0 0
0 0 0
0 0 0
0 0 0
0 0 0
0 0 0
0 0 0
0 0 0
0 0 0
0 0 0
0 0 0
0 0 0
0 0 0
0 0 0
0 0 0
0 0 0
0 0 0
0 0 0
0 0 0
0 0 0
0 0 0
0 0 0
0 0 0
0 0 0
0 0 0
0 0 0
0 0 0
0 0 0
0 0 0
0 0 0
0 0 0
0 0 0
0 0 0
0 0 0
0 0 0
0 0 0
0 0 0
0 0 0
-0 0 0
-0 0 0
-0 0 0
-0 0 0
-0.24308434 0.17866935 0.36300001
-0.24007408 0.1787924 0.36325002
-0.23705944 0.17891546 0.36350003
-0.23387954 0.17891546 0.36350003
-0 0 0
-0.22908458 0.18014596 0.36600003
-0.22588283 0.18014596 0.36600003
-0.22252895 0.18002291 0.36575001
-0.21962923 0.180269 0.36625001
-0.21672077 0.18051511 0.36675003
-0 0 0
-0.21087755 0.18100731 0.36775002
-0.2076605 0.18100731 0.36775002
-0.20444345 0.18100731 0.36775002
-0 0 0
-0 0 0
-0.19585164 0.18199171 0.36975002
-0.19313803 0.18248391 0.37075001
-0.19066302 0.18322222 0.37225002
-0.18765832 0.18346831 0.37275001
-0.18427385 0.18334527 0.37250003
-0.18150118 0.18383747 0.37350002
-0.17906891 0.18469882 0.37525001
-0.1763718 0.18531407 0.37650001
-0.17330806 0.18556017 0.377
-0.17023556 0.18580629 0.37750003
-0.16704376 0.18592933 0.37775001
-0.16384758 0.18605238 0.37800002
-0.16075322 0.18629847 0.37850001
-0.15775409 0.18666764 0.37925002
-0.15494545 0.18728289 0.38050002
-0.15181608 0.18752898 0.38100001
-0.14848311 0.18752898 0.38100001
-0.14515014 0.18752898 0.38100001
-0.14200328 0.18777508 0.38150001
-0.13921116 0.18851338 0.38300002
-0.13594939 0.18863645 0.38325003
-0.13259673 0.18863645 0.38325003
-0.12949699 0.18900558 0.384
-0.12638414 0.18937474 0.38475001
-0.12357792 0.19023611 0.38650003
-0.12043006 0.19060524 0.38725001
-0.11689131 0.19035915 0.38675001
-0.1135814 0.1904822 0.38700002
-0.11040951 0.19085136 0.38775003
-0.1071555 0.19109745 0.38825002
-0.10422678 0.1919588 0.39000002
-0.10100897 0.19232796 0.39075002
-0.097840451 0.19282016 0.39175001
-0.094895445 0.19380456 0.39375001
-0.091334812 0.19355847 0.39325002
-0.087894686 0.19355847 0.39325002
-0.084508248 0.19368152 0.39350003
-0.081323445 0.19429678 0.39475003
-0.078018129 0.19466591 0.3955
-0.07460545 0.19478896 0.39575002
-0.071008623 0.19441982 0.39500001
-0.067766957 0.19503507 0.39625001
-0.064462855 0.19552727 0.39725003
-0.06114126 0.19601947 0.39825001
-0.057910748 0.19688082 0.40000001
-0.054479584 0.19712694 0.40050003
-0.05103967 0.19737303 0.40100002
-0.047620639 0.19774218 0.40175003
-0.04424338 0.19835743 0.40300003
-0.040818993 0.19884963 0.40400001
-0.037307896 0.19897269 0.40425003
-0 0 0
-0 0 0
-0 0 0
-0 0 0
-0 0 0
-0 0 0
-0 0 0
-0 0 0
-0 0 0
-0 0 0
0 0 0
0 0 0
0 0 0
0 0 0
0 0 0
0 0 0
0 0 0
0 0 0
0 0 0
0 0 0
0 0 0
0 0 0
0.045879889 0.20734012 0.42125002
0.04959438 0.20746318 0.42150003
0 0 0
0.057543319 0.20955503 0.42575002
0.061303739 0.20967808 0.42600003
0.065183014 0.21017028 0.42700002
0.069039442 0.21053943 0.42775002
0.072951525 0.21103163 0.42875001
0 0 0
0.080593631 0.21140078 0.42950001
0.084547266 0.21189299 0.43050003
0.088569686 0.21250825 0.43175003
0.092507035 0.21287741 0.43250003
0.096346177 0.21300045 0.43275002
0 0 0
0 0 0
0 0 0
0.11206855 0.2141079 0.43500003
0 0 0
0 0 0
0 0 0
0 0 0
0 0 0
0 0 0
0 0 0
0 0 0
0 0 0
0 0 0
0 0 0
0 0 0
0 0 0
0 0 0
0 0 0
0 0 0
0 0 0
0 0 0
0 0 0
0 0 0
0 0 0
0 0 0
0 0 0
0 0 0
0 0 0
0 0 0
0 0 0
0 0 0
0 0 0
0 0 0
0 0 0
0 0 0
0 0 0
0 0 0
0 0 0
0 0 0
0 0 0
0 0 0
0 0 0
0 0 0
0 0 0
0 0 0
0 0 0
0 0 0
0 0 0
0 0 0
0 0 0
0 0 0
0 0 0
-0 0 0
-0 0 0
-0 0 0
-0 0 0
-0 0 0
-0 0 0
-0 0 0
-0 0 0
-0 0 0
-0 0 0
-0 0 0
-0 0 0
-0 0 0
-0 0 0
-0 0 0
-0 0 0
-0 0 0
-0.20347057 0.18334524 0.36600003
-0 0 0
-0.19975926 0.18584995 0.37100002
-0.1962489 0.18559949 0.37050003
-0.19274732 0.185349 0.37
-0.19066302 0.18647613 0.37225002
-0.18778418 0.18685184 0.37300003
-0.18439752 0.1867266 0.37275001
-0.18150118 0.18710232 0.37350002
-0.17906891 0.18797895 0.37525001
-0.17602046 0.18822943 0.37575001
-0.17296329 0.18847992 0.37625003
-0.17023556 0.18910609 0.37750003
-0.16737542 0.18960702 0.37850001
-0.16395596 0.18948179 0.37825003
-0.16064705 0.18948179 0.37825003
-0.1575461 0.18973227 0.37875003
-0.15484364 0.19048367 0.38025001
-0.15171647 0.19073415 0.38075003
-0.14828826 0.19060892 0.38050002
-0.14495966 0.19060892 0.38050002
-0.14209636 0.1912351 0.38175002
-0.13902943 0.1916108 0.38250002
-0.13594939 0.19198652 0.38325003
-0.13268322 0.19211175 0.38350001
-0.1294127 0.19223697 0.38375002
-0.12654839 0.1929884 0.38525003
-0.12341804 0.1933641 0.38600001
-0.12019683 0.19361457 0.38650003
-0.11681575 0.19361457 0.38650003
-0.1135814 0.19386505 0.38700002
-0.11033832 0.19411552 0.38750002
-0.10729349 0.1947417 0.38875002
-0.10422678 0.19536787 0.39000002
-0.10120285 0.19611929 0.39150003
-0 0 0
-0.094714694 0.1968707 0.39300001
-0.091218688 0.19674547 0.39275002
-0.087727048 0.19662023 0.39250001
-0.084347174 0.19674547 0.39275002
-0.081271939 0.19762212 0.39450002
-0.078018129 0.19812305 0.3955
-0.074793965 0.19874924 0.39675003
-0.0714131 0.19899972 0.39725003
-0.067895219 0.19887447 0.39700001
-0.064503416 0.19912495 0.39750001
-0.061102882 0.19937542 0.39800003
-0.057838358 0.20012683 0.39950001
-0 0 0
-0.051103309 0.20112872 0.40150002
-0.04770954 0.20162967 0.40250003
-0.044215932 0.2017549 0.40275002
-0 0 0
-0 0 0
-0 0 0
-0 0 0
-0 0 0
-0 0 0
-0 0 0
-0 0 0
-0 0 0
-0 0 0
-0 0 0
-0 0 0
0 0 0
0 0 0
0 0 0
0 0 0
0 0 0
0 0 0
0 0 0
0 0 0
0 0 0
0 0 0
0 0 0
0 0 0
0 0 0
0 0 0
0 0 0
0.057306793 0.21239994 0.42400002
0 0 0
0 0 0
0 0 0
0 0 0
0 0 0
0 0 0
0 0 0
0 0 0
0 0 0
0 0 0
0 0 0
0 0 0
0 0 0
0 0 0
0 0 0
0 0 0
0 0 0
0 0 0
0 0 0
0 0 0
0 0 0
0 0 0
0 0 0
0 0 0
0 0 0
0 0 0
0 0 0
0 0 0
0 0 0
0 0 0
0 0 0
0 0 0
0 0 0
0 0 0
0 0 0
0 0 0
0 0 0
0 0 0
0 0 0
0 0 0
0 0 0
0 0 0
0 0 0
0 0 0
0 0 0
0 0 0
0 0 0
0 0 0
0 0 0
0 0 0
0 0 0
0 0 0
0 0 0
0 0 0
0 0 0
0 0 0
0 0 0
0 0 0
0 0 0
0 0 0
0 0 0
0 0 0
0 0 0
-0 0 0
-0 0 0
-0 0 0
-0 0 0
-0 0 0
-0 0 0
-0 0 0
-0 0 0
-0 0 0
-0 0 0
-0 0 0
-0 0 0
-0 0 0
-0 0 0
-0 0 0
-0.20987406 0.18654454 0.36600003
-0 0 0
-0 0 0
-0 0 0
-0.19989386 0.18922037 0.37125
-0.1962489 0.18883812 0.37050003
-0.19261709 0.18845585 0.36975002
-0 0 0
-0.18753247 0.1898575 0.37250003
-0.18551059 0.19113171 0.37500003
-0.18247306 0.19138654 0.37550002
-0.17918822 0.19138654 0.37550002
-0.17508358 0.1904946 0.37375003
-0.17261851 0.19138654 0.37550002
-0.17023556 0.19240591 0.37750003
-0.16748597 0.19304302 0.37875003
-0.16449778 0.19342528 0.37950003
-0 0 0
-0.15785809 0.19342528 0.37950003
-0.15464003 0.1935527 0.37975001
-0.15171647 0.1940624 0.38075003
-0.14828826 0.19393496 0.38050002
-0.14495966 0.19393496 0.38050002
-0.14218941 0.1946995 0.38200003
-0.13930203 0.1953366 0.38325003
-0.13639279 0.19597371 0.38450003
-0.13285621 0.19571885 0.384
-0.12991855 0.19635597 0.38525003
-0.1266305 0.19648339 0.38550001
-0.12325817 0.19648339 0.38550001
-0.11996359 0.19661081 0.38575003
-0.11658907 0.19661081 0.38575003
-0.11328791 0.19673823 0.38600001
-0 0 0
-0.1073625 0.19826728 0.38900003
-0.10436041 0.1990318 0.39050001
-0 0 0
-0 0 0
-0.094714694 0.20030601 0.39300001
-0.091102563 0.19992377 0.39225003
-0 0 0
-0 0 0
-0 0 0
-0 0 0
-0 0 0
-0 0 0
-0 0 0
-0.064584561 0.20285445 0.39800003
-0 0 0
-0 0 0
-0.054513589 0.20425607 0.40075001
-0.051007848 0.20425607 0.40075001
-0 0 0
-0 0 0
-0 0 0
-0 0 0
-0 0 0
-0 0 0
-0 0 0
-0 0 0
-0 0 0
-0 0 0
-0 0 0
-0 0 0
-0 0 0
-0 0 0
0 0 0
0 0 0
0 0 0
0 0 0
0 0 0
0 0 0
0 0 0
0 0 0
0 0 0
0 0 0
0 0 0
0 0 0
0 0 0
0 0 0
0 0 0
0 0 0
0 0 0
0 0 0
0 0 0
0 0 0
0 0 0
0 0 0
0 0 0
0 0 0
0 0 0
0 0 0
0 0 0
0 0 0
0 0 0
0 0 0
0 0 0
0 0 0
0 0 0
0 0 0
0 0 0
0 0 0
0 0 0
0 0 0
0 0 0
0 0 0
0 0 0
0 0 0
0 0 0
0 0 0
0 0 0
0 0 0
0 0 0
0 0 0
0 0 0
0 0 0
0 0 0
0 0 0
0 0 0
0 0 0
0 0 0
0 0 0
0 0 0
0 0 0
0 0 0
0 0 0
0 0 0
0 0 0
0 0 0
0 0 0
0 0 0
0 0 0
0 0 0
0 0 0
0 0 0
0 0 0
0 0 0
0 0 0
0 0 0
0 0 0
0 0 0
0 0 0
0 0 0
0 0 0
0 0 0
