# .PCD v0.7 - Point Cloud Data file format
VERSION 0.7
FIELDS x y z
SIZE 4 4 4
TYPE F F F
COUNT 1 1 1
WIDTH 19200
HEIGHT 1
VIEWPOINT 0 0 0 1 0 0 0
POINTS 19200
DATA ascii
-0 -0 0
-0 -0 0
-0 -0 0
-0 -0 0
-0 -0 0
-0 -0 0
-0 -0 0
-0 -0 0
-0 -0 0
-0 -0 0
-0 -0 0
-0 -0 0
-0 -0 0
-0 -0 0
-0 -0 0
-0 -0 0
-0 -0 0
-0 -0 0
-0 -0 0
-0 -0 0
-0 -0 0
-0 -0 0
-0 -0 0
-0 -0 0
-0 -0 0
-0 -0 0
-0 -0 0
-0 -0 0
-0 -0 0
-0 -0 0
-0 -0 0
-0 -0 0
-0 -0 0
-0 -0 0
-0 -0 0
-0 -0 0
-0 -0 0
-0 -0 0
-0 -0 0
-0 -0 0
-0 -0 0
-0 -0 0
-0 -0 0
-0 -0 0
-0 -0 0
-0 -0 0
-0 -0 0
-0 -0 0
-0 -0 0
-0 -0 0
-0 -0 0
-0 -0 0
-0 -0 0
-0 -0 0
-0 -0 0
-0 -0 0
-0 -0 0
-0 -0 0
-0 -0 0
-0 -0 0
-0 -0 0
-0 -0 0
-0 -0 0
-0 -0 0
-0 -0 0
-0 -0 0
-0 -0 0
-0 -0 0
-0 -0 0
-0 -0 0
-0 -0 0
-0 -0 0
-0 -0 0
-0 -0 0
-0 -0 0
-0 -0 0
-0 -0 0
-0 -0 0
-0 -0 0
-0 -0 0
-0 -0 0
0 -0 0
0 -0 0
0 -0 0
0 -0 0
0.013294624 -0.18117319 0.34150001
0.016305888 -0.18143845 0.34200001
0.019255368 -0.18104056 0.34125
0.022191726 -0.18064266 0.34050003
0.025041038 -0.17971425 0.33875
0.027797731 -0.17838794 0.33625001
0.030693522 -0.17812268 0.33575001
0.033305109 -0.17639849 0.33250001
0.0362138 -0.17639849 0.33250001
0.039240159 -0.17692901 0.33350003
0.041904777 -0.17586797 0.33150002
0.044365462 -0.17414378 0.32825002
0.047165025 -0.17387852 0.32775003
0.050222982 -0.17454167 0.32900003
0.052858952 -0.17374589 0.32750002
0.055255994 -0.17228694 0.32475001
0.058007445 -0.17202169 0.32425001
0.060703233 -0.1716238 0.32350001
0.063140407 -0.17056274 0.3215
0.065388739 -0.16910382 0.31875002
0.068284094 -0.16936907 0.31925002
0.070798576 -0.16870593 0.31800002
0.072886273 -0.16711436 0.31500003
0.075521804 -0.16684909 0.3145
0.077650838 -0.16552278 0.31200001
0.079671726 -0.16406387 0.30925003
0.082177237 -0.16366597 0.30850002
0.084325731 -0.16260493 0.30650002
0.086652137 -0.16194178 0.30525002
0.089322455 -0.16194178 0.30525002
0.091616049 -0.16127862 0.30400002
0.093190022 -0.15942179 0.30050001
0.09549991 -0.15889128 0.29950002
0.097792313 -0.15836075 0.2985
0.099899039 -0.15756497 0.29700002
0.10172068 -0.1563713 0.29475001
0.10412221 -0.15610602 0.29425001
0.106515 -0.15584077 0.29375002
0.10797065 -0.15424921 0.29075003
0.10984894 -0.15332079 0.289
0.11179383 -0.15252502 0.28750002
0.11361307 -0.15159659 0.28575
0.11509693 -0.15027028 0.28325
0.11653706 -0.14894399 0.28075001
0.11825133 -0.14801557 0.27900001
0.12004312 -0.14721979 0.2775
0.12247068 -0.14721979 0.2775
0.1246732 -0.14695454 0.27700001
0.12549047 -0.14509772 0.27350003
0.12694788 -0.14403667 0.27150002
0.12956111 -0.14430192 0.27200001
0 -0 0
0 -0 0
0 -0 0
0 -0 0
0 -0 0
0 -0 0
0 -0 0
0 -0 0
0 -0 0
0 -0 0
0 -0 0
0 -0 0
0 -0 0
0 -0 0
0 -0 0
0 -0 0
0 -0 0
0 -0 0
0 -0 0
0 -0 0
0 -0 0
0 -0 0
0 -0 0
0 -0 0
-0 -0 0
-0 -0 0
-0 -0 0
-0 -0 0
-0 -0 0
-0 -0 0
-0 -0 0
-0 -0 0
-0 -0 0
-0 -0 0
-0 -0 0
-0 -0 0
-0 -0 0
-0 -0 0
-0 -0 0
-0 -0 0
-0 -0 0
-0 -0 0
-0 -0 0
-0 -0 0
-0 -0 0
-0 -0 0
-0 -0 0
-0 -0 0
-0 -0 0
-0 -0 0
-0 -0 0
-0 -0 0
-0 -0 0
-0 -0 0
-0 -0 0
-0 -0 0
-0 -0 0
-0 -0 0
-0 -0 0
-0 -0 0
-0 -0 0
-0 -0 0
-0 -0 0
-0 -0 0
-0 -0 0
-0 -0 0
-0 -0 0
-0 -0 0
-0 -0 0
-0 -0 0
-0 -0 0
-0 -0 0
-0 -0 0
-0 -0 0
-0 -0 0
-0 -0 0
-0 -0 0
-0 -0 0
-0 -0 0
-0 -0 0
-0 -0 0
-0 -0 0
-0 -0 0
-0 -0 0
-0 -0 0
-0 -0 0
-0 -0 0
-0 -0 0
-0 -0 0
-0 -0 0
-0 -0 0
-0 -0 0
-0 -0 0
-0 -0 0
-0 -0 0
-0 -0 0
-0 -0 0
-0 -0 0
-0.023463272 -0.21366912 0.40950003
-0.019880986 -0.21366912 0.40950003
-0.016328551 -0.21406046 0.41025001
-0 -0 0
-0 -0 0
-0 -0 0
-0 -0 0
0 -0 0
0 -0 0
0 -0 0
0.010344927 -0.17884026 0.34275001
0.013294624 -0.17818804 0.34150001
0.01628205 -0.17818804 0.34150001
0.019297687 -0.17844893 0.34200001
0.022273192 -0.1783185 0.34175003
0.025207363 -0.17792715 0.34100002
0.028107744 -0.17740537 0.34
0.030922066 -0.17649226 0.33825001
0.033730812 -0.17570959 0.33675003
0.036595002 -0.17531826 0.33600003
0.039416648 -0.17479646 0.33500001
0.042284004 -0.17453559 0.33450001
0.04483851 -0.17310068 0.33175001
0.047524787 -0.17231803 0.33025002
0.050528288 -0.17270936 0.33100003
0.052778255 -0.17062223 0.32700002
0.055426147 -0.16997001 0.32575002
0.058141619 -0.16957867 0.32500002
0.060797054 -0.16905688 0.324
0.063336805 -0.16827422 0.32250002
0.066158019 -0.16827422 0.32250002
0.068658397 -0.16749154 0.32100001
0.071021214 -0.16644798 0.31900001
0.073349036 -0.16540441 0.317
0.075581841 -0.16423042 0.31475002
0.078086384 -0.16370864 0.31375003
0.080315791 -0.16266508 0.31175002
0.08270999 -0.16201286 0.31050003
0.085013546 -0.16123018 0.30900002
0.087077945 -0.16005617 0.30675003
0.089468762 -0.15953439 0.30575001
0.09169139 -0.15875171 0.30425
0.093887784 -0.15796906 0.30275002
0.096137643 -0.15731683 0.30150002
0.098201826 -0.15640371 0.29975
0.10040357 -0.15575148 0.2985
0.10223835 -0.15457748 0.29625002
0.10421067 -0.15366437 0.29450002
0.10642435 -0.15314257 0.29350001
0.10843484 -0.15235992 0.29200003
0.11022905 -0.15131636 0.29000002
0.11218267 -0.15053368 0.28850001
0.11381187 -0.14935967 0.28625003
0.11560486 -0.14844655 0.2845
0.11726347 -0.14740299 0.2825
0.11909901 -0.14662033 0.28100002
0.12080016 -0.14570722 0.27925003
0.12236035 -0.14466365 0.27725002
0.12422312 -0.14401142 0.27600002
0.12549047 -0.14270698 0.27350003
0.12706476 -0.14179385 0.27175
0.12860845 -0.14088073 0.27000001
0.13060659 -0.1404894 0.26925001
0.13283852 -0.14035897 0.26900002
0.13494042 -0.14009807 0.2685
0.13639444 -0.13918495 0.26675001
0.13599761 -0.1364456 0.2615
0.13735977 -0.13553248 0.25975001
0.13963205 -0.13553248 0.25975001
0.14108485 -0.13474981 0.25825
0.14320527 -0.13461937 0.25800002
0 -0 0
0.14643094 -0.13344537 0.25575
0.14634302 -0.13135825 0.25175002
0 -0 0
0.15059792 -0.13122781 0.25150001
0.15143105 -0.13005379 0.24925001
0 -0 0
0 -0 0
0 -0 0
0 -0 0
0 -0 0
0 -0 0
0 -0 0
0 -0 0
0 -0 0
-0 -0 0
-0 -0 0
-0 -0 0
-0 -0 0
-0 -0 0
-0 -0 0
-0 -0 0
-0 -0 0
-0 -0 0
-0 -0 0
-0 -0 0
-0 -0 0
-0 -0 0
-0 -0 0
-0 -0 0
-0 -0 0
-0 -0 0
-0 -0 0
-0 -0 0
-0 -0 0
-0 -0 0
-0 -0 0
-0 -0 0
-0 -0 0
-0 -0 0
-0 -0 0
-0 -0 0
-0 -0 0
-0 -0 0
-0 -0 0
-0 -0 0
-0 -0 0
-0 -0 0
-0 -0 0
-0 -0 0
-0 -0 0
-0 -0 0
-0 -0 0
-0 -0 0
-0 -0 0
-0 -0 0
-0 -0 0
-0 -0 0
-0 -0 0
-0 -0 0
-0 -0 0
-0 -0 0
-0 -0 0
-0 -0 0
-0 -0 0
-0 -0 0
-0 -0 0
-0 -0 0
-0 -0 0
-0 -0 0
-0 -0 0
-0 -0 0
-0 -0 0
-0 -0 0
-0 -0 0
-0 -0 0
-0 -0 0
-0 -0 0
-0 -0 0
-0 -0 0
-0 -0 0
-0 -0 0
-0 -0 0
-0 -0 0
-0 -0 0
-0 -0 0
-0 -0 0
-0.030272575 -0.20765266 0.40475002
-0.026764864 -0.20790918 0.40525001
-0.023348676 -0.20906353 0.40750003
-0.019880986 -0.21008961 0.40950003
-0 -0 0
-0 -0 0
-0 -0 0
-0 -0 0
-0.0017218597 -0.18366808 0.35800001
0 -0 0
0 -0 0
0 -0 0
0.010390201 -0.17661379 0.34425002
0.01335302 -0.17597249 0.34300002
0.016413165 -0.17661379 0.34425002
0.019452859 -0.1768703 0.34475002
0.022387248 -0.176229 0.34350002
0.025336726 -0.17584422 0.34275001
0.028252417 -0.17533119 0.34175003
0.031082045 -0.17443337 0.34
0.033931144 -0.17379206 0.33875
0.036948971 -0.17404859 0.33925003
0.039828464 -0.17366381 0.33850002
0.04250522 -0.17250946 0.33625001
0.045311563 -0.17199643 0.33525002
0.047848571 -0.17058557 0.33250001
0.05083359 -0.17084208 0.333
0.053383507 -0.16968775 0.33075002
0.05580898 -0.16827689 0.32800001
0.058499414 -0.16776386 0.32700002
0.061313082 -0.16763559 0.32675001
0.063925982 -0.16699429 0.32550001
0.066619582 -0.16660951 0.32475001
0.069032699 -0.16558343 0.32275
0.071522146 -0.16481388 0.32125002
0.07386966 -0.1637878 0.31925002
0.076182172 -0.16276172 0.31725001
0.078521922 -0.16186391 0.31550002
0.08070223 -0.16070956 0.31325001
0.082843177 -0.15955523 0.31100002
0.085013546 -0.15852915 0.30900002
0.087432787 -0.15801612 0.30800003
0.089834534 -0.15750307 0.30700001
0.092143439 -0.15686177 0.30575001
0.09427543 -0.15596396 0.30400002
0.096695654 -0.15557918 0.30325001
0.099020869 -0.15506613 0.30225003
0.10099221 -0.15404005 0.30025002
0.10292856 -0.15301397 0.29825002
0.104653 -0.15173139 0.29575002
0.10642435 -0.15057704 0.29350001
0.108342 -0.14967921 0.29175001
0.11060914 -0.14929444 0.29100001
0.11218267 -0.14801185 0.28850001
0.11391126 -0.14698575 0.28650001
0.11580804 -0.14621621 0.28500003
0.11767857 -0.14544664 0.28350002
0.11941689 -0.14454883 0.28175002
0.12101646 -0.14352275 0.27975002
0.12236035 -0.14224015 0.27725002
0.12411059 -0.1414706 0.27575001
0.12594929 -0.14082929 0.27450001
0.12776615 -0.14018799 0.27325001
0.12920386 -0.13916191 0.27125001
0.1309704 -0.13852061 0.27000001
0.13283852 -0.13800758 0.26900002
0.13456351 -0.13736628 0.26775002
0.13549963 -0.13595542 0.26500002
0.13677771 -0.13492934 0.26300001
0.13802078 -0.13390326 0.26100001
0.13976644 -0.13339023 0.26000002
0.14149459 -0.13287717 0.259
0.14320527 -0.13236414 0.25800002
0.14503938 -0.13197936 0.25725001
0.14557213 -0.13044025 0.25425002
0.14663367 -0.12941417 0.25225002
0.14869283 -0.1292859 0.252
0.14984943 -0.12838809 0.25025001
0.15112728 -0.12761854 0.24875002
0.15314925 -0.12749027 0.2485
0.15407304 -0.12646419 0.24650002
0.15559562 -0.12595116 0.24550001
0.15629752 -0.12479682 0.24325001
0.15728571 -0.12389899 0.24150001
0.15906833 -0.12364247 0.24100001
0.15900303 -0.12197509 0.23775001
0.15955842 -0.12082076 0.23550001
0.16179012 -0.12094902 0.23575
-0 -0 0
-0 -0 0
-0 -0 0
-0 -0 0
-0 -0 0
-0 -0 0
-0 -0 0
-0 -0 0
-0 -0 0
-0 -0 0
-0 -0 0
-0 -0 0
-0 -0 0
-0 -0 0
-0 -0 0
-0 -0 0
-0 -0 0
-0 -0 0
-0 -0 0
-0 -0 0
-0 -0 0
-0 -0 0
-0 -0 0
-0 -0 0
-0 -0 0
-0 -0 0
-0 -0 0
-0 -0 0
-0 -0 0
-0 -0 0
-0 -0 0
-0 -0 0
-0 -0 0
-0 -0 0
-0 -0 0
-0 -0 0
-0 -0 0
-0 -0 0
-0 -0 0
-0 -0 0
-0 -0 0
-0 -0 0
-0 -0 0
-0 -0 0
-0 -0 0
-0 -0 0
-0 -0 0
-0 -0 0
-0 -0 0
-0 -0 0
-0 -0 0
-0 -0 0
-0 -0 0
-0 -0 0
-0 -0 0
-0 -0 0
-0 -0 0
-0 -0 0
-0 -0 0
-0 -0 0
-0 -0 0
-0 -0 0
-0 -0 0
-0 -0 0
-0 -0 0
-0 -0 0
-0 -0 0
-0 -0 0
-0 -0 0
-0 -0 0
-0 -0 0
-0 -0 0
-0 -0 0
-0 -0 0
-0 -0 0
-0 -0 0
-0 -0 0
-0 -0 0
-0 -0 0
-0.0049146353 -0.18280804 0.36250001
-0.0017182523 -0.18016048 0.35725001
0.0014059682 -0.18003441 0.35700002
0.0044909273 -0.1785215 0.354
0.0075394753 -0.17738684 0.35175002
0.010420382 -0.17410891 0.34525001
0.013460077 -0.17436105 0.34575
0.01653236 -0.17486535 0.34675002
0.019593924 -0.17511749 0.34725001
0.022566475 -0.17461321 0.34625003
0.025484569 -0.17385675 0.34475002
0.028459091 -0.17360461 0.34425002
0.031379156 -0.17310031 0.34325001
0.034331806 -0.17284815 0.34275001
0.037248481 -0.17246993 0.34200001
0.040063787 -0.17171349 0.34050003
0.042947657 -0.17133527 0.33975002
0.045784611 -0.17083097 0.33875
0.048532125 -0.17007452 0.33725002
0.051177066 -0.16906592 0.33525002
0.053706311 -0.16780518 0.33275002
0.056276891 -0.16679658 0.33075002
0.058991376 -0.16629228 0.32975
0.06159455 -0.16553584 0.32825002
0.064269669 -0.16503154 0.32725
0.066824727 -0.16427509 0.32575002
0.069300063 -0.16339256 0.324
0.071800448 -0.16263613 0.32250002
0.074332431 -0.16200575 0.32125002
0.076602407 -0.16087107 0.31900001
0.078895241 -0.15986247 0.317
0.0812819 -0.15910605 0.31550002
0.083309337 -0.15771921 0.31275001
0.085563794 -0.1568367 0.31100002
0.088071495 -0.15645847 0.31025001
0.090054005 -0.15519772 0.30775002
0.092369467 -0.15456736 0.30650002
0.094663076 -0.15393698 0.30525002
0.097014517 -0.15343268 0.30425
0.099348471 -0.15292838 0.30325001
0.10141265 -0.15204586 0.30150002
0.10310112 -0.15065904 0.29875001
0.10518377 -0.1499026 0.29725
0.106515 -0.14813755 0.29375002
0.10815632 -0.14687681 0.29125002
0.11051413 -0.14662467 0.29075003
0.11218267 -0.14548999 0.28850001
0.11411006 -0.14473353 0.287
0.11611279 -0.14410317 0.28575
0.11767857 -0.14296851 0.28350002
0.11931093 -0.14195991 0.28150001
0.1213409 -0.14145561 0.28050002
0.12280168 -0.14032093 0.27825001
0.12444816 -0.13943842 0.27650002
0.12629342 -0.13880804 0.27525002
0.12811683 -0.13817766 0.27400002
0.12979926 -0.13742122 0.27250001
0.13181928 -0.13704298 0.27175
0.13296197 -0.13578224 0.26925001
0.13418658 -0.13464758 0.26700002
0.1353718 -0.1335129 0.26475
0.13716777 -0.13300861 0.26375002
0.13854961 -0.13212609 0.26200002
0.14003523 -0.13136965 0.26050001
0.14190432 -0.13099141 0.25975001
0.14334401 -0.13023497 0.25825
0.14475748 -0.12947853 0.25675002
0.14600155 -0.12859601 0.25500003
0.14692432 -0.12746133 0.25275001
0.14854534 -0.12695704 0.25175002
0.14999913 -0.12632667 0.25050002
0.15143105 -0.12569629 0.24925001
0.15284111 -0.12506592 0.24800001
0.1542293 -0.12443554 0.24675001
0.15527871 -0.12355302 0.245
0.15613689 -0.12254443 0.24300002
0.15728571 -0.12178798 0.24150001
0.15873832 -0.12128369 0.24050002
0.15967183 -0.12040116 0.23875001
0.16091348 -0.11977079 0.23750001
0.16264798 -0.11951865 0.23700002
-0 -0 0
-0 -0 0
-0 -0 0
-0 -0 0
-0 -0 0
-0 -0 0
-0 -0 0
-0 -0 0
-0 -0 0
-0 -0 0
-0 -0 0
-0 -0 0
-0 -0 0
-0 -0 0
-0 -0 0
-0 -0 0
-0 -0 0
-0 -0 0
-0 -0 0
-0 -0 0
-0 -0 0
-0 -0 0
-0 -0 0
-0 -0 0
-0 -0 0
-0 -0 0
-0 -0 0
-0 -0 0
-0 -0 0
-0 -0 0
-0 -0 0
-0 -0 0
-0 -0 0
-0 -0 0
-0 -0 0
-0 -0 0
-0 -0 0
-0 -0 0
-0 -0 0
-0 -0 0
-0 -0 0
-0 -0 0
-0 -0 0
-0 -0 0
-0 -0 0
-0 -0 0
-0 -0 0
-0 -0 0
-0 -0 0
-0 -0 0
-0 -0 0
-0 -0 0
-0 -0 0
-0 -0 0
-0 -0 0
-0 -0 0
-0 -0 0
-0 -0 0
-0 -0 0
-0 -0 0
-0 -0 0
-0 -0 0
-0 -0 0
-0 -0 0
-0 -0 0
-0 -0 0
-0 -0 0
-0 -0 0
-0 -0 0
-0 -0 0
-0 -0 0
-0 -0 0
-0 -0 0
-0 -0 0
-0 -0 0
-0 -0 0
-0 -0 0
-0 -0 0
-0.0081749894 -0.18162158 0.36650002
-0.0049349717 -0.1803827 0.36400002
-0.0017386936 -0.1791438 0.36150002
0.0014128602 -0.17778102 0.35875002
0.0045131287 -0.17629436 0.35575002
0.0075394753 -0.17431213 0.35175002
0.010616566 -0.17431213 0.35175002
0.013606066 -0.17319712 0.34950003
0.016651554 -0.17307323 0.34925002
0.019706776 -0.17307323 0.34925002
0.022664236 -0.17232989 0.34775001
0.025669374 -0.17208211 0.34725001
0.028727768 -0.17220601 0.34750003
0.031630553 -0.17146267 0.34600002
0.034507096 -0.17071933 0.34450001
0.037439082 -0.17034768 0.34375003
0.040416773 -0.17022379 0.34350002
0.043326885 -0.16985211 0.34275001
0.046156298 -0.16923267 0.34150001
0.048712008 -0.16774599 0.33850002
0.051406045 -0.16687877 0.33675003
0.054029115 -0.16588767 0.33475003
0.056744806 -0.16526821 0.33350003
0.059528071 -0.16489655 0.33275002
0.061969839 -0.16365765 0.33025002
0.064613357 -0.16303821 0.32900003
0.067183726 -0.16229486 0.32750002
0.0696209 -0.16130376 0.32550001
0.072078742 -0.16043654 0.32375002
0.074563809 -0.1596932 0.32225001
0.077022642 -0.15894987 0.32075003
0.079330787 -0.15795875 0.31875002
0.081603937 -0.15696764 0.31675002
0.083842091 -0.15597652 0.31475002
0.086182825 -0.15523317 0.31325001
0.088781178 -0.1549854 0.31275001
0.09027347 -0.1528793 0.30850002
0.092670836 -0.15238373 0.3075
0.094973192 -0.15176429 0.30625001
0.097173952 -0.15102096 0.30475003
0.099512279 -0.15052539 0.30375001
0.10191719 -0.15015373 0.303
0.10396389 -0.14928649 0.30125001
0.1056261 -0.14792371 0.2985
0.10724021 -0.14656094 0.29575002
0.10871334 -0.14507426 0.29275
0.11051413 -0.14408316 0.29075003
0.11257152 -0.14346372 0.28950003
0.11440826 -0.14259648 0.28775001
0.11621438 -0.14172927 0.28600001
0.11778235 -0.14061427 0.28375003
0.11952285 -0.13974702 0.28200001
0.12155719 -0.13925149 0.28100002
0.12302235 -0.13813646 0.27875
0.1246732 -0.13726924 0.27700001
0.12629342 -0.13640203 0.27525002
0.12811683 -0.13578258 0.27400002
0.13015652 -0.1354109 0.27325001
0.13194056 -0.13479146 0.27200001
0.13296197 -0.13342868 0.26925001
0.13443786 -0.13256146 0.26750001
0.13575529 -0.13157034 0.26550001
0.13716777 -0.13070312 0.26375002
0.13881402 -0.13008368 0.26250002
0.140304 -0.12934034 0.26100001
0.14176776 -0.12859701 0.25950003
0.14320527 -0.12785368 0.25800002
0.14489841 -0.12735811 0.257
0.14614467 -0.12649089 0.25525001
0.14706966 -0.12537588 0.25300002
0.14839782 -0.12463254 0.25150001
0.14999913 -0.124137 0.25050002
0.15173483 -0.12376533 0.24975002
0.15314925 -0.12314588 0.2485
0.1542293 -0.12227865 0.24675001
0.15559562 -0.12165921 0.24550001
0.15677944 -0.12091587 0.24400002
0.15809982 -0.12029643 0.24275002
0.15939835 -0.11967698 0.24150001
0.16067499 -0.11905753 0.24025001
0.16159101 -0.11819031 0.23850001
0.16281955 -0.11757086 0.23725002
-0 -0 0
-0 -0 0
-0 -0 0
-0 -0 0
-0 -0 0
-0 -0 0
-0 -0 0
-0 -0 0
-0 -0 0
-0 -0 0
-0 -0 0
-0 -0 0
-0 -0 0
-0 -0 0
-0 -0 0
-0 -0 0
-0 -0 0
-0 -0 0
-0 -0 0
-0 -0 0
-0 -0 0
-0 -0 0
-0 -0 0
-0 -0 0
-0 -0 0
-0 -0 0
-0 -0 0
-0 -0 0
-0 -0 0
-0 -0 0
-0 -0 0
-0 -0 0
-0 -0 0
-0 -0 0
-0 -0 0
-0 -0 0
-0 -0 0
-0 -0 0
-0 -0 0
-0 -0 0
-0 -0 0
-0 -0 0
-0 -0 0
-0 -0 0
-0 -0 0
-0 -0 0
-0 -0 0
-0 -0 0
-0 -0 0
-0 -0 0
-0 -0 0
-0 -0 0
-0 -0 0
-0 -0 0
-0 -0 0
-0 -0 0
-0 -0 0
-0 -0 0
-0 -0 0
-0 -0 0
-0 -0 0
-0 -0 0
-0 -0 0
-0 -0 0
-0 -0 0
-0 -0 0
-0 -0 0
-0 -0 0
-0 -0 0
-0 -0 0
-0 -0 0
-0 -0 0
-0 -0 0
-0 -0 0
-0 -0 0
-0 -0 0
-0 -0 0
-0 -0 0
-0.0081749894 -0.17841792 0.36650002
-0.0049722553 -0.17853963 0.36675003
-0.0017531224 -0.17744429 0.36450002
0.0014256596 -0.17622726 0.36200002
0.0045670453 -0.17525363 0.36000001
0.0076948735 -0.17476681 0.35900003
0.010782568 -0.17391488 0.35725001
0.013732588 -0.1717242 0.35275
0.016842267 -0.17196763 0.35325003
0.019890161 -0.17160252 0.35250002
0.022794584 -0.17026377 0.34975001
0.025798738 -0.16989864 0.34900001
0.028831106 -0.16977695 0.34875003
0.0318591 -0.16965525 0.34850001
0.034807596 -0.16916843 0.34750003
0.03782028 -0.16904673 0.34725001
0.040769756 -0.16868161 0.34650001
0.043579705 -0.16782969 0.34475002
0.046291456 -0.16673435 0.34250003
0.04907177 -0.16600414 0.34100002
0.051787678 -0.16515221 0.33925003
0.054472964 -0.16430026 0.33750001
0.057340324 -0.16405687 0.33700001
0.059975315 -0.16320494 0.33525002
0.062532775 -0.16223131 0.33325002
0.065153435 -0.16150108 0.33175001
0.067747861 -0.16077086 0.33025002
0.070155621 -0.15967552 0.32800001
0.072746649 -0.159067 0.32675001
0.075142272 -0.15809336 0.32475001
0.077562936 -0.15724145 0.32300001
0.079890765 -0.15626781 0.32100001
0.082183599 -0.15529418 0.31900001
0.084574632 -0.15456396 0.31750003
0.086939417 -0.15383373 0.31600001
0.089277953 -0.15310352 0.3145
0.091224492 -0.15176478 0.31175002
0.09334892 -0.15079114 0.30975002
0.095128253 -0.14933071 0.30675003
0.097492814 -0.14884387 0.30575001
0.099839896 -0.14835706 0.30475003
0.10216946 -0.14787024 0.30375001
0.10422272 -0.14701831 0.30200002
0.10606842 -0.14592297 0.29975
0.10760281 -0.14446254 0.29675001
0.10889903 -0.14275868 0.29325002
0.11060914 -0.14166334 0.29100001
0.11276595 -0.14117654 0.29000002
0.11470646 -0.14044631 0.28850001
0.11641755 -0.13947268 0.28650001
0.11830121 -0.13874246 0.28500003
0.11994669 -0.13776882 0.28300002
0.12177348 -0.1370386 0.28150001
0.12302235 -0.13569985 0.27875
0.12501076 -0.13521305 0.27775002
0.12663755 -0.13436112 0.27600002
0.12799993 -0.13326578 0.27375001
0.12920386 -0.13204874 0.27125001
0.13121293 -0.13168362 0.2705
0.13296197 -0.1310751 0.26925001
0.13431221 -0.13010147 0.26725
0.13549963 -0.12900615 0.26500002
0.13690774 -0.12815422 0.26325002
0.13868181 -0.1276674 0.26225001
0.14016962 -0.12693718 0.26075003
0.14163117 -0.12620695 0.25925002
0.14334401 -0.12572013 0.25825
0.14475748 -0.12498991 0.25675002
0.14614467 -0.12425969 0.25525001
0.14721496 -0.12328605 0.25325
0.14854534 -0.12255584 0.25175002
0.15029852 -0.12219072 0.25100002
0.15203859 -0.12182561 0.25025001
0.15330333 -0.12109539 0.24875002
0.15407304 -0.12000006 0.24650002
0.15543717 -0.11939153 0.24525002
0.15694006 -0.11890472 0.24425001
0.15809982 -0.11817449 0.24275002
0.15923333 -0.11744427 0.24125001
0.16067499 -0.11695745 0.24025001
0.16159101 -0.11610553 0.23850001
0.16281955 -0.11549701 0.23725002
-0 -0 0
-0 -0 0
-0 -0 0
-0 -0 0
-0 -0 0
-0 -0 0
-0 -0 0
-0 -0 0
-0 -0 0
-0 -0 0
-0 -0 0
-0 -0 0
-0 -0 0
-0 -0 0
-0 -0 0
-0 -0 0
-0 -0 0
-0 -0 0
-0 -0 0
-0 -0 0
-0 -0 0
-0 -0 0
-0 -0 0
-0 -0 0
-0 -0 0
-0 -0 0
-0 -0 0
-0 -0 0
-0 -0 0
-0 -0 0
-0 -0 0
-0 -0 0
-0 -0 0
-0 -0 0
-0 -0 0
-0 -0 0
-0 -0 0
-0 -0 0
-0 -0 0
-0 -0 0
-0 -0 0
-0 -0 0
-0 -0 0
-0 -0 0
-0 -0 0
-0 -0 0
-0 -0 0
-0 -0 0
-0 -0 0
-0 -0 0
-0 -0 0
-0 -0 0
-0 -0 0
-0 -0 0
-0 -0 0
-0 -0 0
-0 -0 0
-0 -0 0
-0 -0 0
-0 -0 0
-0 -0 0
-0 -0 0
-0 -0 0
-0 -0 0
-0 -0 0
-0 -0 0
-0 -0 0
-0 -0 0
-0 -0 0
-0 -0 0
-0 -0 0
-0 -0 0
-0 -0 0
-0 -0 0
-0 -0 0
-0 -0 0
-0 -0 0
-0 -0 0
-0.0082530584 -0.17688753 0.37
-0.0049959812 -0.17617042 0.36850002
-0.0017639443 -0.1753338 0.36675003
0.001424675 -0.17294341 0.36175001
0.0045765596 -0.17246534 0.36075002
0.0077055902 -0.17186774 0.35950002
0.010820296 -0.17138967 0.3585
0.013800716 -0.16947737 0.35450003
0.016937623 -0.16983594 0.35525003
0.020031225 -0.16971642 0.35500002
0.023006398 -0.16876025 0.35300002
0.026057465 -0.16852123 0.35250002
0.029037781 -0.16792363 0.35125002
0.032087643 -0.16780411 0.35100001
0.03505801 -0.16732605 0.35000002
0.038065337 -0.167087 0.34950003
0.040946249 -0.16636989 0.34800002
0.043864124 -0.16589181 0.347
0.046663135 -0.16505519 0.34525001
0.049287628 -0.16374049 0.34250003
0.052283805 -0.16374049 0.34250003
0.054795768 -0.16230625 0.33950001
0.057680625 -0.16206722 0.33900002
0.060198937 -0.16087204 0.33650002
0.062814243 -0.1600354 0.33475003
0.065398932 -0.15919876 0.333
0.068004288 -0.15848167 0.33150002
0.070529923 -0.15764503 0.32975
0.073136263 -0.15704744 0.3285
0.075373664 -0.15573274 0.32575002
0.077622972 -0.15453756 0.32325003
0.080201864 -0.15405947 0.32225001
0.082698859 -0.15346187 0.32100001
0.085173972 -0.15286429 0.31975001
0.087352112 -0.15178862 0.31750003
0.089561835 -0.15083247 0.31550002
0.091663413 -0.1497568 0.31325001
0.093951657 -0.1490397 0.31175002
0.095826015 -0.14772499 0.30900002
0.098050825 -0.14700787 0.3075
0.10033131 -0.14641029 0.30625001
0.10258991 -0.14581269 0.30500001
0.104309 -0.14449799 0.30225003
0.10589149 -0.14306375 0.29925001
0.10733085 -0.14151001 0.296
0.10889903 -0.14019533 0.29325002
0.11070417 -0.13923918 0.29125002
0.11257152 -0.13840255 0.28950003
0.11460706 -0.13780494 0.28825
0.11662072 -0.13720734 0.287
0.1187163 -0.13672927 0.28600001
0.12037053 -0.13577312 0.28400001
0.12177348 -0.13457794 0.28150001
0.12291202 -0.13314372 0.27850002
0.12501076 -0.13278517 0.27775002
0.12698166 -0.13230708 0.27675
0.12788305 -0.13075335 0.27350003
0.12991835 -0.1303948 0.27275002
0.13157675 -0.12967768 0.27125001
0.13259161 -0.12836297 0.2685
0.13393529 -0.12740684 0.26650003
0.1353718 -0.12657019 0.26475
0.13677771 -0.12573357 0.26300001
0.13854961 -0.1252555 0.26200002
0.14043839 -0.12489694 0.26125002
0.14217748 -0.12441885 0.26025
0.14362156 -0.12370175 0.25875002
0.14475748 -0.1227456 0.25675002
0.14600155 -0.12190898 0.25500003
0.14750564 -0.12131138 0.25375003
0.14884035 -0.12059427 0.25225002
0.15059792 -0.12023571 0.25150001
0.15203859 -0.11963812 0.25025001
0.15314925 -0.11880148 0.2485
0.15407304 -0.11784534 0.24650002
0.15543717 -0.11724775 0.24525002
0.15677944 -0.11665016 0.24400002
0.15809982 -0.11605256 0.24275002
0.15890333 -0.11509641 0.24075001
0.16067499 -0.11485737 0.24025001
0.16192977 -0.11425978 0.23900001
0.16316268 -0.11366218 0.23775001
-0 -0 0
-0 -0 0
-0 -0 0
-0 -0 0
-0 -0 0
-0 -0 0
-0 -0 0
-0 -0 0
-0 -0 0
-0 -0 0
-0 -0 0
-0 -0 0
-0 -0 0
-0 -0 0
-0 -0 0
-0 -0 0
-0 -0 0
-0 -0 0
-0 -0 0
-0 -0 0
-0 -0 0
-0 -0 0
-0 -0 0
-0 -0 0
-0 -0 0
-0 -0 0
-0 -0 0
-0 -0 0
-0 -0 0
-0 -0 0
-0 -0 0
-0 -0 0
-0 -0 0
-0 -0 0
-0 -0 0
-0 -0 0
-0 -0 0
-0 -0 0
-0 -0 0
-0 -0 0
-0 -0 0
-0 -0 0
-0 -0 0
-0 -0 0
-0 -0 0
-0 -0 0
-0 -0 0
-0 -0 0
-0 -0 0
-0 -0 0
-0 -0 0
-0 -0 0
-0 -0 0
-0 -0 0
-0 -0 0
-0 -0 0
-0 -0 0
-0 -0 0
-0 -0 0
-0 -0 0
-0 -0 0
-0 -0 0
-0 -0 0
-0 -0 0
-0 -0 0
-0 -0 0
-0 -0 0
-0 -0 0
-0 -0 0
-0 -0 0
-0 -0 0
-0 -0 0
-0 -0 0
-0 -0 0
-0 -0 0
-0 -0 0
-0 -0 0
-0 -0 0
-0.0082865171 -0.17435727 0.37150002
-0.0050264853 -0.17400527 0.37075001
-0.0017687539 -0.17259727 0.36775002
0.0014305825 -0.17048527 0.36325002
0.0045924177 -0.1698986 0.36200002
0.007748459 -0.16966394 0.36150002
0.010895751 -0.16942927 0.36100003
0.013907772 -0.16766927 0.35725001
0.017009139 -0.1674346 0.35675001
0.020115865 -0.16731729 0.35650003
0.023169333 -0.16684794 0.35550001
0.026297711 -0.16696528 0.35575002
0.029285789 -0.16626127 0.35425001
0.032224771 -0.16543995 0.35250002
0.035233296 -0.16508794 0.35175002
0.038283158 -0.16497061 0.3515
0.041240405 -0.16450128 0.35050002
0.044148546 -0.16391461 0.34925002
0.046967242 -0.16309328 0.34750003
0.049827274 -0.16250661 0.34625003
0.052627273 -0.1618026 0.34475002
0.055401023 -0.1610986 0.34325001
0.05789331 -0.1596906 0.34025002
0.060422558 -0.15851727 0.33775002
0.063377179 -0.15851727 0.33775002
0.065988116 -0.15769595 0.33600003
0.068517141 -0.15675728 0.33400002
0.071118124 -0.15605327 0.33250001
0.07397116 -0.15593594 0.33225003
0.07595212 -0.15405862 0.32825002
0.07822331 -0.15288529 0.32575002
0.08076185 -0.15229861 0.32450002
0.083020896 -0.15124261 0.32225001
0.085373759 -0.15042128 0.32050002
0.087696016 -0.14959995 0.31875002
0.09005861 -0.14889595 0.31725001
0.092541285 -0.14842662 0.31625003
0.094855763 -0.14772262 0.31475002
0.096833892 -0.14654928 0.31225002
0.099007428 -0.14572795 0.31050003
0.10074082 -0.14431994 0.3075
0.10309446 -0.14385061 0.30650002
0.10448156 -0.14209062 0.30275002
0.10606842 -0.14068261 0.29975
0.10751216 -0.1391573 0.29650003
0.10927038 -0.13810128 0.29425001
0.11117929 -0.13727996 0.29250002
0.11237709 -0.13563728 0.289
0.11460706 -0.13528527 0.28825
0.1168239 -0.13493329 0.28750002
0.1187163 -0.13422929 0.28600001
0.12058245 -0.13352528 0.2845
0.12188163 -0.13223462 0.28175002
0.12302235 -0.13082661 0.27875
0.12501076 -0.13035728 0.27775002
0.12675226 -0.12965329 0.27625
0.12799993 -0.12847996 0.27375001
0.13003743 -0.12812795 0.273
0.13157675 -0.12730663 0.27125001
0.13283852 -0.12625062 0.26900002
0.13431221 -0.12542929 0.26725
0.13613878 -0.12495995 0.26625001
0.13690774 -0.12355196 0.26325002
0.13868181 -0.12308262 0.26225001
0.14057277 -0.12273062 0.2615
0.14231406 -0.12226129 0.26050001
0.14376032 -0.12155729 0.259
0.14518033 -0.1208533 0.25750002
0.14628781 -0.11991463 0.25550002
0.14779629 -0.11932796 0.25425002
0.14943039 -0.11885862 0.25325
0.15089732 -0.11827195 0.252
0.1518867 -0.11733329 0.25
0.15314925 -0.11662929 0.2485
0.15454182 -0.11604262 0.24725001
0.15607096 -0.11557329 0.24625002
0.15726133 -0.11486929 0.24475001
0.1587511 -0.11439995 0.24375001
0.15989338 -0.11369596 0.24225001
0.16100939 -0.11299196 0.24075001
0.16192977 -0.11217062 0.23900001
0.16350582 -0.11181863 0.23825002
-0 -0 0
-0 -0 0
-0 -0 0
-0 -0 0
-0 -0 0
-0 -0 0
-0 -0 0
-0 -0 0
-0 -0 0
-0 -0 0
-0 -0 0
-0 -0 0
-0 -0 0
-0 -0 0
-0 -0 0
-0 -0 0
-0 -0 0
-0 -0 0
-0 -0 0
-0 -0 0
-0 -0 0
-0 -0 0
-0 -0 0
-0 -0 0
-0 -0 0
-0 -0 0
-0 -0 0
-0 -0 0
-0 -0 0
-0 -0 0
-0 -0 0
-0 -0 0
-0 -0 0
-0 -0 0
-0 -0 0
-0 -0 0
-0 -0 0
-0 -0 0
-0 -0 0
-0 -0 0
-0 -0 0
-0 -0 0
-0 -0 0
-0 -0 0
-0 -0 0
-0 -0 0
-0 -0 0
-0 -0 0
-0 -0 0
-0 -0 0
-0 -0 0
-0 -0 0
-0 -0 0
-0 -0 0
-0 -0 0
-0 -0 0
-0 -0 0
-0 -0 0
-0 -0 0
-0 -0 0
-0 -0 0
-0 -0 0
-0 -0 0
-0 -0 0
-0 -0 0
-0 -0 0
-0 -0 0
-0 -0 0
-0 -0 0
-0 -0 0
-0 -0 0
-0 -0 0
-0 -0 0
-0 -0 0
-0 -0 0
-0 -0 0
-0 -0 0
-0 -0 0
-0.0084091974 -0.17364316 0.377
-0.0050705476 -0.17226139 0.37400001
-0.0017891949 -0.1713402 0.37200001
0.0014581505 -0.17053416 0.37025002
0.0046843928 -0.17007358 0.36925003
0.007839554 -0.1684615 0.36575001
0.010963661 -0.16731001 0.36325002
0.014063493 -0.16638884 0.36125001
0.017211773 -0.1662737 0.36100003
0.020355675 -0.16615854 0.36075002
0.023413736 -0.16546765 0.35925001
0.026445555 -0.16477677 0.35775003
0.029492464 -0.16431618 0.35675001
0.032567587 -0.16408588 0.35625002
0.035533793 -0.16339499 0.35475001
0.038500987 -0.16281925 0.35350001
0.041475728 -0.16235866 0.35250002
0.044306558 -0.16143747 0.35050002
0.047271345 -0.16109203 0.34975001
0.050079107 -0.16028599 0.34800002
0.052856252 -0.15947996 0.34625003
0.055683479 -0.15890422 0.34500003
0.058446296 -0.15821333 0.34350002
0.06095925 -0.1569467 0.34075001
0.06384629 -0.15671641 0.34025002
0.066380903 -0.15568008 0.33800003
0.068927422 -0.1547589 0.33600003
0.071599372 -0.15418315 0.33475003
0.074193791 -0.15349226 0.33325002
0.076357044 -0.15199533 0.33000001
0.078823641 -0.1511893 0.32825002
0.081384055 -0.15061356 0.32700002
0.083536148 -0.14934693 0.32425001
0.085839912 -0.14842574 0.32225001
0.088108696 -0.14750457 0.32025
0.090484418 -0.14681368 0.31875002
0.092980206 -0.14635308 0.31775001
0.095081791 -0.14531676 0.31550002
0.097144008 -0.14428042 0.31325001
0.099406004 -0.14358954 0.31175002
0.10155986 -0.14278349 0.31
0.103599 -0.14186232 0.30800003
0.10474039 -0.13978966 0.30350003
0.10642228 -0.13852303 0.30075002
0.10832802 -0.13760184 0.29875001
0.1095489 -0.13587463 0.29500002
0.11155939 -0.13518372 0.29350001
0.11334921 -0.13426255 0.2915
0.11540225 -0.13368681 0.29025
0.11692548 -0.13253532 0.28775001
0.11882008 -0.13184445 0.28625003
0.12079437 -0.13126871 0.28500003
0.12242237 -0.13034752 0.28300002
0.12368435 -0.12908089 0.28025001
0.12557337 -0.12850516 0.27900001
0.12686697 -0.12735367 0.27650002
0.12823372 -0.12631734 0.27425
0.12991835 -0.12562646 0.27275002
0.13145548 -0.12482042 0.27100003
0.13320889 -0.12424467 0.26975
0.13494042 -0.12366893 0.2685
0.1366501 -0.12309319 0.26725
0.13729778 -0.12159626 0.264
0.13894621 -0.12102053 0.26275
0.14084157 -0.12067509 0.26200002
0.14217748 -0.11986905 0.26025
0.14376032 -0.11929331 0.259
0.14489841 -0.11837212 0.257
0.14643094 -0.11779638 0.25575
0.14852291 -0.11768124 0.25550002
0.15016796 -0.11722064 0.2545
0.15104702 -0.11618432 0.25225002
0.15203859 -0.11526313 0.25025001
0.1534574 -0.11468739 0.24900001
0.15485434 -0.11411165 0.24775001
0.15638785 -0.11365106 0.24675001
0.15758261 -0.11296017 0.24525002
0.15891393 -0.11238443 0.24400002
0.16022339 -0.11180869 0.24275002
0.16117658 -0.11100265 0.24100001
0.16142163 -0.10973603 0.23825002
0.16350582 -0.10973603 0.23825002
-0 -0 0
-0 -0 0
-0 -0 0
-0 -0 0
-0 -0 0
-0 -0 0
-0 -0 0
-0 -0 0
-0 -0 0
-0 -0 0
-0 -0 0
-0 -0 0
-0 -0 0
-0 -0 0
-0 -0 0
-0 -0 0
-0 -0 0
-0 -0 0
-0 -0 0
-0 -0 0
-0 -0 0
-0 -0 0
-0 -0 0
-0 -0 0
-0 -0 0
-0 -0 0
-0 -0 0
-0 -0 0
-0 -0 0
-0 -0 0
-0 -0 0
-0 -0 0
-0 -0 0
-0 -0 0
-0 -0 0
-0 -0 0
-0 -0 0
-0 -0 0
-0 -0 0
-0 -0 0
-0 -0 0
-0 -0 0
-0 -0 0
-0 -0 0
-0 -0 0
-0 -0 0
-0 -0 0
-0 -0 0
-0 -0 0
-0 -0 0
-0 -0 0
-0 -0 0
-0 -0 0
-0 -0 0
-0 -0 0
-0 -0 0
-0 -0 0
-0 -0 0
-0 -0 0
-0 -0 0
-0 -0 0
-0 -0 0
-0 -0 0
-0 -0 0
-0 -0 0
-0 -0 0
-0 -0 0
-0 -0 0
-0 -0 0
-0 -0 0
-0 -0 0
-0 -0 0
-0 -0 0
-0 -0 0
-0 -0 0
-0 -0 0
-0 -0 0
-0.011940077 -0.1737366 0.38450003
-0.0084705381 -0.1715903 0.37975001
-0.0051112203 -0.17034771 0.377
-0.0018060288 -0.16966994 0.37550002
0.0014739037 -0.16910513 0.37425002
0.0047097653 -0.16774957 0.37125
0.0078984983 -0.16650699 0.36850002
0.011061753 -0.16560328 0.36650002
0.014160818 -0.16436069 0.36375001
0.017319048 -0.16413477 0.36325002
0.020468527 -0.16390884 0.36275002
0.023641845 -0.16390884 0.36275002
0.026722763 -0.16334403 0.36150002
0.029719805 -0.16244033 0.35950002
0.032773275 -0.16198847 0.3585
0.035784207 -0.16142365 0.35725001
0.038827732 -0.16108479 0.35650003
0.041769881 -0.16040701 0.35500002
0.04471739 -0.15984219 0.35375002
0.047541663 -0.15893848 0.35175002
0.050294969 -0.15792182 0.34950003
0.053390536 -0.15803479 0.34975001
0.056288734 -0.15758294 0.34875003
0.058914211 -0.15645331 0.34625003
0.061406489 -0.15509775 0.34325001
0.064174667 -0.15453294 0.34200001
0.066920973 -0.15396813 0.34075001
0.069337703 -0.15272555 0.33800003
0.072027154 -0.15216073 0.33675003
0.074360773 -0.15091814 0.33400002
0.076761968 -0.14990146 0.33175001
0.079123802 -0.1488848 0.32950002
0.081632927 -0.14820702 0.32800001
0.083858185 -0.1470774 0.32550001
0.086106293 -0.14606075 0.32325003
0.088521384 -0.14538297 0.32175002
0.090697326 -0.14436631 0.31950003
0.09319967 -0.14391445 0.31850001
0.0954585 -0.14312372 0.31675002
0.097531646 -0.14210704 0.3145
0.099565431 -0.14109038 0.31225002
0.10172367 -0.14029965 0.31050003
0.10385127 -0.1395089 0.30875
0.10508549 -0.13758855 0.30450001
0.10695307 -0.13657188 0.30225003
0.10850932 -0.13521633 0.29925001
0.10973457 -0.13352188 0.29550001
0.11184447 -0.13295707 0.29425001
0.11393249 -0.13239226 0.29300001
0.11530286 -0.13103671 0.29000002
0.11702707 -0.130133 0.28800002
0.11913139 -0.12968114 0.287
0.12068841 -0.12866449 0.28475001
0.12242237 -0.12787375 0.28300002
0.12412568 -0.127083 0.28125
0.12602344 -0.12651819 0.28
0.12721109 -0.12527561 0.27725002
0.12823372 -0.12392005 0.27425
0.12991835 -0.12324228 0.27275002
0.13157675 -0.1225645 0.27125001
0.13333234 -0.12199969 0.27000001
0.13481478 -0.12120895 0.26825002
0.13639444 -0.12053117 0.26675001
0.13794787 -0.11985341 0.26525003
0.13987166 -0.11951452 0.26450002
0.14124474 -0.11872377 0.26275
0.14231406 -0.11770711 0.26050001
0.14362156 -0.11691637 0.25875002
0.14503938 -0.11623859 0.25725001
0.14686036 -0.1158997 0.25650001
0.14881356 -0.11567378 0.25600001
0.15016796 -0.114996 0.2545
0.15074763 -0.11375342 0.25175002
0.15234236 -0.11330156 0.25075001
0.15391962 -0.11284972 0.24975002
0.15485434 -0.11194602 0.24775001
0.1559125 -0.11115527 0.24600001
0.15758261 -0.11081639 0.24525002
0.15891393 -0.11025158 0.24400002
0.16038841 -0.10979972 0.24300002
0.16167818 -0.10923491 0.24175002
0.16192977 -0.10799231 0.23900001
0.16299112 -0.10731454 0.23750001
-0 -0 0
-0 -0 0
-0 -0 0
-0 -0 0
-0 -0 0
-0 -0 0
-0 -0 0
-0 -0 0
-0 -0 0
-0 -0 0
-0 -0 0
-0 -0 0
-0 -0 0
-0 -0 0
-0 -0 0
-0 -0 0
-0 -0 0
-0 -0 0
-0 -0 0
-0 -0 0
-0 -0 0
-0 -0 0
-0 -0 0
-0 -0 0
-0 -0 0
-0 -0 0
-0 -0 0
-0 -0 0
-0 -0 0
-0 -0 0
-0 -0 0
-0 -0 0
-0 -0 0
-0 -0 0
-0 -0 0
-0 -0 0
-0 -0 0
-0 -0 0
-0 -0 0
-0 -0 0
-0 -0 0
-0 -0 0
-0 -0 0
-0 -0 0
-0 -0 0
-0 -0 0
-0 -0 0
-0 -0 0
-0 -0 0
-0 -0 0
-0 -0 0
-0 -0 0
-0 -0 0
-0 -0 0
-0 -0 0
-0 -0 0
-0 -0 0
-0 -0 0
-0 -0 0
-0 -0 0
-0 -0 0
-0 -0 0
-0 -0 0
-0 -0 0
-0 -0 0
-0 -0 0
-0 -0 0
-0 -0 0
-0 -0 0
-0 -0 0
-0 -0 0
-0 -0 0
-0 -0 0
-0 -0 0
-0 -0 0
-0 -0 0
-0 -0 0
-0.011963367 -0.17070793 0.38525003
-0.008548608 -0.16982171 0.38325003
-0.0051518935 -0.1683816 0.38000003
-0.001818053 -0.16749538 0.37800002
0.0014768575 -0.16616605 0.37500003
0.0047287946 -0.16516906 0.37275001
0.007946725 -0.16428283 0.37075001
0.011152299 -0.16372895 0.36950001
0.014267877 -0.16239962 0.36650002
0.017378645 -0.1615134 0.36450002
0.020510847 -0.1610703 0.36350003
0.023707019 -0.16118106 0.36375001
0.026870606 -0.1610703 0.36350003
0.029967815 -0.16062719 0.36250001
0.033070382 -0.16029485 0.36175001
0.036134791 -0.15985174 0.36075002
0.039208926 -0.1595194 0.36000001
0.042152282 -0.15874398 0.35825002
0.045001809 -0.15774697 0.35600001
0.047947135 -0.15719308 0.35475001
0.050906565 -0.15674998 0.35375002
0.053657681 -0.15575297 0.3515
0.056329083 -0.1546452 0.34900001
0.05916943 -0.15409131 0.34775001
0.061809015 -0.15309432 0.34550002
0.064362317 -0.15198655 0.34300002
0.06716647 -0.15154344 0.34200001
0.069901839 -0.15098955 0.34075001
0.07261534 -0.15043566 0.33950001
0.074861705 -0.14899556 0.33625001
0.0770512 -0.14755546 0.333
0.079544038 -0.14678001 0.33125001
0.081944034 -0.1458938 0.32925001
0.084180221 -0.14478602 0.32675001
0.086772233 -0.14434291 0.32575002
0.089002855 -0.14334591 0.32350001
0.091123126 -0.14223814 0.32100001
0.093419142 -0.1414627 0.31925002
0.095533833 -0.14046569 0.317
0.097609185 -0.13946871 0.31475002
0.099804588 -0.13869327 0.31300002
0.10172367 -0.13758549 0.31050003
0.10343082 -0.13625616 0.3075
0.10517177 -0.13503762 0.30475003
0.10721845 -0.13426216 0.303
0.10896257 -0.13315439 0.30050001
0.11047728 -0.13182507 0.29750001
0.11212955 -0.13071729 0.29500002
0.11412691 -0.13005263 0.29350001
0.11540225 -0.12861252 0.29025
0.11702707 -0.12761553 0.28800002
0.11902762 -0.12706165 0.28675002
0.12047649 -0.12595387 0.28425002
0.12231421 -0.1252892 0.28275001
0.12423602 -0.12473532 0.28150001
0.1256859 -0.12373833 0.27925003
0.12709637 -0.12274132 0.27700001
0.12811683 -0.121412 0.27400002
0.12991835 -0.12085811 0.27275002
0.13181928 -0.12041499 0.27175
0.13357925 -0.11986111 0.2705
0.13494042 -0.11897489 0.2685
0.13626662 -0.11808868 0.26650003
0.13781784 -0.11742401 0.26500002
0.13973944 -0.11709168 0.26425001
0.14151353 -0.11664858 0.26325002
0.14286037 -0.11587312 0.2615
0.14417662 -0.11509769 0.25975001
0.14560318 -0.11443301 0.25825
0.14714664 -0.11387913 0.257
0.14895889 -0.11354681 0.25625002
0.15002047 -0.11266059 0.25425002
0.15089732 -0.11166359 0.252
0.15234236 -0.1111097 0.25075001
0.15391962 -0.1106666 0.24975002
0.15485434 -0.10978037 0.24775001
0.1559125 -0.10900493 0.24600001
0.15774323 -0.10878338 0.24550001
0.15907675 -0.10822949 0.24425001
0.16038841 -0.1076756 0.24300002
0.16184537 -0.1072325 0.24200001
0.16226855 -0.10612472 0.23950002
0.16333425 -0.10546006 0.23800001
-0 -0 0
-0 -0 0
-0 -0 0
-0 -0 0
-0 -0 0
-0 -0 0
-0 -0 0
-0 -0 0
-0 -0 0
-0 -0 0
-0 -0 0
-0 -0 0
-0 -0 0
-0 -0 0
-0 -0 0
-0 -0 0
-0 -0 0
-0 -0 0
-0 -0 0
-0 -0 0
-0 -0 0
-0 -0 0
-0 -0 0
-0 -0 0
-0 -0 0
-0 -0 0
-0 -0 0
-0 -0 0
-0 -0 0
-0 -0 0
-0 -0 0
-0 -0 0
-0 -0 0
-0 -0 0
-0 -0 0
-0 -0 0
-0 -0 0
-0 -0 0
-0 -0 0
-0 -0 0
-0 -0 0
-0 -0 0
-0 -0 0
-0 -0 0
-0 -0 0
-0 -0 0
-0 -0 0
-0 -0 0
-0 -0 0
-0 -0 0
-0 -0 0
-0 -0 0
-0 -0 0
-0 -0 0
-0 -0 0
-0 -0 0
-0 -0 0
-0 -0 0
-0 -0 0
-0 -0 0
-0 -0 0
-0 -0 0
-0 -0 0
-0 -0 0
-0 -0 0
-0 -0 0
-0 -0 0
-0 -0 0
-0 -0 0
-0 -0 0
-0 -0 0
-0 -0 0
-0 -0 0
-0 -0 0
-0 -0 0
-0 -0 0
-0 -0 0
-0.011978894 -0.16755755 0.38575003
-0.0085709132 -0.166906 0.38425002
-0.0051756194 -0.16582008 0.38175002
-0.0018300771 -0.16527712 0.38050002
0.0014926104 -0.16462556 0.37900001
0.0047573387 -0.16288809 0.37500003
0.0079949517 -0.16201936 0.37300003
0.011212664 -0.1613678 0.37150002
0.014404131 -0.16071625 0.37
0.017581275 -0.16017328 0.36875001
0.02082119 -0.16028188 0.36900002
0.023935128 -0.15952174 0.36725003
0.027110852 -0.15930456 0.36675003
0.030277826 -0.15908736 0.36625001
0.033344638 -0.15843582 0.36475003
0.036385205 -0.15778427 0.36325002
0.03950844 -0.15756708 0.36275002
0.042446434 -0.15669835 0.36075002
0.045412641 -0.15604679 0.35925001
0.048183661 -0.15485229 0.35650003
0.051230349 -0.15463509 0.35600001
0.05407748 -0.15387495 0.35425001
0.056571186 -0.15224607 0.35050002
0.059424654 -0.1517031 0.34925002
0.062390428 -0.15148593 0.34875003
0.064878337 -0.15018281 0.34575
0.067411959 -0.14909689 0.34325001
0.070312127 -0.14887971 0.34275001
0.072936177 -0.14811957 0.34100002
0.075251319 -0.14681648 0.33800003
0.077456124 -0.14540477 0.33475003
0.080144368 -0.1449704 0.33375001
0.082690679 -0.14431885 0.33225003
0.084759891 -0.14290716 0.32900003
0.087504767 -0.14268996 0.3285
0.089415543 -0.14116968 0.32500002
0.091832809 -0.14051813 0.32350001
0.093638606 -0.13899784 0.32000002
0.095835209 -0.1381291 0.31800002
0.097764239 -0.13693459 0.31525001
0.099964015 -0.13617444 0.31350002
0.10237888 -0.13574007 0.3125
0.10393536 -0.13421978 0.30900002
0.10499921 -0.13215654 0.30425
0.1068646 -0.13117921 0.30200002
0.10887193 -0.13041908 0.30025002
0.11075579 -0.12955034 0.29825002
0.11260467 -0.1286816 0.29625002
0.11441855 -0.12781285 0.29425001
0.11589924 -0.12661834 0.2915
0.11763659 -0.12574962 0.28950003
0.11923517 -0.12477228 0.28725001
0.12111224 -0.12412072 0.28575
0.12253051 -0.1230348 0.28325
0.12423602 -0.12227466 0.28150001
0.12557337 -0.12118874 0.27900001
0.12732579 -0.12053718 0.2775
0.1287013 -0.11955986 0.27525002
0.13015652 -0.11869112 0.27325001
0.13194056 -0.11814816 0.27200001
0.13370271 -0.1176052 0.27075002
0.13506608 -0.11673646 0.26875001
0.13626662 -0.11575914 0.26650003
0.13781784 -0.11510759 0.26500002
0.13973944 -0.1147818 0.26425001
0.14151353 -0.11434744 0.26325002
0.14313354 -0.11380448 0.26200002
0.14431539 -0.11293574 0.26000002
0.14574413 -0.11228419 0.25850001
0.14743292 -0.11184983 0.25750002
0.14895889 -0.11130687 0.25625002
0.14987294 -0.11032953 0.25400001
0.15089732 -0.10946079 0.252
0.15234236 -0.10891783 0.25075001
0.15376554 -0.10837487 0.24950001
0.15501061 -0.10772333 0.24800001
0.15654629 -0.10728896 0.24700001
0.15790386 -0.106746 0.24575001
0.15907675 -0.10609444 0.24425001
0.16038841 -0.10555148 0.24300002
0.16184537 -0.10511711 0.24200001
0.16277668 -0.10435697 0.24025001
0.16402052 -0.10381401 0.23900001
-0 -0 0
-0 -0 0
-0 -0 0
-0 -0 0
-0 -0 0
-0 -0 0
-0 -0 0
-0 -0 0
-0 -0 0
-0 -0 0
-0 -0 0
-0 -0 0
-0 -0 0
-0 -0 0
-0 -0 0
-0 -0 0
-0 -0 0
-0 -0 0
-0 -0 0
-0 -0 0
-0 -0 0
-0 -0 0
-0 -0 0
-0 -0 0
-0 -0 0
-0 -0 0
-0 -0 0
-0 -0 0
-0 -0 0
-0 -0 0
-0 -0 0
-0 -0 0
-0 -0 0
-0 -0 0
-0 -0 0
-0 -0 0
-0 -0 0
-0 -0 0
-0 -0 0
-0 -0 0
-0 -0 0
-0 -0 0
-0 -0 0
-0 -0 0
-0 -0 0
-0 -0 0
-0 -0 0
-0 -0 0
-0 -0 0
-0 -0 0
-0 -0 0
-0 -0 0
-0 -0 0
-0 -0 0
-0 -0 0
-0 -0 0
-0 -0 0
-0 -0 0
-0 -0 0
-0 -0 0
-0 -0 0
-0 -0 0
-0 -0 0
-0 -0 0
-0 -0 0
-0 -0 0
-0 -0 0
-0 -0 0
-0 -0 0
-0 -0 0
-0 -0 0
-0 -0 0
-0 -0 0
-0 -0 0
-0 -0 0
-0 -0 0
-0.015701678 -0.16790986 0.39450002
-0.012188504 -0.1670586 0.39250001
-0.0086880177 -0.16578172 0.38950002
-0.0052095135 -0.16354717 0.38425002
-0.001838494 -0.16269593 0.38225001
0.0015024561 -0.1623767 0.38150001
0.0048207701 -0.16173826 0.38000003
0.008091406 -0.1606742 0.37750003
0.011340938 -0.15992935 0.37575001
0.014511189 -0.15865247 0.37275001
0.017664714 -0.15769482 0.37050003
0.020919934 -0.15780121 0.37075001
0.024146944 -0.15769482 0.37050003
0.027351096 -0.15748198 0.37
0.030463835 -0.15684356 0.36850002
0.033573184 -0.15631153 0.36725003
0.036710743 -0.1559923 0.36650002
0.039807953 -0.15556666 0.3655
0.042711172 -0.1545026 0.36300001
0.045539051 -0.15333213 0.36025003
0.048521556 -0.1528001 0.35900003
0.051590115 -0.15258728 0.3585
0.054535437 -0.15205525 0.35725001
0.057216793 -0.15088478 0.35450003
0.05985003 -0.14971431 0.35175002
0.062569328 -0.14886305 0.34975001
0.065347448 -0.14822461 0.34825
0.067902945 -0.14716053 0.34575
0.070568547 -0.1464157 0.34400001
0.07336396 -0.14599007 0.34300002
0.075418293 -0.14418115 0.33875
0.077571817 -0.14269146 0.33525002
0.0803845 -0.14247864 0.33475003
0.083063997 -0.14205301 0.33375001
0.085403964 -0.14109536 0.33150002
0.087837741 -0.14035051 0.32975
0.089415543 -0.13832878 0.32500002
0.091903783 -0.13779674 0.32375002
0.094223849 -0.13705191 0.32200003
0.096136577 -0.13577501 0.31900001
0.098306939 -0.13492376 0.317
0.1003626 -0.1339661 0.31475002
0.1027065 -0.13343407 0.31350002
0.10427172 -0.13194437 0.31
0.10568943 -0.13034827 0.30625001
0.10695307 -0.12864578 0.30225003
0.10896257 -0.12790091 0.30050001
0.11066295 -0.12683685 0.29800001
0.1126997 -0.12619841 0.29650003
0.11461297 -0.12545356 0.29475001
0.11570045 -0.12385746 0.29100001
0.11763659 -0.12321903 0.28950003
0.11944271 -0.12247417 0.28775001
0.12164205 -0.12215494 0.287
0.12263866 -0.12066526 0.28350002
0.12434636 -0.11992042 0.28175002
0.1256859 -0.11885635 0.27925003
0.12732579 -0.11811149 0.2775
0.12905198 -0.11747306 0.27600002
0.13051376 -0.11662181 0.27400002
0.13206182 -0.11587696 0.27225003
0.13370271 -0.11523852 0.27075002
0.13531736 -0.11460007 0.26925001
0.13652228 -0.11364242 0.26700002
0.13807788 -0.11300397 0.26550001
0.14013605 -0.11279116 0.26500002
0.1417823 -0.11225913 0.26375002
0.14286037 -0.11130146 0.2615
0.14403786 -0.11045022 0.25950003
0.14574413 -0.11002458 0.25850001
0.14743292 -0.10959896 0.25750002
0.14866823 -0.1088541 0.25575
0.14957792 -0.10789645 0.25350001
0.15074763 -0.10715161 0.25175002
0.15234236 -0.10672597 0.25075001
0.15422776 -0.10651316 0.25025001
0.15563565 -0.10598113 0.24900001
0.1571801 -0.1055555 0.24800001
0.15822515 -0.10481066 0.24625002
0.15907675 -0.1039594 0.24425001
0.16038841 -0.10342737 0.24300002
0.16201256 -0.10310815 0.24225001
0.16294608 -0.1023633 0.24050002
0.16436367 -0.10193767 0.23950002
-0 -0 0
-0 -0 0
-0 -0 0
-0 -0 0
-0 -0 0
-0 -0 0
-0 -0 0
-0 -0 0
-0 -0 0
-0 -0 0
-0 -0 0
-0 -0 0
-0 -0 0
-0 -0 0
-0 -0 0
-0 -0 0
-0 -0 0
-0 -0 0
-0 -0 0
-0 -0 0
-0 -0 0
-0 -0 0
-0 -0 0
-0 -0 0
-0 -0 0
-0 -0 0
-0 -0 0
-0 -0 0
-0 -0 0
-0 -0 0
-0 -0 0
-0 -0 0
-0 -0 0
-0 -0 0
-0 -0 0
-0 -0 0
-0 -0 0
-0 -0 0
-0 -0 0
-0 -0 0
-0 -0 0
-0 -0 0
-0 -0 0
-0 -0 0
-0 -0 0
-0 -0 0
-0 -0 0
-0 -0 0
-0 -0 0
-0 -0 0
-0 -0 0
-0 -0 0
-0 -0 0
-0 -0 0
-0 -0 0
-0 -0 0
-0 -0 0
-0 -0 0
-0 -0 0
-0 -0 0
-0 -0 0
-0 -0 0
-0 -0 0
-0 -0 0
-0 -0 0
-0 -0 0
-0 -0 0
-0 -0 0
-0 -0 0
-0 -0 0
-0 -0 0
-0 -0 0
-0 -0 0
-0 -0 0
-0 -0 0
-0 -0 0
-0.015771329 -0.16519099 0.39625001
-0.012227321 -0.16414878 0.39375001
-0.0087437816 -0.16341923 0.39200002
-0.005267133 -0.16196012 0.38850001
-0.0018553279 -0.16081369 0.38575003
0.0015142711 -0.16029258 0.38450003
0.0048715146 -0.16008413 0.384
0.0081771417 -0.15904193 0.38150001
0.011461666 -0.15831238 0.37975001
0.014676642 -0.15716593 0.377
0.017831586 -0.15591528 0.37400001
0.021089213 -0.15581107 0.37375003
0.024228411 -0.15497729 0.37175003
0.02749894 -0.15508151 0.37200001
0.030649841 -0.1545604 0.37075001
0.033733163 -0.15383086 0.36900002
0.036911074 -0.15362242 0.36850002
0.040080238 -0.15341397 0.36800003
0.043034744 -0.15247597 0.36575001
0.045918282 -0.15143377 0.36325002
0.048927028 -0.15091266 0.36200002
0.051805973 -0.15007888 0.36000001
0.05476442 -0.14955777 0.35875002
0.057660643 -0.14893244 0.35725001
0.060190327 -0.14747335 0.35375002
0.062971845 -0.1467438 0.35200003
0.065628923 -0.14580581 0.34975001
0.068246633 -0.14486781 0.34750003
0.070671119 -0.14361715 0.34450001
0.073470905 -0.14320026 0.34350002
0.07586357 -0.14205383 0.34075001
0.077803202 -0.14017785 0.33625001
0.080624633 -0.13996939 0.33575001
0.083126217 -0.13923985 0.33400002
0.085597187 -0.1385103 0.33225003
0.087438181 -0.13684276 0.32825002
0.089690663 -0.13590476 0.32600001
0.092116684 -0.13527945 0.32450002
0.094516464 -0.1346541 0.32300001
0.096588627 -0.13361189 0.32050002
0.098539531 -0.13246545 0.31775001
0.1009206 -0.13194434 0.31650001
0.10295221 -0.13100636 0.31425002
0.1044399 -0.12944303 0.31050003
0.10603454 -0.12808816 0.30725002
0.10748384 -0.12662905 0.30375001
0.10923453 -0.12558684 0.30125001
0.11112714 -0.12475307 0.29925001
0.1126997 -0.12360664 0.29650003
0.11441855 -0.12266864 0.29425001
0.11599865 -0.12162643 0.29175001
0.117535 -0.12058421 0.28925002
0.11965025 -0.12016732 0.28825
0.12195992 -0.11995888 0.28775001
0.12263866 -0.11818712 0.28350002
0.12445669 -0.11756179 0.28200001
0.12624849 -0.11693647 0.28050002
0.12778462 -0.1161027 0.27850002
0.12928578 -0.11526892 0.27650002
0.13075192 -0.11443514 0.27450001
0.13230436 -0.1137056 0.27275002
0.13394962 -0.11308027 0.27125001
0.13531736 -0.11224649 0.26925001
0.13677792 -0.11151695 0.26750001
0.13833791 -0.11089162 0.266
0.14013605 -0.11047474 0.26500002
0.14164791 -0.1098494 0.26350001
0.14299695 -0.10911985 0.26175001
0.14417662 -0.10828608 0.25975001
0.1458851 -0.1078692 0.25875002
0.14757605 -0.10745231 0.25775
0.14866823 -0.10661853 0.25575
0.14987294 -0.10588899 0.25400001
0.15119672 -0.10526366 0.2525
0.15279803 -0.10484678 0.25150001
0.15469 -0.10463833 0.25100002
0.15579191 -0.10390878 0.24925001
0.15733854 -0.10349189 0.24825001
0.15822515 -0.10265813 0.24625002
0.15923956 -0.10192858 0.24450001
0.16088343 -0.10161591 0.24375001
0.16268134 -0.10140747 0.24325001
0.16379298 -0.10078214 0.24175002
0.16453524 -0.099948369 0.23975001
-0 -0 0
-0 -0 0
-0 -0 0
-0 -0 0
-0 -0 0
-0 -0 0
-0 -0 0
-0 -0 0
-0 -0 0
-0 -0 0
-0 -0 0
-0 -0 0
-0 -0 0
-0 -0 0
-0 -0 0
-0 -0 0
-0 -0 0
-0 -0 0
-0 -0 0
-0 -0 0
-0 -0 0
-0 -0 0
-0 -0 0
-0 -0 0
-0 -0 0
-0 -0 0
-0 -0 0
-0 -0 0
-0 -0 0
-0 -0 0
-0 -0 0
-0 -0 0
-0 -0 0
-0 -0 0
-0 -0 0
-0 -0 0
-0 -0 0
-0 -0 0
-0 -0 0
-0 -0 0
-0 -0 0
-0 -0 0
-0 -0 0
-0 -0 0
-0 -0 0
-0 -0 0
-0 -0 0
-0 -0 0
-0 -0 0
-0 -0 0
-0 -0 0
-0 -0 0
-0 -0 0
-0 -0 0
-0 -0 0
-0 -0 0
-0 -0 0
-0 -0 0
-0 -0 0
-0 -0 0
-0 -0 0
-0 -0 0
-0 -0 0
-0 -0 0
-0 -0 0
-0 -0 0
-0 -0 0
-0 -0 0
-0 -0 0
-0 -0 0
-0 -0 0
-0 -0 0
-0 -0 0
-0 -0 0
-0 -0 0
-0 -0 0
-0.01604994 -0.16458429 0.40325001
-0.012328246 -0.16203338 0.39700001
-0.0087883919 -0.16080895 0.39400002
-0.0052840798 -0.15907434 0.38975
-0.0018829835 -0.15978859 0.39150003
0.0015290397 -0.15846212 0.38825002
0.0049095736 -0.15795195 0.38700002
0.0082521625 -0.15713565 0.38500002
0.011529576 -0.15591122 0.38200003
0.014764235 -0.15478882 0.37925002
0.017915022 -0.15336031 0.37575001
0.021230279 -0.15356439 0.37625003
0.024570573 -0.15387049 0.377
0.027794629 -0.15346235 0.37600002
0.031021856 -0.15315624 0.37525001
0.034121688 -0.15233995 0.37325001
0.037111405 -0.15121756 0.37050003
0.040298063 -0.15101348 0.37
0.043446559 -0.15070738 0.36925003
0.046329111 -0.14958498 0.36650002
0.049197342 -0.14856462 0.36400002
0.051985856 -0.14744222 0.36125001
0.054955237 -0.14693204 0.36000001
0.057943098 -0.14652389 0.35900003
0.060530625 -0.14519742 0.35575002
0.063240185 -0.14427909 0.35350001
0.065910392 -0.14336078 0.35125002
0.068688519 -0.14274855 0.34975001
0.07113269 -0.14152412 0.34675002
0.073577844 -0.14040172 0.34400001
0.076141864 -0.13958544 0.34200001
0.078323819 -0.13815694 0.33850002
0.080924802 -0.13754471 0.33700001
0.083126217 -0.13632028 0.33400002
0.085597187 -0.13560604 0.33225003
0.087771147 -0.13448364 0.32950002
0.089965791 -0.13346328 0.32700002
0.092187651 -0.13254493 0.32475001
0.094589628 -0.13193274 0.32325003
0.096889995 -0.13121846 0.3215
0.098772116 -0.12999403 0.31850001
0.10108004 -0.12938182 0.317
0.10303411 -0.12836146 0.3145
0.1043558 -0.12662685 0.31025001
0.10586199 -0.12519835 0.30675003
0.10792616 -0.12448408 0.30500001
0.10941583 -0.12315761 0.30175
0.11112714 -0.12213726 0.29925001
0.11307979 -0.12142301 0.29750001
0.11471019 -0.12040264 0.29500002
0.11609805 -0.11917821 0.29200003
0.11783976 -0.11836192 0.29000002
0.1198578 -0.11785174 0.28875002
0.12195992 -0.11744359 0.28775001
0.12350383 -0.11652527 0.28550002
0.12500836 -0.11560694 0.28325
0.12647353 -0.11468862 0.28100002
0.12801404 -0.11387233 0.27900001
0.12963647 -0.11315808 0.27725002
0.13110918 -0.11234179 0.27525002
0.1325469 -0.1115255 0.27325001
0.13407308 -0.11081125 0.27150002
0.135443 -0.10999496 0.26950002
0.13690576 -0.10928071 0.26775002
0.13872796 -0.10887256 0.26675001
0.14026827 -0.10826035 0.26525003
0.14164791 -0.10754608 0.26350001
0.14299695 -0.10683183 0.26175001
0.14445414 -0.10621961 0.26025
0.1458851 -0.10560741 0.25875002
0.14757605 -0.10519926 0.25775
0.14866823 -0.10438296 0.25575
0.15016796 -0.10387278 0.2545
0.15164581 -0.1033626 0.25325
0.1531018 -0.10285243 0.252
0.15469 -0.10244428 0.25100002
0.15563565 -0.10162799 0.24900001
0.1571801 -0.10121985 0.24800001
0.15870704 -0.1008117 0.24700001
0.15940239 -0.099893376 0.24475001
0.16071841 -0.099383198 0.24350001
0.16251415 -0.099179126 0.24300002
0.16430113 -0.098975055 0.24250001
0.16504996 -0.098158769 0.24050002
-0 -0 0
-0 -0 0
-0 -0 0
-0 -0 0
-0 -0 0
-0 -0 0
-0 -0 0
-0 -0 0
-0 -0 0
-0 -0 0
-0 -0 0
-0 -0 0
-0 -0 0
-0 -0 0
-0 -0 0
-0 -0 0
-0 -0 0
-0 -0 0
-0 -0 0
-0 -0 0
-0 -0 0
-0 -0 0
-0 -0 0
-0 -0 0
-0 -0 0
-0 -0 0
-0 -0 0
-0 -0 0
-0 -0 0
-0 -0 0
-0 -0 0
-0 -0 0
-0 -0 0
-0 -0 0
-0 -0 0
-0 -0 0
-0 -0 0
-0 -0 0
-0 -0 0
-0 -0 0
-0 -0 0
-0 -0 0
-0 -0 0
-0 -0 0
-0 -0 0
-0 -0 0
-0 -0 0
-0 -0 0
-0 -0 0
-0 -0 0
-0 -0 0
-0 -0 0
-0 -0 0
-0 -0 0
-0 -0 0
-0 -0 0
-0 -0 0
-0 -0 0
-0 -0 0
-0 -0 0
-0 -0 0
-0 -0 0
-0 -0 0
-0 -0 0
-0 -0 0
-0 -0 0
-0 -0 0
-0 -0 0
-0 -0 0
-0 -0 0
-0 -0 0
-0 -0 0
-0 -0 0
-0 -0 0
-0 -0 0
-0 -0 0
-0.016079791 -0.16135894 0.40400001
-0.012436933 -0.15996103 0.40050003
-0.0088664619 -0.15876281 0.39750001
-0.0053518685 -0.15766446 0.39475003
-0.0018974124 -0.15756461 0.39450002
0.0015388854 -0.15606685 0.39075002
0.0049412893 -0.1555676 0.38950002
0.0083378991 -0.1553679 0.38900003
0.011672941 -0.15446924 0.38675001
0.014881025 -0.15267192 0.38225001
0.018081896 -0.15147372 0.37925002
0.021385448 -0.15137385 0.37900001
0.024717215 -0.15147372 0.37925002
0.027997915 -0.15127401 0.37875003
0.031187195 -0.15067491 0.37725002
0.034350231 -0.15007579 0.37575001
0.037411902 -0.14917715 0.37350002
0.040488664 -0.1484782 0.37175003
0.043564223 -0.14787908 0.37025002
0.046581931 -0.14718013 0.36850002
0.049433868 -0.14608176 0.36575001
0.052381597 -0.14538281 0.36400002
0.055222377 -0.14448415 0.36175001
0.058104496 -0.14378519 0.36000001
0.061041072 -0.14328595 0.35875002
0.063687429 -0.14218758 0.35600001
0.066285685 -0.14108923 0.35325003
0.068688519 -0.13969131 0.34975001
0.071440399 -0.13909221 0.34825
0.073898681 -0.13799386 0.34550002
0.076475821 -0.13719504 0.34350002
0.078786589 -0.13599683 0.34050003
0.081345029 -0.13529786 0.33875
0.083561756 -0.13409966 0.33575001
0.085790403 -0.1330013 0.333
0.088237308 -0.13230234 0.33125001
0.090034567 -0.13070473 0.32725
0.092258617 -0.12980609 0.32500002
0.094662778 -0.12920697 0.32350001
0.096965343 -0.12850802 0.32175002
0.098772116 -0.12720996 0.31850001
0.10115976 -0.1267107 0.31725001
0.10336173 -0.12601174 0.31550002
0.1044399 -0.12401474 0.31050003
0.10594826 -0.12261682 0.30700001
0.10810309 -0.12201771 0.3055
0.10977844 -0.12091936 0.30275002
0.11112714 -0.11952144 0.29925001
0.11298476 -0.11872263 0.29725
0.11509903 -0.11822338 0.296
0.11639624 -0.11692531 0.29275
0.1182461 -0.11622637 0.29100001
0.12016913 -0.11562727 0.28950003
0.1222778 -0.11522786 0.28850001
0.12382828 -0.1143292 0.28625003
0.1254497 -0.1135304 0.28425002
0.1268111 -0.11253189 0.28175002
0.12824346 -0.11163323 0.27950001
0.12998715 -0.11103413 0.27800003
0.13158549 -0.11033516 0.27625
0.13303196 -0.10953636 0.27425
0.13431999 -0.10863771 0.27200001
0.13581993 -0.10793875 0.27025002
0.13728924 -0.10723979 0.2685
0.13924804 -0.10694025 0.26775002
0.14079708 -0.10634114 0.26625001
0.1417823 -0.10534263 0.26375002
0.14313354 -0.10464367 0.26200002
0.14459291 -0.10404456 0.26050001
0.14602603 -0.10344546 0.259
0.1477192 -0.10304606 0.25800002
0.14881356 -0.10224725 0.25600001
0.150463 -0.10184785 0.25500003
0.15239431 -0.10164814 0.2545
0.15340556 -0.10084933 0.2525
0.1545359 -0.10015038 0.25075001
0.15594816 -0.099651128 0.24950001
0.15749699 -0.099251725 0.2485
0.15902832 -0.098852322 0.24750002
0.15989086 -0.098053515 0.24550001
0.16038841 -0.09705501 0.24300002
0.16217975 -0.096855305 0.24250001
0.16396236 -0.096655607 0.24200001
0.16573623 -0.096455902 0.24150001
-0 -0 0
-0 -0 0
-0 -0 0
-0 -0 0
-0 -0 0
-0 -0 0
-0 -0 0
-0 -0 0
-0 -0 0
-0 -0 0
-0 -0 0
-0 -0 0
-0 -0 0
-0 -0 0
-0 -0 0
-0 -0 0
-0 -0 0
-0 -0 0
-0 -0 0
-0 -0 0
-0 -0 0
-0 -0 0
-0 -0 0
-0 -0 0
-0 -0 0
-0 -0 0
-0 -0 0
-0 -0 0
-0 -0 0
-0 -0 0
-0 -0 0
-0 -0 0
-0 -0 0
-0 -0 0
-0 -0 0
-0 -0 0
-0 -0 0
-0 -0 0
-0 -0 0
-0 -0 0
-0 -0 0
-0 -0 0
-0 -0 0
-0 -0 0
-0 -0 0
-0 -0 0
-0 -0 0
-0 -0 0
-0 -0 0
-0 -0 0
-0 -0 0
-0 -0 0
-0 -0 0
-0 -0 0
-0 -0 0
-0 -0 0
-0 -0 0
-0 -0 0
-0 -0 0
-0 -0 0
-0 -0 0
-0 -0 0
-0 -0 0
-0 -0 0
-0 -0 0
-0 -0 0
-0 -0 0
-0 -0 0
-0 -0 0
-0 -0 0
-0 -0 0
-0 -0 0
-0 -0 0
-0 -0 0
-0 -0 0
-0.01995381 -0.16056211 0.41100001
-0.016229047 -0.15929246 0.40775001
-0.012491276 -0.15714383 0.40225002
-0.008916649 -0.15616718 0.39975002
-0.0053755944 -0.15489753 0.39650002
-0.0019034245 -0.15460452 0.39575002
0.0015546385 -0.15421386 0.39475003
0.0049983771 -0.15392086 0.39400002
0.0084236348 -0.1535302 0.39300001
0.011793669 -0.15265122 0.39075002
0.015036746 -0.15089323 0.38625002
0.018236849 -0.14942825 0.38250002
0.021512408 -0.14893992 0.38125002
0.024847563 -0.14893992 0.38125002
0.028127277 -0.14864692 0.38050002
0.031352535 -0.14815859 0.37925002
0.034555923 -0.14767027 0.37800002
0.037712399 -0.14708428 0.37650001
0.04089709 -0.14669362 0.37550002
0.043858375 -0.14561929 0.37275001
0.046961159 -0.14513096 0.37150002
0.049974497 -0.14444731 0.36975002
0.053065144 -0.14405665 0.36875001
0.0557185 -0.14259166 0.36500001
0.0584273 -0.14141968 0.36200002
0.061423913 -0.14102902 0.36100003
0.064089954 -0.1399547 0.35825002
0.06666097 -0.13878271 0.35525003
0.069081306 -0.13741539 0.35175002
0.07185068 -0.13682939 0.35025001
0.074272983 -0.13565741 0.34725001
0.076865435 -0.13487609 0.34525001
0.079133667 -0.13360643 0.34200001
0.081585169 -0.13272744 0.33975002
0.083810642 -0.13155547 0.33675003
0.086048037 -0.13048114 0.33400002
0.088303901 -0.12950449 0.33150002
0.090240911 -0.12813717 0.32800001
0.092613459 -0.12745351 0.32625002
0.095028549 -0.12686752 0.32475001
0.097342052 -0.12618385 0.32300001
0.099082239 -0.12481654 0.31950003
0.10139891 -0.12423055 0.31800002
0.10327982 -0.12315622 0.31525001
0.10427172 -0.12110525 0.31
0.10594826 -0.11993326 0.30700001
0.10792616 -0.11915193 0.30500001
0.10995974 -0.11846828 0.30325001
0.11177702 -0.11758929 0.30100003
0.11336487 -0.11651497 0.29825002
0.11529347 -0.11583132 0.29650003
0.11709204 -0.11504999 0.29450002
0.11865245 -0.11407334 0.29200003
0.12058421 -0.11348734 0.29050002
0.12270165 -0.11309668 0.28950003
0.12447715 -0.11241301 0.28775001
0.1257807 -0.1113387 0.28500003
0.12748621 -0.11065503 0.28325
0.12858757 -0.10948305 0.28025001
0.13045472 -0.10899472 0.27900001
0.13170458 -0.10801807 0.27650002
0.13339578 -0.10743207 0.27500001
0.13493727 -0.10674842 0.27325001
0.13607122 -0.10577177 0.27075002
0.13741708 -0.10499044 0.26875001
0.13950807 -0.10479511 0.26825002
0.14119369 -0.10430678 0.26700002
0.14245425 -0.10352545 0.26500002
0.14354326 -0.10264646 0.26275
0.14487045 -0.1019628 0.26100001
0.14630795 -0.10137682 0.25950003
0.14786233 -0.10088848 0.25825
0.14910421 -0.10020483 0.25650001
0.15075803 -0.099814169 0.25550002
0.15269373 -0.099618837 0.25500003
0.15386122 -0.098935172 0.25325
0.15484406 -0.098153844 0.25125
0.15626068 -0.097665519 0.25
0.15765543 -0.0971772 0.24875002
0.15918896 -0.096786536 0.24775001
0.16054215 -0.09629821 0.24650002
0.16121344 -0.095419221 0.24425001
0.16234696 -0.094833225 0.24275002
0.16396236 -0.094540231 0.24200001
0.16539308 -0.094149567 0.24100001
-0 -0 0
-0 -0 0
-0 -0 0
-0 -0 0
-0 -0 0
-0 -0 0
-0 -0 0
-0 -0 0
-0 -0 0
-0 -0 0
-0 -0 0
-0 -0 0
-0 -0 0
-0 -0 0
-0 -0 0
-0 -0 0
-0 -0 0
-0 -0 0
-0 -0 0
-0 -0 0
-0 -0 0
-0 -0 0
-0 -0 0
-0 -0 0
-0 -0 0
-0 -0 0
-0 -0 0
-0 -0 0
-0 -0 0
-0 -0 0
-0 -0 0
-0 -0 0
-0 -0 0
-0 -0 0
-0 -0 0
-0 -0 0
-0 -0 0
-0 -0 0
-0 -0 0
-0 -0 0
-0 -0 0
-0 -0 0
-0 -0 0
-0 -0 0
-0 -0 0
-0 -0 0
-0 -0 0
-0 -0 0
-0 -0 0
-0 -0 0
-0 -0 0
-0 -0 0
-0 -0 0
-0 -0 0
-0 -0 0
-0 -0 0
-0 -0 0
-0 -0 0
-0 -0 0
-0 -0 0
-0 -0 0
-0 -0 0
-0 -0 0
-0 -0 0
-0 -0 0
-0 -0 0
-0 -0 0
-0 -0 0
-0 -0 0
-0 -0 0
-0 -0 0
-0 -0 0
-0 -0 0
-0 -0 0
-0 -0 0
-0.02000236 -0.1573514 0.41200003
-0.016238999 -0.15582371 0.40800002
-0.01254562 -0.15429603 0.40400001
-0.0090170242 -0.15439151 0.40425003
-0.0054298248 -0.1529593 0.40050003
-0.0019226632 -0.15267287 0.39975002
0.0015733454 -0.15257739 0.39950001
0.0050332644 -0.15152711 0.39675003
0.0084611457 -0.15076326 0.39475003
0.011846488 -0.14990394 0.39250001
0.015085408 -0.14799434 0.38750002
0.018403722 -0.14742145 0.38600001
0.021667579 -0.1466576 0.384
0.025010498 -0.14656213 0.38375002
0.028312081 -0.14627568 0.38300002
0.031621214 -0.14608473 0.38250002
0.034898739 -0.1457983 0.38175002
0.038012899 -0.14493898 0.37950003
0.041169375 -0.14436609 0.37800002
0.044181947 -0.14341128 0.37550002
0.047277182 -0.1428384 0.37400001
0.0502786 -0.14207456 0.37200001
0.053316984 -0.14150168 0.37050003
0.055985648 -0.14006948 0.36675003
0.058830805 -0.13921015 0.36450002
0.061806746 -0.13873275 0.36325002
0.064313576 -0.13730055 0.35950002
0.066942438 -0.13625027 0.35675001
0.069424987 -0.13500902 0.35350001
0.072158396 -0.13434066 0.35175002
0.074486874 -0.13300394 0.34825
0.077143729 -0.13233557 0.34650001
0.079191513 -0.13071242 0.34225002
0.081705235 -0.12994857 0.34025002
0.083997294 -0.12889829 0.33750001
0.08617685 -0.12775253 0.33450001
0.088636875 -0.12708417 0.33275002
0.090584822 -0.12574744 0.32925001
0.092826366 -0.12488812 0.32700002
0.095174871 -0.12421977 0.32525003
0.097417399 -0.12345592 0.32325003
0.099547409 -0.12259659 0.32100001
0.10171776 -0.12183275 0.31900001
0.10303411 -0.12011411 0.3145
0.10418763 -0.11829999 0.30975002
0.10603454 -0.11734519 0.30725002
0.10819156 -0.1167723 0.30575001
0.1100504 -0.11591299 0.30350003
0.11214836 -0.1153401 0.30200002
0.11374497 -0.11428981 0.29925001
0.11597394 -0.1139079 0.29825002
0.11778783 -0.11314406 0.29625002
0.11916038 -0.1119983 0.29325002
0.12089553 -0.11123446 0.29125002
0.12291357 -0.11075705 0.29000002
0.12469345 -0.11008868 0.28825
0.1264427 -0.10942032 0.28650001
0.12804882 -0.10865648 0.2845
0.12927583 -0.10760621 0.28175002
0.1311561 -0.10712881 0.28050002
0.13229999 -0.10607852 0.27775002
0.13375959 -0.10531468 0.27575001
0.13543108 -0.10474179 0.27425
0.13644814 -0.10369152 0.27150002
0.13780057 -0.10292768 0.26950002
0.13950807 -0.10245027 0.26825002
0.14119369 -0.10197287 0.26700002
0.14272304 -0.10139999 0.26550001
0.14422613 -0.10082711 0.264
0.14584179 -0.1003497 0.26275
0.14729461 -0.099776827 0.26125002
0.14829175 -0.098917499 0.259
0.14939485 -0.098153658 0.257
0.15105304 -0.097771741 0.25600001
0.15239431 -0.097198859 0.2545
0.15370935 -0.096625984 0.25300002
0.15499814 -0.096053094 0.25150001
0.15641695 -0.095575698 0.25025001
0.15765543 -0.095002815 0.24875002
0.15934958 -0.09471637 0.24800001
0.16086778 -0.094334453 0.24700001
0.16187347 -0.093666092 0.24525002
0.16284853 -0.09299773 0.24350001
0.16430113 -0.092615806 0.24250001
0.16487838 -0.091756485 0.24025001
-0 -0 0
-0 -0 0
-0 -0 0
-0 -0 0
-0 -0 0
-0 -0 0
-0 -0 0
-0 -0 0
-0 -0 0
-0 -0 0
-0 -0 0
-0 -0 0
-0 -0 0
-0 -0 0
-0 -0 0
-0 -0 0
-0 -0 0
-0 -0 0
-0 -0 0
-0 -0 0
-0 -0 0
-0 -0 0
-0 -0 0
-0 -0 0
-0 -0 0
-0 -0 0
-0 -0 0
-0 -0 0
-0 -0 0
-0 -0 0
-0 -0 0
-0 -0 0
-0 -0 0
-0 -0 0
-0 -0 0
-0 -0 0
-0 -0 0
-0 -0 0
-0 -0 0
-0 -0 0
-0 -0 0
-0 -0 0
-0 -0 0
-0 -0 0
-0 -0 0
-0 -0 0
-0 -0 0
-0 -0 0
-0 -0 0
-0 -0 0
-0 -0 0
-0 -0 0
-0 -0 0
-0 -0 0
-0 -0 0
-0 -0 0
-0 -0 0
-0 -0 0
-0 -0 0
-0 -0 0
-0 -0 0
-0 -0 0
-0 -0 0
-0 -0 0
-0 -0 0
-0 -0 0
-0 -0 0
-0 -0 0
-0 -0 0
-0 -0 0
-0 -0 0
-0 -0 0
-0 -0 0
-0 -0 0
-0 -0 0
-0.020220833 -0.15542932 0.41650003
-0.016457906 -0.15430978 0.41350001
-0.012662071 -0.152164 0.40775001
-0.0090783639 -0.15188411 0.40700001
-0.0054806657 -0.15085787 0.40425003
-0.0019467114 -0.15104446 0.40475002
0.0015851603 -0.15020481 0.40250003
0.0050744945 -0.14927185 0.40000001
0.0085147312 -0.14824562 0.39725003
0.011914399 -0.14731267 0.39475003
0.015280059 -0.14647301 0.39250001
0.018534837 -0.14507358 0.38875002
0.021921495 -0.14498028 0.38850001
0.025287487 -0.14479369 0.38800001
0.028663212 -0.14470041 0.38775003
0.031931225 -0.14414063 0.38625002
0.035150141 -0.14348757 0.38450003
0.038313396 -0.14274122 0.38250002
0.041550569 -0.14236802 0.38150001
0.044682007 -0.14171496 0.37975001
0.047624812 -0.14059542 0.37675002
0.050582707 -0.13966247 0.37425002
0.053496864 -0.13872953 0.37175003
0.056367282 -0.13779658 0.36925003
0.059153609 -0.13677034 0.36650002
0.061934359 -0.13583739 0.36400002
0.064537197 -0.13462456 0.36075002
0.067223907 -0.13369161 0.35825002
0.069915973 -0.13285194 0.35600001
0.072260961 -0.13145252 0.35225001
0.074647292 -0.1302397 0.34900001
0.077199392 -0.12940004 0.34675002
0.079422899 -0.1280939 0.34325001
0.08194536 -0.12734754 0.34125
0.084246181 -0.1263213 0.33850002
0.086434476 -0.12520176 0.3355
0.088836655 -0.12445541 0.33350003
0.09099751 -0.12342916 0.33075002
0.093181208 -0.12249622 0.32825002
0.095540643 -0.12184315 0.32650003
0.09756808 -0.12081691 0.32375002
0.099702463 -0.11997725 0.3215
0.10195692 -0.11932418 0.31975001
0.10327982 -0.11764488 0.31525001
0.10494444 -0.11643204 0.31200001
0.10672476 -0.11540581 0.30925003
0.1088108 -0.11475273 0.3075
0.11050365 -0.1137265 0.30475003
0.11242688 -0.11298013 0.30275002
0.11450517 -0.11242037 0.30125001
0.11636279 -0.111674 0.29925001
0.11818542 -0.11092764 0.29725
0.11946513 -0.10971481 0.294
0.12120686 -0.10896846 0.29200003
0.12312549 -0.10840868 0.29050002
0.12480159 -0.10766232 0.28850001
0.12655304 -0.10700926 0.28675002
0.12827387 -0.1063562 0.28500003
0.12961994 -0.10542324 0.2825
0.13138989 -0.10486348 0.28100002
0.13229999 -0.10365064 0.27775002
0.13400212 -0.10309087 0.27625
0.13555455 -0.10243781 0.27450001
0.13707636 -0.10178475 0.27275002
0.13843971 -0.10103839 0.27075002
0.13989812 -0.10038532 0.26900002
0.14132588 -0.09973225 0.26725
0.14299181 -0.099265777 0.266
0.1444993 -0.098706014 0.26450002
0.14611933 -0.098239541 0.26325002
0.14771746 -0.097773068 0.26200002
0.14857803 -0.096840121 0.25950003
0.14983083 -0.096187048 0.25775
0.15149559 -0.09581387 0.25675002
0.15284342 -0.095254101 0.25525001
0.15386122 -0.094507739 0.25325
0.15515222 -0.093947977 0.25175002
0.15657322 -0.093481503 0.25050002
0.15781389 -0.092921726 0.24900001
0.15951021 -0.092641845 0.24825001
0.16103061 -0.092268661 0.24725001
0.16154346 -0.091335714 0.24475001
0.16284853 -0.09086924 0.24350001
0.16447052 -0.090589359 0.24275002
0.16367739 -0.089003347 0.23850001
-0 -0 0
-0 -0 0
-0 -0 0
-0 -0 0
-0 -0 0
-0 -0 0
-0 -0 0
-0 -0 0
-0 -0 0
-0 -0 0
-0 -0 0
-0 -0 0
-0 -0 0
-0 -0 0
-0 -0 0
-0 -0 0
-0 -0 0
-0 -0 0
-0 -0 0
-0 -0 0
-0 -0 0
-0 -0 0
-0 -0 0
-0 -0 0
-0 -0 0
-0 -0 0
-0 -0 0
-0 -0 0
-0 -0 0
-0 -0 0
-0 -0 0
-0 -0 0
-0 -0 0
-0 -0 0
-0 -0 0
-0 -0 0
-0 -0 0
-0 -0 0
-0 -0 0
-0 -0 0
-0 -0 0
-0 -0 0
-0 -0 0
-0 -0 0
-0 -0 0
-0 -0 0
-0 -0 0
-0 -0 0
-0 -0 0
-0 -0 0
-0 -0 0
-0 -0 0
-0 -0 0
-0 -0 0
-0 -0 0
-0 -0 0
-0 -0 0
-0 -0 0
-0 -0 0
-0 -0 0
-0 -0 0
-0 -0 0
-0 -0 0
-0 -0 0
-0 -0 0
-0 -0 0
-0 -0 0
-0 -0 0
-0 -0 0
-0 -0 0
-0 -0 0
-0 -0 0
-0 -0 0
-0 -0 0
-0 -0 0
-0.020378618 -0.15297303 0.41975003
-0.016517607 -0.15124194 0.41500002
-0.012809575 -0.15033084 0.41250002
-0.0091675865 -0.14978418 0.41100001
-0.0055281171 -0.14859976 0.40775001
-0.0019611404 -0.14859976 0.40775001
0.0015930368 -0.14741533 0.40450001
0.0051188963 -0.1470509 0.40350002
0.0085843923 -0.14595759 0.40050003
0.012065309 -0.14568426 0.39975002
0.015387117 -0.14404428 0.39525002
0.018737469 -0.14322428 0.39300001
0.022118988 -0.14285986 0.39200002
0.025466716 -0.1424043 0.39075002
0.028848017 -0.14222209 0.39025003
0.032013893 -0.14112876 0.38725001
0.035310119 -0.14076433 0.38625002
0.03856381 -0.14030878 0.38500002
0.041713942 -0.13957991 0.38300002
0.044770252 -0.13866881 0.38050002
0.047814425 -0.13784882 0.37825003
0.050853021 -0.13711995 0.37625003
0.053820651 -0.13629997 0.37400001
0.056596261 -0.13511553 0.37075001
0.059516758 -0.13438666 0.36875001
0.062232118 -0.13329335 0.36575001
0.065029167 -0.13247336 0.36350003
0.067505367 -0.1311067 0.35975
0.07030876 -0.13046895 0.35800001
0.072568677 -0.12892009 0.35375002
0.074968122 -0.12773566 0.35050002
0.077589005 -0.12700678 0.34850001
0.079827823 -0.12573126 0.34500003
0.082245536 -0.12482016 0.34250003
0.084432848 -0.12363573 0.33925003
0.086692102 -0.12263352 0.33650002
0.088903248 -0.12163132 0.33375001
0.091203853 -0.12081134 0.33150002
0.093465075 -0.11999134 0.32925001
0.0957601 -0.11926246 0.32725
0.097794108 -0.11826026 0.32450002
0.099857531 -0.11734917 0.32200003
0.10195692 -0.11652917 0.31975001
0.10385314 -0.11552697 0.317
0.10544898 -0.11425144 0.31350002
0.10715614 -0.11315813 0.31050003
0.10898774 -0.11224703 0.30800003
0.11077559 -0.11133593 0.3055
0.11270539 -0.11060706 0.30350003
0.11488528 -0.11015151 0.30225003
0.11655721 -0.10924041 0.29975
0.11828482 -0.10842042 0.29750001
0.12007464 -0.10769155 0.29550001
0.12193326 -0.10705378 0.29375002
0.12354932 -0.10623379 0.2915
0.12490974 -0.10523159 0.28875002
0.12655304 -0.10450272 0.28675002
0.12838639 -0.10395605 0.28525001
0.12984937 -0.10313607 0.28300002
0.13162367 -0.10258941 0.28150001
0.13253815 -0.10140499 0.27825001
0.13424465 -0.10085832 0.27675
0.13592492 -0.10031167 0.27525002
0.13757892 -0.09976501 0.27375001
0.13907887 -0.099127248 0.27200001
0.14015816 -0.098216154 0.26950002
0.14145809 -0.097487271 0.26750001
0.1431262 -0.097031727 0.26625001
0.14463587 -0.096485063 0.26475
0.14611933 -0.095938414 0.26325002
0.14757651 -0.09539175 0.26175001
0.14900744 -0.094845094 0.26025
0.15026681 -0.094207324 0.25850001
0.15193813 -0.093842894 0.25750002
0.15314281 -0.093205117 0.25575
0.15446879 -0.092658468 0.25425002
0.1557685 -0.092111804 0.25275001
0.15704198 -0.091565147 0.25125
0.15813078 -0.090927377 0.24950001
0.15951021 -0.090471834 0.24825001
0.16086778 -0.090016283 0.24700001
0.16170846 -0.089287408 0.245
0.16284853 -0.088740751 0.24350001
0.16396236 -0.088194095 0.24200001
0.16333425 -0.086736336 0.23800001
-0 -0 0
-0 -0 0
-0 -0 0
-0 -0 0
-0 -0 0
-0 -0 0
-0 -0 0
-0 -0 0
-0 -0 0
-0 -0 0
-0 -0 0
-0 -0 0
-0 -0 0
-0 -0 0
-0 -0 0
-0 -0 0
-0 -0 0
-0 -0 0
-0 -0 0
-0 -0 0
-0 -0 0
-0 -0 0
-0 -0 0
-0 -0 0
-0 -0 0
-0 -0 0
-0 -0 0
-0 -0 0
-0 -0 0
-0 -0 0
-0 -0 0
-0 -0 0
-0 -0 0
-0 -0 0
-0 -0 0
-0 -0 0
-0 -0 0
-0 -0 0
-0 -0 0
-0 -0 0
-0 -0 0
-0 -0 0
-0 -0 0
-0 -0 0
-0 -0 0
-0 -0 0
-0 -0 0
-0 -0 0
-0 -0 0
-0 -0 0
-0 -0 0
-0 -0 0
-0 -0 0
-0 -0 0
-0 -0 0
-0 -0 0
-0 -0 0
-0 -0 0
-0 -0 0
-0 -0 0
-0 -0 0
-0 -0 0
-0 -0 0
-0 -0 0
-0 -0 0
-0 -0 0
-0 -0 0
-0 -0 0
-0 -0 0
-0 -0 0
-0 -0 0
-0 -0 0
-0 -0 0
-0 -0 0
-0 -0 0
-0.020487854 -0.15010421 0.42200002
-0.016676815 -0.14903712 0.41900003
-0.012871682 -0.14743648 0.41450003
-0.0092623858 -0.14770326 0.41525003
-0.0055857375 -0.14654724 0.41200003
-0.0019719622 -0.14583585 0.41000003
0.0016078055 -0.14521338 0.40825003
0.0051728128 -0.14503552 0.40775001
0.008670128 -0.1438795 0.40450001
0.01214831 -0.14316812 0.40250003
0.01551364 -0.14174533 0.39850003
0.018856663 -0.14067823 0.3955
0.022288265 -0.14050038 0.39500001
0.025645943 -0.13996685 0.39350003
0.02899586 -0.13952222 0.39225003
0.03230324 -0.13898867 0.39075002
0.035515808 -0.13818835 0.38850001
0.038789179 -0.13774373 0.38725001
0.042013455 -0.13721019 0.38575003
0.04491733 -0.1357874 0.38175002
0.048067242 -0.13525385 0.38025001
0.051055755 -0.1343646 0.37775001
0.054072484 -0.13365321 0.37575001
0.056825239 -0.13240828 0.37225002
0.059678163 -0.13151903 0.36975002
0.062359732 -0.13036302 0.36650002
0.065208063 -0.12965162 0.36450002
0.067974485 -0.12885131 0.36225003
0.070259668 -0.12725067 0.35775003
0.072773814 -0.12618357 0.35475001
0.075288959 -0.12520541 0.35200003
0.077811651 -0.12431616 0.34950003
0.080232747 -0.123338 0.34675002
0.082485668 -0.12218198 0.34350002
0.08449506 -0.12075919 0.33950001
0.086949728 -0.12004779 0.33750001
0.089103028 -0.11898071 0.33450001
0.09127263 -0.11800253 0.33175001
0.093607008 -0.11729114 0.32975
0.09568695 -0.11631298 0.32700002
0.098020136 -0.11569051 0.32525003
0.10024518 -0.11497912 0.32325003
0.10187721 -0.11364525 0.31950003
0.10401695 -0.11293386 0.31750003
0.10561716 -0.11168891 0.31400001
0.10750125 -0.11079967 0.31150001
0.10907619 -0.10964365 0.30825001
0.11122886 -0.10911011 0.30675003
0.1129839 -0.10822086 0.30425
0.11488528 -0.10750947 0.30225003
0.11694606 -0.10697593 0.30075002
0.11858302 -0.10608669 0.29825002
0.12027781 -0.10528636 0.296
0.12224458 -0.10475282 0.29450002
0.12386721 -0.1039525 0.29225001
0.12555861 -0.1032411 0.29025
0.12710471 -0.10244079 0.28800002
0.12894899 -0.10190724 0.28650001
0.13007878 -0.10084015 0.28350002
0.13185745 -0.1003066 0.28200001
0.13325265 -0.099506289 0.27975002
0.13472974 -0.098794892 0.27775002
0.13666564 -0.098439187 0.27675
0.13808151 -0.097727805 0.27475002
0.13933453 -0.096927479 0.27250001
0.14067821 -0.096216083 0.2705
0.14198691 -0.095504686 0.2685
0.14339499 -0.09488222 0.26675001
0.14477246 -0.094259754 0.26500002
0.14611933 -0.093637288 0.26325002
0.14757651 -0.093103737 0.26175001
0.14915058 -0.092659116 0.26050001
0.15055746 -0.092125565 0.259
0.15223315 -0.091769874 0.25800002
0.15314281 -0.090969548 0.25575
0.15446879 -0.090436012 0.25425002
0.15592258 -0.089991391 0.25300002
0.15751077 -0.089635685 0.252
0.15876457 -0.089102149 0.25050002
0.15983149 -0.088479675 0.24875002
0.16086778 -0.087857202 0.24700001
0.16203849 -0.087323658 0.24550001
0.16318293 -0.086790115 0.24400002
0.16328484 -0.08572302 0.24100001
0.1641921 -0.085100546 0.23925
-0 -0 0
-0 -0 0
-0 -0 0
-0 -0 0
-0 -0 0
-0 -0 0
-0 -0 0
-0 -0 0
-0 -0 0
-0 -0 0
-0 -0 0
-0 -0 0
-0 -0 0
-0 -0 0
-0 -0 0
-0 -0 0
-0 -0 0
-0 -0 0
-0 -0 0
-0 -0 0
-0 -0 0
-0 -0 0
-0 -0 0
-0 -0 0
-0 -0 0
-0 -0 0
-0 -0 0
-0 -0 0
-0 -0 0
-0 -0 0
-0 -0 0
-0 -0 0
-0 -0 0
-0 -0 0
-0 -0 0
-0 -0 0
-0 -0 0
-0 -0 0
-0 -0 0
-0 -0 0
-0 -0 0
-0 -0 0
-0 -0 0
-0 -0 0
-0 -0 0
-0 -0 0
-0 -0 0
-0 -0 0
-0 -0 0
-0 -0 0
-0 -0 0
-0 -0 0
-0 -0 0
-0 -0 0
-0 -0 0
-0 -0 0
-0 -0 0
-0 -0 0
-0 -0 0
-0 -0 0
-0 -0 0
-0 -0 0
-0 -0 0
-0 -0 0
-0 -0 0
-0 -0 0
-0 -0 0
-0 -0 0
-0 -0 0
-0 -0 0
-0 -0 0
-0 -0 0
-0 -0 0
-0 -0 0
-0.024537595 -0.14858387 0.42825001
-0.020706326 -0.14797671 0.42650002
-0.016875822 -0.14710931 0.42400002
-0.013003659 -0.1452878 0.41875002
-0.0092902677 -0.14450715 0.41650003
-0.0056230207 -0.14389998 0.41475001
-0.0019851888 -0.14320606 0.41275001
0.0016196202 -0.14268564 0.41125003
0.005201357 -0.14225194 0.41000003
0.0087612243 -0.14181824 0.40875003
0.012246401 -0.14077736 0.40575001
0.015698558 -0.13990998 0.40325001
0.019035457 -0.13852216 0.39925003
0.022528077 -0.13852216 0.39925003
0.025955519 -0.1381752 0.39825001
0.029254586 -0.13730781 0.39575002
0.032551248 -0.13661391 0.39375001
0.035858627 -0.13609347 0.39225003
0.03908968 -0.13539957 0.39025003
0.04228574 -0.13470565 0.38825002
0.045240901 -0.13340457 0.38450003
0.048256859 -0.13245043 0.38175002
0.051224705 -0.1314963 0.37900001
0.054216392 -0.13071565 0.37675002
0.057130549 -0.12984826 0.37425002
0.059839562 -0.12863392 0.37075001
0.062614955 -0.1276798 0.36800003
0.065386958 -0.1268124 0.3655
0.068068311 -0.12585828 0.36275002
0.070456058 -0.12447044 0.35875002
0.072927676 -0.12334283 0.35550001
0.075288959 -0.12212849 0.35200003
0.077755988 -0.12117437 0.34925002
0.08034844 -0.12048045 0.34725001
0.082725793 -0.11952632 0.34450001
0.084743947 -0.1181385 0.34050003
0.087078549 -0.11727111 0.33800003
0.089436002 -0.11649045 0.33575001
0.091410197 -0.11527611 0.33225003
0.093748957 -0.1145822 0.33025002
0.095833257 -0.11362807 0.32750002
0.098095469 -0.11293416 0.32550001
0.10047776 -0.11241372 0.324
0.10203663 -0.11102591 0.32000002
0.10409885 -0.11024525 0.31775001
0.10561716 -0.10894416 0.31400001
0.10758753 -0.10816352 0.31175002
0.10925312 -0.10712264 0.30875
0.11141016 -0.10660221 0.30725002
0.11335526 -0.1059083 0.30525002
0.11507532 -0.10504092 0.30275002
0.11714049 -0.10452048 0.30125001
0.11898062 -0.10382656 0.29925001
0.1203794 -0.1027857 0.29625002
0.12224458 -0.10217853 0.29450002
0.12376125 -0.10131114 0.29200003
0.12577492 -0.10087744 0.29075003
0.12743571 -0.10018353 0.28875002
0.12872395 -0.099229403 0.28600001
0.1303082 -0.098535486 0.28400001
0.13220814 -0.098101795 0.28275001
0.13384806 -0.097494625 0.28100002
0.13521481 -0.096713968 0.27875
0.1367891 -0.096106797 0.27700001
0.13783021 -0.095152661 0.27425
0.13946237 -0.094632238 0.27275002
0.14093827 -0.094025068 0.27100003
0.14238352 -0.093417883 0.26925001
0.14393257 -0.09289746 0.26775002
0.14545535 -0.092377022 0.26625001
0.14653561 -0.091596365 0.264
0.14771746 -0.090902463 0.26200002
0.14943686 -0.090555497 0.26100001
0.15084814 -0.090035073 0.25950003
0.15223315 -0.089514636 0.25800002
0.15329252 -0.088820718 0.25600001
0.15462066 -0.08830028 0.2545
0.15607664 -0.087866589 0.25325
0.15782329 -0.08760637 0.2525
0.15908147 -0.08708594 0.25100002
0.16015275 -0.08647877 0.24925001
0.16119343 -0.0858716 0.24750002
0.16220349 -0.085264422 0.24575001
0.16301574 -0.084570512 0.24375001
0.16311546 -0.083529644 0.24075001
0.16453524 -0.083182685 0.23975001
-0 -0 0
-0 -0 0
-0 -0 0
-0 -0 0
-0 -0 0
-0 -0 0
-0 -0 0
-0 -0 0
-0 -0 0
-0 -0 0
-0 -0 0
-0 -0 0
-0 -0 0
-0 -0 0
-0 -0 0
-0 -0 0
-0 -0 0
-0 -0 0
-0 -0 0
-0 -0 0
-0 -0 0
-0 -0 0
-0 -0 0
-0 -0 0
-0 -0 0
-0 -0 0
-0 -0 0
-0 -0 0
-0 -0 0
-0 -0 0
-0 -0 0
-0 -0 0
-0 -0 0
-0 -0 0
-0 -0 0
-0 -0 0
-0 -0 0
-0 -0 0
-0 -0 0
-0 -0 0
-0 -0 0
-0 -0 0
-0 -0 0
-0 -0 0
-0 -0 0
-0 -0 0
-0 -0 0
-0 -0 0
-0 -0 0
-0 -0 0
-0 -0 0
-0 -0 0
-0 -0 0
-0 -0 0
-0 -0 0
-0 -0 0
-0 -0 0
-0 -0 0
-0 -0 0
-0 -0 0
-0 -0 0
-0 -0 0
-0 -0 0
-0 -0 0
-0 -0 0
-0 -0 0
-0 -0 0
-0 -0 0
-0 -0 0
-0 -0 0
-0 -0 0
-0 -0 0
-0 -0 0
-0 -0 0
-0.024623541 -0.14534777 0.42975003
-0.020767013 -0.14467134 0.42775002
-0.016925573 -0.14382581 0.42525002
-0.013104583 -0.14272662 0.42200002
-0.0093683368 -0.14205018 0.42000002
-0.0056636934 -0.1412892 0.41775003
-0.0020092372 -0.1412892 0.41775003
0.0016343888 -0.1403591 0.41500002
0.0052425875 -0.13976723 0.41325003
0.0087933755 -0.13875258 0.41025001
0.012336948 -0.13824527 0.40875003
0.015844544 -0.13765338 0.40700001
0.019238088 -0.13646963 0.40350002
0.022640927 -0.13570864 0.40125
0.026069572 -0.13528588 0.40000001
0.02947635 -0.13486311 0.39875001
0.032737255 -0.13393302 0.39600003
0.03608717 -0.13351026 0.39475003
0.039340094 -0.13283382 0.39275002
0.042530794 -0.13207284 0.39050001
0.045505639 -0.13080454 0.38675001
0.048636086 -0.1301281 0.38475001
0.051765334 -0.12953623 0.38300002
0.054432251 -0.12792972 0.37825003
0.0572832 -0.12691507 0.37525001
0.060162365 -0.12606953 0.37275001
0.062785104 -0.12480123 0.36900002
0.06561058 -0.12404025 0.36675003
0.068209045 -0.12294105 0.36350003
0.070750646 -0.12184186 0.36025003
0.07313282 -0.12057355 0.35650003
0.07550285 -0.11938979 0.35300002
0.078034282 -0.11854426 0.35050002
0.08034844 -0.11744506 0.34725001
0.082845867 -0.11668408 0.34500003
0.085117266 -0.11566943 0.34200001
0.087336175 -0.11465479 0.33900002
0.089436002 -0.11355559 0.33575001
0.091822878 -0.11287916 0.33375001
0.093961857 -0.11194907 0.33100003
0.096199036 -0.11118808 0.32875001
0.098396845 -0.1104271 0.32650003
0.10047776 -0.10958156 0.324
0.10211635 -0.10831326 0.32025
0.10418076 -0.10755228 0.31800002
0.10620578 -0.10679129 0.31575
0.1076738 -0.10552299 0.31200001
0.10934159 -0.10450835 0.30900002
0.11159146 -0.10408558 0.30775002
0.11381944 -0.10366281 0.30650002
0.11564547 -0.10290182 0.30425
0.1173349 -0.10205629 0.30175
0.11908002 -0.10129531 0.29950002
0.1203794 -0.10019611 0.29625002
0.12234835 -0.099688783 0.29475001
0.12407912 -0.099012353 0.29275
0.12599121 -0.098505035 0.29125002
0.12765639 -0.097828604 0.28925002
0.12928656 -0.097152174 0.28725001
0.13053761 -0.09622208 0.2845
0.13244194 -0.095799312 0.28325
0.13408622 -0.095207438 0.28150001
0.13545735 -0.094446465 0.27925003
0.13691257 -0.093770035 0.27725002
0.13820714 -0.09300904 0.27500001
0.13959017 -0.092332609 0.273
0.14119829 -0.091825299 0.27150002
0.14264792 -0.091233417 0.26975
0.14420134 -0.0907261 0.26825002
0.14586508 -0.090303332 0.26700002
0.14709067 -0.089626901 0.26500002
0.14799936 -0.088781364 0.26250002
0.14972313 -0.088443145 0.2615
0.15099344 -0.087851271 0.25975001
0.15252817 -0.087428503 0.25850001
0.15389131 -0.086921178 0.257
0.1553801 -0.08649841 0.25575
0.15653887 -0.085906535 0.25400001
0.15797956 -0.085483767 0.25275001
0.1592399 -0.084976442 0.25125
0.16047403 -0.084469125 0.24975002
0.16070496 -0.083454482 0.24675001
0.16203849 -0.083031714 0.24550001
0.16268134 -0.082270727 0.24325001
0.1636236 -0.081678852 0.24150001
0.16487838 -0.081256084 0.24025001
-0 -0 0
-0 -0 0
-0 -0 0
-0 -0 0
-0 -0 0
-0 -0 0
-0 -0 0
-0 -0 0
-0 -0 0
-0 -0 0
-0 -0 0
-0 -0 0
-0 -0 0
-0 -0 0
-0 -0 0
-0 -0 0
-0 -0 0
-0 -0 0
-0 -0 0
-0 -0 0
-0 -0 0
-0 -0 0
-0 -0 0
-0 -0 0
-0 -0 0
-0 -0 0
-0 -0 0
-0 -0 0
-0 -0 0
-0 -0 0
-0 -0 0
-0 -0 0
-0 -0 0
-0 -0 0
-0 -0 0
-0 -0 0
-0 -0 0
-0 -0 0
-0 -0 0
-0 -0 0
-0 -0 0
-0 -0 0
-0 -0 0
-0 -0 0
-0 -0 0
-0 -0 0
-0 -0 0
-0 -0 0
-0 -0 0
-0 -0 0
-0 -0 0
-0 -0 0
-0 -0 0
-0 -0 0
-0 -0 0
-0 -0 0
-0 -0 0
-0 -0 0
-0 -0 0
-0 -0 0
-0 -0 0
-0 -0 0
-0 -0 0
-0 -0 0
-0 -0 0
-0 -0 0
-0 -0 0
-0 -0 0
-0 -0 0
-0 -0 0
-0 -0 0
-0 -0 0
-0 -0 0
-0 -0 0
-0.024924353 -0.14332096 0.43500003
-0.020949073 -0.14216781 0.43150002
-0.017054928 -0.14117938 0.42850003
-0.013228797 -0.14035571 0.42600003
-0.0094575593 -0.13969676 0.42400002
-0.0057179239 -0.13895544 0.42175001
-0.0020200589 -0.13837886 0.42000002
0.0016462037 -0.13771991 0.41800001
0.0052711312 -0.13689622 0.41550002
0.0088737542 -0.13640203 0.41400003
0.012412404 -0.13549598 0.41125003
0.015912673 -0.13467228 0.40875003
0.019381121 -0.13393097 0.40650001
0.022852525 -0.13343677 0.40500003
0.026216215 -0.1325307 0.40225002
0.029716598 -0.13244833 0.40200001
0.033088602 -0.13187176 0.40025002
0.036361426 -0.13104808 0.39775002
0.039490342 -0.12989491 0.39425001
0.042803079 -0.12948307 0.39300001
0.045917455 -0.12857702 0.39025003
0.048888903 -0.12742387 0.38675001
0.051968072 -0.12668255 0.38450003
0.054720059 -0.12528229 0.38025001
0.05739769 -0.12388203 0.37600002
0.060162365 -0.12281124 0.37275001
0.062870175 -0.12174045 0.36950001
0.065655306 -0.12091677 0.36700001
0.068396688 -0.12009308 0.36450002
0.070897944 -0.11893993 0.36100003
0.073286667 -0.1177044 0.35725001
0.075609788 -0.11646888 0.35350001
0.078201264 -0.11572756 0.35125002
0.080406286 -0.11449204 0.34750003
0.082845867 -0.11366835 0.34500003
0.085055046 -0.11259756 0.34175003
0.087722622 -0.11218572 0.34050003
0.089835569 -0.11111493 0.33725002
0.092029229 -0.11020888 0.33450001
0.094032824 -0.10913809 0.33125001
0.096199036 -0.10831441 0.32875001
0.098547526 -0.10773783 0.32700002
0.10086541 -0.10716125 0.32525003
0.10227579 -0.10567863 0.32075003
0.10401695 -0.10460784 0.31750003
0.10637397 -0.10419599 0.31625003
0.10801891 -0.1031252 0.31300002
0.10969544 -0.10213678 0.31
0.11177276 -0.1015602 0.30825001
0.11381944 -0.10098362 0.30650002
0.11574049 -0.10032468 0.30450001
0.1173349 -0.099418618 0.30175
0.11917941 -0.098759674 0.29975
0.12068417 -0.097853623 0.29700002
0.12276345 -0.097441785 0.29575002
0.12450297 -0.096782833 0.29375002
0.1262075 -0.096123889 0.29175001
0.12754604 -0.095217831 0.289
0.12939909 -0.094723627 0.28750002
0.13088174 -0.093982309 0.28525001
0.13267574 -0.093488105 0.28375003
0.13432437 -0.092911519 0.28200001
0.13569988 -0.092170209 0.27975002
0.13703601 -0.091428891 0.2775
0.13858408 -0.090852313 0.27575001
0.13997367 -0.090193361 0.27375001
0.14132831 -0.089534417 0.27175
0.14278013 -0.088957839 0.27000001
0.14447011 -0.088546 0.26875001
0.14613824 -0.088134155 0.26750001
0.14750698 -0.087557584 0.26575002
0.14842223 -0.0867339 0.26325002
0.15000942 -0.086322054 0.26200002
0.1512841 -0.085745469 0.26025
0.15267569 -0.085251264 0.25875002
0.15419072 -0.084839426 0.25750002
0.15568389 -0.08442758 0.25625002
0.15700109 -0.083933368 0.25475001
0.15813583 -0.08335679 0.25300002
0.15971525 -0.083027318 0.252
0.16047403 -0.082286008 0.24975002
0.16086778 -0.08137995 0.24700001
0.16236851 -0.081050478 0.24600001
0.16284853 -0.080226794 0.24350001
0.16379298 -0.079650216 0.24175002
0.16556466 -0.079485476 0.24125001
-0 -0 0
-0 -0 0
-0 -0 0
-0 -0 0
-0 -0 0
-0 -0 0
-0 -0 0
-0 -0 0
-0 -0 0
-0 -0 0
-0 -0 0
-0 -0 0
-0 -0 0
-0 -0 0
-0 -0 0
-0 -0 0
-0 -0 0
-0 -0 0
-0 -0 0
-0 -0 0
-0 -0 0
-0 -0 0
-0 -0 0
-0 -0 0
-0 -0 0
-0 -0 0
-0 -0 0
-0 -0 0
-0 -0 0
-0 -0 0
-0 -0 0
-0 -0 0
-0 -0 0
-0 -0 0
-0 -0 0
-0 -0 0
-0 -0 0
-0 -0 0
-0 -0 0
-0 -0 0
-0 -0 0
-0 -0 0
-0 -0 0
-0 -0 0
-0 -0 0
-0 -0 0
-0 -0 0
-0 -0 0
-0 -0 0
-0 -0 0
-0 -0 0
-0 -0 0
-0 -0 0
-0 -0 0
-0 -0 0
-0 -0 0
-0 -0 0
-0 -0 0
-0 -0 0
-0 -0 0
-0 -0 0
-0 -0 0
-0 -0 0
-0 -0 0
-0 -0 0
-0 -0 0
-0 -0 0
-0 -0 0
-0 -0 0
-0 -0 0
-0 -0 0
-0 -0 0
-0 -0 0
-0 -0 0
-0.025339758 -0.14184384 0.44225001
-0.021252505 -0.14040054 0.43775001
-0.017234035 -0.13887706 0.43300003
-0.013376301 -0.13815542 0.43075001
-0.0095467819 -0.1372734 0.42800003
-0.0057789329 -0.13671212 0.42625001
-0.0020380949 -0.13591029 0.42375001
0.0016619568 -0.13534901 0.42200002
0.0053091897 -0.13422644 0.41850001
0.008916622 -0.13342461 0.41600001
0.012480313 -0.13262278 0.41350001
0.015980801 -0.1316606 0.41050002
0.019500317 -0.13117948 0.40900001
0.022965375 -0.13053802 0.40700001
0.026346564 -0.12965602 0.40425003
0.029827481 -0.12941547 0.40350002
0.033315945 -0.1292551 0.40300003
0.036567114 -0.1282929 0.40000001
0.039640591 -0.12692979 0.39575002
0.042884763 -0.12628832 0.39375001
0.046035115 -0.12548649 0.39125001
0.049141724 -0.12468466 0.38875002
0.05206944 -0.12356211 0.38525003
0.055007871 -0.1225999 0.38225001
0.057550341 -0.12091605 0.377
0.060323771 -0.11987368 0.37375003
0.062997788 -0.11875112 0.37025002
0.065834202 -0.11802948 0.36800003
0.068490513 -0.11706727 0.36500001
0.071143433 -0.11618526 0.36225003
0.073645674 -0.11514288 0.35900003
0.075930625 -0.11385995 0.35500002
0.078201264 -0.1126572 0.35125002
0.080695517 -0.11185537 0.34875003
0.082965933 -0.11081299 0.34550002
0.085117266 -0.10969043 0.34200001
0.087787025 -0.10928951 0.34075001
0.090235129 -0.10864805 0.33875
0.092304349 -0.10760567 0.3355
0.094103798 -0.10632274 0.33150002
0.096345343 -0.10560109 0.32925001
0.098698206 -0.10503981 0.32750002
0.10094293 -0.10439835 0.32550001
0.1023555 -0.10295505 0.32100001
0.10426266 -0.10207304 0.31825
0.10645806 -0.10151175 0.31650001
0.1084503 -0.10079011 0.31425002
0.10996084 -0.099667542 0.31075001
0.11177276 -0.098865718 0.30825001
0.1137266 -0.098224252 0.30625001
0.11555045 -0.097502604 0.30400002
0.11762654 -0.097021505 0.30250001
0.11947761 -0.09638004 0.30050001
0.12078574 -0.095337659 0.29725
0.12276345 -0.094856568 0.29575002
0.12482085 -0.094455652 0.29450002
0.12642379 -0.093733996 0.29225001
0.12787704 -0.092932172 0.28975001
0.12962413 -0.09237089 0.28800002
0.13111115 -0.091649234 0.28575
0.13279262 -0.09108796 0.28400001
0.13444346 -0.090526678 0.28225002
0.13545735 -0.089564487 0.27925003
0.13703601 -0.089003198 0.2775
0.13883536 -0.088602282 0.27625
0.14010151 -0.087880641 0.27400002
0.14171836 -0.087399535 0.27250001
0.14304453 -0.08675807 0.2705
0.14447011 -0.086196795 0.26875001
0.14613824 -0.085795879 0.26750001
0.1477845 -0.085394964 0.26625001
0.14898603 -0.084753498 0.26425001
0.1502957 -0.084192216 0.26250002
0.15172008 -0.083711118 0.26100001
0.15282319 -0.083069652 0.259
0.15419072 -0.082588561 0.25750002
0.15598765 -0.082348004 0.25675002
0.15669295 -0.08154618 0.25425002
0.15797956 -0.081065074 0.25275001
0.1592399 -0.080583975 0.25125
0.15983149 -0.079782151 0.24875002
0.16119343 -0.079381235 0.24750002
0.16236851 -0.078900129 0.24600001
0.16268134 -0.078018121 0.24325001
0.16413175 -0.077697389 0.24225001
0.1659078 -0.077537023 0.24175002
-0 -0 0
-0 -0 0
-0 -0 0
-0 -0 0
-0 -0 0
-0 -0 0
-0 -0 0
-0 -0 0
-0 -0 0
-0 -0 0
-0 -0 0
-0 -0 0
-0 -0 0
-0 -0 0
-0 -0 0
-0 -0 0
-0 -0 0
-0 -0 0
-0 -0 0
-0 -0 0
-0 -0 0
-0 -0 0
-0 -0 0
-0 -0 0
-0 -0 0
-0 -0 0
-0 -0 0
-0 -0 0
-0 -0 0
-0 -0 0
-0 -0 0
-0 -0 0
-0 -0 0
-0 -0 0
-0 -0 0
-0 -0 0
-0 -0 0
-0 -0 0
-0 -0 0
-0 -0 0
-0 -0 0
-0 -0 0
-0 -0 0
-0 -0 0
-0 -0 0
-0 -0 0
-0 -0 0
-0 -0 0
-0 -0 0
-0 -0 0
-0 -0 0
-0 -0 0
-0 -0 0
-0 -0 0
-0 -0 0
-0 -0 0
-0 -0 0
-0 -0 0
-0 -0 0
-0 -0 0
-0 -0 0
-0 -0 0
-0 -0 0
-0 -0 0
-0 -0 0
-0 -0 0
-0 -0 0
-0 -0 0
-0 -0 0
-0 -0 0
-0 -0 0
-0 -0 0
-0 -0 0
-0 -0 0
-0.025425704 -0.13844602 0.44375002
-0.021337468 -0.13712005 0.43950003
-0.017403191 -0.13641807 0.43725002
-0.013430646 -0.13493612 0.43250003
-0.009596969 -0.13423413 0.43025002
-0.0058196061 -0.13392214 0.42925003
-0.0020561311 -0.13337615 0.42750001
0.0016767253 -0.13283017 0.42575002
0.0053694495 -0.1320502 0.42325002
0.0090398686 -0.13158222 0.42175001
0.012638769 -0.13064624 0.41875002
0.016136521 -0.12932028 0.41450003
0.019750627 -0.12924229 0.41425002
0.023289826 -0.12877429 0.41275001
0.026688727 -0.12776032 0.40950003
0.030067727 -0.12690234 0.40675002
0.033667289 -0.12705834 0.40725002
0.036795661 -0.12557639 0.40250003
0.039966129 -0.12448442 0.39900002
0.043157049 -0.12362644 0.39625001
0.046182193 -0.12245648 0.39250001
0.049268134 -0.1215985 0.38975
0.05206944 -0.12019455 0.38525003
0.055043846 -0.11933657 0.38250002
0.057626672 -0.11777661 0.37750003
0.060525522 -0.11699664 0.37500003
0.06321048 -0.11590467 0.37150002
0.066013098 -0.11512469 0.36900002
0.068443604 -0.11379873 0.36475003
0.071094334 -0.11294075 0.36200002
0.073594384 -0.11192678 0.35875002
0.075930625 -0.11075681 0.35500002
0.078312576 -0.10974284 0.35175002
0.080926895 -0.10911886 0.34975001
0.083146036 -0.10802689 0.34625003
0.085303925 -0.10693492 0.34275001
0.087915838 -0.10646693 0.34125
0.089835569 -0.10521898 0.33725002
0.092166789 -0.10451699 0.33500001
0.094245732 -0.10358102 0.33200002
0.096637972 -0.10303504 0.33025002
0.098999575 -0.10248905 0.3285
0.10094293 -0.10155308 0.32550001
0.10259464 -0.10038311 0.32175002
0.10467218 -0.099681139 0.31950003
0.10671033 -0.098979153 0.31725001
0.1087954 -0.098355167 0.31525001
0.11022623 -0.097185202 0.31150001
0.11186341 -0.09624923 0.30850002
0.11400512 -0.095781244 0.30700001
0.11564547 -0.094923265 0.30425
0.11762654 -0.094377279 0.30250001
0.11977581 -0.093987294 0.30125001
0.1211921 -0.093051322 0.29825002
0.12307477 -0.092505343 0.29650003
0.12492681 -0.09195935 0.29475001
0.12642379 -0.091179371 0.29225001
0.12831838 -0.090711392 0.29075003
0.12996168 -0.090087414 0.28875002
0.13111115 -0.089151427 0.28575
0.13279262 -0.088605449 0.28400001
0.13444346 -0.08805947 0.28225002
0.13606369 -0.087513484 0.28050002
0.13740638 -0.086811498 0.27825001
0.13870972 -0.086109526 0.27600002
0.14010151 -0.08548554 0.27400002
0.14171836 -0.085017554 0.27250001
0.14344114 -0.084627561 0.27125001
0.14500767 -0.084159575 0.26975
0.14654797 -0.08369159 0.26825002
0.1477845 -0.083067611 0.26625001
0.14912698 -0.082521625 0.26450002
0.15058197 -0.082053639 0.26300001
0.15186541 -0.081507653 0.26125002
0.15297072 -0.080883674 0.25925002
0.15419072 -0.080337688 0.25750002
0.15598765 -0.080103695 0.25675002
0.15684702 -0.079401709 0.2545
0.15797956 -0.078855731 0.25275001
0.15939836 -0.078465745 0.25150001
0.16031338 -0.077841759 0.24950001
0.16070496 -0.076983787 0.24675001
0.16203849 -0.076593794 0.24550001
0.16301574 -0.076047808 0.24375001
0.16430113 -0.075657822 0.24250001
0.1659078 -0.075423829 0.24175002
-0 -0 0
-0 -0 0
-0 -0 0
-0 -0 0
-0 -0 0
-0 -0 0
-0 -0 0
-0 -0 0
-0 -0 0
-0 -0 0
-0 -0 0
-0 -0 0
-0 -0 0
-0 -0 0
-0 -0 0
-0 -0 0
-0 -0 0
-0 -0 0
-0 -0 0
-0 -0 0
-0 -0 0
-0 -0 0
-0 -0 0
-0 -0 0
-0 -0 0
-0 -0 0
-0 -0 0
-0 -0 0
-0 -0 0
-0 -0 0
-0 -0 0
-0 -0 0
-0 -0 0
-0 -0 0
-0 -0 0
-0 -0 0
-0 -0 0
-0 -0 0
-0 -0 0
-0 -0 0
-0 -0 0
-0 -0 0
-0 -0 0
-0 -0 0
-0 -0 0
-0 -0 0
-0 -0 0
-0 -0 0
-0 -0 0
-0 -0 0
-0 -0 0
-0 -0 0
-0 -0 0
-0 -0 0
-0 -0 0
-0 -0 0
-0 -0 0
-0 -0 0
-0 -0 0
-0 -0 0
-0 -0 0
-0 -0 0
-0 -0 0
-0 -0 0
-0 -0 0
-0 -0 0
-0 -0 0
-0 -0 0
-0 -0 0
-0 -0 0
-0 -0 0
-0 -0 0
-0 -0 0
-0 -0 0
-0.02564057 -0.13570428 0.44750002
-0.021483116 -0.13418803 0.44250003
-0.017572347 -0.13388477 0.44150001
-0.013593676 -0.13274759 0.43775001
-0.0097308028 -0.13229272 0.43625003
-0.0058772257 -0.13145879 0.43350002
-0.0020741674 -0.13077646 0.43125001
0.0016895249 -0.13009416 0.42900002
0.0054233661 -0.12963928 0.42750001
0.0091256052 -0.12910859 0.42575002
0.012812316 -0.12872954 0.42450002
0.016389567 -0.12766817 0.42100003
0.01990558 -0.12660679 0.41750002
0.023430891 -0.12592448 0.41525003
0.026949421 -0.12539379 0.41350001
0.030492777 -0.12509054 0.41250002
0.033873964 -0.1242566 0.40975001
0.037115622 -0.12311941 0.40600002
0.040141419 -0.12152735 0.40075001
0.043374874 -0.12076923 0.39825001
0.046417516 -0.11963204 0.39450002
0.04942615 -0.11857067 0.39100003
0.052204598 -0.11713023 0.38625002
0.055079821 -0.11606885 0.38275
0.057779323 -0.11478005 0.37850001
0.060565867 -0.11379448 0.37525001
0.063423164 -0.11303636 0.37275001
0.066147275 -0.11212661 0.36975002
0.068490513 -0.11068617 0.36500001
0.070947036 -0.10954899 0.36125001
0.073440522 -0.10856342 0.35800001
0.075930625 -0.10765368 0.35500002
0.078423895 -0.10681973 0.35225001
0.080984749 -0.10613743 0.35000002
0.083266094 -0.10515187 0.34675002
0.085615024 -0.10431793 0.34400001
0.087915838 -0.10348399 0.34125
0.090101942 -0.10257424 0.33825001
0.092304349 -0.1017403 0.3355
0.094458632 -0.10090637 0.33275002
0.096857436 -0.10037568 0.33100003
0.099225603 -0.099844992 0.32925001
0.10109799 -0.098859429 0.32600001
0.10307295 -0.098025501 0.32325003
0.10475408 -0.096964121 0.31975001
0.1069626 -0.096433431 0.31800002
0.1087954 -0.095599495 0.31525001
0.11049163 -0.094689749 0.31225002
0.11258862 -0.094159067 0.31050003
0.11428364 -0.093325123 0.30775002
0.11612059 -0.092642806 0.3055
0.1181126 -0.092112124 0.30375001
0.11967642 -0.091278188 0.30100003
0.12149686 -0.090671688 0.29900002
0.1236974 -0.090368435 0.29800001
0.12513873 -0.089534506 0.29525003
0.12696452 -0.089003809 0.29350001
0.12864938 -0.088397309 0.2915
0.13052429 -0.087942444 0.29000002
0.13157 -0.086956881 0.28675002
0.13314331 -0.086350381 0.28475001
0.13468163 -0.085743874 0.28275001
0.13630623 -0.085213192 0.28100002
0.13790022 -0.084682509 0.27925003
0.13921228 -0.084000193 0.27700001
0.14022933 -0.083166249 0.27425
0.14197838 -0.082787186 0.273
0.14357336 -0.082332321 0.27150002
0.14500767 -0.081801631 0.26975
0.14682113 -0.081498384 0.26875001
0.14792328 -0.080816075 0.26650003
0.14926793 -0.080285378 0.26475
0.15072511 -0.079830512 0.26325002
0.15186541 -0.079224013 0.26125002
0.15311824 -0.078693323 0.25950003
0.15434042 -0.078162633 0.25775
0.15568389 -0.07770776 0.25625002
0.15669295 -0.07710126 0.25425002
0.15829207 -0.076798007 0.25325
0.15971525 -0.076418944 0.252
0.16063465 -0.075812444 0.25
0.1602165 -0.074599445 0.24600001
0.16187347 -0.074372016 0.24525002
0.16318293 -0.073992953 0.24400002
0.16447052 -0.07361389 0.24275002
0.1659078 -0.073310636 0.24175002
-0 -0 0
-0 -0 0
-0 -0 0
-0 -0 0
-0 -0 0
-0 -0 0
-0 -0 0
-0 -0 0
-0 -0 0
-0 -0 0
-0 -0 0
-0 -0 0
-0 -0 0
-0 -0 0
-0 -0 0
-0 -0 0
-0 -0 0
-0 -0 0
-0 -0 0
-0 -0 0
-0 -0 0
-0 -0 0
-0 -0 0
-0 -0 0
-0 -0 0
-0 -0 0
-0 -0 0
-0 -0 0
-0 -0 0
-0 -0 0
-0 -0 0
-0 -0 0
-0 -0 0
-0 -0 0
-0 -0 0
-0 -0 0
-0 -0 0
-0 -0 0
-0 -0 0
-0 -0 0
-0 -0 0
-0 -0 0
-0 -0 0
-0 -0 0
-0 -0 0
-0 -0 0
-0 -0 0
-0 -0 0
-0 -0 0
-0 -0 0
-0 -0 0
-0 -0 0
-0 -0 0
-0 -0 0
-0 -0 0
-0 -0 0
-0 -0 0
-0 -0 0
-0 -0 0
-0 -0 0
-0 -0 0
-0 -0 0
-0 -0 0
-0 -0 0
-0 -0 0
-0 -0 0
-0 -0 0
-0 -0 0
-0 -0 0
-0 -0 0
-0 -0 0
-0 -0 0
-0 -0 0
-0 -0 0
-0.025826786 -0.13274975 0.45075002
-0.021738002 -0.13186623 0.44775003
-0.017671851 -0.13076182 0.44400004
-0.013702364 -0.12995192 0.44125003
-0.00978099 -0.12914202 0.43850002
-0.005928067 -0.12877388 0.43725002
-0.0020946087 -0.1282585 0.43550003
0.0017062625 -0.12759584 0.43325001
0.0054772827 -0.12715408 0.43175003
0.0091738319 -0.12604968 0.42800003
0.01285759 -0.12546067 0.42600003
0.016516089 -0.12494527 0.42425001
0.020120131 -0.12428263 0.42200002
0.023586063 -0.12310459 0.41800001
0.027144944 -0.12266283 0.41650003
0.030640623 -0.12207381 0.41450003
0.0339153 -0.12082215 0.41025001
0.037207037 -0.11986499 0.40700001
0.040416874 -0.11883422 0.40350002
0.043538246 -0.11772981 0.39975002
0.046535175 -0.11647815 0.3955
0.049394544 -0.11507923 0.39075002
0.052339751 -0.11404845 0.38725001
0.055259705 -0.1130913 0.384
0.057779323 -0.1114715 0.37850001
0.060606219 -0.11058798 0.37550002
0.063423164 -0.10977808 0.37275001
0.066102542 -0.10882092 0.36950001
0.068396688 -0.10734838 0.36450002
0.070996135 -0.10646486 0.36150002
0.073491812 -0.1055077 0.35825002
0.075984098 -0.10462418 0.35525003
0.078590877 -0.10396153 0.35300002
0.080926895 -0.10300438 0.34975001
0.083266094 -0.10212085 0.34675002
0.085739464 -0.10145821 0.34450001
0.087980248 -0.10057468 0.34150001
0.09030173 -0.099838413 0.33900002
0.092579477 -0.099102139 0.33650002
0.094813474 -0.098365873 0.33400002
0.097003743 -0.097629599 0.33150002
0.099225603 -0.096966952 0.32925001
0.10125306 -0.096157059 0.32650003
0.10323238 -0.095347159 0.32375002
0.10508169 -0.094463632 0.32075003
0.10704669 -0.093727358 0.31825
0.10888168 -0.092917465 0.31550002
0.11093394 -0.092328444 0.31350002
0.11295122 -0.091739424 0.31150001
0.11446931 -0.09078227 0.30825001
0.11621562 -0.090046003 0.30575001
0.11840424 -0.089677863 0.30450001
0.11957701 -0.088573456 0.30075002
0.12159844 -0.088131696 0.29925001
0.12380118 -0.087837189 0.29825002
0.12556256 -0.087248169 0.29625002
0.12739712 -0.086732782 0.29450002
0.12898038 -0.086070135 0.29225001
0.13041176 -0.085333861 0.28975001
0.13157 -0.084450342 0.28675002
0.13314331 -0.083861321 0.28475001
0.13468163 -0.083272301 0.28275001
0.13606369 -0.082609661 0.28050002
0.13802366 -0.082315147 0.27950001
0.13946357 -0.081726134 0.2775
0.140485 -0.080916241 0.27475002
0.14223842 -0.0805481 0.27350003
0.14383776 -0.08010634 0.27200001
0.14460452 -0.079222813 0.26900002
0.14641139 -0.078928299 0.26800001
0.14792328 -0.078486547 0.26650003
0.14954984 -0.078118406 0.26525003
0.15101139 -0.077676639 0.26375002
0.15157476 -0.076793119 0.26075003
0.15326573 -0.076498605 0.25975001
0.15463981 -0.076056838 0.25825
0.15583576 -0.075541452 0.25650001
0.15700109 -0.075026065 0.25475001
0.15829207 -0.074584298 0.25325
0.15987371 -0.074289791 0.25225002
0.16063465 -0.073627144 0.25
0.1602165 -0.07244911 0.24600001
0.16187347 -0.072228231 0.24525002
0.16318293 -0.071860097 0.24400002
0.16463991 -0.071565591 0.24300002
0.16607937 -0.071271077 0.24200001
-0 -0 0
-0 -0 0
-0 -0 0
-0 -0 0
-0 -0 0
-0 -0 0
-0 -0 0
-0 -0 0
-0 -0 0
-0 -0 0
-0 -0 0
-0 -0 0
-0 -0 0
-0 -0 0
-0 -0 0
-0 -0 0
-0 -0 0
-0 -0 0
-0 -0 0
-0 -0 0
-0 -0 0
-0 -0 0
-0 -0 0
-0 -0 0
-0 -0 0
-0 -0 0
-0 -0 0
-0 -0 0
-0 -0 0
-0 -0 0
-0 -0 0
-0 -0 0
-0 -0 0
-0 -0 0
-0 -0 0
-0 -0 0
-0 -0 0
-0 -0 0
-0 -0 0
-0 -0 0
-0 -0 0
-0 -0 0
-0 -0 0
-0 -0 0
-0 -0 0
-0 -0 0
-0 -0 0
-0 -0 0
-0 -0 0
-0 -0 0
-0 -0 0
-0 -0 0
-0 -0 0
-0 -0 0
-0 -0 0
-0 -0 0
-0 -0 0
-0 -0 0
-0 -0 0
-0 -0 0
-0 -0 0
-0 -0 0
-0 -0 0
-0 -0 0
-0 -0 0
-0 -0 0
-0 -0 0
-0 -0 0
-0 -0 0
-0 -0 0
-0 -0 0
-0 -0 0
-0 -0 0
-0.030380845 -0.13145298 0.46000001
-0.0260703 -0.13002415 0.45500001
-0.021932198 -0.12909541 0.45175001
-0.017860908 -0.1282381 0.44875002
-0.013826578 -0.12723792 0.44525003
-0.0098813651 -0.12659495 0.44300002
-0.0059755188 -0.12595196 0.44075003
-0.0021090375 -0.12530899 0.43850002
0.001721031 -0.12488033 0.43700001
0.0055153412 -0.12423736 0.43475002
0.0092756441 -0.12366582 0.43275002
0.012978318 -0.12287996 0.43000001
0.016584218 -0.1217369 0.42600003
0.020239327 -0.12130824 0.42450002
0.023713022 -0.12009373 0.42025003
0.027242703 -0.11945076 0.41800001
0.030733025 -0.11880779 0.41575003
0.033997972 -0.11752183 0.41125003
0.03736702 -0.11680741 0.40875003
0.040391833 -0.11523569 0.40325001
0.043592703 -0.11437839 0.40025002
0.046594009 -0.11316387 0.39600003
0.04942615 -0.11173504 0.39100003
0.052305967 -0.11059197 0.38700002
0.055079821 -0.10937745 0.38275
0.05797014 -0.10852015 0.37975001
0.060767621 -0.10759141 0.37650001
0.063380629 -0.10644834 0.37250003
0.066191994 -0.10573392 0.37
0.068537422 -0.10437653 0.36525002
0.071045235 -0.10337634 0.36175001
0.073543094 -0.10244759 0.3585
0.076358408 -0.10201895 0.35700002
0.078535214 -0.10080443 0.35275
0.081042588 -0.10009001 0.35025001
0.083446197 -0.099304162 0.34750003
0.085863911 -0.098589741 0.34500003
0.087915838 -0.097518109 0.34125
0.090368323 -0.096946582 0.33925003
0.09278582 -0.096375048 0.33725002
0.095168315 -0.095803507 0.33525002
0.097296365 -0.095017649 0.33250001
0.099150263 -0.094017461 0.32900003
0.10133058 -0.093374483 0.32675001
0.1033918 -0.092660069 0.32425001
0.1054093 -0.091945648 0.32175002
0.10704669 -0.09094546 0.31825
0.10914052 -0.090373933 0.31625003
0.11137626 -0.089945279 0.31475002
0.11295122 -0.089016534 0.31150001
0.1149335 -0.088444993 0.30950001
0.11640567 -0.087516248 0.30625001
0.11840424 -0.087016158 0.30450001
0.11977581 -0.086087413 0.30125001
0.12170003 -0.085587323 0.29950002
0.12380118 -0.08523012 0.29825002
0.12577449 -0.084801465 0.29675001
0.12761341 -0.084301375 0.29500002
0.12898038 -0.08351551 0.29225001
0.13063681 -0.082943976 0.29025
0.13191411 -0.082158118 0.28750002
0.13337709 -0.081515141 0.28525001
0.13515796 -0.081086494 0.28375003
0.13667004 -0.08051496 0.28175002
0.13802366 -0.079871975 0.27950001
0.13946357 -0.079300441 0.2775
0.14086848 -0.078728907 0.2755
0.14249846 -0.07830026 0.27400002
0.14396997 -0.07780017 0.27225003
0.14460452 -0.076871425 0.26900002
0.14654797 -0.076657094 0.26825002
0.14792328 -0.076157004 0.26650003
0.14969078 -0.075871237 0.26550001
0.15101139 -0.075371139 0.26375002
0.1524467 -0.074942492 0.26225001
0.15326573 -0.074228071 0.25975001
0.15463981 -0.073799416 0.25825
0.15613952 -0.073442206 0.257
0.15746331 -0.073013559 0.25550002
0.15844834 -0.072442025 0.25350001
0.15971525 -0.072013371 0.252
0.16047403 -0.0713704 0.24975002
0.16054215 -0.070441656 0.24650002
0.16220349 -0.070227325 0.24575001
0.16368452 -0.069941558 0.24475001
0.16514803 -0.069655791 0.24375001
0.16659409 -0.069370031 0.24275002
-0 -0 0
-0 -0 0
-0 -0 0
-0 -0 0
-0 -0 0
-0 -0 0
-0 -0 0
-0 -0 0
-0 -0 0
-0 -0 0
-0 -0 0
-0 -0 0
-0 -0 0
-0 -0 0
-0 -0 0
-0 -0 0
-0 -0 0
-0 -0 0
-0 -0 0
-0 -0 0
-0 -0 0
-0 -0 0
-0 -0 0
-0 -0 0
-0 -0 0
-0 -0 0
-0 -0 0
-0 -0 0
-0 -0 0
-0 -0 0
-0 -0 0
-0 -0 0
-0 -0 0
-0 -0 0
-0 -0 0
-0 -0 0
-0 -0 0
-0 -0 0
-0 -0 0
-0 -0 0
-0 -0 0
-0 -0 0
-0 -0 0
-0 -0 0
-0 -0 0
-0 -0 0
-0 -0 0
-0 -0 0
-0 -0 0
-0 -0 0
-0 -0 0
-0 -0 0
-0 -0 0
-0 -0 0
-0 -0 0
-0.13561372 -0.1680856 0.60675001
-0.13014483 -0.16787782 0.60600001
-0 -0 0
-0 -0 0
-0 -0 0
-0 -0 0
-0 -0 0
-0 -0 0
-0 -0 0
-0 -0 0
-0 -0 0
-0 -0 0
-0 -0 0
-0 -0 0
-0 -0 0
-0 -0 0
-0 -0 0
-0 -0 0
-0.030595493 -0.12833235 0.46325001
-0.02627084 -0.12701648 0.45850003
-0.022077847 -0.12597764 0.45475003
-0.018000213 -0.12528507 0.45225003
-0.014020662 -0.12507729 0.45150003
-0.009987317 -0.12403845 0.44775003
-0.0060263597 -0.12313811 0.44450003
-0.0021342884 -0.12293035 0.44375002
0.0017397379 -0.12237629 0.44175002
0.0055660862 -0.12154522 0.43875003
0.0093345884 -0.12064488 0.43550003
0.013121683 -0.12043711 0.43475002
0.016759403 -0.11925975 0.43050003
0.02038236 -0.11842867 0.42750001
0.023938725 -0.11752833 0.42425001
0.027356761 -0.11628173 0.41975003
0.030769985 -0.11531213 0.41625002
0.034142643 -0.11441179 0.41300002
0.037481293 -0.11358072 0.41000003
0.040441919 -0.1118493 0.40375003
0.043647159 -0.11101822 0.40075001
0.046505764 -0.10949458 0.39525002
0.049394544 -0.10824796 0.39075002
0.052272175 -0.10713986 0.38675001
0.055079821 -0.10603175 0.38275
0.058008306 -0.10526993 0.38000003
0.060929023 -0.10457737 0.37750003
0.0634657 -0.10333075 0.37300003
0.066236719 -0.10256892 0.37025002
0.068865798 -0.10166859 0.36700001
0.071094334 -0.10028346 0.36200002
0.073696949 -0.099521637 0.35925001
0.076358408 -0.098898329 0.35700002
0.078535214 -0.097720966 0.35275
0.081100442 -0.097097658 0.35050002
0.083626293 -0.096474342 0.34825
0.08611279 -0.095851041 0.34600002
0.088302284 -0.094950706 0.34275001
0.090434916 -0.09405037 0.33950001
0.092854597 -0.093496315 0.33750001
0.095310248 -0.093011521 0.33575001
0.097662136 -0.092457466 0.33375001
0.099376284 -0.091349363 0.32975
0.10140811 -0.090587549 0.32700002
0.10307295 -0.0895487 0.32325003
0.1051636 -0.088925384 0.32100001
0.10713078 -0.088232823 0.31850001
0.10931307 -0.087748028 0.31675002
0.11155319 -0.087332487 0.31525001
0.11322318 -0.086501412 0.31225002
0.11521202 -0.085947357 0.31025001
0.11688079 -0.085185535 0.3075
0.11869588 -0.084562227 0.30525002
0.12037221 -0.083869666 0.30275002
0.12241112 -0.083454117 0.30125001
0.12390494 -0.082692295 0.2985
0.12609236 -0.082415275 0.29750001
0.12739712 -0.0815842 0.29450002
0.12909073 -0.081030145 0.29250002
0.13063681 -0.08040683 0.29025
0.13237295 -0.079922035 0.28850001
0.13372777 -0.079229474 0.28600001
0.1355152 -0.078813933 0.2845
0.13691258 -0.078190625 0.28225002
0.13777675 -0.077290289 0.27900001
0.13958922 -0.076944008 0.27775002
0.1413798 -0.076597728 0.27650002
0.14249846 -0.075905159 0.27400002
0.14396997 -0.075420365 0.27225003
0.14527647 -0.074866317 0.27025002
0.14682113 -0.074450769 0.26875001
0.14806204 -0.073896721 0.26675001
0.14940888 -0.073411927 0.26500002
0.15086825 -0.072996385 0.26350001
0.1524467 -0.072650097 0.26225001
0.15356076 -0.07209605 0.26025
0.15478951 -0.071611255 0.25850001
0.15629143 -0.071264975 0.25725001
0.15761738 -0.070849426 0.25575
0.15860461 -0.070295386 0.25375003
0.15971525 -0.069810584 0.252
0.16015275 -0.069048762 0.24925001
0.16119343 -0.068563968 0.24750002
0.16302854 -0.068425454 0.24700001
0.1643533 -0.068079174 0.24575001
0.16565619 -0.067732885 0.24450001
0.16745193 -0.067594379 0.24400002
-0 -0 0
-0 -0 0
-0 -0 0
-0 -0 0
-0 -0 0
-0 -0 0
-0 -0 0
-0 -0 0
-0 -0 0
-0 -0 0
-0 -0 0
-0 -0 0
-0 -0 0
-0 -0 0
-0 -0 0
-0 -0 0
-0 -0 0
-0 -0 0
-0 -0 0
-0 -0 0
-0 -0 0
-0 -0 0
-0 -0 0
-0 -0 0
-0 -0 0
-0 -0 0
-0 -0 0
-0 -0 0
-0 -0 0
-0 -0 0
-0 -0 0
-0 -0 0
-0 -0 0
-0 -0 0
-0 -0 0
-0 -0 0
-0 -0 0
-0 -0 0
-0 -0 0
-0 -0 0
-0 -0 0
-0 -0 0
-0 -0 0
-0 -0 0
-0 -0 0
-0 -0 0
-0 -0 0
-0 -0 0
-0 -0 0
-0 -0 0
-0 -0 0
-0 -0 0
-0 -0 0
-0 -0 0
-0 -0 0
-0 -0 0
-0.12955424 -0.16184287 0.60325003
-0.12407104 -0.16157459 0.60225004
-0.11870395 -0.16144043 0.60175002
-0.11358126 -0.16164166 0.60250002
-0 -0 0
-0 -0 0
-0 -0 0
-0 -0 0
-0 -0 0
-0 -0 0
-0 -0 0
-0 -0 0
-0 -0 0
-0 -0 0
-0 -0 0
-0 -0 0
-0 -0 0
-0.030595493 -0.12428298 0.46325001
-0.026471382 -0.12394762 0.46200001
-0.02233273 -0.12341105 0.46000001
-0.018149469 -0.12233792 0.45600003
-0.014121586 -0.12200256 0.45475003
-0.010109997 -0.12160013 0.45325002
-0.0060805897 -0.12032577 0.44850001
-0.0021523247 -0.12005749 0.44750002
0.0017545065 -0.11952092 0.44550002
0.0056104879 -0.118649 0.44225001
0.0094256839 -0.11797828 0.43975002
0.013204684 -0.11737464 0.43750003
0.016827529 -0.11596615 0.43225002
0.020477716 -0.11522836 0.42950001
0.023952832 -0.11388694 0.42450002
0.027340466 -0.11254551 0.41950002
0.030825427 -0.1118748 0.41700003
0.034142643 -0.11080166 0.41300002
0.037435584 -0.10986267 0.40950003
0.040567126 -0.10865539 0.40500003
0.043402106 -0.10691153 0.39850003
0.046505764 -0.10603961 0.39525002
0.04942615 -0.1048994 0.39100003
0.052238386 -0.10369211 0.38650003
0.055259705 -0.1030214 0.384
0.05797014 -0.10188119 0.37975001
0.06088867 -0.10121047 0.37725002
0.063550778 -0.10020441 0.37350002
0.066370897 -0.099533699 0.37100002
0.068912715 -0.098527633 0.36725003
0.071290724 -0.097387418 0.36300001
0.073850811 -0.096582562 0.36000001
0.076518826 -0.095978923 0.35775003
0.078813508 -0.094972849 0.354
0.081331819 -0.09430214 0.3515
0.083806396 -0.093631424 0.34900001
0.086237229 -0.092960715 0.34650001
0.088366695 -0.092021726 0.34300002
0.090634696 -0.09128394 0.34025002
0.092992164 -0.090680301 0.33800003
0.095310248 -0.090076655 0.33575001
0.097515829 -0.089405946 0.33325002
0.099526979 -0.08860109 0.33025002
0.10171822 -0.087997444 0.32800001
0.10299323 -0.086656019 0.32300001
0.1054093 -0.086320668 0.32175002
0.10746714 -0.08571703 0.31950003
0.10948562 -0.085113384 0.31725001
0.11155319 -0.084576815 0.31525001
0.11331382 -0.083839029 0.3125
0.11530486 -0.083302468 0.31050003
0.11716587 -0.082698822 0.30825001
0.11869588 -0.081893966 0.30525002
0.120571 -0.081357397 0.30325001
0.12281747 -0.081089117 0.30225003
0.12411249 -0.08021719 0.29900002
0.1259864 -0.079747684 0.29725
0.12728897 -0.078942828 0.29425001
0.12887006 -0.078339197 0.29200003
0.13052429 -0.077802621 0.29000002
0.13237295 -0.077400193 0.28850001
0.13372777 -0.076729484 0.28600001
0.13563429 -0.076394126 0.28475001
0.13703384 -0.07579048 0.2825
0.13827057 -0.075119771 0.28
0.13996615 -0.074717343 0.27850002
0.14150763 -0.074247845 0.27675
0.14249846 -0.073510066 0.27400002
0.14396997 -0.073040567 0.27225003
0.14594842 -0.07283935 0.27150002
0.14695771 -0.072168641 0.26900002
0.1482008 -0.071632072 0.26700002
0.14969078 -0.071229637 0.26550001
0.15101139 -0.070760146 0.26375002
0.1524467 -0.07035771 0.26225001
0.15400329 -0.070022359 0.26100001
0.15538833 -0.069619939 0.25950003
0.15644331 -0.069083363 0.25750002
0.15777147 -0.068680935 0.25600001
0.15876086 -0.068144366 0.25400001
0.15971525 -0.06760779 0.252
0.16015275 -0.066870011 0.24925001
0.16184472 -0.066668794 0.2485
0.16319354 -0.066333443 0.24725001
0.16452049 -0.065998085 0.24600001
0.16565619 -0.065595657 0.24450001
0.16762349 -0.065528587 0.24425001
-0 -0 0
-0 -0 0
-0 -0 0
-0 -0 0
-0 -0 0
-0 -0 0
-0 -0 0
-0 -0 0
-0 -0 0
-0 -0 0
-0 -0 0
-0 -0 0
-0 -0 0
-0 -0 0
-0 -0 0
-0 -0 0
-0 -0 0
-0 -0 0
-0 -0 0
-0 -0 0
-0 -0 0
-0 -0 0
-0 -0 0
-0 -0 0
-0 -0 0
-0 -0 0
-0 -0 0
-0 -0 0
-0 -0 0
-0 -0 0
-0 -0 0
-0 -0 0
-0 -0 0
-0 -0 0
-0 -0 0
-0 -0 0
-0 -0 0
-0 -0 0
-0 -0 0
-0 -0 0
-0 -0 0
-0 -0 0
-0 -0 0
-0 -0 0
-0 -0 0
-0 -0 0
-0 -0 0
-0 -0 0
-0 -0 0
-0 -0 0
-0 -0 0
-0 -0 0
-0 -0 0
-0 -0 0
-0 -0 0
-0 -0 0
-0.12826569 -0.15501246 0.59725004
-0.12376202 -0.15592086 0.60075003
-0.11860532 -0.15605064 0.60125005
-0.11339274 -0.15611552 0.60150003
-0 -0 0
-0 -0 0
-0 -0 0
-0 -0 0
-0 -0 0
-0 -0 0
-0 -0 0
-0 -0 0
-0 -0 0
-0 -0 0
-0 -0 0
-0 -0 0
-0 -0 0
-0.031173391 -0.12250461 0.47200003
-0.026786517 -0.12133667 0.46750003
-0.022478379 -0.12016872 0.46300003
-0.018328575 -0.11951986 0.46050003
-0.01429238 -0.11945497 0.46025002
-0.010238254 -0.11913054 0.45900002
-0.0061449888 -0.11763817 0.45325002
-0.0021655513 -0.11685954 0.45025003
0.0017643522 -0.11627556 0.44800001
0.0056580612 -0.11575647 0.44600001
0.0094739106 -0.1147183 0.44200003
0.013249957 -0.11393967 0.43900001
0.016798332 -0.11199309 0.43150002
0.020501556 -0.11160377 0.43000001
0.024051577 -0.11063049 0.42625001
0.027373053 -0.10900834 0.42000002
0.030843906 -0.10829459 0.41725001
0.034245979 -0.10751596 0.41425002
0.037275601 -0.10582893 0.40775001
0.04051704 -0.10498541 0.40450001
0.043402106 -0.10342816 0.39850003
0.046564594 -0.1027144 0.39575002
0.049520951 -0.10167623 0.39175001
0.052339751 -0.10050828 0.38725001
0.055367634 -0.099859424 0.38475001
0.058046468 -0.098691478 0.38025001
0.060929023 -0.097977735 0.37750003
0.063678391 -0.097134218 0.37425002
0.066326164 -0.096225813 0.37075001
0.06881889 -0.095187642 0.36675003
0.071388923 -0.094344124 0.36350003
0.074004665 -0.093630381 0.36075002
0.076572292 -0.09291663 0.35800001
0.079147466 -0.092267774 0.35550001
0.081389673 -0.091294482 0.35175002
0.083986491 -0.0907754 0.34975001
0.086423889 -0.090126537 0.34725001
0.088495508 -0.089153253 0.34350002
0.090901069 -0.088569276 0.34125
0.093404852 -0.088115074 0.33950001
0.095310248 -0.087141789 0.33575001
0.097515829 -0.086492926 0.33325002
0.09967766 -0.08584407 0.33075002
0.10179576 -0.085195214 0.32825002
0.10347153 -0.084221922 0.32450002
0.10565501 -0.083702832 0.32250002
0.10755123 -0.082989089 0.31975001
0.10965817 -0.08247 0.31775001
0.11137626 -0.081691369 0.31475002
0.11322318 -0.081042513 0.31225002
0.11530486 -0.080588311 0.31050003
0.11735592 -0.080134109 0.30875
0.11908472 -0.079485245 0.30625001
0.1208692 -0.078901276 0.30400002
0.12291905 -0.078511961 0.30250001
0.12432004 -0.07773333 0.29950002
0.12609236 -0.077214241 0.29750001
0.12739712 -0.076435611 0.29450002
0.12887006 -0.075786754 0.29200003
0.13063681 -0.075332545 0.29025
0.13248765 -0.074943237 0.28875002
0.13407847 -0.074424148 0.28675002
0.13575336 -0.073969953 0.28500003
0.13715512 -0.073385969 0.28275001
0.13864094 -0.072866887 0.28075001
0.13996615 -0.07228291 0.27850002
0.14163546 -0.071893595 0.27700001
0.14288852 -0.071309626 0.27475002
0.14423437 -0.070790537 0.27275002
0.14594842 -0.070466109 0.27150002
0.14695771 -0.069817252 0.26900002
0.1482008 -0.069298163 0.26700002
0.14983174 -0.068973735 0.26575002
0.15115452 -0.068519525 0.264
0.15273735 -0.068195097 0.26275
0.15415081 -0.067805782 0.26125002
0.15538833 -0.067351587 0.25950003
0.15629143 -0.066767611 0.25725001
0.15746331 -0.066313408 0.25550002
0.15907338 -0.06605386 0.2545
0.15939836 -0.06527523 0.25150001
0.16015275 -0.06469126 0.24925001
0.16200754 -0.064561486 0.24875002
0.16286352 -0.064042397 0.24675001
0.1643533 -0.063782856 0.24575001
0.16599496 -0.063588195 0.245
0.16779506 -0.063458428 0.24450001
-0 -0 0
-0 -0 0
-0 -0 0
-0 -0 0
-0 -0 0
-0 -0 0
-0 -0 0
-0 -0 0
-0 -0 0
-0 -0 0
-0 -0 0
-0 -0 0
-0 -0 0
-0 -0 0
-0 -0 0
-0 -0 0
-0 -0 0
-0 -0 0
-0 -0 0
-0 -0 0
-0 -0 0
-0 -0 0
-0 -0 0
-0 -0 0
-0 -0 0
-0 -0 0
-0 -0 0
-0 -0 0
-0 -0 0
-0 -0 0
-0 -0 0
-0 -0 0
-0 -0 0
-0 -0 0
-0 -0 0
-0 -0 0
-0 -0 0
-0 -0 0
-0 -0 0
-0 -0 0
-0 -0 0
-0 -0 0
-0 -0 0
-0 -0 0
-0 -0 0
-0 -0 0
-0 -0 0
-0 -0 0
-0 -0 0
-0 -0 0
-0 -0 0
-0 -0 0
-0 -0 0
-0 -0 0
-0.13859898 -0.14966635 0.59675002
-0.13309927 -0.14935286 0.59550005
-0.12794355 -0.14941555 0.59575003
-0.123453 -0.15029337 0.59925002
-0.11840805 -0.15054415 0.60025001
-0.11310997 -0.15048146 0.60000002
-0.1078612 -0.15048146 0.60000002
-0 -0 0
-0 -0 0
-0 -0 0
-0 -0 0
-0 -0 0
-0 -0 0
-0 -0 0
-0 -0 0
-0 -0 0
-0 -0 0
-0 -0 0
-0.036274735 -0.12163918 0.48500001
-0.031388037 -0.11919386 0.47525004
-0.027073003 -0.11850415 0.47250003
-0.022781814 -0.11768904 0.46925002
-0.018497732 -0.11656044 0.46475002
-0.014346723 -0.11587072 0.46200001
-0.010294017 -0.11574533 0.46150002
-0.0062161665 -0.11499292 0.45850003
-0.0021895994 -0.11417781 0.45525002
0.0017741979 -0.1129865 0.45050001
0.0056834337 -0.11235949 0.44800001
0.0095274961 -0.11148169 0.44450003
0.01329523 -0.11047848 0.44050002
0.016924854 -0.10903636 0.43475002
0.020596912 -0.10834665 0.43200001
0.024178537 -0.10746884 0.42850003
0.027405638 -0.10546242 0.42050001
0.030917829 -0.10489812 0.41825002
0.034307983 -0.10408302 0.41500002
0.037229892 -0.10213929 0.40725002
0.040416874 -0.10119879 0.40350002
0.043511018 -0.10019557 0.39950001
0.046594009 -0.099317767 0.39600003
0.049552556 -0.098314553 0.39200002
0.05244112 -0.097311348 0.38800001
0.055367634 -0.096496239 0.38475001
0.058122795 -0.095493034 0.38075003
0.061130777 -0.094991423 0.37875003
0.06384854 -0.094113611 0.37525001
0.066236719 -0.092859603 0.37025002
0.068865798 -0.092044495 0.36700001
0.071536213 -0.091354787 0.36425
0.07415852 -0.090665087 0.36150002
0.076572292 -0.089787275 0.35800001
0.07909181 -0.089097567 0.35525003
0.081505358 -0.088345155 0.35225001
0.083986491 -0.087718152 0.34975001
0.086423889 -0.087091148 0.34725001
0.088559918 -0.086213343 0.34375003
0.091034263 -0.085711733 0.34175003
0.093611196 -0.08533553 0.34025002
0.095877998 -0.084708527 0.33775002
0.097881608 -0.083893418 0.33450001
0.099903688 -0.083141014 0.33150002
0.10202835 -0.082514003 0.32900003
0.10402954 -0.081824295 0.32625002
0.10598262 -0.081134588 0.32350001
0.1078035 -0.080382183 0.32050002
0.10983073 -0.079817876 0.31825
0.11164166 -0.079128169 0.31550002
0.11331382 -0.078375757 0.3125
0.11530486 -0.077874161 0.31050003
0.11735592 -0.077435248 0.30875
0.11918194 -0.076870948 0.30650002
0.1209686 -0.076306641 0.30425
0.12281747 -0.075805038 0.30225003
0.12432004 -0.075115331 0.29950002
0.12630428 -0.074739128 0.29800001
0.12750527 -0.07392402 0.29475001
0.12931138 -0.073485114 0.29300001
0.13074933 -0.07285811 0.29050002
0.13260235 -0.0724819 0.289
0.13431226 -0.072043002 0.28725001
0.13599153 -0.071604095 0.28550002
0.13751893 -0.071102493 0.28350002
0.1387644 -0.070475489 0.28100002
0.14009178 -0.069911174 0.27875
0.14189112 -0.069597676 0.2775
0.14262846 -0.068782568 0.27425
0.14436656 -0.068469062 0.273
0.14554524 -0.067904763 0.27075002
0.14709428 -0.067528553 0.26925001
0.14847833 -0.067089655 0.26750001
0.14997268 -0.066713445 0.266
0.15129766 -0.066274546 0.26425001
0.15259203 -0.06583564 0.26250002
0.1538558 -0.065396741 0.26075003
0.15523861 -0.065020531 0.25925002
0.15659519 -0.064644329 0.25775
0.15777147 -0.064205423 0.25600001
0.15922965 -0.063891925 0.25475001
0.15892301 -0.062888712 0.25075001
0.16031338 -0.062575206 0.24950001
0.16217035 -0.062449809 0.24900001
0.16319354 -0.062010903 0.24725001
0.16502209 -0.061885502 0.24675001
0.16667248 -0.061697397 0.24600001
0.16796663 -0.061383896 0.24475001
-0 -0 0
-0 -0 0
-0 -0 0
-0 -0 0
-0 -0 0
-0 -0 0
-0 -0 0
-0 -0 0
-0 -0 0
-0 -0 0
-0 -0 0
-0 -0 0
-0 -0 0
-0 -0 0
-0 -0 0
-0 -0 0
-0 -0 0
-0 -0 0
-0 -0 0
-0 -0 0
-0 -0 0
-0 -0 0
-0 -0 0
-0 -0 0
-0 -0 0
-0 -0 0
-0 -0 0
-0 -0 0
-0 -0 0
-0 -0 0
-0 -0 0
-0 -0 0
-0 -0 0
-0 -0 0
-0 -0 0
-0 -0 0
-0 -0 0
-0 -0 0
-0 -0 0
-0 -0 0
-0 -0 0
-0 -0 0
-0 -0 0
-0 -0 0
-0 -0 0
-0 -0 0
-0 -0 0
-0 -0 0
-0 -0 0
-0 -0 0
-0 -0 0
-0 -0 0
-0.14953917 -0.14493415 0.59875005
-0.14418083 -0.14481311 0.59825003
-0.13871512 -0.14457105 0.59725004
-0.13304338 -0.14408693 0.59525001
-0.12778248 -0.14402641 0.59500003
-0.12298946 -0.14451052 0.597
-0.11835874 -0.14523672 0.60000002
-0.11306284 -0.1451762 0.59975004
-0.10777131 -0.14511567 0.5995
-0 -0 0
-0 -0 0
-0 -0 0
-0 -0 0
-0 -0 0
-0 -0 0
-0 -0 0
-0 -0 0
-0 -0 0
-0 -0 0
-0 -0 0
-0.036443021 -0.11794432 0.48725003
-0.031652216 -0.11600783 0.47925001
-0.027273543 -0.11522113 0.47600001
-0.022963874 -0.11449494 0.47300002
-0.018646987 -0.11340567 0.46850002
-0.014501991 -0.11304257 0.46700001
-0.010355358 -0.11237691 0.46425003
-0.0062636179 -0.11183227 0.46200001
-0.002205231 -0.11098506 0.45850003
0.0017889665 -0.10995629 0.45425001
0.0057183211 -0.10910908 0.45075002
0.0095810816 -0.10820135 0.44700003
0.013393323 -0.10741466 0.44375002
0.017002715 -0.10572023 0.43675002
0.020608831 -0.10463095 0.43225002
0.024164429 -0.10366271 0.42825001
0.027373053 -0.1016657 0.42000002
0.030936308 -0.10130261 0.41850001
0.034245979 -0.10027385 0.41425002
0.037298456 -0.09876097 0.40800002
0.040416874 -0.097671695 0.40350002
0.043592703 -0.096884996 0.40025002
0.046682257 -0.096037783 0.39675003
0.049615759 -0.095009014 0.39250001
0.052508701 -0.094040774 0.38850001
0.055511542 -0.093375109 0.38575003
0.058199123 -0.092285834 0.38125002
0.061171122 -0.091741189 0.37900001
0.063976146 -0.091015011 0.37600002
0.066415615 -0.089865215 0.37125
0.069147274 -0.08919955 0.36850002
0.071830809 -0.088533878 0.36575001
0.074363664 -0.087747179 0.36250001
0.076893128 -0.087021001 0.35950002
0.079203129 -0.086113274 0.35575002
0.081736751 -0.085508116 0.35325003
0.084106557 -0.08478193 0.35025001
0.086423889 -0.084055752 0.34725001
0.088946357 -0.083571628 0.34525001
0.091433823 -0.083087504 0.34325001
0.09381754 -0.082542866 0.34100002
0.096090905 -0.081937715 0.33850002
0.097954765 -0.081029989 0.33475003
0.10005437 -0.080364317 0.33200002
0.10210587 -0.079698645 0.32925001
0.10410926 -0.07903298 0.32650003
0.10631024 -0.078548856 0.32450002
0.10797168 -0.077701643 0.32100001
0.10991701 -0.077096492 0.31850001
0.11190705 -0.076551855 0.31625003
0.11349513 -0.075765155 0.31300002
0.11530486 -0.075160004 0.31050003
0.11745095 -0.074796908 0.30900002
0.119668 -0.074494332 0.30775002
0.12106799 -0.073707633 0.30450001
0.12291905 -0.073223509 0.30250001
0.12442381 -0.072557837 0.29975
0.12630428 -0.072134234 0.29800001
0.12772156 -0.071468569 0.29525003
0.12942173 -0.070984446 0.29325002
0.13131194 -0.070621356 0.29175001
0.13271707 -0.070016198 0.28925002
0.13431226 -0.069532074 0.28725001
0.13587244 -0.069047958 0.28525001
0.13776146 -0.068745375 0.28400001
0.13864094 -0.067958675 0.28075001
0.14034308 -0.067595594 0.27925003
0.14201896 -0.067232497 0.27775002
0.14301851 -0.066566825 0.27500001
0.14449878 -0.066143222 0.27325001
0.14581403 -0.065659098 0.27125001
0.14723086 -0.065235496 0.26950002
0.1486171 -0.064811885 0.26775002
0.14997268 -0.064388275 0.266
0.15129766 -0.063964672 0.26425001
0.1524467 -0.063480549 0.26225001
0.15341325 -0.062935911 0.26000002
0.15508892 -0.062693849 0.259
0.15644331 -0.06233076 0.25750002
0.15792555 -0.062028185 0.25625002
0.15860461 -0.06142303 0.25375003
0.15908147 -0.060757361 0.25100002
0.16047403 -0.060454786 0.24975002
0.16217035 -0.060273238 0.24900001
0.16385359 -0.060091689 0.24825001
0.16552368 -0.059910148 0.24750002
0.16684188 -0.059607569 0.24625002
0.16796663 -0.059244476 0.24475001
-0 -0 0
-0 -0 0
-0 -0 0
-0 -0 0
-0 -0 0
-0 -0 0
-0 -0 0
-0 -0 0
-0 -0 0
-0 -0 0
-0 -0 0
-0 -0 0
-0 -0 0
-0 -0 0
-0 -0 0
-0 -0 0
-0 -0 0
-0 -0 0
-0 -0 0
-0 -0 0
-0 -0 0
-0 -0 0
-0 -0 0
-0 -0 0
-0 -0 0
-0 -0 0
-0 -0 0
-0 -0 0
-0 -0 0
-0 -0 0
-0 -0 0
-0 -0 0
-0 -0 0
-0 -0 0
-0 -0 0
-0 -0 0
-0 -0 0
-0 -0 0
-0 -0 0
-0 -0 0
-0 -0 0
-0 -0 0
-0 -0 0
-0 -0 0
-0 -0 0
-0 -0 0
-0 -0 0
-0 -0 0
-0 -0 0
-0 -0 0
-0 -0 0
-0 -0 0
-0.15047574 -0.14057527 0.60250002
-0.14424108 -0.139642 0.59850001
-0.13883124 -0.139467 0.59775001
-0.13304338 -0.13888371 0.59525001
-0.1276214 -0.13865039 0.59425002
-0.12257744 -0.13882537 0.59500003
-0.11811216 -0.13970034 0.59875005
-0.11310997 -0.13999198 0.60000002
-0.10781626 -0.13993365 0.59975004
-0.10265518 -0.14005031 0.60025001
-0 -0 0
-0 -0 0
-0 -0 0
-0 -0 0
-0 -0 0
-0 -0 0
-0 -0 0
-0 -0 0
-0 -0 0
-0.041185822 -0.11502674 0.49300003
-0.036798287 -0.11479342 0.49200001
-0.032081511 -0.11333517 0.48575002
-0.027603004 -0.11240189 0.48175001
-0.023194484 -0.11146861 0.47775003
-0.018806193 -0.11024369 0.47250003
-0.014587388 -0.10960205 0.46975002
-0.010422274 -0.10901875 0.46725002
-0.006297512 -0.10837712 0.46450001
-0.0022172551 -0.10756051 0.46100003
0.001801766 -0.10674388 0.45750001
0.0057468647 -0.10569394 0.45300001
0.0096293082 -0.10481899 0.44925001
0.013438596 -0.10388572 0.44525003
0.017109774 -0.10254413 0.43950003
0.020680349 -0.10120254 0.43375003
0.024065685 -0.099510968 0.42650002
0.027421933 -0.098169379 0.42075002
0.030936308 -0.097644404 0.41850001
0.034204643 -0.096536137 0.41375002
0.037344165 -0.095311202 0.40850002
0.040491998 -0.094319597 0.40425003
0.043728847 -0.093677968 0.40150002
0.046770498 -0.092744686 0.39750001
0.049805377 -0.091928065 0.39400002
0.052779015 -0.091111444 0.39050001
0.055583492 -0.090119839 0.38625002
0.058313612 -0.089128226 0.38200003
0.061251827 -0.088544928 0.37950003
0.064061224 -0.087844968 0.37650001
0.066505067 -0.086736701 0.37175003
0.069194175 -0.086036734 0.36875001
0.071929 -0.085453436 0.36625001
0.074671373 -0.084928468 0.36400002
0.077107012 -0.084111847 0.36050001
0.079370104 -0.083178572 0.35650003
0.081968129 -0.082653597 0.35425001
0.084466763 -0.082070298 0.35175002
0.086797215 -0.081370339 0.34875003
0.089268394 -0.080845363 0.34650001
0.091567017 -0.080203742 0.34375003
0.094023883 -0.079737097 0.34175003
0.096445747 -0.07927046 0.33975002
0.098101072 -0.078220516 0.33525002
0.10020505 -0.077578887 0.33250001
0.1021834 -0.076878928 0.32950002
0.10402954 -0.076120637 0.32625002
0.10606453 -0.075537339 0.32375002
0.10805578 -0.07495404 0.32125002
0.10991701 -0.074312411 0.31850001
0.11199551 -0.073845766 0.31650001
0.11385773 -0.073262468 0.31400001
0.11576904 -0.0727375 0.31175002
0.11764099 -0.072212525 0.30950001
0.11986242 -0.071920879 0.30825001
0.1213662 -0.071220919 0.30525002
0.12332541 -0.070812613 0.30350003
0.12452758 -0.069995992 0.30000001
0.12662217 -0.069704339 0.29875001
0.12793787 -0.069004379 0.29575002
0.12975271 -0.068596065 0.294
0.13164949 -0.068246089 0.29250002
0.13294648 -0.06760446 0.28975001
0.13454604 -0.067137815 0.28775001
0.13587244 -0.066554517 0.28525001
0.13788272 -0.066321202 0.28425002
0.13864094 -0.065504581 0.28075001
0.14046872 -0.065212928 0.27950001
0.1422746 -0.064921282 0.27825001
0.14366861 -0.064454637 0.27625
0.14489539 -0.06392967 0.27400002
0.14581403 -0.06328804 0.27125001
0.14709428 -0.062821396 0.26925001
0.14847833 -0.062413089 0.26750001
0.15011364 -0.06212144 0.26625001
0.15129766 -0.061654799 0.26425001
0.1524467 -0.061188158 0.26225001
0.15370828 -0.060779851 0.26050001
0.15508892 -0.060429867 0.259
0.15644331 -0.060079895 0.25750002
0.15777147 -0.059729911 0.25600001
0.15860461 -0.059204943 0.25375003
0.15987371 -0.058854964 0.25225002
0.16095594 -0.058446653 0.25050002
0.162496 -0.058213331 0.24950001
0.16401859 -0.057980008 0.2485
0.16552368 -0.057746693 0.24750002
0.16701126 -0.057513371 0.24650002
0.16796663 -0.057105061 0.24475001
-0 -0 0
-0 -0 0
-0 -0 0
-0 -0 0
-0 -0 0
-0 -0 0
-0 -0 0
-0 -0 0
-0 -0 0
-0 -0 0
-0 -0 0
-0 -0 0
-0 -0 0
-0 -0 0
-0 -0 0
-0 -0 0
-0 -0 0
-0 -0 0
-0 -0 0
-0 -0 0
-0 -0 0
-0 -0 0
-0 -0 0
-0 -0 0
-0 -0 0
-0 -0 0
-0 -0 0
-0 -0 0
-0 -0 0
-0 -0 0
-0 -0 0
-0 -0 0
-0 -0 0
-0 -0 0
-0 -0 0
-0 -0 0
-0 -0 0
-0 -0 0
-0 -0 0
-0 -0 0
-0 -0 0
-0 -0 0
-0 -0 0
-0 -0 0
-0 -0 0
-0 -0 0
-0 -0 0
-0 -0 0
-0 -0 0
-0 -0 0
-0 -0 0
-0 -0 0
-0 -0 0
-0.14406033 -0.13424194 0.59775001
-0.13859898 -0.13401736 0.59675002
-0.13293163 -0.13356821 0.59475005
-0.12740664 -0.13323134 0.59325004
-0.12206241 -0.13306291 0.59250003
-0.11747105 -0.13373666 0.59550005
-0.11292145 -0.13452268 0.59900004
-0.10772637 -0.13457881 0.59925002
-0.10209936 -0.13407351 0.597
-0 -0 0
-0 -0 0
-0 -0 0
-0 -0 0
-0 -0 0
-0 -0 0
-0 -0 0
-0 -0 0
-0 -0 0
-0.041352905 -0.11116648 0.49500003
-0.03687308 -0.11071733 0.49300003
-0.032263137 -0.10970672 0.48850003
-0.02778922 -0.10892069 0.48500001
-0.023425093 -0.10835925 0.48250002
-0.019035051 -0.10740479 0.47825003
-0.014703839 -0.10633804 0.47350001
-0.010500344 -0.10572045 0.47075003
-0.0063347952 -0.10493442 0.46725002
-0.0022256719 -0.10392381 0.46275002
0.0018066887 -0.1030255 0.45875001
0.005769066 -0.10212719 0.45475003
0.0096668182 -0.10128502 0.45100003
0.013476324 -0.10027441 0.44650003
0.017109774 -0.098702364 0.43950003
0.020680349 -0.097411036 0.43375003
0.024136215 -0.096063562 0.42775002
0.027535986 -0.094884522 0.42250001
0.030973271 -0.094098501 0.41900003
0.034266647 -0.093087897 0.41450003
0.037412729 -0.09190885 0.40925002
0.040642247 -0.091122821 0.40575001
0.0437833 -0.090280652 0.40200001
0.047005825 -0.089719206 0.39950001
0.049931783 -0.088708602 0.39500001
0.05311691 -0.088259444 0.39300001
0.055835325 -0.087136552 0.38800001
0.058618914 -0.086238235 0.384
0.061453577 -0.085508361 0.38075003
0.064188838 -0.084722333 0.37725002
0.066862866 -0.083936311 0.37375003
0.069381826 -0.083037995 0.36975002
0.072125398 -0.082476549 0.36725003
0.07462009 -0.08169052 0.36375001
0.077160493 -0.081016786 0.36075002
0.079704061 -0.080399193 0.35800001
0.082141675 -0.079725459 0.35500002
0.084706888 -0.079220153 0.35275
0.086983874 -0.078490272 0.34950003
0.089526027 -0.078041114 0.34750003
0.091567017 -0.077198945 0.34375003
0.094230227 -0.076918222 0.34250003
0.096445747 -0.076300628 0.33975002
0.098174222 -0.075346164 0.3355
0.10012972 -0.074616291 0.33225003
0.10233846 -0.074110985 0.33000001
0.10418896 -0.073381104 0.32675001
0.10598262 -0.072651222 0.32350001
0.10830805 -0.072314359 0.32200003
0.11017584 -0.071696766 0.31925002
0.11208398 -0.07113532 0.31675002
0.11412968 -0.070686162 0.31475002
0.11632607 -0.070349291 0.31325001
0.11792607 -0.069675557 0.31025001
0.11976521 -0.069170259 0.30800003
0.1216644 -0.068721101 0.30600002
0.12352858 -0.068271942 0.30400002
0.12473512 -0.067485914 0.30050001
0.12662217 -0.067092903 0.29875001
0.12826231 -0.066587605 0.29650003
0.12975271 -0.066026151 0.294
0.13142446 -0.065577 0.29200003
0.13283178 -0.065015554 0.28950003
0.13454604 -0.064622536 0.28775001
0.13599153 -0.064117238 0.28550002
0.13751893 -0.063668072 0.28350002
0.13888785 -0.063162774 0.28125
0.14071999 -0.062882043 0.28
0.1422746 -0.062489036 0.27825001
0.14353859 -0.061983738 0.27600002
0.14476319 -0.061478432 0.27375001
0.14594842 -0.060973134 0.27150002
0.14723086 -0.060523976 0.26950002
0.1482008 -0.059962526 0.26700002
0.15011364 -0.059794091 0.26625001
0.15115452 -0.059288785 0.264
0.1524467 -0.058895774 0.26225001
0.15400329 -0.058615051 0.26100001
0.15553801 -0.058334328 0.25975001
0.15674709 -0.057941318 0.25800002
0.15777147 -0.057492159 0.25600001
0.15876086 -0.057043001 0.25400001
0.15987371 -0.05664999 0.25225002
0.1612772 -0.056369267 0.25100002
0.16298446 -0.056200832 0.25025001
0.16401859 -0.055807818 0.2485
0.16535647 -0.055527095 0.24725001
0.16684188 -0.055302519 0.24625002
0.16796663 -0.054965649 0.24475001
-0 -0 0
-0 -0 0
-0 -0 0
-0 -0 0
-0 -0 0
-0 -0 0
-0 -0 0
-0 -0 0
-0 -0 0
-0 -0 0
-0 -0 0
-0 -0 0
-0 -0 0
-0 -0 0
-0 -0 0
-0 -0 0
-0 -0 0
-0 -0 0
-0 -0 0
-0 -0 0
-0 -0 0
-0 -0 0
-0 -0 0
-0 -0 0
-0 -0 0
-0 -0 0
-0 -0 0
-0 -0 0
-0 -0 0
-0 -0 0
-0 -0 0
-0 -0 0
-0 -0 0
-0 -0 0
-0 -0 0
-0 -0 0
-0 -0 0
-0 -0 0
-0 -0 0
-0 -0 0
-0 -0 0
-0 -0 0
-0 -0 0
-0 -0 0
-0 -0 0
-0 -0 0
-0 -0 0
-0 -0 0
-0 -0 0
-0 -0 0
-0 -0 0
-0 -0 0
-0 -0 0
-0.14448208 -0.12939459 0.5995
-0.13871512 -0.12890896 0.59725004
-0.13304338 -0.12847728 0.59525001
-0.12740664 -0.1280456 0.59325004
-0.12201092 -0.12782978 0.59225005
-0.11742172 -0.12847728 0.59525001
-0.11282719 -0.12917875 0.59850001
-0.10763649 -0.12923272 0.59875005
-0.10218488 -0.12896292 0.59750003
-0.097160816 -0.12923272 0.59875005
-0 -0 0
-0 -0 0
-0 -0 0
-0 -0 0
-0 -0 0
-0 -0 0
-0 -0 0
-0 -0 0
-0 -0 0
-0.037097462 -0.10705541 0.49600002
-0.032560341 -0.1064079 0.49300003
-0.028047059 -0.10565247 0.48950002
-0.023582879 -0.10484307 0.48575002
-0.019124603 -0.10370993 0.48050001
-0.014828053 -0.10306241 0.47750002
-0.010544955 -0.10203718 0.47275001
-0.0063720788 -0.10144363 0.47000003
-0.0022413034 -0.10058028 0.46600002
0.0018204729 -0.099770896 0.46225002
0.0057912669 -0.098529831 0.45650002
0.0096775359 -0.097450644 0.45150003
0.013506506 -0.096587293 0.44750002
0.017119505 -0.094914548 0.43975002
0.020728027 -0.093835361 0.43475002
0.024206748 -0.092594296 0.42900002
0.027601162 -0.091407195 0.42350003
0.031139594 -0.090921551 0.42125002
0.034473322 -0.090004243 0.41700003
0.037481293 -0.088493384 0.41000003
0.040667288 -0.087630033 0.40600002
0.043864988 -0.086928561 0.40275002
0.047064655 -0.086335003 0.40000001
0.050089795 -0.085525617 0.39625001
0.05304933 -0.084716223 0.39250001
0.055907279 -0.083852872 0.38850001
0.058771573 -0.083097443 0.38500002
0.061695676 -0.082503892 0.38225001
0.064529136 -0.081856377 0.37925002
0.067310102 -0.08120887 0.37625003
0.069850937 -0.080345519 0.37225002
0.072469085 -0.079644047 0.36900002
0.074979082 -0.07888861 0.3655
0.077374376 -0.078079224 0.36175001
0.079871036 -0.077431709 0.35875002
0.082199521 -0.076676279 0.35525003
0.084826961 -0.076244608 0.35325003
0.087170526 -0.075597085 0.35025001
0.089654841 -0.075111456 0.34800002
0.09183339 -0.074409984 0.34475002
0.094436564 -0.074086227 0.34325001
0.096161865 -0.073114954 0.33875
0.098393686 -0.072575361 0.33625001
0.10012972 -0.071712017 0.33225003
0.10233846 -0.071226381 0.33000001
0.10418896 -0.070524909 0.32675001
0.10606453 -0.069877401 0.32375002
0.10847622 -0.069607601 0.32250002
0.11052094 -0.069121964 0.32025
0.11234938 -0.068528414 0.31750003
0.11431099 -0.068042777 0.31525001
0.11632607 -0.067611098 0.31325001
0.11821115 -0.067125469 0.31100002
0.11995964 -0.066585876 0.30850002
0.12176379 -0.06610024 0.30625001
0.12363015 -0.065668561 0.30425
0.1248389 -0.064913131 0.30075002
0.12683408 -0.064589374 0.29925001
0.12858674 -0.064157702 0.29725
0.12986305 -0.063510187 0.29425001
0.1310869 -0.062862679 0.29125002
0.13294648 -0.062538922 0.28975001
0.13477983 -0.062215161 0.28825
0.13587244 -0.061567649 0.28525001
0.13727638 -0.06108202 0.28300002
0.13901131 -0.060758263 0.28150001
0.14071999 -0.060434502 0.28
0.14201896 -0.059948873 0.27775002
0.14327855 -0.059463233 0.2755
0.14449878 -0.058977604 0.27325001
0.1460828 -0.058653843 0.27175
0.14723086 -0.058168214 0.26950002
0.14847833 -0.057736535 0.26750001
0.15039554 -0.057574656 0.26675001
0.15072511 -0.05681923 0.26325002
0.1524467 -0.056603387 0.26225001
0.15400329 -0.05633359 0.26100001
0.15568772 -0.056117758 0.26000002
0.15689896 -0.055740036 0.25825
0.15777147 -0.055254404 0.25600001
0.15907338 -0.054930646 0.2545
0.16034906 -0.054606896 0.25300002
0.16159847 -0.054283135 0.25150001
0.16347294 -0.054175217 0.25100002
0.1643486 -0.053743541 0.24900001
0.16552368 -0.053419787 0.24750002
0.16701126 -0.053203948 0.24650002
0.16848134 -0.052988112 0.24550001
-0 -0 0
-0 -0 0
-0 -0 0
-0 -0 0
-0 -0 0
-0 -0 0
-0 -0 0
-0 -0 0
-0 -0 0
-0 -0 0
-0 -0 0
-0 -0 0
-0 -0 0
-0 -0 0
-0 -0 0
-0 -0 0
-0 -0 0
-0 -0 0
-0 -0 0
-0 -0 0
-0 -0 0
-0 -0 0
-0 -0 0
-0 -0 0
-0 -0 0
-0 -0 0
-0 -0 0
-0 -0 0
-0 -0 0
-0 -0 0
-0 -0 0
-0 -0 0
-0 -0 0
-0 -0 0
-0 -0 0
-0 -0 0
-0 -0 0
-0 -0 0
-0 -0 0
-0 -0 0
-0 -0 0
-0 -0 0
-0 -0 0
-0 -0 0
-0 -0 0
-0 -0 0
-0 -0 0
-0 -0 0
-0.17810741 -0.12953873 0.62550002
-0.17277358 -0.12964228 0.62600005
-0.16716373 -0.12953873 0.62550002
-0.16123952 -0.1291763 0.62375003
-0.15478396 -0.12834792 0.61975002
-0.14490385 -0.12451665 0.60125005
-0.13865705 -0.12363648 0.597
-0.13309927 -0.12332585 0.59550005
-0.12746033 -0.12291165 0.59350002
-0.12201092 -0.12265278 0.59225005
-0.11742172 -0.12327407 0.59525001
-0.11282719 -0.12394713 0.59850001
-0.10763649 -0.12399891 0.59875005
-0.10231314 -0.12389535 0.59825003
-0.097160816 -0.12399891 0.59875005
-0 -0 0
-0 -0 0
-0 -0 0
-0 -0 0
-0 -0 0
-0 -0 0
-0 -0 0
-0 -0 0
-0.041937694 -0.10396234 0.50200003
-0.037396632 -0.10354814 0.5
-0.032659408 -0.10240911 0.49450001
-0.028175978 -0.1018396 0.49175003
-0.023679977 -0.10101122 0.48775002
-0.019253958 -0.10018283 0.48375002
-0.014897924 -0.099354446 0.47975004
-0.010617448 -0.098577827 0.47600001
-0.0063890261 -0.097594127 0.47125003
-0.0022509226 -0.096921064 0.46800002
0.0018214574 -0.095782034 0.46250004
0.0058134678 -0.094901875 0.45825002
0.0096882526 -0.093607523 0.45200002
0.013544234 -0.092934459 0.44875002
0.017109774 -0.091018818 0.43950003
0.020835301 -0.090501077 0.43700001
0.024220856 -0.088896081 0.42925003
0.027764097 -0.088223018 0.42600003
0.031231996 -0.087498181 0.42250001
0.034514658 -0.086462699 0.41750002
0.037641272 -0.085271895 0.41175002
0.040892664 -0.084547065 0.40825003
0.044001129 -0.083666898 0.40400001
0.047211729 -0.083097383 0.40125
0.050374217 -0.082527876 0.39850003
0.053319648 -0.081699483 0.39450002
0.056087159 -0.080715775 0.38975
0.058886062 -0.079887398 0.38575003
0.06181673 -0.079317875 0.38300002
0.064784363 -0.078851916 0.38075003
0.067533724 -0.078178853 0.37750003
0.070085496 -0.077350467 0.37350002
0.072714575 -0.076677397 0.37025002
0.075184226 -0.075900793 0.36650002
0.077588268 -0.075124182 0.36275002
0.080093674 -0.074502885 0.35975
0.082546592 -0.073881596 0.35675001
0.084947027 -0.073260315 0.35375002
0.087232754 -0.072587252 0.35050002
0.089654841 -0.072069511 0.34800002
0.092033178 -0.07155177 0.34550002
0.094642907 -0.071241125 0.34400001
0.096161865 -0.070153862 0.33875
0.098540008 -0.069739677 0.33675003
0.10050642 -0.069066614 0.33350003
0.10257105 -0.068497099 0.33075002
0.10450783 -0.06787581 0.32775003
0.10647404 -0.067306295 0.32500002
0.1086444 -0.066892102 0.32300001
0.11060722 -0.066374362 0.32050002
0.1125263 -0.065856621 0.31800002
0.11449229 -0.065390654 0.31575
0.11623324 -0.064821139 0.31300002
0.11821115 -0.064406946 0.31100002
0.12005685 -0.06394098 0.30875
0.1216644 -0.063371465 0.30600002
0.12342698 -0.062905498 0.30375001
0.12473512 -0.062232431 0.30050001
0.12683408 -0.061973564 0.29925001
0.12869489 -0.061611146 0.29750001
0.13019405 -0.061093405 0.29500002
0.13131194 -0.060420342 0.29175001
0.13317589 -0.060109697 0.29025
0.13477983 -0.059695501 0.28825
0.13575336 -0.059022445 0.28500003
0.13715512 -0.058556475 0.28275001
0.13901131 -0.058297604 0.28150001
0.14071999 -0.05798696 0.28
0.1421468 -0.057572771 0.27800003
0.14353859 -0.057158578 0.27600002
0.14476319 -0.056692608 0.27375001
0.1462172 -0.056330189 0.27200001
0.1476406 -0.055967774 0.27025002
0.14875585 -0.055501804 0.26800001
0.15039554 -0.055242933 0.26675001
0.15115452 -0.054673418 0.264
0.15259203 -0.054362778 0.26250002
0.15429832 -0.054155678 0.2615
0.15568772 -0.053845037 0.26000002
0.15674709 -0.053430844 0.25800002
0.15746331 -0.052913103 0.25550002
0.15907338 -0.052706003 0.2545
0.1608244 -0.052550685 0.25375003
0.16208038 -0.05224004 0.25225002
0.16363575 -0.05203294 0.25125
0.16484363 -0.051722299 0.24975002
0.16602525 -0.051411651 0.24825001
0.16768879 -0.051256333 0.24750002
0.16916762 -0.051049236 0.24650002
-0 -0 0
-0 -0 0
-0 -0 0
-0 -0 0
-0 -0 0
-0 -0 0
-0 -0 0
-0 -0 0
-0 -0 0
-0 -0 0
-0 -0 0
-0 -0 0
-0 -0 0
-0 -0 0
-0 -0 0
-0 -0 0
-0 -0 0
-0 -0 0
-0 -0 0
-0 -0 0
-0 -0 0
-0 -0 0
-0 -0 0
-0 -0 0
-0 -0 0
-0 -0 0
-0 -0 0
-0 -0 0
-0 -0 0
-0 -0 0
-0 -0 0
-0 -0 0
-0 -0 0
-0 -0 0
-0 -0 0
-0 -0 0
-0 -0 0
-0 -0 0
-0 -0 0
-0 -0 0
-0 -0 0
-0 -0 0
-0 -0 0
-0 -0 0
-0 -0 0
-0 -0 0
-0 -0 0
-0.18335913 -0.12392232 0.62475002
-0.17782268 -0.12387273 0.62450004
-0.17249757 -0.12397191 0.625
-0.16696329 -0.12392232 0.62475002
-0.16130415 -0.12377355 0.62400001
-0.15490885 -0.12302973 0.62025005
-0 -0 0
-0.13871512 -0.11846756 0.59725004
-0.13315514 -0.11817003 0.59575003
-0.12751402 -0.11777331 0.59375
-0.1219594 -0.11742619 0.59200001
-0.1170272 -0.11767414 0.59325004
-0.11273294 -0.11861633 0.59800005
-0.10763649 -0.11876509 0.59875005
-0.10231314 -0.11866591 0.59825003
-0.0975665 -0.11926098 0.60125005
-0.092383564 -0.11936016 0.60175002
-0 -0 0
-0 -0 0
-0 -0 0
-0 -0 0
-0 -0 0
-0 -0 0
-0 -0 0
-0 -0 0
-0.037583616 -0.099673413 0.5025
-0.032841034 -0.098632053 0.49725002
-0.028276248 -0.097888224 0.49350002
-0.023801351 -0.09724357 0.49025002
-0.019343512 -0.096400559 0.48600003
-0.014991084 -0.095755905 0.48275003
-0.010701095 -0.095160842 0.47975004
-0.0064466456 -0.094317831 0.47550002
-0.0022557322 -0.093028523 0.46900001
0.0018214574 -0.091739215 0.46250004
0.005832497 -0.091193736 0.45975003
0.0097257625 -0.09000361 0.45375001
0.013529142 -0.088912658 0.44825003
0.017119505 -0.087226637 0.43975002
0.020811463 -0.086581983 0.43650001
0.024220856 -0.085143909 0.42925003
0.027845563 -0.084747203 0.42725003
0.031342879 -0.084102549 0.42400002
0.034617994 -0.083061181 0.41875002
0.037892673 -0.08221817 0.41450003
0.041017871 -0.081226401 0.40950003
0.04432787 -0.080730505 0.40700001
0.047417641 -0.079937093 0.40300003
0.050374217 -0.079044491 0.39850003
0.053488594 -0.078499012 0.39575002
0.056590833 -0.078003123 0.39325002
0.059115041 -0.076812997 0.38725001
0.062179886 -0.076416291 0.38525003
0.064911969 -0.075672455 0.38150001
0.067757346 -0.075126983 0.37875003
0.070554607 -0.074581504 0.37600002
0.072714575 -0.073440962 0.37025002
0.075235516 -0.072746724 0.36675003
0.077695213 -0.072052471 0.36325002
0.080371976 -0.071606182 0.36100003
0.082777984 -0.070961528 0.35775003
0.08512713 -0.070316873 0.35450003
0.087543853 -0.069771394 0.35175002
0.089654841 -0.069027558 0.34800002
0.092232965 -0.068680443 0.34625003
0.094780467 -0.068333313 0.34450001
0.096516706 -0.067440718 0.34
0.098686315 -0.066895247 0.33725002
0.10080779 -0.066349767 0.33450001
0.10280364 -0.065754704 0.33150002
0.10490642 -0.065258816 0.32900003
0.10704736 -0.064812511 0.32675001
0.10898076 -0.064267039 0.324
0.11095233 -0.063771151 0.3215
0.11261476 -0.063126497 0.31825
0.11449229 -0.062630609 0.31575
0.11632607 -0.06213472 0.31325001
0.11830617 -0.06173801 0.31125
0.12015406 -0.061291713 0.30900002
0.1216644 -0.06069665 0.30600002
0.12352858 -0.06029994 0.30400002
0.12515023 -0.059804052 0.30150002
0.12662217 -0.059258573 0.29875001
0.12858674 -0.058961038 0.29725
0.1306354 -0.058713093 0.296
0.13153698 -0.057969265 0.29225001
0.1330612 -0.057522967 0.29000002
0.13477983 -0.057175841 0.28825
0.13599153 -0.056630369 0.28550002
0.13764019 -0.05628325 0.28375003
0.13913478 -0.055886541 0.28175002
0.14084564 -0.055589005 0.28025001
0.1422746 -0.055192295 0.27825001
0.14379862 -0.054845173 0.27650002
0.14529201 -0.054498054 0.27475002
0.14635159 -0.054002166 0.27225003
0.14805034 -0.053754225 0.27100003
0.14917214 -0.053307921 0.26875001
0.15039554 -0.052911211 0.26675001
0.15201336 -0.052663267 0.26550001
0.15317333 -0.052266557 0.26350001
0.15415081 -0.05182026 0.26125002
0.15523861 -0.05142355 0.25925002
0.15644331 -0.051076431 0.25750002
0.15746331 -0.050679717 0.25550002
0.15922965 -0.050530951 0.25475001
0.16098283 -0.050382186 0.25400001
0.16240163 -0.050134242 0.25275001
0.16379857 -0.049886297 0.25150001
0.16533867 -0.049687944 0.25050002
0.16652684 -0.049390409 0.24900001
0.16802755 -0.049192056 0.24800001
0.16933919 -0.048944112 0.24675001
-0 -0 0
-0 -0 0
-0 -0 0
-0 -0 0
-0 -0 0
-0 -0 0
-0 -0 0
-0 -0 0
-0 -0 0
-0 -0 0
-0 -0 0
-0 -0 0
-0 -0 0
-0 -0 0
-0 -0 0
-0 -0 0
-0 -0 0
-0 -0 0
-0 -0 0
-0 -0 0
-0 -0 0
-0 -0 0
-0 -0 0
-0 -0 0
-0 -0 0
-0 -0 0
-0 -0 0
-0 -0 0
-0 -0 0
-0 -0 0
-0 -0 0
-0 -0 0
-0 -0 0
-0 -0 0
-0 -0 0
-0 -0 0
-0 -0 0
-0 -0 0
-0 -0 0
-0 -0 0
-0 -0 0
-0 -0 0
-0 -0 0
-0 -0 0
-0 -0 0
-0 -0 0
-0 -0 0
-0 -0 0
-0.17711081 -0.1179398 0.62200004
-0.17222159 -0.11831903 0.62400001
-0.1670301 -0.11850864 0.625
-0.16162728 -0.11855604 0.62525004
-0.15559566 -0.11812942 0.62300003
-0.14966369 -0.11775019 0.62100005
-0.13877317 -0.11329426 0.59750003
-0.1334904 -0.11324687 0.59725004
-0.12794355 -0.11296244 0.59575003
-0.12216543 -0.112441 0.59300005
-0.11712582 -0.11258321 0.59375
-0.11296858 -0.11362609 0.59925002
-0.10804096 -0.1139579 0.60100001
-0.10278344 -0.1139579 0.60100001
-0.097931609 -0.11443194 0.60350001
-0.092882514 -0.11471637 0.60500002
-0.087915756 -0.115143 0.60725003
-0 -0 0
-0 -0 0
-0 -0 0
-0 -0 0
-0 -0 0
-0 -0 0
-0 -0 0
-0.037770599 -0.095754981 0.505
-0.033006147 -0.094759509 0.49975002
-0.028405167 -0.094001055 0.49575001
-0.023886312 -0.093290001 0.49200001
-0.019393263 -0.092389338 0.48725003
-0.015099771 -0.09219972 0.48625001
-0.010728977 -0.091204256 0.48100004
-0.0064568138 -0.090303585 0.47625002
-0.0022677565 -0.089402914 0.47150001
0.0018313031 -0.088170432 0.46500003
0.0058293254 -0.087127551 0.45950001
0.0097311214 -0.086084679 0.45400003
0.01356687 -0.085231416 0.44950002
0.017226564 -0.083904117 0.44250003
0.020763785 -0.082576826 0.43550003
0.024291389 -0.081628755 0.43050003
0.027861856 -0.08105991 0.42750001
0.031379841 -0.080491066 0.42450002
0.034804001 -0.079827428 0.42100003
0.038006946 -0.078831948 0.41575003
0.041343406 -0.078263104 0.41275001
0.044572927 -0.077599458 0.40925002
0.047711793 -0.076888405 0.40550002
0.050532229 -0.075798132 0.39975002
0.05355617 -0.075134479 0.39625001
0.056770712 -0.074802652 0.39450002
0.059344023 -0.073712379 0.38875002
0.062381636 -0.073285744 0.38650003
0.065039583 -0.072479881 0.38225001
0.067936242 -0.072005853 0.37975001
0.070742249 -0.071484409 0.377
0.073107362 -0.070583746 0.37225002
0.075594507 -0.0698727 0.36850002
0.078122988 -0.069256455 0.36525002
0.08065027 -0.06868761 0.36225003
0.083125055 -0.068118766 0.35925001
0.085307233 -0.067360312 0.35525003
0.087854952 -0.066933684 0.35300002
0.08997687 -0.06622263 0.34925002
0.092565931 -0.065890804 0.34750003
0.094918042 -0.065416776 0.34500003
0.096800581 -0.064658314 0.34100002
0.098905779 -0.064089477 0.33800003
0.10103381 -0.063568033 0.33525002
0.10319128 -0.063094005 0.33275002
0.10522528 -0.062572561 0.33000001
0.10737498 -0.062145934 0.32775003
0.10931712 -0.061624493 0.32500002
0.11121117 -0.061103053 0.32225001
0.11243783 -0.060249791 0.31775001
0.11449229 -0.059870563 0.31575
0.11641891 -0.059443936 0.31350002
0.11821115 -0.0589699 0.31100002
0.12015406 -0.058590673 0.30900002
0.12206198 -0.058211446 0.30700001
0.12363015 -0.057690006 0.30425
0.12546155 -0.057310782 0.30225003
0.127046 -0.056836743 0.29975
0.12869489 -0.056410115 0.29750001
0.13019405 -0.055936079 0.29500002
0.13176201 -0.055509444 0.29275
0.13294648 -0.054940607 0.28975001
0.13477983 -0.054656181 0.28825
0.13634878 -0.054276962 0.28625003
0.13812527 -0.053992536 0.28475001
0.13913478 -0.053423699 0.28175002
0.14071999 -0.053091869 0.28
0.1422746 -0.052760046 0.27825001
0.14379862 -0.052428223 0.27650002
0.14529201 -0.0520964 0.27475002
0.14648598 -0.051669769 0.27250001
0.14777717 -0.051290538 0.2705
0.14903338 -0.050911311 0.2685
0.15053649 -0.050626893 0.26700002
0.1521565 -0.050389875 0.26575002
0.15317333 -0.049963243 0.26350001
0.15370828 -0.049394403 0.26050001
0.15493922 -0.04906258 0.25875002
0.15629143 -0.048778158 0.25725001
0.15761738 -0.048493735 0.25575
0.15938592 -0.04835153 0.25500003
0.16098283 -0.048161913 0.25400001
0.16256228 -0.047972299 0.25300002
0.1639614 -0.047735285 0.25175002
0.16550367 -0.047545668 0.25075001
0.16669405 -0.047261246 0.24925001
0.16802755 -0.047024228 0.24800001
0.16916762 -0.046739809 0.24650002
-0 -0 0
-0 -0 0
-0 -0 0
-0 -0 0
-0 -0 0
-0 -0 0
-0 -0 0
-0 -0 0
-0 -0 0
-0 -0 0
-0 -0 0
-0 -0 0
-0 -0 0
-0 -0 0
-0 -0 0
-0 -0 0
-0 -0 0
-0 -0 0
-0 -0 0
-0 -0 0
-0 -0 0
-0 -0 0
-0 -0 0
-0 -0 0
-0 -0 0
-0 -0 0
-0 -0 0
-0 -0 0
-0 -0 0
-0 -0 0
-0 -0 0
-0 -0 0
-0 -0 0
-0 -0 0
-0 -0 0
-0 -0 0
-0 -0 0
-0 -0 0
-0 -0 0
-0 -0 0
-0 -0 0
-0 -0 0
-0 -0 0
-0 -0 0
-0 -0 0
-0 -0 0
-0 -0 0
-0 -0 0
-0.17689726 -0.1123671 0.62125003
-0.17215259 -0.11281928 0.62375003
-0.16729736 -0.11322625 0.62600005
-0.1622089 -0.11349756 0.62750006
-0.15634492 -0.11322625 0.62600005
-0.14990468 -0.11250276 0.62200004
-0.13935381 -0.10852356 0.60000002
-0.13371392 -0.10820703 0.59825003
-0.1281583 -0.10793572 0.59675002
-0.12242293 -0.10748354 0.59425002
-0.11722446 -0.10748354 0.59425002
-0.11320423 -0.108614 0.60050005
-0.10808591 -0.10874965 0.60125005
-0.10278344 -0.10870443 0.60100001
-0.097850479 -0.10906618 0.60300004
-0.092882514 -0.10942792 0.60500002
-0 -0 0
-0 -0 0
-0 -0 0
-0 -0 0
-0 -0 0
-0 -0 0
-0 -0 0
-0.042480711 -0.091973722 0.50850004
-0.037976284 -0.091838062 0.50775003
-0.033319864 -0.091250226 0.50450003
-0.028519763 -0.090029337 0.49775001
-0.023971274 -0.089305848 0.49375004
-0.019472867 -0.088491924 0.48925003
-0.015099771 -0.087949298 0.48625001
-0.010768011 -0.087316245 0.48275003
-0.0064907079 -0.086592756 0.47875002
-0.0022713637 -0.085417084 0.47225001
0.001836226 -0.084331848 0.46625003
0.0058356686 -0.083201393 0.46000001
0.0098061403 -0.08274921 0.45750001
0.013597052 -0.081483103 0.45050001
0.017265493 -0.080216996 0.44350001
0.020775704 -0.078815229 0.43575001
0.024376025 -0.078136958 0.43200001
0.027992204 -0.077684782 0.42950001
0.031472243 -0.077006511 0.42575002
0.034990009 -0.076554328 0.42325002
0.03818978 -0.075559527 0.41775003
0.04141853 -0.07479082 0.41350001
0.044709068 -0.074248202 0.41050002
0.047770623 -0.073434271 0.40600002
0.050879858 -0.072801225 0.40250003
0.053927854 -0.072168164 0.39900002
0.056950595 -0.071580328 0.39575002
0.05964933 -0.070675969 0.39075002
0.062623739 -0.070178568 0.38800001
0.065124653 -0.069228984 0.38275
0.068115145 -0.068867244 0.38075003
0.070789166 -0.06823419 0.37725002
0.073107362 -0.067329824 0.37225002
0.075799651 -0.066832423 0.36950001
0.078390352 -0.066289805 0.36650002
0.080817245 -0.065656751 0.36300001
0.083182901 -0.065023698 0.35950002
0.085607395 -0.064481087 0.35650003
0.088041618 -0.063983679 0.35375002
0.090427719 -0.063486278 0.35100001
0.093098685 -0.063214973 0.34950003
0.094505347 -0.062129736 0.34350002
0.096942522 -0.061767992 0.34150001
0.099271558 -0.06136103 0.33925003
0.10125984 -0.060773194 0.33600003
0.10350139 -0.060366228 0.33375001
0.10554415 -0.059868831 0.33100003
0.10745688 -0.059326209 0.32800001
0.10940122 -0.058828816 0.32525003
0.11103861 -0.058195759 0.32175002
0.11288015 -0.057698358 0.31900001
0.11458294 -0.05715574 0.31600001
0.11660458 -0.056793995 0.31400001
0.11868627 -0.056477468 0.31225002
0.1204457 -0.056025289 0.30975002
0.12226078 -0.055618323 0.3075
0.12373174 -0.055075705 0.30450001
0.12556532 -0.054713961 0.30250001
0.12694004 -0.054171342 0.29950002
0.12869489 -0.053809598 0.29750001
0.1303044 -0.053402636 0.29525003
0.13198707 -0.053040892 0.29325002
0.1330612 -0.052453056 0.29000002
0.13477983 -0.052136526 0.28825
0.13646784 -0.051819999 0.28650001
0.13800399 -0.051458251 0.2845
0.13925822 -0.051006071 0.28200001
0.14071999 -0.050644327 0.28
0.1422746 -0.0503278 0.27825001
0.14366861 -0.049966052 0.27625
0.14502759 -0.049604308 0.27425
0.14635159 -0.049242567 0.27225003
0.14750402 -0.048835602 0.27000001
0.14903338 -0.048564289 0.2685
0.15067744 -0.048338201 0.26725
0.1521565 -0.048066895 0.26575002
0.15288268 -0.047569495 0.26300001
0.15400329 -0.047207747 0.26100001
0.15508892 -0.046846002 0.259
0.15644331 -0.046574697 0.25750002
0.15792555 -0.046348605 0.25625002
0.15938592 -0.046122514 0.25500003
0.16114129 -0.045986861 0.25425002
0.1627229 -0.045805983 0.25325
0.16428705 -0.045625113 0.25225002
0.16566868 -0.045399021 0.25100002
0.16686124 -0.045127712 0.24950001
0.16785817 -0.044811185 0.24775001
0.16916762 -0.044585098 0.24650002
-0 -0 0
-0 -0 0
-0 -0 0
-0 -0 0
-0 -0 0
-0 -0 0
-0 -0 0
-0 -0 0
-0 -0 0
-0 -0 0
-0 -0 0
-0 -0 0
-0 -0 0
-0 -0 0
-0 -0 0
-0 -0 0
-0 -0 0
-0 -0 0
-0 -0 0
-0 -0 0
-0 -0 0
-0 -0 0
-0 -0 0
-0 -0 0
-0 -0 0
-0 -0 0
-0 -0 0
-0 -0 0
-0 -0 0
-0 -0 0
-0 -0 0
-0 -0 0
-0 -0 0
-0 -0 0
-0 -0 0
-0 -0 0
-0 -0 0
-0 -0 0
-0 -0 0
-0 -0 0
-0 -0 0
-0 -0 0
-0 -0 0
-0 -0 0
-0 -0 0
-0 -0 0
-0 -0 0
-0 -0 0
-0.17732437 -0.10719481 0.62275004
-0.17235959 -0.10749604 0.62450004
-0.1676314 -0.1079694 0.62725002
-0.16253202 -0.1082276 0.62875003
-0.15640736 -0.10779727 0.62625003
-0.15068795 -0.10762514 0.62525004
-0.1397022 -0.10353702 0.60150003
-0.13410504 -0.10327882 0.60000002
-0.12864152 -0.10310669 0.59900004
-0.12273195 -0.10254727 0.59575003
-0.11756968 -0.10259029 0.59600002
-0.11315709 -0.10332185 0.60025001
-0.10808591 -0.10349399 0.60125005
-0.10291171 -0.10358005 0.60175002
-0.097972184 -0.10392432 0.60375005
-0.092920892 -0.1041825 0.60525
-0 -0 0
-0 -0 0
-0 -0 0
-0 -0 0
-0 -0 0
-0 -0 0
-0 -0 0
-0 -0 0
-0.037976284 -0.087399706 0.50775003
-0.033319864 -0.086840279 0.50450003
-0.028748954 -0.086366922 0.50175005
-0.023995548 -0.08507593 0.49425003
-0.019403214 -0.083914042 0.48750001
-0.015060955 -0.083483711 0.48500001
-0.010773587 -0.083139449 0.48300001
-0.0064805397 -0.082278796 0.47800002
-0.0022785782 -0.081547238 0.47375003
0.0018391797 -0.08038535 0.46700001
0.0058642128 -0.079567723 0.46225002
0.0098061403 -0.078750096 0.45750001
0.013664962 -0.077932477 0.45275003
0.017362818 -0.076770589 0.44600001
0.020847222 -0.075264439 0.43725002
0.024432452 -0.074532881 0.43300003
0.028089967 -0.07418862 0.43100002
0.031620085 -0.073629193 0.42775002
0.035072677 -0.073026732 0.42425001
0.038395468 -0.072295174 0.42000002
0.041719031 -0.07169272 0.41650003
0.04487244 -0.070918128 0.41200003
0.047858872 -0.070014432 0.40675002
0.051101074 -0.069584109 0.40425003
0.054130591 -0.068938613 0.40050003
0.057130475 -0.068336152 0.39700001
0.059801981 -0.067432463 0.39175001
0.062744789 -0.066916071 0.38875002
0.065507494 -0.066270575 0.38500002
0.068204589 -0.065625086 0.38125002
0.070882984 -0.065022625 0.37775001
0.07325466 -0.064204998 0.37300003
0.075697079 -0.063516475 0.36900002
0.078390352 -0.063086145 0.36650002
0.080817245 -0.062483683 0.36300001
0.083356448 -0.062010325 0.36025003
0.085847527 -0.061536964 0.35750002
0.088166058 -0.060977537 0.35425001
0.090749756 -0.060633272 0.35225001
0.093431659 -0.06037508 0.35075003
0.094780467 -0.059299253 0.34450001
0.097084455 -0.058868926 0.34200001
0.099417865 -0.058481634 0.33975002
0.10148587 -0.057965241 0.33675003
0.10365645 -0.057534907 0.33425
0.10570358 -0.057061549 0.33150002
0.10762069 -0.056545153 0.3285
0.10990575 -0.056243923 0.32675001
0.11112489 -0.055426303 0.32200003
0.11332247 -0.055125069 0.32025
0.11485489 -0.054522611 0.31675002
0.1168831 -0.05417835 0.31475002
0.11897135 -0.053877119 0.31300002
0.1204457 -0.053317692 0.30975002
0.12216139 -0.052887365 0.30725002
0.12373174 -0.052414 0.30450001
0.12556532 -0.052069739 0.30250001
0.12715197 -0.051639412 0.30000001
0.12880304 -0.051252116 0.29775003
0.13052507 -0.050907854 0.29575002
0.13243714 -0.050649654 0.29425001
0.13374943 -0.050176293 0.2915
0.13466294 -0.049573835 0.28800002
0.13646784 -0.049315635 0.28650001
0.13776146 -0.048885308 0.28400001
0.13938168 -0.048584078 0.28225002
0.14059436 -0.048153751 0.27975002
0.1422746 -0.047895551 0.27825001
0.14379862 -0.047594324 0.27650002
0.14502759 -0.047207024 0.27425
0.1460828 -0.046776697 0.27175
0.14750402 -0.04647547 0.27000001
0.14917214 -0.046260305 0.26875001
0.15053649 -0.045959078 0.26700002
0.15187024 -0.045657847 0.26525003
0.15317333 -0.045356613 0.26350001
0.15429832 -0.045012351 0.2615
0.15553801 -0.04471112 0.25975001
0.15674709 -0.044409893 0.25800002
0.15838775 -0.044237759 0.257
0.15969843 -0.043979567 0.25550002
0.16145818 -0.043850467 0.25475001
0.16336545 -0.043764401 0.25425002
0.16493832 -0.043592267 0.25325
0.16616371 -0.043334074 0.25175002
0.16719562 -0.04303284 0.25
0.16836631 -0.042774644 0.2485
0.16968232 -0.042559478 0.24725001
-0 -0 0
-0 -0 0
-0 -0 0
-0 -0 0
-0 -0 0
-0 -0 0
-0 -0 0
-0 -0 0
-0 -0 0
-0 -0 0
-0 -0 0
-0 -0 0
-0 -0 0
-0 -0 0
-0 -0 0
-0 -0 0
-0 -0 0
-0 -0 0
-0 -0 0
-0 -0 0
-0 -0 0
-0 -0 0
-0 -0 0
-0 -0 0
-0 -0 0
-0 -0 0
-0 -0 0
-0 -0 0
-0 -0 0
-0 -0 0
-0 -0 0
-0 -0 0
-0 -0 0
-0 -0 0
-0 -0 0
-0 -0 0
-0 -0 0
-0 -0 0
-0 -0 0
-0 -0 0
-0 -0 0
-0 -0 0
-0 -0 0
-0 -0 0
-0 -0 0
-0 -0 0
-0 -0 0
-0 -0 0
-0.17782268 -0.10203714 0.62450004
-0.17298058 -0.10240477 0.62675005
-0.16823272 -0.1028541 0.62950003
-0.16298439 -0.10301748 0.63050002
-0.15659466 -0.10244562 0.62700003
-0.1505072 -0.10203714 0.62450004
-0.14022478 -0.098646797 0.60375005
-0.13477558 -0.098524258 0.60300004
-0.12944686 -0.098483399 0.60275
-0.12355601 -0.09799324 0.59975004
-0.11835874 -0.098034084 0.60000002
-0.11339274 -0.098279171 0.60150003
-0.10840051 -0.098524258 0.60300004
-0.10329651 -0.098687641 0.60400003
-0.098377861 -0.099055275 0.60625005
-0 -0 0
-0 -0 0
-0 -0 0
-0 -0 0
-0 -0 0
-0 -0 0
-0 -0 0
-0 -0 0
-0 -0 0
-0.038163267 -0.083369821 0.51025003
-0.033484977 -0.082838804 0.50700003
-0.028834896 -0.082226083 0.50325
-0.024214022 -0.08149083 0.49875003
-0.019224107 -0.078917436 0.48300001
-0.015022137 -0.079039976 0.48375002
-0.010795893 -0.079080828 0.48400003
-0.0064974865 -0.078304723 0.47925001
-0.0022833878 -0.07756947 0.47475001
0.0018519791 -0.076834209 0.47025001
0.0058864136 -0.075813025 0.46400002
0.0097954236 -0.074669294 0.45700002
0.013695144 -0.074138276 0.45375001
0.017353086 -0.072831154 0.44575003
0.020882981 -0.071564883 0.43800002
0.024587624 -0.071197249 0.43575001
0.02820402 -0.070707083 0.43275002
0.031767931 -0.070216909 0.42975003
0.035238016 -0.069645047 0.42625001
0.038464032 -0.068746403 0.42075002
0.04189432 -0.068337925 0.41825002
0.045008581 -0.067520976 0.41325003
0.048035365 -0.066704027 0.40825003
0.051164277 -0.066132158 0.40475002
0.054265749 -0.06560114 0.40150002
0.057454266 -0.065233514 0.39925003
0.060030963 -0.064253174 0.39325002
0.062744789 -0.063517913 0.38875002
0.065677643 -0.063068591 0.38600001
0.068204589 -0.06229249 0.38125002
0.071164459 -0.061965711 0.37925002
0.07345105 -0.061107911 0.37400001
0.075799651 -0.060372654 0.36950001
0.078443825 -0.059923336 0.36675003
0.081039883 -0.05947401 0.36400002
0.083414286 -0.058902144 0.36050001
0.086147688 -0.05861621 0.35875002
0.088414937 -0.058044348 0.35525003
0.090942979 -0.057676718 0.35300002
0.093365058 -0.057268243 0.35050002
0.095399506 -0.05665553 0.34675002
0.09736833 -0.05604282 0.34300002
0.099491015 -0.055552647 0.34
0.10171189 -0.055144168 0.33750001
0.10365645 -0.054613151 0.33425
0.10570358 -0.054163832 0.33150002
0.10786639 -0.053796202 0.32925001
0.11024212 -0.053551119 0.32775003
0.11164255 -0.05285671 0.32350001
0.11358786 -0.052448232 0.32100001
0.11530815 -0.051958065 0.31800002
0.11697594 -0.051467896 0.31500003
0.11897135 -0.051141113 0.31300002
0.1204457 -0.050610095 0.30975002
0.12226078 -0.050242465 0.3075
0.12383334 -0.049793147 0.30475003
0.12566909 -0.049466364 0.30275002
0.12768176 -0.049221277 0.30125001
0.12945192 -0.048894498 0.29925001
0.1309664 -0.048486024 0.29675001
0.13254967 -0.048118398 0.29450002
0.13397886 -0.047709923 0.29200003
0.13477983 -0.047097206 0.28825
0.13646784 -0.046811271 0.28650001
0.13800399 -0.046484493 0.2845
0.13950513 -0.04615771 0.2825
0.14084564 -0.045790087 0.28025001
0.14240244 -0.045504153 0.27850002
0.14379862 -0.045177374 0.27650002
0.14476319 -0.044728048 0.27375001
0.1462172 -0.044442117 0.27200001
0.14777717 -0.04419703 0.2705
0.14931092 -0.043951947 0.26900002
0.15067744 -0.043666013 0.26725
0.15144081 -0.043216694 0.26450002
0.15273735 -0.042930756 0.26275
0.15415081 -0.042685676 0.26125002
0.15553801 -0.042440586 0.25975001
0.15689896 -0.042195499 0.25825
0.15869591 -0.042072963 0.25750002
0.16016722 -0.041868724 0.25625002
0.16177507 -0.041705333 0.25525001
0.16352607 -0.041582789 0.2545
0.16493832 -0.04137855 0.25325
0.16649373 -0.041215163 0.25225002
0.16753003 -0.040929232 0.25050002
0.16887446 -0.040724993 0.24925001
0.17019704 -0.040520754 0.24800001
-0 -0 0
-0 -0 0
-0 -0 0
-0 -0 0
-0 -0 0
-0 -0 0
-0 -0 0
-0 -0 0
-0 -0 0
-0 -0 0
-0 -0 0
-0 -0 0
-0 -0 0
-0 -0 0
-0 -0 0
-0 -0 0
-0 -0 0
-0 -0 0
-0 -0 0
-0 -0 0
-0 -0 0
-0 -0 0
-0 -0 0
-0 -0 0
-0 -0 0
-0 -0 0
-0 -0 0
-0 -0 0
-0 -0 0
-0 -0 0
-0 -0 0
-0 -0 0
-0 -0 0
-0 -0 0
-0 -0 0
-0 -0 0
-0 -0 0
-0 -0 0
-0 -0 0
-0 -0 0
-0 -0 0
-0 -0 0
-0 -0 0
-0 -0 0
-0 -0 0
-0 -0 0
-0 -0 0
-0 -0 0
-0 -0 0
-0 -0 0
-0 -0 0
-0.16304901 -0.097544797 0.63075
-0.15740636 -0.097467475 0.63025004
-0 -0 0
-0.14074735 -0.093717232 0.60600001
-0.13499908 -0.093407944 0.60400003
-0.12944686 -0.093214624 0.60275
-0.12391653 -0.093021318 0.60150003
-0.11870395 -0.093059979 0.60175002
-0.11400542 -0.093523927 0.60475004
-0.10880498 -0.093601249 0.60525
-0.10372406 -0.093794562 0.60650003
-0.098499566 -0.093871891 0.60700005
-0 -0 0
-0 -0 0
-0 -0 0
-0 -0 0
-0 -0 0
-0 -0 0
-0 -0 0
-0 -0 0
-0 -0 0
-0.038350247 -0.079296231 0.51275003
-0.03376567 -0.07906425 0.51125002
-0.028949494 -0.078136362 0.50525004
-0.024396081 -0.077711076 0.5025
-0.019204207 -0.074618094 0.48250002
-0.015022137 -0.074811406 0.48375002
-0.010829352 -0.075082049 0.48550004
-0.0065279915 -0.074463449 0.48150003
-0.0022821855 -0.07338091 0.47450003
0.0018519791 -0.072723649 0.47025001
0.0058959285 -0.071873076 0.46475002
0.0098436503 -0.071022511 0.45925003
0.013732872 -0.07036525 0.45500001
0.017382285 -0.069050737 0.44650003
0.020942578 -0.067929536 0.43925002
0.024672262 -0.067620233 0.43725002
0.028350662 -0.067272276 0.43500003
0.031767931 -0.066460371 0.42975003
0.035341352 -0.066112407 0.42750001
0.038555451 -0.065223172 0.42175001
0.041969445 -0.064797893 0.41900003
0.04517195 -0.064140633 0.41475001
0.048447181 -0.063676685 0.41175002
0.051132675 -0.062555484 0.40450001
0.054333325 -0.062168859 0.40200001
0.057490241 -0.061782237 0.39950001
0.060450763 -0.061240967 0.39600003
0.062825486 -0.060197085 0.38925001
0.065550037 -0.059578493 0.38525003
0.068338767 -0.059075885 0.38200003
0.071117543 -0.058611933 0.37900001
0.073500149 -0.057877354 0.37425002
0.075799651 -0.057142772 0.36950001
0.078604236 -0.056833472 0.36750001
0.08098422 -0.056253538 0.36375001
0.083529986 -0.055828258 0.36100003
0.086267754 -0.05555762 0.35925001
0.088601597 -0.055055011 0.35600001
0.091200605 -0.054745711 0.354
0.093365058 -0.054204442 0.35050002
0.09574341 -0.05381782 0.34800002
0.097794138 -0.053276546 0.34450001
0.09963733 -0.052657954 0.34050003
0.10193792 -0.052309994 0.33825001
0.10373399 -0.051730059 0.33450001
0.105863 -0.051343437 0.33200002
0.1081121 -0.051034138 0.33000001
0.11049438 -0.050802164 0.3285
0.11216021 -0.050260894 0.32500002
0.11376479 -0.04971962 0.3215
0.11594271 -0.049448989 0.31975001
0.11753296 -0.048946377 0.31650001
0.11925643 -0.048521098 0.31375003
0.12102896 -0.048134468 0.31125
0.12295658 -0.047825176 0.30925003
0.12454443 -0.04739989 0.30650002
0.12618795 -0.047013268 0.30400002
0.12799965 -0.046703972 0.30200002
0.12999265 -0.046471994 0.30050001
0.13107674 -0.045930728 0.29700002
0.13243714 -0.045505442 0.29425001
0.13386415 -0.04511882 0.29175001
0.13548121 -0.04480952 0.28975001
0.1368251 -0.044422898 0.28725001
0.13812527 -0.044036277 0.28475001
0.13950513 -0.043688316 0.2825
0.14097129 -0.04337902 0.28050002
0.1422746 -0.043031059 0.27825001
0.14379862 -0.042760424 0.27650002
0.1451598 -0.042451125 0.27450001
0.14648598 -0.042141825 0.27250001
0.14791375 -0.041871194 0.27075002
0.14944968 -0.041639216 0.26925001
0.15053649 -0.041291259 0.26700002
0.15158394 -0.040943298 0.26475
0.15259203 -0.040595338 0.26250002
0.15429832 -0.040440686 0.2615
0.1558374 -0.040247377 0.26025
0.15735462 -0.040054064 0.259
0.15915811 -0.039938077 0.25825
0.16063598 -0.039744768 0.257
0.16193353 -0.039512798 0.25550002
0.16368672 -0.039396808 0.25475001
0.16510114 -0.039203499 0.25350001
0.16649373 -0.039010186 0.25225002
0.16803159 -0.038855538 0.25125
0.16921324 -0.038623564 0.24975002
0.17019704 -0.038352929 0.24800001
-0 -0 0
-0 -0 0
-0 -0 0
-0 -0 0
-0 -0 0
-0 -0 0
-0 -0 0
-0 -0 0
-0 -0 0
-0 -0 0
-0 -0 0
-0 -0 0
-0 -0 0
-0 -0 0
-0 -0 0
-0 -0 0
-0 -0 0
-0 -0 0
-0 -0 0
-0 -0 0
-0 -0 0
-0 -0 0
-0 -0 0
-0 -0 0
-0 -0 0
-0 -0 0
-0 -0 0
-0 -0 0
-0 -0 0
-0 -0 0
-0 -0 0
-0 -0 0
-0 -0 0
-0 -0 0
-0 -0 0
-0 -0 0
-0 -0 0
-0 -0 0
-0 -0 0
-0 -0 0
-0 -0 0
-0 -0 0
-0 -0 0
-0 -0 0
-0 -0 0
-0 -0 0
-0 -0 0
-0 -0 0
-0 -0 0
-0 -0 0
-0 -0 0
-0 -0 0
-0 -0 0
-0 -0 0
-0.14132799 -0.088784821 0.6085
-0.13583724 -0.088675395 0.60775006
-0.12987639 -0.088237666 0.60475004
-0.12422555 -0.087982334 0.60300004
-0.11904916 -0.088055283 0.60350001
-0.11442959 -0.088565961 0.60700005
-0.1090297 -0.088493004 0.60650003
-0.10376681 -0.088529482 0.60675001
-0.098499566 -0.088565961 0.60700005
-0 -0 0
-0 -0 0
-0 -0 0
-0 -0 0
-0 -0 0
-0 -0 0
-0 -0 0
-0 -0 0
-0 -0 0
-0.038368944 -0.074850634 0.51300001
-0.033782177 -0.074631773 0.5115
-0.02913571 -0.074194059 0.50850004
-0 -0 0
-0.019234058 -0.070509888 0.48325002
-0.015037664 -0.070655793 0.48425001
-0.010851657 -0.070984088 0.48650002
-0.0065652747 -0.070655793 0.48425001
-0.0022918049 -0.069525011 0.47650003
0.0018519791 -0.068613082 0.47025001
0.0059149577 -0.068029456 0.46625003
0.0098758014 -0.067226961 0.46075001
0.013710234 -0.066278562 0.45425001
0.017430946 -0.065330163 0.44775003
0.021026013 -0.064345285 0.44100001
0.024771009 -0.064053468 0.43900001
0.028481008 -0.063761652 0.43700001
0.031915773 -0.062995642 0.43175003
0.035403356 -0.062484961 0.42825001
0.038715433 -0.061791904 0.42350003
0.041919358 -0.061062362 0.41850001
0.04522641 -0.060588166 0.41525003
0.048535425 -0.060186919 0.41250002
0.051290687 -0.059202038 0.40575001
0.054468486 -0.058800794 0.40300003
0.057454266 -0.058253642 0.39925003
0.060412597 -0.057742964 0.39575002
0.06302724 -0.056976948 0.39050001
0.065805256 -0.056429792 0.38675001
0.068517663 -0.05588264 0.38300002
0.071211368 -0.055371966 0.37950003
0.073843837 -0.054861285 0.37600002
0.076004796 -0.054058798 0.37050003
0.078657709 -0.053657547 0.36775002
0.081095539 -0.053146869 0.36425
0.083761364 -0.052818578 0.36200002
0.086267754 -0.05241733 0.35925001
0.088726044 -0.052016091 0.35650003
0.091329426 -0.051724274 0.35450003
0.093431659 -0.051177118 0.35075003
0.095812187 -0.050812345 0.34825
0.098148972 -0.050447576 0.34575
0.10022257 -0.04997338 0.34250003
0.10216395 -0.049462702 0.33900002
0.10419916 -0.049024981 0.33600003
0.10642102 -0.048696686 0.33375001
0.10843972 -0.048295442 0.33100003
0.11074665 -0.048040103 0.32925001
0.11224649 -0.047456473 0.32525003
0.11376479 -0.046909317 0.3215
0.11603336 -0.046690457 0.32000002
0.11827567 -0.046471596 0.31850001
0.1199216 -0.046033874 0.31550002
0.12141781 -0.045559675 0.31225002
0.12325477 -0.04523138 0.31
0.12515396 -0.044939566 0.30800003
0.12649928 -0.044465367 0.30475003
0.12810561 -0.044100598 0.30225003
0.1301008 -0.043881733 0.30075002
0.13129739 -0.043407533 0.29750001
0.13277471 -0.043042764 0.29500002
0.1345524 -0.042787429 0.29325002
0.13571499 -0.042349704 0.29025
0.13706326 -0.041984934 0.28775001
0.1383678 -0.041620165 0.28525001
0.13938168 -0.041182443 0.28225002
0.14097129 -0.040927105 0.28050002
0.14240244 -0.040635288 0.27850002
0.14366861 -0.040306993 0.27625
0.1451598 -0.040051658 0.27450001
0.14648598 -0.039759841 0.27250001
0.14777717 -0.039468024 0.2705
0.14931092 -0.039249167 0.26900002
0.15025459 -0.038884398 0.26650003
0.15158394 -0.038629055 0.26475
0.15317333 -0.038446672 0.26350001
0.15503588 -0.038337242 0.26275
0.15673561 -0.038191333 0.26175001
0.15811406 -0.037972473 0.26025
0.15962034 -0.037790086 0.259
0.16094851 -0.037571229 0.25750002
0.16240887 -0.037388843 0.25625002
0.16400798 -0.037242934 0.25525001
0.16542679 -0.037060548 0.25400001
0.16682373 -0.036878165 0.25275001
0.16819879 -0.036695782 0.25150001
0.1693826 -0.036476918 0.25
0.17019704 -0.036185104 0.24800001
-0 -0 0
-0 -0 0
-0 -0 0
-0 -0 0
-0 -0 0
-0 -0 0
-0 -0 0
-0 -0 0
-0 -0 0
-0 -0 0
-0 -0 0
-0 -0 0
-0 -0 0
-0 -0 0
-0 -0 0
-0 -0 0
-0 -0 0
-0 -0 0
-0 -0 0
-0 -0 0
-0 -0 0
-0 -0 0
-0 -0 0
-0 -0 0
-0 -0 0
-0 -0 0
-0 -0 0
-0 -0 0
-0 -0 0
-0 -0 0
-0 -0 0
-0 -0 0
-0 -0 0
-0 -0 0
-0 -0 0
-0 -0 0
-0 -0 0
-0 -0 0
-0 -0 0
-0 -0 0
-0 -0 0
-0 -0 0
-0 -0 0
-0 -0 0
-0 -0 0
-0 -0 0
-0 -0 0
-0 -0 0
-0 -0 0
-0 -0 0
-0 -0 0
-0 -0 0
-0 -0 0
-0 -0 0
-0.14237316 -0.084083036 0.61300004
-0.13673127 -0.083911568 0.61175001
-0.13057436 -0.083397202 0.60800004
-0.12474058 -0.083054289 0.60550004
-0.11973959 -0.083260037 0.60700005
-0.11490088 -0.08360295 0.60950005
-0.10947911 -0.083534367 0.60900003
-0.10402334 -0.08343149 0.60825002
-0 -0 0
-0 -0 0
-0 -0 0
-0 -0 0
-0 -0 0
-0 -0 0
-0 -0 0
-0 -0 0
-0 -0 0
-0 -0 0
-0.038518533 -0.07064072 0.51500005
-0.033848226 -0.070297807 0.51250005
-0.029164357 -0.069817722 0.509
-0 -0 0
-0.01926391 -0.066388562 0.48400003
-0.015076482 -0.06659431 0.48550004
-0.010890692 -0.066971518 0.48825002
-0.0065686642 -0.066457145 0.48450002
-0.002297817 -0.065531269 0.47775003
0.0018598557 -0.064776853 0.47225001
0.005933987 -0.064159602 0.46775001
0.0098865181 -0.063268021 0.46125001
0.013747963 -0.062479317 0.45550004
0.017401749 -0.061313402 0.44700003
0.02114521 -0.060833316 0.44350001
0.024855647 -0.060421821 0.44050002
0.028497303 -0.05997603 0.43725002
0.032008179 -0.059393074 0.43300003
0.035403356 -0.058741529 0.42825001
0.038898267 -0.058364321 0.42550001
0.042019527 -0.057541326 0.41950002
0.045253638 -0.056992657 0.41550002
0.048476595 -0.056512579 0.41200003
0.051353894 -0.055723872 0.40625003
0.054434694 -0.055243786 0.40275002
0.057346337 -0.054660831 0.39850003
0.060488921 -0.054352202 0.39625001
0.063107945 -0.053632084 0.39100003
0.06618809 -0.05335775 0.38900003
0.06892018 -0.052843377 0.38525003
0.071539745 -0.052294709 0.38125002
0.074040227 -0.051711749 0.377
0.076415077 -0.051094502 0.37250003
0.079085492 -0.050717294 0.36975002
0.081429496 -0.050168626 0.36575001
0.084050596 -0.049825713 0.36325002
0.086387821 -0.049345627 0.35975
0.088788256 -0.048934128 0.35675001
0.091522649 -0.04872838 0.35525003
0.093564846 -0.048179716 0.35125002
0.09574341 -0.047733925 0.34800002
0.09836188 -0.047528174 0.34650001
0.10044203 -0.047082383 0.34325001
0.10238998 -0.046602301 0.33975002
0.10458681 -0.046259385 0.33725002
0.10689932 -0.04598505 0.33525002
0.10893114 -0.045607843 0.33250001
0.11083075 -0.045196343 0.32950002
0.11267788 -0.044784848 0.32650003
0.11411865 -0.044236179 0.32250002
0.11621466 -0.043961845 0.32050002
0.11836851 -0.043721806 0.31875002
0.11963652 -0.043173138 0.31475002
0.12161224 -0.042898808 0.31275001
0.12365238 -0.042658765 0.31100002
0.1254587 -0.042350139 0.30875
0.12660304 -0.041835766 0.30500001
0.12821156 -0.04149285 0.30250001
0.13020895 -0.041287102 0.30100003
0.13162839 -0.040909894 0.29825002
0.13333732 -0.04063556 0.29625002
0.13512594 -0.040395521 0.29450002
0.13653326 -0.040052604 0.29200003
0.1375396 -0.039606813 0.28875002
0.13873161 -0.039229605 0.28600001
0.13950513 -0.03874952 0.2825
0.14109692 -0.038509481 0.28075001
0.1426581 -0.038269438 0.27900001
0.14392863 -0.037960812 0.27675
0.1454242 -0.037720773 0.27500001
0.14675476 -0.037446439 0.273
0.14777717 -0.037103523 0.2705
0.14931092 -0.036897775 0.26900002
0.15039554 -0.036589149 0.26675001
0.15172708 -0.03634911 0.26500002
0.15331866 -0.03617765 0.26375002
0.15533093 -0.036109067 0.26325002
0.15718472 -0.036006194 0.26250002
0.15872161 -0.035834733 0.26125002
0.16008256 -0.035628986 0.25975001
0.16126104 -0.035388943 0.25800002
0.16272576 -0.035217486 0.25675002
0.16432925 -0.035080317 0.25575
0.16575243 -0.034908861 0.2545
0.16731876 -0.034771696 0.25350001
0.16853319 -0.034565944 0.252
0.16972138 -0.034360196 0.25050002
0.17054017 -0.034085862 0.2485
-0 -0 0
-0 -0 0
-0 -0 0
-0 -0 0
-0 -0 0
-0 -0 0
-0 -0 0
-0 -0 0
-0 -0 0
-0 -0 0
-0 -0 0
-0 -0 0
-0 -0 0
-0 -0 0
-0 -0 0
-0 -0 0
-0 -0 0
-0 -0 0
-0 -0 0
-0 -0 0
-0 -0 0
-0 -0 0
-0 -0 0
-0 -0 0
-0 -0 0
-0 -0 0
-0 -0 0
-0 -0 0
-0 -0 0
-0 -0 0
-0 -0 0
-0 -0 0
-0 -0 0
-0 -0 0
-0 -0 0
-0 -0 0
-0 -0 0
-0 -0 0
-0 -0 0
-0 -0 0
-0 -0 0
-0 -0 0
-0 -0 0
-0 -0 0
-0 -0 0
-0 -0 0
-0 -0 0
-0 -0 0
-0 -0 0
-0 -0 0
-0 -0 0
-0 -0 0
-0 -0 0
-0 -0 0
-0.14306992 -0.079109937 0.61600006
-0.13756943 -0.07904572 0.61550003
-0.13164817 -0.07872466 0.61300004
-0.12597665 -0.078532018 0.61150002
-0.12038071 -0.078371495 0.61025006
-0.11565495 -0.078788877 0.61350006
-0.11051279 -0.078949399 0.61475003
-0.1052205 -0.079013616 0.61525005
-0 -0 0
-0 -0 0
-0 -0 0
-0 -0 0
-0 -0 0
-0 -0 0
-0 -0 0
-0 -0 0
-0 -0 0
-0 -0 0
-0.038817707 -0.066652693 0.51900005
-0.034079384 -0.066267416 0.51600003
-0.029250303 -0.065561071 0.51050001
-0.02381349 -0.062992573 0.49050003
-0.019423116 -0.062671505 0.48800004
-0.015185169 -0.062799931 0.48900002
-0.01092415 -0.062896252 0.48975003
-0.0065822219 -0.062350444 0.48550004
-0.0023026266 -0.061483573 0.47875002
0.0018578866 -0.060584597 0.47175002
0.0059244721 -0.059974574 0.46700001
0.0098972358 -0.059300344 0.46175003
0.013800782 -0.058722433 0.45725003
0.017401749 -0.057406072 0.44700003
0.021192888 -0.057085011 0.44450003
0.024982605 -0.056860264 0.44275001
0.02852989 -0.056218136 0.43775001
0.032082099 -0.055736542 0.43400002
0.035506696 -0.05515863 0.42950001
0.038966831 -0.054741248 0.42625001
0.042094652 -0.053970698 0.42025003
0.045444235 -0.053585421 0.41725001
0.04856484 -0.053007506 0.41275001
0.051543504 -0.052365381 0.40775001
0.054536063 -0.051819574 0.40350002
0.057454266 -0.051273771 0.39925003
0.060527086 -0.050920598 0.39650002
0.063309692 -0.050374795 0.39225003
0.066103011 -0.049893197 0.38850001
0.068875454 -0.049443707 0.38500002
0.071586654 -0.048994217 0.38150001
0.074040227 -0.048416305 0.377
0.076568924 -0.047934711 0.37325001
0.07924591 -0.047581546 0.37050003
0.08170779 -0.047132052 0.36700001
0.084224135 -0.046746779 0.36400002
0.086808063 -0.046425715 0.36150002
0.089161582 -0.046008334 0.35825002
0.091522649 -0.04562306 0.35525003
0.093897812 -0.045269888 0.35250002
0.096224874 -0.044916719 0.34975001
0.09836188 -0.044499338 0.34650001
0.10073466 -0.044210382 0.34425002
0.10269134 -0.043760892 0.34075001
0.10481939 -0.043407723 0.33800003
0.1068196 -0.043022446 0.33500001
0.10893114 -0.042701382 0.33250001
0.1111671 -0.042444535 0.33050001
0.11319554 -0.04212347 0.32800001
0.11509176 -0.041770302 0.32525003
0.11684921 -0.041385025 0.32225001
0.11855418 -0.040999752 0.31925002
0.12011164 -0.04058237 0.31600001
0.1220983 -0.040325519 0.31400001
0.12385117 -0.040004455 0.31150001
0.12566188 -0.039715499 0.30925003
0.12701814 -0.039298117 0.30600002
0.12874137 -0.039009158 0.30375001
0.13064153 -0.038784415 0.30200002
0.13184907 -0.038367033 0.29875001
0.13367487 -0.03814229 0.29700002
0.13512594 -0.037821226 0.29450002
0.13676704 -0.037564378 0.29250002
0.13801591 -0.037211206 0.28975001
0.13945922 -0.03692225 0.28750002
0.14012243 -0.036440656 0.28375003
0.14134821 -0.036119591 0.28125
0.1426581 -0.035830636 0.27900001
0.14405866 -0.035573784 0.27700001
0.14555641 -0.035349041 0.27525002
0.14702354 -0.035124298 0.27350003
0.14818691 -0.034835339 0.27125001
0.14944968 -0.034578487 0.26925001
0.15039554 -0.034257427 0.26675001
0.15172708 -0.034032684 0.26500002
0.15375464 -0.033968471 0.26450002
0.15577345 -0.033904254 0.264
0.1573344 -0.033743724 0.26275
0.15902539 -0.033615302 0.26175001
0.16054478 -0.033454768 0.26050001
0.16172983 -0.033230025 0.25875002
0.16288421 -0.033005279 0.257
0.1644899 -0.032876857 0.25600001
0.1662409 -0.032780536 0.25525001
0.16764878 -0.032620005 0.25400001
0.16886757 -0.032427367 0.2525
0.17006014 -0.032234728 0.25100002
0.17139803 -0.032074198 0.24975002
-0 -0 0
-0 -0 0
-0 -0 0
-0 -0 0
-0 -0 0
-0 -0 0
-0 -0 0
-0 -0 0
-0 -0 0
-0 -0 0
-0 -0 0
-0 -0 0
-0 -0 0
-0 -0 0
-0 -0 0
-0 -0 0
-0 -0 0
-0 -0 0
-0 -0 0
-0 -0 0
-0 -0 0
-0 -0 0
-0 -0 0
-0 -0 0
-0 -0 0
-0 -0 0
-0 -0 0
-0 -0 0
-0 -0 0
-0 -0 0
-0 -0 0
-0 -0 0
-0 -0 0
-0 -0 0
-0 -0 0
-0 -0 0
-0 -0 0
-0 -0 0
-0 -0 0
-0 -0 0
-0 -0 0
-0 -0 0
-0 -0 0
-0 -0 0
-0 -0 0
-0 -0 0
-0 -0 0
-0 -0 0
-0 -0 0
-0 -0 0
-0 -0 0
-0 -0 0
-0 -0 0
-0 -0 0
-0.14376669 -0.074084386 0.61900002
-0.13784881 -0.073815092 0.61675
-0.13229245 -0.073725335 0.61600006
-0.12664619 -0.073575728 0.61475003
-0.12141634 -0.073665492 0.61550003
-0.11617336 -0.073755257 0.61625004
-0.11082738 -0.073785178 0.61650002
-0.10581907 -0.074054465 0.61875004
-0 -0 0
-0 -0 0
-0 -0 0
-0 -0 0
-0 -0 0
-0 -0 0
-0 -0 0
-0 -0 0
-0 -0 0
-0.043859139 -0.062834091 0.52500004
-0.039004691 -0.062415201 0.52150005
-0.034194961 -0.061966386 0.51775002
-0.029336249 -0.061278202 0.51200002
-0 -0 0
-0.019522619 -0.058704998 0.49050003
-0.015223986 -0.058675073 0.49025002
-0.010935303 -0.058675073 0.49025002
-0.0065890006 -0.058166418 0.48600003
-0.002303829 -0.05732863 0.47900003
0.0018667477 -0.056730211 0.47400004
0.005933987 -0.055982184 0.46775001
0.0099025946 -0.055294 0.46200001
0.013740418 -0.054486137 0.45525002
0.017440679 -0.053618424 0.44800001
0.021276323 -0.05340898 0.44625002
0.025010819 -0.053049929 0.44325003
0.028709117 -0.052720796 0.44050002
0.032229941 -0.052182216 0.43600002
0.035610031 -0.051553875 0.43075001
0.038898267 -0.050925534 0.42550001
0.042119693 -0.050327115 0.42050001
0.04552592 -0.050027907 0.41800001
0.048711918 -0.049549174 0.41400003
0.051669918 -0.048920829 0.40875003
0.054705013 -0.048442092 0.40475002
0.057526216 -0.047843676 0.39975002
0.060412597 -0.047364939 0.39575002
0.063511446 -0.047095649 0.39350003
0.066230625 -0.04658699 0.38925001
0.06892018 -0.046108257 0.38525003
0.07163357 -0.045689363 0.38175002
0.074383922 -0.045330312 0.37875003
0.07687664 -0.044851575 0.37475002
0.079299375 -0.044372838 0.37075001
0.081874773 -0.044013787 0.36775002
0.084224135 -0.043564972 0.36400002
0.086868085 -0.043295681 0.36175001
0.089534894 -0.043056313 0.35975
0.091651462 -0.04257758 0.35575002
0.093964405 -0.042218525 0.35275
0.096568786 -0.042009078 0.35100001
0.098858654 -0.041679945 0.34825
0.10080781 -0.041231133 0.34450001
0.10291737 -0.040872082 0.34150001
0.10474186 -0.040423267 0.33775002
0.10697903 -0.040153977 0.3355
0.10925876 -0.039914612 0.33350003
0.11133529 -0.0396154 0.33100003
0.11354065 -0.039376032 0.32900003
0.11526868 -0.038987059 0.32575002
0.11721183 -0.038687851 0.32325003
0.11892553 -0.038328797 0.32025
0.12077682 -0.038029585 0.31775001
0.12238993 -0.037670534 0.31475002
0.12395057 -0.037311483 0.31175002
0.12576346 -0.037042193 0.30950001
0.12753701 -0.036772907 0.30725002
0.12905924 -0.036443774 0.30450001
0.13107412 -0.036264248 0.303
0.13240074 -0.035905197 0.30000001
0.13412495 -0.035665829 0.29800001
0.13524063 -0.035276853 0.29475001
0.13711774 -0.035097331 0.29325002
0.13837317 -0.034768198 0.29050002
0.13921668 -0.034349304 0.287
0.14086315 -0.034139857 0.28525001
0.14172514 -0.033750884 0.28200001
0.1430416 -0.033481594 0.27975002
0.14405866 -0.033152465 0.27700001
0.14555641 -0.032943018 0.27525002
0.14702354 -0.032733571 0.27350003
0.14846006 -0.032524124 0.27175
0.14986597 -0.032314677 0.27000001
0.15025459 -0.031895783 0.26650003
0.15201336 -0.031776097 0.26550001
0.15433593 -0.031776097 0.26550001
0.15621598 -0.031686336 0.26475
0.15763381 -0.03150681 0.26325002
0.15932916 -0.031387124 0.26225001
0.16100702 -0.031267442 0.26125002
0.16204233 -0.031028073 0.25925002
0.16320111 -0.030818628 0.25750002
0.16481115 -0.030698942 0.25650001
0.16640373 -0.03057926 0.25550002
0.16781379 -0.030429654 0.25425002
0.16886757 -0.030220205 0.2525
0.17006014 -0.030040681 0.25100002
0.17156959 -0.029920995 0.25
-0 -0 0
-0 -0 0
-0 -0 0
-0 -0 0
-0 -0 0
-0 -0 0
-0 -0 0
-0 -0 0
-0 -0 0
-0 -0 0
-0 -0 0
-0 -0 0
-0 -0 0
-0 -0 0
-0 -0 0
-0 -0 0
-0 -0 0
-0 -0 0
-0 -0 0
-0 -0 0
-0 -0 0
-0 -0 0
-0 -0 0
-0 -0 0
-0 -0 0
-0 -0 0
-0 -0 0
-0 -0 0
-0 -0 0
-0 -0 0
-0 -0 0
-0 -0 0
-0 -0 0
-0 -0 0
-0 -0 0
-0 -0 0
-0 -0 0
-0 -0 0
-0 -0 0
-0 -0 0
-0 -0 0
-0 -0 0
-0 -0 0
-0 -0 0
-0 -0 0
-0 -0 0
-0 -0 0
-0 -0 0
-0 -0 0
-0 -0 0
-0 -0 0
-0 -0 0
-0 -0 0
-0 -0 0
-0.14510216 -0.069311492 0.62475002
-0.13896637 -0.068978667 0.62175006
-0 -0 0
-0.12772775 -0.068784513 0.62
-0.12200814 -0.068618104 0.61850005
-0.11659753 -0.068618104 0.61850005
-0.11118692 -0.068618104 0.61850005
-0.10581907 -0.068645835 0.61875004
-0 -0 0
-0 -0 0
-0 -0 0
-0 -0 0
-0 -0 0
-0 -0 0
-0 -0 0
-0 -0 0
-0 -0 0
-0 -0 0
-0.039079484 -0.057967596 0.52250004
-0.034294032 -0.057607032 0.51925004
-0.029465171 -0.057052318 0.51425004
-0 -0 0
-0.019532569 -0.054445159 0.49075001
-0.015278329 -0.05458384 0.49200001
-0.011002219 -0.054722518 0.49325001
-0.0065618856 -0.053696297 0.48400003
-0.0023062339 -0.053197056 0.47950003
0.0018697014 -0.052670076 0.47475001
0.0059308158 -0.051865742 0.46750003
0.009891877 -0.051200084 0.46150002
0.013732872 -0.050478958 0.45500001
0.01747961 -0.0498133 0.44900003
0.021324001 -0.049619149 0.44725001
0.025095457 -0.049341794 0.44475001
0.028757999 -0.048953496 0.44125003
0.032377787 -0.048592933 0.43800002
0.035672035 -0.047871802 0.43150002
0.038966831 -0.047289353 0.42625001
0.042294983 -0.046845585 0.42225003
0.045553152 -0.04640181 0.41825002
0.048682503 -0.045902569 0.41375002
0.051796325 -0.045458797 0.40975001
0.054941535 -0.045098234 0.40650001
0.057814028 -0.044571258 0.40175003
0.060832392 -0.044210691 0.39850003
0.063793898 -0.043850128 0.39525002
0.066528395 -0.043378621 0.39100003
0.068964906 -0.042768434 0.38550001
0.071915038 -0.042518817 0.38325003
0.07453122 -0.04210278 0.37950003
0.077133067 -0.041714478 0.37600002
0.079459794 -0.041215237 0.37150002
0.081652135 -0.040688261 0.36675003
0.084339827 -0.040438637 0.36450002
0.086808063 -0.040105809 0.36150002
0.089348242 -0.039828453 0.35900003
0.090878569 -0.039135057 0.35275
0.092898905 -0.03869129 0.34875003
0.094642907 -0.03816431 0.34400001
0.096516706 -0.037720539 0.34
0.098613158 -0.03738771 0.33700001
0.1011845 -0.037249032 0.33575001
0.10388904 -0.037165824 0.33500001
0.10697903 -0.037221294 0.3355
0.10966827 -0.03713809 0.33475003
0.11167165 -0.036832999 0.33200002
0.11397204 -0.036638848 0.33025002
0.115711 -0.036278285 0.32700002
0.11757442 -0.035973191 0.32425001
0.11911122 -0.035584893 0.32075003
0.12125194 -0.035390742 0.31900001
0.122876 -0.035057914 0.31600001
0.12454696 -0.03475282 0.31325001
0.12616982 -0.03444773 0.31050003
0.12784833 -0.034170374 0.30800003
0.12948307 -0.033893012 0.3055
0.13129042 -0.033671129 0.30350003
0.13273174 -0.033366036 0.30075002
0.13423748 -0.03308868 0.29825002
0.13535535 -0.032728117 0.29500002
0.13723463 -0.032561701 0.29350001
0.13849226 -0.032256611 0.29075003
0.13970177 -0.031951517 0.28800002
0.14111006 -0.031701893 0.28575
0.14210206 -0.031369068 0.28275001
0.14355291 -0.03114718 0.28075001
0.14496878 -0.030925294 0.27875
0.14582081 -0.030592468 0.27575001
0.14729233 -0.030398319 0.27400002
0.1488698 -0.030231902 0.27250001
0.15028226 -0.030037753 0.27075002
0.15039554 -0.029593982 0.26675001
0.15244278 -0.02953851 0.26625001
0.15462658 -0.029510774 0.266
0.15651102 -0.029427569 0.26525003
0.1580829 -0.029288888 0.264
0.15978482 -0.029177947 0.26300001
0.16131516 -0.029039269 0.26175001
0.1621986 -0.028789649 0.25950003
0.16335955 -0.028595496 0.25775
0.16513242 -0.02851229 0.257
0.16672936 -0.028401347 0.25600001
0.16781379 -0.028207198 0.25425002
0.16903478 -0.028040783 0.25275001
0.17022951 -0.027874367 0.25125
0.17156959 -0.02773569 0.25
-0 -0 0
-0 -0 0
-0 -0 0
-0 -0 0
-0 -0 0
-0 -0 0
-0 -0 0
-0 -0 0
-0 -0 0
-0 -0 0
-0 -0 0
-0 -0 0
-0 -0 0
-0 -0 0
-0 -0 0
-0 -0 0
-0 -0 0
-0 -0 0
-0 -0 0
-0 -0 0
-0 -0 0
-0 -0 0
-0 -0 0
-0 -0 0
-0 -0 0
-0 -0 0
-0 -0 0
-0 -0 0
-0 -0 0
-0 -0 0
-0 -0 0
-0 -0 0
-0 -0 0
-0 -0 0
-0 -0 0
-0 -0 0
-0 -0 0
-0 -0 0
-0 -0 0
-0 -0 0
-0 -0 0
-0 -0 0
-0 -0 0
-0 -0 0
-0 -0 0
-0 -0 0
-0 -0 0
-0 -0 0
-0 -0 0
-0 -0 0
-0 -0 0
-0 -0 0
-0 -0 0
-0 -0 0
-0 -0 0
-0 -0 0
-0 -0 0
-0 -0 0
-0.12289582 -0.063671552 0.62300003
-0.11735158 -0.063620456 0.6225
-0.11168128 -0.0634927 0.62125003
-0.10641763 -0.0635949 0.62225002
-0 -0 0
-0 -0 0
-0 -0 0
-0 -0 0
-0 -0 0
-0 -0 0
-0 -0 0
-0 -0 0
-0 -0 0
-0.044297729 -0.05419236 0.53025001
-0.039453451 -0.05391131 0.52750003
-0.034475654 -0.053349201 0.52200001
-0.029508144 -0.052633792 0.51500005
-0.023886312 -0.050283153 0.49200001
-0.01958232 -0.050283153 0.49200001
-0.015379253 -0.050615311 0.49525002
-0.011024525 -0.050513107 0.49425003
-0.0065788324 -0.049593296 0.48525003
-0.0023062339 -0.049005635 0.47950003
0.001877578 -0.048724581 0.47675002
0.0059435018 -0.047881417 0.46850002
0.0098865181 -0.047140457 0.46125001
0.013755509 -0.046578348 0.45575002
0.01755747 -0.046092894 0.45100003
0.021419358 -0.045914039 0.44925001
0.025180098 -0.045607433 0.44625002
0.028774291 -0.045121975 0.44150001
0.032433227 -0.044840924 0.43875003
0.035858043 -0.044329915 0.43375003
0.039081104 -0.043691155 0.42750001
0.042470273 -0.043333452 0.42400002
0.045689292 -0.042873543 0.41950002
0.048770752 -0.042362537 0.41450003
0.051764727 -0.041851528 0.40950003
0.054941535 -0.041544922 0.40650001
0.058065861 -0.041238319 0.40350002
0.06090872 -0.040778413 0.39900002
0.063995652 -0.040522907 0.39650002
0.066315703 -0.039833046 0.38975
0.068696558 -0.039245386 0.384
0.071258277 -0.038811032 0.37975001
0.073401958 -0.038197823 0.37375003
0.074414946 -0.037073608 0.36275002
0.076518826 -0.036562599 0.35775003
0.077811651 -0.035719436 0.34950003
0.079075821 -0.034927376 0.34175003
0.080804735 -0.034390815 0.33650002
0.082504019 -0.033879809 0.33150002
0.084502257 -0.033522103 0.32800001
0.086639047 -0.033241048 0.32525003
0.089621887 -0.033292152 0.32575002
0.093110234 -0.033522103 0.32800001
0.096199036 -0.033598755 0.32875001
0.09982834 -0.033854257 0.33125001
0.10311375 -0.033982009 0.33250001
0.10634131 -0.034084212 0.33350003
0.10950445 -0.03416086 0.33425
0.11200801 -0.034033109 0.333
0.11440342 -0.033879809 0.33150002
0.11633025 -0.033598755 0.32875001
0.11802768 -0.0332666 0.32550001
0.11976108 -0.032959994 0.32250002
0.12163205 -0.032704491 0.32000002
0.12307042 -0.032346785 0.31650001
0.12484515 -0.032091282 0.31400001
0.12657616 -0.031835776 0.31150001
0.12826341 -0.031580273 0.30900002
0.12990692 -0.03132477 0.30650002
0.13150671 -0.031069268 0.30400002
0.13317306 -0.030839311 0.30175
0.13435 -0.030507157 0.2985
0.13581418 -0.030251652 0.296
0.13723463 -0.029996149 0.29350001
0.13849226 -0.029715097 0.29075003
0.13970177 -0.029434042 0.28800002
0.14098661 -0.029178539 0.28550002
0.14235336 -0.028948583 0.28325
0.14368074 -0.028718632 0.28100002
0.14522882 -0.028539779 0.27925003
0.14687845 -0.028386476 0.27775002
0.1476955 -0.028079873 0.27475002
0.14914294 -0.027901018 0.273
0.1505598 -0.027722165 0.27125001
0.15110029 -0.027390011 0.26800001
0.15315847 -0.027338911 0.26750001
0.1552079 -0.027287811 0.26700002
0.15710106 -0.027211158 0.26625001
0.15823261 -0.027006755 0.26425001
0.15978482 -0.026879003 0.26300001
0.16146924 -0.026776804 0.26200002
0.16235486 -0.026546847 0.25975001
0.1638349 -0.026419096 0.25850001
0.16561432 -0.026342444 0.25775
0.16721784 -0.026240245 0.25675002
0.16830882 -0.026061393 0.25500003
0.16920199 -0.025856989 0.25300002
0.17039891 -0.025703685 0.25150001
0.17139803 -0.025524834 0.24975002
-0 -0 0
-0 -0 0
-0 -0 0
-0 -0 0
-0 -0 0
-0 -0 0
-0 -0 0
-0 -0 0
-0 -0 0
-0 -0 0
-0 -0 0
-0 -0 0
-0 -0 0
-0 -0 0
-0 -0 0
-0 -0 0
-0 -0 0
-0 -0 0
-0 -0 0
-0 -0 0
-0 -0 0
-0 -0 0
-0 -0 0
-0 -0 0
-0 -0 0
-0 -0 0
-0 -0 0
-0 -0 0
-0 -0 0
-0 -0 0
-0 -0 0
-0 -0 0
-0 -0 0
-0 -0 0
-0 -0 0
-0 -0 0
-0 -0 0
-0 -0 0
-0 -0 0
-0 -0 0
-0 -0 0
-0 -0 0
-0 -0 0
-0 -0 0
-0 -0 0
-0 -0 0
-0 -0 0
-0 -0 0
-0 -0 0
-0 -0 0
-0 -0 0
-0 -0 0
-0 -0 0
-0 -0 0
-0 -0 0
-0 -0 0
-0 -0 0
-0.12968488 -0.05883326 0.62950003
-0.12388214 -0.05869307 0.62800002
-0.11805853 -0.058529515 0.62625003
-0.11240036 -0.058436055 0.62525004
-0 -0 0
-0 -0 0
-0 -0 0
-0 -0 0
-0 -0 0
-0 -0 0
-0 -0 0
-0 -0 0
-0 -0 0
-0 -0 0
-0.044381268 -0.049650785 0.53125
-0.039584339 -0.049463864 0.52925003
-0.034673791 -0.049066659 0.52500004
-0.029737333 -0.048505899 0.51900005
-0.023946999 -0.046099294 0.49325001
-0.019671874 -0.046192754 0.49425003
-0.01546465 -0.046543233 0.49800003
-0.011085865 -0.046449769 0.49700001
-0.0066127265 -0.045585264 0.48775002
-0.0023146507 -0.044977769 0.48125002
0.0018687169 -0.044346914 0.47450003
0.0059276437 -0.043669328 0.46725002
0.0098758014 -0.043061834 0.46075001
0.013800782 -0.042734724 0.45725003
0.017606132 -0.042267423 0.45225003
0.021502795 -0.042150598 0.45100003
0.025180098 -0.041706659 0.44625002
0.028709117 -0.041169263 0.44050002
0.032359306 -0.040912248 0.43775001
0.03594071 -0.040631868 0.43475002
0.03901254 -0.039884187 0.42675003
0.042219859 -0.039393518 0.42150003
0.045362551 -0.038926218 0.41650003
0.047770623 -0.037944883 0.40600002
0.050532229 -0.037360758 0.39975002
0.052812807 -0.036519613 0.39075002
0.054935917 -0.035678472 0.38175002
0.057168707 -0.035000883 0.37450001
0.058871157 -0.034089647 0.36475003
0.060445555 -0.033201773 0.35525003
0.062524602 -0.032664377 0.34950003
0.064174667 -0.031963423 0.34200001
0.065742619 -0.031285837 0.33475003
0.067645289 -0.030818533 0.32975
0.069995202 -0.030584883 0.32725
0.071856104 -0.030164313 0.32275
0.074043199 -0.029907297 0.32000002
0.076242208 -0.029673647 0.31750003
0.078833021 -0.029603552 0.31675002
0.082441233 -0.029907297 0.32000002
0.085773326 -0.030094219 0.32200003
0.089140415 -0.030281138 0.324
0.093394116 -0.03074844 0.32900003
0.09649165 -0.030818533 0.32975
0.1002804 -0.031098917 0.33275002
0.10342387 -0.031169012 0.33350003
0.10658045 -0.031239105 0.33425
0.10966827 -0.031285837 0.33475003
0.11217619 -0.031169012 0.33350003
0.11457597 -0.03102882 0.33200002
0.11659565 -0.03079517 0.32950002
0.11848094 -0.030538153 0.32675001
0.1200396 -0.030211044 0.32325003
0.12191713 -0.029977394 0.32075003
0.12355647 -0.02969701 0.31775001
0.12514336 -0.02941663 0.31475002
0.1269825 -0.029206343 0.3125
0.12857473 -0.02894933 0.30975002
0.13022481 -0.028715679 0.30725002
0.13183115 -0.028482029 0.30475003
0.13361441 -0.028295107 0.30275002
0.13502513 -0.02803809 0.30000001
0.1361583 -0.027734345 0.29675001
0.1378191 -0.027547423 0.29475001
0.13908766 -0.027290409 0.29200003
0.1399443 -0.026963297 0.28850001
0.14160389 -0.026799742 0.28675002
0.14298156 -0.026589455 0.2845
0.1439364 -0.026309075 0.28150001
0.14548884 -0.02614552 0.27975002
0.14714286 -0.02600533 0.27825001
0.14823306 -0.025771679 0.27575001
0.14900638 -0.025491299 0.27275002
0.15069857 -0.025374474 0.27150002
0.15194601 -0.025187552 0.26950002
0.15401731 -0.025140822 0.26900002
0.15564388 -0.025023997 0.26775002
0.15739609 -0.024930535 0.26675001
0.1589811 -0.02481371 0.26550001
0.16024049 -0.024650155 0.26375002
0.1616233 -0.024509965 0.26225001
0.16282365 -0.024346409 0.26050001
0.16431025 -0.024229584 0.25925002
0.16577497 -0.024112759 0.25800002
0.16738065 -0.024019297 0.257
0.16847382 -0.023855742 0.25525001
0.16953637 -0.023692187 0.25350001
0.17073767 -0.023551995 0.252
0.17139803 -0.023341712 0.24975002
-0 -0 0
-0 -0 0
-0 -0 0
-0 -0 0
-0 -0 0
-0 -0 0
-0 -0 0
-0 -0 0
-0 -0 0
-0 -0 0
-0 -0 0
-0 -0 0
-0 -0 0
-0 -0 0
-0 -0 0
-0 -0 0
-0 -0 0
-0 -0 0
-0 -0 0
-0 -0 0
-0 -0 0
-0 -0 0
-0 -0 0
-0 -0 0
-0 -0 0
-0 -0 0
-0 -0 0
-0 -0 0
-0 -0 0
-0 -0 0
-0 -0 0
-0 -0 0
-0 -0 0
-0 -0 0
-0 -0 0
-0 -0 0
-0 -0 0
-0 -0 0
-0 -0 0
-0 -0 0
-0 -0 0
-0 -0 0
-0 -0 0
-0 -0 0
-0 -0 0
-0 -0 0
-0 -0 0
-0 -0 0
-0 -0 0
-0 -0 0
-0 -0 0
-0 -0 0
-0 -0 0
-0 -0 0
-0 -0 0
-0 -0 0
-0 -0 0
-0 -0 0
-0.12565753 -0.053966049 0.63700002
-0.12013221 -0.053987227 0.63725001
-0 -0 0
-0 -0 0
-0 -0 0
-0 -0 0
-0 -0 0
-0 -0 0
-0 -0 0
-0 -0 0
-0 -0 0
-0 -0 0
-0 -0 0
-0.044569239 -0.045197625 0.53350002
-0.03973392 -0.045007005 0.53125
-0.034756348 -0.04458341 0.52625
-0.02979463 -0.04405392 0.52000004
-0.024056235 -0.0419783 0.49550003
-0.019791279 -0.042126559 0.49725002
-0.015511231 -0.042317178 0.49950004
-0.011085865 -0.042105377 0.49700001
-0.0066195051 -0.041364089 0.48825002
-0.0023218652 -0.040898133 0.48275003
0.0018736398 -0.0403051 0.47575003
0.0059308158 -0.039606169 0.46750003
0.009891877 -0.039097853 0.46150002
0.013657416 -0.038335379 0.45250002
0.017255761 -0.037551731 0.44325003
0.02091874 -0.037170496 0.43875003
0.024009258 -0.036047965 0.42550001
0.027356761 -0.035560831 0.41975003
0.030141648 -0.0345442 0.40775001
0.033047266 -0.03386645 0.39975002
0.035652936 -0.033040438 0.39000002
0.037787523 -0.031960271 0.37725002
0.040080238 -0.031176619 0.36800003
0.043064162 -0.031007182 0.36600003
0.045728665 -0.030647123 0.36175001
0.048183661 -0.030202352 0.35650003
0.050618753 -0.029799934 0.35175002
0.053237885 -0.029545778 0.34875003
0.055723827 -0.02924926 0.34525001
0.058105998 -0.028931564 0.34150001
0.06033311 -0.028571509 0.33725002
0.063048802 -0.02846561 0.33600003
0.065398932 -0.02821145 0.333
0.067491435 -0.027872575 0.32900003
0.0696209 -0.027576057 0.32550001
0.071744785 -0.027300721 0.32225001
0.073985346 -0.027088923 0.31975001
0.076182172 -0.026877126 0.31725001
0.078708582 -0.026792407 0.31625003
0.08231242 -0.027067745 0.31950003
0.085906513 -0.027321901 0.32250002
0.089415543 -0.027533699 0.32500002
0.093181208 -0.027809037 0.32825002
0.096637972 -0.027978474 0.33025002
0.10020505 -0.028169092 0.33250001
0.10342387 -0.028253812 0.33350003
0.10666016 -0.028338529 0.33450001
0.10975017 -0.028380889 0.33500001
0.11234437 -0.028296171 0.33400002
0.11466225 -0.028147914 0.33225003
0.11703797 -0.028020835 0.33075002
0.11857159 -0.027703138 0.32700002
0.12041094 -0.027470158 0.32425001
0.12229722 -0.027258363 0.32175002
0.12413975 -0.027046565 0.31925002
0.12573975 -0.026792407 0.31625003
0.12718567 -0.026517071 0.31300002
0.12898982 -0.026326451 0.31075001
0.1307546 -0.026135834 0.30850002
0.13226373 -0.025902856 0.30575001
0.13361441 -0.0256487 0.30275002
0.13513765 -0.025436902 0.30025002
0.13696125 -0.025288641 0.2985
0.137936 -0.024992127 0.29500002
0.13956398 -0.024822688 0.29300001
0.14067191 -0.024568532 0.29000002
0.14209771 -0.024377912 0.28775001
0.14348415 -0.024187297 0.28550002
0.14495905 -0.024017857 0.28350002
0.14626893 -0.023827238 0.28125
0.14714286 -0.023573082 0.27825001
0.14863624 -0.023424825 0.27650002
0.14927952 -0.023149487 0.27325001
0.15097609 -0.023043588 0.27200001
0.15250981 -0.022916509 0.2705
0.15444671 -0.022852968 0.26975
0.15593453 -0.022725891 0.26825002
0.15739609 -0.022598812 0.26675001
0.1589811 -0.022492914 0.26550001
0.16069615 -0.022408195 0.26450002
0.16239367 -0.022323474 0.26350001
0.16313615 -0.022111678 0.26100001
0.16446869 -0.021984601 0.25950003
0.16609624 -0.021899881 0.25850001
0.16754347 -0.021793982 0.25725001
0.16863884 -0.021645723 0.25550002
0.16970357 -0.021497466 0.25375003
0.17107643 -0.021391565 0.2525
0.17191274 -0.021222129 0.25050002
-0 -0 0
-0 -0 0
-0 -0 0
-0 -0 0
-0 -0 0
-0 -0 0
-0 -0 0
-0 -0 0
-0 -0 0
-0 -0 0
-0 -0 0
-0 -0 0
-0 -0 0
-0 -0 0
-0 -0 0
-0 -0 0
-0 -0 0
-0 -0 0
-0 -0 0
-0 -0 0
-0 -0 0
-0 -0 0
-0 -0 0
-0 -0 0
-0 -0 0
-0 -0 0
-0 -0 0
-0 -0 0
-0 -0 0
-0 -0 0
-0 -0 0
-0 -0 0
-0 -0 0
-0 -0 0
-0 -0 0
-0 -0 0
-0 -0 0
-0 -0 0
-0 -0 0
-0 -0 0
-0 -0 0
-0 -0 0
-0 -0 0
-0 -0 0
-0 -0 0
-0 -0 0
-0 -0 0
-0 -0 0
-0 -0 0
-0 -0 0
-0 -0 0
-0 -0 0
-0 -0 0
-0 -0 0
-0 -0 0
-0 -0 0
-0 -0 0
-0 -0 0
-0 -0 0
-0 -0 0
-0 -0 0
-0 -0 0
-0 -0 0
-0 -0 0
-0 -0 0
-0 -0 0
-0 -0 0
-0 -0 0
-0 -0 0
-0 -0 0
-0 -0 0
-0.044652779 -0.040610157 0.5345
-0.039920904 -0.040553171 0.53375
-0.034888439 -0.040135298 0.52825004
-0.02986625 -0.039603449 0.52125001
-0.024116922 -0.037741993 0.49675003
-0.019870881 -0.037931938 0.49925002
-0.015581102 -0.038121887 0.50175005
-0.011024525 -0.037552051 0.49425003
-0.0064466456 -0.036127463 0.47550002
-0.0020477143 -0.032347567 0.42575002
0.0016786945 -0.032385554 0.42625001
0.0052996753 -0.031739745 0.41775003
0.0088523189 -0.03137885 0.41300002
0.012246401 -0.030828008 0.40575001
0.015698558 -0.030638065 0.40325001
0.018987779 -0.030258175 0.39825001
0.022133095 -0.029802309 0.39225003
0.025189726 -0.029365437 0.38650003
0.028275121 -0.029061526 0.38250002
0.031228529 -0.028700629 0.37775001
0.034235962 -0.028453702 0.37450001
0.03701124 -0.028073812 0.36950001
0.039753497 -0.027731912 0.36500001
0.042711172 -0.027579956 0.36300001
0.045412641 -0.02729504 0.35925001
0.048014715 -0.026991129 0.35525003
0.050582774 -0.026706211 0.3515
0.053123396 -0.026440289 0.34800002
0.055723827 -0.02623135 0.34525001
0.058020923 -0.025908444 0.34100002
0.060467284 -0.025680512 0.33800003
0.063048802 -0.025528556 0.33600003
0.065398932 -0.02530062 0.333
0.067594007 -0.0250347 0.32950002
0.0696209 -0.024730789 0.32550001
0.071689129 -0.024464866 0.32200003
0.074043199 -0.02431291 0.32000002
0.076422304 -0.024179947 0.31825
0.078895241 -0.024084976 0.317
0.08231242 -0.024274921 0.31950003
0.086239479 -0.024597827 0.32375002
0.089690663 -0.024768775 0.32600001
0.093039274 -0.024901738 0.32775003
0.096711121 -0.025110677 0.33050001
0.099979021 -0.025205649 0.33175001
0.10311375 -0.025262633 0.33250001
0.10626159 -0.025319615 0.33325002
0.10942256 -0.025376599 0.33400002
0.11234437 -0.025376599 0.33400002
0.11483481 -0.025281629 0.33275002
0.11739182 -0.025205649 0.33175001
0.11884355 -0.024901738 0.32775003
0.12059662 -0.024673805 0.32475001
0.1225823 -0.024502855 0.32250002
0.12433417 -0.024293914 0.31975001
0.12603794 -0.024084976 0.317
0.12779517 -0.023895031 0.3145
0.12919736 -0.023648102 0.31125
0.13086057 -0.023458159 0.30875
0.13280447 -0.023325197 0.30700001
0.13394542 -0.023059277 0.30350003
0.13536268 -0.022850337 0.30075002
0.13730538 -0.022736369 0.29925001
0.1378191 -0.022394469 0.29475001
0.13968307 -0.022280503 0.29325002
0.14067191 -0.022033576 0.29000002
0.14209771 -0.021862624 0.28775001
0.14373542 -0.021729663 0.28600001
0.14547035 -0.021615695 0.2845
0.14678901 -0.021444747 0.28225002
0.14753947 -0.021197818 0.27900001
0.14890501 -0.021045862 0.27700001
0.14968926 -0.02081793 0.27400002
0.15111487 -0.020684969 0.27225003
0.15279174 -0.020589996 0.27100003
0.154733 -0.020533012 0.27025002
0.15637051 -0.020438042 0.26900002
0.15754361 -0.020286085 0.26700002
0.15913081 -0.020191113 0.26575002
0.16099991 -0.020134129 0.26500002
0.16223961 -0.020001167 0.26325002
0.16313615 -0.019830218 0.26100001
0.16478559 -0.01975424 0.26000002
0.16641749 -0.019678261 0.259
0.16786911 -0.019583289 0.25775
0.16913387 -0.019469323 0.25625002
0.17020515 -0.01933636 0.2545
0.17124581 -0.0192034 0.25275001
0.17225587 -0.019070439 0.25100002
-0 -0 0
-0 -0 0
-0 -0 0
-0 -0 0
-0 -0 0
-0 -0 0
-0 -0 0
-0 -0 0
-0 -0 0
-0 -0 0
-0 -0 0
-0 -0 0
-0 -0 0
-0 -0 0
-0 -0 0
-0 -0 0
-0 -0 0
-0 -0 0
-0 -0 0
-0 -0 0
-0 -0 0
-0 -0 0
-0 -0 0
-0 -0 0
-0 -0 0
-0 -0 0
-0 -0 0
-0 -0 0
-0 -0 0
-0 -0 0
-0 -0 0
-0 -0 0
-0 -0 0
-0 -0 0
-0 -0 0
-0 -0 0
-0 -0 0
-0 -0 0
-0 -0 0
-0 -0 0
-0 -0 0
-0 -0 0
-0 -0 0
-0 -0 0
-0 -0 0
-0 -0 0
-0 -0 0
-0 -0 0
-0 -0 0
-0 -0 0
-0 -0 0
-0 -0 0
-0 -0 0
-0 -0 0
-0 -0 0
-0 -0 0
-0 -0 0
-0 -0 0
-0 -0 0
-0 -0 0
-0 -0 0
-0 -0 0
-0 -0 0
-0 -0 0
-0 -0 0
-0 -0 0
-0 -0 0
-0 -0 0
-0 -0 0
-0 -0 0
-0 -0 0
-0.044798981 -0.036055636 0.53625005
-0.039939605 -0.035904352 0.53400004
-0.03492146 -0.035551358 0.52875
-0.02996652 -0.035164747 0.523
-0 -0 0
-0.020049987 -0.033870444 0.50375003
-0.01562768 -0.033836823 0.50325
-0.010539379 -0.031769298 0.47250003
-0.0058399425 -0.028962171 0.43075001
-0.0020368928 -0.028474707 0.42350003
0.0016590031 -0.028323423 0.42125002
0.0052711312 -0.027936812 0.41550002
0.0087880166 -0.027567012 0.41000003
0.012140764 -0.027045928 0.40225002
0.015533105 -0.026827408 0.39900002
0.018844744 -0.026575271 0.39525002
0.022133095 -0.026373561 0.39225003
0.025189726 -0.025986951 0.38650003
0.02825664 -0.025701195 0.38225001
0.031290531 -0.025449058 0.37850001
0.034235962 -0.025180111 0.37450001
0.037061322 -0.024877546 0.37
0.039726269 -0.024524555 0.36475003
0.042534683 -0.024306037 0.36150002
0.045349438 -0.024121135 0.35875002
0.04811608 -0.023936234 0.35600001
0.050834615 -0.023751333 0.35325003
0.053390536 -0.023516005 0.34975001
0.055804528 -0.023247058 0.34575
0.058191072 -0.022994921 0.34200001
0.060690906 -0.022810021 0.33925003
0.063095711 -0.02260831 0.33625001
0.065349832 -0.022372983 0.33275002
0.067542717 -0.022137655 0.32925001
0.069674373 -0.021902326 0.32575002
0.071800448 -0.021683808 0.32250002
0.074332431 -0.021599762 0.32125002
0.076602407 -0.021448478 0.31900001
0.0790819 -0.021364434 0.31775001
0.082505636 -0.021532524 0.32025
0.085973099 -0.021700615 0.32275
0.089484327 -0.021868709 0.32525003
0.093181208 -0.022070419 0.32825002
0.096564814 -0.022188082 0.33000001
0.10005437 -0.022322556 0.33200002
0.10342387 -0.022423411 0.33350003
0.10658045 -0.022473836 0.33425
0.10966827 -0.022507457 0.33475003
0.11251254 -0.022490647 0.33450001
0.11509364 -0.022423411 0.33350003
0.11748029 -0.022322556 0.33200002
0.11911549 -0.022087226 0.3285
0.12050378 -0.021818282 0.32450002
0.12277235 -0.021717425 0.32300001
0.12452859 -0.021532524 0.32025
0.12643555 -0.021381244 0.31800002
0.12809993 -0.021196341 0.31525001
0.13002755 -0.021061867 0.31325001
0.1312844 -0.020826541 0.30975002
0.13323706 -0.020708878 0.30800003
0.13438675 -0.020473549 0.30450001
0.13615033 -0.020339075 0.30250001
0.1375348 -0.020154174 0.29975
0.13816978 -0.019868419 0.29550001
0.13980214 -0.019733945 0.29350001
0.14079317 -0.019515427 0.29025
0.14222117 -0.019364145 0.28800002
0.14386107 -0.019246481 0.28625003
0.14559819 -0.019145625 0.28475001
0.14717907 -0.019027961 0.28300002
0.14820048 -0.01884306 0.28025001
0.14957696 -0.018708587 0.27825001
0.15009899 -0.01847326 0.27475002
0.15139239 -0.018338786 0.27275002
0.15307364 -0.01825474 0.27150002
0.15501928 -0.018204313 0.27075002
0.1569518 -0.018153885 0.27000001
0.15842867 -0.018053031 0.2685
0.1597296 -0.017935365 0.26675001
0.16160746 -0.017884938 0.266
0.16300997 -0.017784085 0.26450002
0.16344868 -0.017582374 0.2615
0.16494402 -0.017498327 0.26025
0.16689941 -0.01746471 0.25975001
0.16819474 -0.017363854 0.25825
0.16946387 -0.017263001 0.25675002
0.17053954 -0.017145338 0.25500003
0.17141521 -0.017010864 0.25300002
0.17259902 -0.016910007 0.25150001
-0 -0 0
-0 -0 0
-0 -0 0
-0 -0 0
-0 -0 0
-0 -0 0
-0 -0 0
-0 -0 0
-0 -0 0
-0 -0 0
-0 -0 0
-0 -0 0
-0 -0 0
-0 -0 0
-0 -0 0
-0 -0 0
-0 -0 0
-0 -0 0
-0 -0 0
-0 -0 0
-0 -0 0
-0 -0 0
-0 -0 0
-0 -0 0
-0 -0 0
-0 -0 0
-0 -0 0
-0 -0 0
-0 -0 0
-0 -0 0
-0 -0 0
-0 -0 0
-0 -0 0
-0 -0 0
-0 -0 0
-0 -0 0
-0 -0 0
-0 -0 0
-0 -0 0
-0 -0 0
-0 -0 0
-0 -0 0
-0 -0 0
-0 -0 0
-0 -0 0
-0 -0 0
-0 -0 0
-0 -0 0
-0 -0 0
-0 -0 0
-0 -0 0
-0 -0 0
-0 -0 0
-0 -0 0
-0 -0 0
-0 -0 0
-0 -0 0
-0 -0 0
-0 -0 0
-0 -0 0
-0 -0 0
-0 -0 0
-0 -0 0
-0 -0 0
-0 -0 0
-0 -0 0
-0 -0 0
-0 -0 0
-0 -0 0
-0 -0 0
-0 -0 0
-0.045112256 -0.031587508 0.54000002
-0.040145285 -0.031397395 0.53675002
-0.035070062 -0.031061048 0.53100002
-0.030081116 -0.030710077 0.52500004
-0 -0 0
-0.020169394 -0.029642537 0.50675005
-0.015720842 -0.029613288 0.50625002
-0.010678789 -0.028004665 0.47875002
-0.0058399425 -0.025196886 0.43075001
-0.0020344877 -0.024743546 0.42300001
0.0016560494 -0.024597308 0.42050001
0.0052901609 -0.024392575 0.41700003
0.0088040922 -0.024026979 0.41075003
0.012163401 -0.023573639 0.40300003
0.015552569 -0.023368904 0.39950001
0.018892422 -0.023178795 0.39625001
0.022133095 -0.022944815 0.39225003
0.0252549 -0.022666961 0.38750002
0.028422965 -0.022491476 0.38450003
0.031331867 -0.02216975 0.37900001
0.034235962 -0.021906519 0.37450001
0.037186529 -0.02171641 0.37125
0.040080238 -0.021526301 0.36800003
0.042711172 -0.021233823 0.36300001
0.045444246 -0.021029091 0.35950002
0.048183661 -0.020853605 0.35650003
0.051014494 -0.020736614 0.35450003
0.053581353 -0.02053188 0.35100001
0.056086984 -0.020327145 0.34750003
0.058318682 -0.020049293 0.34275001
0.060735628 -0.019859182 0.33950001
0.063189536 -0.019698322 0.33675003
0.06549713 -0.019508211 0.33350003
0.067645289 -0.019288851 0.32975
0.069888256 -0.019113366 0.32675001
0.072134398 -0.018952504 0.324
0.07450597 -0.018835515 0.32200003
0.076662444 -0.018674651 0.31925002
0.07914412 -0.018601531 0.31800002
0.08231242 -0.018689275 0.31950003
0.085973099 -0.018879384 0.32275
0.089277983 -0.018981753 0.32450002
0.093110234 -0.019186486 0.32800001
0.09649165 -0.019288851 0.32975
0.099903688 -0.01939122 0.33150002
0.10373399 -0.019566705 0.33450001
0.10689932 -0.019610578 0.33525002
0.11024159 -0.019683696 0.33650002
0.11293299 -0.019639825 0.33575001
0.11526619 -0.019537458 0.33400002
0.11730336 -0.01939122 0.33150002
0.11956874 -0.019288851 0.32975
0.12106081 -0.019069495 0.32600001
0.12305743 -0.01893788 0.32375002
0.12491745 -0.018791642 0.32125002
0.12683314 -0.018660026 0.31900001
0.12870947 -0.018528413 0.31675002
0.13033888 -0.018367549 0.31400001
0.13192016 -0.018206688 0.31125
0.13356149 -0.01806045 0.30875
0.13471775 -0.017855715 0.30525002
0.13660042 -0.01775335 0.30350003
0.13787892 -0.017577862 0.30050001
0.13898805 -0.017387751 0.29725
0.14027847 -0.017226892 0.29450002
0.14127825 -0.017036781 0.29125002
0.14271498 -0.016905164 0.289
0.14398672 -0.016758926 0.28650001
0.14572603 -0.016671184 0.28500003
0.14730908 -0.016568817 0.28325
0.14859711 -0.016437203 0.28100002
0.1491738 -0.016232468 0.2775
0.15037215 -0.016100854 0.27525002
0.15222497 -0.016042357 0.27425
0.15349649 -0.015925368 0.27225003
0.15530555 -0.015866872 0.27125001
0.15709713 -0.015808377 0.27025002
0.15872371 -0.015735259 0.26900002
0.16017871 -0.015647516 0.26750001
0.16160746 -0.015559771 0.266
0.16300997 -0.015472029 0.26450002
0.16344868 -0.015296542 0.2615
0.16510248 -0.015238048 0.26050001
0.16722067 -0.015223423 0.26025
0.16852041 -0.015135681 0.25875002
0.16946387 -0.015018689 0.25675002
0.17087394 -0.01494557 0.25550002
0.17192335 -0.014843204 0.25375003
0.17277059 -0.014726213 0.25175002
-0 -0 0
-0 -0 0
-0 -0 0
-0 -0 0
-0 -0 0
-0 -0 0
-0 -0 0
-0 -0 0
-0 -0 0
-0 -0 0
-0 -0 0
-0 -0 0
-0 -0 0
-0 -0 0
-0 -0 0
-0 -0 0
-0.74071693 -0.065265015 1.3117501
-0.73118758 -0.06543915 1.31525
-0.72351217 -0.065787427 1.32225
-0.71261823 -0.065849625 1.3235
-0.7052778 -0.066247657 1.3315001
-0.69662535 -0.066533744 1.3372501
-0 -0 0
-0 -0 0
-0 -0 0
-0 -0 0
-0 -0 0
-0 -0 0
-0 -0 0
-0 -0 0
-0 -0 0
-0 -0 0
-0 -0 0
-0 -0 0
-0 -0 0
-0 -0 0
-0 -0 0
-0 -0 0
-0 -0 0
-0 -0 0
-0 -0 0
-0 -0 0
-0 -0 0
-0 -0 0
-0 -0 0
-0 -0 0
-0 -0 0
-0 -0 0
-0 -0 0
-0 -0 0
-0 -0 0
-0 -0 0
-0 -0 0
-0 -0 0
-0 -0 0
-0 -0 0
-0 -0 0
-0 -0 0
-0 -0 0
-0 -0 0
-0 -0 0
-0 -0 0
-0 -0 0
-0 -0 0
-0 -0 0
-0 -0 0
-0 -0 0
-0 -0 0
-0 -0 0
-0 -0 0
-0 -0 0
-0.045446422 -0.027066261 0.54400003
-0.040332269 -0.026829928 0.53925002
-0.035202157 -0.026518967 0.53300005
-0 -0 0
-0 -0 0
-0.020239046 -0.025299989 0.50850004
-0.015767422 -0.025262672 0.50775003
-0.010890692 -0.024292467 0.48825002
-0.0058636684 -0.021518674 0.43250003
-0.002046512 -0.021170393 0.42550001
0.0016550649 -0.020909185 0.42025003
0.005280646 -0.020710168 0.41625002
0.0088523189 -0.020548467 0.41300002
0.012299221 -0.02027482 0.40750003
0.015610965 -0.019951416 0.40100002
0.018916262 -0.019739963 0.39675003
0.022133095 -0.019516068 0.39225003
0.025385248 -0.019379243 0.38950002
0.028533846 -0.019205105 0.38600001
0.031414539 -0.01890658 0.38000003
0.034373086 -0.018707562 0.37600002
0.037261654 -0.018508546 0.37200001
0.039998554 -0.018272214 0.36725003
0.042887665 -0.018135389 0.36450002
0.045602258 -0.017948812 0.36075002
0.04835261 -0.017799551 0.35775003
0.051050469 -0.017650286 0.35475001
0.053695846 -0.017501025 0.35175002
0.056127328 -0.017302008 0.34775001
0.058318682 -0.017053237 0.34275001
0.060825076 -0.016916413 0.34
0.063236445 -0.01676715 0.33700001
0.065546222 -0.01660545 0.33375001
0.067901716 -0.016468627 0.33100003
0.070209093 -0.016331801 0.32825002
0.072412699 -0.01618254 0.32525003
0.074737348 -0.016070593 0.32300001
0.07678251 -0.015908891 0.31975001
0.0790819 -0.015809383 0.31775001
0.082376823 -0.015908891 0.31975001
0.086306073 -0.016120346 0.324
0.089621887 -0.016207417 0.32575002
0.0929683 -0.016294487 0.32750002
0.0964185 -0.016393995 0.32950002
0.10005437 -0.01651838 0.33200002
0.10365645 -0.016630325 0.33425
0.10721818 -0.016729835 0.33625001
0.1104873 -0.01677959 0.33725002
0.11310118 -0.016729835 0.33625001
0.11543874 -0.016642766 0.33450001
0.11748029 -0.01651838 0.33200002
0.1196594 -0.016418871 0.33000001
0.12161784 -0.016294487 0.32750002
0.12353255 -0.016170101 0.32500002
0.12520909 -0.016020838 0.32200003
0.12703194 -0.015896454 0.31950003
0.12881103 -0.015772067 0.317
0.13044265 -0.015635245 0.31425002
0.13181421 -0.015473543 0.31100002
0.1337778 -0.015386473 0.30925003
0.13515908 -0.01523721 0.30625001
0.13693798 -0.015137701 0.30425
0.13845246 -0.015013316 0.30175
0.13980632 -0.014876493 0.29900002
0.14087389 -0.014714792 0.29575002
0.14224841 -0.014590407 0.29325002
0.14308536 -0.014416266 0.28975001
0.144238 -0.014279442 0.287
0.14585385 -0.014192373 0.28525001
0.14717907 -0.014080427 0.28300002
0.14859711 -0.013980919 0.28100002
0.14903942 -0.01379434 0.27725002
0.15037215 -0.013694832 0.27525002
0.15250251 -0.013669955 0.27475002
0.15406029 -0.013595323 0.27325001
0.15573497 -0.01353313 0.27200001
0.15724245 -0.013458499 0.2705
0.15901874 -0.013408746 0.26950002
0.1604781 -0.013334113 0.26800001
0.16175935 -0.013247044 0.26625001
0.16331811 -0.013184852 0.26500002
0.16438624 -0.013085343 0.26300001
0.16557783 -0.012998274 0.26125002
0.16738132 -0.012960957 0.26050001
0.16900888 -0.012911204 0.25950003
0.16979389 -0.012799256 0.25725001
0.17120832 -0.012737064 0.25600001
0.17243148 -0.012662432 0.2545
0.17294215 -0.012538047 0.252
-0 -0 0
-0 -0 0
-0 -0 0
-0 -0 0
-0 -0 0
-0 -0 0
-0 -0 0
-0 -0 0
-0 -0 0
-0.80085707 -0.052476037 1.2795
-0.79151565 -0.052599076 1.2825
-0.78379476 -0.052834902 1.2882501
-0.77567351 -0.05305022 1.2935001
-0.76701719 -0.053234778 1.2980001
-0.75828212 -0.053419333 1.3025
-0.74946827 -0.053603895 1.307
-0.74071693 -0.053798705 1.3117501
-0.73132658 -0.053952504 1.3155
-0.72351217 -0.054229338 1.32225
-0.71665651 -0.054588206 1.3310001
-0.70554262 -0.054629214 1.332
-0 -0 0
-0 -0 0
-0 -0 0
-0 -0 0
-0 -0 0
-0 -0 0
-0 -0 0
-0 -0 0
-0 -0 0
-0 -0 0
-0 -0 0
-0 -0 0
-0 -0 0
-0 -0 0
-0 -0 0
-0 -0 0
-0 -0 0
-0 -0 0
-0 -0 0
-0 -0 0
-0 -0 0
-0 -0 0
-0 -0 0
-0 -0 0
-0 -0 0
-0 -0 0
-0 -0 0
-0 -0 0
-0 -0 0
-0 -0 0
-0 -0 0
-0 -0 0
-0 -0 0
-0 -0 0
-0 -0 0
-0 -0 0
-0 -0 0
-0 -0 0
-0 -0 0
-0 -0 0
-0 -0 0
-0 -0 0
-0 -0 0
-0 -0 0
-0 -0 0
-0 -0 0
-0 -0 0
-0 -0 0
-0 -0 0
-0 -0 0
-0.045926787 -0.022546856 0.54975003
-0.040612746 -0.02227002 0.54300004
-0.03540029 -0.021982929 0.53600001
-0 -0 0
-0.024663104 -0.020834567 0.50800002
-0.020258944 -0.020875579 0.509
-0.015775185 -0.020834567 0.50800002
-0.01106356 -0.020342411 0.49600002
-0.0059111197 -0.017881636 0.43600002
-0.002046512 -0.017450999 0.42550001
0.0016619568 -0.017307455 0.42200002
0.005280646 -0.017071631 0.41625002
0.0088255266 -0.016887072 0.41175002
0.012269038 -0.016671754 0.40650001
0.015659627 -0.01649745 0.40225002
0.018987779 -0.016333397 0.39825001
0.022203626 -0.016138587 0.39350003
0.025417835 -0.015995041 0.39000002
0.028459925 -0.015789976 0.38500002
0.031538542 -0.015646432 0.38150001
0.034418795 -0.015441366 0.37650001
0.037211571 -0.015236302 0.37150002
0.040134694 -0.015113263 0.36850002
0.042975914 -0.014979972 0.36525002
0.045697063 -0.014826173 0.36150002
0.048285026 -0.014651868 0.35725001
0.051158398 -0.014580095 0.35550001
0.053848498 -0.014467309 0.35275
0.056208029 -0.014282751 0.34825
0.058403756 -0.014077687 0.34325001
0.061227597 -0.014036674 0.34225002
0.063283354 -0.01383161 0.33725002
0.065742619 -0.013729078 0.33475003
0.06810686 -0.013616292 0.33200002
0.070422977 -0.013503506 0.32925001
0.072524019 -0.013359961 0.32575002
0.074795201 -0.013257429 0.32325003
0.076902568 -0.013134389 0.32025
0.078957461 -0.01301135 0.31725001
0.082183599 -0.013083123 0.31900001
0.086306073 -0.013288188 0.324
0.089415543 -0.013329201 0.32500002
0.092755392 -0.013400974 0.32675001
0.09649165 -0.013524012 0.32975
0.10035574 -0.013657304 0.333
0.10357893 -0.013698317 0.33400002
0.10737762 -0.013811103 0.33675003
0.1104873 -0.01383161 0.33725002
0.11318527 -0.01380085 0.33650002
0.11552502 -0.013729078 0.33475003
0.11783414 -0.013657304 0.333
0.11975005 -0.013544519 0.33025002
0.12189636 -0.013462493 0.32825002
0.12391265 -0.013370213 0.32600001
0.12559792 -0.013247175 0.32300001
0.12723073 -0.013124136 0.32000002
0.12901422 -0.013021604 0.31750003
0.13054642 -0.012898565 0.3145
0.13223805 -0.012796032 0.31200001
0.13399409 -0.012703754 0.30975002
0.13571075 -0.012611474 0.3075
0.13716303 -0.01249869 0.30475003
0.13879658 -0.01240641 0.30250001
0.13992321 -0.012273118 0.29925001
0.14099297 -0.012139826 0.296
0.14273348 -0.012068054 0.29425001
0.14357919 -0.011924509 0.29075003
0.14474057 -0.011811723 0.28800002
0.14585385 -0.011698937 0.28525001
0.14717907 -0.011606659 0.28300002
0.14846489 -0.011514379 0.28075001
0.14903942 -0.011370834 0.27725002
0.15091845 -0.01132982 0.27625
0.15291879 -0.011299061 0.2755
0.15434219 -0.011227288 0.27375001
0.15630752 -0.011196529 0.273
0.15825973 -0.01116577 0.27225003
0.15960878 -0.011093996 0.2705
0.16092721 -0.011022224 0.26875001
0.16221501 -0.010950452 0.26700002
0.16347219 -0.010878679 0.26525003
0.16469876 -0.010806906 0.26350001
0.16605318 -0.010745388 0.26200002
0.16754195 -0.010694121 0.26075003
0.16917169 -0.010653107 0.25975001
0.1701239 -0.010571081 0.25775
0.17137553 -0.010509563 0.25625002
0.17209274 -0.010417284 0.25400001
0.17311372 -0.010345511 0.25225002
-0 -0 0
-0 -0 0
-0 -0 0
-0 -0 0
-0.83957857 -0.040460639 1.2537501
-0.83191538 -0.040622 1.2587501
-0.82514292 -0.040831763 1.2652501
-0.81793493 -0.041025393 1.27125
-0.80887675 -0.041130275 1.2745
-0.80054414 -0.041275498 1.279
-0.79120708 -0.041372314 1.2820001
-0.78425103 -0.041598216 1.289
-0.77567351 -0.041743439 1.2935001
-0.76790357 -0.041937072 1.2995001
-0.75930101 -0.04209036 1.3042501
-0.74975497 -0.042195242 1.3075
-0.74382269 -0.042509891 1.31725
-0.73327231 -0.042566366 1.319
-0.72392255 -0.042695455 1.3230001
-0.71490663 -0.042848743 1.3277501
-0.70501298 -0.042953629 1.3310001
-0.69675553 -0.043163393 1.3375001
-0.68761617 -0.043324754 1.3425001
-0 -0 0
-0 -0 0
-0 -0 0
-0 -0 0
-0 -0 0
-0 -0 0
-0 -0 0
-0 -0 0
-0 -0 0
-0 -0 0
-0 -0 0
-0 -0 0
-0 -0 0
-0 -0 0
-0 -0 0
-0 -0 0
-0 -0 0
-0 -0 0
-0 -0 0
-0 -0 0
-0 -0 0
-0 -0 0
-0 -0 0
-0 -0 0
-0 -0 0
-0 -0 0
-0 -0 0
-0 -0 0
-0 -0 0
-0 -0 0
-0 -0 0
-0 -0 0
-0 -0 0
-0 -0 0
-0 -0 0
-0 -0 0
-0 -0 0
-0 -0 0
-0 -0 0
-0 -0 0
-0 -0 0
-0 -0 0
-0 -0 0
-0 -0 0
-0 -0 0
-0 -0 0
-0 -0 0
-0 -0 0
-0.045989443 -0.017765569 0.55050004
-0.040762331 -0.017588073 0.54500002
-0.035565402 -0.017378308 0.53850001
-0 -0 0
-0.024699515 -0.016418226 0.50875002
-0.02033855 -0.016490838 0.51100004
-0.015891638 -0.016515041 0.51175004
-0.01118624 -0.016184255 0.50150001
-0.0060094129 -0.014304429 0.44325003
-0.0020453096 -0.013723539 0.42525002
0.0016629414 -0.013626724 0.42225003
0.005280646 -0.013433093 0.41625002
0.0088630365 -0.013344346 0.41350001
0.012299221 -0.013150716 0.40750003
0.015688825 -0.013005494 0.40300003
0.019035457 -0.012884475 0.39925003
0.022260051 -0.012731184 0.39450002
0.02540154 -0.012577893 0.38975
0.028478406 -0.012432671 0.38525003
0.031600542 -0.012335856 0.38225001
0.034555923 -0.012198702 0.37800002
0.037336778 -0.012029274 0.37275001
0.040270835 -0.01193246 0.36975002
0.043034744 -0.011803373 0.36575001
0.045791872 -0.011690422 0.36225003
0.04835261 -0.0115452 0.35775003
0.051230349 -0.011488724 0.35600001
0.053657681 -0.011343501 0.3515
0.056288734 -0.011254754 0.34875003
0.058616444 -0.011117599 0.34450001
0.061093424 -0.011020784 0.34150001
0.063564822 -0.010932037 0.33875
0.065742619 -0.010802951 0.33475003
0.06810686 -0.010714203 0.33200002
0.070529923 -0.010641592 0.32975
0.072857969 -0.010560912 0.32725
0.07485304 -0.010439893 0.32350001
0.077202737 -0.01037535 0.3215
0.07914412 -0.010262399 0.31800002
0.082183599 -0.01029467 0.31900001
0.086172886 -0.010439893 0.32350001
0.089415543 -0.010488302 0.32500002
0.093110234 -0.010585116 0.32800001
0.09649165 -0.010641592 0.32975
0.10012972 -0.010722271 0.33225003
0.10350139 -0.010770679 0.33375001
0.10721818 -0.010851357 0.33625001
0.1103235 -0.010867494 0.33675003
0.11326937 -0.010867494 0.33675003
0.11578385 -0.010827154 0.3355
0.11801107 -0.010762611 0.33350003
0.11993136 -0.010673864 0.33075002
0.12198919 -0.010601251 0.3285
0.1241027 -0.010536709 0.32650003
0.12588957 -0.010447961 0.32375002
0.12752894 -0.010351147 0.32075003
0.12921739 -0.010262399 0.31800002
0.13096151 -0.01018172 0.31550002
0.1328738 -0.010117177 0.31350002
0.13442667 -0.010028429 0.31075001
0.13626242 -0.0099638859 0.30875
0.1376131 -0.0098670712 0.30575001
0.13914071 -0.0097863916 0.30325001
0.1402739 -0.0096815089 0.30000001
0.14135021 -0.0095766252 0.29675001
0.14273348 -0.0094959466 0.29425001
0.1438261 -0.0093991319 0.29125002
0.14486621 -0.0093023162 0.28825
0.14585385 -0.0092055015 0.28525001
0.14730908 -0.0091409571 0.28325
0.14899372 -0.0090925507 0.28175002
0.14930819 -0.0089634638 0.27775002
0.15132819 -0.0089392597 0.27700001
0.15333509 -0.0089150555 0.27625
0.15476505 -0.0088585801 0.27450001
0.15659381 -0.0088263089 0.27350003
0.15855038 -0.0088021057 0.27275002
0.16034634 -0.0087698335 0.27175
0.16137631 -0.008697222 0.26950002
0.16282254 -0.0086488146 0.26800001
0.16378035 -0.0085762031 0.26575002
0.16485503 -0.0085116597 0.26375002
0.16637006 -0.0084713204 0.26250002
0.16786322 -0.0084309811 0.26125002
0.16917169 -0.0083825728 0.25975001
0.1701239 -0.0083180293 0.25775
0.17170991 -0.0082857581 0.25675002
0.17226212 -0.0082050785 0.25425002
0.17345686 -0.0081566712 0.25275001
-0 -0 0
-0 -0 0
-0.8580783 -0.029383672 1.2487501
-0.84749347 -0.029395437 1.2492501
-0.83941114 -0.029495442 1.2535001
-0.83092397 -0.029583681 1.2572501
-0.82481676 -0.029760158 1.26475
-0.81680894 -0.029871928 1.2695
-0.80998743 -0.030030757 1.27625
-0.80226547 -0.030160177 1.2817501
-0.7935214 -0.030254299 1.28575
-0.78531575 -0.030371951 1.29075
-0.77582341 -0.030442541 1.29375
-0.76775581 -0.030571958 1.29925
-0.75842774 -0.030654319 1.3027501
-0.74903822 -0.030736674 1.3062501
-0.74114048 -0.030883741 1.3125001
-0.73271644 -0.031013157 1.3180001
-0.72392255 -0.031130809 1.3230001
-0.71544504 -0.031266108 1.32875
-0.70514536 -0.031324934 1.3312501
-0.69519275 -0.031401411 1.3345001
-0 -0 0
-0 -0 0
-0 -0 0
-0 -0 0
-0 -0 0
-0 -0 0
-0 -0 0
-0 -0 0
-0 -0 0
-0 -0 0
-0 -0 0
-0 -0 0
-0 -0 0
-0 -0 0
-0 -0 0
-0 -0 0
-0 -0 0
-0 -0 0
-0 -0 0
-0 -0 0
-0 -0 0
-0 -0 0
-0 -0 0
-0 -0 0
-0 -0 0
-0 -0 0
-0 -0 0
-0 -0 0
-0 -0 0
-0 -0 0
-0 -0 0
-0 -0 0
-0 -0 0
-0 -0 0
-0 -0 0
-0 -0 0
-0 -0 0
-0 -0 0
-0 -0 0
-0 -0 0
-0 -0 0
-0 -0 0
-0 -0 0
-0 -0 0
-0 -0 0
-0 -0 0
-0 -0 0
-0 -0 0
-0 -0 0
-0.046114754 -0.012988819 0.55200005
-0.040706236 -0.012806457 0.54425001
-0.035680979 -0.012712334 0.54025
-0.029221656 -0.012000539 0.51000005
-0.024760203 -0.012000539 0.51000005
-0.020438053 -0.012082895 0.51350003
-0.015907163 -0.012053481 0.51225001
-0.011281039 -0.011900533 0.50575
-0.0061110947 -0.010606359 0.45075002
-0.0020585363 -0.01007104 0.42800003
0.0016668796 -0.0099592702 0.42325002
0.0052965037 -0.0098239705 0.41750002
0.0088951876 -0.0097651444 0.41500002
0.012314311 -0.0096004307 0.40800002
0.015727755 -0.0095063085 0.40400001
0.019059295 -0.0094063049 0.39975002
0.02223184 -0.0092710042 0.39400002
0.025417835 -0.009176882 0.39000002
0.028589288 -0.0091004083 0.38675001
0.031745214 -0.0090356991 0.384
0.034670196 -0.0089239301 0.37925002
0.037687361 -0.0088533387 0.37625003
0.040434204 -0.0087356856 0.37125
0.043034744 -0.0086062681 0.36575001
0.045918282 -0.008547442 0.36325002
0.048589133 -0.0084592029 0.35950002
0.051302306 -0.0083886124 0.35650003
0.054001153 -0.0083239032 0.35375002
0.056369435 -0.0082180155 0.34925002
0.058956742 -0.0081533073 0.34650001
0.061182871 -0.0080474196 0.34200001
0.063705556 -0.0079885935 0.33950001
0.065988116 -0.0079062376 0.33600003
0.068465851 -0.0078532938 0.33375001
0.070743814 -0.0077827023 0.33075002
0.072802313 -0.0076944632 0.32700002
0.075200126 -0.0076474021 0.32500002
0.077262774 -0.007570928 0.32175002
0.079392999 -0.0075062187 0.31900001
0.08224801 -0.0075121019 0.31925002
0.086172886 -0.0076121059 0.32350001
0.08982823 -0.0076826978 0.32650003
0.093323141 -0.0077356412 0.32875001
0.096637972 -0.0077709369 0.33025002
0.10012972 -0.0078179985 0.33225003
0.10357893 -0.007859176 0.33400002
0.10721818 -0.0079121199 0.33625001
0.11040539 -0.0079297675 0.33700001
0.11343754 -0.0079356506 0.33725002
0.11587013 -0.0079003545 0.33575001
0.11809953 -0.0078532938 0.33375001
0.12038461 -0.0078121154 0.33200002
0.12236054 -0.0077532893 0.32950002
0.12391265 -0.007670932 0.32600001
0.1261812 -0.0076356367 0.32450002
0.12772773 -0.007559163 0.32125002
0.12931897 -0.0074885711 0.31825
0.13127284 -0.0074415104 0.31625003
0.13329764 -0.007400332 0.3145
0.1349674 -0.0073415055 0.31200001
0.13659343 -0.0072826794 0.30950001
0.13783814 -0.0072062053 0.30625001
0.13959953 -0.0071591446 0.30425
0.1402739 -0.0070591401 0.30000001
0.14182654 -0.0070061972 0.29775003
0.14249095 -0.006912075 0.29375002
0.14407301 -0.0068650139 0.29175001
0.14524314 -0.0068003051 0.289
0.14649299 -0.006741479 0.28650001
0.14743909 -0.0066708876 0.28350002
0.1488615 -0.0066238265 0.28150001
0.14984575 -0.0065591177 0.27875
0.15187451 -0.0065414705 0.27800003
0.15375139 -0.0065179393 0.27700001
0.15532885 -0.0064826435 0.2755
0.15716636 -0.0064591132 0.27450001
0.15855038 -0.0064179352 0.27275002
0.16019884 -0.0063885222 0.27150002
0.16167571 -0.006353226 0.27000001
0.16312632 -0.0063179303 0.2685
0.16424257 -0.0062708701 0.26650003
0.16532382 -0.006223809 0.26450002
0.16684541 -0.0061943959 0.26325002
0.16834512 -0.0061649829 0.26200002
0.16949733 -0.006123804 0.26025
0.17045392 -0.0060767429 0.25825
0.17204429 -0.0060532126 0.25725001
0.17293964 -0.0060061519 0.25525001
0.17379999 -0.0059590908 0.25325
-0 -0 0
-0 -0 0
-0 -0 0
-0 -0 0
-0 -0 0
-0.8327415 -0.01863444 1.2600001
-0.82449073 -0.018697293 1.26425
-0.81584382 -0.018752754 1.268
-0.80887675 -0.018848883 1.2745
-0.80007476 -0.018904345 1.2782501
-0.79058987 -0.018945014 1.281
-0.78273004 -0.019026356 1.2865001
-0.77387446 -0.019085512 1.2905
-0.76642627 -0.019181643 1.2970001
-0.7568267 -0.019226011 1.3000001
-0.74846476 -0.019303653 1.30525
-0.74043465 -0.01939239 1.3112501
-0 -0 0
-0 -0 0
-0 -0 0
-0 -0 0
-0 -0 0
-0 -0 0
-0 -0 0
-0 -0 0
-0 -0 0
-0 -0 0
-0 -0 0
-0 -0 0
-0 -0 0
-0 -0 0
-0 -0 0
-0 -0 0
-0 -0 0
-0 -0 0
-0 -0 0
-0 -0 0
-0 -0 0
-0 -0 0
-0 -0 0
-0 -0 0
-0 -0 0
-0 -0 0
-0 -0 0
-0 -0 0
-0 -0 0
-0 -0 0
-0 -0 0
-0 -0 0
-0 -0 0
-0 -0 0
-0 -0 0
-0 -0 0
-0 -0 0
-0 -0 0
-0 -0 0
-0 -0 0
-0 -0 0
-0 -0 0
-0 -0 0
-0 -0 0
-0 -0 0
-0 -0 0
-0 -0 0
-0 -0 0
-0 -0 0
-0 -0 0
-0 -0 0
-0 -0 0
-0 -0 0
-0 -0 0
-0.046323609 -0.0082006333 0.55450004
-0.040968016 -0.0081008058 0.54775006
-0.03578005 -0.0080120694 0.54175001
-0 -0 0
-0.024881577 -0.007579485 0.51250005
-0.020656962 -0.0076756151 0.51900005
-0.016031377 -0.0076349443 0.51625001
-0.011336803 -0.00751663 0.50825
-0.0062432815 -0.0068104444 0.46050003
-0.0020669531 -0.0063556754 0.42975003
0.0016737717 -0.0062854262 0.42500001
0.0053123613 -0.0061929934 0.41875002
0.008916622 -0.006152323 0.41600001
0.012336948 -0.0060451012 0.40875003
0.015756952 -0.0059859441 0.40475002
0.019047376 -0.0059083006 0.39950001
0.022245945 -0.0058306572 0.39425001
0.025564477 -0.0058010789 0.39225003
0.028626248 -0.0057271323 0.38725001
0.03172455 -0.0056753703 0.38375002
0.034807324 -0.0056310026 0.38075003
0.037687361 -0.0055644512 0.37625003
0.040461436 -0.005494202 0.37150002
0.043122992 -0.0054202559 0.36650002
0.046044689 -0.0053869798 0.36425
0.048825659 -0.0053426125 0.36125001
0.051446211 -0.0052871527 0.35750002
0.053962987 -0.0052279956 0.35350001
0.056369435 -0.0051651415 0.34925002
0.059041817 -0.0051318654 0.347
0.061495945 -0.0050838008 0.34375003
0.06384629 -0.0050320383 0.34025002
0.066086307 -0.0049765785 0.33650002
0.068722278 -0.0049543949 0.33500001
0.071118124 -0.0049174218 0.33250001
0.073080607 -0.0048545673 0.32825002
0.075257972 -0.0048102001 0.32525003
0.077202737 -0.0047547398 0.3215
0.079455227 -0.0047214646 0.31925002
0.082183599 -0.0047177668 0.31900001
0.086172886 -0.0047843186 0.32350001
0.089759447 -0.004824989 0.32625002
0.093465075 -0.0048693568 0.32925001
0.096857436 -0.0048952382 0.33100003
0.1002804 -0.0049211192 0.33275002
0.10381152 -0.0049506975 0.33475003
0.1072979 -0.0049765785 0.33650002
0.11065111 -0.0049950653 0.33775002
0.11368981 -0.0049987626 0.33800003
0.11612896 -0.0049765785 0.33650002
0.11827645 -0.0049433028 0.33425
0.12056591 -0.0049174218 0.33250001
0.12254622 -0.0048804488 0.33000001
0.1241027 -0.0048286864 0.32650003
0.12627842 -0.0048028049 0.32475001
0.12782712 -0.0047547398 0.3215
0.12962373 -0.0047177668 0.31900001
0.13148038 -0.0046844911 0.31675002
0.13329764 -0.0046512154 0.3145
0.13507555 -0.0046179397 0.31225002
0.13659343 -0.0045772693 0.30950001
0.13806319 -0.0045365989 0.30675003
0.13959953 -0.0044996254 0.30425
0.14062458 -0.0044478634 0.30075002
0.14230287 -0.0044182851 0.29875001
0.1430973 -0.0043628253 0.29500002
0.14456682 -0.0043295491 0.29275
0.145997 -0.0042962739 0.29050002
0.14700432 -0.0042519062 0.28750002
0.14756912 -0.0041964464 0.28375003
0.14872929 -0.0041594729 0.28125
0.15038332 -0.0041372897 0.27975002
0.15228423 -0.0041224998 0.27875
0.15389016 -0.0041003167 0.27725002
0.15561077 -0.0040818299 0.27600002
0.15745263 -0.0040670405 0.27500001
0.15927702 -0.0040522516 0.27400002
0.16049387 -0.0040226728 0.27200001
0.1619751 -0.0040004887 0.2705
0.16327821 -0.0039746077 0.26875001
0.16439663 -0.0039450293 0.26675001
0.16610512 -0.0039302404 0.26575002
0.16732074 -0.0039043587 0.264
0.16866639 -0.0038821751 0.26250002
0.16998579 -0.0038599912 0.26100001
0.17111397 -0.00383411 0.25925002
0.17254589 -0.0038156235 0.25800002
0.17310902 -0.0037786504 0.25550002
0.17414315 -0.0037527694 0.25375003
-0 -0 0
-0 -0 0
-0.85344011 -0.0075116269 1.2420001
-0.84664541 -0.0075479145 1.248
-0.83740216 -0.007563035 1.2505001
-0.82993263 -0.0075947871 1.2557501
-0.82432771 -0.0076446827 1.2640001
-0.81536132 -0.0076643392 1.2672501
-0.80840081 -0.0077036512 1.2737501
-0.79944879 -0.0077248188 1.2772501
-0.78950983 -0.0077369148 1.27925
-0.78242576 -0.0077777389 1.286
-0 -0 0
-0 -0 0
-0 -0 0
-0 -0 0
-0 -0 0
-0 -0 0
-0 -0 0
-0 -0 0
-0 -0 0
-0 -0 0
-0 -0 0
-0 -0 0
-0 -0 0
-0 -0 0
-0 -0 0
-0 -0 0
-0 -0 0
-0 -0 0
-0 -0 0
-0 -0 0
-0 -0 0
-0 -0 0
-0 -0 0
-0 -0 0
-0 -0 0
-0 -0 0
-0 -0 0
-0 -0 0
-0 -0 0
-0 -0 0
-0 -0 0
-0 -0 0
-0 -0 0
-0 -0 0
-0 -0 0
-0 -0 0
-0 -0 0
-0 -0 0
-0 -0 0
-0 -0 0
-0 -0 0
-0 -0 0
-0 -0 0
-0 -0 0
-0 -0 0
-0 -0 0
-0 -0 0
-0 -0 0
-0 -0 0
-0 -0 0
-0 -0 0
-0 -0 0
-0 -0 0
-0 -0 0
-0 -0 0
-0 -0 0
-0 -0 0
-0 -0 0
-0 -0 0
-0.04644892 -0.0033626929 0.55600005
-0.041173693 -0.0033294288 0.55050004
-0.036044233 -0.0033007006 0.54575002
-0 -0 0
-0 -0 0
-0.020706713 -0.0031464766 0.52025002
-0.01608572 -0.0031328683 0.51800001
-0.011353532 -0.0030784362 0.509
-0.0064127515 -0.0028607082 0.47300002
-0.002072965 -0.0026066918 0.43100002
0.001684602 -0.0025870358 0.42775002
0.0053409059 -0.0025462117 0.42100003
0.0089273388 -0.0025189957 0.41650003
0.012397313 -0.0024842196 0.41075003
0.01578615 -0.0024524676 0.40550002
0.019071214 -0.0024192033 0.40000001
0.022344692 -0.0023950115 0.39600003
0.025629649 -0.0023783795 0.39325002
0.028755615 -0.0023526754 0.38900003
0.031807218 -0.0023269712 0.38475001
0.034830175 -0.0023042914 0.38100001
0.037662316 -0.0022740513 0.37600002
0.040597577 -0.0022543953 0.37275001
0.043240651 -0.002222643 0.36750001
0.046107896 -0.0022060112 0.36475003
0.048927028 -0.0021893792 0.36200002
0.051518161 -0.0021651872 0.35800001
0.05407748 -0.0021425071 0.35425001
0.056409787 -0.0021137791 0.34950003
0.05916943 -0.0021031951 0.34775001
0.061764285 -0.002088075 0.34525001
0.064033933 -0.0020638828 0.34125
0.066282697 -0.0020412027 0.33750001
0.06887614 -0.002030619 0.33575001
0.071278535 -0.0020154989 0.33325002
0.073080607 -0.0019852589 0.32825002
0.075200126 -0.0019656029 0.32500002
0.077562936 -0.0019535068 0.32300001
0.079704106 -0.0019368747 0.32025
0.082183599 -0.0019293147 0.31900001
0.086106293 -0.0019550188 0.32325003
0.089415543 -0.0019656029 0.32500002
0.093394116 -0.0019897949 0.32900003
0.096711121 -0.0019988669 0.33050001
0.1002804 -0.0020124749 0.33275002
0.10388904 -0.0020260829 0.33500001
0.10737762 -0.002036667 0.33675003
0.11081491 -0.002045739 0.33825001
0.11385799 -0.002047251 0.33850002
0.11621524 -0.002036667 0.33675003
0.11827645 -0.0020215467 0.33425
0.12074721 -0.0020139867 0.333
0.12273189 -0.0019988669 0.33050001
0.12457783 -0.0019822349 0.32775003
0.12686169 -0.0019731629 0.32625002
0.12822473 -0.0019504828 0.32250002
0.13003008 -0.0019353628 0.32000002
0.13158414 -0.0019172187 0.317
0.13361552 -0.0019066347 0.31525001
0.13529184 -0.0018915146 0.31275001
0.13670376 -0.0018733707 0.30975002
0.13828823 -0.0018582507 0.30725002
0.13959953 -0.0018401066 0.30425
0.14144285 -0.0018295225 0.30250001
0.14242196 -0.0018083546 0.29900002
0.14346109 -0.0017886986 0.29575002
0.14481375 -0.0017735786 0.29325002
0.14649956 -0.0017629944 0.2915
0.14751564 -0.0017448504 0.28850001
0.14782915 -0.0017191465 0.28425002
0.14899372 -0.0017040265 0.28175002
0.15078649 -0.0016964665 0.28050002
0.15269397 -0.0016904183 0.27950001
0.15430646 -0.0016813464 0.27800003
0.15603361 -0.0016737863 0.27675
0.15773891 -0.0016662263 0.2755
0.15956767 -0.0016601784 0.27450001
0.1609364 -0.0016495944 0.27275002
0.16227451 -0.0016390104 0.27100003
0.16373387 -0.0016299384 0.26950002
0.16485885 -0.0016178424 0.26750001
0.16626137 -0.0016087702 0.266
0.16763765 -0.0015996983 0.26450002
0.16866639 -0.0015876023 0.26250002
0.16998579 -0.0015785302 0.26100001
0.17144398 -0.0015709702 0.25975001
0.17271307 -0.0015618982 0.25825
0.17344779 -0.0015482903 0.25600001
0.17448628 -0.0015377062 0.25425002
-0 0 0
-0 0 0
-0.85309643 0.0033436334 1.2415
-0 0 0
-0.8372348 0.0033671991 1.2502501
-0 0 0
-0 0 0
-0 0 0
-0 0 0
-0 0 0
-0 0 0
-0 0 0
-0 0 0
-0 0 0
-0 0 0
-0 0 0
-0 0 0
-0 0 0
-0 0 0
-0 0 0
-0 0 0
-0 0 0
-0 0 0
-0 0 0
-0 0 0
-0 0 0
-0 0 0
-0 0 0
-0 0 0
-0 0 0
-0 0 0
-0 0 0
-0 0 0
-0 0 0
-0 0 0
-0 0 0
-0 0 0
-0 0 0
-0 0 0
-0 0 0
-0 0 0
-0 0 0
-0 0 0
-0 0 0
-0 0 0
-0 0 0
-0 0 0
-0 0 0
-0 0 0
-0 0 0
-0 0 0
-0 0 0
-0 0 0
-0 0 0
-0 0 0
-0 0 0
-0 0 0
-0 0 0
-0 0 0
-0 0 0
-0 0 0
-0 0 0
-0 0 0
-0 0 0
-0 0 0
-0 0 0
-0 0 0
-0 0 0
-0 0 0
-0 0 0
-0.051705003 0.0015088769 0.56025004
-0.046574228 0.0015014705 0.5575
-0.041360676 0.001489351 0.55300003
-0.036126789 0.0014731918 0.54700005
-0 0 0
-0.025209285 0.0013984549 0.51925004
-0.020776365 0.0014058611 0.52200001
-0.016062429 0.0013930683 0.51725
-0.011386991 0.001374889 0.51050001
-0.0065652747 0.001304192 0.48425001
-0.0020777748 0.0011634713 0.43200001
0.0016895249 0.0011553917 0.42900002
0.0053535919 0.0011365392 0.42200002
0.008916622 0.0011203798 0.41600001
0.012457676 0.0011116267 0.41275001
0.015805615 0.0010934476 0.40600002
0.019095054 0.0010786349 0.40050003
0.022443436 0.0010712285 0.39775002
0.025711117 0.0010624755 0.39450002
0.028829535 0.0010503561 0.39000002
0.031951893 0.0010409298 0.38650003
0.034944449 0.0010294836 0.38225001
0.037762482 0.0010153442 0.377
0.040788174 0.0010086111 0.37450001
0.043387726 0.00099312502 0.36875001
0.046297509 0.00098639203 0.36625001
0.049062181 0.00097763911 0.36300001
0.051518161 0.00096417294 0.35800001
0.054306459 0.00095811323 0.35575002
0.056651887 0.00094532041 0.35100001
0.059339583 0.0009392607 0.34875003
0.061809015 0.00093050773 0.34550002
0.064362317 0.00092377473 0.34300002
0.066479094 0.0009116552 0.33850002
0.06887614 0.00090424879 0.33575001
0.071438953 0.00089953572 0.33400002
0.073414557 0.00088808947 0.32975
0.075720735 0.00088135642 0.32725
0.077803068 0.00087260344 0.324
0.080077425 0.00086654373 0.32175002
0.082183599 0.00085913733 0.31900001
0.085973099 0.00086923694 0.32275
0.089484327 0.00087597006 0.32525003
0.093039274 0.00088270311 0.32775003
0.09649165 0.00088808947 0.32975
0.10005437 0.00089414924 0.33200002
0.10357893 0.00089953572 0.33400002
0.10705875 0.00090424879 0.33575001
0.11065111 0.00090963527 0.33775002
0.11385799 0.0009116552 0.33850002
0.11630151 0.00090761535 0.33700001
0.11836492 0.0009008823 0.33450001
0.12065656 0.00089616916 0.33275002
0.12291758 0.00089145609 0.33100003
0.12476788 0.00088404969 0.32825002
0.12686169 0.00087866321 0.32625002
0.12842353 0.00086991023 0.32300001
0.13033484 0.00086385052 0.32075003
0.1317917 0.00085509761 0.31750003
0.13361552 0.00084903778 0.31525001
0.1354 0.00084297807 0.31300002
0.13670376 0.00083422509 0.30975002
0.13851328 0.00082883867 0.30775002
0.13994366 0.00082143227 0.30500001
0.14167663 0.00081604579 0.303
0.14266011 0.00080661959 0.29950002
0.14358236 0.00079719326 0.296
0.14493719 0.00079046021 0.29350001
0.14649956 0.00078507379 0.2915
0.14802696 0.00077968743 0.28950003
0.14808919 0.00076689461 0.28475001
0.14939031 0.00076083478 0.2825
0.15132405 0.00075814163 0.28150001
0.15310371 0.00075477507 0.28025001
0.15472274 0.00075073523 0.27875
0.15645647 0.00074736873 0.2775
0.15816832 0.00074400217 0.27625
0.15956767 0.00073928904 0.27450001
0.1609364 0.00073457597 0.27275002
0.16242421 0.00073053606 0.27125001
0.16418953 0.00072784291 0.27025002
0.16532108 0.00072245643 0.26825002
0.16641764 0.00071707001 0.26625001
0.16779608 0.00071303017 0.26475
0.16882701 0.00070764369 0.26275
0.16998579 0.00070293056 0.26100001
0.17144398 0.00069956406 0.25975001
0.17254589 0.00069485093 0.25800002
0.17344779 0.0006894645 0.25600001
0.17465784 0.0006854246 0.2545
-0 0 0
-0 0 0
-0 0 0
-0 0 0
-0 0 0
-0 0 0
-0 0 0
-0 0 0
-0 0 0
-0 0 0
-0 0 0
-0 0 0
-0 0 0
-0 0 0
-0 0 0
-0 0 0
-0 0 0
-0 0 0
-0 0 0
-0 0 0
-0 0 0
-0 0 0
-0 0 0
-0 0 0
-0 0 0
-0 0 0
-0 0 0
-0 0 0
-0 0 0
-0 0 0
-0 0 0
-0 0 0
-0 0 0
-0 0 0
-0 0 0
-0 0 0
-0 0 0
-0 0 0
-0 0 0
-0 0 0
-0 0 0
-0 0 0
-0 0 0
-0 0 0
-0 0 0
-0 0 0
-0 0 0
-0 0 0
-0 0 0
-0 0 0
-0 0 0
-0 0 0
-0 0 0
-0 0 0
-0 0 0
-0 0 0
-0 0 0
-0 0 0
-0 0 0
-0 0 0
-0 0 0
-0 0 0
-0 0 0
-0 0 0
-0 0 0
-0 0 0
-0 0 0
-0 0 0
-0 0 0
-0 0 0
-0.05188958 0.0064290189 0.56225002
-0.04680397 0.0064061503 0.56025004
-0.041341979 0.0063203922 0.55275005
-0.03625888 0.0062775128 0.54900002
-0 0 0
-0.02526997 0.0059516309 0.5205
-0.020875867 0.0059973686 0.52450001
-0.016124537 0.0059373379 0.51925004
-0.011414872 0.0058515798 0.51175004
-0.0066974615 0.0056486181 0.49400002
-0.002087394 0.0049625509 0.43400002
0.0016895249 0.0049053789 0.42900002
0.0053504203 0.0048224791 0.42175001
0.0089273388 0.0047624484 0.41650003
0.012472768 0.0047252863 0.41325003
0.015883476 0.0046652555 0.40800002
0.01919041 0.0046023661 0.40250003
0.02247165 0.0045537692 0.39825001
0.025825171 0.0045309006 0.39625001
0.028884977 0.0044680112 0.39075002
0.031972557 0.004422273 0.38675001
0.035081577 0.0043879701 0.38375002
0.037837606 0.0043193633 0.37775001
0.040788174 0.0042822012 0.37450001
0.043387726 0.0042164531 0.36875001
0.046297509 0.004187867 0.36625001
0.049095973 0.0041535636 0.36325002
0.051662069 0.0041049672 0.35900003
0.054268293 0.0040649469 0.35550001
0.056974687 0.0040363604 0.35300002
0.059382115 0.0039906227 0.34900001
0.061719567 0.003944885 0.34500003
0.064221583 0.0039134403 0.34225002
0.066724584 0.0038848543 0.33975002
0.068978705 0.0038448335 0.33625001
0.071332015 0.003813389 0.33350003
0.073692866 0.003784803 0.33100003
0.075778581 0.0037447822 0.32750002
0.077863105 0.0037076201 0.32425001
0.080326304 0.0036904684 0.32275
0.082183599 0.0036475894 0.31900001
0.085773326 0.0036818928 0.32200003
0.089621887 0.003724772 0.32575002
0.0929683 0.0037447822 0.32750002
0.09649165 0.0037705095 0.32975
0.10005437 0.0037962373 0.33200002
0.10373399 0.0038248233 0.33450001
0.10713847 0.003841975 0.33600003
0.11040539 0.0038534093 0.33700001
0.11368981 0.0038648441 0.33800003
0.11638779 0.0038562682 0.33725002
0.11863032 0.0038333992 0.33525002
0.12083787 0.0038105303 0.33325002
0.12310325 0.0037905201 0.33150002
0.12486289 0.0037562165 0.3285
0.12686169 0.0037304892 0.32625002
0.12862232 0.0036990442 0.32350001
0.13063958 0.0036761754 0.3215
0.13189547 0.0036332961 0.31775001
0.13361552 0.0036047101 0.31525001
0.13594073 0.0035932758 0.31425002
0.13714509 0.003553255 0.31075001
0.13885084 0.0035275277 0.30850002
0.1404025 0.0034989417 0.30600002
0.14191043 0.0034703556 0.30350003
0.14301737 0.0034331935 0.30025002
0.14382491 0.0033903143 0.29650003
0.14530756 0.0033645867 0.29425001
0.14675087 0.0033388594 0.29200003
0.14777128 0.0033045558 0.289
0.14847924 0.0032645355 0.28550002
0.14991914 0.0032416664 0.28350002
0.15159282 0.0032245147 0.28200001
0.15337686 0.0032102217 0.28075001
0.15513903 0.0031959286 0.27950001
0.15687932 0.0031816354 0.27825001
0.15859774 0.0031673424 0.27700001
0.15956767 0.0031387564 0.27450001
0.1609364 0.0031187462 0.27275002
0.1625739 0.0031044532 0.27150002
0.16434142 0.0030930184 0.2705
0.16547514 0.0030701496 0.2685
0.16673015 0.0030501394 0.26675001
0.16827142 0.0030358462 0.26550001
0.16930893 0.0030129773 0.26350001
0.17031144 0.0029901084 0.2615
0.17177399 0.0029758154 0.26025
0.17271307 0.0029529463 0.25825
0.17361718 0.0029300777 0.25625002
0.175001 0.0029157847 0.25500003
-0 0 0
-0 0 0
-0 0 0
-0 0 0
-0 0 0
-0 0 0
-0 0 0
-0 0 0
-0 0 0
-0 0 0
-0 0 0
-0 0 0
-0 0 0
-0 0 0
-0 0 0
-0 0 0
-0 0 0
-0 0 0
-0 0 0
-0 0 0
-0 0 0
-0 0 0
-0 0 0
-0 0 0
-0 0 0
-0 0 0
-0 0 0
-0 0 0
-0 0 0
-0 0 0
-0 0 0
-0 0 0
-0 0 0
-0 0 0
-0 0 0
-0 0 0
-0 0 0
-0 0 0
-0 0 0
-0 0 0
-0 0 0
-0 0 0
-0 0 0
-0 0 0
-0 0 0
-0 0 0
-0 0 0
-0 0 0
-0 0 0
-0 0 0
-0 0 0
-0 0 0
-0 0 0
-0 0 0
-0 0 0
-0 0 0
-0 0 0
-0 0 0
-0 0 0
-0 0 0
-0 0 0
-0 0 0
-0 0 0
-0 0 0
-0 0 0
-0 0 0
-0 0 0
-0 0 0
-0 0 0
-0 0 0
-0.052097231 0.011389172 0.56450003
-0.046971049 0.011343775 0.56225002
-0.041454166 0.01118237 0.55425
-0.036374457 0.011111755 0.55075002
-0 0 0
-0.025403483 0.010556925 0.52325004
-0.02090572 0.010597276 0.52525002
-0.016163353 0.010501441 0.5205
-0.011426025 0.010334992 0.51225001
-0.006812701 0.010138279 0.5025
-0.0021042279 0.0088268602 0.43750003
0.0016934631 0.0086755417 0.43000001
0.0053884792 0.0085696205 0.42475003
0.0089862831 0.0084586535 0.41925001
0.012510495 0.0083628194 0.41450003
0.015922405 0.0082518524 0.40900001
0.019261926 0.0081509743 0.40400001
0.022556288 0.0080652284 0.39975002
0.025759999 0.0079744374 0.39525002
0.028921938 0.0078937346 0.39125001
0.032055229 0.0078231199 0.38775003
0.035104427 0.0077474606 0.384
0.037937775 0.007641539 0.37875003
0.04089709 0.0075759678 0.37550002
0.043799546 0.0075103967 0.37225002
0.046550326 0.0074296938 0.36825001
0.049197342 0.0073439474 0.36400002
0.051913902 0.0072783763 0.36075002
0.054382786 0.0071875858 0.35625002
0.056974687 0.0071220146 0.35300002
0.059637342 0.0070715756 0.35050002
0.062032633 0.0069959168 0.34675002
0.064409226 0.0069253016 0.34325001
0.066773683 0.0068597309 0.34
0.069183849 0.0068042483 0.33725002
0.071545899 0.0067487648 0.33450001
0.07347022 0.0066579743 0.33000001
0.076009966 0.0066277105 0.3285
0.078103244 0.0065621403 0.32525003
0.080512963 0.006526832 0.32350001
0.082441233 0.0064562177 0.32000002
0.085506946 0.006476393 0.32100001
0.089759447 0.0065823155 0.32625002
0.093110234 0.0066176229 0.32800001
0.09649165 0.0066529303 0.32975
0.1002804 0.0067134574 0.33275002
0.10388904 0.0067588524 0.33500001
0.10721818 0.0067840721 0.33625001
0.1104873 0.0068042483 0.33725002
0.11368981 0.00681938 0.33800003
0.11656035 0.0068143359 0.33775002
0.11880725 0.0067739845 0.33575001
0.12092852 0.0067285895 0.33350003
0.12301041 0.0066831936 0.33125001
0.12495793 0.0066327546 0.32875001
0.12705611 0.0065924032 0.32675001
0.12882112 0.0065369201 0.324
0.130538 0.006481437 0.32125002
0.13199924 0.0064158663 0.31800002
0.13382743 0.0063704704 0.31575
0.13594073 0.0063402075 0.31425002
0.1374761 0.006284724 0.31150001
0.13885084 0.0062241973 0.30850002
0.1405172 0.0061788019 0.30625001
0.14214422 0.0061334069 0.30400002
0.14337461 0.0060728798 0.30100003
0.1441887 0.0059972205 0.29725
0.14567792 0.0059518255 0.29500002
0.14725342 0.0059114741 0.29300001
0.14751564 0.0058206837 0.28850001
0.14847924 0.0057601565 0.28550002
0.15005134 0.0057248492 0.28375003
0.15172723 0.0056945859 0.28225002
0.1537866 0.0056794537 0.28150001
0.1556941 0.0056592785 0.28050002
0.15716122 0.0056239706 0.27875
0.15874089 0.0055937073 0.27725002
0.16014896 0.0055583995 0.2755
0.16108391 0.0055079604 0.273
0.1628733 0.0054877847 0.27200001
0.1646452 0.0054676095 0.27100003
0.16593736 0.0054323017 0.26925001
0.16719894 0.0053969943 0.26750001
0.16874677 0.0053717745 0.26625001
0.1701121 0.0053415112 0.26475
0.17112555 0.0053011593 0.26275
0.17243403 0.0052708965 0.26125002
0.17354907 0.0052355891 0.25950003
0.17395595 0.005180106 0.25675002
0.17534412 0.0051548863 0.25550002
-0 0 0
-0 0 0
-0 0 0
-0 0 0
-0 0 0
-0 0 0
-0 0 0
-0 0 0
-0 0 0
-0 0 0
-0 0 0
-0 0 0
-0 0 0
-0 0 0
-0 0 0
-0 0 0
-0 0 0
-0 0 0
-0 0 0
-0 0 0
-0 0 0
-0 0 0
-0 0 0
-0 0 0
-0 0 0
-0 0 0
-0 0 0
-0 0 0
-0 0 0
-0 0 0
-0 0 0
-0 0 0
-0 0 0
-0 0 0
-0 0 0
-0 0 0
-0 0 0
-0 0 0
-0 0 0
-0 0 0
-0 0 0
-0 0 0
-0 0 0
-0 0 0
-0 0 0
-0 0 0
-0 0 0
-0 0 0
-0 0 0
-0 0 0
-0 0 0
-0 0 0
-0 0 0
-0 0 0
-0 0 0
-0 0 0
-0 0 0
-0 0 0
-0 0 0
-0 0 0
-0 0 0
-0 0 0
-0 0 0
-0 0 0
-0 0 0
-0 0 0
-0 0 0
-0 0 0
-0 0 0
-0 0 0
-0.052166451 0.016345283 0.56525004
-0.04715902 0.016323594 0.56450003
-0.041790739 0.016157322 0.55875003
-0.036490038 0.015976591 0.55250001
-0 0 0
-0.025621954 0.015260898 0.52775002
-0.021015173 0.015268127 0.528
-0.016240988 0.015123542 0.523
-0.011520823 0.014935582 0.5165
-0.0068533742 0.014617497 0.50550002
-0.0021451099 0.012896941 0.44600001
0.0016983859 0.012470416 0.43125001
0.005394822 0.012296915 0.42525002
0.0090398686 0.012195705 0.42175001
0.012533132 0.012007747 0.41525003
0.015883476 0.011798099 0.40800002
0.019309606 0.011711348 0.40500003
0.022542182 0.011552305 0.39950001
0.025776289 0.011436637 0.3955
0.028977379 0.011335428 0.39200002
0.032158569 0.011248677 0.38900003
0.035081577 0.011096863 0.38375002
0.038138106 0.011010113 0.38075003
0.041033231 0.010894445 0.37675002
0.04388779 0.010786007 0.37300003
0.046897955 0.010728173 0.37100002
0.049264919 0.010540213 0.36450002
0.051805973 0.010410087 0.36000001
0.054573603 0.010337794 0.35750002
0.056934334 0.010200439 0.35275
0.059594803 0.010128147 0.35025001
0.06216681 0.010048626 0.34750003
0.064643778 0.0099618742 0.34450001
0.067019172 0.0098678945 0.34125
0.069388986 0.0097811436 0.33825001
0.071599372 0.0096799349 0.33475003
0.073358908 0.009528121 0.32950002
0.076009966 0.0094992043 0.3285
0.078283332 0.0094269114 0.32600001
0.08069963 0.009376307 0.32425001
0.082570046 0.0092678694 0.32050002
0.085573539 0.0092895571 0.32125002
0.089553103 0.0094124535 0.32550001
0.093252175 0.0094992043 0.3285
0.096784279 0.0095642675 0.33075002
0.10035574 0.0096293297 0.333
0.10396657 0.0096943937 0.33525002
0.10745732 0.0097449981 0.33700001
0.1104873 0.009752227 0.33725002
0.11368981 0.0097739156 0.33800003
0.11681918 0.0097883735 0.33850002
0.11916111 0.0097377691 0.33675003
0.12120046 0.0096654762 0.33425
0.12310325 0.0095859552 0.33150002
0.12505296 0.0095136631 0.32900003
0.12705611 0.0094485991 0.32675001
0.12872173 0.0093618492 0.32375002
0.13074118 0.009304015 0.32175002
0.13231057 0.0092172651 0.31875002
0.13403937 0.0091449721 0.31625003
0.13583258 0.009079909 0.31400001
0.13736576 0.009000387 0.31125
0.13918841 0.0089425538 0.30925003
0.14063191 0.0088630328 0.30650002
0.1422611 0.0087979687 0.30425
0.14385094 0.0087329065 0.30200002
0.14491633 0.0086389259 0.29875001
0.1458014 0.0085377172 0.29525003
0.14700215 0.0084581962 0.29250002
0.14687648 0.0083063822 0.28725001
0.14873926 0.0082702357 0.28600001
0.15071237 0.0082413191 0.28500003
0.15239918 0.0081979437 0.28350002
0.15405974 0.0081545683 0.28200001
0.15597163 0.0081256516 0.28100002
0.15758409 0.0080822753 0.27950001
0.15888402 0.008024442 0.2775
0.16058494 0.0079882955 0.27625
0.16182147 0.0079304613 0.27425
0.1633224 0.0078870868 0.27275002
0.16494897 0.0078509403 0.27150002
0.16609144 0.0077931066 0.26950002
0.16735521 0.0077425023 0.26775002
0.16874677 0.0076991268 0.26625001
0.17027274 0.0076629808 0.26500002
0.17161401 0.0076196049 0.26350001
0.17292906 0.0075762304 0.26200002
0.17388345 0.0075183962 0.26000002
0.17429471 0.0074388743 0.25725001
0.17568727 0.0074027283 0.25600001
-0 0 0
-0 0 0
-0 0 0
-0 0 0
-0 0 0
-0 0 0
-0 0 0
-0 0 0
-0 0 0
-0 0 0
-0 0 0
-0 0 0
-0 0 0
-0 0 0
-0 0 0
-0 0 0
-0 0 0
-0 0 0
-0 0 0
-0 0 0
-0 0 0
-0 0 0
-0 0 0
-0 0 0
-0 0 0
-0 0 0
-0 0 0
-0 0 0
-0 0 0
-0 0 0
-0 0 0
-0 0 0
-0 0 0
-0 0 0
-0 0 0
-0 0 0
-0 0 0
-0 0 0
-0 0 0
-0 0 0
-0 0 0
-0 0 0
-0 0 0
-0 0 0
-0 0 0
-0 0 0
-0 0 0
-0 0 0
-0 0 0
-0 0 0
-0 0 0
-0 0 0
-0 0 0
-0 0 0
-0 0 0
-0 0 0
-0 0 0
-0 0 0
-0 0 0
-0 0 0
-0 0 0
-0 0 0
-0 0 0
-0 0 0
-0 0 0
-0 0 0
-0 0 0
-0 0 0
-0 0 0
-0 0 0
-0.052351024 0.021361578 0.56725001
-0.047326099 0.021333335 0.56650001
-0.041884229 0.021088557 0.56
-0.036539569 0.020834364 0.55325001
-0.030152736 0.019817594 0.52625
-0.025779739 0.019996472 0.53100002
-0.021084826 0.019949399 0.52975005
-0.016264278 0.019723449 0.52375001
-0.011559859 0.01951633 0.51825005
-0.0068872683 0.019130334 0.50800002
-0.0022088382 0.0172945 0.45925003
0.0016993706 0.016249487 0.43150002
0.0054170229 0.016080026 0.42700002
0.009061303 0.015919978 0.42275003
0.012495405 0.015590469 0.41400003
0.015941871 0.015421008 0.40950003
0.019321524 0.01526096 0.40525001
0.022683246 0.015138571 0.40200001
0.025874052 0.014950281 0.39700001
0.028866496 0.014705502 0.39050001
0.031993225 0.0145737 0.38700002
0.034967303 0.014404238 0.38250002
0.038037937 0.014300678 0.37975001
0.041060459 0.014197118 0.377
0.044005454 0.014084144 0.37400001
0.046834752 0.013952341 0.37050003
0.049298711 0.013735807 0.36475003
0.052129764 0.013641661 0.36225003
0.054726254 0.013500442 0.3585
0.057216793 0.013349811 0.35450003
0.059764955 0.013227421 0.35125002
0.062211528 0.013095617 0.34775001
0.064643778 0.012973228 0.34450001
0.06716647 0.012879083 0.34200001
0.069542848 0.012766109 0.33900002
0.071492426 0.012587233 0.33425
0.073692866 0.012464845 0.33100003
0.076125666 0.012389528 0.32900003
0.078463435 0.012304797 0.32675001
0.081010729 0.012257724 0.32550001
0.082892083 0.012116506 0.32175002
0.085706726 0.012116506 0.32175002
0.089553103 0.012257724 0.32550001
0.093394116 0.012389528 0.32900003
0.096784279 0.012455429 0.33075002
0.1002804 0.012530746 0.33275002
0.10388904 0.012615476 0.33500001
0.10737762 0.012681379 0.33675003
0.11065111 0.012719036 0.33775002
0.11394207 0.012756694 0.33875
0.11699173 0.012766109 0.33900002
0.11924957 0.012690793 0.33700001
0.12120046 0.012587233 0.33425
0.12310325 0.012483673 0.33150002
0.12543304 0.012427186 0.33000001
0.12734775 0.01233304 0.32750002
0.12901992 0.012220066 0.32450002
0.13084278 0.012125921 0.32200003
0.1329332 0.012060018 0.32025
0.13446321 0.011947044 0.31725001
0.13594073 0.01183407 0.31425002
0.1378071 0.011758754 0.31225002
0.13941345 0.011664608 0.30975002
0.14074662 0.011551634 0.30675003
0.14214422 0.011448074 0.30400002
0.14361277 0.011353929 0.30150002
0.14479505 0.011240954 0.2985
0.14617175 0.011146808 0.296
0.14675087 0.010996177 0.29200003
0.14700432 0.010826715 0.28750002
0.14912932 0.010798471 0.28675002
0.15110897 0.010760812 0.28575
0.15293673 0.01071374 0.2845
0.15446948 0.010647838 0.28275001
0.15597163 0.010581937 0.28100002
0.15772504 0.010534864 0.27975002
0.1591703 0.010468963 0.27800003
0.16073027 0.010412475 0.27650002
0.162264 0.010355988 0.27500001
0.16377151 0.010299501 0.27350003
0.16510084 0.010233599 0.27175
0.16639958 0.010167697 0.27000001
0.16782397 0.01011121 0.2685
0.16922212 0.010054723 0.26700002
0.17059401 0.0099982359 0.26550001
0.17193964 0.0099417483 0.264
0.17292906 0.0098664323 0.26200002
0.17421785 0.0098099448 0.26050001
0.17497222 0.009725214 0.25825
0.17585884 0.0096498979 0.25625002
-0 0 0
-0 0 0
-0 0 0
-0 0 0
-0 0 0
-0 0 0
-0 0 0
-0 0 0
-0 0 0
-0 0 0
-0 0 0
-0 0 0
-0 0 0
-0 0 0
-0 0 0
-0 0 0
-0 0 0
-0 0 0
-0 0 0
-0 0 0
-0 0 0
-0 0 0
-0 0 0
-0 0 0
-0 0 0
-0 0 0
-0 0 0
-0 0 0
-0 0 0
-0 0 0
-0 0 0
-0 0 0
-0 0 0
-0 0 0
-0 0 0
-0 0 0
-0 0 0
-0 0 0
-0 0 0
-0 0 0
-0 0 0
-0 0 0
-0 0 0
-0 0 0
-0 0 0
-0 0 0
-0 0 0
-0 0 0
-0 0 0
-0 0 0
-0 0 0
-0 0 0
-0 0 0
-0 0 0
-0 0 0
-0 0 0
-0 0 0
-0 0 0
-0 0 0
-0 0 0
-0 0 0
-0 0 0
-0 0 0
-0 0 0
-0 0 0
-0 0 0
-0 0 0
-0 0 0
-0 0 0
-0 0 0
-0 0 0
-0.047409642 0.026331643 0.56750005
-0.041959025 0.026030047 0.56100005
-0.036572594 0.025693651 0.55375004
-0 0 0
-0.025901113 0.024754062 0.53350002
-0.021104727 0.024603264 0.53025001
-0.016334148 0.024406068 0.52600002
-0.011604469 0.024139272 0.52025002
-0.0069076046 0.023640478 0.50950003
-0.0022485179 0.021691704 0.46750003
0.0017062625 0.020102525 0.43325001
0.0054360526 0.01988213 0.42850003
0.0090666609 0.019626932 0.42300001
0.012593496 0.019360136 0.41725001
0.016000265 0.019070141 0.41100001
0.019273847 0.018756945 0.40425003
0.021992028 0.018084154 0.38975
0.025368953 0.018060954 0.38925001
0.028422965 0.017840557 0.38450003
0.031517874 0.017689759 0.38125002
0.034761611 0.017643359 0.38025001
0.037837606 0.01752736 0.37775001
0.041033231 0.017480962 0.37675002
0.044064283 0.017376563 0.37450001
0.046803147 0.017179366 0.37025002
0.049366288 0.01694737 0.36525002
0.052201714 0.016831372 0.36275002
0.054955237 0.016703773 0.36000001
0.057539597 0.016541375 0.35650003
0.059977639 0.016355777 0.35250002
0.06243515 0.016193379 0.34900001
0.064831428 0.016030982 0.34550002
0.067461058 0.015938183 0.34350002
0.069645412 0.015752586 0.33950001
0.07208062 0.015636588 0.33700001
0.074026816 0.01542779 0.33250001
0.076241352 0.015288592 0.32950002
0.078583501 0.015184193 0.32725
0.080948509 0.015091395 0.32525003
0.082956493 0.014940597 0.32200003
0.085773326 0.014940597 0.32200003
0.089759447 0.015137794 0.32625002
0.093323141 0.015253793 0.32875001
0.096784279 0.015346591 0.33075002
0.10020505 0.01542779 0.33250001
0.10388904 0.015543788 0.33500001
0.10745732 0.015636588 0.33700001
0.11089682 0.015706187 0.33850002
0.11419435 0.015752586 0.33950001
0.11716428 0.015752586 0.33950001
0.11942649 0.015659787 0.33750001
0.12110982 0.015497389 0.33400002
0.12338177 0.015416191 0.33225003
0.12562309 0.015334991 0.33050001
0.1277366 0.015242192 0.3285
0.12971571 0.015137794 0.32625002
0.1313507 0.014998596 0.32325003
0.13303697 0.014870998 0.32050002
0.134993 0.014778199 0.31850001
0.13626517 0.014615801 0.31500003
0.13824843 0.014534602 0.31325001
0.13952596 0.014383804 0.31
0.14132017 0.014291006 0.30800003
0.142378 0.014128608 0.30450001
0.14385094 0.01401261 0.30200002
0.14479505 0.013850211 0.2985
0.14666557 0.013780612 0.29700002
0.14649956 0.013525415 0.2915
0.14777128 0.013409417 0.289
0.14964938 0.013351418 0.28775001
0.15137339 0.013281819 0.28625003
0.15307114 0.01321222 0.28475001
0.15487921 0.013154221 0.28350002
0.15624915 0.013061422 0.28150001
0.15800694 0.013003423 0.28025001
0.15945658 0.012922225 0.27850002
0.16116625 0.012864226 0.27725002
0.16255903 0.012783025 0.2755
0.1640709 0.012713427 0.27400002
0.16540463 0.012632228 0.27225003
0.16686182 0.012562629 0.27075002
0.16798024 0.01246983 0.26875001
0.16938056 0.01240023 0.26725
0.17107591 0.012353832 0.26625001
0.17259094 0.012295833 0.26500002
0.17309406 0.012168234 0.26225001
0.17438504 0.012098636 0.26075003
0.17548038 0.012017436 0.259
0.17551568 0.011866638 0.25575
-0 0 0
-0 0 0
-0 0 0
-0 0 0
-0 0 0
-0 0 0
-0 0 0
-0 0 0
-0 0 0
-0 0 0
-0 0 0
-0 0 0
-0 0 0
-0 0 0
-0 0 0
-0 0 0
-0 0 0
-0 0 0
-0 0 0
-0 0 0
-0 0 0
-0 0 0
-0 0 0
-0 0 0
-0 0 0
-0 0 0
-0 0 0
-0 0 0
-0 0 0
-0 0 0
-0 0 0
-0 0 0
-0 0 0
-0 0 0
-0 0 0
-0 0 0
-0 0 0
-0 0 0
-0 0 0
-0 0 0
-0 0 0
-0 0 0
-0 0 0
-0 0 0
-0 0 0
-0 0 0
-0 0 0
-0 0 0
-0 0 0
-0 0 0
-0 0 0
-0 0 0
-0 0 0
-0 0 0
-0 0 0
-0 0 0
-0 0 0
-0 0 0
-0 0 0
-0 0 0
-0 0 0
-0 0 0
-0 0 0
-0 0 0
-0 0 0
-0 0 0
-0 0 0
-0 0 0
-0 0 0
-0 0 0
-0.052650966 0.031457707 0.57050002
-0.047660265 0.031457707 0.57050002
-0.04190293 0.030892519 0.56025004
-0.036671665 0.030616816 0.55525005
-0.030682739 0.029527789 0.53550005
-0.026058899 0.029596714 0.53675002
-0.021234082 0.029417507 0.53350002
-0.016442835 0.029196944 0.52950001
-0.011632352 0.028755821 0.52150005
-0.0069347196 0.028204413 0.5115
-0.0023026266 0.02639856 0.47875002
0.0017052779 0.023875877 0.43300003
0.0054519102 0.02369667 0.42975003
0.009098812 0.023407182 0.42450002
0.012638769 0.023090124 0.41875002
0.01570829 0.022249229 0.40350002
0.018594434 0.021504832 0.39000002
0.021794537 0.021298055 0.38625002
0.02488015 0.021049922 0.38175002
0.028034875 0.02091207 0.37925002
0.031331867 0.020898284 0.37900001
0.034487359 0.02080179 0.37725002
0.037637275 0.020719077 0.37575001
0.040869862 0.020691508 0.37525001
0.043917205 0.020581227 0.37325001
0.046771545 0.02040202 0.37
0.049670391 0.020264167 0.36750001
0.052309643 0.020043606 0.36350003
0.05503156 0.019878184 0.36050001
0.057660643 0.019698977 0.35725001
0.060147788 0.0194922 0.35350001
0.062524602 0.019271638 0.34950003
0.064972162 0.019092431 0.34625003
0.067510158 0.018954581 0.34375003
0.069850557 0.018775374 0.34050003
0.072294511 0.018637521 0.33800003
0.074193791 0.018375603 0.33325002
0.076588437 0.018251538 0.33100003
0.078763604 0.018086115 0.32800001
0.081010729 0.017948264 0.32550001
0.083085306 0.017782843 0.32250002
0.085706726 0.017741486 0.32175002
0.089690663 0.017975833 0.32600001
0.093181208 0.0180999 0.32825002
0.097003743 0.018279107 0.33150002
0.1002804 0.018348033 0.33275002
0.10373399 0.018444529 0.33450001
0.10737762 0.018568596 0.33675003
0.11073301 0.018637521 0.33800003
0.11419435 0.018720232 0.33950001
0.11742312 0.018761586 0.34025002
0.11995728 0.018692661 0.33900002
0.12174437 0.018513454 0.33575001
0.12366027 0.018361818 0.333
0.12590817 0.018265322 0.33125001
0.12793103 0.018141257 0.32900003
0.13001391 0.018030975 0.32700002
0.1319602 0.017906908 0.32475001
0.13334829 0.017713916 0.32125002
0.13509896 0.017576065 0.31875002
0.13648146 0.017396858 0.31550002
0.13824843 0.017272791 0.31325001
0.13975102 0.017121155 0.31050003
0.14132017 0.016983304 0.30800003
0.14261179 0.016817881 0.30500001
0.14397003 0.016666245 0.30225003
0.14515886 0.016500823 0.29925001
0.14617175 0.016321616 0.296
0.14637393 0.016059699 0.29125002
0.14828262 0.015990773 0.29000002
0.15016946 0.015921848 0.28875002
0.15176998 0.01582535 0.287
0.15333991 0.015728854 0.28525001
0.15515237 0.015659928 0.28400001
0.1568042 0.015577218 0.2825
0.15828884 0.015480721 0.28075001
0.15974286 0.015384226 0.27900001
0.16160223 0.015329086 0.27800003
0.16300157 0.015232589 0.27625
0.16466969 0.015163663 0.27500001
0.16616407 0.015080953 0.27350003
0.16763218 0.014998242 0.27200001
0.16829276 0.014846604 0.26925001
0.16938056 0.014736324 0.26725
0.17107591 0.014681184 0.26625001
0.17242812 0.014598472 0.26475
0.17342408 0.01448819 0.26275
0.17471944 0.014405481 0.26125002
0.17564976 0.014295199 0.25925002
0.1760304 0.014143562 0.25650001
-0 0 0
-0 0 0
-0 0 0
-0 0 0
-0 0 0
-0 0 0
-0 0 0
-0 0 0
-0 0 0
-0 0 0
-0 0 0
-0 0 0
-0 0 0
-0 0 0
-0 0 0
-0 0 0
-0 0 0
-0 0 0
-0 0 0
-0 0 0
-0 0 0
-0 0 0
-0 0 0
-0 0 0
-0 0 0
-0 0 0
-0 0 0
-0 0 0
-0 0 0
-0 0 0
-0 0 0
-0 0 0
-0 0 0
-0 0 0
-0 0 0
-0 0 0
-0 0 0
-0 0 0
-0 0 0
-0 0 0
-0 0 0
-0 0 0
-0 0 0
-0 0 0
-0 0 0
-0 0 0
-0 0 0
-0 0 0
-0 0 0
-0 0 0
-0 0 0
-0 0 0
-0 0 0
-0 0 0
-0 0 0
-0 0 0
-0 0 0
-0 0 0
-0 0 0
-0 0 0
-0 0 0
-0 0 0
-0 0 0
-0 0 0
-0 0 0
-0 0 0
-0 0 0
-0 0 0
-0 0 0
-0 0 0
-0 0 0
-0.047702037 0.036476523 0.57100004
-0.04201512 0.035885617 0.56175005
-0.036605615 0.0354065 0.55425
-0.030926252 0.034480214 0.53975004
-0.026192408 0.034464244 0.5395
-0.021383338 0.034320511 0.53725004
-0.016466126 0.033873338 0.53025001
-0.011660233 0.033394225 0.52275002
-0.006958446 0.032787349 0.51325005
-0.0023771764 0.031573594 0.49425003
0.0017200465 0.027900387 0.43675002
0.0054677678 0.027533067 0.43100002
0.0090934532 0.027101863 0.42425001
0.011582395 0.024514651 0.38375002
0.015027013 0.024658384 0.38600001
0.018248769 0.024450768 0.38275
0.021357236 0.02417927 0.37850001
0.024554281 0.024067478 0.37675002
0.027683746 0.023923744 0.37450001
0.030897852 0.023875833 0.37375003
0.033984564 0.023748068 0.37175003
0.037236612 0.023748068 0.37175003
0.040488664 0.023748068 0.37175003
0.043446559 0.023588365 0.36925003
0.046739943 0.023620306 0.36975002
0.049737975 0.023508513 0.36800003
0.052489527 0.023300895 0.36475003
0.055184219 0.023093279 0.36150002
0.057943098 0.022933576 0.35900003
0.060275402 0.022630136 0.35425001
0.062703498 0.02239058 0.35050002
0.065112896 0.022166992 0.347
0.067510158 0.021959377 0.34375003
0.070209555 0.021863556 0.34225002
0.072508402 0.02165594 0.33900002
0.074360773 0.021336529 0.33400002
0.076704122 0.021176826 0.33150002
0.079183832 0.02106503 0.32975
0.081446268 0.020905327 0.32725
0.083407335 0.020681741 0.32375002
0.085773326 0.020569948 0.32200003
0.089553103 0.020793533 0.32550001
0.093181208 0.02096921 0.32825002
0.096930586 0.021160854 0.33125001
0.10050642 0.021304589 0.33350003
0.10396657 0.021416383 0.33525002
0.10745732 0.021528175 0.33700001
0.11073301 0.021592058 0.33800003
0.11419435 0.021687878 0.33950001
0.11768195 0.021783702 0.34100002
0.12031113 0.021719819 0.34
0.12219763 0.021528175 0.33700001
0.12412446 0.0213525 0.33425
0.12647833 0.021256678 0.33275002
0.12861151 0.021128913 0.33075002
0.13031211 0.02093727 0.32775003
0.13216339 0.020777564 0.32525003
0.13397092 0.020617858 0.32275
0.1355228 0.020426214 0.31975001
0.13713035 0.020250538 0.317
0.13857943 0.020058893 0.31400001
0.14008856 0.019883217 0.31125
0.14143486 0.019691572 0.30825001
0.14319627 0.019563809 0.30625001
0.14408909 0.019324252 0.30250001
0.14564393 0.019180518 0.30025002
0.14555447 0.018829167 0.29475001
0.14700215 0.018685434 0.29250002
0.14879394 0.01858961 0.29100001
0.15068951 0.018509759 0.28975001
0.15229881 0.018397966 0.28800002
0.15374309 0.018270202 0.28600001
0.15542552 0.018174378 0.2845
0.15708175 0.018078556 0.28300002
0.1584298 0.017950794 0.28100002
0.159886 0.017839 0.27925003
0.16160223 0.017759148 0.27800003
0.16285408 0.017631384 0.27600002
0.1648194 0.017583473 0.27525002
0.16646783 0.017503621 0.27400002
0.16794032 0.017407797 0.27250001
0.16876155 0.017248092 0.27000001
0.17001437 0.0171363 0.26825002
0.17123656 0.017024508 0.26650003
0.17226531 0.016896743 0.26450002
0.17375411 0.016816892 0.26325002
0.17505382 0.016721068 0.26175001
0.17581916 0.016577335 0.25950003
0.17654511 0.016433598 0.25725001
-0 0 0
-0 0 0
-0 0 0
-0 0 0
-0 0 0
-0 0 0
-0 0 0
-0 0 0
-0 0 0
-0 0 0
-0 0 0
-0 0 0
-0 0 0
-0 0 0
-0 0 0
-0 0 0
-0 0 0
-0 0 0
-0 0 0
-0 0 0
-0 0 0
-0 0 0
-0 0 0
-0 0 0
-0 0 0
-0 0 0
-0 0 0
-0 0 0
-0 0 0
-0 0 0
-0 0 0
-0 0 0
-0 0 0
-0 0 0
-0 0 0
-0 0 0
-0 0 0
-0 0 0
-0 0 0
-0 0 0
-0 0 0
-0 0 0
-0 0 0
-0 0 0
-0 0 0
-0 0 0
-0 0 0
-0 0 0
-0 0 0
-0 0 0
-0 0 0
-0 0 0
-0 0 0
-0 0 0
-0 0 0
-0 0 0
-0 0 0
-0 0 0
-0 0 0
-0 0 0
-0 0 0
-0 0 0
-0 0 0
-0 0 0
-0 0 0
-0 0 0
-0 0 0
-0 0 0
-0 0 0
-0 0 0
-0.053389281 0.042012438 0.57850003
-0.047931772 0.041667476 0.57375002
-0.041959025 0.040741537 0.56100005
-0.036589105 0.040233172 0.55400002
-0.031040845 0.03934354 0.54175001
-0.026313785 0.039361697 0.54200006
-0.021423139 0.039089359 0.53825003
-0.016489416 0.038562842 0.53100002
-0.011654657 0.037945546 0.52250004
-0.0069889501 0.037437186 0.51550001
-0.0023940101 0.036148123 0.49775001
0.0017308769 0.031917833 0.43950003
0.0054645962 0.03128238 0.43075001
0.0084665036 0.028686106 0.39500001
0.011446575 0.027542293 0.37925002
0.014715573 0.027451515 0.37800002
0.017926943 0.027306268 0.37600002
0.021046894 0.0270884 0.37300003
0.024146944 0.026906842 0.37050003
0.027351096 0.02687053 0.37
0.030546503 0.026834218 0.36950001
0.033801727 0.026852375 0.36975002
0.036936115 0.02677975 0.36875001
0.039971322 0.02665266 0.36700001
0.043093573 0.026598193 0.36625001
0.046455521 0.026688972 0.36750001
0.049636606 0.026670817 0.36725003
0.052597452 0.026543725 0.3655
0.055375032 0.026344014 0.36275002
0.05822555 0.026198767 0.36075002
0.060403015 0.025781184 0.35500002
0.063016571 0.02558147 0.35225001
0.065394364 0.025309134 0.34850001
0.067706548 0.025036799 0.34475002
0.070158266 0.024837084 0.34200001
0.072561875 0.024637373 0.33925003
0.074583404 0.024328724 0.33500001
0.076877668 0.024129011 0.33225003
0.079303905 0.023983765 0.33025002
0.081321828 0.023729583 0.32675001
0.083536148 0.023548026 0.32425001
0.085706726 0.023366468 0.32175002
0.089346759 0.023584336 0.32475001
0.093110234 0.023820361 0.32800001
0.096784279 0.024020076 0.33075002
0.10043108 0.024201633 0.33325002
0.10396657 0.024346879 0.33525002
0.10737762 0.024455816 0.33675003
0.11089682 0.024582904 0.33850002
0.11453071 0.024728151 0.34050003
0.1178545 0.024800774 0.34150001
0.1203996 0.024709994 0.34025002
0.12265088 0.024564749 0.33825001
0.12449582 0.024346879 0.33525002
0.12666838 0.024201633 0.33325002
0.12861151 0.024020076 0.33075002
0.13031211 0.023802208 0.32775003
0.13216339 0.02362065 0.32525003
0.13386716 0.023420935 0.32250002
0.13562876 0.023239378 0.32000002
0.13756295 0.023094133 0.31800002
0.13902079 0.022876263 0.31500003
0.14008856 0.022603925 0.31125
0.14166428 0.022422368 0.30875
0.14307939 0.022222655 0.30600002
0.14397003 0.021950319 0.30225003
0.1457652 0.021823227 0.30050001
0.14543103 0.02138749 0.29450002
0.14712778 0.021260399 0.29275
0.14917742 0.021187777 0.29175001
0.15120959 0.021115154 0.29075003
0.15256321 0.020951752 0.28850001
0.15401186 0.020806504 0.28650001
0.15583526 0.020715727 0.28525001
0.15749805 0.020606793 0.28375003
0.15885265 0.020461546 0.28175002
0.16017227 0.020316301 0.27975002
0.16174755 0.020207364 0.27825001
0.16314909 0.020080276 0.27650002
0.1651188 0.020025807 0.27575001
0.16677161 0.019935029 0.27450001
0.16778626 0.019771628 0.27225003
0.16876155 0.019608224 0.27000001
0.1701728 0.019499289 0.2685
0.17155781 0.019390356 0.26700002
0.17242812 0.019226953 0.26475
0.17375411 0.01911802 0.26325002
0.17505382 0.019009085 0.26175001
0.17598853 0.018863838 0.25975001
0.17671669 0.018700438 0.25750002
-0 0 0
-0 0 0
-0 0 0
-0 0 0
-0 0 0
-0 0 0
-0 0 0
-0 0 0
-0 0 0
-0 0 0
-0 0 0
-0 0 0
-0 0 0
-0 0 0
-0 0 0
-0 0 0
-0 0 0
-0 0 0
-0 0 0
-0 0 0
-0 0 0
-0 0 0
-0 0 0
-0 0 0
-0 0 0
-0 0 0
-0 0 0
-0 0 0
-0 0 0
-0 0 0
-0 0 0
-0 0 0
-0 0 0
-0 0 0
-0 0 0
-0 0 0
-0 0 0
-0 0 0
-0 0 0
-0 0 0
-0 0 0
-0 0 0
-0 0 0
-0 0 0
-0 0 0
-0 0 0
-0 0 0
-0 0 0
-0 0 0
-0 0 0
-0 0 0
-0 0 0
-0 0 0
-0 0 0
-0 0 0
-0 0 0
-0 0 0
-0 0 0
-0 0 0
-0 0 0
-0 0 0
-0 0 0
-0 0 0
-0 0 0
-0 0 0
-0 0 0
-0 0 0
-0 0 0
-0 0 0
-0 0 0
-0 0 0
-0.048057087 0.046804804 0.57525003
-0.042426482 0.046153888 0.56725001
-0.03655608 0.045035131 0.5535
-0.03121274 0.044323195 0.54475003
-0.026507979 0.044424899 0.546
-0.021393288 0.043733303 0.53750002
-0.016504943 0.043245118 0.53150004
-0.011654657 0.042512842 0.52250004
-0.0070262342 0.042167041 0.51825005
-0.0024589407 0.041597489 0.51125002
0 0 0
0.0048302845 0.030979453 0.38075003
0.0080753304 0.030653995 0.37675002
0.011242846 0.030308198 0.37250003
0.01447226 0.030247174 0.37175003
0.017664714 0.030145468 0.37050003
0.020792976 0.02998274 0.36850002
0.023902541 0.029840352 0.36675003
0.027147813 0.029881034 0.36725003
0.03033983 0.029860692 0.36700001
0.033481762 0.029799668 0.36625001
0.036635619 0.029758988 0.36575001
0.039671808 0.02963694 0.36425
0.042946499 0.029697964 0.36500001
0.046265908 0.02977933 0.36600003
0.049467657 0.02977933 0.36600003
0.052525502 0.029697964 0.36500001
0.05545136 0.029555576 0.36325002
0.058185197 0.029331824 0.36050001
0.060573161 0.028965686 0.35600001
0.063016571 0.028660569 0.35225001
0.065582015 0.028436819 0.34950003
0.067804746 0.028091019 0.34525001
0.07036341 0.027907951 0.34300002
0.072775759 0.027684199 0.34025002
0.07502868 0.027419765 0.33700001
0.0771669 0.02713499 0.33350003
0.079604074 0.02697226 0.33150002
0.081508495 0.026646804 0.32750002
0.083407335 0.026341688 0.32375002
0.085706726 0.026178958 0.32175002
0.089071639 0.026341688 0.32375002
0.093252175 0.026728166 0.3285
0.096637972 0.026870556 0.33025002
0.10035574 0.027094306 0.333
0.10373399 0.027216353 0.33450001
0.10737762 0.027399424 0.33675003
0.11097872 0.027562151 0.33875
0.11453071 0.027704541 0.34050003
0.11768195 0.027745221 0.34100002
0.12031113 0.027663857 0.34
0.12256024 0.027501129 0.33800003
0.12449582 0.027277377 0.33525002
0.1263833 0.027053624 0.33250001
0.12841709 0.026870556 0.33025002
0.13021271 0.026646804 0.32750002
0.1319602 0.02642305 0.32475001
0.13397092 0.026260322 0.32275
0.13562876 0.026036572 0.32000002
0.13745479 0.025853502 0.31775001
0.13857943 0.025548385 0.31400001
0.14020109 0.025344975 0.31150001
0.1418937 0.025161907 0.30925003
0.14319627 0.024917811 0.30625001
0.14408909 0.024612697 0.30250001
0.14552267 0.024409285 0.30000001
0.1458014 0.024022806 0.29525003
0.14763036 0.023900758 0.29375002
0.14994441 0.023860078 0.29325002
0.15185967 0.023758372 0.29200003
0.15256321 0.023473596 0.28850001
0.15441504 0.02337189 0.28725001
0.15638158 0.023290528 0.28625003
0.15791433 0.023148138 0.2845
0.1592755 0.02298541 0.2825
0.16060169 0.022822684 0.28050002
0.16218352 0.022700636 0.27900001
0.16359164 0.02255825 0.27725002
0.1655679 0.022497226 0.27650002
0.16722727 0.02239552 0.27525002
0.16763218 0.022131085 0.27200001
0.16891782 0.021988699 0.27025002
0.17033125 0.021866651 0.26875001
0.17203973 0.021785289 0.26775002
0.17307942 0.021622559 0.26575002
0.17408413 0.021459831 0.26375002
0.1753882 0.021337783 0.26225001
0.17615792 0.021154715 0.26000002
0.17705983 0.020991987 0.25800002
-0 0 0
-0 0 0
-0 0 0
-0 0 0
-0 0 0
-0 0 0
-0 0 0
-0 0 0
-0 0 0
-0 0 0
-0 0 0
-0 0 0
-0 0 0
-0 0 0
-0 0 0
-0 0 0
-0 0 0
-0 0 0
-0 0 0
-0 0 0
-0 0 0
-0 0 0
-0 0 0
-0 0 0
-0 0 0
-0 0 0
-0 0 0
-0 0 0
-0 0 0
-0 0 0
-0 0 0
-0 0 0
-0 0 0
-0 0 0
-0 0 0
-0 0 0
-0 0 0
-0 0 0
-0 0 0
-0 0 0
-0 0 0
-0 0 0
-0 0 0
-0 0 0
-0 0 0
-0 0 0
-0 0 0
-0 0 0
-0 0 0
-0 0 0
-0 0 0
-0 0 0
-0 0 0
-0 0 0
-0 0 0
-0 0 0
-0 0 0
-0 0 0
-0 0 0
-0 0 0
-0 0 0
-0 0 0
-0 0 0
-0 0 0
-0 0 0
-0 0 0
-0 0 0
-0 0 0
-0 0 0
-0.059712932 0.053252358 0.59100002
-0 0 0
-0.048370369 0.052171096 0.57900006
-0 0 0
-0.036390968 0.049648136 0.551
-0.031341657 0.049287718 0.54700005
-0.026605081 0.049377825 0.54800004
-0.021542544 0.048769612 0.54125005
-0.016551524 0.048026241 0.53300005
-0.011727151 0.047372974 0.52575004
-0.0070499596 0.046854869 0.52000004
-0.0018889955 0.035388943 0.39275002
0.001521163 0.034803256 0.38625002
0.0048397989 0.034375254 0.38150001
0.0080217449 0.033721991 0.37425002
0.011174936 0.033361565 0.37025002
0.014336004 0.033181354 0.36825001
0.017426321 0.032933563 0.3655
0.02053906 0.032798409 0.36400002
0.023772193 0.032865986 0.36475003
0.026926046 0.032820933 0.36425
0.029967815 0.032663248 0.36250001
0.033161804 0.032685775 0.36275002
0.036335122 0.032685775 0.36275002
0.039481211 0.032663248 0.36250001
0.042770006 0.032753356 0.36350003
0.046013087 0.032798409 0.36400002
0.049197342 0.032798409 0.36400002
0.052345619 0.032775879 0.36375001
0.055413194 0.032708302 0.36300001
0.058265902 0.032528091 0.36100003
0.060700774 0.032145143 0.35675001
0.063061297 0.031762194 0.35250002
0.065675832 0.031536929 0.35000002
0.068246633 0.031311668 0.34750003
0.070619836 0.031018825 0.34425002
0.072829239 0.030680928 0.34050003
0.075362638 0.030500717 0.33850002
0.077282585 0.030095242 0.33400002
0.079724133 0.029915031 0.33200002
0.081819594 0.029622188 0.32875001
0.083471738 0.029194186 0.324
0.085839912 0.029036501 0.32225001
0.089209199 0.029216712 0.32425001
0.093110234 0.029554609 0.32800001
0.096857436 0.029824927 0.33100003
0.10050642 0.03005019 0.33350003
0.10357893 0.030095242 0.33400002
0.10737762 0.030343033 0.33675003
0.11097872 0.030523242 0.33875
0.1146148 0.030703453 0.34075001
0.11768195 0.030725982 0.34100002
0.12031113 0.030635875 0.34
0.12237893 0.03041061 0.33750001
0.12431015 0.030162822 0.33475003
0.1263833 0.029960083 0.33250001
0.12841709 0.029757347 0.33025002
0.13051091 0.029577136 0.32825002
0.13216339 0.02930682 0.32525003
0.1340747 0.029104082 0.32300001
0.13584068 0.028878817 0.32050002
0.13756295 0.028653555 0.31800002
0.13891044 0.028360711 0.31475002
0.14053865 0.028135447 0.31225002
0.14212312 0.027910184 0.30975002
0.14366385 0.02768492 0.30725002
0.14456543 0.027347025 0.30350003
0.14503759 0.026941551 0.29900002
0.14654212 0.026738811 0.29675001
0.14863551 0.026648708 0.29575002
0.15045573 0.026513549 0.29425001
0.15224971 0.026378388 0.29275
0.15348864 0.026153125 0.29025
0.15508699 0.025995441 0.28850001
0.1567913 0.025860282 0.287
0.15833062 0.025702598 0.28525001
0.15983932 0.025544913 0.28350002
0.16117424 0.025364703 0.28150001
0.16247417 0.025184492 0.27950001
0.16418168 0.025071859 0.27825001
0.1658673 0.024959227 0.27700001
0.16722727 0.024801543 0.27525002
0.16778626 0.024531228 0.27225003
0.16923033 0.024396069 0.27075002
0.17064814 0.02426091 0.26925001
0.17236099 0.024170805 0.26825002
0.17356788 0.024013121 0.26650003
0.17457914 0.02383291 0.26450002
0.1758898 0.023697751 0.26300001
0.17666607 0.023495015 0.26075003
0.17740296 0.023292275 0.25850001
-0 0 0
-0 0 0
-0 0 0
-0 0 0
-0 0 0
-0 0 0
-0 0 0
-0 0 0
-0 0 0
-0 0 0
-0 0 0
-0 0 0
-0 0 0
-0 0 0
-0 0 0
-0 0 0
-0 0 0
-0 0 0
-0 0 0
-0 0 0
-0 0 0
-0 0 0
-0 0 0
-0 0 0
-0 0 0
-0 0 0
-0 0 0
-0 0 0
-0 0 0
-0 0 0
-0 0 0
-0 0 0
-0 0 0
-0 0 0
-0 0 0
-0 0 0
-0 0 0
-0 0 0
-0 0 0
-0 0 0
-0 0 0
-0 0 0
-0 0 0
-0 0 0
-0 0 0
-0 0 0
-0 0 0
-0 0 0
-0 0 0
-0 0 0
-0 0 0
-0 0 0
-0 0 0
-0 0 0
-0 0 0
-0 0 0
-0 0 0
-0 0 0
-0 0 0
-0 0 0
-0 0 0
-0 0 0
-0 0 0
-0 0 0
-0 0 0
-0 0 0
-0 0 0
-0 0 0
-0 0 0
-0 0 0
-0 0 0
-0.047618497 0.056342646 0.57000005
-0.041940324 0.055428311 0.56075001
-0.036770727 0.055032924 0.55675
-0.031441931 0.054242153 0.54875004
-0.026605081 0.054168019 0.54800004
-0.021592295 0.053624358 0.54250002
-0.016543759 0.052660603 0.53275001
-0.011771761 0.052166369 0.52775002
-0.0070499596 0.051400308 0.52000004
-0.0018769713 0.038574945 0.39025003
0.0015260859 0.038303114 0.38750002
0.0048873727 0.038080711 0.38525003
0.0080538951 0.037141662 0.37575001
0.011242846 0.036820415 0.37250003
0.014306806 0.036326177 0.36750001
0.017259449 0.035782523 0.36200002
0.020355675 0.035658963 0.36075002
0.023576669 0.03575781 0.36175001
0.026704282 0.035708386 0.36125001
0.029740471 0.035560116 0.35975
0.032933258 0.03560954 0.36025003
0.036159832 0.035683677 0.36100003
0.039290614 0.035658963 0.36075002
0.042534683 0.0357331 0.36150002
0.045823473 0.035831943 0.36250001
0.049062181 0.035881367 0.36300001
0.052237689 0.035881367 0.36300001
0.055413194 0.035881367 0.36300001
0.05822555 0.035658963 0.36075002
0.061041072 0.035461269 0.35875002
0.063508533 0.035090595 0.35500002
0.065863475 0.034695208 0.35100001
0.068393923 0.034423377 0.34825
0.070722409 0.034077417 0.34475002
0.072882704 0.03368203 0.34075001
0.075195663 0.033385489 0.33775002
0.077398278 0.033064235 0.33450001
0.079724133 0.032817118 0.33200002
0.081881814 0.032520581 0.32900003
0.084115818 0.032273464 0.32650003
0.086172886 0.03197692 0.32350001
0.089277983 0.03207577 0.32450002
0.092897333 0.032347597 0.32725
0.096637972 0.032644138 0.33025002
0.1002804 0.032891255 0.33275002
0.10342387 0.032965392 0.33350003
0.10721818 0.033237219 0.33625001
0.11130633 0.033583183 0.33975002
0.11478297 0.033731449 0.34125
0.11794078 0.033780877 0.34175003
0.12066499 0.03370674 0.34100002
0.12274154 0.033459622 0.33850002
0.12440298 0.033113658 0.33500001
0.12657334 0.032915965 0.333
0.12861151 0.032693561 0.33075002
0.1306103 0.032471154 0.3285
0.13246813 0.032224037 0.32600001
0.13428225 0.03197692 0.32350001
0.13626452 0.031779226 0.3215
0.13756295 0.031433266 0.31800002
0.13924144 0.031186149 0.31550002
0.14053865 0.030864896 0.31225002
0.14223781 0.030642491 0.31
0.14401454 0.030444799 0.30800003
0.14444634 0.029975276 0.30325001
0.14503759 0.029555177 0.29900002
0.14703596 0.029431621 0.29775003
0.14901243 0.029308062 0.29650003
0.15071137 0.029135078 0.29475001
0.15237974 0.028962096 0.29300001
0.15414965 0.028813826 0.2915
0.15589334 0.028665558 0.29000002
0.15706447 0.02841844 0.28750002
0.15846939 0.028220747 0.28550002
0.15998027 0.028047765 0.28375003
0.16131739 0.027850071 0.28175002
0.16261952 0.027652377 0.27975002
0.1643292 0.027528819 0.27850002
0.1658673 0.027380548 0.27700001
0.16677161 0.027133431 0.27450001
0.1680944 0.026960451 0.27275002
0.16954285 0.026812179 0.27125001
0.17112349 0.02668862 0.27000001
0.17268226 0.026565064 0.26875001
0.17356788 0.026342658 0.26650003
0.17490916 0.026194388 0.26500002
0.17639139 0.026070829 0.26375002
0.1771742 0.025848422 0.2615
0.17791767 0.025626019 0.25925002
-0 0 0
-0 0 0
-0 0 0
-0 0 0
-0 0 0
-0 0 0
-0 0 0
-0 0 0
-0 0 0
-0 0 0
-0 0 0
-0 0 0
-0 0 0
-0 0 0
-0 0 0
-0 0 0
-0 0 0
-0 0 0
-0 0 0
-0 0 0
-0 0 0
-0 0 0
-0 0 0
-0 0 0
-0 0 0
-0 0 0
-0 0 0
-0 0 0
-0 0 0
-0 0 0
-0 0 0
-0 0 0
-0 0 0
-0 0 0
-0 0 0
-0 0 0
-0 0 0
-0 0 0
-0 0 0
-0 0 0
-0 0 0
-0 0 0
-0 0 0
-0 0 0
-0 0 0
-0 0 0
-0 0 0
-0 0 0
-0 0 0
-0 0 0
-0 0 0
-0 0 0
-0 0 0
-0 0 0
-0 0 0
-0 0 0
-0 0 0
-0 0 0
-0 0 0
-0 0 0
-0 0 0
-0 0 0
-0 0 0
-0 0 0
-0 0 0
-0 0 0
-0 0 0
-0 0 0
-0 0 0
-0 0 0
-0 0 0
-0.046950165 0.060464442 0.56200004
-0.041659851 0.059926502 0.55700004
-0.036275391 0.059092693 0.54925001
-0.031427603 0.059012003 0.5485
-0.026592944 0.058931317 0.54775006
-0.021632096 0.058474064 0.54350001
-0.016613631 0.057559568 0.53500003
-0.011777338 0.056806449 0.528
-0.006958446 0.055219531 0.51325005
-0.001925068 0.043062087 0.40025002
0.0015329779 0.041878618 0.38925001
0.0049159168 0.041690342 0.38750002
0.0081235571 0.040775843 0.37900001
0.011318301 0.040345494 0.37500003
0.014423598 0.039861348 0.37050003
0.017450161 0.039377201 0.36600003
0.020426208 0.038946848 0.36200002
0.02347891 0.038758568 0.36025003
0.026500994 0.038570289 0.3585
0.0295958 0.038516495 0.35800001
0.032727566 0.038516495 0.35800001
0.035859331 0.038516495 0.35800001
0.038991101 0.038516495 0.35800001
0.04229936 0.038677879 0.35950002
0.045570653 0.038785465 0.36050001
0.048859447 0.038893055 0.36150002
0.052129764 0.038973745 0.36225003
0.05533687 0.039000642 0.36250001
0.058346603 0.038893055 0.36150002
0.061041072 0.038597185 0.35875002
0.06364271 0.038274422 0.35575002
0.066004209 0.037844069 0.35175002
0.068541221 0.037548203 0.34900001
0.070927545 0.03719854 0.34575
0.073096596 0.036768191 0.34175003
0.075195663 0.036337838 0.33775002
0.077571817 0.036068868 0.33525002
0.079844199 0.035773002 0.33250001
0.081757367 0.035342649 0.3285
0.084244631 0.035181269 0.32700002
0.086239479 0.034831606 0.32375002
0.088934079 0.034777813 0.32325003
0.093039274 0.035261959 0.32775003
0.09649165 0.035477135 0.32975
0.10035574 0.035826795 0.333
0.10350139 0.035907485 0.33375001
0.10745732 0.036257148 0.33700001
0.11122442 0.036526117 0.33950001
0.1146148 0.0366606 0.34075001
0.11794078 0.036768191 0.34175003
0.12084192 0.036741294 0.34150001
0.12328544 0.036579911 0.34
0.12533136 0.036310941 0.33750001
0.12666838 0.035853691 0.33325002
0.12890315 0.035665415 0.33150002
0.13070971 0.035369545 0.32875001
0.13256973 0.035100576 0.32625002
0.13469735 0.034912299 0.32450002
0.13647644 0.03464333 0.32200003
0.13777924 0.03426677 0.31850001
0.13935177 0.033970904 0.31575
0.14053865 0.033594348 0.31225002
0.14212312 0.033325378 0.30975002
0.14343007 0.033002615 0.30675003
0.14361277 0.032437775 0.30150002
0.14540139 0.032249495 0.29975
0.14740631 0.032115009 0.2985
0.14938936 0.031980526 0.29725
0.15096705 0.031765353 0.29525003
0.15276979 0.03160397 0.29375002
0.15441407 0.03141569 0.29200003
0.15629652 0.031281207 0.29075003
0.15733762 0.030985337 0.28800002
0.15874691 0.03077016 0.28600001
0.16012122 0.030554986 0.28400001
0.16188994 0.030420501 0.28275001
0.16334614 0.030232221 0.28100002
0.16447669 0.029990148 0.27875
0.1658673 0.02980187 0.27700001
0.16707538 0.029586693 0.27500001
0.16824846 0.029371517 0.273
0.16969912 0.029210137 0.27150002
0.17128195 0.029075652 0.27025002
0.17236099 0.028860476 0.26825002
0.17356788 0.028672198 0.26650003
0.17523918 0.028564608 0.26550001
0.17672578 0.028430123 0.26425001
0.17768236 0.028214946 0.26225001
0.1782608 0.027945977 0.25975001
-0 0 0
-0 0 0
-0 0 0
-0 0 0
-0 0 0
-0 0 0
-0 0 0
-0 0 0
-0 0 0
-0 0 0
-0 0 0
-0 0 0
-0 0 0
-0 0 0
-0 0 0
-0 0 0
-0 0 0
-0 0 0
-0 0 0
-0 0 0
-0 0 0
-0 0 0
-0 0 0
-0 0 0
-0 0 0
-0 0 0
-0 0 0
-0 0 0
-0 0 0
-0 0 0
-0 0 0
-0 0 0
-0 0 0
-0 0 0
-0 0 0
-0 0 0
-0 0 0
-0 0 0
-0 0 0
-0 0 0
-0 0 0
-0 0 0
-0 0 0
-0 0 0
-0 0 0
-0 0 0
-0 0 0
-0 0 0
-0 0 0
-0 0 0
-0 0 0
-0 0 0
-0 0 0
-0 0 0
-0 0 0
-0 0 0
-0 0 0
-0 0 0
-0 0 0
-0 0 0
-0 0 0
-0 0 0
-0 0 0
-0 0 0
-0 0 0
-0 0 0
-0 0 0
-0 0 0
-0 0 0
-0 0 0
-0 0 0
-0.046950165 0.065377012 0.56200004
-0.041697245 0.064853527 0.5575
-0.03625888 0.06386473 0.54900002
-0.031427603 0.063806564 0.5485
-0.026726454 0.064039223 0.55050004
-0.021751501 0.063573904 0.54650003
-0.016714554 0.062614195 0.53825003
-0.01178849 0.061479982 0.52850002
-0.006927941 0.059444223 0.51100004
-0.0019647477 0.047520477 0.40850002
0.0015546385 0.045920953 0.39475003
0.0049349461 0.045252059 0.38900003
0.0082092937 0.044554085 0.38300002
0.011469211 0.044205096 0.38000003
0.014550121 0.043478038 0.37375003
0.017640874 0.043041803 0.37
0.02058138 0.042431075 0.36475003
0.023576669 0.042082086 0.36175001
0.026427073 0.041587688 0.35750002
0.02936846 0.041325949 0.35525003
0.032544732 0.041413192 0.35600001
0.035709087 0.041471362 0.35650003
0.038827732 0.041471362 0.35650003
0.042064037 0.041587688 0.35750002
0.045349438 0.041733101 0.35875002
0.048690502 0.041907594 0.36025003
0.052021831 0.042053007 0.36150002
0.055222377 0.042082086 0.36175001
0.058386948 0.042082086 0.36175001
0.061338834 0.041936673 0.36050001
0.063866332 0.041529525 0.35700002
0.066191852 0.041035123 0.35275
0.068541221 0.040598888 0.34900001
0.071030118 0.040278986 0.34625003
0.073417425 0.039929997 0.34325001
0.075418293 0.039406516 0.33875
0.077976741 0.03920294 0.33700001
0.079904236 0.038708542 0.33275002
0.081881814 0.038272306 0.32900003
0.084180221 0.038010564 0.32675001
0.086306073 0.037690658 0.324
0.088727728 0.037516166 0.32250002
0.092826366 0.038039647 0.32700002
0.097003743 0.038563129 0.33150002
0.10043108 0.038766704 0.33325002
0.10365645 0.038883034 0.33425
0.10761676 0.039261103 0.33750001
0.11089682 0.039377436 0.33850002
0.11469889 0.039668258 0.34100002
0.11794078 0.039755505 0.34175003
0.12101884 0.039784584 0.34200001
0.12346675 0.039610092 0.34050003
0.12579554 0.039406516 0.33875
0.12685843 0.038824867 0.33375001
0.12909757 0.038621295 0.33200002
0.13090849 0.038301386 0.32925001
0.13287449 0.038039647 0.32700002
0.13490489 0.037806991 0.32500002
0.13626452 0.037399836 0.3215
0.13821183 0.03716718 0.31950003
0.14001378 0.036905438 0.31725001
0.14098874 0.036440119 0.31325001
0.14235254 0.036091134 0.31025001
0.14307939 0.035596736 0.30600002
0.14373185 0.035102334 0.30175
0.1457652 0.034956925 0.30050001
0.14777668 0.034811512 0.29925001
0.14976628 0.034666099 0.29800001
0.15147837 0.034462526 0.29625002
0.15315984 0.034258951 0.29450002
0.15481067 0.034055371 0.29275
0.1564309 0.033851795 0.29100001
0.15802051 0.033648223 0.28925002
0.15930197 0.03338648 0.287
0.16054407 0.033124741 0.28475001
0.16231935 0.032979328 0.28350002
0.16363679 0.032746669 0.28150001
0.16477174 0.03248493 0.27925003
0.16616669 0.03228135 0.2775
0.16737914 0.032048691 0.2755
0.16855663 0.031816036 0.27350003
0.17001164 0.031641543 0.27200001
0.17144038 0.031467047 0.2705
0.17268226 0.031263471 0.26875001
0.17421916 0.031118061 0.26750001
0.17573421 0.030972648 0.26625001
0.17689298 0.030769074 0.26450002
0.17768236 0.030507332 0.26225001
0.17791767 0.030158345 0.25925002
-0 0 0
-0 0 0
-0 0 0
-0 0 0
-0 0 0
-0 0 0
-0 0 0
-0 0 0
-0 0 0
-0 0 0
-0 0 0
-0 0 0
-0 0 0
-0 0 0
-0 0 0
-0 0 0
-0 0 0
-0 0 0
-0 0 0
-0 0 0
-0 0 0
-0 0 0
-0 0 0
-0 0 0
-0 0 0
-0 0 0
-0 0 0
-0 0 0
-0 0 0
-0 0 0
-0 0 0
-0 0 0
-0 0 0
-0 0 0
-0 0 0
-0 0 0
-0 0 0
-0 0 0
-0 0 0
-0 0 0
-0 0 0
-0 0 0
-0 0 0
-0 0 0
-0 0 0
-0 0 0
-0 0 0
-0 0 0
-0 0 0
-0 0 0
-0 0 0
-0 0 0
-0 0 0
-0 0 0
-0 0 0
-0 0 0
-0 0 0
-0 0 0
-0 0 0
-0 0 0
-0 0 0
-0 0 0
-0 0 0
-0 0 0
-0 0 0
-0 0 0
-0 0 0
-0 0 0
-0 0 0
-0 0 0
-0 0 0
-0.04715902 0.070602261 0.56450003
-0.041828133 0.069945633 0.55925
-0.036357947 0.06885127 0.55050004
-0.031900305 0.069632955 0.55675
-0.026908513 0.069320284 0.55425
-0.02174155 0.068319723 0.54625005
-0.016699027 0.067256622 0.53775001
-0.011799644 0.066162258 0.52900004
-0.0071008005 0.065505631 0.52375001
-0.0019587355 0.050934933 0.40725002
0.0015733454 0.049965635 0.39950001
0.0049761762 0.049058877 0.39225003
0.0082896715 0.048370987 0.38675001
0.011529576 0.047776904 0.38200003
0.014569585 0.046807609 0.37425002
0.017664714 0.046338595 0.37050003
0.020708337 0.045900848 0.36700001
0.023707019 0.045494366 0.36375001
0.026537957 0.044900287 0.35900003
0.029389126 0.044462536 0.35550001
0.032430459 0.044368733 0.35475001
0.035558838 0.044400003 0.35500002
0.03866436 0.044400003 0.35500002
0.041858129 0.044493806 0.35575002
0.045191426 0.044712678 0.35750002
0.048521556 0.044900287 0.35900003
0.051841952 0.045056622 0.36025003
0.055184219 0.045212962 0.36150002
0.0584273 0.045275494 0.36200002
0.061423913 0.045150425 0.36100003
0.064000502 0.044743948 0.35775003
0.066473328 0.0443062 0.35425001
0.06863942 0.043712117 0.34950003
0.070978835 0.043274369 0.34600002
0.073577844 0.043024227 0.34400001
0.07586357 0.042617749 0.34075001
0.07815028 0.042242538 0.33775002
0.080264434 0.04180479 0.33425
0.08237958 0.041398313 0.33100003
0.084373444 0.040960565 0.32750002
0.086306073 0.040522818 0.324
0.088796504 0.040366478 0.32275
0.092826366 0.040898032 0.32700002
0.097223215 0.041554652 0.33225003
0.10043108 0.041679721 0.33325002
0.10396657 0.041929863 0.33525002
0.10753705 0.042180002 0.33725002
0.11106062 0.042398874 0.33900002
0.11478297 0.042680282 0.34125
0.11819962 0.042836625 0.34250003
0.12128424 0.042867888 0.34275001
0.12364805 0.042649016 0.34100002
0.12579554 0.042367607 0.33875
0.1271435 0.041836057 0.33450001
0.1293892 0.041617185 0.33275002
0.13150489 0.041367043 0.33075002
0.13328083 0.041023102 0.32800001
0.13459356 0.040554088 0.32425001
0.13647644 0.040272679 0.32200003
0.13842812 0.040022537 0.32000002
0.14001378 0.039678592 0.31725001
0.14166386 0.039365917 0.31475002
0.14292607 0.03895944 0.31150001
0.14272869 0.038177747 0.30525002
0.14432725 0.037896339 0.303
0.14612901 0.037677467 0.30125001
0.14814705 0.037521128 0.30000001
0.15001756 0.037333522 0.2985
0.1516062 0.037083384 0.29650003
0.15341987 0.036895778 0.29500002
0.15507509 0.036676906 0.29325002
0.15656529 0.036426764 0.29125002
0.15802051 0.036176622 0.28925002
0.15985703 0.036020283 0.28800002
0.16110787 0.035738874 0.28575
0.16260563 0.035520002 0.28400001
0.16378212 0.035238594 0.28175002
0.16506676 0.034988452 0.27975002
0.16661578 0.034800846 0.27825001
0.16798671 0.034581974 0.27650002
0.16917291 0.034331832 0.27450001
0.17032415 0.03408169 0.27250001
0.1717573 0.033894088 0.27100003
0.17332479 0.033737745 0.26975
0.17487043 0.03358141 0.2685
0.17589922 0.033331271 0.26650003
0.17722736 0.033143666 0.26500002
0.1781905 0.032893524 0.26300001
0.17877552 0.032580845 0.26050001
-0 0 0
-0 0 0
-0 0 0
-0 0 0
-0 0 0
-0 0 0
-0 0 0
-0 0 0
-0 0 0
-0 0 0
-0 0 0
-0 0 0
-0 0 0
-0 0 0
-0 0 0
-0 0 0
-0 0 0
-0 0 0
-0 0 0
-0 0 0
-0 0 0
-0 0 0
-0 0 0
-0 0 0
-0 0 0
-0 0 0
-0 0 0
-0 0 0
-0 0 0
-0 0 0
-0 0 0
-0 0 0
-0 0 0
-0 0 0
-0 0 0
-0 0 0
-0 0 0
-0 0 0
-0 0 0
-0 0 0
-0 0 0
-0 0 0
-0 0 0
-0 0 0
-0 0 0
-0 0 0
-0 0 0
-0 0 0
-0 0 0
-0 0 0
-0 0 0
-0 0 0
-0 0 0
-0 0 0
-0 0 0
-0 0 0
-0 0 0
-0 0 0
-0 0 0
-0 0 0
-0 0 0
-0 0 0
-0 0 0
-0 0 0
-0 0 0
-0 0 0
-0 0 0
-0 0 0
-0 0 0
-0 0 0
-0 0 0
-0.047952656 0.076807886 0.574
-0.042052515 0.075235605 0.56225002
-0.036737707 0.074432738 0.55625004
-0.031971928 0.074666902 0.55800003
-0.026932789 0.074232019 0.55475003
-0.021771403 0.073194981 0.54700005
-0.016799951 0.072392106 0.54100001
-0.01184983 0.071087442 0.53125
-0.0071109687 0.070184216 0.52450001
-0.0020404998 0.056769595 0.42425001
0.0015812219 0.05372538 0.40150002
0.0050618085 0.053390853 0.39900002
0.0083378991 0.052052736 0.38900003
0.011174936 0.049543768 0.37025002
0.0143944 0.049476862 0.36975002
0.017569358 0.049309596 0.36850002
0.020722445 0.049142335 0.36725003
0.023902541 0.049075428 0.36675003
0.026741242 0.048406366 0.36175001
0.029492464 0.047737308 0.35675001
0.03238475 0.047402781 0.35425001
0.035433631 0.047335874 0.35375002
0.038582675 0.047402781 0.35425001
0.041799299 0.047536593 0.35525003
0.045065016 0.047703858 0.35650003
0.048420187 0.047938026 0.35825002
0.051698044 0.048071839 0.35925001
0.055146053 0.04833946 0.36125001
0.058467653 0.048473276 0.36225003
0.061381374 0.048272558 0.36075002
0.064089954 0.047938026 0.35825002
0.066426411 0.047369324 0.354
0.069081306 0.047068249 0.35175002
0.071286544 0.046499554 0.34750003
0.073738262 0.04613157 0.34475002
0.075974889 0.045663226 0.34125
0.078034587 0.045127984 0.33725002
0.080324471 0.04476 0.33450001
0.082441792 0.044325113 0.33125001
0.084502257 0.043890223 0.32800001
0.086572453 0.043488789 0.32500002
0.088934079 0.043254621 0.32325003
0.0929683 0.043823317 0.32750002
0.097003743 0.044358566 0.33150002
0.10043108 0.044592734 0.33325002
0.10388904 0.044826906 0.33500001
0.10745732 0.045094527 0.33700001
0.11147013 0.045529418 0.34025002
0.11495116 0.045730136 0.34175003
0.11854472 0.045964304 0.34350002
0.12137271 0.045897402 0.34300002
0.12382935 0.04569668 0.34150001
0.12579554 0.045328699 0.33875
0.12761863 0.044927265 0.33575001
0.12997247 0.044726547 0.33425
0.1318031 0.044358566 0.33150002
0.13348399 0.043957129 0.3285
0.13490489 0.043488789 0.32500002
0.1365824 0.043120805 0.32225001
0.13842812 0.042819731 0.32000002
0.13979311 0.042384844 0.31675002
0.14155133 0.042083766 0.3145
0.14223781 0.041481614 0.31
0.14272869 0.040846009 0.30525002
0.14468451 0.04064529 0.30375001
0.14661409 0.040444575 0.30225003
0.14876433 0.040310763 0.30125001
0.15052015 0.040076591 0.29950002
0.15173402 0.039708611 0.29675001
0.15354989 0.039507896 0.29525003
0.15520729 0.03927372 0.29350001
0.15656529 0.038972646 0.29125002
0.15802051 0.038705021 0.28925002
0.15999579 0.038571209 0.28825
0.16153073 0.038337041 0.28650001
0.16317819 0.038136326 0.28500003
0.16450875 0.037868701 0.28300002
0.16609934 0.037667982 0.28150001
0.16706489 0.037333451 0.27900001
0.16829047 0.03706583 0.27700001
0.1697892 0.036865111 0.2755
0.17079294 0.036564037 0.27325001
0.1717573 0.036262963 0.27100003
0.17364608 0.036162604 0.27025002
0.17503327 0.035961885 0.26875001
0.17589922 0.035660811 0.26650003
0.17706016 0.035426635 0.26475
0.1781905 0.035192467 0.26300001
0.17963336 0.035025202 0.26175001
-0 0 0
-0 0 0
-0 0 0
-0 0 0
-0 0 0
-0 0 0
-0 0 0
-0 0 0
-0 0 0
-0 0 0
-0 0 0
-0 0 0
-0 0 0
-0 0 0
-0 0 0
-0 0 0
-0 0 0
-0 0 0
-0 0 0
-0 0 0
-0 0 0
-0 0 0
-0 0 0
-0 0 0
-0 0 0
-0 0 0
-0 0 0
-0 0 0
-0 0 0
-0 0 0
-0 0 0
-0 0 0
-0 0 0
-0 0 0
-0 0 0
-0 0 0
-0 0 0
-0 0 0
-0 0 0
-0 0 0
-0 0 0
-0 0 0
-0 0 0
-0 0 0
-0 0 0
-0 0 0
-0 0 0
-0 0 0
-0 0 0
-0 0 0
-0 0 0
-0 0 0
-0 0 0
-0 0 0
-0 0 0
-0 0 0
-0 0 0
-0 0 0
-0 0 0
-0 0 0
-0 0 0
-0 0 0
-0 0 0
-0 0 0
-0 0 0
-0 0 0
-0 0 0
-0 0 0
-0 0 0
-0 0 0
-0 0 0
-0.049017809 0.083642907 0.58675003
-0 0 0
-0.037051424 0.079972178 0.56100005
-0.032158144 0.080007806 0.56125003
-0.0269692 0.079188131 0.55550003
-0.021900758 0.078439735 0.55025005
-0.016823241 0.077228025 0.54175001
-0.011888866 0.075980693 0.53300005
-0.0071143587 0.074804634 0.52475005
-0.0021992188 0.065182313 0.45725003
0.001638327 0.059301998 0.41600001
0.0047097653 0.052922759 0.37125
0.0079360073 0.052780207 0.37025002
0.011159845 0.052708931 0.36975002
0.014374935 0.052637655 0.36925003
0.017497839 0.052316912 0.36700001
0.020666018 0.052209996 0.36625001
0.023886247 0.052245636 0.36650002
0.026926046 0.051924888 0.36425
0.029864477 0.051497232 0.36125001
0.032544732 0.050748829 0.35600001
0.035408586 0.050392445 0.35350001
0.038528219 0.050428085 0.35375002
0.041740466 0.050570637 0.35475001
0.044970211 0.050713193 0.35575002
0.048285026 0.050927017 0.35725001
0.051590115 0.051105209 0.3585
0.055107892 0.051461596 0.36100003
0.058467653 0.051639784 0.36225003
0.061594058 0.051604144 0.36200002
0.064179398 0.051140849 0.35875002
0.066707879 0.050677553 0.35550001
0.069179498 0.050214253 0.35225001
0.071696833 0.049822237 0.34950003
0.073952146 0.049287658 0.34575
0.075919233 0.048610535 0.34100002
0.078208126 0.048182879 0.33800003
0.080564596 0.047826491 0.3355
0.082690679 0.047363199 0.33225003
0.08463107 0.046828624 0.3285
0.0871718 0.046650432 0.32725
0.089002855 0.04611586 0.32350001
0.092897333 0.046650432 0.32725
0.097076893 0.04729192 0.33175001
0.10043108 0.047505751 0.33325002
0.10373399 0.047683943 0.33450001
0.10721818 0.047933407 0.33625001
0.11138823 0.048467979 0.34
0.11486707 0.04868181 0.34150001
0.11837216 0.048895642 0.34300002
0.12146117 0.048931278 0.34325001
0.12401065 0.048753086 0.34200001
0.12616691 0.048432346 0.33975002
0.12809375 0.048040323 0.33700001
0.1302641 0.047755215 0.33500001
0.1321013 0.047363199 0.33225003
0.13378875 0.046935536 0.32925001
0.1348011 0.046294048 0.32475001
0.13647644 0.045902032 0.32200003
0.13799553 0.045474369 0.31900001
0.13957244 0.045082353 0.31625003
0.14098874 0.04465469 0.31325001
0.14177899 0.044048842 0.30900002
0.14307939 0.043621186 0.30600002
0.14492266 0.043371715 0.30425
0.14709917 0.043229163 0.30325001
0.1491347 0.043050975 0.30200002
0.1510227 0.042837143 0.30050001
0.15198967 0.042373843 0.29725
0.15406996 0.042231295 0.29625002
0.15586831 0.042017464 0.29475001
0.15737163 0.041732356 0.29275
0.15856682 0.041375976 0.29025
0.16027334 0.041162148 0.28875002
0.16138978 0.040805764 0.28625003
0.16317819 0.040627576 0.28500003
0.16509004 0.040485021 0.28400001
0.16654189 0.040235553 0.28225002
0.16736428 0.039843533 0.27950001
0.16859424 0.039558426 0.2775
0.16994329 0.039308958 0.27575001
0.17094921 0.038988218 0.27350003
0.17191572 0.03866747 0.27125001
0.17364608 0.038524918 0.27025002
0.1751961 0.03834673 0.26900002
0.17655925 0.038132899 0.26750001
0.17706016 0.037740875 0.26475
0.1781905 0.037491411 0.26300001
0.17980494 0.037348859 0.26200002
-0 0 0
-0 0 0
-0 0 0
-0 0 0
-0 0 0
-0 0 0
-0 0 0
-0 0 0
-0 0 0
-0 0 0
-0 0 0
-0 0 0
-0 0 0
-0 0 0
-0 0 0
-0 0 0
-0 0 0
-0 0 0
-0 0 0
-0 0 0
-0 0 0
-0 0 0
-0 0 0
-0 0 0
-0 0 0
-0 0 0
-0 0 0
-0 0 0
-0 0 0
-0 0 0
-0 0 0
-0 0 0
-0 0 0
-0 0 0
-0 0 0
-0 0 0
-0 0 0
-0 0 0
-0 0 0
-0 0 0
-0 0 0
-0 0 0
-0 0 0
-0 0 0
-0 0 0
-0 0 0
-0 0 0
-0 0 0
-0 0 0
-0 0 0
-0 0 0
-0 0 0
-0 0 0
-0 0 0
-0 0 0
-0 0 0
-0 0 0
-0 0 0
-0 0 0
-0 0 0
-0 0 0
-0 0 0
-0 0 0
-0 0 0
-0 0 0
-0 0 0
-0 0 0
-0 0 0
-0 0 0
-0 0 0
-0 0 0
-0 0 0
-0.043417491 0.08782623 0.58050001
-0.037926525 0.086880647 0.57425004
-0.032358684 0.085443355 0.56475002
-0.027175535 0.084686883 0.55975002
-0.022010211 0.083665647 0.55300003
-0.016869823 0.082190529 0.54325002
-0.01196136 0.081131473 0.53625005
-0.007155031 0.079845473 0.52775002
-0 0 0
0.0014679962 0.056394883 0.37275001
0.0046843928 0.055865355 0.36925003
0.0078877807 0.055676237 0.36800003
0.011054207 0.055411469 0.36625001
0.014219214 0.055260178 0.36525002
0.017366724 0.055108882 0.36425
0.020567272 0.055146705 0.36450002
0.023788486 0.055222351 0.36500001
0.02703693 0.055335823 0.36575001
0.030195158 0.055260178 0.36525002
0.033047531 0.054692827 0.36150002
0.035734124 0.053974178 0.35675001
0.038473763 0.05344465 0.35325003
0.041622806 0.053520296 0.35375002
0.044907007 0.053747237 0.35525003
0.048217449 0.053974178 0.35675001
0.051482189 0.054125473 0.35775003
0.05503156 0.054541528 0.36050001
0.058467653 0.054806296 0.36225003
0.061636597 0.054806296 0.36225003
0.06426885 0.05435241 0.35925001
0.06666097 0.053747237 0.35525003
0.069228597 0.053331178 0.35250002
0.071645543 0.052839473 0.34925002
0.073791735 0.052196473 0.34500003
0.07586357 0.051553469 0.34075001
0.078381665 0.051250882 0.33875
0.080744699 0.050872646 0.33625001
0.082815118 0.050343119 0.33275002
0.084824294 0.049813587 0.32925001
0.087238394 0.049548823 0.32750002
0.089346759 0.049132764 0.32475001
0.092755392 0.049435351 0.32675001
0.096930586 0.050116178 0.33125001
0.10020505 0.050305296 0.33250001
0.10381152 0.050645709 0.33475003
0.10737762 0.050948296 0.33675003
0.11114252 0.051326532 0.33925003
0.11486707 0.051666941 0.34150001
0.11828589 0.05185606 0.34275001
0.1216381 0.052007355 0.34375003
0.12437326 0.051893882 0.34300002
0.12635258 0.051477823 0.34025002
0.12847385 0.051137414 0.33800003
0.13055575 0.050797001 0.33575001
0.13220069 0.050305296 0.33250001
0.13368717 0.049775768 0.32900003
0.13511243 0.049246237 0.32550001
0.13690028 0.048868001 0.32300001
0.13810368 0.048300646 0.31925002
0.13968277 0.047884587 0.31650001
0.1407637 0.047317237 0.31275001
0.14223781 0.046901174 0.31
0.14378074 0.046522941 0.3075
0.14551808 0.046220351 0.3055
0.14758423 0.046031233 0.30425
0.14950506 0.045804296 0.30275002
0.15127401 0.045539532 0.30100003
0.152501 0.045123473 0.29825002
0.15446001 0.044934355 0.29700002
0.15639713 0.044745237 0.29575002
0.15764043 0.044367 0.29325002
0.15924969 0.044102233 0.2915
0.16096716 0.043875296 0.29000002
0.16195358 0.043459237 0.28725001
0.16346447 0.043194473 0.28550002
0.16494472 0.042929709 0.28375003
0.1668369 0.04277841 0.28275001
0.16766368 0.042362351 0.28
0.1690499 0.042097587 0.27825001
0.17040551 0.041832823 0.27650002
0.17141797 0.04149241 0.27425
0.17223261 0.041114174 0.27175
0.17396733 0.040962882 0.27075002
0.17552173 0.040773764 0.26950002
0.17688926 0.040546823 0.26800001
0.17756176 0.040168587 0.26550001
0.17869866 0.039903823 0.26375002
0.17997649 0.039676882 0.26225001
-0 0 0
-0 0 0
-0 0 0
-0 0 0
-0 0 0
-0 0 0
-0 0 0
-0 0 0
-0 0 0
-0 0 0
-0 0 0
-0 0 0
-0 0 0
-0 0 0
-0 0 0
-0 0 0
-0 0 0
-0 0 0
-0 0 0
-0 0 0
-0 0 0
-0 0 0
-0 0 0
-0 0 0
-0 0 0
-0 0 0
-0 0 0
-0 0 0
-0 0 0
-0 0 0
-0 0 0
-0 0 0
-0 0 0
-0 0 0
-0 0 0
-0 0 0
-0 0 0
-0 0 0
-0 0 0
-0 0 0
-0 0 0
-0 0 0
-0 0 0
-0 0 0
-0 0 0
-0 0 0
-0 0 0
-0 0 0
-0 0 0
-0 0 0
-0 0 0
-0 0 0
-0 0 0
-0 0 0
-0 0 0
-0 0 0
-0 0 0
-0 0 0
-0 0 0
-0 0 0
-0 0 0
-0 0 0
-0 0 0
-0 0 0
-0 0 0
-0 0 0
-0 0 0
-0 0 0
-0 0 0
-0 0 0
-0 0 0
-0 0 0
-0.043847553 0.093820721 0.58625001
-0.037910011 0.091860287 0.574
-0.032587875 0.091020107 0.56875002
-0.027175535 0.089579783 0.55975002
-0.022000261 0.088459544 0.55275005
-0.016846532 0.086819179 0.54250002
-0.011983665 0.085978992 0.53725004
-0.0051925662 0.061293539 0.38300002
-0.0017843853 0.059373114 0.37100002
0.0014522431 0.059013035 0.36875001
0.0046273051 0.058372896 0.36475003
0.0078181196 0.058372896 0.36475003
0.010963661 0.058132842 0.36325002
0.014082958 0.057892784 0.36175001
0.017259449 0.057932798 0.36200002
0.020426208 0.057932798 0.36200002
0.023690727 0.058172852 0.36350003
0.026944527 0.058332887 0.36450002
0.03017449 0.058412902 0.36500001
0.033276074 0.058252867 0.36400002
0.035884377 0.057332665 0.35825002
0.038528219 0.056612507 0.35375002
0.041534558 0.056492478 0.35300002
0.044812199 0.056732532 0.35450003
0.048285026 0.057172626 0.35725001
0.05155414 0.057332665 0.35825002
0.054993402 0.057652738 0.36025003
0.058467653 0.057972807 0.36225003
0.061764207 0.058092829 0.36300001
0.064492472 0.057692744 0.36050001
0.06666097 0.05685256 0.35525003
0.069424987 0.056572493 0.35350001
0.071594253 0.055852335 0.34900001
0.074166045 0.05549226 0.34675002
0.076364502 0.054892126 0.34300002
0.078670897 0.054412019 0.34
0.081044868 0.05401193 0.33750001
0.083063997 0.053411797 0.33375001
0.085017517 0.052811664 0.33000001
0.087304994 0.052451588 0.32775003
0.089484327 0.052051499 0.32525003
0.092826366 0.052331559 0.32700002
0.096930586 0.053011708 0.33125001
0.1002804 0.053251762 0.33275002
0.10396657 0.053651851 0.33525002
0.10777619 0.054091949 0.33800003
0.11106062 0.054251984 0.33900002
0.11478297 0.054612059 0.34125
0.11828589 0.054852117 0.34275001
0.12181503 0.055092171 0.34425002
0.12473586 0.055052161 0.34400001
0.1266311 0.054572053 0.34100002
0.1286639 0.054171968 0.33850002
0.13094459 0.053891905 0.33675003
0.13190249 0.053091727 0.33175001
0.13399193 0.052771654 0.32975
0.13521621 0.052131515 0.32575002
0.13732412 0.051851451 0.324
0.1388607 0.051371347 0.32100001
0.13968277 0.050651185 0.31650001
0.14042613 0.049931027 0.31200001
0.14200841 0.049530938 0.30950001
0.14413142 0.049330898 0.30825001
0.14563715 0.048930809 0.30575001
0.14758423 0.048690755 0.30425
0.14975198 0.04853072 0.30325001
0.15165092 0.048290666 0.30175
0.1533958 0.048010606 0.30000001
0.15485007 0.047650527 0.29775003
0.15639713 0.047330458 0.29575002
0.15804358 0.04705039 0.294
0.15965943 0.046770331 0.29225001
0.16138346 0.04653028 0.29075003
0.1627993 0.046210207 0.28875002
0.16346447 0.045690093 0.28550002
0.16494472 0.045410033 0.28375003
0.16698442 0.045290004 0.28300002
0.1679631 0.044889916 0.28050002
0.16889803 0.044489831 0.27800003
0.17086773 0.044369802 0.27725002
0.17188676 0.044009719 0.27500001
0.17270796 0.04360963 0.27250001
0.17444925 0.043449599 0.27150002
0.17617302 0.043289561 0.2705
0.17705427 0.042929482 0.26825002
0.17806335 0.042609412 0.26625001
0.1792068 0.042329352 0.26450002
0.17997649 0.04196927 0.26225001
-0 0 0
-0 0 0
-0 0 0
-0 0 0
-0 0 0
-0 0 0
-0 0 0
-0 0 0
-0 0 0
-0 0 0
-0 0 0
-0 0 0
-0 0 0
-0 0 0
-0 0 0
-0 0 0
-0 0 0
-0 0 0
-0 0 0
-0 0 0
-0 0 0
-0 0 0
-0 0 0
-0 0 0
-0 0 0
-0 0 0
-0 0 0
-0 0 0
-0 0 0
-0 0 0
-0 0 0
-0 0 0
-0 0 0
-0 0 0
-0 0 0
-0 0 0
-0 0 0
-0 0 0
-0 0 0
-0 0 0
-0 0 0
-0 0 0
-0 0 0
-0 0 0
-0 0 0
-0 0 0
-0 0 0
-0 0 0
-0 0 0
-0 0 0
-0 0 0
-0 0 0
-0 0 0
-0 0 0
-0 0 0
-0 0 0
-0 0 0
-0 0 0
-0 0 0
-0 0 0
-0 0 0
-0 0 0
-0 0 0
-0 0 0
-0 0 0
-0 0 0
-0 0 0
-0 0 0
-0 0 0
-0 0 0
-0 0 0
-0 0 0
-0.043941047 0.099156246 0.58750004
-0 0 0
-0 0 0
-0.027260497 0.094768047 0.56150001
-0.022010211 0.093333453 0.55300003
-0.016900875 0.091856651 0.54425001
-0.012017123 0.090928383 0.53875005
-0.0051925662 0.064641431 0.38300002
-0.0017928022 0.062911473 0.37275001
0.0014473202 0.062025391 0.36750001
0.0046177902 0.061434675 0.36400002
0.007748459 0.061012734 0.36150002
0.010895751 0.060928348 0.36100003
0.014053762 0.060928348 0.36100003
0.017187933 0.060843956 0.36050001
0.020369783 0.060928348 0.36100003
0.023592964 0.061097123 0.36200002
0.026944527 0.061519064 0.36450002
0.030195158 0.061645646 0.36525002
0.033367492 0.061603449 0.36500001
0.036134791 0.060886152 0.36075002
0.038773272 0.060084462 0.35600001
0.041622806 0.059704717 0.35375002
0.044875402 0.059915688 0.35500002
0.048318818 0.060337625 0.35750002
0.051590115 0.060506403 0.3585
0.054955237 0.060759567 0.36000001
0.058467653 0.061139319 0.36225003
0.061806746 0.061308093 0.36325002
0.064805545 0.061139319 0.36225003
0.067130089 0.060379822 0.35775003
0.069572285 0.059789103 0.35425001
0.071953259 0.059198387 0.35075003
0.074379928 0.058692053 0.34775001
0.076531485 0.058016952 0.34375003
0.07861305 0.057341844 0.33975002
0.080864772 0.056835517 0.33675003
0.083001778 0.056286991 0.33350003
0.08514633 0.055780657 0.33050001
0.087304994 0.055316526 0.32775003
0.089621887 0.05497897 0.32575002
0.092613459 0.055063359 0.32625002
0.097003743 0.055949438 0.33150002
0.10050642 0.056286991 0.33350003
0.10404409 0.056624539 0.3355
0.10785591 0.057088677 0.33825001
0.11130633 0.057341844 0.33975002
0.11478297 0.057595007 0.34125
0.11837216 0.057890367 0.34300002
0.12190349 0.05814353 0.34450001
0.12491716 0.05814353 0.34450001
0.1273738 0.057890367 0.34300002
0.12894899 0.057257459 0.33925003
0.13094459 0.056835517 0.33675003
0.13239948 0.056202598 0.333
0.13389035 0.055611882 0.32950002
0.13531998 0.055021163 0.32600001
0.13721816 0.054641418 0.32375002
0.13875256 0.054135092 0.32075003
0.14001378 0.053544369 0.31725001
0.14053865 0.052700486 0.31225002
0.14223781 0.052320737 0.31
0.14424832 0.052067578 0.30850002
0.1461135 0.051772218 0.30675003
0.14794804 0.051476855 0.30500001
0.14975198 0.051181499 0.30325001
0.15190221 0.051012725 0.30225003
0.15390714 0.050801754 0.30100003
0.15550014 0.050464198 0.29900002
0.15679374 0.050042257 0.29650003
0.15831238 0.049704704 0.29450002
0.16006917 0.049451537 0.29300001
0.16166098 0.049156182 0.29125002
0.16265835 0.048692044 0.28850001
0.1636076 0.048227906 0.28575
0.16523537 0.047974743 0.28425002
0.16698442 0.047763772 0.28300002
0.1682625 0.04742622 0.28100002
0.16889803 0.04691989 0.27800003
0.17071365 0.046751112 0.27700001
0.17219928 0.046497945 0.2755
0.17318331 0.0461182 0.27325001
0.17460987 0.045865033 0.27175
0.17617302 0.045654062 0.2705
0.17738429 0.045358706 0.26875001
0.17839773 0.04502115 0.26675001
0.17937618 0.044683598 0.26475
0.17980494 0.044219464 0.26200002
-0 0 0
-0 0 0
-0 0 0
-0 0 0
-0 0 0
-0 0 0
-0 0 0
-0 0 0
-0 0 0
-0 0 0
-0 0 0
-0 0 0
-0 0 0
-0 0 0
-0 0 0
-0 0 0
-0 0 0
-0 0 0
-0 0 0
-0 0 0
-0 0 0
-0 0 0
-0 0 0
-0 0 0
-0 0 0
-0 0 0
-0 0 0
-0 0 0
-0 0 0
-0 0 0
-0 0 0
-0 0 0
-0 0 0
-0 0 0
-0 0 0
-0 0 0
-0 0 0
-0 0 0
-0 0 0
-0 0 0
-0 0 0
-0 0 0
-0 0 0
-0 0 0
-0 0 0
-0 0 0
-0 0 0
-0 0 0
-0 0 0
-0 0 0
-0 0 0
-0 0 0
-0 0 0
-0 0 0
-0 0 0
-0 0 0
-0 0 0
-0 0 0
-0 0 0
-0 0 0
-0 0 0
-0 0 0
-0 0 0
-0 0 0
-0 0 0
-0 0 0
-0 0 0
-0 0 0
-0 0 0
-0 0 0
-0 0 0
-0.050103847 0.10646631 0.59975004
-0.043903649 0.10420295 0.58700001
-0.038157683 0.10256092 0.57775003
-0.032501929 0.10069697 0.56725001
-0.027406145 0.1002088 0.56450003
-0.02203011 0.098256104 0.5535
-0.017001798 0.097190998 0.54750001
-0.011994816 0.095460199 0.53775001
-0.0052806907 0.069143191 0.38950002
-0.0018072311 0.066702314 0.37575001
0.0014620888 0.065903485 0.37125
0.0046495055 0.06506028 0.36650002
0.0077431002 0.064128309 0.36125001
0.010873115 0.063950792 0.36025003
0.014024564 0.063950792 0.36025003
0.017176013 0.063950792 0.36025003
0.020369783 0.064083934 0.36100003
0.023641845 0.064394586 0.36275002
0.026963009 0.064749621 0.36475003
0.03025716 0.064971521 0.36600003
0.03350462 0.06506028 0.36650002
0.036560494 0.064793997 0.36500001
0.039317843 0.064083934 0.36100003
0.042122867 0.063551374 0.35800001
0.044970211 0.063151963 0.35575002
0.048217449 0.063329481 0.35675001
0.051518161 0.063551374 0.35800001
0.055069726 0.064039551 0.36075002
0.058629051 0.064483345 0.36325002
0.061849285 0.064527728 0.36350003
0.064850263 0.064350203 0.36250001
0.067223907 0.063595757 0.35825002
0.069670483 0.062974438 0.35475001
0.071953259 0.062264375 0.35075003
0.074379928 0.061731815 0.34775001
0.076587141 0.061066125 0.34400001
0.078497358 0.06022292 0.33925003
0.080864772 0.059779126 0.33675003
0.083126217 0.059290949 0.33400002
0.08514633 0.058669634 0.33050001
0.087504767 0.058314599 0.3285
0.089690663 0.057870805 0.32600001
0.092542492 0.057870805 0.32600001
0.096564814 0.058580875 0.33000001
0.10035574 0.059113428 0.333
0.10419916 0.059645984 0.33600003
0.10793563 0.060089778 0.33850002
0.11130633 0.060311675 0.33975002
0.11486707 0.060622331 0.34150001
0.118631 0.061021749 0.34375003
0.12208042 0.061243646 0.34500003
0.12500781 0.061199266 0.34475002
0.12746663 0.060932986 0.34325001
0.12875892 0.060134158 0.33875
0.13084738 0.059734743 0.33650002
0.13269769 0.059246566 0.33375001
0.13409351 0.058580875 0.33000001
0.13563129 0.058003943 0.32675001
0.1371122 0.057427011 0.32350001
0.13842812 0.0568057 0.32000002
0.14023444 0.056406282 0.31775001
0.14065117 0.055474311 0.3125
0.14281136 0.055252414 0.31125
0.14471591 0.054941762 0.30950001
0.14658982 0.054631107 0.30775002
0.14855438 0.054364827 0.30625001
0.14999889 0.053921033 0.30375001
0.15202786 0.053699136 0.30250001
0.15403496 0.053477239 0.30125001
0.15576017 0.053166583 0.29950002
0.15745476 0.052855931 0.29775003
0.15884994 0.052456513 0.29550001
0.1604789 0.052145857 0.29375002
0.1619385 0.051790822 0.29175001
0.16322216 0.051391408 0.28950003
0.16446643 0.05099199 0.28725001
0.165962 0.050681334 0.28550002
0.16757447 0.050415058 0.28400001
0.1687116 0.050015643 0.28175002
0.16965745 0.049571849 0.27925003
0.17086773 0.049216814 0.27725002
0.17235555 0.048950534 0.27575001
0.17365865 0.048639882 0.27400002
0.17509177 0.048373602 0.27250001
0.17617302 0.048018567 0.2705
0.17738429 0.047707912 0.26875001
0.17873211 0.047441632 0.26725
0.17988433 0.04713098 0.26550001
0.18049121 0.046687182 0.26300001
-0 0 0
-0 0 0
-0 0 0
-0 0 0
-0 0 0
-0 0 0
-0 0 0
-0 0 0
-0 0 0
-0 0 0
-0 0 0
-0 0 0
-0 0 0
-0 0 0
-0 0 0
-0 0 0
-0 0 0
-0 0 0
-0 0 0
-0 0 0
-0 0 0
-0 0 0
-0 0 0
-0 0 0
-0 0 0
-0 0 0
-0 0 0
-0 0 0
-0 0 0
-0 0 0
-0 0 0
-0 0 0
-0 0 0
-0 0 0
-0 0 0
-0 0 0
-0 0 0
-0 0 0
-0 0 0
-0 0 0
-0 0 0
-0 0 0
-0 0 0
-0 0 0
-0 0 0
-0 0 0
-0 0 0
-0 0 0
-0 0 0
-0 0 0
-0 0 0
-0 0 0
-0 0 0
-0 0 0
-0 0 0
-0 0 0
-0 0 0
-0 0 0
-0 0 0
-0 0 0
-0 0 0
-0 0 0
-0 0 0
-0 0 0
-0 0 0
-0 0 0
-0 0 0
-0 0 0
-0 0 0
-0 0 0
-0 0 0
-0 0 0
-0 0 0
-0 0 0
-0 0 0
-0.027600344 0.10588827 0.56850004
-0.022179367 0.10379285 0.55725002
-0.017056143 0.10230277 0.54925001
-0 0 0
-0.0054467716 0.074829571 0.40175003
-0.0018336844 0.07101126 0.38125002
0.0014896569 0.070452482 0.37825003
0.0047922255 0.070359349 0.37775001
0.0079252906 0.068869278 0.36975002
0.010880659 0.067146383 0.36050001
0.013985633 0.06691356 0.35925001
0.017152173 0.067006685 0.35975
0.020383887 0.067286074 0.36125001
0.023658138 0.06761203 0.36300001
0.026926046 0.067844853 0.36425
0.03033983 0.068357065 0.36700001
0.03361889 0.068496764 0.36775002
0.03683595 0.068496764 0.36775002
0.039644584 0.067798294 0.36400002
0.04241702 0.067146383 0.36050001
0.045033414 0.066354781 0.35625002
0.04811608 0.066308215 0.35600001
0.051482189 0.066634171 0.35775003
0.055298708 0.067472339 0.36225003
0.058709752 0.067751728 0.36375001
0.062019434 0.067891419 0.36450002
0.065073885 0.067751728 0.36375001
0.067552283 0.067053251 0.36000001
0.069817774 0.06621509 0.35550001
0.072055824 0.065423489 0.35125002
0.074433401 0.064818144 0.34800002
0.076809779 0.064259373 0.34500003
0.079017974 0.063607462 0.34150001
0.081285 0.063048683 0.33850002
0.083250657 0.062303647 0.33450001
0.085532777 0.061838001 0.33200002
0.087837741 0.061418917 0.32975
0.089897007 0.060860142 0.32675001
0.092400558 0.060627315 0.32550001
0.096711121 0.061558612 0.33050001
0.1002804 0.061977696 0.33275002
0.10404409 0.062489904 0.3355
0.10761676 0.062862426 0.33750001
0.11130633 0.063281506 0.33975002
0.11478297 0.063560896 0.34125
0.11854472 0.063979983 0.34350002
0.12208042 0.064259373 0.34500003
0.12482651 0.064119674 0.34425002
0.12700245 0.063700587 0.34200001
0.12894899 0.063188381 0.33925003
0.13094459 0.062722735 0.33675003
0.13279708 0.062210519 0.33400002
0.1341951 0.061512049 0.33025002
0.13583884 0.060953267 0.32725
0.13732412 0.060347926 0.324
0.13831997 0.059556328 0.31975001
0.13957244 0.058904424 0.31625003
0.14087622 0.05829908 0.31300002
0.14304079 0.058066256 0.31175002
0.14518349 0.057833433 0.31050003
0.14718522 0.057554044 0.30900002
0.1489182 0.057181526 0.30700001
0.15098654 0.056948703 0.30575001
0.15290736 0.05666931 0.30425
0.15441845 0.056250229 0.30200002
0.15602021 0.055877712 0.30000001
0.15745476 0.055458631 0.29775003
0.1593875 0.055225808 0.29650003
0.1604789 0.054713592 0.29375002
0.16207728 0.05438764 0.29200003
0.163645 0.054061685 0.29025
0.16489585 0.053642605 0.28800002
0.16625264 0.053270087 0.28600001
0.16772199 0.052944135 0.28425002
0.16931039 0.052664742 0.28275001
0.17056876 0.052292224 0.28075001
0.1716381 0.051873144 0.27850002
0.17266805 0.05145406 0.27625
0.17397554 0.051128108 0.27450001
0.17557368 0.050895281 0.27325001
0.17682432 0.050569329 0.27150002
0.1775493 0.050103683 0.26900002
0.17873211 0.049777728 0.26725
0.18005373 0.049498342 0.26575002
0.18152064 0.049265519 0.26450002
-0 0 0
-0 0 0
-0 0 0
-0 0 0
-0 0 0
-0 0 0
-0 0 0
-0 0 0
-0 0 0
-0 0 0
-0 0 0
-0 0 0
-0 0 0
-0 0 0
-0 0 0
-0 0 0
-0 0 0
-0 0 0
-0 0 0
-0 0 0
-0 0 0
-0 0 0
-0 0 0
-0 0 0
-0 0 0
-0 0 0
-0 0 0
-0 0 0
-0 0 0
-0 0 0
-0 0 0
-0 0 0
-0 0 0
-0 0 0
-0 0 0
-0 0 0
-0 0 0
-0 0 0
-0 0 0
-0 0 0
-0 0 0
-0 0 0
-0 0 0
-0 0 0
-0 0 0
-0 0 0
-0 0 0
-0 0 0
-0 0 0
-0 0 0
-0 0 0
-0 0 0
-0 0 0
-0 0 0
-0 0 0
-0 0 0
-0 0 0
-0 0 0
-0 0 0
-0 0 0
-0 0 0
-0 0 0
-0 0 0
-0 0 0
-0 0 0
-0 0 0
-0 0 0
-0 0 0
-0 0 0
-0 0 0
-0 0 0
-0 0 0
-0 0 0
-0 0 0
-0 0 0
-0.02774599 0.11144265 0.5715
-0 0 0
-0.017079433 0.10725015 0.55000001
-0.012256908 0.10715266 0.54950005
-0.0064500351 0.092771381 0.47575003
-0.0019431042 0.078780107 0.40400001
0.0014975333 0.074148849 0.38025001
0.0048207701 0.074100107 0.38000003
0.0081235571 0.073905103 0.37900001
0.011129662 0.071906351 0.36875001
0.014005098 0.070151344 0.35975
0.017152173 0.070151344 0.35975
0.020383887 0.070443846 0.36125001
0.023641845 0.070736349 0.36275002
0.026926046 0.071028844 0.36425
0.030319164 0.07151635 0.36675003
0.033710308 0.071906351 0.36875001
0.037161488 0.0723451 0.37100002
0.039998554 0.071613848 0.36725003
0.042828836 0.070980102 0.36400002
0.045349438 0.069956347 0.35875002
0.048149873 0.069468848 0.35625002
0.051446211 0.069712594 0.35750002
0.055298708 0.07063885 0.36225003
0.058669403 0.070882604 0.36350003
0.062019434 0.0710776 0.36450002
0.065163337 0.071028844 0.36425
0.06788066 0.070541345 0.36175001
0.07011237 0.069615096 0.35700002
0.072414823 0.068835095 0.35300002
0.074700765 0.068103842 0.34925002
0.076976754 0.067421339 0.34575
0.079365052 0.066885091 0.34300002
0.08188533 0.066495091 0.34100002
0.083437316 0.065373838 0.33525002
0.085597187 0.064788841 0.33225003
0.087970935 0.06439884 0.33025002
0.090103351 0.063862592 0.32750002
0.092613459 0.063618839 0.32625002
0.096784279 0.064496338 0.33075002
0.10020505 0.06483759 0.33250001
0.10357893 0.065130092 0.33400002
0.10705875 0.065471344 0.33575001
0.11106062 0.06610509 0.33900002
0.11503525 0.066690087 0.34200001
0.118631 0.067031346 0.34375003
0.12208042 0.067275092 0.34500003
0.12500781 0.067226343 0.34475002
0.12718813 0.066787593 0.34250003
0.129044 0.066202588 0.33950001
0.13104181 0.065715089 0.33700001
0.13269769 0.065081336 0.33375001
0.13409351 0.064350091 0.33000001
0.13552752 0.063667588 0.32650003
0.137642 0.063326336 0.32475001
0.13788739 0.062156338 0.31875002
0.13935177 0.061571334 0.31575
0.14132629 0.061230086 0.31400001
0.14315549 0.060840081 0.31200001
0.14553416 0.06069383 0.31125
0.14766155 0.060450081 0.31
0.14940327 0.060060088 0.30800003
0.15135691 0.059767585 0.30650002
0.15328428 0.059475079 0.30500001
0.1546741 0.05898758 0.30250001
0.15602021 0.058500081 0.30000001
0.15758695 0.058110081 0.29800001
0.15952189 0.057866327 0.29675001
0.16061547 0.057330076 0.294
0.1619385 0.05689133 0.29175001
0.16378596 0.05664758 0.29050002
0.16518213 0.056257576 0.28850001
0.16639799 0.05581883 0.28625003
0.16772199 0.055428829 0.28425002
0.16960979 0.055233825 0.28325
0.17056876 0.054746326 0.28075001
0.17179216 0.054356322 0.27875
0.17313685 0.054015074 0.27700001
0.17460933 0.053722572 0.2755
0.17573433 0.053332575 0.27350003
0.17698713 0.052991323 0.27175
0.17820933 0.052650072 0.27000001
0.17889932 0.052162573 0.26750001
0.18022309 0.05187007 0.266
0.18186377 0.051675074 0.26500002
-0 0 0
-0 0 0
-0 0 0
-0 0 0
-0 0 0
-0 0 0
-0 0 0
-0 0 0
-0 0 0
-0 0 0
-0 0 0
-0 0 0
-0 0 0
-0 0 0
-0 0 0
-0 0 0
-0 0 0
-0 0 0
-0 0 0
-0 0 0
-0 0 0
-0 0 0
-0 0 0
-0 0 0
-0 0 0
-0 0 0
-0 0 0
-0 0 0
-0 0 0
-0 0 0
-0 0 0
-0 0 0
-0 0 0
-0 0 0
-0 0 0
-0 0 0
-0 0 0
-0 0 0
-0 0 0
-0 0 0
-0 0 0
-0 0 0
-0 0 0
-0 0 0
-0 0 0
-0 0 0
-0 0 0
-0 0 0
-0 0 0
-0 0 0
-0 0 0
-0 0 0
-0 0 0
-0 0 0
-0 0 0
-0 0 0
-0 0 0
-0 0 0
-0 0 0
-0 0 0
-0 0 0
-0 0 0
-0 0 0
-0 0 0
-0 0 0
-0 0 0
-0 0 0
-0 0 0
-0 0 0
-0 0 0
-0 0 0
-0 0 0
-0 0 0
-0 0 0
-0.032831389 0.11674388 0.57300001
-0.027758129 0.11648921 0.57175004
-0.022358473 0.1144518 0.56175005
-0 0 0
-0 0 0
-0.007185536 0.10798299 0.53000003
-0.0022617443 0.095809437 0.47025001
0.0015093483 0.078083932 0.38325003
0.0048271129 0.077523641 0.38050002
0.0081342738 0.077319905 0.37950003
0.011393757 0.076912418 0.37750003
0.014180283 0.074212842 0.36425
0.017164093 0.073346943 0.36000001
0.020355675 0.073499747 0.36075002
0.023674432 0.074009098 0.36325002
0.027018448 0.074467517 0.3655
0.030505169 0.075180613 0.36900002
0.033893142 0.07553716 0.37075001
0.037587192 0.076453999 0.37525001
0.040570349 0.075893715 0.37250003
0.043122992 0.074671261 0.36650002
0.045886677 0.073958166 0.36300001
0.048453972 0.073041327 0.3585
0.05155414 0.072990395 0.35825002
0.055260543 0.073754422 0.36200002
0.058709752 0.07411097 0.36375001
0.062019434 0.074263774 0.36450002
0.065029167 0.074060038 0.36350003
0.067552283 0.073346943 0.36000001
0.070161462 0.072786652 0.35725001
0.072517388 0.072022617 0.35350001
0.074968122 0.071411394 0.35050002
0.07742203 0.070851102 0.34775001
0.079712123 0.070188947 0.34450001
0.082125463 0.069679588 0.34200001
0.084121741 0.068864629 0.33800003
0.085726 0.067794986 0.33275002
0.088037521 0.067336567 0.33050001
0.090378471 0.06692908 0.3285
0.092826366 0.066623472 0.32700002
0.096564814 0.067234695 0.33000001
0.10020505 0.067744046 0.33250001
0.10350139 0.067998722 0.33375001
0.10705875 0.068406209 0.33575001
0.11089682 0.0689665 0.33850002
0.11427844 0.069221176 0.33975002
0.11854472 0.069985203 0.34350002
0.12208042 0.070290819 0.34500003
0.12518911 0.070341751 0.34525001
0.12728097 0.069832399 0.34275001
0.12923405 0.069272108 0.34
0.13104181 0.068660885 0.33700001
0.13259828 0.06794779 0.33350003
0.1341951 0.067285635 0.33025002
0.13563129 0.066572532 0.32675001
0.13721816 0.065961309 0.32375002
0.13777924 0.064891666 0.31850001
0.13979311 0.064535119 0.31675002
0.14200142 0.064280443 0.31550002
0.14407314 0.063974828 0.31400001
0.14600176 0.063618287 0.31225002
0.14813788 0.063363604 0.31100002
0.14976707 0.062905185 0.30875
0.1516038 0.062548637 0.30700001
0.15366121 0.062293962 0.30575001
0.15518543 0.061835546 0.30350003
0.15654029 0.061326195 0.30100003
0.15798357 0.060867772 0.29875001
0.15979066 0.06056216 0.29725
0.16088864 0.060001872 0.29450002
0.16235481 0.059594389 0.29250002
0.16406786 0.059288777 0.29100001
0.16489585 0.058677554 0.28800002
0.16639799 0.058321007 0.28625003
0.16816454 0.058066331 0.28500003
0.16990919 0.057811655 0.28375003
0.1713282 0.0574551 0.28200001
0.17194624 0.056843881 0.27900001
0.17344937 0.056538265 0.2775
0.17508468 0.056283589 0.27625
0.17557368 0.055672366 0.27325001
0.17698713 0.055366751 0.27175
0.17804432 0.054959267 0.26975
0.17906652 0.054551788 0.26775002
0.18039247 0.054246176 0.26625001
0.1816922 0.053940561 0.26475
-0 0 0
-0 0 0
-0 0 0
-0 0 0
-0 0 0
-0 0 0
-0 0 0
-0 0 0
-0 0 0
-0 0 0
-0 0 0
-0 0 0
-0 0 0
-0 0 0
-0 0 0
-0 0 0
-0 0 0
-0 0 0
-0 0 0
-0 0 0
-0 0 0
-0 0 0
-0 0 0
-0 0 0
-0 0 0
-0 0 0
-0 0 0
-0 0 0
-0 0 0
-0 0 0
-0 0 0
-0 0 0
-0 0 0
-0 0 0
-0 0 0
-0 0 0
-0 0 0
-0 0 0
-0 0 0
-0 0 0
-0 0 0
-0 0 0
-0 0 0
-0 0 0
-0 0 0
-0 0 0
-0 0 0
-0 0 0
-0 0 0
-0 0 0
-0 0 0
-0 0 0
-0 0 0
-0 0 0
-0 0 0
-0 0 0
-0 0 0
-0 0 0
-0 0 0
-0 0 0
-0 0 0
-0 0 0
-0 0 0
-0 0 0
-0 0 0
-0 0 0
-0 0 0
-0 0 0
-0 0 0
-0 0 0
-0 0 0
-0 0 0
-0 0 0
-0 0 0
-0.032845713 0.12180573 0.57325006
-0.027806679 0.12169948 0.57275003
-0 0 0
-0.017273517 0.11819352 0.55625004
-0 0 0
-0.0072329873 0.11335953 0.53350002
-0.0025443123 0.11240337 0.52900004
0.0016816482 0.090730123 0.42700002
0.004855657 0.081327759 0.38275
0.0081396326 0.080690317 0.37975001
0.01137112 0.080052868 0.37675002
0.01427761 0.077928044 0.36675003
0.017187933 0.076600023 0.36050001
0.0204121 0.076865628 0.36175001
0.023772193 0.077503078 0.36475003
0.027092371 0.077874921 0.36650002
0.030670509 0.078831092 0.37100002
0 0 0
0.037762482 0.08010599 0.377
0.040679261 0.079362303 0.37350002
0.043593638 0.078724854 0.37050003
0.046107896 0.077503078 0.36475003
0.048927028 0.076918751 0.36200002
0.051841952 0.076546907 0.36025003
0.055298708 0.076971874 0.36225003
0.058790453 0.077396832 0.36425
0.062147044 0.077609316 0.36525002
0.065163337 0.077396832 0.36425
0.067739934 0.076706268 0.36100003
0.07030876 0.076068819 0.35800001
0.07267125 0.075272009 0.35425001
0.07512854 0.074634559 0.35125002
0.077589005 0.074050233 0.34850001
0.080117054 0.073572151 0.34625003
0.08278583 0.073253423 0.34475002
0.085055046 0.072615974 0.34175003
0.087271765 0.071978524 0.33875
0.088969842 0.070969231 0.33400002
0.091066293 0.07033179 0.33100003
0.093110234 0.069694333 0.32800001
0.096564814 0.070119299 0.33000001
0.10020505 0.07065051 0.33250001
0.10350139 0.070916109 0.33375001
0.10705875 0.071341075 0.33575001
0.11114252 0.07208477 0.33925003
0.11436252 0.072244123 0.34
0.11819962 0.072775342 0.34250003
0.12181503 0.073147185 0.34425002
0.12518911 0.073359661 0.34525001
0.12755948 0.072987817 0.34350002
0.12961416 0.072456613 0.34100002
0.13113903 0.071659803 0.33725002
0.13279708 0.070969231 0.33400002
0.13449986 0.07033179 0.33100003
0.13656525 0.069906823 0.32900003
0.1365824 0.068472557 0.32225001
0.13788739 0.06772887 0.31875002
0.14012411 0.067463271 0.31750003
0.14245151 0.067250781 0.31650001
0.14487611 0.06709142 0.31575
0.14670312 0.066666462 0.31375003
0.14849514 0.066241495 0.31175002
0.15000962 0.065710284 0.30925003
0.15185072 0.06533844 0.3075
0.15378687 0.065019719 0.30600002
0.15582459 0.064754114 0.30475003
0.15706034 0.064169787 0.30200002
0.15838018 0.063638575 0.29950002
0.15992506 0.063213609 0.29750001
0.16143495 0.062788643 0.29550001
0.16318738 0.062469918 0.294
0.16434976 0.061938714 0.2915
0.16503897 0.061248142 0.28825
0.16668864 0.060929425 0.28675002
0.16860706 0.060716938 0.28575
0.17035829 0.060451336 0.2845
0.17102443 0.059813887 0.28150001
0.17225438 0.059388921 0.27950001
0.1737619 0.059070203 0.27800003
0.17492624 0.058645237 0.27600002
0.17621621 0.058273386 0.27425
0.17763841 0.057954665 0.27275002
0.17853935 0.057476576 0.2705
0.1795681 0.05705161 0.2685
0.18039247 0.056573529 0.26625001
0.1816922 0.0562548 0.26475
-0 0 0
-0 0 0
-0 0 0
-0 0 0
-0 0 0
-0 0 0
-0 0 0
-0 0 0
-0 0 0
-0 0 0
-0 0 0
-0 0 0
-0 0 0
-0 0 0
-0 0 0
-0 0 0
-0 0 0
-0 0 0
-0 0 0
-0 0 0
-0 0 0
-0 0 0
-0 0 0
-0 0 0
-0 0 0
-0 0 0
-0 0 0
-0 0 0
-0 0 0
-0 0 0
-0 0 0
-0 0 0
-0 0 0
-0 0 0
-0 0 0
-0 0 0
-0 0 0
-0 0 0
-0 0 0
-0 0 0
-0 0 0
-0 0 0
-0 0 0
-0 0 0
-0 0 0
-0 0 0
-0 0 0
-0 0 0
-0 0 0
-0 0 0
-0 0 0
-0 0 0
-0 0 0
-0 0 0
-0 0 0
-0 0 0
-0 0 0
-0 0 0
-0 0 0
-0 0 0
-0 0 0
-0 0 0
-0 0 0
-0 0 0
-0 0 0
-0 0 0
-0 0 0
-0 0 0
-0 0 0
-0 0 0
-0 0 0
-0 0 0
-0 0 0
-0 0 0
-0 0 0
-0 0 0
-0.02252763 0.12521276 0.56600004
-0.017250227 0.12288991 0.55550003
-0 0 0
-0.0072499346 0.11829951 0.53475004
-0.0025599436 0.11774645 0.53225005
0.0020646467 0.11597665 0.52425003
0.0054392237 0.094849765 0.42875001
0.0081825005 0.084452242 0.38175002
0.011340938 0.083124898 0.37575001
0.014355469 0.081576325 0.36875001
0.017366724 0.080580823 0.36425
0.020482633 0.080304287 0.36300001
0.023837367 0.080912657 0.36575001
0.028774094 0.086111419 0.38925001
0.03246858 0.086885706 0.39275002
0.035401538 0.085668974 0.38725001
0.038638934 0.08533714 0.38575003
0.040951546 0.083180204 0.37600002
0.043976039 0.082682453 0.37375003
0.046645135 0.081631638 0.36900002
0.049433868 0.080912657 0.36575001
0.051949881 0.07986185 0.36100003
0.055260543 0.080083072 0.36200002
0.058830805 0.080636129 0.36450002
0.062189579 0.080857351 0.3655
0.065342233 0.080802046 0.36525002
0.068021394 0.080193676 0.36250001
0.070505157 0.079419397 0.35900003
0.072927676 0.07864511 0.35550001
0.075182013 0.077760212 0.3515
0.077755988 0.077262461 0.34925002
0.080290586 0.076764703 0.347
0.083085999 0.076543488 0.34600002
0.085801683 0.076266952 0.34475002
0.087980248 0.075547978 0.34150001
0.09050151 0.075160839 0.33975002
0.09264826 0.074497171 0.33675003
0.094742507 0.073833488 0.33375001
0.097369522 0.073612273 0.33275002
0.10020505 0.07355696 0.33250001
0.10388904 0.074110024 0.33500001
0.10745732 0.074552469 0.33700001
0.11122442 0.075105526 0.33950001
0.11495116 0.075603284 0.34175003
0.11845843 0.075935118 0.34325001
0.12199195 0.076266952 0.34475002
0.12546107 0.076543488 0.34600002
0.1281165 0.076322265 0.34500003
0.13018431 0.075769208 0.34250003
0.13172229 0.074939609 0.33875
0.13329408 0.074165329 0.33525002
0.13449986 0.073225126 0.33100003
0.13625394 0.072616763 0.32825002
0.13626452 0.071123496 0.3215
0.13842812 0.070791662 0.32000002
0.14067578 0.070515133 0.31875002
0.1429016 0.070238605 0.31750003
0.14499082 0.069906764 0.31600001
0.14682001 0.069464318 0.31400001
0.14885236 0.069132477 0.3125
0.15061596 0.068690039 0.31050003
0.15259145 0.068358198 0.30900002
0.15416379 0.067860447 0.30675003
0.15595241 0.0674733 0.30500001
0.15719037 0.066864938 0.30225003
0.15851238 0.066311873 0.29975
0.15992506 0.065814123 0.29750001
0.1617081 0.065482289 0.296
0.16332616 0.065095149 0.29425001
0.16463168 0.064597398 0.29200003
0.1661841 0.064210251 0.29025
0.16726993 0.063657187 0.28775001
0.1689021 0.06332536 0.28625003
0.17020859 0.062882908 0.28425002
0.1713282 0.062385149 0.28200001
0.17256252 0.061942704 0.28
0.17407441 0.06161087 0.27850002
0.17492624 0.06105781 0.27600002
0.1765375 0.060781281 0.27475002
0.17812689 0.060504753 0.27350003
0.17936438 0.060117606 0.27175
0.18040407 0.059675157 0.26975
0.18107 0.059122097 0.26725
0.18237849 0.058790267 0.26575002
-0 0 0
-0 0 0
-0 0 0
-0 0 0
-0 0 0
-0 0 0
-0 0 0
-0 0 0
-0 0 0
-0 0 0
-0 0 0
-0 0 0
-0 0 0
-0 0 0
-0 0 0
-0 0 0
-0 0 0
-0 0 0
-0 0 0
-0 0 0
-0 0 0
-0 0 0
-0 0 0
-0 0 0
-0 0 0
-0 0 0
-0 0 0
-0 0 0
-0 0 0
-0 0 0
-0 0 0
-0 0 0
-0 0 0
-0 0 0
-0 0 0
-0 0 0
-0 0 0
-0 0 0
-0 0 0
-0 0 0
-0 0 0
-0 0 0
-0 0 0
-0 0 0
-0 0 0
-0 0 0
-0 0 0
-0 0 0
-0 0 0
-0 0 0
-0 0 0
-0 0 0
-0 0 0
-0 0 0
-0 0 0
-0 0 0
-0 0 0
-0 0 0
-0 0 0
-0 0 0
-0 0 0
-0 0 0
-0 0 0
-0 0 0
-0 0 0
-0 0 0
-0 0 0
-0 0 0
-0 0 0
-0 0 0
-0 0 0
-0 0 0
-0 0 0
-0 0 0
-0 0 0
-0 0 0
-0 0 0
-0 0 0
-0 0 0
-0.0072872178 0.12360628 0.53750002
-0.0025719679 0.12297388 0.53475004
0.0020902455 0.12205402 0.53075004
0.0066444161 0.12044426 0.52375001
0.008916622 0.095665507 0.41600001
0.011484303 0.087501749 0.38050002
0.014501458 0.08566203 0.37250003
0.017581275 0.084799655 0.36875001
0.02077887 0.084684677 0.36825001
0.025173433 0.088824049 0.38625002
0.029716598 0.092445999 0.40200001
0.033088602 0.092043564 0.40025002
0.035881482 0.090261333 0.39250001
0.038739096 0.088939033 0.38675001
0.041577801 0.087789208 0.38175002
0.044476099 0.08692684 0.37800002
0.047150776 0.085777014 0.37300003
0.049737975 0.084627189 0.36800003
0.052165736 0.083362378 0.36250001
0.055222377 0.083189897 0.36175001
0.058709752 0.083649829 0.36375001
0.062104505 0.083937287 0.36500001
0.065386958 0.084052272 0.3655
0.068255953 0.083649829 0.36375001
0.070603348 0.082672484 0.35950002
0.073286667 0.082155056 0.35725001
0.075342432 0.081005231 0.35225001
0.077922963 0.08048781 0.35000002
0.080464125 0.07997039 0.34775001
0.083146036 0.079625443 0.34625003
0.085863911 0.079337992 0.34500003
0.088431098 0.078935541 0.34325001
0.090767883 0.078360632 0.34075001
0.092992164 0.077728234 0.33800003
0.095381223 0.077268302 0.33600003
0.097735293 0.076808371 0.33400002
0.1002804 0.076520912 0.33275002
0.10388904 0.077038333 0.33500001
0.10745732 0.077498265 0.33700001
0.11155204 0.078303143 0.34050003
0.11503525 0.07864809 0.34200001
0.11828589 0.078820564 0.34275001
0.12199195 0.079280496 0.34475002
0.12564237 0.079682931 0.34650001
0.12848786 0.079567954 0.34600002
0.13046937 0.078935541 0.34325001
0.13191672 0.078015685 0.33925003
0.13379107 0.07738328 0.33650002
0.1341951 0.075946003 0.33025002
0.13563129 0.075141117 0.32675001
0.13647644 0.074048787 0.32200003
0.13896886 0.073876314 0.32125002
0.14133778 0.073646344 0.32025
0.14335167 0.073243909 0.31850001
0.14533494 0.072841473 0.31675002
0.14717069 0.072381541 0.31475002
0.14909054 0.071979105 0.31300002
0.15110104 0.071634151 0.31150001
0.15308528 0.071289204 0.31
0.15466636 0.070771784 0.30775002
0.15620805 0.070254356 0.3055
0.15745039 0.069621958 0.30275002
0.15877679 0.069047049 0.30025002
0.16046262 0.068644606 0.2985
0.16198127 0.068184681 0.29650003
0.16374245 0.067839727 0.29500002
0.16491358 0.067264818 0.29250002
0.16647038 0.066862375 0.29075003
0.16799656 0.066459931 0.289
0.1689021 0.065827534 0.28625003
0.17020859 0.065367602 0.28425002
0.17178386 0.065022655 0.28275001
0.17302476 0.064562723 0.28075001
0.17469946 0.064275265 0.27950001
0.17540157 0.063642859 0.27675
0.17685877 0.063297912 0.27525002
0.17845252 0.063010462 0.27400002
0.18002443 0.062723003 0.27275002
0.18090566 0.062205579 0.2705
0.1812394 0.061515685 0.26750001
0.18272161 0.061228227 0.26625001
-0 0 0
-0 0 0
-0 0 0
-0 0 0
-0 0 0
-0 0 0
-0 0 0
-0 0 0
-0 0 0
-0 0 0
-0 0 0
-0 0 0
-0 0 0
-0 0 0
-0 0 0
-0 0 0
-0 0 0
-0 0 0
-0 0 0
-0 0 0
-0 0 0
-0 0 0
-0 0 0
-0 0 0
-0 0 0
-0 0 0
-0 0 0
-0 0 0
-0 0 0
-0 0 0
-0 0 0
-0 0 0
-0 0 0
-0 0 0
-0 0 0
-0 0 0
-0 0 0
-0 0 0
-0 0 0
-0 0 0
-0 0 0
-0 0 0
-0 0 0
-0 0 0
-0 0 0
-0 0 0
-0 0 0
-0 0 0
-0 0 0
-0 0 0
-0 0 0
-0 0 0
-0 0 0
-0 0 0
-0 0 0
-0 0 0
-0 0 0
-0 0 0
-0 0 0
-0 0 0
-0 0 0
-0 0 0
-0 0 0
-0 0 0
-0 0 0
-0 0 0
-0 0 0
-0 0 0
-0 0 0
-0 0 0
-0 0 0
-0 0 0
-0 0 0
-0 0 0
-0 0 0
-0 0 0
-0 0 0
-0 0 0
-0 0 0
-0.0073482273 0.12937889 0.54200006
-0.002596016 0.12884179 0.53975004
0.0020981219 0.12717083 0.53275001
0.006666617 0.12544021 0.5255
0.011167211 0.12436604 0.52100003
0.011952126 0.094527736 0.39600003
0.015085408 0.092498735 0.38750002
0.018332206 0.091782615 0.38450003
0.022161307 0.093751945 0.39275002
0.026949421 0.098705098 0.41350001
0.03019709 0.097511567 0.40850002
0.033191938 0.095840618 0.40150002
0.036110025 0.094289027 0.39500001
0.039164804 0.093334205 0.39100003
0.042040683 0.092140667 0.38600001
0.044887915 0.091066495 0.38150001
0.0474668 0.089634255 0.37550002
0.050244812 0.088739112 0.37175003
0.052777339 0.087545581 0.36675003
0.055489525 0.086769782 0.36350003
0.058790453 0.086948805 0.36425
0.062104505 0.087127835 0.36500001
0.065431684 0.087306865 0.36575001
0.068443604 0.087068163 0.36475003
0.070799738 0.086053655 0.36050001
0.073286667 0.085277863 0.35725001
0.075663269 0.084442392 0.35375002
0.078089945 0.083726272 0.35075003
0.080637671 0.083189182 0.34850001
0.083206065 0.082711771 0.34650001
0.085926123 0.082413383 0.34525001
0.088559918 0.08205533 0.34375003
0.090834484 0.081398882 0.34100002
0.092992164 0.080682769 0.33800003
0.095381223 0.080205351 0.33600003
0.097808443 0.079787612 0.33425
0.10043108 0.07954891 0.33325002
0.10365645 0.079787612 0.33425
0.10761676 0.080563411 0.33750001
0.11171585 0.081398882 0.34100002
0.11503525 0.081637591 0.34200001
0.11837216 0.0818763 0.34300002
0.12181503 0.082174681 0.34425002
0.12546107 0.082592413 0.34600002
0.1285807 0.082652099 0.34625003
0.13065943 0.08205533 0.34375003
0.13211113 0.081100501 0.33975002
0.13408928 0.080503739 0.33725002
0.13510938 0.07936988 0.33250001
0.13573506 0.078056999 0.32700002
0.1371122 0.07722152 0.32350001
0.13940144 0.076923139 0.32225001
0.14177912 0.076684438 0.32125002
0.14380176 0.076266699 0.31950003
0.14567907 0.075789288 0.31750003
0.14775518 0.075431228 0.31600001
0.14932869 0.074834459 0.31350002
0.15146485 0.074536078 0.31225002
0.1533322 0.074118339 0.31050003
0.15491764 0.073581249 0.30825001
0.15671939 0.073163517 0.30650002
0.15758041 0.072328039 0.303
0.1590412 0.071790956 0.30075002
0.16100019 0.071492568 0.29950002
0.16266416 0.071074836 0.29775003
0.16429751 0.070657097 0.296
0.16547738 0.070060328 0.29350001
0.1666135 0.069463566 0.29100001
0.16770591 0.068866797 0.28850001
0.1689021 0.068329714 0.28625003
0.17065769 0.068031326 0.28500003
0.17223953 0.067673266 0.28350002
0.17364106 0.067255534 0.28175002
0.17516823 0.066897467 0.28025001
0.17587692 0.066241026 0.2775
0.17685877 0.065703936 0.27525002
0.17845252 0.065405555 0.27400002
0.18002443 0.065107174 0.27275002
0.18057127 0.064450726 0.27000001
0.18140878 0.063913643 0.26775002
0.18272161 0.063555583 0.26625001
-0 0 0
-0 0 0
-0 0 0
-0 0 0
-0 0 0
-0 0 0
-0 0 0
-0 0 0
-0 0 0
-0 0 0
-0 0 0
-0 0 0
-0 0 0
-0 0 0
-0 0 0
-0 0 0
-0 0 0
-0 0 0
-0 0 0
-0 0 0
-0 0 0
-0 0 0
-0 0 0
-0 0 0
-0 0 0
-0 0 0
-0 0 0
-0 0 0
-0 0 0
-0 0 0
-0 0 0
-0 0 0
-0 0 0
-0 0 0
-0 0 0
-0 0 0
-0 0 0
-0 0 0
-0 0 0
-0 0 0
-0 0 0
-0 0 0
-0 0 0
-0 0 0
-0 0 0
-0 0 0
-0 0 0
-0 0 0
-0 0 0
-0 0 0
-0 0 0
-0 0 0
-0 0 0
-0 0 0
-0 0 0
-0 0 0
-0 0 0
-0 0 0
-0 0 0
-0 0 0
-0 0 0
-0 0 0
-0 0 0
-0 0 0
-0 0 0
-0 0 0
-0 0 0
-0 0 0
-0 0 0
-0 0 0
-0 0 0
-0 0 0
-0 0 0
-0 0 0
-0 0 0
-0 0 0
-0 0 0
-0 0 0
-0 0 0
-0.0073685632 0.13448779 0.54350001
-0.0025936111 0.13343613 0.53925002
0.0020941838 0.13158028 0.53175002
0.00669199 0.13052863 0.52750003
0.011140418 0.12861091 0.51975
0.013838509 0.11345474 0.45850003
0.017353086 0.11029979 0.44575003
0.020239327 0.10504152 0.42450002
0.023811767 0.1044229 0.42200002
0.027210118 0.10330939 0.41750002
0.030455817 0.10194843 0.41200003
0.033501949 0.10027815 0.40525001
0.036589969 0.099040918 0.40025002
0.039440259 0.097432502 0.39375001
0.042476337 0.096504577 0.39000002
0.045240901 0.095143616 0.38450003
0.047656409 0.093287759 0.377
0.050481338 0.092421696 0.37350002
0.053029172 0.091184452 0.36850002
0.055909317 0.090627693 0.36625001
0.058871157 0.090256527 0.36475003
0.062189579 0.090442106 0.3655
0.06547641 0.090565838 0.36600003
0.068443604 0.090256527 0.36475003
0.070897944 0.089328602 0.36100003
0.073491812 0.088648118 0.35825002
0.07544937 0.08728715 0.35275
0.078201264 0.086915985 0.35125002
0.08081121 0.086421087 0.34925002
0.083146036 0.085678749 0.34625003
0.085863911 0.085369438 0.34500003
0.088559918 0.085060127 0.34375003
0.090901069 0.084441505 0.34125
0.093336076 0.083946615 0.33925003
0.09559413 0.083327994 0.33675003
0.098101072 0.082956821 0.33525002
0.10058176 0.082585648 0.33375001
0.10381152 0.082833096 0.33475003
0.10785591 0.083699159 0.33825001
0.11147013 0.084194057 0.34025002
0.11486707 0.084503368 0.34150001
0.11837216 0.084874541 0.34300002
0.12190349 0.085245706 0.34450001
0.12564237 0.085740604 0.34650001
0.12876637 0.085802466 0.34675002
0.13094449 0.085245706 0.34450001
0.13259719 0.084379643 0.34100002
0.13398987 0.083389856 0.33700001
0.1350078 0.082214482 0.33225003
0.13594261 0.081039101 0.32750002
0.13774796 0.080420479 0.32500002
0.13983403 0.079987451 0.32325003
0.1419998 0.079616278 0.32175002
0.14413932 0.079245105 0.32025
0.14613789 0.07881207 0.31850001
0.14833964 0.078502759 0.31725001
0.14956686 0.077698559 0.31400001
0.1515861 0.077327386 0.3125
0.1535791 0.076956213 0.31100002
0.15529457 0.076461323 0.30900002
0.15697505 0.075966425 0.30700001
0.15849054 0.075409673 0.30475003
0.15996662 0.074852906 0.30250001
0.16153775 0.074358016 0.30050001
0.16266416 0.07367754 0.29775003
0.16429751 0.073244497 0.296
0.16505452 0.072440289 0.29275
0.16675666 0.072069123 0.29125002
0.16799656 0.071512364 0.289
0.1689021 0.070831887 0.28625003
0.17095709 0.070646301 0.28550002
0.17223953 0.070151404 0.28350002
0.17379512 0.069780231 0.28200001
0.17516823 0.069347203 0.28025001
0.17619382 0.068790443 0.27800003
0.17685877 0.068109967 0.27525002
0.17861533 0.067862511 0.27425
0.18018943 0.0675532 0.273
0.18090566 0.066934586 0.2705
0.1822557 0.06656342 0.26900002
0.1839226 0.066315964 0.26800001
-0 0 0
-0 0 0
-0 0 0
-0 0 0
-0 0 0
-0 0 0
-0 0 0
-0 0 0
-0 0 0
-0 0 0
-0 0 0
-0 0 0
-0 0 0
-0 0 0
-0 0 0
-0 0 0
-0 0 0
-0 0 0
-0 0 0
-0 0 0
-0 0 0
-0 0 0
-0 0 0
-0 0 0
-0 0 0
-0 0 0
-0 0 0
-0 0 0
-0 0 0
-0 0 0
-0 0 0
-0 0 0
-0 0 0
-0 0 0
-0 0 0
-0 0 0
-0 0 0
-0 0 0
-0 0 0
-0 0 0
-0 0 0
-0 0 0
-0 0 0
-0 0 0
-0 0 0
-0 0 0
-0 0 0
-0 0 0
-0 0 0
-0 0 0
-0 0 0
-0 0 0
-0 0 0
-0 0 0
-0 0 0
-0 0 0
-0 0 0
-0 0 0
-0 0 0
-0 0 0
-0 0 0
-0 0 0
-0 0 0
-0 0 0
-0 0 0
-0 0 0
-0 0 0
-0 0 0
-0 0 0
-0 0 0
-0 0 0
-0 0 0
-0 0 0
-0 0 0
-0 0 0
-0 0 0
-0 0 0
-0 0 0
-0 0 0
-0.0074024573 0.13987912 0.546
-0.0025900039 0.13795771 0.53850001
0.0021109213 0.13731724 0.53600001
0.0066951611 0.13520367 0.52775002
0.011129702 0.13302608 0.51925004
0.014623244 0.12412351 0.48450002
0.017820247 0.11727046 0.45775002
0.021002175 0.1128512 0.44050002
0.024009258 0.10900836 0.42550001
0.027503401 0.10811171 0.42200002
0.030788466 0.10670267 0.41650003
0.033791296 0.10471721 0.40875003
0.036932785 0.10350031 0.40400001
0.040066294 0.10247555 0.40000001
0.042830307 0.10074627 0.39325002
0.045564469 0.099209145 0.38725001
0.048414871 0.098120339 0.38300002
0.050954387 0.096583202 0.377
0.053316984 0.094917983 0.37050003
0.056176465 0.094277509 0.36800003
0.059032556 0.093701079 0.36575001
0.062232118 0.093701079 0.36575001
0.065431684 0.093701079 0.36575001
0.068349771 0.093316793 0.36425
0.071143433 0.092804424 0.36225003
0.073850811 0.092227995 0.36000001
0.075609788 0.090562768 0.35350001
0.078201264 0.089986347 0.35125002
0.080695517 0.089345872 0.34875003
0.08338616 0.088961586 0.34725001
0.08598835 0.088513263 0.34550002
0.088688731 0.088193022 0.34425002
0.091100857 0.087616593 0.34200001
0.093404852 0.086976126 0.33950001
0.095736064 0.086399704 0.33725002
0.098174222 0.085951366 0.3355
0.10065711 0.085567087 0.33400002
0.10357893 0.085567087 0.33400002
0.10761676 0.086463742 0.33750001
0.11122442 0.086976126 0.33950001
0.11495116 0.087552555 0.34175003
0.11819962 0.087744698 0.34250003
0.12190349 0.088257067 0.34450001
0.12600498 0.089025639 0.34750003
0.12904489 0.089025639 0.34750003
0.13113455 0.088385165 0.34500003
0.13269441 0.08742445 0.34125
0.13418867 0.086463742 0.33750001
0.13409351 0.084542327 0.33000001
0.13615015 0.08402995 0.32800001
0.13806584 0.083453529 0.32575002
0.14059106 0.083261386 0.32500002
0.1426618 0.082813062 0.32325003
0.14470193 0.082364723 0.3215
0.14682615 0.081980444 0.32000002
0.14892411 0.081596158 0.31850001
0.1500432 0.080699503 0.31500003
0.15207119 0.080315217 0.31350002
0.15382601 0.079802833 0.31150001
0.15554586 0.079290457 0.30950001
0.15710288 0.078714035 0.30725002
0.15888058 0.078265697 0.3055
0.16036324 0.077689275 0.30325001
0.16194092 0.077176899 0.30125001
0.16280073 0.076344281 0.29800001
0.16457506 0.07596001 0.29650003
0.16533643 0.075127393 0.29325002
0.16718608 0.07480716 0.29200003
0.16770591 0.07391049 0.28850001
0.16919711 0.073462166 0.28675002
0.17110679 0.07320597 0.28575
0.17239143 0.072693601 0.28375003
0.17364106 0.072181217 0.28175002
0.17501196 0.071732886 0.28
0.17635226 0.071284555 0.27825001
0.17750129 0.070772178 0.27625
0.17926663 0.07051599 0.27525002
0.18084948 0.070195757 0.27400002
0.18140726 0.06949123 0.27125001
0.18259446 0.069042906 0.26950002
0.1839226 0.06865862 0.26800001
-0 0 0
-0 0 0
-0 0 0
-0 0 0
-0 0 0
-0 0 0
-0 0 0
-0 0 0
-0 0 0
-0 0 0
-0 0 0
-0 0 0
-0 0 0
-0 0 0
-0 0 0
-0 0 0
-0 0 0
-0 0 0
-0 0 0
-0 0 0
-0 0 0
-0 0 0
-0 0 0
-0 0 0
-0 0 0
-0 0 0
-0 0 0
-0 0 0
-0 0 0
-0 0 0
-0 0 0
-0 0 0
-0 0 0
-0 0 0
-0 0 0
-0 0 0
-0 0 0
-0 0 0
-0 0 0
-0 0 0
-0 0 0
-0 0 0
-0 0 0
-0 0 0
-0 0 0
-0 0 0
-0 0 0
-0 0 0
-0 0 0
-0 0 0
-0 0 0
-0 0 0
-0 0 0
-0 0 0
-0 0 0
-0 0 0
-0 0 0
-0 0 0
-0 0 0
-0 0 0
-0 0 0
-0 0 0
-0 0 0
-0 0 0
-0 0 0
-0 0 0
-0 0 0
-0 0 0
-0 0 0
-0 0 0
-0 0 0
-0 0 0
-0 0 0
-0 0 0
-0 0 0
-0 0 0
-0 0 0
-0 0 0
-0 0 0
-0.0074431305 0.14544663 0.54900002
-0.0025984207 0.14312848 0.54025
0.002120767 0.14266486 0.53850001
0.0067205341 0.14034674 0.52975005
0.011236873 0.13888961 0.52425003
0.015619256 0.13710134 0.51750004
0.019620763 0.13352478 0.50400001
0.023219204 0.12902096 0.48700002
0.026435575 0.12411976 0.46850002
0.028513597 0.11590692 0.43750003
0.031435281 0.11266153 0.42525002
0.034493987 0.11054209 0.41725001
0.037207037 0.10782655 0.40700001
0.040466957 0.10703176 0.40400001
0.043347649 0.10544219 0.39800003
0.046123363 0.10385261 0.39200002
0.048983712 0.10266042 0.38750002
0.051663965 0.10126954 0.38225001
0.05410846 0.099613719 0.37600002
0.05671075 0.098421536 0.37150002
0.059395712 0.097494282 0.36800003
0.062317193 0.097030655 0.36625001
0.065521128 0.097030655 0.36625001
0.068443604 0.096633263 0.36475003
0.071290724 0.096169628 0.36300001
0.073902093 0.095441073 0.36025003
0.076144516 0.094315119 0.35600001
0.078368239 0.093255401 0.35200003
0.080984749 0.092725538 0.35000002
0.083806396 0.09246061 0.34900001
0.086361669 0.091930747 0.347
0.088753134 0.09126842 0.34450001
0.091300637 0.090804793 0.34275001
0.093542412 0.090076238 0.34
0.096090905 0.089678846 0.33850002
0.098320536 0.089016519 0.33600003
0.10073245 0.088552885 0.33425
0.10350139 0.088420421 0.33375001
0.1072979 0.089148983 0.33650002
0.11138823 0.090076238 0.34
0.11528752 0.090804793 0.34275001
0.11811333 0.090672329 0.34225002
0.12216888 0.09146712 0.34525001
0.12627693 0.09226191 0.34825
0.12923056 0.092195682 0.34800002
0.13141963 0.091599584 0.34575
0.13269441 0.090407394 0.34125
0.13379107 0.089148983 0.33650002
0.1341951 0.087493174 0.33025002
0.13666902 0.087228239 0.32925001
0.13901947 0.086897075 0.32800001
0.14145623 0.086632147 0.32700002
0.14376514 0.086300984 0.32575002
0.14503948 0.085373729 0.32225001
0.14717028 0.084976338 0.32075003
0.14939171 0.084645174 0.31950003
0.15111493 0.084049076 0.31725001
0.15255626 0.083320521 0.3145
0.15407293 0.082658194 0.31200001
0.15579714 0.082128331 0.31
0.15710288 0.081399776 0.30725002
0.15888058 0.080936149 0.3055
0.16036324 0.080340058 0.30325001
0.16180654 0.079743966 0.30100003
0.16293731 0.079015404 0.29825002
0.16485257 0.078684248 0.29700002
0.16618213 0.078088149 0.29475001
0.16747235 0.077492058 0.29250002
0.16886851 0.076962195 0.29050002
0.17008218 0.076366104 0.28825
0.17155588 0.075902477 0.28650001
0.17284706 0.075372614 0.2845
0.17379512 0.074710287 0.28200001
0.1753245 0.074312903 0.28050002
0.17666915 0.073849268 0.27875
0.17782256 0.073319405 0.27675
0.17942944 0.072988242 0.2755
0.18051946 0.072458386 0.27350003
0.18157445 0.071928531 0.27150002
0.18242507 0.071332432 0.26925001
0.18357946 0.070868805 0.26750001
-0 0 0
-0 0 0
-0 0 0
-0 0 0
-0 0 0
-0 0 0
-0 0 0
-0 0 0
-0 0 0
-0 0 0
-0 0 0
-0 0 0
-0 0 0
-0 0 0
-0 0 0
-0 0 0
-0 0 0
-0 0 0
-0 0 0
-0 0 0
-0 0 0
-0 0 0
-0 0 0
-0 0 0
-0 0 0
-0 0 0
-0 0 0
-0 0 0
-0 0 0
-0 0 0
-0 0 0
-0 0 0
-0 0 0
-0 0 0
-0 0 0
-0 0 0
-0 0 0
-0 0 0
-0 0 0
-0 0 0
-0 0 0
-0 0 0
-0 0 0
-0 0 0
-0 0 0
-0 0 0
-0 0 0
-0 0 0
-0 0 0
-0 0 0
-0 0 0
-0 0 0
-0 0 0
-0 0 0
-0 0 0
-0 0 0
-0 0 0
-0 0 0
-0 0 0
-0 0 0
-0 0 0
-0 0 0
-0 0 0
-0 0 0
-0 0 0
-0 0 0
-0 0 0
-0 0 0
-0 0 0
-0 0 0
-0 0 0
-0 0 0
-0 0 0
-0 0 0
-0 0 0
-0 0 0
-0 0 0
-0 0 0
-0 0 0
-0 0 0
-0 0 0
0 0 0
0.0067585921 0.1457984 0.53275001
0.011333326 0.14470372 0.52875
0.015604164 0.14148808 0.51700002
0.019893276 0.13984606 0.51100004
0.024017811 0.13786194 0.50375003
0.028015502 0.13587782 0.49650002
0.031755999 0.13334636 0.48725003
0.034872647 0.12910445 0.47175002
0.036808744 0.12185217 0.44525003
0.038692579 0.1158314 0.42325002
0.040742412 0.11131582 0.40675002
0.04383776 0.11015272 0.40250003
0.046505764 0.1081686 0.39525002
0.049457747 0.10707391 0.39125001
0.052238386 0.10577398 0.38650003
0.054756038 0.10413194 0.38050002
0.057245038 0.10262676 0.37500003
0.060041312 0.10180574 0.37200001
0.062614955 0.10071106 0.36800003
0.065789476 0.10064264 0.36775002
0.068725064 0.10023212 0.36625001
0.071388923 0.099479534 0.36350003
0.073902093 0.098590106 0.36025003
0.076251462 0.09756384 0.35650003
0.078813508 0.096879654 0.354
0.081100442 0.095921807 0.35050002
0.083866432 0.095579714 0.34925002
0.086548328 0.095169209 0.34775001
0.088946357 0.09448503 0.34525001
0.091567017 0.094074525 0.34375003
0.09381754 0.093321927 0.34100002
0.096303806 0.092843004 0.33925003
0.098540008 0.092158832 0.33675003
0.10073245 0.091474645 0.33425
0.10334634 0.091200978 0.33325002
0.10713847 0.091953576 0.33600003
0.11138823 0.093048252 0.34
0.11486707 0.093458764 0.34150001
0.11811333 0.09366402 0.34225002
0.12199195 0.094348192 0.34475002
0.12546107 0.094690286 0.34600002
0.12960191 0.095511295 0.34900001
0.1317047 0.094827116 0.34650001
0.13249998 0.093253508 0.34075001
0.13369167 0.092021987 0.33625001
0.1349062 0.090858884 0.33200002
0.13749921 0.090653628 0.33125001
0.13997313 0.090379961 0.33025002
0.14221326 0.089969456 0.32875001
0.14387546 0.089216858 0.32600001
0.14582713 0.088669509 0.324
0.1476291 0.088053755 0.32175002
0.14939171 0.087437995 0.31950003
0.15135309 0.086959064 0.31775001
0.15267754 0.086138055 0.31475002
0.15431984 0.085522294 0.3125
0.15604843 0.084974952 0.31050003
0.15748636 0.08429078 0.30800003
0.15901059 0.083675012 0.30575001
0.16062765 0.08312767 0.30375001
0.16207531 0.082511909 0.30150002
0.1636202 0.081964567 0.29950002
0.16499133 0.081348807 0.29725
0.166605 0.080869883 0.29550001
0.16775863 0.080185704 0.29300001
0.16915916 0.079638362 0.29100001
0.17067224 0.079159439 0.28925002
0.17170559 0.078475259 0.28675002
0.17284706 0.077859491 0.2845
0.17425734 0.077380568 0.28275001
0.17594954 0.077038482 0.28150001
0.17698607 0.076422729 0.27925003
0.17814384 0.075875379 0.27725002
0.17975511 0.075533293 0.27600002
0.18051946 0.074849114 0.27350003
0.18190885 0.074438609 0.27200001
0.18276383 0.073822841 0.26975
0.1839226 0.073343918 0.26800001
-0 0 0
-0 0 0
-0 0 0
-0 0 0
-0 0 0
-0 0 0
-0 0 0
-0 0 0
-0 0 0
-0 0 0
-0 0 0
-0 0 0
-0 0 0
-0 0 0
-0 0 0
-0 0 0
-0 0 0
-0 0 0
-0 0 0
-0 0 0
-0 0 0
-0 0 0
-0 0 0
-0 0 0
-0 0 0
-0 0 0
-0 0 0
-0 0 0
-0 0 0
-0 0 0
-0 0 0
-0 0 0
-0 0 0
-0 0 0
-0 0 0
-0 0 0
-0 0 0
-0 0 0
-0 0 0
-0 0 0
-0 0 0
-0 0 0
-0 0 0
-0 0 0
-0 0 0
-0 0 0
-0 0 0
-0 0 0
-0 0 0
-0 0 0
-0 0 0
-0 0 0
-0 0 0
-0 0 0
-0 0 0
-0 0 0
-0 0 0
-0 0 0
-0 0 0
-0 0 0
-0 0 0
-0 0 0
-0 0 0
-0 0 0
-0 0 0
-0 0 0
-0 0 0
-0 0 0
-0 0 0
-0 0 0
-0 0 0
-0 0 0
-0 0 0
-0 0 0
-0 0 0
-0 0 0
-0 0 0
-0 0 0
-0 0 0
-0 0 0
-0 0 0
0 0 0
0.0067871367 0.15109073 0.53500003
0.011344044 0.14946686 0.52925003
0 0 0
0.019922473 0.14452463 0.51175004
0.02405357 0.14247714 0.50450003
0.028212992 0.14120628 0.5
0.031935226 0.13838215 0.49000001
0.036073882 0.13781734 0.48800004
0.039764192 0.13584045 0.48100004
0.043149196 0.13329874 0.47200003
0.045324996 0.12779169 0.45250002
0.046805657 0.12136681 0.42975003
0.04759413 0.11423589 0.40450001
0.050089795 0.11190598 0.39625001
0.052981753 0.11070573 0.39200002
0.055475563 0.10887004 0.38550001
0.057855651 0.10703436 0.37900001
0.060444817 0.1057635 0.37450001
0.063082866 0.10470446 0.37075001
0.065878928 0.10399843 0.36825001
0.068959624 0.10378662 0.36750001
0.071585312 0.10293938 0.36450002
0.074261092 0.10223335 0.36200002
0.076572292 0.1011037 0.35800001
0.078924835 0.10011526 0.35450003
0.081389673 0.099338621 0.35175002
0.083926469 0.098703198 0.34950003
0.086859427 0.098561987 0.34900001
0.08907517 0.097644143 0.34575
0.091766797 0.097291127 0.34450001
0.094367787 0.096867517 0.34300002
0.096374772 0.095879063 0.33950001
0.098905779 0.095455453 0.33800003
0.10080779 0.094467007 0.33450001
0.1032688 0.094043382 0.333
0.1072979 0.095031828 0.33650002
0.11138823 0.096020274 0.34
0.11495116 0.096514501 0.34175003
0.11854472 0.09700872 0.34350002
0.12208042 0.097432338 0.34500003
0.12509847 0.097432338 0.34500003
0.12969474 0.098632589 0.34925002
0.1317047 0.097855955 0.34650001
0.13269441 0.09637329 0.34125
0.13369167 0.094961226 0.33625001
0.13541414 0.094113991 0.33325002
0.13812184 0.093972787 0.33275002
0.14060888 0.093690366 0.33175001
0.14264584 0.093125544 0.32975
0.14431681 0.092348911 0.32700002
0.1461647 0.091713481 0.32475001
0.14866146 0.091501668 0.324
0.14985928 0.090513229 0.32050002
0.15159126 0.089877799 0.31825
0.1527988 0.088959962 0.31500003
0.15444329 0.088324532 0.31275001
0.15629971 0.087830313 0.31100002
0.15799768 0.087265484 0.30900002
0.15927063 0.08648885 0.30625001
0.16102426 0.085994631 0.30450001
0.1623441 0.085288599 0.30200002
0.16389334 0.084723771 0.30000001
0.16513009 0.084017739 0.29750001
0.166605 0.083452918 0.29550001
0.16761547 0.082676277 0.29275
0.16915916 0.082182057 0.29100001
0.17081976 0.081758447 0.28950003
0.17185527 0.081052408 0.287
0.17299896 0.080416977 0.28475001
0.17471957 0.080063961 0.28350002
0.17626205 0.079640344 0.28200001
0.1771445 0.078934312 0.27950001
0.17862575 0.078510702 0.27800003
0.18008074 0.078087077 0.27650002
0.18117949 0.077522248 0.27450001
0.18224323 0.076957427 0.27250001
0.18378013 0.076604411 0.27125001
0.18478045 0.076039582 0.26925001
-0 0 0
-0 0 0
-0 0 0
-0 0 0
-0 0 0
-0 0 0
-0 0 0
-0 0 0
-0 0 0
-0 0 0
-0 0 0
-0 0 0
-0 0 0
-0 0 0
-0 0 0
-0 0 0
-0 0 0
-0 0 0
-0 0 0
-0 0 0
-0 0 0
-0 0 0
-0 0 0
-0 0 0
-0 0 0
-0 0 0
-0 0 0
-0 0 0
-0 0 0
-0 0 0
-0 0 0
-0 0 0
-0 0 0
-0 0 0
-0 0 0
-0 0 0
-0 0 0
-0 0 0
-0 0 0
-0 0 0
-0 0 0
-0 0 0
-0 0 0
-0 0 0
-0 0 0
-0 0 0
-0 0 0
-0 0 0
-0 0 0
-0 0 0
-0 0 0
-0 0 0
-0 0 0
-0 0 0
-0 0 0
-0 0 0
-0 0 0
-0 0 0
-0 0 0
-0 0 0
-0 0 0
-0 0 0
-0 0 0
-0 0 0
-0 0 0
-0 0 0
-0 0 0
-0 0 0
-0 0 0
-0 0 0
-0 0 0
-0 0 0
-0 0 0
-0 0 0
-0 0 0
-0 0 0
-0 0 0
-0 0 0
-0 0 0
-0 0 0
-0 0 0
0 0 0
0.0067934799 0.15591286 0.53550005
0.01127974 0.15321968 0.52625
0.015694711 0.15139998 0.52000004
0.02003926 0.14987141 0.51475
0.024125088 0.14732383 0.50600004
0.028396377 0.14652315 0.50325
0.032195922 0.14382997 0.49400002
0.036166284 0.14244699 0.48925003
0.039867528 0.14040892 0.48225003
0.043651994 0.13902594 0.47750002
0.047228143 0.13727902 0.47150001
0.050427038 0.13480422 0.46300003
0.05365371 0.13276614 0.45600003
0.055399001 0.12759815 0.43825004
0.056157954 0.12097441 0.41550002
0.057058524 0.11544248 0.39650002
0.058618914 0.11180305 0.384
0.060969371 0.10998335 0.37775001
0.063550778 0.10874595 0.37350002
0.065923654 0.10729018 0.36850002
0.069006532 0.10707181 0.36775002
0.072027206 0.10678066 0.36675003
0.074261092 0.10539768 0.36200002
0.076625764 0.10430585 0.35825002
0.078980491 0.10328681 0.35475001
0.081505358 0.10255893 0.35225001
0.084046528 0.10190383 0.35000002
0.086921655 0.10168546 0.34925002
0.089397207 0.10103036 0.347
0.091766797 0.10030248 0.34450001
0.094230227 0.09972018 0.34250003
0.096658647 0.099137872 0.34050003
0.098978929 0.098482773 0.33825001
0.10088313 0.097463742 0.33475003
0.10350139 0.097172581 0.33375001
0.10713847 0.09782768 0.33600003
0.11155204 0.099137872 0.34050003
0.11486707 0.099429026 0.34150001
0.11819962 0.09972018 0.34250003
0.12225734 0.10059364 0.34550002
0.12582366 0.10103036 0.347
0.12932339 0.10139431 0.34825
0.13160968 0.10081201 0.34625003
0.13318047 0.09972018 0.34250003
0.13448687 0.098482773 0.33825001
0.13622682 0.097609311 0.33525002
0.13864072 0.097245373 0.33400002
0.14135061 0.097099796 0.33350003
0.14329472 0.096444696 0.33125001
0.14519948 0.095789604 0.32900003
0.14706486 0.095134504 0.32675001
0.14889088 0.094479412 0.32450002
0.15067755 0.093824312 0.32225001
0.15206759 0.092950851 0.31925002
0.15364769 0.092222966 0.31675002
0.15493713 0.091349512 0.31375003
0.15642536 0.09062162 0.31125
0.15825334 0.090112098 0.30950001
0.15966068 0.089384213 0.30700001
0.16128866 0.088801906 0.30500001
0.16274728 0.088146813 0.30275002
0.16402993 0.087418929 0.30025002
0.1655464 0.086836621 0.29825002
0.16716881 0.086327106 0.29650003
0.16833118 0.085599214 0.294
0.16974047 0.085016914 0.29200003
0.17081976 0.084289029 0.28950003
0.17245409 0.083852299 0.28800002
0.17345463 0.083124414 0.28550002
0.17487365 0.082614899 0.28375003
0.17610581 0.082032584 0.28175002
0.1771445 0.081377484 0.27950001
0.17878637 0.081013545 0.27825001
0.18024355 0.080576807 0.27675
0.18134451 0.079994507 0.27475002
0.18241043 0.0794122 0.27275002
0.18378013 0.078975469 0.27125001
0.18495202 0.078465953 0.26950002
-0 0 0
-0 0 0
-0 0 0
-0 0 0
-0 0 0
-0 0 0
-0 0 0
-0 0 0
-0 0 0
-0 0 0
-0 0 0
-0 0 0
-0 0 0
-0 0 0
-0 0 0
-0 0 0
-0 0 0
-0 0 0
-0 0 0
-0 0 0
-0 0 0
-0 0 0
-0 0 0
-0 0 0
-0 0 0
-0 0 0
-0 0 0
-0 0 0
-0 0 0
-0 0 0
-0 0 0
-0 0 0
-0 0 0
-0 0 0
-0 0 0
-0 0 0
-0 0 0
-0 0 0
-0 0 0
-0 0 0
-0 0 0
-0 0 0
-0 0 0
-0 0 0
-0 0 0
-0 0 0
-0 0 0
-0 0 0
-0 0 0
-0 0 0
-0 0 0
-0 0 0
-0 0 0
-0 0 0
-0 0 0
-0 0 0
-0 0 0
-0 0 0
-0 0 0
-0 0 0
-0 0 0
-0 0 0
-0 0 0
-0 0 0
-0 0 0
-0 0 0
-0 0 0
-0 0 0
-0 0 0
-0 0 0
-0 0 0
-0 0 0
-0 0 0
-0 0 0
-0 0 0
-0 0 0
-0 0 0
-0 0 0
-0 0 0
-0 0 0
-0 0 0
0 0 0
0 0 0
0.011194004 0.15662016 0.52225
0.015755074 0.15654519 0.52200001
0.020126855 0.15504572 0.51700002
0.024196604 0.15219672 0.50750005
0.028311741 0.15047233 0.50175005
0.032375153 0.14897284 0.49675003
0.036258686 0.1470985 0.49050003
0.039970867 0.14499924 0.48350003
0.043811973 0.14372468 0.47925001
0.04735335 0.14177535 0.47275001
0.050699323 0.13960113 0.46550003
0.054418508 0.13870144 0.46250004
0.057990395 0.13757683 0.45875001
0.061158784 0.13570249 0.45250002
0.063354388 0.13202877 0.44025001
0.065564647 0.12880491 0.42950001
0.065125458 0.12100764 0.40350002
0.066783614 0.11770879 0.39250001
0.066549785 0.11156094 0.37200001
0.069053449 0.11036137 0.36800003
0.072174497 0.11021141 0.36750001
0.07415852 0.10841204 0.36150002
0.07673271 0.10758733 0.35875002
0.079203129 0.10668765 0.35575002
0.081621051 0.10578796 0.35275
0.084226631 0.10518818 0.35075003
0.086859427 0.10466335 0.34900001
0.089526027 0.10421351 0.34750003
0.091966577 0.10353875 0.34525001
0.094299003 0.10278901 0.34275001
0.096729614 0.10218922 0.34075001
0.099125236 0.10158943 0.33875
0.10125984 0.10076472 0.33600003
0.10381152 0.10038985 0.33475003
0.1072979 0.10091467 0.33650002
0.11138823 0.10196429 0.34
0.11469889 0.1022642 0.34100002
0.11811333 0.10263906 0.34225002
0.12225734 0.10361373 0.34550002
0.12618628 0.10436346 0.34800002
0.12932339 0.10443843 0.34825
0.13160968 0.10383864 0.34625003
0.13288884 0.10248912 0.34175003
0.13488446 0.10173938 0.33925003
0.13693792 0.10106461 0.33700001
0.13915958 0.1005398 0.33525002
0.14166848 0.1002399 0.33425
0.14383546 0.099715084 0.33250001
0.14530981 0.098740429 0.32925001
0.14717738 0.098065667 0.32700002
0.14889088 0.09731593 0.32450002
0.15067755 0.096641161 0.32225001
0.15206759 0.095741481 0.31925002
0.15376894 0.095066711 0.317
0.15506057 0.094167031 0.31400001
0.15680228 0.093567237 0.31200001
0.15838118 0.092892475 0.30975002
0.15979069 0.092142738 0.30725002
0.16142087 0.091542952 0.30525002
0.16315044 0.09101814 0.30350003
0.1641665 0.090118445 0.30050001
0.1659627 0.089668609 0.29900002
0.16730975 0.08899384 0.29675001
0.1687606 0.088394046 0.29475001
0.16974047 0.087569341 0.29200003
0.17067224 0.086744629 0.28925002
0.17245409 0.08636976 0.28800002
0.17406216 0.085919917 0.28650001
0.17533585 0.085320123 0.2845
0.17641832 0.084645368 0.28225002
0.17746139 0.083970599 0.28
0.17894702 0.083520763 0.27850002
0.18040638 0.083070911 0.27700001
0.18150949 0.082471125 0.27500001
0.18241043 0.081796363 0.27275002
0.18327197 0.081121594 0.2705
0.18460889 0.080671757 0.26900002
-0 0 0
-0 0 0
-0 0 0
-0 0 0
-0 0 0
-0 0 0
-0 0 0
-0 0 0
-0 0 0
-0 0 0
-0 0 0
-0 0 0
-0 0 0
-0 0 0
-0 0 0
-0 0 0
-0 0 0
-0 0 0
-0 0 0
-0 0 0
-0 0 0
-0 0 0
-0 0 0
-0 0 0
-0 0 0
-0 0 0
-0 0 0
-0 0 0
-0 0 0
-0 0 0
-0 0 0
-0 0 0
-0 0 0
-0 0 0
-0 0 0
-0 0 0
-0 0 0
-0 0 0
-0 0 0
-0 0 0
-0 0 0
-0 0 0
-0 0 0
-0 0 0
-0 0 0
-0 0 0
-0 0 0
-0 0 0
-0 0 0
-0 0 0
-0 0 0
-0 0 0
-0 0 0
-0 0 0
-0 0 0
-0 0 0
-0 0 0
-0 0 0
-0 0 0
-0 0 0
-0 0 0
-0 0 0
-0 0 0
-0 0 0
-0 0 0
-0 0 0
-0 0 0
-0 0 0
-0 0 0
-0 0 0
-0 0 0
-0 0 0
-0 0 0
-0 0 0
-0 0 0
-0 0 0
-0 0 0
-0 0 0
-0 0 0
-0 0 0
-0 0 0
0 0 0
0 0 0
0 0 0
0.015732437 0.16087663 0.52125001
0.020194981 0.16010503 0.51875001
0.024399236 0.1579446 0.51175004
0 0 0
0 0 0
0.036314126 0.15161756 0.49125004
0.040115539 0.14976573 0.48525003
0.043811973 0.14791392 0.47925001
0.047403436 0.14606211 0.47325003
0.050971605 0.14444175 0.46800002
0.054683246 0.14343868 0.46475002
0.058148406 0.14197266 0.46000001
0.061530467 0.14050664 0.45525002
0.064541608 0.13842335 0.44850001
0.067472816 0.13641723 0.44200003
0.070693806 0.13518266 0.43800002
0.072441079 0.13140188 0.42575002
0.073079541 0.12607791 0.40850002
0.072431058 0.11913358 0.38600001
0.073058262 0.11481268 0.37200001
0.074722655 0.11242075 0.36425
0.076946594 0.11103188 0.35975
0.079592742 0.11033745 0.35750002
0.081678897 0.10894859 0.35300002
0.08428666 0.10833132 0.35100001
0.086859427 0.10771404 0.34900001
0.08959043 0.10732825 0.34775001
0.092232965 0.1068653 0.34625003
0.094711691 0.10624803 0.34425002
0.097297356 0.10578506 0.34275001
0.099271558 0.10470485 0.33925003
0.10141053 0.10385609 0.33650002
0.10388904 0.10339314 0.33500001
0.10705875 0.10362461 0.33575001
0.11114252 0.10470485 0.33925003
0.11478297 0.10532211 0.34125
0.11819962 0.10570791 0.34250003
0.12146117 0.10593938 0.34325001
0 0 0
0.13034461 0.10833132 0.35100001
0.1320848 0.10725109 0.34750003
0.13288884 0.10547644 0.34175003
0.13528205 0.10501347 0.34025002
0.13764901 0.10455052 0.33875
0.13957466 0.10377893 0.33625001
0.14198636 0.10339314 0.33500001
0.14383546 0.10262155 0.33250001
0.14553048 0.10177279 0.32975
0.14706486 0.10084689 0.32675001
0.14923501 0.10038394 0.32525003
0.15044375 0.099303707 0.32175002
0.15171033 0.098300636 0.31850001
0.15376894 0.097837679 0.317
0.15518403 0.096988939 0.31425002
0.15705356 0.096448816 0.3125
0.15863684 0.095754392 0.31025001
0.16005073 0.094982803 0.30775002
0.16181749 0.094442688 0.30600002
0.16301605 0.09359394 0.30325001
0.16430308 0.092822351 0.30075002
0.16582392 0.092205077 0.29875001
0.16730975 0.091587804 0.29675001
0.16890374 0.091047689 0.29500002
0.16988578 0.090198934 0.29225001
0.17111479 0.08950451 0.29000002
0.17305288 0.08919587 0.289
0.17451783 0.088655755 0.28725001
0.17548993 0.087884165 0.28475001
0.17673084 0.087266892 0.28275001
0.17809519 0.086726785 0.28100002
0.17910764 0.086032346 0.27875
0.18024355 0.085415073 0.27675
0.18167453 0.084952123 0.27525002
0.18291202 0.084412016 0.27350003
0.18361075 0.083640426 0.27100003
0.18512358 0.08325462 0.26975
-0 0 0
-0 0 0
-0 0 0
-0 0 0
-0 0 0
-0 0 0
-0 0 0
-0 0 0
-0 0 0
-0 0 0
-0 0 0
-0 0 0
-0 0 0
-0 0 0
-0 0 0
-0 0 0
-0 0 0
-0 0 0
-0 0 0
-0 0 0
-0 0 0
-0 0 0
-0 0 0
-0 0 0
-0 0 0
-0 0 0
-0 0 0
-0 0 0
-0 0 0
-0 0 0
-0 0 0
-0 0 0
-0 0 0
-0 0 0
-0 0 0
-0 0 0
-0 0 0
-0 0 0
-0 0 0
-0 0 0
-0 0 0
-0 0 0
-0 0 0
-0 0 0
-0 0 0
-0 0 0
-0 0 0
-0 0 0
-0 0 0
-0 0 0
-0 0 0
-0 0 0
-0 0 0
-0 0 0
-0 0 0
-0 0 0
-0 0 0
-0 0 0
-0 0 0
-0 0 0
-0 0 0
-0 0 0
-0 0 0
-0 0 0
-0 0 0
-0 0 0
-0 0 0
-0 0 0
-0 0 0
-0 0 0
-0 0 0
-0 0 0
-0 0 0
-0 0 0
-0 0 0
-0 0 0
-0 0 0
-0 0 0
-0 0 0
-0 0 0
-0 0 0
0 0 0
0 0 0
0 0 0
0 0 0
0 0 0
0.024291961 0.16170382 0.50950003
0.028692616 0.16138645 0.50850004
0.032505501 0.15829201 0.49875003
0.036295645 0.15583234 0.49100003
0.040115539 0.15400742 0.48525003
0.043926246 0.15249987 0.48050001
0.047678888 0.15107167 0.47600001
0.051271118 0.14940545 0.47075003
0.054536171 0.14710446 0.46350002
0.058085203 0.14583494 0.45950001
0.061699413 0.14488281 0.45650002
0.064541608 0.14234379 0.44850001
0.067663632 0.14067756 0.44325003
0.071137659 0.13988411 0.44075003
0.074100032 0.13821788 0.43550003
0.076925829 0.1364723 0.43000001
0.079608485 0.13464738 0.42425001
0.081208579 0.13123558 0.41350001
0.082005173 0.12687165 0.39975002
0.081277855 0.12060343 0.38000003
0.080928564 0.11536671 0.36350003
0.082141675 0.112669 0.35500002
0.084826961 0.1121136 0.35325003
0.087294973 0.11132015 0.35075003
0.089783654 0.11060604 0.34850001
0.092432737 0.11012997 0.347
0.094918042 0.10949523 0.34500003
0.097652197 0.10917784 0.34400001
0.099783644 0.10822572 0.34100002
0.10163656 0.10703555 0.33725002
0.10412163 0.10655949 0.33575001
0.10713847 0.10663883 0.33600003
0.11122442 0.10774965 0.33950001
0.11495116 0.10846375 0.34175003
0.11871727 0.10917784 0.34400001
0.12623823 0.11322441 0.35675001
0.12854321 0.11251032 0.35450003
0.13071597 0.11171687 0.35200003
0.13160968 0.10989195 0.34625003
0.13308325 0.10862244 0.34225002
0.13567965 0.10830505 0.34125
0.13825855 0.10798768 0.34025002
0.14009354 0.10711489 0.33750001
0.14230424 0.10655949 0.33575001
0.14426805 0.10584538 0.33350003
0.14608215 0.10505194 0.33100003
0.14785251 0.10425849 0.3285
0.14957912 0.10346505 0.32600001
0.15091133 0.10243357 0.32275
0.15206759 0.10132276 0.31925002
0.15364769 0.10052931 0.31675002
0.15580131 0.10013259 0.31550002
0.15717921 0.099259801 0.31275001
0.158509 0.09838701 0.31
0.16018075 0.097752266 0.30800003
0.16181749 0.097117506 0.30600002
0.16301605 0.096244715 0.30325001
0.16443966 0.095530622 0.30100003
0.16568515 0.094737172 0.2985
0.16716881 0.09410242 0.29650003
0.1687606 0.093547001 0.29475001
0.17003112 0.092832908 0.29250002
0.17155732 0.092277505 0.29075003
0.17350198 0.091960117 0.28975001
0.1748216 0.091325365 0.28775001
0.17533585 0.090293884 0.2845
0.17688711 0.089817822 0.28300002
0.17825362 0.089262411 0.28125
0.17942892 0.088627659 0.27925003
0.1805692 0.087992907 0.27725002
0.18200453 0.087516837 0.27575001
0.1835808 0.087120116 0.27450001
0.18462704 0.086485356 0.27250001
0.18563829 0.085850604 0.2705
-0 0 0
-0 0 0
-0 0 0
-0 0 0
-0 0 0
-0 0 0
-0 0 0
-0 0 0
-0 0 0
-0 0 0
-0 0 0
-0 0 0
-0 0 0
-0 0 0
-0 0 0
-0 0 0
-0 0 0
-0 0 0
-0 0 0
-0 0 0
-0 0 0
-0 0 0
-0 0 0
-0 0 0
-0 0 0
-0 0 0
-0 0 0
-0 0 0
-0 0 0
-0 0 0
-0 0 0
-0 0 0
-0 0 0
-0 0 0
-0 0 0
-0 0 0
-0 0 0
-0 0 0
-0 0 0
-0 0 0
-0 0 0
-0 0 0
-0 0 0
-0 0 0
-0 0 0
-0 0 0
-0 0 0
-0 0 0
-0 0 0
-0 0 0
-0 0 0
-0 0 0
-0 0 0
-0 0 0
-0 0 0
-0 0 0
-0 0 0
-0 0 0
-0 0 0
-0 0 0
-0 0 0
-0 0 0
-0 0 0
-0 0 0
-0 0 0
-0 0 0
-0 0 0
-0 0 0
-0 0 0
-0 0 0
-0 0 0
-0 0 0
-0 0 0
-0 0 0
-0 0 0
-0 0 0
-0 0 0
-0 0 0
-0 0 0
-0 0 0
-0 0 0
0 0 0
0 0 0
0 0 0
0 0 0
0 0 0
0 0 0
0 0 0
0 0 0
0.036351088 0.16036887 0.49175003
0.040404882 0.15939051 0.48875001
0.043949101 0.15678157 0.48075002
0.047703933 0.15531403 0.47625002
0.051325575 0.15368344 0.47125003
0.054889154 0.15213437 0.46650001
0.058274817 0.15034072 0.46100003
0.061598044 0.14862859 0.45575002
0.064865395 0.146998 0.45075002
0.067816287 0.14487822 0.44425002
0.071218364 0.14389987 0.44125003
0.074440338 0.14267693 0.43750003
0.077238902 0.14080174 0.43175003
0.080218337 0.13941574 0.42750001
0.083074316 0.1379482 0.42300001
0.085748993 0.13631761 0.41800001
0.088015355 0.13419783 0.41150001
0.089889705 0.13167043 0.40375003
0.090008765 0.12686017 0.38900003
0.090650186 0.12310981 0.37750003
0.092770353 0.12156074 0.37275001
0.093197234 0.11797343 0.36175001
0.09476354 0.11601673 0.35575002
0.095949754 0.1137339 0.34875003
0.098078012 0.11267401 0.34550002
0.099929951 0.11136954 0.34150001
0.10178724 0.11014659 0.33775002
0.10427669 0.10965741 0.33625001
0.10713847 0.10957588 0.33600003
0.11138823 0.11088035 0.34
0.11520343 0.11169565 0.34250003
0.12104676 0.11438613 0.35075003
0.12623823 0.11634284 0.35675001
0.12926842 0.11626132 0.35650003
0.12997326 0.11414155 0.35000002
0.1313246 0.11267401 0.34550002
0.13366653 0.11210331 0.34375003
0.13637544 0.11185872 0.34300002
0.13856331 0.11120648 0.34100002
0.14081995 0.11063577 0.33925003
0.14283404 0.109902 0.33700001
0.14470063 0.1090867 0.33450001
0.14652348 0.10827141 0.33200002
0.14864017 0.1077007 0.33025002
0.14957912 0.10631469 0.32600001
0.15079445 0.10517328 0.32250002
0.15290116 0.1046841 0.32100001
0.15449657 0.1038688 0.31850001
0.15654203 0.10337962 0.317
0.15755615 0.10223821 0.31350002
0.15876468 0.10125986 0.31050003
0.16018075 0.10044456 0.30800003
0.1622141 0.10003691 0.30675003
0.16341923 0.099140085 0.30400002
0.16525912 0.098650903 0.30250001
0 0 0
0 0 0
0 0 0
0.17003112 0.095389716 0.29250002
0.17214736 0.095145129 0.29175001
0.17365168 0.094574422 0.29000002
0.17406216 0.093433 0.28650001
0.17533585 0.092780761 0.2845
0.17719963 0.09245465 0.28350002
0.17825362 0.091720879 0.28125
0.17958954 0.091150172 0.27950001
0.18105768 0.090661004 0.27800003
0.18233454 0.09009029 0.27625
0.18374801 0.089601114 0.27475002
0.18530458 0.089193463 0.27350003
0.18598145 0.088378169 0.27100003
-0 0 0
-0 0 0
-0 0 0
-0 0 0
-0 0 0
-0 0 0
-0 0 0
-0 0 0
-0 0 0
-0 0 0
-0 0 0
-0 0 0
-0 0 0
-0 0 0
-0 0 0
-0 0 0
-0 0 0
-0 0 0
-0 0 0
-0 0 0
-0 0 0
-0 0 0
-0 0 0
-0 0 0
-0 0 0
-0 0 0
-0 0 0
-0 0 0
-0 0 0
-0 0 0
-0 0 0
-0 0 0
-0 0 0
-0 0 0
-0 0 0
-0 0 0
-0 0 0
-0 0 0
-0 0 0
-0 0 0
-0 0 0
-0 0 0
-0 0 0
-0 0 0
-0 0 0
-0 0 0
-0 0 0
-0 0 0
-0 0 0
-0 0 0
-0 0 0
-0 0 0
-0 0 0
-0 0 0
-0 0 0
-0 0 0
-0 0 0
-0 0 0
-0 0 0
-0 0 0
-0 0 0
-0 0 0
-0 0 0
-0 0 0
-0 0 0
-0 0 0
-0 0 0
-0 0 0
-0 0 0
-0 0 0
-0 0 0
-0 0 0
-0 0 0
-0 0 0
-0 0 0
-0 0 0
-0 0 0
-0 0 0
-0 0 0
-0 0 0
-0 0 0
0 0 0
0 0 0
0 0 0
0 0 0
0 0 0
0 0 0
0.028523337 0.16927169 0.50550002
0 0 0
0.036794618 0.16667652 0.49775001
0.040239543 0.16299307 0.48675004
0.044086229 0.16148621 0.48225003
0.047879223 0.16006304 0.47800002
0.051380031 0.15797018 0.47175002
0.055095065 0.15679817 0.46825004
0.058559239 0.15512386 0.46325001
0.061800782 0.15311471 0.45725003
0.065009303 0.15127297 0.45175001
0.068121597 0.14943124 0.44625002
0.071178012 0.14767322 0.44100001
0.074482873 0.14658493 0.43775001
0.07750725 0.14507806 0.43325001
0.080218337 0.14315261 0.42750001
0.083418004 0.14223176 0.42475003
0.086210564 0.14072488 0.42025003
0.08919175 0.13963659 0.41700003
0.09161514 0.13779485 0.41150001
0.094173685 0.13628799 0.40700001
0.09677358 0.13494855 0.40300003
0.099614576 0.13402769 0.40025002
0.10157017 0.13201852 0.39425001
0.10382035 0.13051166 0.38975
0.10537278 0.12825134 0.38300002
0.10631032 0.12540504 0.37450001
0.10666022 0.12205644 0.36450002
0.10593105 0.11770326 0.3515
0.10605986 0.11452209 0.34200001
0.10817478 0.11360123 0.33925003
0.1131082 0.11561038 0.34525001
0.12041701 0.11987985 0.35800001
0.12510177 0.12138672 0.36250001
0.12738825 0.12054957 0.36000001
0.12963101 0.11971242 0.35750002
0.13053028 0.11770326 0.3515
0.13189475 0.11619639 0.347
0.13454144 0.11586154 0.34600002
0.13677303 0.11519181 0.34400001
0.13907123 0.11460581 0.34225002
0.14092371 0.11368494 0.33950001
0.14294 0.11293151 0.33725002
0.14459248 0.11192693 0.33425
0.14674415 0.11134093 0.33250001
0.14852764 0.11050377 0.33000001
0.14992325 0.10941548 0.32675001
0.15126202 0.10832718 0.32350001
0.15313931 0.10765746 0.3215
0.15486038 0.10690403 0.31925002
0.1566655 0.10623431 0.31725001
0.15730487 0.10481116 0.31300002
0.15927598 0.10430887 0.31150001
0.16057079 0.103388 0.30875
0.16261069 0.10296942 0.3075
0.16435996 0.10238342 0.30575001
0 0 0
0 0 0
0 0 0
0 0 0
0 0 0
0.17244239 0.09786281 0.29225001
0.17425048 0.097444236 0.29100001
0.1748216 0.096355937 0.28775001
0.17579807 0.09551879 0.28525001
0.17719963 0.094932787 0.28350002
0.17888743 0.094514214 0.28225002
0.18007146 0.093844496 0.28025001
0.18122049 0.09317477 0.27825001
0.18216954 0.092421345 0.27600002
0.18374801 0.092002764 0.27475002
0.18513519 0.091500476 0.27325001
0.18649614 0.09099818 0.27175
-0 0 0
-0 0 0
-0 0 0
-0 0 0
-0 0 0
-0 0 0
-0 0 0
-0 0 0
-0 0 0
-0 0 0
-0 0 0
-0 0 0
-0 0 0
-0 0 0
-0 0 0
-0 0 0
-0 0 0
-0 0 0
-0 0 0
-0 0 0
-0 0 0
-0 0 0
-0 0 0
-0 0 0
-0 0 0
-0 0 0
-0 0 0
-0 0 0
-0 0 0
-0 0 0
-0 0 0
-0 0 0
-0 0 0
-0 0 0
-0 0 0
-0 0 0
-0 0 0
-0 0 0
-0 0 0
-0 0 0
-0 0 0
-0 0 0
-0 0 0
-0 0 0
-0 0 0
-0 0 0
-0 0 0
-0 0 0
-0 0 0
-0 0 0
-0 0 0
-0 0 0
-0 0 0
-0 0 0
-0 0 0
-0 0 0
-0 0 0
-0 0 0
-0 0 0
-0 0 0
-0 0 0
-0 0 0
-0 0 0
-0 0 0
-0 0 0
-0 0 0
-0 0 0
-0 0 0
-0 0 0
-0 0 0
-0 0 0
-0 0 0
-0 0 0
-0 0 0
-0 0 0
-0 0 0
-0 0 0
-0 0 0
-0 0 0
-0 0 0
-0 0 0
0 0 0
0 0 0
0 0 0
0 0 0
0 0 0
0 0 0
0 0 0
0 0 0
0 0 0
0.040156871 0.16690426 0.48575002
0.044200502 0.16613117 0.48350003
0.047979388 0.16458495 0.47900003
0.05159786 0.16278104 0.47375003
0.05524214 0.16132075 0.46950004
0.058559239 0.15917324 0.46325001
0.061868362 0.15728343 0.45775002
0.064901374 0.15496412 0.45100003
0.068236083 0.15358971 0.44700003
0.071420111 0.15204351 0.44250003
0.074567951 0.15058321 0.43825004
0.077238902 0.14834981 0.43175003
0.08064054 0.14766259 0.42975003
0.083418004 0.1459446 0.42475003
0.086518273 0.14491378 0.42175001
0.089405634 0.14362527 0.41800001
0.091949098 0.14190727 0.41300002
0.094231538 0.13993157 0.40725002
0.097253844 0.13915847 0.40500003
0.10023678 0.13838537 0.40275002
0.10214984 0.13623786 0.39650002
0.10481927 0.13520706 0.39350003
0.10716109 0.13383265 0.38950002
0.11021357 0.13340315 0.38825002
0.11243948 0.13202874 0.38425002
0.11444472 0.13048254 0.37975001
0.11629371 0.12885043 0.37500003
0.11630582 0.12532853 0.36475003
0.11957854 0.12541442 0.36500001
0.12336017 0.12601572 0.36675003
0.125792 0.12524262 0.36450002
0.12747672 0.12378232 0.36025003
0.12881516 0.12206431 0.35525003
0.1300661 0.1203463 0.35025001
0.13198978 0.1193155 0.34725001
0.13463865 0.11897191 0.34625003
0.13707124 0.1184565 0.34475002
0.13937598 0.1178552 0.34300002
0.14165013 0.11725389 0.34125
0.14368172 0.11648079 0.33900002
0.14470063 0.11493459 0.33450001
0.14663382 0.11416149 0.33225003
0.14819007 0.11313067 0.32925001
0.15038209 0.11261528 0.32775003
0.15219718 0.11184218 0.32550001
0.15409197 0.11115497 0.32350001
0.1547391 0.10960876 0.31900001
0.15604822 0.10857797 0.31600001
0.15755615 0.10771896 0.31350002
0.1597873 0.10737535 0.3125
0.16122088 0.10651635 0.31
0.16287512 0.10582916 0.30800003
0.1651663 0.10557146 0.30725002
0 0 0
0 0 0
0.16730975 0.10196364 0.29675001
0.16990571 0.10196364 0.29675001
0 0 0
0 0 0
0.17454988 0.10015973 0.2915
0.1748216 0.098871231 0.28775001
0.17595217 0.098098129 0.28550002
0.17704336 0.097325027 0.28325
0.17872897 0.096895523 0.28200001
0.18039271 0.09646602 0.28075001
0.18138331 0.095692925 0.27850002
0.18233454 0.094919816 0.27625
0.18408239 0.094576217 0.27525002
0.18530458 0.093974918 0.27350003
0.18666773 0.093459517 0.27200001
-0 0 0
-0 0 0
-0 0 0
-0 0 0
-0 0 0
-0 0 0
-0 0 0
-0 0 0
-0 0 0
-0 0 0
-0 0 0
-0 0 0
-0 0 0
-0 0 0
-0 0 0
-0 0 0
-0 0 0
-0 0 0
-0 0 0
-0 0 0
-0 0 0
-0 0 0
-0 0 0
-0 0 0
-0 0 0
-0 0 0
-0 0 0
-0 0 0
-0 0 0
-0 0 0
-0 0 0
-0 0 0
-0 0 0
-0 0 0
-0 0 0
-0 0 0
-0 0 0
-0 0 0
-0 0 0
-0 0 0
-0 0 0
-0 0 0
-0 0 0
-0 0 0
-0 0 0
-0 0 0
-0 0 0
-0 0 0
-0 0 0
-0 0 0
-0 0 0
-0 0 0
-0 0 0
-0 0 0
-0 0 0
-0 0 0
-0 0 0
-0 0 0
-0 0 0
-0 0 0
-0 0 0
-0 0 0
-0 0 0
-0 0 0
-0 0 0
-0 0 0
-0 0 0
-0 0 0
-0 0 0
-0 0 0
-0 0 0
-0 0 0
-0 0 0
-0 0 0
-0 0 0
-0 0 0
-0 0 0
-0 0 0
-0 0 0
-0 0 0
-0 0 0
0 0 0
0 0 0
0 0 0
0 0 0
0 0 0
0 0 0
0 0 0
0 0 0
0 0 0
0 0 0
0.044314772 0.17079797 0.48475003
0.048129637 0.16930051 0.48050001
0.051625088 0.16701029 0.47400004
0.055536296 0.1663056 0.47200003
0.058717251 0.16366303 0.46450001
0.0620711 0.16181324 0.45925003
0.065548949 0.16049196 0.45550004
0.068236083 0.15749705 0.44700003
0.071379758 0.15582341 0.44225001
0.074482873 0.15423788 0.43775001
0.077328354 0.1523 0.43225002
0.080875099 0.15185957 0.43100002
0.083270714 0.14939317 0.42400002
0.086569563 0.14868848 0.42200002
0.089512579 0.14745529 0.41850001
0.092171736 0.14586975 0.41400003
0.094578616 0.14401995 0.40875003
0.097554006 0.14313909 0.40625003
0.10011234 0.14172973 0.40225002
0.10260069 0.14032035 0.39825001
0.10541861 0.13943949 0.39575002
0.10757378 0.13776588 0.39100003
0.11021357 0.13679694 0.38825002
0.11280525 0.13582799 0.38550001
0.11497211 0.13441862 0.38150001
0.11722405 0.13318542 0.37800002
0.11957418 0.1321284 0.37500003
0.12170802 0.1308952 0.37150002
0.12369653 0.12957391 0.36775002
0.125792 0.1284288 0.36450002
0.12738825 0.12684326 0.36000001
0.12863386 0.12499346 0.35475001
0.1300661 0.12340792 0.35025001
0.1324649 0.12279132 0.34850001
0.13512471 0.12243898 0.34750003
0.13756824 0.12191047 0.34600002
0.13957916 0.12102961 0.34350002
0.14154635 0.12014876 0.34100002
0.14389364 0.11962023 0.33950001
0.14545766 0.11847512 0.33625001
0.14663382 0.11706576 0.33225003
0.14841512 0.1161849 0.32975
0.1504968 0.1155683 0.32800001
0.15184648 0.11442319 0.32475001
0.15409197 0.11398276 0.32350001
0.15546672 0.11292574 0.32050002
0.15678896 0.11186871 0.31750003
0.1580587 0.11081167 0.3145
0.16004297 0.11028317 0.31300002
0.16161093 0.10949039 0.31075001
0.16327171 0.1087857 0.30875
0.16543509 0.10843337 0.30775002
0 0 0
0 0 0
0.16759165 0.10473377 0.29725
0.16976258 0.10446952 0.29650003
0.17177503 0.10411717 0.29550001
0 0 0
0 0 0
0.1736065 0.10068183 0.28575
0.17595217 0.10059375 0.28550002
0.17751214 0.10006524 0.28400001
0.17872897 0.099360548 0.28200001
0.18023209 0.098832041 0.28050002
0.18154612 0.098215438 0.27875
0.18282957 0.097598836 0.27700001
0.18441677 0.09715841 0.27575001
0.18547395 0.096453726 0.27375001
0.18649614 0.095749043 0.27175
-0 0 0
-0 0 0
-0 0 0
-0 0 0
-0 0 0
-0 0 0
-0 0 0
-0 0 0
-0 0 0
-0 0 0
-0 0 0
-0 0 0
-0 0 0
-0 0 0
-0 0 0
-0 0 0
-0 0 0
-0 0 0
-0 0 0
-0 0 0
-0 0 0
-0 0 0
-0 0 0
-0 0 0
-0 0 0
-0 0 0
-0 0 0
-0 0 0
-0 0 0
-0 0 0
-0 0 0
-0 0 0
-0 0 0
-0 0 0
-0 0 0
-0 0 0
-0 0 0
-0 0 0
-0 0 0
-0 0 0
-0 0 0
-0 0 0
-0 0 0
-0 0 0
-0 0 0
-0 0 0
-0 0 0
-0 0 0
-0 0 0
-0 0 0
-0 0 0
-0 0 0
-0 0 0
-0 0 0
-0 0 0
-0 0 0
-0 0 0
-0 0 0
-0 0 0
-0 0 0
-0 0 0
-0 0 0
-0 0 0
-0 0 0
-0 0 0
-0 0 0
-0 0 0
-0 0 0
-0 0 0
-0 0 0
-0 0 0
-0 0 0
-0 0 0
-0 0 0
-0 0 0
-0 0 0
-0 0 0
-0 0 0
-0 0 0
-0 0 0
-0 0 0
0 0 0
0 0 0
0 0 0
0 0 0
0 0 0
0 0 0
0 0 0
0 0 0
0 0 0
0.040363546 0.17629907 0.48825002
0.044360481 0.17521583 0.48525003
0.048154678 0.17359094 0.48075002
0.051815689 0.17178553 0.47575003
0.055624537 0.17070228 0.47275001
0.058622446 0.16745253 0.46375003
0.062138677 0.16600819 0.45975003
0.06551297 0.16438332 0.45525002
0.068808533 0.16275844 0.45075002
0.071420111 0.1597795 0.44250003
0.074908242 0.15896706 0.44025001
0.077865042 0.15716164 0.43525001
0.081062742 0.15598811 0.43200001
0.08410538 0.15463406 0.42825001
0.086877272 0.15291892 0.42350003
0.089619532 0.15129404 0.41900003
0.092394374 0.1498497 0.41500002
0.095157079 0.14849564 0.41125003
0.097554006 0.14669022 0.40625003
0.100299 0.14551669 0.40300003
0.1027295 0.14398208 0.39875001
0.10548521 0.14298911 0.39600003
0.10833036 0.14217667 0.39375001
0.1101426 0.14010043 0.38800001
0.11295156 0.13937826 0.38600001
0.11549951 0.1383853 0.38325003
0.11730159 0.13657989 0.37825003
0.11989304 0.13576744 0.37600002
0.12170802 0.13414256 0.37150002
0.12386471 0.13296904 0.36825001
0.12536061 0.13116363 0.36325002
0.12747672 0.13008037 0.36025003
0.1289058 0.12836522 0.35550001
0.13071597 0.12710144 0.35200003
0.13303505 0.12637927 0.35000002
0.13570797 0.12601818 0.34900001
0.13836342 0.1256571 0.34800002
0.13978232 0.12421276 0.34400001
0.14165013 0.12321978 0.34125
0.14389364 0.12258788 0.33950001
0.14589025 0.12177545 0.33725002
0.14718549 0.12042139 0.33350003
0.14909025 0.11960895 0.33125001
0.15084092 0.11870624 0.32875001
0.15231408 0.11762299 0.32575002
0.15409197 0.11681055 0.32350001
0.15595178 0.11608838 0.3215
0.15703587 0.11482459 0.31800002
0.15818436 0.11365107 0.31475002
0.15991513 0.1129289 0.31275001
0.16161093 0.11220673 0.31075001
0.16327171 0.11148456 0.30875
0.16570386 0.11130402 0.30825001
0 0 0
0 0 0
0.16801451 0.10760292 0.29800001
0.17019197 0.1073321 0.29725
0.17133905 0.10642939 0.29475001
0.17303245 0.10588777 0.29325002
0 0 0
0.1736065 0.10317964 0.28575
0.17595217 0.10308938 0.28550002
0.17766841 0.10263802 0.28425002
0.17904587 0.10200612 0.2825
0.18023209 0.10128396 0.28050002
0.18170896 0.10074233 0.27900001
0.18299459 0.10011043 0.27725002
0.18424957 0.099478528 0.2755
0.18581271 0.099027179 0.27425
0.18649614 0.098124467 0.27175
-0 0 0
-0 0 0
-0 0 0
-0 0 0
-0 0 0
-0 0 0
-0 0 0
-0 0 0
-0 0 0
-0 0 0
-0 0 0
-0 0 0
-0 0 0
-0 0 0
-0 0 0
-0 0 0
-0 0 0
-0 0 0
-0 0 0
-0 0 0
-0 0 0
-0 0 0
-0 0 0
-0 0 0
-0 0 0
-0 0 0
-0 0 0
-0 0 0
-0 0 0
-0 0 0
-0 0 0
-0 0 0
-0 0 0
-0 0 0
-0 0 0
-0 0 0
-0 0 0
-0 0 0
-0 0 0
-0 0 0
-0 0 0
-0 0 0
-0 0 0
-0 0 0
-0 0 0
-0 0 0
-0 0 0
-0 0 0
-0 0 0
-0 0 0
-0 0 0
-0 0 0
-0 0 0
-0 0 0
-0 0 0
-0 0 0
-0 0 0
-0 0 0
-0 0 0
-0 0 0
-0 0 0
-0 0 0
-0 0 0
-0 0 0
-0 0 0
-0 0 0
-0 0 0
-0 0 0
-0 0 0
-0 0 0
-0 0 0
-0 0 0
-0 0 0
-0 0 0
-0 0 0
-0 0 0
-0 0 0
-0 0 0
-0 0 0
-0 0 0
-0 0 0
0 0 0
0 0 0
0 0 0
0 0 0
0 0 0
0 0 0
0 0 0
0 0 0
0 0 0
0 0 0
0 0 0
0.048204761 0.1779782 0.48125002
0.052033514 0.17668383 0.47775003
0.055771619 0.17529698 0.47400004
0.058369625 0.17076662 0.46175003
0.062104885 0.16993451 0.45950001
0.065405041 0.1680854 0.45450002
0.06899935 0.16716082 0.45200002
0.071944669 0.16484943 0.44575003
0.075120926 0.16327767 0.44150001
0.078312285 0.16189082 0.43775001
0.081250392 0.16013417 0.43300003
0.084252678 0.15865485 0.42900002
0.087338835 0.15745293 0.42575002
0.089779951 0.15523398 0.41975003
0.092783988 0.1541245 0.41675001
0.09550415 0.1526452 0.41275001
0.097914204 0.15079607 0.40775001
0.10036121 0.14913186 0.40325001
0.10305154 0.14792994 0.40000001
0.10555179 0.14654309 0.39625001
0.10833036 0.14561853 0.39375001
0.11078131 0.14432415 0.39025003
0.11302473 0.14284484 0.38625002
0.11542416 0.14164291 0.38300002
0.11784429 0.14053345 0.38000003
0.12005247 0.13923906 0.37650001
0.12162612 0.13729747 0.37125
0.12386471 0.136188 0.36825001
0.12527433 0.13424641 0.36300001
0.12765366 0.13341431 0.36075002
0.1289058 0.13147274 0.35550001
0.13108732 0.13054816 0.35300002
0.13370022 0.13008589 0.35175002
0.13629125 0.12962361 0.35050002
0.13846281 0.1287915 0.34825
0.14029026 0.12768203 0.34525001
0.14206523 0.12657255 0.34225002
0.14421152 0.1258329 0.34025002
0.14567396 0.12453852 0.33675003
0.14718549 0.12333659 0.33350003
0.1494278 0.12278185 0.33200002
0.1506115 0.12139501 0.32825002
0.15208028 0.12028553 0.32525003
0.15433013 0.11982325 0.324
0.15583053 0.11880624 0.32125002
0.15703587 0.1176043 0.31800002
0.15831001 0.11649483 0.31500003
0.16017078 0.11584763 0.31325001
0.16174094 0.11501553 0.31100002
0.16366833 0.11446079 0.30950001
0.16597264 0.11418342 0.30875
0 0 0
0 0 0
0.16773261 0.11002289 0.29750001
0.17019197 0.10993043 0.29725
0.1710484 0.10882096 0.29425001
0.17317995 0.10854359 0.29350001
0.17619658 0.10882096 0.29425001
0 0 0
0 0 0
0.1781372 0.10540009 0.28500003
0.17904587 0.10447551 0.2825
0.18071398 0.10401323 0.28125
0.18236023 0.10355095 0.28
0.18332461 0.10271885 0.27775002
0.18475117 0.10216411 0.27625
0.18632087 0.10170183 0.27500001
0.18666773 0.10059236 0.27200001
-0 0 0
-0 0 0
-0 0 0
-0 0 0
-0 0 0
-0 0 0
-0 0 0
-0 0 0
-0 0 0
-0 0 0
-0 0 0
-0 0 0
-0 0 0
-0 0 0
-0 0 0
-0 0 0
-0 0 0
-0 0 0
-0 0 0
-0 0 0
-0 0 0
-0 0 0
-0 0 0
-0 0 0
-0 0 0
-0 0 0
-0 0 0
-0 0 0
-0 0 0
-0 0 0
-0 0 0
-0 0 0
-0 0 0
-0 0 0
-0 0 0
-0 0 0
-0 0 0
-0 0 0
-0 0 0
-0 0 0
-0 0 0
-0 0 0
-0 0 0
-0 0 0
-0 0 0
-0 0 0
-0 0 0
-0 0 0
-0 0 0
-0 0 0
-0 0 0
-0 0 0
-0 0 0
-0 0 0
-0 0 0
-0 0 0
-0 0 0
-0 0 0
-0 0 0
-0 0 0
-0 0 0
-0 0 0
-0 0 0
-0 0 0
-0 0 0
-0 0 0
-0 0 0
-0 0 0
-0 0 0
-0 0 0
-0 0 0
-0 0 0
-0 0 0
-0 0 0
-0 0 0
-0 0 0
-0 0 0
-0 0 0
-0 0 0
-0 0 0
-0 0 0
0 0 0
0 0 0
0 0 0
0 0 0
0 0 0
0 0 0
0 0 0
0 0 0
0 0 0
0 0 0
0.044337627 0.18360454 0.48500001
0.048605423 0.18369919 0.48525003
0 0 0
0 0 0
0.058401227 0.17489752 0.46200001
0.062104885 0.1739511 0.45950001
0.065405041 0.17205828 0.45450002
0.069075681 0.17130114 0.45250002
0.072065718 0.16902976 0.44650003
0.075588845 0.16817798 0.44425002
0.078714803 0.16656907 0.44000003
0.081484944 0.16439232 0.43425003
0.084350869 0.16259412 0.42950001
0.087338835 0.16117451 0.42575002
0.089940362 0.15918703 0.42050001
0.092839643 0.15786205 0.41700003
0.095735542 0.15663171 0.41375002
0.098274402 0.15492816 0.40925002
0.10085898 0.15341391 0.40525001
0.10343798 0.15199427 0.40150002
0.10595136 0.15057465 0.39775002
0.10867427 0.1495336 0.39500001
0.11063937 0.14754613 0.38975
0.11280525 0.14593722 0.38550001
0.11534882 0.14489616 0.38275
0.11807688 0.14413904 0.38075003
0.12029163 0.14281406 0.37725002
0.12211753 0.14111051 0.37275001
0.12420107 0.13978553 0.36925003
0.12587827 0.13808198 0.36475003
0.12712286 0.13599986 0.35925001
0.12899646 0.13467488 0.35575002
0.13108732 0.13363382 0.35300002
0.13379526 0.13325526 0.35200003
0.13648568 0.13287669 0.35100001
0.13826403 0.13164635 0.34775001
0.14059502 0.13098386 0.34600002
0.14248031 0.1299428 0.34325001
0.1445294 0.12909104 0.34100002
0.14610654 0.1278607 0.33775002
0.14740616 0.12644108 0.33400002
0.1494278 0.12568393 0.33200002
0.15107033 0.12464288 0.32925001
0.15219718 0.12322325 0.32550001
0.15444922 0.12275005 0.32425001
0.15595178 0.12170899 0.3215
0.15740624 0.12066794 0.31875002
0.15881257 0.11962688 0.31600001
0.16080993 0.11905903 0.3145
0.16226101 0.11811261 0.31200001
0.16380054 0.11726084 0.30975002
0.16610704 0.11697692 0.30900002
0 0 0
0 0 0
0.16745071 0.11243413 0.29700002
0.16990571 0.11233948 0.29675001
0.17162971 0.11177164 0.29525003
0.17303245 0.11101451 0.29325002
0.17514868 0.11073058 0.29250002
0.1770999 0.11035201 0.2915
0 0 0
0.17829345 0.10798597 0.28525001
0.17872897 0.10675563 0.28200001
0.18055336 0.10637707 0.28100002
0.18236023 0.10599849 0.28
0.18332461 0.10514673 0.27775002
0.18475117 0.10457888 0.27625
0.18632087 0.10410567 0.27500001
0.18735398 0.10334853 0.273
-0 0 0
-0 0 0
-0 0 0
-0 0 0
-0 0 0
-0 0 0
-0 0 0
-0 0 0
-0 0 0
-0 0 0
-0 0 0
-0 0 0
-0 0 0
-0 0 0
-0 0 0
-0 0 0
-0 0 0
-0 0 0
-0 0 0
-0 0 0
-0 0 0
-0 0 0
-0 0 0
-0 0 0
-0 0 0
-0 0 0
-0 0 0
-0 0 0
-0 0 0
-0 0 0
-0 0 0
-0 0 0
-0 0 0
-0 0 0
-0 0 0
-0 0 0
-0 0 0
-0 0 0
-0 0 0
-0 0 0
-0 0 0
-0 0 0
-0 0 0
-0 0 0
-0 0 0
-0 0 0
-0 0 0
-0 0 0
-0 0 0
-0 0 0
-0 0 0
-0 0 0
-0 0 0
-0 0 0
-0 0 0
-0 0 0
-0 0 0
-0 0 0
-0 0 0
-0 0 0
-0 0 0
-0 0 0
-0 0 0
-0 0 0
-0 0 0
-0 0 0
-0 0 0
-0 0 0
-0 0 0
-0 0 0
-0 0 0
-0 0 0
-0 0 0
-0 0 0
-0 0 0
-0 0 0
-0 0 0
-0 0 0
-0 0 0
-0 0 0
-0 0 0
0 0 0
0 0 0
0 0 0
0 0 0
0 0 0
0 0 0
0 0 0
0 0 0
0 0 0
0 0 0
0 0 0
0 0 0
0 0 0
0 0 0
0.058559239 0.1794201 0.46325001
0.06244278 0.17893597 0.46200001
0.065836757 0.17719309 0.45750001
0.069190167 0.17554703 0.45325002
0.072307818 0.17351367 0.44800001
0.075801529 0.1725454 0.44550002
0.07884898 0.17070571 0.44075003
0.08134421 0.16789772 0.43350002
0.084596366 0.16683261 0.43075001
0.087441407 0.16508974 0.42625001
0.090261199 0.16344368 0.42200002
0.092895299 0.16160397 0.41725001
0.095909081 0.16053888 0.41450003
0.098514535 0.15889281 0.41025001
0.10123231 0.15753725 0.40675002
0.10421086 0.1566658 0.40450001
0.10615115 0.15434197 0.39850003
0.1089494 0.1533737 0.39600003
0.11092325 0.15134034 0.39075002
0.1133905 0.15008157 0.38750002
0.11610225 0.14921014 0.38525003
0.1181544 0.14756408 0.38100001
0.1196539 0.14533706 0.37525001
0.12203564 0.14427197 0.37250003
0.12436926 0.14320688 0.36975002
0.1257057 0.14107668 0.36425
0.12676902 0.13875285 0.35825002
0.12954037 0.13836554 0.35725001
0.1315515 0.13720362 0.35425001
0.13417535 0.13671948 0.35300002
0.13648568 0.13594486 0.35100001
0.13886042 0.13526708 0.34925002
0.14049342 0.13391149 0.34575
0.14268786 0.1331369 0.34375003
0.14442344 0.13197497 0.34075001
0.14632285 0.13100669 0.33825001
0.14795783 0.12984477 0.33525002
0.14965284 0.12877968 0.33250001
0.15107033 0.12752093 0.32925001
0.15278165 0.12655266 0.32675001
0.15468737 0.12577805 0.32475001
0.15607306 0.12461612 0.32175002
0.15715931 0.12326054 0.31825
0.15931514 0.12277641 0.317
0.16119343 0.12209862 0.31525001
0.16252103 0.12103353 0.3125
0.16393274 0.12006526 0.31
0.16597264 0.11958113 0.30875
0 0 0
0 0 0
0.16801451 0.11541758 0.29800001
0.17047827 0.11532076 0.29775003
0.17250165 0.11493344 0.29675001
0.17391752 0.11415882 0.29475001
0.17469957 0.11299691 0.29175001
0.17664425 0.1126096 0.29075003
0.17903364 0.11251277 0.29050002
0 0 0
0.17825362 0.10893017 0.28125
0.18023209 0.1086397 0.28050002
0.18219742 0.10834922 0.27975002
0.18381964 0.10786509 0.27850002
0.18491836 0.10709047 0.27650002
0.18615149 0.10641269 0.27475002
0.1878687 0.10602538 0.27375001
-0 0 0
-0 0 0
-0 0 0
-0 0 0
-0 0 0
-0 0 0
-0 0 0
-0 0 0
-0 0 0
-0 0 0
-0 0 0
-0 0 0
-0 0 0
-0 0 0
-0 0 0
-0 0 0
-0 0 0
-0 0 0
-0 0 0
-0 0 0
-0 0 0
-0 0 0
-0 0 0
-0 0 0
-0 0 0
-0 0 0
-0 0 0
-0 0 0
-0 0 0
-0 0 0
-0 0 0
-0 0 0
-0 0 0
-0 0 0
-0 0 0
-0 0 0
-0 0 0
-0 0 0
-0 0 0
-0 0 0
-0 0 0
-0 0 0
-0 0 0
-0 0 0
-0 0 0
-0 0 0
-0 0 0
-0 0 0
-0 0 0
-0 0 0
-0 0 0
-0 0 0
-0 0 0
-0 0 0
-0 0 0
-0 0 0
-0 0 0
-0 0 0
-0 0 0
-0 0 0
-0 0 0
-0 0 0
-0 0 0
-0 0 0
-0 0 0
-0 0 0
-0 0 0
-0 0 0
-0 0 0
-0 0 0
-0 0 0
-0 0 0
-0 0 0
-0 0 0
-0 0 0
-0 0 0
-0 0 0
-0 0 0
-0 0 0
-0 0 0
-0 0 0
0 0 0
0 0 0
0 0 0
0 0 0
0 0 0
0 0 0
0 0 0
0 0 0
0 0 0
0 0 0
0 0 0
0 0 0
0 0 0
0 0 0
0 0 0
0 0 0
0 0 0
0.069495477 0.1803011 0.45525002
0.07234817 0.17752875 0.44825003
0.075844064 0.17653863 0.44575003
0.079072602 0.17505346 0.44200003
0.081531852 0.17208308 0.43450001
0.084890954 0.17119198 0.43225002
0.087543979 0.16901372 0.42675003
0.090635501 0.16782556 0.42375001
0.093229257 0.16584532 0.41875002
0.096024774 0.16436014 0.41500002
0.09887474 0.16307299 0.41175002
0.10173006 0.16188484 0.40875003
0.10395323 0.15980558 0.40350002
0.10601796 0.15762733 0.39800003
0.1089494 0.15683523 0.39600003
0.11134906 0.15535004 0.39225003
0.11375628 0.15396386 0.38875002
0.11610225 0.1525777 0.38525003
0.11830946 0.15109251 0.38150001
0.11989304 0.14891425 0.37600002
0.12203564 0.14752808 0.37250003
0.12411698 0.14614192 0.36900002
0.12536061 0.14386463 0.36325002
0.12721133 0.14237945 0.35950002
0.13008428 0.14208241 0.35875002
0.13210854 0.14089426 0.35575002
0.13446043 0.14010218 0.35375002
0.13687453 0.1394091 0.35200003
0.13935742 0.13881502 0.35050002
0.14069661 0.13713181 0.34625003
0.14320673 0.13663675 0.34500003
0.14463535 0.13515155 0.34125
0.14632285 0.13396342 0.33825001
0.14806814 0.13287428 0.3355
0.15010294 0.13208219 0.33350003
0.151988 0.13119107 0.33125001
0.15313233 0.12970589 0.32750002
0.15492555 0.12881479 0.32525003
0.15619433 0.12752764 0.32200003
0.15740624 0.12624048 0.31875002
0.15969206 0.12584442 0.31775001
0.16119343 0.1248543 0.31525001
0.16278109 0.12396319 0.31300002
0.16419716 0.12297308 0.31050003
0.16610704 0.122379 0.30900002
0 0 0
0 0 0
0.16773261 0.11782444 0.29750001
0.17033513 0.11782444 0.29750001
0.17264698 0.11762642 0.29700002
0.17406504 0.11683432 0.29500002
0.17484929 0.11564618 0.29200003
0.17664425 0.11515111 0.29075003
0.1785714 0.11475506 0.28975001
0 0 0
0 0 0
0.18023209 0.11109162 0.28050002
0.18252306 0.1109926 0.28025001
0.18464467 0.11079458 0.27975002
0.18525276 0.10970544 0.27700001
0.18615149 0.10881434 0.27475002
0.18769714 0.10831928 0.27350003
-0 0 0
-0 0 0
-0 0 0
-0 0 0
-0 0 0
-0 0 0
-0 0 0
-0 0 0
-0 0 0
-0 0 0
-0 0 0
-0 0 0
-0 0 0
-0 0 0
-0 0 0
-0 0 0
-0 0 0
-0 0 0
-0 0 0
-0 0 0
-0 0 0
-0 0 0
-0 0 0
-0 0 0
-0 0 0
-0 0 0
-0 0 0
-0 0 0
-0 0 0
-0 0 0
-0 0 0
-0 0 0
-0 0 0
-0 0 0
-0 0 0
-0 0 0
-0 0 0
-0 0 0
-0 0 0
-0 0 0
-0 0 0
-0 0 0
-0 0 0
-0 0 0
-0 0 0
-0 0 0
-0 0 0
-0 0 0
-0 0 0
-0 0 0
-0 0 0
-0 0 0
-0 0 0
-0 0 0
-0 0 0
-0 0 0
-0 0 0
-0 0 0
-0 0 0
-0 0 0
-0 0 0
-0 0 0
-0 0 0
-0 0 0
-0 0 0
-0 0 0
-0 0 0
-0 0 0
-0 0 0
-0 0 0
-0 0 0
-0 0 0
-0 0 0
-0 0 0
-0 0 0
-0 0 0
-0 0 0
-0 0 0
-0 0 0
-0 0 0
-0 0 0
0 0 0
0 0 0
0 0 0
0 0 0
0 0 0
0 0 0
0 0 0
0 0 0
0 0 0
0 0 0
0 0 0
0 0 0
0 0 0
0 0 0
0.059033271 0.18903682 0.46700001
0.062645517 0.18762006 0.46350002
0 0 0
0 0 0
0.072630621 0.18215539 0.45000002
0.075588845 0.17982785 0.44425002
0.079430394 0.17972666 0.44400004
0.08223553 0.17739911 0.43825004
0.084841855 0.17486918 0.43200001
0.088159405 0.17395841 0.42975003
0.091009803 0.17223804 0.42550001
0.093785852 0.17051768 0.42125002
0.096198313 0.16829135 0.41575003
0.098934777 0.16677339 0.41200003
0.10179228 0.16555901 0.40900001
0.10382442 0.16313028 0.40300003
0.10621773 0.16140991 0.39875001
0.1092933 0.16080274 0.39725003
0.11149099 0.15898119 0.39275002
0.11412205 0.15786801 0.39000002
0.1165543 0.15655243 0.38675001
0.11846452 0.15462969 0.38200003
0.12029163 0.15270694 0.37725002
0.12203564 0.15078419 0.37250003
0.12378062 0.14896263 0.36800003
0.12544689 0.14714108 0.36350003
0.12791905 0.1463315 0.36150002
0.13035622 0.14552192 0.35950002
0.13266556 0.14461114 0.35725001
0.13474551 0.14349797 0.35450003
0.13706896 0.14268839 0.35250002
0.13935742 0.14187881 0.35050002
0.14120454 0.14066444 0.34750003
0.14310294 0.13955127 0.34475002
0.14495324 0.13843809 0.34200001
0.14664729 0.13722374 0.33900002
0.14839916 0.13611056 0.33625001
0.15021545 0.13509858 0.33375001
0.15233213 0.13439021 0.33200002
0.15336612 0.13277104 0.32800001
0.15516372 0.13186027 0.32575002
0.15667941 0.13074709 0.32300001
0.15802352 0.12953272 0.32000002
0.15969206 0.12862195 0.31775001
0.16144909 0.12781237 0.31575
0.16239104 0.1263956 0.31225002
0.16432935 0.12578842 0.31075001
0.166779 0.12558602 0.31025001
0.16935645 0.12548482 0.31
0 0 0
0.16815548 0.12072855 0.29825002
0.17076454 0.12072855 0.29825002
0.17308296 0.12052616 0.29775003
0.17465508 0.11981776 0.296
0.17469957 0.11809742 0.29175001
0.17664425 0.11769263 0.29075003
0.17872548 0.11738904 0.29000002
0.18110614 0.11728783 0.28975001
0 0 0
0.18039271 0.11364473 0.28075001
0.18252306 0.11344233 0.28025001
0.18464467 0.11323994 0.27975002
0.18592155 0.11253156 0.27800003
0.18665963 0.11151958 0.2755
0.1878687 0.1108112 0.27375001
-0 0 0
-0 0 0
-0 0 0
-0 0 0
-0 0 0
-0 0 0
-0 0 0
-0 0 0
-0 0 0
-0 0 0
-0 0 0
-0 0 0
-0 0 0
-0 0 0
-0 0 0
-0 0 0
-0 0 0
-0 0 0
-0 0 0
-0 0 0
-0 0 0
-0 0 0
-0 0 0
-0 0 0
-0 0 0
-0 0 0
-0 0 0
-0 0 0
-0 0 0
-0 0 0
-0 0 0
-0 0 0
-0 0 0
-0 0 0
-0 0 0
-0 0 0
-0 0 0
-0 0 0
-0 0 0
-0 0 0
-0 0 0
-0 0 0
-0 0 0
-0 0 0
-0 0 0
-0 0 0
-0 0 0
-0 0 0
-0 0 0
-0 0 0
-0 0 0
-0 0 0
-0 0 0
-0 0 0
-0 0 0
-0 0 0
-0 0 0
-0 0 0
-0 0 0
-0 0 0
-0 0 0
-0 0 0
-0 0 0
-0 0 0
-0 0 0
-0 0 0
-0 0 0
-0 0 0
-0 0 0
-0 0 0
-0 0 0
-0 0 0
-0 0 0
-0 0 0
-0 0 0
-0 0 0
-0 0 0
-0 0 0
-0 0 0
-0 0 0
-0 0 0
0 0 0
0 0 0
0 0 0
0 0 0
0 0 0
0 0 0
0 0 0
0 0 0
0 0 0
0 0 0
0 0 0
0 0 0
0 0 0
0 0 0
0 0 0
0 0 0
0 0 0
0.069571801 0.18846674 0.45575002
0.072993778 0.18701939 0.45225003
0.076397054 0.18567543 0.44900003
0 0 0
0.082423173 0.18164349 0.43925002
0.085038252 0.17905892 0.43300003
0.088261977 0.17792171 0.43025002
0.091544531 0.17699127 0.42800003
0.093841515 0.17430332 0.42150003
0.096429691 0.17233904 0.41675001
0.099054836 0.17058153 0.41250002
0.1015434 0.16872065 0.40800002
0.10421086 0.16727328 0.40450001
0.10641752 0.16520563 0.39950001
0.1089494 0.16375828 0.39600003
0.11156196 0.16251768 0.39300001
0.11426836 0.16148385 0.39050001
0.11662965 0.1600365 0.38700002
0.11838699 0.15786545 0.38175002
0.1206902 0.15652148 0.37850001
0.12219945 0.15424706 0.37300003
0.12369653 0.15207602 0.36775002
0.125792 0.15073204 0.36450002
0.12836137 0.15000837 0.36275002
0.13071883 0.14907792 0.36050001
0.13312975 0.14825086 0.3585
0.13531564 0.14721704 0.35600001
0.13745779 0.14618321 0.35350001
0.13925801 0.14483923 0.35025001
0.14120454 0.14370203 0.34750003
0.14341427 0.14287496 0.34550002
0.1450592 0.14153099 0.34225002
0.14751247 0.14101407 0.34100002
0.14906116 0.13967009 0.33775002
0.15044048 0.13822272 0.33425
0.15244684 0.13739568 0.33225003
0.15383372 0.1360517 0.32900003
0.15552096 0.13501787 0.32650003
0.15764956 0.13439758 0.32500002
0.15888771 0.1330536 0.32175002
0.15981771 0.13150285 0.31800002
0.16157691 0.13067579 0.31600001
0.16265106 0.12933181 0.31275001
0.16512258 0.12912506 0.31225002
0.16718216 0.12860814 0.31100002
0.16921988 0.12809123 0.30975002
0 0 0
0 0 0
0.17148024 0.12385254 0.29950002
0.17380959 0.12364578 0.29900002
0.1748026 0.12250856 0.29625002
0.17559779 0.12126797 0.29325002
0.17679612 0.12033752 0.29100001
0.17872548 0.11992399 0.29000002
0.18063736 0.11951046 0.289
0.18237327 0.11899354 0.28775001
0 0 0
0.18236023 0.11578868 0.28
0.18464467 0.1156853 0.27975002
0.18625593 0.11516839 0.27850002
0.18682902 0.11403117 0.27575001
0.18804029 0.1133075 0.27400002
-0 0 0
-0 0 0
-0 0 0
-0 0 0
-0 0 0
-0 0 0
-0 0 0
-0 0 0
-0 0 0
-0 0 0
-0 0 0
-0 0 0
-0 0 0
-0 0 0
-0 0 0
-0 0 0
-0 0 0
-0 0 0
-0 0 0
-0 0 0
-0 0 0
-0 0 0
-0 0 0
-0 0 0
-0 0 0
-0 0 0
-0 0 0
-0 0 0
-0 0 0
-0 0 0
-0 0 0
-0 0 0
-0 0 0
-0 0 0
-0 0 0
-0 0 0
-0 0 0
-0 0 0
-0 0 0
-0 0 0
-0 0 0
-0 0 0
-0 0 0
-0 0 0
-0 0 0
-0 0 0
-0 0 0
-0 0 0
-0 0 0
-0 0 0
-0 0 0
-0 0 0
-0 0 0
-0 0 0
-0 0 0
-0 0 0
-0 0 0
-0 0 0
-0 0 0
-0 0 0
-0 0 0
-0 0 0
-0 0 0
-0 0 0
-0 0 0
-0 0 0
-0 0 0
-0 0 0
-0 0 0
-0 0 0
-0 0 0
-0 0 0
-0 0 0
-0 0 0
-0 0 0
-0 0 0
-0 0 0
-0 0 0
-0 0 0
-0 0 0
-0 0 0
0 0 0
0 0 0
0 0 0
0 0 0
0 0 0
0 0 0
0 0 0
0 0 0
0 0 0
0 0 0
0 0 0
0 0 0
0 0 0
0 0 0
0 0 0
0 0 0
0 0 0
0.069571801 0.19245057 0.45575002
0.073034123 0.19107819 0.45250002
0.076567203 0.1900225 0.45000002
0 0 0
0.082470082 0.18558864 0.43950003
0.085676529 0.18421626 0.43625003
0.088261977 0.18168263 0.43025002
0.091758415 0.18115479 0.42900002
0.094064146 0.17841001 0.42250001
0.096776776 0.17661536 0.41825002
0.099415042 0.17482071 0.41400003
0.10173006 0.17260377 0.40875003
0.10498375 0.17207594 0.40750003
0.10681709 0.16933116 0.40100002
0.10949965 0.16806436 0.39800003
0.1117039 0.16616413 0.39350003
0.11456098 0.16531958 0.39150003
0.11662965 0.16341935 0.38700002
0.11799935 0.16067459 0.38050002
0.12076993 0.15993561 0.37875003
0.12211753 0.15740196 0.37275001
0.12369653 0.15529062 0.36775002
0.12630966 0.15455164 0.36600003
0.12871522 0.15360151 0.36375001
0.13099079 0.15254584 0.36125001
0.13340826 0.15170129 0.35925001
0.1358858 0.15096232 0.35750002
0.13794385 0.14980106 0.35475001
0.13925801 0.14790085 0.35025001
0.14140771 0.14695074 0.34800002
0.14362182 0.14610618 0.34600002
0.14537708 0.14483938 0.34300002
0.14772876 0.14420596 0.34150001
0.1491715 0.14272802 0.33800003
0.15111563 0.1417779 0.33575001
0.15244684 0.14029995 0.33225003
0.15465197 0.13966654 0.33075002
0.15552096 0.13787189 0.32650003
0.15716447 0.13681619 0.324
0.15839389 0.13544382 0.32075003
0.16082285 0.13512711 0.32000002
0.16196041 0.13375473 0.31675002
0.16343117 0.13269904 0.31425002
0.16512258 0.1318545 0.31225002
0.166779 0.13100995 0.31025001
0.16840042 0.13016541 0.30825001
0 0 0
0 0 0
0.1717665 0.12668167 0.30000001
0.17424555 0.1265761 0.29975
0.17509761 0.12530927 0.29675001
0.17649597 0.12446474 0.29475001
0.17694803 0.12298679 0.29125002
0.17826326 0.12214224 0.28925002
0.17985605 0.12150883 0.28775001
0.18189792 0.12119212 0.287
0.18408732 0.12098099 0.28650001
0 0 0
0.18464467 0.11813065 0.27975002
0.18642312 0.11770838 0.27875
0.18682902 0.11644156 0.27575001
0.18821184 0.11580815 0.27425
-0 0 0
-0 0 0
-0 0 0
-0 0 0
-0 0 0
-0 0 0
-0 0 0
-0 0 0
-0 0 0
-0 0 0
-0 0 0
-0 0 0
-0 0 0
-0 0 0
-0 0 0
-0 0 0
-0 0 0
-0 0 0
-0 0 0
-0 0 0
-0 0 0
-0 0 0
-0 0 0
-0 0 0
-0 0 0
-0 0 0
-0 0 0
-0 0 0
-0 0 0
-0 0 0
-0 0 0
-0 0 0
-0 0 0
-0 0 0
-0 0 0
-0 0 0
-0 0 0
-0 0 0
-0 0 0
-0 0 0
-0 0 0
-0 0 0
-0 0 0
-0 0 0
-0 0 0
-0 0 0
-0 0 0
-0 0 0
-0 0 0
-0 0 0
-0 0 0
-0 0 0
-0 0 0
-0 0 0
-0 0 0
-0 0 0
-0 0 0
-0 0 0
-0 0 0
-0 0 0
-0 0 0
-0 0 0
-0 0 0
-0 0 0
-0 0 0
-0 0 0
-0 0 0
-0 0 0
-0 0 0
-0 0 0
-0 0 0
-0 0 0
-0 0 0
-0 0 0
-0 0 0
-0 0 0
-0 0 0
-0 0 0
-0 0 0
-0 0 0
-0 0 0
0 0 0
0 0 0
0 0 0
0 0 0
0 0 0
0 0 0
0 0 0
0 0 0
0 0 0
0 0 0
0 0 0
0 0 0
0 0 0
0 0 0
0 0 0
0 0 0
0 0 0
0 0 0
0 0 0
0 0 0
0 0 0
0.082470082 0.18943042 0.43950003
0 0 0
0.088415831 0.1857668 0.43100002
0.091811895 0.18501253 0.42925003
0.094175465 0.18231869 0.42300001
0.097066 0.18081014 0.41950002
0.099475071 0.17854732 0.41425002
0.10241448 0.17736202 0.41150001
0.10504816 0.17574573 0.40775001
0.10741643 0.17380618 0.40325001
0.11018746 0.17262089 0.40050003
0.11177486 0.16971155 0.39375001
0.11456098 0.16874178 0.39150003
0.1165543 0.16669445 0.38675001
0.1186971 0.1649704 0.38275
0.12076993 0.16324635 0.37875003
0.12195373 0.16044477 0.37225002
0.12394881 0.15882847 0.36850002
0.1264822 0.15796643 0.36650002
0.12915754 0.1573199 0.36500001
0.13099079 0.1557036 0.36125001
0.13340826 0.15484159 0.35925001
0.13569576 0.1538718 0.35700002
0.13784665 0.15279427 0.35450003
0.13975501 0.15150122 0.3515
0.14181405 0.15042369 0.34900001
0.14362182 0.14913066 0.34600002
0.14569497 0.14816087 0.34375003
0.14772876 0.14719109 0.34150001
0.14928183 0.14579029 0.33825001
0.15134066 0.14492828 0.33625001
0.15279095 0.14352748 0.333
0.15476887 0.14266546 0.33100003
0.1552828 0.14051038 0.32600001
0.15716447 0.13964835 0.324
0.15814696 0.13803205 0.32025
0.16032028 0.13749328 0.31900001
0.16221607 0.13673902 0.31725001
0.16382122 0.13576925 0.31500003
0.16538697 0.13479945 0.31275001
0.16664459 0.13361417 0.31
0.16853701 0.13296765 0.30850002
0 0 0
0 0 0
0.17148024 0.12908854 0.29950002
0.1739549 0.12898077 0.29925001
0.17539264 0.12811874 0.29725
0.17664568 0.12714897 0.29500002
0.17770745 0.12607144 0.29250002
0.17872548 0.12499391 0.29000002
0.18016857 0.12423962 0.28825
0.18189792 0.12370086 0.287
0.18376605 0.12326985 0.28600001
0 0 0
0 0 0
0.18491836 0.11917523 0.27650002
0.18665963 0.1187442 0.2755
0.18872654 0.11852869 0.27500001
-0 0 0
-0 0 0
-0 0 0
-0 0 0
-0 0 0
-0 0 0
-0 0 0
-0 0 0
-0 0 0
-0 0 0
-0 0 0
-0 0 0
-0 0 0
-0 0 0
-0 0 0
-0 0 0
-0 0 0
-0 0 0
-0 0 0
-0 0 0
-0 0 0
-0 0 0
-0 0 0
-0 0 0
-0 0 0
-0 0 0
-0 0 0
-0 0 0
-0 0 0
-0 0 0
-0 0 0
-0 0 0
-0 0 0
-0 0 0
-0 0 0
-0 0 0
-0 0 0
-0 0 0
-0 0 0
-0 0 0
-0 0 0
-0 0 0
-0 0 0
-0 0 0
-0 0 0
-0 0 0
-0 0 0
-0 0 0
-0 0 0
-0 0 0
-0 0 0
-0 0 0
-0 0 0
-0 0 0
-0 0 0
-0 0 0
-0 0 0
-0 0 0
-0 0 0
-0 0 0
-0 0 0
-0 0 0
-0 0 0
-0 0 0
-0 0 0
-0 0 0
-0 0 0
-0 0 0
-0 0 0
-0 0 0
-0 0 0
-0 0 0
-0 0 0
-0 0 0
-0 0 0
-0 0 0
-0 0 0
-0 0 0
-0 0 0
-0 0 0
-0 0 0
0 0 0
0 0 0
0 0 0
0 0 0
0 0 0
0 0 0
0 0 0
0 0 0
0 0 0
0 0 0
0 0 0
0 0 0
0 0 0
0 0 0
0 0 0
0 0 0
0 0 0
0 0 0
0 0 0
0 0 0
0 0 0
0.083173752 0.19492127 0.44325003
0 0 0
0.088928685 0.19063365 0.43350002
0.091865361 0.18887463 0.42950001
0.09400849 0.18568642 0.42225003
0.097644463 0.18557648 0.42200002
0.10001537 0.18315783 0.41650003
0.10272558 0.18150873 0.41275001
0.10556342 0.18018948 0.40975001
0.10794919 0.17821059 0.40525001
0.11032502 0.17634164 0.40100002
0.11177486 0.1731534 0.39375001
0.11404889 0.17139438 0.38975
0.11670498 0.170295 0.38725001
0.11900722 0.16875586 0.38375002
0.12156709 0.16765648 0.38125002
0.12228134 0.16413844 0.37325001
0.12495788 0.16336887 0.37150002
0.12682731 0.16160984 0.36750001
0.1295114 0.16095021 0.36600003
0.131716 0.1597409 0.36325002
0.13368678 0.15831168 0.36000001
0.13636093 0.15776199 0.35875002
0.13823549 0.15633279 0.35550001
0.13985442 0.15468371 0.35175002
0.14232197 0.15402408 0.35025001
0.14414068 0.15270482 0.34725001
0.14580092 0.1512756 0.34400001
0.14783691 0.15028617 0.34175003
0.14906116 0.14852715 0.33775002
0.15111563 0.14764763 0.33575001
0.15302037 0.1466582 0.33350003
0.15511955 0.14588861 0.33175001
0.15575913 0.14379978 0.32700002
0.15752828 0.14281033 0.32475001
0.15901117 0.14160101 0.32200003
0.16032028 0.14028174 0.31900001
0.16221607 0.13951217 0.31725001
0.16408126 0.13874261 0.31550002
0.16551919 0.13764322 0.31300002
0.16664459 0.13632394 0.31
0.16853701 0.13566433 0.30850002
0 0 0
0 0 0
0 0 0
0.17351893 0.13126677 0.2985
0.17554016 0.13082702 0.29750001
0.17664568 0.12972763 0.29500002
0.17785932 0.12873818 0.29275
0.17918772 0.12785868 0.29075003
0.18032484 0.12686923 0.28850001
0.18205638 0.12631953 0.28725001
0.18392669 0.12587978 0.28625003
0.1857795 0.12544002 0.28525001
0 0 0
0.18408239 0.12104248 0.27525002
0.18682902 0.12126236 0.27575001
0.18924126 0.12126236 0.27575001
-0 0 0
-0 0 0
-0 0 0
-0 0 0
-0 0 0
-0 0 0
-0 0 0
-0 0 0
-0 0 0
-0 0 0
-0 0 0
-0 0 0
-0 0 0
-0 0 0
-0 0 0
-0 0 0
-0 0 0
-0 0 0
-0 0 0
-0 0 0
-0 0 0
-0 0 0
-0 0 0
-0 0 0
-0 0 0
-0 0 0
-0 0 0
-0 0 0
-0 0 0
-0 0 0
-0 0 0
-0 0 0
-0 0 0
-0 0 0
-0 0 0
-0 0 0
-0 0 0
-0 0 0
-0 0 0
-0 0 0
-0 0 0
-0 0 0
-0 0 0
-0 0 0
-0 0 0
-0 0 0
-0 0 0
-0 0 0
-0 0 0
-0 0 0
-0 0 0
-0 0 0
-0 0 0
-0 0 0
-0 0 0
-0 0 0
-0 0 0
-0 0 0
-0 0 0
-0 0 0
-0 0 0
-0 0 0
-0 0 0
-0 0 0
-0 0 0
-0 0 0
-0 0 0
-0 0 0
-0 0 0
-0 0 0
-0 0 0
-0 0 0
-0 0 0
-0 0 0
-0 0 0
-0 0 0
-0 0 0
-0 0 0
-0 0 0
-0 0 0
-0 0 0
0 0 0
0 0 0
0 0 0
0 0 0
0 0 0
0 0 0
0 0 0
0 0 0
0 0 0
0 0 0
0 0 0
0 0 0
0 0 0
0 0 0
0 0 0
0 0 0
0 0 0
0 0 0
0 0 0
0 0 0
0.079296224 0.19879583 0.44325003
0.083173752 0.19879583 0.44325003
0 0 0
0.088979974 0.19453511 0.43375003
0.092774391 0.19453511 0.43375003
0 0 0
0 0 0
0.1000754 0.18691067 0.41675001
0.10341001 0.18635005 0.41550002
0.10504816 0.1828742 0.40775001
0.10821557 0.18220147 0.40625003
0.10998112 0.17928624 0.39975002
0.11198777 0.17693163 0.39450002
0.11434152 0.17524979 0.39075002
0.11670498 0.17368004 0.38725001
0.1186971 0.17166181 0.38275
0.12156709 0.17098907 0.38125002
0.12252706 0.16773747 0.37400001
0.12512606 0.16684048 0.37200001
0.12743126 0.16560712 0.36925003
0.12968832 0.16437376 0.36650002
0.13235055 0.16370101 0.36500001
0.13415098 0.16201915 0.36125001
0.136646 0.16123429 0.35950002
0.13852713 0.15977667 0.35625002
0.13995381 0.15787056 0.35200003
0.14262673 0.15742207 0.35100001
0.14372559 0.15529172 0.34625003
0.14590688 0.15439472 0.34425002
0.14816135 0.15360986 0.34250003
0.14895083 0.15136737 0.33750001
0.15134066 0.15080675 0.33625001
0.15382333 0.15035826 0.33525002
0.15547024 0.14912489 0.33250001
0.15635453 0.14721879 0.32825002
0.15813462 0.14620966 0.32600001
0.15962845 0.1449763 0.32325003
0.16132542 0.14396718 0.32100001
0.16272739 0.14273381 0.31825
0.16421126 0.14161257 0.31575
0.16551919 0.14037922 0.31300002
0.16704777 0.1393701 0.31075001
0.16840042 0.13824886 0.30825001
0 0 0
0 0 0
0 0 0
0.17322828 0.13365178 0.29800001
0.17554016 0.13342753 0.29750001
0.17724447 0.13275479 0.296
0.17846689 0.13174568 0.29375002
0.17964992 0.13073656 0.2915
0.1809499 0.12983957 0.28950003
0.18221483 0.12894258 0.28750002
0.1836054 0.12815771 0.28575
0.18512821 0.12748496 0.28425002
0.18662477 0.12681222 0.28275001
0 0 0
0.18699841 0.12378488 0.27600002
0.18975598 0.12400912 0.27650002
-0 0 0
-0 0 0
-0 0 0
-0 0 0
-0 0 0
-0 0 0
-0 0 0
-0 0 0
-0 0 0
-0 0 0
-0 0 0
-0 0 0
-0 0 0
-0 0 0
-0 0 0
-0 0 0
-0 0 0
-0 0 0
-0 0 0
-0 0 0
-0 0 0
-0 0 0
-0 0 0
-0 0 0
-0 0 0
-0 0 0
-0 0 0
-0 0 0
-0 0 0
-0 0 0
-0 0 0
-0 0 0
-0 0 0
-0 0 0
-0 0 0
-0 0 0
-0 0 0
-0 0 0
-0 0 0
-0 0 0
-0 0 0
-0 0 0
-0 0 0
-0 0 0
-0 0 0
-0 0 0
-0 0 0
-0 0 0
-0 0 0
-0 0 0
-0 0 0
-0 0 0
-0 0 0
-0 0 0
-0 0 0
-0 0 0
-0 0 0
-0 0 0
-0 0 0
-0 0 0
-0 0 0
-0 0 0
-0 0 0
-0 0 0
-0 0 0
-0 0 0
-0 0 0
-0 0 0
-0 0 0
-0 0 0
-0 0 0
-0 0 0
-0 0 0
-0 0 0
-0 0 0
-0 0 0
-0 0 0
-0 0 0
-0 0 0
-0 0 0
-0 0 0
0 0 0
0 0 0
0 0 0
0 0 0
0 0 0
0 0 0
0 0 0
0 0 0
0 0 0
0 0 0
0 0 0
0 0 0
0 0 0
0 0 0
0 0 0
0 0 0
0 0 0
0 0 0
0 0 0
0 0 0
0 0 0
0 0 0
0 0 0
0 0 0
0 0 0
0 0 0
0 0 0
0.099955335 0.19032496 0.41625002
0.10328557 0.18975341 0.41500002
0.10659394 0.18918186 0.41375002
0 0 0
0.10998112 0.18278055 0.39975002
0.11227164 0.18083729 0.3955
0.11426836 0.17855111 0.39050001
0.11670498 0.17706507 0.38725001
0 0 0
0 0 0
0.12310037 0.17180686 0.37575001
0.12537833 0.17043515 0.37275001
0.1280352 0.16963498 0.37100002
0.13013065 0.16814896 0.36775002
0.13244121 0.16700587 0.36525002
0.13424382 0.16529123 0.36150002
0.136646 0.16437675 0.35950002
0.13891597 0.16334796 0.35725001
0.1409478 0.16209057 0.35450003
0.14293149 0.16083317 0.35175002
0.14393313 0.15854698 0.34675002
0.14622477 0.15774682 0.34500003
0.14859393 0.15706097 0.34350002
0.1498335 0.15523201 0.33950001
0.15145318 0.1538603 0.33650002
0.15416746 0.15363169 0.33600003
0.15593782 0.15248859 0.33350003
0.15694994 0.15065964 0.32950002
0.15849844 0.14940223 0.32675001
0.1599988 0.14814483 0.324
0.16170235 0.14711605 0.32175002
0.16272739 0.14551571 0.31825
0.16408126 0.14425832 0.31550002
0.1657836 0.14334385 0.31350002
0.16758534 0.14254369 0.31175002
0.1690833 0.1415149 0.30950001
0.17068069 0.14060041 0.3075
0 0 0
0 0 0
0.17264698 0.13579944 0.29700002
0.17539264 0.13591373 0.29725
0.17769358 0.13568512 0.29675001
0.17922632 0.13488495 0.29500002
0.17964992 0.13328463 0.2915
0.18110614 0.13248447 0.28975001
0.18237327 0.13156998 0.28775001
0.1836054 0.13065551 0.28575
0.18463975 0.12962674 0.28350002
0.18579973 0.12871225 0.28150001
0 0 0
0 0 0
0.18992753 0.12654038 0.27675
-0 0 0
-0 0 0
-0 0 0
-0 0 0
-0 0 0
-0 0 0
-0 0 0
-0 0 0
-0 0 0
-0 0 0
-0 0 0
-0 0 0
-0 0 0
-0 0 0
-0 0 0
-0 0 0
-0 0 0
-0 0 0
-0 0 0
-0 0 0
-0 0 0
-0 0 0
-0 0 0
-0 0 0
-0 0 0
-0 0 0
-0 0 0
-0 0 0
-0 0 0
-0 0 0
-0 0 0
-0 0 0
-0 0 0
-0 0 0
-0 0 0
-0 0 0
-0 0 0
-0 0 0
-0 0 0
-0 0 0
-0 0 0
-0 0 0
-0 0 0
-0 0 0
-0 0 0
-0 0 0
-0 0 0
-0 0 0
-0 0 0
-0 0 0
-0 0 0
-0 0 0
-0 0 0
-0 0 0
-0 0 0
-0 0 0
-0 0 0
-0 0 0
-0 0 0
-0 0 0
-0 0 0
-0 0 0
-0 0 0
-0 0 0
-0 0 0
-0 0 0
-0 0 0
-0 0 0
-0 0 0
-0 0 0
-0 0 0
-0 0 0
-0 0 0
-0 0 0
-0 0 0
-0 0 0
-0 0 0
-0 0 0
-0 0 0
-0 0 0
-0 0 0
0 0 0
0 0 0
0 0 0
0 0 0
0 0 0
0 0 0
0 0 0
0 0 0
0 0 0
0 0 0
0 0 0
0 0 0
0 0 0
0 0 0
0 0 0
0 0 0
0 0 0
0 0 0
0 0 0
0 0 0
0 0 0
0 0 0
0 0 0
0 0 0
0 0 0
0 0 0
0 0 0
0 0 0
0 0 0
0 0 0
0 0 0
0.1100499 0.18639134 0.40000001
0.1119168 0.18371198 0.39425001
0.11404889 0.18161507 0.38975
0.11670498 0.18045013 0.38725001
0 0 0
0.12053078 0.17613983 0.37800002
0.12301847 0.17497489 0.37550002
0.12571469 0.17415942 0.37375003
0.1283803 0.17334396 0.37200001
0.13101529 0.17252849 0.37025002
0.13253185 0.17031509 0.3655
0.13452233 0.16880067 0.36225003
0.13693108 0.16786872 0.36025003
0.13930483 0.16693676 0.35825002
0.14124601 0.16553882 0.35525003
0.14303309 0.1640244 0.35200003
0.14517841 0.16297594 0.34975001
0.14686053 0.1614615 0.34650001
0.14848578 0.15994707 0.34325001
0.15038517 0.15878212 0.34075001
0.15190326 0.1572677 0.33750001
0.15382333 0.15621926 0.33525002
0.15605471 0.15552028 0.33375001
0.15742627 0.15400586 0.33050001
0.15874097 0.15249142 0.32725
0.16012226 0.15109348 0.32425001
0.16233057 0.15051101 0.32300001
0.1636222 0.14911309 0.32000002
0.16486135 0.14771514 0.317
0.16657682 0.14678319 0.31500003
0.16798851 0.14561823 0.3125
0.16990277 0.14491928 0.31100002
0.17206833 0.14445329 0.31
0 0 0
0 0 0
0 0 0
0.17539264 0.13851206 0.29725
0.17784327 0.13839558 0.29700002
0.17937821 0.13758013 0.29525003
0.179804 0.13594919 0.29175001
0.1812624 0.13513373 0.29000002
0.18253173 0.13420178 0.28800002
0.18376605 0.13326982 0.28600001
0.18561669 0.13280384 0.28500003
0.18645975 0.13163888 0.2825
0 0 0
0 0 0
0.18975598 0.12884302 0.27650002
-0 0 0
-0 0 0
-0 0 0
-0 0 0
-0 0 0
-0 0 0
-0 0 0
-0 0 0
-0 0 0
-0 0 0
-0 0 0
-0 0 0
-0 0 0
-0 0 0
-0 0 0
-0 0 0
-0 0 0
-0 0 0
-0 0 0
-0 0 0
-0 0 0
-0 0 0
-0 0 0
-0 0 0
-0 0 0
-0 0 0
-0 0 0
-0 0 0
-0 0 0
-0 0 0
-0 0 0
-0 0 0
-0 0 0
-0 0 0
-0 0 0
-0 0 0
-0 0 0
-0 0 0
-0 0 0
-0 0 0
-0 0 0
-0 0 0
-0 0 0
-0 0 0
-0 0 0
-0 0 0
-0 0 0
-0 0 0
-0 0 0
-0 0 0
-0 0 0
-0 0 0
-0 0 0
-0 0 0
-0 0 0
-0 0 0
-0 0 0
-0 0 0
-0 0 0
-0 0 0
-0 0 0
-0 0 0
-0 0 0
-0 0 0
-0 0 0
-0 0 0
-0 0 0
-0 0 0
-0 0 0
-0 0 0
-0 0 0
-0 0 0
-0 0 0
-0 0 0
-0 0 0
-0 0 0
-0 0 0
-0 0 0
-0 0 0
-0 0 0
-0 0 0
0.00085362355 0.10289548 0.21675001
0.0027560848 0.10313283 0.21725
0 0 0
0 0 0
0 0 0
0 0 0
0 0 0
0 0 0
0 0 0
0 0 0
0 0 0
0 0 0
0 0 0
0 0 0
0 0 0
0 0 0
0 0 0
0 0 0
0 0 0
0 0 0
0 0 0
0 0 0
0 0 0
0 0 0
0 0 0
0 0 0
0 0 0
0 0 0
0 0 0
0 0 0
0 0 0
0.1100499 0.18988784 0.40000001
0 0 0
0 0 0
0 0 0
0 0 0
0.12084963 0.17991872 0.37900001
0.1237556 0.17932533 0.37775001
0.1256306 0.17730777 0.37350002
0.12855287 0.17683306 0.37250003
0.13092682 0.17564625 0.37
0.13316642 0.17434078 0.36725003
0.13498652 0.17256059 0.36350003
0.13769129 0.17196718 0.36225003
0.13959646 0.17042434 0.35900003
0.1414448 0.16888151 0.35575002
0.14262673 0.16662657 0.35100001
0.14538595 0.16627054 0.35025001
0.14781417 0.16555847 0.34875003
0.14881022 0.16330354 0.34400001
0.15071617 0.16211675 0.34150001
0.15269092 0.16104864 0.33925003
0.15451157 0.15986183 0.33675003
0.15582092 0.15820031 0.33325002
0.15754536 0.15701351 0.33075002
0.15910478 0.15570803 0.32800001
0.16073954 0.15452123 0.32550001
0.16270751 0.15369047 0.32375002
0.16438916 0.15262234 0.3215
0.16564146 0.15119819 0.31850001
0.16657682 0.14953668 0.31500003
0.16839167 0.14870591 0.31325001
0.17017592 0.14787516 0.31150001
0.17165205 0.14680704 0.30925003
0 0 0
0 0 0
0 0 0
0.17568769 0.14134777 0.29775003
0.17799297 0.14111039 0.29725
0.17968199 0.14039832 0.29575002
0.18011214 0.1387368 0.29225001
0.18157493 0.13790604 0.29050002
0.18316551 0.13719396 0.289
0.18424796 0.13612585 0.28675002
0.18643078 0.13588849 0.28625003
0.1867898 0.13434565 0.28300002
0.1874263 0.13304017 0.28025001
0 0 0
0 0 0
-0 0 0
-0 0 0
-0 0 0
-0 0 0
-0 0 0
-0 0 0
-0 0 0
-0 0 0
-0 0 0
-0 0 0
-0 0 0
-0 0 0
-0 0 0
-0 0 0
-0 0 0
-0 0 0
-0 0 0
-0 0 0
-0 0 0
-0 0 0
-0 0 0
-0 0 0
-0 0 0
-0 0 0
-0 0 0
-0 0 0
-0 0 0
-0 0 0
-0 0 0
-0 0 0
-0 0 0
-0 0 0
-0 0 0
-0 0 0
-0 0 0
-0 0 0
-0 0 0
-0 0 0
-0 0 0
-0 0 0
-0 0 0
-0 0 0
-0 0 0
-0 0 0
-0 0 0
-0 0 0
-0 0 0
-0 0 0
-0 0 0
-0 0 0
-0 0 0
-0 0 0
-0 0 0
-0 0 0
-0 0 0
-0 0 0
-0 0 0
-0 0 0
-0 0 0
-0 0 0
-0 0 0
-0 0 0
-0 0 0
-0 0 0
-0 0 0
-0 0 0
-0 0 0
-0 0 0
-0 0 0
-0 0 0
-0 0 0
-0 0 0
-0 0 0
-0 0 0
-0 0 0
-0 0 0
-0 0 0
-0 0 0
-0 0 0
-0 0 0
-0.0010304705 0.10358149 0.21425001
0.00085362355 0.10479014 0.21675001
0.0027592564 0.10515273 0.21750002
0 0 0
0 0 0
0 0 0
0 0 0
0 0 0
0 0 0
0 0 0
0 0 0
0 0 0
0 0 0
0 0 0
0 0 0
0 0 0
0 0 0
0 0 0
0 0 0
0 0 0
0 0 0
0 0 0
0 0 0
0 0 0
0 0 0
0 0 0
0 0 0
0 0 0
0 0 0
0 0 0
0 0 0
0 0 0
0 0 0
0 0 0
0 0 0
0 0 0
0 0 0
0.1221251 0.18516549 0.38300002
0.12441082 0.18359426 0.37975001
0.12521015 0.1799683 0.37225002
0.12855287 0.18008918 0.37250003
0.13128068 0.17936397 0.37100002
0.13334772 0.17779273 0.36775002
0.13535787 0.17622148 0.36450002
0.13788134 0.17537542 0.36275002
0.13920762 0.17307897 0.35800001
0.1418424 0.17247465 0.35675001
0.14303309 0.17017822 0.35200003
0.14548972 0.16945302 0.35050002
0.14781417 0.16860697 0.34875003
0.14924282 0.16679399 0.34500003
0.15126784 0.1657062 0.34275001
0.15291595 0.16425583 0.33975002
0.15508512 0.16340977 0.33800003
0.15687297 0.16220111 0.3355
0.15814076 0.16050901 0.33200002
0.15922606 0.15869603 0.32825002
0.16073954 0.1573665 0.32550001
0.16283314 0.1566413 0.324
0.16426136 0.15531179 0.32125002
0.16642156 0.15470748 0.32000002
0.16697343 0.15265276 0.31575
0.16852607 0.15156497 0.31350002
0.17031251 0.15071893 0.31175002
0.17109698 0.1490268 0.30825001
0 0 0
0 0 0
0 0 0
0.17568769 0.14395048 0.29775003
0.17799297 0.14370872 0.29725
0.17953008 0.14286268 0.29550001
0.18042028 0.14153315 0.29275
0.18188745 0.14068711 0.29100001
0.18348242 0.13996191 0.28950003
0.18472986 0.13899499 0.28750002
0.18594232 0.13802807 0.28550002
0.1871198 0.13706115 0.28350002
0.18842947 0.13621509 0.28175002
0 0 0
0 0 0
-0 0 0
-0 0 0
-0 0 0
-0 0 0
-0 0 0
-0 0 0
-0 0 0
-0 0 0
-0 0 0
-0 0 0
-0 0 0
-0 0 0
-0 0 0
-0 0 0
-0 0 0
-0 0 0
-0 0 0
-0 0 0
-0 0 0
-0 0 0
-0 0 0
-0 0 0
-0 0 0
-0 0 0
-0 0 0
-0 0 0
-0 0 0
-0 0 0
-0 0 0
-0 0 0
-0 0 0
-0 0 0
-0 0 0
-0 0 0
-0 0 0
-0 0 0
-0 0 0
-0 0 0
-0 0 0
-0 0 0
-0 0 0
-0 0 0
-0 0 0
-0 0 0
-0 0 0
-0 0 0
-0 0 0
-0 0 0
-0 0 0
-0 0 0
-0 0 0
-0 0 0
-0 0 0
-0 0 0
-0 0 0
-0 0 0
-0 0 0
-0 0 0
-0 0 0
-0 0 0
-0 0 0
-0 0 0
-0 0 0
-0 0 0
-0 0 0
-0 0 0
-0 0 0
-0 0 0
-0 0 0
-0 0 0
-0 0 0
-0 0 0
-0 0 0
-0 0 0
-0 0 0
-0 0 0
-0 0 0
-0 0 0
-0 0 0
-0 0 0
-0 0 0
0 0 0
0 0 0
0 0 0
0 0 0
0 0 0
0 0 0
0 0 0
0 0 0
0 0 0
0 0 0
0 0 0
0 0 0
0 0 0
0 0 0
0 0 0
0 0 0
0 0 0
0 0 0
0 0 0
0 0 0
0 0 0
0 0 0
0 0 0
0 0 0
0 0 0
0 0 0
0 0 0
0 0 0
0 0 0
0 0 0
0 0 0
0 0 0
0 0 0
0 0 0
0 0 0
0 0 0
0 0 0
0.12506606 0.18789814 0.38175002
0 0 0
0.12889796 0.18383747 0.37350002
0.131723 0.18322222 0.37225002
0.13352901 0.1812534 0.36825001
0.13582206 0.18002291 0.36575001
0.13759625 0.17817715 0.36200002
0.13998531 0.17719275 0.36000001
0.14194179 0.17571615 0.35700002
0.14415053 0.17460868 0.35475001
0.14590481 0.17300902 0.3515
0.14770819 0.17153242 0.34850001
0.14913467 0.16968666 0.34475002
0.15115751 0.16857922 0.34250003
0.15224083 0.16648735 0.33825001
0.15462628 0.1658721 0.33700001
0.15722366 0.16550294 0.33625001
0.15897433 0.16427244 0.33375001
0.15910478 0.16144228 0.32800001
0.16073954 0.16021177 0.32550001
0.16220492 0.15885821 0.32275
0.16387786 0.15775076 0.32050002
0.16603151 0.15713552 0.31925002
0.16710563 0.15553585 0.31600001
0.16879486 0.15455145 0.31400001
0.17017592 0.15332094 0.31150001
0.17123576 0.15184434 0.30850002
0.17322974 0.15122908 0.30725002
0 0 0
0 0 0
0 0 0
0.17739418 0.14581487 0.29625002
0.17907442 0.14507656 0.29475001
0.18088251 0.1444613 0.29350001
0.18251249 0.14372301 0.29200003
0.18364085 0.14261554 0.28975001
0.18472986 0.1415081 0.28750002
0.18626796 0.14076979 0.28600001
0.18777983 0.14003149 0.2845
0.18893105 0.13904707 0.2825
0 0 0
0 0 0
-0 0 0
-0 0 0
-0 0 0
-0 0 0
-0 0 0
-0 0 0
-0 0 0
-0 0 0
-0 0 0
-0 0 0
-0 0 0
-0 0 0
-0 0 0
-0 0 0
-0 0 0
-0 0 0
-0 0 0
-0 0 0
-0 0 0
-0 0 0
-0 0 0
-0 0 0
-0 0 0
-0 0 0
-0 0 0
-0 0 0
-0 0 0
-0 0 0
-0 0 0
-0 0 0
-0 0 0
-0 0 0
-0 0 0
-0 0 0
-0 0 0
-0 0 0
-0 0 0
-0 0 0
-0 0 0
-0 0 0
-0 0 0
-0 0 0
-0 0 0
-0 0 0
-0 0 0
-0 0 0
-0 0 0
-0 0 0
-0 0 0
-0 0 0
-0 0 0
-0 0 0
-0 0 0
-0 0 0
-0 0 0
-0 0 0
-0 0 0
-0 0 0
-0 0 0
-0 0 0
-0 0 0
-0 0 0
-0 0 0
-0 0 0
-0 0 0
-0 0 0
-0 0 0
-0 0 0
-0 0 0
-0 0 0
-0 0 0
-0 0 0
-0 0 0
-0 0 0
-0 0 0
-0 0 0
-0 0 0
-0 0 0
-0 0 0
-0 0 0
-0 0 0
0 0 0
0 0 0
0 0 0
0 0 0
0 0 0
0 0 0
0 0 0
0 0 0
0 0 0
0 0 0
0 0 0
0 0 0
0 0 0
0 0 0
0 0 0
0 0 0
0 0 0
0 0 0
0 0 0
0 0 0
0 0 0
0 0 0
0 0 0
0 0 0
0 0 0
0 0 0
0 0 0
0 0 0
0 0 0
0 0 0
0 0 0
0 0 0
0 0 0
0 0 0
0 0 0
0 0 0
0 0 0
0.12506606 0.1912351 0.38175002
0 0 0
0.12941563 0.18785374 0.37500003
0.13207686 0.18697707 0.37325001
0.13389163 0.18497331 0.36925003
0.13610058 0.1835957 0.36650002
0.1389266 0.18309475 0.3655
0 0 0
0 0 0
0.14476004 0.17846105 0.35625002
0.14569727 0.17583108 0.35100001
0 0 0
0.14881022 0.17232448 0.34400001
0.15071617 0.17107213 0.34150001
0.15269092 0.16994502 0.33925003
0.15439686 0.1685674 0.33650002
0.15675609 0.16794123 0.33525002
0.15825985 0.1664384 0.33225003
0.15934731 0.16455986 0.3285
0.16073954 0.16305703 0.32550001
0.16295879 0.16243085 0.32425001
0.16375002 0.16042708 0.32025
0.16564146 0.15955043 0.31850001
0.16737004 0.15854853 0.31650001
0.16879486 0.15729618 0.31400001
0.17072223 0.15654476 0.3125
0.1722071 0.15541765 0.31025001
0.17379354 0.15441576 0.30825001
0 0 0
0 0 0
0 0 0
0 0 0
0.17922632 0.14777827 0.29500002
0.18134473 0.14740255 0.29425001
0.18313754 0.14677638 0.29300001
0.18253173 0.14427166 0.28800002
0.18408732 0.14352024 0.28650001
0.18626796 0.14326978 0.28600001
0.18744981 0.14226788 0.28400001
0.18926546 0.14176695 0.28300002
0.19123296 0.14139123 0.28225002
0 0 0
-0 0 0
-0 0 0
-0 0 0
-0 0 0
-0 0 0
-0 0 0
-0 0 0
-0 0 0
-0 0 0
-0 0 0
-0 0 0
-0 0 0
-0 0 0
-0 0 0
-0 0 0
-0 0 0
-0 0 0
-0 0 0
-0 0 0
-0 0 0
-0 0 0
-0 0 0
-0 0 0
-0 0 0
-0 0 0
-0 0 0
-0 0 0
-0 0 0
-0 0 0
-0 0 0
-0 0 0
-0 0 0
-0 0 0
-0 0 0
-0 0 0
-0 0 0
-0 0 0
-0 0 0
-0 0 0
-0 0 0
-0 0 0
-0 0 0
-0 0 0
-0 0 0
-0 0 0
-0 0 0
-0 0 0
-0 0 0
-0 0 0
-0 0 0
-0 0 0
-0 0 0
-0 0 0
-0 0 0
-0 0 0
-0 0 0
-0 0 0
-0 0 0
-0 0 0
-0 0 0
-0 0 0
-0 0 0
-0 0 0
-0 0 0
-0 0 0
-0 0 0
-0 0 0
-0 0 0
-0 0 0
-0 0 0
-0 0 0
-0 0 0
-0 0 0
-0 0 0
-0 0 0
-0 0 0
-0 0 0
-0 0 0
-0 0 0
-0 0 0
-0 0 0
0 0 0
0 0 0
0 0 0
0 0 0
0 0 0
0 0 0
0 0 0
0 0 0
0 0 0
0 0 0
0 0 0
0 0 0
0 0 0
0 0 0
0 0 0
0 0 0
0 0 0
0 0 0
0 0 0
0 0 0
0 0 0
0 0 0
0 0 0
0 0 0
0 0 0
0 0 0
0 0 0
0 0 0
0 0 0
0 0 0
0 0 0
0 0 0
0 0 0
0 0 0
0 0 0
0 0 0
0 0 0
0 0 0
0 0 0
0 0 0
0.13189992 0.1899849 0.37275001
0.13479814 0.18947522 0.37175003
0.13702896 0.18807359 0.36900002
0 0 0
0 0 0
0 0 0
0.14486164 0.18170254 0.35650003
0 0 0
0.14770819 0.17762506 0.34850001
0.15064871 0.17749763 0.34825
0.15060583 0.17392984 0.34125
0.15336603 0.173675 0.34075001
0.15554394 0.17278306 0.33900002
0.15663917 0.17074431 0.33500001
0.158498 0.16959754 0.33275002
0.16056001 0.16870558 0.33100003
0.16135682 0.16653942 0.32675001
0.163587 0.16590232 0.32550001
0.16502832 0.16450067 0.32275
0.16590148 0.16258936 0.31900001
0.16750225 0.16144258 0.31675002
0.16906363 0.16029578 0.3145
0.17085882 0.15940383 0.31275001
0.1730397 0.15889415 0.31175002
0.17506211 0.15825705 0.31050003
0 0 0
0 0 0
0 0 0
0 0 0
0.17953008 0.15061177 0.29550001
0.18180695 0.15035693 0.29500002
0.18376257 0.14984724 0.294
0.18395774 0.14793593 0.29025
0.18440858 0.14627945 0.287
0.18561669 0.1452601 0.28500003
0.18695478 0.14436814 0.28325
0.18909825 0.1441133 0.28275001
0.19055542 0.14334877 0.28125
0.1925011 0.14296651 0.28050002
